candidate_id	channel_score	label_hint	ayah_count	root_count	branch_count	edge_count	mean_affinity	density	reciprocal_edge_ratio	strong_rank_ratio	ayahs	roots	top_facets	example_edge
C001	0.8253	stay / residence / delay / time_measure_quantity/time	59	12	13	26	0.06547547	0.3377	1.0	0.7308	1,3,4,5,8,9,12,13,17,20,21,23,24,25,27,28,29,30,35,37,38,39,40,44,46,48,52,53,54,55,57,58,59,60,62,65,66,74,76,78,79,80,84,85,87,90,93,95,96,97,98,99,100,101,102,103,104,106,108	ء ر ض ء ي ي ث ب ت ر ب ب ع ب د ق و م ك ذ ب ل ب ث ل د ن ل و م م ك ث ن ظ ر	kw:stay(74.9722); kw:residence(63.0508); kw:delay(63.0508); theme:time_measure_quantity/time(62.784); kw:pause(62.7642); kw:waiting(43.4363); kw:persistence(38.2751); theme:space_form_boundary/place_location(37.4702)	ل ب ث:B001:المكث في الموضع → م ك ث:B001:ثبات مع انتظار
C002	0.8146	mating / estrus / reproduction / breeding	48	13	13	26	0.06337524	0.3333	1.0	0.7692	1,2,5,6,7,8,9,12,14,16,18,22,26,29,30,33,39,41,44,45,46,48,55,56,59,60,64,71,77,78,80,81,82,85,88,89,92,93,95,99,101,102,104,105,106,107,108,110	ء ت ي ب س ط ج ع ل ح ر م ح ق ق ح و ل س م و س ن ن س ن و ص ر ف ض ر ب ق ر ء و ع د	kw:mating(111.4102); kw:estrus(78.4553); kw:reproduction(61.1919); kw:breeding(57.9151); kw:desire(56.483); kw:sexuality(53.2649); kw:livestock(47.6591); kw:fertility(42.5584)	س ن و:B010:تسنّي البعير للناقة → س ن ن:B007:إكباب بدفع أو عض
C003	0.8063	residence / delay / stay / space_form_boundary/place_location	82	15	17	31	0.06447438	0.2313	1.0	0.7742	1,3,4,5,8,9,11,12,13,15,17,18,19,20,21,22,23,24,25,26,27,28,29,30,31,32,33,34,35,36,38,39,40,42,44,46,47,48,49,50,51,52,53,54,55,57,58,59,60,62,65,66,67,72,73,74,76,78,79,80,81,82,83,84,85,86,87,88,91,93,95,96,97,98,100,101,102,104,105,106,108,111	ء ل ي ء ي ي ث ب ت ر ب ب س ك ن ق ع د ق و م ك و ن ل ب ث ل د ن ل ز م ل و م م ك ث ن ز ل ن ظ ر	kw:residence(88.2711); kw:delay(75.661); kw:stay(74.9722); theme:space_form_boundary/place_location(71.1934); kw:pause(62.7642); theme:time_measure_quantity/time(59.0908); kw:waiting(57.9151); kw:station(55.7051)	ل ب ث:B001:المكث في الموضع → م ك ث:B001:ثبات مع انتظار
C004	0.7955	plant / herb / ecology / agriculture_food/plant_vegetation	50	14	14	28	0.06080826	0.3077	0.9643	0.7857	1,3,4,8,11,12,17,18,19,20,23,24,25,27,28,29,30,38,39,40,42,46,47,51,54,55,57,60,62,64,65,66,67,69,73,74,77,78,79,80,83,84,85,86,87,93,100,102,108,110	ء ل ي ذ ن ب ر ب ب ر ج ل ر و ح س ن ن س ن و ش ج ر ش ر ر ش ك ر ص ل و ص ل ي ع ج ل ن ف ل	kw:plant(140.6206); kw:herb(101.1696); kw:ecology(71.6169); theme:agriculture_food/plant_vegetation(70.1838); kw:vegetation(68.7031); kw:nature(46.2124); kw:grass(41.5754); kw:pasture(34.5965)	ص ل ي:B010:الصِّليان نبت ترعاه الإبل → ص ل و:B009:الصِّليان نبت ترعاه الإبل
C005	0.7943	worship / submission / ritual_belief/religion_worship / prayer	62	11	17	43	0.06006481	0.3386	0.9767	0.5581	1,3,5,7,9,11,13,15,17,18,19,20,23,25,26,27,30,31,32,33,34,35,36,38,42,43,44,48,49,50,51,53,57,58,61,62,64,65,66,67,72,77,78,79,81,83,87,88,91,92,93,95,96,97,98,100,104,107,108,109,110,111	خ ش ع س ب ح س ج د س ك ن ص ل و ص ل ي ط و ع ع ب د ق ب ل ق و م ك و ن	kw:worship(137.9398); kw:submission(107.9506); theme:ritual_belief/religion_worship(106.7244); kw:prayer(68.647); kw:prostration(67.0762); kw:obedience(66.4155); kw:humility(58.6776); kw:devotion(53.335)	ص ل ي:B001:الصلاة عبادة لازمة → ص ل و:B003:العبادة المخصوصة
C006	0.7931	creation / production / existence / origination	77	12	12	13	0.06165979	0.197	1.0	0.9231	2,3,4,5,6,7,8,11,12,13,14,15,18,19,20,22,23,25,26,27,29,30,31,32,33,34,35,36,38,39,40,42,44,45,46,49,50,51,52,53,57,58,59,60,61,62,64,66,67,68,69,70,71,72,75,76,77,78,80,81,83,86,87,88,91,93,95,96,97,98,99,100,101,103,104,108,111	ء و ل ب ح ر ب ن ي ج ع ل خ ل ق ف ز ز ف ط ر ق ض ي ك و ن و ج د و ل د ي و م	kw:creation(110.3431); kw:production(72.8591); kw:existence(60.4627); kw:origination(47.5952); kw:event(41.1882); kw:making(34.884); kw:ontology(28.6095); kw:causality(28.6095)	خ ل ق:B002:إبداع الخلق وإيجاده → ف ط ر:B002:إيجاد وابتداء
C007	0.7912	submission / obedience / ritual_belief/religion_worship / humility	68	15	15	31	0.0578603	0.2952	0.9677	0.6129	1,2,3,5,7,8,11,15,17,18,19,20,23,24,25,26,27,29,30,31,32,33,34,36,38,42,44,48,49,50,51,52,53,56,57,58,61,62,64,65,66,67,68,69,72,74,76,78,81,83,85,87,88,89,91,93,95,96,97,98,99,100,104,107,108,109,110,111	خ س ف خ ش ع د و ن ذ ل ل س ج د س ك ن ص غ ر ص ل و ص ل ي ط و ع ع ب د ق ل ل ك ف ر ك و ن ي د ي	kw:submission(175.4197); kw:obedience(79.6986); theme:ritual_belief/religion_worship(76.8415); kw:humility(73.347); kw:abasement(62.1239); kw:humiliation(56.5787); kw:bowing(51.232); kw:prostration(50.3071)	ص ل ي:B001:الصلاة عبادة لازمة → ص ل و:B003:العبادة المخصوصة
C008	0.7889	language / tongue / expression / speech	49	11	11	16	0.05619129	0.2909	1.0	0.875	8,12,16,23,24,28,29,30,33,34,37,40,41,42,43,44,45,46,47,49,50,51,53,56,60,61,62,63,65,78,80,81,84,85,88,90,93,94,95,96,98,100,101,102,104,107,108,110,111	ب س ط ب ل غ ب ي ن ح ص ر ذ ك ر س ل ط ش ه د ف ص ل ق و ل ل ف ف ل ك ن	kw:language(91.0338); kw:tongue(90.724); kw:expression(75.2399); kw:speech(46.9208); kw:clarity(39.1426); kw:rhetoric(35.4695); theme:language_communication/language_speech(35.3585); kw:communication(34.4753)	ف ص ل:B004:لسان يفصل الأمور بالبيان → ق و ل:B002:اللسان آلة القول
C009	0.786	victory / competition / contest / dominance	56	15	16	45	0.06012526	0.3782	0.9778	0.5333	1,4,5,7,9,15,16,19,20,21,23,24,28,31,33,40,42,43,46,47,49,50,51,53,56,57,59,60,61,62,63,67,68,70,80,81,84,85,87,88,90,93,94,95,96,97,98,100,101,102,104,107,108,109,110,111	ب ر ر ب ك ي ج ز ي ج ي ء ح ر م خ و ف س ع ي ظ ه ر ع ط و ع ل و ق و ل ك ب ر ك ر م و ز ر و ل ي	kw:victory(180.1601); kw:competition(138.1373); kw:contest(96.1057); kw:dominance(95.257); kw:rivalry(83.1508); kw:comparison(63.9861); theme:conflict_security/conflict(62.0642); kw:conquest(60.9791)	ع ل و:B004:الغلبة والاستيلاء → ظ ه ر:B007:العلو والغلبة
C010	0.7841	settlement / residence / space_form_boundary/place_location / stay	83	13	13	14	0.0614861	0.1795	1.0	0.8571	2,3,4,5,8,9,11,12,13,15,16,17,18,19,20,23,24,25,26,27,28,30,31,32,33,34,35,36,37,38,39,40,42,44,46,48,49,50,51,52,53,54,55,57,58,59,60,62,64,65,66,67,71,72,75,76,78,79,80,81,83,84,85,87,88,90,91,92,93,95,96,97,98,99,100,101,102,103,104,107,108,110,111	ء ت ي ء ر ض ب غ ي ت ر ف ح م د ر ب ب ط و ع ق و م ك و ن ل ب ث ن ب و ن ص ر ن ع م	kw:settlement(51.5428); kw:residence(50.4406); theme:space_form_boundary/place_location(48.7113); kw:stay(44.9833); kw:comfort(39.7012); kw:suitability(30.4895); kw:abode(30.4895); kw:station(27.8525)	ك و ن:B002:المكان والمكانة من الكون → ق و م:B006:مقام وإقامة في موضع
C011	0.7839	sufficiency / surety / guarantee / provision	63	13	15	28	0.06706772	0.2745	1.0	0.6429	2,3,5,9,11,12,13,14,15,17,18,19,20,23,25,27,30,31,32,33,34,35,36,37,38,42,44,46,49,50,51,53,54,56,57,58,62,63,65,66,67,68,70,72,77,78,79,81,83,86,87,88,91,92,93,95,96,97,98,100,107,108,111	ب ل غ ج ز ي ح س ب ح م ل ز ج و ز ع م ش ك ر ق ب ل ق و م ك ف ي ك و ن و ك ل و ل ي	kw:sufficiency(81.301); kw:surety(63.4603); kw:guarantee(61.531); kw:provision(56.6699); kw:liability(52.3699); kw:ration(47.0731); kw:adequacy(46.5929); kw:guardianship(45.3471)	ح س ب:B003:الكفاية والإغناء → ك ف ي:B002:القول بأن الشيء حسب وكاف
C012	0.7818	residence / space_form_boundary/place_location / stay / station	74	11	13	17	0.06299702	0.2237	1.0	0.7647	3,5,8,9,11,12,13,15,17,18,19,20,22,23,24,25,26,27,28,29,30,31,32,33,34,35,36,38,39,40,42,44,46,49,50,51,52,53,54,55,57,58,60,62,65,66,67,71,72,74,76,78,79,80,81,82,83,84,85,87,88,91,93,95,96,97,98,100,102,104,105,106,108,111	ء م م ث ب ت ر ب ب س ك ن ق ع د ق و م ك و ن ل ب ث م ك ث ن ز ل ن ع م	kw:residence(75.661); theme:space_form_boundary/place_location(67.4464); kw:stay(59.9777); kw:station(55.7051); kw:settlement(51.5428); kw:abode(45.7343); kw:posture(45.0396); kw:place(41.2343)	ل ب ث:B001:المكث في الموضع → م ك ث:B001:ثبات مع انتظار
C013	0.7808	plant / herb / pasture / ecology	45	17	17	43	0.06041605	0.3162	0.9302	0.7209	3,8,11,12,17,18,19,20,23,24,25,27,28,29,30,38,39,40,44,46,47,53,54,55,57,60,64,65,66,68,69,76,78,79,80,83,84,85,87,91,93,100,102,108,110	ج ن ب ح س ر ح ل م خ ل ف ذ ن ب ر ب ب ر ج ل ر و ح س ن و ش ر ر ش ك ر ص ل و ص ل ي ع ج ل ع د و ع ن ب ن ف ل	kw:plant(140.6206); kw:herb(126.462); kw:pasture(103.7895); kw:ecology(102.3099); theme:agriculture_food/plant_vegetation(93.5784); kw:vegetation(80.1537); theme:agriculture_food/pasture_forage(57.3368); kw:grass(55.4339)	ص ل ي:B010:الصِّليان نبت ترعاه الإبل → ص ل و:B009:الصِّليان نبت ترعاه الإبل
C014	0.7807	perfume / fragrance / cognition_perception/perception / craft_material_built/ornament_beauty	30	10	10	16	0.06308457	0.3556	1.0	0.75	1,3,5,8,10,13,15,17,23,27,30,40,49,51,53,54,57,58,61,65,67,69,70,78,85,89,96,98,99,100	ء ن ث خ ل ق د ل ك ر و ح ط ي ب ع ب د ع ذ ب ق ت ر ك ف ر ن ش ر	kw:perfume(110.3431); kw:fragrance(91.3328); theme:cognition_perception/perception(56.0028); theme:craft_material_built/ornament_beauty(51.7713); kw:aroma(44.0082); kw:scent(43.1696); kw:smell(31.7301); kw:odor(30.7655)	ء ن ث:B007:طيب النساء المؤنث → خ ل ق:B010:الخلوق والتخليق بالطيب
C015	0.78	reservoir / pool / basin / hydrology	58	16	17	48	0.05826426	0.3556	0.9375	0.5208	1,2,5,6,7,8,12,16,17,18,20,22,23,24,25,27,28,29,30,33,36,38,39,40,46,47,49,51,54,55,57,58,60,61,65,66,67,70,73,75,79,80,81,83,84,85,87,93,94,98,99,100,101,102,104,107,108,111	ء ج ل ء خ ذ ب ح ر ب ر ك ج ي ء خ ل ق ذ م م ر ب ب ع د د ع ل م ق ر ي ق ع د ك ر ر م س ك ن ء ي ن ص ر	kw:reservoir(119.9555); kw:pool(114.438); kw:basin(101.4632); kw:hydrology(96.8701); kw:storage(86.9215); theme:land_water_sky/water_hydrology(77.5566); kw:well(75.0347); kw:collection(54.2007)	ر ب ب:B013:ماء رَبَب كثير → ع ل م:B005:ماء كثير مجتمع في عيلم
C016	0.7789	excess / transgression / exclusion / limit	50	12	14	33	0.06008307	0.3708	0.9394	0.6061	3,5,11,12,15,18,19,20,25,27,28,30,31,32,33,34,36,38,41,42,44,49,50,51,53,57,58,60,65,66,67,72,73,78,81,82,83,87,88,91,93,95,96,97,98,100,108,109,110,111	ب غ ي خ ط ء ز ه ق ز ي د س ر ف ط غ و ط غ ي ع د و غ ي ر ف ح ش ك و ن ل ي س	kw:excess(77.5108); kw:transgression(69.6314); kw:exclusion(55.7051); kw:limit(53.7561); kw:exception(48.1671); kw:aggression(44.0082); kw:oppression(43.1696); kw:logic(41.1882)	ب غ ي:B003:تجاوز الحد بالعدوان والظلم → ع د و:B001:مجاوزة الحد والظلم
C017	0.7789	creation / existence / production / exclusion	77	13	13	16	0.05832094	0.2051	1.0	0.8125	1,2,3,4,5,6,7,8,11,12,13,14,15,18,19,20,22,23,25,27,29,30,31,32,33,34,36,38,39,42,44,45,46,49,50,51,52,53,57,58,59,60,61,62,64,65,66,67,68,69,70,71,72,73,74,75,76,77,78,80,81,83,86,87,88,91,93,95,96,97,98,99,100,101,108,110,111	ء ي ي ب ي ن ج ع ل خ ل ق ع د و غ ي ر ك و د ك و ن ل ي س م ر ر و ج د و ل د ي و م	kw:creation(68.9644); kw:existence(60.4627); kw:production(58.2873); kw:exclusion(55.7051); kw:event(54.9176); kw:exception(48.1671); kw:logic(41.1882); kw:time(36.0591)	ل ي س:B002:ليس استثناء يخرج المذكور → ع د و:B004:المجاوزة والاستثناء والصرف
C018	0.7785	group / kinship_society/household_community / multitude / crowd	59	17	17	47	0.05756561	0.3456	0.8511	0.5532	6,8,9,11,12,13,17,20,23,24,25,27,28,29,30,35,36,37,38,39,40,44,46,49,53,54,55,57,58,60,62,65,66,67,71,77,78,79,80,83,84,85,87,88,89,91,92,93,94,97,98,100,102,103,104,106,107,108,110	ء م م ء ن س ج ب ل ج م ع ج ن ن ج ه ر ر ب ب ع ظ م ع ن ق غ ف ر ف ر ق ق ب ل ق و م ك ر ر ك ل ل ل ف ف و ق ر	kw:group(121.355); theme:kinship_society/household_community(83.8539); kw:multitude(80.6342); kw:crowd(76.5503); kw:society(72.7249); kw:demography(59.5205); kw:people(55.1716); theme:time_measure_quantity/quantity_number(47.0877)	و ق ر:B006:وقير من الغنم → ف ر ق:B005:فرقة وفريق وقطيع منفصل
C019	0.778	rain / fertility / land_water_sky/weather_climate / sky	55	17	17	45	0.06049958	0.3309	0.9111	0.5111	3,8,12,13,16,17,19,20,23,24,25,26,27,28,30,31,32,33,34,37,38,39,40,42,44,46,48,54,55,57,58,60,62,64,65,66,70,72,75,76,79,80,84,85,87,92,93,95,97,99,100,102,108,110,111	ب غ ي ح م ل ح ي ي خ ر ج خ ي ل ر ب ب ر ز ق س ب ل س م و ش ك ر ع ه د ك ر م م ر ح ن ش ر ن ص ر ه ل ك و ل ي	kw:rain(142.1691); kw:fertility(85.1167); theme:land_water_sky/weather_climate(82.9565); kw:sky(59.8663); kw:weather(56.9182); kw:renewal(54.4326); kw:ecology(51.155); kw:cloud(49.8887)	و ل ي:B010:مطر يلي الوسمي → ع ه د:B007:مطر يتعاهد الأرض بعد بلل أو في أوائل الوسمي
C020	0.7771	group / band / kinship_society/household_community / people	53	17	17	43	0.05914443	0.3162	0.9302	0.6047	6,8,9,12,13,17,20,23,24,25,27,28,29,30,35,36,38,39,40,41,46,54,55,57,58,60,62,64,65,66,71,75,77,78,79,80,84,85,87,88,89,91,92,93,97,100,102,103,104,106,107,108,110	ء م م ج م ع ج ن ن ج ه ر ح ن ك ح ي ي خ ي ل د ل ك ر ب ب ع ن ق ف ر ق ق ب ل ق و م ك ر ر ك ل ل ل ف ف ن ف ر	kw:group(133.4905); kw:band(71.9494); theme:kinship_society/household_community(69.2706); kw:people(68.9644); kw:community(67.4508); kw:crowd(63.7919); kw:society(62.3356); kw:multitude(53.7561)	ق ب ل:B009:جماعة يقبل بعضها على بعض → ح ي ي:B010:الحي جماعة النسب والقبيلة
C021	0.7769	victory / competition / contest / rivalry	50	13	16	38	0.06067647	0.3276	1.0	0.5789	2,4,5,7,9,12,15,18,19,20,21,23,26,30,31,36,37,43,44,51,54,55,57,59,60,62,63,65,70,71,74,76,81,85,86,87,88,90,92,94,95,98,99,101,102,103,104,107,109,111	ء ت ي ء ر ض ب ك ي ج ز ي ج ي ء خ و ف س ع ي ش ي ء ع ط و ك ب ر ك ر م ل ي س و ز ر	kw:victory(124.7262); kw:competition(103.603); kw:contest(96.1057); kw:rivalry(83.1508); kw:dominance(68.0407); kw:comparison(63.9861); theme:conflict_security/conflict(62.0642); kw:coming(50.3071)	ء ت ي:B001:الإتيان والمجيء → ج ي ء:B001:المجيء والحصول
C022	0.7768	rain / land_water_sky/weather_climate / sky / cloud	53	17	17	48	0.05972333	0.3529	0.9167	0.5208	3,8,12,13,17,20,23,24,25,26,27,28,30,31,32,33,34,38,39,40,42,44,46,48,54,55,57,60,63,64,65,66,68,70,72,75,76,79,80,84,85,86,87,92,93,95,97,99,100,102,108,110,111	ج ل ب ح م ل ح ي ي خ ر ج خ س ف خ ط ء خ ي ل ذ ه ب ر ب ب ر ز ق س ب ل س م و ع م ي ع ه د ن ش ر ن ص ر و ل ي	kw:rain(142.1691); theme:land_water_sky/weather_climate(90.8571); kw:sky(83.8128); kw:cloud(74.8331); kw:fertility(63.8376); kw:shower(58.2873); kw:season(48.6555); kw:weather(47.4318)	و ل ي:B010:مطر يلي الوسمي → ع ه د:B007:مطر يتعاهد الأرض بعد بلل أو في أوائل الوسمي
C023	0.776	group / society / band / multitude	56	16	17	47	0.05723841	0.3481	0.8936	0.5745	6,8,11,12,13,17,20,23,24,25,27,28,29,30,36,37,38,39,40,46,47,53,54,55,56,57,58,60,62,64,65,66,67,71,77,79,80,83,84,85,87,88,89,91,92,93,94,97,100,102,103,104,106,107,108,110	ء م م ء ن س ج ب ل ج م ع ج ن ن ج ه ر ح ن ك ر ب ب ر ج ل ض ر ر ع ن ق ف ر ق ق ب ل ك ر ر ك ل ل ل ف ف	kw:group(109.2195); kw:society(72.7249); kw:band(71.9494); kw:multitude(67.1951); kw:crowd(63.7919); theme:kinship_society/household_community(54.6873); kw:cluster(53.7561); kw:community(44.9672)	ج م ع:B002:جماعة اجتمعت أو أخلاط ضمتها الجهة → ل ف ف:B003:أخلاط تلتف في جماعة واحدة
C024	0.7754	reservoir / basin / pool / storage	54	16	17	47	0.05864424	0.3481	0.9574	0.5106	1,2,4,5,6,7,9,12,13,14,16,17,25,26,32,34,36,40,41,45,46,47,49,51,54,55,57,58,60,61,66,67,70,71,73,78,81,82,84,85,88,89,93,94,98,99,100,101,102,103,104,106,107,111	ء ج ل ء خ ذ ب ح ر ب ر ك ج م ع ج ي ء خ ل ق ع د د ع ل م ق ر ء ق ر ب ق ر ن ق ر ي ك ت ب ك ر ر م س ك	kw:reservoir(119.9555); kw:basin(114.1461); kw:pool(100.1333); kw:storage(86.9215); kw:collection(81.301); kw:hydrology(75.3434); theme:land_water_sky/water_hydrology(59.0908); kw:settlement(51.5428)	ق ر ء:B001:جمع واجتماع → ق ر ي:B002:جمع ماء أو شيء في مستقر
C025	0.7749	law_governance/authority_governance / power / hierarchy / governance	63	12	15	25	0.06117273	0.2451	1.0	0.76	1,3,5,8,12,16,17,20,23,24,25,27,28,29,30,33,38,39,40,42,43,46,47,49,50,51,53,54,55,56,57,60,61,62,63,65,66,69,73,79,80,81,84,85,86,87,88,90,92,93,94,95,96,98,99,100,101,102,104,107,108,110,111	ء م ر ت ب ع ح ص ر ر ب ب س ل ط ع ب د ع ر ش ق د ر ق و ل م ل ك و ح ي ي د ي	theme:law_governance/authority_governance(102.3528); kw:power(76.4806); kw:hierarchy(76.0563); kw:governance(67.5594); kw:politics(65.6923); kw:ownership(63.0508); kw:authority(62.914); kw:sovereignty(60.9791)	ع ب د:B001:الرق والملك → م ل ك:B002:المِلْك والتصرف
C026	0.7745	madness / spirit / derangement / ritual_belief/belief_revelation	33	9	11	17	0.06201263	0.3269	1.0	0.8235	1,4,11,13,31,33,37,44,47,53,55,60,62,63,67,69,71,73,75,76,83,88,89,90,91,94,95,99,100,102,103,104,106	ء ر ض ء ن س ت ب ع ج ن ن ر ء ي ف ت ن ق ت ل م س س م و ت	kw:madness(104.1608); kw:spirit(74.4006); kw:derangement(67.0762); theme:ritual_belief/belief_revelation(54.2533); kw:insanity(53.6648); kw:mind(42.2076); kw:haunting(38.5491); kw:jinn(33.5381)	ف ت ن:B007:ذهاب عقل ومال → ج ن ن:B006:ستر العقل بالجنون
C027	0.7739	revenue / tribute / economy_property/finance_debt / tax	24	11	11	17	0.0635639	0.3091	1.0	0.8824	2,7,13,17,26,27,29,30,48,55,59,63,66,71,76,80,85,88,92,96,98,100,101,107	ء ت ي ب ذ ر ج ز ي خ ب ر خ ر ج د خ ل ز ج و ص د ق ض ر ب غ ل ل ن ف ق	kw:revenue(111.0555); kw:tribute(81.3321); theme:economy_property/finance_debt(73.1909); kw:tax(66.0079); kw:levy(62.7642); kw:taxation(60.9791); kw:finance(37.1238); kw:income(34.884)	خ ر ج:B003:مال يخرج على جهة معلومة → ض ر ب:B010:المال المضروب على أحد
C028	0.7735	provision / sufficiency / liability / surety	80	12	15	22	0.0658099	0.2178	1.0	0.6364	2,3,5,10,11,12,13,14,15,16,17,18,19,20,23,24,25,27,28,29,30,31,32,33,34,35,36,37,38,40,42,43,44,47,49,50,51,53,54,56,57,58,60,61,62,63,65,66,67,68,71,72,77,78,80,81,83,84,85,86,87,88,89,90,91,92,93,94,95,96,97,98,100,101,102,104,107,108,110,111	ب ل غ ج ز ي ح س ب ز ع م ع ذ ب ق ب ل ق و ل ك ف ي ك ل ل ك و ن ك ي ل و ك ل	kw:provision(68.0039); kw:sufficiency(67.7508); kw:liability(52.3699); kw:surety(47.5952); kw:adequacy(46.5929); kw:guarantee(46.1482); kw:definition(36.9273); kw:obligation(33.8345)	ح س ب:B003:الكفاية والإغناء → ك ف ي:B002:القول بأن الشيء حسب وكاف
C029	0.7723	intercourse / sexuality / marriage / reproduction	27	11	11	17	0.06003133	0.3091	1.0	0.8824	3,7,9,19,22,26,29,32,34,38,51,52,57,67,70,80,82,83,88,93,94,95,101,102,103,105,106	ب ش ر ج م ع د خ ل س و ء ش ك ر ط ي ب ظ ن ن ق ر ب ق ع د م س س ن ز ل	kw:intercourse(90.4292); kw:sexuality(85.2238); kw:marriage(68.1177); kw:reproduction(40.7946); kw:intimacy(39.5566); kw:contact(36.6655); kw:consummation(33.004); theme:body_health_life/sexuality(29.2251)	م س س:B002:مماسة النكاح → ج م ع:B006:اتصال الجماع والمجامعة
C030	0.7717	circumstance / condition / case / fortune	75	9	11	11	0.06237478	0.2115	1.0	0.8182	1,3,5,7,11,12,15,16,18,19,20,22,23,24,25,27,28,30,31,32,33,34,35,36,38,39,40,42,43,44,47,49,50,51,53,56,57,58,59,60,61,62,63,66,67,71,72,75,77,78,80,81,83,84,85,87,88,90,91,92,93,94,95,96,97,98,99,100,101,102,104,107,108,110,111	ء ل ه ء م ر ء م م ء و ل ح و ل ف ص ل ق و ل ك و ن م و ت	kw:circumstance(82.5099); kw:condition(80.3141); kw:case(31.0619); kw:fortune(26.4674); kw:misfortune(26.0951); kw:clarity(26.0951); kw:tongue(25.9211); kw:adversity(25.2924)	ف ص ل:B004:لسان يفصل الأمور بالبيان → ق و ل:B002:اللسان آلة القول
C031	0.7715	gift / donation / giving / generosity	55	13	13	20	0.05735931	0.2564	0.95	0.85	1,2,4,9,12,13,15,20,21,26,29,30,31,33,39,40,41,42,47,51,54,55,56,57,59,62,66,67,68,69,70,71,72,73,74,75,77,78,79,80,85,86,87,88,89,92,93,94,95,97,101,102,105,107,111	ء ت ي ء خ ذ ء ل ي د و ن ر ز ق ر س ل ع ط و ف ض ل ل ق ي م ن ع ن ص ر ن ف ل ه ا ء	kw:gift(75.661); kw:donation(61.531); kw:giving(60.9791); kw:generosity(60.8194); kw:grant(56.2768); kw:transfer(51.0335); kw:taking(44.6404); kw:benefaction(43.7155)	ء ت ي:B002:الإيتاء والإعطاء → ن ص ر:B005:النصر عطاء
C032	0.7707	exposure / visibility / disclosure / appearance	20	10	11	18	0.06456193	0.3333	1.0	0.8333	1,9,21,28,29,45,48,53,56,66,67,70,83,88,93,94,96,101,105,110	ب ح ر ب ش ر ب ي ن ج ه ر ح س ر س ر ي ظ ه ر ع ر ض ك ش ف ن ظ ر	kw:exposure(96.8602); kw:visibility(88.5234); kw:disclosure(76.3217); kw:appearance(75.4431); kw:revelation(41.7788); kw:emergence(37.4165); kw:removal(34.8519); kw:concealment(32.7774)	س ر ي:B004:الكشف والانسراء → ك ش ف:B001:رفع الغطاء عن الشيء
C033	0.7705	language_communication/writing_text / writing / documentation / document	23	10	10	15	0.0603456	0.3333	1.0	0.8	2,4,9,13,14,39,41,45,46,55,58,60,61,71,73,78,82,84,86,88,89,93,106	ب ي ت ز ب ر س ط ر ش ك ل ط ي ن ظ ه ر ق ر ء ك ت ب ن ش ر و ح ي	theme:language_communication/writing_text(161.3493); kw:writing(79.6986); kw:documentation(50.3071); kw:document(47.0731); kw:memory(46.645); kw:literacy(44.6404); kw:recitation(44.6404); kw:book(30.7655)	ك ت ب:B002:نظم الحروف واسم المكتوب → و ح ي:B003:كتابة ونقش
C034	0.7703	rain / fertility / ecology / soil	45	17	17	47	0.05981394	0.3456	0.9787	0.5106	2,4,12,13,16,17,23,26,30,31,32,33,34,36,37,40,42,44,46,48,55,58,59,62,70,71,72,75,76,80,84,85,88,90,92,95,97,99,101,102,103,104,107,110,111	ء ت ي ء ر ض ء ن ث ح ي ي خ ط ء ر ز ق س ب ل ض ر ب ع ه د ق ف و ك ر م م ح و م ر ح ن ش ر ن ص ر ه ل ك و ل ي	kw:rain(142.1691); kw:fertility(95.7563); kw:ecology(71.6169); kw:soil(63.0508); kw:weather(56.9182); kw:renewal(54.4326); theme:land_water_sky/weather_climate(47.4037); kw:land(45.5656)	ء ر ض:B002:الأرض اللينة المنبتة → ء ن ث:B004:الأرض السهلة الخصبة
C035	0.7703	rotation / circle / craft_material_built/tools_equipment / turning	62	12	15	23	0.06098655	0.2277	1.0	0.8696	1,4,5,6,8,9,13,16,18,19,23,24,28,29,35,36,39,40,42,43,47,49,50,51,53,56,57,58,60,61,62,63,66,67,69,73,74,77,78,79,80,81,84,85,86,88,90,93,94,95,96,97,98,100,101,102,103,104,107,108,110,111	ء ل ي ح ج ر ح و ط ح و ل د و ر ر و د س م ع ع و د ف ل ك ق و ل ق و م ك ر ر	kw:rotation(85.3387); kw:circle(45.7343); theme:craft_material_built/tools_equipment(42.6796); kw:turning(41.3787); kw:wood(37.9386); kw:geometry(36.9363); kw:orbit(32.5328); kw:tool(31.8)	د و ر:B001:الدوران والإحاطة والاستدارة → ف ل ك:B001:استدارة الشيء ودورانه
C036	0.7702	group / community / people / multitude	54	17	17	38	0.06035026	0.2794	0.9211	0.7105	6,8,9,12,13,17,20,23,24,25,27,28,29,30,35,38,39,40,41,44,46,47,54,55,57,58,60,62,63,65,66,69,71,75,76,77,78,79,80,84,85,87,88,91,92,93,97,100,102,103,104,107,108,110	ء م م ت ب ع ج م ع ج ن ن ج ه ر ح ي ي خ ل ف ر ب ب ع ن ق غ ف ر ف ص ل ق ب ل ق ر ن ق و م ك ر ر ل ف ف ن ف ر	kw:group(97.084); kw:community(78.6926); kw:people(68.9644); kw:multitude(67.1951); kw:clan(65.6923); kw:demography(59.5205); kw:tribe(59.4841); theme:kinship_society/household_community(58.3331)	ق ب ل:B009:جماعة يقبل بعضها على بعض → ح ي ي:B010:الحي جماعة النسب والقبيلة
C037	0.77	reputation / praise / rumor / renown	54	11	11	10	0.06971169	0.1818	1.0	1.0	1,6,7,16,23,24,28,32,34,35,36,38,40,41,42,43,44,46,47,49,50,51,53,55,56,60,61,62,63,64,70,75,80,81,84,85,88,89,90,92,93,94,95,96,98,99,100,101,102,104,107,108,110,111	ح س ن ذ ك ر س م ع س م و س و ء ص و ت ض ع ف ف ح ش ق و ل ك ث ر م و ت	kw:reputation(84.3691); kw:praise(55.7051); kw:rumor(49.5059); kw:renown(48.1671); kw:fame(47.5952); kw:honor(45.8825); kw:goodness(30.4895); kw:ethics(26.3416)	س م و:B008:الصيت الحسن المنتشر → ص و ت:B002:الصيت الحسن
C038	0.7698	group / multitude / kinship_society/household_community / society	56	16	17	45	0.05688634	0.3333	0.8889	0.5333	6,8,12,13,15,17,20,23,24,25,27,28,29,30,36,37,38,39,40,46,47,54,55,57,58,59,60,64,65,66,68,69,71,74,77,79,80,84,85,87,88,89,91,92,93,94,95,97,100,102,103,105,106,107,108,110	ء م م ث ب ت ج ب ل ج م ع ج ن ن ج ه ر ر ب ب ر ج ل ر س ل ز ب ر ع ن ق ف ر ق ق ب ل ك ر ر ك ل ل و ق ر	kw:group(121.355); kw:multitude(80.6342); theme:kinship_society/household_community(76.5622); kw:society(72.7249); kw:crowd(63.7919); kw:demography(59.5205); kw:band(57.5595); kw:cluster(53.7561)	و ق ر:B006:وقير من الغنم → ف ر ق:B005:فرقة وفريق وقطيع منفصل
C039	0.7691	need / fear / poverty / emotion	43	11	13	20	0.06342966	0.2667	1.0	0.9	5,8,12,16,17,20,23,24,25,27,28,30,31,34,36,38,39,40,46,54,55,57,58,59,60,65,66,67,73,79,80,83,84,85,87,91,93,99,100,101,102,106,108	ح ذ ر خ ش ي خ ل ل خ و ف ر ب ب ر ي ب س ء ل ف ر ق م س س م ل ق ه ل ك	kw:need(98.7448); kw:fear(73.3311); kw:poverty(59.4841); kw:emotion(34.3024); theme:condition_force_change/support_dependence(33.6635); kw:goal(32.1114); kw:dread(31.3821); kw:lack(31.3821)	خ ش ي:B001:الخوف والخشية مع الهيبة → خ و ف:B001:ذعر يتوقع المكروه
C040	0.7691	grammar / question / syntax / particle	71	11	14	16	0.05646191	0.1818	1.0	1.0	1,4,7,8,9,12,16,17,18,20,23,24,25,27,28,29,30,35,38,39,40,41,42,43,44,46,47,49,50,51,53,54,55,56,57,58,59,60,61,62,63,65,66,71,72,74,79,80,81,83,84,85,86,87,88,89,90,93,94,95,96,98,99,100,101,102,104,107,108,110,111	ء ج ل ء م م ء ي ي ح س ر ذ و و ر ب ب ش ي ء ع ل و ق و ل ن ع م ه ا ء	kw:grammar(102.067); kw:question(77.6548); kw:syntax(45.3471); kw:particle(44.6404); kw:grief(41.5754); kw:preposition(36.9273); kw:assent(35.7766); theme:emotion_ethics/fear_grief(35.7705)	ن ع م:B004:الجواب بنعم والتصديق → ء ج ل:B003:جواب التصديق أجل
C041	0.768	land_water_sky/weather_climate / wind / climate / breeze	67	16	16	20	0.06427881	0.1667	1.0	0.95	1,3,6,7,8,9,10,12,13,14,15,16,17,19,20,21,22,23,24,25,26,27,28,29,30,32,34,38,39,40,41,45,46,48,51,54,55,57,58,60,62,65,66,68,69,71,72,77,78,79,80,82,83,84,85,87,88,89,92,93,99,100,102,104,106,107,108	ء خ ر ج ن ب د ب ر ر ء ي ر ب ب ر ج و ر و ح ش ك ر ع ن ق ق ب ل ق ر ء ق ر ب ق ر ي ك ر ر ن ظ ر ن ع م	theme:land_water_sky/weather_climate(82.9565); kw:wind(78.0215); kw:climate(71.0845); kw:breeze(63.4603); kw:weather(56.9182); kw:delay(50.4406); kw:postponement(48.7992); kw:direction(47.5872)	د ب ر:B012:الدبور ريح من خلف الكعبة → ق ب ل:B012:ريح تقابل الدبور
C042	0.7679	cloud / land_water_sky/weather_climate / sky / meteorology	49	12	12	25	0.05935931	0.3788	0.88	0.56	3,6,8,12,13,17,20,23,24,25,26,27,28,29,30,32,38,39,40,42,44,46,48,52,54,55,57,60,64,65,66,68,70,72,76,79,80,84,85,87,92,93,95,97,99,100,102,108,110	ج ل ب ج و ب ح م ل خ ر ج خ س ف خ ي ل ر ب ب س ب ل س م و ع م ي ع ن ق ك ر ر	kw:cloud(99.7774); theme:land_water_sky/weather_climate(90.8571); kw:sky(83.8128); kw:meteorology(57.5595); kw:rain(47.3897); kw:weather(28.4591); kw:atmosphere(26.4674); kw:abundance(20.5946)	ر ب ب:B008:رباب السحاب → س م و:B004:السماء وما علا فأظل
C043	0.7677	path / road / navigation / route	31	13	13	28	0.05887244	0.359	1.0	0.6786	2,8,9,11,15,16,18,26,32,40,42,48,49,51,55,56,58,61,64,69,72,77,84,92,94,95,97,98,100,110,111	ج د د خ ز ن س ب ل س ن ن ش ر ك ع ج ل ع م ل ع و د ق ر ي م ل ك ن ب ء ن ب و ه د ي	kw:path(124.7217); kw:road(91.6474); kw:navigation(74.8556); kw:route(65.6923); kw:guidance(40.1571); kw:movement(39.8286); kw:shortcut(36.9273); kw:track(29.7602)	ن ب ء:B007:الطريق الواضح والأرض السهلة → ن ب و:B005:الطريق والطريق الهادي
C044	0.7674	residence / station / space_form_boundary/place_location / abode	73	12	14	17	0.06252179	0.191	1.0	0.8235	3,5,8,9,11,12,13,15,17,18,19,20,22,23,24,25,26,27,28,29,30,31,32,33,34,35,36,38,39,40,42,44,46,49,50,51,52,53,54,55,57,58,60,62,65,66,67,72,76,78,79,80,81,82,83,84,85,87,88,91,93,95,96,97,98,100,101,102,104,105,106,108,111	ر ب ب س ك ن ظ ن ن ع ن د ع ه د ف ص ل ق ع د ق و م ك و ن ل ب ث م ك ث ن ز ل	kw:residence(75.661); kw:station(69.6314); theme:space_form_boundary/place_location(67.4464); kw:abode(60.9791); kw:stay(59.9777); kw:place(51.5428); kw:habitation(49.3724); kw:hierarchy(43.4607)	ل ب ث:B001:المكث في الموضع → م ك ث:B001:ثبات مع انتظار
C045	0.7667	proximity / relation / nearness / space	55	11	15	31	0.05782913	0.3163	0.9677	0.6129	1,2,3,5,11,15,17,18,19,20,23,25,26,27,30,31,32,33,34,36,38,42,44,45,46,49,50,51,53,56,57,58,66,67,68,71,72,78,80,81,83,87,88,91,93,95,96,97,98,100,101,104,108,110,111	ء م م ب ع د ب ي ن ج ن ب د و ن ع ن د ق ر ب ق ص و ك و ن ل د ن و ل ي	kw:proximity(72.3164); kw:relation(68.8237); kw:nearness(65.2377); kw:space(63.0631); kw:adjacency(62.7642); kw:hierarchy(43.4607); kw:remoteness(41.7788); kw:contact(36.6655)	ق ر ب:B001:الدنو وخلاف البعد → و ل ي:B001:قرب ودنو بلا فاصل
C046	0.7667	daylight / time / sun / noon	35	14	14	30	0.06102939	0.3297	0.9667	0.6333	1,4,5,7,9,11,12,13,14,21,23,25,31,34,35,43,47,51,52,56,57,58,60,62,64,67,71,78,79,87,88,91,97,110,111	ء و ب د ع و د ل ك ر ج ل ش د د ش م س ظ ه ر ق و م ك ب ر ل ي ل ن ه ر و ج ه و ز ن ي و م	kw:daylight(81.3321); kw:time(81.1329); kw:sun(71.5238); kw:noon(62.7642); kw:zenith(53.6648); kw:astronomy(53.537); theme:land_water_sky/light_darkness(52.0929); kw:cycle(48.7706)	ق و م:B017:انتصاف النهار وقائم الظهيرة → و ز ن:B004:قيام ميزان النهار في وسطه
C047	0.7662	falsehood / lie / fabrication / testimony	48	15	16	40	0.05883319	0.3361	0.95	0.525	5,16,23,24,28,36,37,40,42,43,47,49,50,51,53,56,59,60,61,62,63,67,68,70,73,78,80,81,84,85,88,90,91,92,93,94,95,96,98,99,100,101,102,104,107,108,110,111	ب ر ر ب ط ل ت ل و خ ر ق خ ل ق ز خ ر ف ز ع م ص د ق ف ج ر ف ر ي ف ط ر ف ع ل ق ف و ق و ل ك ذ ب	kw:falsehood(117.8324); kw:lie(103.4039); kw:fabrication(89.2807); kw:testimony(79.6986); theme:emotion_ethics/deception_corruption(76.094); kw:accusation(69.2923); kw:invention(66.0079); kw:slander(52.0143)	خ ر ق:B003:اختلاق الكذب وافتراؤه → خ ل ق:B007:اختلاق الكذب والكلام
C048	0.766	submission / quantity / humiliation / smallness	67	12	14	21	0.05931865	0.236	1.0	0.7143	1,2,3,4,5,6,7,9,11,15,18,19,20,21,23,24,25,26,27,28,30,31,32,33,34,36,38,42,43,44,49,50,51,52,53,56,57,58,60,61,62,66,67,68,70,71,72,74,76,78,81,83,85,87,88,89,91,93,95,96,97,98,100,104,107,108,111	ء م م خ س ف د و ن ذ ل ل س ج د س ك ن ص غ ر ق ل ل ك ب ر ك ث ر ك و ن ي س ر	kw:submission(80.963); kw:quantity(57.9783); kw:humiliation(56.5787); kw:smallness(52.3699); kw:abasement(46.5929); kw:domination(42.434); kw:scale(39.0107); theme:time_measure_quantity/measurement(37.5675)	ك ب ر:B001:العظم خلاف الصغر → ص غ ر:B001:الصِّغَر ضد الكبر
C049	0.7659	provision / sufficiency / liability / surety	58	12	15	26	0.0666622	0.2574	1.0	0.6538	2,3,5,11,12,14,15,17,18,19,20,23,25,27,30,31,32,33,34,35,36,37,38,42,44,46,49,50,51,53,54,56,57,58,63,65,66,67,68,70,72,77,78,81,83,86,87,88,91,92,93,95,96,98,100,107,108,111	ب ل غ ت ل و ج ز ي ح س ب ح م ل ز ع م ق ب ل ك ف ي ك ن ن ك و ن ك ي ل و ك ل	kw:provision(68.0039); kw:sufficiency(67.7508); kw:liability(65.4624); kw:surety(63.4603); kw:guarantee(61.531); theme:law_governance/obligation_contract(48.0085); kw:adequacy(46.5929); kw:responsibility(41.9894)	ح س ب:B003:الكفاية والإغناء → ك ف ي:B002:القول بأن الشيء حسب وكاف
C050	0.7659	land_water_sky/sky_astronomy / astronomy / star / mansion	27	10	10	18	0.06328298	0.4	1.0	0.6667	2,12,13,20,25,29,36,38,40,41,42,44,46,71,73,82,83,84,89,92,93,95,97,102,105,106,111	ء خ ذ د ب ر ص ر ف ع ر ش غ ف ر ق ل ب ك س ف ك ل ل ن ز ل ن ع م	theme:land_water_sky/sky_astronomy(86.1531); kw:astronomy(64.2444); kw:star(64.1841); kw:mansion(62.1239); kw:calendar(48.4301); kw:moon(44.316); kw:constellation(43.7155); kw:sky(35.9198)	ء خ ذ:B008:أخذ القمر في منازله → غ ف ر:B006:منزل قمري من ثلاثة أنجم
C051	0.7655	chest / avarice / miserliness / stinginess	21	11	12	22	0.0611703	0.3385	1.0	0.8182	1,5,8,12,13,20,29,32,34,36,38,51,58,71,78,84,88,89,91,97,100	ب ر ك ج ن ن ح ص ر ش د د ش م س ص د ر ص م م غ ل ل ف ح ش ك ل ل م س ك	kw:chest(78.5549); kw:avarice(68.3094); kw:miserliness(62.7642); kw:stinginess(62.1239); kw:withholding(52.5539); kw:breast(44.6404); kw:scarcity(43.7032); kw:parsimony(35.7766)	ف ح ش:B005:بخل جاوز القبح → ص م م:B019:البخيل النهاية في البخل
C052	0.7648	pool / hydrology / land_water_sky/water_hydrology / basin	55	16	17	41	0.06062408	0.3037	0.9268	0.561	1,2,5,6,7,8,12,13,16,17,18,20,22,23,24,25,26,27,28,30,36,38,39,40,46,47,54,55,57,58,59,60,65,66,67,70,71,79,80,81,84,85,87,88,91,92,93,94,99,100,101,102,104,107,108	ء ت ي ء ج ل ب ح ر ب ر ك ج ي ء ذ م م ر ب ب ط غ و ط غ ي ط ي ر ع د د ع ل م ق ر ي ك ر ر م د د ن ه ر	kw:pool(100.1333); kw:hydrology(96.8701); theme:land_water_sky/water_hydrology(77.5566); kw:basin(76.0974); kw:reservoir(74.9722); kw:storage(54.3259); kw:collection(54.2007); kw:irrigation(51.1888)	ط غ ي:B002:علو الماء والقوة الجارفة → ط غ و:B002:طغيان الماء وما يجري مجراه
C053	0.7648	guarantee / pledge / covenant / liability	71	13	17	31	0.06554229	0.2348	0.9032	0.6452	1,3,5,8,11,12,15,16,17,18,19,20,22,23,24,25,26,27,28,30,31,32,33,34,36,38,39,40,42,44,46,47,49,50,51,53,54,55,56,57,58,60,63,65,66,67,69,70,72,77,78,79,80,81,83,84,85,87,88,91,92,93,95,96,98,100,102,105,107,108,111	ت ب ع ت ل و ح ر م ح ق ق ح م ل ح و ل ذ م م ر ب ب ز ع م ع ظ م ع ه د ق ب ل ك و ن	kw:guarantee(76.9137); kw:pledge(70.346); kw:covenant(68.9644); kw:liability(65.4624); theme:law_governance/obligation_contract(64.0114); kw:surety(63.4603); kw:sanctity(62.1239); kw:honor(57.3531)	ز ع م:B003:تحمل الكفالة → ق ب ل:B008:ضمان الشيء والتكفل به
C054	0.7648	judgment / event / enormity / heat	57	10	11	12	0.06028166	0.2222	1.0	0.9167	3,5,9,11,13,14,15,16,18,19,20,22,25,27,30,31,32,33,34,35,36,38,39,40,42,44,49,50,51,52,53,57,58,62,66,67,70,71,72,73,78,79,81,83,85,87,88,91,93,95,96,97,98,100,103,108,111	ء م ر ب ح ر س ط ر ص ف و ص م م ف ر ي ق و م ك و ن م ع ع ي و م	kw:judgment(52.8701); kw:event(41.1882); kw:enormity(34.1547); kw:heat(33.0609); kw:marvel(32.1114); kw:existence(30.2314); kw:wonder(30.2314); kw:environment(27.9929)	ء م ر:B006:الأمر العظيم المنكر → ف ر ي:B004:أمر فَرِيّ عجيب
C055	0.7641	gift / donation / giving / generosity	50	12	12	20	0.05582812	0.303	0.85	0.75	1,2,4,11,12,15,20,21,26,29,30,31,33,35,39,42,47,48,51,54,55,57,59,62,64,66,67,68,69,70,71,73,74,75,76,77,78,79,80,85,86,87,88,92,93,94,95,101,105,107	ء ت ي ء ل ي خ ي ر ر ز ق ر س ل ط و ع ع ط و ف ض ل ك و د م ن ع ن ص ر ن ف ل	kw:gift(88.2711); kw:donation(76.9137); kw:giving(76.2238); kw:generosity(72.9832); theme:kinship_society/hospitality_welfare(62.2562); kw:charity(62.033); kw:benefaction(58.2873); kw:bounty(57.219)	ء ت ي:B002:الإيتاء والإعطاء → ن ص ر:B005:النصر عطاء
C056	0.763	taming / compliance / ease / flexibility	28	9	10	13	0.06076672	0.2955	1.0	0.9231	1,3,5,15,17,20,23,24,25,28,30,31,33,48,53,54,59,64,65,68,69,77,93,94,95,96,105,111	ء و ب ذ ل ل ر س ل ط و ع ع ب د ع ط و ق ت ل ن و ق ي س ر	kw:taming(68.3094); kw:compliance(45.7343); kw:ease(38.6317); kw:flexibility(34.884); kw:training(29.3388); kw:relief(26.8781); kw:obedience(26.5662); kw:discipline(25.08)	ع ط و:B006:اللين والانقياد والمطاوعة → ط و ع:B001:الانقياد والطاعة
C057	0.7626	sequence / succession / herd / order	54	14	14	22	0.06296097	0.2418	1.0	0.7273	5,8,12,13,15,17,20,23,24,25,27,28,29,30,33,36,38,39,40,46,47,49,54,55,57,59,60,63,64,65,66,68,69,77,79,80,84,85,87,88,93,94,95,97,98,99,100,102,103,105,106,107,108,111	ء ج ل ب ع ث ت ب ع ت ل و ج م ع ر ب ب ر س ل ش ر ك ط غ و ع ن ق ف ر ق ق ف و و ق ر و ل ي	kw:sequence(82.2652); kw:succession(75.4486); kw:herd(64.3861); kw:order(64.3861); kw:continuity(62.6999); kw:group(60.6775); kw:flock(42.2076); kw:wildlife(40.8244)	و ل ي:B002:تتابع شيء بعد شيء → ت ب ع:B004:الولاء والتتابع
C058	0.7625	mating / female / estrus / breeding	40	12	12	18	0.06206586	0.2727	1.0	0.7778	1,2,5,6,7,8,10,12,13,18,22,26,29,33,39,40,41,44,45,46,48,55,59,60,64,71,80,85,88,89,92,93,95,99,101,102,104,107,108,110	ء ت ي ء ن ث ج ع ل ح ر م س ب ع س م و س ن و ص ر ف ض ر ب ع ت د ع ن ق و ع د	kw:mating(83.5576); kw:female(70.346); kw:estrus(62.7642); kw:breeding(57.9151); kw:desire(56.483); kw:reproduction(50.9932); kw:sexuality(42.6119); kw:livestock(38.1273)	ح ر م:B012:الحِرمة شهوة الفحل → ص ر ف:B010:صراف الحيوان واستحرامه
C059	0.7618	group / multitude / herd / crowd	54	16	17	41	0.05824615	0.3037	0.9268	0.5854	6,8,12,13,15,17,20,23,24,25,27,28,29,30,37,38,39,40,46,47,51,54,55,57,58,59,60,62,64,65,66,68,69,77,79,80,84,85,87,88,91,92,93,94,95,99,100,102,103,104,105,106,107,108	ء ج ل ج ب ل ج م ع ج ن ن ح ن ك ر ب ب ر ج ل ر س ل ص د ر ع ن ق ف ر ق ق ب ل ك ر ر ك س ف ل ف ف و ق ر	kw:group(97.084); kw:multitude(80.6342); kw:herd(64.3861); kw:crowd(63.7919); kw:band(57.5595); kw:society(51.9463); theme:kinship_society/household_community(51.0415); kw:demography(44.6404)	ر ب ب:B014:رَبْرَب قطيع → ء ج ل:B004:الإِجْل قطيع الوحش
C060	0.7613	guarantee / liability / law_governance/obligation_contract / surety	67	16	17	32	0.06546666	0.237	0.9375	0.625	1,2,3,5,9,11,12,13,14,15,17,18,19,20,22,23,25,27,30,31,32,33,34,35,36,37,38,42,44,47,49,50,51,53,54,56,57,58,62,63,65,66,67,68,69,70,72,77,78,79,81,83,86,87,88,91,92,93,95,96,97,98,100,103,107,108,111	ب ل غ ت ب ع ت ل و ج م ع ح س ب ح م ل ح و ل ذ م م ز ع م ش ك ر ع ه د ق ب ل ق و م ك ف ي ك و ن و ك ل	kw:guarantee(92.2965); kw:liability(78.5549); theme:law_governance/obligation_contract(72.0128); kw:surety(63.4603); kw:contract(61.5604); kw:provision(56.6699); kw:sufficiency(54.2007); kw:pledge(42.2076)	ز ع م:B003:تحمل الكفالة → ق ب ل:B008:ضمان الشيء والتكفل به
C061	0.7613	body_health_life/reproduction_birth / pregnancy / womb / reproduction	62	14	16	30	0.0596685	0.2542	1.0	0.6333	1,3,8,9,12,13,14,17,20,23,24,25,26,27,28,30,31,32,34,35,38,39,40,41,45,46,47,51,54,55,56,57,58,60,62,64,65,66,70,71,77,78,79,80,82,84,85,87,88,89,91,93,97,99,100,102,103,106,107,108,110,111	ت ل و ج م ع ج ن ن ح م ل ح و ل ر ء ي ر ب ب ر ج ل ر ج و ر ح م ق ر ء ق ر ب ق و م و ل د	theme:body_health_life/reproduction_birth(200.6634); kw:pregnancy(116.6451); kw:womb(93.3362); kw:reproduction(91.7878); kw:gestation(84.868); kw:birth(61.873); kw:biology(52.5539); kw:parturition(47.5952)	ق ر ب:B012:دنو الولادة في الحيوان → ر ج و:B005:الحامل تدنو ولادتها
C062	0.761	land_water_sky/weather_climate / cloud / sky / wind	53	16	17	37	0.06131845	0.2741	0.9459	0.6757	3,6,8,12,13,17,20,23,24,25,26,27,28,29,30,32,38,39,40,42,44,46,48,54,55,57,58,60,64,65,66,68,69,70,72,76,77,79,80,83,84,85,87,91,92,93,95,99,100,102,107,108,110	ج ل ب ج ن ب ح م ل خ ر ج خ ي ل د ب ر ر ب ب ر و ح س ب ل س م و ع ن ق ق ب ل ك ر ر م ح و ن ع م ن ه ر	theme:land_water_sky/weather_climate(181.7142); kw:cloud(112.2496); kw:sky(107.7593); kw:wind(91.0251); kw:climate(71.0845); kw:atmosphere(66.1686); kw:breeze(63.4603); kw:weather(56.9182)	د ب ر:B012:الدبور ريح من خلف الكعبة → ق ب ل:B012:ريح تقابل الدبور
C063	0.7607	group / multitude / crowd / demography	54	17	17	43	0.05708932	0.3162	0.8605	0.5581	5,6,7,8,12,13,17,20,23,24,25,27,28,29,30,37,38,39,40,44,46,47,54,55,57,58,60,62,64,65,66,71,77,79,80,81,84,85,87,88,91,92,93,94,97,100,101,102,103,104,106,107,108,110	ء م م ء و ب ج ب ل ج م ع ج ن ن ج ه ر ج ي ء ح ش ر ح ن ك ر ب ب ر ج ل ع ن ق غ ف ر ف ر ق ق ب ل ك ر ر ل ف ف	kw:group(97.084); kw:multitude(94.0732); kw:crowd(89.3086); kw:demography(59.5205); theme:kinship_society/household_community(58.3331); kw:band(57.5595); kw:society(51.9463); kw:people(41.3787)	ج م ع:B002:جماعة اجتمعت أو أخلاط ضمتها الجهة → ل ف ف:B003:أخلاط تلتف في جماعة واحدة
C064	0.7606	creation / production / invention / existence	70	13	17	28	0.06270602	0.2222	1.0	0.75	2,3,4,5,6,8,11,12,15,18,19,20,22,23,25,26,27,29,30,31,32,33,34,36,37,38,39,40,42,44,45,46,49,50,51,53,54,57,58,60,61,64,66,67,68,69,70,72,74,75,77,78,80,81,83,86,87,88,91,93,95,96,97,98,99,100,101,104,108,111	ب ن ي ج ب ل ج ع ل خ ر ق خ ل ق ش ي ء ط ي ن ف ط ر ف ع ل ق ض ي ك و ن و ج د و ل د	kw:creation(151.7218); kw:production(72.8591); kw:invention(66.0079); kw:existence(60.4627); kw:ontology(57.219); kw:origination(47.5952); kw:constitution(47.5952); kw:nature(46.2124)	خ ل ق:B002:إبداع الخلق وإيجاده → ف ط ر:B002:إيجاد وابتداء
C065	0.7605	sky / land_water_sky/weather_climate / astronomy / land_water_sky/sky_astronomy	59	17	17	36	0.06065992	0.2647	0.9444	0.6111	2,3,8,12,13,17,20,23,24,25,26,27,28,29,30,32,36,38,39,40,41,42,44,46,48,50,54,55,57,60,64,65,66,68,70,71,72,73,76,79,80,82,83,84,85,87,89,92,93,95,97,99,100,102,105,106,108,110,111	ء خ ذ ج ل ب ح ج ر ح م ل خ ر ج خ س ف د ب ر ر ب ب س ب ل س م و ص ر ف ع م ي غ ف ر ق ل ب ك ل ل ن ز ل ن ع م	kw:sky(95.786); theme:land_water_sky/weather_climate(67.1553); kw:astronomy(64.2444); theme:land_water_sky/sky_astronomy(63.4812); kw:cloud(62.3609); kw:mansion(62.1239); kw:meteorology(57.5595); kw:star(51.3473)	ء خ ذ:B008:أخذ القمر في منازله → غ ف ر:B006:منزل قمري من ثلاثة أنجم
C066	0.7605	power / capacity / ownership / hierarchy	63	14	17	27	0.06557213	0.203	1.0	0.7778	1,3,4,5,8,12,16,17,20,23,24,25,27,28,29,30,33,37,38,39,40,42,46,47,48,51,53,54,55,56,57,58,60,61,62,64,65,66,67,68,69,73,74,75,77,78,79,80,84,85,86,87,92,93,95,96,97,99,100,102,107,108,111	ء ل ي ء م ر ب س ط ر ب ب س ل ط ط و ع ط و ل ع ب د ق ب ل ق د ر م ل ك و ج د ي د ي ي س ر	kw:power(120.1837); kw:capacity(98.0118); kw:ownership(63.0508); kw:hierarchy(54.3259); kw:capability(53.6648); kw:authority(52.4284); theme:condition_force_change/capacity_ability(47.1658); kw:ability(46.1482)	ع ب د:B001:الرق والملك → م ل ك:B002:المِلْك والتصرف
C067	0.7603	ecology / plant / vegetation / tree	54	16	17	43	0.05715992	0.3185	0.8605	0.5814	1,3,4,8,11,12,17,19,20,23,24,25,27,28,29,30,37,38,39,40,42,46,47,51,53,54,55,57,60,62,65,66,67,68,69,73,74,76,78,79,80,83,84,85,86,87,88,90,91,93,100,102,104,108	ء ل ي ج ب ل ج ن ب ج ن ن ح س ر خ ل ف ر ب ب ر و ح ش ج ر ش ر ر ش ك ر ع د و غ ل ل ل ف ف ن ب ع ن خ ل	kw:ecology(102.3099); kw:plant(100.4433); kw:vegetation(80.1537); kw:tree(79.2064); kw:growth(52.6784); kw:agriculture(49.2943); kw:pasture(46.1287); kw:grove(42.9143)	ج ن ن:B011:التفاف النبات واندفاعه → ل ف ف:B002:نبات أو شجر يلتف بعضه ببعض
C068	0.7603	herb / plant / pasture / agriculture_food/plant_vegetation	58	17	17	31	0.06343061	0.2279	0.9032	0.8065	3,8,9,11,12,13,14,16,17,18,19,20,23,24,25,26,27,28,29,30,36,38,39,40,41,44,45,46,47,54,55,57,58,60,64,65,66,68,71,78,79,80,82,83,84,85,87,88,89,93,97,100,101,102,104,106,108,110	ج ل ب ج ن ب ح ل م ذ ن ب ر ب ب ر ج ل س ح ر س ك ن ش ك ر ص ل و ص ل ي ع ج ل ق ر ء ق ر ي ك ل ل ن ع م ن ف ل	kw:herb(101.1696); kw:plant(100.4433); kw:pasture(80.7252); theme:agriculture_food/plant_vegetation(62.3856); kw:ecology(61.386); kw:household(47.7898); kw:vegetation(45.8021); kw:family(45.6437)	ق ر ء:B013:القِرَة مال وعيال → ق ر ي:B011:مال وعيال مجتمعون
C069	0.7603	abode / return / station / place	74	14	16	22	0.06194558	0.1864	1.0	0.7727	3,5,6,7,8,9,11,12,13,15,17,18,19,20,22,23,24,25,26,27,28,30,31,32,33,34,35,36,38,39,40,42,44,46,49,50,51,53,54,55,57,58,59,60,62,64,65,66,67,69,72,78,79,80,81,82,83,84,85,87,88,91,93,95,96,97,98,100,102,104,105,106,108,111	ء و ب ء و ل ذ م م ر ب ب ر د د س ك ن ع د د ع ه د ع و د ق و م ك ر ر ك و ن ن ز ل و ع د	kw:abode(76.2238); kw:return(71.9964); kw:station(69.6314); kw:place(51.5428); kw:recurrence(41.0035); theme:space_form_boundary/place_location(37.4702); kw:treaty(34.1547); kw:hierarchy(32.5956)	ك و ن:B002:المكان والمكانة من الكون → ق و م:B006:مقام وإقامة في موضع
C070	0.7597	law_governance/authority_governance / power / governance / hierarchy	50	14	17	36	0.05957746	0.2727	0.9722	0.75	5,7,8,9,12,16,17,19,20,23,24,25,27,28,29,30,33,35,38,39,40,42,45,46,51,54,55,56,57,59,60,61,65,66,73,79,80,84,85,86,87,92,93,95,97,99,100,102,108,111	ء م ر ء و ل ح ج ب ح ص ر ر ب ب س ع ي س ل ط ع ر ش ع م ل ق د ر م ل ك و ح ي و ل ي ي د ي	theme:law_governance/authority_governance(117.5162); kw:power(109.2579); kw:governance(78.8193); kw:hierarchy(76.0563); kw:authority(73.3997); kw:sovereignty(60.9791); kw:court(53.6648); kw:politics(52.5539)	ء م ر:B003:الولاية وصاحب السلطان → و ل ي:B003:تولي الأمر والقيام عليه
C071	0.7596	stinginess / withholding / miserliness / scarcity	13	10	10	15	0.06329998	0.3333	1.0	0.8	5,8,20,32,34,58,59,67,78,83,94,97,100	ح ص ر ح ظ ر ش د د ش م س ص م م ف ح ش ق ت ر م س س م س ك م ن ع	kw:stinginess(93.1858); kw:withholding(91.9692); kw:miserliness(78.4553); kw:scarcity(76.4806); kw:avarice(68.3094); kw:generosity(36.4916); theme:emotion_ethics/ethics_morality(36.1985); kw:parsimony(35.7766)	ف ح ش:B005:بخل جاوز القبح → ص م م:B019:البخيل النهاية في البخل
C072	0.7596	posture / station / presence / space_form_boundary/place_location	63	11	12	12	0.06412984	0.1846	1.0	0.9167	3,5,7,9,11,13,15,18,19,20,22,25,26,27,29,30,31,32,33,34,35,36,38,42,44,46,48,49,50,51,52,53,57,58,62,64,66,67,72,76,78,79,80,81,82,83,87,88,89,91,93,95,96,97,98,99,100,102,104,105,106,108,111	ث ب ر س ك ن ص د ق ق ع د ق و م ك و ن ل ب ث م ث ل ن ز ل و ح د و ع د	kw:posture(56.2995); kw:station(55.7051); kw:presence(54.2007); theme:space_form_boundary/place_location(48.7113); kw:abode(45.7343); kw:place(41.2343); kw:residence(37.8305); kw:hierarchy(32.5956)	ك و ن:B002:المكان والمكانة من الكون → ق و م:B006:مقام وإقامة في موضع
C073	0.7594	plant / ecology / agriculture_food/plant_vegetation / herb	46	16	17	46	0.06069983	0.3407	0.8261	0.587	3,8,11,12,17,18,19,20,23,24,25,27,28,29,30,37,38,39,40,44,46,47,53,54,55,57,60,64,65,66,68,69,76,79,80,83,84,85,87,88,91,93,100,102,104,108	ج ب ل ج ن ب ج ن ن ح ل م خ ل ف ذ ن ب ر ب ب ر ج ل ر و ح ش ج ر ش ك ر ع ج ل ع د و غ ل ل ل ف ف ن ف ل	kw:plant(130.5763); kw:ecology(112.5409); theme:agriculture_food/plant_vegetation(89.6793); kw:herb(88.5234); kw:vegetation(80.1537); kw:growth(63.214); kw:agriculture(49.2943); theme:agriculture_food/pasture_forage(46.9119)	ج ن ن:B011:التفاف النبات واندفاعه → ل ف ف:B002:نبات أو شجر يلتف بعضه ببعض
C074	0.7591	recurrence / time_measure_quantity/sequence_cycle / duration / occurrence	62	14	14	18	0.06162022	0.1978	1.0	0.8333	3,4,5,6,7,8,11,13,14,15,16,17,18,19,20,25,27,30,31,32,33,34,36,38,42,44,45,47,49,50,51,52,53,57,58,62,64,66,67,69,71,72,78,81,83,85,87,88,91,93,94,95,96,97,98,100,101,103,104,108,110,111	ء م م ب ع د ب ي ن ت ا ر ج ي ء ر ج ل ر د د ر و ح ر و د ع و د ك ر ر ك و ن م ر ر ي و م	kw:recurrence(95.6749); theme:time_measure_quantity/sequence_cycle(81.3799); kw:duration(63.0508); kw:occurrence(62.1239); kw:return(59.997); kw:repetition(55.9858); kw:event(54.9176); kw:interval(51.1888)	ر د د:B010:التكرار والتردد والحيرة → ك ر ر:B001:رجوع وترديد بعد مرة
C075	0.7589	judgment / authority / verdict / boasting	52	9	11	11	0.06694378	0.2075	1.0	0.9091	2,4,6,12,13,14,16,23,24,28,39,40,41,42,43,44,46,47,49,50,51,53,55,56,58,60,61,62,63,70,71,80,81,84,85,88,90,92,93,94,95,96,98,99,100,101,102,104,107,108,110,111	ح ك م س م و ش ج ر ف ص ل ق ض ي ق و ل ك ت ب ك ر م ن ف ر	kw:judgment(63.4441); kw:authority(52.4284); kw:verdict(52.326); kw:boasting(51.232); kw:governance(45.0396); kw:justice(44.8955); kw:rivalry(41.5754); kw:arbitration(35.7766)	ق ض ي:B001:الحكم والأمر القاطع → ح ك م:B002:الحكم والقضاء بين الناس
C076	0.7581	land_water_sky/weather_climate / wind / breeze / climate	18	11	12	19	0.0648892	0.2923	1.0	0.9474	1,6,12,13,29,46,58,60,62,68,69,77,78,83,85,92,99,107	ج ن ب د ب ر د ل ك ر ء ي ر و ح ع ن ق ق ب ل ك ر ر م ح و ن ش ر ن ع م	theme:land_water_sky/weather_climate(106.6584); kw:wind(104.0286); kw:breeze(63.4603); kw:climate(59.2371); kw:dispersal(56.8924); kw:direction(47.5872); kw:atmosphere(39.7012); kw:weather(37.9455)	د ب ر:B012:الدبور ريح من خلف الكعبة → ق ب ل:B012:ريح تقابل الدبور
C077	0.7579	limit / endpoint / adjacency / relation	62	13	14	19	0.06262568	0.2111	1.0	0.7895	1,2,4,5,7,8,9,12,17,20,23,24,25,26,27,28,29,30,32,33,34,35,37,38,39,40,41,42,43,46,47,50,51,54,55,56,57,59,60,62,65,66,67,72,73,74,78,79,80,84,85,86,87,88,89,93,97,99,100,102,108,111	ء ل ي ء و ل ب ل غ ح د د د و ن ر ب ب ع ل و ع ن د ق د ر ق ر ب ل د ن ه ا ء و ل ي	kw:limit(67.1951); kw:endpoint(47.5952); kw:adjacency(47.0731); kw:relation(45.8825); kw:space(42.0421); kw:nearness(39.1426); kw:boundary(38.6008); kw:grammar(38.2751)	ق ر ب:B001:الدنو وخلاف البعد → و ل ي:B001:قرب ودنو بلا فاصل
C078	0.7578	priority / time_measure_quantity/sequence_cycle / precedence / beginning	35	10	11	16	0.05807223	0.2963	1.0	0.8125	2,5,6,7,9,10,15,17,19,21,22,33,35,39,41,45,46,51,58,59,62,64,69,72,76,77,84,88,91,92,94,97,104,107,111	ء خ ر ء و ل ب ع د ج ن ن خ ل ف غ ر ر ق ب ل ن ف ر ه د ي و ل ي	kw:priority(71.1156); theme:time_measure_quantity/sequence_cycle(65.879); kw:precedence(54.9176); kw:beginning(53.9753); kw:sequence(47.0087); kw:novelty(29.9889); kw:onset(28.6095); kw:time(27.0443)	ب ع د:B002:البعد بعد القبل → خ ل ف:B002:وراء الشيء وخلاف قدّامه
C079	0.7577	palm / agriculture_food/plant_vegetation / sapling / tree	41	12	15	37	0.05567341	0.3663	0.973	0.6216	2,3,4,6,8,12,18,22,26,29,30,33,39,40,44,45,46,51,54,55,59,60,62,70,71,74,79,80,85,86,88,89,91,92,97,99,100,101,103,104,107	ء ت ي ب ن ي ج ع ل ج م ع ح ش ر ذ ر ر ش ي ء ع س ي ق ت ر ق ل ب ك ث ر ن خ ل	kw:palm(102.3487); theme:agriculture_food/plant_vegetation(77.982); kw:sapling(49.5059); kw:tree(45.2608); kw:shoot(43.1696); kw:growth(42.1427); kw:botany(38.0359); kw:pith(35.7766)	ج ع ل:B006:النخل الصغار أو القصار → ش ي ء:B006:صغار النخل
C080	0.7574	residence / space_form_boundary/place_location / stay / permanence	79	16	17	26	0.06148933	0.1926	1.0	0.6538	1,2,3,5,8,9,11,12,13,14,15,17,18,19,20,22,23,24,25,26,27,28,29,30,31,32,33,34,35,36,38,39,40,41,42,44,45,46,49,50,51,52,53,54,55,56,57,58,60,62,65,66,67,71,72,74,76,78,79,80,81,82,83,84,85,87,88,89,91,93,95,96,97,98,100,102,106,108,111	ب ر ك ث ب ت د و ن ر ب ب ر ب و ع ر ش ع ن د ق ر ء ق ر ب ق ع د ق و م ك و ن ل ب ث ل ز م م ك ث و ل ي	kw:residence(75.661); theme:space_form_boundary/place_location(74.9405); kw:stay(59.9777); kw:permanence(54.9176); kw:presence(54.2007); kw:nearness(52.1902); kw:persistence(51.0335); kw:adjacency(47.0731)	ل ب ث:B001:المكث في الموضع → م ك ث:B001:ثبات مع انتظار
C081	0.7573	darkness / night / dawn / time	35	17	17	43	0.06112792	0.3162	0.9767	0.6047	1,4,5,7,9,12,13,14,15,21,23,24,25,31,33,34,35,43,47,51,52,58,60,62,64,71,78,79,87,90,91,92,97,101,111	ج ن ح ر ج ل س ح ر س ر ي س ق ط ش د د ش م س غ س ق ف ج ر ق و م ك ب ر ل ي ل ن ف س ن ه ر و ج ه و ز ن ي و م	kw:darkness(100.5981); kw:night(93.8324); kw:dawn(84.868); kw:time(81.1329); kw:astronomy(53.537); kw:daylight(48.7992); kw:cycle(48.7706); kw:noon(47.0731)	ق و م:B017:انتصاف النهار وقائم الظهيرة → و ز ن:B004:قيام ميزان النهار في وسطه
C082	0.757	victory / contest / competition / rivalry	35	12	17	42	0.06236207	0.3281	1.0	0.619	2,4,5,7,9,19,20,21,23,26,31,43,51,55,57,59,60,62,63,70,71,81,85,87,88,92,94,98,100,101,104,106,107,109,111	ء ت ي ب ك ي ج ز ي ج ي ء ح ذ ر خ ش ي خ و ف س ع ي ع ط و ف ر ق ك ب ر ك ر م	kw:victory(97.0093); kw:contest(96.1057); kw:competition(92.0915); kw:rivalry(83.1508); kw:fear(73.3311); kw:comparison(63.9861); theme:conflict_security/conflict(62.0642); kw:dominance(54.4326)	خ ش ي:B001:الخوف والخشية مع الهيبة → خ و ف:B001:ذعر يتوقع المكروه
C083	0.7569	time / daylight / noon / dawn	30	13	13	28	0.06107613	0.359	0.9643	0.6071	1,4,5,7,9,12,13,14,21,23,31,34,35,43,47,51,52,58,60,62,64,71,78,79,87,88,91,97,101,111	ر ج ل س ح ر س ر ي ش د د ص د ر ظ ه ر ق و م ك ب ر ل ي ل ن ه ر و ج ه و ز ن ي و م	kw:time(72.1182); kw:daylight(65.0657); kw:noon(62.7642); kw:dawn(56.5787); kw:shadow(44.6404); theme:land_water_sky/light_darkness(42.6215); kw:height(37.0293); kw:cycle(36.578)	ق و م:B017:انتصاف النهار وقائم الظهيرة → و ز ن:B004:قيام ميزان النهار في وسطه
C084	0.7568	pause / time_measure_quantity/time / delay / lie	65	14	17	26	0.06443328	0.197	1.0	0.8077	1,2,3,4,5,6,8,12,16,17,18,22,23,24,28,29,30,33,37,39,40,42,43,44,45,46,47,49,50,51,52,53,55,56,59,60,61,62,63,65,73,74,76,80,81,84,85,88,90,93,94,95,96,98,99,100,101,102,103,104,106,107,108,110,111	ء ر ض ء ي ي ب ط ل ت ل و ج ع ل ع ب د ق و ل ك ذ ب ك و د ل ب ث ل د ن ل و م م ك ث ن ب ء	kw:pause(62.7642); theme:time_measure_quantity/time(51.7044); kw:delay(50.4406); kw:lie(44.316); kw:testimony(39.8493); kw:falsehood(39.2775); kw:aspect(30.4895); kw:stay(29.9889)	ل ب ث:B002:التوقف والبطء → ل د ن:B003:التلبث والتلكؤ
C085	0.7566	land_water_sky/weather_climate / rain / sky / cloud	58	17	17	38	0.05996454	0.2794	0.8947	0.5789	3,4,5,7,8,12,13,17,19,20,23,24,25,26,27,28,29,30,31,32,33,37,38,39,40,42,44,46,48,54,55,57,60,64,65,66,70,72,75,76,79,80,84,85,87,90,92,93,95,97,99,100,102,103,104,108,110,111	ء ر ض ب غ ي ج ل ب ح م ل ح ي ي خ ر ج خ ي ل ر ب ب ر ز ق س ب ل س م و ش ك ر ع م ي ع ن ق ن ص ر و ع د و ل ي	theme:land_water_sky/weather_climate(106.6584); kw:rain(106.6268); kw:sky(95.786); kw:cloud(74.8331); kw:fertility(63.8376); kw:meteorology(57.5595); kw:weather(47.4318); kw:precipitation(44.6404)	ر ز ق:B003:الغيث النازل رزقا → ح ي ي:B002:حياة الأرض بالمطر والنبات
C086	0.7563	sin / guilt / offense / accountability	23	9	10	13	0.06156744	0.2955	1.0	0.9231	2,4,9,10,15,17,18,21,23,24,25,31,40,43,44,51,54,57,58,60,73,87,111	ء خ ذ ج ن ح خ ط ء ذ ن ب ص ل ي ع ذ ب غ ف ر ك ب ر و ز ر	kw:sin(82.0071); kw:guilt(76.2238); kw:offense(74.4006); kw:accountability(53.335); kw:transgression(41.7788); kw:wrongdoing(34.884); kw:punishment(34.787); kw:crime(28.7797)	ذ ن ب:B001:الذنب والإثم → خ ط ء:B002:الخطيئة ذنب وإثم
C087	0.7557	reptile / viper / snake / serpent	15	9	9	13	0.06192315	0.3611	1.0	0.7692	27,32,33,46,53,56,64,65,73,75,80,88,91,92,100	ج ن ن ح ي ي ز ع م ز ن ي س ل ط ش ط ن غ ي ر ق ت ر ق ل ب	kw:reptile(85.8285); kw:viper(85.3867); kw:snake(85.3387); kw:serpent(79.3254); kw:danger(47.7898); kw:venom(45.3471); kw:taxonomy(22.5563); theme:animal_life/wildlife(22.4055)	ح ي ي:B004:الحية من جنس الحياة → ج ن ن:B012:الجان حية
C088	0.7556	residence / habitation / calm / shelter	71	14	17	28	0.06596186	0.2154	1.0	0.6429	2,3,4,5,6,9,10,11,13,15,18,19,20,25,26,27,30,31,32,33,34,35,36,38,40,42,44,45,46,49,50,51,53,54,57,58,59,62,66,67,68,69,70,72,74,75,77,78,79,81,82,83,87,88,90,91,93,94,95,96,97,98,100,101,102,104,105,106,107,108,111	ء م ن ب ن ي ب ي ت د و ر ر س ل ر ك ن س ك ن ط م ء ن ط م ن ق و م ك ن ن ك و ن م و ت ن ز ل	kw:residence(63.0508); kw:habitation(61.7155); kw:calm(59.9777); kw:shelter(54.2516); kw:refuge(52.9349); theme:space_form_boundary/place_location(48.7113); kw:station(41.7788); kw:dwelling(40.3171)	ط م ن:B001:السكون بعد الانزعاج → ط م ء ن:B001:السكون والطمأنينة
C089	0.7556	measure / volume / quantity / measurement	59	11	14	18	0.06351812	0.2118	1.0	0.8889	2,3,5,6,11,12,13,14,15,17,18,19,20,25,27,29,30,31,32,33,34,35,36,38,42,44,49,50,51,53,54,57,58,63,65,66,67,68,71,72,78,81,82,83,84,86,87,88,89,91,93,95,96,97,98,100,106,108,111	خ س ر ذ ه ب ف ر ق ك ر ر ك ف ي ك ل ل ك و ن ك ي ل م د د و ز ن و ك ل	kw:measure(67.026); kw:volume(60.4627); kw:quantity(57.9783); kw:measurement(57.6608); kw:capacity(49.0059); kw:provision(34.002); kw:dependence(29.9889); kw:responsibility(27.9929)	م د د:B006:مد يقدر به الكيل → ف ر ق:B011:فرق مكيال وإناء
C090	0.7553	lie / testimony / falsehood / fabrication	55	13	17	39	0.05837306	0.2977	0.9487	0.5641	9,10,16,19,23,24,26,28,33,37,40,42,43,45,47,49,50,51,53,56,59,60,61,62,63,67,68,69,70,73,78,80,81,82,84,85,88,90,91,92,93,94,95,96,98,99,100,101,102,104,105,107,108,110,111	ء م ن ب ر ر ب ط ل ح ق ق خ ر ق خ ل ق ز خ ر ف ز ع م ص د ق ف ج ر ف ر ي ق و ل ك ذ ب	kw:lie(88.6319); kw:testimony(79.6986); kw:falsehood(78.5549); kw:fabrication(74.4006); theme:emotion_ethics/deception_corruption(50.7294); kw:deception(48.3198); kw:covenant(41.3787); kw:invention(33.004)	خ ر ق:B003:اختلاق الكذب وافتراؤه → خ ل ق:B007:اختلاق الكذب والكلام
C091	0.755	rain / sky / land_water_sky/weather_climate / fertility	59	16	17	36	0.06150437	0.2667	0.9167	0.6111	3,4,7,8,10,12,15,17,20,23,24,25,26,27,28,30,31,32,33,34,37,38,39,40,42,43,44,46,48,54,55,57,58,60,64,65,66,70,72,75,76,79,80,84,85,87,90,92,93,95,97,99,100,102,103,104,108,110,111	ء ر ض ج ل ب ح م ل ح ي ي خ ي ل ر ب ب ر ز ق س ب ل س م و ع ذ ب ع ر ش ع ل و ع م ي ع ه د ن ص ر و ل ي	kw:rain(106.6268); kw:sky(95.786); theme:land_water_sky/weather_climate(67.1553); kw:fertility(63.8376); kw:weather(56.9182); kw:cloud(49.8887); kw:season(48.6555); kw:precipitation(44.6404)	و ل ي:B010:مطر يلي الوسمي → ع ه د:B007:مطر يتعاهد الأرض بعد بلل أو في أوائل الوسمي
C092	0.7547	destruction / ruin / mortality / disaster	22	11	13	24	0.06355093	0.32	0.9583	0.8333	2,7,16,17,21,26,46,48,55,58,59,60,71,81,82,85,88,92,101,102,104,107	ء ت ي ب ع د ت ب ر ث ب ر ح و ط د ب ر د م ر ز ه ق ش ف ي ن ظ ر ه ل ك	kw:destruction(131.9934); kw:ruin(85.5529); kw:mortality(53.9596); kw:disaster(47.5872); kw:loss(44.8244); kw:eradication(34.1547); kw:extinction(30.7655); kw:negation(26.8781)	ه ل ك:B001:السقوط إلى الهلاك والفناء → ث ب ر:B002:الهلاك والثبور
C093	0.7546	station / space_form_boundary/place_location / mansion / abode	58	11	12	15	0.06261831	0.2308	1.0	0.7333	2,3,5,7,9,11,13,14,15,18,19,20,25,26,27,30,31,32,33,34,35,36,38,40,42,44,46,49,50,51,53,57,58,62,66,67,72,73,78,79,81,82,83,87,88,91,93,95,96,97,98,100,102,104,105,106,108,111	ء خ ذ ب ذ ر س ك ن ع ه د غ ف ر ق ل ب ق و م ك و ن ن ز ل ن ف س و ز ن	kw:station(83.5576); theme:space_form_boundary/place_location(48.7113); kw:mansion(46.5929); kw:abode(45.7343); theme:land_water_sky/sky_astronomy(45.3437); kw:hierarchy(43.4607); kw:rank(38.6317); kw:residence(37.8305)	ء خ ذ:B008:أخذ القمر في منازله → غ ف ر:B006:منزل قمري من ثلاثة أنجم
C094	0.7546	space_form_boundary/place_location / station / residence / dwelling	62	11	12	11	0.06798087	0.1692	1.0	0.9091	2,3,5,9,11,13,15,18,19,20,25,26,27,30,31,32,33,34,35,36,38,42,44,48,49,50,51,53,55,57,58,59,62,64,66,67,71,72,78,79,81,82,83,85,87,88,91,92,93,95,96,97,98,100,101,102,104,105,106,107,108,111	ء ت ي س ك ن ص م م ط و ع ع د و ق و م ك و ن ن ب ء ن ب و ن ز ل ن ع م	theme:space_form_boundary/place_location(59.9524); kw:station(55.7051); kw:residence(50.4406); kw:dwelling(40.3171); kw:comfort(39.7012); kw:hierarchy(32.5956); kw:place(30.9257); kw:settlement(30.9257)	ك و ن:B002:المكان والمكانة من الكون → ق و م:B006:مقام وإقامة في موضع
C095	0.7545	sequence / order / succession / continuity	20	8	14	27	0.06481521	0.3462	1.0	0.8148	15,17,33,36,46,47,54,59,63,64,68,69,77,93,94,95,97,105,107,111	ت ب ع ت ل و ذ ن ب ر س ل ش ر ك ق ف و ق و ف و ل ي	kw:sequence(82.2652); kw:order(77.2633); kw:succession(75.4486); kw:continuity(62.6999); kw:pursuit(49.8887); kw:trail(46.5929); kw:following(43.7155); theme:time_measure_quantity/sequence_cycle(38.7523)	و ل ي:B002:تتابع شيء بعد شيء → ت ب ع:B004:الولاء والتتابع
C096	0.7545	suspicion / conjecture / blame / misfortune	69	8	12	11	0.0606357	0.1833	1.0	0.9091	2,3,5,7,11,12,14,15,16,18,19,20,23,24,25,27,28,30,31,32,33,34,36,38,40,42,43,44,47,49,50,51,52,53,56,57,58,60,61,62,63,64,66,67,72,73,78,80,81,83,84,85,87,88,90,91,93,94,95,96,98,100,101,102,104,107,108,110,111	ء خ ذ ح س ب خ ي ل س و ء ش ر ر ظ ن ن ق و ل ك و ن	kw:suspicion(60.4627); kw:conjecture(47.5952); kw:blame(40.4815); kw:misfortune(39.1426); kw:uncertainty(39.0107); kw:supposition(35.7766); kw:badness(33.5381); kw:judgment(31.722)	ظ ن ن:B004:تهمة وظنة → خ ي ل:B005:التخييل والاشتباه
C097	0.7543	concealment / protection / screen / veil	54	11	16	30	0.06524033	0.2609	0.9333	0.6333	3,5,8,11,15,18,19,20,25,26,27,30,31,32,33,34,36,37,38,42,44,45,46,49,50,51,53,57,58,66,67,68,69,72,78,81,82,83,87,88,89,91,93,95,96,98,99,100,102,104,105,106,108,111	ج ب ل ج ن ب ج ن ن ح ج ب س ت ر س ك ن غ ف ر ك ف ر ك ن ن ك و ن ن ز ل	kw:concealment(120.1837); kw:protection(79.5815); kw:screen(71.9494); kw:veil(70.346); kw:cover(51.0335); kw:station(41.7788); theme:space_form_boundary/place_location(37.4702); kw:habitation(37.0293)	ك ف ر:B001:ستر وتغطية → غ ف ر:B001:ستر يصون الشيء ويغطيه
C098	0.754	fertility / rain / ecology / weather	37	17	17	40	0.06204154	0.2941	1.0	0.625	4,5,7,13,16,17,23,30,31,33,34,37,40,44,46,48,55,58,62,63,64,70,73,75,76,80,90,91,95,97,99,102,103,104,106,108,111	ء ر ض ء ن ث ح ش ر ح ي ي خ ل ل ر ز ق ض ر ب ع ه د ف ر ق ك ر م م ر ح ن ش ر ن ص ر ه ل ك و ع د و ف ر و ل ي	kw:fertility(106.3959); kw:rain(94.7794); kw:ecology(81.8479); kw:weather(56.9182); kw:renewal(54.4326); kw:agriculture(49.2943); kw:season(48.6555); kw:pasture(46.1287)	ء ر ض:B002:الأرض اللينة المنبتة → ء ن ث:B004:الأرض السهلة الخصبة
C099	0.754	knowledge / cognition_perception/knowledge_learning / wisdom / epistemology	36	9	11	18	0.05649813	0.3462	1.0	0.6667	1,8,12,17,20,23,24,25,27,28,30,36,38,39,40,44,46,47,54,55,57,59,60,65,66,79,80,84,85,87,93,96,100,102,107,108	ء ذ ن ب ص ر ح ك م ح ل م خ ب ر ر ب ب ع ل م ف ق ه ق ل ب	kw:knowledge(100.8548); theme:cognition_perception/knowledge_learning(72.652); kw:wisdom(43.7155); kw:epistemology(41.5754); kw:jurisprudence(35.7766); kw:religion(32.5067); kw:understanding(31.7301); kw:reason(29.7602)	ح ك م:B003:الحكمة والعلم المصيب → ف ق ه:B002:العلم في الدين والشريعة
C100	0.7535	calm / space_form_boundary/place_location / station / residence	71	14	17	25	0.06739294	0.1923	1.0	0.72	3,5,8,9,10,11,13,15,18,19,20,22,25,26,27,29,30,31,32,33,34,35,36,38,42,44,45,46,49,50,51,52,53,54,57,58,59,62,66,67,68,69,72,74,76,77,78,79,81,82,83,87,88,89,90,91,93,94,95,96,97,98,99,100,102,104,105,106,107,108,111	ء م ن ج د د ر س ل ر ك ن س ك ن ط م ء ن ط م ن ق ع د ق و م ك ف ر ك ن ن ك و ن ل ب ث ن ز ل	kw:calm(59.9777); theme:space_form_boundary/place_location(59.9524); kw:station(55.7051); kw:residence(50.4406); kw:habitation(49.3724); kw:abode(45.7343); kw:shelter(43.4013); kw:place(41.2343)	ط م ن:B001:السكون بعد الانزعاج → ط م ء ن:B001:السكون والطمأنينة
C101	0.7533	spirit / group / community / multitude	58	16	17	38	0.06008397	0.2815	0.8947	0.5789	1,6,8,11,12,13,17,20,23,24,25,27,28,29,30,37,38,39,40,41,46,47,53,54,55,57,58,60,62,63,64,65,66,67,69,71,75,77,79,80,83,84,85,87,88,89,91,92,93,94,99,100,102,103,104,106,107,108	ء م م ء ن س ت ب ع ج ب ل ج م ع ج ن ن ح ي ي ر ء ي ر ب ب ش ط ن ع ن ق ق ب ل ك ر ر ل ف ف م س س ن ف ر	kw:spirit(74.4006); kw:group(72.813); kw:community(56.209); kw:multitude(53.7561); kw:society(51.9463); kw:crowd(51.0335); theme:ritual_belief/belief_revelation(46.5028); kw:demography(44.6404)	ق ب ل:B009:جماعة يقبل بعضها على بعض → ح ي ي:B010:الحي جماعة النسب والقبيلة
C102	0.7532	walking / calumny / travel / slander	17	9	11	19	0.06058124	0.3585	1.0	0.7895	12,16,18,19,20,21,30,37,44,47,54,64,74,83,86,95,103	ح ظ ر خ ي ل د ر ج ر ج ل ر و د س ع ي ش ي ء م ش ي ن ع م	kw:walking(74.9722); kw:calumny(48.7992); kw:travel(44.1154); kw:slander(39.0107); kw:intention(37.6199); kw:pedestrian(35.7766); kw:will(33.004); kw:volition(32.1114)	ح ظ ر:B003:الحظر الرطب للكذب والنميمة → م ش ي:B004:المشي بالنميمة
C103	0.753	guarantee / liability / law_governance/obligation_contract / surety	62	15	16	29	0.06421497	0.2437	0.931	0.6207	1,2,3,4,5,11,14,15,16,17,18,19,20,22,23,25,26,27,30,31,32,33,34,36,38,42,44,47,49,50,51,53,54,56,57,58,63,65,66,67,68,69,70,72,77,78,81,83,86,87,88,91,92,93,95,96,98,100,105,107,108,111	ت ب ع ت ل و ح ر م ح ق ق ح م ل ح و ل خ س ف ذ م م ز ع م ع ه د ق ب ل ق ض ي ك ف ي ك و ن و ك ل	kw:guarantee(92.2965); kw:liability(78.5549); theme:law_governance/obligation_contract(72.0128); kw:surety(63.4603); kw:contract(61.5604); kw:sanctity(46.5929); kw:honor(45.8825); kw:pledge(42.2076)	ز ع م:B003:تحمل الكفالة → ق ب ل:B008:ضمان الشيء والتكفل به
C104	0.7527	combat / opposition / wrestling / commerce	55	10	10	8	0.06110159	0.1778	1.0	1.0	1,2,9,13,16,23,24,28,31,33,35,39,40,42,43,47,49,50,51,53,56,58,60,61,62,63,67,73,78,79,80,81,82,83,84,85,88,90,93,94,95,96,97,98,99,100,101,102,104,105,106,107,108,110,111	ء خ ذ ب ر ك ر ء ي ع ر ض ق ت ل ق و ل ق و م ل ق ي ن ز ل و ز ن	kw:combat(50.7316); kw:opposition(40.6505); kw:wrestling(32.5328); kw:commerce(31.2388); kw:confrontation(29.7602); kw:battle(28.7797); kw:encounter(26.4674); kw:reciprocity(25.9211)	ء خ ذ:B011:أخذة المصارعة → ق و م:B014:مقاومة ومنازلة
C105	0.7526	grammar / duration / question / history	64	13	16	20	0.06322085	0.1709	1.0	0.9	1,3,5,6,9,11,12,13,14,15,17,18,19,20,25,27,30,31,32,33,34,35,36,37,38,39,41,42,44,45,47,49,50,51,52,53,57,58,59,62,64,66,67,71,72,78,81,83,87,88,89,91,93,95,96,97,98,100,101,102,104,108,110,111	ء م م ء ي ي ب ع د ب ي ن ذ و و ر ج ل ط و ل ف ص ل ق ر ن ك و ن م د د ه ا ء ي و م	kw:grammar(89.3086); kw:duration(88.2711); kw:question(77.6548); kw:history(64.5923); kw:syntax(60.4627); theme:time_measure_quantity/time(55.3976); kw:event(54.9176); kw:interval(51.1888)	م د د:B004:أجل أو زمن يطال ويمتد → ط و ل:B003:طول الزمان الطويل
C106	0.752	judgment / authority / governance / verdict	55	11	13	16	0.0630348	0.2133	1.0	0.875	2,4,6,12,13,14,16,23,24,26,28,33,39,40,41,42,43,46,47,49,50,51,53,54,56,58,60,61,62,63,65,68,69,71,80,81,84,85,86,88,90,93,94,95,96,98,100,101,102,104,105,107,108,110,111	ء م ر ت ب ع ح ق ق ح ك م ف ص ل ق ض ي ق و ل ك ت ب ل ز م ن ف ر و ك ل	kw:judgment(74.0181); kw:authority(62.914); kw:governance(56.2995); kw:verdict(52.326); kw:justice(44.8955); kw:command(42.2076); theme:law_governance/authority_governance(37.9085); kw:law(35.8719)	ق ض ي:B001:الحكم والأمر القاطع → ح ك م:B002:الحكم والقضاء بين الناس
C107	0.7517	plant / ecology / vegetation / herb	43	16	17	46	0.05772182	0.3407	0.8261	0.6087	3,8,11,12,13,17,18,19,20,23,24,25,27,28,29,30,36,38,39,40,46,53,54,55,57,60,65,66,69,76,79,80,83,84,85,87,88,91,93,100,102,104,108	ج ن ن ح س ر خ ل ف ذ ن ب ر ب ب ر و ح ش ج ر ش ر ر ش ك ر ش ك ل ع ج ل ع د و ق ف و ل ف ف ن ش ر ن ف ل	kw:plant(120.5319); kw:ecology(112.5409); kw:vegetation(91.6042); kw:herb(88.5234); theme:agriculture_food/plant_vegetation(70.1838); kw:growth(63.214); kw:renewal(54.4326); kw:agriculture(49.2943)	ج ن ن:B011:التفاف النبات واندفاعه → ل ف ف:B002:نبات أو شجر يلتف بعضه ببعض
C108	0.7517	path / road / route / tradition	34	15	15	32	0.05811266	0.3048	1.0	0.6562	2,8,9,15,21,26,32,40,42,48,51,55,56,59,61,63,64,69,71,72,77,84,85,86,88,92,94,95,97,100,101,107,110,111	ء ت ي ء م م خ ز ن د ر ج ذ ه ب س ب ل س ن ن ش ر ك ع م ل ع و د م ل ك ن ب ء ن ب و ن ظ ر ه د ي	kw:path(162.1383); kw:road(130.9248); kw:route(65.6923); kw:tradition(43.7155); kw:navigation(42.7746); theme:movement_travel/navigation_route(41.4217); kw:guidance(40.1571); kw:journey(36.2398)	ن ب ء:B007:الطريق الواضح والأرض السهلة → ن ب و:B005:الطريق والطريق الهادي
C109	0.7517	fear / alarm / conflict_security/protection_security / warning	20	8	13	24	0.06543335	0.3478	1.0	0.75	9,10,19,31,37,45,57,59,60,68,69,82,85,90,93,94,100,105,106,107	ء م ن ح ذ ر خ ر ق خ ش ي خ و ف ر و ح ف ر ق ن ذ ر	kw:fear(85.5529); kw:alarm(74.4006); theme:conflict_security/protection_security(54.0783); kw:warning(43.4363); kw:emotion(42.878); kw:risk(39.1426); kw:security(36.2398); theme:conflict_security/danger_harm(36.1021)	خ ش ي:B001:الخوف والخشية مع الهيبة → خ و ف:B001:ذعر يتوقع المكروه
C110	0.7516	group / sheep / flock / herd	53	17	17	33	0.0589977	0.2426	1.0	0.697	3,6,8,12,13,15,16,17,20,23,24,25,27,28,29,30,38,39,40,42,46,47,54,55,57,59,60,64,65,66,68,69,70,71,77,79,80,84,85,87,88,91,93,94,95,99,100,102,103,105,106,108,110	ء ج ل ء م ر ء م م ج م ع ج ن ن ج ه ر ح م ل ر ب ب ر ج ل ر س ل ع ر ش ع ن ق ف ر ق ك ر ر ن ش ر و ق ر ي س ر	kw:group(97.084); kw:sheep(80.6342); kw:flock(70.346); kw:herd(64.3861); theme:kinship_society/household_community(54.6873); kw:multitude(53.7561); kw:band(43.1696); kw:people(41.3787)	ر ب ب:B014:رَبْرَب قطيع → ء ج ل:B004:الإِجْل قطيع الوحش
C111	0.7513	death / listening / attention / hearing	59	13	16	27	0.05714894	0.2328	0.963	0.8148	1,4,7,12,14,15,16,18,23,24,25,28,30,31,33,34,35,36,40,42,43,44,46,47,49,50,51,53,54,56,59,60,61,62,63,69,71,74,75,80,81,84,85,86,88,90,93,94,95,96,98,100,101,102,104,107,108,110,111	ء ذ ن ح ي ي ر و ح س م ع ش ي ء ق ت ل ق ض ي ق و ل ك ذ ب م و ت ن ف س و ف ي ي م ن	kw:death(123.0731); kw:listening(62.7642); kw:attention(59.2371); kw:hearing(56.2768); kw:mortality(53.9596); kw:audition(50.3071); kw:soul(44.0082); kw:sacrifice(42.6693)	س م ع:B001:إدراك الأصوات بالأذن → ء ذ ن:B002:الإصغاء وقبول المسموع
C112	0.7513	power / capacity / condition_force_change/capacity_ability / ability	68	11	13	12	0.06632143	0.16	1.0	0.9167	1,2,3,4,5,11,12,15,18,19,20,25,26,27,29,30,31,32,33,34,36,37,38,39,42,44,47,48,49,50,51,53,54,55,57,58,59,62,64,65,66,67,70,71,72,73,74,77,78,80,81,83,85,86,87,88,91,92,93,95,96,98,99,100,101,107,108,111	ء ت ي ء ل ي س ل ط ش ي ء ط و ع ط و ل ط ي ب ق ب ل ق د ر ك و ن ي د ي	kw:power(98.3322); kw:capacity(73.5089); theme:condition_force_change/capacity_ability(64.317); kw:ability(61.531); kw:capability(53.6648); kw:adaptation(34.884); kw:action(28.9576); kw:resilience(27.8525)	ط و ع:B003:الاستطاعة والإطاقة → ء ل ي:B011:الاستطاعة والطاقة
C113	0.7511	group / spirit / community / people	59	17	17	28	0.06703374	0.2059	0.9286	0.75	1,6,8,9,11,12,13,17,20,23,24,25,27,28,30,35,38,39,40,41,46,47,53,54,55,57,58,60,62,64,65,66,67,71,75,77,78,79,80,83,84,85,87,88,89,91,92,93,94,97,99,100,102,103,104,105,106,107,108	ء م م ء ن ث ء ن س ب ش ر ج م ع ج ن ن ح ي ي ذ ك ر ر ء ي ر ب ب ر ج ل ش ط ن ق ب ل ق و م ك ر ر ل ف ف م س س	kw:group(60.6775); kw:spirit(59.5205); kw:community(56.209); kw:people(55.1716); kw:tribe(47.5872); kw:society(41.5571); kw:clan(39.4154); kw:crowd(38.2751)	ء ن ث:B001:الأنثى خلاف الذكر → ذ ك ر:B001:الذكر خلاف الأنثى
C114	0.7511	time / change / time_measure_quantity/time / history	19	9	9	19	0.05802814	0.5278	1.0	0.7368	1,5,11,13,21,29,36,41,48,52,53,56,57,67,71,77,89,99,110	ح و ل د ع و د و ر ر ي ب ص ر ف ع د و ع ن ق ق ف و ن ظ ر	kw:time(54.0886); kw:change(50.8811); theme:time_measure_quantity/time(48.0113); kw:history(38.7554); kw:calamity(35.9982); kw:vicissitude(35.7766); kw:mortality(32.3757); kw:event(27.4588)	ع ن ق:B014:عنق الدهر القديم → ق ف و:B009:قفا الدهر بمعنى الأبد
C115	0.7503	honor / nobility / elevation / height	32	13	16	37	0.06208749	0.319	0.9459	0.6757	1,4,7,9,12,14,21,23,24,31,40,41,43,44,46,49,51,55,56,59,60,62,70,87,92,93,95,98,99,102,110,111	ح س ب ذ ك ر ر ب و ز ع م س ر ي س م و س ن و ع ظ م ع ل و ك ب ر ك ر م ن ب و ن و ق	kw:honor(126.1769); kw:nobility(89.8577); kw:elevation(70.7954); kw:height(61.7155); kw:reputation(60.2637); kw:rise(57.9151); kw:virtue(49.8887); theme:kinship_society/hierarchy_status(47.8386)	ع ل و:B002:الرفعة والشرف → س ن و:B003:السَّناء والرفعة
C116	0.7502	milk / dairy / agriculture_food/food_nutrition / yield	58	15	15	28	0.05452283	0.2667	0.9286	0.6429	3,5,7,8,11,12,15,17,18,19,20,23,24,25,27,28,30,35,38,39,40,41,46,48,51,52,54,55,56,57,59,60,64,65,66,67,68,69,71,77,78,79,80,84,85,87,89,93,94,95,96,97,100,102,103,105,108,110	ء و ل د ع و د ل ك ر ب ب ر س ل ش ك ر ش ه د ص ر ف ص ف و ص م م ض ر ب ع ج ل غ ر ر غ ر ق ف ط ر	kw:milk(103.4184); kw:dairy(61.1092); theme:agriculture_food/food_nutrition(46.6075); kw:yield(45.7343); kw:abundance(41.1892); kw:udder(39.7012); kw:food(35.644); kw:coagulation(32.5328)	ء و ل:B005:خثور السائل وانعقاده في آخر أمره → ص م م:B020:اللبن الخاثر الصامت عند الصب
C117	0.7502	creation / production / ontology / existence	70	12	15	19	0.06163563	0.1881	1.0	0.7895	2,3,4,5,6,8,11,12,15,16,18,19,20,22,23,25,26,27,29,30,31,32,33,34,35,36,38,39,42,44,45,46,49,50,51,53,57,58,60,61,64,66,67,68,69,70,72,74,75,76,77,78,80,81,83,86,87,88,91,93,95,96,97,98,99,100,103,105,108,111	ب ط ل ث ب ت ج ع ل ح ق ق خ ل ق ع ر ش ف ز ز ف ط ر ق ض ي ك و ن و ج د و ز ن	kw:creation(124.136); kw:production(72.8591); kw:ontology(71.5238); kw:existence(60.4627); kw:reality(52.326); kw:origination(47.5952); kw:validity(35.7766); kw:making(34.884)	خ ل ق:B002:إبداع الخلق وإيجاده → ف ط ر:B002:إيجاد وابتداء
C118	0.7501	slave / power / ownership / sovereignty	61	15	17	26	0.06264238	0.194	1.0	0.8077	1,2,3,4,5,8,12,13,14,17,19,20,22,23,24,25,27,28,29,30,31,33,38,39,40,42,46,47,53,54,55,56,57,58,60,61,63,64,65,66,69,71,73,79,80,84,85,86,87,92,93,94,95,96,97,99,100,102,108,110,111	ء ل ه ت ب ع د ب ر ر ب ب س ع ي س ل ط ش ر ك ع ب د ع ر ش ق د ر ك ت ب م ل ك و ح ي و ل د ي د ي	kw:slave(78.4553); kw:power(76.4806); kw:ownership(63.0508); kw:sovereignty(60.9791); theme:law_governance/authority_governance(60.6535); kw:hierarchy(54.3259); kw:politics(52.5539); kw:manumission(49.5059)	ع ب د:B001:الرق والملك → م ل ك:B002:المِلْك والتصرف
C119	0.7496	submission / humility / ritual_belief/religion_worship / obedience	60	15	16	31	0.0586383	0.2605	0.9677	0.5806	1,3,5,7,8,11,15,17,18,19,20,23,24,25,26,27,29,30,31,32,33,34,36,38,42,44,48,49,50,51,53,57,58,61,64,65,66,67,69,72,75,78,81,83,87,88,89,91,93,95,96,98,99,100,104,107,108,109,110,111	خ ش ع خ ف ض ذ ل ل س ج د س ك ن ص ل و ص ل ي ط م ء ن ط م ن ط و ع ع ب د ك ف ر ك و ن م و ت ي د ي	kw:submission(161.9259); kw:humility(102.6858); theme:ritual_belief/religion_worship(81.1105); kw:obedience(79.6986); kw:bowing(51.232); kw:prostration(50.3071); kw:worship(50.1599); kw:abasement(46.5929)	ص ل ي:B001:الصلاة عبادة لازمة → ص ل و:B003:العبادة المخصوصة
C120	0.7496	language_communication/writing_text / writing / documentation / inscription	26	8	10	15	0.05971141	0.3571	1.0	0.7333	2,3,4,9,13,14,22,39,41,42,45,46,55,58,60,71,73,75,78,82,86,88,89,93,103,106	ز ب ر س ط ر ض ع ف ق ر ء ك ت ب م ع ع ن ش ر و ح ي	theme:language_communication/writing_text(141.1806); kw:writing(106.2648); kw:documentation(50.3071); kw:inscription(44.9833); kw:literacy(44.6404); kw:document(31.3821); kw:book(30.7655); kw:scripture(29.544)	ك ت ب:B002:نظم الحروف واسم المكتوب → و ح ي:B003:كتابة ونقش
C121	0.7492	worship / ritual_belief/religion_worship / blessing / prayer	33	10	15	30	0.06470866	0.3061	1.0	0.6333	1,3,5,7,8,17,18,19,23,24,28,30,43,44,52,53,54,57,61,65,66,75,78,79,82,87,93,96,100,107,108,110,111	ب ر ك ح م د ح ي ي ر ح م س ب ح س ج د ش ك ر ص ل و ص ل ي ع ب د	kw:worship(100.3198); theme:ritual_belief/religion_worship(93.9175); kw:blessing(89.5805); kw:prayer(68.647); kw:gratitude(63.4603); kw:praise(55.7051); kw:devotion(53.335); kw:prostration(50.3071)	ص ل ي:B001:الصلاة عبادة لازمة → ص ل و:B003:العبادة المخصوصة
C122	0.7491	land_water_sky/weather_climate / wind / breeze / climate	34	13	15	25	0.06549667	0.2427	1.0	0.88	2,5,6,7,8,12,13,14,15,18,22,25,29,33,35,39,45,46,47,51,58,59,60,68,69,71,77,80,82,83,85,92,99,107	ء و ل ج ع ل ج ن ب د ب ر ر و ح ظ ل م ع ن ق ق ب ل ك ر ر م ح و ن ش ر ن ع م ن ف س	theme:land_water_sky/weather_climate(94.8074); kw:wind(91.0251); kw:breeze(63.4603); kw:climate(59.2371); kw:direction(47.5872); kw:bird(46.9162); kw:ostrich(45.3471); kw:dispersal(42.6693)	ظ ل م:B006:الظليم ذكر النعام → ن ع م:B006:النعام والنعامة الطائر
C123	0.749	multitude / joining / community / assembly	64	14	17	34	0.0613338	0.2576	0.8529	0.6471	1,2,4,8,9,12,13,14,16,17,20,23,24,25,27,28,29,30,36,38,39,40,41,42,44,45,46,47,51,54,55,57,58,59,60,62,65,66,67,71,73,74,77,78,79,80,82,84,85,86,87,88,89,91,92,93,96,100,102,103,104,106,107,108	ء ل ي ب ص ر ج م ع ج ن ن ر ب ب ع ن ق غ ف ر ف ر ق ق ب ل ق ر ء ق ر ن ق ر ي ك ت ب ل ف ف	kw:multitude(67.1951); kw:joining(56.2768); kw:community(56.209); kw:assembly(52.7421); theme:time_measure_quantity/quantity_number(51.3684); kw:gathering(51.3473); theme:kinship_society/household_community(51.0415); kw:inclusion(45.7343)	ق ر ء:B001:جمع واجتماع → ق ر ي:B002:جمع ماء أو شيء في مستقر
C124	0.7487	guarantee / law_governance/obligation_contract / liability / surety	53	12	14	20	0.06704963	0.2247	0.95	0.75	1,3,4,5,11,15,18,19,20,22,23,25,27,30,31,32,33,34,36,38,42,44,47,49,50,51,53,56,57,58,63,66,67,69,70,72,73,77,78,81,83,87,88,91,92,93,95,96,98,100,107,108,111	ت ب ع ت ل و ج ز ي ح م ل ح و ل د ل ك ذ م م ز ع م غ ي ر ق ب ل ق ض ي ك و ن	kw:guarantee(76.9137); theme:law_governance/obligation_contract(72.0128); kw:liability(65.4624); kw:surety(63.4603); theme:economy_property/finance_debt(58.5527); kw:finance(49.4984); kw:contract(49.2484); kw:demand(48.1671)	ز ع م:B003:تحمل الكفالة → ق ب ل:B008:ضمان الشيء والتكفل به
C125	0.7483	sufficiency / substitution / replacement / law_governance/authority_governance	62	12	16	24	0.06850134	0.2087	1.0	0.6667	2,3,4,5,9,11,12,13,14,15,17,18,19,20,23,25,27,30,31,32,33,34,35,36,37,38,39,42,44,49,50,51,53,54,56,57,58,62,63,65,66,67,68,72,76,78,79,81,83,86,87,88,91,92,93,95,96,97,98,100,108,111	ب ل غ ج ز ي ح س ب ح ك م خ ل ف ز ع م ف ص ل ق ض ي ق و م ك ف ي ك و ن و ك ل	kw:sufficiency(67.7508); kw:substitution(61.531); kw:replacement(59.9777); theme:law_governance/authority_governance(53.0718); kw:verdict(52.326); kw:completion(50.299); kw:adequacy(46.5929); kw:obligation(45.1127)	ق ض ي:B001:الحكم والأمر القاطع → ح ك م:B002:الحكم والقضاء بين الناس
C126	0.748	law_governance/authority_governance / governance / office / administration	41	13	14	26	0.06141835	0.2889	0.9615	0.6538	2,5,7,9,12,13,14,16,17,19,20,29,33,35,36,38,40,46,51,54,56,58,59,61,62,65,68,71,78,79,80,84,85,86,89,92,95,96,97,100,111	ء م ر ء و ل س ع ي س ل ط ص د ق ع م ل ق و م ك ف ي ك ل ل م ل ك و ك ل و ل ي ي د ي	theme:law_governance/authority_governance(140.2613); kw:governance(101.3391); kw:office(47.0731); kw:administration(43.1696); kw:authority(41.9427); kw:politics(39.4154); kw:leadership(38.7554); kw:care(37.2198)	ع م ل:B003:ولاية العمل والقيام عليه → س ع ي:B003:ولاية وسعاية على القوم
C127	0.7476	tongue / weakness / language / speech	56	15	17	31	0.05757657	0.2313	1.0	0.7419	2,8,9,12,13,15,16,20,23,24,28,29,34,36,37,38,40,42,43,44,45,47,49,50,51,52,53,56,60,61,62,63,65,71,75,80,81,84,85,88,89,90,93,94,95,96,97,98,100,101,102,104,107,108,110,111	ء م ر ب ك م ب ل غ ب ي ن ح ص ر ض ع ف ظ ن ن ف ء د ف ص ل ق و ل ك ل ل ل ف ف ل ك ن ل ي س ه د ي	kw:tongue(77.7634); kw:weakness(68.9456); kw:language(60.6892); kw:speech(56.3049); kw:disability(55.4339); kw:expression(50.1599); theme:language_communication/language_speech(45.966); kw:clarity(39.1426)	ف ص ل:B004:لسان يفصل الأمور بالبيان → ق و ل:B002:اللسان آلة القول
C128	0.7474	law_governance/authority_governance / politics / hierarchy / sovereignty	71	13	16	18	0.06305381	0.1552	1.0	0.8889	1,8,11,12,13,16,17,20,23,24,25,26,27,28,29,30,32,33,34,38,39,40,42,43,46,47,49,50,51,53,54,55,56,57,60,61,62,63,65,66,67,69,71,73,79,80,81,82,83,84,85,86,87,88,89,90,92,93,94,95,96,98,100,101,102,104,106,107,108,110,111	ء ن س ب ع د ت ب ع ح ر م ر ب ب ر ح م س ل ط ع ر ش ق ر ب ق و ل م ل ك و ح ي ي د ي	theme:law_governance/authority_governance(79.6078); kw:politics(65.6923); kw:hierarchy(65.1911); kw:sovereignty(60.9791); kw:family(57.0546); kw:governance(56.2995); kw:power(54.629); kw:ruler(52.326)	ر ح م:B002:الرَّحِم والقرابة → ق ر ب:B003:قرابة الرحم والنسب
C129	0.7473	grammar / duration / question / interval	61	10	12	13	0.05763965	0.2031	1.0	0.8462	1,3,4,5,7,9,11,12,13,14,15,17,18,19,20,25,27,30,31,32,33,34,35,36,38,39,41,42,44,45,49,50,51,52,53,57,58,59,62,66,67,71,72,78,81,83,87,88,89,91,93,95,96,97,98,100,101,104,108,110,111	ء م م ء ي ي ب ع د ب ي ن ذ و و ظ ه ر ف ص ل ك و ن م ر ر ي و م	kw:grammar(76.5503); kw:duration(63.0508); kw:question(62.1239); kw:interval(51.1888); kw:syntax(45.3471); theme:time_measure_quantity/sequence_cycle(42.6276); kw:event(41.1882); kw:recurrence(41.0035)	ء ي ي:B006:أيان للزمان → ب ي ن:B010:الوقت الواقع أثناء حال أو فعل
C130	0.7471	darkness / night / transition / dawn	29	14	15	34	0.05816416	0.3269	0.9706	0.6471	1,3,8,12,19,23,24,27,33,34,37,47,51,59,67,69,71,78,79,82,88,89,90,91,92,93,98,99,101	ب ل غ ب ي ت ج ن ح ج ن ن ح ر م س ح ر س ق ط ش ك ر ظ ل م ع س ي غ س ق ف ج ر ك ف ر ل ي ل	kw:darkness(188.6214); kw:night(129.0195); kw:transition(45.5656); kw:dawn(42.434); kw:morning(29.1436); kw:time(27.0443); kw:intensity(26.5662); kw:blackness(25.6736)	ج ن ح:B004:جنح الليل وإقباله → ج ن ن:B002:غشيان الليل
C131	0.7471	concealment / screen / cover / veil	19	11	14	31	0.06562524	0.3523	0.9355	0.6774	1,8,25,27,29,44,45,46,56,67,68,69,73,83,88,89,91,98,99	ج ن ب ج ن ن ح ج ب ح س ر س ت ر س ر ي غ ف ر ف ر ي ك ش ف ك ف ر ك ن ن	kw:concealment(163.8869); kw:screen(86.3393); kw:cover(76.5503); kw:veil(70.346); kw:protection(59.6861); kw:refuge(52.9349); kw:exposure(48.4301); kw:covering(46.2971)	س ر ي:B004:الكشف والانسراء → ك ش ف:B001:رفع الغطاء عن الشيء
C132	0.7466	judgment / truth / authority / verdict	51	10	13	18	0.06387729	0.2432	1.0	0.7222	2,4,6,12,13,14,16,23,24,26,28,33,39,40,41,42,43,46,47,49,50,51,53,56,58,60,61,62,63,71,74,80,81,84,85,88,90,93,94,95,96,98,100,101,102,104,105,107,108,110,111	ب ط ل ث ب ت ح ق ق ح ك م ف ص ل ق ض ي ق و ل ك ت ب ل ز م ن ف ر	kw:judgment(74.0181); kw:truth(53.9753); kw:authority(52.4284); kw:verdict(52.326); kw:governance(45.0396); kw:justice(44.8955); kw:law(35.8719); kw:validity(35.7766)	ق ض ي:B001:الحكم والأمر القاطع → ح ك م:B002:الحكم والقضاء بين الناس
C133	0.7466	taking / grammar / deixis / command	58	11	15	16	0.06508572	0.1616	1.0	1.0	1,2,4,7,8,9,12,13,17,20,23,24,25,27,28,29,30,35,38,39,40,41,42,43,46,47,51,54,55,56,57,58,59,60,62,65,66,67,72,73,74,78,79,80,84,85,86,87,88,89,93,97,98,100,102,108,110,111	ء خ ذ ء ل ي د و ن ذ و و ر ب ب ع ط و ع ل و ع ن د ك ذ ب ل ق ي ه ا ء	kw:taking(59.5205); kw:grammar(51.0335); kw:deixis(47.5952); kw:command(42.2076); kw:transfer(38.2751); kw:preposition(36.9273); kw:possession(36.6655); kw:alphabet(34.884)	د و ن:B004:الإغراء بالتناول → ع ن د:B006:إغراء عندك بالأخذ
C134	0.7462	judgment / authority / verdict / governance	52	10	12	12	0.06555862	0.1875	1.0	0.9167	2,4,6,12,13,14,16,23,24,28,29,30,31,33,35,39,40,41,42,43,46,47,49,50,51,53,56,58,60,61,62,63,71,80,81,84,85,88,90,93,94,95,96,98,100,101,102,104,107,108,110,111	ب س ط ت ل و ح ك م ف ص ل ق ت ل ق ض ي ق و ل ك ت ب ك ي ل ن ف ر	kw:judgment(74.0181); kw:authority(52.4284); kw:verdict(52.326); kw:governance(45.0396); kw:justice(44.8955); kw:arbitration(35.7766); kw:decree(34.1547); kw:sacrifice(28.4462)	ق ض ي:B001:الحكم والأمر القاطع → ح ك م:B002:الحكم والقضاء بين الناس
C135	0.7461	relation / division / boundary / interval	16	9	11	17	0.05952145	0.3208	1.0	0.8235	1,5,12,45,50,53,56,73,77,88,91,96,101,106,108,110	ب ي ن ح د د ح و ل خ ل ل س ت ر ظ ه ر ف ر ق ف ص ل ف ع ل	kw:relation(57.3531); kw:division(48.6555); kw:boundary(38.6008); kw:interval(38.3916); theme:space_form_boundary/boundary(38.3301); kw:interstice(35.7766); kw:distinction(32.5328); kw:parting(32.5328)	ف ص ل:B001:إبانة شيء من شيء حتى يظهر الحد بينهما → ف ر ق:B001:تمييز وتزييل بين شيئين
C136	0.7459	support / wood / transport / craft_material_built/tools_equipment	60	13	14	18	0.05862074	0.2	1.0	0.8333	1,2,3,4,5,6,7,8,9,11,13,16,18,23,24,26,28,35,40,42,43,47,48,49,50,51,53,56,58,59,60,61,62,63,69,70,71,77,78,79,80,81,84,85,88,90,93,94,95,96,97,98,100,101,102,104,107,108,110,111	ء م م ء و ل ب ن ي ح م ل ح و ل ش ج ر ض ر ب ظ ه ر ع ج ل ع و د ق ر ي ق و ل ق و م	kw:support(66.717); kw:wood(63.231); kw:transport(50.7816); theme:craft_material_built/tools_equipment(50.4395); kw:tool(42.4); kw:technology(42.2076); kw:carrier(34.1547); kw:circumstance(33.004)	ع و د:B010:عود من خشب وطيب وآلة → ق و ل:B008:عود القال لضرب القلة
C137	0.7457	group / tribe / community / clan	57	17	17	33	0.06243065	0.2426	0.8788	0.6667	6,8,9,11,12,13,17,20,23,24,25,27,28,29,30,35,38,39,40,41,44,46,53,54,55,57,58,60,62,65,66,67,71,75,77,78,79,80,83,84,85,87,88,89,91,92,93,94,97,100,102,103,104,105,106,107,108	ء م م ء ن ث ء ن س ب ش ر ب ي ت ج م ع ج ن ن ح ي ي ر ب ب ع ن ق غ ف ر ق ب ل ق ر ن ق و م ك ر ر ل ف ف ن ف ر	kw:group(84.9485); kw:tribe(83.2777); kw:community(67.4508); kw:clan(65.6923); kw:people(55.1716); kw:multitude(53.7561); kw:demography(44.6404); kw:society(41.5571)	ب ش ر:B002:الإنسان الظاهر الجلد → ء ن س:B001:ظهور الإنسان المخالف للتوحش والجن
C138	0.7456	residence / stay / permanence / truth	52	15	15	25	0.06236432	0.2381	1.0	0.64	1,8,9,12,13,16,17,20,22,23,24,25,26,27,28,29,30,33,35,38,39,40,42,46,52,54,55,57,58,59,60,62,65,66,74,76,78,79,80,81,84,85,87,93,97,98,100,101,102,105,106,108	ء ي ي ب ر ك ب ط ل ث ب ت ح ق ق ر ب ب ع ر ش ف ص ل ق ع د ق و م ل ب ث ل د ن ل ز م ل و م م ك ث	kw:residence(88.2711); kw:stay(74.9722); kw:permanence(54.9176); kw:truth(53.9753); theme:space_form_boundary/place_location(52.4583); kw:persistence(51.0335); kw:pause(47.0731); kw:settlement(41.2343)	ل ب ث:B001:المكث في الموضع → م ك ث:B001:ثبات مع انتظار
C139	0.7453	miserliness / avarice / withholding / stinginess	11	8	9	11	0.0679103	0.3143	1.0	0.8182	5,8,23,32,34,37,58,64,78,97,100	ب ل غ ح ص ر خ ي ل ش د د ش م س ص م م ف ح ش م س ك	kw:miserliness(78.4553); kw:avarice(68.3094); kw:withholding(65.6923); kw:stinginess(62.1239); kw:scarcity(43.7032); theme:emotion_ethics/ethics_morality(36.1985); kw:parsimony(35.7766); theme:economy_property/wealth_property(26.8356)	ف ح ش:B005:بخل جاوز القبح → ص م م:B019:البخيل النهاية في البخل
C140	0.7449	fruit / agriculture_food/plant_vegetation / palm / tree	43	14	16	32	0.05818675	0.2712	0.9688	0.7188	2,6,8,12,18,22,23,26,27,29,30,33,39,44,45,46,48,54,55,59,60,62,64,67,68,69,70,71,74,78,80,84,85,86,88,89,91,92,98,99,101,103,107	ء ت ي ب ر ر ج ع ل ج م ع د ل ك ش ك ل ش ي ء ط و ع ع ن ب ق ل ب ك ث ر ك ر م ك ف ر ن خ ل	kw:fruit(139.4074); theme:agriculture_food/plant_vegetation(116.973); kw:palm(90.9767); kw:tree(79.2064); kw:growth(63.214); kw:date(49.8887); kw:sapling(49.5059); kw:berry(49.5059)	ك ر م:B004:العنب والكرمة → ع ن ب:B001:العنب ثمرة الكرم
C141	0.7448	perfume / fragrance / cognition_perception/perception / craft_material_built/ornament_beauty	34	11	12	17	0.0620927	0.2615	1.0	0.8235	1,3,4,5,7,8,10,13,15,17,23,27,30,34,35,37,40,49,51,53,54,57,58,61,65,67,69,70,85,89,96,98,99,110	ء ن ث ح س ن خ ل ق ر و ح ط و ل ط ي ب ع ب د ع ذ ب ك ف ر م ر ر ن ش ر	kw:perfume(96.5502); kw:fragrance(78.2852); theme:cognition_perception/perception(65.8857); theme:craft_material_built/ornament_beauty(60.3998); kw:aroma(44.0082); kw:scent(43.1696); kw:adornment(26.371); kw:purity(23.7936)	ء ن ث:B007:طيب النساء المؤنث → خ ل ق:B010:الخلوق والتخليق بالطيب
C142	0.7447	group / community / multitude / band	54	15	17	36	0.06149337	0.2687	0.8889	0.6111	2,4,6,8,9,12,13,14,17,20,23,24,25,27,28,29,30,38,39,40,41,44,45,46,54,55,57,58,60,62,65,66,71,75,77,78,79,80,82,84,85,87,88,89,91,92,93,100,102,103,104,106,107,108	ء م م ج م ع ج ن ن ح ن ك ح ي ي ر ب ب ع ن ق غ ف ر ف ر ق ق ب ل ق ر ء ك ت ب ك ر ر ل ف ف ن ف ر	kw:group(97.084); kw:community(67.4508); kw:multitude(67.1951); kw:band(57.5595); kw:gathering(51.3473); theme:kinship_society/household_community(51.0415); kw:crowd(51.0335); kw:demography(44.6404)	ق ب ل:B009:جماعة يقبل بعضها على بعض → ح ي ي:B010:الحي جماعة النسب والقبيلة
C143	0.7447	sovereignty / governance / hierarchy / law_governance/authority_governance	52	9	15	24	0.05940657	0.25	1.0	0.75	1,3,5,8,9,12,13,17,20,23,24,25,27,28,29,30,33,34,35,38,39,40,42,46,53,54,55,56,57,58,60,61,62,65,66,73,78,79,80,84,85,86,87,92,93,95,96,97,100,102,108,111	ر ب ب س ل ط ش د د ع ب د ع ر ش ق و م م ل ك و ح ي ي د ي	kw:sovereignty(60.9791); kw:governance(56.2995); kw:hierarchy(54.3259); theme:law_governance/authority_governance(53.0718); kw:ownership(50.4406); kw:control(44.2771); kw:power(43.7032); kw:property(42.7746)	ع ب د:B001:الرق والملك → م ل ك:B002:المِلْك والتصرف
C144	0.7446	worship / ritual_belief/religion_worship / sanctuary / prayer	33	11	16	35	0.06267282	0.3097	1.0	0.6	1,3,5,7,9,13,17,18,23,30,33,35,43,44,50,53,58,61,62,65,68,77,78,79,88,92,93,96,97,103,107,108,110	ج م ع ح ج ر ح ر م ح ص ب س ب ح س ج د ص ل و ص ل ي ع ب د ق ب ل ق و م	kw:worship(150.4797); theme:ritual_belief/religion_worship(102.4554); kw:sanctuary(70.7234); kw:prayer(68.647); kw:prostration(67.0762); kw:devotion(53.335); kw:standing(46.5929); kw:submission(40.4815)	ص ل ي:B001:الصلاة عبادة لازمة → ص ل و:B003:العبادة المخصوصة
C145	0.7445	darkness / night / dawn / transition	39	16	17	42	0.05877991	0.3111	0.9048	0.619	1,7,8,9,12,13,14,15,23,24,25,26,27,32,33,34,47,51,52,57,58,62,67,69,71,78,79,88,89,90,91,92,93,94,97,98,99,101,105	ب ش ر ت س ع ج ن ح ج ن ن س ح ر س ر ي س ق ط ع س ي غ س ق ف ج ر ق ر ب ك ف ر ل ي ل ن ف س ن ه ر ي و م	kw:darkness(150.8971); kw:night(129.0195); kw:dawn(84.868); kw:transition(56.957); kw:time(54.0886); kw:emergence(49.8887); kw:calendar(36.3226); kw:light(33.5654)	ن ه ر:B002:انفتاح النهار بالضياء → ي و م:B001:وقت النهار المحدود
C146	0.7443	plant / ecology / agriculture_food/plant_vegetation / herb	44	16	17	43	0.05884265	0.3185	0.8372	0.5814	3,8,11,12,17,18,19,20,23,24,25,27,28,30,38,39,40,46,54,55,57,60,65,66,67,68,69,76,79,80,83,84,85,87,88,89,91,93,98,99,100,102,104,108	ج ن ب ج ن ن خ ل ف ذ ن ب ر ب ب ر و ح س ن و ش ج ر ش ر ر ش ك ر ص ل ي ع ج ل ع ن ب ك ف ر ل ف ف ن ف ل	kw:plant(150.6649); kw:ecology(92.0789); theme:agriculture_food/plant_vegetation(89.6793); kw:herb(88.5234); kw:vegetation(80.1537); kw:growth(63.214); kw:tree(45.2608); kw:agriculture(41.0786)	ج ن ن:B011:التفاف النبات واندفاعه → ل ف ف:B002:نبات أو شجر يلتف بعضه ببعض
C147	0.744	plant / ecology / pasture / agriculture_food/plant_vegetation	51	16	17	36	0.06256198	0.2667	0.8889	0.6389	3,4,5,8,11,12,17,18,19,20,23,24,25,27,28,29,30,37,38,39,40,44,46,54,55,57,60,65,66,68,69,73,76,78,79,80,83,84,85,87,90,91,93,95,99,100,102,103,104,108,110	ء ر ض ج ن ب ح ل م خ ل ف خ ل ل ذ ن ب ر ب ب ر و ح ش ج ر ش ر ر ش ك ر ص ل و ص ل ي ع ج ل غ ل ل ن ف ل	kw:plant(120.5319); kw:ecology(102.3099); kw:pasture(92.2573); theme:agriculture_food/plant_vegetation(77.982); kw:herb(75.8772); theme:agriculture_food/pasture_forage(52.1244); kw:vegetation(45.8021); kw:forage(43.7155)	ص ل ي:B010:الصِّليان نبت ترعاه الإبل → ص ل و:B009:الصِّليان نبت ترعاه الإبل
C148	0.744	concealment / veil / modesty / screen	21	11	13	28	0.06547668	0.3684	0.9286	0.6429	7,8,25,27,32,38,44,45,46,56,59,67,69,73,75,88,89,91,94,98,99	ج ن ن ح ج ب ح ي ي س ت ر س و ء غ ف ر ف ر ي ك ش ف ك ف ر ك ن ن م ن ع	kw:concealment(131.1095); kw:veil(70.346); kw:modesty(67.1951); kw:screen(57.5595); kw:cover(51.0335); kw:protection(49.7385); kw:covering(46.2971); kw:privacy(41.1882)	س و ء:B004:السوأة المستورة → ح ي ي:B011:الحياء العضو المستور
C149	0.7439	marriage / household / family / wedding	50	10	10	10	0.05251755	0.2222	1.0	0.9	2,4,6,7,8,12,16,17,20,23,24,25,26,27,28,30,32,38,39,40,46,54,55,56,57,58,60,61,64,65,66,67,70,73,78,79,80,84,85,87,92,93,95,96,100,101,102,104,108,111	ب ن ي ب ي ت ر ب ب س و ء ش ر ك ش ه د ض ر ر غ ي ر م ل ك ه ل ك	kw:marriage(68.1177); kw:household(59.7372); kw:family(57.0546); kw:wedding(51.232); kw:competition(34.5343); kw:consummation(33.004); kw:spouse(29.1436); kw:presence(27.1003)	ب ن ي:B006:بناء الرجل على أهله ودخوله بها → ب ي ت:B010:بيت الزواج
C150	0.7438	vision / eye / sight / cognition_perception/perception	48	14	14	25	0.05548048	0.2747	0.92	0.68	1,7,9,11,12,13,14,15,16,17,18,19,21,25,26,30,32,33,35,36,42,45,46,48,53,57,58,59,60,62,67,71,72,78,79,83,84,88,89,94,96,97,99,100,102,103,106,110	ء ن س ب ص ر ح ج ب ح ذ ر ر ء ي ر و د س ب ل ظ ه ر ع م ي ق و م ن ظ ر ن ع م ن ف س و ق ر	kw:vision(140.4743); kw:eye(107.7593); kw:sight(56.8924); theme:cognition_perception/perception(56.0028); kw:perception(47.6209); kw:pupil(31.7301); kw:blindness(29.1436); kw:disability(27.7169)	ر ء ي:B001:رؤية العين والبصيرة → ب ص ر:B001:إبصار العين
C151	0.7437	dialogue / promise / confirmation / answer	37	12	12	18	0.06190299	0.2727	1.0	0.6667	1,5,7,9,10,19,20,23,25,34,36,41,45,52,60,62,64,68,69,70,72,76,80,82,83,85,88,89,90,93,94,99,101,102,104,107,108	ء ج ل ء م ن ج و ب خ ل ف ر ء ي س ء ل ص د ق ص ل ح ك ر م ن ع م ه ا ء و ع د	kw:dialogue(81.3321); kw:promise(60.9791); kw:confirmation(50.3071); kw:answer(46.5929); kw:question(46.5929); kw:commitment(42.2076); theme:language_communication/communication(41.9947); kw:covenant(41.3787)	ن ع م:B004:الجواب بنعم والتصديق → ء ج ل:B003:جواب التصديق أجل
C152	0.7436	life / soul / spirit / self	51	11	15	26	0.05858117	0.2737	0.9231	0.7692	7,14,15,16,23,24,25,28,33,34,35,36,40,42,43,46,47,49,50,51,53,56,59,60,61,62,63,67,69,70,75,80,81,83,84,85,88,90,93,94,95,96,98,100,101,102,104,107,108,110,111	ح ي ي ر و ح ط ي ب ع ر ض ق و ف ق و ل ك ذ ب ك ن ن م و ت ن ف س و ف ي	kw:life(95.6749); kw:soul(58.6776); kw:spirit(44.6404); kw:self(43.7155); theme:body_health_life/physiology(43.236); kw:mortality(43.1677); theme:cognition_perception/cognition(37.4564); kw:death(33.5654)	ن ف س:B011:النفس التي بها الحياة → ر و ح:B001:النفس والروح التي بها حياة البدن
C153	0.7436	body_health_life/disease_injury / wound / abscess / pus	32	9	10	13	0.06212687	0.2955	0.9231	0.7692	4,5,6,7,12,13,16,20,25,28,37,41,42,44,46,55,57,58,64,66,76,80,81,90,94,95,99,101,102,103,104,110	ء ر ض ب غ ي ج ي ء خ ر ج غ ف ر ف ز ز ق ر ي م د د ن ف ر	theme:body_health_life/disease_injury(96.0687); kw:wound(73.6893); kw:abscess(66.0079); kw:pus(64.2228); kw:pathology(60.8194); kw:medicine(56.0514); kw:discharge(55.1716); kw:suppuration(52.326)	ج ي ء:B003:جائية الجراح → م د د:B007:جرح تمتد فيه مدة من قيح
C154	0.7434	law_governance/authority_governance / governance / authority / office	29	13	14	28	0.06020209	0.3111	0.9643	0.6786	5,7,8,9,16,19,29,33,35,39,40,45,46,50,51,56,59,61,65,73,80,84,85,86,92,95,97,100,111	ء ذ ن ء م ر ء و ل ح ج ب ح ج ر ح ص ر س ع ي س ل ط ع م ل م ل ك و ح ي و ل ي ي د ي	theme:law_governance/authority_governance(109.9345); kw:governance(90.0792); kw:authority(62.914); kw:office(62.7642); kw:administration(57.5595); kw:power(54.629); kw:hierarchy(54.3259); kw:court(53.6648)	ع م ل:B003:ولاية العمل والقيام عليه → س ع ي:B003:ولاية وسعاية على القوم
C155	0.7432	herd / group / livestock / cattle	60	16	16	23	0.06270759	0.1917	0.9565	0.7826	3,6,8,9,12,13,14,15,16,17,20,22,23,24,25,27,28,29,30,38,39,40,41,45,46,47,54,55,57,58,59,60,64,65,66,68,69,70,71,77,78,79,80,82,83,84,85,87,88,89,92,93,94,95,99,100,102,105,106,108	ء ج ل ء م ر ح م ل خ ذ ل ر ب ب ر ج ل ر س ل ط غ و ع ن ق ف ر ق ق ر ء ق ر ي ك ر ر ك س ف ن ع م و ق ر	kw:herd(90.1406); kw:group(72.813); kw:livestock(66.7228); kw:cattle(45.7343); kw:band(43.1696); kw:flock(42.2076); kw:wildlife(40.8244); kw:sheep(40.3171)	ق ر ء:B013:القِرَة مال وعيال → ق ر ي:B011:مال وعيال مجتمعون
C156	0.7432	ownership / law_governance/authority_governance / property / ruler	66	12	14	19	0.05972757	0.2159	1.0	0.6842	1,3,5,6,8,12,16,17,20,23,24,25,27,28,29,30,31,33,34,38,39,40,42,43,46,47,49,50,51,53,54,55,56,57,60,61,62,63,64,65,66,69,78,79,80,81,84,85,87,88,90,92,93,94,95,96,98,99,100,101,102,104,107,108,110,111	ت ب ع د ل ك ر ب ب س ل ط ش ر ك ع ب د ق د ر ق و ل م ل ق م ل ك م و ل ي د ي	kw:ownership(75.661); theme:law_governance/authority_governance(64.4444); kw:property(53.4682); kw:ruler(52.326); kw:possession(48.8874); kw:control(44.2771); kw:politics(39.4154); kw:dominion(34.884)	ع ب د:B001:الرق والملك → م ل ك:B002:المِلْك والتصرف
C157	0.743	eye / vision / sight / pupil	45	15	17	39	0.05684179	0.2932	0.9231	0.6667	1,7,9,11,12,13,14,15,16,17,18,19,21,25,30,33,35,36,48,53,56,57,58,59,60,62,67,68,71,72,77,78,79,83,88,89,94,96,97,99,100,102,103,106,110	ء ن س ب ص ر ج ه ر ح ذ ر ح و ل خ س ف ر ء ي ر و د ظ ه ر ع م ي غ س ق ق و م ن ظ ر ن ع م ن ف س	kw:eye(155.6523); kw:vision(152.1805); kw:sight(85.3387); kw:pupil(63.4603); kw:blindness(58.2873); theme:cognition_perception/perception(56.0028); kw:perception(47.6209); kw:gaze(41.1882)	ر ء ي:B001:رؤية العين والبصيرة → ب ص ر:B001:إبصار العين
C158	0.7429	discharge / body_health_life/disease_injury / wound / abscess	28	11	11	16	0.0580678	0.2909	0.9375	0.8125	5,6,7,12,13,20,23,25,28,37,38,41,42,44,46,57,64,66,76,78,80,81,94,100,101,103,104,110	ب غ ي ج ي ء خ ر ج ع ن د غ س ق غ ف ر ف ز ز م د د م ر ح ن ف ر ن ف ق	kw:discharge(68.9644); theme:body_health_life/disease_injury(65.3267); kw:wound(61.4078); kw:abscess(49.5059); kw:fluid(47.7898); kw:swelling(39.5566); kw:medicine(37.3676); theme:body_health_life/health_medicine(36.1384)	ج ي ء:B003:جائية الجراح → م د د:B007:جرح تمتد فيه مدة من قيح
C159	0.7428	life / soul / psychology / spirit	56	10	15	26	0.05792015	0.2766	0.8846	0.7308	7,12,14,15,16,17,18,23,24,25,28,30,33,36,40,42,43,44,47,48,49,50,51,53,54,56,59,60,61,62,63,64,69,70,74,75,80,81,84,85,86,88,90,93,94,95,96,98,100,101,102,104,107,108,110,111	ح ي ي ر و ح ش ي ء ط و ع ط ي ب ق ر ن ق و ف ق و ل ك ذ ب ن ف س	kw:life(82.0071); kw:soul(58.6776); kw:psychology(55.6826); kw:spirit(44.6404); kw:self(43.7155); theme:cognition_perception/cognition(37.4564); theme:body_health_life/physiology(36.03); kw:agency(30.693)	ن ف س:B011:النفس التي بها الحياة → ر و ح:B001:النفس والروح التي بها حياة البدن
C160	0.7427	disclosure / visibility / division / exposure	19	8	12	19	0.06500546	0.3065	0.9474	0.7895	1,12,25,36,45,47,53,54,55,56,84,85,88,96,101,102,106,107,110	ب ي ن ج ه ر س ر ي ظ ه ر ع ل م ف ر ق ف ص ل ك ش ف	kw:disclosure(76.3217); kw:visibility(63.231); kw:division(48.6555); kw:exposure(48.4301); kw:revelation(41.7788); kw:distinction(32.5328); kw:parting(32.5328); kw:appearance(32.3327)	س ر ي:B004:الكشف والانسراء → ك ش ف:B001:رفع الغطاء عن الشيء
C161	0.7426	basin / pool / reservoir / hydrology	38	16	17	42	0.0602288	0.3111	0.9524	0.5476	1,2,3,5,6,7,12,16,17,19,25,29,30,36,40,47,54,55,58,60,66,67,69,70,73,76,80,81,84,85,94,96,99,101,102,104,107,111	ء ج ل ء خ ذ ب ح ر ب ر ك ج ي ء خ ب ر خ ل ف د خ ل ر و ح ش ج ر ش ك ر ع د د ع ل م غ ل ل ق ر ي ك ر ر	kw:basin(101.4632); kw:pool(100.1333); kw:reservoir(89.9666); kw:hydrology(86.1068); kw:storage(65.1911); theme:land_water_sky/water_hydrology(62.784); kw:ecology(61.386); kw:collection(54.2007)	ش ك ر:B004:خروج الشكير والنبات الغض → ش ج ر:B001:الشجر ذو الساق
C162	0.7424	sound / noise / language / clamor	53	15	16	28	0.05825352	0.2353	0.9286	0.7857	1,6,12,16,23,24,28,36,39,40,41,42,43,46,47,49,50,51,53,55,56,60,61,62,63,64,67,68,70,73,78,80,81,84,85,86,88,90,93,94,95,96,97,98,100,101,102,104,107,108,109,110,111	ب ر ر ج ل ب ج ه ر خ ر ر ذ ك ر س م ع ش ه د ص م م ص و ت ف ر ي ف ص ل ق و ل ك ر ر ن ب ء و ح ي	kw:sound(92.4746); kw:noise(83.5576); kw:language(60.6892); kw:clamor(59.0879); kw:tongue(51.8423); kw:murmur(47.5952); kw:speech(46.9208); theme:cognition_perception/perception(42.8257)	و ح ي:B005:صوت خفي → ن ب ء:B006:الصوت الخفي الملتبس
C163	0.7421	law_governance/authority_governance / power / ownership / sovereignty	53	13	14	19	0.06195447	0.2111	1.0	0.7895	1,3,5,8,12,17,20,22,23,24,25,27,28,29,30,33,38,39,40,42,46,47,53,54,55,56,57,60,61,63,64,65,66,69,73,79,80,84,85,86,87,92,93,94,95,96,97,99,100,102,108,110,111	ء ل ه ت ب ع ر ب ب ر ب و ز ع م س ل ط ش ر ك ع ب د ع ر ش ق د ر م ل ك و ح ي ي د ي	theme:law_governance/authority_governance(68.2352); kw:power(65.5548); kw:ownership(63.0508); kw:sovereignty(60.9791); kw:governance(56.2995); kw:politics(52.5539); kw:hierarchy(43.4607); kw:property(42.7746)	ع ب د:B001:الرق والملك → م ل ك:B002:المِلْك والتصرف
C164	0.7417	dialogue / answer / response / assent	38	10	11	13	0.06301659	0.2407	1.0	0.8462	1,9,10,11,12,19,20,23,34,36,41,45,52,56,57,59,62,67,68,69,70,71,72,82,83,85,88,89,90,93,94,97,98,99,101,102,107,110	ء ج ل ء م ن ء ي ي ج و ب د ع و س ء ل ص م م ك ر م ن ع م ه ا ء	kw:dialogue(48.7992); kw:answer(46.5929); kw:response(44.9833); kw:assent(35.7766); kw:communication(34.4753); kw:confirmation(33.5381); kw:affirmation(32.1114); kw:supplication(31.3821)	ن ع م:B004:الجواب بنعم والتصديق → ء ج ل:B003:جواب التصديق أجل
C165	0.7412	bird / lightness / impossibility / wing	10	10	10	14	0.05469755	0.3111	1.0	0.9286	7,13,21,22,24,28,29,31,64,80	ج ن ح خ ي ل د خ ل د ر ج ط ي ر ع ن ق غ ر ر ق ع د م ل ق ي س ر	kw:bird(46.9162); kw:lightness(41.1882); kw:impossibility(35.7766); kw:wing(29.544); kw:omen(27.3357); theme:movement_travel/motion(26.0709); kw:gait(24.6242); kw:absence(23.7936)	ط ي ر:B001:خفة الطيران والطير → د ر ج:B009:طائر الدُّرّاج
C166	0.7411	submission / humility / obedience / ritual_belief/religion_worship	57	14	15	26	0.05864422	0.25	0.9615	0.6154	1,3,5,7,8,11,15,17,18,19,20,23,24,25,26,27,30,31,32,33,34,36,38,42,44,48,49,50,51,53,57,58,61,64,65,66,67,69,72,78,81,83,87,88,89,91,93,95,96,98,99,100,104,107,108,109,111	ج ن ح خ ش ع خ ف ض ذ ل ل س ج د س ك ن ط م ء ن ط م ن ط و ع ط ي ن ع ب د ك ف ر ك و ن ن غ ض	kw:submission(134.9383); kw:humility(73.347); kw:obedience(53.1324); theme:ritual_belief/religion_worship(51.2277); kw:abasement(46.5929); kw:posture(45.0396); kw:lowering(41.9894); kw:gesture(37.8305)	س ج د:B001:التطامن والذل → خ ش ع:B001:تطامن وخضوع
C167	0.7411	reputation / honor / praise / rumor	60	15	17	21	0.0646526	0.1567	1.0	0.9048	1,5,11,12,14,16,23,24,28,34,35,36,37,40,41,42,43,44,46,47,49,50,51,52,53,55,56,57,60,61,62,63,64,67,71,73,80,81,83,84,85,88,90,91,92,93,94,95,96,97,98,99,100,101,102,104,107,108,110,111	ء ذ ن ب ل غ ح س ب خ ل ل خ ي ر د ع و ذ ك ر س م ع س م و ش ر ر ص م م ص و ت ط غ و ق و ل م س س	kw:reputation(108.4746); kw:honor(57.3531); kw:praise(55.7051); kw:rumor(49.5059); kw:renown(48.1671); kw:fame(47.5952); kw:misfortune(39.1426); kw:virtue(37.4165)	س م ع:B011:سَمْع لا بَلَغ → ب ل غ:B009:سماع المكروه بلا بلوغ
C168	0.7411	care / attention / memory / retention	26	10	10	14	0.05486664	0.3111	1.0	0.7143	5,7,9,13,15,23,34,35,40,41,46,48,58,60,62,67,72,78,79,81,88,94,97,100,101,104	ء ن ث ج ي ء ح و ط ذ ك ر ض ل ل ظ ه ر ع ه د ق و م ك ل و م س ك	kw:care(49.6264); kw:attention(47.3897); kw:memory(46.645); kw:retention(41.3787); kw:recall(34.884); kw:presentation(33.004); theme:conflict_security/protection_security(30.9019); kw:guardianship(30.2314)	ع ه د:B001:حفظ الشيء ومراعاته حالا بعد حال → ح و ط:B002:الحفظ والحياطة
C169	0.7409	body_health_life/reproduction_birth / birth / womb / reproduction	43	14	15	29	0.05832588	0.2788	0.931	0.6897	1,3,7,8,9,10,14,15,23,24,25,28,31,33,41,45,46,54,56,57,58,60,62,64,66,70,71,77,78,82,87,88,89,91,92,93,96,97,100,106,107,110,111	ج ن ن ح م ل ح و ل ر ح م س ق ط ش ه د ع ذ ب ق ب ل ق ر ء ك ر م م س ك ن ف س و ج ه و ل د	theme:body_health_life/reproduction_birth(132.4378); kw:birth(111.3713); kw:womb(66.6687); kw:reproduction(61.1919); kw:childbirth(47.5952); kw:membrane(44.316); kw:delivery(41.1882); kw:biology(39.4154)	ج ن ن:B007:الجنين المستور في البطن → س ق ط:B004:الولد السِّقط قبل تمامه
C170	0.7407	womb / body_health_life/reproduction_birth / family / pregnancy	44	14	17	38	0.05900606	0.2879	0.9737	0.6053	1,3,8,9,10,14,15,24,26,28,32,33,34,41,45,46,51,53,54,57,58,60,62,66,67,68,70,71,75,78,82,83,87,88,89,91,93,96,99,100,101,103,106,110	ب ر ر ب ي ن ج م ع ج ن ن ح ر م ح م ل ح ي ي ر ء ي ر ح م ع ذ ب ق ر ء ق ر ب م س س م س ك	kw:womb(146.6711); theme:body_health_life/reproduction_birth(136.4511); kw:family(91.2873); kw:pregnancy(77.7634); kw:gestation(70.7234); kw:kinship(66.6692); kw:reproduction(61.1919); kw:lineage(54.1778)	ر ح م:B002:الرَّحِم والقرابة → ق ر ب:B003:قرابة الرحم والنسب
C171	0.7405	destruction / need / ruin / poverty	47	14	17	29	0.06397011	0.2231	1.0	0.8276	5,7,8,12,16,17,20,21,23,24,25,26,27,28,30,31,32,38,39,40,42,46,48,54,55,57,58,60,65,66,67,72,73,79,80,83,84,85,87,91,93,99,100,102,104,108,110	ب ع د ت ب ر ث ب ر ح و ط خ ل ل د ب ر د م ر ر ب ب ر ي ب س ب ل م س س م ل ق ن ظ ر ه ل ك	kw:destruction(119.994); kw:need(74.0586); kw:ruin(73.3311); kw:poverty(59.4841); kw:loss(44.8244); kw:disaster(35.6904); kw:eradication(34.1547); theme:condition_force_change/support_dependence(33.6635)	ه ل ك:B001:السقوط إلى الهلاك والفناء → ث ب ر:B002:الهلاك والثبور
C172	0.7405	power / law_governance/authority_governance / governance / sovereignty	54	15	17	27	0.06059625	0.2015	1.0	0.8148	2,8,9,12,13,14,17,20,21,22,23,24,25,27,28,29,30,33,35,38,39,40,42,46,48,54,55,56,57,58,60,61,62,65,66,68,73,78,79,80,84,85,86,87,92,93,95,96,97,99,100,102,108,111	ر ب ب س ط ر س ل ط ع ر ش ق د ر ق ع د ق و م ك ف ي ك ل و م ل ك ن ظ ر و ح ي و ك ل و ل ي ي د ي	kw:power(109.2579); theme:law_governance/authority_governance(90.9803); kw:governance(90.0792); kw:sovereignty(60.9791); kw:watcher(53.6648); kw:authority(52.4284); kw:dominion(52.326); kw:hierarchy(43.4607)	و ك ل:B006:القائم بالأمر كفاية وحفظا → ق و م:B004:رعاية وحفظ وولاية
C173	0.7402	sin / accountability / fortune / guilt	42	11	13	16	0.06144329	0.2105	1.0	0.9375	2,4,8,9,10,15,17,21,23,25,27,30,31,40,43,44,49,51,54,57,58,60,67,68,69,70,73,75,77,82,86,87,89,93,95,97,98,99,102,105,106,111	ء خ ذ ج د د خ ط ء ذ ن ب ر ز ق ع ذ ب غ ف ر ك ب ر ك ف ر ن ز ل و ج د	kw:sin(68.3392); kw:accountability(53.335); kw:fortune(52.9349); kw:guilt(45.7343); kw:offense(44.6404); kw:lot(43.1696); kw:luck(35.7766); kw:wrongdoing(34.884)	ذ ن ب:B001:الذنب والإثم → خ ط ء:B002:الخطيئة ذنب وإثم
C174	0.7399	language_communication/writing_text / writing / documentation / inscription	58	13	14	15	0.06163107	0.1667	1.0	0.9333	1,2,3,4,6,13,14,16,22,23,24,28,32,36,37,39,40,42,43,46,47,49,50,51,53,55,56,58,60,61,62,63,70,71,73,80,81,84,85,86,88,89,90,92,93,94,95,96,98,100,101,102,103,104,107,108,110,111	ج ب ل د ب ر ز ب ر ز ع م س ط ر س م ع ف ح ش ق و ل ك ت ب ك ث ر م ع ع ن ش ر و ح ي	theme:language_communication/writing_text(141.1806); kw:writing(92.9817); kw:documentation(50.3071); kw:inscription(44.9833); kw:wealth(32.29); kw:document(31.3821); kw:book(30.7655); kw:literacy(29.7602)	ك ت ب:B002:نظم الحروف واسم المكتوب → و ح ي:B003:كتابة ونقش
C175	0.7398	palm / agriculture_food/plant_vegetation / tree / sapling	39	13	16	35	0.05548298	0.3017	0.9714	0.6571	2,3,6,8,12,18,22,23,24,26,29,30,33,37,39,44,45,46,51,54,55,59,60,62,70,71,74,78,79,80,85,86,88,91,92,99,101,103,107	ء ت ي ج ب ل ج ع ل ج م ع ذ ر ر ش ج ر ش م س ش ي ء ص غ ر ع س ي ق ل ب ك ر م ن خ ل	kw:palm(90.9767); theme:agriculture_food/plant_vegetation(62.3856); kw:tree(56.576); kw:sapling(49.5059); kw:ornament(48.6555); theme:craft_material_built/ornament_beauty(47.457); kw:jewelry(42.434); kw:growth(42.1427)	ج ع ل:B006:النخل الصغار أو القصار → ش ي ء:B006:صغار النخل
C176	0.7397	community / crowd / group / assembly	63	16	17	34	0.0623852	0.2519	0.8235	0.5882	2,4,6,8,9,12,13,14,16,17,18,20,22,23,24,25,27,28,29,30,33,36,38,39,40,41,45,46,54,55,57,58,60,65,66,67,69,70,71,75,77,78,79,80,82,84,85,87,88,89,92,93,97,98,99,100,102,103,104,106,107,108,110	ء م م ب ح ر ج ع ل ج م ع ج ه ر ح ش ر ح ي ي ر ب ب ق ب ل ق ر ء ق ر ي ك ت ب ك ر ر ك ف ر ك ل ل ل ف ف	kw:community(78.6926); kw:crowd(76.5503); kw:group(72.813); kw:assembly(65.9276); kw:society(62.3356); theme:kinship_society/household_community(61.9789); kw:gathering(51.3473); kw:people(41.3787)	ق ب ل:B009:جماعة يقبل بعضها على بعض → ح ي ي:B010:الحي جماعة النسب والقبيلة
C177	0.7397	sin / guilt / offense / transgression	32	10	12	16	0.05973276	0.254	1.0	0.9375	2,4,8,9,10,15,17,21,23,24,25,27,31,40,43,44,51,54,57,58,60,67,69,73,78,87,89,90,91,98,99,111	ء خ ذ ج ن ح خ ط ء ذ ن ب س ط ر ع ذ ب غ ف ر ف ج ر ك ب ر ك ف ر	kw:sin(95.6749); kw:guilt(60.9791); kw:offense(59.5205); kw:transgression(55.7051); kw:accountability(53.335); kw:wrongdoing(34.884); kw:punishment(34.787); kw:religion(32.5067)	ذ ن ب:B001:الذنب والإثم → خ ط ء:B002:الخطيئة ذنب وإثم
C178	0.7396	basin / reservoir / hydrology / pool	38	15	17	46	0.05695431	0.3433	0.9565	0.4565	1,2,5,6,7,12,16,17,22,25,29,30,36,40,47,49,51,54,55,58,61,66,67,70,73,81,84,85,94,96,98,99,100,101,102,104,107,111	ء ج ل ء خ ذ ب ح ر ب ر ك ج ي ء خ ب ر خ ل ق ع د د ع ل م غ ل ل ف ل ك ق ر ي ق ع د ك ر ر م س ك	kw:basin(126.829); kw:reservoir(119.9555); kw:hydrology(107.6334); kw:pool(100.1333); kw:storage(86.9215); theme:land_water_sky/water_hydrology(70.1703); kw:well(62.5289); kw:collection(54.2007)	خ ب ر:B002:لين الأرض ومائها → ب ح ر:B006:الأرض الجامعة للماء
C179	0.7394	body_health_life/reproduction_birth / pregnancy / reproduction / womb	47	15	17	33	0.06113515	0.2463	1.0	0.6667	1,3,8,9,10,14,15,16,24,26,28,32,33,34,40,41,45,46,51,52,54,56,57,58,60,62,66,70,71,75,77,78,81,82,87,88,89,91,93,99,100,101,102,103,105,106,110	ء ن ث ج م ع ج ن ن ح ق ق ح م ل ح و ل ر ء ي ر ج و ر ح م ظ ن ن ع ذ ب ق ر ء ق ر ب م و ت و ق ر	theme:body_health_life/reproduction_birth(164.544); kw:pregnancy(129.6057); kw:reproduction(112.1851); kw:womb(106.6699); kw:gestation(84.868); kw:birth(61.873); kw:fetus(45.3471); kw:fertility(42.5584)	ق ر ب:B012:دنو الولادة في الحيوان → ر ج و:B005:الحامل تدنو ولادتها
C180	0.7391	space / separation / remoteness / exclusion	30	14	17	40	0.06072461	0.303	1.0	0.65	1,2,17,18,23,24,26,27,28,32,33,34,38,39,45,46,51,53,56,57,60,64,68,83,96,97,101,104,110,111	ب ع د ب ي ن ج ن ب ج ن ح د ح ر د و ن ر ج و ش ط ن ع ن د ق ر ب ق ص و ل ع ن ن ء ي و ل ي	kw:space(73.5736); kw:separation(71.9247); kw:remoteness(69.6314); kw:exclusion(69.6314); kw:relation(68.8237); kw:adjacency(62.7642); kw:distance(60.5377); kw:proximity(60.2637)	ج ن ح:B002:الجناح جانبا ويدا وكنفا → ج ن ب:B001:الجنب جانب الجسد وناحية الشيء
C181	0.739	blade / point / craft_material_built/craft / sharpness	45	11	14	22	0.05762082	0.2529	1.0	0.7727	4,7,9,12,16,23,24,28,33,40,42,43,47,49,50,51,53,56,58,60,61,62,63,64,65,77,80,81,84,85,88,90,93,94,95,96,98,100,101,102,104,107,108,110,111	ء م ر ء ن ث ح د د س ل ط س ن ن س ن و ع ل و ع م ل غ ر ر ق ر ي ق و ل	kw:blade(79.6986); kw:point(71.5238); theme:craft_material_built/craft(58.8824); kw:sharpness(54.2007); kw:edge(46.1287); theme:conflict_security/weaponry(44.5831); kw:tool(42.4); kw:spear(41.7788)	ح د د:B005:الطرف الحاد والنفاذ → غ ر ر:B012:حد الشفرة والسيف
C182	0.7386	grammar / classification / question / syntax	62	13	13	13	0.06025865	0.1667	1.0	0.8462	1,4,7,8,9,12,17,20,23,24,25,27,28,29,30,35,36,38,39,40,41,42,43,44,46,47,51,53,54,55,57,58,59,60,62,65,66,67,71,72,73,74,78,79,80,84,85,86,87,88,89,92,93,95,98,99,100,101,102,104,108,110	ء ل ي ء م م ء ي ي ذ و و ر ب ب س م و ع د و ع ل و ع ن د ك ذ ب ل ف ف ل ي س ه ا ء	kw:grammar(89.3086); kw:classification(49.4984); kw:question(46.5929); kw:syntax(45.3471); kw:reference(43.7155); kw:command(42.2076); kw:exclusion(41.7788); kw:logic(41.1882)	ل ي س:B002:ليس استثناء يخرج المذكور → ع د و:B004:المجاوزة والاستثناء والصرف
C183	0.7385	horse / running / gait / locomotion	27	15	15	35	0.0550894	0.3333	0.9143	0.6286	5,10,12,19,23,26,28,31,32,34,35,37,42,47,51,53,57,58,64,66,67,69,83,85,92,97,110	ب غ ي ب ل غ ر ج ل ر و ح س ع ر س ع ي س ق ط ش د د ع ت د ع د و ع ر ض ق ر ب ك ي ل م ر ح م ل ق	kw:horse(92.5942); kw:running(68.3392); kw:gait(49.2484); kw:locomotion(47.6879); kw:speed(45.4883); kw:gallop(44.0082); kw:sport(41.0035); kw:pursuit(37.4165)	ق ر ب:B014:تقريب الفرس في العدو → ع د و:B002:العَدْو والحَضْر
C184	0.7384	hair / lip / grooming / lung	36	12	12	16	0.0560365	0.2424	1.0	0.875	1,9,12,14,25,26,32,36,41,42,44,45,46,47,48,54,55,60,62,63,64,71,72,78,82,84,85,88,89,93,99,101,102,106,107,110	ح ج ب ر ء ي ر ج ل س ب ل س ح ر ش ف ي ع ل م غ ف ر ف ر ق ق ر ء ق ل ب و ف ر	kw:hair(96.8602); kw:lip(42.9143); kw:grooming(40.3171); kw:lung(33.5381); kw:appearance(32.3327); kw:speech(28.1525); kw:chest(26.185); kw:organ(26.0072)	ق ل ب:B012:انقلاب الشفة → ش ف ي:B004:الشفة ومشافهة الفم
C185	0.7383	elevation / height / rise / honor	46	11	17	32	0.06206451	0.2481	0.9688	0.7188	1,4,7,8,12,17,20,23,24,25,27,28,30,38,39,40,41,43,44,46,47,54,55,57,59,60,65,66,67,79,80,82,83,84,85,87,92,93,95,97,99,100,102,108,109,110	ر ب ب ر ب و ز ي د س ر ي س م و س ن و ع ل و ن ب و ن ج و ن ع م ن و ق	kw:elevation(94.3938); kw:height(61.7155); kw:rise(57.9151); kw:honor(45.8825); kw:increase(40.0012); kw:ascent(39.4154); kw:nobility(38.5105); theme:kinship_society/hierarchy_status(35.879)	ع ل و:B002:الرفعة والشرف → س ن و:B003:السَّناء والرفعة
C186	0.7383	fabrication / lie / falsehood / emotion_ethics/deception_corruption	50	14	17	31	0.06372554	0.2331	0.9677	0.6774	5,16,23,24,26,28,33,37,40,42,43,47,49,50,51,52,53,56,58,59,60,61,62,63,67,68,70,73,80,81,84,85,88,90,92,93,94,95,96,98,99,100,101,102,104,105,107,108,110,111	ب ر ر ب ط ل ت ل و ح ق ق خ ر ق خ ل ق ز ع م س ط ر ص د ق ظ ن ن ف ر ي ف ع ل ق و ل ك ذ ب	kw:fabrication(104.1608); kw:lie(103.4039); kw:falsehood(91.6474); theme:emotion_ethics/deception_corruption(76.094); kw:testimony(66.4155); kw:uncertainty(52.0143); kw:invention(49.5059); kw:accusation(41.5754)	خ ر ق:B003:اختلاق الكذب وافتراؤه → خ ل ق:B007:اختلاق الكذب والكلام
C187	0.7383	language / tongue / expression / speech	55	13	15	21	0.05553119	0.2039	1.0	0.8571	8,12,13,16,20,23,24,28,29,34,36,37,38,40,41,42,43,44,45,46,47,49,50,51,53,56,60,61,62,63,69,71,78,80,81,84,85,88,89,90,93,94,95,96,97,98,100,101,102,104,107,108,109,110,111	ب ك م ب ك ي ب ل غ ب ي ن ح ص ر ذ ك ر ش ه د ع و د ف ص ل ق و ل ك ل ل ل ف ف ل ك ن	kw:language(91.0338); kw:tongue(90.724); kw:expression(87.7798); kw:speech(75.0732); kw:disability(55.4339); theme:language_communication/language_speech(45.966); kw:communication(43.0941); kw:clarity(39.1426)	ف ص ل:B004:لسان يفصل الأمور بالبيان → ق و ل:B002:اللسان آلة القول
C188	0.7379	palm / growth / agriculture_food/plant_vegetation / fruit	43	14	17	37	0.05807883	0.2803	0.973	0.6486	1,2,6,8,12,16,18,22,23,26,27,29,30,33,37,39,44,45,46,54,55,59,60,62,67,69,70,71,74,80,84,85,86,88,89,91,92,95,98,99,101,103,107	ء ت ي ء م ر ب ر ك ج ع ل ج م ع ج ن ن ش ك ل ش ي ء ق ل ب ك ث ر ك ر م ك ف ر م ش ي ن خ ل	kw:palm(113.7208); kw:growth(94.8211); theme:agriculture_food/plant_vegetation(85.7802); kw:fruit(69.7037); kw:tree(67.8912); kw:increase(53.335); kw:sapling(49.5059); kw:shoot(43.1696)	ب ر ك:B004:خير ثابت نام وبركة → ء م ر:B004:النماء والبركة
C189	0.7376	lie / testimony / falsehood / emotion_ethics/deception_corruption	49	12	16	34	0.05518525	0.3091	0.9412	0.5882	1,12,16,23,24,26,28,33,40,42,43,47,49,50,51,53,55,56,59,60,61,62,63,67,68,70,73,80,81,84,85,88,90,92,93,94,95,96,98,99,100,101,102,104,105,107,108,110,111	ء ي ي ب ر ر ب ط ل ت ل و ح ق ق خ ل ق ز ع م ص د ق ف ر ي ق و ل ك ذ ب ن ب ء	kw:lie(88.6319); kw:testimony(79.6986); kw:falsehood(78.5549); theme:emotion_ethics/deception_corruption(60.8752); kw:fabrication(59.5205); kw:deception(48.3198); kw:claim(41.9894); kw:accusation(41.5754)	ك ذ ب:B001:خلاف الصدق → ص د ق:B001:صدق القول
C190	0.7373	hydrology / pool / basin / land_water_sky/water_hydrology	53	16	17	37	0.05924715	0.2741	0.9189	0.5405	2,5,6,7,8,10,12,15,16,17,18,20,22,23,24,25,27,28,30,36,38,39,40,46,47,54,55,57,58,60,65,66,67,70,73,79,80,81,84,85,87,89,91,93,94,99,100,101,102,104,107,108,111	ء ج ل ء خ ذ ب ح ر ج ي ء د ب ر ذ م م ر ب ب ر د د ع د د ع ذ ب ع ل م ق ر ي ك ث ر ك ر ر م د د ن ه ر	kw:hydrology(86.1068); kw:pool(85.8285); kw:basin(76.0974); theme:land_water_sky/water_hydrology(73.8635); kw:collection(67.7508); kw:abundance(61.7838); kw:reservoir(59.9777); kw:water(59.3161)	ر ب ب:B013:ماء رَبَب كثير → ع ل م:B005:ماء كثير مجتمع في عيلم
C191	0.7373	weakness / helplessness / judgment / incapacity	28	12	12	20	0.05729337	0.303	1.0	0.65	2,9,12,13,15,16,20,22,29,36,38,40,52,54,65,68,71,75,84,85,86,89,94,97,101,102,104,110	ء م ر ء ن ث خ ذ ل خ ف ت ض ع ف ظ ن ن ف ء د ك ل ل ل ف ف ل ي س ه د ي و ك ل	kw:weakness(91.9274); kw:helplessness(36.9273); kw:judgment(31.722); kw:incapacity(31.0619); kw:disability(27.7169); kw:heaviness(27.2163); kw:vulnerability(26.7714); kw:fear(24.4437)	ء م ر:B008:ضعيف الرأي التابع → ل ي س:B007:الأليس ضعيف الرأي
C192	0.737	palm / agriculture_food/plant_vegetation / tree / growth	38	15	17	41	0.05481132	0.306	0.9512	0.6098	2,6,8,12,16,18,22,26,29,30,33,37,39,44,45,46,51,54,55,59,60,70,71,74,79,80,84,85,86,88,89,90,91,92,99,101,103,107	ء ت ي ء م ر ج ب ل ج ع ل ج م ع ج ن ن ش ج ر ش ك ل ش ي ء ع س ي ف س ق ق ل ب ك ث ر ن ب ع ن خ ل	kw:palm(125.0929); theme:agriculture_food/plant_vegetation(97.4775); kw:tree(79.2064); kw:growth(63.214); kw:fruit(58.0864); kw:grove(57.219); kw:date(49.8887); kw:sapling(49.5059)	ج ع ل:B006:النخل الصغار أو القصار → ش ي ء:B006:صغار النخل
C193	0.737	excess / land_water_sky/water_hydrology / flood / river	23	9	14	26	0.06178181	0.3133	0.9615	0.7692	4,6,7,12,20,23,25,32,33,36,43,47,54,55,60,66,67,70,84,85,91,102,107	ب ح ر س ر ف ط غ و ط غ ي ع ل م ع ل و ف ح ش م د د ن ه ر	kw:excess(51.6738); theme:land_water_sky/water_hydrology(48.0113); kw:flood(45.3471); kw:river(43.7155); kw:hydrology(43.0534); kw:sea(42.6693); kw:transgression(41.7788); kw:limit(40.3171)	ط غ ي:B001:مجاوزة الحد في العصيان → ط غ و:B001:مجاوزة الحد في العصيان
C194	0.7367	body_health_life/reproduction_birth / pregnancy / womb / reproduction	52	14	17	31	0.06094159	0.2348	1.0	0.6774	1,2,3,6,8,9,14,16,23,24,26,28,31,32,33,34,41,45,46,51,54,55,56,57,59,60,62,64,66,70,71,74,77,78,81,82,85,87,88,89,91,92,93,99,100,101,103,105,106,107,110,111	ء ت ي ج م ع ج ن ن ح ق ق ح م ل ح و ل ر ء ي ر ج و ر ح م ر د د ر ك ن ق ر ء ق ر ب و ل د	theme:body_health_life/reproduction_birth(168.5572); kw:pregnancy(129.6057); kw:womb(93.3362); kw:reproduction(91.7878); kw:gestation(84.868); kw:fertility(53.198); kw:biology(52.5539); kw:birth(49.4984)	ق ر ب:B012:دنو الولادة في الحيوان → ر ج و:B005:الحامل تدنو ولادتها
C195	0.7365	reputation / honor / praise / rumor	56	12	14	17	0.06321025	0.1932	1.0	0.8235	1,5,7,12,14,16,23,24,28,32,34,35,36,38,40,41,42,43,44,46,47,49,50,51,53,55,56,60,61,62,63,64,70,73,80,81,84,85,88,90,91,92,93,94,95,96,98,99,100,101,102,104,107,108,110,111	ء ن ث ح س ب ح س ن خ ل ل ذ ك ر س م ع س م و س و ء ص و ت ف ع ل ق و ل ك ر م	kw:reputation(108.4746); kw:honor(68.8237); kw:praise(55.7051); kw:rumor(49.5059); kw:renown(48.1671); kw:fame(47.5952); kw:virtue(37.4165); kw:ethics(35.1221)	س م و:B008:الصيت الحسن المنتشر → ص و ت:B002:الصيت الحسن
C196	0.7361	calm / worship / stillness / silence	38	12	15	26	0.06554513	0.2574	1.0	0.6923	2,9,10,11,13,15,18,19,26,45,53,54,59,60,67,68,69,71,74,75,77,78,82,83,84,88,89,90,93,94,95,97,100,104,105,106,107,110	ء م ن ء ن س خ ف ت ر س ل ر ك ن س ك ن ص ل و ص ل ي ط م ء ن ط م ن م و ت ه د ي	kw:calm(74.9722); kw:worship(50.1599); kw:stillness(41.1882); kw:silence(39.8493); kw:comfort(39.7012); kw:trust(37.4165); kw:assurance(34.1547); kw:temple(34.1547)	ص ل ي:B008:الصلوات مواضع عبادة → ص ل و:B007:مواضع الصلاة ودور العبادة
C197	0.736	message / dispatch / communication / language_communication/communication	42	11	14	17	0.06422756	0.1932	1.0	0.9412	1,4,5,9,11,14,15,23,29,34,36,37,41,45,46,47,49,52,54,55,56,57,59,60,67,68,69,71,77,78,79,82,88,89,93,94,95,97,98,105,106,110	ء ذ ن ب ع ث ب ل غ د ع و ر س ل س م ع ص م م غ ل ل ق ر ء ق ض ي ن ب ء	kw:message(95.1904); kw:dispatch(62.1239); kw:communication(60.3317); theme:language_communication/communication(52.4934); kw:transmission(46.1482); kw:hearing(42.2076); kw:mediation(41.1882); kw:obedience(39.8493)	س م ع:B011:سَمْع لا بَلَغ → ب ل غ:B009:سماع المكروه بلا بلوغ
C198	0.7359	care / law_governance/authority_governance / governance / guardianship	63	16	17	26	0.06395168	0.1926	1.0	0.6538	2,3,5,9,11,12,13,14,15,17,18,19,20,23,25,27,30,31,32,33,34,35,36,38,40,42,44,46,49,50,51,53,54,56,57,58,60,62,65,66,67,68,72,74,77,78,79,81,83,86,87,88,91,92,93,95,96,97,98,100,107,108,111	ح س ب ح و ط ر ء س ر ك ن ز ع م س ع ي ص م م ع ظ م ع ه د ق ب ل ق و م ك ف ي ك ل و ك و ن و ك ل و ل ي	kw:care(74.4396); theme:law_governance/authority_governance(72.0261); kw:governance(67.5594); kw:guardianship(60.4627); kw:leadership(51.6738); kw:surety(47.5952); kw:guarantee(46.1482); kw:responsibility(41.9894)	ز ع م:B003:تحمل الكفالة → ق ب ل:B008:ضمان الشيء والتكفل به
C199	0.7358	sustenance / provision / ration / survival	60	14	16	23	0.06551659	0.1966	1.0	0.6957	2,3,5,11,12,14,15,17,18,19,20,23,25,26,27,30,31,32,33,34,36,37,38,42,44,49,50,51,53,54,56,57,58,65,66,67,68,69,70,72,77,78,81,83,85,86,87,88,91,92,93,95,96,98,100,103,104,107,108,111	ب ل غ ب ي ت ج م ع ح س ب ر ز ق ر و ح ز ج و ز ع م س ك ن ق ب ل ك س ف ك ف ي ك و ن و ك ل	kw:sustenance(80.963); kw:provision(79.3379); kw:ration(62.7642); kw:survival(59.6098); kw:sufficiency(54.2007); kw:livelihood(51.0335); kw:surety(47.5952); kw:adequacy(46.5929)	ح س ب:B003:الكفاية والإغناء → ك ف ي:B002:القول بأن الشيء حسب وكاف
C200	0.7356	land_water_sky/weather_climate / cloud / sky / meteorology	65	17	17	28	0.06044469	0.2059	0.9286	0.6429	1,3,4,5,6,8,9,12,13,17,20,21,23,24,25,26,27,28,29,30,31,32,34,38,39,40,42,43,44,46,48,51,53,54,55,57,58,60,64,65,66,68,70,72,76,77,79,80,83,84,85,87,91,92,93,95,96,97,99,100,102,107,108,110,111	ج ل ب ج ن ب ح م ل خ ر ج خ س ف ر ب ب س ب ل س م و ش د د ع ب د ع م ي ع ن ق ق ب ل ك ب ر ك ر ر م ح و ن ه ر	theme:land_water_sky/weather_climate(154.0621); kw:cloud(112.2496); kw:sky(95.786); kw:meteorology(57.5595); kw:atmosphere(52.9349); kw:wind(52.0143); kw:dispersal(42.6693); kw:weather(37.9455)	ر ب ب:B008:رباب السحاب → س م و:B004:السماء وما علا فأظل
C201	0.7356	grief / pride / anger / emotion_ethics/fear_grief	43	11	13	15	0.06272212	0.1974	1.0	0.9333	1,3,4,5,7,9,13,14,15,17,21,22,23,25,29,30,31,33,39,40,42,43,49,50,51,53,60,65,68,69,75,77,86,87,92,94,96,97,98,99,109,110,111	ء ل ه ب ك ي ح د د ح س ر ط ي ر ع ب د ع ظ م غ ل ل ك ب ر ن ف س و ج د	kw:grief(55.4339); kw:pride(54.2007); kw:anger(51.5089); theme:emotion_ethics/fear_grief(40.8806); kw:emotion(34.3024); kw:desire(33.8898); kw:rashness(33.5381); kw:regret(33.5381)	ط ي ر:B005:حدّة وطيش منطلق → ح د د:B006:حدة البأس والشراب والغضب
C202	0.7356	revenue / tribute / tax / abscess	27	9	12	15	0.06625727	0.2419	1.0	0.9333	2,5,6,7,13,20,26,29,34,35,48,55,59,63,66,71,76,80,81,85,88,92,94,98,101,104,107	ء ت ي ج ز ي ج ي ء خ ر ج ز ج و ض ر ب غ ل ل م د د و ف ي	kw:revenue(95.1904); kw:tribute(81.3321); kw:tax(66.0079); kw:abscess(66.0079); theme:economy_property/finance_debt(63.4321); kw:levy(62.7642); kw:taxation(60.9791); kw:pus(48.1671)	ج ي ء:B003:جائية الجراح → م د د:B007:جرح تمتد فيه مدة من قيح
C203	0.7355	separation / distance / remoteness / exclusion	18	9	12	23	0.05940967	0.371	1.0	0.6957	1,17,18,21,27,39,45,53,55,60,64,68,83,88,96,101,104,110	ب ع د ب ع ض ب ي ن ج ن ب د ح ر ش ط ن ق ص و ل ع ن ن ء ي	kw:separation(82.1996); kw:distance(72.6452); kw:remoteness(69.6314); kw:exclusion(69.6314); kw:banishment(46.1482); theme:movement_travel/migration_displacement(43.7613); kw:removal(34.8519); kw:space(31.5315)	د ح ر:B001:الطرد والإبعاد → ل ع ن:B001:الطرد والإبعاد بالسخط
C204	0.7355	reputation / hearing / praise / renown	24	9	13	19	0.066727	0.2639	1.0	0.8421	1,12,18,30,36,40,41,44,46,47,54,55,60,62,64,74,86,92,93,95,97,99,102,110	ء ذ ن ء ن ث ذ ك ر ر ء ي س م ع س م و ش ي ء ص م م ص و ت	kw:reputation(108.4746); kw:hearing(56.2768); kw:praise(55.7051); kw:renown(48.1671); kw:fame(47.5952); kw:listening(47.0731); kw:honor(45.8825); kw:communication(43.0941)	س م ع:B001:إدراك الأصوات بالأذن → ء ذ ن:B002:الإصغاء وقبول المسموع
C205	0.7354	body_health_life/reproduction_birth / womb / pregnancy / reproduction	41	14	17	36	0.0578959	0.2707	1.0	0.6389	1,3,7,8,9,10,14,15,23,24,28,31,40,41,45,46,54,57,58,60,62,64,66,70,71,75,78,82,87,88,89,91,92,93,97,99,100,103,106,110,111	ء ن ث ج م ع ج ن ن ح م ل ح ي ي ر ء ي ر ج و ر ح م س ق ط ع ذ ب ق ر ء و ج ه و ق ر و ل د	theme:body_health_life/reproduction_birth(180.597); kw:womb(133.3374); kw:pregnancy(90.724); kw:reproduction(81.5892); kw:birth(74.2476); kw:gestation(70.7234); kw:fetus(60.4627); kw:biology(52.5539)	ج ن ن:B007:الجنين المستور في البطن → س ق ط:B004:الولد السِّقط قبل تمامه
C206	0.7353	eye / vision / blindness / sight	45	15	16	31	0.0576215	0.2605	0.9677	0.6774	1,7,9,11,12,13,14,15,16,17,18,19,25,30,33,35,36,37,53,56,57,58,59,60,62,67,68,69,71,72,73,77,78,79,83,88,89,94,96,97,99,100,102,103,106	ء ن س ب ص ر ح ذ ر ح و ل خ س ف ر ء ي ر و د ظ ه ر ع م ي غ ر ق غ س ق ف ر ي ق و م م ر ح ن ف س	kw:eye(155.6523); kw:vision(128.7681); kw:blindness(58.2873); kw:sight(56.8924); kw:pupil(47.5952); theme:cognition_perception/perception(46.12); kw:perception(38.0967); kw:irritation(32.1114)	ر ء ي:B001:رؤية العين والبصيرة → ب ص ر:B001:إبصار العين
C207	0.7353	marriage / intercourse / sexuality / intimacy	57	14	15	18	0.0603545	0.1731	1.0	0.8889	1,3,5,7,8,9,11,12,14,15,18,19,20,25,27,30,31,32,33,34,35,36,38,42,43,44,49,50,51,53,56,57,58,64,66,67,69,72,78,80,81,83,87,88,89,91,93,94,95,96,98,99,100,103,105,108,111	ب ش ر ج م ع ح س ب خ ي ر د خ ل س ب ح س و ء ش ر ر ش ر ك ش ك ر ض ر ر ك ف ر ك و ن م س س	kw:marriage(68.1177); kw:intercourse(64.5923); kw:sexuality(53.2649); kw:intimacy(39.5566); kw:misfortune(39.1426); kw:adversity(37.9386); kw:harm(37.3173); theme:emotion_ethics/suffering_hardship(35.0197)	م س س:B002:مماسة النكاح → ج م ع:B006:اتصال الجماع والمجامعة
C208	0.7351	tribe / community / household / family	63	16	17	27	0.06011468	0.2	0.9259	0.7407	5,6,7,8,9,11,12,13,17,20,23,24,25,26,27,28,30,33,35,38,39,40,41,46,47,51,53,54,55,57,58,59,60,62,64,65,66,67,71,73,75,77,78,79,80,83,84,85,87,88,89,91,92,93,94,97,100,102,103,104,106,107,108	ء م م ء ن س ء و ل ب ي ت ج م ع خ ل ل ر ب ب ر ب و ر ج ل س ك ن ظ ه ر ف ص ل ق ب ل ق و م ن ص ر ن ف ر	kw:tribe(83.2777); kw:community(78.6926); kw:household(71.6847); kw:family(68.4655); kw:clan(65.6923); kw:group(60.6775); theme:kinship_society/household_community(47.3957); kw:lineage(43.3422)	ء و ل:B003:آل الرجل من يرجع إليهم ويرجعون إليه → ب ي ت:B002:أهل البيت وعياله
C209	0.7351	body_health_life/health_medicine / body_health_life/disease_injury / wound / medicine	33	12	12	17	0.05924524	0.2576	0.9412	0.8235	4,5,6,7,8,12,13,20,25,28,41,42,43,44,46,48,51,57,64,66,69,76,80,81,88,89,94,99,101,103,104,106,110	ب غ ي ج ي ء خ ر ج خ ف ت ع ل و ع و د غ ف ر ف ر ق ف ز ز م ث ل م د د ن ف ر	theme:body_health_life/health_medicine(86.7321); theme:body_health_life/disease_injury(65.3267); kw:wound(61.4078); kw:medicine(56.0514); kw:abscess(49.5059); kw:discharge(41.3787); kw:recovery(40.4815); kw:swelling(39.5566)	ج ي ء:B003:جائية الجراح → م د د:B007:جرح تمتد فيه مدة من قيح
C210	0.7349	submission / humility / ritual_belief/religion_worship / lowering	64	14	17	29	0.06058908	0.2197	0.9655	0.6207	1,3,5,7,8,9,10,11,15,17,18,19,20,23,24,25,26,27,30,31,32,33,34,36,38,42,44,45,49,50,51,53,57,58,61,65,66,67,68,69,72,78,81,82,83,87,88,89,90,91,93,94,95,96,98,99,100,101,104,107,108,109,110,111	ء م ن ب ي ن خ س ف خ ش ع خ ف ض س ج د س ك ن ط م ء ن ط م ن ط ي ن ظ ه ر ع ب د ك ف ر ك و ن	kw:submission(107.9506); kw:humility(73.347); theme:ritual_belief/religion_worship(59.7657); kw:lowering(41.9894); kw:obedience(39.8493); kw:abasement(31.0619); kw:calm(29.9889); kw:depression(27.2163)	ط م ن:B001:السكون بعد الانزعاج → ط م ء ن:B001:السكون والطمأنينة
C211	0.7347	reptile / viper / snake / serpent	38	13	13	19	0.06088153	0.2436	1.0	0.7368	2,3,4,6,8,12,16,18,22,26,27,29,32,33,34,39,40,45,46,51,53,56,57,60,62,64,70,75,80,85,88,91,92,97,99,100,101,104	ء م ر ب ن ي ج ع ل ج ن ن ح ش ر ح ي ي ذ ر ر ز ع م ش ط ن ط غ و ق ت ر ق ر ب ق ل ب	kw:reptile(85.8285); kw:viper(85.3867); kw:snake(85.3387); kw:serpent(79.3254); kw:danger(47.7898); kw:venom(45.3471); theme:animal_life/wildlife(40.33); kw:taxonomy(33.8345)	ح ي ي:B004:الحية من جنس الحياة → ج ن ن:B012:الجان حية
C212	0.7345	palm / agriculture_food/plant_vegetation / growth / fruit	40	13	17	39	0.05513773	0.2977	0.9744	0.6154	2,3,6,8,12,18,20,22,26,27,29,30,33,39,44,45,46,54,55,59,60,62,67,69,70,71,74,80,84,85,86,88,89,91,92,98,99,101,103,107	ء ت ي ج ع ل ج م ع ذ ر ر ش ك ل ش ي ء ع ن ب غ ل ل ق ل ب ك ث ر ك ف ر م د د ن خ ل	kw:palm(102.3487); theme:agriculture_food/plant_vegetation(74.0829); kw:growth(63.214); kw:fruit(58.0864); kw:sapling(49.5059); kw:flour(46.1482); kw:tree(45.2608); kw:shoot(43.1696)	ج ع ل:B006:النخل الصغار أو القصار → ش ي ء:B006:صغار النخل
C213	0.7345	age / body_health_life/life_stage_aging / senescence / decline	57	11	12	14	0.05893538	0.2154	1.0	0.7143	3,4,5,7,8,9,11,15,18,19,20,21,22,23,24,25,27,30,31,32,33,34,36,38,40,42,43,44,46,49,50,51,53,57,58,60,66,67,72,77,78,79,81,83,87,88,91,93,95,96,97,98,100,107,108,109,111	خ ذ ل ذ ق ن س ن ن ص غ ر ع س ي ع ظ م ق ف و ك ب ر ك و ن و ج ه و ل ي	kw:age(87.3052); theme:body_health_life/life_stage_aging(76.4256); kw:senescence(59.9777); kw:decline(43.7155); kw:aging(39.8493); kw:oldness(33.5381); kw:elder(30.2314); kw:time(27.0443)	ك ب ر:B004:كبر السن والقدم → س ن ن:B004:سن ناتئ وعمر ظاهر
C214	0.7344	body_health_life/disease_injury / abscess / swelling / medicine	25	11	12	17	0.06440773	0.2615	0.9412	0.8824	5,6,7,12,13,18,20,22,28,41,42,46,55,57,64,66,68,76,80,81,91,94,101,104,110	ب غ ي ج ي ء ح ص ب خ ر ج خ ي ل د ب ر ذ م م ع ن ب م د د ن ب و ن ف ر	theme:body_health_life/disease_injury(111.4397); kw:abscess(66.0079); kw:swelling(65.9276); kw:medicine(65.3933); kw:wound(61.4078); theme:body_health_life/health_medicine(54.2076); kw:pus(48.1671); kw:pustule(48.1671)	ج ي ء:B003:جائية الجراح → م د د:B007:جرح تمتد فيه مدة من قيح
C215	0.7343	creation / aptitude / worthiness / condition_force_change/capacity_ability	59	11	12	12	0.06504811	0.1846	1.0	0.75	2,4,6,8,12,16,18,22,23,24,28,29,30,33,35,37,39,40,42,43,44,45,46,47,49,50,51,53,55,56,60,61,62,63,64,70,76,80,81,84,85,88,90,93,94,95,96,97,98,99,100,101,102,103,104,107,108,110,111	ء ر ض ج ب ل ج ع ل خ ل ق خ ي ل ط ي ن ف ط ر ق د ر ق و ل و ز ن و ل ي	kw:creation(68.9644); kw:aptitude(51.232); kw:worthiness(50.3071); theme:condition_force_change/capacity_ability(42.878); kw:nature(34.6593); kw:anthropology(32.1114); kw:constitution(31.7301); kw:goodness(30.4895)	ء ر ض:B003:الخليق بالخير كالأرض الأريضة → خ ل ق:B005:الجدارة والتهيؤ للشيء
C216	0.7338	honor / sanctity / dignity / hierarchy	37	13	17	37	0.06406611	0.2824	0.9459	0.6216	1,3,4,5,7,9,12,14,15,16,17,18,21,22,23,25,26,30,31,33,40,41,43,46,49,51,53,56,60,65,81,87,92,96,98,105,111	ج د د ح ر م ح ق ق ذ ك ر ذ م م ر ء س ز ع م س ن و ع ب د ع ظ م ع ل و ك ب ر ن ف س	kw:honor(149.1181); kw:sanctity(62.1239); kw:dignity(59.5205); kw:hierarchy(54.3259); kw:pride(54.2007); kw:nobility(51.3473); kw:reputation(48.2109); theme:kinship_society/hierarchy_status(47.8386)	ع ل و:B002:الرفعة والشرف → س ن و:B003:السَّناء والرفعة
C217	0.7336	milk / dairy / udder / yield	33	15	15	33	0.0554009	0.3143	0.9394	0.5758	1,3,5,6,7,8,11,15,19,35,41,48,51,52,54,56,57,59,64,67,68,69,71,77,79,85,89,93,94,95,97,105,110	ء و ل ب ر ك ج ل ب د ع و ر د د ر س ل ر و ح ش ك ر ص ر ف ص م م ض ر ب ع س ي غ ر ر ف ط ر ك ذ ب	kw:milk(114.9093); kw:dairy(85.5529); kw:udder(66.1686); kw:yield(45.7343); kw:coagulation(32.5328); kw:fertility(31.9188); kw:curd(31.7301); kw:abundance(30.8919)	ء و ل:B005:خثور السائل وانعقاده في آخر أمره → ص م م:B020:اللبن الخاثر الصامت عند الصب
C218	0.7336	mating / reproduction / female / pregnancy	48	15	17	31	0.06135492	0.2313	0.9677	0.7097	1,2,6,8,9,12,13,14,16,18,22,26,28,29,30,33,39,41,44,45,46,48,55,56,57,59,60,62,71,76,77,78,80,81,82,85,88,89,92,93,95,99,101,102,105,106,107,110	ء ت ي ب س ط ج ع ل ح ق ق ح و ل خ ر ج ر ء ي ر ج و س م و س ن ن س ن و ص ر ف ض ر ب ق ر ء ن و ق	kw:mating(97.4839); kw:reproduction(81.5892); kw:female(70.346); kw:pregnancy(64.8028); kw:estrus(62.7642); kw:breeding(57.9151); kw:livestock(57.1909); kw:camel(55.6001)	س ن و:B010:تسنّي البعير للناقة → س ن ن:B007:إكباب بدفع أو عض
C219	0.7336	age / senescence / body_health_life/life_stage_aging / antiquity	65	10	12	13	0.05174244	0.2031	1.0	0.7692	2,3,4,5,7,8,9,11,15,16,17,18,19,20,21,23,25,26,27,30,31,32,33,34,36,38,42,43,44,47,49,50,51,53,55,57,58,59,60,64,66,67,69,71,72,78,79,81,83,85,87,88,91,92,93,95,96,97,98,100,101,107,108,109,111	ء ت ي ذ ق ن ر ج ل ع س ي ع و د ق ف و ك ب ر ك و ن ه ل ك و ج ه	kw:age(62.3609); kw:senescence(59.9777); theme:body_health_life/life_stage_aging(53.9475); kw:antiquity(45.3471); kw:decline(43.7155); kw:aging(39.8493); kw:oldness(33.5381); kw:elder(30.2314)	و ج ه:B009:توجه الشيخ → ع س ي:B003:وَلِيُّ الشيخ وكبره
C220	0.7335	milk / dairy / abundance / yield	35	16	16	37	0.05547933	0.3083	0.973	0.5405	1,3,5,6,7,8,14,15,17,19,25,30,33,35,40,41,48,49,51,54,59,64,68,69,77,79,89,93,94,95,96,97,98,103,105	ء و ل ب ر ك ج د د خ ب ر ر د د ر س ل ش ك ر ص ر ف ص ف و ص م م ض ر ب ع س ي غ ر ر غ ر ق ف ط ر ن ف س	kw:milk(114.9093); kw:dairy(73.3311); kw:abundance(72.0811); kw:yield(60.9791); kw:udder(52.9349); kw:fertility(42.5584); kw:fullness(35.3267); kw:draught(33.004)	ع س ي:B006:رجاء عودة اللبن → ج د د:B011:انقطاع ماء أو لبن
C221	0.7333	calamity / ordeal / disaster / severity	25	11	11	22	0.05801883	0.4	0.9091	0.5909	4,5,7,13,23,29,34,37,38,40,49,51,55,58,60,64,73,82,93,95,97,98,102,105,106	ب ل غ ج ل ب ز ب ر ش د د ص م م ع ظ م ع ن ق ف ت ن ك ر ه م ر ر ن ز ل	kw:calamity(107.9946); kw:ordeal(68.0407); kw:disaster(59.4841); kw:severity(59.3598); kw:crisis(51.6738); kw:adversity(50.5848); kw:affliction(48.7706); kw:hardship(46.5566)	م ر ر:B004:الشدة المرة والداهية → ص م م:B005:الشدة والداهية
C222	0.733	milk / udder / yield / lactation	35	16	16	36	0.05331432	0.3	0.9722	0.6111	1,3,6,8,11,15,18,19,28,29,30,40,41,49,51,52,54,56,57,59,64,67,68,69,71,77,79,83,89,93,94,95,98,105,110	ب ر ك ب س ط ج د د ج ن ب د ع و ر د د ر س ل ش ك ر ص ر ف ص ف و ع ج ل ع س ي غ ر ر ف ط ر ك ذ ب ي س ر	kw:milk(126.4002); kw:udder(66.1686); kw:yield(60.9791); kw:lactation(56.8924); kw:fertility(53.198); kw:abundance(51.4865); kw:dairy(48.8874); kw:camel(46.3334)	ع س ي:B006:رجاء عودة اللبن → ج د د:B011:انقطاع ماء أو لبن
C223	0.733	livestock / herd / calf / offspring	56	15	15	20	0.06050186	0.1905	1.0	0.75	2,3,6,7,8,11,12,15,16,17,18,20,22,23,24,25,27,28,29,30,33,38,39,40,45,46,47,54,55,57,59,60,63,64,65,66,68,69,70,76,77,79,80,84,85,87,93,94,95,99,100,102,103,105,106,108	ء ج ل ء م ر ت ب ع ج ع ل ح م ل د خ ل ر ب ب ر س ل ط غ و ط غ ي ع ج ل ف ر ق ف ز ز ق ت ر و ق ر	kw:livestock(66.7228); kw:herd(64.3861); kw:calf(56.5787); kw:offspring(49.7565); kw:cattle(45.7343); kw:flock(42.2076); kw:wildlife(40.8244); theme:animal_life/wildlife(40.33)	ع ج ل:B002:ولد البقرة → ف ز ز:B003:ولد البقرة الخفيف
C224	0.7329	color / redness / space_form_boundary/visual_appearance / whiteness	17	10	10	12	0.05970191	0.2667	1.0	0.9167	7,12,13,14,41,47,63,64,66,67,70,76,80,84,86,89,97	ب ح ر ح س ب خ ر ج د خ ل ذ ه ب ر ج ل س ع ر ش ك ل ص ر ف غ ر ر	kw:color(92.177); kw:redness(66.6687); theme:space_form_boundary/visual_appearance(61.7374); kw:whiteness(47.9976); kw:appearance(32.3327); kw:hue(31.0619); kw:complexion(29.1436); kw:depth(27.8525)	ح س ب:B009:لون الأحسب والأحسبية → ش ك ل:B005:الشُّكلة لون مختلط
C225	0.7328	fruit / generosity / grape / virtue	31	11	14	24	0.06329909	0.2759	0.9167	0.7917	2,5,8,11,19,23,26,27,35,42,55,59,62,67,68,69,70,71,78,84,85,88,89,90,91,92,98,99,101,107,108	ء ت ي ب ر ر خ ي ر س ع ي ش ك ل ع ر ش ع ن ب ف ج ر ف ع ل ك ر م ك ف ر	kw:fruit(81.321); kw:generosity(60.8194); kw:grape(59.9777); kw:virtue(49.8887); kw:vine(46.1482); theme:agriculture_food/plant_vegetation(38.991); kw:harvest(37.6199); kw:horticulture(34.884)	ك ر م:B004:العنب والكرمة → ع ن ب:B001:العنب ثمرة الكرم
C226	0.7328	tool / craft_material_built/tools_equipment / technology / stature	62	14	15	16	0.06200824	0.1538	1.0	0.875	2,4,5,6,7,8,9,11,13,16,18,19,23,24,26,28,29,30,35,40,42,43,47,48,49,50,51,53,56,58,59,60,61,62,63,69,70,71,78,79,80,81,83,84,85,88,90,93,94,95,96,97,98,100,101,102,103,104,107,108,110,111	ء م م ء و ل ب س ط ب ن ي ر و د ض ر ب ع ج ل ع ر ش ع ل و ع م ل ع و د ق و ل ق و م ن ع م	kw:tool(52.9999); theme:craft_material_built/tools_equipment(42.6796); kw:technology(42.2076); kw:stature(41.0035); kw:wood(37.9386); kw:length(37.4165); kw:support(33.3585); kw:timber(32.5328)	ق و م:B011:قامة وقوام الجسم والطول → ء م م:B006:القامة والهيئة
C227	0.7327	plant / ecology / agriculture / growth	51	16	17	42	0.05770477	0.3111	0.7381	0.5476	3,4,8,12,13,17,19,20,23,24,25,27,28,30,36,37,38,39,40,44,46,53,54,55,57,60,62,65,66,68,69,70,76,79,80,83,84,85,87,88,90,91,93,95,99,100,102,103,104,106,108	ء ر ض ج ن ب ج ن ن ح ل م خ ل ف ر ب ب ر و ح ش ج ر ش ك ر ع د و ف ر ق ق ص ف ق ف و ك ر م ل ف ف ن ش ر	kw:plant(100.4433); kw:ecology(92.0789); kw:agriculture(82.1571); kw:growth(73.7497); theme:agriculture_food/plant_vegetation(62.3856); kw:pasture(57.6608); kw:vegetation(57.2526); kw:renewal(54.4326)	ج ن ن:B011:التفاف النبات واندفاعه → ل ف ف:B002:نبات أو شجر يلتف بعضه ببعض
C228	0.7325	parent / family / inheritance / offspring	51	9	13	18	0.05762877	0.25	1.0	0.6667	2,4,6,8,12,13,17,20,23,24,25,26,27,28,29,30,31,36,38,39,40,44,46,54,55,57,60,64,65,66,70,71,75,79,80,84,85,87,89,92,93,95,97,99,100,101,102,104,108,110,111	ء م م ب ن ي ر ب ب ر ب و س م و ك ل ل م و ت ن ف ل و ل د	kw:parent(48.7992); kw:family(45.6437); kw:inheritance(39.5566); kw:offspring(37.3173); kw:descendant(34.884); kw:lineage(32.5067); kw:progeny(31.7301); theme:kinship_society/family(31.0976)	ر ب ب:B002:إصلاح وتربية وإتمام → ر ب و:B005:تغذية ونشوء
C229	0.7324	household / family / dependent / tribe	38	11	12	17	0.05971069	0.2615	1.0	0.7059	2,4,5,6,7,9,12,13,14,16,20,24,26,29,35,36,38,40,41,45,46,51,58,59,60,70,71,75,78,82,84,88,89,93,97,101,104,106	ء و ل ب ن ي ب ي ت ح ي ي ر ب و س ك ن ظ ه ر ف ص ل ق ر ء ق ر ي ك ل ل	kw:household(107.527); kw:family(102.6983); kw:dependent(62.7642); kw:tribe(59.4841); kw:lineage(43.3422); kw:clan(39.4154); kw:kin(32.5328); kw:belonging(28.6095)	ق ر ء:B013:القِرَة مال وعيال → ق ر ي:B011:مال وعيال مجتمعون
C230	0.7323	mother / family / body_health_life/reproduction_birth / descent	52	9	15	24	0.05731912	0.2526	0.9583	0.7083	2,4,6,7,8,12,13,14,15,17,20,23,24,25,26,27,28,29,30,31,33,36,38,39,40,44,46,49,54,55,57,60,64,65,66,70,71,79,80,84,85,87,89,93,97,98,100,101,102,104,108,111	ء م م ب ن ي ج د د ر ب ب ر ب و غ ف ر ك ل ل ن ف س و ل د	kw:mother(60.9791); kw:family(45.6437); theme:body_health_life/reproduction_birth(44.1459); kw:descent(36.4065); kw:parent(32.5328); kw:childbirth(31.7301); theme:body_health_life/life_stage_aging(31.4693); theme:kinship_society/family(31.0976)	و ل د:B002:أبوان من جهة الولادة → ج د د:B009:أبوة الأجداد
C231	0.7321	language / expression / tongue / beauty	52	14	15	22	0.05795374	0.2115	1.0	0.7727	1,8,9,12,16,21,23,24,28,33,34,37,40,41,42,43,45,46,47,48,49,50,51,53,56,60,61,62,63,65,78,80,81,84,85,88,90,93,94,95,96,98,99,100,101,102,104,105,107,108,110,111	ب ش ر ب ل غ ب ي ن ج ه ر ح ص ر ذ ك ر ر ء ي س ل ط ش ك ل ش ه د ف ص ل ق و ل ل ف ف ن ظ ر	kw:language(91.0338); kw:expression(87.7798); kw:tongue(77.7634); kw:beauty(57.3531); kw:speech(56.3049); kw:aesthetics(50.8811); kw:rhetoric(47.2927); kw:articulation(44.316)	ر ء ي:B006:مرأى ومنظر ومرآة → ن ظ ر:B004:ظهور الشيء للناظر أو حسن مرآه
C232	0.7321	reptile / viper / snake / serpent	23	12	12	18	0.0604894	0.2727	1.0	0.7778	6,7,12,17,18,27,30,32,38,41,44,46,53,54,56,64,74,75,86,88,91,92,100	ج ن ن ح ي ي ر د د ز ع م س و ء ش ط ن ش ي ء ف ح ش ق ت ر ق ر ن ق ل ب ن ف ر	kw:reptile(85.8285); kw:viper(85.3867); kw:snake(85.3387); kw:serpent(79.3254); kw:ugliness(75.5784); kw:danger(47.7898); kw:venom(45.3471); kw:evil(26.6675)	ح ي ي:B004:الحية من جنس الحياة → ج ن ن:B012:الجان حية
C233	0.732	body_health_life/reproduction_birth / womb / birth / reproduction	44	14	17	37	0.05931069	0.2782	0.9459	0.5676	1,3,7,8,9,10,14,15,23,24,25,28,31,33,41,45,46,53,54,56,57,58,60,64,66,67,70,71,77,78,82,83,87,88,89,91,92,93,96,100,101,106,110,111	ب ي ن ج ن ن ح ر م ح م ل ح و ل ر ح م س ق ط ش ه د ع ذ ب ق ر ء م س س م س ك ن ف س و ل د	theme:body_health_life/reproduction_birth(156.5174); kw:womb(120.0037); kw:birth(86.6222); kw:reproduction(71.3905); kw:family(68.4655); kw:fetus(60.4627); kw:gestation(56.5787); kw:pregnancy(51.8423)	ر ح م:B002:الرَّحِم والقرابة → م س س:B005:رحم ماسة
C234	0.7319	rain / land_water_sky/weather_climate / season / sky	60	17	17	35	0.05895151	0.2574	0.8857	0.4857	2,3,8,12,13,17,19,20,23,24,25,26,27,28,30,31,32,33,34,36,38,39,40,42,44,46,48,54,55,57,59,60,63,64,65,66,70,71,72,75,79,80,84,85,86,87,88,91,92,93,95,97,99,100,101,102,107,108,110,111	ء ت ي ب غ ي ح م ل ح ي ي خ ط ء خ ي ل ذ ه ب ر ب ب س ب ل س م و ش ك ر ض ع ف ع ه د ق ف و ن خ ل ن ش ر و ل ي	kw:rain(142.1691); theme:land_water_sky/weather_climate(98.7577); kw:season(60.8194); kw:sky(59.8663); kw:fertility(53.198); kw:climate(47.3897); kw:storm(46.5929); kw:precipitation(44.6404)	و ل ي:B010:مطر يلي الوسمي → ع ه د:B007:مطر يتعاهد الأرض بعد بلل أو في أوائل الوسمي
C235	0.7317	calm / comfort / repose / familiarity	39	11	15	25	0.06472676	0.2525	1.0	0.68	7,9,10,11,13,14,15,19,25,26,29,30,33,45,53,54,59,60,67,68,69,71,74,75,77,82,83,85,88,89,90,93,94,95,100,104,105,106,107	ء م ن ء ن س ب س ط ر س ل ر ك ن ر و ح س ك ن ط م ء ن ط م ن م و ت ن ف س	kw:calm(59.9777); kw:comfort(52.9349); kw:repose(50.3071); kw:familiarity(46.1482); kw:rest(40.0012); kw:trust(37.4165); kw:assurance(34.1547); kw:soul(29.3388)	ط م ن:B001:السكون بعد الانزعاج → ط م ء ن:B001:السكون والطمأنينة
C236	0.7317	strength / power / solidity / firmness	45	14	14	24	0.05914262	0.2637	0.9583	0.5833	1,3,4,5,7,14,15,17,23,25,29,30,33,34,39,40,42,47,50,51,53,56,57,58,59,61,62,64,65,67,69,71,73,74,75,78,82,85,86,92,95,96,99,100,111	ء ل ي ج ل ب ح د د ر ك ن ر و ح ش د د ض ع ف ظ ل م ع ب د م ر ر م ل ك ن ف س ي د ي ي م ن	kw:strength(90.6719); kw:power(65.5548); kw:solidity(41.7788); kw:firmness(39.1426); kw:hardness(37.1238); kw:capacity(36.7544); kw:agency(30.693); theme:condition_force_change/capacity_ability(30.0146)	ع ب د:B007:القوة والصلابة → ش د د:B002:شدة القوة والصلابة
C237	0.7317	madness / spirit / mind / ritual_belief/belief_revelation	18	10	11	15	0.06146572	0.2778	1.0	0.8667	1,31,33,47,50,60,62,63,67,68,69,73,75,83,88,91,97,99	ت ب ع ج ن ب ج ن ن ح ج ر ر ء ي س ع ر ف ت ن ق ت ل م س س م و ت	kw:madness(104.1608); kw:spirit(74.4006); kw:mind(56.2768); theme:ritual_belief/belief_revelation(54.2533); kw:insanity(53.6648); kw:derangement(50.3071); kw:haunting(38.5491); kw:jinn(33.5381)	ف ت ن:B007:ذهاب عقل ومال → ج ن ن:B006:ستر العقل بالجنون
C238	0.7317	measure / volume / quantity / measurement	18	10	10	10	0.06752159	0.2222	1.0	1.0	6,12,13,20,26,27,29,35,36,38,63,71,82,84,86,89,97,106	ب ذ ر خ س ر ذ ه ب س ع ر ف ر ق ك ر ر ك ل ل ك ي ل م د د و ز ن	kw:measure(67.026); kw:volume(60.4627); kw:quantity(57.9783); kw:measurement(57.6608); kw:capacity(49.0059); kw:provision(34.002); kw:exchange(32.7314); kw:commerce(31.2388)	م د د:B006:مد يقدر به الكيل → ف ر ق:B011:فرق مكيال وإناء
C239	0.7316	creation / production / disposition / nature	35	11	14	24	0.06288131	0.2824	1.0	0.6667	2,4,6,8,12,13,18,22,23,26,29,30,33,37,39,40,44,45,46,48,49,51,54,60,61,70,74,76,80,84,86,98,99,101,104	ب ن ي ج ب ل ج ع ل خ ر ج خ ل ق ش ك ل ش ي ء ض ر ب ط ي ن ف ط ر ق ض ي	kw:creation(137.9289); kw:production(72.8591); kw:disposition(72.3939); kw:nature(69.3187); kw:temperament(63.4145); kw:ontology(57.219); kw:origination(47.5952); kw:constitution(47.5952)	ض ر ب:B009:السجية المضروبة → خ ل ق:B004:السجية والطبيعة الباطنة
C240	0.7315	fabrication / lie / testimony / falsehood	56	13	17	31	0.06049222	0.2366	0.9677	0.6129	1,5,9,10,16,19,23,24,26,28,33,40,42,43,45,47,49,50,51,53,56,59,60,61,62,63,67,68,69,70,73,78,80,81,82,84,85,88,90,91,92,93,94,95,96,98,99,100,101,102,104,105,107,108,110,111	ء م ن ب ر ر ت ل و ح ق ق خ ل ق ر ء ي ز ع م ص د ق ف ج ر ف ر ي ف ع ل ق و ل ك ذ ب	kw:fabrication(74.4006); kw:lie(73.8599); kw:testimony(66.4155); kw:falsehood(65.4624); theme:emotion_ethics/deception_corruption(60.8752); kw:covenant(41.3787); kw:forgery(35.7766); kw:confirmation(33.5381)	ك ذ ب:B001:خلاف الصدق → ص د ق:B001:صدق القول
C241	0.7315	family / kinship / parent / ancestry	56	13	16	27	0.05896367	0.2328	0.963	0.6667	2,4,6,8,12,13,17,20,22,23,24,25,26,27,28,29,30,31,32,34,36,38,39,40,46,49,51,54,55,57,60,64,65,66,67,68,70,71,75,79,80,82,84,85,87,89,93,97,98,100,101,102,104,108,110,111	ء م م ب ر ر ب ع د ب ن ي ج د د ر ب ب ر ب و ر ح م ق ر ب ق ع د ك ل ل م و ت و ل د	kw:family(102.6983); kw:kinship(66.6692); kw:parent(65.0657); kw:ancestry(57.9151); kw:lineage(54.1778); kw:genealogy(49.2484); theme:kinship_society/family(41.4635); kw:descent(36.4065)	و ل د:B002:أبوان من جهة الولادة → ج د د:B009:أبوة الأجداد
C242	0.7314	time_measure_quantity/time / history / duration / time	32	14	14	24	0.05928461	0.2637	1.0	0.7083	1,5,6,11,13,14,20,28,29,37,38,41,52,53,56,57,58,62,67,71,77,82,83,89,93,95,97,99,102,105,106,110	ء م م ح و ل د ع و د و ر ر ي ب ص ر ف ط و ل ع د و ع ر ض ع ن ق ك ر ه م د د ن ز ل ي و م	theme:time_measure_quantity/time(77.5567); kw:history(77.5108); kw:duration(75.661); kw:time(63.1034); kw:calamity(59.997); kw:change(50.8811); kw:adversity(50.5848); kw:mortality(43.1677)	م د د:B004:أجل أو زمن يطال ويمتد → ط و ل:B003:طول الزمان الطويل
C243	0.7311	rotation / circle / residence / geometry	14	8	13	21	0.05920636	0.3134	1.0	0.9048	1,5,12,16,18,19,26,50,56,60,66,77,103,104	ح ج ر ح و ط ح و ل د و ر ر و د س ك ن س ن و ف ل ك	kw:rotation(71.1156); kw:circle(45.7343); kw:residence(37.8305); kw:geometry(36.9363); kw:resident(34.884); kw:orbit(32.5328); kw:roundness(31.0619); kw:ring(28.6095)	د و ر:B001:الدوران والإحاطة والاستدارة → ف ل ك:B001:استدارة الشيء ودورانه
C244	0.7308	fire / land_water_sky/fire_heat / fuel / energy	19	14	16	49	0.0614331	0.4153	0.9796	0.551	3,11,13,18,22,35,36,39,42,60,68,73,78,83,92,97,100,103,110	ح ص ب خ ب و س ع ر س ق ط ش ر ر ص ل و ص ل ي ط ي ر ف ء د ف ت ن ق ت ر ك ي ل م س ك م ع ع	kw:fire(182.2625); theme:land_water_sky/fire_heat(170.0867); kw:fuel(59.5205); kw:energy(52.5539); kw:burning(46.5929); kw:spark(46.1482); kw:ember(43.4363); kw:combustion(43.1696)	ك ي ل:B002:كال الزند → س ق ط:B005:سقط النار المتطاير
C245	0.7308	group / community / crowd / clan	49	17	17	37	0.05905858	0.2721	0.8378	0.5946	6,8,9,12,13,17,20,23,24,25,27,28,29,30,33,35,37,38,39,40,41,46,54,55,57,58,60,62,65,66,71,75,77,78,79,80,84,85,87,88,92,93,97,100,102,103,104,107,108	ء م م ج ب ل ج م ع ح ش ر ح و ط ح ي ي ر ب ب ظ ه ر ع ن ق ف ص ل ق ب ل ق و م ك ر ر ل ف ف ن ص ر ن ف ر ي د ي	kw:group(84.9485); kw:community(78.6926); kw:crowd(76.5503); kw:clan(65.6923); kw:tribe(59.4841); kw:alliance(53.7561); kw:multitude(53.7561); kw:society(51.9463)	ق ب ل:B009:جماعة يقبل بعضها على بعض → ح ي ي:B010:الحي جماعة النسب والقبيلة
C246	0.7307	purpose / delay / intention / postponement	38	11	11	11	0.05627432	0.2	1.0	1.0	1,4,7,10,11,12,15,18,19,21,22,27,28,29,39,42,45,47,48,51,57,59,62,67,69,71,72,73,74,78,86,97,98,99,101,104,107,109	ء ج ل ء خ ر ء خ و ء ل ي ء م م ء ي ي ذ ق ن ر ج و ع ج ل ع م ي ن ظ ر	kw:purpose(57.219); kw:delay(50.4406); kw:intention(50.1599); kw:postponement(48.7992); kw:aim(43.4363); kw:time(36.0591); kw:deferment(35.7766); kw:obligation(33.8345)	ء خ ر:B002:التأخير إلى وقت لاحق → ن ظ ر:B002:ترقب الوقت وإمهال الطالب
C247	0.7306	herb / plant / ecology / agriculture_food/plant_vegetation	42	16	17	38	0.06012682	0.2815	0.8684	0.6316	3,8,11,12,17,18,19,20,23,24,25,26,27,28,29,30,38,39,40,44,46,54,55,57,60,64,65,66,68,69,76,79,80,83,84,85,87,91,93,100,102,108	ب ذ ر ج ل ب ج ن ب ح س ر ح ل م خ ل ف ذ ن ب ر ب ب ر و ح ش ج ر ش ر ر ش ك ر ش ك ل ع ج ل ن خ ل ن ف ل	kw:herb(113.8158); kw:plant(110.4876); kw:ecology(102.3099); theme:agriculture_food/plant_vegetation(81.8811); kw:pasture(69.193); kw:vegetation(57.2526); kw:shrub(54.4326); theme:agriculture_food/pasture_forage(46.9119)	ش ك ر:B004:خروج الشكير والنبات الغض → ش ج ر:B001:الشجر ذو الساق
C248	0.7303	compliance / lightness / gait / flexibility	22	10	10	12	0.0594212	0.2667	1.0	0.8333	11,13,15,18,20,24,25,28,31,48,54,59,64,68,69,77,83,93,94,95,105,111	ء و ب ج ن ب ذ ل ل ر س ل ط و ع ط ي ر ع ج ل ع ط و م ل ق ي س ر	kw:compliance(45.7343); kw:lightness(41.1882); kw:gait(36.9363); kw:flexibility(34.884); kw:speed(34.1162); theme:movement_travel/motion(28.9677); kw:obedience(26.5662); kw:travel(26.4692)	ع ط و:B006:اللين والانقياد والمطاوعة → ط و ع:B001:الانقياد والطاعة
C249	0.7303	language_communication/writing_text / writing / documentation / inscription	22	9	10	11	0.06443852	0.25	1.0	0.9091	2,3,4,13,14,19,22,30,31,33,39,42,55,58,65,70,71,73,80,86,93,103	ر ز ق ز ب ر س ط ر س ع ي س ل ط ك ت ب م ع ع ن ش ر و ح ي	theme:language_communication/writing_text(141.1806); kw:writing(92.9817); kw:documentation(50.3071); kw:inscription(44.9833); kw:document(31.3821); kw:book(30.7655); kw:literacy(29.7602); kw:record(29.3388)	ك ت ب:B002:نظم الحروف واسم المكتوب → و ح ي:B003:كتابة ونقش
C250	0.7301	excess / transgression / aggression / limit	24	12	16	38	0.05889766	0.3304	0.9474	0.6053	12,23,28,31,32,33,38,41,42,47,53,56,57,59,60,66,67,71,81,82,97,99,109,110	ب غ ي خ ط ء ز ه ق ز ي د س ر ف ض ر ر ط غ و ط غ ي ظ ل م ع د و ع ن د ف ح ش	kw:excess(77.5108); kw:transgression(69.6314); kw:aggression(58.6776); kw:limit(53.7561); kw:rebellion(46.5929); theme:emotion_ethics/ethics_morality(46.0708); kw:oppression(43.1696); kw:boundary(38.6008)	ب غ ي:B003:تجاوز الحد بالعدوان والظلم → ع د و:B001:مجاوزة الحد والظلم
C251	0.7297	time_measure_quantity/sequence_cycle / recurrence / repetition / return	13	7	11	17	0.06147515	0.3469	1.0	0.8235	4,6,7,8,51,69,82,85,93,95,102,105,106	ت ا ر ر د د ر و ح ع و د ك ر ر م ر ر ن ز ل	theme:time_measure_quantity/sequence_cycle(81.3799); kw:recurrence(68.3392); kw:repetition(55.9858); kw:return(47.9976); kw:occurrence(46.5929); kw:instance(34.884); kw:reversal(31.0619); kw:turn(30.7655)	ر د د:B010:التكرار والتردد والحيرة → ك ر ر:B001:رجوع وترديد بعد مرة
C252	0.7295	power / hierarchy / authority / sovereignty	64	14	14	14	0.06161178	0.1538	1.0	0.7857	1,3,5,8,12,13,16,17,20,23,24,27,28,29,30,33,36,38,39,40,42,43,45,47,48,49,50,51,53,56,60,61,62,63,64,65,67,69,71,73,80,81,84,85,86,88,89,90,92,93,94,95,96,97,98,99,100,101,102,104,107,108,110,111	ح ج ب ح ص ر س ل ط ط و ع ع ب د ع ر ش ق د ر ق و ل ك ف ر ك ل ل م ل ك ن ج و و ح ي ي د ي	kw:power(65.5548); kw:hierarchy(65.1911); kw:authority(62.914); kw:sovereignty(60.9791); kw:governance(56.2995); kw:court(53.6648); theme:law_governance/authority_governance(53.0718); kw:politics(39.4154)	ح ص ر:B013:الملك المحجوب أو الحاجب → ح ج ب:B003:ولاية الحاجب
C253	0.7294	action / commencement / modality / deed	56	9	10	9	0.05788725	0.2045	1.0	0.7778	1,2,5,6,8,9,12,16,18,22,23,24,28,29,33,39,40,42,43,45,46,47,49,50,51,53,56,59,60,61,62,63,70,73,74,76,80,81,84,85,88,90,93,94,95,96,98,99,100,101,102,104,107,108,110,111	ء ي ي ج ع ل خ ل ق ع م ل ف ع ل ق ع د ق و ل ك ذ ب ك و د	kw:action(43.4363); kw:commencement(34.1547); kw:modality(32.1114); kw:deed(31.0619); kw:aspect(30.4895); kw:work(29.7602); theme:condition_force_change/agency_action(27.4699); theme:condition_force_change/capacity_ability(25.7268)	ف ع ل:B001:إحداث عمل → ع م ل:B001:الفعل المقصود والعمل
C254	0.7293	renewal / growth / ecology / fertility	53	16	17	31	0.0616702	0.2296	0.9355	0.6452	3,4,8,9,12,13,17,19,20,23,24,25,27,28,30,34,37,38,39,40,44,46,48,53,54,55,57,60,62,65,66,69,70,75,76,79,80,84,85,87,90,93,94,95,97,99,100,102,103,104,105,108,110	ء ر ض ء ن ث ب ش ر ح ش ر ح ي ي خ ف ت خ ل ف ر ب ب ر و ح ش ك ر ض ر ب ع د و ع ه د ك ر م م ر ح ن ش ر	kw:renewal(95.257); kw:growth(94.8211); kw:ecology(92.0789); kw:fertility(74.4772); kw:rain(59.2371); kw:plant(50.2216); kw:agriculture(49.2943); kw:season(48.6555)	ء ر ض:B002:الأرض اللينة المنبتة → ء ن ث:B004:الأرض السهلة الخصبة
C255	0.7291	rain / fertility / shower / renewal	35	15	17	41	0.05808688	0.306	0.9512	0.5366	2,13,16,17,26,29,30,31,32,33,34,37,42,46,48,55,58,59,63,64,70,71,72,75,80,84,85,86,88,92,97,101,107,110,111	ء ت ي ح ي ي خ ط ء خ ي ل ذ ه ب ر ز ق س ب ل ع ه د غ ل ل م ر ح ن ب ء ن ش ر ن ص ر ه ل ك و ل ي	kw:rain(130.3217); kw:fertility(63.8376); kw:shower(58.2873); kw:renewal(54.4326); kw:weather(47.4318); kw:precipitation(44.6404); kw:downpour(43.4363); kw:ecology(40.924)	و ل ي:B010:مطر يلي الوسمي → ع ه د:B007:مطر يتعاهد الأرض بعد بلل أو في أوائل الوسمي
C256	0.7291	honor / reputation / nobility / praise	41	17	17	31	0.06364373	0.2279	0.9355	0.7419	1,3,4,5,7,9,12,14,19,21,22,23,29,31,36,40,41,43,44,46,47,49,51,52,55,56,60,62,64,70,79,87,92,93,95,98,99,102,108,110,111	ج د د ح س ب ح م د ذ ك ر ز ع م س ع ي س م ع س م و س ن و ش ك ر ص و ت ع ظ م ع ل و ف ع ل ق ع د ك ب ر ك ر م	kw:honor(137.6475); kw:reputation(108.4746); kw:nobility(89.8577); kw:praise(83.5576); kw:virtue(74.8331); kw:generosity(48.6555); kw:renown(48.1671); kw:fame(47.5952)	ع ل و:B002:الرفعة والشرف → س ن و:B003:السَّناء والرفعة
C257	0.7291	rotation / roundness / geometry / circle	18	9	15	27	0.05817851	0.2812	1.0	0.8889	1,5,6,16,18,19,23,50,56,58,60,62,66,70,77,92,103,107	ح ج ر ح و ط ح و ل د و ر ر و د ف ل ك ق ب ل ك ر ر ك ر م	kw:rotation(85.3387); kw:roundness(62.1239); kw:geometry(49.2484); kw:circle(45.7343); kw:turning(41.3787); kw:orbit(32.5328); kw:magic(28.9576); kw:ring(28.6095)	د و ر:B001:الدوران والإحاطة والاستدارة → ف ل ك:B001:استدارة الشيء ودورانه
C258	0.7288	family / household / wealth / dependent	38	12	12	16	0.06167902	0.2424	0.9375	0.75	5,6,7,9,12,13,14,16,20,24,26,29,35,36,37,38,41,45,46,47,51,56,58,59,60,67,71,78,82,83,84,88,89,93,97,101,104,106	ء و ل ب ي ت ج ب ل ر ب و س ح ر س ك ن ض ر ر ق ر ء ق ر ي ك ر ر ك ل ل ن ع م	kw:family(102.6983); kw:household(95.5796); kw:wealth(64.5801); kw:dependent(62.7642); kw:economy(39.9048); kw:livestock(38.1273); kw:kin(32.5328); kw:mass(27.3357)	ق ر ء:B013:القِرَة مال وعيال → ق ر ي:B011:مال وعيال مجتمعون
C259	0.7284	need / poverty / condition_force_change/support_dependence / goal	45	11	11	10	0.06165029	0.1818	1.0	0.9	5,8,12,13,16,17,20,23,24,25,27,28,30,31,34,36,38,39,40,46,54,55,57,58,60,65,66,67,73,76,79,80,83,84,85,87,88,91,93,97,99,100,101,102,108	خ ر ج خ ز ن خ ل ل ر ب ب ر ي ب س ء ل ص م م ظ ه ر م س س م ل ق ه ل ك	kw:need(98.7448); kw:poverty(71.3809); theme:condition_force_change/support_dependence(33.6635); kw:goal(32.1114); kw:lack(31.3821); kw:necessity(29.7602); kw:urgency(28.1384); kw:closure(26.371)	م س س:B006:حاجة ماسة → ر ي ب:B003:حاجة يخاف فوتها
C260	0.7283	growth / ecology / pasture / vegetation	54	16	17	40	0.05834277	0.2963	0.75	0.525	3,4,5,8,12,13,17,19,20,23,24,25,27,28,29,30,37,38,39,40,44,46,54,55,57,60,62,63,65,66,68,69,70,73,75,76,79,80,83,84,85,87,88,90,91,93,95,99,100,102,103,104,106,108	ء ر ض ء ن ث ج ن ب ج ن ن ح س ر ح ي ي خ ل ل ر ب ب ر و ح ش ك ر ف ر ق ك ر م ل ف ف م ر ح ن ش ر و ف ر	kw:growth(94.8211); kw:ecology(92.0789); kw:pasture(80.7252); kw:vegetation(80.1537); kw:fertility(63.8376); kw:plant(60.266); kw:agriculture(57.51); kw:renewal(54.4326)	ء ر ض:B002:الأرض اللينة المنبتة → ء ن ث:B004:الأرض السهلة الخصبة
C261	0.7281	land_water_sky/fire_heat / fire / fuel / perfume	27	15	17	39	0.06454935	0.291	0.9744	0.5897	1,4,8,11,13,18,29,36,39,42,47,51,57,62,67,68,69,70,73,74,78,83,85,86,97,100,110	ء ل ي ح ص ب خ ب و خ ز ن ر و ح س ع ر ش ر ر ص ل و ص ل ي ط ي ب ع و د ف ء د ق ت ر م س ك ن ش ر	theme:land_water_sky/fire_heat(122.8404); kw:fire(102.5227); kw:fuel(59.5205); kw:perfume(55.1716); kw:roast(50.3071); kw:odor(46.1482); kw:combustion(43.1696); kw:flame(41.7788)	ص ل ي:B004:إيقاد الصلاء وتسوية الشيء بالنار → ص ل و:B001:ملاقاة النار وحرها
C262	0.7281	duration / history / time_measure_quantity/time / interval	26	12	12	16	0.06353098	0.2424	1.0	0.8125	1,6,12,13,14,17,20,23,29,37,45,47,52,53,58,59,62,64,71,96,97,98,99,101,104,110	ء ج ل ء ف ف ء م م ء ي ي ب ع د ب ي ن ر ج ل ط و ل ع ن ق ق ر ن م د د ي و م	kw:duration(113.4914); kw:history(77.5108); theme:time_measure_quantity/time(73.8635); kw:interval(63.9861); kw:chronology(55.4339); kw:era(48.7992); kw:moment(48.1671); kw:period(44.0082)	م د د:B004:أجل أو زمن يطال ويمتد → ط و ل:B003:طول الزمان الطويل
C263	0.728	path / road / route / navigation	43	16	17	34	0.05784223	0.2519	0.9706	0.6765	2,3,4,6,8,9,12,18,21,22,26,29,32,33,39,40,42,45,46,48,55,56,60,61,62,63,64,68,70,72,77,80,84,86,92,95,97,99,100,101,104,110,111	ب ن ي ج ع ل ح ش ر ح ص ب خ ز ن د ر ج ذ ر ر ذ ه ب س ب ل س ن ن ش ر ك ع م ل ق ت ر م ل ك ن ب ء ن ب و	kw:path(112.2496); kw:road(104.7399); kw:route(65.6923); kw:navigation(42.7746); kw:journey(36.2398); theme:movement_travel/navigation_route(33.1373); kw:movement(29.8714); kw:track(29.7602)	ن ب ء:B007:الطريق الواضح والأرض السهلة → ن ب و:B005:الطريق والطريق الهادي
C264	0.7277	horse / running / gait / gallop	30	15	15	35	0.0542328	0.3333	0.8857	0.5429	2,10,12,19,23,26,28,32,34,35,37,38,42,47,51,53,54,56,57,64,65,66,67,68,77,83,86,92,97,110	ب غ ي ب ل غ د و ن ر ج ل س ع ر س ع ي س ق ط س ن ن ع ت د ع د و ع ر ض ع ن د ق ر ب ك ي ل و ك ل	kw:horse(69.4456); kw:running(54.6714); kw:gait(49.2484); kw:gallop(44.0082); kw:sport(41.0035); theme:movement_travel/motion(40.5547); kw:locomotion(35.7659); kw:trot(34.884)	ق ر ب:B014:تقريب الفرس في العدو → ع د و:B002:العَدْو والحَضْر
C265	0.7277	pride / arrogance / dignity / haughtiness	37	10	14	31	0.05627488	0.369	0.9032	0.5484	1,3,4,5,7,9,14,15,17,21,22,23,25,30,31,33,37,39,40,42,43,46,49,51,53,60,64,65,87,92,94,96,97,98,99,110,111	ء ل ه ج د د خ ي ل ط و ل ع ب د ع ظ م ع ل و ك ب ر ن ف س و ق ر	kw:pride(94.8512); kw:arrogance(69.9823); kw:dignity(59.5205); kw:haughtiness(49.5059); kw:honor(45.8825); kw:authority(41.9427); kw:ethics(35.1221); kw:majesty(34.884)	ك ب ر:B006:العظمة والكبرياء → ع ظ م:B006:التعاظم والزهو
C266	0.7276	honor / nobility / tribe / reputation	57	17	17	29	0.06202734	0.2132	0.8966	0.6552	2,4,6,7,8,9,12,14,17,20,21,23,24,25,26,27,28,30,31,38,39,40,41,43,46,49,51,54,55,56,57,58,60,62,65,66,70,71,75,77,79,80,84,85,87,88,92,93,98,100,101,102,103,104,107,108,111	ء م م ب ن ي ب ي ت ج د د ج م ع ح س ب ح ي ي ذ ك ر ر ب ب ر ب و ز ع م س ن و ع ظ م ع ل و ق ب ل ك ب ر ك ر م	kw:honor(126.1769); kw:nobility(89.8577); kw:tribe(71.3809); kw:reputation(60.2637); theme:kinship_society/hierarchy_status(51.8252); kw:rank(51.5089); kw:dignity(44.6404); kw:lineage(43.3422)	ع ل و:B002:الرفعة والشرف → س ن و:B003:السَّناء والرفعة
C267	0.7276	sin / guilt / offense / transgression	31	10	13	15	0.06361768	0.2	1.0	1.0	2,4,8,9,12,14,17,21,23,24,25,27,31,40,43,44,51,60,65,67,69,73,78,87,89,90,91,96,98,99,111	ء خ ذ ج ن ح خ ط ء ذ ن ب غ ف ر ف ج ر ك ب ر ك ف ر ك ف ي م ح و	kw:sin(95.6749); kw:guilt(60.9791); kw:offense(59.5205); kw:transgression(55.7051); kw:concealment(54.629); kw:accountability(53.335); kw:veil(42.2076); kw:wrongdoing(34.884)	ذ ن ب:B001:الذنب والإثم → خ ط ء:B002:الخطيئة ذنب وإثم
C268	0.7275	land_water_sky/water_hydrology / hydrology / pool / irrigation	53	16	17	35	0.0589973	0.2593	0.9429	0.5143	2,4,6,7,8,12,13,17,20,23,24,25,26,27,28,29,30,36,38,39,40,43,46,47,54,55,56,57,59,60,61,65,66,67,70,71,79,80,84,85,87,88,91,92,93,95,99,100,101,102,107,108,111	ء ت ي ء ج ل ب ح ر ذ ن ب ر ب ب ط غ و ط غ ي ع د د ع ل م ع ل و ع ن ق ك ر ر م د د م س ك م ل ك ن ه ر	theme:land_water_sky/water_hydrology(114.4884); kw:hydrology(75.3434); kw:pool(57.219); kw:irrigation(51.1888); kw:resource(48.1035); kw:flood(45.3471); kw:reservoir(44.9833); kw:river(43.7155)	ط غ ي:B002:علو الماء والقوة الجارفة → ط غ و:B002:طغيان الماء وما يجري مجراه
C269	0.7271	burden / law_governance/authority_governance / liability / surety	62	14	17	24	0.06323459	0.1805	1.0	0.6667	2,3,5,11,12,13,15,16,18,19,20,25,27,29,30,31,32,33,34,35,36,38,42,44,46,49,50,51,53,54,56,57,58,65,66,67,68,70,71,72,77,78,81,83,84,85,86,87,88,89,91,92,93,95,96,97,98,100,107,108,109,111	ء م ر ح م ل خ س ف ذ ق ن ز ع م ظ ه ر ق ب ل ك ل ل ك و ن ك ي ل و ز ر و ق ر و ك ل و ل ي	kw:burden(82.1033); theme:law_governance/authority_governance(68.2352); kw:liability(65.4624); kw:surety(63.4603); kw:guarantee(61.531); kw:responsibility(41.9894); kw:weight(40.0012); kw:care(37.2198)	ح م ل:B003:تحمّل الأمانة والوزر → و ز ر:B002:الوزر الحمل الثقيل
C270	0.727	delay / pause / time_measure_quantity/time / deferment	31	13	16	25	0.06817232	0.2137	1.0	0.84	1,6,7,10,12,15,19,20,21,22,28,29,37,39,45,48,52,57,59,60,62,69,72,76,80,98,99,101,104,106,110	ء ج ل ء خ ر ء ي ي ج ه ر ر ء ي ر ج و ط و ل ل ب ث ل د ن ل و م م د د م ك ث ن ظ ر	kw:delay(126.1016); kw:pause(62.7642); theme:time_measure_quantity/time(55.3976); kw:deferment(53.6648); kw:postponement(48.7992); kw:stay(44.9833); kw:waiting(43.4363); kw:duration(37.8305)	ر ء ي:B006:مرأى ومنظر ومرآة → ن ظ ر:B004:ظهور الشيء للناظر أو حسن مرآه
C271	0.727	slave / slavery / manumission / emancipation	35	9	11	10	0.06484042	0.1887	1.0	1.0	1,2,3,4,5,13,14,17,19,22,23,30,33,34,39,40,42,46,51,53,56,58,61,65,71,92,93,94,95,96,97,99,100,110,111	ء ل ه ء م م د ب ر س ع ي ص د ر ع ب د ع ه د ك ت ب م ل ك	kw:slave(62.7642); kw:slavery(62.1239); kw:manumission(49.5059); kw:emancipation(34.1547); kw:freedom(28.2893); kw:ownership(25.2203); kw:finance(24.7492); kw:coercion(24.6862)	ع ب د:B001:الرق والملك → م ل ك:B002:المِلْك والتصرف
C272	0.7268	animal_life/wildlife / insect / sapling / palm	37	12	14	19	0.05993341	0.2135	1.0	0.8947	2,3,4,6,8,12,13,18,21,22,26,29,30,33,39,40,44,45,46,49,54,55,60,62,68,70,74,80,86,88,91,97,98,99,100,101,104	ب ع ض ب ن ي ج د د ج ع ل ح ش ر ح ص ب ذ ر ر س ب ع ش ي ء ع ن ق ق ت ر ن خ ل	theme:animal_life/wildlife(62.7355); kw:insect(55.4339); kw:sapling(49.5059); kw:palm(45.4883); kw:smallness(39.2775); theme:agriculture_food/plant_vegetation(38.991); kw:leopard(36.9273); kw:seedling(34.884)	ج ع ل:B006:النخل الصغار أو القصار → ش ي ء:B006:صغار النخل
C273	0.7266	rain / land_water_sky/weather_climate / weather / fertility	55	17	17	31	0.06068294	0.2279	0.9355	0.5806	3,5,8,12,17,19,20,23,24,25,26,27,28,30,31,32,33,34,38,39,40,42,44,46,47,48,54,55,57,60,63,64,65,66,70,72,73,75,79,80,84,85,86,87,91,92,93,95,97,99,100,102,108,110,111	ح م ل ح ي ي خ ل ل خ ي ل ذ ه ب ر ب ب ر ج ل ر ز ق س ب ل س ق ط س م و ش ك ر ض ر ب ع ه د ن خ ل ن ه ر و ل ي	kw:rain(118.4742); theme:land_water_sky/weather_climate(75.0559); kw:weather(66.4046); kw:fertility(63.8376); kw:season(60.8194); kw:sky(59.8663); kw:precipitation(59.5205); kw:shower(58.2873)	و ل ي:B010:مطر يلي الوسمي → ع ه د:B007:مطر يتعاهد الأرض بعد بلل أو في أوائل الوسمي
C274	0.7266	concealment / cover / screen / veil	37	13	15	28	0.06391153	0.2718	0.8929	0.6429	2,4,6,8,11,12,13,20,21,25,26,27,29,36,38,40,42,44,45,46,55,56,67,69,70,71,73,83,84,88,89,91,97,98,99,101,104	ب ع ض ب ن ي ج ن ن ح ج ب س ت ر ش ر ر ع ر ش غ ف ر ف ر ي ك ش ف ك ف ر ك ل ل ك ن ن	kw:concealment(120.1837); kw:cover(76.5503); kw:screen(71.9494); kw:veil(70.346); kw:protection(59.6861); kw:shelter(54.2516); kw:canopy(46.5929); kw:covering(46.2971)	ش ر ر:B009:الشَّرّان أذى كالبعوض → ب ع ض:B002:البعوضة لصغرها وإيذائها
C275	0.7264	creation / production / firmness / precision	45	14	15	22	0.06409231	0.2115	1.0	0.7273	2,4,6,8,9,12,16,18,22,23,26,29,30,33,37,39,40,45,46,47,49,51,55,56,60,61,62,63,68,69,70,75,77,80,81,84,86,92,95,97,98,99,100,105,111	ت ب ع ج ب ل ج ع ل ح ق ق ح ك م ح ن ك خ ل ق ز ب ر ع م ل ف ط ر ق د ر ق ض ي م ل ك و ج د	kw:creation(124.136); kw:production(72.8591); kw:firmness(52.1902); kw:precision(48.7992); kw:calculation(47.5952); kw:origination(47.5952); kw:ontology(42.9143); kw:planning(41.9894)	خ ل ق:B002:إبداع الخلق وإيجاده → ف ط ر:B002:إيجاد وابتداء
C276	0.7264	land_water_sky/sky_astronomy / astronomy / star / mansion	25	13	13	21	0.06396199	0.2692	0.9524	0.7143	1,2,3,25,40,41,42,43,44,46,55,59,66,70,73,89,92,93,95,99,102,108,109,110,111	ء خ ذ ح م ل خ ش ع د ب ر س ب ح س م و ص ر ف ع ر ش غ ف ر ف ل ك ق ل ب ك س ف ن و ق	theme:land_water_sky/sky_astronomy(108.825); kw:astronomy(96.3666); kw:star(77.0209); kw:mansion(62.1239); kw:sky(59.8663); kw:constellation(58.2873); kw:calendar(48.4301); kw:moon(44.316)	ء خ ذ:B008:أخذ القمر في منازله → غ ف ر:B006:منزل قمري من ثلاثة أنجم
C277	0.7263	honor / nobility / governance / hierarchy	51	14	14	20	0.06171831	0.2198	0.95	0.65	4,7,8,9,12,13,14,17,20,21,23,24,25,27,28,30,31,35,38,39,40,41,43,46,49,51,54,55,56,57,58,60,62,64,65,66,74,78,79,80,84,85,87,92,93,97,98,100,102,108,111	ح س ب ذ ك ر ر ء س ر ب ب ر ك ن ز ع م س ن و ص ف و ص م م ع ظ م ع ل و غ ر ر ق و م ك ب ر	kw:honor(91.765); kw:nobility(77.0209); kw:governance(67.5594); kw:hierarchy(65.1911); kw:reputation(60.2637); kw:leadership(51.6738); theme:law_governance/authority_governance(41.6993); theme:kinship_society/hierarchy_status(35.879)	ع ل و:B002:الرفعة والشرف → س ن و:B003:السَّناء والرفعة
C278	0.7262	disclosure / visibility / exposure / revelation	29	9	11	14	0.06351465	0.2642	0.9286	0.7857	1,12,13,20,25,29,36,38,45,47,51,53,54,55,56,71,78,84,85,88,89,90,91,96,97,101,102,107,110	ب ي ن ج ه ر س ر ي ظ ه ر ع ل م ف ج ر ف ط ر ك ش ف ك ل ل	kw:disclosure(76.3217); kw:visibility(63.231); kw:exposure(48.4301); kw:revelation(41.7788); kw:rupture(40.0012); kw:appearance(32.3327); kw:awareness(29.9889); kw:discovery(29.7602)	س ر ي:B004:الكشف والانسراء → ك ش ف:B001:رفع الغطاء عن الشيء
C279	0.726	livestock / herd / flock / sheep	60	16	16	23	0.05913224	0.1917	0.9565	0.6957	6,8,9,12,13,14,15,16,17,20,23,24,25,26,27,28,29,30,36,38,39,40,41,42,45,46,47,54,55,57,58,59,60,64,65,66,68,69,71,77,78,79,80,82,83,84,85,87,88,89,93,94,95,97,100,102,104,105,106,108	ر ب ب ر ج ل ر س ل س ط ر س ك ن ط ي ر ع ر ش ف ر ق ق ر ء ق ر ي ك ر ر ك ل ل ن ش ر ن ع م و ق ر ي س ر	kw:livestock(66.7228); kw:herd(64.3861); kw:flock(56.2768); kw:sheep(53.7561); kw:group(48.542); kw:household(47.7898); kw:family(45.6437); theme:animal_life/husbandry(40.2051)	ق ر ء:B013:القِرَة مال وعيال → ق ر ي:B011:مال وعيال مجتمعون
C280	0.7259	body_health_life/reproduction_birth / reproduction / birth / pregnancy	47	17	17	31	0.05871164	0.2279	0.9677	0.6774	1,7,8,9,11,13,14,15,18,23,24,25,26,28,31,32,33,34,41,42,45,46,47,51,54,57,60,62,64,66,71,78,79,82,87,88,89,91,92,93,97,99,100,106,107,110,111	ت ل و ج ن ن ر ء ي ر ج ل ر ج و ر ح م س ق ط ع ج ل ع ر ش ق ر ء ق ر ب ن ش ر ن ف س ن ف ل و ج ه و ل د ي س ر	theme:body_health_life/reproduction_birth(168.5572); kw:reproduction(91.7878); kw:birth(86.6222); kw:pregnancy(64.8028); kw:sheep(53.7561); kw:womb(53.335); kw:parturition(47.5952); kw:childbirth(47.5952)	ق ر ب:B012:دنو الولادة في الحيوان → ر ج و:B005:الحامل تدنو ولادتها
C281	0.7258	rotation / head / roundness / circle	17	9	11	15	0.05959652	0.2885	1.0	0.8667	1,5,16,18,19,23,41,51,56,60,62,66,70,71,77,89,103	ء م م ح و ط ح و ل د و ر ر و د ص ر ف ف ل ك ك ر م ن غ ض	kw:rotation(85.3387); kw:head(47.9976); kw:roundness(31.0619); kw:circle(30.4895); kw:interaction(30.4895); kw:mechanics(28.9576); kw:turning(27.5858); kw:geometry(24.6242)	د و ر:B001:الدوران والإحاطة والاستدارة → ف ل ك:B001:استدارة الشيء ودورانه
C282	0.7257	land_water_sky/sky_astronomy / star / mansion / astronomy	25	10	12	16	0.06852359	0.25	1.0	0.75	2,12,13,20,25,29,36,38,40,41,42,44,46,71,73,82,84,89,93,95,97,102,105,106,111	ء خ ذ د ب ر ص ر ف ص م م ع ر ش غ ف ر ف ت ل ق ل ب ك ل ل ن ز ل	theme:land_water_sky/sky_astronomy(81.6187); kw:star(64.1841); kw:mansion(62.1239); kw:astronomy(53.537); kw:calendar(48.4301); kw:departure(45.8825); kw:moon(44.316); kw:constellation(43.7155)	ء خ ذ:B008:أخذ القمر في منازله → غ ف ر:B006:منزل قمري من ثلاثة أنجم
C283	0.7254	livestock / offspring / calf / yearling	50	13	13	17	0.05583645	0.2179	1.0	0.7059	2,3,6,8,11,12,13,16,17,18,20,22,23,24,25,27,28,29,30,33,38,39,40,44,45,46,47,50,54,55,57,60,63,64,65,66,69,70,76,79,80,84,85,87,93,99,100,102,103,108	ء م ر ء ن ث ت ب ع ج ع ل ح ج ر ح م ل ر ب ب ط غ و ع ج ل ع ن ق غ ف ر ف ز ز و ق ر	kw:livestock(66.7228); kw:offspring(62.1956); kw:calf(56.5787); kw:yearling(51.232); kw:gender(42.2961); kw:female(42.2076); kw:sheep(40.3171); kw:youth(39.5566)	ع ج ل:B002:ولد البقرة → ف ز ز:B003:ولد البقرة الخفيف
C284	0.7252	ecology / fertility / soil / agriculture	51	15	15	30	0.05890588	0.2857	0.7667	0.5333	4,5,8,12,13,17,20,23,24,25,27,28,30,37,38,39,40,44,46,54,55,57,60,62,63,65,66,67,70,73,75,76,79,80,84,85,87,88,90,91,93,95,96,97,99,100,102,103,104,106,108	ء ر ض ء ن ث ب ح ر ث ب ر ج ن ن ح ش ر ح ي ي خ ب ر خ ل ل ر ب ب ف ر ق ك ر م م ر ح ن ش ر و ف ر	kw:ecology(71.6169); kw:fertility(63.8376); kw:soil(63.0508); kw:agriculture(57.51); kw:land(56.957); kw:pasture(46.1287); kw:vegetation(45.8021); kw:growth(42.1427)	ء ر ض:B002:الأرض اللينة المنبتة → ء ن ث:B004:الأرض السهلة الخصبة
C285	0.7251	elevation / honor / height / rise	30	12	17	36	0.06187855	0.2812	0.9722	0.6944	1,4,7,9,12,21,23,24,31,34,35,41,43,44,46,47,51,55,59,60,67,87,88,92,93,95,99,102,110,111	ذ ك ر ر ب و س ر ي س م و س ن و ظ ه ر ع ل و ك ب ر ن ب و ن ج و ن و ق و ف ي	kw:elevation(106.1931); kw:honor(91.765); kw:height(74.0586); kw:rise(57.9151); kw:ascent(52.5539); kw:nobility(51.3473); kw:summit(45.3471); kw:hierarchy(43.4607)	ع ل و:B002:الرفعة والشرف → س ن و:B003:السَّناء والرفعة
C286	0.7251	road / path / route / navigation	46	15	17	32	0.05739893	0.2388	0.9688	0.6875	1,2,3,4,5,6,8,9,15,17,21,22,23,26,30,32,39,40,42,48,49,51,53,55,56,61,63,64,65,69,70,72,84,86,92,94,95,96,97,98,100,101,103,104,110,111	ب ن ي ج د د خ ز ن د ر ج ذ ه ب س ب ل ش ر ك ع ب د ع م ل ع و د م ع ع م ل ك ن ب ء ن ب و ه د ي	kw:road(130.9248); kw:path(124.7217); kw:route(65.6923); kw:navigation(53.4682); theme:movement_travel/navigation_route(41.4217); kw:guidance(40.1571); kw:movement(39.8286); kw:journey(36.2398)	ن ب ء:B007:الطريق الواضح والأرض السهلة → ن ب و:B005:الطريق والطريق الهادي
C287	0.7251	power / capacity / ability / condition_force_change/capacity_ability	32	10	11	12	0.06076139	0.2222	1.0	0.9167	1,3,4,29,30,33,39,42,47,48,51,52,57,58,62,64,65,66,67,70,73,74,76,77,78,80,85,86,92,93,99,107	ء ل ي ح م ل ر ق ي ز ج و س ل ط ط و ع ق ب ل ق د ر ق ل ل ي د ي	kw:power(98.3322); kw:capacity(85.7603); kw:ability(61.531); theme:condition_force_change/capacity_ability(60.0292); kw:capability(53.6648); kw:resilience(41.7788); kw:endurance(36.4065); kw:burden(23.4581)	ط و ع:B003:الاستطاعة والإطاقة → ء ل ي:B011:الاستطاعة والطاقة
C288	0.725	darkness / night / dawn / transition	27	15	17	40	0.05958535	0.2985	0.925	0.65	1,8,12,23,24,25,27,33,46,47,51,59,67,69,71,78,79,82,88,89,90,91,92,93,98,99,101	ء و ب ب ي ت ج ن ح ج ن ن د ب ر س ح ر س ر ي س ق ط ظ ل م ع س ي غ س ق ف ج ر ك ف ر ل ي ل ن ه ر	kw:darkness(163.4719); kw:night(152.4776); kw:dawn(56.5787); kw:transition(45.5656); kw:time(36.0591); kw:visitation(30.4895); kw:morning(29.1436); kw:end(28.9576)	س ر ي:B001:السُّرى وسير الليل → ل ي ل:B002:مزاولة الأمر في الليل
C289	0.725	land_water_sky/water_hydrology / reservoir / basin / pool	43	16	17	38	0.0561513	0.2815	0.9474	0.5526	2,5,6,7,12,16,17,18,22,23,25,26,33,36,40,47,49,51,54,55,58,59,61,64,70,71,73,75,80,81,83,84,85,88,92,94,98,99,101,102,104,107,111	ء ت ي ء ج ل ء خ ذ ج د د ج ي ء خ ل ق ذ م م ذ ن ب ر ج ل ع د د ع ل م ق ر ي ك ر ر ك ل و ن ء ي ن ص ر	theme:land_water_sky/water_hydrology(129.2611); kw:reservoir(89.9666); kw:basin(88.7803); kw:pool(85.8285); kw:hydrology(75.3434); kw:storage(65.1911); kw:collection(54.2007); kw:channel(53.1324)	ء خ ذ:B006:موضع يمسك الماء → ج ي ء:B003:مجتمع الماء في هبطة أو حول حصن
C290	0.725	departure / transition / exit / separation	56	10	10	8	0.05346198	0.1778	1.0	0.875	3,5,9,11,12,13,15,18,19,20,25,27,30,31,32,33,34,35,36,38,42,44,47,49,50,51,52,53,55,57,58,62,64,66,67,72,76,78,79,80,81,83,87,88,91,93,95,96,97,98,100,101,102,103,108,111	ج ل ب خ ر ج ز ج و ظ ن ن ف ز ز ف ص ل ق و م ك و ن ن ب ء ن ج و	kw:departure(45.8825); kw:transition(34.1742); kw:exit(31.0619); kw:separation(30.8249); kw:substitution(30.7655); kw:location(27.4588); kw:diversion(26.9877); kw:habitat(25.9211)	ف ص ل:B010:خروج الشيء من مكانه أو نفاذه → خ ر ج:B001:النفاذ إلى خارج الشيء
C291	0.7249	milk / dairy / coagulation / texture	53	12	12	17	0.05572211	0.2576	0.8824	0.5882	5,7,8,11,12,15,17,20,23,24,25,27,28,30,35,38,39,40,41,46,48,51,52,54,55,56,57,59,60,65,66,67,68,69,71,73,77,79,80,84,85,87,89,91,93,94,95,97,100,102,105,108,110	ء و ل ب ي ت ح ص ب خ ل ل د ع و ر ب ب ر س ل ص ر ف ص ف و ص م م ض ر ب ف ط ر	kw:milk(91.9274); kw:dairy(61.1092); kw:coagulation(48.7992); kw:texture(34.5343); kw:abundance(30.8919); kw:yield(30.4895); kw:fermentation(29.3388); kw:freshness(28.4462)	ء و ل:B005:خثور السائل وانعقاده في آخر أمره → ص م م:B020:اللبن الخاثر الصامت عند الصب
C292	0.7248	rain / fertility / weather / ecology	33	17	17	42	0.05790262	0.3088	0.9762	0.4524	2,3,13,19,23,26,30,31,32,33,34,37,42,46,48,55,59,62,68,70,71,72,75,80,84,85,88,92,97,101,107,110,111	ء ت ي ح ش ر ح ص ب ح ي ي خ ط ء ر ز ق س ب ل س ق ط ش ك ر ص م م ض ر ب ع ه د ك ر م م ر ح ن ش ر ن ص ر و ل ي	kw:rain(118.4742); kw:fertility(74.4772); kw:weather(66.4046); kw:ecology(61.386); kw:season(60.8194); kw:renewal(54.4326); kw:precipitation(44.6404); kw:shower(43.7155)	و ل ي:B010:مطر يلي الوسمي → ع ه د:B007:مطر يتعاهد الأرض بعد بلل أو في أوائل الوسمي
C293	0.7247	taking / command / grammar / transfer	49	12	13	12	0.06654178	0.1558	1.0	0.9167	1,2,4,7,8,9,12,13,17,20,23,24,25,27,28,30,38,39,40,41,43,46,48,54,55,56,57,59,60,62,65,66,72,73,79,80,84,85,87,88,89,93,97,99,100,102,104,108,111	ء خ ذ ب ع د د و ن ر ء ي ر ب ب ض ر ب ع ط و ع ل و ع ن د ك ذ ب ل ق ي ه ا ء	kw:taking(59.5205); kw:command(42.2076); kw:grammar(38.2751); kw:transfer(38.2751); kw:preposition(36.9273); kw:possession(36.6655); kw:exhortation(34.1547); kw:mobilization(33.004)	د و ن:B004:الإغراء بالتناول → ع ن د:B006:إغراء عندك بالأخذ
C294	0.7246	basin / reservoir / pool / storage	38	13	17	39	0.05670134	0.2977	0.9744	0.5385	1,2,5,6,7,12,16,25,26,32,34,35,36,40,47,49,51,54,55,57,58,59,61,64,70,73,81,83,84,85,94,98,99,101,102,104,107,111	ء ج ل ء خ ذ ء و ل ب ر ك ج ل ب ج ي ء خ ل ق ع د د ع ل م ق ر ب ق ر ي ك ر ر ن ء ي	kw:basin(114.1461); kw:reservoir(104.9611); kw:pool(100.1333); kw:storage(97.7867); kw:hydrology(86.1068); kw:collection(54.2007); kw:container(52.2449); theme:land_water_sky/water_hydrology(51.7044)	ق ر ب:B010:قراب السيف ووعاؤه → ج ل ب:B008:جلبان السلاح قرابه
C295	0.7246	road / path / route / passage	33	15	15	28	0.05787082	0.2667	1.0	0.6429	5,8,9,12,16,17,26,28,32,37,40,42,48,51,55,56,58,61,64,67,69,72,73,76,83,84,91,92,95,100,106,110,111	ج ب ل خ ز ن خ ل ف خ ل ل س ب ل ش ر ك ع ر ض ع م ل ع و د ف ر ق ف ص ل م ل ك ن ب ء ن ب و ه ل ك	kw:road(91.6474); kw:path(87.3052); kw:route(78.8308); kw:passage(47.5872); kw:navigation(42.7746); kw:geography(35.4006); kw:track(29.7602); kw:guidance(26.7714)	ن ب ء:B007:الطريق الواضح والأرض السهلة → ن ب و:B005:الطريق والطريق الهادي
C296	0.7245	heat / event / body_health_life/reproduction_birth / climate	59	14	15	14	0.05815037	0.1346	1.0	1.0	3,5,7,8,11,13,14,15,16,18,19,20,22,23,25,27,30,31,32,33,34,36,38,39,40,42,44,49,50,51,52,53,57,58,62,64,66,67,68,69,70,71,72,78,81,83,85,87,88,91,93,95,96,97,98,100,103,108,111	ء ح د ء م ر ب ح ر ب ر ر ش ك ر ص ف و ص م م ع م ي ع و د ك و ن م ع ع ن ف س و ل د ي و م	kw:heat(44.0812); kw:event(41.1882); theme:body_health_life/reproduction_birth(36.1194); kw:climate(35.5423); kw:childbirth(31.7301); theme:land_water_sky/weather_climate(31.6025); kw:existence(30.2314); kw:sun(28.6095)	ص م م:B008:صميم الحر والبرد → م ع ع:B002:شدة الحر والسير فيه
C297	0.7244	taking / collection / transfer / possession	23	9	10	10	0.06184773	0.2273	1.0	1.0	2,9,12,13,20,23,38,39,40,41,55,56,57,59,60,62,72,73,88,89,97,102,111	ء خ ذ خ و ف د و ن ز ب ر س ن و ع ط و ع ن د ل ق ي ه ا ء	kw:taking(89.2807); kw:collection(40.6505); kw:transfer(38.2751); kw:possession(36.6655); kw:whole(33.004); kw:completeness(32.5328); kw:entirety(31.7301); kw:grasp(31.0619)	د و ن:B004:الإغراء بالتناول → ع ن د:B006:إغراء عندك بالأخذ
C298	0.7243	delay / pause / slowness / stay	37	12	13	17	0.06533181	0.2208	1.0	0.7647	1,4,8,12,18,29,30,34,37,39,42,44,47,51,52,54,55,57,59,62,67,73,74,76,78,80,81,86,90,95,98,99,101,102,103,104,106	ء ر ض ء ل ي ء ي ي ب ط ل ح ص ر ش ي ء ط و ل ل ب ث ل د ن ل و م م ك ث ي ت م	kw:delay(75.661); kw:pause(62.7642); kw:slowness(56.2768); kw:stay(44.9833); kw:waiting(43.4363); theme:time_measure_quantity/time(40.6249); kw:residence(37.8305); kw:hesitation(29.1436)	ل ب ث:B001:المكث في الموضع → م ك ث:B001:ثبات مع انتظار
C299	0.7243	verse / meter / prosody / language	28	12	12	14	0.0620634	0.2121	1.0	0.9286	7,9,12,13,14,22,28,29,30,36,41,45,46,60,63,67,71,76,78,80,82,83,88,89,93,97,104,106	ب س ط ب ي ت خ ر ج ع ر ض ف ر ق ف ص ل ق ر ء ق ع د ق ف و ل ف ف و ج ه و ف ر	kw:verse(90.6941); kw:meter(88.6319); kw:prosody(73.8599); kw:language(50.5743); kw:ending(47.5952); kw:rhyme(45.7343); kw:literature(44.0082); kw:poetry(40.8244)	ب س ط:B009:بحر البسيط في العروض → و ف ر:B006:بحر الوافر في العروض
C300	0.7243	madness / insanity / illness / derangement	25	11	11	12	0.06381634	0.2182	1.0	0.9167	1,2,9,12,13,35,39,40,58,60,62,66,67,70,73,75,78,79,83,88,91,97,99,110,111	ء خ ذ ب ح ر ج ن ن خ ف ت ر ء ي ف ت ن ف ص ل ق و م ل ق ي م س س م و ت	kw:madness(59.5205); kw:insanity(53.6648); kw:illness(50.5848); kw:derangement(50.3071); kw:disease(46.0458); kw:spirit(44.6404); kw:mind(42.2076); theme:body_health_life/disease_injury(30.742)	ف ت ن:B007:ذهاب عقل ومال → ج ن ن:B006:ستر العقل بالجنون
C301	0.7238	excess / transgression / emotion_ethics/ethics_morality / error	22	13	15	35	0.0583471	0.3398	0.9429	0.5429	7,12,23,26,27,28,31,32,33,38,41,42,53,57,58,60,66,81,82,97,109,110	ب ذ ر ب غ ي خ ط ء ز ه ق ز ي د س ر ف س ط ر س و ء ط غ و ط غ ي ع د و ع ن د ف ح ش	kw:excess(77.5108); kw:transgression(69.6314); theme:emotion_ethics/ethics_morality(55.9431); kw:error(54.2007); kw:limit(53.7561); kw:mistake(52.326); kw:miss(47.5952); kw:rebellion(46.5929)	ب غ ي:B003:تجاوز الحد بالعدوان والظلم → ع د و:B001:مجاوزة الحد والظلم
C302	0.7236	intercourse / sexuality / marriage / group	55	16	17	25	0.05962765	0.1852	0.96	0.8	3,6,7,8,9,12,13,16,17,18,19,20,23,24,25,26,27,28,29,30,32,34,36,38,39,40,46,51,54,55,57,60,62,65,66,67,70,71,79,80,83,84,85,87,88,89,93,94,97,100,102,103,104,105,108	ب ش ر ج م ع ح ن ك د خ ل ر ب ب ر و د ز ن ي س و ء ش ك ر ط ي ب ع ن ق ق ر ب ك ر ر ك ل ل ل ف ف م س س	kw:intercourse(90.4292); kw:sexuality(85.2238); kw:marriage(68.1177); kw:group(60.6775); kw:band(43.1696); kw:multitude(40.3171); theme:kinship_society/household_community(40.104); kw:intimacy(39.5566)	م س س:B002:مماسة النكاح → ج م ع:B006:اتصال الجماع والمجامعة
C303	0.7236	care / attention / memory / conflict_security/protection_security	34	11	12	17	0.0584514	0.2615	0.9412	0.7647	1,2,9,12,13,15,17,21,22,23,29,30,34,35,36,41,46,48,54,58,59,60,62,65,67,68,72,78,79,86,88,96,97,102	ب ص ر ح و ط ذ ك ر ض ل ل ظ ه ر ع ه د ق ع د ق و م ك ل و ن ظ ر و ك ل	kw:care(49.6264); kw:attention(47.3897); kw:memory(46.645); theme:conflict_security/protection_security(42.4901); kw:security(36.2398); kw:watcher(35.7766); kw:recall(34.884); kw:surveillance(31.3821)	و ك ل:B006:القائم بالأمر كفاية وحفظا → ق و م:B004:رعاية وحفظ وولاية
C304	0.7235	victory / competition / dominance / power	34	13	17	38	0.06240149	0.2946	0.9737	0.5526	4,7,9,15,19,20,21,23,31,33,43,44,46,51,55,60,62,63,67,68,69,70,85,87,88,92,93,95,97,98,99,102,110,111	ب ر ر ج ز ي ر و ح س ع ي س م و ص د ر ظ ه ر ع ط و ع ل و ك ب ر ك ر م و ز ر و ل ي	kw:victory(166.3016); kw:competition(92.0915); kw:dominance(81.6489); kw:power(76.4806); theme:conflict_security/conflict(62.0642); kw:conquest(60.9791); kw:contest(54.9176); kw:control(44.2771)	ع ل و:B001:السمو والارتفاع → س م و:B001:العلو والارتفاع
C305	0.7235	place / toponym / pool / hydrology	57	16	17	31	0.05491964	0.2296	0.9355	0.6452	1,2,4,5,6,7,8,9,12,17,18,20,22,23,24,25,26,27,28,29,30,33,36,38,39,40,43,44,45,46,47,49,54,55,57,60,65,66,70,79,80,81,84,85,87,90,91,93,94,98,99,100,101,102,104,107,108	ب ذ ر ب ن ي ج د د ج ع ل ج ي ء ذ م م ر ب ب س ب ح س ت ر ص ل ح ع د د ع ل م ك ر ر ن ب ع ن خ ل ي س ر	kw:place(92.7771); kw:toponym(83.2777); kw:pool(71.5238); kw:hydrology(64.5801); kw:name(54.3259); kw:settlement(51.5428); theme:space_form_boundary/place_location(48.7113); kw:toponymy(42.9143)	ر ب ب:B013:ماء رَبَب كثير → ع ل م:B005:ماء كثير مجتمع في عيلم
C306	0.7234	magic / submission / bead / ritual_belief/religion_worship	59	13	13	16	0.05650892	0.2051	1.0	0.625	1,2,3,5,7,11,12,15,17,18,19,20,23,24,25,27,30,31,32,33,34,36,38,40,41,42,43,44,49,50,51,53,57,58,61,65,66,67,72,73,77,78,81,83,87,88,89,91,92,93,95,96,98,100,101,107,108,110,111	ء خ ذ ت س ع س ب ح س ب ع س ج د ص ر ف ص غ ر ص ل و ص ل ي ع ب د ف ص ل ق ب ل ك و ن	kw:magic(86.8727); kw:submission(67.4691); kw:bead(56.5787); theme:ritual_belief/religion_worship(55.4967); kw:obedience(53.1324); kw:prostration(50.3071); kw:worship(50.1599); kw:devotion(40.0012)	ص ل ي:B001:الصلاة عبادة لازمة → ص ل و:B003:العبادة المخصوصة
C307	0.7233	path / road / route / navigation	45	17	17	31	0.05904511	0.2279	1.0	0.6452	2,4,5,7,9,14,15,16,21,26,32,40,41,42,45,46,48,51,55,56,60,61,63,64,71,72,77,78,82,84,85,86,88,89,92,93,94,95,97,100,104,106,108,110,111	ء م ر ء م م د ر ج ذ ه ب س ب ل س ن ن ش ر ك ش ك ل ع م ل ق ر ء م ر ر م ل ك ن ب ء ن ب و ه د ي و ج ه و ع د	kw:path(124.7217); kw:road(104.7399); kw:route(78.8308); kw:navigation(53.4682); kw:custom(44.9833); kw:tradition(43.7155); kw:course(43.4363); kw:guidance(40.1571)	ن ب ء:B007:الطريق الواضح والأرض السهلة → ن ب و:B005:الطريق والطريق الهادي
C308	0.7233	worship / prayer / ritual_belief/religion_worship / devotion	63	12	16	19	0.06685335	0.1667	1.0	0.6842	1,2,9,10,13,16,18,19,20,23,24,28,35,40,41,42,43,44,45,47,48,49,50,51,53,56,58,60,61,62,63,68,69,72,73,75,77,78,79,80,81,82,84,85,88,89,90,92,93,94,95,96,97,98,99,100,101,102,104,107,108,110,111	ء خ ذ ء م ن ح ي ي د ل ك س ب ح ص ل و ص ل ي ق ب ل ق و ل ق و م م ث ل ه ا ء	kw:worship(112.8598); kw:prayer(68.647); theme:ritual_belief/religion_worship(59.7657); kw:devotion(40.0012); kw:blessing(38.3916); kw:temple(34.1547); kw:bowing(34.1547); kw:church(33.5381)	ص ل ي:B001:الصلاة عبادة لازمة → ص ل و:B003:العبادة المخصوصة
C309	0.7232	land_water_sky/water_hydrology / reservoir / pool / basin	35	16	17	41	0.05726099	0.3037	0.9512	0.5122	1,2,5,6,7,12,16,17,20,23,26,40,47,55,58,59,64,66,67,70,71,73,81,85,88,91,92,94,99,100,101,104,107,110,111	ء ت ي ء ج ل ء خ ذ ب ح ر ب ر ك ج ه ر ج ي ء ذ ن ب ر ج ل س ن و ع د د ق ر ي ك ر ر م د د م س ك ن ه ر	theme:land_water_sky/water_hydrology(136.6474); kw:reservoir(104.9611); kw:pool(100.1333); kw:basin(88.7803); kw:hydrology(86.1068); kw:storage(76.0563); kw:irrigation(63.9861); kw:collection(54.2007)	ء ت ي:B004:مجرى الماء وتسليك سبيله → ن ه ر:B001:نهر يشق الأرض بماء جار
C310	0.7232	insect / animal_life/wildlife / sapling / palm	49	13	15	16	0.06355189	0.1553	1.0	0.9375	2,3,4,5,6,8,11,12,13,15,18,20,21,22,29,30,33,36,37,38,39,44,45,46,49,54,55,60,62,71,74,76,79,80,83,84,86,88,89,90,91,94,95,97,98,99,102,103,104	ء ر ض ب ع ث ب ع ض ج د د ج ع ل ح ش ر ذ ر ر س ر ف ش ر ر ش ي ء ع ن ق ك ل ل ن خ ل	kw:insect(97.0093); theme:animal_life/wildlife(67.2166); kw:sapling(49.5059); kw:palm(45.4883); kw:tree(45.2608); kw:pest(44.9833); theme:agriculture_food/plant_vegetation(38.991); kw:mosquito(36.9273)	ش ر ر:B009:الشَّرّان أذى كالبعوض → ب ع ض:B002:البعوضة لصغرها وإيذائها
C311	0.723	abundance / land_water_sky/weather_climate / cloud / sky	55	16	17	33	0.05994873	0.2444	0.9091	0.5455	3,6,8,12,13,15,17,19,20,23,24,25,27,28,30,36,38,39,40,44,46,47,54,55,57,59,60,64,65,66,67,68,69,70,72,76,77,79,80,84,85,87,92,93,94,95,96,97,99,100,102,105,107,108,110	ب ح ر ج ل ب ح م ل خ ب ر خ ر ج خ س ف ر ب ب ر د د ر س ل س م و ش ك ر ص ف و ع ل م ع م ي ك ر ر م د د	kw:abundance(133.8649); theme:land_water_sky/weather_climate(67.1553); kw:cloud(62.3609); kw:sky(59.8663); theme:land_water_sky/water_hydrology(55.3976); kw:fertility(53.198); kw:water(50.8423); kw:milk(45.9637)	ر ب ب:B013:ماء رَبَب كثير → ع ل م:B005:ماء كثير مجتمع في عيلم
C312	0.723	language / law_governance/authority_governance / guardianship / tongue	56	13	13	13	0.06219637	0.1667	1.0	0.7692	2,9,12,13,14,16,17,21,23,24,28,33,35,40,41,42,43,46,47,48,49,50,51,53,54,56,58,60,61,62,63,65,68,78,79,80,81,84,85,86,88,90,93,94,95,96,97,98,100,101,102,104,107,108,110,111	خ ز ن ذ ك ر ش ه د ظ ه ر ف ص ل ق و ل ق و م ك ف ي ك ل و ن ظ ر و ز ن و ك ل و ل ي	kw:language(50.5743); theme:law_governance/authority_governance(49.281); kw:guardianship(45.3471); kw:tongue(38.8817); kw:expression(37.6199); kw:keeper(36.9273); kw:custodian(34.884); kw:guardian(33.5381)	و ك ل:B006:القائم بالأمر كفاية وحفظا → ق و م:B004:رعاية وحفظ وولاية
C313	0.723	need / poverty / condition_force_change/support_dependence / provision	45	10	11	10	0.06165029	0.1852	1.0	0.9	5,8,12,14,16,17,20,23,24,25,27,28,30,31,34,36,38,39,40,46,54,55,57,58,60,63,65,66,67,73,79,80,83,84,85,86,87,91,93,96,99,100,101,102,108	خ ل ل ذ ه ب ر ب ب ر ي ب س ء ل ك ف ي م س س م س ك م ل ق ه ل ك	kw:need(123.431); kw:poverty(59.4841); theme:condition_force_change/support_dependence(42.0794); kw:provision(34.002); kw:goal(32.1114); kw:lack(31.3821); kw:necessity(29.7602); kw:urgency(28.1384)	م س س:B006:حاجة ماسة → ر ي ب:B003:حاجة يخاف فوتها
C314	0.723	insect / animal_life/wildlife / animal / leopard	38	10	10	8	0.05995712	0.1778	1.0	1.0	2,4,6,8,9,12,13,18,22,29,33,35,37,39,44,45,46,49,55,58,60,62,66,67,70,76,78,79,80,90,93,95,97,98,99,102,103,104	ء ر ض ب ح ر ج د د ج ع ل ح ش ر ز خ ر ف س ب ع س ر ف ع ن ق ق و م	kw:insect(97.0093); theme:animal_life/wildlife(44.8111); kw:animal(41.3268); kw:leopard(36.9273); kw:vermin(30.4895); kw:predator(29.544); kw:beast(27.7169); kw:predation(26.4674)	ء ر ض:B010:الأَرَضَة آكلة الخشب → س ر ف:B004:السُّرْفَة تأكل الشجر
C315	0.7229	darkness / transgression / night / justice	31	16	17	35	0.06448514	0.2593	1.0	0.6286	1,8,12,23,24,28,29,33,38,42,47,51,52,53,57,59,60,66,71,75,78,79,80,82,88,91,92,99,101,102,110	ب غ ي ج ن ح ج ن ن س ر ف س ق ط ط غ و ط غ ي ظ ل م ظ ن ن ع د و ع س ي ع ن د غ س ق ل ي ل ن ص ر ي د ي	kw:darkness(138.3224); kw:transgression(69.6314); kw:night(58.6452); kw:justice(56.1193); kw:redress(52.326); kw:rebellion(46.5929); kw:oppression(43.1696); kw:excess(38.7554)	ب غ ي:B003:تجاوز الحد بالعدوان والظلم → ع د و:B001:مجاوزة الحد والظلم
C316	0.7229	power / capacity / condition_force_change/capacity_ability / authority	41	15	17	28	0.06436764	0.209	1.0	0.75	1,3,4,5,7,16,17,23,28,29,30,33,37,39,42,46,47,48,51,53,57,58,62,64,65,67,68,69,71,73,74,75,77,78,80,85,86,96,97,99,111	ء ل ي ء م ر ر و ح س ط ر س ل ط ط و ع ط و ل ع ب د ق د ر م ر ر و ج د و ل ي ي د ي ي س ر ي م ن	kw:power(196.6643); kw:capacity(98.0118); theme:condition_force_change/capacity_ability(68.6048); kw:authority(62.914); theme:law_governance/authority_governance(56.8627); kw:strength(56.6699); kw:capability(53.6648); kw:ability(46.1482)	ط و ع:B003:الاستطاعة والإطاقة → ء ل ي:B011:الاستطاعة والطاقة
C317	0.7229	thirst / anger / emotion / desire	29	10	11	11	0.06282315	0.2037	1.0	1.0	1,3,5,10,13,15,17,23,29,30,33,50,53,54,57,58,65,66,67,68,69,70,75,77,80,86,96,97,109	ب ح ر ب ك ي ح د د س ع ر س ل ط ط ي ر ع ب د ع ذ ب غ ل ل و ج د	kw:thirst(53.7561); kw:anger(51.5089); kw:emotion(34.3024); kw:desire(33.8898); kw:rashness(33.5381); theme:emotion_ethics/emotion(33.4655); kw:heat(33.0609); kw:mourning(31.3821)	ط ي ر:B005:حدّة وطيش منطلق → ح د د:B006:حدة البأس والشراب والغضب
C318	0.7227	proximity / relation / nearness / space	39	13	17	36	0.05960997	0.2748	0.9722	0.5833	1,2,4,17,23,26,29,31,32,33,34,37,38,39,42,46,47,51,56,57,58,62,64,67,68,71,73,74,76,77,78,80,83,86,92,97,104,107,111	ء ل ي ء م م ب ع د ب ل غ ج ن ب خ ل ف د و ن ع ن د ق ب ل ق ر ب ل د ن و ل د و ل ي	kw:proximity(84.3691); kw:relation(68.8237); kw:nearness(65.2377); kw:space(63.0631); kw:adjacency(62.7642); kw:limit(40.3171); kw:approach(36.9363); kw:contact(36.6655)	ق ر ب:B001:الدنو وخلاف البعد → و ل ي:B001:قرب ودنو بلا فاصل
C319	0.7227	sight / eye / disclosure / vision	35	12	17	34	0.06145584	0.2615	0.9412	0.7059	1,7,9,12,13,14,15,17,21,25,30,33,35,36,45,48,53,56,58,59,60,62,72,78,79,88,93,94,96,97,99,101,102,105,110	ب ش ر ب ص ر ب ي ن ج ه ر ر ء ي س ر ي ظ ه ر ع م ي ق و م ك ش ف ن ظ ر ن ف س	kw:sight(85.3387); kw:eye(83.8128); kw:disclosure(76.3217); kw:vision(70.2371); kw:revelation(69.6314); kw:appearance(64.6655); kw:visibility(63.231); kw:exposure(60.5377)	س ر ي:B004:الكشف والانسراء → ك ش ف:B001:رفع الغطاء عن الشيء
C320	0.7226	pause / time_measure_quantity/time / delay / settlement	44	15	15	21	0.06465636	0.2	1.0	0.7143	1,2,3,4,5,8,12,17,23,26,29,30,33,37,39,44,45,48,52,53,55,59,65,71,75,76,80,83,85,88,89,90,92,95,96,98,99,101,102,103,104,106,107,110	ء ت ي ء ر ض ء ي ي ب ي ن ح ص ر ط م ن ع ب د ك ذ ب ل ب ث ل د ن ل و م م ث ل م ك ث ن ص ر ن ع م	kw:pause(62.7642); theme:time_measure_quantity/time(51.7044); kw:delay(50.4406); kw:settlement(41.2343); kw:residence(37.8305); kw:stay(29.9889); kw:hesitation(29.1436); kw:waiting(28.9576)	ل ب ث:B002:التوقف والبطء → ل د ن:B003:التلبث والتلكؤ
C321	0.7224	gift / donation / giving / charity	47	13	15	25	0.05819516	0.2427	0.88	0.72	1,2,4,5,7,11,12,20,21,26,29,30,31,33,35,39,42,47,48,51,55,57,59,60,62,64,66,67,70,71,73,74,75,78,79,80,81,83,85,86,87,88,92,94,101,104,107	ء ت ي ء ل ي ج ي ء خ ي ر ر ز ق ش ر ر ط و ع ع ط و ف ض ل ل ع ن م ن ع ن ص ر ن ف ل	kw:gift(88.2711); kw:donation(76.9137); kw:giving(76.2238); kw:charity(62.033); kw:generosity(60.8194); kw:benefaction(58.2873); kw:bounty(57.219); kw:grant(56.2768)	ء ت ي:B001:الإتيان والمجيء → ج ي ء:B001:المجيء والحصول
C322	0.7224	time_measure_quantity/quantity_number / number / monotheism / individuality	30	9	15	23	0.06543987	0.2473	1.0	0.7826	1,4,6,12,13,14,20,23,29,36,38,39,42,44,46,47,51,57,62,67,70,71,73,74,78,84,86,89,97,101	ء ح د ء ل ي ت س ع ح س ب س ب ع ع د د ك ث ر ك ل ل و ح د	theme:time_measure_quantity/quantity_number(124.1403); kw:number(95.6749); kw:monotheism(53.6648); kw:individuality(53.6648); kw:enumeration(48.7992); kw:solitude(46.5929); kw:arithmetic(46.1482); kw:oneness(36.9273)	ء ح د:B005:الانفراد والتفرق آحادا → و ح د:B001:الانفراد والبينونة
C323	0.7223	family / kinship / lineage / proximity	39	13	17	32	0.06005626	0.2481	1.0	0.7188	1,8,12,13,17,20,22,24,26,28,29,32,33,34,36,38,45,46,51,53,54,57,66,67,68,70,71,82,83,84,87,89,96,97,100,101,104,110,111	ب ر ر ب ع د ب ي ن ج ن ب ح ر م ر ح م ق ر ب ق ع د ك ل ل م س س م س ك و س ل و ل ي	kw:family(114.1092); kw:kinship(85.7176); kw:lineage(75.8489); kw:proximity(60.2637); kw:relation(57.3531); theme:kinship_society/social_relations(47.5151); kw:adjacency(47.0731); kw:society(41.5571)	ق ر ب:B005:القربة والقربان إلى الله → و س ل:B001:التقرب بالوسيلة والرغبة
C324	0.7223	relation / adjacency / proximity / nearness	32	11	14	24	0.05944731	0.2759	1.0	0.6667	2,4,9,12,14,17,23,26,32,33,34,38,41,45,46,51,56,57,60,68,71,78,80,82,83,88,89,93,97,104,106,111	ب ع د ج ن ب ح س ب د و ن ع ن د ف ط ر ق ر ء ق ر ب ق ض ي ل د ن و ل ي	kw:relation(68.8237); kw:adjacency(62.7642); kw:proximity(60.2637); kw:nearness(52.1902); kw:space(42.0421); kw:contact(36.6655); kw:fulfillment(28.9576); kw:completion(25.1495)	ق ر ب:B001:الدنو وخلاف البعد → و ل ي:B001:قرب ودنو بلا فاصل
C325	0.7221	rotation / power / problem / stratagem	25	10	12	17	0.06028009	0.2656	1.0	0.7647	1,5,16,18,19,23,26,32,38,41,42,48,52,56,60,66,71,72,77,84,89,101,102,103,110	ح و ط ح و ل د و ر ر و د س ب ل ص ر ف ظ ن ن ع ن د ف ل ك ي م ن	kw:rotation(71.1156); kw:power(43.7032); kw:problem(34.884); kw:stratagem(33.5381); kw:roundness(31.0619); kw:circle(30.4895); kw:turning(27.5858); kw:strategy(27.3357)	د و ر:B001:الدوران والإحاطة والاستدارة → ف ل ك:B001:استدارة الشيء ودورانه
C326	0.722	reptile / viper / snake / serpent	13	9	12	18	0.06164859	0.2903	1.0	0.8333	27,36,46,53,56,64,75,83,88,91,92,93,100	ج ن ن ح ي ي ر ق ي ز ع م ش ط ن ف ء د ق ت ر ق ل ب ن ع م	kw:reptile(85.8285); kw:viper(85.3867); kw:snake(85.3387); kw:serpent(79.3254); kw:danger(47.7898); kw:venom(45.3471); kw:heart(37.3173); kw:interior(26.9877)	ف ء د:B002:الفؤاد قلب منظور إليه كتوقد داخلي → ق ل ب:B001:القلب والفؤاد
C327	0.7216	family / kinship / lineage / kinship_society/social_relations	46	15	16	26	0.06023494	0.2185	1.0	0.6923	1,5,8,12,13,17,20,22,23,24,26,28,29,31,32,33,34,36,38,45,46,51,53,54,57,64,66,67,68,70,71,73,80,82,83,84,87,89,91,96,97,100,101,104,110,111	ب ر ر ب ع د ب ي ن ح ر م خ ل ل ر ح م ص د ق ع د و ق ر ب ق ع د ك ل ل م س س و س ل و ل د و ل ي	kw:family(102.6983); kw:kinship(57.145); kw:lineage(54.1778); theme:kinship_society/social_relations(47.5151); kw:friendship(46.1482); kw:ancestry(43.4363); kw:society(41.5571); kw:alliance(40.3171)	خ ل ل:B003:مودة تتخلل النفس → ص د ق:B005:صدق المودة والصحبة
C328	0.7214	remoteness / relation / space / adjacency	27	12	17	38	0.05883263	0.2992	1.0	0.6316	1,2,17,23,26,27,32,33,34,38,45,46,51,53,56,57,64,68,80,81,83,96,97,101,104,110,111	ب ع د ب ي ن ج ن ب د و ن ز ه ق ش ط ن ع ن د ق ر ب ق ص و ل د ن ن ء ي و ل ي	kw:remoteness(69.6314); kw:relation(68.8237); kw:space(63.0631); kw:adjacency(62.7642); kw:separation(61.6497); kw:distance(60.5377); kw:proximity(60.2637); kw:nearness(52.1902)	ق ر ب:B001:الدنو وخلاف البعد → و ل ي:B001:قرب ودنو بلا فاصل
C329	0.7214	body_health_life/reproduction_birth / birth / reproduction / child	35	14	15	30	0.05737519	0.2885	0.9333	0.6	1,3,7,8,10,12,14,15,23,24,25,28,31,33,54,56,57,58,64,66,70,77,78,79,82,87,88,91,92,96,97,100,107,110,111	ت ل و ج ن ن ح م ل ح و ل ر ح م س ق ط ش ه د ع ذ ب ف ص ل م س ك ن ف س ن ف ل و ج ه و ل د	theme:body_health_life/reproduction_birth(128.4246); kw:birth(86.6222); kw:reproduction(81.5892); kw:child(56.5787); kw:womb(53.335); kw:childbirth(47.5952); kw:mother(45.7343); kw:membrane(44.316)	ج ن ن:B007:الجنين المستور في البطن → س ق ط:B004:الولد السِّقط قبل تمامه
C330	0.7213	dairy / milk / sound / noise	57	16	17	32	0.05664503	0.237	0.9375	0.5625	1,3,5,7,8,12,15,17,19,20,23,24,25,27,28,30,35,36,38,39,40,41,46,47,48,51,54,55,57,59,60,64,65,66,67,68,69,70,73,77,79,80,84,85,86,87,89,93,94,95,97,100,102,105,107,108,109	ء و ل ب ر ر ب ر ك ج ل ب ح ص ب خ ر ر ر ب ب ر س ل س م ع ش ك ر ص ر ف ص م م ص و ت ض ر ب ن ب ء و ح ي	kw:dairy(85.5529); kw:milk(68.9456); kw:sound(61.6497); kw:noise(55.7051); kw:coagulation(48.7992); kw:murmur(47.5952); kw:yield(45.7343); theme:cognition_perception/perception(42.8257)	و ح ي:B005:صوت خفي → ن ب ء:B006:الصوت الخفي الملتبس
C331	0.7211	distance / separation / space / relation	34	14	17	36	0.06012088	0.2727	1.0	0.6111	2,7,14,15,17,18,23,25,26,27,29,30,32,33,34,38,39,45,46,51,53,56,57,60,64,68,81,83,96,97,101,104,110,111	ب س ط ب ع د ب ي ن ج ن ب د ح ر د و ن ز ه ق ش ط ن ع ن د ق ر ب ل ع ن ن ء ي ن ف س و ل ي	kw:distance(84.7527); kw:separation(82.1996); kw:space(73.5736); kw:relation(68.8237); kw:adjacency(62.7642); kw:proximity(60.2637); kw:remoteness(55.7051); kw:exclusion(55.7051)	ق ر ب:B001:الدنو وخلاف البعد → و ل ي:B001:قرب ودنو بلا فاصل
C332	0.7211	fire / land_water_sky/fire_heat / war / sound	26	14	17	36	0.06340785	0.2707	1.0	0.6389	3,6,11,18,22,31,33,36,39,41,42,60,64,67,68,70,73,78,83,89,97,100,103,107,109,110	ب ر ر ج ل ب خ ر ر س ع ر ش ر ر ص ر ف ص ل و ص ل ي ف ء د ف ت ن ق ت ر ق ت ل ك ر ر م ع ع	kw:fire(125.3055); theme:land_water_sky/fire_heat(103.9419); kw:war(56.8924); kw:sound(51.3748); kw:burning(46.5929); kw:clamor(44.316); kw:noise(41.7788); kw:energy(39.4154)	ص ل ي:B004:إيقاد الصلاء وتسوية الشيء بالنار → ص ل و:B001:ملاقاة النار وحرها
C333	0.7211	reputation / praise / rumor / renown	60	13	17	17	0.06886721	0.1318	1.0	0.8824	1,8,16,18,19,23,24,28,33,36,40,41,42,43,44,46,47,48,49,50,51,53,54,55,56,57,59,60,61,62,63,64,66,71,80,81,82,83,84,85,87,88,89,90,92,93,94,95,96,98,99,100,101,102,103,104,107,108,110,111	ء ن ث ذ ك ر ر ج ل ر ح م ر و د س ب ح س م ع س م و ص و ت ظ ل م ق و ل م ث ل ن ع م	kw:reputation(96.4219); kw:praise(55.7051); kw:rumor(49.5059); kw:renown(48.1671); kw:fame(47.5952); kw:bird(46.9162); kw:honor(45.8825); kw:admonition(31.7301)	ظ ل م:B006:الظليم ذكر النعام → ن ع م:B006:النعام والنعامة الطائر
C334	0.721	heat / climate / land_water_sky/weather_climate / cold	23	10	10	11	0.05584196	0.2444	1.0	0.9091	3,13,14,19,22,39,40,41,42,48,52,58,62,66,67,70,71,72,78,89,97,103,110	ب ح ر ش ك ر ص ر ف ص ف و ص ل و ص م م ض ر ب ع م ي م ع ع ي و م	kw:heat(55.1015); kw:climate(47.3897); theme:land_water_sky/weather_climate(43.4534); kw:cold(41.3787); kw:season(36.4916); kw:meteorology(28.7797); kw:sun(28.6095); kw:environment(27.9929)	ص م م:B008:صميم الحر والبرد → م ع ع:B002:شدة الحر والسير فيه
C335	0.7208	breadth / delay / capacity / time_measure_quantity/measurement	30	9	10	12	0.05520294	0.2727	1.0	0.75	1,6,7,14,15,20,25,29,30,33,37,43,44,45,53,66,67,69,70,82,85,93,95,96,101,102,105,106,108,110	ب ح ر ب س ط ب ي ن ر و ح س ب ح ط و ل م د د ن ز ل ن ف س	kw:breadth(56.2768); kw:delay(37.8305); kw:capacity(36.7544); theme:time_measure_quantity/measurement(33.8108); kw:space(31.5315); kw:favor(27.2163); kw:extension(24.3853); kw:distance(24.2151)	م د د:B004:أجل أو زمن يطال ويمتد → ط و ل:B007:الإطالة والمطاولة
C336	0.7207	language / speech / tongue / disability	56	12	14	17	0.05450823	0.1932	1.0	0.8235	1,8,12,13,16,20,23,24,28,29,34,36,37,38,39,40,42,43,44,45,47,49,50,51,53,56,60,61,62,63,64,67,71,77,80,81,83,84,85,88,89,90,93,94,95,96,97,98,100,101,102,104,107,108,110,111	ب ك م ب ل غ ب ي ن ح ص ر ح و ل ر ج ل ع ر ض ق و ل ك ل ل ل ف ف ل ق ي ل ك ن	kw:language(70.8041); kw:speech(65.6891); kw:tongue(64.8028); kw:disability(55.4339); kw:rhetoric(47.2927); theme:language_communication/language_speech(45.966); kw:expression(37.6199); kw:instruction(32.1114)	ب ل غ:B004:الفصاحة التي تبلغ المراد → ب ي ن:B005:كشف المعنى بالقول أو العلامة
C337	0.7205	family / kinship / kinship_society/social_relations / lineage	41	13	15	26	0.05774697	0.2549	0.9615	0.6923	1,8,9,14,17,24,26,27,28,32,33,34,41,45,46,51,53,54,57,60,66,67,68,70,71,78,80,82,83,87,88,89,93,96,97,100,101,104,106,110,111	ء خ و ب ر ر ب ع د ب ي ن ح ر م ر ح م ص د ق ق ر ء ق ر ب م س س م س ك و س ل و ل ي	kw:family(91.2873); kw:kinship(66.6692); theme:kinship_society/social_relations(59.3938); kw:lineage(54.1778); kw:womb(53.335); kw:relation(45.8825); kw:proximity(36.1582); theme:body_health_life/reproduction_birth(36.1194)	ر ح م:B002:الرَّحِم والقرابة → ق ر ب:B003:قرابة الرحم والنسب
C338	0.7205	submission / humility / obedience / compliance	57	14	15	23	0.054937	0.2212	0.9565	0.6522	1,3,5,7,11,15,17,18,19,20,23,24,25,26,27,28,30,31,32,33,34,36,38,40,42,44,48,49,50,51,53,57,58,61,64,65,66,67,68,72,75,78,81,83,87,88,91,93,95,96,98,100,104,107,108,109,111	ء ن ث ج ن ب خ ش ع خ ف ض ذ ل ل س ج د س ك ن ط و ع ع ب د ع ط و ك و ن م ل ق م و ت ي س ر	kw:submission(134.9383); kw:humility(102.6858); kw:obedience(66.4155); kw:compliance(60.9791); theme:ritual_belief/religion_worship(51.2277); kw:softness(49.3724); kw:abasement(46.5929); kw:flexibility(34.884)	س ج د:B001:التطامن والذل → خ ش ع:B001:تطامن وخضوع
C339	0.7204	group / sign / multitude / token	37	14	14	24	0.05724529	0.2637	0.9167	0.6667	1,9,12,13,16,25,29,35,36,44,47,48,54,55,58,59,60,62,71,77,78,79,84,85,88,89,91,92,97,98,99,101,102,103,104,107,110	ء م ر ء م م ء ي ي ج م ع ج ن ن ج ه ر ر ء ي ع ل م ع ن ق غ ف ر ق ب ل ق و م ل ف ف م ث ل	kw:group(60.6775); kw:sign(55.4339); kw:multitude(53.7561); kw:token(48.7992); theme:kinship_society/household_community(47.3957); kw:people(41.3787); kw:crowd(38.2751); kw:mixture(37.2198)	ج م ع:B002:جماعة اجتمعت أو أخلاط ضمتها الجهة → ل ف ف:B003:أخلاط تلتف في جماعة واحدة
C340	0.7203	body_health_life/reproduction_birth / womb / reproduction / pregnancy	44	14	17	35	0.05984697	0.2652	1.0	0.5143	1,3,7,8,9,10,14,15,24,25,26,28,32,33,34,41,45,46,51,54,56,57,58,60,62,66,67,70,71,75,77,78,82,83,87,88,89,91,92,93,99,100,106,110	ج ن ن ح ر م ح م ل ح و ل ح ي ي ر ء ي ر ج و ر ح م س ق ط ع ذ ب ق ر ء ق ر ب م س س ن ف س	theme:body_health_life/reproduction_birth(192.6368); kw:womb(133.3374); kw:reproduction(91.7878); kw:pregnancy(90.724); kw:birth(74.2476); kw:gestation(70.7234); kw:fetus(60.4627); kw:family(57.0546)	ق ر ب:B012:دنو الولادة في الحيوان → ر ج و:B005:الحامل تدنو ولادتها
C341	0.7203	tribe / clan / group / community	52	16	17	30	0.06107475	0.2222	0.8667	0.7	3,6,8,9,12,13,17,19,20,23,24,25,27,28,29,30,35,36,38,39,40,41,46,54,55,57,58,60,62,65,66,71,75,77,78,79,80,84,85,87,88,89,91,92,93,97,100,102,103,104,107,108	ء م م ء ن ث ب ي ت ج م ع ج ن ن ح ي ي ر ب ب ر ب و ش ك ر ع ن ق ق ب ل ق و م ك ر ر ك ل ل ل ف ف ن ف ر	kw:tribe(107.0713); kw:clan(91.9692); kw:group(84.9485); kw:community(67.4508); kw:lineage(65.0133); kw:genealogy(61.5604); kw:family(45.6437); kw:people(41.3787)	ق ب ل:B009:جماعة يقبل بعضها على بعض → ح ي ي:B010:الحي جماعة النسب والقبيلة
C342	0.7202	wood / craft_material_built/craft / transport / support	51	13	13	13	0.05991528	0.1667	1.0	0.8462	5,7,8,13,16,23,24,28,33,35,40,42,43,46,47,48,49,50,51,53,56,58,59,60,61,62,63,64,67,69,73,80,81,84,85,88,90,93,94,95,96,97,98,100,101,102,104,107,108,110,111	ء و ل ج ل ب ح ن ك ش ج ر ض ر ب ع ظ م ع و د ف ت ن ق ر ي ق و ل ن ج و ن ش ر و ل ي	kw:wood(88.5234); theme:craft_material_built/craft(55.2023); kw:transport(50.7816); kw:support(44.478); kw:craft(44.4711); kw:saddle(41.1882); kw:equipment(36.4065); kw:timber(32.5328)	ع ظ م:B009:خشبة الرحل → ف ت ن:B008:غشاء الرحل
C343	0.72	pregnancy / fertility / body_health_life/reproduction_birth / reproduction	45	16	17	29	0.06132245	0.2148	0.9655	0.7241	1,2,3,9,12,13,14,16,26,29,30,33,39,40,41,44,45,46,48,55,56,59,60,62,70,71,76,77,78,81,82,85,88,89,92,93,95,99,101,102,103,105,106,107,110	ء ت ي ب س ط ج م ع ح ق ق ح م ل ح و ل خ ل ف ر ء ي س م و س ن ن س ن و ص ف و ض ر ب ف ر ق ق ر ء ل ق ي	kw:pregnancy(90.724); kw:fertility(74.4772); theme:body_health_life/reproduction_birth(72.2388); kw:reproduction(71.3905); kw:mating(69.6314); kw:breeding(57.9151); kw:sexuality(53.2649); kw:livestock(47.6591)	س ن و:B010:تسنّي البعير للناقة → س ن ن:B007:إكباب بدفع أو عض
C344	0.72	power / authority / hierarchy / law_governance/authority_governance	32	13	15	27	0.05879696	0.2647	1.0	0.7037	1,7,8,12,16,17,29,30,33,36,39,40,42,45,46,56,59,61,65,69,73,74,80,85,86,92,95,96,97,100,102,111	ء م ر ب ص ر ث ب ت ح ج ب ح ص ر ر و ح س ل ط ع ر ش م ل ك و ج ه و ح ي و ل ي ي د ي	kw:power(109.2579); kw:authority(83.8854); kw:hierarchy(76.0563); theme:law_governance/authority_governance(68.2352); kw:sovereignty(60.9791); kw:governance(56.2995); kw:court(53.6648); kw:politics(52.5539)	ء م ر:B003:الولاية وصاحب السلطان → و ل ي:B003:تولي الأمر والقيام عليه
C345	0.72	language / reputation / tongue / speech	53	13	17	23	0.06085759	0.1756	0.9565	0.8696	1,12,16,23,24,28,33,36,40,41,42,43,44,45,46,47,49,50,51,53,55,56,60,61,62,63,64,65,67,68,70,78,80,81,84,85,88,90,92,93,94,95,96,98,99,100,101,102,104,107,108,110,111	ب ر ر ب ي ن ج ه ر ذ ك ر س ل ط س م ع س م و ش ه د ص و ت ف ص ل ق و ل ل ف ف ن ب ء	kw:language(91.0338); kw:reputation(84.3691); kw:tongue(77.7634); kw:speech(65.6891); kw:praise(55.7051); kw:expression(50.1599); kw:renown(48.1671); kw:fame(47.5952)	س م و:B008:الصيت الحسن المنتشر → ص و ت:B002:الصيت الحسن
C346	0.7199	composure / pause / deliberation / slowness	46	14	17	25	0.0646709	0.188	1.0	0.76	1,3,4,5,11,12,15,16,17,18,19,23,29,30,35,37,39,44,46,52,53,54,55,59,60,62,65,68,69,74,76,77,80,90,93,94,95,96,98,99,101,102,103,104,105,106	ء ر ض ء ي ي ث ب ت ر ء ي ر س ل ر و د ع ب د ع ج ل ل ب ث ل د ن ل و م م ك ث و ز ن و ق ر	kw:composure(64.2228); kw:pause(62.7642); kw:deliberation(58.2873); kw:slowness(56.2768); kw:patience(55.7051); kw:delay(50.4406); kw:stay(44.9833); kw:urgency(42.2076)	ل ب ث:B001:المكث في الموضع → م ك ث:B001:ثبات مع انتظار
C347	0.7195	elevation / geography / height / terrain	48	14	17	27	0.06142515	0.203	1.0	0.7037	1,4,7,8,12,17,20,23,24,25,27,28,30,37,38,39,40,43,44,46,47,54,55,57,59,60,62,65,66,67,76,79,80,84,85,87,88,90,92,93,95,99,100,102,103,104,108,110	ء ر ض ج ه ر ح ذ ر ح ن ك ر ب ب ر ب و س ر ي س م و ظ ه ر ع ل و ف ل ك ن ب و ن ج و ن و ق	kw:elevation(141.5908); kw:geography(61.951); kw:height(61.7155); kw:terrain(53.9596); kw:hill(48.1671); kw:rise(43.4363); kw:ascent(39.4154); kw:ground(35.6904)	ع ل و:B001:السمو والارتفاع → س م و:B001:العلو والارتفاع
C348	0.7195	milk / dairy / udder / abundance	55	15	15	27	0.05463081	0.2571	0.8148	0.5926	3,5,6,7,8,11,12,15,17,19,20,23,24,25,27,28,30,35,38,39,40,41,46,48,51,52,54,55,56,57,59,60,65,66,67,68,69,71,77,78,79,80,84,85,87,89,93,94,95,97,100,102,105,108,110	ء و ل ح ص ب ح ص ر خ ف ت د ع و د ل ك ر ب ب ر د د ر س ل ش ك ر ص ر ف ص ف و ص م م ض ر ب ف ط ر	kw:milk(114.9093); kw:dairy(73.3311); kw:udder(52.9349); kw:abundance(51.4865); kw:extraction(50.1599); kw:coagulation(48.7992); kw:yield(45.7343); kw:fertility(42.5584)	ء و ل:B005:خثور السائل وانعقاده في آخر أمره → ص م م:B020:اللبن الخاثر الصامت عند الصب
C349	0.7194	prevention / access / restriction / prohibition	29	15	17	50	0.0588042	0.3731	0.84	0.5	1,4,8,20,29,33,37,39,42,45,47,48,50,51,57,58,59,62,64,67,71,73,74,78,82,86,94,99,102	ء ل ي ث ب ر ج ب ل ج ل ب ح ج ب ح ج ر ح د د ح ر م ح ص ر ح ظ ر ح ك م س ط ر ض ر ب ظ ل م م ن ع	kw:prevention(168.4874); kw:access(86.1846); kw:restriction(80.2785); kw:prohibition(74.9722); kw:interdiction(68.3094); theme:condition_force_change/control_restraint(51.2355); kw:control(44.2771); kw:denial(42.6693)	ح ظ ر:B002:منع وحجر عن الإباحة → ح ج ر:B001:المنع والإحاطة
C350	0.7194	collection / assembly / gathering / parent	60	16	17	22	0.0626233	0.163	0.9545	0.7727	2,4,6,8,9,12,13,14,16,17,18,20,23,24,25,26,27,28,30,31,38,39,40,41,44,45,46,49,54,55,57,58,60,64,65,66,70,71,74,75,78,79,80,82,84,85,86,87,88,89,93,98,100,101,102,103,104,106,108,111	ء م ر ء م م ب ن ي ج د د ج م ع ح و ط ر ب ب س ك ن ش ي ء ف ر ق ق ر ء ق ر ن ق ر ي ك ت ب م و ت و ل د	kw:collection(54.2007); kw:assembly(52.7421); kw:gathering(51.3473); kw:parent(48.7992); kw:family(45.6437); kw:joining(42.2076); kw:descent(36.4065); kw:circumstance(33.004)	و ل د:B002:أبوان من جهة الولادة → ج د د:B009:أبوة الأجداد
C351	0.7192	hearing / ear / obedience / cognition_perception/perception	10	11	13	26	0.06127486	0.3421	0.9231	0.6538	1,13,29,36,37,40,46,47,64,97	ء ذ ن ء ن ث ح ش ر خ ر ق س م ع ص م م ص و ت ع ن ق ق ص و ق و ف و ق ر	kw:hearing(112.5535); kw:ear(111.9716); kw:obedience(39.8493); theme:cognition_perception/perception(39.5314); kw:organ(39.0107); kw:auricle(36.9273); kw:deafness(34.1547); kw:duality(32.5328)	س م ع:B001:إدراك الأصوات بالأذن → ء ذ ن:B002:الإصغاء وقبول المسموع
C352	0.7192	burden / collection / assembly / gathering	39	15	17	25	0.06832926	0.1866	0.96	0.84	2,3,4,7,9,13,14,15,16,17,41,43,44,45,46,51,52,55,58,59,60,62,70,71,74,76,78,82,85,88,89,92,93,95,99,102,103,106,110	ج م ع ح م ل ح و ط ر ء س س م و ع ل و ف ر ق ق ر ء ق ر ن ق ر ي ق ل ل ك ت ب ن ب و ن و ق و ز ر	kw:burden(58.6452); kw:collection(54.2007); kw:assembly(52.7421); kw:gathering(51.3473); kw:height(49.3724); kw:elevation(47.1969); kw:rise(43.4363); kw:joining(42.2076)	ع ل و:B001:السمو والارتفاع → س م و:B001:العلو والارتفاع
C353	0.7192	reptile / viper / snake / serpent	13	7	9	13	0.06212244	0.3939	1.0	0.7692	27,46,47,53,56,63,64,69,75,88,91,92,100	ت ب ع ج ن ن ح ي ي ز ع م ش ط ن ق ت ر ق ل ب	kw:reptile(85.8285); kw:viper(85.3867); kw:snake(85.3387); kw:serpent(79.3254); kw:danger(47.7898); kw:venom(45.3471); kw:haunting(38.5491); kw:grotesque(19.2746)	ح ي ي:B004:الحية من جنس الحياة → ج ن ن:B012:الجان حية
C354	0.7191	hair / ear / hearing / grooming	30	13	14	24	0.05654304	0.2667	1.0	0.7083	1,9,14,22,25,26,29,32,36,40,41,42,44,45,46,47,48,60,63,64,71,72,78,82,84,88,89,93,106,110	ء ذ ن ء ن ث ب ي ت ر ج ل س ب ل س م ع غ ف ر ف ر ق ق ر ء ق ع د ق و ف و ف ر و ق ر	kw:hair(72.6452); kw:ear(69.9823); kw:hearing(56.2768); kw:grooming(40.3171); kw:organ(39.0107); kw:auricle(36.9273); kw:duality(32.5328); kw:verse(30.2314)	س م ع:B002:الأذن وموضع السمع → و ق ر:B001:ثقل في الأذن
C355	0.7191	time_measure_quantity/quantity_number / number / isolation / monotheism	28	7	14	21	0.06506884	0.28	1.0	0.8095	1,4,12,14,22,23,29,33,34,39,42,46,47,51,57,62,67,73,74,78,86,92,94,96,97,99,110,111	ء ح د ء ل ه ء ل ي ح س ب ع د د و ح د ي ت م	theme:time_measure_quantity/quantity_number(72.7719); kw:number(68.3392); kw:isolation(57.219); kw:monotheism(53.6648); kw:individuality(53.6648); kw:uniqueness(50.3071); kw:solitude(46.5929); kw:oneness(36.9273)	ء ح د:B005:الانفراد والتفرق آحادا → و ح د:B001:الانفراد والبينونة
C356	0.719	law_governance/authority_governance / hierarchy / ruler / ownership	62	11	17	22	0.06319407	0.1789	0.9545	0.7727	1,3,5,8,12,16,17,20,23,24,25,27,28,29,30,33,34,36,38,39,40,42,43,46,47,49,50,51,53,54,55,56,57,60,61,62,63,65,66,69,79,80,81,84,85,87,88,90,92,93,94,95,96,98,100,101,102,104,107,108,110,111	ت ب ع ت ل و ذ ن ب ر ب ب س ء ل س ل ط ع ب د ع ر ش ق و ل م ل ك ي د ي	theme:law_governance/authority_governance(87.1895); kw:hierarchy(54.3259); kw:ruler(52.326); kw:ownership(50.4406); kw:sovereignty(45.7343); kw:governance(45.0396); kw:control(44.2771); kw:property(42.7746)	ع ب د:B001:الرق والملك → م ل ك:B002:المِلْك والتصرف
C357	0.7189	concealment / container / veil / storage	49	15	17	29	0.0635871	0.2164	0.931	0.6552	4,7,8,12,13,17,20,21,23,24,25,27,28,30,38,39,40,43,44,45,46,54,55,56,57,60,62,64,65,66,67,69,70,73,76,79,80,84,85,87,88,89,91,93,98,99,100,102,108	ج ن ن ح ج ب خ ر ج د خ ل د ر ج ر ب ب س ت ر ع ل و غ ر ر غ ف ر ف ر ي ك ر م ك ش ف ك ف ر ك ن ن	kw:concealment(120.1837); kw:container(73.1428); kw:veil(70.346); kw:storage(65.1911); kw:cover(63.7919); kw:screen(57.5595); kw:protection(49.7385); kw:covering(46.2971)	ك ف ر:B001:ستر وتغطية → غ ف ر:B001:ستر يصون الشيء ويغطيه
C358	0.7189	offspring / livestock / calf / sheep	33	11	11	14	0.05512518	0.2545	1.0	0.7143	2,3,6,8,11,12,16,18,22,23,25,29,31,33,39,44,45,46,47,60,63,64,69,70,73,76,79,80,85,86,99,103,111	ء م ر ت ب ع ج ع ل ح م ل ع ج ل غ ف ر ف ز ز ن ف ل و ح ي و ق ر و ل د	kw:offspring(87.0738); kw:livestock(47.6591); kw:calf(42.434); kw:sheep(40.3171); kw:descendant(34.884); kw:yearling(34.1547); kw:lamb(33.5381); kw:progeny(31.7301)	ع ج ل:B002:ولد البقرة → ف ز ز:B003:ولد البقرة الخفيف
C359	0.7189	ostrich / bird / animal_life/wildlife / wildlife	31	6	9	8	0.0662871	0.2667	1.0	1.0	2,5,6,7,8,12,18,22,25,29,33,35,36,39,45,46,47,51,54,55,59,60,71,80,82,83,84,85,99,102,107	ء و ل ج ع ل ظ ل م ع ل م ن ع م ن غ ض	kw:ostrich(75.5784); kw:bird(46.9162); theme:animal_life/wildlife(44.8111); kw:wildlife(27.2163); kw:refuge(26.4674); kw:zoology(23.6948); kw:desert(22.5932); kw:taxonomy(22.5563)	ظ ل م:B006:الظليم ذكر النعام → ن ع م:B006:النعام والنعامة الطائر
C360	0.7188	selection / choice / preference / excellence	17	9	10	11	0.06261774	0.25	1.0	0.9091	11,13,35,40,48,59,64,69,72,76,80,88,89,91,97,99,103	خ ر ج خ ي ر خ ي ل ص ف و ع م ي غ ر ق م ث ل ن خ ل ن و ق	kw:selection(151.7218); kw:choice(95.257); kw:preference(72.8591); kw:excellence(40.1571); kw:elite(29.7602); kw:merit(29.7602); kw:virtue(24.9444); theme:cognition_perception/reasoning_decision(22.112)	ص ف و:B002:اصطفاء الصفوة واختيارها → ن خ ل:B003:اختيار الأفضل
C361	0.7187	pride / arrogance / walking / haughtiness	42	15	17	29	0.06042655	0.2164	1.0	0.7241	2,4,7,9,12,14,15,16,17,18,19,21,23,25,28,30,31,33,37,40,42,43,44,47,49,51,54,57,58,60,64,66,74,84,86,87,94,95,97,98,110,111	ب غ ي خ ي ل د ر ج ر ج ل س ع ي ش ي ء ط و ل ع ظ م ع ل و ق ت ل ك ب ر م ش ي ن ف س ه د ي ه ل ك	kw:pride(94.8512); kw:arrogance(69.9823); kw:walking(59.9777); kw:haughtiness(49.5059); kw:intention(37.6199); kw:locomotion(35.7659); kw:coquetry(34.1547); kw:will(33.004)	ك ب ر:B006:العظمة والكبرياء → ع ظ م:B006:التعاظم والزهو
C362	0.7186	revenue / tribute / tax / economy_property/finance_debt	34	13	15	19	0.06628188	0.1863	1.0	0.9474	2,6,7,8,9,12,13,18,19,22,26,29,33,38,39,45,46,48,55,59,60,63,66,71,76,80,84,85,88,92,98,99,101,107	ء ت ي ء ج ر ج ز ي ج ع ل خ ر ج د خ ل ز ج و س ع ي س ق ط ض ر ب ع م ل غ ل ل ك ر ه	kw:revenue(111.0555); kw:tribute(81.3321); kw:tax(66.0079); theme:economy_property/finance_debt(63.4321); kw:levy(62.7642); kw:taxation(60.9791); kw:wage(49.5059); kw:payment(42.2076)	خ ر ج:B003:مال يخرج على جهة معلومة → ض ر ب:B010:المال المضروب على أحد
C363	0.7183	name / place / toponym / space_form_boundary/place_location	21	14	14	24	0.05345302	0.2637	1.0	0.8333	1,12,13,16,23,26,27,28,29,43,44,45,49,70,78,88,90,91,93,98,108	ء ح د ب ذ ر ج د د ج ن ن د م ر س ب ح س ت ر ش م س ط ي ب ع ن ق ن ب ع ن خ ل ن ه ر ي س ر	kw:name(97.7867); kw:place(92.7771); kw:toponym(83.2777); theme:space_form_boundary/place_location(67.4464); kw:locality(42.2076); kw:onomastics(42.2076); theme:language_communication/naming_classification(41.9241); kw:medina(36.9273)	ج د د:B014:مواضع مسماة → ن ب ع:B005:أسماء المواضع
C364	0.7183	shield / craft_material_built/textile_clothing / armor / protection	32	12	12	14	0.06003137	0.2121	1.0	0.8571	1,8,12,15,17,21,27,29,30,33,36,45,52,55,56,59,64,66,67,68,69,70,83,87,88,89,91,92,96,98,99,102	ب ص ر ج ل ب ج ن ب ج ن ن ج و ب ح ج ب ح ر م ز ع م غ ل ل ف ض ل ك ف ر و ز ر	kw:shield(77.6548); theme:craft_material_built/textile_clothing(64.6218); kw:armor(55.7051); kw:protection(49.7385); kw:covering(46.2971); kw:weapon(46.1287); kw:warfare(42.3478); kw:equipment(36.4065)	ب ص ر:B005:بصيرة السلاح → ز ع م:B005:سلاح أو درع يسمى زعامة
C365	0.7183	question / grammar / reference / inquiry	36	8	11	12	0.0561926	0.2308	1.0	0.8333	1,4,9,12,20,29,34,35,36,38,39,41,42,45,47,51,53,57,58,59,62,67,71,72,73,74,78,85,86,88,89,96,98,101,102,110	ء ل ي ء م م ء ي ي ب ي ن ذ و و س ء ل ع ط و ه ا ء	kw:question(108.7168); kw:grammar(76.5503); kw:reference(43.7155); kw:inquiry(42.2076); kw:duration(37.8305); kw:dialogue(32.5328); kw:moment(32.1114); kw:substitution(30.7655)	ء ي ي:B006:أيان للزمان → ب ي ن:B010:الوقت الواقع أثناء حال أو فعل
C366	0.7182	victory / conquest / competition / dominance	43	14	14	17	0.06441559	0.1868	1.0	0.7647	1,2,4,7,18,20,23,26,29,33,34,37,39,42,43,46,47,50,51,55,56,57,59,62,67,68,69,70,71,73,74,78,80,85,86,88,92,97,101,103,107,110,111	ء ت ي ء ل ي ب ر ر ب ل غ ح د د د و ن ص ل و ص ل ي ظ ه ر ع ط و ع ل و غ ر ق ل د ن و ل ي	kw:victory(69.2923); kw:conquest(60.9791); kw:competition(57.5572); kw:dominance(54.4326); kw:limit(53.7561); kw:endpoint(47.5952); kw:power(43.7032); kw:hierarchy(43.4607)	ص ل ي:B007:المصلي يتلو السابق → ص ل و:B006:تلو السابق في السباق
C367	0.718	emotion_ethics/deception_corruption / falsehood / fabrication / sin	27	15	17	33	0.06102969	0.2463	1.0	0.7576	5,8,17,24,27,31,37,49,51,59,60,61,64,67,69,70,73,78,89,90,91,93,98,99,100,108,111	ج ن ح خ ر ق خ ط ء خ ل ق ذ ن ب ز خ ر ف ش ر ك غ ر ر ف ت ن ف ج ر ف ر ي ف ع ل ك ذ ب ك ف ر ن ف ق	theme:emotion_ethics/deception_corruption(81.167); kw:falsehood(78.5549); kw:fabrication(74.4006); kw:sin(68.3392); kw:lie(59.0879); kw:invention(49.5059); kw:guilt(45.7343); kw:offense(44.6404)	خ ر ق:B003:اختلاق الكذب وافتراؤه → خ ل ق:B007:اختلاق الكذب والكلام
C368	0.718	bounty / labor / kinship_society/hospitality_welfare / excellence	35	11	13	17	0.06513128	0.2267	1.0	0.7647	2,3,5,6,7,8,9,12,18,21,22,23,29,33,34,35,39,42,45,46,53,55,60,61,66,70,80,83,84,87,95,99,103,108,110	ج ع ل ح س ن ط م ء ن ط م ن ط ي ن ع م ل ف ض ل ف ع ل م ع ع ن ع م ي د ي	kw:bounty(57.219); kw:labor(52.0647); theme:kinship_society/hospitality_welfare(49.805); kw:excellence(40.1571); kw:gift(37.8305); kw:wage(33.004); kw:compensation(27.4588); kw:favor(27.2163)	ط م ن:B003:حني الظهر → ط م ء ن:B002:التطامن والانخفاض الحسي
C369	0.7179	victory / contest / conflict_security/conflict / competition	39	13	17	29	0.06591389	0.2302	1.0	0.7241	4,5,7,9,10,16,19,20,21,23,26,31,33,43,45,51,59,60,62,63,64,67,68,69,70,73,80,81,82,87,90,93,94,98,101,104,105,107,111	ء م ن ب ر ر ج ز ي ج ل ب ج ي ء ح ق ق س ع ي ص د ق ع ط و ف ر ي ك ب ر ك ذ ب ك ر م	kw:victory(97.0093); kw:contest(68.647); theme:conflict_security/conflict(62.0642); kw:competition(57.5572); kw:rivalry(41.5754); kw:covenant(41.3787); kw:overcoming(34.1547); kw:place(30.9257)	ك ذ ب:B001:خلاف الصدق → ص د ق:B001:صدق القول
C370	0.7178	tongue / language / speech / circumstance	52	14	14	18	0.05537251	0.1978	1.0	0.7222	5,7,8,12,16,23,24,28,35,40,41,42,43,44,45,46,47,49,50,51,53,56,59,60,61,62,63,67,68,70,75,78,80,81,84,85,88,90,93,94,95,96,97,98,100,101,102,104,107,108,110,111	ء م ر ء و ل ب ر ر ب ك م ب ي ن ج ه ر ح ص ر ح ي ي ذ ك ر ش ه د ف ص ل ق و ل ل ف ف ل ك ن	kw:tongue(103.6846); kw:language(91.0338); kw:speech(75.0732); kw:circumstance(66.0079); kw:expression(62.6999); theme:language_communication/language_speech(45.966); kw:disability(41.5754); kw:case(31.0619)	ف ص ل:B004:لسان يفصل الأمور بالبيان → ق و ل:B002:اللسان آلة القول
C371	0.7177	reservoir / basin / well / pool	39	17	17	37	0.05716708	0.2721	0.9459	0.5405	1,2,5,6,7,12,16,22,23,26,29,33,40,47,49,51,55,58,59,61,64,70,71,73,81,82,85,88,91,92,94,98,99,100,101,104,107,110,111	ء ت ي ء ج ل ء خ ذ ب ر ك ج د د ج ه ر ج ي ء خ ل ق ر ج ل س ن و ظ ل م ع د د ق ر ي ق ع د ك ر ر م س ك ن ه ر	kw:reservoir(104.9611); kw:basin(88.7803); kw:well(87.5405); kw:pool(85.8285); theme:land_water_sky/water_hydrology(81.2498); kw:storage(76.0563); kw:hydrology(75.3434); kw:infrastructure(66.4155)	ء ت ي:B004:مجرى الماء وتسليك سبيله → ن ه ر:B001:نهر يشق الأرض بماء جار
C372	0.7177	elevation / honor / height / ascent	33	14	17	31	0.06537271	0.2331	1.0	0.6774	1,4,5,7,9,12,21,23,24,31,34,35,41,43,44,46,47,51,55,58,59,60,67,87,92,93,95,97,99,101,102,110,111	ذ ك ر ر ب و س ح ر س ر ي س م و س ن و ش د د ع ل و ك ب ر ن ب و ن ج و ن و ق و ج ه و ز ن	kw:elevation(94.3938); kw:honor(91.765); kw:height(86.4017); kw:ascent(65.6923); kw:nobility(51.3473); kw:rise(43.4363); kw:rank(38.6317); kw:reputation(36.1582)	ع ل و:B002:الرفعة والشرف → س ن و:B003:السَّناء والرفعة
C373	0.7177	covenant / pledge / law_governance/authority_governance / treaty	56	14	17	25	0.06214391	0.1894	0.92	0.76	1,2,3,4,8,9,12,13,16,17,18,20,22,23,24,25,26,27,28,30,33,34,35,38,39,40,46,54,55,57,58,60,62,65,66,68,69,70,77,78,79,80,81,84,85,86,87,92,93,97,100,102,105,107,108,111	ت ل و ح ر م ح ق ق ح م ل ذ م م ر ب ب ر و ح ع ه د ق ب ل ق ض ي ق و م و س ل و ك ل و ل ي	kw:covenant(82.7573); kw:pledge(70.346); theme:law_governance/authority_governance(64.4444); kw:treaty(51.232); kw:sanctity(46.5929); kw:guarantee(46.1482); kw:honor(45.8825); kw:governance(45.0396)	و ك ل:B006:القائم بالأمر كفاية وحفظا → ق و م:B004:رعاية وحفظ وولاية
C374	0.7175	canopy / craft_material_built/architecture_construction / enclosure / shade	46	12	12	13	0.05813933	0.197	0.9231	0.8462	8,12,13,17,20,22,23,24,25,27,28,29,30,36,38,39,40,42,44,46,49,50,54,55,57,60,65,66,71,79,80,83,84,85,87,89,92,93,95,97,98,99,100,102,108,110	ج د د ح ج ر ح ظ ر ح و ط ر ب ب س م و ش ج ر ع ر ش ق ع د ك ل ل ك ن ن ن ع م	kw:canopy(62.1239); theme:craft_material_built/architecture_construction(51.354); kw:enclosure(48.8874); kw:shade(42.434); kw:support(33.3585); kw:shelter(32.5509); kw:pen(32.5328); kw:roof(31.7301)	ر ب ب:B008:رباب السحاب → س م و:B004:السماء وما علا فأظل
C375	0.7175	listening / question / attention / hearing	51	13	14	12	0.06229534	0.1333	1.0	1.0	1,2,4,5,6,7,8,9,12,18,20,22,23,29,30,31,33,35,36,38,39,41,42,44,45,46,47,54,58,59,60,62,71,72,73,74,80,81,82,86,88,89,94,97,98,99,101,102,104,109,110	ء ذ ن ء م م ء ي ي ج ع ل ج ي ء ذ و و ز ي د س م ع ش ي ء ق ت ل ق ض ي ه ا ء و ح ي	kw:listening(62.7642); kw:question(62.1239); kw:attention(59.2371); kw:hearing(56.2768); kw:audition(50.3071); kw:inquiry(42.2076); kw:sound(41.0998); kw:grammar(38.2751)	س م ع:B001:إدراك الأصوات بالأذن → ء ذ ن:B002:الإصغاء وقبول المسموع
C376	0.7174	wood / rotation / tool / technology	61	12	12	12	0.06241148	0.1818	1.0	0.5833	1,4,5,6,7,8,11,13,16,18,19,23,24,28,29,35,39,40,42,43,47,48,49,50,51,53,56,57,59,60,61,62,63,67,69,73,74,78,80,81,83,84,85,86,88,90,91,93,94,95,96,98,100,101,102,103,104,107,108,110,111	ء ل ي ء و ل خ ل ل ر و د ش ج ر ش ر ر ض ر ب ع و د ق ت ر ق و ل ك ر ر ن ش ر	kw:wood(63.231); kw:rotation(42.6693); kw:tool(42.4); kw:technology(42.2076); kw:fat(40.1571); kw:craft(35.5769); kw:roast(33.5381); kw:timber(32.5328)	ك ر ر:B010:إدارة الرحى وترداد الطحن → ر و د:B006:أدوات الإدارة والدوران
C377	0.7173	covenant / pledge / sanctity / honor	68	15	17	24	0.06138813	0.1791	0.9583	0.5833	1,4,5,8,9,10,12,16,17,18,19,20,22,23,24,25,26,27,28,29,30,33,34,38,39,40,42,45,46,47,49,51,54,55,57,60,62,65,66,67,68,69,70,71,73,74,75,78,79,80,81,82,84,85,86,87,90,91,93,94,97,98,100,102,105,107,108,111	ء ل ي ء م ن ب ر ر ت ل و ح ر م ح ق ق خ ل ل ذ م م ر ب ب ص د ق ع ظ م ع ه د ن ص ر و ل ي ي م ن	kw:covenant(82.7573); kw:pledge(70.346); kw:sanctity(62.1239); kw:honor(57.3531); theme:emotion_ethics/trust_loyalty(56.5204); kw:treaty(51.232); kw:protection(49.7385); kw:friendship(46.1482)	خ ل ل:B003:مودة تتخلل النفس → ص د ق:B005:صدق المودة والصحبة
C378	0.7173	aversion / refusal / attention / retreat	25	9	11	13	0.05965907	0.2453	1.0	0.8462	4,28,33,37,44,46,48,51,55,58,67,76,77,83,88,90,92,95,97,99,102,103,104,107,111	ء ر ض د ب ر ر ء س ض ر ب ظ ه ر ع ر ض ق ب ل ن ء ي و ل ي	kw:aversion(64.5923); kw:refusal(57.219); kw:attention(47.3897); kw:retreat(44.0082); kw:opposition(40.6505); kw:withdrawal(39.7012); kw:avoidance(38.2751); theme:kinship_society/social_relations(32.6666)	ع ر ض:B005:الإعراض تولية العرض → و ل ي:B007:الإدبار والإعراض
C379	0.7173	rope / twist / cord / textile	16	11	11	13	0.06138526	0.2364	1.0	0.9231	4,5,6,7,21,27,37,49,51,53,62,64,71,97,98,108	ج ب ل ح ن ك د ر ج ر ف ت س ع ر ش ط ن ط و ل ف ت ل ف ع ل ك ر ر م ر ر	kw:rope(88.2711); kw:twist(57.9151); kw:cord(53.1324); kw:textile(49.4136); kw:strand(43.7155); kw:binding(38.3916); kw:restraint(32.7774); kw:tether(29.3388)	م ر ر:B005:إحكام فتل الحبل → ك ر ر:B002:حبل مجموع القوى مفتول
C380	0.7172	substitution / replacement / station / rank	58	11	14	12	0.06320343	0.1379	1.0	0.9167	3,5,9,11,12,13,15,18,19,20,25,27,30,31,32,33,34,35,36,38,42,44,47,49,50,51,52,53,57,58,62,63,66,67,71,72,76,78,79,80,81,82,83,87,88,91,93,95,96,97,98,100,101,102,105,106,108,111	ء م م ج ز ي خ ر ج خ ل ف ظ ن ن ف ص ل ق و م ك و ن ن ج و ن ز ل و ز ن	kw:substitution(61.531); kw:replacement(59.9777); kw:station(41.7788); kw:rank(38.6317); kw:transition(34.1742); theme:space_form_boundary/place_location(33.7232); kw:hierarchy(32.5956); kw:exit(31.0619)	ق و م:B007:نيابة وقيام مقام غيره → خ ل ف:B001:شيء يأتي بعد شيء ويقوم مقامه
C381	0.7171	revenue / tribute / finance / economy_property/finance_debt	40	16	17	25	0.06674263	0.1852	0.96	0.84	1,2,3,4,6,8,9,12,13,18,22,23,26,29,33,39,45,46,47,48,55,56,59,60,63,66,69,70,71,76,77,80,84,85,88,92,98,99,101,107	ء ت ي ء ج ر ت ب ع ت ل و ج ز ي ج ع ل ح ر م ح م ل ح و ل خ ر ج ذ م م ز ج و ض ر ب ع م ل غ ل ل ق ض ي	kw:revenue(95.1904); kw:tribute(81.3321); kw:finance(74.2476); theme:economy_property/finance_debt(73.1909); kw:tax(66.0079); kw:levy(62.7642); kw:taxation(60.9791); kw:payment(56.2768)	ح و ل:B010:إحالة الدين إلى غير صاحبه → ت ل و:B004:ذمة أو حق يتبع صاحبه
C382	0.7171	judgment / authority / verdict / precision	60	12	16	18	0.06512806	0.1593	1.0	0.7778	2,4,6,9,12,13,14,16,18,19,23,24,26,28,33,35,39,40,41,42,43,46,47,49,50,51,53,56,58,60,61,62,63,69,71,74,78,79,80,81,84,85,88,90,93,94,95,96,97,98,100,101,102,103,104,105,107,108,110,111	ء م ر ت ب ع ث ب ت ح ق ق ح ك م ر و د ف ص ل ق ض ي ق و ل ق و م ك ت ب ن ف ر	kw:judgment(63.4441); kw:authority(52.4284); kw:verdict(52.326); kw:precision(48.7992); kw:governance(45.0396); kw:justice(44.8955); kw:truth(40.4815); kw:arbitration(35.7766)	ق ض ي:B001:الحكم والأمر القاطع → ح ك م:B002:الحكم والقضاء بين الناس
C383	0.7169	eye / vision / sight / blindness	40	16	17	32	0.05879893	0.237	1.0	0.6562	1,7,9,12,13,14,15,16,17,18,19,21,23,25,30,33,35,36,37,48,56,57,58,59,60,62,68,69,70,71,72,77,78,79,83,96,97,99,102,103	ء م م ب ص ر ح ذ ر ح و ل خ س ف ر ء ي ر و د ع م ي غ ر ق غ س ق ق و م ك ر م م ر ح ن ظ ر ن ع م ن ف س	kw:eye(131.7058); kw:vision(117.0619); kw:sight(71.1156); kw:blindness(58.2873); kw:blessing(51.1888); kw:gaze(41.1882); kw:perception(38.0967); theme:cognition_perception/perception(36.2371)	ر ء ي:B001:رؤية العين والبصيرة → ب ص ر:B001:إبصار العين
C384	0.7169	expression / tongue / language / face	60	13	13	12	0.05528914	0.1538	1.0	0.8333	9,12,13,15,16,20,23,24,28,29,30,33,36,38,40,42,43,45,47,49,50,51,53,54,56,59,60,61,62,63,65,68,69,71,75,77,78,80,81,84,85,88,89,90,92,93,94,95,96,97,98,100,101,102,104,105,107,108,110,111	ب س ط ب ش ر ب ي ن ح ي ي ر س ل ر و ح س ل ط ش ه د ف ص ل ق و ل ك س ف ك ل ل ل ف ف	kw:expression(75.2399); kw:tongue(64.8028); kw:language(60.6892); kw:face(47.9976); kw:openness(42.434); kw:explanation(31.0619); kw:familiarity(30.7655); kw:articulation(29.544)	ف ص ل:B004:لسان يفصل الأمور بالبيان → ق و ل:B002:اللسان آلة القول
C385	0.7169	tribute / revenue / tax / levy	24	9	12	11	0.07312769	0.1746	1.0	1.0	2,7,13,23,26,29,34,37,40,48,49,55,59,63,71,76,80,85,88,92,98,101,103,107	ء ت ي ب ل غ ج ز ي ج م ع خ ر ج د خ ل ض ر ب ع ظ م غ ل ل	kw:tribute(81.3321); kw:revenue(79.3254); kw:tax(66.0079); kw:levy(62.7642); theme:economy_property/finance_debt(48.7939); kw:taxation(45.7343); kw:livelihood(38.2751); kw:income(34.884)	غ ل ل:B006:طوق يغل العضو → ج م ع:B008:القيد الذي يجمع اليدين إلى العنق
C386	0.7166	rain / fertility / renewal / ecology	57	16	17	34	0.05699666	0.2519	0.8824	0.5	2,3,8,12,13,17,19,20,23,24,25,26,27,28,29,30,32,33,34,36,37,38,39,40,42,46,48,54,55,57,59,60,65,66,68,71,72,75,78,79,80,83,84,85,87,88,91,92,93,97,100,101,102,107,108,110,111	ء ت ي ج ن ن ح س ر ح ص ب ح ي ي د ل ك ر ب ب س ب ل ش ك ر ض ر ب ع ه د ق ف و م ر ح ن ء ي ن ش ر و ل ي	kw:rain(106.6268); kw:fertility(63.8376); kw:renewal(54.4326); kw:ecology(51.155); theme:land_water_sky/weather_climate(47.4037); kw:pasture(46.1287); kw:vegetation(45.8021); kw:weather(37.9455)	و ل ي:B010:مطر يلي الوسمي → ع ه د:B007:مطر يتعاهد الأرض بعد بلل أو في أوائل الوسمي
C387	0.7166	kinship / family / body_health_life/reproduction_birth / womb	47	15	17	29	0.05943179	0.2164	0.9655	0.6897	1,7,8,9,10,14,15,16,18,22,24,25,26,28,29,32,33,34,40,41,45,46,51,53,54,57,58,60,66,67,68,70,71,78,81,82,83,87,88,89,93,96,100,101,105,106,110	ء ن ث ب ر ر ب ي ن ح ر م ح ق ق ذ م م ر ح م ظ ه ر ع ذ ب ق ر ء ق ر ب ق ع د م س س م س ك ن ف س	kw:kinship(95.2417); kw:family(91.2873); theme:body_health_life/reproduction_birth(76.2521); kw:womb(66.6687); kw:lineage(54.1778); kw:birth(49.4984); kw:sanctity(46.5929); kw:honor(45.8825)	ح ر م:B006:الحرمة والذمة والحق → ذ م م:B002:حرمة العهد والذمام
C388	0.7165	slave / manumission / slavery / emancipation	36	9	10	9	0.06112432	0.2045	1.0	0.8889	1,2,3,4,5,7,13,14,17,19,22,23,30,31,33,39,40,42,46,53,58,64,65,71,73,83,92,93,94,96,97,99,104,108,110,111	ء خ ذ ء ل ه د ب ر س ع ي ع ب د ق ت ل ك ت ب ن ع م و ع د	kw:slave(62.7642); kw:manumission(49.5059); kw:slavery(46.5929); kw:emancipation(34.1547); kw:labor(31.2388); kw:earning(29.3388); kw:freedom(28.2893); kw:ownership(25.2203)	ك ت ب:B005:مكاتبة العبد على عتقه → س ع ي:B005:كسب العبد لفكاك رقبته
C389	0.7165	bird / color / animal_life/wildlife / impossibility	20	9	9	9	0.05603328	0.25	1.0	0.8889	1,7,12,13,21,25,29,36,47,54,55,56,62,64,77,80,84,85,102,107	ب ر ك ح ن ك ح و ل خ ي ل د خ ل د ر ج ط ي ر ع ل م ع ن ق	kw:bird(70.3743); kw:color(51.2095); theme:animal_life/wildlife(49.2922); kw:impossibility(35.7766); kw:plumage(33.004); kw:ornithology(31.0619); kw:omen(27.3357); kw:darkness(25.1495)	ط ي ر:B001:خفة الطيران والطير → د ر ج:B009:طائر الدُّرّاج
C390	0.7163	proximity / relation / nearness / adjacency	35	12	17	33	0.06106465	0.264	0.9697	0.697	1,2,7,8,9,14,15,17,23,24,25,26,28,32,33,34,38,46,51,54,56,57,66,68,80,82,83,84,87,94,97,100,104,110,111	ب ع د ج ن ب ح ر م د و ن ر ح م ع ن د ق ر ب ل د ن ن ف س ه د ي و س ل و ل ي	kw:proximity(72.3164); kw:relation(68.8237); kw:nearness(65.2377); kw:adjacency(62.7642); kw:family(57.0546); kw:sacrifice(42.6693); kw:space(42.0421); kw:society(41.5571)	ق ر ب:B005:القربة والقربان إلى الله → و س ل:B001:التقرب بالوسيلة والرغبة
C391	0.7163	cognition_perception/knowledge_learning / knowledge / deliberation / epistemology	56	15	17	24	0.05965833	0.1805	1.0	0.75	1,5,8,9,12,14,17,20,21,23,24,25,27,28,30,36,38,39,40,41,42,44,45,46,47,48,54,55,57,59,60,62,65,66,67,70,71,74,78,79,80,82,84,85,87,88,89,93,96,99,100,102,106,107,108,110	ب ح ر ب ص ر ب غ ي ث ب ت ج و س ح ك م خ ب ر د ب ر ر ء ي ر ب ب ع ل م ف ق ه ق د ر ق ر ء ن ظ ر	theme:cognition_perception/knowledge_learning(123.9358); kw:knowledge(78.4426); kw:deliberation(72.8591); kw:epistemology(55.4339); kw:scholarship(53.6648); kw:wisdom(43.7155); kw:inquiry(42.2076); kw:planning(41.9894)	ج و س:B002:طلب الشيء باستقصاء → ب غ ي:B001:طلب الشيء وابتغاؤه
C392	0.7161	perfume / worship / fragrance / cognition_perception/perception	36	14	16	26	0.06286147	0.2203	1.0	0.7308	1,3,5,7,8,13,17,18,23,27,30,40,43,44,45,49,51,53,58,61,65,67,69,70,77,78,85,89,92,93,96,98,99,107,108,110	ء ن ث ح ج ب خ ل ق د ل ك ر و ح س ب ح س ج د ص ل و ص ل ي ط ي ب ع ب د ق ب ل ك ف ر ن ش ر	kw:perfume(110.3431); kw:worship(100.3198); kw:fragrance(91.3328); theme:cognition_perception/perception(62.5914); kw:prayer(54.9176); theme:craft_material_built/ornament_beauty(51.7713); theme:ritual_belief/religion_worship(46.9587); kw:aroma(44.0082)	ص ل ي:B008:الصلوات مواضع عبادة → ص ل و:B007:مواضع الصلاة ودور العبادة
C393	0.716	law_governance/authority_governance / governance / office / care	52	15	15	22	0.0590699	0.2095	0.9545	0.6364	2,5,7,8,9,12,13,16,17,19,20,23,24,25,27,28,30,33,35,38,39,40,45,46,51,54,55,57,58,59,60,62,65,66,67,68,70,73,77,78,79,80,84,85,86,87,93,97,100,102,108,111	ء م ر ء و ل ب ر ر ح ج ب ر ء س ر ب ب س ع ي س ل ط س ن ن ص ل ح ع م ل غ ي ر ق و م و ك ل و ل ي	theme:law_governance/authority_governance(140.2613); kw:governance(78.8193); kw:office(62.7642); kw:care(62.033); kw:administration(57.5595); kw:repair(50.1599); kw:leadership(38.7554); kw:court(35.7766)	ع م ل:B003:ولاية العمل والقيام عليه → س ع ي:B003:ولاية وسعاية على القوم
C394	0.716	selection / preference / purpose / choice	25	11	12	15	0.05728511	0.2308	1.0	0.9333	1,2,11,12,26,27,35,36,40,55,59,64,66,67,70,71,72,85,88,91,92,97,98,101,107	ء ت ي ء خ و ء م م ء ي ي ب ح ر خ ي ر خ ي ل ص ف و ع م ي ق ف و ن خ ل	kw:selection(110.3431); kw:preference(58.2873); kw:purpose(57.219); kw:choice(54.4326); kw:intention(50.1599); kw:aim(43.4363); kw:agency(30.693); kw:elite(29.7602)	ص ف و:B002:اصطفاء الصفوة واختيارها → ن خ ل:B003:اختيار الأفضل
C395	0.7159	group / assembly / kinship_society/household_community / crowd	56	15	17	24	0.06288306	0.1791	0.9583	0.7083	1,5,6,7,8,9,12,13,15,17,20,22,23,24,25,27,28,29,30,35,38,39,40,41,46,49,54,55,57,58,60,61,62,65,66,77,78,79,80,84,85,87,88,92,93,94,97,98,100,102,103,104,106,107,108,110	ب ع ث ج م ع ج ه ر ح ش ر ح ن ك ح و ط ر ب ب س ج د ع ن ق ف ر ق ق ب ل ق ع د ق و م ل ف ف ن ف ر	kw:group(72.813); kw:assembly(65.9276); theme:kinship_society/household_community(61.9789); kw:crowd(51.0335); kw:band(43.1696); kw:society(41.5571); kw:multitude(40.3171); kw:gathering(38.5105)	ج م ع:B002:جماعة اجتمعت أو أخلاط ضمتها الجهة → ل ف ف:B003:أخلاط تلتف في جماعة واحدة
C396	0.7158	deliberation / planning / judgment / cognition_perception/reasoning_decision	38	15	17	31	0.05831788	0.2313	0.9677	0.7419	1,7,12,14,15,16,17,18,19,21,26,30,33,35,36,46,48,54,59,60,62,68,69,74,77,81,85,93,94,95,96,97,99,102,103,104,105,106	ء م ر ب ص ر ب ع د ث ب ت ح س ب ح ق ق د ب ر ر ء ي ر س ل ر و د ق د ر م ك ث ن ظ ر و ج ه و ز ن	kw:deliberation(131.1464); kw:planning(55.9858); kw:judgment(52.8701); theme:cognition_perception/reasoning_decision(51.5948); kw:wisdom(43.7155); kw:patience(41.7788); kw:evidence(40.6505); kw:decision(40.3171)	ب ص ر:B002:بصيرة القلب → ن ظ ر:B001:توجيه البصر أو البصيرة لإدراك الشيء
C397	0.7158	dimension / time_measure_quantity/measurement / length / extension	28	9	13	17	0.06408039	0.2329	1.0	0.8235	4,6,9,13,20,21,23,28,29,30,31,35,37,43,51,58,60,62,67,70,71,78,79,83,87,89,97,111	ء م م ب س ط س ع ر ط و ل ع ر ض ق و م ك ب ر ك ث ر م د د	kw:dimension(64.2228); theme:time_measure_quantity/measurement(63.8648); kw:length(62.3609); kw:extension(60.9633); kw:stature(54.6714); kw:form(39.4154); kw:geometry(36.9363); kw:measurement(34.5965)	ق و م:B011:قامة وقوام الجسم والطول → ء م م:B006:القامة والهيئة
C398	0.7157	creation / production / ontology / aptitude	45	12	14	18	0.06455627	0.2045	1.0	0.7222	2,4,6,8,9,12,13,18,22,29,30,33,35,37,39,44,45,46,49,51,55,58,60,61,62,63,64,68,69,70,75,76,77,78,79,80,86,90,95,97,98,99,102,103,104	ء ر ض ج ب ل ج ع ل خ ر ج خ ل ق خ ي ل ذ ه ب ف ط ر ق د ر ق و م و ج د و ز ن	kw:creation(124.136); kw:production(72.8591); kw:ontology(57.219); kw:aptitude(51.232); kw:origination(47.5952); kw:making(34.884); theme:condition_force_change/capacity_ability(34.3024); kw:worthiness(33.5381)	خ ل ق:B002:إبداع الخلق وإيجاده → ف ط ر:B002:إيجاد وابتداء
C399	0.7155	darkness / night / dawn / time	28	16	17	35	0.06308264	0.2593	0.9429	0.6857	1,7,8,9,12,13,14,15,23,24,25,33,35,46,47,51,52,58,62,71,78,79,88,90,91,92,97,101	ج ن ح ج ن ن د ب ر س ح ر س ر ي س ق ط ظ ه ر ع س ي غ س ق ف ج ر ق و م ل ي ل ن ف س ن ه ر و ج ه ي و م	kw:darkness(138.3224); kw:night(105.5614); kw:dawn(84.868); kw:time(63.1034); kw:daylight(48.7992); kw:transition(45.5656); kw:shadow(44.6404); kw:morning(43.7155)	ن ه ر:B002:انفتاح النهار بالضياء → ي و م:B001:وقت النهار المحدود
C400	0.7155	submission / ritual_belief/religion_worship / obedience / compliance	45	16	17	32	0.05992221	0.237	0.9688	0.5938	1,3,5,7,8,15,17,18,20,23,24,26,27,28,29,30,43,44,48,53,54,59,61,64,65,67,68,69,70,77,78,89,93,94,95,96,98,99,104,105,107,108,109,110,111	ب ر ر خ ش ع ذ ل ل ر س ل س ب ح س ج د س ك ن ص ل و ص ل ي ط م ء ن ط و ع ع ب د ع ط و ك ف ر ي د ي ي س ر	kw:submission(121.4444); theme:ritual_belief/religion_worship(110.9934); kw:obedience(92.9817); kw:compliance(60.9791); kw:humility(58.6776); kw:bowing(51.232); kw:prostration(50.3071); kw:worship(50.1599)	ص ل ي:B001:الصلاة عبادة لازمة → ص ل و:B003:العبادة المخصوصة
C401	0.7155	marriage / gender / woman / kinship	38	14	14	18	0.05528742	0.1978	1.0	0.8889	1,2,6,9,12,14,15,22,29,34,40,41,45,46,50,52,54,59,60,68,69,71,75,77,78,82,84,88,89,93,94,95,97,101,102,103,105,106	ء ن ث ب ر ك ج م ع ح د د ر د د ر س ل ز خ ر ف ظ ن ن ع د د ق ر ء ق ع د م و ت ه د ي ي ت م	kw:marriage(102.1765); kw:gender(95.1661); kw:woman(82.1033); kw:kinship(47.6209); kw:reproduction(40.7946); kw:family(34.2328); kw:bereavement(33.004); kw:courtship(32.5328)	ب ر ك:B009:امرأة ذات ابن كبير تتزوج → ظ ن ن:B009:امرأة يرجى ولدها
C402	0.7155	listening / attention / hearing / grammar	57	11	13	11	0.0586491	0.1447	1.0	0.9091	1,4,7,8,9,12,17,18,20,23,24,25,27,28,29,30,31,33,35,36,38,39,40,41,42,43,44,46,47,51,54,55,57,58,60,62,65,66,67,72,73,74,78,79,80,84,85,86,87,88,89,93,98,100,102,108,110	ء ذ ن ء ل ي خ ش ي ذ و و ر ب ب س م ع ش ي ء ع ل و ع م ل ق ت ل ل ي س	kw:listening(62.7642); kw:attention(59.2371); kw:hearing(56.2768); kw:grammar(51.0335); kw:audition(50.3071); kw:sound(41.0998); kw:preposition(36.9273); theme:language_communication/grammar_expression(36.6229)	س م ع:B001:إدراك الأصوات بالأذن → ء ذ ن:B002:الإصغاء وقبول المسموع
C403	0.7154	well / hydrology / reservoir / land_water_sky/water_hydrology	37	17	17	33	0.05745703	0.2426	0.9697	0.6667	1,2,6,12,13,18,22,23,25,29,33,36,40,46,47,49,51,54,55,59,61,64,66,67,70,71,73,82,84,85,98,99,100,102,107,110,111	ء خ ذ ب ح ر ب ر ك ج د د ج ه ر خ ل ق ذ م م ر ج ل ط ي ر ظ ل م ع د د ع ل م ق ع د ق ل ب ك ر ر ك ل و م س ك	kw:well(137.5637); kw:hydrology(75.3434); kw:reservoir(74.9722); theme:land_water_sky/water_hydrology(59.0908); kw:pool(57.219); kw:storage(54.3259); kw:pond(51.232); kw:water(50.8423)	ع ل م:B005:ماء كثير مجتمع في عيلم → ب ح ر:B001:الماء الواسع الكثير
C404	0.7154	morality / good / self / experience	51	11	13	15	0.05354993	0.1974	0.9333	0.8667	5,7,11,13,16,17,19,23,24,28,33,35,39,40,42,43,46,47,49,50,51,53,56,60,61,62,63,68,73,80,81,83,84,85,88,90,91,93,94,95,96,97,98,100,101,102,104,107,108,110,111	ب ع د ج ن ب خ ل ل خ ي ر س ع ي ش ر ر ق و ل ل ق ي م س ك و ج ه و ل ي	kw:morality(35.1186); kw:good(34.884); kw:self(29.1436); kw:experience(28.9576); kw:contrast(28.6095); kw:recurrence(27.3357); kw:proverb(27.1003); kw:evil(26.6675)	ش ر ر:B001:الشَّرّ والسوء → خ ي ر:B001:الميل إلى الخير النافع
C405	0.7153	virtue / emotion_ethics/suffering_hardship / misfortune / adversity	58	15	17	26	0.05661032	0.194	0.9615	0.6923	3,5,7,11,13,15,18,19,20,23,25,27,30,31,32,33,34,35,36,38,39,42,44,48,49,50,51,52,53,56,57,58,62,64,66,67,68,70,72,73,78,81,83,87,88,89,91,93,95,96,98,99,100,101,102,104,108,111	ب ر ر ج ن ب خ ل ل خ ي ر س و ء ش ر ر ض ر ر ظ ن ن ف ع ل ك ر م ك ر ه ك و ن ل ق ي م ث ل و ع د	kw:virtue(87.3052); theme:emotion_ethics/suffering_hardship(42.8019); kw:misfortune(39.1426); kw:adversity(37.9386); kw:harm(37.3173); kw:good(34.884); kw:character(34.787); theme:emotion_ethics/ethics_morality(32.9077)	ف ع ل:B002:فَعال الخلق → خ ي ر:B005:الكرم والهبة
C406	0.7153	wealth / economy / property / abundance	53	14	14	18	0.06058307	0.1978	0.9444	0.6667	2,5,6,7,16,23,24,26,27,28,31,34,35,37,40,42,43,46,47,49,50,51,53,56,59,60,61,62,63,64,70,73,80,81,84,85,88,89,90,92,93,94,95,96,98,100,101,102,104,107,108,110,111	ء خ ذ ء م ر ء و ل ب ذ ر ت س ع د ب ر ق و ل ك ث ر م ش ي م ل ق م ل ك م و ل ن ف ق و ف ر	kw:wealth(86.1068); kw:economy(59.8572); kw:property(53.4682); kw:abundance(51.4865); kw:ownership(37.8305); kw:money(28.4462); kw:acquisition(27.9929); kw:increase(26.6675)	ء م ر:B004:النماء والبركة → م ش ي:B003:النماء والماشية
C407	0.7152	prevention / access / restriction / prohibition	36	16	17	42	0.05983333	0.3111	0.8095	0.5	1,4,10,15,20,29,33,39,42,45,47,50,51,54,57,58,59,62,64,67,71,73,74,76,78,82,86,93,94,95,97,99,102,103,105,106	ء ل ي ث ب ر ج ل ب ح ج ب ح ج ر ح د د ح ر م ح ظ ر ح ك م ص م م ظ ل م ع ذ ب ف ر ق ف ز ز م ن ع ن ز ل	kw:prevention(142.5663); kw:access(86.1846); kw:restriction(64.2228); kw:prohibition(59.9777); kw:command(56.2768); kw:control(55.3464); kw:interdiction(51.232); kw:denial(42.6693)	ح ظ ر:B002:منع وحجر عن الإباحة → ح ج ر:B001:المنع والإحاطة
C408	0.7152	land_water_sky/light_darkness / astronomy / time / sun	33	17	17	35	0.05840625	0.2574	0.9714	0.6286	1,3,4,5,7,9,12,13,14,21,23,31,34,35,40,43,45,47,51,52,58,60,62,64,71,78,79,87,90,91,92,97,111	ح ج ب ذ ر ر ر ج ل س ع ر س ن و ش د د ش م س ص ف و ف ج ر ق و م ك ب ر ك س ف ل ي ل ن ه ر و ج ه و ز ن ي و م	theme:land_water_sky/light_darkness(66.3001); kw:astronomy(64.2444); kw:time(63.1034); kw:sun(57.219); kw:light(55.9423); kw:daylight(48.7992); kw:noon(47.0731); kw:dawn(42.434)	ق و م:B017:انتصاف النهار وقائم الظهيرة → و ز ن:B004:قيام ميزان النهار في وسطه
C409	0.7152	wood / tool / craft_material_built/tools_equipment / technology	67	12	12	11	0.05742647	0.1667	1.0	0.6364	1,4,5,7,8,9,11,13,16,18,19,23,24,28,29,34,35,37,39,40,42,43,47,48,49,50,51,52,53,56,57,58,59,60,61,62,63,67,69,73,74,76,78,79,80,81,84,85,86,88,90,91,93,94,95,96,97,98,100,101,102,103,104,107,108,110,111	ء ل ي ء و ل ب ل غ خ ل ل ر و د ض ر ب ع ج ل ع و د ق ل ل ق و ل ق و م ن ش ر	kw:wood(63.231); kw:tool(52.9999); theme:craft_material_built/tools_equipment(42.6796); kw:technology(42.2076); kw:craft(35.5769); kw:support(33.3585); kw:timber(32.5328); kw:incense(31.7301)	ع و د:B010:عود من خشب وطيب وآلة → ء ل ي:B014:الألوة عود البخور
C410	0.7151	family / parent / descent / son	47	10	14	20	0.05787139	0.2326	1.0	0.65	1,2,4,6,8,12,17,20,23,24,25,26,27,28,30,31,38,39,40,46,49,54,55,56,57,60,64,65,66,67,70,71,75,79,80,84,85,87,93,98,99,100,101,102,104,108,111	ء م م ب ر ك ب ن ي ج د د ر ب ب ر ب و ر ي ب ض ر ر م و ت و ل د	kw:family(68.4655); kw:parent(48.7992); kw:descent(36.4065); kw:son(34.1547); kw:marriage(34.0588); theme:kinship_society/family(31.0976); kw:mother(30.4895); kw:ancestry(28.9576)	و ل د:B002:أبوان من جهة الولادة → ج د د:B009:أبوة الأجداد
C411	0.7148	pride / arrogance / scale / majority	23	8	17	33	0.06320728	0.287	0.9697	0.697	4,7,9,14,15,16,21,23,24,25,31,33,40,43,49,51,60,85,87,88,98,103,111	ء م ر ج د د ج م ع ص غ ر ع ظ م ع ل و ك ب ر ن ف س	kw:pride(54.2007); kw:arrogance(41.9894); kw:scale(39.0107); kw:majority(34.884); kw:majesty(34.884); kw:honor(34.4119); theme:time_measure_quantity/measurement(33.8108); kw:awe(33.5381)	ك ب ر:B001:العظم خلاف الصغر → ص غ ر:B001:الصِّغَر ضد الكبر
C412	0.7148	sky / land_water_sky/weather_climate / cloud / support	54	17	17	30	0.05865963	0.2206	0.8667	0.6333	3,4,8,12,13,16,17,20,22,23,24,25,26,27,28,29,30,32,37,38,39,40,42,44,46,48,54,55,57,58,60,64,65,66,70,72,76,79,80,84,85,87,90,92,93,95,97,99,100,102,103,104,108,110	ء ر ض ج ل ب ح ظ ر ح م ل خ ر ج خ ي ل ر ب ب س ب ل س ق ط س م و ش ج ر ع ر ش ع م ي ع ن ق ق ر ي ق ع د ل ز م	kw:sky(95.786); theme:land_water_sky/weather_climate(79.0062); kw:cloud(74.8331); kw:support(55.5975); kw:rain(47.3897); kw:meteorology(43.1696); theme:craft_material_built/architecture_construction(39.5031); kw:shelter(32.5509)	ر ب ب:B008:رباب السحاب → س م و:B004:السماء وما علا فأظل
C413	0.7147	hydrology / land_water_sky/water_hydrology / flow / water	46	16	17	28	0.06316034	0.2074	0.9286	0.7143	6,8,12,17,18,20,22,23,24,25,27,28,29,30,36,38,39,40,44,46,47,54,55,57,60,65,66,67,69,70,73,78,79,80,84,85,87,90,91,93,96,100,102,103,107,108	ب ح ر خ ب ر ذ م م ر ب ب س ب ع ع د د ع ل م غ ر ق غ س ق غ ل ل ف ج ر ف ر ي ك ر ر م د د ن ب ع ن ه ر	kw:hydrology(129.1601); theme:land_water_sky/water_hydrology(81.2498); kw:flow(59.7372); kw:water(59.3161); kw:resource(48.1035); kw:river(43.7155); kw:pool(42.9143); kw:abundance(41.1892)	ر ب ب:B013:ماء رَبَب كثير → ع ل م:B005:ماء كثير مجتمع في عيلم
C414	0.7147	quantity / measurement / measure / volume	11	9	11	12	0.06669812	0.2264	1.0	1.0	6,20,30,35,47,63,64,82,86,99,106	خ س ر ذ ه ب ر ج ل ف ر ق ق د ر ك ر ر ك ي ل م د د و ز ن	kw:quantity(92.7653); kw:measurement(80.7252); kw:measure(78.197); kw:volume(60.4627); kw:capacity(49.0059); kw:vessel(32.29); kw:commerce(31.2388); kw:weight(26.6675)	م د د:B006:مد يقدر به الكيل → ف ر ق:B011:فرق مكيال وإناء
C415	0.7146	reservoir / basin / pool / storage	36	16	17	36	0.05793185	0.2667	0.9444	0.6111	1,2,5,7,12,16,17,18,22,29,30,33,40,46,47,49,51,58,59,61,66,67,70,71,73,81,82,94,96,98,99,100,101,102,104,111	ء ج ل ء خ ذ ب ح ر ب ر ك ث ب ر ج د د ج ي ء خ ب ر خ ل ق ذ م م ظ ل م ع د د ق ر ي ق ع د م س ك و ق ر	kw:reservoir(119.9555); kw:basin(101.4632); kw:pool(85.8285); kw:storage(76.0563); kw:well(75.0347); kw:hydrology(64.5801); kw:depression(54.4326); kw:settlement(41.2343)	خ ب ر:B002:لين الأرض ومائها → ب ح ر:B006:الأرض الجامعة للماء
C416	0.7146	whiteness / color / marking / space_form_boundary/visual_appearance	24	11	12	13	0.06332558	0.2	1.0	1.0	1,12,13,14,17,30,36,47,59,64,66,67,70,76,78,80,84,90,91,96,97,100,101,102	ب ح ر ب ص ر ح س ب خ ر ج ر ج ل س ح ر س ع ر ش ك ل غ ر ر ف ج ر م س ك	kw:whiteness(83.9958); kw:color(81.9351); kw:marking(64.1841); theme:space_form_boundary/visual_appearance(53.5057); kw:horse(46.2971); kw:redness(40.0012); kw:leg(39.5566); kw:complexion(29.1436)	ح س ب:B009:لون الأحسب والأحسبية → ش ك ل:B005:الشُّكلة لون مختلط
C417	0.7145	prevention / prohibition / interdiction / restriction	21	13	17	49	0.05855517	0.374	0.898	0.551	1,7,8,14,15,20,25,33,39,45,47,48,50,59,64,71,82,88,91,94,99	ج ل ب ج ن ن ح ج ب ح ج ر ح د د ح ر م ح ص ر ح ظ ر ح ك م ض ر ب ظ ل م م ن ع ن ف س	kw:prevention(116.6451); kw:prohibition(74.9722); kw:interdiction(68.3094); kw:restriction(64.2228); kw:access(61.5604); kw:mind(42.2076); kw:authority(41.9427); kw:exclusion(41.7788)	ح ظ ر:B002:منع وحجر عن الإباحة → ح ج ر:B001:المنع والإحاطة
C418	0.7145	gift / donation / benefaction / bounty	44	12	15	23	0.05883425	0.2255	0.9565	0.6957	1,2,4,5,7,12,20,21,26,29,30,31,33,39,42,47,51,55,57,59,62,66,67,70,71,72,73,74,75,78,79,80,81,85,86,87,88,92,94,97,98,101,104,107	ء ت ي ء ل ي ء ي ي ج ي ء ر ز ق ع ط و ع م ي ف ض ل ن ب ء ن ص ر ن ف ل ي د ي	kw:gift(88.2711); kw:donation(61.531); kw:benefaction(58.2873); kw:bounty(57.219); kw:grant(56.2768); kw:transfer(51.0335); kw:presentation(49.5059); kw:arrival(49.3724)	ء ت ي:B001:الإتيان والمجيء → ج ي ء:B001:المجيء والحصول
C419	0.7145	provision / sustenance / ration / survival	57	14	15	16	0.06061191	0.1538	1.0	0.8125	3,5,11,12,13,14,15,17,18,19,20,23,25,27,28,30,31,32,33,34,36,37,38,42,44,49,50,51,52,53,57,58,62,65,66,67,70,71,72,74,76,78,81,83,85,87,88,91,93,95,96,97,98,100,103,108,111	ب ل غ ب ي ت ج م ع ح س ب ر ز ق ز ج و ش ك ر ع د د ق ت ر ق ل ل ك ف ي ك و ن ي س ر ي و م	kw:provision(68.0039); kw:sustenance(67.4691); kw:ration(62.7642); kw:survival(59.6098); kw:sufficiency(54.2007); kw:poverty(47.5872); kw:livelihood(38.2751); kw:frugality(35.7766)	ك ف ي:B001:القيام بالأمر حتى تحصل الكِفاية → ب ل غ:B003:الكفاية التي يتبلغ بها
C420	0.7145	tool / blow / stick / sword	61	13	14	14	0.05872336	0.1556	1.0	0.7857	1,4,5,7,8,16,23,24,28,29,31,35,38,39,40,42,43,47,48,49,50,51,53,56,57,58,59,60,61,62,63,64,67,69,73,74,78,80,81,84,85,86,88,89,90,92,93,94,95,96,97,98,99,100,101,102,104,107,108,110,111	ء ل ي ء و ل ذ ل ل س ط ر س ق ط ص م م ض ر ب ع و د غ ر ر ق و ل ك ر ه م ث ل م ل ق	kw:tool(52.9999); kw:blow(51.0335); kw:stick(43.4363); kw:sword(39.0107); kw:impact(38.5105); kw:wood(37.9386); kw:force(33.4095); kw:incense(31.7301)	ع و د:B010:عود من خشب وطيب وآلة → ء ل ي:B014:الألوة عود البخور
C421	0.7143	prevention / prohibition / interdiction / restriction	19	14	17	43	0.05987207	0.3233	0.907	0.5581	1,8,16,20,26,29,33,39,45,48,50,59,64,69,81,85,94,104,105	ج ل ب ح ج ب ح ج ر ح د د ح ر م ح ص ر ح ظ ر ح ق ق ح ك م ر و ح ض ر ب ل ف ف م ن ع ي د ي	kw:prevention(116.6451); kw:prohibition(74.9722); kw:interdiction(68.3094); kw:restriction(64.2228); kw:protection(49.7385); kw:access(49.2484); kw:honor(45.8825); kw:right(41.9894)	ح ظ ر:B002:منع وحجر عن الإباحة → ح ج ر:B001:المنع والإحاطة
C422	0.7143	psychology / secrecy / cognition_perception/cognition / admiration	59	11	12	11	0.05463672	0.1692	1.0	0.8182	4,7,8,9,12,14,15,16,18,21,23,24,25,28,29,30,31,33,36,40,42,43,44,46,47,49,50,51,53,54,56,60,61,62,63,70,74,80,81,84,85,86,87,88,90,91,93,94,95,96,98,100,101,102,104,107,108,110,111	ج ن ن ح ص ر خ ف ت ش ي ء ط ي ب غ ل ل ق و ف ق و ل ك ب ر ك ن ن ن ف س	kw:psychology(66.8191); kw:secrecy(64.1841); theme:cognition_perception/cognition(37.4564); kw:admiration(31.0619); kw:thought(30.4895); kw:cognition(29.5665); kw:mind(28.1384); kw:privacy(27.4588)	ن ف س:B013:ما في النفس من عقل وروع → ق و ل:B012:قول في النفس لم يظهر
C423	0.7142	family / honor / ancestry / lineage	49	17	17	25	0.06304542	0.1838	0.96	0.72	1,4,7,8,9,11,12,13,14,17,20,21,22,23,24,26,28,29,31,32,33,34,36,38,40,41,43,46,49,51,52,54,56,57,60,64,66,67,71,82,84,87,89,97,98,100,104,110,111	ب ع د ج د د ح ر م ح س ب د ب ر د ع و ذ ك ر ر ح م س ن و ع ظ م ع ل و ق ر ب ق ع د ك ب ر ك ل ل و ل د و ل ي	kw:family(102.6983); kw:honor(91.765); kw:ancestry(86.8727); kw:lineage(86.6844); kw:nobility(77.0209); kw:reputation(60.2637); kw:kinship(57.145); kw:hierarchy(54.3259)	ع ل و:B002:الرفعة والشرف → س ن و:B003:السَّناء والرفعة
C424	0.7142	length / dimension / orientation / geometry	50	14	14	14	0.06088111	0.1538	1.0	0.8571	6,7,16,20,23,24,28,29,30,37,40,42,43,46,47,49,50,51,53,56,58,60,61,62,63,67,68,77,80,81,83,84,85,88,90,92,93,94,95,96,97,98,100,101,102,104,107,108,110,111	ب س ط ج ب ل ج ن ب د ب ر س ع ر ض ر ر ط و ل ظ ه ر ع د و ع ر ض ق ب ل ق و ل م د د و ج ه	kw:length(49.8887); kw:dimension(48.1671); kw:orientation(42.9968); kw:geometry(36.9363); kw:definition(36.9273); kw:extension(36.578); kw:edge(34.5965); kw:side(33.6183)	ع ر ض:B001:العرض خلاف الطول والجانب → ط و ل:B001:الطُّول والامتداد
C425	0.714	prevention / access / diversion / repulsion	27	16	17	48	0.05807426	0.3556	0.8542	0.4792	6,7,10,15,33,39,41,45,46,47,50,54,57,58,59,60,64,69,71,82,85,89,94,97,99,102,104	ث ب ر ج ل ب ح ج ب ح ج ر ح ك م ر د د ر و ح ش ج ر ص ر ف ظ ل م ع ذ ب ف ت ل ق ل ب ل ف ف م ن ع و ج ه	kw:prevention(116.6451); kw:access(73.8725); kw:diversion(67.4691); kw:repulsion(43.1696); kw:right(41.9894); theme:condition_force_change/control_restraint(40.9884); kw:return(35.9982); kw:justice(33.6716)	ر د د:B002:صرف الشيء ودفعه ومنعه → ص ر ف:B001:رجع وصرف عن وجه
C426	0.7139	replacement / substitution / governance / law_governance/authority_governance	66	12	16	18	0.05945683	0.1579	1.0	0.7222	3,5,7,9,10,11,13,14,15,17,18,19,20,21,22,23,25,27,29,30,31,32,33,34,35,36,38,39,42,44,45,46,49,50,51,53,57,58,62,63,65,66,67,69,71,72,76,77,78,79,81,83,87,88,91,92,93,95,96,97,98,100,104,107,108,111	ء خ ر ء م م ب ع د ج ز ي خ ل ف ق ب ل ق ع د ق و م ك ف ي ك ل و ك و ن و ل ي	kw:replacement(74.9722); kw:substitution(61.531); kw:governance(45.0396); theme:law_governance/authority_governance(37.9085); kw:succession(37.7243); kw:sequence(35.2565); kw:surveillance(31.3821); kw:position(30.7655)	ق و م:B007:نيابة وقيام مقام غيره → خ ل ف:B001:شيء يأتي بعد شيء ويقوم مقامه
C427	0.7139	lip / hole / cleft / speech	30	11	12	14	0.0571873	0.2154	1.0	0.9286	4,7,12,25,26,32,34,35,36,37,42,43,46,47,48,54,55,56,66,67,70,72,82,84,85,88,102,107,109,110	ب ح ر خ ر ر خ ر ق س ب ل ش ف ي ظ ه ر ع ل م ع ل و ق ل ب ك ش ف و ف ي	kw:lip(57.219); kw:hole(29.1436); kw:cleft(28.7797); kw:speech(28.1525); kw:hair(24.2151); kw:mouth(23.7439); kw:morphology(22.668); kw:appearance(21.5552)	خ ر ق:B001:الشَّق والثقب والقطعة → خ ر ر:B004:الشق أو الثقب النافذ
C428	0.7137	covenant / protection / sanctity / honor	54	15	17	31	0.05805614	0.2331	0.871	0.6452	1,2,8,9,12,13,15,16,17,18,20,22,23,24,25,26,27,28,30,33,34,35,38,39,40,41,46,49,54,55,57,58,60,62,63,65,66,78,79,80,81,84,85,87,88,93,94,97,98,100,102,105,107,108	ت ل و ح ر م ح ق ق ح و ط ذ ك ر ذ م م ر ب ب ظ ه ر ع ظ م ع ه د ق و م ك ل و م س ك ه د ي و ف ر	kw:covenant(82.7573); kw:protection(79.5815); kw:sanctity(77.6548); kw:honor(68.8237); kw:treaty(51.232); kw:care(49.6264); kw:security(48.3198); theme:conflict_security/protection_security(46.3528)	ح ر م:B006:الحرمة والذمة والحق → ذ م م:B002:حرمة العهد والذمام
C429	0.7135	offspring / mother / family / kinship	57	14	17	25	0.05623114	0.1894	1.0	0.72	2,4,6,7,8,11,12,14,15,16,17,18,20,23,24,25,26,27,28,29,30,31,33,38,39,40,44,46,47,49,54,55,57,60,63,64,65,66,69,70,71,76,79,80,84,85,87,92,93,98,100,101,102,103,104,108,111	ء م ر ء م م ب ن ي ت ب ع ج د د ح س ر ر ب ب س ق ط ع ج ل غ ف ر ف ز ز ن ف س ن ف ل و ل د	kw:offspring(87.0738); kw:mother(60.9791); kw:family(57.0546); kw:kinship(47.6209); kw:calf(42.434); kw:reproduction(40.7946); kw:livestock(38.1273); kw:descent(36.4065)	ع ج ل:B002:ولد البقرة → ف ز ز:B003:ولد البقرة الخفيف
C430	0.7135	sustenance / drink / food / nourishment	50	14	14	12	0.05824559	0.1319	1.0	1.0	4,7,8,10,12,13,14,15,17,20,23,24,25,27,28,30,31,33,38,39,40,46,47,51,54,55,56,57,58,60,61,65,66,70,75,78,79,80,84,85,87,92,93,95,100,101,102,107,108,111	ب ي ت ت ل و ذ و ق ر ب ب ر ز ق س ح ر ع ذ ب غ س ق ق ت ل ل ق ي م ر ر م س ك م ل ك ن ف س	kw:sustenance(67.4691); kw:drink(66.1686); kw:food(62.377); kw:nourishment(51.5089); kw:survival(47.6879); kw:mixture(37.2198); kw:flavor(31.7301); kw:experience(28.9576)	م ر ر:B003:المرارة ضد الحلاوة → ع ذ ب:B001:العذوبة والطيب في الماء والمطعوم
C431	0.7132	knowledge / cognition_perception/knowledge_learning / report / wisdom	40	13	16	26	0.05668301	0.2241	1.0	0.7692	1,8,12,14,17,20,23,24,25,27,28,30,31,33,36,38,39,40,44,46,47,54,55,57,59,60,65,66,78,79,80,84,85,87,93,96,100,102,107,108	ء ذ ن ب ص ر ح س ب ح ك م خ ب ر خ ش ي ر ب ب س ر ف س م ع ش ه د ع ل م ف ق ه ن ب ء	kw:knowledge(179.2974); theme:cognition_perception/knowledge_learning(98.2939); kw:report(58.2873); kw:wisdom(43.7155); kw:epistemology(41.5754); kw:evidence(40.6505); kw:testimony(39.8493); kw:jurisprudence(35.7766)	خ ب ر:B001:العلم بالخبر وباطن الأمر → ن ب ء:B002:الخبر الآتي المبلَّغ
C432	0.7131	excess / transgression / rebellion / emotion_ethics/ethics_morality	22	13	15	32	0.05913543	0.3107	0.9375	0.5625	3,12,23,28,31,32,33,38,41,42,48,53,57,60,64,66,70,82,89,97,109,110	ب غ ي ب ك ي ح م ل خ ط ء ز ي د س ر ف ص ر ف ط غ و ط غ ي ط و ع ع د و ع ن د ف ح ش	kw:excess(77.5108); kw:transgression(69.6314); kw:rebellion(46.5929); theme:emotion_ethics/ethics_morality(46.0708); kw:aggression(44.0082); kw:oppression(43.1696); kw:limit(40.3171); kw:disobedience(32.1114)	ب غ ي:B003:تجاوز الحد بالعدوان والظلم → ع د و:B001:مجاوزة الحد والظلم
C433	0.7131	family / kinship / lineage / kinship_society/social_relations	31	12	13	16	0.06149777	0.2078	1.0	0.875	1,2,4,6,8,12,24,26,28,29,32,33,34,40,45,51,53,54,57,66,67,68,70,82,83,87,96,100,101,104,110	ب ر ر ب ن ي ب ي ن ح ر م ر ح م ف ص ل ق ر ب م س س م س ك ن ز غ و س ل ي د ي	kw:family(91.2873); kw:kinship(66.6692); kw:lineage(54.1778); theme:kinship_society/social_relations(53.4545); kw:proximity(48.2109); kw:relation(34.4119); kw:relative(33.5381); kw:bond(30.4895)	ر ح م:B002:الرَّحِم والقرابة → ق ر ب:B003:قرابة الرحم والنسب
C434	0.713	place / toponym / name / space_form_boundary/place_location	36	13	13	18	0.05229904	0.2308	1.0	0.7778	1,2,4,6,8,9,12,18,22,25,26,27,28,29,33,39,40,43,44,45,46,49,51,60,65,70,80,88,90,91,93,98,99,101,104,108	ب ذ ر ب ن ي ج د د ج ع ل ج ن ن س ب ح س ت ر س ل ط ص د ر ص ل ح ن ب ع ن خ ل ي س ر	kw:place(92.7771); kw:toponym(83.2777); kw:name(54.3259); theme:space_form_boundary/place_location(48.7113); kw:toponymy(42.9143); kw:locality(42.2076); theme:language_communication/naming_classification(41.9241); kw:location(41.1882)	ج د د:B014:مواضع مسماة → ن ب ع:B005:أسماء المواضع
C435	0.713	vision / eye / body_health_life/disease_injury / pustule	40	13	13	15	0.06022955	0.1923	0.9333	0.8667	1,8,9,11,13,16,18,19,21,22,23,27,35,48,53,57,58,60,62,67,68,69,70,71,76,78,79,80,83,88,89,91,94,97,98,99,100,103,106,110	ء ن س ج ه ر ح ذ ر ح ص ب خ ر ج ذ م م ر ء ي ر و د ع ن ب ق و م ك ر م ك ف ر ن ظ ر	kw:vision(70.2371); kw:eye(59.8663); theme:body_health_life/disease_injury(49.9557); kw:pustule(48.1671); kw:eruption(45.3471); kw:perception(38.0967); kw:blister(35.7766); kw:fruit(34.8519)	ء ن س:B005:إنسان العين وصورة الإنسان في السواد → ن ظ ر:B008:العين وموضع النظر فيها
C436	0.7128	creation / production / calculation / origination	34	11	13	16	0.06614468	0.2105	1.0	0.75	2,4,5,6,8,9,12,18,22,23,29,30,33,37,39,45,46,49,51,60,61,68,69,70,75,77,80,81,84,86,97,98,99,108	ب ط ل ج ب ل ج ع ل خ ل ق ع م ل ف ط ر ف ع ل ق د ر ق ض ي و ج د و ح د	kw:creation(124.136); kw:production(72.8591); kw:calculation(47.5952); kw:origination(47.5952); kw:ontology(42.9143); kw:planning(41.9894); theme:condition_force_change/agency_action(41.2049); kw:making(34.884)	خ ل ق:B002:إبداع الخلق وإيجاده → ف ط ر:B002:إيجاد وابتداء
C437	0.7127	body_health_life/reproduction_birth / pregnancy / reproduction / womb	44	15	16	29	0.05807391	0.2437	0.931	0.6207	1,8,9,14,23,24,26,28,29,30,31,32,33,34,41,45,46,51,54,56,57,60,62,64,66,71,75,77,78,82,87,88,89,91,93,97,99,100,102,103,106,107,110,111	ب س ط ت ل و ث ب ر ج م ع ج ن ن ح و ل ر ء ي ر ج و ر ح م ص ل و ق ر ء ق ر ب م و ت و ل د و ل ي	theme:body_health_life/reproduction_birth(156.5174); kw:pregnancy(103.6846); kw:reproduction(91.7878); kw:womb(66.6687); kw:birth(61.873); kw:gestation(56.5787); kw:parturition(47.5952); kw:biology(39.4154)	ق ر ب:B012:دنو الولادة في الحيوان → ر ج و:B005:الحامل تدنو ولادتها
C438	0.7127	circumstance / change / time / condition	27	14	14	23	0.05806919	0.2527	1.0	0.6957	1,5,7,11,13,16,28,29,35,41,51,52,53,56,57,59,67,71,73,75,77,83,85,89,92,99,110	ء م ر ء م م ء و ل ح و ل د ع و د و ر ر ي ب ص ر ف ع د و ع ر ض ع ن ق غ ي ر ك س ف م و ت	kw:circumstance(82.5099); kw:change(63.6014); kw:time(54.0886); kw:condition(53.5428); kw:mortality(43.1677); kw:event(41.1882); kw:fortune(39.7012); kw:history(38.7554)	ص ر ف:B007:صروف الدهر وتقلبه → ر ي ب:B002:صروف الدهر المريبة
C439	0.7127	family / livestock / household / wealth	55	13	13	12	0.06309458	0.1538	0.9167	0.8333	6,8,9,12,13,14,16,17,20,23,24,25,26,27,28,29,30,34,36,37,38,39,40,41,45,46,47,54,55,57,58,60,64,65,66,71,78,79,80,82,83,84,85,87,88,89,93,95,97,100,101,102,104,106,108	ب ي ت ج ل ب ر ب ب س ح ر س ك ن ق ر ء ق ر ي ك ر ر ك ل ل م ش ي م و ل ن ع م و ق ر	kw:family(68.4655); kw:livestock(66.7228); kw:household(59.7372); kw:wealth(53.8167); kw:dependent(47.0731); kw:herd(38.6317); kw:property(32.081); kw:cattle(30.4895)	ق ر ء:B013:القِرَة مال وعيال → ق ر ي:B011:مال وعيال مجتمعون
C440	0.7126	friendship / affection / alliance / emotion_ethics/trust_loyalty	36	10	13	18	0.06229725	0.2432	1.0	0.6667	2,5,8,9,10,15,19,24,27,28,33,40,45,46,54,57,59,66,67,68,69,70,73,80,82,84,87,90,91,93,94,97,100,107,110,111	ء خ و ء م ن ب ر ر خ ل ل ر ح م ص د ق ص ف و ك ذ ب ه د ي و ل ي	kw:friendship(76.9137); kw:affection(57.219); kw:alliance(53.7561); theme:emotion_ethics/trust_loyalty(42.3903); kw:covenant(41.3787); kw:trust(37.4165); kw:brotherhood(36.9273); kw:family(34.2328)	خ ل ل:B003:مودة تتخلل النفس → ص د ق:B005:صدق المودة والصحبة
C441	0.7126	question / report / inquiry / grammar	60	16	17	16	0.06387145	0.1185	1.0	0.875	1,4,7,9,12,14,16,17,20,23,24,28,30,35,38,39,40,41,42,43,47,48,49,50,51,53,55,56,58,59,60,61,62,63,71,72,74,78,80,81,83,84,85,88,89,90,93,94,95,96,98,99,100,101,102,104,107,108,110,111	ء ج ل ء م م ء ي ي ث ب ت ح س ب خ ب ر ذ و و ر ء ي ش ه د ع ل و ع ن د ق و ل م ث ل ن ب ء ن ع م ه ا ء	kw:question(77.6548); kw:report(72.8591); kw:inquiry(70.346); kw:grammar(63.7919); kw:deixis(63.4603); kw:information(60.4627); kw:attention(47.3897); kw:knowledge(44.8244)	ن ع م:B004:الجواب بنعم والتصديق → ء ج ل:B003:جواب التصديق أجل
C442	0.7125	sexuality / marriage / intercourse / modesty	24	13	13	17	0.05999013	0.2179	1.0	0.8824	3,7,19,32,38,45,47,56,59,64,67,70,75,80,82,83,88,93,94,95,102,103,105,106	ج م ع ح ي ي د خ ل ر ج ل س ت ر س و ء ش ك ر ض ر ر ط ي ب ف ح ش م س س م ن ع ن ز ل	kw:sexuality(85.2238); kw:marriage(79.4706); kw:intercourse(64.5923); kw:modesty(53.7561); kw:reproduction(40.7946); kw:consummation(33.004); theme:emotion_ethics/honor_shame(29.7856); kw:chastity(29.7602)	م س س:B002:مماسة النكاح → ج م ع:B006:اتصال الجماع والمجامعة
C443	0.7125	opposition / prohibition / interdiction / restriction	19	11	13	17	0.06595719	0.2237	1.0	0.8824	1,11,16,20,26,27,33,45,50,53,56,59,64,67,76,81,83,94,105	ح ج ب ح ج ر ح د د ح ر م ح ظ ر ح ق ق خ ل ف ش ر ر ش ط ن ض ر ر م ن ع	kw:opposition(67.7508); kw:prohibition(59.9777); kw:interdiction(51.232); kw:restriction(48.1671); kw:conflict(43.2408); kw:resistance(42.9143); kw:dispute(42.6693); kw:exclusion(41.7788)	ح ظ ر:B002:منع وحجر عن الإباحة → ح ج ر:B001:المنع والإحاطة
C444	0.7124	body_health_life/reproduction_birth / womb / reproduction / kinship	49	16	17	33	0.05740653	0.2444	0.9394	0.5455	3,6,8,9,14,15,22,23,24,28,29,30,31,40,41,45,46,52,54,57,59,60,64,66,68,69,70,71,75,77,78,82,87,88,89,91,92,93,94,95,100,101,102,103,105,106,107,110,111	ء ن ث ب س ط ت ل و ج م ع ج ن ن ح م ل ر ح م ر د د ر س ل س ق ط ظ ن ن ف ر ق ق ر ء ق ع د م و ت و ل د	theme:body_health_life/reproduction_birth(144.4776); kw:womb(93.3362); kw:reproduction(81.5892); kw:kinship(76.1934); kw:gestation(70.7234); kw:pregnancy(64.8028); kw:gender(63.4441); kw:fetus(60.4627)	ج ن ن:B007:الجنين المستور في البطن → س ق ط:B004:الولد السِّقط قبل تمامه
C445	0.7123	land_water_sky/water_hydrology / channel / hydrology / flow	33	13	14	18	0.06047513	0.2	1.0	0.8889	2,6,12,17,20,23,26,28,29,30,33,47,49,53,55,59,64,66,67,68,70,71,75,80,83,85,88,91,92,96,98,101,107	ء ت ي ب ح ر ج د د ج ن ب خ ب ر ذ ن ب ر ج ل ع د و ع ر ض غ ل ل م د د ن ص ر ن ه ر	theme:land_water_sky/water_hydrology(110.7952); kw:channel(66.4155); kw:hydrology(64.5801); kw:flow(47.7898); kw:river(43.7155); kw:irrigation(38.3916); kw:edge(34.5965); kw:side(33.6183)	ء ت ي:B004:مجرى الماء وتسليك سبيله → ن ه ر:B001:نهر يشق الأرض بماء جار
C446	0.7122	prevention / access / restriction / prohibition	33	17	17	41	0.06095957	0.3015	0.8049	0.5122	1,4,6,8,12,15,20,23,25,29,33,39,42,44,45,47,50,51,55,57,59,62,67,71,73,74,78,82,86,91,94,99,102	ء ل ي ث ب ر ح ج ب ح ج ر ح د د ح ر م ح ص ر ح ظ ر ح ك م ر د د ز ب ر ظ ل م غ ف ر م ن ع ن ج و ن ه ر و ز ر	kw:prevention(129.6057); kw:access(86.1846); kw:restriction(80.2785); kw:prohibition(74.9722); kw:interdiction(51.232); kw:repulsion(43.1696); kw:denial(42.6693); kw:exclusion(41.7788)	ن ه ر:B004:زجر بكلام مغلظ → ز ب ر:B004:الزجر والانتهار والمنع
C447	0.7122	security / prohibition / protection / prevention	31	15	17	34	0.06121057	0.2537	0.9412	0.6765	1,9,13,15,16,18,20,22,23,26,33,34,35,41,45,46,48,50,58,59,60,62,67,72,78,79,81,88,94,97,105	ح ج ب ح ج ر ح د د ح ر م ح ظ ر ح ق ق ح و ط ذ ك ر ذ م م ض ل ل ظ ه ر ع ه د ق و م ك ل و م ن ع	kw:security(60.3997); kw:prohibition(59.9777); kw:protection(59.6861); kw:prevention(51.8423); kw:interdiction(51.232); kw:care(49.6264); kw:restriction(48.1671); kw:attention(47.3897)	ح ظ ر:B002:منع وحجر عن الإباحة → ح ج ر:B001:المنع والإحاطة
C448	0.7122	knowledge / cognition_perception/knowledge_learning / epistemology / comprehension	52	13	14	14	0.06066441	0.1556	1.0	0.8571	1,4,8,12,17,20,23,24,25,27,28,29,30,31,33,36,38,39,40,42,44,46,47,51,52,54,55,57,59,60,62,63,65,66,67,73,74,78,79,80,84,85,86,87,93,96,98,100,101,102,107,108	ء ل ي ء ي ي ج ز ي ح ك م ح و ط خ ب ر خ ش ي ر ب ب ظ ن ن ع ل م ف ق ه ق ت ل و ح ي	kw:knowledge(134.4731); theme:cognition_perception/knowledge_learning(76.9257); kw:epistemology(55.4339); kw:comprehension(47.0731); kw:religion(32.5067); kw:certainty(31.7301); kw:semantics(31.3821); kw:awareness(29.9889)	ق ت ل:B003:إحاطة علمية كأن الأمر مقهور → ح و ط:B004:تمام الإحاطة علما وإحرازا
C449	0.712	ecology / agriculture / pasture / herb	55	16	16	30	0.05771221	0.25	0.8	0.5333	4,5,7,8,11,12,17,18,20,23,24,25,27,28,30,37,38,39,40,44,46,47,48,51,54,55,57,60,62,63,64,65,66,70,73,76,77,79,80,84,85,87,88,90,91,93,95,96,99,100,102,103,104,106,108	ء ر ض ء ن ث ج ن ن ح ل م خ ب ر خ ل ل ر ب ب ر ج ل س ن ن ط و ع ع ج ل ف ر ق ك ر م م ر ح م ر ر و ف ر	kw:ecology(92.0789); kw:agriculture(65.7257); kw:pasture(57.6608); kw:herb(50.5848); kw:soil(50.4406); kw:plant(50.2216); theme:agriculture_food/plant_vegetation(46.7892); kw:fertility(42.5584)	ء ر ض:B002:الأرض اللينة المنبتة → ء ن ث:B004:الأرض السهلة الخصبة
C450	0.712	generosity / virtue / honor / baseness	24	13	13	18	0.05868364	0.2308	0.9444	0.8889	5,8,11,12,13,14,16,19,22,23,29,35,41,46,62,70,73,76,78,80,90,91,92,108	ح س ب ح ص ر خ ر ج خ ي ر د م ر ذ ك ر س ع ي س ق ط ف ج ر ف ر ي ف ع ل ق ع د ك ر م	kw:generosity(72.9832); kw:virtue(62.3609); kw:honor(57.3531); kw:baseness(44.316); theme:kinship_society/hospitality_welfare(41.5042); theme:emotion_ethics/ethics_morality(39.4893); kw:nobility(38.5105); kw:reputation(36.1582)	ف ع ل:B002:فَعال الخلق → خ ي ر:B005:الكرم والهبة
C451	0.7118	representation / model / similarity / image	11	8	15	30	0.06130658	0.3448	1.0	0.6667	7,21,48,49,64,84,88,89,97,98,99	خ ي ل ر ف ت ش ك ل ض ر ب غ ر ر م ث ل ن ظ ر و ج ه	kw:representation(61.531); kw:model(48.7992); kw:similarity(46.1482); kw:image(45.3471); kw:likeness(42.434); kw:counterpart(41.7788); kw:comparison(38.3916); kw:parable(36.9273)	ض ر ب:B003:تصوير المثل وإظهاره → م ث ل:B003:المثل المضروب
C452	0.7118	judgment / weakness / incapacity / opinion	27	13	14	23	0.05687026	0.2556	1.0	0.7391	1,2,4,7,9,15,16,17,35,36,51,52,54,60,62,65,68,75,84,85,86,94,97,99,101,102,104	ء م ر ب ع د ب ك م ر ء ي ض ع ف ظ ن ن ف ء د ل ف ف ل ي س م ر ر ه د ي و ز ن و ك ل	kw:judgment(74.0181); kw:weakness(68.9456); kw:incapacity(46.5929); kw:opinion(42.434); kw:disability(41.5754); theme:cognition_perception/reasoning_decision(40.5388); kw:helplessness(36.9273); kw:prudence(31.7301)	ء م ر:B008:ضعيف الرأي التابع → ل ي س:B007:الأليس ضعيف الرأي
C453	0.7118	parent / nourishment / family / agriculture_food/food_nutrition	42	9	14	20	0.05528875	0.2381	1.0	0.7	2,4,6,8,12,17,20,23,24,25,26,27,28,30,31,38,39,40,46,54,55,57,60,64,65,66,70,71,75,78,79,80,84,85,87,93,100,101,102,104,108,111	ء م م ب ن ي ر ب ب ر ب و ر ز ق غ س ق ل ف ف م و ت و ل د	kw:parent(48.7992); kw:nourishment(38.6317); kw:family(34.2328); theme:agriculture_food/food_nutrition(32.2668); kw:growth(31.607); theme:kinship_society/family(31.0976); kw:mother(30.4895); kw:education(26.8781)	ر ب ب:B002:إصلاح وتربية وإتمام → ر ب و:B005:تغذية ونشوء
C454	0.7118	selection / preference / choice / excellence	21	11	13	17	0.06380375	0.2237	1.0	0.8824	2,11,13,35,36,40,47,48,63,64,69,72,73,76,80,88,89,91,97,99,111	ء خ ذ ت ب ع خ ر ج خ ي ر خ ي ل ص ف و ع م ي ق ف و ق و ف م ث ل ن خ ل	kw:selection(124.136); kw:preference(72.8591); kw:choice(68.0407); kw:excellence(40.1571); kw:pursuit(37.4165); kw:trail(31.0619); kw:elite(29.7602); kw:merit(29.7602)	ق ف و:B001:اتباع الأثر والتتابع → ت ب ع:B001:التلو والقفو
C455	0.7118	name / place / toponym / locality	25	12	12	17	0.05355326	0.2576	1.0	0.7647	1,7,9,12,13,23,25,26,27,29,34,35,40,43,44,46,49,53,78,90,91,93,98,108,110	ب ذ ر ج د د ح س ن س ب ح ش م س ص ف و ص ل ح ع ن ق ن ب ع ن خ ل ن ه ر و ق ر	kw:name(86.9215); kw:place(82.4685); kw:toponym(59.4841); kw:locality(42.2076); kw:onomastics(42.2076); theme:space_form_boundary/place_location(41.2173); theme:language_communication/naming_classification(38.1128); kw:geography(35.4006)	ج د د:B014:مواضع مسماة → ن ب ع:B005:أسماء المواضع
C456	0.7118	oath / assent / affirmation / deixis	50	12	15	14	0.06310908	0.1373	1.0	0.9286	1,4,5,9,10,12,19,20,22,23,29,33,36,39,41,42,45,47,51,57,59,62,65,67,68,69,70,71,72,73,74,78,82,83,86,88,89,90,92,93,94,96,97,98,99,101,102,107,110,111	ء ج ل ء ل ه ء ل ي ء م م ء م ن ء ي ي ب ء س ك ر م ل ي س ن ع م ه ا ء ي م ن	kw:oath(54.6714); kw:assent(53.6648); kw:affirmation(48.1671); kw:deixis(47.5952); kw:question(46.5929); kw:substitution(46.1482); kw:particle(44.6404); kw:commitment(42.2076)	ب ء س:B004:بئس كلمة ذم → ن ع م:B003:مدح الشيء بنعم
C457	0.7114	tongue / language / expression / speech	51	13	14	15	0.05669483	0.1667	1.0	0.8667	1,5,8,12,16,23,24,28,32,33,34,36,37,40,42,43,44,45,47,49,50,51,53,56,58,60,61,62,63,65,78,80,81,84,85,88,90,93,94,95,96,97,98,100,101,102,104,107,108,110,111	ب ك م ب ل غ ب ي ن ح ص ر ح ل م س ل ط س م ع ش د د ش ه د ف ح ش ف ص ل ق و ل ل ف ف	kw:tongue(90.724); kw:language(80.9189); kw:expression(75.2399); kw:speech(56.3049); kw:rhetoric(47.2927); theme:language_communication/language_speech(45.966); kw:articulation(44.316); kw:communication(43.0941)	ف ص ل:B004:لسان يفصل الأمور بالبيان → ق و ل:B002:اللسان آلة القول
C458	0.7113	calm / fear / conflict_security/protection_security / alarm	29	12	17	30	0.06654261	0.2344	1.0	0.7333	9,10,15,19,23,26,31,45,54,57,59,60,64,68,69,74,75,76,77,82,90,93,94,95,100,103,104,105,107	ء ف ف ء م ن ح ذ ر خ ش ي خ و ف ر س ل ر ك ن س ك ن ط م ء ن ط م ن ف ز ز م و ت	kw:calm(59.9777); kw:fear(48.8874); theme:conflict_security/protection_security(46.3528); kw:alarm(44.6404); kw:emotion(42.878); kw:trust(37.4165); kw:assurance(34.1547); kw:repose(33.5381)	ط م ن:B001:السكون بعد الانزعاج → ط م ء ن:B001:السكون والطمأنينة
C459	0.7113	destruction / ruin / craft_material_built/craft / eradication	51	11	17	21	0.06271642	0.1707	1.0	0.8571	3,5,7,8,11,13,15,16,17,18,19,20,25,27,29,30,31,32,33,34,36,38,42,44,46,49,50,51,53,57,58,60,66,67,69,72,77,78,81,83,87,88,91,93,95,96,98,100,102,108,111	ت ب ر ث ب ر ح د د ح و ط د ب ر د م ر س ن ن ع ن ق ع و د ك و ن ه ل ك	kw:destruction(95.9952); kw:ruin(48.8874); theme:craft_material_built/craft(40.4817); kw:eradication(34.1547); kw:loss(33.6183); kw:sharpening(33.5381); kw:mourning(31.3821); kw:antiquity(30.2314)	ه ل ك:B001:السقوط إلى الهلاك والفناء → ث ب ر:B002:الهلاك والثبور
C460	0.7112	circumstance / condition / governance / case	57	13	13	14	0.05905716	0.1795	1.0	0.6429	1,4,5,7,9,12,13,16,21,23,24,28,31,35,40,42,43,47,49,50,51,53,56,58,59,60,61,62,63,66,71,75,77,78,79,80,81,84,85,87,88,90,93,94,95,96,97,98,100,101,102,103,104,107,108,110,111	ء م ر ء م م ء و ل ج م ع ح و ل ز ج و ف ص ل ق ض ي ق و ل ق و م ك ب ر م و ت و ج ه	kw:circumstance(82.5099); kw:condition(53.5428); kw:governance(45.0396); kw:case(31.0619); theme:law_governance/authority_governance(30.3268); kw:commitment(28.1384); kw:resolve(27.2163); kw:decision(26.8781)	ف ص ل:B004:لسان يفصل الأمور بالبيان → ق و ل:B002:اللسان آلة القول
C461	0.711	elevation / terrain / ground / geography	26	17	17	34	0.06360159	0.25	0.9706	0.6471	4,7,24,29,30,38,43,44,47,49,55,57,59,60,62,67,88,92,93,95,97,98,99,102,109,110	ب س ط ج د د ج ه ر ح ذ ر ح ن ك خ ش ع ر ب و س م و ص م م ط غ و ط غ ي ظ ه ر ع ل و ك ر ه ن ب و ن ج و ن و ق	kw:elevation(141.5908); kw:terrain(97.1272); kw:ground(71.3809); kw:geography(70.8011); kw:earth(56.957); kw:surface(56.1193); kw:height(49.3724); kw:hill(48.1671)	ط غ ي:B005:الطغية الصفاة الملساء → ط غ و:B006:الطغية الصفاة أو الموضع المرتفع
C462	0.7109	conflict_security/protection_security / fear / calm / alarm	28	14	17	31	0.06612917	0.2331	1.0	0.6774	5,9,10,15,19,26,31,34,37,45,54,57,59,60,68,69,74,77,82,90,93,94,95,100,104,105,106,107	ء م ن ب ء س ح ذ ر خ ر ق خ ش ي خ و ف ر س ل ر ك ن س ك ن ط م ء ن ط م ن ع ه د ف ر ق ن ذ ر	theme:conflict_security/protection_security(65.6665); kw:fear(61.1092); kw:calm(59.9777); kw:alarm(44.6404); kw:safety(42.434); kw:trust(37.4165); kw:security(36.2398); kw:danger(35.8423)	ط م ن:B001:السكون بعد الانزعاج → ط م ء ن:B001:السكون والطمأنينة
C463	0.7109	body_health_life/reproduction_birth / birth / reproduction / womb	36	13	15	28	0.05828876	0.2745	0.9286	0.6071	1,7,8,10,13,14,15,18,22,23,24,25,28,31,33,54,56,57,58,64,66,68,76,77,78,80,82,87,88,91,92,96,100,107,110,111	ج ن ن ح ص ب ح و ل خ ر ج ذ م م ر ح م س ق ط ش ه د ع ذ ب ق ب ل م س ك ن ف س و ل د	theme:body_health_life/reproduction_birth(116.3847); kw:birth(86.6222); kw:reproduction(61.1919); kw:womb(53.335); kw:eruption(45.3471); kw:membrane(44.316); kw:afterbirth(35.7766); kw:uterus(34.884)	ج ن ن:B007:الجنين المستور في البطن → س ق ط:B004:الولد السِّقط قبل تمامه
C464	0.7109	family / covenant / inheritance / treaty	59	13	17	23	0.06228356	0.1756	0.9565	0.6957	1,4,8,12,13,17,18,20,22,23,24,25,26,27,28,29,30,31,32,33,34,36,38,39,40,42,46,47,51,54,55,57,60,62,64,65,66,67,71,73,74,75,78,79,80,82,84,85,86,87,89,93,97,100,102,104,108,110,111	ء ل ي ب ع د ح ر م ذ م م ر ب ب ر ح م ع ه د ق ر ب ك ل ل ن ص ر ن ف ل و ل د و ل ي	kw:family(79.8764); kw:covenant(68.9644); kw:inheritance(52.7421); kw:treaty(51.232); kw:lineage(43.3422); kw:pledge(42.2076); theme:emotion_ethics/trust_loyalty(37.6802); kw:genealogy(36.9363)	ح ر م:B006:الحرمة والذمة والحق → ذ م م:B002:حرمة العهد والذمام
C465	0.7108	rain / fertility / land / ecology	35	16	16	33	0.05825285	0.275	0.9697	0.4848	2,12,16,17,23,26,30,31,32,33,34,37,42,46,48,55,58,59,62,64,70,71,72,75,80,84,85,88,92,97,101,107,109,110,111	ء ت ي ج ل ب ح ي ي خ ش ع خ ط ء ر ز ق س ب ل ع م ي ع ه د ك ر م م ح و م ر ح م و ت ن ص ر ه ل ك و ل ي	kw:rain(106.6268); kw:fertility(74.4772); kw:land(56.957); kw:ecology(51.155); kw:weather(47.4318); kw:precipitation(44.6404); kw:shower(43.7155); kw:renewal(40.8244)	و ل ي:B010:مطر يلي الوسمي → ع ه د:B007:مطر يتعاهد الأرض بعد بلل أو في أوائل الوسمي
C466	0.7108	burden / transport / load / back	30	11	14	20	0.06280973	0.2353	1.0	0.8	1,3,4,7,8,15,16,26,33,43,46,51,52,54,56,59,62,68,69,70,74,76,77,81,85,88,93,94,95,105	ح ص ر ح ق ق ح م ل ح و ل ر ء س ر س ل ظ ه ر ع ل و ق ل ل و ز ر و ق ر	kw:burden(117.2905); kw:transport(71.0942); kw:load(69.6314); kw:back(50.0232); kw:travel(44.1154); kw:labor(41.6517); kw:weight(40.0012); kw:guilt(30.4895)	ح م ل:B003:تحمّل الأمانة والوزر → و ز ر:B002:الوزر الحمل الثقيل
C467	0.7107	concealment / protection / veil / shield	27	12	17	34	0.06525574	0.2656	0.9412	0.6765	1,8,12,17,25,27,30,36,44,45,46,52,56,59,64,67,68,69,83,88,89,91,92,96,98,99,102	ب ص ر ج ل ب ج ن ب ج ن ن ج و ب ح ج ب ح ص ر ز ع م س ت ر غ ف ر ك ف ر ك ن ن	kw:concealment(131.1095); kw:protection(89.5292); kw:veil(84.4151); kw:shield(77.6548); kw:screen(71.9494); kw:covering(57.8714); kw:armor(55.7051); kw:refuge(52.9349)	ب ص ر:B005:بصيرة السلاح → ز ع م:B005:سلاح أو درع يسمى زعامة
C468	0.7107	aesthetics / beauty / coquetry / appearance	34	12	13	18	0.05903613	0.2338	0.9444	0.7778	1,2,4,6,9,15,16,17,21,26,31,33,40,48,49,51,58,60,61,62,70,71,78,84,93,94,96,97,98,99,101,104,105,110	ء م م ب ش ر ب ن ي ج ه ر خ ل ق ر ء ي ش ك ل ش ه د ق ت ل ن ظ ر ه د ي ه ل ك	kw:aesthetics(63.6014); kw:beauty(57.3531); kw:coquetry(51.232); kw:appearance(43.1103); kw:form(39.4154); kw:expression(37.6199); kw:sway(32.5328); kw:reflection(31.7301)	ر ء ي:B006:مرأى ومنظر ومرآة → ن ظ ر:B004:ظهور الشيء للناظر أو حسن مرآه
C469	0.7105	magic / bead / diversion / amulet	20	8	9	9	0.05533321	0.2571	1.0	0.8889	1,2,12,40,41,43,44,46,47,58,71,73,77,89,92,93,101,107,108,111	ء خ ذ س ب ح س ح ر ص ر ف ف ت ل ف ص ل ق ب ل ق ل ب	kw:magic(101.3515); kw:bead(56.5787); kw:diversion(40.4815); kw:amulet(32.5328); kw:string(30.7655); theme:craft_material_built/ornament_beauty(30.1999); kw:charm(29.9889); kw:heart(24.8782)	ص ر ف:B009:خرزة تصرف القلب → ق ب ل:B016:خرزة تقبل وجها إلى وجه
C470	0.7104	tribe / clan / lineage / group	53	17	17	24	0.06075844	0.1765	0.875	0.7917	3,6,8,9,12,13,16,17,19,20,23,24,25,27,28,29,30,35,38,39,40,41,46,50,54,55,57,58,60,62,65,66,71,75,77,78,79,80,82,84,85,87,88,91,92,93,97,100,102,103,107,108,110	ء م ر ء م م ء ن ث ب ي ت ج م ع ح ج ر ح ي ي ر ب ب ر ب و ر ح م ش ك ر ع ن ق ف ص ل ق ب ل ق و م ن ف ر ن ه ر	kw:tribe(130.8649); kw:clan(105.1077); kw:lineage(86.6844); kw:group(60.6775); kw:community(56.209); kw:genealogy(49.2484); kw:name(43.4607); kw:society(41.5571)	ق ب ل:B009:جماعة يقبل بعضها على بعض → ح ي ي:B010:الحي جماعة النسب والقبيلة
C471	0.7102	impact / strike / blow / punishment	17	10	10	10	0.05659876	0.2222	1.0	1.0	5,7,10,15,31,48,54,57,58,64,92,97,104,106,107,108,109	ء ل م ذ ق ن س ق ط ص م م ض ر ب ع ذ ب ف ر ق م ل ق و ج ه و ع د	kw:impact(77.0209); kw:strike(66.9285); kw:blow(63.7919); kw:punishment(46.3827); kw:force(44.5461); kw:injury(32.5509); kw:torment(32.5328); kw:sanction(32.5328)	ع ذ ب:B005:العذاب إيلام وعقوبة → ء ل م:B002:الإيلام والوصف بالموجع
C472	0.7101	proverb / representation / similarity / likeness	17	9	15	28	0.06059844	0.3146	1.0	0.6786	1,8,12,13,21,27,48,49,59,67,69,84,88,89,98,99,101	ء ي ي ر ف ت ش ك ل ض ر ب ط ي ر ك ف ر م ث ل ن ظ ر ن و ق	kw:proverb(54.2007); kw:representation(46.1482); kw:similarity(46.1482); kw:likeness(42.434); kw:counterpart(41.7788); kw:comparison(38.3916); kw:parable(36.9273); kw:teaching(35.7766)	ض ر ب:B003:تصوير المثل وإظهاره → م ث ل:B003:المثل المضروب
C473	0.7101	sanctity / protection / covenant / honor	44	11	15	26	0.05923075	0.2653	0.8846	0.6154	1,3,8,12,16,17,18,20,22,23,24,25,26,27,28,30,33,34,38,39,40,46,49,54,55,57,60,63,65,66,70,79,80,81,84,85,87,93,98,100,102,105,107,108	ء خ و ت ل و ح ر م ح ق ق ح م ل ح و ط ذ م م ر ب ب ع ظ م ع ه د و ف ر	kw:sanctity(77.6548); kw:protection(69.6338); kw:covenant(68.9644); kw:honor(68.8237); kw:pledge(56.2768); kw:treaty(51.232); kw:guarantee(46.1482); kw:liability(39.2775)	ح ر م:B006:الحرمة والذمة والحق → ذ م م:B002:حرمة العهد والذمام
C474	0.7101	well / water / hydrology / infrastructure	27	14	14	21	0.05634887	0.2308	1.0	0.8095	12,13,18,22,23,25,29,36,42,46,47,49,54,55,64,66,67,70,74,84,85,91,98,100,102,107,110	ب ح ر ج د د ج ه ر ذ م م ر ج ل ر ك ن ز ب ر ط ي ر ع ر ش ع ل م ق ع د ق ل ب م س ك ن ه ر	kw:well(137.5637); kw:water(59.3161); kw:hydrology(43.0534); kw:infrastructure(39.8493); theme:land_water_sky/water_hydrology(36.9317); kw:resource(36.0777); kw:rodent(34.1547); kw:river(29.1436)	ع ل م:B005:ماء كثير مجتمع في عيلم → ب ح ر:B001:الماء الواسع الكثير
C475	0.71	prevention / access / restriction / condition_force_change/control_restraint	27	17	17	53	0.05791506	0.3897	0.8113	0.4528	1,6,8,10,15,20,33,39,45,47,48,50,54,57,58,59,64,69,71,76,82,94,97,99,102,103,104	ب ك م ث ب ر ج ل ب ح ج ب ح ج ر ح ر م ح ص ر ح ظ ر ح ك م ر د د ض ر ب ظ ل م ع ذ ب ف ز ز ق ص ف ل ف ف م ن ع	kw:prevention(142.5663); kw:access(73.8725); kw:restriction(64.2228); theme:condition_force_change/control_restraint(47.8198); kw:abstention(45.7343); kw:prohibition(44.9833); kw:restraint(43.7032); kw:repulsion(43.1696)	ح ظ ر:B002:منع وحجر عن الإباحة → ح ج ر:B001:المنع والإحاطة
C476	0.71	body_health_life/reproduction_birth / pregnancy / reproduction / birth	50	15	17	30	0.05642709	0.2256	0.9667	0.6333	1,8,9,11,14,16,18,23,24,26,28,29,30,31,32,33,34,41,45,46,51,52,54,56,57,59,60,62,64,66,71,76,77,78,81,82,87,88,89,93,99,100,101,102,103,105,106,107,110,111	ب س ط ت ل و ج م ع ح ق ق ح و ل خ ل ف ر ء ي ر ج و ر ح م ظ ن ن ع ج ل ق ر ء ق ر ب ن و ق و ل د	theme:body_health_life/reproduction_birth(144.4776); kw:pregnancy(103.6846); kw:reproduction(91.7878); kw:birth(61.873); kw:gestation(56.5787); kw:camel(55.6001); kw:womb(53.335); kw:fertility(53.198)	ق ر ب:B012:دنو الولادة في الحيوان → ر ج و:B005:الحامل تدنو ولادتها
C477	0.7099	eye / vision / sight / cognition_perception/perception	41	15	17	31	0.06101244	0.2331	0.9032	0.7097	1,9,11,12,13,16,17,18,19,21,30,35,36,37,45,48,53,57,58,59,60,62,67,69,71,72,73,78,79,83,88,89,94,96,97,99,100,102,103,106,110	ء ن س ب ص ر ج ه ر ح ج ب ح ذ ر ر ء ي ر و د ظ ه ر ع م ي غ ر ق غ س ق ف ر ي ق و م م ر ح ن ظ ر	kw:eye(131.7058); kw:vision(117.0619); kw:sight(85.3387); theme:cognition_perception/perception(49.4142); kw:perception(38.0967); kw:irritation(32.1114); kw:pupil(31.7301); kw:reflection(31.7301)	ر ء ي:B001:رؤية العين والبصيرة → ب ص ر:B001:إبصار العين
C478	0.7099	victory / compulsion / coercion / power	52	11	11	13	0.05129721	0.2364	0.9231	0.6154	7,12,15,16,18,20,23,24,28,30,37,38,40,42,43,44,46,47,49,50,51,53,54,56,60,61,62,63,64,74,80,81,84,85,86,88,90,93,94,95,96,97,98,100,101,102,103,104,107,108,110,111	ج ب ل ج م ع ر ج ل ش ي ء ط ي ن ع ط و ق ل ب ق و ل ك ر ه و ج ه و ز ر	kw:victory(55.4339); kw:compulsion(44.316); kw:coercion(37.0293); kw:power(32.7774); kw:creation(27.5858); kw:dominance(27.2163); kw:alliance(26.8781); kw:strike(26.7714)	ش ي ء:B003:حمل الشيء إلى الأمر → ج ب ل:B010:حمل على أمر
C479	0.7098	hydrology / water / resource / land_water_sky/water_hydrology	53	13	15	23	0.06003741	0.2255	0.9565	0.5652	4,6,7,8,10,12,15,17,20,23,24,25,26,27,28,30,33,36,38,39,40,43,46,47,51,54,55,56,57,58,59,60,61,65,66,67,70,71,79,80,82,84,85,87,92,93,95,99,100,102,107,108,111	ب ح ر ب ذ ر ر ب ب ط غ و ط غ ي ظ ل م ع د د ع ذ ب ع ل م ع ل و م د د م ر ر م ل ك	kw:hydrology(64.5801); kw:water(59.3161); kw:resource(48.1035); theme:land_water_sky/water_hydrology(48.0113); kw:flood(45.3471); kw:sea(42.6693); kw:abundance(41.1892); kw:nature(34.6593)	ط غ ي:B002:علو الماء والقوة الجارفة → ط غ و:B002:طغيان الماء وما يجري مجراه
C480	0.7097	milk / udder / yield / fertility	37	17	17	36	0.05422712	0.2647	0.9444	0.5833	1,3,6,8,11,13,15,19,29,40,41,49,51,52,54,56,57,59,60,62,64,67,68,69,71,74,77,79,89,93,94,95,98,99,103,105,110	ب ر ك ج د د ج ل ب د ع و ر ء ي ر د د ر س ل ر ك ن ش ك ر ص ر ف ص ف و ع س ي ع ن ق غ ر ر غ ر ق ف ط ر ك ذ ب	kw:milk(114.9093); kw:udder(92.636); kw:yield(60.9791); kw:fertility(53.198); kw:abundance(51.4865); kw:dairy(48.8874); kw:lactation(42.6693); kw:cessation(38.8817)	ع س ي:B006:رجاء عودة اللبن → ج د د:B011:انقطاع ماء أو لبن
C481	0.7097	horse / gallop / running / sport	24	13	15	33	0.05324844	0.3204	0.9091	0.5758	10,12,19,23,26,28,32,34,35,37,42,47,51,53,56,57,64,66,67,69,83,85,92,110	ب غ ي ب ل غ خ ي ل ر ج ل ر و ح س ع ي س ق ط ض ر ر ع ت د ع د و ع ر ض ق ر ب ك ي ل	kw:horse(104.1685); kw:gallop(44.0082); kw:running(41.0035); kw:sport(41.0035); kw:mount(39.5566); kw:pursuit(37.4165); kw:gait(36.9363); kw:locomotion(35.7659)	ق ر ب:B014:تقريب الفرس في العدو → ع د و:B002:العَدْو والحَضْر
C482	0.7096	hydrology / land_water_sky/water_hydrology / basin / reservoir	49	16	17	33	0.05996446	0.2444	0.9091	0.5152	1,6,8,12,16,17,18,20,22,23,24,25,27,28,29,30,36,38,39,40,46,47,49,51,54,55,57,58,60,61,65,66,67,68,70,79,80,84,85,87,93,95,96,98,99,100,102,107,108	ء ج ل ب ح ر ب ر ك ج د د خ ب ر خ س ف خ ل ق ذ م م ر ب ب ط م ن ع د د ع ل م غ ل ل ق ر ي ك ر ر م ح و	kw:hydrology(107.6334); theme:land_water_sky/water_hydrology(77.5566); kw:basin(76.0974); kw:reservoir(74.9722); kw:pool(71.5238); kw:storage(54.3259); kw:well(50.0232); kw:resource(48.1035)	ر ب ب:B013:ماء رَبَب كثير → ع ل م:B005:ماء كثير مجتمع في عيلم
C483	0.7096	abundance / wealth / hydrology / economy	65	17	17	23	0.06191852	0.1691	0.8696	0.6522	6,8,12,16,17,20,23,24,25,26,27,28,30,31,34,36,37,38,39,40,42,43,46,47,49,50,51,53,54,55,56,57,60,61,62,63,64,65,66,67,68,70,79,80,81,83,84,85,87,88,89,90,93,94,95,96,98,100,101,102,104,107,108,110,111	ء م ر ب ح ر ب ذ ر ج ب ل ج ن ب د ب ر ر ب ب ض ر ر ع د د ع ل م ق و ل ك ث ر ك ر ر م ل ق م و ل ن ف ق و ف ر	kw:abundance(92.6757); kw:wealth(86.1068); kw:hydrology(53.8167); kw:economy(49.881); kw:resource(48.1035); kw:pool(42.9143); kw:plenty(31.3821); kw:sea(28.4462)	ر ب ب:B013:ماء رَبَب كثير → ع ل م:B005:ماء كثير مجتمع في عيلم
C484	0.7096	blessing / favor / kinship_society/hospitality_welfare / circumstance	58	14	16	23	0.05877691	0.1966	1.0	0.6087	1,3,4,5,7,8,12,16,17,19,20,21,23,24,25,27,28,29,30,34,35,38,39,40,42,46,47,51,53,54,55,57,59,60,62,65,66,67,70,71,73,74,78,79,80,82,83,84,85,86,87,93,100,102,107,108,109,110	ء ل ي ء م ر ء م م ء و ل ت ر ف ح س ن خ ر ر خ ف ض ر ب ب ر ح م ش ك ر ف ض ل ن ع م ي د ي	kw:blessing(102.3777); kw:favor(68.0407); theme:kinship_society/hospitality_welfare(66.4066); kw:circumstance(66.0079); kw:gift(63.0508); kw:comfort(52.9349); kw:gratitude(47.5952); kw:benefaction(43.7155)	ي د ي:B003:اليَد النعمة → ن ع م:B001:حسن الحال والنعمة
C485	0.7096	submission / humility / lowering / obedience	53	11	14	19	0.05672272	0.2159	1.0	0.5789	1,3,5,7,8,11,15,18,19,20,24,25,27,30,31,32,33,34,36,38,42,44,48,49,50,51,53,57,58,61,64,66,67,69,72,78,79,81,83,87,88,89,91,93,95,96,98,99,100,107,108,109,111	خ ش ع خ ف ض ر ء س س ج د ط م ء ن ط و ع ع ط و ق ص ف ك ف ر ك و ن ه ج د	kw:submission(80.963); kw:humility(73.347); kw:lowering(69.9823); kw:obedience(53.1324); kw:ground(47.5872); kw:compliance(45.7343); theme:ritual_belief/religion_worship(38.4208); kw:head(35.9982)	س ج د:B001:التطامن والذل → خ ش ع:B001:تطامن وخضوع
C486	0.7095	marriage / household / family / wedding	39	11	13	13	0.06425442	0.1733	1.0	0.9231	1,2,3,4,5,6,9,15,17,23,26,29,30,40,53,54,56,59,61,64,65,67,68,69,70,77,84,86,92,93,94,95,96,97,100,101,104,105,111	ب ن ي ب ي ت ر د د ر س ل ش ر ك ض ر ر ع ب د م ل ك ه د ي و ك ل ي د ي	kw:marriage(113.5294); kw:household(59.7372); kw:family(57.0546); kw:wedding(51.232); kw:ownership(50.4406); kw:control(33.2078); kw:consummation(33.004); kw:courtship(32.5328)	ع ب د:B001:الرق والملك → م ل ك:B002:المِلْك والتصرف
C487	0.7095	slave / manumission / slavery / emancipation	34	8	11	9	0.06598386	0.1837	1.0	1.0	1,2,3,4,5,13,14,17,19,22,23,30,33,39,40,42,46,53,56,58,61,65,71,88,92,93,94,95,96,97,99,100,110,111	ء ل ه ب ي ت د ب ر س ع ي ظ ه ر ع ب د ك ت ب م ل ك	kw:slave(62.7642); kw:manumission(49.5059); kw:slavery(46.5929); kw:emancipation(34.1547); kw:freedom(28.2893); kw:ownership(25.2203); kw:night(23.4581); kw:hierarchy(21.7304)	ع ب د:B001:الرق والملك → م ل ك:B002:المِلْك والتصرف
C488	0.7094	gift / bounty / donation / giving	61	15	17	24	0.0576553	0.1791	0.9167	0.7083	1,2,4,6,8,9,11,12,15,18,20,21,22,26,29,30,31,33,35,39,41,42,45,46,47,51,54,55,57,59,60,62,66,67,68,69,70,71,73,74,75,77,78,79,80,82,84,85,86,87,88,92,93,94,95,97,99,101,105,107,109	ء ت ي ء ل ي ب س ط ج ع ل ح ر م خ ي ر ر ز ق ر س ل ز ي د ع ط و ع م ل ف ض ل ق د ر ن ص ر ن ف ل	kw:gift(75.661); kw:bounty(71.5238); kw:donation(61.531); kw:giving(60.9791); kw:generosity(60.8194); theme:kinship_society/hospitality_welfare(58.1058); kw:grant(56.2768); kw:charity(49.6264)	ء ت ي:B002:الإيتاء والإعطاء → ن ص ر:B005:النصر عطاء
C489	0.7093	selection / choice / preference / aptitude	30	12	14	19	0.06363853	0.2135	1.0	0.7895	4,5,7,11,35,37,40,44,48,49,51,55,61,64,70,72,73,76,88,89,90,91,95,97,98,99,102,103,104,108	ء ر ض خ ل ق خ ل ل خ ي ر خ ي ل ص ف و ع م ي ف ط ر م ث ل ن خ ل و ز ن و ع د	kw:selection(124.136); kw:choice(68.0407); kw:preference(58.2873); kw:aptitude(51.232); kw:merit(44.6404); kw:excellence(40.1571); theme:condition_force_change/capacity_ability(34.3024); kw:worthiness(33.5381)	ء ر ض:B003:الخليق بالخير كالأرض الأريضة → خ ل ق:B005:الجدارة والتهيؤ للشيء
C490	0.7092	hair / verse / meter / prosody	37	13	15	23	0.05703941	0.2233	1.0	0.7391	2,7,9,14,15,16,22,26,28,29,32,36,41,42,45,46,47,48,58,60,63,64,67,71,72,78,82,83,84,88,89,93,94,97,99,106,110	ب ي ت ر ج ل س ب ل ع ر ض ف ر ق ق ر ء ق ر ي ق ع د ق ف و م ث ل ه د ي و ج ه و ف ر	kw:hair(60.5377); kw:verse(60.4627); kw:meter(59.0879); kw:prosody(59.0879); kw:pattern(49.0059); kw:imitation(47.0731); kw:method(47.0731); kw:literature(44.0082)	ق ر ء:B011:طريقة ومثال وقصد → ق ر ي:B006:كون الأشياء على قرو واحد
C491	0.7092	law_governance/authority_governance / governance / office / administration	28	13	14	22	0.06220523	0.2444	0.9545	0.7273	5,7,9,16,19,20,29,33,35,37,40,45,46,51,53,56,57,59,61,65,80,84,85,92,95,97,100,111	ء م ر ء و ل ح ج ب ح ظ ر س ع ي س ل ط ع د و ع م ل م ش ي م ل ك و س ل و ل ي ي د ي	theme:law_governance/authority_governance(109.9345); kw:governance(78.8193); kw:office(62.7642); kw:administration(57.5595); kw:calumny(48.7992); kw:hierarchy(43.4607); kw:authority(41.9427); kw:politics(39.4154)	ع م ل:B003:ولاية العمل والقيام عليه → س ع ي:B003:ولاية وسعاية على القوم
C492	0.7092	body_health_life/reproduction_birth / birth / reproduction / pregnancy	57	14	17	21	0.05906055	0.1579	0.9524	0.8095	1,7,8,9,11,12,14,15,17,20,23,24,25,26,27,28,30,31,32,33,34,38,39,40,41,45,46,47,51,54,55,57,60,62,64,65,66,71,78,79,80,82,83,84,85,87,88,89,91,93,99,100,102,106,108,110,111	ء م م ج ن ن ر ء ي ر ب ب ر ب و ر ج ل ر ج و ر ح م ش ر ر ع ه د ق ر ء ق ر ب ن ف س و ل د	theme:body_health_life/reproduction_birth(124.4113); kw:birth(61.873); kw:reproduction(61.1919); kw:pregnancy(51.8423); kw:parturition(47.5952); kw:youth(39.5566); kw:fertility(31.9188); kw:childbirth(31.7301)	ق ر ب:B012:دنو الولادة في الحيوان → ر ج و:B005:الحامل تدنو ولادتها
C493	0.7092	language_communication/grammar_expression / exclusion / negation / exception	52	9	10	8	0.0599507	0.1818	1.0	0.75	2,3,5,11,15,17,18,19,20,25,27,30,31,32,33,34,36,38,42,44,48,49,50,51,53,56,57,58,65,66,67,72,73,74,76,78,81,83,87,88,89,91,93,95,96,97,98,99,100,104,108,111	ب ع د د و ن ض ر ر ع د و غ ي ر ك و د ك و ن ل ي س م ث ل	theme:language_communication/grammar_expression(64.09); kw:exclusion(55.7051); kw:negation(53.7561); kw:exception(48.1671); kw:logic(41.1882); kw:predicate(36.9273); kw:otherness(34.1547); kw:difference(33.5381)	ل ي س:B002:ليس استثناء يخرج المذكور → ع د و:B004:المجاوزة والاستثناء والصرف
C494	0.7091	priority / proximity / adjacency / precedence	44	15	17	31	0.05798868	0.2313	0.9677	0.6129	1,5,6,7,10,11,12,15,17,18,19,21,22,23,26,32,33,34,35,38,39,41,45,46,51,57,58,59,62,68,69,71,72,76,77,78,79,80,83,92,97,104,107,111	ء خ ر ء م م ء و ل ب ع د ج ن ب خ ل ف د ب ر ع ج ل ع ن د ق ب ل ق ر ب ل د ن ل ي ل ن ف ر و ل ي	kw:priority(85.3387); kw:proximity(72.3164); kw:adjacency(62.7642); kw:precedence(54.9176); kw:nearness(52.1902); theme:time_measure_quantity/sequence_cycle(46.5028); kw:relation(45.8825); kw:urgency(42.2076)	ق ر ب:B001:الدنو وخلاف البعد → و ل ي:B001:قرب ودنو بلا فاصل
C495	0.709	hearing / ear / sound / cognition_perception/perception	20	9	17	37	0.05940091	0.3136	0.973	0.6486	1,12,18,23,30,31,33,34,36,37,39,44,46,47,54,64,73,74,86,97	ء ذ ن ب ل غ س م ع ش ي ء ص م م ص و ت ق ت ل و ح ي و ق ر	kw:hearing(140.6919); kw:ear(83.9787); kw:sound(82.1996); theme:cognition_perception/perception(69.1799); kw:listening(62.7642); kw:attention(59.2371); kw:audition(50.3071); kw:obedience(39.8493)	س م ع:B011:سَمْع لا بَلَغ → ب ل غ:B009:سماع المكروه بلا بلوغ
C496	0.7089	body_health_life/reproduction_birth / birth / reproduction / pregnancy	47	17	17	31	0.05593247	0.2279	0.9355	0.6129	3,7,8,9,11,14,15,18,23,24,25,26,28,31,32,33,34,41,45,46,47,51,54,57,58,60,64,66,70,71,77,78,82,87,88,89,91,92,93,96,97,100,103,106,107,110,111	ت ل و ج م ع ج ن ن ح ج ب ح م ل ر ج ل ر ج و ر ح م س ق ط ش ه د ع ج ل ق ب ل ق ر ء ق ر ب ن ف س و ج ه و ل د	theme:body_health_life/reproduction_birth(188.6236); kw:birth(123.7459); kw:reproduction(112.1851); kw:pregnancy(77.7634); kw:gestation(70.7234); kw:womb(66.6687); kw:delivery(54.9176); kw:parturition(47.5952)	ق ر ب:B012:دنو الولادة في الحيوان → ر ج و:B005:الحامل تدنو ولادتها
C497	0.7089	astronomy / time / sun / daylight	35	16	16	27	0.05975907	0.225	0.963	0.7037	1,4,9,12,13,14,21,23,25,31,35,43,47,48,51,52,58,60,62,64,66,69,71,78,79,85,87,88,89,91,92,97,99,109,111	ء و ب خ ش ع د ل ك ر ج ل ر و ح س ن و ش م س ف ل ك ق و م ك ب ر ك س ف ل ي ل م ث ل ن ه ر و ز ن ي و م	kw:astronomy(85.6592); kw:time(72.1182); kw:sun(71.5238); kw:daylight(65.0657); theme:land_water_sky/light_darkness(61.5644); kw:sunset(46.5929); kw:light(44.7539); kw:calendar(36.3226)	ق و م:B017:انتصاف النهار وقائم الظهيرة → و ز ن:B004:قيام ميزان النهار في وسطه
C498	0.7089	watering / water / animal_life/husbandry / camel	18	9	9	8	0.05550791	0.2222	1.0	1.0	6,7,12,20,26,32,34,51,57,58,69,76,77,80,85,92,101,107	ت س ع خ ل ف د خ ل ر و ح س ن ن س ن و ق ب ل ق ر ب م د د	kw:watering(68.9644); kw:water(50.8423); theme:animal_life/husbandry(40.2051); kw:camel(37.0667); kw:drinking(29.3388); kw:husbandry(22.5932); kw:waterwheel(18.4636); kw:conditioning(17.442)	د خ ل:B007:إدخال الإبل في الشرب مرة أخرى → ق ب ل:B014:سقي على أفواه الإبل
C499	0.7088	fire / land_water_sky/fire_heat / madness / heat	22	12	17	33	0.06461951	0.2538	1.0	0.697	1,3,5,18,22,29,36,39,42,60,62,67,73,75,78,83,88,91,97,99,103,110	ب ء س ج ن ن ر ء ي س ع ر ص ل و ص ل ي غ ل ل ف ء د ف ت ن م س س م ع ع م و ت	kw:fire(102.5227); theme:land_water_sky/fire_heat(89.768); kw:madness(74.4006); kw:heat(55.1015); kw:insanity(53.6648); kw:derangement(50.3071); kw:burning(46.5929); kw:punishment(46.3827)	ص ل ي:B004:إيقاد الصلاء وتسوية الشيء بالنار → ص ل و:B001:ملاقاة النار وحرها
C500	0.7088	surety / condition_force_change/support_dependence / guarantee / provision	57	13	15	17	0.06338033	0.1667	1.0	0.7059	2,3,5,11,12,14,15,17,18,19,20,23,24,25,27,30,31,32,33,34,35,36,37,38,42,44,49,50,51,53,54,56,57,58,65,66,67,68,70,72,77,78,81,83,86,87,88,91,92,93,95,96,98,100,107,108,111	ب ح ر ب ل غ ج ن ح ح س ب ح م ل ز ع م ط و ل ظ ه ر ق ب ل ك ف ي ك و ن ك ي ل و ك ل	kw:surety(47.5952); theme:condition_force_change/support_dependence(46.2873); kw:guarantee(46.1482); kw:provision(45.3359); kw:support(44.478); kw:responsibility(41.9894); kw:sufficiency(40.6505); kw:liability(39.2775)	ز ع م:B003:تحمل الكفالة → ق ب ل:B008:ضمان الشيء والتكفل به
C501	0.7086	death / calm / stillness / rest	26	12	15	26	0.06371424	0.2574	1.0	0.6538	9,10,15,19,21,26,45,54,59,68,69,71,74,75,77,79,82,85,90,93,94,95,104,105,107,110	ء م ن خ ف ت د ر ج ر س ل ر ك ن ر و ح س ك ن ط م ء ن ط م ن م و ت ه ج د ي م ن	kw:death(67.1308); kw:calm(59.9777); kw:stillness(54.9176); kw:rest(53.335); kw:silence(39.8493); kw:sleep(39.4154); kw:trust(37.4165); kw:assurance(34.1547)	ط م ن:B001:السكون بعد الانزعاج → ط م ء ن:B001:السكون والطمأنينة
C502	0.7086	concealment / exposure / visibility / disclosure	22	12	15	25	0.06615104	0.2475	1.0	0.72	1,8,25,27,29,31,44,45,53,56,66,67,69,70,88,89,91,96,98,99,101,110	ب ح ر ب ي ن ج ن ن ج ه ر ح س ر س ت ر س ر ي ظ ه ر غ ف ر ك ش ف ك ف ر م ل ق	kw:concealment(109.2579); kw:exposure(96.8602); kw:visibility(88.5234); kw:disclosure(76.3217); kw:screen(57.5595); kw:veil(56.2768); kw:appearance(53.8879); kw:cover(51.0335)	س ر ي:B004:الكشف والانسراء → ك ش ف:B001:رفع الغطاء عن الشيء
C503	0.7086	intensity / heat / climate / travel	25	10	11	14	0.05428031	0.2593	1.0	0.7857	3,5,13,14,15,19,22,24,39,40,42,49,52,58,62,66,67,70,71,72,79,94,97,98,103	ب ح ر ب ع ث ج ن ح س ع ر ش ك ر ص ف و ص م م ع م ي م ع ع ي و م	kw:intensity(53.1324); kw:heat(44.0812); kw:climate(35.5423); kw:travel(35.2923); theme:land_water_sky/weather_climate(31.6025); kw:sun(28.6095); kw:environment(27.9929); kw:cold(27.5858)	ص م م:B008:صميم الحر والبرد → م ع ع:B002:شدة الحر والسير فيه
C504	0.7085	testimony / falsehood / deception / prophecy	46	10	15	22	0.055858	0.2222	1.0	0.6818	16,23,24,26,28,33,39,40,42,43,47,49,50,51,53,55,56,59,60,61,62,63,73,74,80,81,84,85,86,88,90,92,93,94,95,96,98,100,101,102,104,105,107,108,110,111	ب ط ل ت ل و ث ب ت ح ق ق ز ع م ق و ل ك ذ ب ن ب ء ن ب و و ح ي	kw:testimony(66.4155); kw:falsehood(52.3699); kw:deception(48.3198); kw:prophecy(45.3471); kw:lie(44.316); kw:claim(41.9894); kw:revelation(41.7788); kw:imposture(38.5491)	ق و ل:B005:قول ما لم يكن أو نسبته → ت ل و:B009:قول كذب على غيره
C505	0.7085	mountain / topography / bird / ostrich	40	14	15	20	0.06028568	0.1923	1.0	0.8	2,5,6,7,8,12,13,15,18,22,23,25,27,29,33,35,36,37,39,45,46,47,51,54,55,59,60,67,69,71,80,82,83,84,85,89,98,99,102,107	ء ح د ء و ل ج ب ل ج ع ل ط غ و ظ ل م ع ل م ع ن ق ف ص ل ق و ف ك ف ر ن ع م ن و ق و ز ر	kw:mountain(98.2524); kw:topography(52.3699); kw:bird(46.9162); kw:ostrich(45.3471); kw:refuge(39.7012); theme:animal_life/wildlife(35.8489); kw:geology(35.2565); theme:conflict_security/protection_security(34.7646)	ظ ل م:B006:الظليم ذكر النعام → ن ع م:B006:النعام والنعامة الطائر
C506	0.7082	return / recurrence / reversal / abode	18	12	15	28	0.05982883	0.2772	1.0	0.7143	1,5,6,7,8,25,34,35,41,46,51,56,59,69,73,77,85,89	ء و ب ء و ل ت ا ر ح و ل ر د د ر و ح ص ر ف ع ه د ع و د غ ي ر ق ل ب ك ر ر	kw:return(107.9946); kw:recurrence(54.6714); kw:reversal(46.5929); kw:abode(45.7343); theme:time_measure_quantity/sequence_cycle(42.6276); kw:repetition(41.9894); kw:change(38.1608); kw:owner(32.1114)	ر د د:B010:التكرار والتردد والحيرة → ك ر ر:B001:رجوع وترديد بعد مرة
C507	0.7082	death / mortality / life / household	45	14	17	25	0.06027127	0.1923	1.0	0.8	2,4,7,9,12,13,14,15,16,20,23,25,26,29,33,34,35,36,37,38,41,45,46,55,58,59,60,69,71,75,78,82,83,84,85,88,89,92,93,95,97,101,104,106,107	ء ت ي ح ي ي ر و ح س ك ن ق ر ء ق ر ي ق ض ي ك ل ل م ش ي م و ت ن ع م ن ف س و ف ي ي م ن	kw:death(123.0731); kw:mortality(86.3353); kw:life(54.6714); kw:household(47.7898); kw:livestock(47.6591); kw:family(45.6437); kw:wealth(43.0534); theme:body_health_life/mortality_death(40.9472)	ق ر ء:B013:القِرَة مال وعيال → ق ر ي:B011:مال وعيال مجتمعون
C508	0.7082	virtue / wealth / evil / ethics	54	14	16	23	0.05642865	0.1949	0.9565	0.6957	5,6,7,11,13,16,23,24,28,35,39,40,42,43,46,47,48,49,50,51,53,56,60,61,62,63,64,67,68,70,73,80,81,83,84,85,88,89,90,91,93,94,95,96,98,99,100,101,102,104,107,108,110,111	ء ج ل ب ر ر ج ن ب خ ل ل خ ي ر د ب ر ش ر ر ض ر ر ف ع ل ق و ل ك ث ر ل ق ي م ث ل و ع د	kw:virtue(87.3052); kw:wealth(43.0534); kw:evil(40.0012); kw:ethics(35.1221); kw:good(34.884); kw:character(34.787); kw:goodness(30.4895); kw:self(29.1436)	ف ع ل:B002:فَعال الخلق → خ ي ر:B005:الكرم والهبة
C509	0.7082	wealth / household / livestock / bird	51	12	14	12	0.064993	0.1364	1.0	0.9167	1,2,4,6,9,12,13,14,15,16,20,26,29,33,34,36,37,38,39,41,42,45,46,47,48,51,57,58,59,60,62,64,67,71,72,73,74,78,82,83,84,86,88,89,93,94,95,97,99,104,106	ء ل ي ء م م س ك ن ض ل ل ظ ل م ق ر ء ق ر ي ك ل ل م ش ي م و ل ن ع م ه د ي	kw:wealth(53.8167); kw:household(47.7898); kw:livestock(47.6591); kw:bird(46.9162); kw:family(45.6437); kw:grace(43.1696); kw:property(42.7746); kw:welfare(39.7012)	ق ر ء:B013:القِرَة مال وعيال → ق ر ي:B011:مال وعيال مجتمعون
C510	0.7081	walking / coquetry / travel / intention	30	12	14	21	0.05727541	0.236	1.0	0.7619	2,9,12,15,16,17,18,19,21,28,30,31,33,37,42,44,47,54,57,58,64,66,74,83,84,86,94,95,97,110	ب غ ي خ ي ل د ر ج ر ج ل س ع ي ش ك ل ش ي ء ق ت ل م ش ي ن ع م ه د ي ه ل ك	kw:walking(74.9722); kw:coquetry(51.232); kw:travel(44.1154); kw:intention(37.6199); kw:pedestrian(35.7766); kw:will(33.004); kw:sway(32.5328); kw:volition(32.1114)	ه د ي:B008:مشي التهادي مع الاعتماد والتمايل → ه ل ك:B003:تكسّر التهالك في المشي والغنج
C511	0.7081	shield / armor / weapon / protection	29	11	11	12	0.06259859	0.2182	1.0	0.75	1,8,12,15,17,21,27,30,36,48,52,56,59,60,62,64,67,68,69,83,88,89,91,92,96,98,99,100,102	ب ص ر ج ل ب ج ن ب ج ن ن ج و ب ر ء ي ز ع م ق ت ر ك ف ر ن ظ ر و ز ر	kw:shield(77.6548); kw:armor(69.6314); kw:weapon(57.6608); kw:protection(49.7385); kw:warfare(42.3478); kw:equipment(36.4065); kw:covering(34.7228); kw:mail(34.1547)	ب ص ر:B005:بصيرة السلاح → ز ع م:B005:سلاح أو درع يسمى زعامة
C512	0.7081	rope / twist / cord / strand	15	11	11	11	0.06434177	0.2	1.0	1.0	4,6,7,27,37,49,51,53,62,64,71,91,97,98,111	ج ب ل ح ن ك ر ف ت س ع ر ش ر ك ش ط ن ط و ل ف ت ل ك ر ر م ر ر ن خ ل	kw:rope(75.661); kw:twist(57.9151); kw:cord(53.1324); kw:strand(43.7155); kw:textile(39.5309); kw:binding(38.3916); kw:tether(29.3388); kw:craft(26.6827)	م ر ر:B005:إحكام فتل الحبل → ك ر ر:B002:حبل مجموع القوى مفتول
C513	0.708	rear / sin / guilt / offense	39	10	13	14	0.06252151	0.1892	1.0	0.8571	4,7,8,9,10,15,17,19,21,22,23,26,27,31,32,36,39,42,43,45,46,48,51,60,62,67,68,69,72,76,83,84,87,89,98,99,104,110,111	ء خ ر ج ن ب خ ط ء خ ل ف د ب ر ذ ن ب س ب ل ق ف و ك ب ر ك ف ر	kw:rear(71.1156); kw:sin(54.6714); kw:guilt(45.7343); kw:offense(44.6404); kw:orientation(42.9968); kw:wrongdoing(34.884); kw:posterior(32.1114); kw:tail(29.544)	ذ ن ب:B001:الذنب والإثم → خ ط ء:B002:الخطيئة ذنب وإثم
C514	0.7076	knowledge / cognition_perception/knowledge_learning / obedience / comprehension	44	12	17	23	0.06165617	0.1769	1.0	0.8261	1,8,12,13,17,20,23,24,25,27,28,29,30,31,33,34,36,37,38,39,40,44,46,47,54,55,57,60,65,66,71,79,80,84,85,87,89,93,96,97,100,102,107,108	ء ذ ن ب ل غ ح ك م ح و ط خ ب ر ر ب ب س م ع ص م م ع ل م ف ق ه ق ت ل ك ل ل	kw:knowledge(123.267); theme:cognition_perception/knowledge_learning(85.473); kw:obedience(53.1324); kw:comprehension(47.0731); kw:hearing(42.2076); kw:epistemology(41.5754); kw:jurisprudence(35.7766); kw:religion(32.5067)	ق ت ل:B003:إحاطة علمية كأن الأمر مقهور → ح و ط:B004:تمام الإحاطة علما وإحرازا
C515	0.7075	abundance / yield / fertility / milk	61	17	17	31	0.05354689	0.2279	0.9355	0.4516	1,2,3,6,8,12,15,17,19,20,23,24,25,26,27,28,30,37,38,39,40,41,46,49,51,54,55,57,59,60,62,64,65,66,68,69,71,74,77,79,80,81,84,85,87,88,89,91,92,93,94,95,96,98,99,100,101,102,105,107,108	ء ت ي ب ر ك ج د د خ ب ر ر ء ي ر ب ب ر د د ر س ل ر ك ن ز ه ق ش ك ر ص ر ف ص ف و ع س ي غ ر ر م ش ي ن خ ل	kw:abundance(102.973); kw:yield(76.2238); kw:fertility(74.4772); kw:milk(68.9456); kw:udder(66.1686); kw:fullness(58.8778); kw:lactation(42.6693); kw:dairy(36.6655)	ع س ي:B006:رجاء عودة اللبن → ج د د:B011:انقطاع ماء أو لبن
C516	0.7075	burden / load / weight / endurance	21	8	13	18	0.06415988	0.2571	1.0	0.7778	1,3,15,38,46,52,54,56,59,62,68,69,70,74,76,77,85,93,94,95,105	ح م ل ح و ل خ س ف ر س ل ق ل ل ك ر ه و ز ر و ق ر	kw:burden(105.5614); kw:load(55.7051); kw:weight(40.0012); kw:endurance(36.4065); kw:hardship(34.9174); kw:suffering(34.0588); kw:labor(31.2388); kw:guilt(30.4895)	ح م ل:B003:تحمّل الأمانة والوزر → و ز ر:B002:الوزر الحمل الثقيل
C517	0.7075	watering / camel / water / husbandry	24	10	10	9	0.05640553	0.2	1.0	1.0	6,7,20,26,32,33,34,47,51,57,58,59,66,67,70,71,77,80,82,92,93,99,101,107	ب ح ر ب ي ت ت س ع د خ ل ر د د س ن ن ظ ل م ق ب ل ق ر ب م د د	kw:watering(55.1716); kw:camel(37.0667); kw:water(33.8949); kw:husbandry(33.8898); theme:animal_life/husbandry(32.1641); kw:drinking(29.3388); kw:impropriety(19.2746); kw:mistiming(19.2746)	د خ ل:B007:إدخال الإبل في الشرب مرة أخرى → ق ب ل:B014:سقي على أفواه الإبل
C518	0.7074	family / proximity / nearness / relation	38	11	17	30	0.06094526	0.2419	1.0	0.6667	2,8,12,13,17,20,22,23,24,26,28,29,31,32,33,34,36,38,46,51,54,56,57,64,66,67,68,70,71,82,84,87,89,97,100,104,110,111	ب ر ر ب ع د د و ن ر ح م ع ن د ق ر ب ق ع د ك ل ل و س ل و ل د و ل ي	kw:family(79.8764); kw:proximity(72.3164); kw:nearness(65.2377); kw:relation(57.3531); kw:kinship(57.145); kw:hierarchy(54.3259); kw:adjacency(47.0731); kw:ancestry(43.4363)	ق ر ب:B005:القربة والقربان إلى الله → و س ل:B001:التقرب بالوسيلة والرغبة
C519	0.7073	knowledge / report / evidence / information	29	13	13	19	0.05739156	0.2436	1.0	0.6842	1,7,12,14,17,25,30,36,39,44,46,47,48,54,55,59,60,62,74,78,80,84,85,88,89,96,99,102,107	ء ذ ن ب ص ر ث ب ت ح س ب ح ك م خ ب ر د خ ل ر ء ي ش ه د ع ل م ف ق ه م ث ل ن ب ء	kw:knowledge(123.267); kw:report(72.8591); kw:evidence(67.7508); kw:information(60.4627); kw:testimony(53.1324); kw:epistemology(41.5754); theme:cognition_perception/knowledge_learning(38.4628); kw:announcement(32.1114)	خ ب ر:B001:العلم بالخبر وباطن الأمر → ن ب ء:B002:الخبر الآتي المبلَّغ
C520	0.7072	guarantee / contract / pledge / covenant	56	14	17	25	0.0634482	0.1923	0.92	0.68	1,2,3,4,6,8,12,13,14,16,17,18,19,20,22,23,24,25,27,28,30,33,34,38,39,40,46,47,52,54,55,56,57,58,60,63,64,65,66,69,70,71,77,79,80,84,85,87,92,93,100,101,102,103,107,108	ت ب ع ت ل و ح ر م ح م ل ذ م م ر ب ب ر د د ر و د ز ع م ظ ن ن ع ه د غ ر ر ق ب ل ك ت ب	kw:guarantee(76.9137); kw:contract(73.8725); kw:pledge(70.346); kw:covenant(68.9644); kw:liability(65.4624); kw:risk(52.1902); theme:law_governance/obligation_contract(52.0092); kw:treaty(51.232)	ز ع م:B003:تحمل الكفالة → ق ب ل:B008:ضمان الشيء والتكفل به
C521	0.7071	prevention / access / restriction / prohibition	32	17	17	39	0.06118087	0.2868	0.8205	0.5385	1,4,10,13,15,20,28,29,33,39,42,45,46,47,50,51,54,57,58,59,62,67,71,73,74,78,82,86,94,99,102,106	ء ل ي ث ب ر ح ج ب ح ج ر ح د د ح ر م ح ظ ر ح ك م س ط ر ظ ل م ع ذ ب ع ر ش ف ر ق م ن ع ن ش ر و ق ر ي س ر	kw:prevention(129.6057); kw:access(86.1846); kw:restriction(64.2228); kw:prohibition(59.9777); kw:flock(56.2768); kw:sheep(53.7561); kw:interdiction(51.232); kw:control(44.2771)	ح ظ ر:B002:منع وحجر عن الإباحة → ح ج ر:B001:المنع والإحاطة
C522	0.7069	falsehood / emotion_ethics/deception_corruption / fabrication / lie	35	15	17	37	0.05801295	0.2782	0.9459	0.5405	5,9,14,36,37,41,45,46,47,49,51,56,58,59,60,61,64,70,71,73,78,80,81,82,88,89,90,91,92,93,98,99,106,107,108	ب ط ل ت ل و خ ر ق خ ل ق ر ج ل ز خ ر ف ز ع م س ط ر ص د ق ف ج ر ف ر ي ف ع ل ق ر ء ق ف و ك ذ ب	kw:falsehood(91.6474); theme:emotion_ethics/deception_corruption(91.3129); kw:fabrication(89.2807); kw:lie(88.6319); kw:testimony(66.4155); kw:accusation(55.4339); kw:invention(49.5059); theme:language_communication/rhetoric_discourse(44.5083)	خ ر ق:B003:اختلاق الكذب وافتراؤه → خ ل ق:B007:اختلاق الكذب والكلام
C523	0.7068	power / capacity / strength / condition_force_change/capacity_ability	42	17	17	30	0.06043896	0.2206	0.9333	0.6333	1,3,4,5,7,14,15,17,23,25,29,30,33,34,39,42,47,48,50,51,53,56,57,58,62,64,65,67,69,71,73,74,75,77,78,80,85,86,92,96,99,107	ء ل ي ب س ط ج ل ب ح د د ر و ح س ل ط ش د د ض ر ر ض ع ف ط و ع ع ب د ق ب ل ق د ر م ر ر ن ف س ي د ي ي م ن	kw:power(142.0353); kw:capacity(85.7603); kw:strength(79.3379); theme:condition_force_change/capacity_ability(72.8926); kw:ability(61.531); kw:capability(53.6648); kw:resilience(41.7788); kw:solidity(41.7788)	ع ب د:B007:القوة والصلابة → ش د د:B002:شدة القوة والصلابة
C524	0.7066	chest / bone / skeleton / body_health_life/anatomy	21	12	14	23	0.05544185	0.2584	0.9565	0.8261	1,8,12,13,20,24,29,36,38,40,45,49,51,71,77,84,88,89,91,97,98	ب ر ك ج ن ح ج ن ن ح ج ب ح ص ر س ن ن ص د ر ص م م ع ظ م غ ل ل ف ص ل ك ل ل	kw:chest(91.6474); kw:bone(77.2633); kw:skeleton(71.5238); theme:body_health_life/anatomy(56.7986); kw:thorax(51.232); kw:rib(47.5952); kw:anatomy(47.0826); kw:breast(44.6404)	ف ص ل:B005:مفصل بين عضوين أو قطعتين → ع ظ م:B005:العَظْم الصلب
C525	0.7066	permanence / prosperity / fortune / blessing	47	12	15	17	0.06043777	0.1717	1.0	0.8824	1,5,6,7,8,12,13,15,16,17,20,23,24,25,27,28,30,38,39,40,42,46,49,52,54,55,57,60,65,66,67,68,70,71,74,76,79,80,84,85,87,93,94,98,100,102,108	ء م ر ب ر ر ب ر ك ب ع ث ت ب ر ث ب ت ر ب ب ع ر ش ك ر ر ل ب ث ل ز م ي م ن	kw:permanence(54.9176); kw:prosperity(51.1888); kw:fortune(39.7012); kw:blessing(38.3916); kw:persistence(38.2751); kw:residence(37.8305); kw:stability(37.0293); kw:habitation(37.0293)	ب ر ك:B004:خير ثابت نام وبركة → ء م ر:B004:النماء والبركة
C526	0.7066	wealth / abundance / plenty / increase	51	11	12	14	0.05863065	0.2154	0.9286	0.6429	3,6,16,22,23,24,28,31,34,37,39,40,42,43,46,47,49,50,51,53,56,60,61,62,63,64,68,70,75,80,81,83,84,85,88,89,90,93,94,95,96,98,100,101,102,103,104,107,108,110,111	ء م ر ج ن ب د ب ر ض ع ف ق و ل ك ث ر م ش ي م ع ع م ل ق م و ل و ف ر	kw:wealth(86.1068); kw:abundance(72.0811); kw:plenty(47.0731); kw:increase(40.0012); kw:property(32.081); kw:growth(31.607); kw:repetition(27.9929); kw:writing(26.5662)	ء م ر:B004:النماء والبركة → م ش ي:B003:النماء والماشية
C527	0.7065	growth / sapling / bird / animal_life/wildlife	34	14	16	24	0.05536682	0.2034	1.0	0.875	2,3,4,6,7,8,12,13,18,21,22,24,26,29,30,33,39,40,44,45,46,54,60,62,64,68,70,74,80,86,97,99,101,104	ب ن ي ج ع ل ح ش ر ح ص ب خ ي ل د خ ل د ر ج ذ ر ر ش ي ء ص غ ر ط ي ر ع ن ق غ ر ر ق ع د	kw:growth(52.6784); kw:sapling(49.5059); kw:bird(46.9162); theme:animal_life/wildlife(44.8111); kw:smallness(39.2775); theme:agriculture_food/plant_vegetation(38.991); kw:impossibility(35.7766); kw:seedling(34.884)	ط ي ر:B001:خفة الطيران والطير → د ر ج:B009:طائر الدُّرّاج
C528	0.7064	marriage / body_health_life/reproduction_birth / reproduction / family	60	16	17	22	0.05851273	0.163	1.0	0.6818	1,3,7,8,9,12,14,15,17,19,20,22,23,24,25,26,27,28,29,30,31,32,33,34,38,39,40,41,45,46,51,52,54,55,57,60,64,65,66,67,71,78,79,80,82,83,84,85,87,88,89,93,100,101,102,103,106,108,110,111	ء ن ث ب ر ك ج م ع ح ر م د خ ل ر ب ب ر ح م س و ء ش ك ر ظ ن ن ق ر ء ق ر ب ق ع د م س س ن ف س و ل د	kw:marriage(113.5294); theme:body_health_life/reproduction_birth(72.2388); kw:reproduction(71.3905); kw:family(68.4655); kw:sexuality(63.9178); kw:gender(63.4441); kw:woman(58.6452); kw:intercourse(51.6738)	م س س:B002:مماسة النكاح → ج م ع:B006:اتصال الجماع والمجامعة
C529	0.7064	spirit / ritual_belief/belief_revelation / madness / haunting	26	9	12	16	0.05887973	0.2667	1.0	0.75	1,11,13,47,48,53,58,60,62,63,64,67,69,71,75,77,83,88,89,91,92,94,99,100,106,107	ء ن س ت ب ع ج ل ب ج ن ن ر ء ي ط و ع ق ب ل م س س م و ت	kw:spirit(74.4006); theme:ritual_belief/belief_revelation(46.5028); kw:madness(44.6404); kw:haunting(38.5491); kw:insanity(35.7766); kw:jinn(33.5381); kw:derangement(33.5381); kw:crime(28.7797)	م س س:B003:مس الجنون → ج ن ن:B006:ستر العقل بالجنون
C530	0.7063	pad / cushion / arrow / equipment	41	12	13	12	0.06356081	0.1558	1.0	0.9167	1,8,11,12,14,17,18,20,23,24,25,27,28,30,33,38,39,40,46,49,54,55,56,57,60,65,66,77,79,80,84,85,87,93,97,98,100,102,104,108,111	ح س ب ح ص ر ح و ل ر ب ب ع ج ل ع ظ م ق ت ر ق ر ن ك ن ن ل ف ف م س ك و ل ي	kw:pad(62.1239); kw:cushion(61.531); kw:arrow(50.5848); kw:equipment(48.542); kw:storage(32.5956); kw:quiver(32.1114); kw:case(31.0619); kw:seat(31.0619)	ح و ل:B014:دراجة الصبي → ع ج ل:B004:الإداوة الخفيفة
C531	0.7062	epistemology / knowledge / opinion / cognition_perception/proof_uncertainty	53	13	16	15	0.06220378	0.1293	1.0	0.9333	1,12,14,16,17,23,24,25,26,28,30,31,33,36,40,42,43,47,49,50,51,52,53,54,55,56,60,61,62,63,64,74,80,81,84,85,88,90,93,94,95,96,98,99,100,101,102,104,105,107,108,110,111	ث ب ت ح س ب ح ق ق خ ب ر خ ش ي خ ي ل ر ء ي س م ع ظ ن ن ع ل م ق ت ل ق و ل ن ب ء	kw:epistemology(97.0093); kw:knowledge(67.2365); kw:opinion(56.5787); theme:cognition_perception/proof_uncertainty(54.6463); kw:evidence(54.2007); kw:uncertainty(52.0143); kw:conjecture(47.5952); theme:cognition_perception/knowledge_learning(47.0101)	خ ب ر:B001:العلم بالخبر وباطن الأمر → ن ب ء:B002:الخبر الآتي المبلَّغ
C532	0.7062	compulsion / persuasion / coercion / presentation	31	10	10	11	0.0528821	0.2444	1.0	0.7273	2,5,7,12,16,18,19,26,30,37,38,44,47,54,55,59,64,65,68,71,74,81,85,86,88,92,94,101,103,104,107	ء ت ي ج ب ل ج م ع ج ي ء ر ج ل ر و د ش ي ء ظ ه ر ك ر ه و ك ل	kw:compulsion(44.316); kw:persuasion(43.4363); kw:coercion(37.0293); kw:presentation(33.004); kw:conveyance(32.1114); kw:agency(30.693); kw:discovery(29.7602); kw:alliance(26.8781)	ج ي ء:B004:الإتيان بالشيء واستحضاره → ش ي ء:B003:حمل الشيء إلى الأمر
C533	0.7061	deliberation / planning / creation / calculation	39	15	17	31	0.05863805	0.2313	0.9677	0.6452	1,2,4,6,7,8,12,14,16,17,18,21,22,23,29,30,33,35,36,39,45,46,48,49,51,59,60,61,62,70,74,80,85,93,96,97,98,99,102	ء م ر ب ص ر ب ي ت ث ب ت ج ع ل ح س ب خ ل ق د ب ر ر ء ي ف ط ر ق د ر ق ض ي ن ظ ر و ج ه و ز ن	kw:deliberation(102.0027); kw:planning(83.9787); kw:creation(68.9644); kw:calculation(47.5952); kw:production(43.7155); theme:cognition_perception/reasoning_decision(40.5388); kw:quantity(34.787); kw:measurement(34.5965)	ق د ر:B005:تدبير الأمر بتقدير ونظر → خ ل ق:B001:تقدير الشيء وقياسه
C534	0.706	calm / vessel / transport / trust	39	14	17	24	0.06870501	0.1818	1.0	0.75	1,3,5,9,10,15,17,19,23,24,26,30,32,34,45,51,53,54,56,57,59,65,66,67,68,69,74,75,77,82,83,90,93,94,95,96,104,105,107	ء م ن ج ن ب ج ن ح ر س ل ر ك ن ز خ ر ف س ك ن ض ر ر ط م ء ن ط م ن ع ب د ف ل ك ق ر ب م و ت	kw:calm(59.9777); kw:vessel(43.0534); kw:transport(40.6253); kw:trust(37.4165); kw:stability(37.0293); kw:assurance(34.1547); kw:side(33.6183); kw:repose(33.5381)	ج ن ح:B002:الجناح جانبا ويدا وكنفا → ج ن ب:B001:الجنب جانب الجسد وناحية الشيء
C535	0.706	knowledge / report / summons / evidence	29	11	12	16	0.05543126	0.2462	1.0	0.75	1,11,12,14,17,25,30,36,44,46,47,52,54,55,56,57,59,67,71,78,84,85,96,98,101,102,105,107,110	ء ذ ن ء ي ي ح س ب خ ب ر د ع و س م ع ش ه د ع ل م ف ق ه ن ب ء ن ذ ر	kw:knowledge(100.8548); kw:report(58.2873); kw:summons(44.9833); kw:evidence(40.6505); kw:testimony(39.8493); theme:cognition_perception/knowledge_learning(38.4628); kw:announcement(32.1114); kw:address(31.3821)	خ ب ر:B001:العلم بالخبر وباطن الأمر → ن ب ء:B002:الخبر الآتي المبلَّغ
C536	0.706	sin / guilt / offense / accountability	34	12	14	15	0.06180944	0.1705	1.0	1.0	2,4,7,8,9,11,12,17,21,23,24,25,27,31,32,38,40,43,44,51,52,60,67,69,73,83,84,87,89,98,99,101,102,111	ء خ ذ ج ن ح خ ط ء ذ ن ب س ن و س و ء ش ر ر ظ ن ن ع م ل غ ف ر ك ب ر ك ف ر	kw:sin(82.0071); kw:guilt(60.9791); kw:offense(59.5205); kw:accountability(53.335); kw:transgression(41.7788); kw:wrongdoing(34.884); kw:crime(28.7797); kw:blame(26.9877)	ذ ن ب:B001:الذنب والإثم → خ ط ء:B002:الخطيئة ذنب وإثم
C537	0.7057	parent / body_health_life/life_stage_aging / family / equal	42	10	14	20	0.05718229	0.2326	1.0	0.65	2,4,6,8,12,17,20,23,24,25,26,27,28,30,31,38,39,40,46,54,55,57,60,64,65,66,70,71,75,77,79,80,84,85,87,93,100,101,102,104,108,111	ء م م ب ن ي ر ب ب ر ب و س ن ن س ن و ق ر ن ل د ن م و ت و ل د	kw:parent(48.7992); theme:body_health_life/life_stage_aging(35.965); kw:family(34.2328); kw:equal(33.004); theme:kinship_society/family(31.0976); kw:mother(30.4895); kw:peer(30.4895); kw:counterpart(27.8525)	ر ب ب:B002:إصلاح وتربية وإتمام → ر ب و:B005:تغذية ونشوء
C538	0.7057	search / cognition_perception/knowledge_learning / request / inquiry	26	10	10	11	0.05704928	0.2444	1.0	0.7273	5,6,12,14,16,18,19,20,28,41,42,47,57,60,63,66,69,73,74,76,82,92,97,103,109,110	ب غ ي ت ب ع ج و س ح س ب ر د د ر و د ز ي د س ق ط ع ط و ك و د	kw:search(83.5576); theme:cognition_perception/knowledge_learning(72.652); kw:request(54.9176); kw:inquiry(42.2076); kw:pursuit(37.4165); kw:quest(33.004); kw:investigation(30.4895); theme:condition_force_change/support_dependence(25.2476)	ج و س:B002:طلب الشيء باستقصاء → ب غ ي:B001:طلب الشيء وابتغاؤه
C539	0.7056	orientation / refusal / opposition / consent	17	8	15	25	0.06305558	0.266	1.0	0.76	1,7,13,28,33,39,46,48,56,58,67,77,83,92,97,107,111	ح و ل د ب ر ض ر ب ع ر ض ق ب ل ل ق ي و ج ه و ل ي	kw:orientation(75.2445); kw:refusal(57.219); kw:opposition(54.2007); kw:consent(48.7992); kw:reception(48.1671); kw:retreat(44.0082); kw:encounter(39.7012); kw:aversion(38.7554)	ع ر ض:B005:الإعراض تولية العرض → و ل ي:B007:الإدبار والإعراض
C540	0.7056	courage / bravery / warfare / power	12	10	10	13	0.05161921	0.2889	0.9231	0.8462	5,17,29,34,36,58,65,74,75,81,97,100	ب ء س ب ط ل ث ب ت ح س ر ش د د ص م م ق ر ن ل ي س م س ك م و ت	kw:courage(104.7399); kw:bravery(65.0657); kw:warfare(42.3478); kw:power(32.7774); kw:defense(25.3658); kw:severity(23.7439); kw:honor(22.9412); kw:hero(19.2746)	ب ء س:B001:البأس شدة قاهرة → ش د د:B002:شدة القوة والصلابة
C541	0.7055	elevation / terrain / hardness / rock	25	17	17	31	0.06489347	0.2279	1.0	0.6774	4,7,13,24,29,31,37,38,40,43,47,49,50,51,55,57,59,60,61,62,67,70,97,98,99	ج ب ل ح ج ر ح ذ ر ح ن ك خ ل ق ر ب و ص ف و ص م م ط غ و ط غ ي ع ل و ع ن ق ك ر ه م ل ق ن ب و ن ج و ن و ق	kw:elevation(117.9923); kw:terrain(97.1272); kw:hardness(86.6222); kw:rock(70.7234); kw:geology(70.513); kw:smoothness(51.8423); kw:height(49.3724); kw:slab(48.7992)	ط غ ي:B005:الطغية الصفاة الملساء → ط غ و:B006:الطغية الصفاة أو الموضع المرتفع
C542	0.7055	submission / humility / ritual_belief/religion_worship / abasement	56	12	13	16	0.05613541	0.2078	0.9375	0.625	1,3,5,7,11,15,17,18,19,20,23,24,25,26,27,30,31,32,33,34,36,38,42,44,47,49,50,51,53,57,58,61,64,65,66,67,69,72,75,78,81,83,85,87,88,91,93,95,96,98,100,104,107,108,109,111	ت ل و خ ز ن خ ش ع ذ ل ل ر ج ل ر و ح س ج د س ك ن ع ب د ك و ن ل ف ف م و ت	kw:submission(121.4444); kw:humility(88.0164); theme:ritual_belief/religion_worship(46.9587); kw:abasement(46.5929); kw:obedience(39.8493); kw:poverty(35.6904); kw:death(33.5654); kw:humiliation(28.2893)	س ج د:B001:التطامن والذل → خ ش ع:B001:تطامن وخضوع
C543	0.7055	hair / verse / grooming / language_communication/rhetoric_discourse	31	12	12	14	0.05869254	0.2121	1.0	0.7857	9,14,22,25,26,29,32,36,38,41,42,44,45,46,47,48,60,63,64,70,71,72,78,82,84,88,89,93,106,107,110	ب ي ت ت ل و ر ج ل س ب ل ط ي ب غ ف ر ف ر ق ق ر ء ق ع د ق ف و ك ر ه و ف ر	kw:hair(72.6452); kw:verse(45.3471); kw:grooming(40.3171); theme:language_communication/rhetoric_discourse(33.3812); kw:language(30.3446); kw:meter(29.544); kw:texture(23.0229); kw:surface(22.4477)	ق ف و:B003:قافية الكلام وآخره → ب ي ت:B003:بيت الشعر
C544	0.7054	magic / bead / roundness / geometry	27	12	13	17	0.05592568	0.2208	1.0	0.8824	1,2,5,7,12,23,24,40,41,43,44,47,50,58,62,66,70,73,77,89,92,93,97,101,107,108,111	ء خ ذ ح ج ر د و ر س ب ح س ح ر ص ر ف ص غ ر ف ص ل ف ل ك ق ب ل ك ر م و ج ه	kw:magic(101.3515); kw:bead(56.5787); kw:roundness(46.5929); kw:geometry(36.9363); kw:orbit(32.5328); kw:amulet(32.5328); kw:string(30.7655); kw:circle(30.4895)	ص ر ف:B009:خرزة تصرف القلب → ق ب ل:B016:خرزة تقبل وجها إلى وجه
C545	0.7053	horse / animal / gallop / running	30	16	16	33	0.05355647	0.275	0.9091	0.6364	2,5,7,12,23,28,34,35,37,42,47,53,54,57,64,65,66,67,68,69,77,78,83,85,86,92,97,104,108,110	ب غ ي ب ل غ ج ن ب خ ي ل ر ج ل ر و ح س ع ر س ق ط س ن ن ش م س ع د و ع ر ض ك ي ل م ر ح و ع د و ك ل	kw:horse(92.5942); kw:animal(48.2146); kw:gallop(44.0082); kw:running(41.0035); theme:movement_travel/motion(40.5547); kw:gait(36.9363); kw:exuberance(35.7766); kw:locomotion(35.7659)	ب غ ي:B007:اختيال الفرس ومرحه في العدو → ب ل غ:B007:مد الفارس عنانه لزيادة العدو
C546	0.7052	deliberation / sight / eye / vision	28	12	17	34	0.06202609	0.2615	0.9118	0.6765	1,9,12,13,14,16,17,21,23,30,35,36,46,48,58,59,60,62,72,74,78,79,85,96,97,99,102,110	ء م ر ب ص ر ث ب ت ج ه ر ح س ب د ب ر ر ء ي ع م ي ق د ر ق و م ك ل و ن ظ ر	kw:deliberation(87.4309); kw:sight(85.3387); kw:eye(59.8663); kw:vision(58.5309); kw:perception(57.145); kw:planning(55.9858); kw:evidence(40.6505); theme:cognition_perception/perception(39.5314)	ر ء ي:B001:رؤية العين والبصيرة → ب ص ر:B001:إبصار العين
C547	0.7051	palm / agriculture_food/plant_vegetation / sapling / tree	39	13	15	25	0.05579687	0.2427	0.96	0.64	2,4,6,8,12,18,22,26,29,30,33,39,40,44,45,46,51,54,60,63,64,70,74,79,80,82,86,88,89,91,93,95,99,101,102,103,104,105,106	ء ب ي ب ن ي ج ع ل ج ل ب ج م ع ش ي ء ع س ي ف ط ر ق ل ب ك ث ر ن خ ل ن ز ل و ف ر	kw:palm(102.3487); theme:agriculture_food/plant_vegetation(101.3766); kw:sapling(49.5059); kw:tree(45.2608); kw:shoot(43.1696); kw:grove(42.9143); kw:botany(38.0359); kw:pith(35.7766)	ج ع ل:B006:النخل الصغار أو القصار → ش ي ء:B006:صغار النخل
C548	0.705	charity / donation / gift / bounty	48	16	17	31	0.05711138	0.2296	0.9355	0.5806	1,2,4,11,12,20,21,26,29,30,31,33,35,37,39,41,42,47,48,51,55,57,59,60,62,64,66,67,70,71,73,74,75,78,79,80,82,85,86,87,88,89,92,97,99,101,107,109	ء ت ي ء ل ي ب ر ك ب س ط خ ي ر ر ز ق ز ي د ص د ق ص ر ف ط و ع ط و ل ع ط و ف ض ل م ث ل ن ص ر ن ف ل	kw:charity(86.8462); kw:donation(76.9137); kw:gift(75.661); kw:bounty(71.5238); kw:giving(60.9791); kw:benefaction(58.2873); kw:grant(56.2768); kw:increase(53.335)	ء ت ي:B002:الإيتاء والإعطاء → ن ص ر:B005:النصر عطاء
C549	0.705	message / communication / peace / hearing	38	10	13	12	0.06414077	0.16	1.0	0.9167	1,4,9,11,14,15,23,31,34,36,37,41,45,46,47,52,54,56,57,59,60,67,68,69,71,75,77,78,82,88,89,93,94,95,97,105,106,110	ء ذ ن ب ل غ ح ي ي د ع و ر س ل س م ع ص م م ق ر ء ق ض ي م ل ق	kw:message(63.4603); kw:communication(60.3317); kw:peace(44.316); kw:hearing(42.2076); theme:language_communication/communication(41.9947); kw:mediation(41.1882); kw:obedience(39.8493); kw:misfortune(39.1426)	س م ع:B011:سَمْع لا بَلَغ → ب ل غ:B009:سماع المكروه بلا بلوغ
C550	0.705	compulsion / coercion / obligation / presentation	30	9	10	11	0.05571525	0.25	1.0	0.7273	1,2,5,7,12,18,26,30,37,38,44,54,55,56,59,64,67,71,74,77,81,85,86,88,92,94,101,103,104,107	ء ت ي ج ب ل ج م ع ج ي ء ح و ل خ ي ل ش ي ء ض ر ر ك ر ه	kw:compulsion(73.8599); kw:coercion(61.7155); kw:obligation(33.8345); kw:presentation(33.004); kw:power(32.7774); kw:conveyance(32.1114); kw:suspicion(30.2314); kw:necessity(29.7602)	ج ي ء:B004:الإتيان بالشيء واستحضاره → ش ي ء:B003:حمل الشيء إلى الأمر
C551	0.7049	arrow / archery / storage / container	43	14	14	15	0.06214566	0.1648	1.0	0.8	1,8,11,12,14,17,18,20,21,23,24,25,26,27,28,30,32,34,38,39,40,46,51,54,55,56,57,60,64,65,66,77,79,80,81,84,85,87,90,93,100,102,108	ح س ب ح و ل د ب ر د ر ج ر ب ب ز ه ق ع ج ل غ ر ر ق ت ر ق ر ب ق ر ن ك ن ن ن ب ء ن ب ع	kw:arrow(88.5234); kw:archery(68.647); kw:storage(54.3259); kw:container(52.2449); kw:overshoot(34.1547); theme:craft_material_built/storage_vessels(33.823); kw:trajectory(33.5381); kw:quiver(32.1114)	ح و ل:B014:دراجة الصبي → ع ج ل:B004:الإداوة الخفيفة
C552	0.7049	dialogue / answer / response / assent	37	10	12	12	0.06185676	0.1875	1.0	0.8333	1,9,10,12,14,19,20,23,39,41,45,46,52,59,60,62,68,69,70,71,72,73,78,82,83,86,88,89,90,93,94,98,99,101,102,106,107	ء ج ر ء ج ل ء م ن ء ي ي ج و ب ق ر ء ك ر م ن ع م ه ا ء و ح ي	kw:dialogue(48.7992); kw:answer(46.5929); kw:response(44.9833); kw:assent(35.7766); kw:confirmation(33.5381); kw:affirmation(32.1114); kw:deixis(31.7301); kw:address(31.3821)	ن ع م:B004:الجواب بنعم والتصديق → ء ج ل:B003:جواب التصديق أجل
C553	0.7048	tribute / tax / wage / revenue	30	12	14	16	0.06675217	0.1798	1.0	0.875	2,5,6,8,9,12,13,17,18,19,22,29,30,33,34,35,39,45,46,48,60,63,76,80,81,84,96,98,99,108	ء ج ر ب ط ل ج ز ي ج ع ل خ ب ر خ ر ج س ع ي ض ر ب ع م ل غ ل ل ف ع ل و ف ي	kw:tribute(65.0657); kw:tax(49.5059); kw:wage(49.5059); kw:revenue(47.5952); kw:levy(47.0731); kw:taxation(45.7343); kw:reward(44.6404); kw:payment(42.2076)	خ ر ج:B003:مال يخرج على جهة معلومة → ض ر ب:B010:المال المضروب على أحد
C554	0.7048	water / flour / watering / animal_life/husbandry	36	12	12	11	0.0608978	0.1667	1.0	0.9091	3,6,7,9,14,20,26,29,32,34,41,45,46,51,57,58,60,62,67,68,70,71,77,78,80,82,83,88,89,91,92,93,103,106,107,110	ب ر ر ج م ع ج ه ر د خ ل ذ ر ر غ ل ل ق ب ل ق ر ء ق ر ب م د د ن خ ل ن ع م	kw:water(50.8423); kw:flour(46.1482); kw:watering(41.3787); theme:animal_life/husbandry(40.2051); kw:camel(37.0667); kw:agriculture(32.8628); kw:drinking(29.3388); kw:purification(27.4588)	د خ ل:B007:إدخال الإبل في الشرب مرة أخرى → ق ب ل:B014:سقي على أفواه الإبل
C555	0.7047	agriculture_food/plant_vegetation / fruit / herb / plant	48	16	17	26	0.06016935	0.1926	0.9231	0.7308	2,8,11,12,17,18,20,23,24,25,26,27,28,30,38,39,40,42,46,54,55,57,59,60,62,64,65,66,67,68,69,70,71,79,80,84,85,87,88,91,92,93,100,101,102,103,107,108	ء ت ي ب ر ر ج ل ب ج م ع ذ ن ب ر ب ب ر و ح س ن و ش ك ل ص ل ي ع ج ل ع ر ش ع ن ب ك ر م ن خ ل ن ف ل	theme:agriculture_food/plant_vegetation(97.4775); kw:fruit(92.9383); kw:herb(88.5234); kw:plant(80.3546); kw:grape(59.9777); kw:berry(49.5059); kw:vine(46.1482); kw:tree(45.2608)	ك ر م:B004:العنب والكرمة → ع ن ب:B001:العنب ثمرة الكرم
C556	0.7047	hostility / enmity / destruction / conflict_security/conflict	21	13	16	22	0.06578368	0.188	1.0	0.9545	2,7,16,17,40,46,52,53,54,56,58,65,68,73,78,86,88,101,102,104,111	ء خ ذ ب ع د ت ب ر ث ب ر د ب ر د م ر ش م س ظ ن ن ظ ه ر ع د و ك ش ف ه ل ك و ك ل	kw:hostility(81.6489); kw:enmity(73.8599); kw:destruction(71.9964); theme:conflict_security/conflict(47.4608); kw:conflict(43.2408); kw:ruin(36.6655); kw:eradication(34.1547); kw:loss(33.6183)	د ب ر:B005:تدابر القوم وتصارمهم → ظ ه ر:B022:التدابر بالظهور
C557	0.7047	cognition_perception/knowledge_learning / pain / suffering / knowledge	55	11	14	13	0.05989029	0.1494	1.0	0.8462	8,9,10,12,13,15,17,20,22,23,24,25,27,28,29,30,33,35,36,38,39,40,42,44,46,47,54,55,57,58,59,60,62,65,66,71,78,79,80,82,84,85,87,92,93,94,96,97,99,100,102,107,108,110,111	ء ج ل ء ل م ء ل ه ح ك م ر ب ب ظ ل م ع ذ ب ع ل م ف ق ه ق و م ل و م	theme:cognition_perception/knowledge_learning(72.652); kw:pain(61.5604); kw:suffering(56.7647); kw:knowledge(56.0304); kw:ache(45.3471); kw:religion(43.3422); kw:jurisprudence(35.7766); kw:torment(32.5328)	ح ك م:B003:الحكمة والعلم المصيب → ف ق ه:B002:العلم في الدين والشريعة
C558	0.7046	darkness / fear / night / courage	28	15	17	29	0.0628206	0.2164	0.9655	0.7931	1,8,12,24,27,31,33,36,47,51,57,59,60,67,69,71,73,78,79,82,88,89,91,92,98,99,100,106	ج ن ح ج ن ن ح ذ ر ح ر م خ ش ي خ و ف س ق ط ظ ل م ع س ي غ س ق ف ء د ف ر ق ف ر ي ك ف ر ل ي ل	kw:darkness(188.6214); kw:fear(97.7748); kw:night(70.3743); kw:courage(39.2775); theme:conflict_security/danger_harm(36.1021); kw:timidity(33.5381); kw:terror(31.0619); kw:cowardice(30.2314)	خ ش ي:B001:الخوف والخشية مع الهيبة → خ و ف:B002:إدخال الخوف في الغير
C559	0.7046	selection / preference / choice / virtue	30	11	14	20	0.05939637	0.2353	1.0	0.8	1,4,5,11,12,27,35,36,37,40,44,48,55,59,64,72,73,76,88,89,90,91,95,97,98,99,101,102,103,104	ء خ و ء ر ض ء ي ي خ ل ل خ ي ر خ ي ل ص ف و ع م ي ق ف و م ث ل ن خ ل	kw:selection(124.136); kw:preference(72.8591); kw:choice(68.0407); kw:virtue(49.8887); kw:goodness(45.7343); kw:purpose(42.9143); kw:excellence(40.1571); kw:intention(37.6199)	ص ف و:B002:اصطفاء الصفوة واختيارها → ن خ ل:B003:اختيار الأفضل
C560	0.7046	senescence / body_health_life/life_stage_aging / age / decline	55	9	11	10	0.05498281	0.1887	1.0	0.7	3,4,5,6,7,8,9,11,13,15,18,19,20,21,22,23,25,27,30,31,32,33,34,36,38,39,42,43,44,46,49,50,51,53,57,58,60,66,67,72,78,79,81,83,87,88,91,93,95,96,97,98,100,108,111	خ ذ ل ر د د ع س ي ق ف و ك ب ر ك و ن ل ق ي و ج ه و ل ي	kw:senescence(59.9777); theme:body_health_life/life_stage_aging(58.4431); kw:age(49.8887); kw:decline(43.7155); kw:oldness(33.5381); kw:rejection(30.7655); kw:refusal(28.6095); kw:time(27.0443)	و ج ه:B009:توجه الشيخ → ع س ي:B003:وَلِيُّ الشيخ وكبره
C561	0.7045	sound / hearing / ear / cognition_perception/perception	16	12	17	39	0.06033146	0.3047	0.9487	0.641	1,6,36,39,46,47,55,64,67,68,70,73,86,97,107,109	ء ذ ن ب ر ر ت ل و ج ل ب خ ر ر س م ع ص م م ص و ت ك ر ر ن ب ء و ح ي و ق ر	kw:sound(123.2994); kw:hearing(112.5535); kw:ear(83.9787); theme:cognition_perception/perception(82.3571); kw:noise(69.6314); kw:murmur(47.5952); kw:clamor(44.316); kw:music(41.9894)	و ح ي:B005:صوت خفي → ن ب ء:B006:الصوت الخفي الملتبس
C562	0.7044	rain / earth / shower / weather	48	17	17	29	0.05960806	0.2132	0.9655	0.5517	2,8,9,12,14,16,26,29,30,31,32,33,34,41,42,45,46,48,49,55,58,59,60,63,66,67,70,71,72,75,77,78,82,84,85,86,88,89,92,93,97,98,101,106,107,109,110,111	ء ت ي ب ح ر ب س ط ج د د ح ص ر ح ي ي خ ش ع خ ط ء ذ ه ب ر ز ق س ب ل س ن ن ع ه د ق ر ء ق ر ي م ح و و ل ي	kw:rain(94.7794); kw:earth(68.3484); kw:shower(58.2873); kw:weather(56.9182); kw:fertility(53.198); kw:pattern(49.0059); kw:surface(44.8955); kw:precipitation(44.6404)	و ل ي:B010:مطر يلي الوسمي → ع ه د:B007:مطر يتعاهد الأرض بعد بلل أو في أوائل الوسمي
C563	0.7044	gathering / group / assembly / crowd	48	13	17	29	0.06134656	0.2248	0.8966	0.6552	2,4,8,12,13,14,16,17,20,23,24,25,27,28,29,30,38,39,40,42,46,51,54,55,57,58,60,62,65,66,71,77,79,80,84,85,87,88,92,93,97,100,102,103,104,106,107,108	ج م ع ح ش ر ح ن ك ح و ط ر ء س ر ب ب ع ر ش ع ن ق ف ر ق ق ب ل ق ر ي ك ت ب ل ف ف	kw:gathering(64.1841); kw:group(60.6775); kw:assembly(52.7421); kw:crowd(51.0335); kw:community(44.9672); kw:band(43.1696); kw:aggregation(41.7788); kw:society(41.5571)	ج م ع:B002:جماعة اجتمعت أو أخلاط ضمتها الجهة → ل ف ف:B003:أخلاط تلتف في جماعة واحدة
C564	0.7043	point / blade / craft_material_built/craft / sharpness	24	9	13	18	0.05982245	0.2466	1.0	0.7778	4,8,9,12,16,21,23,26,31,33,43,50,51,58,60,65,69,77,80,81,85,87,105,111	ء م ر ح د د ح ق ق س ل ط س ن ن س ن و ع و د ق ر ي ك ب ر	kw:point(71.5238); kw:blade(66.4155); theme:craft_material_built/craft(44.1618); kw:sharpness(40.6505); kw:age(37.4165); theme:body_health_life/life_stage_aging(35.965); kw:edge(34.5965); kw:strength(34.002)	ك ب ر:B004:كبر السن والقدم → س ن ن:B004:سن ناتئ وعمر ظاهر
C565	0.7042	expression / language / explanation / articulation	43	7	10	10	0.05800589	0.2381	1.0	0.7	1,12,16,23,24,28,34,37,40,42,43,45,47,49,50,51,53,56,60,61,62,63,78,80,81,84,85,88,90,92,93,94,95,96,98,100,101,102,104,107,108,110,111	ب ل غ ب ي ن س ر ي س ق ط ش ه د ف ص ل ق و ل	kw:expression(62.6999); kw:language(60.6892); kw:explanation(46.5929); kw:articulation(44.316); kw:clarity(39.1426); kw:tongue(38.8817); kw:rhetoric(35.4695); kw:knowledge(33.6183)	ف ص ل:B004:لسان يفصل الأمور بالبيان → ق و ل:B002:اللسان آلة القول
C566	0.7041	prevention / restriction / prohibition / withholding	26	14	17	34	0.06057494	0.2556	0.9412	0.6765	1,8,9,14,20,30,31,33,39,41,45,46,50,59,60,70,71,78,82,88,89,93,94,100,102,106	ث ب ر ح ج ب ح ج ر ح د د ح ر م ح ص ر ح ظ ر ح ك م ر ز ق ق ت ر ق ر ء م س ك م ن ع ن ف ق	kw:prevention(77.7634); kw:restriction(64.2228); kw:prohibition(59.9777); kw:withholding(52.5539); kw:interdiction(51.232); kw:access(49.2484); kw:stinginess(46.5929); kw:scarcity(43.7032)	ح ظ ر:B002:منع وحجر عن الإباحة → ح ج ر:B001:المنع والإحاطة
C567	0.7041	sound / hearing / noise / murmur	24	12	16	33	0.05690348	0.2895	0.9394	0.6364	1,11,23,34,36,37,39,46,47,52,55,56,57,64,67,68,70,71,73,86,97,107,109,110	ء ذ ن ب ر ر ب ل غ ج ل ب خ ر ر خ ف ت د ع و س م ع ص م م ص و ت ن ب ء و ح ي	kw:sound(82.1996); kw:hearing(70.346); kw:noise(69.6314); kw:murmur(47.5952); kw:clamor(44.316); theme:cognition_perception/perception(42.8257); kw:silence(39.8493); kw:obedience(39.8493)	س م ع:B011:سَمْع لا بَلَغ → ب ل غ:B009:سماع المكروه بلا بلوغ
C568	0.7041	creation / production / ontology / nature	43	13	17	26	0.06395184	0.2016	1.0	0.6923	2,4,6,8,12,13,18,22,26,29,30,33,35,37,39,40,44,45,46,48,49,51,54,55,60,61,64,70,74,76,80,84,86,88,89,90,95,98,99,101,102,103,104	ء ر ض ب ن ي ج ب ل ج ع ل خ ر ج خ ل ق خ ي ل ش ك ل ش ي ء ط ي ن ف ط ر م ث ل و ز ن	kw:creation(124.136); kw:production(72.8591); kw:ontology(71.5238); kw:nature(57.7656); kw:form(52.5539); kw:aptitude(51.232); kw:origination(47.5952); kw:constitution(47.5952)	خ ل ق:B002:إبداع الخلق وإيجاده → ف ط ر:B002:إيجاد وابتداء
C569	0.7041	number / time_measure_quantity/quantity_number / enumeration / arithmetic	16	10	13	17	0.06699182	0.2267	1.0	0.8235	6,12,14,16,23,44,46,52,53,62,70,74,76,85,89,101	ء ح د ء م ر ت س ع ح س ب س ب ع ع د د ع د و ق ل ل ك ث ر و ح د	kw:number(109.3428); theme:time_measure_quantity/quantity_number(107.0175); kw:enumeration(48.7992); kw:arithmetic(46.1482); kw:integer(35.7766); kw:quantity(34.787); kw:unity(33.5381); kw:count(32.1114)	ء ح د:B001:الأَحَدِيَّة والوَحْدَة → و ح د:B002:الواحد في العدد والآحاد
C570	0.704	prayer / blessing / assent / dialogue	47	15	17	19	0.06509568	0.1418	1.0	0.8421	1,9,10,11,12,18,19,20,22,33,39,41,42,43,44,45,52,56,57,59,62,63,67,68,69,71,72,75,78,82,83,88,89,90,92,93,94,96,97,98,99,101,102,107,108,110,111	ء ج ل ء ل ه ء م م ء م ن ء ي ي ج و ب ح ي ي د ع و س ب ح ص ل و ص ل ي ن ع م ه ا ء و ف ر ي م ن	kw:prayer(82.3764); kw:blessing(76.7833); kw:assent(53.6648); kw:dialogue(48.7992); kw:affirmation(48.1671); kw:invitation(47.5952); kw:answer(46.5929); kw:response(44.9833)	ص ل ي:B002:الدعاء والبركة والرحمة → ص ل و:B002:الدعاء والثناء والرحمة
C571	0.704	body_health_life/health_medicine / recovery / convalescence / relief	54	10	10	8	0.05213382	0.1778	1.0	0.75	1,3,4,5,7,8,16,17,19,23,24,28,30,34,37,40,42,43,47,48,49,50,51,53,56,60,61,62,63,65,74,79,80,81,84,85,88,89,90,93,94,95,96,98,99,100,101,102,104,106,107,108,110,111	ب ل غ ث ب ت ح و ط ش ك ر ع ب د ع س ي ع ل و ف ر ق ق و ل م ث ل	theme:body_health_life/health_medicine(50.5937); kw:recovery(40.4815); kw:convalescence(34.884); kw:relief(26.8781); kw:intensity(26.5662); kw:crisis(25.8369); kw:illness(25.2924); kw:destruction(23.9988)	ع ل و:B011:السلامة من النفاس أو العلة → م ث ل:B012:التماثل من العلة
C572	0.7039	land_water_sky/fire_heat / fire / fuel / energy	15	13	17	39	0.06233754	0.2977	0.9744	0.5897	11,18,29,35,36,68,78,83,91,92,97,100,107,109,110	ح س ر ح ص ب خ ب و خ ر ر س ع ر س ق ط ش ر ر ص ل و ص ل ي ف ء د ك ي ل م س ك ن خ ل	theme:land_water_sky/fire_heat(160.6374); kw:fire(148.0883); kw:fuel(59.5205); kw:energy(52.5539); kw:spark(46.1482); kw:ember(43.4363); kw:flame(41.7788); kw:roasting(34.1547)	ك ي ل:B002:كال الزند → س ق ط:B005:سقط النار المتطاير
C573	0.7039	residence / settlement / stay / permanence	59	14	17	20	0.05996543	0.1515	1.0	0.75	2,8,9,12,13,16,17,20,21,22,23,24,25,26,27,28,29,30,33,35,38,39,40,42,46,48,52,54,55,57,58,59,60,62,65,66,71,74,75,76,78,79,80,81,83,84,85,87,88,92,93,97,100,101,102,105,106,107,108	ء ت ي ث ب ت ح ق ق ر ب ب ع ر ش ق ع د ق و م ك ل و ل ب ث ل ز م م ك ث ن ص ر ن ظ ر ن ع م	kw:residence(88.2711); kw:settlement(72.1599); kw:stay(59.9777); kw:permanence(54.9176); kw:persistence(51.0335); theme:space_form_boundary/place_location(48.7113); kw:presence(40.6505); kw:evidence(40.6505)	ل ب ث:B001:المكث في الموضع → م ك ث:B001:ثبات مع انتظار
C574	0.7039	creation / production / calculation / origination	26	9	13	17	0.06458982	0.2394	1.0	0.7647	2,4,6,8,12,14,18,22,23,29,30,33,35,37,39,45,46,49,51,60,61,65,70,80,98,99	ج ع ل ح س ب خ ل ق س ل ط ط و ل ف ط ر ق د ر ق ض ي و ز ن	kw:creation(82.7573); kw:production(72.8591); kw:calculation(63.4603); kw:origination(47.5952); kw:power(43.7032); kw:planning(41.9894); kw:proportion(41.3787); kw:making(34.884)	خ ل ق:B002:إبداع الخلق وإيجاده → ف ط ر:B002:إيجاد وابتداء
C575	0.7038	limit / boundary / endpoint / space	66	15	15	17	0.05616887	0.1619	0.9412	0.6471	1,2,4,5,7,12,14,15,16,23,24,25,28,29,30,32,33,34,35,37,39,40,42,43,46,47,49,50,51,53,56,57,60,61,62,63,64,67,73,74,77,78,80,81,84,85,86,88,90,91,93,94,95,96,97,98,99,100,101,102,104,106,107,108,110,111	ء ل ي ب ل غ ح د د ح و ل خ ل ل د و ن غ ر ر ف ح ش ف ر ق ف ص ل ق د ر ق و ل ن ف س و ز ن و ل ي	kw:limit(94.0732); kw:boundary(67.5514); kw:endpoint(47.5952); kw:space(42.0421); theme:space_form_boundary/boundary(38.3301); kw:definition(36.9273); kw:division(36.4916); kw:relation(34.4119)	ف ص ل:B001:إبانة شيء من شيء حتى يظهر الحد بينهما → ف ر ق:B001:تمييز وتزييل بين شيئين
C576	0.7037	horse / marking / leg / whiteness	21	13	13	20	0.05377516	0.2564	1.0	0.75	2,3,16,17,19,26,33,47,50,54,64,65,68,71,81,83,84,86,100,105,106	ج ن ب ح ج ر ح ق ق خ ي ل ر ج ل ش ك ر ش ك ل غ ر ر ف ت ل ف ر ق ق ر ن م س ك و ك ل	kw:horse(92.5942); kw:marking(64.1841); kw:leg(52.7421); kw:whiteness(47.9976); kw:breeding(43.4363); kw:mare(33.5381); kw:spacing(30.7655); kw:coordination(30.2314)	ر ج ل:B005:بياض رجل الدابة → ش ك ل:B006:شكال الخيل علامة كالقيد
C577	0.7036	offspring / ostrich / calf / animal_life/wildlife	44	15	16	20	0.06187905	0.1681	1.0	0.8	2,3,6,8,11,12,16,18,22,23,25,29,31,33,36,39,45,46,47,51,54,55,58,59,60,63,64,69,70,71,76,77,79,80,82,83,84,85,92,99,102,103,107,111	ء م ر ت ب ع ج ع ل ح م ل ر و ح ط غ و ظ ل م ع ج ل ع ل م ف ز ز ق ب ل ن ع م ن غ ض ن ف ل و ل د	kw:offspring(74.6347); kw:ostrich(60.4627); kw:calf(56.5787); theme:animal_life/wildlife(53.7733); kw:livestock(47.6591); kw:bird(46.9162); kw:wildlife(40.8244); kw:youth(39.5566)	ع ج ل:B002:ولد البقرة → ف ز ز:B003:ولد البقرة الخفيف
C578	0.7036	arrow / archery / overshoot / weapon	40	14	14	15	0.05963505	0.1648	1.0	0.8667	4,7,8,12,14,17,20,23,24,25,27,28,30,33,38,39,40,43,46,54,55,57,60,64,65,66,67,79,80,81,83,84,85,87,90,92,93,100,102,108	ح س ب د ب ر ر ب ب ز ه ق س ق ط س ل ط ع ر ض ع ل و غ ر ر ق ت ر ق ر ن ك ن ن ن ب ء ن ب ع	kw:arrow(101.1696); kw:archery(68.647); kw:overshoot(51.232); kw:weapon(46.1287); kw:blade(39.8493); kw:trajectory(33.5381); kw:storage(32.5956); kw:quiver(32.1114)	د ب ر:B018:دبر السهم الهدف → ز ه ق:B003:مجاوزة الغاية والخطأ عنها
C579	0.7036	arrow / archery / overshoot / trajectory	35	11	12	11	0.06401934	0.1692	1.0	0.9091	8,12,17,20,23,24,25,27,28,29,30,35,38,39,40,46,54,55,57,59,60,65,66,79,80,81,84,85,87,90,92,93,100,102,108	ح س ر د ب ر ر ب ب ز ه ق س ق ط ق ت ر ك ذ ب ك ن ن ك ي ل ن ب ء ن ب ع	kw:arrow(75.8772); kw:archery(68.647); kw:overshoot(51.232); kw:trajectory(33.5381); theme:land_water_sky/fire_heat(33.0724); kw:gambling(31.0619); kw:spark(30.7655); kw:failure(27.2163)	ك ي ل:B002:كال الزند → س ق ط:B005:سقط النار المتطاير
C580	0.7035	rain / land_water_sky/weather_climate / weather / downpour	47	14	14	21	0.05744205	0.2308	0.9048	0.5714	3,8,9,12,14,19,22,23,26,28,30,31,32,34,37,39,41,42,44,45,46,48,51,55,57,60,64,66,67,70,71,72,78,79,82,84,88,89,92,93,95,97,99,102,103,106,110	ب ح ر ب غ ي ب ل غ خ ي ل ر ز ق س ب ل س م و ش ك ر ص م م ض ر ب ع س ي ع ه د ق ر ء م ع ع	kw:rain(71.0845); theme:land_water_sky/weather_climate(59.2546); kw:weather(56.9182); kw:downpour(43.4363); kw:intensity(39.8493); kw:season(36.4916); kw:sky(35.9198); kw:climate(35.5423)	ش ك ر:B005:اشتداد الوقوع والهيجان → ب غ ي:B006:شدة المطر ومعظمه
C581	0.7035	sequence / posterior / replacement / orientation	29	9	14	21	0.05832701	0.2471	1.0	0.7143	2,5,7,9,10,15,17,19,21,22,35,39,45,46,51,58,59,62,69,71,72,76,77,84,92,94,97,104,107	ء خ ر ء م م ء و ل ب ع د ت ل و خ ل ف د ب ر ق ب ل ه د ي	kw:sequence(58.7608); kw:posterior(48.1671); kw:replacement(44.9833); kw:orientation(42.9968); kw:rear(42.6693); kw:priority(42.6693); kw:back(37.5174); theme:time_measure_quantity/sequence_cycle(31.0019)	ب ع د:B002:البعد بعد القبل → خ ل ف:B002:وراء الشيء وخلاف قدّامه
C582	0.7035	well / support / water / infrastructure	28	13	13	18	0.05423369	0.2308	1.0	0.7778	5,7,9,11,12,13,18,22,23,29,35,42,46,47,49,51,55,58,59,60,62,64,78,79,91,97,98,110	ء و ل ج د د ج ه ر ذ م م ر ج ل ز ب ر ش ج ر ع ج ل ع ر ش ق ع د ق ل ب ق و م ن ه ر	kw:well(100.0463); kw:support(55.5975); kw:water(50.8423); kw:infrastructure(39.8493); theme:craft_material_built/architecture_construction(35.5528); kw:technology(28.1384); kw:irrigation(25.5944); kw:wood(25.2924)	ق ع د:B015:البئر المقعدة قبل بلوغ الماء → ج ه ر:B008:إظهار ماء البئر بتنقيتها
C583	0.7034	generosity / wealth / fortune / prosperity	40	14	15	19	0.06146031	0.1827	0.8947	0.8947	2,5,11,17,19,20,23,26,28,30,31,35,44,47,49,52,55,59,62,64,68,69,70,71,75,77,78,79,85,86,88,90,91,92,97,98,101,107,108,111	ء ت ي ج د د ح ظ ر ح م د خ ي ر ذ ن ب ر ج ل ر ز ق س ع ي ف ج ر ف ع ل ك ر م و ج د ي س ر	kw:generosity(72.9832); kw:wealth(53.8167); kw:fortune(52.9349); kw:prosperity(51.1888); kw:virtue(49.8887); kw:lot(43.1696); kw:luck(35.7766); kw:seriousness(35.7766)	ي س ر:B003:سعة وغنى → و ج د:B003:السعة والجدة والغنى
C584	0.7033	sight / perception / eye / vision	35	10	17	27	0.06292287	0.2143	0.963	0.7407	1,4,9,12,13,17,21,23,30,31,35,36,40,43,48,49,51,58,59,60,62,72,78,79,87,93,94,96,97,98,99,102,105,110,111	ب ش ر ب ص ر ج د د ج ه ر ر ء ي ع ظ م ع م ي ق و م ك ب ر ن ظ ر	kw:sight(85.3387); kw:perception(76.1934); kw:eye(59.8663); kw:vision(58.5309); kw:reflection(47.5952); kw:appearance(43.1103); kw:revelation(41.7788); theme:cognition_perception/perception(39.5314)	ر ء ي:B001:رؤية العين والبصيرة → ب ص ر:B001:إبصار العين
C585	0.7033	wage / labor / pay / stipend	26	8	13	17	0.05889945	0.2537	1.0	0.8235	2,3,5,6,8,9,12,18,22,29,30,31,33,39,42,45,46,51,60,70,80,81,84,99,103,108	ء ج ر ب ط ل ج ع ل ر ز ق ص د ر ع م ل ف ع ل م ع ع	kw:wage(66.0079); kw:labor(52.0647); kw:pay(36.9273); kw:stipend(34.884); kw:fee(34.884); kw:leisure(32.5328); kw:work(29.7602); kw:reward(29.7602)	ع م ل:B004:أجر العمل ورزق العامل → ء ج ر:B001:جزاء العمل والكراء
C586	0.7033	body_health_life/health_medicine / recovery / body_health_life/disease_injury / restoration	31	10	10	9	0.0553471	0.2	1.0	0.8889	4,6,7,8,9,12,14,25,28,41,42,43,44,45,46,48,51,57,60,66,69,71,74,78,82,88,89,93,99,106,110	ب غ ي ث ب ت ش ف ي ع ل و ع و د غ ف ر ف ر ق ق ر ء م ث ل ن ف ر	theme:body_health_life/health_medicine(93.9598); kw:recovery(53.9753); theme:body_health_life/disease_injury(49.9557); kw:restoration(44.316); kw:relief(40.3171); kw:medicine(37.3676); kw:wound(36.8447); kw:convalescence(34.884)	ن ف ر:B005:انتفاخ الجلد وتجافيه بالسقم → ب غ ي:B004:فساد الجرح وتجاوزه
C587	0.7032	breeding / mating / camel / fertility	38	15	17	26	0.0599574	0.194	1.0	0.7692	1,2,9,12,14,16,17,21,26,29,30,33,41,45,46,48,55,56,58,59,60,68,71,77,78,81,82,83,85,88,89,92,93,101,105,106,107,109	ء ت ي ب س ط ج ن ب ح ق ق ح و ل د ر ج ذ ق ن س ن ن س ن و ض ر ب ف ر ق ق ر ء ق ر ن ق ر ي ن و ق	kw:breeding(72.3939); kw:mating(69.6314); kw:camel(55.6001); kw:fertility(42.5584); kw:reproduction(40.7946); kw:livestock(38.1273); kw:locomotion(35.7659); kw:sexuality(31.9589)	س ن و:B010:تسنّي البعير للناقة → س ن ن:B007:إكباب بدفع أو عض
C588	0.7032	waterskin / magic / palm / bead	43	15	17	25	0.05865141	0.1866	0.92	0.84	1,2,6,8,11,12,17,18,22,24,26,29,30,32,33,34,37,39,41,43,44,45,46,51,54,56,57,58,60,66,74,77,79,80,86,89,91,92,93,96,99,107,108	ج ع ل ح و ل خ ب ر س ب ح ش ي ء ص ر ف ص غ ر ع ج ل ع س ي ف ص ل ف ل ك ق ب ل ق ر ب م ر ح ن خ ل	kw:waterskin(66.9285); kw:magic(57.9151); kw:palm(56.8604); kw:bead(56.5787); theme:agriculture_food/plant_vegetation(54.5874); kw:sapling(49.5059); kw:seedling(34.884); kw:tree(33.9456)	ح و ل:B014:دراجة الصبي → ع ج ل:B004:الإداوة الخفيفة
C589	0.7032	softness / comfort / grace / luxury	47	12	14	15	0.06218174	0.1705	1.0	0.8	8,12,15,16,17,20,23,24,25,27,28,30,31,38,39,40,46,54,55,57,59,60,64,65,66,68,69,71,77,79,80,82,83,84,85,87,93,94,95,100,102,105,106,107,108,109,111	ء م م ت ر ف خ ر ر خ ف ض ر ب ب ر ب و ر س ل ع ط و ل د ن ن ز ل ن ع م و ل د	kw:softness(61.7155); kw:comfort(52.9349); kw:grace(43.1696); kw:luxury(41.5754); kw:ease(38.6317); kw:blessing(38.3916); kw:affluence(34.884); kw:flexibility(34.884)	ن ع م:B002:اللين والنعومة ورفاه العيش → خ ر ر:B005:التنعم والرخاوة في العيش
C590	0.7031	gold / metal / hardness / currency	19	11	13	19	0.05696163	0.2533	1.0	0.8421	3,7,9,13,35,41,50,55,58,60,62,63,73,78,79,86,89,93,97	ت ب ر ح ج ر ح د د ذ ر ر ذ ه ب ز ب ر ز خ ر ف ص ر ف ص م م ف ت ن ق و م	kw:gold(74.4006); kw:metal(53.1324); kw:hardness(49.4984); kw:currency(46.5929); kw:metallurgy(43.1696); kw:nugget(36.9273); kw:gilding(35.7766); kw:density(29.1436)	ت ب ر:B002:الجوهر قبل الصياغة والفتات → ذ ه ب:B001:الذَّهَب المعدن
C591	0.703	path / road / route / walking	33	17	17	26	0.06263121	0.1912	1.0	0.7692	1,4,7,9,12,16,18,19,21,26,30,32,37,42,44,47,48,51,54,55,56,63,64,72,74,77,84,86,93,95,97,103,110	ح و ل د ر ج ذ ه ب ر ج ل ر ق ي ر و د س ب ل س ع ي س ن ن ش ي ء ص م م ع م ل م ر ر م ش ي ن ب ء ن ب و و ج ه	kw:path(87.3052); kw:road(78.5549); kw:route(65.6923); kw:walking(59.9777); kw:decision(53.7561); kw:intention(50.1599); kw:course(43.4363); kw:guidance(40.1571)	ش ي ء:B002:المشيئة المتعلّقة بالشيء → ر و د:B001:الإرادة والمشيئة
C592	0.7029	ritual_belief/belief_revelation / spirit / religion / evil	43	16	16	22	0.05932309	0.1833	0.9545	0.7727	1,3,5,6,11,13,15,17,23,27,30,41,46,47,48,53,58,60,62,63,64,65,67,69,71,72,73,77,78,83,88,89,90,91,92,94,96,97,99,100,101,106,107	ء ن س ت ب ع ج ن ن ر ء ي س ح ر ش ط ن ض ل ل ط غ و ط غ ي ع ب د غ ر ر ف ت ن ف ج ر ق ب ل م س س ن ف ر	theme:ritual_belief/belief_revelation(81.3799); kw:spirit(74.4006); kw:religion(54.1778); kw:evil(53.335); kw:magic(43.4363); kw:deviation(40.4815); kw:haunting(38.5491); kw:worship(37.6199)	ط غ ي:B003:الطاغوت رأس الضلالة → ط غ و:B003:الطاغوت رأس الضلالة والطغيان
C593	0.7029	assent / confirmation / dialogue / affirmation	32	11	14	18	0.06460202	0.2069	1.0	0.7778	1,5,9,10,12,19,20,23,41,45,52,59,60,62,68,69,70,71,72,80,82,83,88,89,90,93,94,98,99,101,102,107	ء ج ل ء م ن ء ي ي ب ء س ج و ب ر ء ي ص د ق ك ر م ن ع م ه ا ء ي م ن	kw:assent(53.6648); kw:confirmation(50.3071); kw:dialogue(48.7992); kw:affirmation(48.1671); kw:answer(46.5929); kw:question(46.5929); kw:commitment(42.2076); theme:language_communication/communication(41.9947)	ب ء س:B004:بئس كلمة ذم → ن ع م:B003:مدح الشيء بنعم
C594	0.7028	tribute / revenue / tax / economy_property/finance_debt	27	10	11	9	0.06607776	0.1667	1.0	1.0	2,5,7,12,13,23,26,28,37,48,55,59,63,66,71,76,80,81,85,88,91,92,94,98,101,104,107	ء ت ي ج ب ل ج ز ي ج ي ء خ ر ج ز ج و س ن و ض ر ب ن ه ر ي س ر	kw:tribute(81.3321); kw:revenue(79.3254); kw:tax(66.0079); theme:economy_property/finance_debt(63.4321); kw:levy(62.7642); kw:taxation(60.9791); kw:ease(38.6317); kw:finance(37.1238)	خ ر ج:B003:مال يخرج على جهة معلومة → ض ر ب:B010:المال المضروب على أحد
C595	0.7027	sound / death / noise / silence	28	15	17	30	0.06320963	0.2239	1.0	0.7	9,10,19,24,26,39,45,55,64,67,68,69,70,71,73,74,75,82,85,86,90,93,94,95,97,104,107,110	ء م ن ب ر ر خ ف ت خ ف ض ر ك ن ر و ح س ك ن ص م م ص و ت ط م ء ن ط م ن م و ت ن ب ء و ح ي ي م ن	kw:sound(61.6497); kw:death(55.9423); kw:noise(55.7051); kw:silence(53.1324); kw:calm(44.9833); theme:cognition_perception/perception(42.8257); kw:stillness(41.1882); kw:voice(37.4165)	و ح ي:B005:صوت خفي → ن ب ء:B006:الصوت الخفي الملتبس
C596	0.7027	marriage / gender / woman / kinship	27	12	12	15	0.05464095	0.2273	1.0	0.8	1,6,8,15,16,18,19,22,29,34,40,50,52,54,59,68,69,77,80,88,93,94,95,101,102,103,105	ء ن ث ب ر ك ج م ع ح د د ح ص ر ر د د ر س ل ر و د ص د ق ظ ن ن ق ع د ي ت م	kw:marriage(102.1765); kw:gender(95.1661); kw:woman(93.8324); kw:kinship(38.0967); kw:family(34.2328); kw:courtship(32.5328); kw:mourning(31.3821); kw:persuasion(28.9576)	ب ر ك:B009:امرأة ذات ابن كبير تتزوج → ظ ن ن:B009:امرأة يرجى ولدها
C597	0.7027	gold / currency / metal / nugget	21	9	11	13	0.05770633	0.25	1.0	0.8462	7,9,13,17,30,35,40,41,58,60,62,63,73,75,78,79,86,89,93,96,97	ت ب ر خ ب ر ذ ه ب ذ و ق ز خ ر ف ص ر ف ص ف و ف ت ن ق و م	kw:gold(74.4006); kw:currency(46.5929); kw:metal(39.8493); kw:nugget(36.9273); kw:gilding(35.7766); kw:test(33.004); kw:metallurgy(28.7797); kw:luxury(27.7169)	ت ب ر:B002:الجوهر قبل الصياغة والفتات → ذ ه ب:B001:الذَّهَب المعدن
C598	0.7027	beginning / onset / time_measure_quantity/sequence_cycle / triad	32	11	11	11	0.05851107	0.2	1.0	0.8182	1,2,5,7,9,12,15,35,36,44,51,55,58,59,64,77,78,79,84,88,91,92,93,94,95,97,99,101,102,105,107,110	ء و ل ب ش ر ت س ع ج ن ن س م و غ ر ر ق ب ل ق ف و ل ي ل ن ف ل ه د ي	kw:beginning(67.4691); kw:onset(57.219); theme:time_measure_quantity/sequence_cycle(42.6276); kw:triad(35.7766); kw:novelty(29.9889); kw:month(29.1436); kw:priority(28.4462); theme:land_water_sky/sky_astronomy(27.2062)	ن ف ل:B005:ليال زائدة بعد الغرر → ت س ع:B005:ليال تنتهي بالتاسعة
C599	0.7026	destruction / ruin / edge / border	30	15	15	17	0.06765959	0.1619	1.0	0.8824	1,4,7,9,11,12,16,17,23,26,28,30,32,34,36,40,45,46,51,57,58,59,60,82,83,93,94,96,102,105	ب ش ر ب ص ر ت ب ر ث ب ر ح ج ب ح و ط د ب ر د م ر ر ج و ش ر ر ش ف ي ص ف و ق ر ب ق ض ي ه ل ك	kw:destruction(95.9952); kw:ruin(48.8874); kw:edge(46.1287); kw:border(44.9833); kw:eradication(34.1547); kw:loss(33.6183); kw:side(33.6183); kw:rim(29.9889)	ه ل ك:B001:السقوط إلى الهلاك والفناء → ث ب ر:B002:الهلاك والثبور
C600	0.7025	knowledge / epistemology / comprehension / cognition_perception/knowledge_learning	35	12	13	13	0.0619867	0.1688	1.0	0.9231	12,13,14,16,17,20,23,25,26,29,30,31,33,36,38,39,44,46,47,52,54,55,60,71,81,84,85,89,96,97,100,101,102,105,107	ح س ب ح ق ق ح ك م ح و ط خ ب ر خ ش ي ظ ن ن ع ل م ف ق ه ق ت ل ك ل ل ك ل و	kw:knowledge(112.0609); kw:epistemology(83.1508); kw:comprehension(47.0731); theme:cognition_perception/knowledge_learning(47.0101); kw:inclusion(45.7343); kw:certainty(31.7301); kw:semantics(31.3821); kw:totality(30.2314)	ق ت ل:B003:إحاطة علمية كأن الأمر مقهور → ح و ط:B004:تمام الإحاطة علما وإحرازا
C601	0.7024	tree / growth / agriculture_food/plant_vegetation / plant	50	15	17	32	0.05823347	0.2388	0.875	0.5312	2,3,8,12,17,18,19,20,23,24,25,26,27,28,30,36,37,38,39,40,44,46,54,55,57,59,60,65,66,68,71,74,76,79,80,83,84,85,86,87,88,91,92,93,100,101,102,104,107,108	ء ت ي ج ب ل ج ن ب ج ن ن ح ظ ر ح ل م خ ل ف ر ب ب ش ج ر ش ك ر ش ي ء ق ف و ق ل ب ل ف ف ن خ ل	kw:tree(90.5216); kw:growth(63.214); theme:agriculture_food/plant_vegetation(62.3856); kw:plant(60.266); kw:vegetation(57.2526); kw:grove(57.219); kw:palm(56.8604); kw:ecology(51.155)	ج ن ن:B011:التفاف النبات واندفاعه → ل ف ف:B002:نبات أو شجر يلتف بعضه ببعض
C602	0.7024	walking / intention / will / volition	28	10	13	17	0.06175598	0.2297	1.0	0.7647	5,7,12,16,18,19,21,30,37,44,47,48,49,51,54,61,64,70,74,81,86,94,95,98,99,101,103,104	ج ي ء خ ل ق خ ي ل د ر ج ر ج ل ر و د س ع ي ش ي ء ط و ع م ش ي	kw:walking(59.9777); kw:intention(50.1599); kw:will(49.5059); kw:volition(48.1671); kw:capability(35.7766); kw:production(29.1436); kw:purpose(28.6095); kw:creation(27.5858)	ش ي ء:B002:المشيئة المتعلّقة بالشيء → ر و د:B001:الإرادة والمشيئة
C603	0.7024	friendship / family / alliance / affection	32	12	12	12	0.06314365	0.1818	1.0	0.8333	2,5,8,24,26,27,28,32,33,34,40,45,46,49,51,54,57,66,67,68,70,71,73,80,82,87,91,97,98,100,110,111	ء خ ذ ء خ و ء م م ب ر ر ج د د ح ج ب خ ل ل ر ح م ص د ق ص ف و ق ر ب و ل ي	kw:friendship(76.9137); kw:family(68.4655); kw:alliance(53.7561); kw:affection(42.9143); theme:emotion_ethics/trust_loyalty(42.3903); kw:kinship(38.0967); kw:brotherhood(36.9273); kw:parent(32.5328)	خ ل ل:B003:مودة تتخلل النفس → ص د ق:B005:صدق المودة والصحبة
C604	0.7023	arrogance / pride / flood / authority	32	10	17	30	0.06375425	0.24	0.9667	0.6667	1,3,4,5,6,7,9,14,15,17,20,21,23,25,30,31,33,37,40,43,49,51,53,60,65,66,67,70,87,96,98,111	ب ح ر ط غ و ط غ ي ط و ل ع ب د ع ظ م ع ل و ك ب ر م د د ن ف س	kw:arrogance(55.9858); kw:pride(54.2007); kw:flood(45.3471); kw:authority(41.9427); kw:ethics(35.1221); kw:tyranny(34.884); kw:honor(34.4119); kw:greatness(33.5381)	ط غ ي:B002:علو الماء والقوة الجارفة → ط غ و:B002:طغيان الماء وما يجري مجراه
C605	0.7023	blessing / need / benefaction / kinship_society/hospitality_welfare	49	14	16	23	0.05760313	0.1949	1.0	0.6522	1,3,5,8,12,16,17,19,20,23,24,25,27,28,29,30,34,36,38,39,40,46,53,54,55,57,60,65,66,67,69,71,73,79,80,82,83,84,85,87,91,93,96,99,100,101,102,108,110	ء م م ت ر ف خ ل ل ر ب ب ر ب و ر ح م ر و ح ر ي ب س ء ل ش ك ر ع ب د م س س ن ع م ي د ي	kw:blessing(76.7833); kw:need(74.0586); kw:benefaction(43.7155); theme:kinship_society/hospitality_welfare(41.5042); kw:favor(40.8244); kw:welfare(39.7012); kw:gift(37.8305); kw:goal(32.1114)	ي د ي:B003:اليَد النعمة → ن ع م:B001:حسن الحال والنعمة
C606	0.7021	verse / meter / language_communication/writing_text / ending	33	10	11	11	0.06016296	0.2037	1.0	0.8182	2,4,6,7,9,12,13,14,22,26,29,36,40,41,45,46,47,58,60,64,70,71,76,78,80,82,88,89,93,97,101,104,106	ب ن ي ب ي ت خ ر ج ر ج ل ف ص ل ق ر ء ق ع د ق ف و ك ت ب و ج ه	kw:verse(60.4627); kw:meter(59.0879); theme:language_communication/writing_text(50.4216); kw:ending(47.5952); kw:rhyme(45.7343); kw:language(40.4595); theme:language_communication/rhetoric_discourse(33.3812); kw:vowel(33.004)	ق ف و:B003:قافية الكلام وآخره → ب ي ت:B003:بيت الشعر
C607	0.702	rupture / opening / expansion / damage	29	15	15	21	0.06031193	0.2	0.9524	0.8571	7,11,12,14,15,21,23,25,33,37,49,51,52,53,55,64,66,67,70,73,78,83,88,90,91,98,106,107,109	ب ح ر ب ع ض ج د د ج و ب خ ر ر خ ر ق ش ر ر غ ر ر ف ج ر ف ر ق ف ر ي ف ط ر ن ز غ ن ف س ن ه ر	kw:rupture(93.3362); kw:opening(61.873); kw:expansion(44.0082); kw:damage(37.4165); kw:division(36.4916); kw:injury(32.5509); kw:perforation(30.7655); kw:breach(29.544)	خ ر ق:B001:الشَّق والثقب والقطعة → ج و ب:B001:الخَرْق والقطع النافذ
C608	0.7019	body_health_life/health_medicine / recovery / convalescence / medicine	26	9	9	7	0.05392918	0.1944	1.0	1.0	4,7,8,9,13,23,25,34,35,37,43,44,48,51,58,62,69,78,79,84,88,89,91,97,99,106	ب ل غ ش ك ل ع ل و ع و د غ ف ر ف ر ق ق و م م ث ل ن خ ل	theme:body_health_life/health_medicine(65.0491); kw:recovery(40.4815); kw:convalescence(34.884); kw:medicine(28.0257); kw:relief(26.8781); kw:health(23.9465); kw:condolence(18.4636); kw:intensification(17.8883)	ع ل و:B011:السلامة من النفاس أو العلة → م ث ل:B012:التماثل من العلة
C609	0.7018	weakness / incapacity / judgment / helplessness	34	12	13	18	0.05791996	0.2338	1.0	0.6667	2,3,7,9,12,13,15,16,20,22,23,29,34,36,37,38,39,42,52,54,65,68,71,75,84,85,86,89,94,97,101,102,103,104	ء م ر ب ل غ ض ع ف ظ ن ن ف ء د ك ل ل ل ف ف ل ي س م ع ع ه د ي و ج ه و ك ل	kw:weakness(68.9456); kw:incapacity(46.5929); kw:judgment(42.2961); kw:helplessness(36.9273); kw:conformity(31.3821); kw:success(30.2314); theme:cognition_perception/reasoning_decision(29.4827); kw:frailty(27.9929)	ء م ر:B008:ضعيف الرأي التابع → ل ي س:B007:الأليس ضعيف الرأي
C610	0.7017	palm / sapling / agriculture_food/plant_vegetation / tree	29	12	16	31	0.05537683	0.2696	0.9677	0.6452	2,3,6,8,12,18,22,24,29,30,33,39,44,45,46,51,54,60,62,71,74,79,80,86,88,91,92,99,103	ج ع ل ج م ع ذ ر ر س ق ط ش ي ء ص غ ر ع س ي غ ل ل ف ت ل ف ص ل ق ل ب ن خ ل	kw:palm(102.3487); kw:sapling(66.0079); theme:agriculture_food/plant_vegetation(62.3856); kw:tree(45.2608); kw:shoot(43.1696); kw:growth(42.1427); kw:smallness(39.2775); kw:seedling(34.884)	ج ع ل:B006:النخل الصغار أو القصار → ش ي ء:B006:صغار النخل
C611	0.7017	estrus / desire / mating / beast	26	10	11	11	0.06612887	0.2037	1.0	0.8182	1,2,6,8,12,13,18,22,29,33,36,37,39,41,44,45,46,47,60,63,69,80,89,95,97,99	ت ب ع ج ع ل ح ر م ح ش ر س ب ع س م ع ص ر ف ع ن ق ل ع ن م ش ي	kw:estrus(47.0731); kw:desire(45.1864); kw:mating(41.7788); kw:beast(41.5754); theme:animal_life/wildlife(40.33); kw:leopard(36.9273); kw:animal(34.439); kw:wolf(30.7655)	س م ع:B010:السَّمْع ولد الذئب والضبع → س ب ع:B002:السبع الحيوان المفترس
C612	0.7017	evil / fortune / morality / self	50	10	11	9	0.05249607	0.1667	1.0	0.8889	11,13,16,23,24,28,33,35,39,40,42,43,46,47,48,49,50,51,53,56,60,61,62,63,64,67,68,80,81,83,84,85,88,90,93,94,95,96,97,98,99,100,101,102,104,105,107,108,110,111	ء ج ل ج ن ب خ ي ر ش ر ر ط و ع ق و ل ل ق ي م س س ن ذ ر و ل ي	kw:evil(40.0012); kw:fortune(39.7012); kw:morality(35.1186); kw:self(29.1436); kw:experience(28.9576); kw:devotion(26.6675); kw:welfare(26.4674); kw:ethics(26.3416)	ش ر ر:B001:الشَّرّ والسوء → خ ي ر:B001:الميل إلى الخير النافع
C613	0.7016	blessing / kindness / kinship_society/hospitality_welfare / grace	49	15	17	20	0.06234339	0.1493	1.0	0.8	1,7,8,12,13,17,18,20,23,24,25,27,28,29,30,34,35,38,39,40,43,44,46,53,54,55,57,60,65,66,67,68,70,71,75,78,79,80,82,83,84,85,87,93,97,100,102,108,110	ء م م ء و ي ب ر ر ب ر ك ح س ن ح ي ي ر ب ب ر ح م س ب ح ص ل و ص ل ي م س ك ن ش ر ن ع م ي د ي	kw:blessing(115.1749); kw:kindness(58.2873); theme:kinship_society/hospitality_welfare(58.1058); kw:grace(57.5595); kw:mercy(54.6714); kw:kinship(47.6209); kw:family(45.6437); kw:compassion(45.3471)	ص ل ي:B002:الدعاء والبركة والرحمة → ص ل و:B002:الدعاء والثناء والرحمة
C614	0.7016	family / kinship / kinship_society/social_relations / lineage	41	13	15	20	0.0607207	0.1961	1.0	0.75	1,8,12,13,17,20,23,24,26,28,29,32,33,34,36,38,42,45,48,51,53,54,57,66,67,68,70,71,72,82,83,84,85,87,89,96,97,100,101,104,110	ب ر ر ب ع د ب ي ن ح ر م ر ح م س ء ل س ب ل ع ن د ع ه د ق ر ب ك ل ل م س س و س ل	kw:family(79.8764); kw:kinship(47.6209); theme:kinship_society/social_relations(47.5151); kw:lineage(43.3422); kw:proximity(36.1582); kw:obligation(33.8345); kw:relative(33.5381); kw:society(31.1678)	ق ر ب:B005:القربة والقربان إلى الله → و س ل:B001:التقرب بالوسيلة والرغبة
C615	0.7015	name / place / genealogy / lineage	19	11	11	11	0.05715611	0.2	1.0	1.0	3,7,9,12,13,19,23,25,29,34,35,40,42,44,53,78,90,91,110	ء ن ث ح س ن ح ل م ش ك ر ش م س ص ل ح ع ر ش ع ن ق ن ب ع ن خ ل ن ه ر	kw:name(97.7867); kw:place(61.8514); kw:genealogy(49.2484); kw:lineage(43.3422); kw:onomastics(42.2076); kw:toponym(35.6904); kw:tribe(35.6904); kw:astronomy(32.1222)	ش ك ر:B007:أسماء قبائل → ء ن ث:B008:قبيلتا الأنثيين
C616	0.7015	hostility / enmity / conflict_security/conflict / conflict	12	8	9	9	0.05749311	0.2571	1.0	0.8889	17,35,52,53,56,63,78,98,101,102,104,110	ب ع د ج ز ي ج ه ر ش م س ظ ن ن ع د و ك ش ف ك ي ل	kw:hostility(68.0407); kw:enmity(59.0879); theme:conflict_security/conflict(54.7625); kw:conflict(34.5926); kw:enemy(31.3821); kw:opposition(27.1003); kw:politics(26.2769); kw:society(20.7785)	ظ ن ن:B007:ظنين معاد → ع د و:B003:العَدُوّ والعداوة
C617	0.7014	rain / fertility / weather / ecology	32	16	17	34	0.06096972	0.2519	0.9706	0.5588	5,7,13,16,17,23,26,30,31,32,33,34,37,42,46,48,62,63,64,70,72,75,80,83,84,85,86,97,104,108,110,111	ء م ر ب ع د ح ي ي خ ي ل ذ ه ب ر ز ق س ب ل ض ر ب ع ه د ك ر م م ر ح ن ش ر ن ص ر ن ع م و ع د و ل ي	kw:rain(130.3217); kw:fertility(85.1167); kw:weather(75.8909); kw:ecology(61.386); kw:shower(58.2873); kw:renewal(54.4326); kw:promise(45.7343); kw:precipitation(44.6404)	و ل ي:B010:مطر يلي الوسمي → ع ه د:B007:مطر يتعاهد الأرض بعد بلل أو في أوائل الوسمي
C618	0.7013	land_water_sky/water_hydrology / pool / channel / hydrology	48	16	17	30	0.05641251	0.2222	0.9667	0.5667	2,5,6,7,12,17,20,23,25,26,27,29,33,36,40,47,54,55,56,59,61,64,66,67,70,71,73,75,80,81,82,84,85,88,91,92,93,94,95,99,100,101,102,104,105,106,107,111	ء ت ي ء ج ل ء خ ذ ب ح ر ب ذ ر ج ي ء ذ ن ب ر ج ل ع ل م غ ل ل ك ر ر م د د م ل ك ن ز ل ن ص ر ن ه ر	theme:land_water_sky/water_hydrology(162.4996); kw:pool(71.5238); kw:channel(66.4155); kw:hydrology(64.5801); kw:irrigation(63.9861); kw:basin(63.4145); kw:flow(47.7898); kw:reservoir(44.9833)	ء ت ي:B004:مجرى الماء وتسليك سبيله → ن ه ر:B001:نهر يشق الأرض بماء جار
C619	0.7013	time_measure_quantity/time / delay / duration / history	32	14	17	24	0.06389044	0.1818	1.0	0.875	6,7,10,13,14,15,17,19,20,21,22,25,28,29,33,36,37,39,45,47,48,52,57,58,62,64,69,71,72,97,99,104	ء ج ل ء خ ر ء م م ر ج ل ر ج و س ع ر ط و ل ع ن ق ق ر ن ق ف و م د د ن ظ ر ن ف س ي و م	theme:time_measure_quantity/time(125.5679); kw:delay(100.8813); kw:duration(100.8813); kw:history(77.5108); kw:time(54.0886); kw:deferment(53.6648); kw:era(48.7992); kw:postponement(48.7992)	ع ن ق:B014:عنق الدهر القديم → ق ف و:B009:قفا الدهر بمعنى الأبد
C620	0.7013	sin / offense / guilt / crime	29	12	13	13	0.06148499	0.1688	1.0	1.0	2,4,8,9,17,21,23,24,25,27,31,40,43,44,51,60,64,67,69,73,78,87,88,89,90,91,98,99,111	ء خ ذ ج ل ب ج ن ح ج ن ن خ ط ء خ ف ض ذ ن ب ظ ه ر غ ف ر ف ج ر ك ب ر ك ف ر	kw:sin(95.6749); kw:offense(74.4006); kw:guilt(60.9791); kw:crime(57.5595); kw:transgression(55.7051); kw:accountability(53.335); kw:wing(44.316); kw:liability(39.2775)	ذ ن ب:B001:الذنب والإثم → خ ط ء:B002:الخطيئة ذنب وإثم
C621	0.7011	recitation / language_communication/writing_text / collection / education	21	9	14	22	0.06129785	0.2619	0.9545	0.7273	2,4,9,13,14,16,17,39,41,45,46,58,60,71,78,82,88,89,93,103,106	ج م ع ظ ه ر ف ر ق ق ر ء ق ر ن ق ر ي ك ت ب ل ق ي ن ش ر	kw:recitation(74.4006); theme:language_communication/writing_text(55.4638); kw:collection(54.2007); kw:education(53.7561); kw:scripture(44.316); kw:joining(42.2076); kw:assembly(39.5566); kw:gathering(38.5105)	ق ر ء:B001:جمع واجتماع → ق ر ي:B002:جمع ماء أو شيء في مستقر
C622	0.7011	burden / load / guilt / transport	39	12	16	21	0.06390286	0.1858	1.0	0.8095	1,3,4,7,9,11,12,13,14,15,17,18,20,24,29,36,38,41,43,45,46,52,56,60,62,70,71,74,76,77,78,82,84,85,88,89,93,97,106	ج ن ح ح م ل ح و ل ذ ن ب ظ ه ر ع ج ل ع ل و ق ر ء ق ل ل ك ل ل و ز ر و ق ر	kw:burden(129.0195); kw:load(69.6314); kw:guilt(60.9791); kw:transport(60.9379); kw:sin(54.6714); kw:offense(44.6404); kw:labor(41.6517); kw:weight(40.0012)	ح م ل:B003:تحمّل الأمانة والوزر → و ز ر:B002:الوزر الحمل الثقيل
C623	0.7011	currency / gold / economy_property/commerce_exchange / nugget	23	9	11	14	0.05510913	0.2642	1.0	0.7143	6,7,9,12,13,21,35,37,41,55,58,60,62,63,66,70,73,78,79,86,87,89,97	ت ب ر ح و ط ذ ه ب ر د د ص ر ف ط و ل ف ت ن ف ض ل ق و م	kw:currency(46.5929); kw:gold(44.6404); theme:economy_property/commerce_exchange(39.9715); kw:nugget(36.9273); kw:metallurgy(28.7797); kw:metal(26.5662); kw:finance(24.7492); kw:measurement(23.0643)	ت ب ر:B002:الجوهر قبل الصياغة والفتات → ذ ه ب:B001:الذَّهَب المعدن
C624	0.7009	place / toponym / name / sanctuary	29	17	17	30	0.05301432	0.2206	1.0	0.8	1,2,4,6,9,12,23,25,26,27,28,33,36,40,43,44,45,49,50,68,70,78,90,91,93,98,101,104,108	ء ح د ب ذ ر ب ن ي ج د د ح ج ر ح ر م ح ص ب ح ل م س ب ح س ت ر ش م س ص ل ح ق و ف ن ب ع ن خ ل ن ه ر ي س ر	kw:place(103.0856); kw:toponym(95.1745); kw:name(86.9215); kw:sanctuary(56.5787); theme:space_form_boundary/place_location(52.4583); kw:locality(42.2076); kw:pilgrimage(42.2076); kw:onomastics(42.2076)	ج د د:B014:مواضع مسماة → ن ب ع:B005:أسماء المواضع
C625	0.7009	calamity / suffering / hardship / severity	39	14	15	28	0.05855706	0.2692	0.8214	0.5714	1,3,4,5,7,10,13,14,15,17,23,25,29,30,33,34,51,53,54,55,57,58,59,60,64,65,68,69,73,77,82,93,94,95,96,97,102,105,106	ء ل م ب ء س ج ل ب ر س ل ز ب ر ش د د ص م م ع ب د ع ذ ب ع ن ق ف ت ن م ر ر ن ز ل ن ف س	kw:calamity(83.9958); kw:suffering(79.4706); kw:hardship(69.8349); kw:severity(47.4879); kw:trial(43.4363); theme:emotion_ethics/suffering_hardship(42.8019); kw:ordeal(40.8244); kw:affliction(36.578)	ع ب د:B007:القوة والصلابة → ش د د:B002:شدة القوة والصلابة
C626	0.7009	weakness / heart / judgment / incapacity	18	11	15	25	0.06108754	0.2525	1.0	0.76	2,9,15,16,36,46,52,65,68,75,84,85,94,97,101,102,104,110	ء م ر خ س ف خ ف ت ض ع ف ظ ن ن ف ء د ق ل ب ل ف ف ل ي س م و ت ه د ي	kw:weakness(91.9274); kw:heart(62.1956); kw:judgment(31.722); kw:incapacity(31.0619); kw:frailty(27.9929); kw:heaviness(27.2163); kw:hunger(26.5662); kw:courage(26.185)	ف ء د:B002:الفؤاد قلب منظور إليه كتوقد داخلي → ق ل ب:B001:القلب والفؤاد
C627	0.7006	poverty / need / money / economy	24	12	12	13	0.06328656	0.197	1.0	0.8462	5,6,16,17,26,27,31,34,40,56,58,61,64,70,73,78,80,89,91,92,95,99,100,111	ب ذ ر خ ل ل د ل ك ر ي ب ص د ق ق ت ر ك ث ر م ل ق م ل ك م و ل ن ف ق ه ل ك	kw:poverty(83.2777); kw:need(61.7155); kw:money(42.6693); kw:economy(39.9048); kw:scarcity(32.7774); kw:wealth(32.29); kw:property(32.081); kw:friction(31.3821)	خ ل ل:B002:حاجة تسد فرجة → ر ي ب:B003:حاجة يخاف فوتها
C628	0.7005	power / prosperity / capacity / wealth	36	15	16	22	0.06347293	0.1849	1.0	0.7727	1,7,12,14,15,21,25,28,29,30,31,33,37,43,44,49,55,65,66,67,68,69,70,71,75,77,80,85,86,87,93,97,98,99,100,108	ب ح ر ب س ط ج د د خ ز ن ر ز ق ر و ح س ب ح س ل ط ط و ل ف ض ل ق د ر ن ف س و ج د ي س ر ي م ن	kw:power(65.5548); kw:prosperity(63.9861); kw:capacity(61.2574); kw:wealth(53.8167); kw:fortune(52.9349); kw:breadth(42.2076); kw:livelihood(38.2751); kw:luck(35.7766)	ق د ر:B003:تمكن يبلغ بصاحبه الفعل والملك → ط و ل:B004:الطَّوْل والقدرة
C629	0.7005	sustenance / provision / ration / food	51	11	12	12	0.05920357	0.1846	1.0	0.6667	3,5,11,12,14,15,17,18,19,20,23,24,25,27,30,31,32,33,34,35,36,37,38,42,44,47,49,50,51,53,57,58,65,66,67,70,72,78,81,83,87,88,91,93,95,96,98,100,101,108,111	ب ل غ ب ي ت ح س ب ر ب و ر ز ق ز ج و س ح ر غ س ق ك ف ي ك و ن ك ي ل	kw:sustenance(80.963); kw:provision(68.0039); kw:ration(62.7642); kw:food(62.377); kw:survival(59.6098); kw:nourishment(38.6317); kw:livelihood(38.2751); kw:subsistence(28.7797)	ك ف ي:B003:القوت الذي يكفي الحاجة → ب ل غ:B003:الكفاية التي يتبلغ بها
C630	0.7005	leather / material / hide / tanning	29	11	11	9	0.05999354	0.1636	1.0	1.0	1,4,7,9,14,15,25,29,33,37,39,41,42,44,47,51,57,59,62,67,73,74,78,86,89,93,94,100,105	ء ل ي ب ش ر ح ر م ح ل م ص ر ف غ ل ل ك ذ ب م ر ح م س ك ن ج و ن ف س	kw:leather(65.0179); kw:material(56.477); kw:hide(54.9176); kw:tanning(48.7992); kw:skin(48.3198); kw:craft(35.5769); kw:peeling(31.3821); theme:craft_material_built/craft(25.7611)	غ ل ل:B012:بقية لحم في الإهاب → م س ك:B005:جلد يمسك ما فيه
C631	0.7003	blessing / bounty / favor / gift	36	13	15	22	0.06246791	0.2157	1.0	0.6818	3,7,8,12,16,19,21,23,24,27,28,29,34,35,37,53,54,55,57,61,66,67,68,69,70,71,82,83,87,89,98,99,100,107,109,110	ء م م ب ر ر ت ر ف ح س ن خ ر ر ر ح م ش ك ر ط و ل ط ي ن ف ض ل ك ف ر ن ع م ي د ي	kw:blessing(76.7833); kw:bounty(57.219); kw:favor(54.4326); kw:gift(50.4406); theme:kinship_society/hospitality_welfare(49.805); kw:gratitude(47.5952); kw:kindness(43.7155); kw:luxury(41.5754)	ي د ي:B003:اليَد النعمة → ن ع م:B001:حسن الحال والنعمة
C632	0.7003	covenant / treaty / pledge / pact	36	6	11	17	0.05727957	0.3617	0.9412	0.5882	1,8,12,17,18,20,22,23,24,25,27,28,30,33,34,38,39,40,46,54,55,57,60,65,66,79,80,84,85,87,93,97,100,102,108,111	ح ر م ذ م م ر ب ب ر ب و ع ه د و ل ي	kw:covenant(68.9644); kw:treaty(51.232); kw:pledge(42.2076); kw:pact(33.004); kw:sanctity(31.0619); kw:guarantee(30.7655); kw:diplomacy(28.4462); kw:security(24.1599)	ح ر م:B006:الحرمة والذمة والحق → ذ م م:B002:حرمة العهد والذمام
C633	0.7003	language / ambiguity / verse / meter	36	12	12	10	0.06416271	0.1515	1.0	0.9	1,2,7,9,11,12,14,15,22,29,36,41,45,46,52,56,57,59,60,67,71,72,78,82,83,84,88,89,93,94,97,98,101,104,106,110	ء ي ي ب ي ت د ع و ش ك ل ع م ي ق ر ء ق ع د ق ف و ل ف ف م س س ه د ي و ج ه	kw:language(60.6892); kw:ambiguity(59.9777); kw:verse(45.3471); kw:meter(44.316); kw:interpretation(41.0035); kw:confusion(39.1426); theme:language_communication/rhetoric_discourse(33.3812); kw:sound(30.8249)	م س س:B009:اختلاط ملتبس → ش ك ل:B004:اختلاط يورث إشكالا
C634	0.7002	hearing / ear / sound / cognition_perception/perception	18	11	17	36	0.05973787	0.3	0.9444	0.6944	1,12,18,30,36,37,40,44,46,47,54,64,66,67,70,74,86,97	ء ذ ن ء ن ث ب ح ر خ ر ق س م ع ش ي ء ص م م ص و ت ق ص و ق و ف و ق ر	kw:hearing(126.6227); kw:ear(111.9716); kw:sound(51.3748); theme:cognition_perception/perception(49.4142); kw:listening(47.0731); kw:obedience(39.8493); kw:organ(39.0107); kw:auricle(36.9273)	س م ع:B001:إدراك الأصوات بالأذن → ء ذ ن:B002:الإصغاء وقبول المسموع
C635	0.7002	darkness / night / concealment / dawn	23	15	17	35	0.0604192	0.2612	0.9143	0.6857	1,8,12,23,24,27,45,47,51,67,69,78,79,88,89,90,91,92,93,98,99,101,109	ب ي ت ج ن ح ج ن ن ح ج ب خ ش ع س ح ر س ر ي س ق ط ع س ي غ س ق ف ج ر ك س ف ك ف ر ل ي ل ن ه ر	kw:darkness(163.4719); kw:night(129.0195); kw:concealment(65.5548); kw:dawn(56.5787); kw:transition(45.5656); kw:astronomy(42.8296); kw:veil(42.2076); kw:time(36.0591)	ج ن ح:B004:جنح الليل وإقباله → ج ن ن:B002:غشيان الليل
C636	0.7002	calm / stillness / silence / aesthetics	32	14	16	27	0.06384047	0.2308	0.963	0.6667	2,4,6,9,10,15,19,26,40,45,54,55,59,68,69,70,71,74,75,77,82,84,90,93,94,95,97,101,104,105,107,110	ء م م ء م ن ب ش ر ب ن ي خ ف ت ر س ل ر ك ن س ك ن ش ك ل ط م ء ن ط م ن م و ت ن ب و ه د ي	kw:calm(74.9722); kw:stillness(41.1882); kw:silence(39.8493); kw:aesthetics(38.1608); kw:trust(37.4165); kw:beauty(34.4119); kw:assurance(34.1547); kw:repose(33.5381)	ط م ن:B001:السكون بعد الانزعاج → ط م ء ن:B001:السكون والطمأنينة
C637	0.7001	chin / jaw / ecology / plant	42	12	17	33	0.05979399	0.2558	0.8485	0.5758	3,8,12,17,19,20,23,24,25,27,28,30,38,39,40,46,53,54,55,57,60,62,65,66,68,69,76,78,79,80,83,84,85,87,88,91,93,100,102,107,108,109	ج ن ب ج ن ن ح ك م ح ن ك خ ل ف د ل ك ذ ق ن ر ب ب ر و ح ش ج ر ش ك ر ع د و	kw:chin(76.2238); kw:jaw(75.5784); kw:ecology(61.386); kw:plant(60.266); kw:palate(48.7992); kw:restraint(43.7032); kw:growth(42.1427); kw:agriculture(41.0786)	ش ك ر:B004:خروج الشكير والنبات الغض → ش ج ر:B001:الشجر ذو الساق
C638	0.7	honor / dignity / pride / arrogance	37	10	17	32	0.06023716	0.2602	0.9062	0.5938	1,3,4,5,7,9,14,15,17,21,22,23,25,30,31,33,39,40,42,43,46,49,51,53,60,62,65,70,87,92,94,96,97,98,99,110,111	ء ل ه ج د د ح ر م ع ب د ع ظ م ع ل و ك ب ر ك ر م ن ف س و ق ر	kw:honor(80.2944); kw:dignity(74.4006); kw:pride(54.2007); kw:arrogance(41.9894); kw:authority(41.9427); kw:majority(34.884); kw:majesty(34.884); theme:emotion_ethics/honor_shame(34.0407)	ك ب ر:B002:معظم الأمر → ع ظ م:B002:معظم الشيء
C639	0.6999	sound / cognition_perception/perception / noise / acoustics	21	13	14	24	0.05684893	0.2667	1.0	0.6667	1,6,36,37,39,41,47,48,55,64,67,68,69,70,73,86,89,97,107,109,110	ب ر ر خ ر ر خ ر ق خ ف ت س م ع ص ر ف ص م م ص و ت ض ر ب ق ص ف ك ر ر ن ب ء و ح ي	kw:sound(102.7495); theme:cognition_perception/perception(56.0028); kw:noise(55.7051); kw:acoustics(53.9753); kw:murmur(47.5952); kw:music(41.9894); kw:voice(37.4165); kw:wheeze(35.7766)	و ح ي:B005:صوت خفي → ن ب ء:B006:الصوت الخفي الملتبس
C640	0.6999	testimony / falsehood / deception / lie	51	12	15	20	0.05866726	0.202	0.95	0.7	2,4,7,16,23,24,26,28,33,38,40,42,43,47,49,50,51,53,55,56,59,60,61,62,63,67,68,70,80,81,84,85,88,90,92,93,94,95,96,97,98,99,100,101,102,104,105,107,108,110,111	ء ج ل ب ر ر ب ط ل ت ل و ح ق ق د و ن ز ع م ع ل و ع ن د ق و ل ك ذ ب ن ب ء	kw:testimony(53.1324); kw:falsehood(52.3699); kw:deception(48.3198); kw:lie(44.316); kw:command(42.2076); kw:claim(41.9894); kw:imposture(38.5491); kw:exhortation(34.1547)	د و ن:B004:الإغراء بالتناول → ع ن د:B006:إغراء عندك بالأخذ
C641	0.6998	hierarchy / authority / sovereignty / honor	34	15	17	27	0.06105489	0.2015	1.0	0.7407	4,5,7,9,12,21,23,29,31,33,34,37,39,40,42,43,46,49,51,56,58,60,61,65,73,80,86,87,92,95,97,98,100,111	ج ب ل ج د د ز ع م س ل ط س ن و ش د د ع ر ش ع ظ م ع ل و ك ب ر م ل ك و ج ه و ح ي و ل ي ي د ي	kw:hierarchy(86.9215); kw:authority(83.8854); kw:sovereignty(76.2238); kw:honor(68.8237); kw:nobility(64.1841); theme:law_governance/authority_governance(56.8627); kw:governance(56.2995); kw:power(54.629)	ع ل و:B002:الرفعة والشرف → س ن و:B003:السَّناء والرفعة
C642	0.6998	intention / purpose / decision / walking	44	14	14	14	0.05830376	0.1538	1.0	0.8571	1,7,9,10,11,12,13,16,18,19,21,27,30,35,37,44,45,52,54,56,57,58,59,62,67,68,69,71,72,74,78,79,82,86,90,93,94,95,97,98,101,103,107,110	ء خ و ء م م ء م ن ء ي ي ج و ب د ر ج د ع و ر و د س ع ي ش ي ء ع م ي ق و م م ش ي و ج ه	kw:intention(100.3198); kw:purpose(71.5238); kw:decision(53.7561); kw:walking(44.9833); kw:aim(43.4363); kw:destination(43.1696); kw:agency(40.924); kw:direction(35.6904)	ش ي ء:B002:المشيئة المتعلّقة بالشيء → ر و د:B001:الإرادة والمشيئة
C643	0.6997	body_health_life/reproduction_birth / birth / reproduction / womb	47	16	17	31	0.05730434	0.2296	0.9355	0.5484	1,4,7,8,9,10,14,15,22,23,24,25,28,29,31,33,40,41,43,45,46,54,56,57,58,60,62,64,66,71,77,78,79,82,87,88,89,91,92,93,96,99,100,106,107,110,111	ء ن ث ت ل و ج ن ن ح و ل ر ء ي ر ح م س ق ط ش ه د ع ذ ب ع ل و ق ب ل ق ر ء ق ع د ن ف س ن ف ل و ل د	theme:body_health_life/reproduction_birth(140.4644); kw:birth(98.9968); kw:reproduction(91.7878); kw:womb(53.335); kw:child(42.434); kw:gender(42.2961); kw:discharge(41.3787); kw:offspring(37.3173)	ج ن ن:B007:الجنين المستور في البطن → س ق ط:B004:الولد السِّقط قبل تمامه
C644	0.6997	emotion_ethics/deception_corruption / falsehood / fabrication / lie	24	14	15	25	0.06159758	0.2404	1.0	0.68	15,27,37,47,48,49,51,53,59,60,61,64,67,70,72,73,78,90,91,93,97,98,99,101	ج د د خ ر ق خ ل ق ز خ ر ف س ح ر ش ط ن ض ل ل ط غ و ط غ ي غ ر ر ف ت ن ف ج ر ف ر ي ك ذ ب	theme:emotion_ethics/deception_corruption(65.9482); kw:falsehood(65.4624); kw:fabrication(59.5205); kw:lie(59.0879); kw:deception(48.3198); kw:religion(43.3422); kw:deviation(40.4815); kw:evil(40.0012)	ط غ ي:B003:الطاغوت رأس الضلالة → ط غ و:B003:الطاغوت رأس الضلالة والطغيان
C645	0.6997	dialogue / answer / communication / assent	26	11	11	10	0.06280698	0.1818	1.0	0.9	1,9,11,20,23,31,34,36,37,41,44,47,52,56,57,62,67,71,72,83,88,89,97,99,102,110	ء ج ل ب ك م ب ل غ ج و ب د ع و س ب ع س م ع ص م م م ل ق ن ع م ه ا ء	kw:dialogue(48.7992); kw:answer(46.5929); kw:communication(43.0941); kw:assent(35.7766); kw:punishment(34.787); kw:confirmation(33.5381); kw:affirmation(32.1114); kw:response(29.9889)	ن ع م:B004:الجواب بنعم والتصديق → ء ج ل:B003:جواب التصديق أجل
C646	0.6995	knowledge / cognition_perception/knowledge_learning / report / wisdom	39	11	17	26	0.05661277	0.2031	1.0	0.7692	1,8,12,17,20,23,24,25,27,28,30,36,38,39,40,44,46,47,54,55,57,59,60,62,65,66,78,79,80,84,85,87,93,96,99,100,102,107,108	ء ذ ن ب ص ر ح ك م خ ب ر ر ء ي ر ب ب ر ب و ش ه د ع ل م ف ق ه ن ب ء	kw:knowledge(134.4731); theme:cognition_perception/knowledge_learning(72.652); kw:report(43.7155); kw:wisdom(43.7155); kw:epistemology(41.5754); kw:evidence(40.6505); kw:testimony(39.8493); kw:jurisprudence(35.7766)	خ ب ر:B001:العلم بالخبر وباطن الأمر → ن ب ء:B002:الخبر الآتي المبلَّغ
C647	0.6995	travel / gait / camel / speed	34	14	14	21	0.05392798	0.2308	1.0	0.6667	2,13,15,17,21,24,25,26,29,30,39,47,54,55,59,67,68,69,71,76,77,80,85,88,92,93,94,95,97,101,105,106,107,109	ء ت ي ء و ب ب س ط ج ن ح خ ر ج د ر ج ذ ق ن ر س ل س ع ر ف ر ق ق ر ن ل ق ي ن ج و ن و ق	kw:travel(52.9385); kw:gait(49.2484); kw:camel(46.3334); kw:speed(45.4883); kw:locomotion(35.7659); kw:coordination(30.2314); theme:movement_travel/motion(28.9677); kw:female(28.1384)	د ر ج:B007:خرقة الظِّئار في حياء الناقة → ب س ط:B008:الناقة المخلاة مع ولدها
C648	0.6995	shield / equipment / armor / protection	29	14	14	16	0.06285066	0.1758	1.0	0.875	1,8,10,12,15,17,27,30,36,52,56,57,59,60,64,67,68,69,83,88,89,91,92,96,98,99,100,102,105	ب ص ر ج ل ب ج ن ب ج ن ن ج و ب ح ذ ر خ و ف ز ع م ع ت د ع د د ق ت ر ك ف ر ن ذ ر و ز ر	kw:shield(77.6548); kw:equipment(72.813); kw:armor(69.6314); kw:protection(59.6861); kw:weapon(57.6608); theme:conflict_security/protection_security(50.2155); kw:security(48.3198); kw:warfare(42.3478)	ب ص ر:B005:بصيرة السلاح → ز ع م:B005:سلاح أو درع يسمى زعامة
C649	0.6995	color / blackness / redness / darkness	24	10	11	11	0.06057484	0.2037	1.0	0.9091	11,12,13,14,47,53,60,62,64,66,67,70,71,76,80,83,84,88,89,94,97,100,101,106	ء ن س ب ح ر ح س ب ح ن ك خ ر ج س ح ر س ع ر ش ك ل غ ر ر ق ت ر	kw:color(92.177); kw:blackness(64.1841); kw:redness(40.0012); kw:darkness(37.7243); theme:space_form_boundary/visual_appearance(37.0424); kw:face(35.9982); kw:whiteness(35.9982); kw:complexion(29.1436)	ح س ب:B009:لون الأحسب والأحسبية → ش ك ل:B005:الشُّكلة لون مختلط
C650	0.6994	name / place / toponym / space_form_boundary/place_location	19	12	12	15	0.05546694	0.2273	1.0	0.8667	1,7,12,13,16,23,25,29,34,35,44,49,53,78,79,90,91,98,110	ء ح د ء و ب ج د د ح س ن ح ل م د م ر ش م س ع ن ق ل ي ل ن ب ع ن خ ل ن ه ر	kw:name(97.7867); kw:place(61.8514); kw:toponym(47.5872); theme:space_form_boundary/place_location(44.9643); kw:onomastics(42.2076); kw:identity(36.9072); kw:west(35.7766); kw:locality(28.1384)	ج د د:B014:مواضع مسماة → ن ب ع:B005:أسماء المواضع
C651	0.6994	camel / ground / flexibility / mounting	22	10	10	11	0.05712217	0.2444	1.0	0.7273	1,4,7,12,20,24,37,44,46,51,55,61,76,79,90,95,97,99,102,103,104,107	ء ر ض خ ف ض د ب ر س ج د س ع ر س ن و ع ط و ف ط ر ن ب ع ه ج د	kw:camel(46.3334); kw:ground(35.6904); kw:flexibility(34.884); kw:mounting(33.5381); kw:breeding(28.9576); kw:lowering(27.9929); kw:domestication(27.5858); kw:emergence(24.9444)	س ج د:B004:طأطأة الرأس والانحناء → خ ف ض:B005:تخفيض رأس البعير
C652	0.6993	deliberation / knowledge / cognition_perception/knowledge_learning / wisdom	34	15	17	29	0.0589784	0.218	0.9655	0.7586	1,12,14,15,16,17,21,30,35,36,39,44,46,48,54,59,60,62,68,69,72,74,77,85,93,94,95,96,97,99,102,104,105,106	ء م ر ب ص ر ب ع د ث ب ت ح س ب ح ك م د ب ر ر ء ي ر س ل ع م ي ف ق ه ق د ر م ك ث ن ظ ر و ز ن	kw:deliberation(116.5746); kw:knowledge(67.2365); theme:cognition_perception/knowledge_learning(59.8311); kw:wisdom(58.2873); kw:planning(55.9858); kw:insight(47.5952); kw:reason(44.6404); kw:judgment(42.2961)	ب ص ر:B002:بصيرة القلب → ن ظ ر:B001:توجيه البصر أو البصيرة لإدراك الشيء
C653	0.6993	rupture / fissure / split / cleft	27	13	13	19	0.05836353	0.2436	0.8947	0.7368	1,11,12,25,36,37,46,47,51,52,54,55,59,66,67,70,73,78,83,84,85,90,91,102,106,107,109	ب ح ر ج و ب خ ر ر خ ر ق د ب ر ش ر ر ع ل م ف ج ر ف ر ق ف ر ي ف ط ر ق ص و ن و ق	kw:rupture(66.6687); kw:fissure(58.6776); kw:split(44.6404); kw:cleft(43.1696); kw:damage(37.4165); kw:opening(37.1238); kw:geology(35.2565); kw:slit(33.004)	خ ر ق:B001:الشَّق والثقب والقطعة → ج و ب:B001:الخَرْق والقطع النافذ
C654	0.6992	appointment / covenant / emotion_ethics/deception_corruption / promise	35	12	17	29	0.06245096	0.2266	1.0	0.6552	5,7,9,10,16,19,26,33,34,35,45,49,51,59,61,64,67,68,69,70,73,76,80,81,82,85,90,93,94,98,99,104,105,107,108	ء م ر ء م ن ب ر ر ح ق ق خ ل ف خ ل ق ز خ ر ف ص د ق ف ر ي ك ذ ب و ع د و ف ي	kw:appointment(63.4603); kw:covenant(55.1716); theme:emotion_ethics/deception_corruption(50.7294); kw:promise(45.7343); kw:fabrication(44.6404); kw:lie(44.316); kw:testimony(39.8493); kw:falsehood(39.2775)	و ع د:B001:وعد يفتح رجاء الموعود بقول → خ ل ف:B005:وعد لا يقع في ميعاده
C655	0.6992	deliberation / planning / cognition_perception/reasoning_decision / judgment	20	12	13	25	0.05355946	0.3247	0.92	0.52	1,5,7,12,14,16,21,30,35,46,48,51,59,60,62,74,85,93,97,99	ء م ر ء و ل ب ي ت ث ب ت ح س ب د ب ر ر ء ي ق د ر ق ل ب ن ظ ر و ج ه و ز ن	kw:deliberation(102.0027); kw:planning(69.9823); theme:cognition_perception/reasoning_decision(47.9094); kw:judgment(42.2961); kw:decision(40.3171); kw:governance(33.7797); kw:consultation(32.5328); kw:caution(32.5328)	ق د ر:B005:تدبير الأمر بتقدير ونظر → د ب ر:B006:تدبير الأمر والنظر في عاقبته
C656	0.6992	orientation / opposition / facing / encounter	19	9	15	25	0.06020681	0.2577	1.0	0.72	7,13,17,21,28,33,39,46,48,58,67,77,83,88,92,97,104,107,111	ب ع د د ب ر ظ ه ر ع ر ض ق ب ل ل ق ي ن ظ ر و ج ه و ل ي	kw:orientation(85.9937); kw:opposition(54.2007); kw:facing(48.1671); kw:encounter(39.7012); kw:attention(35.5423); kw:reception(32.1114); kw:confrontation(29.7602); kw:front(29.1436)	و ج ه:B003:المواجهة والتقابل → ق ب ل:B001:مواجهة الشيء للشيء
C657	0.6992	blessing / ritual_belief/belief_revelation / mercy / glorification	57	14	16	15	0.06171225	0.1271	1.0	0.8	1,3,5,7,8,11,14,15,18,19,20,24,25,27,28,30,31,32,33,34,36,38,42,43,44,46,49,50,51,53,54,57,58,64,65,66,67,69,72,75,78,81,82,83,87,88,89,91,93,95,96,98,99,100,108,110,111	ب ر ك ح ي ي ر ح م س ب ح س و ء ش ر ك ص ل و ص ل ي ف ح ش ك ف ر ك و ن ل ي س ن ف س و ح د	kw:blessing(63.9861); theme:ritual_belief/belief_revelation(50.378); kw:mercy(41.0035); kw:glorification(36.9273); theme:emotion_ethics/ethics_morality(36.1985); kw:transcendence(35.7766); kw:divinity(35.7766); kw:monotheism(35.7766)	ص ل ي:B002:الدعاء والبركة والرحمة → ص ل و:B002:الدعاء والثناء والرحمة
C658	0.6992	reward / sufficiency / obligation / provision	62	13	14	13	0.06467362	0.1444	1.0	0.6154	2,3,5,7,9,11,12,14,15,17,18,19,20,21,23,25,27,29,30,31,32,33,34,35,36,37,38,42,44,49,50,51,53,54,55,56,57,58,62,63,65,66,67,68,70,72,78,81,83,86,87,88,91,92,93,95,96,98,100,108,110,111	ء ج ر ب ع ض ب ل غ ج ز ي ح س ب ح س ن ز ع م ف ع ل ك ر م ك ف ي ك و ن و ك ل ي د ي	kw:reward(59.5205); kw:sufficiency(54.2007); kw:obligation(45.1127); kw:provision(34.002); kw:surety(31.7301); kw:recompense(31.7301); kw:adequacy(31.0619); kw:guarantee(30.7655)	و ك ل:B006:القائم بالأمر كفاية وحفظا → ك ف ي:B001:القيام بالأمر حتى تحصل الكِفاية
C659	0.6991	revenue / tribute / body_health_life/disease_injury / tax	38	10	12	12	0.06619493	0.1905	0.9167	0.8333	2,4,5,6,7,12,13,16,20,26,28,37,42,44,48,55,57,58,59,64,66,71,76,80,81,85,88,90,92,94,95,99,101,102,103,104,107,110	ء ت ي ء ر ض ب غ ي ج ي ء خ ر ج ز ج و ض ر ب ف ز ز ق ر ي م د د	kw:revenue(79.3254); kw:tribute(65.0657); theme:body_health_life/disease_injury(57.6412); kw:tax(49.5059); kw:abscess(49.5059); kw:infection(49.5059); kw:wound(49.1262); theme:economy_property/finance_debt(48.7939)	ج ي ء:B003:جائية الجراح → م د د:B007:جرح تمتد فيه مدة من قيح
C660	0.699	promise / covenant / confirmation / trust	38	13	17	30	0.06137891	0.2326	1.0	0.6	5,7,9,10,16,19,20,23,26,33,41,45,52,59,62,64,67,68,69,70,72,76,80,81,82,83,88,89,90,93,94,95,99,102,104,105,107,108	ء ج ل ء م ن ب ر ر ج و ب ح ق ق خ ل ف ص د ق ط م ء ن ك ذ ب ك ر م ن ع م ه ا ء و ع د	kw:promise(60.9791); kw:covenant(55.1716); kw:confirmation(50.3071); kw:trust(49.8887); kw:dialogue(48.7992); kw:answer(46.5929); kw:commitment(42.2076); kw:truth(40.4815)	ن ع م:B004:الجواب بنعم والتصديق → ء ج ل:B003:جواب التصديق أجل
C661	0.6989	delay / postponement / sequence / time	37	12	13	14	0.0583009	0.1818	1.0	0.8571	7,9,10,11,14,15,17,18,19,21,22,27,28,39,41,45,46,48,57,58,60,62,69,71,72,76,77,78,82,88,89,92,93,99,104,106,107	ء ج ل ء خ ر ء خ و ب ع د ت ا ر خ ل ف د ب ر ر ج و ع ج ل ق ب ل ق ر ء ن ظ ر	kw:delay(63.0508); kw:postponement(48.7992); kw:sequence(47.0087); kw:time(45.0739); theme:time_measure_quantity/sequence_cycle(42.6276); kw:deferment(35.7766); kw:obligation(33.8345); kw:purpose(28.6095)	ء خ ر:B002:التأخير إلى وقت لاحق → ن ظ ر:B002:ترقب الوقت وإمهال الطالب
C662	0.6989	worship / community / church / ritual_belief/religion_worship	31	12	13	14	0.06364341	0.1818	1.0	0.8571	1,2,4,5,6,7,18,26,29,33,40,41,43,44,46,58,61,70,75,77,78,80,92,93,97,101,104,107,108,110,111	ب ن ي د و ر س ب ح س ج د ش م س ص ل و ص ل ي ق ب ل ن ص ر ن ف ر و ل ي ي د ي	kw:worship(100.3198); kw:community(78.6926); kw:church(67.0762); theme:ritual_belief/religion_worship(59.7657); kw:alliance(53.7561); kw:sanctuary(42.434); kw:prayer(41.1882); kw:temple(34.1547)	ص ل ي:B008:الصلوات مواضع عبادة → ص ل و:B007:مواضع الصلاة ودور العبادة
C663	0.6988	pride / arrogance / haughtiness / honor	33	10	17	31	0.06333573	0.25	0.9355	0.6129	1,3,4,5,7,9,14,15,17,21,23,25,29,30,31,33,34,40,43,49,51,53,58,60,61,64,65,70,87,96,98,99,111	خ ل ق خ ي ل ش د د ع ب د ع ظ م ع ل و ك ب ر م ر ر ن ف س ي د ي	kw:pride(94.8512); kw:arrogance(55.9858); kw:haughtiness(49.5059); kw:honor(45.8825); kw:virtue(37.4165); kw:strength(34.002); kw:greatness(33.5381); kw:power(32.7774)	ع ب د:B007:القوة والصلابة → ش د د:B002:شدة القوة والصلابة
C664	0.6987	strength / power / side / governance	41	17	17	27	0.06008111	0.1985	0.963	0.6667	1,3,4,5,7,9,13,14,15,17,23,24,25,26,28,29,30,33,34,35,45,51,53,56,57,58,62,65,68,69,71,74,75,78,79,83,85,92,96,97,104	ج ن ب ج ن ح ح ج ب ر ء س ر ج و ر ك ن ر و ح ز ع م س ك ن ش د د ض ع ف ع ب د ق و م م ر ر ن ف س ي د ي ي م ن	kw:strength(68.0039); kw:power(65.5548); kw:side(56.0304); kw:governance(45.0396); kw:capacity(36.7544); kw:edge(34.5965); theme:law_governance/authority_governance(34.1176); kw:authority(31.457)	ع ب د:B007:القوة والصلابة → ش د د:B002:شدة القوة والصلابة
C665	0.6987	expansion / rupture / opening / unfolding	37	12	13	15	0.06220379	0.1948	1.0	0.7333	9,11,12,13,14,23,25,29,30,36,41,45,46,47,51,54,55,60,66,67,70,71,73,78,82,83,84,85,88,89,90,91,93,102,103,106,107	ب ح ر ب س ط ج م ع ش ر ر ط ي ر ع ل م ف ج ر ف ر ي ف ط ر ق ر ء ن ش ر ن ه ر	kw:expansion(73.347); kw:rupture(66.6687); kw:opening(37.1238); kw:unfolding(36.9273); kw:spreading(34.884); kw:fissure(29.3388); kw:dispersion(28.9576); kw:spread(27.9929)	ق ر ء:B001:جمع واجتماع → ج م ع:B001:ضم المتفرق حتى يصير شيئا مجموعا
C666	0.6987	negation / absence / resident / quantification	17	8	9	7	0.06332456	0.2	1.0	1.0	1,2,5,11,16,23,26,36,47,52,56,57,67,71,97,104,110	ء ح د د ع و د م ر د و ر د و ن س ك ن س م ع ق ف و	kw:negation(67.1951); kw:absence(35.6904); kw:resident(34.884); kw:quantification(34.884); kw:inhabitant(33.004); kw:house(28.2893); kw:residence(25.2203); kw:household(23.8949)	د ع و:B008:خلو الدار من داع → د م ر:B006:ما بالدار تدمري
C667	0.6986	blade / sword / sharpness / edge	25	13	14	22	0.05905364	0.2444	1.0	0.6818	8,12,13,16,20,26,29,32,34,36,38,40,41,46,50,51,57,58,64,71,77,84,89,92,97	ء ن ث ج ل ب ح د د ح ص ر ذ ك ر ر ء س س ق ط س ن ن ص م م غ ر ر ق ر ب ق ر ي ك ل ل	kw:blade(106.2648); kw:sword(91.0251); kw:sharpness(67.7508); kw:edge(57.6608); kw:weapon(57.6608); kw:point(42.9143); theme:conflict_security/weaponry(35.6665); kw:scabbard(33.004)	ق ر ب:B010:قراب السيف ووعاؤه → ج ل ب:B008:جلبان السلاح قرابه
C668	0.6986	destruction / ruin / loss / laterality	17	12	14	21	0.06273146	0.2386	1.0	0.8095	1,2,7,16,17,28,40,46,56,58,60,73,82,97,102,104,111	ء خ ذ ب ع د ت ب ر ث ب ر ح و ط خ س ر د ب ر د م ر د و ن س ر ي ه ل ك ي س ر	kw:destruction(107.9946); kw:ruin(85.5529); kw:loss(44.8244); kw:laterality(36.9273); kw:eradication(34.1547); kw:baseness(29.544); kw:disaster(23.7936); kw:poverty(23.7936)	ه ل ك:B001:السقوط إلى الهلاك والفناء → ث ب ر:B002:الهلاك والثبور
C669	0.6986	road / path / effort / route	42	14	15	20	0.05984917	0.1923	1.0	0.7	1,4,7,9,16,17,23,26,29,32,34,35,37,39,40,42,47,48,49,51,53,55,56,57,58,61,62,64,67,70,72,73,74,78,84,86,92,95,98,100,110,111	ء ل ي ب ر ك ب ل غ ج د د ح س ن خ ز ن د ل ك س ب ل ش ر ك ط ي ب ع م ل م ل ك ن ب و ه ل ك	kw:road(65.4624); kw:path(62.3609); kw:effort(54.4326); kw:route(52.5539); kw:diligence(47.0731); kw:exertion(45.7343); kw:navigation(42.7746); kw:endeavor(33.5381)	ع م ل:B011:الطريق المعمل → ش ر ك:B005:شِرك الطريق
C670	0.6986	mixture / sapling / agriculture_food/plant_vegetation / flour	54	14	15	18	0.05789044	0.1731	1.0	0.6667	2,3,5,6,7,8,12,17,18,20,22,23,24,25,27,28,29,30,33,35,38,39,40,44,45,46,48,51,54,55,57,59,60,62,65,66,74,78,79,80,84,85,86,87,88,91,93,96,97,99,100,102,103,108	ء و ل ج ع ل ج م ع خ ب ر د ل ك ذ ر ر ر ب ب س ل ط ش ي ء ص م م ض ر ب غ ل ل م د د ن خ ل	kw:mixture(49.6264); kw:sapling(49.5059); theme:agriculture_food/plant_vegetation(46.7892); kw:flour(46.1482); kw:palm(45.4883); kw:botany(38.0359); kw:seedling(34.884); kw:texture(34.5343)	ء و ل:B005:خثور السائل وانعقاده في آخر أمره → ص م م:B020:اللبن الخاثر الصامت عند الصب
C671	0.6986	purity / foundation / essence / heart	22	9	11	10	0.06082159	0.1887	1.0	1.0	5,9,13,35,40,41,46,56,58,61,62,73,78,79,88,89,91,92,95,97,100,111	ج ن ن خ ل ل ص ر ف ص ف و ص م م ظ ه ر ق ل ب ق و م م ل ك	kw:purity(71.3809); kw:foundation(43.4363); kw:essence(42.2076); kw:heart(37.3173); kw:analysis(35.7766); kw:pillar(31.7301); theme:condition_force_change/value_quality(30.1101); kw:recitation(29.7602)	ق و م:B009:قوام وعماد ومعاش → م ل ك:B005:مِلاك الأمر وعِماده
C672	0.6984	eye / vision / pupil / perception	45	17	17	28	0.05537634	0.2059	0.9286	0.6786	1,7,9,11,12,13,16,17,18,19,21,30,33,35,36,46,48,53,56,57,58,59,60,62,67,68,69,71,77,78,79,83,88,89,92,94,96,97,99,100,102,103,106,107,111	ء ن س ب ص ر ح ذ ر ح و ل خ س ف ر ء ي ر و د ظ ه ر غ ر ق غ س ق ق ب ل ق ل ب ق و م ن ظ ر ن ف ق و ج ه و ل ي	kw:eye(131.7058); kw:vision(128.7681); kw:pupil(63.4603); kw:perception(47.6209); kw:blindness(43.7155); kw:sight(42.6693); theme:cognition_perception/perception(39.5314); kw:organ(39.0107)	ر ء ي:B001:رؤية العين والبصيرة → ب ص ر:B001:إبصار العين
C673	0.6984	basin / pool / storage / reservoir	28	12	15	28	0.05554749	0.2745	1.0	0.5357	1,2,5,6,7,11,16,18,24,26,32,34,40,51,56,57,58,64,73,77,81,92,94,99,101,104,107,111	ء ج ل ء خ ذ ب ر ك ج ي ء ح و ل ص غ ر ع ج ل غ ر ر ق ب ل ق ر ب ق ر ي ك ر ر	kw:basin(101.4632); kw:pool(85.8285); kw:storage(76.0563); kw:reservoir(74.9722); kw:collection(54.2007); kw:container(52.2449); kw:pond(51.232); theme:craft_material_built/storage_vessels(46.5066)	ء خ ذ:B006:موضع يمسك الماء → ج ي ء:B003:مجتمع الماء في هبطة أو حول حصن
C674	0.6984	plant / tree / agriculture_food/plant_vegetation / growth	43	16	17	28	0.05451988	0.2074	0.9643	0.7143	1,2,3,4,6,12,18,19,26,29,30,37,39,42,44,46,47,51,54,55,57,59,60,62,67,69,70,71,73,74,78,79,84,85,86,88,89,90,91,92,99,101,107	ء ب ي ء ت ي ء ل ي ج ب ل ج ن ن ر و ح س ن و ش ج ر ش ك ر ش ك ل ش ي ء ق ل ب ك ث ر ن ب ع ن خ ل ن ف ل	kw:plant(80.3546); kw:tree(79.2064); theme:agriculture_food/plant_vegetation(77.982); kw:growth(73.7497); kw:grove(71.5238); kw:palm(68.2325); kw:vegetation(57.2526); kw:shoot(43.1696)	ش ك ر:B004:خروج الشكير والنبات الغض → ش ج ر:B001:الشجر ذو الساق
C675	0.6983	hierarchy / power / prevention / authority	23	13	17	37	0.05707702	0.2824	0.9459	0.6216	8,16,20,29,33,39,40,42,45,50,56,59,61,65,73,80,85,86,92,94,95,100,111	ء م ر ح ج ب ح ج ر ح د د ح س ر ح ص ر ح ظ ر س ل ط ع ر ش م ل ك م ن ع و ح ي ي د ي	kw:hierarchy(76.0563); kw:power(65.5548); kw:prevention(64.8028); kw:authority(62.914); kw:sovereignty(60.9791); theme:law_governance/authority_governance(56.8627); kw:governance(56.2995); kw:exclusion(55.7051)	ح ص ر:B013:الملك المحجوب أو الحاجب → ح ج ب:B003:ولاية الحاجب
C676	0.6983	excess / transgression / rebellion / disobedience	35	15	17	31	0.05996437	0.2331	0.9677	0.6452	9,12,13,15,23,28,32,33,35,38,41,42,47,48,50,53,57,58,59,60,62,66,67,71,72,73,76,78,79,82,83,97,99,109,110	ب غ ي ح د د خ ل ف ز ي د س ر ف ض ل ل ط غ و ط غ ي ظ ل م ع د و ع ر ض ع ن د ف ت ن ف ح ش ق و م	kw:excess(77.5108); kw:transgression(69.6314); kw:rebellion(62.1239); kw:disobedience(48.1671); theme:emotion_ethics/ethics_morality(46.0708); kw:aggression(44.0082); kw:ethics(43.9026); kw:oppression(43.1696)	ب غ ي:B003:تجاوز الحد بالعدوان والظلم → ع د و:B001:مجاوزة الحد والظلم
C677	0.6983	livelihood / pillar / support / foundation	59	12	14	14	0.06065967	0.1573	1.0	0.6429	3,5,6,9,11,12,13,14,15,17,18,19,20,23,25,27,30,31,32,33,34,35,36,37,38,40,42,44,46,49,50,51,53,56,57,58,61,62,65,66,67,71,72,78,79,81,83,87,88,91,92,93,95,96,97,98,100,108,111	ء م م ب ل غ ح س ب ر د د ز ج و ص م م ع ر ش ق ل ب ق و م ك ف ي ك و ن م ل ك	kw:livelihood(63.7919); kw:pillar(47.5952); kw:support(44.478); kw:foundation(43.4363); kw:sufficiency(40.6505); kw:sustenance(40.4815); kw:survival(35.7659); kw:provision(34.002)	ق و م:B009:قوام وعماد ومعاش → م ل ك:B005:مِلاك الأمر وعِماده
C678	0.698	virtue / reputation / goodness / praise	37	14	15	20	0.05720186	0.1923	0.95	0.85	2,5,7,11,12,13,14,19,26,35,39,41,44,46,55,56,59,64,67,68,70,71,73,83,85,88,91,92,93,95,99,101,102,104,107,108,110	ء ت ي ب ر ر ج ن ب ح س ب خ ل ل خ ي ر ذ ك ر س ع ي س م و ش ر ر ض ر ر ل ق ي م س س و ع د	kw:virtue(62.3609); kw:reputation(60.2637); kw:goodness(45.7343); kw:praise(41.7788); kw:fortune(39.7012); kw:harm(37.3173); kw:ethics(35.1221); kw:good(34.884)	ش ر ر:B001:الشَّرّ والسوء → خ ي ر:B001:الميل إلى الخير النافع
C679	0.6978	walking / intention / will / volition	20	9	13	17	0.06025149	0.2361	1.0	0.8235	3,9,12,16,18,19,21,30,37,44,47,54,62,64,67,74,84,86,95,103	د ر ج ذ ر ر ر ج ل ر و د س ع ي ش ي ء ع م ل م ش ي ن ج و	kw:walking(59.9777); kw:intention(50.1599); kw:will(49.5059); kw:volition(48.1671); kw:medicine(37.3676); kw:mobility(36.0777); kw:pedestrian(35.7766); kw:travel(35.2923)	ش ي ء:B002:المشيئة المتعلّقة بالشيء → ر و د:B001:الإرادة والمشيئة
C680	0.6976	verse / meter / sound / language	30	11	12	12	0.05947511	0.1846	1.0	0.9167	7,9,12,13,14,20,22,29,36,41,45,46,53,60,62,71,72,76,78,80,82,88,89,93,96,97,101,102,106,110	ء م م ب ي ت ب ي ن ج ه ر خ ر ج ف ص ل ق ر ء ق ع د ق ف و ه ا ء و ج ه	kw:verse(60.4627); kw:meter(59.0879); kw:sound(51.3748); kw:language(50.5743); kw:ending(47.5952); kw:rhyme(45.7343); theme:language_communication/writing_text(40.3373); kw:alphabet(34.884)	ق ف و:B003:قافية الكلام وآخره → ب ي ت:B003:بيت الشعر
C681	0.6976	coquetry / walking / sway / movement	33	12	12	12	0.05958083	0.1818	1.0	0.8333	2,9,12,15,16,17,18,21,24,26,30,31,33,37,44,47,54,55,58,59,64,71,74,84,85,86,88,92,94,95,97,101,107	ء ت ي خ ف ض خ ي ل د ر ج ر ج ل ش ك ل ش ي ء ق ت ل م ش ي م ل ق ه د ي ه ل ك	kw:coquetry(51.232); kw:walking(44.9833); kw:sway(32.5328); kw:movement(29.8714); kw:pride(27.1003); kw:gesture(25.2203); kw:gait(24.6242); kw:endurance(24.271)	ه د ي:B008:مشي التهادي مع الاعتماد والتمايل → ه ل ك:B003:تكسّر التهالك في المشي والغنج
C682	0.6974	search / need / cognition_perception/knowledge_learning / quest	27	10	10	8	0.0556735	0.1778	1.0	1.0	5,6,12,16,18,19,28,34,36,42,47,53,57,63,66,68,69,73,75,77,85,86,92,97,101,103,110	ب غ ي ت ب ع ج و س ر د د ر و د س ء ل س ق ط ع د و غ ي ر و ج د	kw:search(69.6314); kw:need(37.0293); theme:cognition_perception/knowledge_learning(34.1892); kw:quest(33.004); kw:goal(32.1114); kw:request(27.4588); kw:pursuit(24.9444); kw:pasture(23.0643)	ج و س:B002:طلب الشيء باستقصاء → ب غ ي:B001:طلب الشيء وابتغاؤه
C683	0.6973	darkness / eye / vision / night	29	15	17	31	0.06041537	0.2331	1.0	0.6774	1,8,9,12,13,24,33,35,47,51,56,58,59,62,68,69,71,72,77,78,79,82,83,88,91,92,97,99,103	ج ن ح ج ن ن ح ر م ح و ل خ س ف س ق ط ظ ل م ظ ه ر ع س ي ع م ي غ ر ق غ س ق ق و م ل ي ل ن ع م	kw:darkness(188.6214); kw:eye(83.8128); kw:vision(81.9433); kw:night(70.3743); kw:blindness(58.2873); kw:pupil(31.7301); kw:impairment(28.4462); kw:sight(28.4462)	ج ن ح:B004:جنح الليل وإقباله → ج ن ن:B002:غشيان الليل
C684	0.6972	concealment / language_communication/writing_text / veil / screen	27	16	17	26	0.06693833	0.1926	1.0	0.7692	2,4,8,13,14,21,25,27,29,44,45,46,55,56,58,67,69,71,73,75,88,89,91,93,98,99,104	ج ن ن ح ج ب د ر ج ز ب ر س ت ر ض ع ف غ ف ر غ ل ل ف ت ل ف ر ي ك ت ب ك ش ف ك ف ر ك ن ن ل ف ف ن ش ر	kw:concealment(152.9611); theme:language_communication/writing_text(80.6746); kw:veil(70.346); kw:screen(57.5595); kw:writing(53.1324); kw:cover(51.0335); kw:protection(49.7385); kw:document(47.0731)	ك ف ر:B001:ستر وتغطية → غ ف ر:B001:ستر يصون الشيء ويغطيه
C685	0.6972	friendship / alliance / virtue / affection	51	11	12	11	0.0646465	0.1692	1.0	0.6364	5,16,23,24,27,28,33,37,40,42,43,44,46,47,49,50,51,52,53,56,60,61,62,63,67,68,70,73,79,80,81,84,85,88,90,91,93,94,95,96,97,98,99,100,101,102,104,107,108,110,111	ء خ و ب ر ر ج ب ل ح م د خ ل ق خ ل ل ص د ق ص ف و ف ط ر ق و ل و ل ي	kw:friendship(76.9137); kw:alliance(53.7561); kw:virtue(49.8887); kw:affection(42.9143); theme:emotion_ethics/trust_loyalty(42.3903); kw:brotherhood(36.9273); kw:relationship(29.3388); kw:disposition(28.9576)	خ ل ل:B003:مودة تتخلل النفس → ص د ق:B005:صدق المودة والصحبة
C686	0.6971	play / color / game / childhood	21	10	11	10	0.06207013	0.1852	1.0	1.0	1,12,13,14,28,29,37,43,44,47,56,67,76,77,80,83,84,93,97,101,108	ح س ب ح و ل خ ر ج خ ر ق س ب ح س ح ر س ع ر ش ك ل ع ر ض ع ن ق	kw:play(57.5595); kw:color(51.2095); kw:game(42.9143); kw:childhood(41.3787); kw:toy(33.5381); kw:complexion(29.1436); theme:space_form_boundary/visual_appearance(28.8108); kw:redness(26.6675)	ح س ب:B009:لون الأحسب والأحسبية → ش ك ل:B005:الشُّكلة لون مختلط
C687	0.697	prevention / prohibition / interdiction / restriction	19	14	17	35	0.06160111	0.2652	0.9429	0.6857	1,8,18,20,22,30,31,33,39,40,45,48,49,50,59,63,70,94,98	ح ج ب ح ج ر ح د د ح ر م ح ص ر ح ظ ر ح ك م ذ م م ر ز ق ض ر ب ع ط و ع ظ م م ن ع و ف ر	kw:prevention(77.7634); kw:prohibition(74.9722); kw:interdiction(68.3094); kw:restriction(64.2228); kw:sanctity(62.1239); kw:protection(49.7385); kw:honor(45.8825); kw:exclusion(41.7788)	ح ظ ر:B002:منع وحجر عن الإباحة → ح ج ر:B001:المنع والإحاطة
C688	0.6969	proximity / relation / nearness / space	26	12	17	34	0.05984658	0.2677	0.9412	0.6471	2,17,23,26,29,32,33,34,38,46,51,56,57,58,68,71,73,74,76,77,83,92,97,104,107,111	ء م م ب ع د ج ن ب خ ل ف د ب ر د و ن ع ن د ق ب ل ق ر ب ك و د و ل ي ي د ي	kw:proximity(108.4746); kw:relation(68.8237); kw:nearness(65.2377); kw:space(63.0631); kw:adjacency(62.7642); kw:approach(49.2484); kw:orientation(42.9968); kw:contact(36.6655)	ق ر ب:B001:الدنو وخلاف البعد → و ل ي:B001:قرب ودنو بلا فاصل
C689	0.6969	death / mortality / duration / history	29	16	17	25	0.06275605	0.1852	1.0	0.84	4,6,7,11,13,14,15,16,17,18,20,23,25,28,33,34,35,37,46,52,57,58,62,69,71,75,85,97,99	ء ج ل ء م ر ء م م د ب ر ر ج و ر و ح ط و ل ع ج ل ق ر ن ق ض ي م د د م و ت ن ف س و ف ي ي م ن ي و م	kw:death(123.0731); kw:mortality(97.1272); kw:duration(75.661); kw:history(51.6738); kw:delay(50.4406); theme:time_measure_quantity/time(44.3181); theme:body_health_life/mortality_death(36.3975); kw:time(36.0591)	م د د:B004:أجل أو زمن يطال ويمتد → ط و ل:B003:طول الزمان الطويل
C690	0.6969	epistemology / uncertainty / cognition_perception/proof_uncertainty / evidence	62	12	14	12	0.05759394	0.1348	1.0	0.75	1,2,3,6,8,9,12,14,16,18,22,23,24,26,28,29,33,39,40,42,43,45,46,47,49,50,51,52,53,56,59,60,61,62,63,67,68,70,74,80,81,84,85,88,90,92,93,94,95,96,98,99,100,101,102,103,104,105,107,108,110,111	ء ي ي ب ر ر ث ب ت ج ع ل ح س ب ح ق ق ز ع م ص د ق ظ ن ن ع م ل ق و ل م ع ع	kw:epistemology(55.4339); kw:uncertainty(52.0143); theme:cognition_perception/proof_uncertainty(50.4428); kw:evidence(40.6505); kw:ideology(36.9273); kw:inference(34.884); kw:doctrine(33.004); kw:certainty(31.7301)	ح ق ق:B001:ثبات مطابق للواقع ضد الباطل → ص د ق:B001:صدق القول
C691	0.6968	age / body_health_life/life_stage_aging / pride / senescence	29	12	17	27	0.06444324	0.216	0.963	0.8148	4,7,8,9,14,15,17,21,23,24,25,31,33,36,40,43,49,51,60,64,69,77,79,87,97,98,107,109,111	خ ي ل ذ ق ن س ن ن ص غ ر ع س ي ع ظ م ع و د ق ر ن ق ف و ك ب ر ن ف س و ج ه	kw:age(87.3052); theme:body_health_life/life_stage_aging(76.4256); kw:pride(67.7508); kw:senescence(44.9833); kw:decline(43.7155); kw:arrogance(41.9894); kw:oldness(33.5381); kw:greatness(33.5381)	ك ب ر:B001:العظم خلاف الصغر → ص غ ر:B001:الصِّغَر ضد الكبر
C692	0.6968	path / route / pattern / nature	45	16	17	24	0.05983406	0.1778	1.0	0.7083	2,4,5,6,7,9,14,16,21,26,32,40,41,42,45,46,48,49,51,58,60,61,63,64,70,71,72,77,78,82,84,85,86,88,89,93,97,98,99,101,104,106,107,108,110	ء م ر ء م م ب ن ي ت ل و خ ل ق د ر ج ذ ه ب س ب ل س ن ن ش ك ل ض ر ب غ ر ر ق ر ء ق ر ي و ج ه و ع د	kw:path(87.3052); kw:route(65.6923); kw:pattern(49.0059); kw:nature(46.2124); kw:tradition(43.7155); kw:disposition(43.4363); kw:course(43.4363); kw:navigation(42.7746)	ض ر ب:B009:السجية المضروبة → خ ل ق:B004:السجية والطبيعة الباطنة
C693	0.6968	verse / meter / rhyme / prosody	28	10	12	12	0.0598047	0.1875	1.0	0.9167	7,9,13,14,22,25,26,29,34,35,36,41,44,45,46,60,63,71,76,78,80,82,88,89,93,97,104,106	ب ي ت خ ر ج س ك ن غ ف ر ق ر ء ق ع د ق ف و و ج ه و ف ر و ف ي	kw:verse(60.4627); kw:meter(59.0879); kw:rhyme(45.7343); kw:prosody(44.316); kw:language(40.4595); kw:hair(36.3226); theme:language_communication/rhetoric_discourse(33.3812); kw:vowel(33.004)	ق ف و:B003:قافية الكلام وآخره → ب ي ت:B003:بيت الشعر
C694	0.6967	urgency / haste / pause / time_measure_quantity/time	42	16	17	28	0.06167693	0.2074	0.9643	0.6071	1,3,4,5,11,12,15,17,18,22,23,24,29,30,37,39,42,44,49,52,53,55,59,65,73,76,79,80,86,90,94,95,96,97,98,99,101,102,103,104,106,111	ء ر ض ء ي ي ب ع ث ج ن ح ذ ل ل س ع ر ع ب د ع ج ل ع د و ك ذ ب ل ب ث ل د ن ل و م م ع ع م ك ث و ح ي	kw:urgency(70.346); kw:haste(65.9276); kw:pause(62.7642); theme:time_measure_quantity/time(51.7044); kw:delay(50.4406); kw:speed(45.4883); kw:time(45.0739); kw:stay(44.9833)	ل ب ث:B001:المكث في الموضع → م ك ث:B001:ثبات مع انتظار
C695	0.6966	rope / twist / cord / strand	28	10	12	10	0.06465056	0.1562	1.0	1.0	4,5,6,7,12,23,25,27,28,33,34,36,37,47,51,53,54,55,64,65,71,73,80,84,85,91,102,107	ب ل غ خ ل ل س ل ط ش ط ن ط و ل ع ل م ف ت ل ك ر ر م ر ر ي س ر	kw:rope(63.0508); kw:twist(57.9151); kw:cord(53.1324); kw:strand(43.7155); kw:binding(38.3916); kw:textile(29.6482); kw:tether(29.3388); kw:fruit(23.2346)	م ر ر:B005:إحكام فتل الحبل → ك ر ر:B002:حبل مجموع القوى مفتول
C696	0.6965	time_measure_quantity/sequence_cycle / priority / beginning / precedence	51	10	12	11	0.05393839	0.1746	1.0	0.8182	2,5,6,7,8,9,11,12,15,17,20,23,24,25,27,28,30,35,38,39,40,41,46,47,51,54,55,57,58,59,60,64,65,66,77,79,80,83,84,85,87,88,91,92,93,94,97,100,102,107,108	ء و ل ج ن ن ر ب ب ر ج ل ش ر ر ط غ و غ ر ر ق ب ل ن ف ر ه د ي	theme:time_measure_quantity/sequence_cycle(65.879); kw:priority(56.8924); kw:beginning(53.9753); kw:precedence(41.1882); kw:youth(39.5566); theme:time_measure_quantity/time(33.2386); kw:novelty(29.9889); kw:development(28.9576)	ء و ل:B001:ابتداء الشيء وتقدمه → ق ب ل:B002:تقدم الشيء أو إقباله
C697	0.6964	search / increase / economy_property/commerce_exchange / price	35	12	13	14	0.05872142	0.1818	1.0	0.8571	5,9,12,13,14,16,18,19,20,21,24,28,33,35,41,42,46,55,56,57,58,60,62,66,67,70,78,79,82,87,97,103,109,110,111	ب غ ي ج و س ح س ب ر ب و ر و د ز ي د س ع ر ض ر ر ع ط و ف ض ل ق و م و ل ي	kw:search(55.7051); kw:increase(53.335); theme:economy_property/commerce_exchange(51.963); kw:price(44.316); kw:market(43.7155); kw:request(41.1882); theme:cognition_perception/knowledge_learning(38.4628); kw:pricing(36.9273)	ج و س:B002:طلب الشيء باستقصاء → ب غ ي:B001:طلب الشيء وابتغاؤه
C698	0.6964	life / body_health_life/health_medicine / pustule / disease	26	13	13	11	0.0674021	0.141	1.0	1.0	4,7,13,14,15,18,22,23,25,33,51,61,64,68,69,75,76,80,82,85,91,93,95,102,105,106	ت ا ر ح ص ب ح ي ي خ ر ج خ ي ل ذ م م ر و ح ط ي ن ع ن ب ك ل و م ر ر ن ز ل ن ف س	kw:life(68.3392); theme:body_health_life/health_medicine(54.2076); kw:pustule(48.1671); kw:disease(46.0458); kw:eruption(45.3471); kw:spirit(44.6404); theme:body_health_life/disease_injury(38.4275); kw:blister(35.7766)	ن ف س:B011:النفس التي بها الحياة → ر و ح:B001:النفس والروح التي بها حياة البدن
C699	0.6963	gambling / arrow / lot / archery	41	15	16	18	0.06020133	0.1513	1.0	0.8889	4,7,8,12,14,15,17,20,23,24,25,27,28,30,33,38,39,40,43,46,49,54,55,57,60,62,64,65,66,73,79,80,84,85,87,90,93,98,100,102,108	ج ل ب ح س ب ح ن ك د ب ر ر ب ب س ل ط ع ظ م ع ل و ف ت ن ق ت ر ق ر ن ك ن ن ن ب ع ن ف س ي س ر	kw:gambling(93.1858); kw:arrow(88.5234); kw:lot(57.5595); kw:archery(41.1882); kw:saddle(41.1882); kw:wood(37.9386); kw:equipment(36.4065); kw:weapon(34.5965)	ر ب ب:B010:ربابة تجمع القداح → ك ن ن:B004:الكِنانة للسهام
C700	0.6962	palm / agriculture_food/plant_vegetation / sapling / tree	44	14	17	28	0.05587851	0.2121	0.9643	0.6786	1,2,3,4,5,6,8,9,12,17,18,22,23,25,26,29,30,32,33,39,40,44,45,46,51,53,54,56,60,65,70,73,74,79,80,86,88,91,92,96,99,101,103,104	ب ن ي ج ع ل ج م ع ر ك ن ز ع م ز ن ي ش ي ء ص ل ح ط ي ب ع ب د ع س ي ف ر ي ق ل ب ن خ ل	kw:palm(90.9767); theme:agriculture_food/plant_vegetation(62.3856); kw:sapling(49.5059); kw:tree(45.2608); kw:mecca(35.7766); kw:seedling(34.884); kw:rodent(34.1547); kw:taxonomy(33.8345)	ج ع ل:B006:النخل الصغار أو القصار → ش ي ء:B006:صغار النخل
C701	0.6962	inclusion / joining / collection / assembly	46	12	13	13	0.06431275	0.1688	0.9231	0.7692	1,2,4,9,12,13,14,16,17,20,22,23,27,29,35,36,38,39,41,42,45,46,47,51,57,58,60,62,63,67,71,72,73,74,78,82,84,86,88,89,93,97,98,103,106,110	ء خ و ء ل ي ج م ع ذ ه ب ذ و و ق ر ء ق ر ن ق ر ي ق ع د ك ت ب ك ل ل ك ل و	kw:inclusion(60.9791); kw:joining(56.2768); kw:collection(54.2007); kw:assembly(39.5566); kw:gathering(38.5105); kw:attachment(37.1238); kw:purpose(28.6095); kw:aggregation(27.8525)	ق ر ء:B001:جمع واجتماع → ق ر ي:B002:جمع ماء أو شيء في مستقر
C702	0.6962	exposure / lip / removal / concealment	27	10	12	12	0.06039412	0.1875	1.0	0.9167	1,12,25,26,29,32,36,42,45,46,47,48,53,54,55,56,72,78,82,84,85,96,101,102,106,107,110	ب ي ن ح س ر د ل ك س ب ل س ر ي ش ف ي ع ل م ف ر ق ق ل ب ك ش ف	kw:exposure(60.5377); kw:lip(42.9143); kw:removal(34.8519); kw:concealment(32.7774); kw:uncovering(31.3821); kw:bareness(30.7655); kw:cleft(28.7797); kw:speech(28.1525)	س ر ي:B004:الكشف والانسراء → ك ش ف:B001:رفع الغطاء عن الشيء
C703	0.6961	mansion / astronomy / land_water_sky/sky_astronomy / calendar	43	16	16	17	0.05918471	0.1417	1.0	0.8824	1,2,9,12,13,20,22,25,29,33,35,36,38,40,42,44,46,47,54,55,58,59,60,62,71,73,78,79,82,83,84,85,89,92,93,95,97,99,102,106,107,110,111	ء خ ذ ء م م ح ل م د ب ر ر ء ي س م و ظ ل م ع ر ش ع ل م غ ف ر ف ر ق ق ع د ق ل ب ق و م ك ل ل ن ع م	kw:mansion(62.1239); kw:astronomy(53.537); theme:land_water_sky/sky_astronomy(49.8781); kw:calendar(48.4301); kw:moon(44.316); kw:star(38.5105); kw:sky(35.9198); kw:banner(33.004)	ء خ ذ:B008:أخذ القمر في منازله → غ ف ر:B006:منزل قمري من ثلاثة أنجم
C704	0.696	pursuit / trace / sequence / trail	12	9	14	20	0.06442944	0.2439	1.0	0.85	12,33,36,40,46,47,63,69,81,97,107,111	ت ب ع ت ل و د ب ر ز ه ق ص ف و ق ف و ق و ف م ح و و ل ي	kw:pursuit(49.8887); kw:trace(49.4984); kw:sequence(47.0087); kw:trail(46.5929); kw:following(43.7155); kw:order(38.6317); kw:succession(37.7243); kw:continuity(37.6199)	ت ب ع:B001:التلو والقفو → ت ل و:B001:اتباع وتتابع
C705	0.696	sky / cloud / rain / gleam	54	13	13	16	0.05861817	0.2051	0.875	0.5625	3,8,12,13,17,20,23,24,25,26,27,28,29,30,32,33,36,38,39,40,42,44,46,47,48,54,55,56,57,59,60,64,65,66,70,71,72,76,79,80,82,84,85,87,89,92,93,95,97,99,100,102,108,110	ء ج ل ب س ط ح ص ر ح م ل خ ر ج خ ي ل ر ب ب س ب ل س م و س ن و ظ ل م ك ش ف ك ل ل	kw:sky(71.8395); kw:cloud(49.8887); kw:rain(47.3897); kw:gleam(43.1696); theme:land_water_sky/weather_climate(39.5031); kw:weather(37.9455); kw:lightning(31.0619); theme:land_water_sky/light_darkness(28.4143)	ر ب ب:B008:رباب السحاب → س م و:B004:السماء وما علا فأظل
C706	0.6959	weakness / incapacity / helplessness / stratagem	29	13	15	26	0.05753926	0.2549	1.0	0.6154	1,2,6,9,15,16,36,41,52,54,56,62,65,68,70,74,75,76,77,84,85,86,89,94,97,101,102,104,110	ء م ر ح و ل خ ف ت ص ر ف ض ع ف ظ ن ن ف ء د ق ل ل ك ث ر ل ف ف ل ي س ه د ي و ك ل	kw:weakness(80.4365); kw:incapacity(46.5929); kw:helplessness(36.9273); kw:stratagem(33.5381); kw:judgment(31.722); kw:frailty(27.9929); kw:disability(27.7169); kw:heaviness(27.2163)	ح و ل:B003:حيلة وقوة على التصرف → ص ر ف:B003:حيلة وتقلب في الأمور
C707	0.6959	waterskin / container / leather / craft_material_built/storage_vessels	22	9	10	11	0.05173218	0.25	1.0	0.8182	1,11,17,18,23,24,26,30,32,34,36,37,41,47,51,57,60,73,82,96,97,109	خ ب ر ز ي د س م ع ص غ ر ع ج ل ف ر ي ق ر ب ك ل و م ر ح	kw:waterskin(80.3141); kw:container(52.2449); kw:leather(39.0107); theme:craft_material_built/storage_vessels(38.0509); kw:craft(35.5769); kw:tool(31.8); kw:seam(30.2314); theme:craft_material_built/craft(29.4412)	س م ع:B008:مِسمع الدلو والغرب → ك ل و:B006:أشياء مستعارة من هيئة الكُلْية
C708	0.6958	knowledge / evidence / report / testimony	32	14	17	26	0.06337774	0.1955	1.0	0.7308	1,2,4,12,13,14,17,23,25,30,36,39,44,45,46,47,53,54,55,58,59,71,74,78,84,85,93,96,101,102,107,110	ء ذ ن ب ص ر ب ي ن ث ب ت ح س ب ح ك م خ ب ر ش ه د ع ل م ف ص ل ف ق ه ق ض ي ك ت ب ن ب ء	kw:knowledge(134.4731); kw:evidence(67.7508); kw:report(58.2873); kw:testimony(53.1324); kw:verdict(52.326); theme:cognition_perception/knowledge_learning(51.2838); kw:justice(44.8955); kw:law(44.8399)	ق ض ي:B001:الحكم والأمر القاطع → ح ك م:B002:الحكم والقضاء بين الناس
C709	0.6957	mating / estrus / breeding / desire	46	13	16	25	0.06026665	0.2193	0.8	0.76	1,2,5,6,7,8,9,12,15,18,22,26,29,33,39,40,41,44,45,46,48,49,55,59,60,64,71,75,80,84,85,88,89,92,93,94,95,97,98,99,101,102,104,107,108,110	ء ت ي ج ع ل ح ر م ح ي ي ذ م م س ب ع س م و س ن و ص ر ف ض ر ب ع ظ م ه د ي و ع د	kw:mating(83.5576); kw:estrus(62.7642); kw:breeding(57.9151); kw:desire(56.483); kw:covenant(55.1716); kw:sexuality(53.2649); kw:reproduction(50.9932); kw:sanctity(46.5929)	ح ر م:B006:الحرمة والذمة والحق → ذ م م:B002:حرمة العهد والذمام
C710	0.6956	virtue / charity / generosity / bounty	32	15	17	27	0.06307197	0.2015	0.963	0.7407	1,5,7,11,12,20,21,23,33,35,43,44,48,55,62,64,66,67,68,70,73,75,78,79,80,83,87,90,91,93,104,108	ب ر ر خ ل ل خ ي ر س ب ح ش ر ر ص د ق ط و ع ع ط و ف ج ر ف ض ل ف ع ل ك ر م ن ص ر ن ف ل و ع د	kw:virtue(87.3052); kw:charity(86.8462); kw:generosity(72.9832); kw:bounty(71.5238); kw:gift(63.0508); theme:kinship_society/hospitality_welfare(62.2562); kw:donation(61.531); kw:benefaction(58.2873)	ف ض ل:B003:الإحسان والعطية → ن ف ل:B001:العطاء الزائد
C711	0.6956	language_communication/writing_text / recitation / writing / scripture	28	13	16	26	0.06027835	0.2241	1.0	0.7308	2,4,9,13,14,16,17,36,39,41,45,46,47,55,58,60,63,69,71,73,78,82,86,88,89,93,106,107	ت ب ع ت ل و ز ب ر س ط ر ظ ه ر ق ر ء ق ر ن ق ر ي ق ف و ك ت ب ل ق ي ن ش ر و ح ي	theme:language_communication/writing_text(131.0963); kw:recitation(74.4006); kw:writing(66.4155); kw:scripture(59.0879); kw:sequence(58.7608); kw:education(53.7561); kw:documentation(50.3071); kw:literacy(44.6404)	ك ت ب:B002:نظم الحروف واسم المكتوب → و ح ي:B003:كتابة ونقش
C712	0.6956	revenue / wage / tribute / levy	38	17	17	17	0.06484509	0.125	1.0	0.9412	2,6,7,8,9,12,13,17,18,22,26,27,29,30,32,33,37,39,40,42,45,46,48,51,60,67,69,72,76,80,81,84,89,96,98,99,102,110	ء ج ر ء ن ث ب ط ل ث ب ر ج ع ل خ ب ر خ ر ج د ب ر د خ ل س ب ل ص د ر ض ر ب ع م ل غ ل ل ك ف ر ل ع ن م ر ح	kw:revenue(63.4603); kw:wage(49.5059); kw:tribute(48.7992); kw:levy(47.0731); kw:land(45.5656); kw:livelihood(38.2751); kw:soil(37.8305); kw:farm(35.7766)	خ ر ج:B003:مال يخرج على جهة معلومة → ض ر ب:B010:المال المضروب على أحد
C713	0.6954	ancestry / family / genealogy / descent	51	10	13	11	0.06330444	0.1528	1.0	0.8182	1,2,4,6,8,12,13,17,20,22,23,24,25,26,27,28,29,30,31,36,38,39,40,46,47,49,54,55,57,60,64,65,66,70,71,79,80,84,85,87,89,93,97,98,99,100,101,102,104,108,111	ء ب ي ء خ و ء م م ب ن ي ج د د ر ب ب س م ع ق ع د ك ل ل و ل د	kw:ancestry(57.9151); kw:family(57.0546); kw:genealogy(36.9363); kw:descent(36.4065); kw:brain(33.004); kw:parent(32.5328); kw:lineage(32.5067); theme:kinship_society/family(31.0976)	س م ع:B016:أم السمع الدماغ → ء م م:B003:أم الدماغ وما يصيبه
C714	0.6954	fear / bewilderment / confusion / emotion	21	11	11	11	0.06427916	0.2	1.0	0.8182	11,16,17,24,27,31,35,37,57,58,59,60,63,66,67,70,73,86,100,106,111	ء خ و ب ح ر خ ر ق خ ش ي خ و ف خ ي ر ذ ل ل ذ ه ب ف ر ق ف ر ي ه ل ك	kw:fear(48.8874); kw:bewilderment(44.9833); kw:confusion(39.1426); kw:emotion(34.3024); kw:astonishment(33.004); kw:fright(31.7301); kw:dread(31.3821); kw:terror(31.0619)	خ ش ي:B001:الخوف والخشية مع الهيبة → خ و ف:B001:ذعر يتوقع المكروه
C715	0.6953	increase / blessing / abundance / growth	34	14	17	26	0.06345398	0.197	0.9615	0.7692	1,2,6,12,16,18,21,26,29,30,34,37,41,55,59,60,64,66,70,71,75,78,82,85,87,88,89,92,95,97,101,107,109,110	ء ت ي ء م ر ب ر ك ب س ط ح ي ي ز ي د ص ل و ص ل ي ط و ل ف ض ل ك ث ر م ش ي م و ل ي م ن	kw:increase(106.6699); kw:blessing(89.5805); kw:abundance(72.0811); kw:growth(63.214); kw:prosperity(51.1888); kw:wealth(43.0534); kw:fortune(39.7012); kw:benediction(35.7766)	ص ل ي:B002:الدعاء والبركة والرحمة → ص ل و:B002:الدعاء والثناء والرحمة
C716	0.6952	comparison / counterpart / representation / similarity	26	11	17	32	0.06163128	0.2602	1.0	0.625	12,17,18,21,25,30,36,44,46,47,48,49,54,55,73,74,84,85,86,88,89,96,98,99,102,107	خ ب ر ر ف ت ش ك ل ش ي ء ض ر ب ع د د ع ل م غ ي ر م ث ل ن ظ ر و ح د	kw:comparison(76.7833); kw:counterpart(55.7051); kw:representation(46.1482); kw:similarity(46.1482); kw:peer(45.7343); kw:equivalence(43.7155); kw:likeness(42.434); kw:classification(37.1238)	ض ر ب:B003:تصوير المثل وإظهاره → م ث ل:B003:المثل المضروب
C717	0.6952	calamity / time / change / recurrence	34	14	14	19	0.05784492	0.2088	1.0	0.6842	1,4,5,7,8,11,12,13,16,17,28,29,41,51,52,53,56,57,58,67,69,71,77,82,83,89,93,95,97,99,102,105,106,110	ح و ل د ع و د و ر ر ي ب ص ر ف ص م م ع د د ع د و ع ر ض ع ن ق ع و د م ر ر ن ز ل ه ل ك	kw:calamity(71.9964); kw:time(54.0886); kw:change(50.8811); kw:recurrence(41.0035); kw:history(38.7554); kw:adversity(37.9386); kw:vicissitude(35.7766); theme:emotion_ethics/suffering_hardship(35.0197)	ص ر ف:B007:صروف الدهر وتقلبه → ر ي ب:B002:صروف الدهر المريبة
C718	0.6952	color / redness / womb / blood	44	15	15	18	0.05874234	0.1714	0.9444	0.7778	1,8,9,10,12,13,14,15,17,24,28,30,36,41,45,46,54,57,58,59,60,63,64,66,67,70,71,76,78,80,82,83,84,86,87,88,89,93,96,97,100,102,106,110	ب ح ر ب ص ر ح س ب خ ر ج ذ ه ب ر ح م س ع ر ش ك ل ص ر ف ع ذ ب غ ر ر ق ر ء ق ل ب م س س م س ك	kw:color(92.177); kw:redness(80.0024); kw:womb(80.0024); kw:blood(62.3609); theme:body_health_life/reproduction_birth(52.1725); theme:space_form_boundary/visual_appearance(49.3899); kw:whiteness(35.9982); kw:uterus(34.884)	ح س ب:B009:لون الأحسب والأحسبية → ش ك ل:B005:الشُّكلة لون مختلط
C719	0.6952	ownership / law_governance/authority_governance / power / property	54	11	15	17	0.06041612	0.1789	1.0	0.7059	1,3,5,8,12,16,17,20,23,24,25,26,27,28,29,30,33,38,39,40,42,46,47,48,53,54,55,56,57,60,61,63,64,65,66,69,73,79,80,81,84,85,86,87,92,93,95,96,99,100,102,105,108,111	ت ب ع ح ق ق ر ب ب ش ر ك ض ر ب ع ب د ع ر ش ق د ر م ل ك و ح ي ي د ي	kw:ownership(75.661); theme:law_governance/authority_governance(56.8627); kw:power(54.629); kw:property(53.4682); kw:sovereignty(45.7343); kw:control(44.2771); kw:hierarchy(43.4607); kw:authority(41.9427)	ع ب د:B001:الرق والملك → م ل ك:B002:المِلْك والتصرف
C720	0.6952	lip / heart / analysis / speech	30	11	12	11	0.05769663	0.1692	1.0	1.0	1,12,25,26,32,36,40,42,46,47,48,54,55,56,61,72,77,82,84,85,88,91,92,95,100,102,106,107,110,111	ج ن ن ح و ل س ب ل ش ف ي ظ ه ر ع ل م ف ء د ف ر ق ق ل ب ك ش ف م ل ك	kw:lip(42.9143); kw:heart(37.3173); kw:analysis(35.7766); kw:speech(28.1525); kw:interior(26.9877); kw:organ(26.0072); kw:hair(24.2151); kw:face(23.9988)	ف ء د:B002:الفؤاد قلب منظور إليه كتوقد داخلي → ق ل ب:B001:القلب والفؤاد
C721	0.6951	burden / body_health_life/reproduction_birth / womb / gestation	38	12	17	29	0.06066681	0.232	1.0	0.6207	1,3,8,9,11,14,15,18,24,28,41,45,46,52,54,56,57,60,62,66,68,70,71,74,76,77,78,82,85,87,88,89,91,93,100,103,106,110	ج م ع ج ن ن ح م ل ح و ل خ س ف ر ح م ظ ه ر ع ج ل ق ر ء ق ل ل و ز ر و ق ر	kw:burden(117.2905); theme:body_health_life/reproduction_birth(76.2521); kw:womb(66.6687); kw:gestation(56.5787); kw:load(55.7051); kw:pregnancy(51.8423); kw:transport(50.7816); kw:fetus(45.3471)	ح م ل:B003:تحمّل الأمانة والوزر → و ز ر:B002:الوزر الحمل الثقيل
C722	0.6951	pregnancy / camel / reproduction / breeding	37	16	17	24	0.0631962	0.1778	0.9583	0.7917	1,8,9,10,12,13,14,16,22,26,28,29,30,33,39,41,45,46,48,51,56,57,60,62,69,71,76,77,78,81,82,88,89,93,99,105,106	ب س ط ح ق ق ح و ل خ ل ف ر ء ي ر ج و س ن ن س ن و ض ر ب ع ت د ع ن ق ع و د ف ر ق ق ر ء ق ع د ل ق ي	kw:pregnancy(77.7634); kw:camel(64.8667); kw:reproduction(61.1919); kw:breeding(57.9151); theme:body_health_life/reproduction_birth(56.1857); kw:mating(55.7051); kw:fertility(53.198); kw:livestock(47.6591)	س ن و:B010:تسنّي البعير للناقة → س ن ن:B007:إكباب بدفع أو عض
C723	0.6951	marriage / gender / household / kinship	35	14	14	16	0.0551172	0.1758	1.0	0.875	2,4,6,9,15,23,26,40,42,50,52,54,56,59,62,64,67,68,69,70,73,77,80,84,88,93,94,95,97,101,102,103,104,105,111	ب ن ي ب ي ت ج م ع ح د د ر د د ر س ل ش ر ك ص د ق ض ر ر ظ ن ن ع ر ش غ ي ر ك ر م ه د ي	kw:marriage(136.2353); kw:gender(63.4441); kw:household(59.7372); kw:kinship(57.145); kw:family(57.0546); kw:bride(48.1671); kw:woman(46.9162); kw:wedding(34.1547)	ب ن ي:B006:بناء الرجل على أهله ودخوله بها → ب ي ت:B010:بيت الزواج
C724	0.6951	settlement / space_form_boundary/place_location / place / toponym	20	13	13	16	0.05461058	0.2051	1.0	0.9375	1,12,16,23,33,36,42,43,44,49,70,75,80,83,88,90,91,93,98,108	ء ح د ج د د ج ن ن د م ر س ب ح ط ي ب ع ر ش ف ص ل ق و ف ن ب ع ن خ ل ن ص ر ن ع م	kw:settlement(72.1599); theme:space_form_boundary/place_location(67.4464); kw:place(61.8514); kw:toponym(47.5872); kw:city(45.3471); kw:name(43.4607); kw:locality(42.2076); kw:medina(36.9273)	ج د د:B014:مواضع مسماة → ن ب ع:B005:أسماء المواضع
C725	0.695	hearing / cognition_perception/perception / attention / ear	36	10	17	29	0.0587613	0.2437	0.9655	0.6897	1,4,11,12,13,18,29,30,31,33,36,39,42,44,46,47,51,53,54,57,60,62,64,67,71,73,74,78,83,86,88,89,94,97,100,106	ء ذ ن ء ل ي ء ن س س م ع س ن و ش ي ء ص م م ص و ت ق ت ل و ق ر	kw:hearing(140.6919); theme:cognition_perception/perception(79.0628); kw:attention(71.0845); kw:ear(69.9823); kw:listening(62.7642); kw:sound(61.6497); kw:audition(50.3071); kw:obedience(39.8493)	س م ع:B001:إدراك الأصوات بالأذن → ء ذ ن:B002:الإصغاء وقبول المسموع
C726	0.695	tribe / name / clan / genealogy	44	14	16	19	0.06379607	0.161	0.8947	0.8421	3,8,12,17,19,20,23,24,25,27,28,30,38,39,40,44,46,51,54,55,57,58,60,65,66,69,71,75,77,79,80,84,85,87,88,91,92,93,100,102,103,104,107,108	ء م م ء ن ث ب ي ت ج م ع ح ل م ح ي ي ر ب ب ش ك ر ع و د ق ب ل ل ف ف ن ه ر ي س ر ي م ن	kw:tribe(95.1745); kw:name(54.3259); kw:clan(52.5539); kw:genealogy(49.2484); kw:lineage(43.3422); kw:mixture(37.2198); kw:laterality(36.9273); kw:group(36.4065)	ق ب ل:B009:جماعة يقبل بعضها على بعض → ح ي ي:B010:الحي جماعة النسب والقبيلة
C727	0.695	marriage / gender / woman / kinship	31	13	13	17	0.05609098	0.2179	1.0	0.7059	1,2,6,9,15,22,23,29,30,31,50,52,54,59,64,68,69,75,77,80,84,88,93,94,95,97,101,102,103,105,111	ب ر ك ب س ط ج م ع ح د د ر د د ر س ل ش ر ك ص د ق ظ ن ن ق ع د م و ت ه د ي و ل د	kw:marriage(113.5294); kw:gender(74.0181); kw:woman(58.6452); kw:kinship(57.145); kw:family(45.6437); theme:body_health_life/reproduction_birth(44.1459); kw:bereavement(33.004); kw:courtship(32.5328)	ب ر ك:B009:امرأة ذات ابن كبير تتزوج → ظ ن ن:B009:امرأة يرجى ولدها
C728	0.695	camel / livestock / female / pastoralism	20	11	11	12	0.05782787	0.2182	1.0	0.8333	7,8,11,13,18,27,29,30,59,67,69,76,80,89,97,98,99,106,107,109	ب س ط ب ك ي ت ب ر ت ل و خ ر ج خ ل ف ص م م ع ج ل ف ر ق ك ف ر ن و ق	kw:camel(46.3334); kw:livestock(28.5955); kw:female(28.1384); kw:pastoralism(24.5631); kw:release(23.8949); kw:marriage(22.7059); kw:fertility(21.2792); kw:separation(20.5499)	خ ل ف:B013:أسماء خاصة للحيوان والنبات والعادة → ف ر ق:B008:فارق نادة وسحابة منفردة
C729	0.695	heart / psychology / fear / interior	21	10	12	12	0.05943043	0.1875	1.0	1.0	29,36,40,45,46,56,61,68,69,74,75,77,86,88,91,92,95,97,100,106,111	ث ب ت ج ن ن ح ج ب غ ل ل ف ء د ف ر ق ق ل ب م ل ك م و ت و ج د	kw:heart(62.1956); kw:psychology(44.5461); kw:fear(36.6655); kw:interior(26.9877); kw:courage(26.185); kw:organ(26.0072); kw:desire(22.5932); kw:support(22.239)	ف ء د:B002:الفؤاد قلب منظور إليه كتوقد داخلي → ق ل ب:B001:القلب والفؤاد
C730	0.6949	ecology / plant / arrow / vegetation	45	16	17	27	0.06162268	0.2	0.8889	0.6667	3,8,11,12,17,18,19,20,23,24,25,27,28,29,30,33,37,38,39,40,46,47,54,55,57,59,60,65,66,69,71,76,79,80,82,84,85,87,90,91,93,99,100,102,108	ج ب ل خ ل ف د ب ر ر ب ب ر و ح ش ج ر ش ك ر ظ ل م ع ج ل غ ل ل ق ت ر ق ل ب ك ن ن ن ب ع ن خ ل ن ف ل	kw:ecology(71.6169); kw:plant(70.3103); kw:arrow(63.231); kw:vegetation(57.2526); kw:tree(56.576); kw:archery(41.1882); kw:shrub(40.8244); kw:renewal(40.8244)	ش ك ر:B004:خروج الشكير والنبات الغض → ش ج ر:B001:الشجر ذو الساق
C731	0.6949	finance / demand / debt / claim	32	13	13	15	0.06190993	0.1923	1.0	0.7333	1,3,4,6,12,15,23,31,34,37,40,47,54,56,59,61,63,64,68,69,70,77,78,92,93,94,95,98,100,105,107,111	ت ب ع ت ل و ج ز ي ح م ل ح و ل د ل ك ر س ل س ن و ط و ل ق ض ي م ل ق م ل ك م و ل	kw:finance(61.873); kw:demand(48.1671); kw:debt(42.434); kw:claim(41.9894); theme:economy_property/finance_debt(39.0351); theme:law_governance/obligation_contract(36.0064); kw:creditor(34.884); kw:debtor(33.5381)	ح و ل:B010:إحالة الدين إلى غير صاحبه → ت ل و:B004:ذمة أو حق يتبع صاحبه
C732	0.6948	prevention / refusal / diversion / avoidance	31	17	17	36	0.0588618	0.2647	0.8889	0.5278	6,10,15,16,28,33,39,41,46,47,48,54,57,58,59,62,64,67,71,76,82,83,85,89,94,97,99,102,103,104,111	ء م ر ب ك م ث ب ر ج ل ب ح ك م ح ن ك ر د د ص ر ف ض ر ب ظ ل م ع ذ ب ع ر ض ف ت ل ف ز ز ل ف ف م ن ع و ل ي	kw:prevention(103.6846); kw:refusal(85.8285); kw:diversion(80.963); kw:avoidance(76.5503); kw:repulsion(57.5595); theme:condition_force_change/control_restraint(51.2355); kw:departure(45.8825); kw:abstention(45.7343)	ع ر ض:B005:الإعراض تولية العرض → و ل ي:B007:الإدبار والإعراض
C733	0.6948	power / land_water_sky/weather_climate / strength / wind	36	16	17	31	0.06004032	0.2296	0.9677	0.5806	1,3,4,5,6,7,14,15,17,23,25,26,29,30,33,34,51,53,58,63,65,67,68,69,70,71,74,77,83,85,86,88,92,96,104,107	ب ر ر ج ن ب ذ ه ب ر ك ن ر و ح س ك ن ش د د ظ ه ر ع ب د ق ب ل ك ر ر م ر ر ن ع م ن ف س ي د ي ي م ن	kw:power(87.4064); theme:land_water_sky/weather_climate(71.1056); kw:strength(68.0039); kw:wind(65.0179); kw:breeze(47.5952); kw:climate(47.3897); kw:dominance(40.8244); kw:weather(37.9455)	ع ب د:B007:القوة والصلابة → ش د د:B002:شدة القوة والصلابة
C734	0.6948	power / capacity / wealth / prosperity	34	14	17	30	0.06326006	0.2308	0.9667	0.6333	11,12,21,28,29,30,33,35,37,41,48,49,55,60,65,66,67,68,69,70,75,77,79,80,82,86,87,88,89,97,98,99,100,109	ب ح ر ب س ط ج د د خ ز ن خ ي ر ز ي د س ل ط ط و ل ف ض ل ق د ر م ث ل ن ف ل و ج د ي س ر	kw:power(65.5548); kw:capacity(61.2574); kw:wealth(53.8167); kw:prosperity(51.1888); kw:surplus(47.0731); kw:superiority(46.5929); kw:bounty(42.9143); kw:selection(41.3787)	ق د ر:B003:تمكن يبلغ بصاحبه الفعل والملك → ط و ل:B004:الطَّوْل والقدرة
C735	0.6948	inclusion / time_measure_quantity/quantity_number / totality / knowledge	41	13	15	16	0.06355724	0.1553	0.9375	0.875	1,2,4,9,12,13,14,20,23,29,30,31,33,36,38,39,41,42,45,46,47,51,57,58,60,62,67,71,73,74,78,82,84,86,88,89,93,97,103,106,111	ء ح د ء ل ي ب س ط ج م ع ح و ط ف ر ق ق ت ل ق ر ء ك ت ب ك ل ل ك ل و و ح د و ل ي	kw:inclusion(60.9791); theme:time_measure_quantity/quantity_number(59.9298); kw:totality(45.3471); kw:knowledge(44.8244); kw:joining(42.2076); kw:collection(40.6505); kw:gathering(38.5105); kw:unit(32.1114)	ق ت ل:B003:إحاطة علمية كأن الأمر مقهور → ح و ط:B004:تمام الإحاطة علما وإحرازا
C736	0.6947	covenant / sanctity / honor / protection	51	13	17	29	0.05798718	0.2248	0.7931	0.6897	1,2,8,9,12,15,16,17,18,20,22,23,24,25,26,27,28,30,33,34,38,39,40,46,49,50,54,55,57,60,63,65,66,73,79,80,81,84,85,87,88,93,94,97,98,100,102,105,107,108,111	ء خ ذ ت ل و ح ج ر ح د د ح ر م ح ق ق ذ م م ر ب ب ظ ه ر ع ظ م ع ه د ه د ي و ف ر	kw:covenant(82.7573); kw:sanctity(77.6548); kw:honor(68.8237); kw:protection(59.6861); kw:treaty(51.232); kw:pledge(42.2076); kw:law(35.8719); kw:interdiction(34.1547)	ح ر م:B006:الحرمة والذمة والحق → ذ م م:B002:حرمة العهد والذمام
C737	0.6947	prevention / right / justice / ownership	38	16	17	29	0.06299516	0.2148	0.8966	0.6552	1,3,10,15,16,26,29,33,39,40,41,46,47,54,56,57,58,59,61,63,64,69,70,71,77,81,82,85,92,94,95,97,99,100,104,105,107,111	ت ب ع ت ل و ج ل ب ح ق ق ح ك م ح م ل ح و ل ذ ك ر ر و ح ظ ل م ع ذ ب ل ف ف م ل ك م ن ع و ل ي ي د ي	kw:prevention(77.7634); kw:right(69.9823); kw:justice(67.3432); kw:ownership(63.0508); kw:control(55.3464); kw:property(53.4682); kw:entitlement(50.3071); kw:liability(39.2775)	ح و ل:B010:إحالة الدين إلى غير صاحبه → ت ل و:B004:ذمة أو حق يتبع صاحبه
C738	0.6946	religion / worship / ritual_belief/religion_worship / deviation	35	11	13	16	0.05948226	0.2105	0.9375	0.75	1,3,4,5,7,15,17,22,23,27,30,33,39,42,43,47,48,53,60,64,65,67,72,73,78,90,91,92,94,96,97,99,101,110,111	ء ل ه س ح ر ش ط ن ض ل ل ط غ و ط غ ي ع ب د ع ل و غ ر ر ف ت ن ف ج ر	kw:religion(65.0133); kw:worship(50.1599); theme:ritual_belief/religion_worship(42.6898); kw:deviation(40.4815); kw:evil(40.0012); kw:deception(36.2398); kw:devil(34.884); kw:tyranny(34.884)	ط غ ي:B003:الطاغوت رأس الضلالة → ط غ و:B003:الطاغوت رأس الضلالة والطغيان
C739	0.6946	language_communication/grammar_expression / proximity / action / event	67	14	15	15	0.05385966	0.1442	1.0	0.6667	2,3,5,6,8,9,11,12,15,16,17,18,19,20,22,23,25,26,27,29,30,31,32,33,34,36,38,39,42,44,45,46,49,50,51,53,57,58,59,60,65,66,67,71,72,73,74,76,78,80,81,83,84,87,88,91,93,95,96,97,98,99,100,103,104,108,111	ء م م ب ع د ج ع ل ر و د ص د ر ع م ل ع ن د ف ع ل ق ر ب ك ذ ب ك و د ك و ن ل ي س و ل ي	theme:language_communication/grammar_expression(50.3565); kw:proximity(48.2109); kw:action(43.4363); kw:event(41.1882); kw:nearness(39.1426); kw:contact(36.6655); kw:modality(32.1114); kw:adjacency(31.3821)	ف ع ل:B001:إحداث عمل → ع م ل:B001:الفعل المقصود والعمل
C740	0.6946	limit / boundary / endpoint / wisdom	31	11	11	12	0.05902918	0.2182	1.0	0.6667	1,4,5,7,23,29,30,32,33,34,37,39,42,44,46,47,50,51,57,58,60,62,67,73,74,78,80,86,97,99,111	ء ل ي ب ل غ ح د د ح ل م ح ن ك ح و ط د خ ل ش د د ف ح ش ق د ر و ل ي	kw:limit(67.1951); kw:boundary(57.9012); kw:endpoint(47.5952); kw:wisdom(43.7155); kw:attainment(42.434); kw:maturity(39.2775); kw:adulthood(34.1547); kw:lifecycle(31.3821)	ب ل غ:B001:الوصول إلى الغاية → ء ل ي:B001:الغاية والانتهاء
C741	0.6945	fear / emotion / bewilderment / alarm	20	12	15	22	0.06508509	0.2222	1.0	0.8182	8,27,31,37,57,59,60,63,66,67,68,69,70,73,86,89,98,99,100,106	ب ح ر ب ر ر ح ذ ر خ ر ق خ ش ي خ و ف ذ ه ب ط غ و ط غ ي ف ر ق ف ر ي ك ف ر	kw:fear(85.5529); kw:emotion(60.0292); kw:bewilderment(44.9833); kw:alarm(44.6404); theme:conflict_security/danger_harm(36.1021); kw:astonishment(33.004); kw:fright(31.7301); kw:surge(31.3821)	ط غ ي:B002:علو الماء والقوة الجارفة → ط غ و:B002:طغيان الماء وما يجري مجراه
C742	0.6945	rotation / geometry / roundness / circle	28	11	16	21	0.0614055	0.1842	1.0	0.9048	1,5,6,9,14,16,18,19,23,38,41,45,46,50,56,60,62,66,70,71,77,78,82,88,89,93,103,106	ح ج ر ح و ط ح و ل د و ر ر د د ر و د ف ل ك ق ر ء ك ر ر ك ر م ك ر ه	kw:rotation(85.3387); kw:geometry(49.2484); kw:roundness(46.5929); kw:circle(45.7343); kw:repetition(41.9894); kw:turning(41.3787); kw:recurrence(41.0035); kw:cycle(36.578)	د و ر:B001:الدوران والإحاطة والاستدارة → ف ل ك:B001:استدارة الشيء ودورانه
C743	0.6944	ground / surface / geography / earth	37	17	17	35	0.05693647	0.2574	0.8857	0.5143	4,8,9,12,17,29,30,37,38,44,45,49,51,53,55,57,61,66,67,70,76,88,90,93,94,95,96,97,98,99,101,102,103,104,105,109,110	ء ر ض ب ح ر ب س ط ب ش ر ب ي ن ج د د ح ذ ر ح ص ر خ ب ر خ ش ع خ ل ق ص م م ط م ن ظ ه ر ع د و ك ر ه م ح و	kw:ground(95.1745); kw:surface(89.7909); kw:geography(70.8011); kw:earth(68.3484); kw:terrain(64.7515); kw:hardness(49.4984); kw:land(45.5656); kw:roughness(43.1696)	ك ر ه:B007:أرض صلبة غليظة → ص م م:B004:غلظ الأرض الصلبة
C744	0.6944	milk / udder / camel / fertility	44	16	17	30	0.05397944	0.2222	0.9667	0.6	1,3,6,8,9,11,14,15,19,29,30,41,45,46,49,51,52,54,56,57,59,60,62,64,67,68,69,71,77,78,79,82,83,88,89,93,94,95,98,99,105,106,107,110	ب ر ك ب س ط ت ل و ج د د ج ن ب د ع و ر ء ي ر د د ر س ل ش ك ر ص ر ف ع س ي غ ر ر ق ر ء ك ذ ب ن و ق	kw:milk(91.9274); kw:udder(66.1686); kw:camel(55.6001); kw:fertility(53.198); kw:yield(45.7343); kw:scarcity(43.7032); kw:lactation(42.6693); kw:cessation(38.8817)	ع س ي:B006:رجاء عودة اللبن → ج د د:B011:انقطاع ماء أو لبن
C745	0.6943	hardness / terrain / elevation / geology	21	13	14	22	0.06022561	0.2444	1.0	0.6818	1,12,17,30,31,36,40,49,50,51,57,59,60,61,62,70,96,97,98,99,102	ب ص ر ج د د ح ج ر ح د د ح ذ ر ح ن ك خ ل ق ص ف و ص م م ط غ و ط غ ي م ل ق ن و ق	kw:hardness(86.6222); kw:terrain(75.5434); kw:elevation(58.9962); kw:geology(58.7608); kw:rock(56.5787); kw:surface(56.1193); kw:smoothness(51.8423); kw:slab(48.7992)	ط غ ي:B005:الطغية الصفاة الملساء → ط غ و:B006:الطغية الصفاة أو الموضع المرتفع
C746	0.6942	worship / ritual_belief/religion_worship / prayer / prostration	31	9	17	31	0.06258519	0.25	1.0	0.5484	1,3,5,7,9,13,17,18,23,30,33,35,43,44,46,53,58,61,62,65,77,78,79,92,93,96,97,107,108,110,111	س ب ح س ج د ص ل و ص ل ي ع ب د ق ب ل ق و م و ج ه و ل ي	kw:worship(125.3998); theme:ritual_belief/religion_worship(76.8416); kw:prayer(68.647); kw:prostration(67.0762); kw:orientation(64.4953); kw:standing(46.5929); kw:sanctuary(42.434); kw:opposition(40.6505)	ص ل ي:B001:الصلاة عبادة لازمة → ص ل و:B003:العبادة المخصوصة
C747	0.6942	testimony / falsehood / verification / fabrication	53	12	17	28	0.05528457	0.2154	0.9286	0.5714	9,10,16,19,23,24,26,28,33,39,40,42,43,45,47,49,50,51,53,56,58,59,60,61,62,63,67,68,69,70,74,80,81,82,84,85,88,90,92,93,94,95,96,98,100,101,102,104,105,107,108,110,111	ء م ن ب ر ر ب ط ل ث ب ت ح ق ق ح ك م ز ع م ز ه ق س ط ر ص د ق ق و ل ك ذ ب	kw:testimony(79.6986); kw:falsehood(52.3699); kw:verification(47.5952); kw:fabrication(44.6404); kw:lie(44.316); kw:epistemology(41.5754); kw:covenant(41.3787); kw:unreality(36.9273)	ح ق ق:B001:ثبات مطابق للواقع ضد الباطل → ب ط ل:B001:ذهاب الشيء عن الحق والثبات
C748	0.6942	place / name / toponym / locality	35	17	17	26	0.05342356	0.1912	1.0	0.8077	1,2,4,6,7,9,12,13,16,23,25,26,27,29,33,34,35,40,43,44,45,49,53,70,78,85,88,90,91,93,98,101,104,108,110	ء م ر ب ذ ر ب ن ي ج د د ج ن ن ح ر م ح س ن ح ل م س ب ح س ت ر ش م س ص ل ح ع ن ق ف ج ر ن ب ع ن خ ل ن ه ر	kw:place(103.0856); kw:name(97.7867); kw:toponym(71.3809); kw:locality(42.2076); kw:onomastics(42.2076); theme:space_form_boundary/place_location(41.2172); theme:language_communication/naming_classification(38.1128); kw:mecca(35.7766)	ج د د:B014:مواضع مسماة → ن ب ع:B005:أسماء المواضع
C749	0.6941	hostility / enmity / depth / remoteness	15	9	12	17	0.05862269	0.2742	1.0	0.7059	17,27,45,46,52,53,56,64,78,81,96,101,102,104,110	ب ع د ب ي ن د ب ر ز ه ق ش ط ن ش م س ظ ن ن ع د و ك ش ف	kw:hostility(81.6489); kw:enmity(73.8599); kw:depth(41.7788); kw:remoteness(41.7788); kw:separation(41.0998); theme:conflict_security/conflict(40.1592); kw:distance(36.3226); kw:conflict(34.5926)	ظ ن ن:B007:ظنين معاد → ع د و:B003:العَدُوّ والعداوة
C750	0.694	path / taming / route / road	46	16	17	20	0.05785721	0.1481	1.0	0.85	1,3,5,7,8,9,15,17,22,23,24,26,28,30,31,32,33,35,38,39,42,48,51,53,54,55,59,63,65,68,69,72,77,84,86,92,93,94,95,96,97,99,100,105,110,111	ء ل ه ء و ل خ ز ن ذ ل ل ذ ه ب ر س ل س ب ل س ن ن ع ب د ع م ل ع ن د ع و د ق ت ل ن ب و ن و ق ي س ر	kw:path(87.3052); kw:taming(68.3094); kw:route(65.6923); kw:road(65.4624); kw:ease(38.6317); kw:navigation(32.081); kw:training(29.3388); kw:relief(26.8781)	س ب ل:B001:طريق ممتد يسلك → ن ب و:B005:الطريق والطريق الهادي
C751	0.694	perfume / fragrance / water / craft_material_built/ornament_beauty	57	15	16	17	0.05987357	0.1429	0.9412	0.7647	4,7,8,10,12,14,15,17,20,23,24,25,27,28,30,31,33,36,38,39,40,46,47,49,51,54,55,56,57,58,59,60,61,65,66,67,69,70,71,75,78,79,80,82,84,85,87,92,93,95,98,99,100,102,107,108,111	ء ن ث ب ح ر خ ل ق د ل ك ذ و ق ر ب ب ر و ح ط ي ب ظ ل م ع ذ ب ع ل م ق ت ل م ر ر م ل ك ن ف س	kw:perfume(68.9644); kw:fragrance(65.2377); kw:water(59.3161); theme:craft_material_built/ornament_beauty(56.0856); theme:cognition_perception/perception(46.12); kw:scent(43.1696); kw:taste(42.9143); kw:drink(39.7012)	ر ب ب:B013:ماء رَبَب كثير → ع ل م:B005:ماء كثير مجتمع في عيلم
C752	0.6939	psychology / soul / self / mind	60	10	14	17	0.05294199	0.2099	0.8824	0.7059	7,11,12,13,14,15,16,18,23,24,25,28,30,33,36,40,42,43,44,46,47,49,50,51,53,54,55,56,59,60,61,62,63,67,70,71,74,80,81,83,84,85,86,88,89,90,93,94,95,96,98,100,101,102,104,106,107,108,110,111	ء ن س ح ج ر ش ي ء ط ي ب ع ل م ق و ف ق و ل ك ذ ب ك ن ن ن ف س	kw:psychology(44.5461); kw:soul(44.0082); kw:self(43.7155); kw:mind(42.2076); theme:cognition_perception/cognition(37.4564); kw:knowledge(33.6183); kw:thought(30.4895); kw:reason(29.7602)	ن ف س:B013:ما في النفس من عقل وروع → ق و ل:B012:قول في النفس لم يظهر
C753	0.6938	rear / orientation / posterior / back	22	10	14	21	0.06016304	0.2442	1.0	0.7143	7,10,15,17,19,21,22,36,39,45,46,51,58,62,69,72,76,77,88,92,104,107	ء خ ر ب ع د خ ل ف د ب ر ذ ن ب ر ء س ص د ر ظ ه ر ق ب ل ق ف و	kw:rear(99.5618); kw:orientation(64.4953); kw:posterior(64.2228); kw:back(50.0232); kw:sequence(47.0087); kw:top(29.7602); kw:tail(29.544); kw:end(28.9576)	ب ع د:B002:البعد بعد القبل → خ ل ف:B002:وراء الشيء وخلاف قدّامه
C754	0.6937	milk / abundance / lactation / udder	39	17	17	34	0.05447532	0.25	0.9118	0.5294	1,3,5,6,7,8,11,15,17,19,28,30,35,40,41,48,51,52,54,56,57,59,64,67,68,69,71,74,77,79,83,89,93,94,95,96,97,105,110	ء و ل ب ر ك ج ن ب خ ب ر خ س ف د ع و ر د د ر س ل ر ك ن ش ك ر ص ر ف ص ف و ص م م ض ر ب ع س ي غ ر ر ي س ر	kw:milk(126.4002); kw:abundance(92.6757); kw:lactation(71.1156); kw:udder(66.1686); kw:dairy(61.1092); kw:yield(60.9791); kw:fertility(53.198); kw:fullness(47.1022)	ء و ل:B005:خثور السائل وانعقاده في آخر أمره → ص م م:B020:اللبن الخاثر الصامت عند الصب
C755	0.6936	sun / noon / heat / time	31	16	17	28	0.05769029	0.2074	0.9286	0.8214	1,3,9,11,12,13,14,19,22,23,35,39,40,42,47,52,58,62,64,66,67,70,71,72,78,79,83,88,91,97,103	ب ح ر ر ج ل س ع ر ش ر ر ش ك ر ش م س ص ف و ص م م ظ ه ر ع م ي ق و م ل ي ل م ع ع ن ه ر و ز ن ي و م	kw:sun(85.8285); kw:noon(62.7642); kw:heat(55.1015); kw:time(54.0886); kw:daylight(48.7992); kw:calendar(48.4301); kw:light(44.7539); kw:astronomy(42.8296)	ق و م:B017:انتصاف النهار وقائم الظهيرة → و ز ن:B004:قيام ميزان النهار في وسطه
C756	0.6935	hearing / display / obedience / comfort	40	13	17	23	0.06668964	0.1756	0.9565	0.7391	1,11,12,13,15,25,26,36,44,46,47,53,54,55,59,60,62,64,67,68,69,71,74,77,83,84,85,88,89,93,94,95,97,99,100,102,104,105,106,107	ء ذ ن ء ن س ر ء ي ر س ل ر ك ن س ك ن س م ع ص م م ص و ت ط م ء ن ط م ن ع ل م ف ق ه	kw:hearing(70.346); kw:display(41.7788); kw:obedience(39.8493); kw:comfort(39.7012); kw:perception(38.0967); kw:trust(37.4165); kw:knowledge(33.6183); kw:repose(33.5381)	ط م ن:B001:السكون بعد الانزعاج → ط م ء ن:B001:السكون والطمأنينة
C757	0.6935	measure / container / quantity / measurement	21	11	12	11	0.06475233	0.1692	1.0	1.0	5,6,7,13,16,20,26,32,34,35,51,57,58,59,63,64,76,80,82,86,106	ء و ل خ ر ج خ س ر ذ ه ب غ ر ر ف ر ق ق ر ب ق ر ي ك ر ر ك ي ل م د د	kw:measure(78.197); kw:container(73.1428); kw:quantity(69.574); kw:measurement(69.193); kw:volume(60.4627); kw:capacity(49.0059); kw:storage(43.4607); kw:vessel(43.0534)	م د د:B006:مد يقدر به الكيل → ف ر ق:B011:فرق مكيال وإناء
C758	0.6933	darkness / transgression / night / oppression	28	16	17	28	0.06505174	0.2074	0.9643	0.7143	1,3,12,19,24,28,29,33,42,47,53,57,59,60,66,69,71,76,78,79,82,85,88,90,91,92,99,110	ب غ ي ج ن ح ج ن ن خ ل ف ر و ح س ر ف س ق ط ش ج ر ش ك ر ط غ ي ظ ل م ع د و غ س ق غ ل ل ل ي ل ن ب ع	kw:darkness(125.7476); kw:transgression(55.7051); kw:night(46.9162); kw:oppression(43.1696); kw:ecology(40.924); kw:renewal(40.8244); kw:tree(33.9456); kw:growth(31.607)	ب غ ي:B003:تجاوز الحد بالعدوان والظلم → ع د و:B001:مجاوزة الحد والظلم
C759	0.6933	praise / honor / blessing / virtue	32	15	17	25	0.06302349	0.1866	0.92	0.84	3,5,8,11,12,14,18,19,22,23,27,35,41,44,46,52,62,64,67,69,70,78,79,83,89,90,91,98,99,108,110,111	ب ء س ح س ب ح م د خ ي ر ذ ك ر ذ م م س ع ي ش ك ر ص ل و ص و ت ف ج ر ف ع ل ك ر م ك ف ر ن ع م	kw:praise(83.5576); kw:honor(80.2944); kw:blessing(76.7833); kw:virtue(74.8331); kw:gratitude(63.4603); kw:generosity(60.8194); kw:evaluation(53.5428); kw:reputation(48.2109)	ب ء س:B004:بئس كلمة ذم → ن ع م:B003:مدح الشيء بنعم
C760	0.6933	mount / camel / pastoralism / livestock	37	15	15	16	0.06425303	0.1524	1.0	0.8125	1,3,8,9,14,15,16,18,19,22,26,29,32,34,40,41,45,46,48,50,51,57,58,60,64,67,71,72,78,79,82,83,88,89,93,97,106	ب ر ك ح ج ر خ ي ل ذ م م ش ك ر ص ف و ض ل ل ظ ه ر ع س ي ق ر ء ق ر ب ق ر ي ق ص و ق ع د ن ع م	kw:mount(65.9276); kw:camel(64.8667); kw:pastoralism(49.1262); kw:livestock(47.6591); kw:milk(45.9637); kw:yield(45.7343); kw:wealth(43.0534); kw:transport(40.6253)	ق ر ء:B013:القِرَة مال وعيال → ق ر ي:B011:مال وعيال مجتمعون
C761	0.6933	sanctuary / ritual_belief/religion_worship / pilgrimage / enclosure	28	13	13	15	0.06012547	0.1923	1.0	0.8	1,2,4,5,6,7,9,16,20,25,26,33,40,43,44,50,58,60,61,68,70,88,93,101,103,104,107,108	ب ن ي ج م ع ح ج ر ح ر م ح ص ب ح ظ ر ح و ط د و ر س ب ح س ج د ص ف و ص ل ح ق ر ي	kw:sanctuary(70.7234); theme:ritual_belief/religion_worship(59.7657); kw:pilgrimage(56.2768); kw:enclosure(48.8874); kw:worship(37.6199); kw:mecca(35.7766); kw:shrine(34.884); kw:community(33.7254)	س ج د:B002:موضع السجود ومصلاه → ح ر م:B003:الحرم والحريم المكاني
C762	0.6931	body_health_life/reproduction_birth / womb / reproduction / gestation	41	15	16	29	0.05698963	0.2437	0.9655	0.4828	3,7,8,9,14,15,23,24,25,28,31,33,40,41,45,46,47,50,54,57,60,64,66,70,71,75,78,82,83,87,88,89,91,93,94,100,103,105,106,110,111	ء ن ث ب ش ر ج م ع ج ن ن ح ج ر ح م ل ح ي ي ذ ك ر ر ج ل ر ح م ق ر ء ن خ ل ن ع م ن ف س و ل د	theme:body_health_life/reproduction_birth(108.3582); kw:womb(80.0024); kw:reproduction(71.3905); kw:gestation(70.7234); kw:pregnancy(64.8028); kw:gender(52.8701); kw:fetus(45.3471); kw:biology(39.4154)	ء ن ث:B001:الأنثى خلاف الذكر → ذ ك ر:B001:الذكر خلاف الأنثى
C763	0.6931	plant / herb / ecology / agriculture_food/plant_vegetation	47	15	16	24	0.06233585	0.2017	0.8333	0.6667	1,3,8,11,12,17,18,19,20,23,24,25,26,27,28,30,33,37,38,39,40,44,46,47,54,55,57,59,60,64,65,66,68,69,71,79,80,82,83,84,85,87,93,99,100,102,108	ب ذ ر ب ر ك ج ب ل ج ن ب ح ل م خ ي ل ذ ن ب ر ب ب ر ج ل ر و ح ش ج ر ش ر ر ش ك ر ظ ل م ع ج ل	kw:plant(100.4433); kw:herb(75.8772); kw:ecology(71.6169); theme:agriculture_food/plant_vegetation(70.1838); kw:vegetation(68.7031); kw:shrub(54.4326); kw:pasture(46.1287); kw:tree(45.2608)	ش ك ر:B004:خروج الشكير والنبات الغض → ش ج ر:B001:الشجر ذو الساق
C764	0.693	land_water_sky/water_hydrology / hydrology / flow / irrigation	37	17	17	28	0.05958416	0.2059	0.9643	0.6429	1,2,6,12,17,20,22,23,25,26,29,36,47,54,55,59,60,64,66,67,69,70,71,73,78,84,85,88,90,91,92,99,101,102,103,107,110	ء ت ي ء ج ل ب ح ر ج ه ر ذ ن ب ر ج ل س ر ي ط غ و ع ل م غ ر ق ف ج ر ف ر ي ق ع د ك ر ر م د د ن ب ع ن ه ر	theme:land_water_sky/water_hydrology(151.4201); kw:hydrology(118.3968); kw:flow(83.6321); kw:irrigation(63.9861); kw:water(59.3161); kw:river(58.2873); kw:channel(53.1324); kw:stream(43.1696)	ع ل م:B005:ماء كثير مجتمع في عيلم → ب ح ر:B001:الماء الواسع الكثير
C765	0.693	eye / vision / hair / blindness	44	16	16	22	0.0560869	0.1833	1.0	0.6818	1,9,11,12,13,16,17,18,19,21,26,30,32,35,36,42,45,48,53,57,58,59,60,62,63,67,68,69,71,72,78,79,83,84,88,89,94,96,97,100,102,103,106,110	ء ن س ب ص ر ج ه ر ح ج ب ح ذ ر خ س ف ر و د س ب ل س ع ر ظ ه ر ع م ي غ ر ق ق ر ن ق و م ن ظ ر و ف ر	kw:eye(131.7058); kw:vision(128.7681); kw:hair(72.6452); kw:blindness(58.2873); kw:pupil(47.5952); kw:sight(42.6693); theme:cognition_perception/perception(36.2371); kw:mote(34.1547)	ء ن س:B005:إنسان العين وصورة الإنسان في السواد → ن ظ ر:B008:العين وموضع النظر فيها
C766	0.6929	ground / surface / hardness / earth	21	16	17	37	0.05787375	0.2741	0.9459	0.5946	8,12,29,30,31,37,38,40,49,51,53,57,61,62,70,88,95,97,98,99,109	ب س ط ج ب ل ج د د ح ذ ر ح ص ر ح ن ك خ ش ع خ ل ق ص ف و ص م م ط م ن ظ ه ر ع د و ك ر ه م ح و م ل ق	kw:ground(107.0713); kw:surface(101.0148); kw:hardness(86.6222); kw:earth(79.7398); kw:terrain(75.5434); kw:geography(53.1008); kw:elevation(47.1969); kw:geology(47.0087)	م ل ق:B003:سطح أملس مجرد الأثر → خ ل ق:B008:ملاسة السطح واستواؤه
C767	0.6929	distance / aversion / adjacency / proximity	29	14	17	28	0.06285674	0.2105	1.0	0.6786	6,17,23,26,27,28,32,33,34,38,41,45,46,51,53,55,57,60,64,67,68,83,88,96,97,101,104,110,111	ب ع د ب ي ن ج ن ب د ب ر ش ط ن ظ ه ر ع ر ض ع ن د ق ر ب ل ع ن ن ء ي ن ب و ن ف ر و ل ي	kw:distance(72.6452); kw:aversion(64.5923); kw:adjacency(62.7642); kw:proximity(60.2637); kw:relation(57.3531); kw:nearness(52.1902); kw:separation(51.3748); kw:avoidance(51.0335)	ع ر ض:B005:الإعراض تولية العرض → و ل ي:B007:الإدبار والإعراض
C768	0.6928	hostility / enmity / conflict_security/conflict / enemy	20	10	12	14	0.06078107	0.2222	1.0	0.8571	5,17,23,31,33,34,46,52,53,56,58,64,75,78,80,97,101,102,104,111	ب ع د ش د د ش م س ظ ن ن ع د و ق ت ل ك ش ف ن ص ر و ل د و ل ي	kw:hostility(68.0407); kw:enmity(59.0879); theme:conflict_security/conflict(58.4133); kw:enemy(47.0731); kw:adversary(35.7766); kw:conflict(34.5926); kw:warfare(31.7609); kw:aggression(29.3388)	ظ ن ن:B007:ظنين معاد → ع د و:B003:العَدُوّ والعداوة
C769	0.6927	honor / nobility / hierarchy / reputation	31	15	16	27	0.06159763	0.2269	0.963	0.6296	1,4,7,9,12,14,21,22,23,29,31,40,41,43,44,46,49,51,55,56,60,64,87,92,93,95,98,99,102,110,111	ج د د ح س ب ذ ك ر ر ء س ز ع م س ر ي س م و س ن و ص ف و ع ظ م ع ل و غ ر ر ق ع د ك ب ر ن ب و	kw:honor(114.7062); kw:nobility(89.8577); kw:hierarchy(76.0563); kw:reputation(60.2637); theme:kinship_society/hierarchy_status(59.7983); kw:leadership(51.6738); kw:rank(51.5089); kw:eminence(50.3071)	ع ل و:B002:الرفعة والشرف → س ن و:B003:السَّناء والرفعة
C770	0.6927	gift / donation / exchange / affection	48	15	15	15	0.05822785	0.1429	0.9333	0.8667	1,2,4,8,9,12,15,20,21,23,29,30,31,39,40,41,42,47,51,55,57,58,59,62,66,67,69,70,72,73,74,77,78,79,80,84,86,87,88,89,92,94,97,98,101,102,107,111	ء خ ذ ء ل ي ء ي ي ر ز ق ص د ق ص ف و ع ط و ع و د ف ض ل ق ب ل ك ر م ن ب و ن ف ل ه ا ء ه د ي	kw:gift(75.661); kw:donation(61.531); kw:exchange(43.6419); kw:affection(42.9143); kw:patronage(39.8493); kw:transfer(38.2751); kw:generosity(36.4916); theme:kinship_society/hospitality_welfare(33.2033)	ف ض ل:B003:الإحسان والعطية → ن ف ل:B001:العطاء الزائد
C771	0.6926	body_health_life/reproduction_birth / reproduction / womb / birth	47	17	17	27	0.05639858	0.1985	0.963	0.5926	8,9,11,13,14,18,21,22,23,24,26,28,29,30,31,32,34,35,41,45,46,51,54,57,58,60,62,64,66,71,75,78,79,82,87,88,89,91,93,97,100,102,103,106,107,110,111	ب س ط ت ل و ث ب ر ج م ع ج ن ن ح ي ي د ر ج ر ح م ص ل ي ع ج ل ف ر ق ق ر ء ق ر ب ق ع د ق و م م و ت و ل د	theme:body_health_life/reproduction_birth(156.5174); kw:reproduction(81.5892); kw:womb(66.6687); kw:birth(61.873); kw:gestation(56.5787); kw:pregnancy(51.8423); kw:maternity(48.1671); kw:biology(39.4154)	و ل د:B003:حدوث الولادة ووضع الحمل → ق ر ب:B012:دنو الولادة في الحيوان
C772	0.6926	body_health_life/reproduction_birth / blood / womb / redness	51	14	15	16	0.05814959	0.1538	1.0	0.75	1,2,6,7,8,9,10,12,14,15,17,18,21,22,24,25,28,29,30,33,36,39,41,45,46,54,57,58,59,60,62,63,66,67,70,71,78,80,82,84,86,87,88,89,93,96,99,100,102,106,110	ب ح ر ب ص ر ج ع ل ح س ب د ر ج ذ ه ب ر ء ي ر ح م ش ك ل ش ه د ع ذ ب ق ر ء ق ع د ن ف س	theme:body_health_life/reproduction_birth(92.3051); kw:blood(74.8331); kw:womb(53.335); kw:redness(53.335); kw:birth(49.4984); kw:discharge(41.3787); theme:space_form_boundary/visual_appearance(41.1582); kw:reproduction(40.7946)	ح س ب:B009:لون الأحسب والأحسبية → ش ك ل:B005:الشُّكلة لون مختلط
C773	0.6926	interval / space / division / interstice	23	11	13	16	0.05643935	0.2105	1.0	0.875	1,5,12,13,17,39,45,53,56,64,66,67,70,73,77,88,91,96,101,104,108,110,111	ب ح ر ب ع د ب ي ن ح و ل خ ل ل س ت ر ش ر ك ظ ه ر ف ص ل ف ع ل ل ق ي	kw:interval(51.1888); kw:space(42.0421); kw:division(36.4916); kw:interstice(35.7766); kw:relation(34.4119); kw:exchange(32.7314); theme:kinship_society/social_relations(29.6969); kw:cooperation(28.6095)	خ ل ل:B001:فرجة بين الأشياء → ب ي ن:B002:الخلالة والوسط بين شيئين
C774	0.6926	posterior / position / source / rear	32	11	12	13	0.05967924	0.2	1.0	0.7692	2,4,6,7,9,10,15,17,19,21,22,39,41,43,45,46,47,58,62,64,69,72,76,77,80,84,92,94,97,99,104,107	ء ج ل ء خ ر ب ع د خ ل ف د ب ر ر ج ل ع ل و ق ب ل ل د ن ن ف ر ه د ي	kw:posterior(32.1114); kw:position(30.7655); kw:source(28.7797); kw:rear(28.4462); kw:priority(28.4462); kw:chronology(27.7169); kw:precedence(27.4588); kw:back(25.0116)	ب ع د:B002:البعد بعد القبل → خ ل ف:B002:وراء الشيء وخلاف قدّامه
C775	0.6926	taking / command / transfer / contact	30	12	14	12	0.06683048	0.1348	1.0	1.0	2,4,7,9,13,20,21,23,26,29,32,34,38,39,40,41,43,48,51,56,57,59,62,72,73,88,89,97,102,111	ء خ ذ د ر ج د و ن ض ر ب ع ط و ع ل و ع ن د ق ر ب ك ذ ب ل ق ي ه ا ء ي د ي	kw:taking(59.5205); kw:command(42.2076); kw:transfer(38.2751); kw:contact(36.6655); kw:possession(36.6655); kw:exhortation(34.1547); kw:mobilization(33.004); theme:economy_property/commerce_exchange(31.9772)	د و ن:B004:الإغراء بالتناول → ع ن د:B006:إغراء عندك بالأخذ
C776	0.6925	life / water / resource / soul	50	13	17	28	0.05758374	0.2222	0.8571	0.6786	6,7,8,10,12,14,15,17,18,20,22,23,24,25,27,28,30,31,33,36,38,39,40,46,47,54,55,56,57,58,59,60,61,65,66,69,70,79,80,84,85,87,92,93,95,100,102,107,108,111	ذ م م ر ب ب ر و ح ط ي ب ع د د ع ذ ب ع ل م ق ت ل ق و ف ك ذ ب ك ر ر م ل ك ن ف س	kw:life(54.6714); kw:water(50.8423); kw:resource(48.1035); kw:soul(44.0082); kw:hydrology(43.0534); kw:pool(42.9143); kw:sustenance(40.4815); kw:drink(39.7012)	ن ف س:B011:النفس التي بها الحياة → ر و ح:B001:النفس والروح التي بها حياة البدن
C777	0.6924	destruction / exclusion / ruin / separation	15	12	16	28	0.06465156	0.2435	1.0	0.7143	1,7,16,17,18,27,39,46,53,58,60,63,64,102,104	ب ع د ت ب ر ث ب ر ح و ط د ب ر د ح ر د م ر ش ط ن ق ص و ل ع ن ه ل ك و ف ر	kw:destruction(107.9946); kw:exclusion(69.6314); kw:ruin(61.1092); kw:separation(51.3748); kw:banishment(46.1482); kw:remoteness(41.7788); kw:distance(36.3226); kw:eradication(34.1547)	د ح ر:B001:الطرد والإبعاد → ل ع ن:B001:الطرد والإبعاد بالسخط
C778	0.6924	increase / blessing / prosperity / growth	37	11	17	21	0.06264042	0.1694	0.9524	0.9048	1,2,3,4,6,12,16,18,19,21,26,28,29,37,39,42,47,51,55,57,59,62,66,67,70,71,73,74,78,85,86,87,88,92,95,101,107	ء ت ي ء ل ي ء م ر ب ر ك ش ك ر ص ل ي ف ض ل ك ر ر م ش ي ي س ر ي م ن	kw:increase(66.6687); kw:blessing(51.1888); kw:prosperity(51.1888); kw:growth(42.1427); kw:fortune(39.7012); kw:laterality(36.9273); kw:vow(32.1114); kw:fertility(31.9188)	ي س ر:B004:الجهة اليسرى واليد اليسرى → ي م ن:B002:اليد اليمنى والجهة اليمنى
C779	0.6924	majority / enormity / suffering / awe	25	7	12	14	0.06524324	0.2456	1.0	0.7857	4,7,9,13,14,16,21,23,31,40,43,49,51,52,58,60,62,71,73,85,87,97,98,110,111	ء م ر ج ه ر ع ظ م ف ر ي ك ب ر م ر ر ي و م	kw:majority(34.884); kw:enormity(34.1547); kw:suffering(34.0588); kw:awe(33.5381); kw:magnitude(32.5328); kw:marvel(32.1114); kw:judgment(31.722); kw:wonder(30.2314)	ك ب ر:B002:معظم الأمر → ع ظ م:B002:معظم الشيء
C780	0.6923	offspring / body_health_life/reproduction_birth / kinship / reproduction	48	15	17	29	0.05433965	0.218	0.9655	0.5862	2,4,6,7,8,11,12,13,14,15,16,18,20,22,23,25,26,29,31,33,36,38,39,40,45,46,47,60,63,64,69,70,71,75,76,79,80,84,85,89,92,97,99,101,103,104,107,111	ء م ر ب ن ي ت ب ع ت ل و ج ع ل ر ج ل س ق ط ع ج ل ف ز ز ك ل ل م و ت ن ف س ن ف ل و ل د و ل ي	kw:offspring(99.5129); theme:body_health_life/reproduction_birth(84.2786); kw:kinship(66.6692); kw:reproduction(61.1919); kw:calf(56.5787); kw:inheritance(52.7421); kw:livestock(47.6591); kw:mother(45.7343)	ع ج ل:B002:ولد البقرة → ف ز ز:B003:ولد البقرة الخفيف
C781	0.6923	skin / hide / leather / material	22	13	13	13	0.06007767	0.1667	1.0	1.0	1,7,9,14,15,25,29,33,37,44,47,64,66,67,69,70,76,85,93,94,100,105	ب ح ر ب ش ر ج ل ب ح ر م ح ل م خ ز ن خ ل ف ر و ح غ ل ل م ر ح م س ك ن ج و ن ف س	kw:skin(60.3997); kw:hide(54.9176); kw:leather(52.0143); kw:material(47.0641); kw:craft(35.5769); kw:decay(35.3977); kw:rot(33.5381); kw:tanning(32.5328)	ر و ح:B004:الرائحة والشم والطيب والنتن → خ ز ن:B004:تغير اللحم ونتنه
C782	0.6921	recitation / hospitality / collection / community	30	10	16	24	0.06084068	0.2243	0.9583	0.7917	2,4,9,13,14,16,17,26,32,34,36,39,41,45,46,51,57,58,60,71,78,82,88,89,93,95,102,103,105,106	ج م ع ظ ه ر ق ر ء ق ر ب ق ر ن ق ر ي ق ف و ك ت ب ل ق ي ن ز ل	kw:recitation(74.4006); kw:hospitality(61.2574); kw:collection(54.2007); kw:community(44.9672); kw:scripture(44.316); kw:joining(42.2076); kw:education(40.3171); kw:assembly(39.5566)	ق ر ء:B001:جمع واجتماع → ق ر ي:B002:جمع ماء أو شيء في مستقر
C783	0.6921	walking / comfort / travel / luxury	40	13	17	23	0.0617811	0.1783	1.0	0.7826	1,2,3,5,9,12,15,16,17,18,19,21,23,26,30,37,44,47,53,54,55,58,59,64,65,71,74,83,84,85,86,88,92,94,95,96,97,101,107,109	ء ت ي ت ر ف خ ر ر خ ي ل د ر ج ر ج ل س ع ي ش ي ء ع ب د م ش ي ن ع م ه د ي ه ل ك	kw:walking(74.9722); kw:comfort(66.1686); kw:travel(44.1154); kw:luxury(41.5754); kw:pedestrian(35.7766); kw:affluence(34.884); kw:indulgence(34.1547); kw:sway(32.5328)	ن ع م:B002:اللين والنعومة ورفاه العيش → خ ر ر:B005:التنعم والرخاوة في العيش
C784	0.6921	persistence / residence / stay / permanence	49	13	14	13	0.06194477	0.1444	1.0	0.7692	1,5,8,9,12,13,16,17,20,23,24,25,26,27,28,30,33,35,36,38,39,40,42,46,52,54,55,57,58,60,62,65,66,74,76,78,79,80,81,84,85,87,93,97,100,102,105,106,108	ب ر ك ث ب ت ث ب ر ح ق ق ر ب ب ع ر ش ف ع ل ق و م ل ب ث ل ز م ل ي س م س ك م ك ث	kw:persistence(89.3086); kw:residence(88.2711); kw:stay(59.9777); kw:permanence(54.9176); kw:adherence(42.2076); kw:place(41.2343); kw:settlement(41.2343); kw:presence(40.6505)	ل ب ث:B001:المكث في الموضع → م ك ث:B001:ثبات مع انتظار
C785	0.6921	warfare / combat / mobilization / conflict_security/violence_warfare	30	13	13	11	0.06150156	0.141	1.0	1.0	1,2,5,6,9,13,25,31,33,34,35,39,40,41,46,48,58,60,62,73,78,79,82,93,95,97,102,105,106,111	ء خ ذ ب ر ك ث ب ر ش ج ر ش د د ص ل ح ض ر ب ف ت ن ق ت ل ق و م ل ق ي ن ز ل ن ف ر	kw:warfare(52.9348); kw:combat(50.7316); kw:mobilization(49.5059); theme:conflict_security/violence_warfare(43.6751); kw:wrestling(32.5328); kw:perseverance(31.7301); theme:conflict_security/conflict(29.2067); kw:battle(28.7797)	ء خ ذ:B011:أخذة المصارعة → ق و م:B014:مقاومة ومنازلة
C786	0.692	vision / eye / pupil / sight	40	14	15	24	0.05571744	0.2308	0.9167	0.625	1,9,11,12,13,16,17,18,19,21,30,35,36,45,48,53,57,58,59,60,62,67,68,71,78,79,83,88,89,91,93,94,96,97,99,100,102,103,105,106	ء ن س ب ش ر ب ص ر ج ن ن ح ج ب ح ذ ر خ س ف ر ء ي ر و د س ع ر ظ ه ر ع ن ب ق و م ن ظ ر	kw:vision(117.0619); kw:eye(95.786); kw:pupil(47.5952); kw:sight(42.6693); theme:cognition_perception/perception(39.5314); kw:blackness(38.5105); kw:perception(38.0967); kw:mankind(36.9273)	ر ء ي:B001:رؤية العين والبصيرة → ب ص ر:B001:إبصار العين
C787	0.692	knowledge / cognition_perception/knowledge_learning / report / comprehension	49	17	17	16	0.06001438	0.1176	1.0	0.875	8,12,14,16,17,18,20,23,24,25,27,28,30,31,33,36,38,39,40,44,46,47,48,52,54,55,57,60,65,66,71,74,78,79,80,84,85,86,87,88,89,93,96,99,100,101,102,107,108	ء ذ ن ء م ر ء م م ح س ب ح و ط خ ب ر ر ب ب ش ه د ش ي ء ص د ق ض ر ب ظ ن ن ع ل م ف ق ه ق ت ل م ث ل ن ب ء	kw:knowledge(156.8852); theme:cognition_perception/knowledge_learning(81.1993); kw:report(72.8591); kw:comprehension(47.0731); kw:information(45.3471); kw:evidence(40.6505); kw:testimony(39.8493); theme:cognition_perception/proof_uncertainty(33.6285)	ق ت ل:B003:إحاطة علمية كأن الأمر مقهور → ح و ط:B004:تمام الإحاطة علما وإحرازا
C788	0.6919	horse / marking / breeding / leg	33	17	17	29	0.05446305	0.2132	1.0	0.6897	2,12,16,17,18,26,28,32,33,34,35,42,47,50,51,54,57,64,65,66,68,69,71,78,81,83,84,85,86,100,105,106,110	ب غ ي ج ن ب ح ج ر ح ق ق خ ي ل ر ج ل ر و ح ش ك ل ص ل و ص ل ي ف ت ل ف ر ق ق ر ب ق ر ن ك ي ل م س ك و ك ل	kw:horse(150.4656); kw:marking(64.1841); kw:breeding(57.9151); kw:leg(52.7421); kw:sport(41.0035); kw:whiteness(35.9982); kw:second(35.7766); kw:locomotion(35.7659)	ص ل ي:B007:المصلي يتلو السابق → ص ل و:B006:تلو السابق في السباق
C789	0.6919	mating / breeding / female / livestock	35	14	17	22	0.06281592	0.1654	1.0	0.8182	2,8,9,10,12,13,14,26,29,38,41,45,46,48,51,55,59,60,69,71,76,77,78,79,80,82,85,88,89,92,93,99,101,106,107	ء ت ي خ ر ج خ ل ف س ن ن س ن و ض ر ب ع ت د ع ن ق ع و د ق ر ء ك ر ه م ث ل ن و ق ه ج د	kw:mating(69.6314); kw:breeding(57.9151); kw:female(56.2768); kw:livestock(47.6591); kw:camel(46.3334); kw:strength(45.3359); kw:proverb(40.6505); kw:parable(36.9273)	س ن و:B010:تسنّي البعير للناقة → س ن ن:B007:إكباب بدفع أو عض
C790	0.6919	hearing / obedience / misfortune / reception	31	10	12	12	0.06009418	0.1875	1.0	0.8333	1,5,11,12,18,23,30,34,36,37,44,46,47,52,54,56,57,67,71,74,75,82,86,93,95,97,102,105,106,107,110	ء ذ ن ب ء س ب ل غ ت ل و د ع و ذ و ق س م ع ش ي ء ص م م ن ز ل	kw:hearing(42.2076); kw:obedience(39.8493); kw:misfortune(39.1426); kw:reception(32.1114); theme:emotion_ethics/suffering_hardship(31.1287); kw:curse(29.544); kw:grief(27.7169); kw:distress(26.8781)	س م ع:B011:سَمْع لا بَلَغ → ب ل غ:B009:سماع المكروه بلا بلوغ
C791	0.6917	hearing / ear / obedience / cognition_perception/perception	16	12	17	28	0.06754927	0.2154	0.9643	0.8214	1,5,36,37,46,47,52,66,67,70,73,91,97,100,107,109	ء ذ ن ب ح ر ج و ب خ ر ر خ ر ق خ ل ل س م ع ص م م ف ر ي ق و ف ن ف ق و ق ر	kw:hearing(98.4843); kw:ear(83.9787); kw:obedience(39.8493); theme:cognition_perception/perception(39.5314); kw:auricle(36.9273); kw:deafness(34.1547); kw:reception(32.1114); kw:sense(31.7301)	س م ع:B001:إدراك الأصوات بالأذن → ء ذ ن:B002:الإصغاء وقبول المسموع
C792	0.6916	hearing / listening / sound / attention	29	9	17	29	0.06013472	0.2458	0.9655	0.7241	1,11,12,18,23,30,34,36,37,44,46,47,52,54,55,56,57,64,67,71,74,86,92,93,95,97,99,102,110	ء ذ ن ب ل غ د ع و س م ع س م و ش ي ء ص م م ص و ت ن ب ء	kw:hearing(126.6227); kw:listening(62.7642); kw:sound(61.6497); kw:attention(59.2371); kw:audition(50.3071); kw:communication(43.0941); kw:ear(41.9894); kw:obedience(39.8493)	س م ع:B011:سَمْع لا بَلَغ → ب ل غ:B009:سماع المكروه بلا بلوغ
C793	0.6916	time_measure_quantity/quantity_number / number / priority / calendar	38	9	13	13	0.06064395	0.1831	1.0	0.8462	1,4,5,7,8,12,13,14,20,23,29,33,35,36,38,39,42,46,47,51,52,57,58,59,62,67,69,71,73,74,78,84,86,88,89,97,103,111	ء ح د ء ل ي ء و ل ج م ع ع و د ك ل ل و ح د و ل ي ي و م	theme:time_measure_quantity/quantity_number(64.2105); kw:number(54.6714); kw:priority(42.6693); kw:calendar(36.3226); kw:individuality(35.7766); kw:unity(33.5381); kw:unit(32.1114); kw:precedence(27.4588)	ء ح د:B001:الأَحَدِيَّة والوَحْدَة → و ح د:B002:الواحد في العدد والآحاد
C794	0.6915	household / family / dependent / law_governance/authority_governance	39	11	14	16	0.06173104	0.1839	1.0	0.75	2,5,7,9,12,13,14,16,20,26,29,33,34,35,36,38,41,45,46,51,54,58,59,60,65,68,71,78,82,83,84,86,88,89,93,97,104,106,111	ء و ل ب ي ت س ك ن ق ر ء ق ر ي ك ل ل ك ي ل ن ع م و ك ل و ل ي ي ت م	kw:household(83.6321); kw:family(79.8764); kw:dependent(62.7642); theme:law_governance/authority_governance(37.9085); kw:guardian(33.5381); kw:wealth(32.29); kw:guardianship(30.2314); kw:economy(29.9286)	ق ر ء:B013:القِرَة مال وعيال → ق ر ي:B011:مال وعيال مجتمعون
C795	0.6913	body_health_life/reproduction_birth / reproduction / pregnancy / kinship	35	17	17	32	0.05559948	0.2353	0.9375	0.5938	1,9,11,12,14,18,21,23,29,30,31,41,45,46,47,48,56,59,60,64,71,75,76,77,78,82,88,89,92,93,97,103,106,107,111	ب س ط ت ل و ج م ع ح و ل خ ل ف د ر ج ر ج ل س ق ط ص م م ض ر ب ع ج ل ف ر ق ف ص ل ق ر ء م و ت ن و ق و ل د	theme:body_health_life/reproduction_birth(108.3582); kw:reproduction(71.3905); kw:pregnancy(51.8423); kw:kinship(47.6209); kw:camel(46.3334); kw:mother(45.7343); kw:fertility(42.5584); kw:gestation(42.434)	خ ل ف:B013:أسماء خاصة للحيوان والنبات والعادة → ف ر ق:B008:فارق نادة وسحابة منفردة
C796	0.6912	strength / firmness / solidity / power	36	16	17	28	0.05917592	0.2074	0.9643	0.6786	1,3,4,5,7,14,15,17,23,25,29,30,33,34,39,40,50,51,53,55,56,58,61,64,65,67,69,71,75,80,85,92,95,96,100,111	ج ل ب ح د د ح ك م ر و ح ز ب ر ش د د ص د ق ض ر ر ض ع ف ع ب د ف ط ر م ر ر م ل ك ن ف س ي د ي ي م ن	kw:strength(102.0059); kw:firmness(78.2852); kw:solidity(69.6314); kw:power(65.5548); kw:hardness(37.1238); kw:capacity(36.7544); kw:agency(30.693); theme:condition_force_change/stability_endurance(30.6701)	ع ب د:B007:القوة والصلابة → ش د د:B002:شدة القوة والصلابة
C797	0.6912	composure / deliberation / calm / emotion_ethics/ethics_morality	33	14	16	19	0.06436516	0.161	1.0	0.8421	1,2,9,12,15,16,18,19,26,35,46,52,54,59,60,62,68,69,74,76,77,84,93,94,95,97,98,99,101,103,104,105,106	ء ي ي ث ب ت ر ء ي ر س ل ر ك ن ر و د س ك ن ط م ء ن ط م ن ل ب ث م ك ث ه د ي و ز ن و ق ر	kw:composure(64.2228); kw:deliberation(58.2873); kw:calm(44.9833); theme:emotion_ethics/ethics_morality(42.78); kw:slowness(42.2076); kw:patience(41.7788); kw:delay(37.8305); kw:repose(33.5381)	ط م ن:B001:السكون بعد الانزعاج → ط م ء ن:B001:السكون والطمأنينة
C798	0.6912	noon / heat / blindness / sun	25	12	13	13	0.05951435	0.1688	1.0	1.0	3,9,13,14,19,22,35,39,40,42,45,52,58,62,66,67,70,71,72,78,79,88,97,103,110	ب ح ر ج ه ر ح ج ب ش ك ر ص ف و ص م م ظ ه ر ع م ي ق و م م ع ع و ز ن ي و م	kw:noon(62.7642); kw:heat(55.1015); kw:blindness(43.7155); kw:sun(42.9143); kw:climate(35.5423); kw:midday(34.884); kw:glare(33.004); kw:daylight(32.5328)	ق و م:B017:انتصاف النهار وقائم الظهيرة → و ز ن:B004:قيام ميزان النهار في وسطه
C799	0.6911	horse / gallop / speed / animal	27	17	17	32	0.0562787	0.2353	0.9688	0.6562	12,13,19,23,24,28,29,34,35,37,38,42,53,57,62,66,67,68,69,77,78,81,83,85,92,97,110	ب غ ي ب ل غ ج ن ب ج ن ح ح ن ك ر و ح ز ه ق س ع ر س ع ي س ق ط س ن ن ش م س ع د و ع ر ض ع ن د ع ن ق ك ي ل	kw:horse(69.4456); kw:gallop(58.6776); kw:speed(56.8604); kw:animal(41.3268); kw:running(41.0035); theme:movement_travel/motion(37.658); kw:travel(35.2923); kw:control(33.2078)	ح ن ك:B003:اللجام تحت الحَنَك والشد به → ج ن ب:B005:التجنيب قيادة شيء إلى الجنب
C800	0.6911	land_water_sky/fire_heat / cooking / pot / fire	32	13	13	14	0.06065842	0.1795	1.0	0.7857	2,6,8,12,18,22,23,29,30,33,34,35,36,39,45,46,47,49,51,60,61,62,64,70,75,78,80,97,98,99,100,110	ج ع ل خ ب و خ ل ق ر ج ل ص ل و ص ل ي غ ل ل ف ء د ق ت ر ق د ر ك ر م م و ت و ف ي	theme:land_water_sky/fire_heat(89.768); kw:cooking(63.6014); kw:pot(57.9151); kw:fire(45.5656); kw:transformation(37.7243); kw:cookware(35.7766); kw:lid(35.7766); kw:cauldron(34.884)	ص ل ي:B004:إيقاد الصلاء وتسوية الشيء بالنار → ص ل و:B001:ملاقاة النار وحرها
C801	0.6911	magic / bead / charm / amulet	21	9	11	11	0.06006195	0.2115	1.0	0.9091	1,2,12,13,40,41,43,44,47,52,58,73,77,89,92,93,101,102,107,108,111	ء خ ذ ر ق ي س ب ح س ح ر ص ر ف ظ ن ن ف ص ل ق ب ل ن ش ر	kw:magic(115.8302); kw:bead(56.5787); kw:charm(44.9833); kw:amulet(32.5328); kw:string(30.7655); kw:protection(29.8431); kw:creature(27.3357); kw:diversion(26.9877)	ن ش ر:B008:النُّشرة رقية تزيل البلاء → ر ق ي:B003:الرقية العائذة النافثة
C802	0.6911	craft_material_built/textile_clothing / clothing / armor / wrap	18	10	10	10	0.05199348	0.2222	1.0	0.9	1,5,12,21,25,29,33,44,52,55,64,66,70,73,87,88,91,104	ج ل ب ج و ب ح ر م خ ل ل ظ ه ر غ ف ر غ ل ل ف ر ي ف ض ل ل ف ف	theme:craft_material_built/textile_clothing(72.6995); kw:clothing(65.1019); kw:armor(41.7788); kw:wrap(35.7766); kw:covering(34.7228); kw:garment(34.2919); kw:concealment(32.7774); kw:protection(29.8431)	ج و ب:B005:الجَوْب لباسا وترسا → ج ل ب:B004:الجلباب السابغ على البدن
C803	0.691	path / navigation / route / pursuit	33	13	17	24	0.0642031	0.186	1.0	0.7917	9,14,16,26,32,33,36,41,42,45,46,47,48,55,58,60,63,69,71,72,77,78,82,84,88,89,93,97,100,106,107,110,111	ء م م ت ب ع ت ل و خ ز ن س ب ل س ن ن ش ك ل ق ر ء ق ر ي ق ف و ق و ف ن ب و و ل ي	kw:path(87.3052); kw:navigation(53.4682); kw:route(52.5539); kw:pursuit(49.8887); kw:sequence(47.0087); kw:trail(46.5929); kw:following(43.7155); kw:tradition(43.7155)	ت ب ع:B001:التلو والقفو → ت ل و:B001:اتباع وتتابع
C804	0.6909	horse / group / marking / kinship_society/household_community	33	16	17	34	0.05632198	0.2519	0.9118	0.5882	6,12,13,20,23,26,28,29,32,34,35,36,37,38,42,47,50,51,57,64,66,67,69,71,81,83,84,85,88,89,97,103,110	ء م م ب غ ي ب ل غ ج م ع ج ه ر ح ج ر خ ي ل ر ج ل ر و ح ز ه ق ش ك ل ع ر ض ق ر ب ك ر ر ك ل ل ك ي ل	kw:horse(115.7427); kw:group(60.6775); kw:marking(51.3473); theme:kinship_society/household_community(43.7498); kw:breeding(43.4363); kw:crowd(38.2751); kw:community(33.7254); kw:mare(33.5381)	ر ج ل:B005:بياض رجل الدابة → ش ك ل:B006:شكال الخيل علامة كالقيد
C805	0.6908	wealth / victory / competition / increase	31	13	17	23	0.06735202	0.1756	1.0	0.7826	2,5,6,7,12,16,19,20,23,26,34,37,55,59,62,63,64,70,71,81,85,88,89,92,94,95,98,101,104,107,110	ء ت ي ء م ر ج ز ي ج ه ر ج ي ء س ع ي ع د د ع ط و ك ث ر ك ر م م د د م ش ي م و ل	kw:wealth(75.3434); kw:victory(69.2923); kw:competition(69.0687); kw:increase(66.6687); kw:rivalry(55.4339); kw:contest(54.9176); kw:dominance(54.4326); theme:conflict_security/conflict(51.1117)	ك ث ر:B001:الكثرة ونماء العدد → ع د د:B001:إحصاء المعدود
C806	0.6908	herb / plant / ecology / pasture	42	16	16	19	0.06489627	0.1583	0.9474	0.7368	8,11,12,17,18,20,23,24,25,27,28,29,30,38,39,40,44,46,47,49,54,55,57,60,63,64,65,66,68,75,79,80,81,83,84,85,87,93,98,100,102,108	ث ب ر ج د د ج ن ب ح س ر ح ظ ر ح ل م د ب ر ذ ن ب ر ب ب ر ج ل ز ه ق ش ر ر ع ج ل م و ت ن ف ل و ف ر	kw:herb(101.1696); kw:plant(90.399); kw:ecology(81.8479); kw:pasture(69.193); kw:vegetation(57.2526); theme:agriculture_food/plant_vegetation(54.5874); kw:taxonomy(45.1127); kw:insect(41.5754)	ح ل م:B007:نبتة تسمى الحلمة → ج ن ب:B010:الجنبة نبت متوسط مستقل
C807	0.6908	syntax / question / particle / language_communication/grammar_expression	29	12	14	16	0.05999753	0.1798	1.0	0.875	1,5,9,12,20,35,36,38,39,41,42,44,52,58,59,62,65,71,72,83,84,88,89,98,99,101,102,104,110	ء ج ل ء م م ء ي ي ب ء س ج و ب ذ و و ع م ل ل ف ف ل ك ن ل ي س ن ع م ه ا ء	kw:syntax(75.5784); kw:question(62.1239); kw:particle(59.5205); theme:language_communication/grammar_expression(50.3565); kw:dialogue(48.7992); kw:answer(46.5929); kw:substitution(46.1482); kw:grammar(38.2751)	ن ع م:B004:الجواب بنعم والتصديق → ء ج ل:B003:جواب التصديق أجل
C808	0.6907	rope / jaw / restraint / cord	24	15	17	26	0.0625073	0.1955	1.0	0.8462	4,6,7,13,24,27,28,29,37,39,51,53,60,62,64,67,68,69,71,78,83,103,107,109	ج ن ب ج ن ح ح ك م ح ن ك د ل ك ذ ق ن ش ج ر ش ط ن ط و ل ع ر ض ع ن ق غ ر ق ف ت ل ك ر ر م ر ر	kw:rope(75.661); kw:jaw(60.4627); kw:restraint(54.629); kw:cord(53.1324); kw:palate(48.7992); kw:bridle(48.7992); kw:chin(45.7343); kw:strand(43.7155)	ح ك م:B006:حكمة اللجام → ح ن ك:B003:اللجام تحت الحَنَك والشد به
C809	0.6906	herd / group / band / mass	56	16	17	22	0.05953542	0.163	0.9091	0.6818	1,3,8,12,13,14,15,17,20,23,24,25,27,28,29,30,36,37,38,39,40,44,46,47,54,55,57,59,60,64,65,66,68,69,70,72,77,79,80,84,85,87,92,93,94,95,96,97,99,100,102,105,106,108,109,110	ب ص ر ح م ل خ ر ق خ ش ع ر ب ب ر ج ل ر س ل ز ب ر س م و ع م ي ع ن ق ف ر ق ف ل ك ك س ف ك ف ي و ق ر	kw:herd(51.5089); kw:group(48.542); kw:band(43.1696); kw:mass(41.0035); kw:piece(40.8244); theme:land_water_sky/weather_climate(39.5031); kw:cloud(37.4165); kw:sky(35.9198)	ر ب ب:B008:رباب السحاب → س م و:B004:السماء وما علا فأظل
C810	0.6906	marriage / woman / gender / kinship	57	14	15	18	0.05458739	0.1731	1.0	0.6111	1,2,4,6,7,8,12,14,15,17,20,22,23,24,25,26,27,28,29,30,31,33,34,38,39,40,46,50,52,54,55,57,59,60,64,65,66,68,69,70,76,77,79,80,84,85,87,93,94,95,100,101,102,104,105,108,111	ء ن ث ب ر ك ب ن ي ح د د ح ص ر خ ل ف ر ب ب ر د د ر س ل ظ ن ن ق ع د ن ف س و ل د ي ت م	kw:marriage(102.1765); kw:woman(93.8324); kw:gender(84.5921); kw:kinship(57.145); kw:family(57.0546); kw:son(34.1547); kw:courtship(32.5328); kw:fertility(31.9188)	ب ر ك:B009:امرأة ذات ابن كبير تتزوج → ظ ن ن:B009:امرأة يرجى ولدها
C811	0.6905	marriage / gender / woman / family	26	13	13	16	0.05519011	0.2051	1.0	0.8125	1,6,15,22,29,34,50,52,54,56,59,64,67,68,69,77,80,88,93,94,95,101,102,103,105,111	ب ر ك ب ي ت ج م ع ح د د خ ذ ل ر د د ر س ل ش ر ك ص د ق ض ر ر ظ ن ن ق ع د ي ت م	kw:marriage(147.5883); kw:gender(74.0181); kw:woman(70.3743); kw:family(68.4655); kw:household(59.7372); kw:kinship(47.6209); kw:spouse(43.7155); kw:courtship(32.5328)	ب ر ك:B009:امرأة ذات ابن كبير تتزوج → ظ ن ن:B009:امرأة يرجى ولدها
C812	0.6904	magic / bead / adornment / jewelry	33	14	14	14	0.05811194	0.1538	1.0	0.9286	1,2,12,13,23,29,34,37,40,41,43,44,45,53,56,58,60,62,66,70,73,77,78,89,91,92,93,96,101,107,108,110,111	ء خ ذ ب ل غ ب ي ن ح و ط ح و ل س ب ح ش م س ص ر ف ع ن ق ف ص ل ف ل ك ق ب ل ك ر م ن خ ل	kw:magic(86.8727); kw:bead(84.868); kw:adornment(65.9276); kw:jewelry(56.5787); theme:craft_material_built/ornament_beauty(51.7713); kw:ornament(48.6555); kw:necklace(46.5929); kw:amulet(32.5328)	ص ر ف:B009:خرزة تصرف القلب → ق ب ل:B016:خرزة تقبل وجها إلى وجه
C813	0.6903	bird / space_form_boundary/visual_appearance / animal_life/wildlife / impossibility	18	11	13	16	0.05541966	0.2105	1.0	0.9375	7,12,13,14,21,22,25,29,36,47,54,55,64,80,84,85,102,107	ح س ب خ ي ل د خ ل د ر ج ش ك ل ط ي ر ع ل م ع ن ق غ ر ر غ ل ل ق ع د	kw:bird(46.9162); theme:space_form_boundary/visual_appearance(41.1582); theme:animal_life/wildlife(35.8489); kw:impossibility(35.7766); kw:color(30.7257); kw:omen(27.3357); kw:redness(26.6675); kw:whiteness(23.9988)	ح س ب:B009:لون الأحسب والأحسبية → ش ك ل:B005:الشُّكلة لون مختلط
C814	0.6903	mixture / dairy / milk / coagulation	54	12	12	12	0.05942988	0.1818	0.9167	0.5833	2,4,5,7,8,9,12,13,14,15,17,20,23,24,25,27,28,29,30,35,38,39,40,41,46,48,51,54,55,57,58,59,60,65,66,68,69,71,73,77,79,80,84,85,87,89,93,94,95,97,100,102,105,108	ء و ل ر ب ب ر ب و ر س ل ص ر ف ص ل ح ص م م ض ر ب غ ل ل غ ي ر ك ت ب ن ب و	kw:mixture(37.2198); kw:dairy(36.6655); kw:milk(34.4728); kw:coagulation(32.5328); kw:freshness(28.4462); kw:thickness(26.8781); kw:swelling(26.371); kw:repair(25.08)	ء و ل:B005:خثور السائل وانعقاده في آخر أمره → ص م م:B020:اللبن الخاثر الصامت عند الصب
C815	0.6902	burden / transport / load / equipment	36	16	17	25	0.06091367	0.1852	1.0	0.72	1,3,4,5,6,7,8,10,11,15,16,18,22,26,29,32,33,34,35,43,46,51,52,56,57,59,62,70,74,76,77,81,85,88,100,105	ء و ل ح ص ر ح ق ق ح م ل ح و ل ر د د ظ ه ر ع ت د ع ج ل ع ل و ق ت ر ق ر ب ق ع د ق ل ل و ز ر و ق ر	kw:burden(105.5614); kw:transport(101.5632); kw:load(83.5576); kw:equipment(60.6775); kw:travel(52.9385); kw:mount(52.7421); kw:labor(52.0647); kw:back(50.0232)	ح م ل:B001:إقلال المحمول الظاهر → ق ل ل:B004:الإقلال والاستقلال حملا ونهوضا
C816	0.6902	proximity / space / interval / interstice	24	12	12	13	0.05757706	0.197	1.0	0.8462	1,5,12,13,14,29,45,52,53,56,58,62,71,73,77,83,88,91,95,96,97,101,108,110	ب ي ن ج ه ر ح و ل خ ل ل س ت ر ط م ن ظ ه ر ف ص ل ف ع ل ن ء ي ي د ي ي و م	kw:proximity(48.2109); kw:space(42.0421); kw:interval(38.3916); kw:interstice(35.7766); kw:relation(34.4119); kw:presence(27.1003); kw:gap(26.5662); kw:division(24.3277)	خ ل ل:B001:فرجة بين الأشياء → ب ي ن:B002:الخلالة والوسط بين شيئين
C817	0.6901	disposition / nature / creation / temperament	40	12	16	24	0.06175972	0.2087	1.0	0.5833	2,4,6,7,9,13,14,15,25,26,33,35,37,40,41,45,46,48,49,51,58,60,61,62,70,71,77,78,79,82,84,88,89,93,97,98,99,101,104,106	ء م م ب ن ي ج ب ل خ ل ق س ن ن ش ك ل ض ر ب ط ي ن ف ط ر ق ر ء ق و م ن ف س	kw:disposition(72.3939); kw:nature(69.3187); kw:creation(68.9644); kw:temperament(63.4145); kw:constitution(47.5952); kw:character(46.3827); kw:psychology(44.5461); kw:tradition(43.7155)	ض ر ب:B009:السجية المضروبة → خ ل ق:B004:السجية والطبيعة الباطنة
C818	0.69	night / darkness / dawn / time	30	15	17	33	0.05938034	0.2463	0.9394	0.5758	1,7,12,13,14,15,23,24,25,26,32,33,34,47,51,52,57,58,62,64,71,77,78,79,90,91,92,97,101,107	ت س ع ج ن ح ر ج ل س ح ر س ق ط ش م س غ س ق ف ج ر ق ب ل ق ر ب ل ي ل ن ف س ن ف ل ن ه ر ي و م	kw:night(117.2905); kw:darkness(100.5981); kw:dawn(70.7234); kw:time(54.0886); kw:astronomy(53.537); kw:calendar(48.4301); kw:transition(45.5656); kw:emergence(37.4165)	ن ف ل:B005:ليال زائدة بعد الغرر → ت س ع:B005:ليال تنتهي بالتاسعة
C819	0.69	death / life / mortality / soul	20	11	17	30	0.06018068	0.2344	1.0	0.7333	4,7,14,15,23,25,28,31,33,34,35,59,67,69,71,75,83,85,88,91	ج ن ن ح ي ي ر و ح ع ر ض ق ت ل ق ض ي ك ذ ب م و ت ن ف س و ف ي ي م ن	kw:death(111.8847); kw:life(95.6749); kw:mortality(75.5434); kw:soul(73.347); kw:spirit(44.6404); theme:body_health_life/physiology(43.236); kw:reptile(42.9143); theme:body_health_life/mortality_death(40.9472)	ن ف س:B011:النفس التي بها الحياة → ر و ح:B001:النفس والروح التي بها حياة البدن
C820	0.6899	virtue / goodness / ethics / selection	23	13	15	28	0.05589582	0.2745	0.9643	0.6071	5,7,9,11,13,19,25,35,39,48,56,64,67,68,70,73,83,88,89,91,99,104,108	ب ر ر ج ن ب خ ل ل خ ي ر س ع ي ش ر ر ص ل ح ض ر ر ف ع ل ل ق ي م ث ل م س س و ع د	kw:virtue(87.3052); kw:goodness(45.7343); kw:ethics(43.9026); kw:selection(41.3787); kw:welfare(39.7012); kw:fortune(39.7012); kw:harm(37.3173); kw:righteousness(35.7766)	ف ع ل:B002:فَعال الخلق → خ ي ر:B005:الكرم والهبة
C821	0.6899	calamity / proverb / disaster / ordeal	24	10	11	12	0.0598083	0.2222	1.0	0.75	4,7,13,23,29,34,37,39,48,51,55,59,73,82,86,88,89,93,95,97,99,102,105,106	ب ل غ ج ب ل ز ب ر ص م م ع ن ق م ث ل م ر ر ن ز ل ن و ق و ح ي	kw:calamity(83.9958); kw:proverb(54.2007); kw:disaster(47.5872); kw:ordeal(40.8244); kw:crisis(38.7554); kw:danger(35.8423); kw:suffering(34.0588); kw:inscription(29.9889)	م ر ر:B004:الشدة المرة والداهية → ص م م:B005:الشدة والداهية
C822	0.6898	scarcity / quantity / smallness / poverty	24	12	12	13	0.06253141	0.197	1.0	0.7692	2,3,6,19,28,30,36,52,56,62,65,66,70,71,74,76,85,89,92,97,99,100,101,102	ء م م د و ن ز ج و س ق ط ش ك ر ظ ن ن ق ت ر ق د ر ق ل ل ك ث ر ل ي س ي س ر	kw:scarcity(76.4806); kw:quantity(57.9783); kw:smallness(39.2775); kw:poverty(35.6904); kw:value(35.5423); kw:weakness(34.4728); theme:condition_force_change/abundance_scarcity(32.5901); kw:insignificance(32.5328)	ي س ر:B002:قلة يسيرة → ء م م:B013:الأمم اليسير الحقير
C823	0.6898	bird / impossibility / propulsion / growth	23	12	12	13	0.05303358	0.197	1.0	0.9231	2,4,6,7,8,12,13,18,21,22,23,24,29,33,39,45,46,60,64,66,80,99,100	ج ع ل ج ن ح خ ي ل د خ ل د ر ج ز ج و ط ي ر ع ن ق غ ر ر ق ض ي ق ع د م س ك	kw:bird(46.9162); kw:impossibility(35.7766); kw:propulsion(33.004); kw:growth(31.607); kw:wing(29.544); kw:neglect(28.2893); kw:omen(27.3357); kw:smallness(26.185)	ط ي ر:B001:خفة الطيران والطير → د ر ج:B009:طائر الدُّرّاج
C824	0.6897	rupture / craft_material_built/craft / fragment / damage	39	16	17	22	0.05882728	0.163	0.9545	0.8636	1,2,6,8,11,12,13,17,18,21,22,29,30,33,36,37,39,45,46,51,52,55,59,60,66,67,70,73,80,83,88,92,96,99,102,103,106,107,109	ب ح ر ب ص ر ب ع ض ج ع ل ج م ع ج و ب خ ر ر خ ر ق ش ر ر ص د ر ف ر ق ف ر ي ف ط ر ق ص و ك س ف ن ش ر	kw:rupture(53.335); theme:craft_material_built/craft(44.1618); kw:fragment(41.9894); kw:damage(37.4165); kw:cutting(37.4165); kw:portion(36.7544); kw:fraction(33.004); kw:perforation(30.7655)	خ ر ق:B001:الشَّق والثقب والقطعة → ج و ب:B001:الخَرْق والقطع النافذ
C825	0.6897	isolation / separation / individuality / uniqueness	19	9	13	15	0.06564286	0.2113	1.0	0.8667	2,4,6,12,22,23,26,34,38,40,45,46,53,70,96,101,104,106,110	ء ح د ب ن ي ب ي ن خ ذ ل ع ن د ف ر ق ف ص ل و ح د ي ت م	kw:isolation(85.8285); kw:separation(71.9247); kw:individuality(53.6648); kw:uniqueness(50.3071); kw:distinction(48.7992); kw:division(48.6555); kw:solitude(46.5929); kw:singularity(34.884)	ء ح د:B005:الانفراد والتفرق آحادا → و ح د:B001:الانفراد والبينونة
C826	0.6897	quantity / measurement / measure / weight	53	9	14	12	0.05856133	0.1463	1.0	0.8333	3,5,9,11,12,13,14,15,18,19,20,25,27,30,31,32,33,34,35,36,38,42,44,49,50,51,53,57,58,62,66,67,72,78,79,81,82,83,87,88,91,93,95,96,97,98,99,100,102,105,106,108,111	ح س ب خ س ر ق د ر ق و م ك و ن ك ي ل ن ز ل و ز ن و ف ي	kw:quantity(81.1697); kw:measurement(57.6608); kw:measure(44.684); kw:weight(40.0012); kw:rank(38.6317); kw:hierarchy(32.5956); kw:reckoning(32.5328); kw:judgment(31.722)	ك ي ل:B001:كيل الطعام → خ س ر:B003:إخسار الكيل والميزان
C827	0.6897	verse / meter / prosody / language_communication/rhetoric_discourse	26	13	13	12	0.06500022	0.1538	1.0	0.9167	9,12,14,20,22,28,29,30,36,41,45,46,60,63,66,67,68,70,71,78,82,83,88,89,93,106	ب ح ر ب ر ر ب س ط ب ي ت ح ظ ر د ب ر ع ر ض ف ر ق ف ص ل ق ر ء ق ع د ق ف و و ف ر	kw:verse(90.6941); kw:meter(73.8599); kw:prosody(59.0879); theme:language_communication/rhetoric_discourse(40.7993); kw:rhythm(40.1571); kw:ending(31.7301); kw:language(30.3446); kw:text(29.7602)	ب س ط:B009:بحر البسيط في العروض → و ف ر:B006:بحر الوافر في العروض
C828	0.6896	knowledge / cognition_perception/knowledge_learning / report / information	55	16	17	18	0.05727204	0.1333	0.9444	0.8333	1,5,8,11,12,14,17,18,20,23,24,25,27,28,30,36,38,39,40,44,46,47,48,52,54,55,56,57,60,62,65,66,67,71,74,75,78,79,80,84,85,86,87,88,89,92,93,96,99,100,102,107,108,109,110	ء ذ ن ج و س ح س ب خ ب ر د ع و ذ ق ن ذ و ق ر ء ي ر ب ب س ق ط ش ه د ش ي ء ع ل م ف ق ه م ث ل ن ب ء	kw:knowledge(100.8548); theme:cognition_perception/knowledge_learning(94.0203); kw:report(72.8591); kw:information(60.4627); kw:inquiry(56.2768); kw:news(45.7343); kw:religion(43.3422); kw:evidence(40.6505)	خ ب ر:B001:العلم بالخبر وباطن الأمر → ن ب ء:B002:الخبر الآتي المبلَّغ
C829	0.6896	mating / breeding / livestock / sexuality	37	14	16	16	0.06633922	0.1356	1.0	0.875	1,2,8,9,12,14,16,26,41,44,45,46,48,51,55,56,59,60,69,71,74,77,78,82,85,88,89,92,93,95,97,99,101,102,106,107,110	ء ت ي ء م ر ث ب ت ح و ل س ب ع س م و س ن ن س ن و ص م م ض ر ب ع و د ق ر ء ك ذ ب ن ب و	kw:mating(69.6314); kw:breeding(57.9151); kw:livestock(57.1909); kw:sexuality(42.6119); kw:fertility(42.5584); kw:reproduction(40.7946); kw:mounting(33.5381); kw:estrus(31.3821)	س ن و:B010:تسنّي البعير للناقة → س ن ن:B007:إكباب بدفع أو عض
C830	0.6896	family / household / dependent / clan	41	12	12	12	0.05934023	0.1818	1.0	0.6667	2,4,5,6,7,9,12,13,16,22,24,26,33,34,35,39,40,42,51,58,59,62,64,70,78,79,82,92,93,94,95,96,97,99,101,102,104,105,106,110,111	ء ل ه ء و ل ب ن ي ب ي ت ر ب و س ك ن ع ه د ف ص ل ق ر ي ق و م م و ل ن ز ل	kw:family(91.2873); kw:household(83.6321); kw:dependent(47.0731); kw:clan(39.4154); kw:tribe(35.6904); kw:kin(32.5328); kw:lineage(32.5067); kw:abode(30.4895)	ء و ل:B003:آل الرجل من يرجع إليهم ويرجعون إليه → ب ي ت:B002:أهل البيت وعياله
C831	0.6895	orientation / side / facing / opposition	40	11	13	13	0.06008064	0.1711	1.0	0.7692	4,7,11,13,24,28,33,37,44,45,46,53,55,58,60,62,67,68,71,76,77,83,88,89,90,92,94,95,96,97,99,100,101,102,103,104,106,107,110,111	ء ر ض ء ن س ب ي ن ج ن ب ج ن ح ح ن ك ق ب ل و ج ه و ل ي ي س ر ي م ن	kw:orientation(96.7429); kw:side(67.2365); kw:facing(48.1671); kw:opposition(40.6505); kw:laterality(36.9273); kw:hand(36.3226); kw:left(33.5381); theme:movement_travel/orientation_direction(32.1787)	ج ن ح:B002:الجناح جانبا ويدا وكنفا → ج ن ب:B001:الجنب جانب الجسد وناحية الشيء
C832	0.6894	transport / pad / cushion / equipment	28	14	14	17	0.05801525	0.1868	1.0	0.8235	3,7,8,12,14,16,22,26,29,32,33,34,40,42,46,49,51,57,70,80,81,88,97,98,100,104,105,111	ح س ب ح س ر ح ص ر ح ق ق ح م ل د خ ل ظ ه ر ع ر ش ع ظ م ق ت ر ق ر ب ق ع د ل ف ف و ل ي	kw:transport(71.0942); kw:pad(62.1239); kw:cushion(61.531); kw:equipment(60.6775); kw:camel(55.6001); kw:mount(52.7421); kw:travel(44.1154); kw:saddle(41.1882)	ق ع د:B008:المركوب المقتعد → ق ر ب:B013:الخيل والإبل المقربة
C833	0.6894	planning / readiness / preparation / equipment	26	11	12	12	0.06413924	0.1846	1.0	0.8333	2,5,7,10,12,15,17,26,30,34,35,48,55,57,59,64,71,76,85,88,92,99,101,104,107,108	ء ت ي ب ع د ح ذ ر خ ل ف ط و ع ع ت د ع د د ق د ر و ز ر و ع د و ف ي	kw:planning(55.9858); kw:readiness(52.5539); kw:preparation(50.4406); kw:equipment(48.542); kw:appointment(47.5952); theme:kinship_society/social_relations(38.606); kw:armament(35.7766); kw:calculation(31.7301)	ع د د:B002:تهيئة العدة → ح ذ ر:B003:الأهبة الحذرة
C834	0.6893	power / ability / capacity / condition_force_change/capacity_ability	37	12	15	18	0.06171335	0.1782	1.0	0.7778	1,4,7,10,13,15,17,19,21,22,29,30,39,42,45,47,48,51,56,57,58,62,64,67,69,72,73,74,76,77,78,86,92,97,99,104,107	ء خ ر ء ل ي ب ع د خ ل ف ض ر ر ط و ع ق ب ل ق د ر ك و د ل ق ي و ج ه ي د ي	kw:power(65.5548); kw:ability(61.531); kw:capacity(61.2574); theme:condition_force_change/capacity_ability(60.0292); kw:opposition(54.2007); kw:capability(53.6648); kw:negation(40.3171); kw:encounter(39.7012)	و ج ه:B003:المواجهة والتقابل → ق ب ل:B001:مواجهة الشيء للشيء
C835	0.6893	arrival / migration / approach / alien	33	10	14	17	0.05855462	0.2099	1.0	0.8235	2,4,5,7,16,26,33,37,44,48,55,59,64,71,75,76,80,81,83,85,88,90,92,94,95,97,99,101,102,103,104,107,110	ء ت ي ء ر ض ج ه ر ج ي ء د م ر ط و ع ن ب ء ن ص ر ن ع م و ج ه	kw:arrival(61.7155); kw:migration(49.2484); kw:approach(36.9363); kw:alien(35.7766); kw:foreigner(34.884); kw:coming(33.5381); kw:stranger(33.004); kw:outsider(31.3821)	ء ت ي:B001:الإتيان والمجيء → ج ي ء:B001:المجيء والحصول
C836	0.6893	haste / time / delay / urgency	38	12	13	13	0.05730661	0.1688	1.0	0.8462	1,3,5,7,10,11,15,17,18,19,21,22,23,24,28,30,39,45,51,52,53,57,58,62,65,69,72,73,76,77,86,92,96,99,104,106,107,111	ء ج ل ء خ ر ب ع د ذ ل ل ر ج و ع ب د ع ج ل ف ط ر ق ب ل ل ب ث م ك ث و ح ي	kw:haste(65.9276); kw:time(63.1034); kw:delay(63.0508); kw:urgency(56.2768); kw:speed(34.1162); kw:postponement(32.5328); kw:acceleration(31.7301); kw:priority(28.4462)	ب ع د:B002:البعد بعد القبل → ق ب ل:B002:تقدم الشيء أو إقباله
C837	0.6892	daylight / noon / quantity / time	35	14	17	29	0.06045003	0.2231	0.9655	0.6552	4,5,7,9,12,13,21,23,25,30,31,34,35,43,44,47,51,58,60,62,64,78,79,82,87,88,91,93,95,97,99,102,105,106,111	خ س ر خ ي ل ر ج ل ش د د ظ ه ر غ ف ر ق د ر ق س ط س ق و م ك ب ر ن ز ل ن ه ر و ج ه و ز ن	kw:daylight(65.0657); kw:noon(62.7642); kw:quantity(57.9783); kw:time(45.0739); kw:astronomy(42.8296); kw:weight(40.0012); kw:scale(39.0107); theme:land_water_sky/light_darkness(37.8858)	ق و م:B017:انتصاف النهار وقائم الظهيرة → و ز ن:B004:قيام ميزان النهار في وسطه
C838	0.6892	destruction / ruin / trace / trail	17	15	17	29	0.06389083	0.218	1.0	0.7931	7,12,16,17,36,46,47,58,60,63,69,81,82,86,100,102,104	ب ع د ت ب ر ت ب ع ث ب ر ح و ط د ب ر د م ر ذ ه ب ز ه ق ش ف ي ق ف و ق و ف م ح و ن ف ق ه ل ك	kw:destruction(107.9946); kw:ruin(61.1092); kw:trace(49.4984); kw:trail(46.5929); kw:mortality(43.1677); kw:disappearance(40.4815); kw:pursuit(37.4165); kw:forensics(36.9273)	ق ف و:B001:اتباع الأثر والتتابع → ق و ف:B001:اقتفاء الأثر
C839	0.6892	horse / marking / leg / whiteness	20	12	13	20	0.05244873	0.2597	1.0	0.7	2,8,16,24,26,28,33,47,54,64,65,68,71,81,83,84,86,100,105,106	ج ن ب ج ن ح ح ص ر ح ق ق ر ج ل ش ك ل غ ر ر ف ت ل ف ر ق م س ك و ك ل ي س ر	kw:horse(69.4456); kw:marking(64.1841); kw:leg(52.7421); kw:whiteness(47.9976); kw:animal(34.439); kw:rib(31.7301); kw:anatomy(31.3884); kw:spacing(30.7655)	ر ج ل:B005:بياض رجل الدابة → ش ك ل:B006:شكال الخيل علامة كالقيد
C840	0.6891	return / delay / postponement / time	33	14	15	17	0.06403418	0.1635	1.0	0.8235	5,6,7,8,10,11,15,16,18,19,20,21,22,24,25,27,28,35,39,41,45,48,51,57,59,62,69,72,85,89,99,104,111	ء ج ل ء خ ر ء خ و ء م ر ء و ب ء و ل ذ ل ل ر ج و ر د د ص ر ف ع ج ل ع و د م د د ن ظ ر	kw:return(71.9964); kw:delay(63.0508); kw:postponement(48.7992); kw:time(36.0591); kw:deferment(35.7766); kw:obligation(33.8345); kw:deadline(33.004); kw:judgment(31.722)	ء خ ر:B002:التأخير إلى وقت لاحق → ن ظ ر:B002:ترقب الوقت وإمهال الطالب
C841	0.689	hearing / ear / cognition_perception/perception / listening	21	10	15	18	0.06979932	0.1915	1.0	0.8889	1,12,18,23,30,31,32,36,44,45,46,47,49,54,64,71,74,86,97,98,111	ء ذ ن ء م م ج د د ح ج ب ز ن ي س م ع ش ي ء ص م م و ق ر و ل د	kw:hearing(98.4843); kw:ear(55.9858); theme:cognition_perception/perception(49.4142); kw:listening(47.0731); kw:sound(41.0998); kw:obedience(39.8493); kw:attention(35.5423); kw:family(34.2328)	س م ع:B001:إدراك الأصوات بالأذن → ء ذ ن:B002:الإصغاء وقبول المسموع
C842	0.689	withdrawal / refusal / aversion / retreat	17	10	12	15	0.06188417	0.2344	1.0	0.7333	7,10,15,28,33,46,48,54,57,58,67,68,69,83,88,97,111	ح ص ب د ب ر ض ر ب ظ ه ر ع ذ ب ع ر ض ق ص ف ن ء ي و ج ه و ل ي	kw:withdrawal(79.4023); kw:refusal(57.219); kw:aversion(51.6738); kw:retreat(44.0082); kw:avoidance(38.2751); kw:attention(35.5423); kw:departure(34.4119); kw:alienation(33.004)	د ب ر:B005:تدابر القوم وتصارمهم → ظ ه ر:B022:التدابر بالظهور
C843	0.689	sequence / replacement / alternation / renewal	37	10	12	12	0.05589354	0.1905	1.0	0.8333	1,7,9,10,12,15,16,17,18,19,21,22,35,38,39,41,42,45,46,49,58,62,69,72,76,77,78,79,85,88,89,92,98,103,104,107,110	ء خ ر ب ع د ج د د خ ل ف د ب ر ذ و و ر و ح ر و د ق ب ل ل ي ل	kw:sequence(58.7608); kw:replacement(44.9833); kw:alternation(43.4363); kw:renewal(40.8244); kw:deixis(31.7301); kw:succession(25.1495); kw:cycle(24.3853); kw:space(21.021)	ب ع د:B002:البعد بعد القبل → خ ل ف:B002:وراء الشيء وخلاف قدّامه
C844	0.6889	ease / taming / compliance / leather	32	14	15	16	0.06038574	0.1538	1.0	0.9375	1,3,5,7,14,15,17,20,23,24,25,28,30,33,37,48,53,54,56,59,64,65,68,69,77,93,94,95,96,100,105,111	ح ر م ح و ل خ ف ض ذ ل ل ر س ل ط و ع ع ب د ع ط و ك ذ ب م ر ح م س ك ن ف س ن و ق ي س ر	kw:ease(51.5089); kw:taming(51.232); kw:compliance(45.7343); kw:leather(39.0107); kw:softness(37.0293); kw:flexibility(34.884); kw:tanning(32.5328); kw:material(28.2385)	ع ط و:B006:اللين والانقياد والمطاوعة → ط و ع:B001:الانقياد والطاعة
C845	0.6889	uncertainty / suspicion / epistemology / conjecture	50	9	13	11	0.05987101	0.1549	1.0	0.8182	1,3,12,14,16,22,23,24,28,33,36,39,40,42,43,47,49,50,51,52,53,56,60,61,62,63,64,65,80,81,84,85,88,90,92,93,94,95,96,98,99,100,101,102,103,104,107,108,110,111	ح ر م ح س ب خ ي ل ر ي ب ز ع م ظ ن ن ق و ل ل ي س م ع ع	kw:uncertainty(65.0179); kw:suspicion(60.4627); kw:epistemology(55.4339); kw:conjecture(47.5952); theme:cognition_perception/proof_uncertainty(46.2392); kw:doubt(44.316); kw:accusation(41.5754); kw:supposition(35.7766)	ظ ن ن:B004:تهمة وظنة → خ ي ل:B005:التخييل والاشتباه
C846	0.6888	counterpart / comparison / peer / courage	38	17	17	24	0.06506266	0.1765	0.875	0.75	1,3,4,5,7,8,9,12,14,15,17,21,23,25,30,31,33,34,36,40,43,48,49,51,53,58,60,64,65,69,77,87,88,89,96,98,99,111	ب ء س س ن ن س ن و ش د د ض ر ب ع ب د ع د د ع ظ م ع و د ق ر ن ك ب ر ل ي س م ث ل م ر ر ن ظ ر ن ف س و ل د	kw:counterpart(83.5576); kw:comparison(76.7833); kw:peer(76.2238); kw:courage(52.3699); kw:equal(49.5059); kw:strength(45.3359); kw:equivalence(43.7155); kw:age(37.4165)	ع ب د:B007:القوة والصلابة → ش د د:B002:شدة القوة والصلابة
C847	0.6888	chest / body / sternum / anatomy	27	15	15	23	0.0561003	0.219	1.0	0.6957	1,6,7,8,9,12,13,20,24,29,36,38,46,47,51,68,71,83,84,88,89,91,93,94,97,101,105	ب ر ك ب ش ر ج ن ب ج ن ح ج ن ن ح ش ر ح ص ر د ب ر س ح ر ص د ر ظ ه ر ك ر ر ك ل ل و ج ه ي د ي	kw:chest(104.7399); kw:body(50.8676); kw:sternum(48.7992); kw:anatomy(39.2355); kw:thorax(34.1547); theme:body_health_life/anatomy(33.411); kw:torso(32.5328); kw:rib(31.7301)	ص د ر:B001:الصدر الجارحة وما يتصل بها → ظ ه ر:B002:الظهر وخلاف البطن
C848	0.6888	intention / decision / will / volition	35	13	15	19	0.0608627	0.1845	1.0	0.7368	2,4,7,9,12,13,14,15,16,18,19,21,23,25,30,33,35,37,44,54,58,62,64,66,71,74,78,79,85,86,88,93,95,97,103	ء م ر ج م ع خ ي ل د ر ج ر و د ز ج و س ع ي ش ي ء ق ض ي ق و م ك ت ب م ش ي ن ف س	kw:intention(62.6999); kw:decision(53.7561); kw:will(49.5059); kw:volition(48.1671); kw:governance(45.0396); kw:walking(44.9833); kw:motivation(40.4815); kw:decree(34.1547)	ش ي ء:B002:المشيئة المتعلّقة بالشيء → ر و د:B001:الإرادة والمشيئة
C849	0.6888	interval / division / interstice / distinction	51	12	13	11	0.06223942	0.1429	1.0	0.7273	1,2,5,12,16,17,23,24,28,35,40,42,43,45,47,49,50,51,53,54,56,60,61,62,63,65,68,73,77,80,81,84,85,86,88,90,91,93,94,95,96,98,100,101,102,104,106,107,108,110,111	ب ع د ب ي ن ح و ل خ ل ل س ت ر ظ ه ر ف ر ق ف ص ل ق و ل ك ش ف ك ي ل و ك ل	kw:interval(51.1888); kw:division(36.4916); kw:interstice(35.7766); kw:distinction(32.5328); kw:space(31.5315); kw:diplomacy(28.4462); kw:negotiation(28.4462); theme:space_form_boundary/boundary(27.8764)	ف ص ل:B001:إبانة شيء من شيء حتى يظهر الحد بينهما → ف ر ق:B001:تمييز وتزييل بين شيئين
C850	0.6886	virtue / goodness / generosity / kinship_society/hospitality_welfare	35	14	17	29	0.06097034	0.2197	0.931	0.6552	4,5,8,11,12,13,21,23,35,37,44,48,55,56,62,64,66,67,68,70,73,76,78,83,87,88,89,90,91,95,99,102,103,104,108	ء ر ض ب ر ر ح ص ر خ ل ل خ ي ر خ ي ل ش ر ر ض ر ر ط ي ر ف ج ر ف ض ل ف ع ل ك ر م م ث ل	kw:virtue(112.2496); kw:goodness(60.9791); kw:generosity(60.8194); theme:kinship_society/hospitality_welfare(49.805); kw:bounty(42.9143); kw:selection(41.3787); kw:proverb(40.6505); kw:righteousness(35.7766)	ف ع ل:B002:فَعال الخلق → خ ي ر:B005:الكرم والهبة
C851	0.6885	pattern / disposition / course / nature	42	17	17	24	0.05852447	0.1765	1.0	0.6667	2,4,6,7,9,14,15,16,26,28,37,40,41,45,46,48,49,51,58,60,61,63,64,67,70,71,77,78,82,83,84,86,88,89,93,94,97,98,99,101,104,106	ء م م ب ن ي ج ب ل ج د د خ ل ق ذ ه ب س ن ن ش ك ل ض ر ب ع ر ض غ ر ر ف ر ق ق ر ء ق ر ي م ث ل ه د ي و ج ه	kw:pattern(73.5089); kw:disposition(57.9151); kw:course(57.9151); kw:nature(57.7656); kw:temperament(50.7316); kw:path(49.8887); kw:method(47.0731); kw:custom(44.9833)	ض ر ب:B009:السجية المضروبة → خ ل ق:B004:السجية والطبيعة الباطنة
C852	0.6884	destruction / life / willingness / ruin	29	14	17	23	0.06243524	0.1742	0.9565	0.913	7,11,14,15,16,17,25,31,33,46,54,56,58,59,64,67,68,69,70,75,77,83,85,93,94,95,102,105,111	ت ب ر ث ب ر د ب ر د م ر ر س ل ر و ح ش ر ر ش ر ك ض ر ر ط ي ب ق ت ل م و ت ن ف س ه ل ك	kw:destruction(71.9964); kw:life(41.0035); kw:willingness(36.9273); kw:ruin(36.6655); kw:competition(34.5343); kw:eradication(34.1547); kw:loss(33.6183); theme:emotion_ethics/intention_character(31.0145)	ه ل ك:B001:السقوط إلى الهلاك والفناء → ث ب ر:B002:الهلاك والثبور
C853	0.6884	chest / body_health_life/anatomy / skeleton / cognition_perception/cognition	54	13	14	12	0.05489022	0.1333	1.0	0.8333	7,8,12,13,14,15,16,20,23,24,25,28,29,33,36,38,40,42,43,47,49,50,51,53,56,59,60,61,62,63,71,80,81,84,85,88,89,90,91,93,94,95,96,97,98,100,101,102,104,107,108,109,110,111	ج ن ح ج ن ن ح ص ر ذ ق ن ر ق ي س ح ر ص د ر ق و ل ك ذ ب ك ر ه ك ل ل ن ف س و ج ه	kw:chest(91.6474); theme:body_health_life/anatomy(43.4343); kw:skeleton(42.9143); theme:cognition_perception/cognition(37.4564); kw:throat(37.1238); kw:thorax(34.1547); kw:psychology(33.4095); kw:torso(32.5328)	ن ف س:B013:ما في النفس من عقل وروع → ق و ل:B012:قول في النفس لم يظهر
C854	0.6884	body_health_life/health_medicine / disease / pustule / body_health_life/disease_injury	31	13	13	11	0.06469953	0.141	1.0	0.9091	1,4,7,13,18,22,37,44,46,51,52,55,56,62,64,68,74,76,77,78,80,83,85,90,91,95,96,99,102,103,104	ء ر ض ج ن ب ح ص ب ح و ل خ ر ج خ ي ل د ب ر ذ م م ش ه د ع ن ب ق ل ب ق ل ل م ر ر	theme:body_health_life/health_medicine(72.2767); kw:disease(57.5572); kw:pustule(48.1671); theme:body_health_life/disease_injury(46.113); kw:eruption(45.3471); kw:blister(35.7766); kw:physiology(35.1186); kw:quiver(32.1114)	ء ر ض:B008:الأَرْض الرعدة → ق ل ل:B005:القِلُّ رعدة واضطراب
C855	0.6883	time / time_measure_quantity/sequence_cycle / daylight / cycle	45	16	17	25	0.05996543	0.1852	1.0	0.6	1,4,5,7,9,10,12,13,15,19,21,22,23,31,34,35,39,41,43,45,46,47,49,51,58,60,62,64,68,69,72,75,76,77,78,79,86,87,89,91,97,98,99,104,111	ء خ ر ج د د خ ل ف د ب ر ر ج ل ر ي ب س ر ي ش د د ص ر ف ع د د ق و م ك ب ر ن ه ر و ج د و ج ه و ز ن	kw:time(54.0886); theme:time_measure_quantity/sequence_cycle(50.378); kw:daylight(48.7992); kw:cycle(48.7706); kw:noon(47.0731); kw:renewal(40.8244); theme:land_water_sky/light_darkness(37.8858); kw:height(37.0293)	ق و م:B017:انتصاف النهار وقائم الظهيرة → و ز ن:B004:قيام ميزان النهار في وسطه
C856	0.6883	worship / ritual_belief/religion_worship / prayer / prostration	51	12	15	19	0.05875428	0.1881	1.0	0.5789	1,3,5,7,8,9,12,13,17,18,20,23,24,25,27,28,30,33,35,38,39,40,43,44,46,53,54,55,57,58,60,61,62,65,66,77,78,79,80,84,85,87,92,93,96,97,100,102,107,108,110	ج ن ح ح ر م ر ب ب س ب ح س ج د س ع ر ص ل و ص ل ي ع ب د ق ب ل ق و م ه ج د	kw:worship(100.3198); theme:ritual_belief/religion_worship(76.8416); kw:prayer(68.647); kw:prostration(67.0762); kw:standing(46.5929); kw:submission(40.4815); kw:devotion(40.0012); kw:obedience(39.8493)	ص ل ي:B001:الصلاة عبادة لازمة → ص ل و:B003:العبادة المخصوصة
C857	0.6881	selection / virtue / goodness / preference	31	12	17	31	0.06124265	0.2441	0.9677	0.5806	4,5,11,12,21,29,30,35,37,40,44,48,55,64,66,67,68,70,73,76,79,87,88,89,90,91,95,99,102,103,104	ء ر ض ب ر ر ب س ط خ ل ل خ ي ر خ ي ل ص ف و ط و ل ف ض ل م ث ل ن خ ل ن ف ل	kw:selection(110.3431); kw:virtue(87.3052); kw:goodness(60.9791); kw:preference(58.2873); kw:choice(54.4326); kw:surplus(47.0731); kw:merit(44.6404); kw:bounty(42.9143)	ف ض ل:B002:الدرجة والفضيلة → ب س ط:B003:السعة والزيادة والفضل
C858	0.6881	anger / sharpness / emotion_ethics/intention_character / emotion	33	12	13	13	0.0610632	0.1688	1.0	0.8462	1,3,5,7,13,14,15,17,23,25,29,30,33,40,41,44,46,50,52,53,62,64,65,68,69,74,75,76,77,85,86,96,97	ء ن ث ح د د ح ل م ذ ك ر ص م م ط ي ر ع ب د غ ر ر غ ل ل ق ل ل ن ف س و ج د	kw:anger(64.3861); kw:sharpness(54.2007); theme:emotion_ethics/intention_character(34.8913); kw:emotion(34.3024); kw:desire(33.8898); kw:rashness(33.5381); theme:emotion_ethics/emotion(33.4655); kw:pride(27.1003)	ط ي ر:B005:حدّة وطيش منطلق → ح د د:B006:حدة البأس والشراب والغضب
C859	0.6879	worship / ritual_belief/religion_worship / prayer / prostration	46	13	15	20	0.05887498	0.1961	1.0	0.6	1,3,5,7,9,13,14,17,18,22,23,29,30,35,41,43,44,45,46,48,53,58,60,61,62,65,71,77,78,79,80,82,88,89,92,93,95,96,97,99,102,105,106,107,108,110	د خ ل س ب ح س ج د س ن ن ص ل و ص ل ي ع ب د ق ب ل ق ر ء ق ع د ق و م م ث ل ن ز ل	kw:worship(87.7798); theme:ritual_belief/religion_worship(72.5726); kw:prayer(68.647); kw:prostration(67.0762); kw:standing(62.1239); kw:posture(56.2995); kw:submission(40.4815); kw:devotion(40.0012)	ص ل ي:B001:الصلاة عبادة لازمة → ص ل و:B003:العبادة المخصوصة
C860	0.6877	language_communication/writing_text / writing / documentation / document	26	12	13	13	0.06187021	0.1688	1.0	0.9231	2,4,7,9,12,13,14,15,21,25,33,35,39,45,55,58,62,71,73,75,78,79,84,86,93,97	ح ج ب د ر ج ز ب ر س ط ر ش ك ل ض ع ف ف ص ل ق و م ك ت ب ن ش ر ن ف س و ح ي	theme:language_communication/writing_text(146.2228); kw:writing(92.9817); kw:documentation(50.3071); kw:document(47.0731); kw:book(30.7655); kw:inscription(29.9889); kw:literacy(29.7602); kw:record(29.3388)	ك ت ب:B002:نظم الحروف واسم المكتوب → و ح ي:B003:كتابة ونقش
C861	0.6877	elevation / ascent / height / rise	21	11	13	12	0.07045136	0.1579	1.0	0.9167	4,7,21,30,31,43,44,55,59,60,64,70,82,92,93,95,99,102,105,106,110	ج ل ب د ر ج ر ز ق ر ق ي س م و ط غ و ط غ ي ع ل و ن ب و ن ز ل ن و ق	kw:elevation(70.7954); kw:ascent(52.5539); kw:height(49.3724); kw:rise(43.4363); kw:loftiness(33.004); kw:slab(32.5328); kw:terrain(32.3757); kw:summit(30.2314)	ط غ ي:B005:الطغية الصفاة الملساء → ط غ و:B006:الطغية الصفاة أو الموضع المرتفع
C862	0.6877	fall / descent / loss / gravity	33	10	10	9	0.05255557	0.2	0.8889	0.8889	4,6,7,11,16,17,31,37,43,44,48,52,55,56,57,58,67,71,76,82,90,92,93,95,99,102,103,104,105,106,107,109,110	ء ر ض خ ر ر د ع و ر د د س ق ط ض ر ب ع ل و م ل ق ن ز ل ه ل ك	kw:fall(40.6505); kw:descent(36.4065); kw:loss(33.6183); kw:gravity(28.6095); kw:collapse(27.8525); kw:impact(25.6736); kw:ruin(24.4437); kw:contact(24.4437)	س ق ط:B001:وقوع الشيء وانطراحه إلى أسفل → خ ر ر:B001:السقوط المضطرب المصحوب بصوت
C863	0.6876	prevention / access / delay / condition_force_change/control_restraint	26	14	16	33	0.05887653	0.2797	0.8485	0.5455	5,8,10,15,22,29,33,39,45,47,48,50,52,54,57,58,59,64,71,73,76,82,91,94,99,102	ث ب ر ج ل ب ح ج ب ح ج ر ح ص ر ح ك م خ ل ف خ ل ل ض ر ب ظ ل م ع ذ ب ق ع د ل ب ث م ن ع	kw:prevention(103.6846); kw:access(61.5604); kw:delay(50.4406); theme:condition_force_change/control_restraint(47.8198); kw:abstention(45.7343); kw:restraint(43.7032); kw:withholding(39.4154); kw:control(33.2078)	ع ذ ب:B003:الكف والمنع والفطام عن الشيء → ض ر ب:B004:القبض عن الشيء والكف
C864	0.6876	suspicion / uncertainty / cognition_perception/proof_uncertainty / doubt	13	6	11	13	0.06037046	0.325	1.0	0.8462	7,12,14,15,25,33,52,56,64,92,99,101,102	ح س ب خ ي ل ر ي ب ز ع م ظ ن ن ن ف س	kw:suspicion(75.5784); kw:uncertainty(65.0179); theme:cognition_perception/proof_uncertainty(46.2392); kw:doubt(44.316); kw:accusation(41.5754); kw:epistemology(41.5754); kw:trust(37.4165); kw:misgiving(34.884)	ظ ن ن:B004:تهمة وظنة → خ ي ل:B005:التخييل والاشتباه
C865	0.6876	error / mistake / miss / lapse	21	10	11	13	0.05368245	0.2407	1.0	0.7692	12,25,26,27,31,33,34,36,47,53,54,55,58,72,81,84,85,92,97,102,107	ب ذ ر خ ط ء ز ه ق س ر ف س ط ر س ق ط ع د و ع ل م ع م ي ي ت م	kw:error(67.7508); kw:mistake(52.326); kw:miss(47.5952); kw:lapse(32.5328); kw:omission(31.0619); kw:heedlessness(30.4895); kw:cognition(29.5665); kw:limit(26.8781)	خ ط ء:B001:مجاوزة الصواب وعدم إصابته → س ر ف:B002:خطأ وغفلة
C866	0.6876	lip / neck / anatomy / nape	24	11	12	11	0.0588931	0.1692	1.0	1.0	7,12,25,26,32,36,42,46,47,48,54,55,56,58,72,77,82,84,85,92,97,102,107,110	س ب ل س ن و ش ف ي ع ر ش ع ل م ق ب ل ق ف و ق ل ب ق و ف ك ش ف و ج ه	kw:lip(57.219); kw:neck(35.9198); kw:anatomy(31.3884); kw:nape(30.4895); kw:rhyme(30.4895); kw:affection(28.6095); kw:speech(28.1525); kw:hair(24.2151)	ق ف و:B002:مؤخر الرأس والعنق وما يؤتى من الخلف → ق و ف:B002:أخذ القفا والرقبة
C867	0.6875	ear / hearing / cognition_perception/perception / textile	17	14	14	21	0.05927224	0.2308	0.9524	0.7619	1,5,36,37,40,46,47,64,66,67,69,70,73,91,92,107,109	ء ذ ن ء ن ث ب ح ر خ ر ر خ ر ق خ ل ل د ب ر س م ع ص و ت ق ص ف ق ص و ق و ف ك س ف و ق ر	kw:ear(97.9752); kw:hearing(70.346); theme:cognition_perception/perception(42.8257); kw:textile(39.5309); kw:organ(39.0107); kw:auricle(36.9273); kw:slit(33.004); kw:duality(32.5328)	خ ر ق:B001:الشَّق والثقب والقطعة → خ ر ر:B004:الشق أو الثقب النافذ
C868	0.6875	jaw / palate / bridle / chin	13	9	12	13	0.06388109	0.2097	1.0	0.9231	39,42,47,60,62,64,68,69,78,83,103,107,109	ج ن ب ح ك م ح ن ك د ل ك ذ ق ن ر ج ل ش ج ر ع ر ش غ ر ق	kw:jaw(60.4627); kw:palate(48.7992); kw:bridle(48.7992); kw:chin(45.7343); kw:restraint(43.7032); kw:mouth(35.6159); kw:mandible(34.884); kw:control(33.2078)	ح ك م:B006:حكمة اللجام → ح ن ك:B003:اللجام تحت الحَنَك والشد به
C869	0.6874	return / abode / destination / recurrence	22	13	14	22	0.05860459	0.2444	1.0	0.6364	1,5,6,7,8,12,25,34,35,41,46,51,56,59,64,69,77,89,93,99,104,108	ء ب ي ء و ب ء و ل ب ي ت ح و ل ر د د ص ر ف ع د د ع ه د ع و د ق ل ب ك ر ر و ع د	kw:return(95.9952); kw:abode(45.7343); kw:destination(43.1696); kw:recurrence(41.0035); kw:refuge(39.7012); kw:appointment(31.7301); kw:schedule(31.7301); kw:destiny(31.0619)	ر د د:B001:الرجوع إلى الشيء أو رده إلى موضعه → ص ر ف:B001:رجع وصرف عن وجه
C870	0.6874	support / craft_material_built/architecture_construction / shelter / wood	27	12	14	19	0.0566608	0.2159	0.9474	0.8421	3,5,7,8,11,16,18,20,22,29,35,42,44,50,51,55,58,59,60,69,70,92,93,95,99,102,110	ء و ل ح ج ر ح ظ ر ح م ل ح و ط س م و ش ج ر ع ج ل ع ر ش ع و د ق ر ي ق ع د	kw:support(66.717); theme:craft_material_built/architecture_construction(59.2546); kw:shelter(54.2516); kw:wood(50.5848); kw:enclosure(48.8874); kw:transport(40.6253); kw:carrier(34.1547); kw:pen(32.5328)	ح م ل:B006:أداة الحمل ومركوبه → ع ج ل:B003:العَجَلة للسقي والحمل
C871	0.6874	reputation / renown / fame / bird	40	14	17	16	0.0696283	0.1212	1.0	0.875	1,2,3,5,6,7,8,12,16,18,22,25,29,33,35,36,39,40,41,44,45,46,47,51,54,55,59,60,64,70,71,80,82,83,84,85,90,99,102,107	ء م ر ء ن ث ء و ل ج ع ل ح م ل ذ ك ر ر ج ل س ب ع س م ع ص و ت ظ ل م ع ل م ن ب ع ن ع م	kw:reputation(60.2637); kw:renown(48.1671); kw:fame(47.5952); kw:bird(46.9162); kw:honor(45.8825); kw:ostrich(45.3471); theme:animal_life/wildlife(44.8111); kw:male(43.7155)	س م ع:B010:السَّمْع ولد الذئب والضبع → س ب ع:B002:السبع الحيوان المفترس
C872	0.6873	length / stature / dimension / form	27	10	14	15	0.06093085	0.1744	1.0	0.9333	4,6,7,9,13,20,28,29,30,33,35,37,43,48,58,62,67,71,75,78,79,80,83,88,89,97,99	ء م م ب س ط ص م م ط و ل ع ر ض ع ل و ق و م م ث ل م د د ن ص ر	kw:length(62.3609); kw:stature(54.6714); kw:dimension(48.1671); kw:form(39.4154); kw:geometry(36.9363); kw:extension(36.578); theme:time_measure_quantity/measurement(33.8108); kw:posture(33.7797)	ق و م:B011:قامة وقوام الجسم والطول → ء م م:B006:القامة والهيئة
C873	0.6872	remoteness / exclusion / separation / distance	53	13	17	21	0.05872618	0.1667	1.0	0.7143	1,3,5,8,11,12,15,17,18,19,20,25,27,30,31,32,33,34,36,38,42,44,45,49,50,51,53,57,58,59,64,65,66,67,69,72,73,78,81,83,87,88,91,93,95,96,98,100,101,104,108,110,111	ء ي ي ب ع د ب ي ن ح ذ ر ز ه ق ش ط ن ع د و ع و د غ ي ر ق ص و ك و ن ل ي س ن ء ي	kw:remoteness(69.6314); kw:exclusion(69.6314); kw:separation(61.6497); kw:distance(60.5377); kw:exception(48.1671); kw:depth(41.7788); kw:logic(41.1882); kw:opposition(40.6505)	ل ي س:B002:ليس استثناء يخرج المذكور → ع د و:B004:المجاوزة والاستثناء والصرف
C874	0.6872	sign / appointment / mark / banner	27	9	11	12	0.05425184	0.2264	1.0	0.75	1,5,7,8,12,16,25,36,47,51,54,55,59,60,62,64,69,71,84,85,98,99,101,102,104,107,108	ء ج ل ء م ر ء م م ء ي ي ر ء ي ع د د ع ل م ع و د و ع د	kw:sign(55.4339); kw:appointment(47.5952); kw:mark(36.6655); kw:banner(33.004); kw:token(32.5328); kw:schedule(31.7301); kw:semiotics(30.7655); kw:tradition(29.1436)	ع ل م:B002:أثر يميز الشيء ويهدي إليه → ء م ر:B005:العلامة والموعد
C875	0.687	blessing / gratitude / praise / emotion_ethics/ethics_morality	43	15	17	25	0.06058692	0.1866	0.96	0.64	1,3,7,8,12,16,19,21,23,24,27,28,29,34,35,36,41,44,46,47,52,53,54,55,57,62,64,66,67,69,70,71,78,79,82,83,87,89,98,99,100,110,111	ء م م ت ر ف ح س ن ح م د ذ ك ر ر ح م س م ع ش ك ر ص ل و ص و ت ف ض ل ك ر م ك ف ر ن ع م ي د ي	kw:blessing(115.1749); kw:gratitude(79.3254); kw:praise(69.6314); theme:emotion_ethics/ethics_morality(65.8154); kw:reputation(60.2637); theme:kinship_society/hospitality_welfare(58.1058); kw:honor(57.3531); kw:favor(54.4326)	ش ك ر:B001:عرفان النعمة وحمد المنعم → ح م د:B001:الحمد خلاف الذم
C876	0.6868	sight / comparison / eye / vision	30	14	17	30	0.06241059	0.2308	0.9	0.7	1,9,12,13,14,17,21,28,30,35,36,44,46,48,58,59,60,62,67,72,78,79,83,88,89,96,97,99,102,110	ب ص ر ج ه ر ح س ب د ب ر ر ء ي ض ر ب ع د د ع ر ض ع م ي ف ق ه ق د ر ق و م م ث ل ن ظ ر	kw:sight(85.3387); kw:comparison(63.9861); kw:eye(59.8663); kw:vision(58.5309); kw:counterpart(55.7051); kw:peer(45.7343); kw:deliberation(43.7155); kw:equivalence(43.7155)	ر ء ي:B001:رؤية العين والبصيرة → ب ص ر:B001:إبصار العين
C877	0.6867	eye / vision / grief / tear	34	15	17	26	0.05707345	0.194	1.0	0.7308	1,5,9,12,13,17,21,23,30,35,36,37,38,39,48,58,59,62,64,68,69,73,75,76,77,78,79,86,88,96,97,102,103,109	ب ء س ب ص ر ب ك ي خ س ف ظ ه ر ع ن د غ ر ق غ س ق ف ر ي ف ز ز ق و م م ر ح ن ظ ر و ج د و ح ي	kw:eye(95.786); kw:vision(70.2371); kw:grief(69.2923); kw:tear(55.9858); kw:flow(47.7898); kw:blindness(43.7155); kw:emotion(42.878); kw:discharge(41.3787)	و ح ي:B009:نياحة وبكاء → ب ك ي:B001:البكاء والحزن
C878	0.6867	rupture / incision / ear / textile	30	14	16	21	0.06104517	0.178	0.9048	0.9048	1,5,12,17,30,36,37,46,47,49,51,52,59,66,67,68,69,70,73,75,77,86,91,92,96,97,98,102,107,109	ء ذ ن ب ح ر ب ص ر ج د د ج و ب خ ر ر خ ر ق خ ل ل س م ع ف ر ي ف ط ر ق ص و ك س ف و ج د	kw:rupture(80.0024); kw:incision(43.7155); kw:ear(41.9894); kw:textile(39.5309); kw:severance(39.2775); kw:cutting(37.4165); kw:auricle(36.9273); kw:perforation(30.7655)	خ ر ق:B001:الشَّق والثقب والقطعة → ج و ب:B001:الخَرْق والقطع النافذ
C879	0.6867	firmness / solidity / precision / strength	36	13	16	19	0.06233948	0.1624	1.0	0.7895	1,3,4,5,7,9,16,17,23,26,30,33,34,37,39,40,47,51,53,55,56,58,61,62,63,65,69,74,81,84,92,95,96,100,105,111	ت ب ع ث ب ت ج ب ل ح ق ق ح ك م ح ن ك ز ب ر ش د د ع ب د ع م ل ق ض ي م ر ر م ل ك	kw:firmness(78.2852); kw:solidity(55.7051); kw:precision(48.7992); kw:strength(34.002); kw:reform(33.004); kw:weaving(32.1114); kw:proof(31.7301); kw:perfection(31.7301)	ع ب د:B007:القوة والصلابة → ش د د:B002:شدة القوة والصلابة
C880	0.6867	leather / craft / skin / hide	33	13	13	15	0.05655301	0.1923	0.9333	0.8	1,6,7,9,12,13,14,15,25,26,28,29,32,33,34,37,41,42,44,46,47,51,57,66,67,73,76,80,93,94,100,105,110	ب ش ر ب غ ي ح ر م ح ل م خ ر ج غ ل ل ف ر ي ق ر ب م ر ح م س ك ن ج و ن ف ر ن ف س	kw:leather(65.0179); kw:craft(62.2595); kw:skin(60.3997); kw:hide(54.9176); kw:swelling(39.5566); kw:material(37.6513); theme:craft_material_built/craft(36.8015); kw:infection(33.004)	غ ل ل:B012:بقية لحم في الإهاب → م س ك:B005:جلد يمسك ما فيه
C881	0.6866	ground / earth / terrain / geography	30	17	17	33	0.05814387	0.2426	0.9394	0.5455	4,8,9,24,29,30,37,38,44,47,49,55,57,62,67,68,76,88,90,93,94,95,97,98,99,102,103,104,105,109	ء ر ض ب س ط ب ش ر ج ب ل ج د د ح ذ ر ح ص ر ح ن ك خ س ف خ ش ع ر ب و ص م م ط م ء ن ط م ن ظ ه ر ك ر ه ن ج و	kw:ground(95.1745); kw:earth(91.1312); kw:terrain(86.3353); kw:geography(79.6513); kw:elevation(70.7954); kw:surface(67.3432); kw:land(45.5656); kw:roughness(43.1696)	ط م ن:B002:انخفاض الأرض → ط م ء ن:B002:التطامن والانخفاض الحسي
C882	0.6865	hardness / strength / sharpness / blade	32	16	17	31	0.05901852	0.2296	0.9355	0.6129	1,3,4,5,7,14,15,16,17,23,25,29,30,33,34,40,41,46,50,51,53,58,63,64,65,75,77,80,85,86,96,97	ء م ر ء ن ث ج ل ب ح ج ر ح د د ذ ك ر ذ ه ب س ل ط س ن ن ش د د ص م م ض ع ف ع ب د م ر ر ن ف س ي د ي	kw:hardness(74.2476); kw:strength(56.6699); kw:sharpness(54.2007); kw:blade(53.1324); theme:craft_material_built/craft(44.1618); kw:point(42.9143); kw:solidity(41.7788); kw:metal(39.8493)	ع ب د:B007:القوة والصلابة → ش د د:B002:شدة القوة والصلابة
C883	0.6865	sight / eye / vision / perception	36	11	17	28	0.05988859	0.2205	0.9286	0.6786	1,6,7,9,12,13,14,15,17,18,21,25,30,32,33,35,36,38,44,48,54,58,59,60,62,72,74,78,79,86,88,96,97,99,102,110	ب ص ر ج ه ر ر ء ي ر د د س و ء ش ي ء ظ ه ر ع م ي ق و م ن ظ ر ن ف س	kw:sight(99.5618); kw:eye(83.8128); kw:vision(81.9433); kw:perception(66.6692); kw:ugliness(60.4627); theme:cognition_perception/perception(59.2971); kw:gaze(54.9176); kw:appearance(53.8879)	ر ء ي:B001:رؤية العين والبصيرة → ب ص ر:B001:إبصار العين
C884	0.6864	palm / tree / date / agriculture_food/plant_vegetation	38	16	17	30	0.05490185	0.2222	0.9333	0.6333	2,6,8,12,18,20,22,26,29,30,31,33,37,39,44,45,46,54,55,59,60,70,71,74,78,80,84,85,86,88,89,91,92,99,100,101,103,107	ء ت ي ج ب ل ج ع ل ج م ع ج ن ن ح ص ر ح ظ ر خ ز ن خ ش ي د ل ك ش ج ر ش ك ل ش ي ء ق ل ب ك ث ر ن خ ل	kw:palm(113.7208); kw:tree(79.2064); kw:date(74.8331); theme:agriculture_food/plant_vegetation(74.0829); kw:grove(57.219); kw:growth(52.6784); kw:sapling(49.5059); kw:fruit(46.4691)	ج ع ل:B006:النخل الصغار أو القصار → ش ي ء:B006:صغار النخل
C885	0.6864	promise / covenant / trust / virtue	30	14	16	26	0.05971724	0.2203	0.9615	0.6538	5,7,9,10,11,19,28,35,45,56,57,59,64,67,68,69,73,76,80,82,83,90,91,93,94,99,104,105,107,108	ء ج ل ء م ن ب ش ر ج ن ب خ ل ف خ ل ل خ ي ر ر ج و ش ر ر ص د ق ض ر ر ف ع ل ك ذ ب و ع د	kw:promise(45.7343); kw:covenant(41.3787); kw:trust(37.4165); kw:virtue(37.4165); kw:good(34.884); kw:character(34.787); kw:confirmation(33.5381); kw:prophecy(30.2314)	و ع د:B001:وعد يفتح رجاء الموعود بقول → خ ل ف:B005:وعد لا يقع في ميعاده
C886	0.6864	suspicion / uncertainty / ambiguity / cognition_perception/proof_uncertainty	19	9	11	13	0.06096299	0.25	1.0	0.6923	7,12,14,18,30,44,47,52,54,64,67,74,80,83,84,86,99,101,102	ح س ب خ ي ل د خ ل ر ي ب س ح ر ش ك ل ش ي ء ظ ن ن م س س	kw:suspicion(90.6941); kw:uncertainty(65.0179); kw:ambiguity(44.9833); theme:cognition_perception/proof_uncertainty(42.0356); kw:epistemology(41.5754); kw:accusation(41.5754); kw:cognition(39.422); kw:confusion(39.1426)	م س س:B009:اختلاط ملتبس → ش ك ل:B004:اختلاط يورث إشكالا
C887	0.6863	calamity / severity / disaster / hardship	36	16	17	31	0.05975057	0.2296	0.9355	0.5484	1,3,4,5,7,13,14,15,16,17,23,25,29,30,33,34,38,40,49,50,51,53,55,58,64,65,73,82,93,95,96,97,98,102,105,106	ب ء س ج ل ب ح د د ز ب ر ش د د ص م م ع ب د ع ظ م ع ن ق ف ر ي ك ر ه م ر ر ن ز ل ن ف س ه ل ك ي د ي	kw:calamity(83.9958); kw:severity(71.2318); kw:disaster(59.4841); kw:hardship(46.5566); kw:strength(45.3359); kw:power(43.7032); kw:solidity(41.7788); kw:ordeal(40.8244)	ع ب د:B007:القوة والصلابة → ش د د:B002:شدة القوة والصلابة
C888	0.6863	family / household / tribe / clan	28	12	13	16	0.05788084	0.2078	1.0	0.75	2,4,5,6,7,9,12,13,16,24,25,26,35,37,40,51,58,59,62,70,75,78,79,84,93,97,101,104	ء و ب ء و ل ب ن ي ب ي ت ج ب ل ح ي ي ر ب و س ك ن ع م ل ف ص ل ق ر ي ق و م	kw:family(91.2873); kw:household(71.6847); kw:tribe(71.3809); kw:clan(52.5539); kw:dependent(47.0731); kw:lineage(43.3422); kw:community(33.7254); kw:kin(32.5328)	ء و ل:B003:آل الرجل من يرجع إليهم ويرجعون إليه → ب ي ت:B002:أهل البيت وعياله
C889	0.6863	rupture / opening / exposure / expansion	31	13	13	12	0.05872703	0.1538	1.0	0.9167	1,4,7,12,14,15,23,25,26,27,29,33,37,44,46,51,55,66,67,70,73,76,78,90,91,95,99,102,103,104,106	ء ر ض ب ح ر ب ذ ر ث ب ر ح س ر د ب ر س ر ي ف ج ر ف ر ق ف ر ي ف ط ر ن ف س ن ه ر	kw:rupture(66.6687); kw:opening(61.873); kw:exposure(48.4301); kw:expansion(44.0082); kw:fissure(44.0082); kw:ulcer(31.3821); kw:split(29.7602); kw:emergence(24.9444)	ن ه ر:B003:فتح الشيء وتوسيعه حتى يسيل أو ينفسح → ف ط ر:B001:فتح وانشقاق
C890	0.6862	honor / virtue / reputation / generosity	31	14	17	29	0.06006208	0.2231	0.931	0.7241	4,5,7,11,12,13,14,19,23,35,40,41,43,44,46,49,52,62,64,70,73,76,78,79,80,83,90,91,98,108,111	ح س ب ح م د خ ر ج خ ل ل خ ي ر ذ ك ر س ع ي ش ر ر ص و ت ع ظ م ع ل و ف ج ر ف ع ل ك ر م	kw:honor(114.7062); kw:virtue(99.7774); kw:reputation(96.4219); kw:generosity(72.9832); kw:nobility(64.1841); kw:prestige(47.0731); kw:character(46.3827); kw:ethics(35.1221)	ف ع ل:B002:فَعال الخلق → خ ي ر:B005:الكرم والهبة
C891	0.6862	impact / strike / blow / force	30	14	14	18	0.05757362	0.1978	0.8889	0.8333	1,4,5,7,10,15,18,22,29,31,34,39,42,47,48,51,54,57,58,60,62,67,73,74,78,86,97,99,107,109	ء ج ل ء ل م ء ل ي ب ء س ذ ق ن ذ م م ش د د ص م م ض ر ب ع ذ ب ف ت ن ل و م م ل ق و ج ه	kw:impact(77.0209); kw:strike(66.9285); kw:blow(63.7919); kw:force(55.6826); kw:punishment(46.3827); kw:pain(36.9363); kw:suffering(34.0588); kw:injury(32.5509)	ذ م م:B001:ذم ولوم وعيب → ل و م:B001:عتب وملامة على ما يستحق اللوم
C892	0.6862	ugliness / production / creation / defect	35	12	14	17	0.06224389	0.1932	1.0	0.7059	1,6,7,11,12,18,21,23,27,30,32,34,36,37,38,44,47,48,49,51,52,53,54,56,57,61,64,67,70,71,74,86,98,99,110	ب ل غ ج ب ل خ ل ق د ع و ر د د س م ع س و ء ش ط ن ش ي ء ف ح ش ف ط ر ن ظ ر	kw:ugliness(90.6941); kw:production(43.7155); kw:creation(41.3787); kw:defect(38.5105); kw:origination(31.7301); kw:curse(29.544); kw:blemish(29.3388); kw:disposition(28.9576)	خ ل ق:B002:إبداع الخلق وإيجاده → ف ط ر:B002:إيجاد وابتداء
C893	0.6862	neck / collar / anatomy / condition_force_change/control_restraint	23	11	12	13	0.05897953	0.2	1.0	0.8462	2,5,9,13,15,23,29,36,42,49,62,70,73,76,80,84,88,91,94,97,98,99,103	ء ج ل ج م ع خ ر ج خ ل ل ر ف ت ع ر ش ع ن ق غ ل ل ق ف و ك ر م ه د ي	kw:neck(83.8128); kw:collar(57.5595); kw:anatomy(47.0826); theme:condition_force_change/control_restraint(34.157); kw:shackle(31.0619); kw:nape(30.4895); kw:captivity(27.2163); kw:adornment(26.371)	غ ل ل:B006:طوق يغل العضو → ج م ع:B008:القيد الذي يجمع اليدين إلى العنق
C894	0.6861	fruit / agriculture_food/plant_vegetation / sin / accountability	30	12	15	16	0.05976469	0.1616	1.0	1.0	2,4,9,16,17,21,23,25,26,31,32,40,42,43,44,46,48,51,60,62,67,68,70,72,73,84,87,91,110,111	ء خ ذ ب ر ر خ ط ء ذ ن ب س ب ل ش ك ل ع ن ب غ ف ر ف س ق ق ل ب ك ب ر ك ر م	kw:fruit(104.5556); theme:agriculture_food/plant_vegetation(62.3856); kw:sin(54.6714); kw:accountability(53.335); kw:date(49.8887); kw:guilt(45.7343); kw:offense(44.6404); kw:wrongdoing(34.884)	ذ ن ب:B001:الذنب والإثم → خ ط ء:B002:الخطيئة ذنب وإثم
C895	0.686	comparison / counterpart / superiority / representation	12	7	17	35	0.06100638	0.3182	1.0	0.6571	12,21,46,48,55,66,70,84,87,88,89,99	ش ك ل ض ر ب ع د د ف ض ل م ث ل ن ظ ر و ح د	kw:comparison(76.7833); kw:counterpart(55.7051); kw:superiority(46.5929); kw:representation(46.1482); kw:similarity(46.1482); kw:peer(45.7343); kw:equivalence(43.7155); kw:likeness(42.434)	ض ر ب:B003:تصوير المثل وإظهاره → م ث ل:B003:المثل المضروب
C896	0.686	falsehood / fabrication / lie / slander	21	13	15	26	0.05920689	0.2549	0.9615	0.6538	1,36,37,44,47,49,51,59,60,61,63,68,69,70,73,78,90,91,93,98,99	ت ب ع ح ص ب خ ر ق خ ل ق ز خ ر ف س ب ع س م ع ف ج ر ف ر ي ق ف و ق و ف ك ذ ب ل ع ن	kw:falsehood(65.4624); kw:fabrication(59.5205); kw:lie(59.0879); kw:slander(52.0143); theme:emotion_ethics/deception_corruption(50.7294); kw:accusation(41.5754); kw:testimony(39.8493); kw:pursuit(37.4165)	خ ر ق:B003:اختلاق الكذب وافتراؤه → خ ل ق:B007:اختلاق الكذب والكلام
C897	0.686	covering / craft_material_built/textile_clothing / concealment / clothing	27	12	14	17	0.0588129	0.191	1.0	0.8235	1,8,12,21,25,27,29,33,43,44,45,52,55,64,66,67,69,70,73,87,88,89,91,93,98,99,108	ج ل ب ج ن ن ج و ب ح ر م س ب ح س ت ر غ ر ر غ ف ر غ ل ل ف ر ي ف ض ل ك ف ر	kw:covering(81.0199); theme:craft_material_built/textile_clothing(68.6607); kw:concealment(65.5548); kw:clothing(65.1019); kw:protection(59.6861); kw:veil(56.2768); kw:garment(45.7225); kw:cloak(43.1696)	ك ف ر:B001:ستر وتغطية → غ ف ر:B001:ستر يصون الشيء ويغطيه
C898	0.686	language_communication/writing_text / writing / creation / documentation	18	11	13	13	0.06735486	0.1711	1.0	0.9231	2,4,8,13,14,36,37,39,51,55,58,61,65,69,71,73,86,93	ء م م ج ب ل ز ب ر س ط ر ط ي ن ع و د ف ط ر ك ت ب ل ي س ن ش ر و ح ي	theme:language_communication/writing_text(131.0963); kw:writing(66.4155); kw:creation(55.1716); kw:documentation(50.3071); kw:literacy(44.6404); kw:instinct(32.5328); kw:anthropology(32.1114); kw:constitution(31.7301)	ج ب ل:B004:خلقة مطبوعة → ط ي ن:B004:الطينة التي جبل عليها
C899	0.6859	blade / point / sharpness / edge	22	15	17	30	0.05706749	0.2239	1.0	0.7333	12,16,26,32,33,34,40,41,46,50,51,57,58,64,65,77,80,85,92,97,100,104	ء م ر ء ن ث ح د د ح ش ر ذ ك ر س ق ط س ك ن س ل ط س ن ن س ن و ص م م غ ر ر ق ت ر ق ر ب ق ر ي	kw:blade(132.8311); kw:point(100.1333); kw:sharpness(94.8512); kw:edge(69.193); theme:craft_material_built/craft(62.5626); theme:conflict_security/weaponry(57.9581); kw:tool(52.9999); kw:sword(52.0143)	ح د د:B005:الطرف الحاد والنفاذ → غ ر ر:B012:حد الشفرة والسيف
C900	0.6859	gender / woman / marriage / kinship	40	15	15	20	0.05563221	0.1905	0.95	0.7	1,6,9,11,14,15,18,22,28,29,30,40,41,45,46,50,52,54,57,59,60,68,69,71,75,77,78,80,82,88,89,93,94,95,101,102,103,105,106,110	ء ن ث ب ر ك ب س ط ج م ع ح د د خ ف ت ر ج و ر د د ر س ل ص د ق ظ ن ن ع ج ل ق ر ء ق ع د م و ت	kw:gender(84.5921); kw:woman(82.1033); kw:marriage(79.4706); kw:kinship(76.1934); kw:reproduction(61.1919); kw:bereavement(49.5059); theme:body_health_life/reproduction_birth(48.1592); theme:emotion_ethics/fear_grief(40.8806)	ب ر ك:B009:امرأة ذات ابن كبير تتزوج → ظ ن ن:B009:امرأة يرجى ولدها
C901	0.6859	death / mortality / circumstance / life	23	11	14	19	0.06003982	0.2235	1.0	0.7895	1,4,5,7,13,14,15,23,25,32,33,34,35,38,51,56,59,69,71,75,77,85,99	ء ج ل ء و ل ح و ل ر و ح س و ء ق ض ي م و ت ن ش ر ن ف س و ف ي ي م ن	kw:death(111.8847); kw:mortality(75.5434); kw:circumstance(49.5059); kw:life(41.0035); kw:condition(40.1571); theme:body_health_life/mortality_death(36.3975); kw:transition(34.1742); kw:demise(31.3821)	ح و ل:B009:حال الإنسان وأحواله → م و ت:B008:ميتة الحال وواحدة الموت
C902	0.6859	sequence / order / continuity / succession	41	13	16	17	0.06725732	0.1466	1.0	0.7647	1,2,5,7,9,10,12,15,17,18,19,21,22,33,35,36,39,45,46,47,51,55,56,59,62,63,66,69,70,71,72,77,78,84,87,94,97,104,107,110,111	ء خ ر ء م م ء و ل ت ب ع ت ل و ح و ل ذ ن ب ص ل و ص ل ي ف ض ل ق ف و ه د ي و ل ي	kw:sequence(94.0174); kw:order(64.3861); kw:continuity(62.6999); kw:succession(50.299); kw:pursuit(49.8887); kw:follower(47.0731); kw:following(43.7155); theme:time_measure_quantity/sequence_cycle(42.6276)	ص ل ي:B007:المصلي يتلو السابق → ص ل و:B006:تلو السابق في السباق
C903	0.6858	dawn / expansion / rupture / opening	28	15	17	27	0.06124025	0.2015	0.963	0.7407	1,7,9,12,13,14,15,23,25,33,35,47,51,52,58,62,64,71,73,78,79,88,90,91,97,101,102,106	ث ب ر ر ج ل س ح ر ظ ه ر ف ج ر ف ر ق ف ر ي ف ط ر ق و م ل ي ل ن ش ر ن ف س ن ه ر و ج ه ي و م	kw:dawn(84.868); kw:expansion(73.347); kw:rupture(66.6687); kw:opening(61.873); kw:time(54.0886); kw:daylight(48.7992); kw:night(46.9162); kw:shadow(44.6404)	ن ه ر:B002:انفتاح النهار بالضياء → ي و م:B001:وقت النهار المحدود
C904	0.6858	arrival / victory / contest / coming	37	11	16	23	0.06072726	0.2072	1.0	0.6522	2,4,5,7,9,19,21,23,25,26,31,33,34,35,36,43,51,55,59,60,63,65,71,75,80,81,85,87,88,92,94,98,101,104,107,110,111	ء ت ي ء و ب ج ز ي ج ه ر ج ي ء س ع ي ك ب ر ل ي س ن ب ء ن ص ر و ف ي	kw:arrival(98.7448); kw:victory(55.4339); kw:contest(54.9176); kw:coming(50.3071); kw:presentation(49.5059); kw:approach(49.2484); theme:conflict_security/conflict(47.4608); kw:competition(46.0458)	ء ت ي:B001:الإتيان والمجيء → ج ي ء:B001:المجيء والحصول
C905	0.6857	terrain / elevation / ground / geography	18	16	17	31	0.06235766	0.2296	1.0	0.6774	13,24,29,37,38,47,49,53,55,57,60,62,66,67,97,98,109,110	ج ب ل ج د د ج ه ر ح ذ ر ح ن ك خ ش ع ر ب و ص م م ط غ و ط غ ي ع د و ع ن ق ف ل ك ك ر ه ن ب و ن ج و	kw:terrain(118.7111); kw:elevation(117.9923); kw:ground(71.3809); kw:geography(61.951); kw:hardness(61.873); kw:geology(58.7608); kw:earth(56.957); kw:landscape(51.7714)	ط غ ي:B005:الطغية الصفاة الملساء → ط غ و:B006:الطغية الصفاة أو الموضع المرتفع
C906	0.6857	language_communication/writing_text / writing / truth / judgment	22	12	17	27	0.06459109	0.2077	1.0	0.7407	2,4,6,12,13,14,16,23,26,33,39,41,46,55,58,71,73,74,81,86,93,105	ب ط ل ث ب ت ح ق ق ح ك م ز ب ر س ط ر ف ص ل ق ض ي ك ت ب ن ش ر ن ف ر و ح ي	theme:language_communication/writing_text(131.0963); kw:writing(66.4155); kw:truth(53.9753); kw:judgment(52.8701); kw:verdict(52.326); kw:documentation(50.3071); kw:justice(44.8955); kw:validity(35.7766)	ق ض ي:B001:الحكم والأمر القاطع → ح ك م:B002:الحكم والقضاء بين الناس
C907	0.6857	scale / quantity / smallness / time_measure_quantity/measurement	30	11	17	27	0.06187339	0.2177	1.0	0.7037	2,4,6,9,21,23,24,28,31,37,40,43,49,51,52,56,60,62,70,71,74,76,85,87,88,89,97,98,103,111	ء م م ج د د ج م ع د و ن ص غ ر ط و ل ع ظ م ق ل ل ك ب ر ك ث ر ي س ر	kw:scale(65.0179); kw:quantity(57.9783); kw:smallness(52.3699); theme:time_measure_quantity/measurement(41.3243); kw:majority(34.884); kw:majesty(34.884); kw:greatness(33.5381); kw:magnitude(32.5328)	ك ب ر:B001:العظم خلاف الصغر → ص غ ر:B001:الصِّغَر ضد الكبر
C908	0.6857	space_form_boundary/place_location / toponym / place / city	23	13	13	15	0.05589913	0.1923	1.0	0.8667	1,2,4,6,9,11,12,16,18,23,25,26,32,33,40,45,49,50,70,90,98,101,104	ء ح د ب ن ي ج د د ح ج ر ح ر م د م ر ز ن ي س ت ر ص ل ح ط ي ب ع ج ل ف ص ل ن ب ع	theme:space_form_boundary/place_location(71.1934); kw:toponym(59.4841); kw:place(51.5428); kw:city(45.3471); kw:medina(36.9273); kw:enclosure(36.6655); kw:mecca(35.7766); kw:precinct(33.004)	ج د د:B014:مواضع مسماة → ن ب ع:B005:أسماء المواضع
C909	0.6856	calm / stability / trust / validity	29	13	17	27	0.06539954	0.2093	1.0	0.6667	2,9,10,15,16,19,24,26,33,42,45,54,59,68,69,74,75,77,81,82,84,90,93,94,95,97,104,105,107	ء م ن ب ط ل ث ب ت ج ن ح ح ق ق ر س ل ر ك ن س ك ن ط م ء ن ط م ن ع ر ش م و ت ه د ي	kw:calm(74.9722); kw:stability(49.3724); kw:trust(37.4165); kw:validity(35.7766); kw:reality(34.884); kw:assurance(34.1547); kw:repose(33.5381); kw:settlement(30.9257)	ط م ن:B001:السكون بعد الانزعاج → ط م ء ن:B001:السكون والطمأنينة
C910	0.6855	terrain / ground / land / depression	26	17	17	32	0.05831148	0.2353	0.9375	0.625	1,12,17,24,29,30,36,38,45,49,53,57,59,66,67,68,70,88,95,96,98,101,102,107,109,110	ب ح ر ب ص ر ب ي ن ث ب ر ج د د ح ذ ر خ ب ر خ ر ر خ س ف خ ش ع خ ف ض ط م ء ن ط م ن ظ ه ر ع د و غ ل ل ك ر ه	kw:terrain(75.5434); kw:ground(59.4841); kw:land(56.957); kw:depression(54.4326); kw:hardness(49.4984); kw:earth(45.5656); kw:geography(44.2507); kw:surface(33.6716)	ط م ن:B002:انخفاض الأرض → ط م ء ن:B002:التطامن والانخفاض الحسي
C911	0.6854	perfume / fragrance / craft_material_built/ornament_beauty / cognition_perception/perception	35	12	17	25	0.06106491	0.1953	1.0	0.72	1,3,4,5,8,13,17,23,27,30,37,40,44,49,51,53,55,61,65,67,69,70,73,76,85,89,90,91,95,96,98,99,102,103,104	ء ر ض ء ن ث ج ب ل خ ر ق خ ل ق خ ل ل ر و ح ط ي ب ع ب د ف ط ر ك ف ر ن ش ر	kw:perfume(96.5502); kw:fragrance(78.2852); theme:craft_material_built/ornament_beauty(69.0284); theme:cognition_perception/perception(62.5914); kw:aroma(44.0082); kw:production(43.7155); kw:scent(43.1696); kw:creation(41.3787)	خ ل ق:B002:إبداع الخلق وإيجاده → ف ط ر:B002:إيجاد وابتداء
C912	0.6854	chest / rib / thorax / sternum	30	13	14	20	0.05358936	0.2222	0.95	0.75	1,2,4,6,8,12,13,20,24,26,29,32,34,36,38,40,47,51,57,68,70,71,83,84,88,89,91,97,101,104	ب ر ك ب ن ي ج ن ب ج ن ح ج ن ن ح ص ر س ح ر ص د ر ف ت ل ق ر ب ك ر ر ك ل ل ل ف ف	kw:chest(104.7399); kw:rib(63.4603); kw:thorax(51.232); kw:sternum(48.7992); kw:anatomy(47.0826); kw:skeleton(42.9143); theme:body_health_life/anatomy(33.411); kw:torso(32.5328)	ج ن ح:B005:الجوانح أضلاع الصدر → ج ن ن:B016:الجناجن عظام الصدر
C913	0.6853	sequence / order / continuity / pursuit	18	10	17	27	0.06624222	0.2288	0.963	0.8148	12,16,17,18,26,33,36,46,47,63,69,78,81,97,105,107,110,111	ت ب ع ت ل و ح ق ق ذ ن ب ص ل و ص ل ي ق ف و ق و ف م ح و و ل ي	kw:sequence(70.513); kw:order(64.3861); kw:continuity(62.6999); kw:pursuit(62.3609); kw:succession(50.299); kw:follower(47.0731); kw:trail(46.5929); kw:following(43.7155)	ص ل ي:B007:المصلي يتلو السابق → ص ل و:B006:تلو السابق في السباق
C914	0.6853	elevation / height / rise / kinship_society/hierarchy_status	36	14	17	25	0.06214598	0.1894	0.92	0.76	1,4,7,11,12,20,21,22,24,33,39,42,43,44,47,52,53,55,56,57,59,66,67,70,71,87,92,93,94,95,96,97,99,102,110,111	ء ل ه د ع و ر ب و س ر ي س م و س ن و ع د و ع ط و ع ل و ف ض ل ن ب ء ن ب و ن ج و ن و ق	kw:elevation(82.5946); kw:height(61.7155); kw:rise(57.9151); theme:kinship_society/hierarchy_status(47.8386); kw:honor(45.8825); kw:ascent(39.4154); kw:rank(38.6317); kw:nobility(38.5105)	ع ل و:B002:الرفعة والشرف → س ن و:B003:السَّناء والرفعة
C915	0.6852	creation / disposition / nature / aptitude	27	10	15	19	0.06744069	0.1979	1.0	0.7368	1,2,4,6,26,37,40,43,44,48,49,51,55,61,64,70,76,90,93,95,98,99,101,102,103,104,108	ء ر ض ب ن ي ج ب ل خ ل ق خ ي ل س ب ح ض ر ب ط م ن ط ي ن ف ط ر	kw:creation(68.9644); kw:disposition(57.9151); kw:nature(57.7656); kw:aptitude(51.232); kw:temperament(50.7316); kw:constitution(47.5952); kw:production(43.7155); kw:ontology(42.9143)	ض ر ب:B009:السجية المضروبة → خ ل ق:B004:السجية والطبيعة الباطنة
C916	0.6851	prevention / access / diversion / repulsion	30	15	17	37	0.05765955	0.2761	0.8649	0.4865	6,10,15,16,18,19,33,39,41,45,47,54,57,58,59,64,69,71,73,74,76,82,85,88,89,94,99,102,103,104	ث ب ر ج ل ب ج م ع ح ج ب ح ك م ر د د ر و ح ر و د ص ر ف ظ ل م ع ذ ب ف ت ل ك و د ل ف ف م ن ع	kw:prevention(116.6451); kw:access(61.5604); kw:diversion(53.9753); kw:repulsion(43.1696); theme:condition_force_change/control_restraint(40.9884); kw:control(33.2078); kw:reform(33.004); kw:restraint(32.7774)	ر د د:B002:صرف الشيء ودفعه ومنعه → ص ر ف:B001:رجع وصرف عن وجه
C917	0.6851	expansion / increase / capacity / surplus	40	16	17	26	0.05911316	0.1926	1.0	0.6154	1,7,11,12,13,14,15,21,25,29,30,33,35,37,41,43,44,48,55,60,66,67,68,69,70,75,77,79,82,83,85,86,87,88,89,93,97,99,108,109	ب ح ر ب ر ك ب س ط خ ي ر ر و ح ز ي د س ب ح ش ر ر ص ر ف ط و ل ف ض ل م ث ل ن ش ر ن ف س ن ف ل و ج د	kw:expansion(58.6776); kw:increase(53.335); kw:capacity(49.0059); kw:surplus(47.0731); kw:breadth(42.2076); kw:selection(41.3787); kw:virtue(37.4165); kw:spreading(34.884)	ف ض ل:B002:الدرجة والفضيلة → ب س ط:B003:السعة والزيادة والفضل
C918	0.6849	soil / hardness / ground / geology	34	15	16	24	0.06097584	0.2017	0.875	0.75	1,4,5,7,17,30,37,38,40,44,46,49,51,53,55,56,57,61,70,76,77,81,90,94,95,96,97,98,99,101,102,103,104,109	ء ر ض ء ن ث ث ب ر ج ب ل ج ي ء ح ذ ر ح و ل خ ب ر خ ش ع خ ل ق ص م م ط ي ن ع د و ك ر ه و ق ر	kw:soil(75.661); kw:hardness(61.873); kw:ground(59.4841); kw:geology(58.7608); theme:land_water_sky/earth_geology(56.2772); kw:hollow(50.5848); kw:earth(45.5656); kw:geography(44.2507)	ء ر ض:B002:الأرض اللينة المنبتة → ء ن ث:B004:الأرض السهلة الخصبة
C919	0.6849	well / firmness / water / precision	34	16	16	20	0.0581407	0.1667	1.0	0.8	4,5,16,18,22,23,26,29,33,34,39,40,42,46,47,50,52,55,56,58,61,62,63,64,69,81,92,95,100,101,102,105,110,111	ت ب ع ج ه ر ح ج ر ح ق ق ح ك م ح ن ك ذ م م ر ج ل ز ب ر ش د د ظ ن ن ع ر ش ق ض ي ق ع د ق ل ب م ل ك	kw:well(87.5405); kw:firmness(52.1902); kw:water(50.8423); kw:precision(48.7992); kw:infrastructure(39.8493); kw:risk(39.1426); kw:perfection(31.7301); kw:reinforcement(30.2314)	ح ك م:B004:الإحكام والإتقان والوثاقة → ت ب ع:B012:الإحكام والتناسب
C920	0.6849	madness / insanity / illness / derangement	30	13	13	11	0.06366629	0.141	1.0	0.9091	1,2,7,9,13,35,36,40,56,58,60,62,63,66,67,70,73,75,77,78,79,80,83,86,88,91,97,99,110,111	ء خ ذ ب ح ر ج ن ن ح و ل خ ف ت د خ ل ذ ه ب ر ء ي ف ء د ف ت ن ق و م م س س م و ت	kw:madness(59.5205); kw:insanity(53.6648); kw:illness(50.5848); kw:derangement(50.3071); kw:spirit(44.6404); kw:mind(42.2076); kw:vision(35.1186); kw:disease(34.5343)	ف ت ن:B007:ذهاب عقل ومال → ج ن ن:B006:ستر العقل بالجنون
C921	0.6848	fear / alarm / emotion / warning	20	11	17	28	0.06439868	0.2258	1.0	0.75	2,31,35,37,40,57,59,60,64,66,67,70,73,76,82,100,103,105,106,111	ء خ ذ ب ح ر ح ذ ر خ ر ق خ س ر خ ش ي خ و ف ف ر ق ف ز ز ن ذ ر و ز ن	kw:fear(85.5529); kw:alarm(74.4006); kw:emotion(60.0292); kw:warning(43.4363); theme:conflict_security/danger_harm(36.1021); kw:danger(35.8423); kw:quantity(34.787); theme:conflict_security/protection_security(34.7646)	خ ش ي:B001:الخوف والخشية مع الهيبة → خ و ف:B001:ذعر يتوقع المكروه
C922	0.6848	body_health_life/reproduction_birth / reproduction / birth / kinship	52	16	17	24	0.0582771	0.1778	1.0	0.5417	2,4,6,7,8,9,11,13,14,15,22,23,24,25,26,28,29,31,33,40,41,46,47,53,54,57,60,64,66,67,70,71,75,78,79,82,83,87,88,89,91,92,93,94,96,100,101,104,105,106,110,111	ء ن ث ء ن س ب ش ر ب ن ي ح ي ي ذ ك ر ر ج ل ر ح م س ق ط ش ه د ق ع د م و ت ن خ ل ن ف س ن ف ل و ل د	theme:body_health_life/reproduction_birth(76.2521); kw:reproduction(71.3905); kw:birth(49.4984); kw:kinship(47.6209); kw:gender(42.2961); kw:biology(39.4154); kw:offspring(37.3173); kw:mankind(36.9273)	ء ن ث:B001:الأنثى خلاف الذكر → ذ ك ر:B001:الذكر خلاف الأنثى
C923	0.6848	marriage / household / spouse / wedding	21	8	11	12	0.05371272	0.2353	1.0	0.8333	2,4,6,7,26,34,40,56,61,64,67,70,73,80,92,93,95,100,101,104,111	ب ن ي ب ي ت د خ ل ش ر ك ض ر ر غ ي ر م ل ك ي ت م	kw:marriage(113.5294); kw:household(71.6847); kw:spouse(58.2873); kw:wedding(51.232); kw:consummation(49.5059); kw:family(45.6437); kw:union(27.8525); kw:construction(25.08)	ب ن ي:B006:بناء الرجل على أهله ودخوله بها → ب ي ت:B010:بيت الزواج
C924	0.6847	side / proximity / space / adjacency	31	14	16	23	0.05811088	0.1949	1.0	0.7391	1,2,14,17,23,24,26,28,32,33,34,38,40,46,49,51,53,56,57,61,65,67,68,83,92,95,96,97,98,100,111	ج د د ج ن ب ج ن ح د و ن ر ج و ض ر ر ع د و ع ر ض ع ن د ق ر ب ق ص و ك ف ي م ل ك و ل ي	kw:side(78.4426); kw:proximity(72.3164); kw:space(63.0631); kw:adjacency(62.7642); kw:edge(57.6608); kw:relation(57.3531); kw:nearness(52.1902); kw:bank(46.1482)	ج ن ح:B002:الجناح جانبا ويدا وكنفا → ج ن ب:B001:الجنب جانب الجسد وناحية الشيء
C925	0.6847	sin / accountability / guilt / offense	27	10	17	22	0.06170349	0.1833	1.0	0.9091	2,4,9,10,15,16,17,21,23,25,31,40,43,44,49,51,54,57,58,60,73,85,87,88,98,103,111	ء خ ذ ء م ر ج م ع خ ط ء ذ ن ب ع ذ ب ع ظ م غ ف ر ف ر ي ك ب ر	kw:sin(54.6714); kw:accountability(53.335); kw:guilt(45.7343); kw:offense(44.6404); kw:transgression(41.7788); kw:wrongdoing(34.884); kw:punishment(34.787); kw:enormity(34.1547)	ء م ر:B006:الأمر العظيم المنكر → ف ر ي:B004:أمر فَرِيّ عجيب
C926	0.6847	alliance / friendship / community / emotion_ethics/trust_loyalty	30	12	13	12	0.06712493	0.1558	1.0	0.8333	1,4,5,23,29,31,33,39,42,46,47,51,53,57,62,64,67,68,70,71,73,74,75,78,80,86,88,91,97,111	ء ل ي ب ر ر خ ل ل ص د ق ظ ه ر ع د و ق ت ل ن ص ر و ل د و ل ي ي د ي ي م ن	kw:alliance(80.6342); kw:friendship(46.1482); kw:community(44.9672); theme:emotion_ethics/trust_loyalty(37.6802); kw:ally(33.5381); kw:support(33.3585); kw:conversion(33.004); kw:enemy(31.3821)	خ ل ل:B003:مودة تتخلل النفس → ص د ق:B005:صدق المودة والصحبة
C927	0.6846	sky / rain / cloud / land_water_sky/weather_climate	60	14	17	22	0.05801067	0.1654	0.9091	0.5909	3,4,7,8,9,12,13,17,20,21,23,24,25,26,27,28,30,31,32,37,38,39,40,42,43,44,46,47,48,51,54,55,57,60,64,65,66,70,72,76,79,80,82,84,85,87,90,92,93,95,99,100,102,103,104,105,106,108,110,111	ء ر ض ح م ل خ ر ج خ ي ل ذ ل ل ذ ن ب ر ب ب ر ج ل ر ز ق س ب ل س م و ع ل و ك ب ر ن ز ل	kw:sky(71.8395); kw:rain(59.2371); kw:cloud(49.8887); theme:land_water_sky/weather_climate(47.4037); kw:weather(37.9455); kw:overhead(34.884); kw:precipitation(29.7602); kw:tail(29.544)	ر ب ب:B008:رباب السحاب → س م و:B004:السماء وما علا فأظل
C928	0.6844	horse / sport / race / movement_travel/motion	30	16	17	35	0.05390815	0.2593	0.9143	0.5714	2,10,12,18,23,26,28,32,34,35,37,42,47,51,53,54,57,64,65,66,67,68,69,77,78,83,85,86,92,110	ب غ ي ب ل غ خ ي ل ر ج ل ر و ح س ق ط س ن ن ش م س ص ل و ص ل ي ع ت د ع د و ع ر ض ق ر ب ك ي ل و ك ل	kw:horse(127.317); kw:sport(54.6714); kw:race(46.5929); theme:movement_travel/motion(46.3482); kw:gallop(44.0082); kw:running(41.0035); kw:mount(39.5566); kw:gait(36.9363)	ص ل ي:B007:المصلي يتلو السابق → ص ل و:B006:تلو السابق في السباق
C929	0.6844	swelling / fullness / agriculture_food/food_nutrition / growth	44	12	13	12	0.05450358	0.1558	1.0	0.8333	2,3,4,6,8,12,13,17,19,20,23,24,25,26,27,28,30,38,39,40,41,44,46,54,55,57,60,65,66,70,76,79,80,81,84,85,87,93,97,100,101,102,104,108	ب ن ي ح ل م خ ر ج ر ب ب ر ب و ز ه ق ش ك ر ص م م ق ض ي ل ف ف ن ب و ن ف ر	kw:swelling(65.9276); kw:fullness(47.1022); theme:agriculture_food/food_nutrition(43.0223); kw:growth(42.1427); kw:consumption(36.2398); kw:plumpness(31.7301); kw:abundance(30.8919); kw:volume(30.2314)	ح ل م:B006:امتلاء الجسم وسمنه → ز ه ق:B005:الاكتناز والامتلاء حتى يجاوز الاعتدال
C930	0.6843	body_health_life/reproduction_birth / reproduction / pregnancy / birth	42	16	17	28	0.05488597	0.2074	0.9286	0.6429	2,4,6,9,11,12,14,18,23,26,29,30,31,32,34,40,41,45,46,47,51,57,60,64,69,70,71,75,78,82,85,88,89,91,93,101,102,103,104,106,107,111	ب س ط ب ن ي ت ل و ث ب ر ج م ع ج ن ن ر ج ل ر و ح ع ج ل ف ر ق ف ص ل ق ر ء ق ر ب ق ض ي م و ت و ل د	theme:body_health_life/reproduction_birth(124.4113); kw:reproduction(81.5892); kw:pregnancy(51.8423); kw:birth(49.4984); kw:kinship(47.6209); kw:mother(45.7343); kw:death(44.7539); kw:child(42.434)	و ل د:B003:حدوث الولادة ووضع الحمل → ق ر ب:B012:دنو الولادة في الحيوان
C931	0.6843	travel / speed / gait / haste	40	17	17	25	0.05462914	0.1838	0.96	0.72	2,11,15,18,20,24,25,26,28,31,32,34,39,47,51,54,55,57,58,59,67,68,69,71,73,77,83,85,86,88,92,93,94,95,97,101,105,107,109,111	ء ت ي ء و ب ج ن ح ذ ق ن ذ ل ل ر س ل ر و ح س ع ر ع ج ل ع ر ض ع ط و ق ب ل ق ر ب م ل ق ن ج و و ح ي ي س ر	kw:travel(79.4077); kw:speed(68.2325); kw:gait(61.5604); kw:haste(52.7421); theme:movement_travel/motion(43.4515); kw:locomotion(35.7659); kw:flexibility(34.884); kw:compliance(30.4895)	ر س ل:B003:السير السهل واللين → ي س ر:B005:خفة وانقياد في الحركة
C932	0.6843	ostrich / animal_life/wildlife / bird / male	47	15	16	19	0.06278853	0.1597	0.9474	0.6842	2,5,6,7,8,12,13,15,18,22,23,25,29,31,33,35,36,39,40,41,45,46,47,48,51,54,55,59,60,64,67,71,72,75,80,82,83,84,85,88,91,97,99,102,103,107,111	ء ن ث ء و ل ج ع ل ج م ع ح ي ي ذ ك ر ر ج ل ض ل ل ظ ل م ع ل م ع ن ق ن خ ل ن ع م ن غ ض و ل د	kw:ostrich(60.4627); theme:animal_life/wildlife(53.7733); kw:bird(46.9162); kw:male(43.7155); kw:gender(42.2961); kw:impossibility(35.7766); kw:taxonomy(33.8345); kw:masculinity(31.0619)	ظ ل م:B006:الظليم ذكر النعام → ن ع م:B006:النعام والنعامة الطائر
C933	0.6842	prevention / diversion / avoidance / departure	28	15	17	39	0.05511208	0.291	0.8462	0.4872	1,6,10,15,33,41,46,47,54,56,57,58,59,60,64,68,69,71,76,77,82,83,89,94,99,102,103,104	ث ب ر ج ل ب ج ن ب ح و ل ر د د ش ج ر ص ر ف ظ ل م ع ذ ب ف ت ل ف ز ز ق ص ف ق ل ب ل ف ف م ن ع	kw:prevention(90.724); kw:diversion(80.963); kw:avoidance(63.7919); kw:departure(45.8825); kw:turning(41.3787); theme:condition_force_change/control_restraint(40.9884); kw:access(36.9363); kw:transition(34.1742)	ر د د:B002:صرف الشيء ودفعه ومنعه → ص ر ف:B001:رجع وصرف عن وجه
C934	0.6842	comparison / counterpart / peer / match	13	9	14	24	0.05933769	0.3	1.0	0.5833	12,17,21,31,33,46,48,64,84,88,89,99,111	ش ر ك ش ك ل ض ر ب ع د د ق ت ل ق ر ن م ث ل ن ظ ر و ح د	kw:comparison(89.5805); kw:counterpart(83.5576); kw:peer(76.2238); kw:match(47.0731); kw:similarity(46.1482); kw:equivalence(43.7155); kw:likeness(42.434); kw:rival(35.7766)	م ث ل:B001:المماثلة والنظير → ش ك ل:B001:المماثلة والمشاكلة
C935	0.6842	appearance / aesthetics / beauty / revelation	22	9	14	20	0.05886501	0.2353	0.95	0.75	1,9,12,17,21,30,36,48,59,60,62,71,78,84,88,93,94,96,99,102,105,110	ء م م ب ش ر ب ص ر ج ه ر ر ء ي ش ك ل ش ه د ظ ه ر ن ظ ر	kw:appearance(64.6655); kw:aesthetics(63.6014); kw:beauty(57.3531); kw:revelation(55.7051); kw:visibility(50.5848); kw:perception(47.6209); kw:sight(42.6693); theme:cognition_perception/perception(39.5314)	ر ء ي:B001:رؤية العين والبصيرة → ب ص ر:B001:إبصار العين
C936	0.6842	fruit / grape / vine / growth	29	10	12	14	0.06255131	0.2222	0.9286	0.7143	2,4,7,8,11,23,26,27,29,35,42,43,55,59,62,67,69,70,71,84,85,88,89,91,92,98,99,101,107	ء ت ي ح س ر خ ي ر ش ك ل ظ ه ر ع ر ش ع ل و ع ن ب ك ر م ك ف ر	kw:fruit(69.7037); kw:grape(59.9777); kw:vine(46.1482); kw:growth(42.1427); kw:harvest(37.6199); kw:feather(30.2314); kw:cluster(26.8781); kw:generosity(24.3277)	ك ر م:B004:العنب والكرمة → ع ن ب:B001:العنب ثمرة الكرم
C937	0.6842	experience / firmness / precision / strength	30	14	14	14	0.06222449	0.1538	1.0	0.8571	4,5,8,16,23,26,33,34,37,39,40,46,47,50,51,55,56,58,61,62,63,69,77,78,81,92,95,100,105,111	ب ل غ ت ب ع ح ج ر ح ق ق ح ك م ح ن ك د ل ك ز ب ر س ن ن ش د د ع و د ق ض ي م ل ك و ق ر	kw:experience(57.9151); kw:firmness(52.1902); kw:precision(48.7992); kw:strength(45.3359); kw:wisdom(43.7155); kw:maturity(39.2775); kw:age(37.4165); theme:body_health_life/life_stage_aging(35.965)	ح ك م:B004:الإحكام والإتقان والوثاقة → ت ب ع:B012:الإحكام والتناسب
C938	0.6841	name / place / toponym / onomastics	25	15	15	18	0.05455177	0.1714	1.0	0.9444	7,9,12,13,16,17,23,25,28,29,34,35,44,45,49,53,58,75,76,78,80,90,91,98,110	ج د د ح س ن ح ل م ح ي ي خ ر ج س ت ر ش م س ص ل ح ع ن ب ع ن ق ن ب ع ن خ ل ن ه ر ه ل ك ي س ر	kw:name(97.7867); kw:place(92.7771); kw:toponym(71.3809); kw:onomastics(56.2768); kw:lineage(43.3422); theme:language_communication/naming_classification(38.1128); kw:genealogy(36.9363); theme:space_form_boundary/place_location(29.9762)	ج د د:B014:مواضع مسماة → ن ب ع:B005:أسماء المواضع
C939	0.6839	prevention / prohibition / interdiction / restriction	24	15	17	37	0.06061919	0.2782	0.7838	0.6216	1,2,8,9,15,18,20,22,33,39,40,45,48,49,50,59,60,73,84,88,94,97,98,102	ث ب ر ح ج ب ح ج ر ح د د ح ر م ح ص ر ح ظ ر ح ك م ذ م م ض ر ب ظ ه ر ع ظ م ف ت ن م ن ع ه د ي	kw:prevention(90.724); kw:prohibition(74.9722); kw:interdiction(68.3094); kw:restriction(64.2228); kw:covenant(55.1716); kw:access(49.2484); kw:sanctity(46.5929); kw:exclusion(41.7788)	ح ظ ر:B002:منع وحجر عن الإباحة → ح ج ر:B001:المنع والإحاطة
C940	0.6839	knowledge / sign / mark / banner	23	10	11	14	0.05213617	0.2593	1.0	0.6429	1,12,13,16,21,25,34,36,44,46,47,54,55,59,60,62,84,85,98,99,101,102,107	ء ذ ن ء م ر ء ي ي د ر ج ر ء ي س م ع ع ل م ع ه د ف ق ه ن ش ر	kw:knowledge(56.0304); kw:sign(41.5754); kw:mark(36.6655); kw:banner(33.004); kw:token(32.5328); kw:semiotics(30.7655); kw:expansion(29.3388); kw:landmark(27.5858)	ع ل م:B002:أثر يميز الشيء ويهدي إليه → ء م ر:B005:العلامة والموعد
C941	0.6838	knowledge / evidence / sight / heart	28	15	17	28	0.06415303	0.209	0.9643	0.6429	1,12,17,21,25,30,36,39,44,46,47,48,54,55,59,60,62,72,74,78,84,85,96,97,99,102,107,110	ب ص ر ث ب ت ج ه ر ح ك م خ ب ر د ب ر ر ء ي ش ه د ع ل م ع م ي ف ء د ف ق ه ق د ر ق ل ب ن ظ ر	kw:knowledge(89.6487); kw:evidence(67.7508); kw:sight(56.8924); kw:heart(49.7565); kw:insight(47.5952); kw:deliberation(43.7155); kw:planning(41.9894); kw:epistemology(41.5754)	ر ء ي:B001:رؤية العين والبصيرة → ب ص ر:B001:إبصار العين
C942	0.6838	camel / kinship / body_health_life/reproduction_birth / reproduction	27	15	17	24	0.05984209	0.1791	1.0	0.8333	1,8,11,12,15,18,21,29,30,48,49,51,52,59,67,72,75,76,79,88,97,98,101,102,103,106,107	ب ر ك ب س ط ت ل و ج د د ج م ع خ ل ف د ر ج ض ل ل ظ ن ن ع ج ل ع س ي ف ر ق ف ص ل م و ت ن و ق	kw:camel(64.8667); kw:kinship(57.145); theme:body_health_life/reproduction_birth(52.1725); kw:reproduction(50.9932); kw:pastoralism(49.1262); kw:mother(45.7343); kw:marriage(45.4118); kw:calf(42.434)	خ ل ف:B013:أسماء خاصة للحيوان والنبات والعادة → ف ر ق:B008:فارق نادة وسحابة منفردة
C943	0.6837	land / ecology / agriculture / soil	34	14	14	22	0.05897365	0.2418	0.8182	0.5909	4,5,17,23,30,33,37,40,44,47,55,59,62,63,66,67,70,71,72,73,75,76,82,88,90,91,95,96,97,99,102,103,104,106	ء ر ض ء ن ث ب ح ر ج م ع ج ن ن خ ب ر خ ل ل ظ ل م ع م ي ف ر ق ك ر م م ر ح م و ت و ف ر	kw:land(68.3484); kw:ecology(61.386); kw:agriculture(57.51); kw:soil(50.4406); kw:fertility(42.5584); kw:growth(42.1427); kw:integrity(31.0619); kw:abundance(30.8919)	ء ر ض:B002:الأرض اللينة المنبتة → ء ن ث:B004:الأرض السهلة الخصبة
C944	0.6837	abundance / increase / fertility / sheep	35	15	15	18	0.06043973	0.1714	1.0	0.7222	1,2,6,13,15,16,26,28,34,37,40,42,46,47,54,55,58,59,64,68,69,70,71,77,85,88,89,92,93,94,95,101,105,106,107	ء ت ي ء م ر ب ر ك ر ج ل ر س ل س ط ر ص ف و ع ر ش ف ر ق ك ث ر م ش ي م و ل ن ش ر و ق ر ي س ر	kw:abundance(82.3784); kw:increase(80.0024); kw:fertility(74.4772); kw:sheep(67.1951); kw:growth(63.214); kw:flock(56.2768); kw:yield(45.7343); kw:livestock(38.1273)	ب ر ك:B004:خير ثابت نام وبركة → ء م ر:B004:النماء والبركة
C945	0.6837	strength / hump / bulk / anatomy	38	14	15	14	0.05926988	0.1346	1.0	0.9286	4,7,12,13,16,17,20,29,30,36,37,38,40,43,44,49,51,55,58,66,67,70,71,77,79,84,89,91,92,93,95,96,97,98,99,102,109,110	ب ح ر ج ب ل خ ب ر خ ش ع س م و س ن ن س ن و ع ظ م ع ل و ع ن ب ق ر ي ك ل ل ن غ ض ه ج د	kw:strength(45.3359); kw:hump(44.9833); kw:bulk(40.1571); kw:anatomy(39.2355); kw:livestock(38.1273); kw:mounting(33.5381); kw:physique(30.4895); kw:spine(29.7602)	س ن و:B010:تسنّي البعير للناقة → س ن ن:B007:إكباب بدفع أو عض
C946	0.6836	cognition_perception/knowledge_learning / order / continuity / pursuit	15	10	16	26	0.06498775	0.25	0.9615	0.7692	5,12,14,16,33,36,46,47,58,63,69,92,97,107,111	ت ب ع ت ل و ج و س ح س ب س ق ط ق ر ي ق ف و ق و ف م ح و و ل ي	theme:cognition_perception/knowledge_learning(68.3784); kw:order(64.3861); kw:continuity(62.6999); kw:pursuit(62.3609); kw:sequence(58.7608); kw:succession(50.299); kw:trail(46.5929); kw:following(43.7155)	و ل ي:B002:تتابع شيء بعد شيء → ت ب ع:B004:الولاء والتتابع
C947	0.6835	life / spirit / soul / body_health_life/health_medicine	34	13	14	14	0.06091601	0.1556	1.0	0.8571	4,7,12,13,14,15,16,20,25,26,28,29,31,33,36,38,51,64,67,68,69,71,75,76,80,81,83,84,85,88,89,91,97,105	ج ن ن ح ص ب ح ق ق ح ي ي خ ر ج خ ي ل ر و ح ع ر ض ف ص ل ق ت ل ك ل ل م ر ر ن ف س	kw:life(68.3392); kw:spirit(44.6404); kw:soul(44.0082); theme:body_health_life/health_medicine(43.366); kw:bone(38.6317); kw:body(36.334); kw:thorax(34.1547); kw:eruption(30.2314)	ن ف س:B011:النفس التي بها الحياة → ر و ح:B001:النفس والروح التي بها حياة البدن
C948	0.6833	honor / nobility / virtue / generosity	40	15	17	29	0.0588389	0.218	0.8621	0.6552	1,4,5,7,9,10,11,12,14,15,19,21,23,25,31,33,35,40,41,43,46,49,51,54,56,57,58,60,62,64,70,78,87,90,91,92,98,108,110,111	ج ه ر ح ر م ح س ب خ ي ر ذ ك ر ز ع م س ع ي ع ذ ب ع ظ م غ ر ر ف ج ر ف ع ل ك ب ر ك ر م ن ف س	kw:honor(126.1769); kw:nobility(89.8577); kw:virtue(87.3052); kw:generosity(72.9832); kw:reputation(60.2637); kw:leadership(38.7554); theme:emotion_ethics/honor_shame(38.2958); kw:character(34.787)	ف ع ل:B002:فَعال الخلق → خ ي ر:B005:الكرم والهبة
C949	0.6833	fertility / breeding / livestock / mating	33	13	14	13	0.06616389	0.1444	1.0	0.8462	1,7,9,12,13,14,16,26,29,30,33,39,40,41,44,45,46,48,59,60,62,71,77,78,81,82,88,89,93,97,99,105,106	ب س ط ت ب ر ح ق ق ح ل م ر ء ي س ن ن س ن و ص ف و ص م م ض ر ب ق ر ء ل ق ي ن و ق	kw:fertility(74.4772); kw:breeding(57.9151); kw:livestock(57.1909); kw:mating(55.7051); kw:reproduction(40.7946); kw:pregnancy(38.8817); kw:camel(37.0667); kw:husbandry(33.8898)	س ن و:B010:تسنّي البعير للناقة → س ن ن:B007:إكباب بدفع أو عض
C950	0.6833	wealth / prosperity / power / fortune	30	13	13	12	0.06355159	0.1538	1.0	0.8333	2,5,17,26,28,30,31,37,49,55,59,68,69,70,71,73,75,77,85,86,88,91,92,97,98,99,100,101,104,107	ء ت ي ب ع د ت ل و ج د د خ ز ن خ ل ل ر ز ق ط و ل ظ ه ر ق د ر م و ت و ج د ي س ر	kw:wealth(75.3434); kw:prosperity(63.9861); kw:power(54.629); kw:fortune(52.9349); kw:capacity(36.7544); kw:luck(35.7766); kw:means(31.7301); kw:humility(29.3388)	ق د ر:B003:تمكن يبلغ بصاحبه الفعل والملك → ط و ل:B004:الطَّوْل والقدرة
C951	0.6832	speed / travel / gait / movement_travel/motion	28	16	16	28	0.05550887	0.2333	0.9643	0.6071	11,13,15,18,19,24,25,28,29,31,39,47,53,54,59,67,68,69,73,77,83,86,92,93,94,95,97,105	ء و ب ج ن ح ر س ل س ع ر س ع ي س ق ط ط ي ر ع ج ل ع د و ع ر ض ع ن ق ل ق ي م ل ق ن ج و و ح ي ي س ر	kw:speed(102.3487); kw:travel(61.7615); kw:gait(61.5604); theme:movement_travel/motion(55.0385); kw:lightness(41.1882); kw:haste(39.5566); kw:locomotion(35.7659); kw:animal(34.439)	ر س ل:B003:السير السهل واللين → ي س ر:B005:خفة وانقياد في الحركة
C952	0.6832	orientation / rear / posterior / back	25	10	17	28	0.06099079	0.2188	1.0	0.6786	7,10,15,17,19,21,22,33,36,39,45,46,58,62,69,71,72,76,77,88,92,97,104,107,111	ء خ ر ء م م ب ع د خ ل ف د ب ر ظ ه ر ق ب ل ق و ف و ج ه و ل ي	kw:orientation(96.7429); kw:rear(71.1156); kw:posterior(64.2228); kw:back(62.5289); kw:front(43.7155); kw:opposition(40.6505); kw:encounter(39.7012); kw:proximity(36.1582)	و ج ه:B003:المواجهة والتقابل → ق ب ل:B001:مواجهة الشيء للشيء
C953	0.6832	age / body_health_life/life_stage_aging / senescence / decline	26	12	14	18	0.06123269	0.2022	1.0	0.7222	4,7,8,9,17,21,23,24,31,33,36,40,43,46,49,51,60,69,77,79,87,97,98,107,109,111	د ب ر ذ ق ن س ن ن ص غ ر ع س ي ع ظ م ع و د ق ر ن ق ف و ك ب ر و ج ه و ل ي	kw:age(87.3052); theme:body_health_life/life_stage_aging(76.4256); kw:senescence(44.9833); kw:decline(43.7155); kw:oldness(33.5381); kw:mortality(32.3757); kw:elder(30.2314); kw:retreat(29.3388)	ك ب ر:B004:كبر السن والقدم → س ن ن:B004:سن ناتئ وعمر ظاهر
C954	0.6831	transport / camel / equipment / mount	31	15	15	18	0.05990357	0.1714	1.0	0.7778	1,3,6,8,11,16,18,22,26,29,32,33,34,40,42,46,50,51,56,57,61,69,70,81,88,92,95,97,100,105,111	ح ج ر ح ص ر ح ق ق ح م ل ر د د ظ ه ر ع ج ل ع ر ش ع و د ق ت ر ق ر ب ق ص و ق ع د م ل ك و ل ي	kw:transport(91.4069); kw:camel(74.1334); kw:equipment(60.6775); kw:mount(52.7421); kw:travel(44.1154); kw:saddle(41.1882); kw:pad(31.0619); theme:craft_material_built/tools_equipment(31.0397)	ق ع د:B008:المركوب المقتعد → ق ر ب:B013:الخيل والإبل المقربة
C955	0.6831	chest / breast / secrecy / thorax	20	12	13	17	0.05389894	0.2208	1.0	0.8235	1,7,8,12,13,20,24,29,36,38,46,51,71,80,84,88,89,91,95,97	ب ر ك ج ن ح ج ن ن ح ص ر د خ ل ص د ر ط م ن غ ل ل ف ء د ق ل ب ك ل ل ك ن ن	kw:chest(91.6474); kw:breast(44.6404); kw:secrecy(38.5105); kw:thorax(34.1547); kw:interiority(33.5381); theme:body_health_life/anatomy(33.411); kw:psychology(33.4095); kw:torso(32.5328)	ج ن ح:B005:الجوانح أضلاع الصدر → ج ن ن:B016:الجناجن عظام الصدر
C956	0.6831	enmity / hostility / conflict_security/conflict / enemy	38	13	14	14	0.05713077	0.1556	1.0	0.8571	1,2,4,5,6,17,26,29,31,33,34,37,39,40,42,46,47,51,52,53,56,57,58,62,63,67,69,70,73,74,78,81,86,97,101,102,104,111	ء ل ي ب ط ل ب ع د ب ن ي ت ب ع ش د د ش م س ط و ل ظ ن ن ع د و ق ت ل ك ش ف و ل ي	kw:enmity(73.8599); kw:hostility(68.0407); theme:conflict_security/conflict(58.4133); kw:enemy(47.0731); kw:compensation(41.1882); kw:adversary(35.7766); kw:conflict(34.5926); kw:justice(33.6716)	ظ ن ن:B007:ظنين معاد → ع د و:B003:العَدُوّ والعداوة
C957	0.6829	ugliness / curse / hearing / obedience	32	11	15	18	0.05825942	0.18	1.0	0.8333	1,7,11,12,18,23,30,32,34,36,37,38,44,46,47,49,51,52,54,56,57,60,61,67,70,71,74,86,97,98,99,110	ء ذ ن ب ل غ خ ل ق د ع و س ب ع س م ع س و ء ش ي ء ص م م ق ف و ل ع ن	kw:ugliness(45.3471); kw:curse(44.316); kw:hearing(42.2076); kw:obedience(39.8493); kw:insult(39.2775); kw:misfortune(39.1426); kw:speech(37.5366); kw:disfigurement(34.884)	س م ع:B011:سَمْع لا بَلَغ → ب ل غ:B009:سماع المكروه بلا بلوغ
C958	0.6829	redress / justice / support / shadow	29	9	11	9	0.06732066	0.1698	1.0	0.7778	9,12,13,28,29,33,35,42,46,47,48,53,57,58,59,62,66,69,71,75,78,79,80,82,88,89,97,99,110	ب غ ي ظ ل م ع د و ق ص ف ق ل ب ق و م م ث ل ن ص ر ي د ي	kw:redress(52.326); kw:justice(44.8955); kw:support(33.3585); kw:shadow(29.7602); kw:petition(29.544); kw:aggression(29.3388); kw:oppression(28.7797); kw:transgression(27.8525)	ب غ ي:B003:تجاوز الحد بالعدوان والظلم → ع د و:B001:مجاوزة الحد والظلم
C959	0.6828	death / mortality / judgment / verdict	23	12	17	29	0.06031352	0.232	0.9655	0.7586	2,4,6,7,12,13,14,15,23,25,31,33,34,35,39,41,46,58,69,71,75,85,93	ح ك م ر و ح ف ص ل ق ت ل ق ض ي ك ت ب م و ت ن ش ر ن ف ر ن ف س و ف ي ي م ن	kw:death(123.0731); kw:mortality(64.7515); kw:judgment(52.8701); kw:verdict(52.326); kw:justice(44.8955); kw:sacrifice(42.6693); kw:life(41.0035); theme:body_health_life/mortality_death(40.9472)	ق ض ي:B001:الحكم والأمر القاطع → ح ك م:B002:الحكم والقضاء بين الناس
C960	0.6828	perfume / fragrance / cognition_perception/perception / craft_material_built/ornament_beauty	28	13	14	17	0.0608734	0.1889	1.0	0.7647	1,3,5,8,13,17,23,27,30,40,49,50,51,53,61,62,63,65,67,69,70,71,85,86,89,96,98,99	ء ن ث ح ج ر ح د د ح ص ر خ ل ق ذ ر ر ذ ه ب ر و ح ط ي ب ع ب د ف ت ل ك ف ر ن ش ر	kw:perfume(110.3431); kw:fragrance(104.3803); theme:cognition_perception/perception(56.0028); theme:craft_material_built/ornament_beauty(51.7713); kw:aroma(44.0082); kw:scent(43.1696); kw:hardness(37.1238); kw:cosmetic(33.5381)	ء ن ث:B007:طيب النساء المؤنث → خ ل ق:B010:الخلوق والتخليق بالطيب
C961	0.6828	portion / fraction / partition / part	38	10	10	10	0.04990318	0.2222	1.0	0.6	1,4,9,12,13,20,21,23,29,31,32,36,38,39,42,43,47,51,55,57,60,62,64,67,71,73,74,76,78,84,86,87,88,89,97,103,106,111	ء ل ي ب ع ض ج م ع ز ن ي ص د ر ط غ و ف ر ق ف ز ز ك ب ر ك ل ل	kw:portion(36.7544); kw:fraction(33.004); kw:partition(29.9889); kw:part(29.7602); kw:aggregation(27.8525); kw:location(27.4588); kw:avoidance(25.5168); kw:classification(24.7492)	ص د ر:B006:الطائفة من الشيء → ط غ و:B007:الطغية نبذة من الشيء
C962	0.6827	rupture / opening / textile / perforation	29	14	17	26	0.06141197	0.1955	0.8846	0.8077	1,5,10,12,15,17,30,36,37,47,51,52,54,57,58,59,64,66,67,70,73,78,90,91,92,96,102,107,109	ب ح ر ب ص ر ج و ب خ ر ر خ ر ق خ ل ل س م ع ع ذ ب غ ر ر ف ج ر ف ر ي ف ط ر ق ص و ك س ف	kw:rupture(66.6687); kw:opening(49.4984); kw:textile(39.5309); kw:perforation(30.7655); kw:breach(29.544); kw:fissure(29.3388); kw:incision(29.1436); kw:hole(29.1436)	خ ر ق:B001:الشَّق والثقب والقطعة → ج و ب:B001:الخَرْق والقطع النافذ
C963	0.6827	proximity / space / relation / kinship_society/social_relations	27	12	14	17	0.05700375	0.191	1.0	0.8235	1,5,9,12,13,29,35,45,53,56,58,62,71,73,76,77,78,79,88,91,92,96,97,101,107,108,110	ء م م ب ي ن ح و ل خ ل ف خ ل ل س ت ر ظ ه ر ف ص ل ف ع ل ق ب ل ق و م ي د ي	kw:proximity(60.2637); kw:space(52.5526); kw:relation(45.8825); theme:kinship_society/social_relations(38.606); kw:interval(38.3916); kw:interstice(35.7766); kw:orientation(32.2476); kw:front(29.1436)	خ ل ل:B001:فرجة بين الأشياء → ب ي ن:B002:الخلالة والوسط بين شيئين
C964	0.6826	increase / representation / similarity / likeness	19	9	16	27	0.06273811	0.2647	1.0	0.6296	6,12,21,41,48,55,60,66,70,75,82,84,87,88,89,97,99,104,109	ز ي د ش ك ل ض ر ب ض ع ف ف ض ل ك ث ر ل ف ف م ث ل ن ظ ر	kw:increase(53.335); kw:representation(46.1482); kw:similarity(46.1482); kw:likeness(42.434); kw:counterpart(41.7788); kw:comparison(38.3916); kw:classification(37.1238); kw:parable(36.9273)	ض ر ب:B003:تصوير المثل وإظهاره → م ث ل:B003:المثل المضروب
C965	0.6826	transgression / excess / disobedience / aggression	39	15	16	25	0.05951758	0.2101	0.92	0.6	2,5,7,8,12,27,28,31,32,33,41,42,48,49,53,54,57,60,64,65,66,67,68,69,78,81,82,86,89,90,91,94,97,98,99,101,104,109,110	ء ج ل ب غ ي ج ي ء ر ف ت ز ي د س ر ف ط غ و ط غ ي ط و ع ع د و ف ج ر ف ح ش ك ف ر م ل ق و ك ل	kw:transgression(83.5576); kw:excess(77.5108); kw:disobedience(48.1671); kw:aggression(44.0082); kw:oppression(43.1696); kw:limit(40.3171); theme:emotion_ethics/ethics_morality(39.4893); kw:rebellion(31.0619)	ب غ ي:B003:تجاوز الحد بالعدوان والظلم → ع د و:B001:مجاوزة الحد والظلم
C966	0.6825	strength / power / solidity / hardness	39	17	17	31	0.05725383	0.2279	0.9032	0.5161	1,3,4,5,7,14,15,17,23,25,29,30,33,34,41,43,46,50,51,53,54,56,58,59,64,65,67,68,69,71,74,75,77,85,93,94,95,96,105	ء م م ث ب ت ج ل ب ح د د ذ ك ر ر س ل ر ك ن ر و ح ش د د ض ر ر ض ع ف ع ب د ع ل و م ر ر ن ف س ي د ي ي م ن	kw:strength(113.3399); kw:power(65.5548); kw:solidity(55.7051); kw:hardness(49.4984); kw:courage(39.2775); kw:firmness(39.1426); kw:capacity(36.7544); kw:agency(30.693)	ع ب د:B007:القوة والصلابة → ش د د:B002:شدة القوة والصلابة
C967	0.6825	swelling / leather / body_health_life/disease_injury / wound	26	13	13	17	0.05760695	0.2179	0.9412	0.7059	6,7,12,13,14,15,20,25,28,29,33,37,41,42,44,46,55,57,60,64,66,76,80,100,103,110	ب غ ي خ ر ج ش ج ر غ ف ر غ ل ل ف ز ز م د د م ر ح م س ك ن ب و ن ف ر ن ف س ن ف ق	kw:swelling(52.7421); kw:leather(52.0143); theme:body_health_life/disease_injury(49.9557); kw:wound(49.1262); kw:hide(41.1882); kw:skin(36.2398); theme:body_health_life/health_medicine(36.1384); kw:abscess(33.004)	م د د:B007:جرح تمتد فيه مدة من قيح → ب غ ي:B004:فساد الجرح وتجاوزه
C968	0.6824	crime / evil / harm / good	51	13	15	16	0.05629329	0.1553	0.9375	0.75	1,5,6,7,11,13,16,20,23,24,28,35,39,40,42,43,47,49,50,51,53,56,60,61,62,63,64,68,73,80,81,83,84,85,88,90,91,93,94,95,96,98,99,100,101,102,104,107,108,110,111	ء ج ل ج ل ب ج ن ب ج ن ن ج ي ء خ ل ل خ ي ر ر ء ي ش ر ر ف ر ي ق و ل ل ق ي م د د	kw:crime(43.1696); kw:evil(40.0012); kw:harm(37.3173); kw:good(34.884); kw:uproar(34.884); kw:spirit(29.7602); kw:offense(29.7602); kw:clamor(29.544)	ج ل ب:B011:الجلب جناية على الإنسان → ء ج ل:B005:جناية الشر وجره
C969	0.6824	purity / redness / color / essence	21	11	12	12	0.05912216	0.1846	1.0	0.9167	5,7,12,14,15,25,31,33,40,41,46,66,67,69,70,73,84,85,89,91,97	ب ح ر ح س ب خ ل ل ر و ح ش ك ل ص ر ف ص ف و ص م م ق ت ل ق ل ب ن ف س	kw:purity(71.3809); kw:redness(66.6687); kw:color(51.2095); kw:essence(42.2076); kw:drink(39.7012); kw:mixture(37.2198); kw:alcohol(32.5328); kw:intoxication(30.4895)	ح س ب:B009:لون الأحسب والأحسبية → ش ك ل:B005:الشُّكلة لون مختلط
C970	0.6823	language_communication/writing_text / error / writing / mistake	23	12	14	18	0.05963971	0.2022	1.0	0.7778	2,4,12,13,14,31,33,39,45,53,55,58,71,73,81,86,92,93,96,101,107,109,110	ب ي ن ح س ب خ ر ر خ ط ء ز ب ر ز ه ق س ر ف س ط ر س ق ط ك ت ب ن ش ر و ح ي	theme:language_communication/writing_text(141.1806); kw:error(67.7508); kw:writing(66.4155); kw:mistake(52.326); kw:documentation(50.3071); kw:miss(47.5952); kw:literacy(44.6404); kw:document(31.3821)	خ ط ء:B001:مجاوزة الصواب وعدم إصابته → س ر ف:B002:خطأ وغفلة
C971	0.6823	dust / land_water_sky/weather_climate / color / blackness	15	11	11	9	0.06244668	0.1636	1.0	1.0	6,7,12,13,14,36,64,70,72,76,80,84,89,97,100	ج ل ب ح س ب خ ر ج س ع ر ش ك ل ع م ي ق ت ر ق ف و ك ث ر ك ر ر و ج ه	kw:dust(78.5549); theme:land_water_sky/weather_climate(43.4534); kw:color(40.9676); kw:blackness(38.5105); theme:space_form_boundary/visual_appearance(37.0424); kw:face(35.9982); kw:covering(34.7228); kw:gloom(30.4895)	ح س ب:B009:لون الأحسب والأحسبية → ش ك ل:B005:الشُّكلة لون مختلط
C972	0.6822	punishment / torment / force / sin	27	13	14	19	0.05932294	0.2111	0.8947	0.7895	4,5,9,10,15,17,18,21,22,23,25,29,31,34,39,43,44,48,51,54,57,58,60,73,87,97,111	ء ل م ب ء س ذ م م ذ ن ب ش د د ص م م ض ر ب ط غ و ع ذ ب غ ف ر ف ت ن ك ب ر ل و م	kw:punishment(57.9783); kw:torment(48.7992); kw:force(44.5461); kw:sin(41.0035); kw:accountability(40.0012); kw:impact(38.5105); kw:suffering(34.0588); kw:fault(31.7301)	ذ م م:B001:ذم ولوم وعيب → ل و م:B001:عتب وملامة على ما يستحق اللوم
C973	0.6822	comfort / softness / ease / compliance	26	15	15	18	0.06014858	0.1714	1.0	0.8333	15,16,17,20,24,25,28,29,30,48,54,59,64,68,69,71,77,83,93,94,95,96,105,107,109,111	ء م م ء و ب ب ي ت ت ر ف خ ب ر خ ر ر خ ف ض ذ ل ل ر س ل ط و ع ع ط و غ ل ل ن ع م ي د ي ي س ر	kw:comfort(79.4023); kw:softness(74.0586); kw:ease(51.5089); kw:compliance(45.7343); kw:luxury(41.5754); kw:prosperity(38.3916); kw:affluence(34.884); kw:flexibility(34.884)	ع ط و:B006:اللين والانقياد والمطاوعة → ط و ع:B001:الانقياد والطاعة
C974	0.6821	craft_material_built/textile_clothing / cloth / garment / clothing	27	11	11	11	0.05165431	0.2	0.8182	1.0	1,2,9,12,13,15,21,29,31,33,37,39,49,51,52,55,59,61,64,66,70,84,87,94,97,98,99	ج ل ب ج و ب ح ر م خ ر ق خ ل ق غ ل ل ف ض ل ك ذ ب ل ق ي م ل ق ه د ي	theme:craft_material_built/textile_clothing(76.7384); kw:cloth(48.4301); kw:garment(34.2919); kw:clothing(32.5509); kw:refuse(29.9889); kw:textile(29.6482); kw:cloak(28.7797); kw:modesty(26.8781)	ج و ب:B005:الجَوْب لباسا وترسا → ج ل ب:B004:الجلباب السابغ على البدن
C975	0.682	return / recurrence / time_measure_quantity/sequence_cycle / repetition	18	13	17	30	0.06103275	0.2308	1.0	0.7	4,5,6,7,8,12,25,35,41,46,51,59,64,69,85,89,104,108	ء و ب ء و ل ت ا ر ر د د ر و ح ص د ر ص ر ف ع د د ع و د ق ل ب ك ر ر م ر ر و ع د	kw:return(131.9934); kw:recurrence(82.0071); theme:time_measure_quantity/sequence_cycle(81.3799); kw:repetition(55.9858); kw:destination(43.1696); kw:departure(34.4119); kw:owner(32.1114); kw:occurrence(31.0619)	ر د د:B010:التكرار والتردد والحيرة → ك ر ر:B001:رجوع وترديد بعد مرة
C976	0.6819	sword / blade / handle / weapon	28	15	15	21	0.05981832	0.2	1.0	0.6667	2,8,9,13,16,17,26,29,32,34,35,40,50,51,52,57,58,62,64,73,74,76,78,79,85,92,97,111	ء خ ذ ء ن ث ج ل ب ح د د ح ص ر ر ء س س ق ط ص م م غ ر ر ق ر ب ق ر ن ق ر ي ق ل ل ق و م ي د ي	kw:sword(91.0251); kw:blade(79.6986); kw:handle(61.531); kw:weapon(57.6608); kw:sharpness(54.2007); kw:tool(52.9999); kw:case(46.5929); kw:artifact(44.316)	ق ر ب:B010:قراب السيف ووعاؤه → ج ل ب:B008:جلبان السلاح قرابه
C977	0.6819	visibility / disclosure / exposure / appearance	23	11	13	14	0.06066162	0.1842	1.0	0.8571	1,13,17,36,39,45,47,53,56,58,66,67,70,72,77,88,92,96,97,101,104,107,110	ب ح ر ب ع د ب ي ن ج ه ر س ت ر س م ع ظ ه ر ع م ي ق ب ل ك ش ف ل ق ي	kw:visibility(88.5234); kw:disclosure(63.6014); kw:exposure(48.4301); kw:appearance(43.1103); kw:discovery(29.7602); kw:openness(28.2893); kw:revelation(27.8525); kw:recurrence(27.3357)	ب ي ن:B004:ظهور الشيء وانكشافه → ظ ه ر:B001:البروز والانكشاف
C978	0.6818	ugliness / defect / aesthetics / disfigurement	36	12	13	13	0.05492707	0.1688	1.0	0.8462	1,6,7,12,18,21,23,27,30,32,34,35,36,38,43,44,47,48,49,51,52,53,54,61,64,70,74,76,86,93,98,99,101,102,108,110	ح س ن خ ل ف خ ل ق ر د د س ب ح س م ع س و ء ش ط ن ش ي ء ظ ن ن ف ح ش ن ظ ر	kw:ugliness(105.8098); kw:defect(51.3473); kw:aesthetics(38.1608); kw:disfigurement(34.884); kw:badness(33.5381); kw:blemish(29.3388); theme:condition_force_change/value_quality(26.3463); kw:ethics(26.3416)	ح س ن:B001:الحسن ضد القبح → س و ء:B001:القبح والرداءة
C979	0.6817	priority / entitlement / justice / precedence	47	12	14	14	0.05518633	0.1591	1.0	0.7857	1,4,5,6,7,12,13,16,20,23,26,29,33,35,36,38,39,41,42,46,47,49,51,57,59,61,62,67,69,70,71,73,74,78,81,84,85,86,89,94,97,98,99,101,104,105,111	ء ح د ء ل ي ء و ل ث ب ت ج ي ء ح ق ق خ ل ق ذ ك ر ر و ح ك ل ل ن ف ر و ل ي	kw:priority(56.8924); kw:entitlement(50.3071); kw:justice(44.8955); kw:precedence(41.1882); kw:worthiness(33.5381); kw:presentation(33.004); kw:proof(31.7301); kw:record(29.3388)	ح ق ق:B003:حق مخصوص يملكه صاحبه → ذ ك ر:B008:ذكر الحق صك ووثيقة حق
C980	0.6816	justice / search / transgression / redress	29	12	15	20	0.06081879	0.1961	1.0	0.7	5,6,8,12,16,18,19,27,28,33,42,47,53,57,59,60,66,67,69,71,75,80,82,89,92,98,99,103,110	ب غ ي ج و س ر د د ر و د س ع ي س ق ط ط غ و ط غ ي ظ ل م ع د و ك ف ر ن ص ر	kw:justice(56.1193); kw:search(55.7051); kw:transgression(55.7051); kw:redress(52.326); kw:disobedience(48.1671); kw:oppression(43.1696); kw:conflict(34.5926); kw:quest(33.004)	ب غ ي:B003:تجاوز الحد بالعدوان والظلم → ع د و:B001:مجاوزة الحد والظلم
C981	0.6816	gold / bewilderment / metal / nugget	25	12	15	18	0.06062843	0.1782	1.0	0.8889	1,7,9,13,35,37,41,56,58,59,60,62,63,66,67,70,73,77,78,79,86,89,93,97,106	ب ح ر ت ب ر ح و ل خ ر ق ذ ه ب ز خ ر ف ص ر ف ف ت ن ف ر ق ف ر ي ق و م ك ذ ب	kw:gold(74.4006); kw:bewilderment(44.9833); kw:metal(39.8493); kw:nugget(36.9273); kw:gilding(35.7766); kw:vision(35.1186); kw:loss(33.6183); kw:astonishment(33.004)	خ ر ق:B005:الدَّهش واللزوق من خوف أو عجز → ب ح ر:B008:الدهش والتحير
C982	0.6815	destruction / ruin / loss / mortality	19	13	15	20	0.06590936	0.1961	1.0	0.8	4,7,12,15,16,17,31,33,46,48,51,58,63,67,72,81,86,97,102	ب ط ل ت ب ر ث ب ر د ب ر د م ر ذ ه ب ز ه ق ض ل ل ف س د ق ت ل م ح و م ر ر ه ل ك	kw:destruction(95.9952); kw:ruin(48.8874); kw:loss(44.8244); kw:mortality(43.1677); kw:corruption(38.1608); kw:nullification(35.7766); kw:eradication(34.1547); kw:extinction(30.7655)	ه ل ك:B001:السقوط إلى الهلاك والفناء → ث ب ر:B002:الهلاك والثبور
C983	0.6815	condemnation / blessing / evaluation / gratitude	28	12	15	14	0.06860169	0.1386	1.0	0.9286	1,3,5,7,12,18,19,22,23,32,34,35,36,38,44,52,53,59,62,65,70,79,83,98,99,101,110,111	ء ج ل ء ي ي ب ء س ح س ن ح م د ذ م م س و ء ش ك ر ك ر م ل ك ن ل ي س ن ع م	kw:condemnation(69.768); kw:blessing(63.9861); kw:evaluation(53.5428); kw:gratitude(47.5952); kw:censure(46.5929); kw:praise(41.7788); kw:blame(40.4815); kw:dispraise(36.9273)	ب ء س:B004:بئس كلمة ذم → ن ع م:B003:مدح الشيء بنعم
C984	0.6815	body_health_life/disease_injury / abscess / pus / wound	32	12	13	13	0.0635596	0.1688	0.9231	0.8462	4,5,6,7,12,13,20,28,37,38,41,42,44,46,55,57,64,66,69,76,80,81,90,94,95,99,101,102,103,104,109,110	ء ر ض ب غ ي ث ب ر ج ي ء خ ر ج خ ش ع خ ف ت غ ر ق ف ز ز ك ر ه م د د ن ف ر	theme:body_health_life/disease_injury(88.3832); kw:abscess(66.0079); kw:pus(64.2228); kw:wound(61.4078); kw:discharge(55.1716); kw:suppuration(52.326); kw:infection(49.5059); kw:pathology(48.6555)	ج ي ء:B003:جائية الجراح → م د د:B007:جرح تمتد فيه مدة من قيح
C985	0.6814	well / risk / water / hydrology	29	14	14	18	0.05583249	0.1978	1.0	0.7222	12,18,22,23,25,29,34,36,46,47,49,51,52,54,55,56,61,64,70,84,85,91,92,98,99,101,102,107,110	ج د د ج ه ر خ ل ق ذ م م ر ج ل ز ب ر ز ع م ظ ن ن ع ل م ع ه د غ ر ر ق ع د ق ل ب ن ه ر	kw:well(112.5521); kw:risk(65.2377); kw:water(59.3161); kw:hydrology(43.0534); kw:uncertainty(39.0107); kw:outcome(30.7655); theme:land_water_sky/water_hydrology(29.5454); kw:excavation(28.6095)	ق ع د:B015:البئر المقعدة قبل بلوغ الماء → ج ه ر:B008:إظهار ماء البئر بتنقيتها
C986	0.6814	law_governance/authority_governance / governance / charge / delegation	29	11	12	12	0.0570693	0.1846	1.0	0.8333	2,9,12,13,15,16,20,29,33,34,35,36,38,39,46,54,58,62,65,68,71,78,79,84,85,86,89,97,111	ء م ر ح ك م ع ط و ع م ل ع ه د ق و م ك ل ل ك ي ل و ز ر و ك ل و ل ي	theme:law_governance/authority_governance(117.5162); kw:governance(67.5594); kw:charge(55.7051); kw:delegation(50.3071); kw:care(49.6264); kw:service(40.6505); kw:mandate(34.884); kw:entrustment(34.1547)	ء م ر:B003:الولاية وصاحب السلطان → و ل ي:B003:تولي الأمر والقيام عليه
C987	0.6813	concealment / astronomy / land_water_sky/sky_astronomy / veil	23	14	17	30	0.06434077	0.2256	0.9	0.6667	2,8,12,23,25,27,40,44,45,46,66,67,69,73,78,88,89,91,92,98,99,109,111	ء خ ذ ج ن ن ح ج ب خ ش ع د ب ر س ت ر س ن و ش م س غ ف ر ف ل ك ق ل ب ك س ف ك ف ر ن ه ر	kw:concealment(109.2579); kw:astronomy(96.3666); theme:land_water_sky/sky_astronomy(72.55); kw:veil(70.346); kw:mansion(62.1239); kw:screen(57.5595); kw:star(51.3473); kw:calendar(48.4301)	ء خ ذ:B008:أخذ القمر في منازله → غ ف ر:B006:منزل قمري من ثلاثة أنجم
C988	0.6812	body_health_life/reproduction_birth / birth / reproduction / calf	25	13	15	26	0.05602637	0.2524	0.9615	0.5769	7,11,12,18,23,26,29,30,31,32,34,47,51,57,63,64,69,75,88,92,97,103,106,107,111	ب س ط ت ب ع ت ل و ج م ع ر ج ل س ق ط ع ج ل ف ر ق ف ص ل ق ر ب م و ت و ج ه و ل د	theme:body_health_life/reproduction_birth(112.3715); kw:birth(61.873); kw:reproduction(61.1919); kw:calf(56.5787); kw:kinship(47.6209); kw:mother(45.7343); kw:delivery(41.1882); kw:offspring(37.3173)	و ل د:B003:حدوث الولادة ووضع الحمل → ق ر ب:B012:دنو الولادة في الحيوان
C989	0.6812	concealment / exposure / screen / veil	22	13	15	21	0.06642045	0.2039	0.9524	0.7143	1,8,17,25,27,29,30,44,45,47,56,67,69,88,89,91,92,96,98,99,101,102	ث ب ر ج ن ن ح ج ب ح س ر خ ب ر س ت ر س ح ر س ر ي ظ ه ر غ ف ر ك س ف ك ش ف ك ف ر	kw:concealment(142.0353); kw:exposure(84.7527); kw:screen(71.9494); kw:veil(70.346); kw:cover(51.0335); kw:disclosure(38.1608); kw:visibility(37.9386); kw:removal(34.8519)	س ر ي:B004:الكشف والانسراء → ك ش ف:B001:رفع الغطاء عن الشيء
C990	0.6812	gender / reputation / alphabet / renown	31	9	13	13	0.0611703	0.1831	1.0	0.8462	1,8,9,20,24,28,35,36,38,39,40,41,42,46,47,50,54,57,58,62,64,66,72,82,87,88,89,98,100,102,110	ء ن ث ح ج ر ذ ك ر ذ و و ر ج ل ر ح م س م ع ص و ت ه ا ء	kw:gender(42.2961); kw:reputation(36.1582); kw:alphabet(34.884); kw:renown(32.1114); kw:fame(31.7301); kw:masculinity(31.0619); kw:reproduction(30.5959); kw:male(29.1436)	ء ن ث:B001:الأنثى خلاف الذكر → ذ ك ر:B001:الذكر خلاف الأنثى
C991	0.6812	kinship_society/hospitality_welfare / blessing / gift / bounty	31	13	13	13	0.06154259	0.1667	1.0	0.7692	3,7,8,12,19,20,21,23,27,29,34,35,44,52,53,55,61,63,66,67,69,70,79,83,87,89,98,99,100,110,111	ح س ن ح م د ح م ل ش ك ر ط ي ن ع ط و ف ض ل ك ف ر ن ع م ن ف ق ن ف ل و ف ر ي د ي	theme:kinship_society/hospitality_welfare(78.8579); kw:blessing(76.7833); kw:gift(63.0508); kw:bounty(57.219); kw:reciprocity(51.8423); kw:benefaction(43.7155); kw:favor(40.8244); kw:excellence(40.1571)	ي د ي:B003:اليَد النعمة → ن ع م:B001:حسن الحال والنعمة
C992	0.6812	language / performance / improvisation / verse	31	11	11	9	0.05510231	0.1636	1.0	0.8889	1,5,8,9,11,14,18,28,36,41,45,46,47,56,58,60,64,67,71,77,78,82,83,88,89,92,93,97,106,107,108	ب ك م ب ي ت ح ص ر ح و ل ر ج ل ع ج ل ع ر ض ف ع ل ق ب ل ق ر ء ق ف و	kw:language(40.4595); kw:performance(39.0107); kw:improvisation(35.7766); kw:verse(30.2314); theme:language_communication/rhetoric_discourse(29.6722); kw:urgency(28.1384); kw:silence(26.5662); kw:rhetoric(23.6464)	ق ف و:B003:قافية الكلام وآخره → ب ي ت:B003:بيت الشعر
C993	0.6811	duration / time_measure_quantity/time / history / interval	38	17	17	20	0.05896905	0.1471	1.0	0.8	2,4,6,7,12,13,14,17,20,26,29,36,37,41,45,47,51,52,53,55,58,59,62,64,71,77,80,85,88,89,91,92,96,97,101,104,107,110	ء ت ي ء م م ب ع د ب ي ن ج ن ن ر ج ل ص ر ف ط و ل ع د د ع ن ق ق ب ل ق ر ن ق ف و ل د ن م د د م ر ر ي و م	kw:duration(113.4914); theme:time_measure_quantity/time(96.0225); kw:history(90.4292); kw:interval(63.9861); theme:time_measure_quantity/sequence_cycle(62.0037); kw:recurrence(54.6714); kw:era(48.7992); kw:time(45.0739)	ع ن ق:B014:عنق الدهر القديم → ق ف و:B009:قفا الدهر بمعنى الأبد
C994	0.681	dispersal / scattering / collection / assembly	33	13	14	16	0.06017551	0.1778	1.0	0.75	3,8,9,12,13,14,21,26,27,29,41,45,46,55,60,62,67,69,71,78,82,83,88,89,93,95,98,99,102,103,104,105,106	ب ذ ر ب ع ض ج م ع ح و ط ذ ر ر ع ن ق ف ر ق ف ص ل ق ر ء ك ف ر ل ف ف ن ز ل ن ع م	kw:dispersal(42.6693); kw:scattering(42.2076); kw:collection(40.6505); kw:assembly(39.5566); kw:seed(38.7554); kw:gathering(38.5105); kw:part(29.7602); kw:meaning(29.3388)	ك ف ر:B008:تغطية البذر → ب ذ ر:B001:نثر البذر وتفريق الشيء
C995	0.681	weakness / body_health_life/life_stage_aging / age / senescence	28	11	13	15	0.05769814	0.2	1.0	0.8	2,4,7,8,9,15,21,22,23,31,36,43,51,52,60,68,75,79,84,87,94,97,101,102,107,109,110,111	خ ذ ل خ س ف خ ف ت ذ ق ن ض ع ف ظ ن ن ع س ي ق ف و ك ب ر ه د ي و ج ه	kw:weakness(80.4365); theme:body_health_life/life_stage_aging(62.9387); kw:age(49.8887); kw:senescence(44.9833); kw:decline(43.7155); kw:oldness(33.5381); kw:incapacity(31.0619); theme:condition_force_change/capacity_ability(30.0146)	و ج ه:B009:توجه الشيخ → ع س ي:B003:وَلِيُّ الشيخ وكبره
C996	0.681	calm / coating / presence / blame	20	8	12	11	0.06829031	0.1774	1.0	0.8182	9,10,19,26,45,52,61,68,69,82,84,88,90,93,94,95,101,102,104,107	ء م ن س ك ن ط م ء ن ط م ن ط ي ن ظ ن ن ظ ه ر ع م ل	kw:calm(29.9889); kw:coating(28.6095); kw:presence(27.1003); kw:blame(26.9877); kw:excellence(26.7714); kw:construction(25.08); theme:conflict_security/protection_security(23.1764); kw:operation(19.2746)	ط م ن:B001:السكون بعد الانزعاج → ط م ء ن:B001:السكون والطمأنينة
C997	0.6809	side / edge / remoteness / distance	27	13	14	19	0.0586248	0.2111	1.0	0.6842	1,12,17,24,25,26,27,28,30,32,34,36,45,51,53,57,59,64,67,68,82,83,96,101,102,104,110	ء و ب ب ص ر ب ع د ب ي ن ج ن ب ج ن ح ح ج ب ر ج و ش ط ن ش ف ي ع ر ض ق ر ب ق ص و	kw:side(89.6487); kw:edge(57.6608); kw:remoteness(55.7051); kw:distance(48.4301); kw:border(44.9833); kw:separation(41.0998); kw:orientation(32.2476); kw:space(31.5315)	ج ن ح:B002:الجناح جانبا ويدا وكنفا → ج ن ب:B001:الجنب جانب الجسد وناحية الشيء
C998	0.6808	fruit / agriculture_food/plant_vegetation / grape / tree	29	15	17	25	0.0588167	0.1866	0.96	0.8	1,2,3,6,8,16,23,26,27,42,55,59,62,67,68,69,70,71,84,85,88,89,91,92,98,99,101,103,107	ء ت ي ء م ر ب ر ر ب ر ك ج م ع ح م ل ذ ر ر ش ك ل ع ر ش ع ن ب ك ث ر ك ر م ك ف ر ن خ ل ي م ن	kw:fruit(127.7902); theme:agriculture_food/plant_vegetation(77.982); kw:grape(59.9777); kw:tree(56.576); kw:prosperity(51.1888); kw:harvest(50.1599); kw:berry(49.5059); kw:vine(46.1482)	ك ر م:B004:العنب والكرمة → ع ن ب:B001:العنب ثمرة الكرم
C999	0.6806	covenant / sanctity / honor / restraint	55	16	17	20	0.0593456	0.1481	0.85	0.75	1,2,8,9,12,15,16,17,18,20,22,23,24,25,26,27,28,30,33,34,37,38,39,40,42,46,47,49,54,55,57,60,62,64,65,66,73,79,80,81,84,85,87,89,93,94,97,98,99,100,102,105,107,108,111	ء ب ي ء خ ذ ء خ و ت ل و ح ر م ح ق ق ح ك م ح ن ك ذ م م ر ب ب ر ج ل ط و ل ع ر ش ع ظ م ع ه د ه د ي	kw:covenant(68.9644); kw:sanctity(62.1239); kw:honor(57.3531); kw:restraint(43.7032); theme:law_governance/obligation_contract(36.0064); kw:law(35.8719); kw:treaty(34.1547); kw:bridle(32.5328)	ح ك م:B006:حكمة اللجام → ح ن ك:B003:اللجام تحت الحَنَك والشد به
C1000	0.6806	blessing / dialogue / peace / prayer	45	15	17	19	0.06113476	0.1418	1.0	0.7368	1,8,9,11,14,18,23,24,28,36,40,41,43,44,45,46,47,52,54,56,57,60,61,62,66,67,70,71,75,78,82,83,87,88,89,92,93,95,100,102,105,106,108,110,111	ب ر ك ج و ب ح ي ي د ع و ر ح م س ب ح س م ع ص ل و ص ل ي ق ر ء ك ر م م ل ك ن ز ل ن ع م ي م ن	kw:blessing(115.1749); kw:dialogue(48.7992); kw:peace(44.316); kw:prayer(41.1882); kw:mercy(41.0035); kw:glorification(36.9273); kw:salutation(35.7766); kw:benediction(35.7766)	ص ل ي:B002:الدعاء والبركة والرحمة → ص ل و:B002:الدعاء والثناء والرحمة
C1001	0.6806	enclosure / space_form_boundary/place_location / city / wall	20	12	12	11	0.05572851	0.1667	1.0	1.0	1,2,4,6,8,12,16,23,24,26,29,33,40,50,60,70,90,101,104,111	ء ح د ب ن ي ح ج ر ح ر م ح س ر ح ص ر ح و ط د م ر ذ ل ل ط ي ب ف ص ل ن ب ع	kw:enclosure(61.1092); theme:space_form_boundary/place_location(56.2053); kw:city(45.3471); kw:wall(44.6404); kw:medina(36.9273); kw:precinct(33.004); kw:space(31.5315); kw:sanctuary(28.2893)	ح ر م:B003:الحرم والحريم المكاني → ح ج ر:B004:المكان المحوط
C1002	0.6805	body_health_life/reproduction_birth / reproduction / pregnancy / camel	39	17	17	27	0.05687711	0.1985	0.8889	0.6667	1,7,9,11,12,14,16,18,26,28,29,30,33,41,45,46,47,56,57,60,62,64,71,75,76,77,78,81,82,88,89,92,93,97,99,102,105,106,107	ب س ط ت ب ر ت ل و ث ب ر ح ق ق ح و ل خ ل ف ر ء ي ر ج ل ر ج و س ق ط ص م م ع ج ل ف ر ق ف ص ل ق ر ء م و ت	theme:body_health_life/reproduction_birth(92.3051); kw:reproduction(81.5892); kw:pregnancy(77.7634); kw:camel(55.6001); kw:fertility(53.198); kw:kinship(47.6209); kw:calf(42.434); kw:livestock(38.1273)	خ ل ف:B013:أسماء خاصة للحيوان والنبات والعادة → ف ر ق:B008:فارق نادة وسحابة منفردة
C1003	0.6805	horse / gender / marking / reproduction	30	14	14	16	0.06000381	0.1758	1.0	0.75	1,8,13,16,22,24,26,27,28,29,32,34,40,41,46,47,50,51,54,57,64,66,82,84,85,87,88,100,103,110	ء م ر ء ن ث ب ذ ر ج م ع ح ج ر خ ي ل ذ ك ر ر ج ل ر ح م ش ك ل ع ن ق ق ر ب ق ص و ق ع د	kw:horse(57.8714); kw:gender(52.8701); kw:marking(51.3473); kw:reproduction(50.9932); kw:female(42.2076); kw:mount(39.5566); kw:livestock(38.1273); theme:body_health_life/reproduction_birth(36.1194)	ء ن ث:B001:الأنثى خلاف الذكر → ذ ك ر:B001:الذكر خلاف الأنثى
C1004	0.6805	livestock / noise / household / family	36	12	14	12	0.06316181	0.1364	1.0	0.9167	1,9,12,13,14,16,20,26,28,29,36,38,41,45,46,56,58,60,64,67,68,70,71,73,77,78,82,83,84,88,89,93,97,99,104,106	ء ج ل ب ر ر ج ل ب ح و ل س ك ن ع ر ض غ ي ر ف ر ي ق ر ء ق ر ي ك ل ل ن ع م	kw:livestock(57.1909); kw:noise(55.7051); kw:household(47.7898); kw:family(45.6437); kw:clamor(44.316); kw:change(38.1608); kw:uproar(34.884); kw:wealth(32.29)	ق ر ء:B013:القِرَة مال وعيال → ق ر ي:B011:مال وعيال مجتمعون
C1005	0.6804	rupture / craft / craft_material_built/craft / perforation	29	16	17	17	0.06286445	0.1259	1.0	1.0	1,2,4,12,13,14,17,29,30,36,37,44,47,49,52,58,59,64,67,71,73,92,93,96,98,100,102,107,109	ب ص ر ج د د ج ل ب ج و ب ح ل م خ ر ر خ ر ق ر ف ت غ ر ر غ ل ل ف ر ي ك ت ب ك س ف م ر ح م س ك ن ج و	kw:rupture(80.0024); kw:craft(71.1538); theme:craft_material_built/craft(58.8824); kw:perforation(46.1482); kw:hide(41.1882); kw:severance(39.2775); kw:leather(39.0107); kw:repair(37.6199)	خ ر ق:B001:الشَّق والثقب والقطعة → ج و ب:B001:الخَرْق والقطع النافذ
C1006	0.6804	bird / sign / mark / animal_life/wildlife	27	11	13	13	0.05623531	0.1711	1.0	0.9231	1,4,7,12,13,16,21,25,29,36,43,47,54,55,59,60,62,64,71,80,84,85,98,99,101,102,107	ء م ر ء ي ي خ ي ل د خ ل د ر ج ر ء ي ط ي ر ع ل م ع ل و ع ن ق ف ت ل	kw:bird(58.6452); kw:sign(41.5754); kw:mark(36.6655); theme:animal_life/wildlife(35.8489); kw:impossibility(35.7766); kw:banner(33.004); kw:token(32.5328); kw:semiotics(30.7655)	ط ي ر:B001:خفة الطيران والطير → د ر ج:B009:طائر الدُّرّاج
C1007	0.6803	death / life / mortality / soul	18	11	16	29	0.05925927	0.2589	0.9655	0.6552	4,7,13,14,15,23,25,31,33,34,35,36,69,71,75,85,88,91	ج ن ن ح ي ي ر و ح ق ت ل ق ض ي ق و ف م و ت ن ش ر ن ف س و ف ي ي م ن	kw:death(123.0731); kw:life(95.6749); kw:mortality(75.5434); kw:soul(58.6776); kw:spirit(44.6404); kw:reptile(42.9143); kw:vitality(42.2076); theme:body_health_life/mortality_death(36.3975)	ن ف س:B011:النفس التي بها الحياة → ر و ح:B001:النفس والروح التي بها حياة البدن
C1008	0.6803	quantity / scarcity / baseness / humiliation	23	14	14	18	0.0568113	0.1978	1.0	0.7778	2,6,24,28,37,52,56,62,66,68,70,71,74,76,82,85,89,92,97,100,101,102,111	ء م م خ س ر خ س ف د و ن ذ ل ل ز ج و س ق ط ص غ ر ط و ل ظ ن ن ق ت ر ق ل ل ك ث ر ي س ر	kw:quantity(57.9783); kw:scarcity(54.629); kw:baseness(44.316); kw:humiliation(42.434); kw:smallness(39.2775); kw:poverty(35.6904); kw:value(35.5423); theme:condition_force_change/abundance_scarcity(32.5901)	ي س ر:B002:قلة يسيرة → ء م م:B013:الأمم اليسير الحقير
C1009	0.6803	aesthetics / beauty / appearance / expression	25	12	12	16	0.05505531	0.2424	0.9375	0.625	1,2,9,15,21,28,29,30,48,60,62,67,71,75,78,83,84,92,93,94,96,97,99,105,110	ء م م ب س ط ب ش ر ج ه ر ح ي ي ر ء ي ش ك ل ش ه د ع ر ض ك س ف ن ظ ر ه د ي	kw:aesthetics(63.6014); kw:beauty(57.3531); kw:appearance(53.8879); kw:expression(37.6199); kw:face(35.9982); kw:reflection(31.7301); kw:aspect(30.4895); kw:stature(27.3357)	ر ء ي:B006:مرأى ومنظر ومرآة → ن ظ ر:B004:ظهور الشيء للناظر أو حسن مرآه
C1010	0.6802	sound / cognition_perception/perception / hearing / noise	28	14	17	30	0.0583344	0.2308	1.0	0.6333	1,15,36,39,41,46,47,54,55,59,60,64,67,68,69,70,73,77,86,89,93,94,95,97,105,107,109,110	ء ذ ن ب ر ر ت ل و خ ر ر خ ف ت ر س ل س م ع ص ر ف ص م م ص و ت ط غ و ق ص ف ن ب ء و ح ي	kw:sound(143.8493); theme:cognition_perception/perception(85.6514); kw:hearing(84.4151); kw:noise(69.6314); kw:voice(62.3609); kw:music(55.9858); kw:murmur(47.5952); kw:clamor(44.316)	و ح ي:B005:صوت خفي → ن ب ء:B006:الصوت الخفي الملتبس
C1011	0.6802	grief / emotion / emotion_ethics/fear_grief / tear	25	11	13	16	0.05877887	0.2133	1.0	0.75	5,11,23,34,37,38,39,52,56,57,67,68,69,71,73,75,77,83,86,89,92,97,99,109,110	ء ب ي ب ء س ب ك ي ب ل غ د ع و ك ر ه ك س ف م ر ح و ج د و ح ي ي ء س	kw:grief(69.2923); kw:emotion(60.0292); theme:emotion_ethics/fear_grief(56.2108); kw:tear(55.9858); theme:emotion_ethics/emotion(44.6207); kw:distress(40.3171); kw:dislike(34.884); kw:mourning(31.3821)	و ح ي:B009:نياحة وبكاء → ب ك ي:B001:البكاء والحزن
C1012	0.6802	separation / isolation / number / individuality	18	8	14	15	0.06752535	0.1899	1.0	0.8667	1,3,5,17,21,23,30,34,45,46,48,53,65,73,96,101,104,110	ء ح د ب ع د ب ي ن ع ب د ف ر ي ن ظ ر و ح د ي ت م	kw:separation(61.6497); kw:isolation(57.219); kw:number(54.6714); kw:individuality(53.6648); kw:uniqueness(50.3071); theme:time_measure_quantity/quantity_number(47.0877); kw:solitude(46.5929); kw:comparison(38.3916)	ء ح د:B005:الانفراد والتفرق آحادا → و ح د:B001:الانفراد والبينونة
C1013	0.6802	priority / precedence / advance / time_measure_quantity/sequence_cycle	27	11	12	14	0.05584414	0.2154	1.0	0.7143	2,5,7,9,13,15,24,28,29,35,51,58,59,64,67,69,76,77,80,81,83,84,92,94,97,103,107	ء و ل ج ن ح خ ر ج خ ي ل ز ه ق س ن ن ع ر ض ع ن ق غ ر ق ق ب ل ه د ي	kw:priority(42.6693); kw:precedence(41.1882); kw:advance(39.7012); theme:time_measure_quantity/sequence_cycle(31.0019); kw:difficulty(28.9576); kw:beginning(26.9877); theme:movement_travel/motion(26.0709); kw:neck(23.9465)	ء و ل:B001:ابتداء الشيء وتقدمه → ق ب ل:B002:تقدم الشيء أو إقباله
C1014	0.6802	rear / orientation / posterior / back	28	10	12	12	0.06194785	0.1875	1.0	0.75	2,4,6,7,8,10,15,16,17,19,21,22,24,26,36,39,40,45,46,58,62,69,70,72,76,83,101,104	ء خ ر ب ن ي ج ن ح ح ص ر خ ل ف د ب ر ذ ن ب ق ر ي ق ف و ن ء ي	kw:rear(99.5618); kw:orientation(64.4953); kw:posterior(64.2228); kw:back(50.0232); kw:rib(47.5952); kw:support(44.478); kw:anatomy(39.2355); kw:tail(29.544)	د ب ر:B001:خلف الشيء ودبره → خ ل ف:B002:وراء الشيء وخلاف قدّامه
C1015	0.6801	virtue / good / judgment / hope	32	13	14	14	0.06079363	0.1556	0.9286	0.9286	1,5,7,9,10,11,12,19,28,35,36,45,46,56,57,60,62,64,67,68,69,73,82,83,90,91,93,94,99,104,107,108	ء م ن ج ن ب خ ل ل خ ي ر ر ء ي ر ج و س ن و ش ر ر ض ر ر ف ء د ق ل ب و ع د ي ء س	kw:virtue(37.4165); kw:good(34.884); kw:judgment(31.722); kw:hope(30.4895); kw:expectation(29.9889); kw:contrast(28.6095); kw:proverb(27.1003); kw:motivation(26.9877)	ش ر ر:B001:الشَّرّ والسوء → خ ي ر:B001:الميل إلى الخير النافع
C1016	0.6799	prevention / access / resistance / diversion	33	16	17	36	0.05839396	0.2667	0.8611	0.4444	2,6,10,11,15,16,26,28,33,39,40,41,45,47,50,54,57,58,59,64,67,71,73,81,82,83,89,94,99,102,104,105,111	ء خ ذ ث ب ر ج ل ب ح ج ب ح د د ح ق ق ح ك م ر د د ش ر ر ص ر ف ظ ل م ع ذ ب ع ر ض ف ت ل ل ف ف م ن ع	kw:prevention(116.6451); kw:access(61.5604); kw:resistance(57.219); kw:diversion(53.9753); kw:repulsion(43.1696); kw:right(41.9894); theme:condition_force_change/control_restraint(40.9884); kw:opposition(40.6505)	ر د د:B002:صرف الشيء ودفعه ومنعه → ص ر ف:B001:رجع وصرف عن وجه
C1017	0.6799	community / people / clan / group	29	10	11	9	0.0592496	0.1667	1.0	0.8889	7,8,9,10,13,15,19,21,22,29,35,39,40,45,58,62,68,69,71,72,75,76,77,78,79,92,97,104,107	ء خ ر ء م م ء ن ث ح ص ر ح ي ي خ س ف خ ل ف ق ب ل ق ع د ق و م	kw:community(44.9672); kw:people(41.3787); kw:clan(39.4154); kw:group(36.4065); kw:tribe(35.6904); kw:woman(35.1871); kw:gender(31.722); kw:delay(25.2203)	ق ب ل:B009:جماعة يقبل بعضها على بعض → ح ي ي:B010:الحي جماعة النسب والقبيلة
C1018	0.6797	grief / distress / emotion / mourning	17	7	14	18	0.05936095	0.2857	1.0	0.8333	5,7,9,32,38,39,48,64,68,69,73,75,77,84,86,97,109	ب ء س ب ك ي س و ء ط و ع ع م ل و ج د و ح ي	kw:grief(69.2923); kw:distress(53.7561); kw:emotion(51.4536); kw:mourning(47.0731); kw:weeping(46.5929); kw:tear(41.9894); theme:emotion_ethics/fear_grief(40.8806); kw:performance(39.0107)	و ح ي:B009:نياحة وبكاء → ب ك ي:B001:البكاء والحزن
C1019	0.6796	ground / hardness / terrain / elevation	28	15	17	28	0.05942872	0.209	1.0	0.6429	9,12,13,16,20,29,36,37,38,49,51,53,57,58,62,71,76,77,80,84,88,89,93,94,97,98,105,109	ب ش ر ج ب ل ج د د ح ذ ر ح ن ك خ ر ج خ ش ع س ن ن ص م م ظ ه ر ع د و ق ر ي ك ر ه ك ل ل ن غ ض	kw:ground(83.2777); kw:hardness(61.873); kw:terrain(53.9596); kw:elevation(47.1969); kw:earth(45.5656); kw:surface(44.8955); kw:spine(44.6404); kw:roughness(43.1696)	ك ر ه:B007:أرض صلبة غليظة → ص م م:B004:غلظ الأرض الصلبة
C1020	0.6795	ground / terrain / earth / hardness	20	15	17	36	0.05795368	0.2707	0.9444	0.5556	9,12,13,29,30,37,38,49,53,57,62,68,88,93,94,95,97,98,105,109	ب س ط ب ش ر ج ب ل ج د د ح ذ ر ح ن ك خ س ف خ ش ع ص م م ط م ن ظ ه ر ع د و ع ن ق ف ص ل ك ر ه	kw:ground(95.1745); kw:terrain(75.5434); kw:earth(68.3484); kw:hardness(61.873); kw:elevation(58.9962); kw:geology(58.7608); kw:surface(56.1193); kw:geography(44.2507)	ك ر ه:B007:أرض صلبة غليظة → ص م م:B004:غلظ الأرض الصلبة
C1021	0.6795	body_health_life/reproduction_birth / womb / reproduction / sexuality	40	16	17	25	0.05958034	0.1852	0.96	0.64	3,7,8,9,10,14,15,19,21,24,28,29,30,32,38,41,45,46,50,54,57,58,59,60,66,67,70,71,75,78,82,83,87,88,89,91,93,100,106,110	ب س ط ج ن ن ح ج ر ح م ل ح ي ي د ر ج ر ح م س ت ر س و ء ش ك ر ع ذ ب ف ر ق ق ر ء م س س م س ك ن و ق	theme:body_health_life/reproduction_birth(116.3847); kw:womb(106.6699); kw:reproduction(50.9932); kw:sexuality(42.6119); kw:gestation(42.434); kw:modesty(40.3171); kw:pregnancy(38.8817); kw:kinship(38.0967)	س و ء:B004:السوأة المستورة → ح ي ي:B011:الحياء العضو المستور
C1022	0.6795	stranger / travel / belonging / hardness	43	13	14	13	0.05519395	0.1444	0.9231	0.9231	1,2,3,4,11,13,26,33,36,37,38,44,47,53,55,59,60,67,70,71,72,75,76,80,83,85,88,89,90,92,94,95,97,99,100,101,102,103,104,106,107,109,110	ء ت ي ء ر ض ء ن س ج ه ر ح م ل خ ش ع س م ع ص م م ط م ن ع د و ع م ي ك ر ه ن ص ر	kw:stranger(49.5059); kw:travel(44.1154); kw:belonging(42.9143); kw:hardness(37.1238); kw:migration(36.9363); kw:alien(35.7766); kw:ground(35.6904); kw:geography(35.4006)	ك ر ه:B007:أرض صلبة غليظة → ص م م:B004:غلظ الأرض الصلبة
C1023	0.6794	opening / expansion / rupture / emergence	23	13	17	27	0.06111603	0.2045	0.9259	0.7778	6,7,12,13,14,15,20,23,25,33,37,51,52,66,67,69,70,73,78,90,91,103,106	ب ح ر ج و ب خ ر ق غ ر ق ف ج ر ف ر ق ف ر ي ف ط ر م د د ن ب ع ن ش ر ن ف س ن ه ر	kw:opening(74.2476); kw:expansion(73.347); kw:rupture(66.6687); kw:emergence(62.3609); kw:hydrology(53.8167); theme:land_water_sky/water_hydrology(51.7044); kw:flow(47.7898); kw:fissure(44.0082)	خ ر ق:B001:الشَّق والثقب والقطعة → ج و ب:B001:الخَرْق والقطع النافذ
C1024	0.6794	milk / abundance / udder / dairy	26	15	15	25	0.05457224	0.2381	1.0	0.56	1,3,6,8,17,18,19,22,30,40,41,51,52,59,62,64,68,69,74,76,79,82,85,89,96,103	ب ر ك خ ب ر خ س ر خ س ف ذ م م ر د د ش ك ر ص ر ف ص ف و ع س ي غ ر ر غ ر ق ف ط ر ق ل ل ك ذ ب	kw:milk(91.9274); kw:abundance(61.7838); kw:udder(52.9349); kw:dairy(48.8874); kw:yield(45.7343); kw:scarcity(43.7032); kw:reduction(43.1696); kw:deficiency(41.7788)	ش ك ر:B003:الامتلاء والغزر وكثرة اللبن → ر د د:B007:امتلاء الضرع وتجمع الماء
C1025	0.6794	destruction / ruin / peril / loss	23	12	17	24	0.06127629	0.186	0.9583	0.875	7,11,12,16,17,28,31,42,52,56,57,58,60,66,67,71,81,82,92,102,107,109,110	ب غ ي ت ب ر ث ب ر ح و ط خ ر ر د ع و د م ر ز ه ق س ق ط ش ف ي م ل ق ه ل ك	kw:destruction(95.9952); kw:ruin(73.3311); kw:peril(47.5952); kw:loss(44.8244); kw:collapse(41.7788); kw:fall(40.6505); kw:demolition(32.5328); kw:mortality(32.3757)	ه ل ك:B001:السقوط إلى الهلاك والفناء → ث ب ر:B002:الهلاك والثبور
C1026	0.6793	ecology / plant / agriculture_food/plant_vegetation / growth	46	16	17	28	0.06064646	0.2074	0.8214	0.5714	3,8,12,16,17,19,20,23,24,25,27,28,30,38,39,40,44,46,53,54,55,57,60,62,65,66,67,68,69,76,79,80,83,84,85,87,88,89,91,93,98,99,100,102,103,108	ج ن ب ج ن ن ح ك م ح ل م ح ن ك خ ل ف ر ب ب ر و ح ش ج ر ش ك ر ط غ ي ع د و غ ر ق غ ف ر ف س ق ك ف ر	kw:ecology(61.386); kw:plant(60.266); theme:agriculture_food/plant_vegetation(58.4865); kw:growth(52.6784); kw:bridle(48.7992); kw:pasture(46.1287); kw:restraint(43.7032); kw:agriculture(41.0786)	ش ك ر:B004:خروج الشكير والنبات الغض → ش ج ر:B001:الشجر ذو الساق
C1027	0.6793	return / abode / drinking / destination	26	15	16	23	0.06015897	0.1933	1.0	0.7391	1,5,6,7,8,14,15,25,26,32,33,34,35,41,46,51,56,57,58,59,69,77,80,89,92,107	ء و ب ء و ل ح ص ر ح و ل د خ ل ر د د ص د ر ص ر ف ع ه د ع و د ق ب ل ق ر ب ق ل ب ك ر ر ن ف س	kw:return(107.9946); kw:abode(45.7343); kw:drinking(44.0082); kw:destination(43.1696); kw:watering(41.3787); kw:departure(34.4119); kw:water(33.8949); kw:destiny(31.0619)	د خ ل:B007:إدخال الإبل في الشرب مرة أخرى → ق ب ل:B014:سقي على أفواه الإبل
C1028	0.6793	comparison / counterpart / solitude / individuality	20	12	14	16	0.06590752	0.1798	1.0	0.8125	12,13,17,20,21,23,29,34,36,38,46,48,71,84,88,89,93,97,99,106	ء ح د ب ي ت ض ر ب ع د د ف ر ق ق ر ن ق ف و ك ل ل م ث ل ن ظ ر و ح د ي ت م	kw:comparison(89.5805); kw:counterpart(69.6314); kw:solitude(62.1239); kw:individuality(53.6648); kw:uniqueness(50.3071); kw:peer(45.7343); kw:equivalence(43.7155); kw:isolation(42.9143)	ء ح د:B005:الانفراد والتفرق آحادا → و ح د:B001:الانفراد والبينونة
C1029	0.6792	comparison / counterpart / peer / equivalence	19	12	13	17	0.06057357	0.2208	1.0	0.7059	5,12,17,21,31,33,34,37,46,48,53,58,60,73,88,89,97,99,111	ش د د ض ر ب ط و ل ع د د ع د و ف ت ن ق ت ل ق ر ن م ث ل ن ظ ر و ح د و ل ي	kw:comparison(76.7833); kw:counterpart(69.6314); kw:peer(60.9791); kw:equivalence(43.7155); kw:enemy(31.3821); kw:similarity(30.7655); kw:enmity(29.544); kw:likeness(28.2893)	ن ظ ر:B006:مقابلة المثل بمثله حتى يستويان → ض ر ب:B008:المثل والنظير
C1030	0.6792	benefit / sound / music / voice	20	12	12	11	0.06107066	0.1667	1.0	0.9091	1,2,17,23,34,35,36,37,39,47,55,56,63,64,73,75,86,97,104,107	ب ع د ب ل غ ت ل و ح ي ي د و ن س م ع ص و ت ط و ل ك ي ل ن ب ء و ح ي و ف ر	kw:benefit(55.4339); kw:sound(51.3748); kw:music(41.9894); kw:voice(37.4165); theme:condition_force_change/value_quality(33.8738); theme:cognition_perception/perception(32.9428); kw:murmur(31.7301); kw:whisper(30.4895)	و ح ي:B005:صوت خفي → ن ب ء:B006:الصوت الخفي الملتبس
C1031	0.679	wage / partnership / fee / investment	31	13	13	12	0.06032676	0.1538	1.0	0.8333	2,5,6,8,9,12,13,17,18,22,24,29,30,33,39,45,46,48,56,60,64,67,76,80,81,82,84,96,99,108,111	ء ج ر ب ط ل ج ع ل خ ب ر خ ر ج خ س ر ر ب و ش ر ك ص د ق ض ر ب ض ر ر ع م ل ف ع ل	kw:wage(49.5059); kw:partnership(46.1482); kw:fee(34.884); kw:investment(34.884); kw:exchange(32.7314); kw:leisure(32.5328); kw:capital(32.5328); kw:labor(31.2388)	ع م ل:B004:أجر العمل ورزق العامل → ء ج ر:B001:جزاء العمل والكراء
C1032	0.6789	evidence / justice / knowledge / truth	35	15	17	24	0.06405652	0.1791	1.0	0.625	1,2,4,12,13,14,16,17,21,23,26,30,33,36,39,48,58,59,65,68,69,71,72,74,75,77,78,80,81,86,93,96,97,102,105	ب ص ر ب ط ل ث ب ت ح ق ق ح ك م خ ب ر س ل ط ش ه د ص د ق ع م ي ف ص ل ق ض ي ك ت ب ن ظ ر و ج د	kw:evidence(81.301); kw:justice(56.1193); kw:knowledge(56.0304); kw:truth(53.9753); kw:testimony(53.1324); kw:reality(52.326); kw:verdict(52.326); kw:proof(47.5952)	ق ض ي:B001:الحكم والأمر القاطع → ح ك م:B002:الحكم والقضاء بين الناس
C1033	0.6788	night / darkness / arrival / presentation	31	14	17	25	0.06086184	0.188	0.96	0.72	1,2,5,7,8,12,23,25,26,33,47,51,55,59,71,75,78,79,80,81,85,88,91,92,93,94,97,101,104,107,110	ء ت ي ء و ب ء و ي ب ي ت ج ن ن ج ه ر ج ي ء س ح ر س ر ي ع س ي ل ي ل ن ب ء ن ص ر ن ه ر	kw:night(105.5614); kw:darkness(75.4486); kw:arrival(74.0586); kw:presentation(49.5059); kw:visitation(45.7343); kw:time(45.0739); kw:dawn(42.434); kw:approach(36.9363)	ء ت ي:B001:الإتيان والمجيء → ج ي ء:B001:المجيء والحصول
C1034	0.6788	herb / plant / agriculture_food/plant_vegetation / noise	45	14	17	21	0.0553123	0.1591	0.9048	0.8571	3,8,11,12,17,19,20,23,24,25,27,28,29,30,38,39,40,46,47,51,54,55,57,60,62,64,65,66,67,68,69,70,73,79,80,83,84,85,87,91,93,100,101,102,108	ب ر ر ج ل ب ح س ر ذ ن ب ر ب ب ر و ح س ح ر ش ر ر ش ك ر ش ك ل ع ن ب ف ر ي ف ط ر ك ر م	kw:herb(88.5234); kw:plant(80.3546); theme:agriculture_food/plant_vegetation(77.982); kw:noise(55.7051); kw:food(44.555); kw:clamor(44.316); kw:ecology(40.924); kw:jujube(36.9273)	ج ل ب:B002:الجلبة بالصياح والجمع على الشيء → ب ر ر:B004:صوت وجلبة باللسان
C1035	0.6788	time_measure_quantity/quantity_number / number / nine / arithmetic	11	7	11	11	0.0677377	0.2444	1.0	0.9091	1,6,12,23,36,44,47,70,89,90,101	ء ح د ت س ع س ب ع س م ع ع د د ك ث ر ن ب ع	theme:time_measure_quantity/quantity_number(107.0175); kw:number(68.3392); kw:nine(68.3094); kw:arithmetic(61.531); kw:ninth(51.232); kw:enumeration(32.5328); kw:mathematics(30.4895); kw:completion(25.1495)	ك ث ر:B001:الكثرة ونماء العدد → ع د د:B001:إحصاء المعدود
C1036	0.6787	falsehood / emotion_ethics/deception_corruption / fabrication / lie	25	14	17	31	0.06111843	0.2385	0.9677	0.6129	5,16,17,26,33,37,47,49,51,56,58,59,61,70,73,74,80,81,92,93,98,99,101,105,108	ب ط ل ث ب ت ح ق ق خ ر ق خ ل ق ز خ ر ف ز ع م س ح ر س ط ر ص د ق ف ر ي ف ع ل ك ذ ب ه ل ك	kw:falsehood(104.7399); theme:emotion_ethics/deception_corruption(96.3858); kw:fabrication(89.2807); kw:lie(73.8599); kw:testimony(53.1324); kw:invention(49.5059); kw:deception(48.3198); kw:magic(43.4363)	خ ر ق:B003:اختلاق الكذب وافتراؤه → خ ل ق:B007:اختلاق الكذب والكلام
C1037	0.6787	tree / vegetation / renewal / growth	15	13	16	30	0.05768409	0.2564	0.9667	0.6333	3,13,19,23,37,46,53,60,69,76,85,88,90,91,104	ء ح د ج ب ل ج ن ن خ ل ف ر و ح ش ج ر ش ك ر ع د و ق ل ب ل ف ف ن ب ع ن خ ل ن ش ر	kw:tree(79.2064); kw:vegetation(68.7031); kw:renewal(54.4326); kw:growth(52.6784); kw:ecology(51.155); kw:plant(50.2216); kw:palm(45.4883); kw:grove(42.9143)	ج ن ن:B011:التفاف النبات واندفاعه → ل ف ف:B002:نبات أو شجر يلتف بعضه ببعض
C1038	0.6787	emergence / light / expansion / sun	24	13	15	18	0.05810237	0.1748	1.0	0.8889	3,9,11,12,13,14,23,26,27,47,51,52,58,62,64,71,78,83,90,91,93,94,97,105	ب ذ ر ب ش ر ذ ر ر ر ج ل س ع ر ش ر ر ش م س ط ي ر ف ج ر ف ط ر ن ش ر ن ه ر ي و م	kw:emergence(74.8331); kw:light(44.7539); kw:expansion(44.0082); kw:sun(42.9143); kw:dawn(42.434); kw:spreading(34.884); kw:nature(34.6593); kw:sunrise(34.1547)	ن ه ر:B002:انفتاح النهار بالضياء → ي و م:B001:وقت النهار المحدود
C1039	0.6787	grief / mourning / desire / emotion_ethics/emotion	31	11	13	12	0.06223891	0.1579	1.0	0.8333	1,3,5,8,17,23,24,28,29,30,36,37,39,53,54,57,65,66,68,69,73,75,77,82,86,87,96,97,100,109,110	ء و ي ب ء س ب ك ي ح ص ر ر ح م ع ب د غ ل ل ف ء د م ر ح و ج د و ح ي	kw:grief(83.1508); kw:mourning(47.0731); kw:desire(45.1864); theme:emotion_ethics/emotion(44.6207); kw:heat(44.0812); kw:emotion(42.878); kw:tear(41.9894); theme:emotion_ethics/fear_grief(35.7705)	و ح ي:B009:نياحة وبكاء → ب ك ي:B001:البكاء والحزن
C1040	0.6787	camel / watering / pastoralism / animal_life/husbandry	24	12	12	10	0.05621482	0.1515	1.0	1.0	6,7,15,18,20,22,26,32,34,44,48,51,57,58,67,68,72,77,80,83,92,97,101,107	ت س ع ج ن ب د خ ل ذ م م س ب ع س ن ن ص م م ض ل ل ق ب ل ق ر ب م د د ن ع م	kw:camel(64.8667); kw:watering(55.1716); kw:pastoralism(49.1262); theme:animal_life/husbandry(44.2256); kw:water(33.8949); kw:drinking(29.3388); kw:subsistence(28.7797); kw:herd(25.7544)	د خ ل:B007:إدخال الإبل في الشرب مرة أخرى → ق ب ل:B014:سقي على أفواه الإبل
C1041	0.6786	destruction / ruin / corruption / nullification	19	14	17	27	0.06346743	0.2077	1.0	0.7778	4,7,8,16,17,27,46,49,58,60,67,69,81,82,89,98,99,102,104	ب ط ل ب ع د ت ب ر ث ب ر ح و ط د ب ر د م ر ر ف ت ز ه ق ش ف ي ف س د ق ص ف ك ف ر ه ل ك	kw:destruction(155.9922); kw:ruin(73.3311); kw:corruption(38.1608); kw:nullification(35.7766); kw:eradication(34.1547); kw:loss(33.6183); kw:mortality(32.3757); kw:extinction(30.7655)	ه ل ك:B001:السقوط إلى الهلاك والفناء → ث ب ر:B002:الهلاك والثبور
C1042	0.6786	weakness / strength / firmness / resilience	39	14	17	24	0.05928009	0.1818	0.9583	0.7083	1,2,3,4,5,7,9,14,15,17,23,25,30,33,34,36,40,51,52,53,56,58,61,63,65,67,75,84,86,92,94,95,96,97,100,101,102,110,111	ب ك م خ ف ت ذ ه ب ش د د ض ر ر ض ع ف ظ ن ن ع ب د ف ء د ل ي س م ر ر م ل ك ن ف س ه د ي	kw:weakness(68.9456); kw:strength(56.6699); kw:firmness(52.1902); kw:resilience(41.7788); kw:courage(39.2775); kw:incapacity(31.0619); kw:frailty(27.9929); kw:solidity(27.8525)	ع ب د:B007:القوة والصلابة → ش د د:B002:شدة القوة والصلابة
C1043	0.6786	return / transport / destination / fall	33	14	16	22	0.05973863	0.1864	1.0	0.6818	3,5,6,7,8,9,11,13,18,22,25,29,35,46,51,52,56,57,58,59,62,67,69,70,71,78,79,88,92,97,107,109,110	ء و ب ء و ل ح م ل خ ر ر د ع و ر د د س ق ط ظ ه ر ع ج ل ع و د ق ع د ق ل ب ق و م ك ر ر	kw:return(83.9958); kw:transport(50.7816); kw:destination(43.1696); kw:fall(40.6505); kw:mount(39.5566); kw:pillar(31.7301); kw:destiny(31.0619); kw:reversal(31.0619)	ء و ل:B002:رجوع الشيء إلى مآله وعاقبته → ر د د:B001:الرجوع إلى الشيء أو رده إلى موضعه
C1044	0.6786	message / evidence / envoy / dispatch	38	13	15	14	0.06086192	0.1359	1.0	0.8571	4,5,9,13,14,15,23,29,34,37,39,41,45,46,49,54,55,59,60,68,69,71,73,74,77,78,79,82,86,88,89,93,94,95,96,98,105,106	ب ع ث ب ل غ ث ب ت ح ك م ر س ل ش ه د ع ه د غ ل ل ق ر ء ق ض ي ل ز م ن ب ء و ح ي	kw:message(95.1904); kw:evidence(54.2007); kw:envoy(49.5059); kw:dispatch(46.5929); kw:communication(43.0941); theme:ritual_belief/belief_revelation(42.6276); kw:command(42.2076); kw:authority(41.9427)	ق ض ي:B001:الحكم والأمر القاطع → ح ك م:B002:الحكم والقضاء بين الناس
C1045	0.6786	resolve / effort / diligence / commitment	40	12	12	12	0.0541953	0.1818	1.0	0.6667	1,2,4,9,13,15,16,17,23,29,34,35,37,39,42,47,49,51,57,58,62,64,66,67,68,69,73,74,75,77,78,79,84,85,86,88,94,97,98,103	ء ل ي ء م ر ب ر ك ب ل غ ج د د ج م ع ر ج ل ز ج و ق و م ه د ي ه ل ك و ج د	kw:resolve(54.4326); kw:effort(54.4326); kw:diligence(47.0731); kw:commitment(42.2076); kw:seriousness(35.7766); kw:endeavor(33.5381); kw:determination(31.0619); kw:exertion(30.4895)	ج د د:B008:عزم واجتهاد → ء ل ي:B010:الاجتهاد وبذل الجهد
C1046	0.6785	bone / spine / skeleton / anatomy	20	10	11	10	0.0594777	0.1852	1.0	0.9	4,9,12,16,21,23,31,40,43,45,49,51,58,60,77,87,88,91,98,111	ج ن ن ح ج ب س ن ن س ن و ص د ر ظ ه ر ع ظ م ف ص ل ق ر ي ك ب ر	kw:bone(90.1406); kw:spine(44.6404); kw:skeleton(42.9143); kw:anatomy(39.2355); theme:body_health_life/anatomy(36.7521); kw:sternum(32.5328); kw:connection(27.8525); kw:joint(27.3357)	ف ص ل:B005:مفصل بين عضوين أو قطعتين → ع ظ م:B005:العَظْم الصلب
C1047	0.6783	grape / fruit / sin / accountability	36	14	17	19	0.06464631	0.1462	0.9474	0.8947	2,4,8,9,11,17,21,23,25,26,27,31,32,34,35,40,42,43,44,46,51,57,60,62,67,69,70,73,82,84,87,89,91,98,99,111	ء خ ذ ء ذ ن خ ط ء خ ي ر ذ ن ب ش ف ي ش ك ل ع ر ش ع ن ب غ ف ر ق ر ب ك ب ر ك ر م ك ف ر	kw:grape(59.9777); kw:fruit(58.0864); kw:sin(54.6714); kw:accountability(53.335); kw:vine(46.1482); kw:guilt(45.7343); kw:offense(44.6404); kw:tool(42.4)	ك ر م:B004:العنب والكرمة → ع ن ب:B001:العنب ثمرة الكرم
C1048	0.6783	finance / demand / debt / claim	22	12	12	11	0.06491209	0.1667	1.0	0.8182	1,3,4,12,23,28,39,42,47,53,56,57,63,66,69,70,71,77,78,98,107,110	ء م م ب غ ي ت ب ع ت ل و ج ز ي ح ك م ح م ل ح و ل د ل ك س ن و ع د و ق ض ي	kw:finance(49.4984); kw:demand(48.1671); kw:debt(42.434); kw:claim(41.9894); theme:economy_property/finance_debt(39.0351); theme:law_governance/obligation_contract(36.0064); kw:creditor(34.884); kw:debtor(33.5381)	ح و ل:B010:إحالة الدين إلى غير صاحبه → ت ل و:B004:ذمة أو حق يتبع صاحبه
C1049	0.6782	fruit / growth / palm / tree	36	17	17	26	0.05930974	0.1912	0.9231	0.6538	2,3,6,8,11,16,19,23,25,26,27,35,40,44,46,48,55,59,62,64,67,69,70,71,76,84,85,88,89,91,92,98,99,101,103,107	ء ت ي ء م ر ء ن ث ج م ع خ ل ف خ ي ر ر و ح ش ك ر ش ك ل ط و ع ع ن ب غ ف ر ق ل ب ك ث ر ك ر م ك ف ر ن خ ل	kw:fruit(92.9383); kw:growth(73.7497); kw:palm(56.8604); kw:tree(56.576); theme:agriculture_food/plant_vegetation(46.7892); kw:grape(44.9833); kw:renewal(40.8244); kw:harvest(37.6199)	ك ر م:B004:العنب والكرمة → ع ن ب:B001:العنب ثمرة الكرم
C1050	0.6781	hostility / enmity / conflict / conflict_security/conflict	16	8	10	10	0.05704358	0.2381	1.0	0.8	8,11,17,23,34,37,51,52,53,56,69,78,83,101,102,104	ب ع د ب ل غ ش ر ر ش م س ظ ن ن ع د و ع و د ك ش ف	kw:hostility(81.6489); kw:enmity(59.0879); kw:conflict(43.2408); theme:conflict_security/conflict(40.1592); kw:enemy(31.3821); kw:opposition(27.1003); kw:politics(26.2769); kw:sequence(23.5043)	ظ ن ن:B007:ظنين معاد → ع د و:B003:العَدُوّ والعداوة
C1051	0.6781	covenant / treaty / pledge / benefit	42	11	12	10	0.06305189	0.1538	0.9	0.8	1,8,12,13,17,18,20,22,23,24,25,27,28,30,33,34,35,37,38,39,40,46,54,55,57,60,65,66,70,79,80,84,85,87,93,97,100,102,104,108,110,111	ب ع د ح ر م خ ف ت ذ م م ر ب ب ط و ل ط ي ب ع ه د ك ي ل ن ش ر و ل ي	kw:covenant(68.9644); kw:treaty(51.232); kw:pledge(42.2076); kw:benefit(41.5754); theme:condition_force_change/value_quality(33.8738); kw:pact(33.004); kw:sanctity(31.0619); kw:guarantee(30.7655)	ح ر م:B006:الحرمة والذمة والحق → ذ م م:B002:حرمة العهد والذمام
C1052	0.678	completion / totality / collection / time_measure_quantity/quantity_number	31	10	12	10	0.06524493	0.1562	0.9	0.9	2,4,5,9,12,13,14,20,29,34,35,36,38,41,45,46,58,60,63,71,78,82,84,88,89,93,94,97,103,105,106	ب ش ر ج م ع ح و ط ش د د ف ر ق ق ر ء ك ت ب ك ل ل و ف ر و ف ي	kw:completion(50.299); kw:totality(45.3471); kw:collection(40.6505); theme:time_measure_quantity/quantity_number(38.5263); kw:gathering(38.5105); kw:community(33.7254); kw:entirety(31.7301); kw:perfection(31.7301)	ق ر ء:B001:جمع واجتماع → ج م ع:B001:ضم المتفرق حتى يصير شيئا مجموعا
C1053	0.6779	increase / surplus / superiority / bounty	28	12	17	31	0.0611255	0.2422	0.9355	0.5806	1,11,12,16,21,24,29,30,35,37,40,41,48,55,56,60,66,67,70,79,82,85,87,88,89,97,99,109	ء م ر ب ر ك ب س ط خ ي ر ر ب و ز ي د ص ف و ض ر ر ط و ل ف ض ل م ث ل ن ف ل	kw:increase(93.3362); kw:surplus(47.0731); kw:superiority(46.5929); kw:bounty(42.9143); kw:selection(41.3787); kw:abundance(41.1892); kw:favor(40.8244); kw:virtue(37.4165)	ب ر ك:B004:خير ثابت نام وبركة → ء م ر:B004:النماء والبركة
C1054	0.6779	reptile / viper / snake / serpent	24	15	17	31	0.06072319	0.2331	1.0	0.5806	7,13,14,15,23,25,27,31,33,34,35,40,41,46,47,53,56,64,75,88,91,92,100,111	ء ن ث ج ن ن ح ي ي ذ ك ر ر ج ل ز ع م ش ط ن ق ت ر ق ت ل ق ل ب م و ت ن ش ر ن ف س و ف ي و ل د	kw:reptile(85.8285); kw:viper(85.3867); kw:snake(85.3387); kw:serpent(79.3254); kw:life(68.3392); kw:danger(47.7898); kw:venom(45.3471); kw:death(44.7539)	ء ن ث:B001:الأنثى خلاف الذكر → ذ ك ر:B001:الذكر خلاف الأنثى
C1055	0.6779	blessing / favor / comfort / gift	44	13	16	21	0.06163231	0.181	0.9524	0.619	3,8,12,13,16,17,19,20,23,24,25,27,28,29,30,37,38,39,40,46,54,55,57,60,65,66,67,69,71,79,80,83,84,85,87,89,93,98,99,100,102,107,108,109	ء م م ب س ط ت ر ف خ ر ر خ ف ض ر ب ب ر ب و ش ك ر ط و ل ك ف ر ن ش ر ن ع م ي د ي	kw:blessing(89.5805); kw:favor(68.0407); kw:comfort(52.9349); kw:gift(50.4406); kw:gratitude(47.5952); theme:kinship_society/hospitality_welfare(45.6546); kw:benefaction(43.7155); kw:bounty(42.9143)	ي د ي:B003:اليَد النعمة → ن ع م:B001:حسن الحال والنعمة
C1056	0.6778	destruction / ruin / presentation / arrival	28	12	16	24	0.06159453	0.2124	0.9583	0.7083	2,5,7,16,17,26,33,46,55,58,59,60,67,71,75,80,81,83,85,88,92,94,97,101,102,104,107,111	ء ت ي ت ب ر ث ب ر ج ي ء ح و ط د م ر م س س ن ب ء ن ص ر ه ل ك و ج ه و ل ي	kw:destruction(95.9952); kw:ruin(61.1092); kw:presentation(49.5059); kw:arrival(49.3724); kw:loss(44.8244); kw:approach(36.9363); kw:disaster(35.6904); kw:coming(33.5381)	ء ت ي:B001:الإتيان والمجيء → ج ي ء:B001:المجيء والحصول
C1057	0.6778	return / time_measure_quantity/sequence_cycle / recurrence / repetition	17	11	16	24	0.06361421	0.2105	1.0	0.75	4,5,6,7,8,16,18,19,25,34,35,38,51,59,69,85,103	ء و ب ء و ل ت ا ر ر د د ر و ح ر و د ع ه د ع و د ك ر ر ك ر ه م ر ر	kw:return(95.9952); theme:time_measure_quantity/sequence_cycle(69.7542); kw:recurrence(68.3392); kw:repetition(55.9858); kw:owner(32.1114); kw:occurrence(31.0619); kw:reversal(31.0619); kw:turn(30.7655)	ر د د:B010:التكرار والتردد والحيرة → ك ر ر:B001:رجوع وترديد بعد مرة
C1058	0.6778	vision / opposition / orientation / eye	35	13	15	14	0.06080516	0.1373	1.0	0.9286	1,7,11,13,16,18,19,21,33,39,45,46,47,48,53,56,58,60,64,66,67,70,71,77,83,88,89,92,94,97,100,103,106,107,111	ء ن س ب ح ر ح ج ب ح و ل د ب ر ر ج ل ر و د ق ب ل ق ص و ل ق ي ن ظ ر و ج ه و ل ي	kw:vision(58.5309); kw:opposition(54.2007); kw:orientation(53.746); kw:eye(47.893); kw:pupil(47.5952); kw:encounter(39.7012); kw:organ(39.0107); kw:slit(33.004)	و ج ه:B003:المواجهة والتقابل → ق ب ل:B001:مواجهة الشيء للشيء
C1059	0.6777	virtue / generosity / charity / honor	24	13	17	31	0.06085195	0.2403	0.871	0.7097	5,11,12,14,19,23,33,35,44,52,62,67,68,70,73,75,78,79,80,83,90,91,108,111	ب ر ر ج ن ب ح س ب ح م د خ ل ل خ ي ر س ع ي ش ر ر ع ن ب ف ج ر ف ع ل ك ر م ن ص ر	kw:virtue(124.7217); kw:generosity(72.9832); kw:charity(49.6264); kw:honor(45.8825); kw:bounty(42.9143); kw:nobility(38.5105); theme:kinship_society/hospitality_welfare(37.3537); kw:good(34.884)	ك ر م:B004:العنب والكرمة → ع ن ب:B001:العنب ثمرة الكرم
C1060	0.6777	order / sequence / succession / continuity	27	13	17	23	0.06373904	0.1756	1.0	0.7826	4,9,13,16,23,26,33,35,36,39,44,46,47,55,58,62,63,64,69,78,79,81,84,97,105,107,111	ت ب ع ت ل و ح ق ق ح ك م ح ن ك ز ب ر ش ر ك ع م ل ف ق ه ق ض ي ق ف و ق و م و ل ي	kw:order(90.1406); kw:sequence(70.513); kw:succession(62.8738); kw:continuity(62.6999); kw:precision(48.7992); kw:wisdom(43.7155); kw:firmness(39.1426); theme:time_measure_quantity/sequence_cycle(38.7523)	و ل ي:B002:تتابع شيء بعد شيء → ت ب ع:B004:الولاء والتتابع
C1061	0.6777	breadth / livelihood / going / travel	29	14	15	18	0.05368946	0.1731	1.0	0.8889	1,4,7,14,15,19,23,25,29,30,33,41,43,44,46,48,56,63,66,67,68,69,70,77,85,86,89,93,108	ب ح ر ب س ط ح ص ب ح و ل ذ ه ب ر و ح س ب ح س ع ي ص ر ف ض ر ب ف ل ك ق ض ي ق ل ب ن ف س	kw:breadth(42.2076); kw:livelihood(38.2751); kw:going(36.9273); kw:travel(35.2923); kw:departure(34.4119); kw:stratagem(33.5381); kw:space(31.5315); kw:roaming(30.7655)	ح و ل:B003:حيلة وقوة على التصرف → ص ر ف:B003:حيلة وتقلب في الأمور
C1062	0.6777	provision / religion / ritual_belief/belief_revelation / unbelief	61	13	15	14	0.05917496	0.1359	1.0	0.5714	3,5,6,8,11,12,14,15,17,18,19,20,22,23,25,27,29,30,31,32,33,34,36,37,38,42,44,49,50,51,53,57,58,59,64,65,66,67,69,72,77,78,81,83,85,87,88,89,91,92,93,95,96,98,99,100,103,104,107,108,111	ب ل غ ج م ع ح س ب ر د د ر و ح ش ر ك ق ب ل ق ع د ك ذ ب ك ف ر ك ف ي ك و ن ل ف ف	kw:provision(45.3359); kw:religion(43.3422); theme:ritual_belief/belief_revelation(42.6276); kw:unbelief(36.9273); kw:owner(32.1114); kw:surety(31.7301); kw:ration(31.3821); kw:guarantee(30.7655)	ر و ح:B006:رد الحق إلى صاحبه → ل ف ف:B006:لف الحق عن صاحبه حتى يمنعه
C1063	0.6776	pride / honor / dignity / burden	35	12	17	23	0.06322334	0.1811	0.9565	0.7391	1,3,4,5,7,8,9,14,15,16,17,21,23,25,30,31,33,38,40,43,49,51,53,60,64,65,70,73,79,85,87,96,97,98,111	ء م ر ج د د ح م ل خ ي ل ع ب د ع س ي ع ظ م ف ر ي ك ب ر ك ر ه ن ف س و ج ه	kw:pride(54.2007); kw:honor(45.8825); kw:dignity(44.6404); kw:burden(35.1871); kw:hardship(34.9174); kw:majesty(34.884); kw:enormity(34.1547); kw:suffering(34.0588)	ء م ر:B006:الأمر العظيم المنكر → ف ر ي:B004:أمر فَرِيّ عجيب
C1064	0.6776	law_governance/authority_governance / watcher / reflection / guardianship	34	12	13	15	0.05777928	0.1948	0.9333	0.7333	1,2,9,12,13,14,17,21,22,23,29,30,33,34,35,36,46,48,54,58,59,60,62,65,68,78,79,86,96,97,99,100,102,111	ب ص ر خ ز ن ر ء ي س ط ر ع ه د ق ع د ق و م ك ف ي ك ل و ن ظ ر و ك ل و ل ي	theme:law_governance/authority_governance(64.4444); kw:watcher(53.6648); kw:reflection(47.5952); kw:guardianship(45.3471); kw:care(37.2198); kw:keeper(36.9273); kw:custodian(34.884); kw:governance(33.7797)	و ك ل:B006:القائم بالأمر كفاية وحفظا → ق و م:B004:رعاية وحفظ وولاية
C1065	0.6776	poverty / money / tax / tribute	26	12	12	12	0.06046562	0.1818	1.0	0.75	1,6,7,9,13,26,27,31,34,35,44,52,56,58,62,63,64,76,77,78,79,80,97,98,100,111	ب ذ ر ج ز ي ح م د ح و ل خ ر ج د خ ل ص د ق ق ت ر ق و م م ل ق م و ل ن ف ق	kw:poverty(47.5872); kw:money(42.6693); kw:tax(33.004); kw:tribute(32.5328); kw:demand(32.1114); kw:revenue(31.7301); kw:levy(31.3821); kw:taxation(30.4895)	د خ ل:B006:ما يدخل من كسب → خ ر ج:B003:مال يخرج على جهة معلومة
C1066	0.6775	proverb / model / representation / likeness	12	8	15	26	0.05855873	0.2921	1.0	0.5769	13,21,39,48,59,64,73,84,86,88,89,99	ش ك ل ض ر ب ط ي ر غ ر ر م ث ل ن ظ ر ن و ق و ح ي	kw:proverb(67.7508); kw:model(48.7992); kw:representation(46.1482); kw:likeness(42.434); kw:parable(36.9273); kw:teaching(35.7766); kw:example(33.5381); kw:type(33.004)	ض ر ب:B003:تصوير المثل وإظهاره → م ث ل:B003:المثل المضروب
C1067	0.6774	side / orientation / flank / hand	30	16	17	24	0.05969484	0.1778	1.0	0.75	7,8,9,11,13,24,28,29,45,46,51,53,57,58,60,67,68,71,77,83,88,89,92,93,94,97,100,105,106,107	ء ن س ب ش ر ج ن ب ج ن ح ح ج ب ح ص ر د ب ر ر ج و ص د ر ظ ه ر ع د و ق ب ل و ج ه ي د ي ي س ر ي م ن	kw:side(100.8548); kw:orientation(85.9937); kw:flank(51.5089); kw:hand(48.4301); kw:edge(46.1287); kw:border(44.9833); kw:laterality(36.9273); kw:body(36.334)	ج ن ح:B002:الجناح جانبا ويدا وكنفا → ج ن ب:B001:الجنب جانب الجسد وناحية الشيء
C1068	0.6774	container / pot / cookware / lid	26	11	11	10	0.05057795	0.1818	1.0	0.9	2,3,6,8,12,13,18,21,22,23,29,30,33,34,35,39,45,46,60,62,64,70,76,80,99,100	ج ع ل خ ر ج د ر ج ذ ر ر غ ر ر غ ل ل ق د ر ك ر م م س ك ن ش ر و ف ي	kw:container(52.2449); kw:pot(43.4363); kw:cookware(35.7766); kw:lid(35.7766); kw:storage(32.5956); kw:receptacle(31.0619); kw:bag(30.7655); kw:cover(25.5168)	ج ع ل:B007:خرقة إنزال القدر → ق د ر:B007:قدر الطبخ وما يدور حولها
C1069	0.6774	enmity / hostility / conflict_security/conflict / enemy	16	9	10	9	0.05749311	0.2045	1.0	0.8889	1,4,7,12,17,37,43,52,53,56,59,78,98,101,102,104	ء ي ي ب ع د ش م س ط و ل ظ ن ن ع د و ع ل و ك ش ف ل ف ف	kw:enmity(73.8599); kw:hostility(68.0407); theme:conflict_security/conflict(40.1592); kw:enemy(31.3821); kw:address(31.3821); kw:summons(29.9889); kw:opposition(27.1003); kw:politics(26.2769)	ظ ن ن:B007:ظنين معاد → ع د و:B003:العَدُوّ والعداوة
C1070	0.6773	horse / marking / leg / whiteness	25	13	13	19	0.05159568	0.2436	1.0	0.5789	2,15,16,26,28,33,35,47,54,59,64,65,68,69,77,81,83,84,86,93,94,95,100,105,106	ج ن ب ح ق ق خ ي ل ر ج ل ر س ل ش ك ل غ ر ر ف ر ق ك ي ل م س ك م ن ع و ك ل ي س ر	kw:horse(92.5942); kw:marking(64.1841); kw:leg(52.7421); kw:whiteness(47.9976); kw:spacing(30.7655); kw:animal(27.5512); theme:space_form_boundary/visual_appearance(24.6949); kw:color(20.4838)	ر ج ل:B005:بياض رجل الدابة → ش ك ل:B006:شكال الخيل علامة كالقيد
C1071	0.6773	burden / endurance / hardship / trust	36	10	11	9	0.05911118	0.1667	1.0	0.7778	1,2,3,4,16,26,29,33,38,39,41,42,47,48,51,52,54,57,60,62,64,65,67,68,70,73,74,76,78,81,82,85,86,97,105,109	ء ل ي ح ق ق ح م ل خ س ف ز ي د ص د ر ط و ع ق ل ل ك ر ه و ك ل	kw:burden(58.6452); kw:endurance(48.542); kw:hardship(46.5566); kw:trust(37.4165); kw:suffering(34.0588); kw:resilience(27.8525); kw:travel(26.4692); kw:excess(25.8369)	ح م ل:B007:التحامل والمشقة → ك ر ه:B002:مشقة يحملها الكاره
C1072	0.6772	sight / eye / vision / blindness	31	11	17	23	0.06483315	0.1783	0.9565	0.7391	1,7,9,12,13,14,15,17,21,25,30,33,35,36,45,48,58,59,60,62,67,72,74,78,79,81,96,97,99,102,110	ب ص ر ب ط ل ث ب ت ج ه ر ح ج ب ر ء ي ض ل ل ع م ي ق و م ن ظ ر ن ف س	kw:sight(99.5618); kw:eye(71.8395); kw:vision(70.2371); kw:blindness(58.2873); kw:perception(47.6209); kw:insight(47.5952); theme:cognition_perception/perception(46.12); kw:knowledge(44.8244)	ر ء ي:B001:رؤية العين والبصيرة → ب ص ر:B001:إبصار العين
C1073	0.6772	wound / body_health_life/disease_injury / abscess / discharge	26	11	12	12	0.06306437	0.1846	0.9167	0.8333	5,6,7,12,13,20,28,39,41,42,46,50,57,64,66,73,76,79,80,81,94,101,103,104,105,110	ب غ ي ج ي ء ح ج ر ح ك م خ ر ج غ ي ر ف ز ز م د د ن ذ ر ن ف ر ن ف ل	kw:wound(73.6893); theme:body_health_life/disease_injury(73.0122); kw:abscess(66.0079); kw:discharge(55.1716); kw:pus(48.1671); kw:medicine(46.7095); kw:swelling(39.5566); kw:pathology(36.4916)	ج ي ء:B003:جائية الجراح → م د د:B007:جرح تمتد فيه مدة من قيح
C1074	0.6771	obedience / settlement / submission / comfort	43	12	14	12	0.0606885	0.1364	0.9167	0.9167	1,2,3,5,8,12,16,17,20,23,26,27,28,30,33,42,48,53,55,57,59,64,65,66,67,69,70,71,75,80,81,83,85,88,89,92,96,98,99,101,105,107,110	ء ت ي ب غ ي ح ق ق ط و ع ط ي ب ع ب د ع ط و ك ف ر ن ب و ن ص ر ن ع م ي س ر	kw:obedience(53.1324); kw:settlement(41.2343); kw:submission(40.4815); kw:comfort(39.7012); kw:flexibility(34.884); kw:suitability(30.4895); kw:compliance(30.4895); kw:alignment(27.4588)	ع ط و:B006:اللين والانقياد والمطاوعة → ط و ع:B001:الانقياد والطاعة
C1075	0.677	justice / claim / verdict / finance	23	10	14	17	0.06554189	0.2	1.0	0.7059	1,3,4,12,16,23,26,33,34,36,39,47,56,63,69,70,77,81,85,98,101,105,107	ت ب ع ت ل و ج ز ي ح ق ق ح ك م ح م ل ح و ل س ء ل ف ص ل ق ض ي	kw:justice(67.3432); kw:claim(55.9858); kw:verdict(52.326); kw:finance(49.4984); theme:economy_property/finance_debt(43.9145); kw:fulfillment(43.4363); kw:debt(42.434); theme:law_governance/obligation_contract(36.0064)	ق ض ي:B001:الحكم والأمر القاطع → ح ك م:B002:الحكم والقضاء بين الناس
C1076	0.677	sustenance / thirst / consumption / food	22	13	13	12	0.05600707	0.1538	1.0	1.0	10,15,29,30,31,46,47,54,55,57,58,66,67,68,70,75,78,83,97,100,101,104	ب ح ر ج ن ب ذ و ق ر ز ق س ح ر س ع ر ع ذ ب غ س ق غ ل ل ق ل ب ل ف ف م س ك ن ب ء	kw:sustenance(40.4815); kw:thirst(40.3171); kw:consumption(36.2398); kw:food(35.644); theme:agriculture_food/food_nutrition(32.2668); kw:creature(27.3357); kw:hunger(26.5662); kw:drink(26.4674)	غ ل ل:B002:حرارة تنغل في الجوف → س ع ر:B004:السُّعار والجنون والعناء
C1077	0.6768	currency / quantity / measurement / weight	25	10	13	13	0.05976361	0.1806	1.0	0.9231	7,9,13,30,35,41,48,49,51,58,60,61,62,63,70,73,78,79,82,86,88,89,97,98,99	ت ب ر خ س ر خ ل ق ذ ه ب ص ر ف ف ت ن ق د ر ق و م م ث ل و ز ن	kw:currency(62.1239); kw:quantity(57.9783); kw:measurement(46.1287); kw:weight(40.0012); kw:nugget(36.9273); kw:measure(33.513); kw:gold(29.7602); kw:metallurgy(28.7797)	ت ب ر:B002:الجوهر قبل الصياغة والفتات → ذ ه ب:B001:الذَّهَب المعدن
C1078	0.6767	collection / gathering / assembly / community	22	8	15	25	0.06065896	0.2688	0.84	0.64	2,4,6,9,13,14,16,17,41,45,46,58,60,70,71,78,82,88,89,93,103,106	ج م ع ح و ط ف ر ق ق ر ء ق ر ن ق ر ي ك ت ب ك ث ر	kw:collection(94.8512); kw:gathering(77.0209); kw:assembly(65.9276); kw:community(56.209); kw:aggregation(55.7051); theme:time_measure_quantity/quantity_number(42.807); kw:joining(42.2076); theme:kinship_society/household_community(36.4582)	ق ر ء:B001:جمع واجتماع → ق ر ي:B002:جمع ماء أو شيء في مستقر
C1079	0.6765	return / diversion / prevention / control	24	14	17	33	0.05872796	0.2481	0.9091	0.5758	5,6,7,8,10,15,25,35,41,46,51,54,57,58,59,60,64,69,71,73,89,94,102,104	ء و ب ء و ل ث ب ر ج ل ب ر د د ش ج ر ص ر ف ع ذ ب ع و د غ ي ر ف ت ل ق ل ب ل ف ف م ن ع	kw:return(71.9964); kw:diversion(67.4691); kw:prevention(64.8028); kw:control(33.2078); kw:restraint(32.7774); kw:owner(32.1114); kw:abode(30.4895); kw:restoration(29.544)	ر د د:B002:صرف الشيء ودفعه ومنعه → ص ر ف:B001:رجع وصرف عن وجه
C1080	0.6765	return / refuge / gathering / joining	35	15	17	22	0.06314329	0.1654	0.9545	0.7727	2,4,5,6,7,8,9,13,14,16,17,24,25,26,35,41,45,46,51,58,59,60,69,71,74,78,82,88,89,93,97,99,103,104,106	ء ج ل ء و ب ء و ل ء و ي ب ي ت ج م ع ج ن ح ر د د ر ك ن س ك ن ع و د ق ر ء ق ر ن ق ر ي ك ت ب	kw:return(83.9958); kw:refuge(66.1686); kw:gathering(64.1841); kw:joining(56.2768); kw:assembly(52.7421); kw:attachment(49.4984); kw:collection(40.6505); kw:night(35.1871)	ق ر ء:B001:جمع واجتماع → ق ر ي:B002:جمع ماء أو شيء في مستقر
C1081	0.6764	gait / travel / movement_travel/motion / speed	33	17	17	34	0.05426651	0.25	0.8824	0.5	2,3,12,13,19,22,24,25,26,28,29,31,32,34,39,42,47,51,53,54,57,64,65,66,67,68,77,83,86,92,97,103,110	ء و ب ب غ ي ج ن ح ر ج ل س ع ر س ع ي س ق ط س ن ن ع د و ع ر ض ع ن ق ق ر ب م ع ع م ل ق ن ج و و ك ل ي س ر	kw:gait(86.1846); kw:travel(79.4077); theme:movement_travel/motion(66.6256); kw:speed(56.8604); kw:animal(48.2146); kw:locomotion(47.6879); kw:horse(46.2971); kw:gallop(44.0082)	ق ر ب:B014:تقريب الفرس في العدو → ع د و:B002:العَدْو والحَضْر
C1082	0.6764	path / route / road / navigation	29	16	17	28	0.0572859	0.2074	0.9643	0.6786	7,9,21,26,32,37,40,42,48,49,55,56,61,63,64,71,72,77,84,86,88,92,93,95,97,98,100,110,111	ء م م ج د د خ ر ق خ ز ن د ر ج ذ ه ب ز خ ر ف س ب ل س ن ن ش ر ك ش ك ل ظ ه ر ع م ل م ل ك ن ب و و ج ه	kw:path(112.2496); kw:route(105.1077); kw:road(104.7399); kw:navigation(74.8556); kw:pattern(49.0059); kw:tradition(43.7155); kw:movement(39.8286); kw:journey(36.2398)	ع م ل:B011:الطريق المعمل → ش ر ك:B005:شِرك الطريق
C1083	0.6764	daylight / night / darkness / time	31	14	15	19	0.05822617	0.1827	0.8947	0.8421	1,7,9,12,13,23,25,26,32,34,35,37,47,51,57,58,62,69,77,78,79,80,85,88,91,92,95,97,101,107,109	ء و ب خ ش ع د خ ل د ل ك ر و ح س ح ر ظ ه ر غ س ق ق ب ل ق ر ب ق و م ل ي ل م ش ي ن ه ر	kw:daylight(65.0657); kw:night(58.6452); kw:darkness(50.299); kw:time(45.0739); kw:shadow(44.6404); kw:sun(42.9143); kw:astronomy(42.8296); kw:dawn(42.434)	د خ ل:B007:إدخال الإبل في الشرب مرة أخرى → ق ب ل:B014:سقي على أفواه الإبل
C1084	0.6764	burden / transport / load / labor	37	14	16	17	0.06207336	0.1453	1.0	0.8235	1,2,3,4,5,6,7,11,12,14,15,18,26,28,35,36,40,43,46,49,51,52,56,59,61,62,65,70,74,76,77,85,88,98,99,101,104	ء و ل ب ن ي ح س ب ح م ل ح و ل خ ل ق ظ ه ر ع ج ل ع ل و ق ل ل ل ي س و ز ر و ق ر ي س ر	kw:burden(117.2905); kw:transport(71.0942); kw:load(69.6314); kw:labor(41.6517); kw:weight(40.0012); kw:endurance(36.4065); kw:carrier(34.1547); kw:administration(28.7797)	ح م ل:B001:إقلال المحمول الظاهر → ق ل ل:B004:الإقلال والاستقلال حملا ونهوضا
C1085	0.6763	diversion / prevention / avoidance / departure	30	17	17	36	0.05523581	0.2647	0.8611	0.4722	6,10,15,33,41,46,47,48,54,57,58,59,60,64,68,69,71,75,76,78,80,82,89,90,91,94,99,103,104,107	ت ل و ج ل ب ح ص ب ر د د ش ج ر ص ر ف ض ر ب ظ ل م ع ذ ب ف ت ل ف ج ر ف ز ز ق ص ف ق ل ب ل ف ف م ن ع ن ص ر	kw:diversion(80.963); kw:prevention(77.7634); kw:avoidance(63.7919); kw:departure(57.3531); kw:withdrawal(52.9349); kw:justice(44.8955); kw:turning(41.3787); kw:abandonment(40.6505)	ر د د:B002:صرف الشيء ودفعه ومنعه → ص ر ف:B001:رجع وصرف عن وجه
C1086	0.6763	camel / reproduction / body_health_life/reproduction_birth / kinship	29	17	17	28	0.05511713	0.2059	0.9643	0.6786	1,2,11,12,13,18,21,22,26,29,30,55,56,59,71,75,76,77,80,85,88,92,97,101,102,103,106,107,109	ء ت ي ب س ط ت ل و ث ب ر ج م ع ح و ل خ ذ ل خ ر ج خ ل ف د ر ج ذ ق ن ص م م ع ج ل ف ر ق ف ص ل م و ت ن و ق	kw:camel(74.1334); kw:reproduction(61.1919); theme:body_health_life/reproduction_birth(60.199); kw:kinship(47.6209); kw:calf(42.434); kw:separation(41.0998); kw:pregnancy(38.8817); kw:livestock(38.1273)	خ ل ف:B013:أسماء خاصة للحيوان والنبات والعادة → ف ر ق:B008:فارق نادة وسحابة منفردة
C1087	0.6762	orientation / posterior / rear / back	30	11	16	25	0.05830486	0.2193	1.0	0.6	5,7,10,15,17,19,21,22,26,32,34,35,39,45,46,51,57,58,59,62,69,71,72,76,77,80,88,92,104,107	ء خ ر ء م م ء و ل ب ع د ت ل و خ ل ف د ب ر ظ ه ر ق ب ل ق ر ب ل د ن	kw:orientation(64.4953); kw:posterior(64.2228); kw:rear(56.8924); kw:back(50.0232); kw:priority(42.6693); kw:sequence(35.2565); kw:aftermath(33.5381); theme:time_measure_quantity/sequence_cycle(31.0019)	ب ع د:B002:البعد بعد القبل → خ ل ف:B002:وراء الشيء وخلاف قدّامه
C1088	0.6762	flow / stream / hydrology / irrigation	25	14	14	14	0.06226842	0.1538	1.0	0.8571	2,8,12,17,23,26,30,37,38,55,59,68,69,71,73,78,85,88,90,91,92,96,101,103,107	ء ت ي ح ص ر خ ب ر خ س ف س ق ط ظ ه ر ع ن د غ ر ق غ س ق ف ج ر ف ر ي م ر ح ن ب ع ن ه ر	kw:flow(59.7372); kw:stream(57.5595); kw:hydrology(53.8167); kw:irrigation(38.3916); theme:land_water_sky/water_hydrology(36.9317); kw:earth(34.1742); kw:surface(33.6716); kw:spring(28.2893)	ء ت ي:B004:مجرى الماء وتسليك سبيله → ن ه ر:B001:نهر يشق الأرض بماء جار
C1089	0.6761	expansion / breadth / openness / space	34	11	12	14	0.05217488	0.2154	1.0	0.6429	1,7,12,13,14,15,23,25,29,30,33,37,43,44,45,53,54,59,66,67,68,69,70,77,85,91,93,94,95,96,101,105,108,110	ب ح ر ب س ط ب ي ن ر س ل ر و ح س ب ح ط و ل م ر ح ن ش ر ن ف س ن ه ر	kw:expansion(58.6776); kw:breadth(56.2768); kw:openness(42.434); kw:space(42.0421); kw:capacity(36.7544); theme:time_measure_quantity/measurement(33.8108); kw:familiarity(30.7655); kw:favor(27.2163)	ب س ط:B003:السعة والزيادة والفضل → ط و ل:B004:الطَّوْل والقدرة
C1090	0.6759	burden / transport / load / endurance	32	14	17	23	0.06340756	0.1769	1.0	0.7391	1,3,4,11,15,18,24,29,38,39,42,46,47,48,51,52,56,57,62,64,67,68,70,73,74,76,77,78,83,85,86,88	ء ل ي ح م ل ح و ل خ س ف خ ف ض ر ء س ط و ع ظ ه ر ع ج ل ق ل ل ك ر ه ن ع م و ز ر و ق ر	kw:burden(140.7486); kw:transport(60.9379); kw:load(55.7051); kw:endurance(48.542); kw:labor(41.6517); kw:weight(40.0012); kw:hardship(34.9174); kw:suffering(34.0588)	ح م ل:B003:تحمّل الأمانة والوزر → و ز ر:B002:الوزر الحمل الثقيل
C1091	0.6759	creation / production / origination / textile	32	14	15	16	0.06166063	0.1538	0.875	0.9375	2,4,6,8,12,13,18,22,23,25,29,31,33,37,39,44,45,46,49,51,55,59,60,61,63,64,70,76,80,86,98,99	ج ع ل خ ر ق خ ل ف خ ل ق ذ ه ب ز ب ر غ ر ر غ ف ر ف ط ر ق ض ي ك ذ ب ل ق ي م ح و م ل ق	kw:creation(82.7573); kw:production(72.8591); kw:origination(47.5952); kw:textile(39.5309); kw:cloth(36.3226); kw:decay(35.3977); kw:making(34.884); kw:nap(32.1114)	خ ل ق:B002:إبداع الخلق وإيجاده → ف ط ر:B002:إيجاد وابتداء
C1092	0.6757	blessing / gratitude / religion / praise	24	11	14	20	0.05866219	0.2273	1.0	0.6	3,6,8,16,19,27,29,41,44,46,52,67,69,71,78,79,83,89,90,91,98,99,100,111	ء م م ت ر ف ح م د ذ ك ر ر د د ش ك ر ف ج ر ك ف ر ن ع م ن ف ق ي د ي	kw:blessing(89.5805); kw:gratitude(79.3254); kw:religion(54.1778); kw:praise(41.7788); kw:reciprocity(38.8817); kw:gift(37.8305); kw:benefaction(29.1436); theme:kinship_society/hospitality_welfare(29.0529)	ش ك ر:B001:عرفان النعمة وحمد المنعم → ح م د:B001:الحمد خلاف الذم
C1093	0.6757	harm / good / emotion / news	25	12	16	19	0.05850567	0.1638	0.9474	0.9474	5,7,9,11,17,29,30,32,35,38,56,64,67,68,73,76,83,91,92,93,94,96,104,105,108	ب س ط ب ش ر ج ن ب خ ب ر خ ل ف خ ل ل خ ي ر س و ء ش ر ر ض ر ر ك س ف و ع د	kw:harm(49.7565); kw:good(34.884); kw:emotion(34.3024); kw:news(30.4895); kw:promise(30.4895); kw:joy(29.9889); kw:contrast(28.6095); kw:proverb(27.1003)	و ع د:B001:وعد يفتح رجاء الموعود بقول → خ ل ف:B005:وعد لا يقع في ميعاده
C1094	0.6757	twist / ear / textile / rope	21	16	16	19	0.06112637	0.1583	1.0	0.8947	1,4,6,7,27,28,36,37,46,51,53,58,64,66,67,70,71,77,92,107,109	ء ذ ن ب ح ر ج ب ل خ ر ر خ ر ق د ب ر ش ط ن ف ت ل ق ب ل ق ص و ق ف و ق و ف ك ر ر م ر ر و ق ر ي س ر	kw:twist(72.3939); kw:ear(69.9823); kw:textile(59.2963); kw:rope(50.4406); kw:strand(43.7155); kw:cord(39.8493); kw:binding(38.3916); kw:slit(33.004)	م ر ر:B005:إحكام فتل الحبل → ك ر ر:B002:حبل مجموع القوى مفتول
C1095	0.6757	side / orientation / laterality / vow	31	7	11	10	0.05637808	0.2222	1.0	0.9	1,2,4,11,13,28,29,39,40,42,47,51,53,57,60,62,67,68,71,73,74,78,82,83,86,88,89,94,100,106,111	ء خ ذ ء ل ي ء ن س ج ن ب خ س ر ي س ر ي م ن	kw:side(44.8244); kw:orientation(42.9968); kw:laterality(36.9273); kw:vow(32.1114); kw:pledge(28.1384); kw:oath(27.3357); kw:fortune(26.4674); kw:prosperity(25.5944)	ي س ر:B004:الجهة اليسرى واليد اليسرى → ي م ن:B002:اليد اليمنى والجهة اليمنى
C1096	0.6756	length / time_measure_quantity/measurement / stature / distance	31	12	14	14	0.05863817	0.1573	1.0	0.8571	4,6,7,9,13,14,15,20,25,27,29,30,33,35,37,43,45,53,58,62,64,69,71,78,79,83,85,96,97,101,110	ء م م ب س ط ب ي ن ر و ح ش ط ن ط و ل ع ل و ق و م م د د ن ع م ن ف س ي د ي	kw:length(62.3609); theme:time_measure_quantity/measurement(60.108); kw:stature(54.6714); kw:distance(48.4301); kw:breadth(42.2076); kw:space(42.0421); kw:extension(36.578); kw:measurement(34.5965)	ق و م:B011:قامة وقوام الجسم والطول → ء م م:B006:القامة والهيئة
C1097	0.6756	smallness / quantity / scarcity / scale	30	12	14	14	0.06436076	0.1573	1.0	0.7857	2,4,6,9,16,21,23,24,28,31,40,43,46,49,51,52,56,60,62,66,70,71,74,76,85,87,89,97,98,111	ء م ر ء م م د و ن ز ج و ص غ ر ع ظ م ف ت ل ق ل ل ك ب ر ك ث ر و ق ر ي س ر	kw:smallness(65.4624); kw:quantity(57.9783); kw:scarcity(43.7032); kw:scale(39.0107); kw:value(35.5423); kw:measure(33.513); kw:magnitude(32.5328); kw:insignificance(32.5328)	ك ب ر:B001:العظم خلاف الصغر → ص غ ر:B001:الصِّغَر ضد الكبر
C1098	0.6756	passage / traversal / travel / perforation	13	8	12	12	0.0678202	0.1967	1.0	0.8333	5,16,17,37,48,52,58,69,73,85,91,107,109	ج و ب ج و س خ ر ر خ ر ق خ ل ل ر و ح ض ر ب ه ل ك	kw:passage(47.5872); kw:traversal(46.1482); kw:travel(35.2923); kw:perforation(30.7655); kw:roaming(30.7655); kw:breach(29.544); kw:hole(29.1436); kw:gap(26.5662)	خ ر ق:B002:الجوب والاختراق في الأرض والريح → ج و ب:B002:قطع الأرض والبلاد
C1099	0.6755	confirmation / testimony / trust / promise	31	12	17	33	0.05808118	0.2578	0.9394	0.4848	5,7,9,10,16,19,26,33,45,56,59,64,67,68,69,70,73,76,80,81,82,83,90,92,93,94,99,104,105,107,108	ء ج ل ء م ن ب ر ر ب ط ل ح ق ق خ ل ف ز ع م ص د ق ف ر ي ك ذ ب ن ع م و ع د	kw:confirmation(67.0762); kw:testimony(66.4155); kw:trust(62.3609); kw:promise(60.9791); kw:covenant(55.1716); kw:lie(44.316); kw:commitment(42.2076); kw:falsehood(39.2775)	ن ع م:B004:الجواب بنعم والتصديق → ء ج ل:B003:جواب التصديق أجل
C1100	0.6755	destruction / ruin / reduction / loss	18	14	15	23	0.06204881	0.2212	0.9565	0.6957	4,7,16,17,18,22,46,56,57,58,59,60,64,67,68,82,102,104	ب ع د ت ب ر ث ب ر ح و ط خ س ر خ س ف خ و ف د ب ر د م ر ذ م م ض ر ر غ ر ر ف س د ه ل ك	kw:destruction(119.994); kw:ruin(73.3311); kw:reduction(57.5595); kw:loss(56.0304); kw:deficiency(55.7051); kw:eradication(34.1547); kw:shortage(33.5381); kw:diminution(32.1114)	ه ل ك:B001:السقوط إلى الهلاك والفناء → ث ب ر:B002:الهلاك والثبور
C1101	0.6755	calculation / quantity / measurement / measure	13	8	11	11	0.0633848	0.2157	1.0	0.8182	12,14,30,32,35,49,51,61,70,82,98,99,100	ح س ب خ ز ن خ س ر خ ل ق ز ن ي ق د ر ق س ط س و ز ن	kw:calculation(63.4603); kw:quantity(57.9783); kw:measurement(46.1287); kw:measure(44.684); kw:planning(41.9894); kw:proportion(41.3787); kw:weight(40.0012); kw:scale(39.0107)	و ز ن:B002:ميزان العدل والقسط → ق س ط س:B001:الميزان القسطاس
C1102	0.6754	gold / volume / measurement / measure	17	12	15	19	0.06234407	0.1919	1.0	0.8947	6,7,20,33,35,41,60,63,65,68,71,73,80,86,89,93,106	ت ب ر ح ص ب ذ ه ب ز خ ر ف س ل ط ص ر ف ف ت ن ف ر ق ك ر ر ك ي ل م د د ي م ن	kw:gold(74.4006); kw:volume(60.4627); kw:measurement(57.6608); kw:measure(55.855); kw:capacity(49.0059); kw:metal(39.8493); kw:nugget(36.9273); kw:gilding(35.7766)	م د د:B006:مد يقدر به الكيل → ف ر ق:B011:فرق مكيال وإناء
C1103	0.6753	nape / neck / rear / anatomy	22	11	13	14	0.06053877	0.1867	1.0	0.8571	7,10,13,15,17,19,21,22,29,36,39,42,45,46,49,51,62,69,72,76,98,104	ء خ ر خ ل ف د ب ر ر ء س ر ف ت ع ر ش ع ن ق ق ر ن ق ف و ق و ف ل ق ي	kw:nape(60.9791); kw:neck(59.8663); kw:rear(56.8924); kw:anatomy(47.0826); kw:orientation(42.9968); kw:back(37.5174); kw:posterior(32.1114); kw:collar(28.7797)	ق ف و:B002:مؤخر الرأس والعنق وما يؤتى من الخلف → ق و ف:B002:أخذ القفا والرقبة
C1104	0.6753	concealment / place / toponym / screen	26	12	14	14	0.05811929	0.1573	1.0	0.9286	1,8,9,13,25,26,28,35,43,44,45,49,58,62,68,78,79,83,88,90,91,93,97,98,104,108	ج د د ج ن ب ج ن ن ح ص ب ح ص ر س ب ح س ت ر س ك ن غ ف ر ق و م ن ب ع ي س ر	kw:concealment(65.5548); kw:place(61.8514); kw:toponym(47.5872); kw:screen(43.1696); kw:locality(42.2076); kw:veil(42.2076); kw:station(41.7788); kw:valley(40.8244)	ج د د:B014:مواضع مسماة → ن ب ع:B005:أسماء المواضع
C1105	0.6752	concealment / covering / veil / protection	20	13	17	30	0.06309992	0.2273	0.9333	0.6333	8,25,27,28,29,44,45,46,47,52,56,64,67,69,73,88,89,91,98,99	ج ل ب ج ن ن ج و ب ح ج ب س ت ر غ ف ر غ ل ل ف ر ي ك ش ف ك ف ر ك ن ن ن ج و ي س ر	kw:concealment(120.1837); kw:covering(104.1685); kw:veil(84.4151); kw:protection(69.6338); kw:screen(57.5595); kw:clothing(54.2516); kw:cover(51.0335); kw:privacy(41.1882)	ك ف ر:B001:ستر وتغطية → غ ف ر:B001:ستر يصون الشيء ويغطيه
C1106	0.6751	prevention / diversion / avoidance / access	27	17	17	35	0.05714808	0.2574	0.8857	0.4857	10,13,15,33,39,41,45,47,48,54,55,57,58,59,60,62,64,71,76,80,82,89,94,99,102,103,104	ث ب ر ج ل ب ح ج ب ح ك م ح ن ك خ ر ج ش ج ر ص ر ف ض ر ب ط غ و ظ ل م ع ذ ب ف ت ل ف ز ز ل ف ف م ن ع ن ب ء	kw:prevention(103.6846); kw:diversion(80.963); kw:avoidance(76.5503); kw:access(61.5604); theme:condition_force_change/control_restraint(51.2355); kw:departure(45.8825); kw:control(44.2771); kw:restraint(43.7032)	ع ذ ب:B003:الكف والمنع والفطام عن الشيء → ض ر ب:B004:القبض عن الشيء والكف
C1107	0.6751	burden / transport / load / travel	36	14	17	23	0.06063905	0.1742	1.0	0.6957	1,3,4,5,7,8,11,12,15,16,18,22,26,29,30,33,35,38,43,44,46,51,52,54,56,59,62,70,74,76,77,81,85,86,88,105	ء و ل ح ص ر ح ق ق ح م ل ح و ل ش ي ء ظ ه ر ع ج ل ع ل و ق ع د ق ل ل ك ر ه و ز ر و ق ر	kw:burden(129.0195); kw:transport(71.0942); kw:load(69.6314); kw:travel(52.9385); kw:labor(52.0647); kw:back(50.0232); kw:weight(40.0012); kw:mount(39.5566)	ح م ل:B003:تحمّل الأمانة والوزر → و ز ر:B002:الوزر الحمل الثقيل
C1108	0.6751	reform / repair / virtue / goodness	44	13	15	16	0.05848347	0.1553	1.0	0.6875	4,5,7,8,9,11,12,17,19,20,23,24,25,27,28,30,35,38,39,40,46,48,51,54,55,56,57,59,60,65,66,67,68,70,73,79,80,84,85,87,93,100,102,108	ء و ل ب ر ر ح ك م خ ي ر ر ب ب س ع ي ص ف و ص ل ح ض ر ب ض ر ر ع م ل غ ي ر ف س د	kw:reform(66.0079); kw:repair(62.6999); kw:virtue(49.8887); kw:goodness(45.7343); kw:welfare(39.7012); kw:order(38.6317); kw:livelihood(38.2751); kw:righteousness(35.7766)	ف س د:B001:خروج الشيء عن الصلاح والاعتدال → ص ل ح:B001:الصلاح ضد الفساد والطلاح
C1109	0.6751	alliance / redress / hand / justice	32	12	16	16	0.06821888	0.1404	1.0	0.8125	1,4,12,28,29,30,33,39,42,46,47,51,53,57,59,62,66,67,71,73,74,75,78,80,82,86,88,94,97,99,110,111	ء ل ي ب س ط ب غ ي ظ ل م ظ ه ر ع د و م ن ع ن ص ر و ل ي ي د ي ي س ر ي م ن	kw:alliance(67.1951); kw:redress(52.326); kw:hand(48.4301); kw:justice(44.8955); kw:laterality(36.9273); kw:ally(33.5381); kw:support(33.3585); kw:protection(29.8431)	ي س ر:B004:الجهة اليسرى واليد اليسرى → ي م ن:B002:اليد اليمنى والجهة اليمنى
C1110	0.6749	toponym / place / space_form_boundary/place_location / name	12	11	12	15	0.05531763	0.2308	1.0	0.8	12,16,23,28,36,37,45,49,70,90,91,98	ء ح د ج ب ل ج د د د م ر س ت ر ط ي ب ف ص ل ق و ف ن ب ع ن خ ل ي س ر	kw:toponym(71.3809); kw:place(61.8514); theme:space_form_boundary/place_location(56.2053); kw:name(54.3259); kw:mountain(49.1262); kw:city(45.3471); kw:landmark(41.3787); kw:medina(36.9273)	ج د د:B014:مواضع مسماة → ن ب ع:B005:أسماء المواضع
C1111	0.6749	ritual_belief/belief_revelation / religion / judgment / unbelief	33	10	12	11	0.05812615	0.1746	1.0	0.8182	2,4,6,8,9,10,11,13,14,19,27,45,46,58,64,67,68,69,71,74,78,82,83,89,90,91,93,94,98,99,100,107,111	ء م ن ث ب ت ر د د ش ر ر ش ر ك ف ج ر ك ت ب ك ف ر ن ف ق و ح د	theme:ritual_belief/belief_revelation(69.7542); kw:religion(65.0133); kw:judgment(42.2961); kw:unbelief(36.9273); kw:monotheism(35.7766); kw:denial(28.4462); kw:transgression(27.8525); kw:evidence(27.1003)	ك ت ب:B003:إثبات يوجب حكما أو قدرا → ث ب ت:B006:الثبت والحجة والإثبات
C1112	0.6748	ground / earth / hardness / terrain	23	16	17	33	0.05784798	0.2444	0.9091	0.6061	17,23,29,30,37,38,49,51,53,57,61,62,66,67,70,80,95,96,97,98,99,102,109	ب ح ر ب س ط ث ب ر ج ب ل ج د د ح ذ ر ح ن ك خ ب ر خ ش ع خ ل ق ص د ق ص م م ط م ن ع د و ك ر ه ك ل و	kw:ground(83.2777); kw:earth(68.3484); kw:hardness(61.873); kw:terrain(53.9596); kw:geography(53.1008); kw:roughness(43.1696); kw:plain(40.8244); theme:land_water_sky/earth_geology(38.9612)	ك ر ه:B007:أرض صلبة غليظة → ص م م:B004:غلظ الأرض الصلبة
C1113	0.6748	body_health_life/reproduction_birth / calf / offspring / reproduction	38	17	17	25	0.0593217	0.1838	0.96	0.6	2,3,6,8,11,12,16,18,22,23,26,28,29,31,32,33,34,39,44,45,46,47,51,57,60,63,64,69,70,75,76,80,85,92,99,103,107,111	ء م ر ت ب ع ت ل و ج ع ل ح م ل ر ج ل ر ج و س ب ع س ق ط ط غ و ع ج ل ف ز ز ف ص ل ق ر ب م ل ق م و ت و ل د	theme:body_health_life/reproduction_birth(104.3449); kw:calf(84.868); kw:offspring(74.6347); kw:reproduction(61.1919); kw:livestock(57.1909); kw:nursing(48.7992); kw:kinship(47.6209); kw:parturition(47.5952)	ع ج ل:B002:ولد البقرة → ف ز ز:B003:ولد البقرة الخفيف
C1114	0.6747	side / verse / meter / prosody	26	12	13	15	0.05880919	0.1948	1.0	0.7333	1,9,12,14,24,28,29,30,33,41,45,46,57,60,63,67,68,71,78,82,83,84,88,89,93,106	ب س ط ج ن ب ج ن ح ح ج ب ح ر م ر ج و ش ك ل ع ر ض ف ر ق ف ص ل ق ر ء و ف ر	kw:side(67.2365); kw:verse(45.3471); kw:meter(44.316); kw:prosody(44.316); kw:rhythm(40.1571); kw:edge(34.5965); kw:method(31.3821); kw:border(29.9889)	ج ن ح:B002:الجناح جانبا ويدا وكنفا → ج ن ب:B001:الجنب جانب الجسد وناحية الشيء
C1115	0.6747	visibility / disclosure / exposure / revelation	27	11	13	12	0.06360735	0.1579	1.0	0.8333	1,2,4,7,12,14,28,43,45,53,54,56,60,62,65,66,67,68,70,83,86,88,96,99,101,103,110	ب ح ر ب ي ن ج م ع ج ه ر ح س ب ر ء ي ظ ه ر ع ر ض ع ل و ك ش ف و ك ل	kw:visibility(88.5234); kw:disclosure(63.6014); kw:exposure(60.5377); kw:revelation(55.7051); kw:appearance(43.1103); kw:display(41.7788); kw:presentation(33.004); kw:discovery(29.7602)	ب ي ن:B004:ظهور الشيء وانكشافه → ظ ه ر:B001:البروز والانكشاف
C1116	0.6746	submission / obedience / softness / ritual_belief/religion_worship	35	14	16	21	0.05643256	0.178	0.9524	0.7619	1,3,5,7,15,17,20,23,24,25,28,30,31,33,48,53,54,59,61,64,65,67,68,69,70,77,79,93,94,95,96,105,107,109,111	ء و ب ب ر ر ح ر م خ ش ع خ ف ض ذ ل ل ر س ل س ج د ط و ع ع ب د ع ط و م ل ق ه ج د ي س ر	kw:submission(53.9753); kw:obedience(53.1324); kw:softness(49.3724); theme:ritual_belief/religion_worship(46.9587); kw:compliance(45.7343); kw:lowering(41.9894); kw:ground(35.6904); kw:flexibility(34.884)	ع ط و:B006:اللين والانقياد والمطاوعة → ط و ع:B001:الانقياد والطاعة
C1117	0.6745	majority / honor / awe / greatness	34	11	17	26	0.06023309	0.2114	0.9231	0.6923	1,3,4,5,7,9,14,15,16,17,21,23,24,25,30,31,33,40,43,46,49,51,53,60,65,85,87,88,96,97,98,103,110,111	ء م ر ج م ع ج ه ر ص د ر ص غ ر ص م م ع ب د ع ظ م ك ب ر ك ن ن ن ف س	kw:majority(34.884); kw:honor(34.4119); kw:awe(33.5381); kw:greatness(33.5381); kw:magnitude(32.5328); kw:authority(31.457); kw:dignity(29.7602); kw:pride(27.1003)	ك ب ر:B002:معظم الأمر → ع ظ م:B002:معظم الشيء
C1118	0.6745	body_health_life/reproduction_birth / birth / mother / parent	52	12	15	18	0.05524682	0.1782	0.8889	0.6667	1,3,5,7,8,12,13,14,15,17,20,23,24,25,27,28,29,30,31,33,36,38,39,40,46,53,54,55,57,58,60,64,65,66,71,77,78,79,80,84,85,87,89,92,93,96,97,100,102,107,108,111	ء م م ر ب ب ر ب و س ق ط ش ه د ع ب د ع د و ق ب ل ك ل ل ن ف س و ل د و ل ي	theme:body_health_life/reproduction_birth(56.1857); kw:birth(49.4984); kw:mother(45.7343); kw:parent(32.5328); kw:childbirth(31.7301); kw:slave(31.3821); kw:labor(31.2388); kw:slavery(31.0619)	و ل د:B002:أبوان من جهة الولادة → ء م م:B001:الأم الوالدة والمربية
C1119	0.6744	proximity / relation / nearness / adjacency	26	12	16	25	0.0603544	0.2212	1.0	0.64	2,16,17,23,26,30,32,33,34,38,46,51,56,57,58,64,68,71,73,74,76,83,97,99,104,111	ء م م ب ع د ج ل ب ج ن ب د و ن ع ن د ق د ر ق ر ب ق ر ن ق ر ي ك و د و ل ي	kw:proximity(84.3691); kw:relation(68.8237); kw:nearness(65.2377); kw:adjacency(62.7642); kw:space(42.0421); kw:quantity(34.787); kw:measure(33.513); kw:scabbard(33.004)	ق ر ب:B010:قراب السيف ووعاؤه → ج ل ب:B008:جلبان السلاح قرابه
C1120	0.6744	sanctuary / pilgrimage / place / assembly	37	15	16	17	0.05901631	0.1429	1.0	0.8235	1,2,4,6,7,8,9,13,16,22,25,26,29,33,35,40,43,44,49,50,58,61,62,68,70,78,79,88,91,93,97,98,101,103,104,107,108	ب ن ي ج د د ج م ع ج ن ن ح ج ر ح ر م ح ش ر ح ص ب ح ص ر س ب ح س ج د ص ل ح ق ر ي ق ع د ق و م	kw:sanctuary(70.7234); kw:pilgrimage(56.2768); kw:place(41.2343); kw:assembly(39.5566); theme:ritual_belief/religion_worship(38.4208); theme:space_form_boundary/place_location(37.4702); kw:enclosure(36.6655); kw:mecca(35.7766)	ج م ع:B004:موضع أو يوم أو نداء يجمع الناس → ح ش ر:B001:سوق الجماعة وجمعها إلى مقصد
C1121	0.6744	delay / extension / time_measure_quantity/measurement / length	16	8	11	10	0.06120898	0.1961	1.0	0.9	6,7,14,15,20,25,33,37,48,70,78,81,88,89,97,99	ب ط ل د ل ك س ع ر ط و ل ط ي ب م ث ل م د د ن ف س	kw:delay(50.4406); kw:extension(48.7706); theme:time_measure_quantity/measurement(41.3243); kw:length(37.4165); kw:dimension(32.1114); kw:imitation(31.3821); kw:patience(27.8525); kw:process(27.4588)	م د د:B004:أجل أو زمن يطال ويمتد → ط و ل:B003:طول الزمان الطويل
C1122	0.6741	container / bucket / waterskin / fullness	35	12	13	11	0.05610689	0.1429	1.0	0.9091	1,4,9,13,17,21,23,26,30,31,32,34,36,37,39,40,42,43,47,48,49,51,57,60,72,84,87,88,96,98,103,107,109,110,111	ج ب ل ج م ع خ ب ر ذ ق ن ذ ن ب س ب ل س م ع ع ظ م ق ر ب ك ب ر ل ق ي ن غ ض	kw:container(52.2449); kw:bucket(43.4363); kw:waterskin(40.1571); kw:fullness(35.3267); kw:water(33.8949); kw:vessel(32.29); kw:tool(31.8); kw:abundance(30.8919)	ذ ن ب:B007:الذنوب دلو ممتلئ → ذ ق ن:B005:مَيْلُ الدَّلْوِ وَضِخَمُهَا
C1123	0.674	ecology / plant / herb / vegetation	49	17	17	23	0.059553	0.1691	0.8696	0.6087	3,4,8,11,12,17,18,19,20,23,24,25,26,27,28,29,30,37,38,39,40,44,46,54,55,57,60,65,66,68,76,79,80,83,84,85,87,88,90,91,92,93,95,99,100,102,103,104,108	ء ر ض ب ذ ر ب س ط ج ن ب ح ذ ر ح س ر خ س ف خ ل ف ر ب ب ش ر ر ش ك ر ظ ه ر ع ج ل ع ن ب ق ل ب ك س ف ن ف ل	kw:ecology(71.6169); kw:plant(70.3103); kw:herb(63.231); kw:vegetation(57.2526); kw:pasture(46.1287); kw:ground(35.6904); kw:surface(33.6716); kw:agriculture(32.8628)	ر ب ب:B012:ربة نبات → ع ج ل:B009:النبت المسمى عجلة
C1124	0.674	strength / solidity / capacity / stoutness	34	15	16	16	0.06081419	0.1345	1.0	0.875	1,3,4,5,7,9,12,13,16,17,20,23,29,30,34,36,37,38,40,43,49,51,53,58,59,65,71,76,80,84,89,96,97,98	ء م م ب س ط ج ب ل خ ب ر خ ر ج ش د د ع ب د ع ظ م ع ل و ع م ل ق ر ي ك ل ل ن غ ض ن و ق ي د ي	kw:strength(68.0039); kw:solidity(41.7788); kw:capacity(36.7544); kw:stoutness(32.1114); kw:physique(30.4895); kw:hump(29.9889); kw:female(28.1384); kw:camel(27.8)	ع ب د:B007:القوة والصلابة → ش د د:B002:شدة القوة والصلابة
C1125	0.6739	alliance / emotion_ethics/trust_loyalty / community / support	11	7	10	9	0.06515511	0.2143	1.0	0.8889	6,12,29,33,41,46,75,80,88,97,111	ظ ه ر ف ص ل ق ل ب ن ص ر ن ف ر و ل ي ي د ي	kw:alliance(94.0732); theme:emotion_ethics/trust_loyalty(47.1003); kw:community(44.9672); kw:support(44.478); kw:ally(33.5381); kw:warfare(31.7609); kw:reinforcement(30.2314); kw:solidarity(28.9576)	ي د ي:B016:اليَد الناصرة → ن ص ر:B001:النصرة عون وإظهار
C1126	0.6738	rear / cycle / sequence / time	34	12	15	19	0.05646777	0.1863	1.0	0.6842	1,4,7,9,10,12,15,17,19,21,22,23,31,36,39,43,45,46,47,51,60,62,69,72,76,78,79,87,91,97,99,101,104,111	ء ج ل ء خ ر ب ع د خ ل ف د ب ر ذ ن ب س ح ر ق ف و ك ب ر ل ي ل ن ه ر و ج ه	kw:rear(71.1156); kw:cycle(48.7706); kw:sequence(47.0087); kw:time(45.0739); kw:orientation(42.9968); kw:dawn(42.434); kw:night(35.1871); kw:daylight(32.5328)	ب ع د:B002:البعد بعد القبل → خ ل ف:B002:وراء الشيء وخلاف قدّامه
C1127	0.6738	waterskin / storage / container / craft_material_built/storage_vessels	19	10	11	11	0.05704608	0.2037	1.0	0.8182	1,11,17,18,24,26,30,32,34,37,46,51,56,57,59,60,64,77,96	ح و ل خ ب ر خ و ف ص غ ر ع ج ل غ ر ر ق ر ب ق ر ن ك ن ن م ر ح	kw:waterskin(66.9285); kw:storage(54.3259); kw:container(52.2449); theme:craft_material_built/storage_vessels(46.5066); kw:leather(39.0107); kw:quiver(32.1114); kw:case(31.0619); kw:transport(30.469)	ح و ل:B014:دراجة الصبي → ع ج ل:B004:الإداوة الخفيفة
C1128	0.6738	container / craft_material_built/storage_vessels / storage / receptacle	23	9	9	7	0.05080876	0.1944	1.0	0.8571	2,4,6,13,21,22,23,26,29,32,34,40,49,51,57,62,64,70,76,80,98,101,104	ب ن ي ح ن ك خ ر ج د ر ج ر ف ت غ ر ر ق ر ب ق ع د ك ر م	kw:container(52.2449); theme:craft_material_built/storage_vessels(33.823); kw:storage(32.5956); kw:receptacle(31.0619); kw:bag(30.7655); kw:transport(30.469); kw:fodder(28.4462); kw:leather(26.0072)	خ ر ج:B009:خرج الوعاء ذو الأونين → غ ر ر:B013:الغرارة وعاء محمول
C1129	0.6736	proximity / nearness / relation / approach	25	12	17	29	0.06044229	0.232	1.0	0.6207	2,17,20,23,26,32,33,34,38,46,51,56,57,67,71,73,74,76,80,83,88,97,103,104,111	ء م م ب ع د ج م ع د و ن ع ط و ع ن د ق ر ب ك و د ل د ن م س س و س ل و ل ي	kw:proximity(84.3691); kw:nearness(78.2852); kw:relation(57.3531); kw:approach(49.2484); kw:adjacency(47.0731); kw:space(42.0421); kw:intercourse(38.7554); kw:contact(36.6655)	ق ر ب:B005:القربة والقربان إلى الله → و س ل:B001:التقرب بالوسيلة والرغبة
C1130	0.6736	sharpness / blade / edge / point	28	15	17	27	0.059533	0.2015	0.963	0.6667	2,5,9,15,16,26,32,33,34,36,40,41,46,50,51,52,57,58,64,65,75,77,80,84,94,97,101,102	ء ن ث ح د د ذ ك ر س ل ط س ن ن ش د د ص م م ض ع ف ظ ن ن غ ر ر ف ء د ق ر ب ق ر ي ل د ن ه د ي	kw:sharpness(81.301); kw:blade(79.6986); kw:edge(57.6608); kw:point(42.9143); kw:sword(39.0107); kw:hardness(37.1238); kw:weapon(34.5965); kw:weakness(34.4728)	ح د د:B005:الطرف الحاد والنفاذ → غ ر ر:B012:حد الشفرة والسيف
C1131	0.6736	waterskin / navigation / vessel / transport	22	12	13	15	0.05726164	0.1948	1.0	0.8	1,11,18,23,24,26,32,34,37,43,44,51,56,57,66,67,70,77,93,100,104,108	ب ح ر ح و ل ز خ ر ف س ب ح س ك ن ص غ ر ع ج ل ف ل ك ق ت ر ق ر ب ك ل و م ر ح	kw:waterskin(53.5428); kw:navigation(53.4682); kw:vessel(43.0534); kw:transport(40.6253); theme:movement_travel/transport(34.0591); theme:craft_material_built/storage_vessels(33.823); kw:boat(33.5381); kw:seam(30.2314)	ح و ل:B014:دراجة الصبي → ع ج ل:B004:الإداوة الخفيفة
C1132	0.6735	blade / point / sharpness / tool	24	13	16	22	0.05825943	0.188	1.0	0.7727	1,16,26,32,33,34,40,43,44,50,51,57,58,64,65,66,77,80,85,93,95,100,104,108	ء م ر ء ن ث ح د د س ب ح س ك ن س ل ط س ن ن ط م ن غ ر ر ف ل ك ق ر ب ق ر ي م س ك	kw:blade(92.9817); kw:point(71.5238); kw:sharpness(54.2007); kw:tool(52.9999); kw:edge(46.1287); theme:craft_material_built/craft(44.1618); kw:craft(35.5769); kw:sharpening(33.5381)	ح د د:B005:الطرف الحاد والنفاذ → غ ر ر:B012:حد الشفرة والسيف
C1133	0.6735	edge / border / nature / sunrise	31	12	12	10	0.05387805	0.1515	1.0	0.9	1,3,8,11,12,13,14,17,27,28,30,36,45,50,52,57,58,59,62,67,69,71,78,82,83,89,96,97,98,99,102	ب ص ر ح ج ب ح ج ر ذ ر ر ر ج و س ع ر ش ر ر ش ف ي ش م س ق ر ن ك ف ر ي و م	kw:edge(46.1287); kw:border(44.9833); kw:nature(34.6593); kw:sunrise(34.1547); kw:side(33.6183); kw:light(33.5654); kw:astronomy(32.1222); kw:projection(30.2314)	ر ج و:B003:حافة الشيء وناحيته → ح ج ب:B007:حرف الشيء
C1134	0.6735	ornament / jewelry / adornment / craft_material_built/ornament_beauty	14	11	11	9	0.05851734	0.1636	1.0	1.0	23,39,46,60,62,63,69,70,78,86,88,91,100,103	ج م ع ح ك م ح ن ك ح و ط ذ ه ب ش م س غ ر ق ق ل ب ك ر م م س ك ن خ ل	kw:ornament(97.311); kw:jewelry(70.7234); kw:adornment(65.9276); theme:craft_material_built/ornament_beauty(56.0856); kw:restraint(54.629); kw:bridle(48.7992); kw:bangle(36.9273); kw:fashion(35.7766)	ح ك م:B006:حكمة اللجام → ح ن ك:B003:اللجام تحت الحَنَك والشد به
C1135	0.6734	milk / abundance / udder / fullness	40	17	17	26	0.05573454	0.1912	0.8462	0.6923	1,3,6,8,11,15,17,19,30,40,44,49,51,52,54,56,57,59,60,62,66,67,68,69,70,71,74,77,78,79,81,93,94,95,96,97,98,99,105,110	ب ح ر ج د د ح ش ر ح ل م خ ب ر د ع و د ل ك ر ء ي ر د د ر س ل ر ك ن ز ه ق ش ك ر ص ف و ع س ي ف ط ر ن غ ض	kw:milk(91.9274); kw:abundance(82.3784); kw:udder(79.4023); kw:fullness(70.6534); kw:fertility(53.198); kw:swelling(52.7421); kw:yield(45.7343); kw:lactation(42.6693)	ع س ي:B006:رجاء عودة اللبن → ج د د:B011:انقطاع ماء أو لبن
C1136	0.6734	basin / storage / pool / reservoir	33	14	16	25	0.05648423	0.2119	1.0	0.56	1,2,4,5,6,7,11,16,18,26,32,34,40,41,42,46,51,57,58,60,70,73,74,78,81,82,94,97,99,101,104,109,111	ء ج ل ء خ ذ ب ر ك ب ن ي ج ي ء د ل ك ر ك ن ز ي د ع ج ل ع ر ش ق ر ب ق ر ي ك ر ر ك ن ن	kw:basin(114.1461); kw:storage(97.7867); kw:pool(85.8285); kw:reservoir(74.9722); kw:collection(54.2007); kw:container(52.2449); kw:pond(51.232); kw:hydrology(43.0534)	ء خ ذ:B006:موضع يمسك الماء → ج ي ء:B003:مجتمع الماء في هبطة أو حول حصن
C1137	0.6733	rotation / bewilderment / confusion / circling	21	13	17	23	0.06078095	0.1756	1.0	0.8696	1,5,16,17,18,19,37,52,56,58,60,63,66,67,70,73,77,86,97,103,106	ب ح ر ج و ب ح و ط ح و ل خ ر ق د و ر ذ ه ب ر و د س ع ر ف ر ق ف ر ي ف ل ك ه ل ك	kw:rotation(71.1156); kw:bewilderment(44.9833); kw:confusion(39.1426); kw:circling(34.1547); kw:astonishment(33.004); kw:orbit(32.5328); kw:fright(31.7301); kw:roundness(31.0619)	د و ر:B001:الدوران والإحاطة والاستدارة → ف ل ك:B001:استدارة الشيء ودورانه
C1138	0.6733	blood / redness / insight / purity	32	13	17	17	0.06756008	0.1318	1.0	0.8824	1,7,12,14,15,17,21,25,30,33,35,36,41,45,48,53,59,60,62,66,67,70,72,81,84,89,96,97,99,101,102,110	ب ح ر ب ص ر ب ط ل ب ي ن ح س ب ر ء ي ش ك ل ص ر ف ض ل ل ع م ي ك ي ل ن ظ ر ن ف س	kw:blood(74.8331); kw:redness(53.335); kw:insight(47.5952); kw:purity(47.5872); kw:knowledge(44.8244); kw:sight(42.6693); kw:color(40.9676); kw:whiteness(35.9982)	ر ء ي:B001:رؤية العين والبصيرة → ب ص ر:B001:إبصار العين
C1139	0.6733	excellence / bounty / gift / kinship_society/hospitality_welfare	38	13	14	14	0.06139613	0.1556	1.0	0.7143	2,6,7,8,12,18,21,22,23,24,29,33,34,35,37,39,41,45,46,53,55,59,60,61,66,70,73,74,76,79,80,82,83,87,97,99,109,110	ء ج ل ب ل غ ج ع ل ح س ن ر ب و ز ي د ط ي ن ف ض ل ك ذ ب ك و د ن ع م ن ف ل ي د ي	kw:excellence(66.9285); kw:bounty(57.219); kw:gift(50.4406); theme:kinship_society/hospitality_welfare(49.805); kw:increase(40.0012); kw:generosity(36.4916); kw:surplus(31.3821); kw:donation(30.7655)	ي د ي:B003:اليَد النعمة → ن ع م:B001:حسن الحال والنعمة
C1140	0.6731	camel / ground / mounting / breeding	13	11	11	12	0.05765831	0.2182	1.0	0.75	8,12,18,22,24,46,51,68,79,83,90,97,104	ج ن ب ح ص ر خ ف ض د ب ر ذ م م س ع ر س ن و ف ط ر ل ف ف ن ب ع ه ج د	kw:camel(55.6001); kw:ground(35.6904); kw:mounting(33.5381); kw:breeding(28.9576); kw:lowering(27.9929); kw:moisture(26.0072); kw:meat(25.6736); kw:emergence(24.9444)	ح ص ر:B011:مجمع الأضلاع في الجنب → ج ن ب:B007:داء الجنب وأثره في البدن
C1141	0.6731	ailment / disease / medicine / health	28	11	11	9	0.05334679	0.1636	1.0	0.8889	1,2,9,13,29,35,39,40,46,52,53,58,60,62,66,67,68,70,73,74,76,78,79,83,85,97,99,111	ء خ ذ ب ح ر ج ن ب د ب ر ر ء ي ع د و غ ل ل ق ل ب ق ل ل ق و م ل ق ي	kw:ailment(58.6776); kw:disease(46.0458); kw:medicine(37.3676); kw:health(35.9198); theme:body_health_life/disease_injury(34.5847); theme:body_health_life/health_medicine(28.9107); kw:physiology(23.4124); kw:heat(22.0406)	ب ح ر:B014:اشتداد العطش مع عدم الرِّيّ → ج ن ب:B007:داء الجنب وأثره في البدن
C1142	0.673	generosity / honor / blessing / virtue	24	13	17	27	0.06291752	0.2093	0.9259	0.7407	5,9,11,13,19,20,23,35,38,41,52,62,70,72,75,78,83,88,89,90,91,99,102,108	ء ج ل ج و ب ح ي ي خ ي ر س ع ي ش ر ر ف ج ر ف ع ل ك ر م ك ر ه ن ش ر ن ع م ه ا ء	kw:generosity(72.9832); kw:honor(68.8237); kw:blessing(51.1888); kw:virtue(49.8887); kw:dialogue(48.7992); kw:answer(46.5929); kw:nobility(38.5105); kw:assent(35.7766)	ن ع م:B004:الجواب بنعم والتصديق → ء ج ل:B003:جواب التصديق أجل
C1143	0.673	alarm / fear / warning / conflict_security/protection_security	21	11	16	22	0.06590834	0.1982	1.0	0.7273	1,2,12,17,31,36,37,40,46,47,57,59,60,73,98,100,101,104,105,106,111	ء خ ذ ء ذ ن ء ي ي ب ع د ح ذ ر خ ر ق خ ش ي خ و ف س م ع ف ر ق ن ذ ر	kw:alarm(74.4006); kw:fear(73.3311); kw:warning(43.4363); theme:conflict_security/protection_security(42.4901); kw:risk(39.1426); theme:conflict_security/danger_harm(36.1021); kw:danger(35.8423); kw:precaution(35.7766)	خ ش ي:B001:الخوف والخشية مع الهيبة → خ و ف:B001:ذعر يتوقع المكروه
C1144	0.6728	purity / dignity / foundation / essence	40	12	17	23	0.06029995	0.1783	0.9565	0.6522	1,3,4,5,7,9,12,13,14,15,17,21,23,25,30,31,33,35,40,43,46,49,51,53,56,58,60,61,62,65,78,79,87,92,95,96,97,98,100,111	ج د د ز ع م ص ف و ص م م ع ب د ع ظ م ف ص ل ق ل ب ق و م ك ب ر م ل ك ن ف س	kw:purity(47.5872); kw:dignity(44.6404); kw:foundation(43.4363); kw:essence(42.2076); kw:majority(34.884); kw:majesty(34.884); kw:governance(33.7797); kw:pillar(31.7301)	ك ب ر:B002:معظم الأمر → ع ظ م:B002:معظم الشيء
C1145	0.6728	watcher / surveillance / replacement / precedence	29	12	13	12	0.05586049	0.1558	1.0	0.9167	7,10,15,17,19,21,22,23,29,34,39,40,45,48,56,58,61,62,69,72,76,77,91,92,95,100,104,107,111	ء خ ر ب ع د خ ذ ل خ ل ف س ط ر ع ن ب ع ه د ق ب ل ق ع د ك ل و م ل ك ن ظ ر	kw:watcher(53.6648); kw:surveillance(31.3821); kw:replacement(29.9889); kw:precedence(27.4588); theme:law_governance/authority_governance(26.5359); kw:herd(25.7544); kw:security(24.1599); kw:attention(23.6948)	ب ع د:B002:البعد بعد القبل → خ ل ف:B002:وراء الشيء وخلاف قدّامه
C1146	0.6727	rupture / damage / opening / perforation	21	11	17	23	0.06371551	0.1825	0.9565	0.8696	1,5,12,17,30,36,37,46,51,52,59,66,67,70,73,91,96,102,106,107,109	ب ح ر ب ص ر ج و ب خ ر ر خ ر ق خ ل ل ف ر ق ف ر ي ف ط ر ق ص و و ق ر	kw:rupture(53.335); kw:damage(37.4165); kw:opening(37.1238); kw:perforation(30.7655); kw:traversal(30.7655); kw:notch(29.9889); kw:textile(29.6482); kw:breach(29.544)	خ ر ق:B002:الجوب والاختراق في الأرض والريح → ج و ب:B002:قطع الأرض والبلاد
C1147	0.6725	camel / pregnancy / reproduction / fertility	27	14	15	21	0.0546493	0.2019	1.0	0.7143	1,8,11,13,16,18,22,26,28,29,30,33,39,47,51,56,57,59,64,69,76,77,80,81,97,105,106	ب س ط ح ق ق ح و ل خ ر ج خ ل ف ر ج ل ر ج و ص م م ع ج ل ع و د ف ر ق ق ع د ل ق ي ن و ق	kw:camel(83.4001); kw:pregnancy(64.8028); kw:reproduction(50.9932); kw:fertility(42.5584); theme:body_health_life/reproduction_birth(40.1327); kw:biology(39.4154); kw:livestock(38.1273); kw:riding(29.1436)	خ ل ف:B013:أسماء خاصة للحيوان والنبات والعادة → ف ر ق:B008:فارق نادة وسحابة منفردة
C1148	0.6725	enmity / hostility / conflict_security/conflict / enemy	15	10	12	13	0.0575228	0.2031	1.0	0.8462	8,12,17,31,33,37,51,52,53,56,69,78,101,102,104	ب ع د س ن و ش م س ط و ل ظ ن ن ع د د ع د و ع و د ق ت ل ك ش ف	kw:enmity(73.8599); kw:hostility(68.0407); theme:conflict_security/conflict(58.4133); kw:enemy(47.0731); kw:adversary(35.7766); kw:conflict(34.5926); kw:recurrence(27.3357); kw:opposition(27.1003)	ظ ن ن:B007:ظنين معاد → ع د و:B003:العَدُوّ والعداوة
C1149	0.6725	quantity / completion / measurement / measure	22	13	14	12	0.06340407	0.1333	1.0	1.0	1,4,6,9,12,13,14,18,22,23,33,34,35,58,62,63,78,79,82,88,97,103	ج م ع ح ر م ح س ب خ س ر ذ م م ق س ط س ق ض ي ق و م ك ر ر ك ي ل و ز ن و ف ر و ف ي	kw:quantity(69.574); kw:completion(62.8738); kw:measurement(57.6608); kw:measure(55.855); kw:justice(44.8955); kw:fulfillment(43.4363); kw:weight(40.0012); kw:scale(39.0107)	و ز ن:B002:ميزان العدل والقسط → ق س ط س:B001:الميزان القسطاس
C1150	0.6723	exchange / sound / music / economy_property/commerce_exchange	30	13	15	14	0.06223866	0.1373	1.0	0.9286	1,5,9,15,20,28,36,39,47,54,55,59,64,67,68,69,73,77,78,81,83,84,85,86,93,94,95,105,107,108	ب ط ل ت ل و د ل ك ر س ل ر و ح س م ع ص و ت ع ر ض ع ط و ع م ل ف ع ل ن ب ء و ح ي	kw:exchange(54.5523); kw:sound(51.3748); kw:music(41.9894); theme:economy_property/commerce_exchange(39.9715); kw:voice(37.4165); theme:cognition_perception/perception(32.9428); kw:leisure(32.5328); kw:matching(32.5328)	و ح ي:B005:صوت خفي → ن ب ء:B006:الصوت الخفي الملتبس
C1151	0.6722	language_communication/writing_text / recitation / scripture / education	29	15	17	24	0.0572939	0.1791	1.0	0.75	2,4,9,13,14,15,16,17,23,34,39,41,45,46,48,55,58,60,67,71,72,78,82,88,89,91,93,97,106	ج ن ن ح و ط ذ ك ر ز ب ر ض ل ل ظ ه ر ع ه د ق ر ء ق ر ن ق ر ي ق ل ب ك ت ب ك ل و ل ق ي ن ش ر	theme:language_communication/writing_text(85.7168); kw:recitation(74.4006); kw:scripture(59.0879); kw:education(53.7561); kw:attention(47.3897); kw:memory(46.645); kw:learning(43.4363); kw:writing(39.8493)	ك ت ب:B002:نظم الحروف واسم المكتوب → ز ب ر:B003:الكتابة والكتاب والزبور
C1152	0.6722	calculation / quantity / measurement / measure	28	11	14	17	0.0575415	0.1932	1.0	0.7059	5,7,9,12,13,14,15,23,25,30,32,33,34,35,37,44,49,51,58,61,62,70,78,79,82,97,98,99	ب ل غ ح س ب ح ل م خ س ر خ ل ق ش د د ف ح ش ق د ر ق و م ن ف س و ز ن	kw:calculation(63.4603); kw:quantity(57.9783); kw:measurement(46.1287); kw:measure(44.684); kw:planning(41.9894); kw:limit(40.3171); kw:weight(40.0012); kw:maturity(39.2775)	ق د ر:B005:تدبير الأمر بتقدير ونظر → خ ل ق:B001:تقدير الشيء وقياسه
C1153	0.6721	virtue / surplus / superiority / goodness	27	13	17	29	0.06228175	0.2248	0.9655	0.5862	5,7,11,12,21,29,30,35,37,48,55,64,66,67,68,70,73,79,83,84,87,88,89,91,99,104,108	ب ر ر ب س ط خ ل ل خ ي ر خ ي ل ش ر ر ش ك ل ض ر ب ط و ل ف ض ل م ث ل ن ف ل و ع د	kw:virtue(87.3052); kw:surplus(47.0731); kw:superiority(46.5929); kw:goodness(45.7343); kw:bounty(42.9143); kw:selection(41.3787); kw:favor(40.8244); kw:charity(37.2198)	ف ض ل:B002:الدرجة والفضيلة → ب س ط:B003:السعة والزيادة والفضل
C1154	0.6721	speed / travel / gait / fertility	45	17	17	23	0.05325506	0.1691	0.9565	0.6522	1,2,9,13,14,15,17,24,25,26,29,39,41,45,46,47,48,54,55,59,60,62,67,68,69,71,73,77,78,82,85,86,88,89,92,93,94,95,97,99,101,105,106,107,109	ء ت ي ء و ب ج ن ح ذ ق ن ر ء ي ر س ل س ع ر س ن ن ض ر ب ف ر ق ق ر ء ق ر ن ل ق ي ن ج و ن و ق و ح ي ي د ي	kw:speed(56.8604); kw:travel(52.9385); kw:gait(49.2484); kw:fertility(42.5584); kw:mating(41.7788); kw:haste(39.5566); kw:camel(37.0667); kw:locomotion(35.7659)	ض ر ب:B011:ضرب الفحل الناقة → س ن ن:B007:إكباب بدفع أو عض
C1155	0.6721	textile / edge / thong / strap	27	11	11	9	0.05369814	0.1636	0.8889	1.0	1,5,10,12,15,17,29,30,36,37,47,49,54,57,58,59,64,73,77,91,92,96,98,101,102,107,111	ب ص ر ج د د خ ر ق خ ل ل س ح ر س ق ط ش ر ك ع ذ ب غ ر ر غ ل ل ق ب ل	kw:textile(39.5309); kw:edge(34.5965); kw:thong(33.004); kw:strap(29.544); kw:end(28.9576); kw:extremity(27.7169); kw:tip(26.8781); theme:craft_material_built/craft(25.7611)	ب ص ر:B006:غلظ الحافة ووصل الشقتين → خ ر ق:B001:الشَّق والثقب والقطعة
C1156	0.6719	camel / fertility / livestock / reproduction	33	15	15	19	0.05512231	0.181	1.0	0.6842	1,7,9,11,13,14,17,18,29,30,39,40,41,45,46,47,56,59,60,64,71,76,77,78,80,82,88,89,93,96,97,101,106	ب س ط ت ب ر ت س ع ح و ل خ ب ر خ ر ج خ ل ف ر ج ل ص ف و ص م م ع ج ل ف ر ق ق ر ء ل ق ي ن و ق	kw:camel(64.8667); kw:fertility(63.8376); kw:livestock(57.1909); kw:reproduction(50.9932); kw:abundance(41.1892); kw:pregnancy(38.8817); kw:female(28.1384); theme:body_health_life/reproduction_birth(28.0929)	خ ل ف:B013:أسماء خاصة للحيوان والنبات والعادة → ف ر ق:B008:فارق نادة وسحابة منفردة
C1157	0.6718	power / sovereignty / politics / ownership	39	15	17	18	0.06143395	0.1343	1.0	0.7778	2,4,7,14,15,16,25,28,29,30,33,37,39,40,44,45,48,55,56,61,65,67,73,75,76,79,80,83,85,86,90,92,95,99,100,102,103,104,111	ء خ ذ ء ر ض ء م ر ح ج ب س ل ط ص ف و ض ر ب ع ر ض ق د ر م ل ك م و ت ن ف س ن ف ل و ح ي ي د ي	kw:power(65.5548); kw:sovereignty(60.9791); kw:politics(52.5539); kw:ownership(50.4406); kw:governance(45.0396); kw:hierarchy(43.4607); kw:authority(41.9427); theme:law_governance/authority_governance(41.6993)	ص ف و:B003:الصفي والصفايا حصة مختارة مخصوصة → ن ف ل:B002:الغنيمة والزيادة منها
C1158	0.6718	face / disease / body_health_life/disease_injury / paralysis	27	11	11	10	0.05339039	0.1818	1.0	0.8	2,6,7,9,12,13,18,22,29,30,35,39,40,44,46,54,58,62,68,73,74,75,78,79,86,97,111	ء خ ذ ح ص ب ح ي ي ذ م م ر د د ش ي ء ق ع د ق ل ب ق و م ل ق ي و ج ه	kw:face(71.9964); kw:disease(69.0687); theme:body_health_life/disease_injury(49.9557); kw:paralysis(36.9273); theme:body_health_life/health_medicine(32.5245); kw:lameness(32.1114); kw:pustule(32.1114); kw:eruption(30.2314)	ق و م:B020:قوام في قوائم الشاة → ل ق ي:B001:عوج يأخذ الوجه
C1159	0.6716	heart / courage / organ / knowledge	27	12	15	19	0.05792882	0.1863	1.0	0.7368	1,12,17,30,36,39,40,44,46,56,59,60,61,62,69,74,75,85,88,91,92,95,96,99,100,102,111	ب ص ر ث ب ت ج ن ن ح ك م ح ل م ر ء ي ر و ح ف ء د ف ق ه ق ل ب م ل ك م و ت	kw:heart(87.0738); kw:courage(39.2775); kw:organ(39.0107); kw:knowledge(33.6183); kw:spirit(29.7602); kw:reason(29.7602); kw:wisdom(29.1436); kw:vitality(28.1384)	ف ء د:B002:الفؤاد قلب منظور إليه كتوقد داخلي → ق ل ب:B001:القلب والفؤاد
C1160	0.6716	eye / vision / blackness / cognition_perception/perception	46	16	16	14	0.05800694	0.1167	1.0	0.7857	1,7,11,12,13,14,15,16,17,18,19,21,23,25,26,30,32,33,36,37,38,42,45,48,53,57,59,60,67,69,71,72,78,81,83,84,88,89,94,96,100,102,103,105,106,110	ء ن س ب ص ر ج ب ل ح ج ب ح ذ ر ح ق ق ر و د س ب ل ش ك ل ظ ه ر ع ن د غ ر ق غ س ق م ر ح ن ظ ر ن ف س	kw:eye(107.7593); kw:vision(93.6495); kw:blackness(38.5105); theme:cognition_perception/perception(32.9428); kw:irritation(32.1114); kw:pupil(31.7301); kw:stream(28.7797); kw:tear(27.9929)	ء ن س:B005:إنسان العين وصورة الإنسان في السواد → ن ظ ر:B008:العين وموضع النظر فيها
C1161	0.6716	impact / strike / blow / force	12	9	10	9	0.05784635	0.2045	1.0	0.8889	7,31,48,60,69,75,85,88,97,103,107,109	ج م ع ذ ق ن ذ و ق ر و ح ش ج ر ص م م ض ر ب م ل ق و ج ه	kw:impact(77.0209); kw:strike(66.9285); kw:blow(63.7919); kw:force(44.5461); kw:punishment(34.787); kw:beating(31.0619); kw:chin(30.4895); kw:jaw(30.2314)	ض ر ب:B001:إيقاع شيء على شيء → ص م م:B012:إيقاع الضرب الشديد
C1162	0.6715	orientation / opposition / encounter / dialogue	19	9	14	20	0.05825615	0.2439	1.0	0.65	1,7,12,13,17,23,33,39,46,52,56,58,77,91,92,97,104,107,111	ب ع د ج و ب ح و ل د ب ر ق ب ل ل ق ي ن ه ر و ج ه و ل ي	kw:orientation(64.4953); kw:opposition(54.2007); kw:encounter(39.7012); kw:dialogue(32.5328); kw:reception(32.1114); kw:facing(32.1114); kw:confrontation(29.7602); kw:front(29.1436)	و ج ه:B003:المواجهة والتقابل → ق ب ل:B001:مواجهة الشيء للشيء
C1163	0.6715	bone / skeleton / hardness / body_health_life/anatomy	14	9	10	10	0.05434992	0.2273	1.0	0.8	12,37,40,45,49,50,66,67,70,77,88,91,97,98	ب ح ر ج ب ل ج ن ن ح ج ب ح ج ر س ن ن ص م م ع ظ م ف ص ل	kw:bone(90.1406); kw:skeleton(42.9143); kw:hardness(37.1238); theme:body_health_life/anatomy(36.7521); kw:anatomy(31.3884); kw:rock(28.2893); kw:connection(27.8525); kw:joint(27.3357)	ف ص ل:B005:مفصل بين عضوين أو قطعتين → ع ظ م:B005:العَظْم الصلب
C1164	0.6714	composure / dignity / pride / reason	41	14	17	21	0.06218443	0.1579	0.9048	0.7143	1,3,4,5,7,9,14,15,17,21,23,25,30,31,33,35,39,40,43,44,46,49,51,53,54,59,60,65,68,69,74,77,87,93,94,95,96,98,105,106,111	ث ب ت ج د د ح ك م ح ل م ر س ل ر ك ن ع ب د ع ظ م ع ل و ك ب ر م ك ث ن ف س و ز ن و ق ر	kw:composure(64.2228); kw:dignity(59.5205); kw:pride(54.2007); kw:reason(44.6404); kw:deliberation(43.7155); theme:emotion_ethics/ethics_morality(42.78); kw:arrogance(41.9894); kw:authority(41.9427)	ك ب ر:B006:العظمة والكبرياء → ع ظ م:B006:التعاظم والزهو
C1165	0.6714	impact / strike / blow / type	18	9	11	10	0.05617521	0.1887	1.0	0.9	1,3,5,7,17,23,30,31,48,53,65,84,92,96,97,106,107,109	ذ ق ن س ق ط ش ك ل ص م م ض ر ب ع ب د ف ر ق م ل ق و ج ه	kw:impact(77.0209); kw:strike(66.9285); kw:blow(63.7919); kw:type(49.5059); kw:force(44.5461); kw:listening(31.3821); kw:beating(31.0619); kw:form(26.2769)	ض ر ب:B001:إيقاع شيء على شيء → ص م م:B012:إيقاع الضرب الشديد
C1166	0.6713	law_governance/authority_governance / charity / office / administration	30	14	17	23	0.06265866	0.1769	1.0	0.7391	7,9,10,13,16,19,26,27,33,45,46,48,64,67,68,69,70,76,79,80,82,84,85,90,93,94,97,100,107,111	ء م ر ء م ن ب ذ ر ب ر ر ج ل ب خ ر ج د خ ل س ع ي ص د ق ط و ع ع م ل ن ف ق ن ف ل و ل ي	theme:law_governance/authority_governance(64.4444); kw:charity(49.6264); kw:office(47.0731); kw:administration(43.1696); kw:covenant(41.3787); kw:leadership(38.7554); kw:revenue(31.7301); kw:surplus(31.3821)	ع م ل:B003:ولاية العمل والقيام عليه → س ع ي:B003:ولاية وسعاية على القوم
C1167	0.6713	hide / leather / skin / craft	15	11	11	10	0.05701021	0.1818	1.0	0.9	9,16,29,37,44,47,60,64,67,73,78,93,94,100,105	ب ش ر ج ل ب ح ل م خ ر ق د ل ك غ ر ر غ ل ل ف ت ن ف س ق م س ك ن ج و	kw:hide(54.9176); kw:leather(52.0143); kw:skin(48.3198); kw:craft(35.5769); kw:friction(31.3821); kw:peeling(31.3821); kw:material(28.2385); kw:extraction(25.08)	غ ل ل:B012:بقية لحم في الإهاب → م س ك:B005:جلد يمسك ما فيه
C1168	0.6712	capacity / superiority / selection / favor	33	14	17	27	0.06194854	0.2077	0.963	0.5926	1,4,5,7,11,12,21,28,29,30,35,37,41,43,45,48,53,55,56,66,67,70,73,77,87,88,89,91,96,99,101,106,110	ب ح ر ب س ط ب ي ن ح و ل خ ل ل خ ي ر ص ر ف ط و ل ع ل و ف ر ق ف ص ل ف ض ل م ث ل ي س ر	kw:capacity(49.0059); kw:superiority(46.5929); kw:selection(41.3787); kw:favor(40.8244); kw:rank(38.6317); kw:interval(38.3916); kw:virtue(37.4165); kw:division(36.4916)	ف ص ل:B001:إبانة شيء من شيء حتى يظهر الحد بينهما → ف ر ق:B001:تمييز وتزييل بين شيئين
C1169	0.6712	appearance / mankind / countenance / visage	33	12	13	15	0.05962326	0.1948	1.0	0.6	7,9,11,13,14,15,23,25,28,31,33,40,41,46,47,53,57,59,60,64,67,71,75,83,88,89,93,94,97,100,105,106,111	ء م م ء ن ث ء ن س ب ش ر ح ي ي خ و ف ذ ك ر ر ج ل ع ر ض ن ف س و ج ه و ل د	kw:appearance(43.1103); kw:mankind(36.9273); kw:countenance(34.884); kw:visage(34.884); kw:human(32.5328); kw:anthropology(32.1114); kw:gender(31.722); kw:masculinity(31.0619)	ء ن ث:B001:الأنثى خلاف الذكر → ذ ك ر:B001:الذكر خلاف الأنثى
C1170	0.6712	wisdom / effort / maturity / adulthood	27	12	13	12	0.05673872	0.1558	1.0	0.9167	1,4,5,23,29,30,34,37,39,42,44,47,49,51,57,58,59,62,67,73,74,78,83,86,97,98,99	ء ل ي ب ل غ ج د د ح ك م ح ل م ح ن ك س ب ع ش د د ص م م ق د ر ن ع م ن و ق	kw:wisdom(43.7155); kw:effort(40.8244); kw:maturity(39.2775); kw:adulthood(34.1547); kw:perfection(31.7301); kw:lifecycle(31.3821); kw:diligence(31.3821); kw:mastery(29.1436)	ج د د:B008:عزم واجتهاد → ء ل ي:B010:الاجتهاد وبذل الجهد
C1171	0.6711	bird / tree / growth / impossibility	25	13	15	20	0.05251527	0.1942	1.0	0.8	2,4,6,7,8,12,13,16,18,21,22,26,29,33,39,40,45,46,60,64,70,80,99,101,104	ب ن ي ج ع ل خ ي ل د خ ل د ر ج د م ر ش ج ر ط ي ر ع ن ق غ ر ر غ ل ل ق ع د ل ف ف	kw:bird(46.9162); kw:tree(45.2608); kw:growth(42.1427); kw:impossibility(35.7766); theme:agriculture_food/plant_vegetation(35.0919); kw:vegetation(34.3516); kw:ecology(30.693); kw:thicket(29.544)	ط ي ر:B001:خفة الطيران والطير → د ر ج:B009:طائر الدُّرّاج
C1172	0.6711	attention / orientation / aversion / refusal	20	11	13	13	0.06254496	0.1711	1.0	0.8462	1,15,28,33,46,48,51,56,58,67,72,76,77,81,83,88,92,97,107,111	ب ط ل ت ل و ح و ل خ ل ف د ب ر ر ء س ض ل ل ظ ه ر ع ر ض ق ب ل و ل ي	kw:attention(59.2371); kw:orientation(53.746); kw:aversion(51.6738); kw:refusal(42.9143); kw:abandonment(40.6505); kw:back(37.5174); kw:memory(34.9837); kw:posterior(32.1114)	ع ر ض:B005:الإعراض تولية العرض → و ل ي:B007:الإدبار والإعراض
C1173	0.6711	baseness / fall / smallness / value	21	11	12	12	0.05856567	0.1846	1.0	0.8333	2,11,16,28,45,52,53,56,57,66,67,71,83,88,92,96,97,101,107,109,110	ء م م ب ي ن خ ر ر د ع و د م ر د و ن ز ج و س ق ط ظ ه ر ع ر ض ي س ر	kw:baseness(44.316); kw:fall(40.6505); kw:smallness(39.2775); kw:value(35.5423); kw:goods(34.884); kw:quantity(34.787); kw:scarcity(32.7774); kw:moderation(32.5328)	ي س ر:B002:قلة يسيرة → ء م م:B013:الأمم اليسير الحقير
C1174	0.671	time_measure_quantity/measurement / majority / majesty / cauldron	31	11	17	24	0.06019141	0.1951	0.9583	0.75	4,6,7,9,14,15,17,21,23,25,30,31,33,37,40,43,47,49,51,60,64,66,67,70,87,88,89,96,98,103,111	ب ح ر ج ب ل ج د د ج م ع خ ب ر ر ج ل ع ظ م ك ب ر ك ث ر ن غ ض ن ف س	theme:time_measure_quantity/measurement(41.3243); kw:majority(34.884); kw:majesty(34.884); kw:cauldron(34.884); kw:greatness(33.5381); kw:magnitude(32.5328); kw:abundance(30.8919); theme:time_measure_quantity/quantity_number(29.9649)	ك ب ر:B002:معظم الأمر → ع ظ م:B002:معظم الشيء
C1175	0.671	repair / reform / luxury / education	50	12	16	20	0.05634553	0.1739	1.0	0.55	2,4,5,6,7,8,9,12,16,17,19,20,23,24,25,26,27,28,30,31,35,38,39,40,46,51,54,55,57,59,60,64,65,66,70,71,73,79,80,83,84,85,87,93,100,101,102,104,108,111	ء م م ء و ل ب ن ي ت ر ف ر ب ب ر ب و س ع ي ص ل ح ع م ل غ ي ر ن ع م و ل د	kw:repair(50.1599); kw:reform(33.004); kw:luxury(27.7169); kw:education(26.8781); kw:welfare(26.4674); kw:comfort(26.4674); kw:ethics(26.3416); kw:blessing(25.5944)	ت ر ف:B001:سعة النعمة التي تطلق صاحبها → ن ع م:B002:اللين والنعومة ورفاه العيش
C1176	0.6708	blessing / ritual_belief/religion_worship / mercy / ritual_belief/belief_revelation	39	13	14	15	0.05860215	0.1667	1.0	0.6667	1,8,11,15,18,24,28,30,31,39,43,44,52,54,56,57,59,66,67,68,69,70,71,73,75,77,78,82,86,87,93,94,95,100,102,105,106,108,110	ب ر ك ح ي ي خ ف ض د ع و ر ح م ر ز ق ر س ل س ب ح ص ل و ص ل ي ف ر ق ن ز ل و ح ي	kw:blessing(63.9861); theme:ritual_belief/religion_worship(42.6898); kw:mercy(41.0035); theme:ritual_belief/belief_revelation(38.7523); kw:glorification(36.9273); kw:religion(32.5067); kw:forgiveness(31.7301); kw:dispatch(31.0619)	ص ل ي:B002:الدعاء والبركة والرحمة → ص ل و:B002:الدعاء والثناء والرحمة
C1177	0.6708	grandeur / honor / enormity / awe	26	10	14	13	0.0632953	0.1548	1.0	0.9231	1,4,9,12,14,16,21,23,31,40,43,48,49,51,59,60,62,64,73,85,87,98,99,101,110,111	ء م ر ء ي ي ج د د ج ه ر ح س ب ر ء ي ط و ع ع ظ م ف ر ي ك ب ر	kw:grandeur(35.7766); kw:honor(34.4119); kw:enormity(34.1547); kw:awe(33.5381); kw:magnitude(32.5328); kw:marvel(32.1114); kw:reflection(31.7301); kw:wonder(30.2314)	ء م ر:B006:الأمر العظيم المنكر → ف ر ي:B004:أمر فَرِيّ عجيب
C1178	0.6707	body_health_life/reproduction_birth / birth / reproduction / pregnancy	43	16	17	22	0.06020098	0.163	0.9545	0.6364	1,8,9,11,14,18,23,24,26,28,31,32,34,41,45,46,47,51,54,57,58,60,62,63,64,66,69,71,75,77,78,82,87,88,89,92,93,99,100,106,107,110,111	ت ب ع ت ل و ر ء ي ر ج ل ر ج و ر ح م س ق ط ص ل و ص ل ي ظ ه ر ع ج ل ق ب ل ق ر ء ق ر ب م و ت و ل د	theme:body_health_life/reproduction_birth(144.4776); kw:birth(86.6222); kw:reproduction(81.5892); kw:pregnancy(51.8423); kw:parturition(47.5952); kw:spine(44.6404); kw:womb(40.0012); kw:kinship(38.0967)	ص ل ي:B006:الصَّلا موضع الظهر والذنب → ص ل و:B005:الصَّلا من الظهر والجنب
C1179	0.6707	hair / pattern / imitation / method	39	15	16	22	0.05672369	0.1849	1.0	0.5909	9,12,13,14,16,25,26,32,36,40,41,42,44,45,46,47,48,56,58,60,61,63,64,71,72,76,78,82,84,88,89,92,93,95,99,100,106,110,111	خ ل ف ر ج ل س ب ل ش ر ك ط ي ر غ ر ر غ ف ر ف ر ق ف ص ل ق ر ء ق ر ي ق ف و م ث ل م ل ك و ف ر	kw:hair(72.6452); kw:pattern(61.2574); kw:imitation(47.0731); kw:method(47.0731); kw:grooming(40.3171); kw:model(32.5328); kw:conformity(31.3821); kw:channel(26.5662)	ق ر ء:B011:طريقة ومثال وقصد → ق ر ي:B006:كون الأشياء على قرو واحد
C1180	0.6707	destruction / ruin / peril / passage	19	13	17	19	0.06600649	0.1508	1.0	1.0	5,7,12,16,17,37,46,47,57,58,59,60,67,73,76,81,91,92,102	ت ب ر ث ب ر ج ب ل خ ل ف خ ل ل خ و ف د ب ر د م ر ز ه ق س ق ط ف ص ل ن ج و ه ل ك	kw:destruction(71.9964); kw:ruin(48.8874); kw:peril(47.5952); kw:passage(47.5872); kw:topography(39.2775); kw:eradication(34.1547); kw:loss(33.6183); kw:doom(30.2314)	ه ل ك:B001:السقوط إلى الهلاك والفناء → ث ب ر:B002:الهلاك والثبور
C1181	0.6706	imitation / direction / intention / conduct	36	10	12	13	0.05855979	0.2031	1.0	0.5385	2,7,9,12,14,15,26,40,41,45,46,48,49,55,58,59,60,71,73,77,78,82,84,85,88,89,92,93,94,97,98,99,101,106,107,111	ء ت ي ء خ ذ ج د د س ن و ش ك ل ق ب ل ق ر ء م ث ل ه د ي و ج ه	kw:imitation(62.7642); kw:direction(47.5872); kw:intention(37.6199); kw:conduct(31.7301); kw:method(31.3821); kw:manner(30.7655); kw:course(28.9576); kw:source(28.7797)	ه د ي:B002:جهة الأمر وسيرته وقصده → ء خ ذ:B009:الأخذ بالسيرة والشكل
C1182	0.6705	rupture / opening / expansion / fissure	29	16	17	23	0.06004844	0.1704	0.913	0.8261	1,5,7,11,12,13,14,15,17,23,25,30,33,36,37,49,51,52,59,64,73,78,83,90,91,96,98,102,106	ب ص ر ث ب ر ج د د ج و ب خ ر ق خ ل ل ش ر ر غ ر ر ف ج ر ف ر ق ف ر ي ف ط ر ق ص و ن ش ر ن ف س ن ه ر	kw:rupture(93.3362); kw:opening(74.2476); kw:expansion(73.347); kw:fissure(44.0082); kw:damage(37.4165); kw:cutting(37.4165); theme:condition_force_change/change_transition(31.6036); kw:split(29.7602)	خ ر ق:B001:الشَّق والثقب والقطعة → ج و ب:B001:الخَرْق والقطع النافذ
C1183	0.6705	heart / courage / mind / interior	12	9	12	11	0.06116653	0.1774	1.0	1.0	7,13,36,46,47,64,74,75,88,91,97,110	ث ب ت ج ن ن خ ف ت ر ج ل ط ي ر ف ء د ق ل ب م و ت و ج ه	kw:heart(99.5129); kw:courage(39.2775); kw:mind(28.1384); kw:interior(26.9877); kw:strike(26.7714); kw:organ(26.0072); kw:fear(24.4437); kw:psychology(22.273)	ف ء د:B002:الفؤاد قلب منظور إليه كتوقد داخلي → ق ل ب:B001:القلب والفؤاد
C1184	0.6704	weakness / health / frailty / emaciation	23	12	15	20	0.05899161	0.198	1.0	0.75	2,5,9,15,36,40,52,56,66,67,68,69,70,73,75,84,91,94,97,101,102,110,111	ء خ ذ ب ح ر خ س ف خ ف ت خ ل ل ض ر ر ض ع ف ظ ن ن ف ء د ق ص ف م و ت ه د ي	kw:weakness(68.9456); kw:health(47.893); kw:frailty(41.9894); kw:emaciation(39.2775); theme:condition_force_change/capacity_ability(38.5902); kw:illness(37.9386); kw:heart(37.3173); kw:disease(34.5343)	ف ء د:B004:ضعف الفؤاد حتى كأنه لا فؤاد له → م و ت:B006:موتان الفؤاد
C1185	0.6704	top / head / summit / rear	33	11	12	11	0.0537156	0.1692	1.0	0.8182	1,4,7,9,10,15,19,21,22,23,31,36,39,43,45,46,47,51,52,60,61,62,64,69,71,72,74,76,85,87,104,107,111	ء خ ر ء م م د ب ر ر ء س ر ج ل س ج د ص د ر ع ل و ق ف و ق ل ل ك ب ر	kw:top(59.5205); kw:head(47.9976); kw:summit(45.3471); kw:rear(42.6693); kw:skull(32.5328); kw:limb(24.9444); kw:anatomy(23.5413); kw:burden(23.4581)	ء خ ر:B003:المؤخر والخلف → ق ف و:B002:مؤخر الرأس والعنق وما يؤتى من الخلف
C1186	0.6703	life / soul / breath / body_health_life/physiology	30	12	16	26	0.05907373	0.2364	0.8462	0.6923	1,7,12,14,15,16,17,18,19,24,25,28,30,31,33,36,44,54,59,67,69,70,74,75,83,85,86,96,102,103	ب ص ر ح ي ي ر ب و ر و ح ر و د ش ي ء ط ي ب ع ر ض ق ت ل ق و ف ك ذ ب ن ف س	kw:life(82.0071); kw:soul(58.6776); kw:breath(54.4326); theme:body_health_life/physiology(46.839); kw:spirit(44.6404); kw:self(43.7155); kw:physiology(35.1186); kw:mortality(32.3757)	ن ف س:B011:النفس التي بها الحياة → ر و ح:B001:النفس والروح التي بها حياة البدن
C1187	0.6703	arrogance / pride / haughtiness / superiority	32	12	16	22	0.06028875	0.1913	1.0	0.6364	4,7,9,12,21,23,28,31,37,40,42,43,44,49,51,55,57,60,64,66,67,68,70,87,92,93,95,98,99,102,110,111	ب ر ر ب غ ي خ ي ل س م و ط غ و ط غ ي ط و ل ط ي ب ع ظ م ع ل و ف ض ل ك ب ر	kw:arrogance(83.9787); kw:pride(81.301); kw:haughtiness(49.5059); kw:superiority(46.5929); kw:ethics(43.9026); kw:power(43.7032); kw:hierarchy(43.4607); kw:dominance(40.8244)	ط غ ي:B002:علو الماء والقوة الجارفة → ط غ و:B002:طغيان الماء وما يجري مجراه
C1188	0.6702	terrain / hardness / geology / ground	16	13	16	27	0.06234406	0.2368	1.0	0.6296	31,37,38,40,49,51,53,57,59,60,61,62,70,97,98,99	ج ب ل ج د د ح ذ ر ح ن ك خ ل ق ص ف و ص م م ط غ و ط غ ي ع د و ك ر ه م ل ق ن و ق	kw:terrain(86.3353); kw:hardness(74.2476); kw:geology(70.513); kw:ground(59.4841); kw:elevation(58.9962); kw:rock(56.5787); kw:surface(56.1193); kw:smoothness(51.8423)	ط غ ي:B005:الطغية الصفاة الملساء → ط غ و:B006:الطغية الصفاة أو الموضع المرتفع
C1189	0.6702	hearing / obedience / misfortune / language_communication/communication	27	9	13	17	0.05707166	0.2394	0.9412	0.6471	1,5,8,11,12,18,23,30,34,36,37,44,46,47,51,52,54,56,57,64,67,69,71,74,86,97,110	ء ذ ن ب ء س ب ل غ د ع و س م ع ش ي ء ص م م ص و ت ع و د	kw:hearing(56.2768); kw:obedience(39.8493); kw:misfortune(39.1426); theme:language_communication/communication(34.9956); kw:communication(34.4753); kw:reception(32.1114); theme:emotion_ethics/suffering_hardship(31.1287); kw:curse(29.544)	س م ع:B011:سَمْع لا بَلَغ → ب ل غ:B009:سماع المكروه بلا بلوغ
C1190	0.6702	honor / virtue / generosity / nobility	28	13	13	11	0.05738745	0.141	1.0	0.9091	1,5,12,13,14,16,19,22,23,29,38,41,46,56,62,70,76,77,78,80,82,93,95,96,102,105,106,108	ح س ب ح و ل خ ر ج ذ ك ر س ع ي ش ه د ع ن د ف س ق ف ص ل ف ع ل ق ع د ك ر م ن ز ل	kw:honor(57.3531); kw:virtue(49.8887); kw:generosity(48.6555); kw:nobility(38.5105); kw:reputation(36.1582); kw:fluid(35.8423); theme:emotion_ethics/honor_shame(34.0407); theme:emotion_ethics/ethics_morality(32.9077)	ح و ل:B008:الحَوْلاء الخارجة مع الولد → ش ه د:B006:الخارج عند الولادة والإدراك
C1191	0.6701	oscillation / condition_force_change/loss_absence / disappearance / motion	21	10	10	9	0.05353675	0.2	1.0	0.7778	1,4,7,12,15,16,18,19,43,44,48,51,63,66,69,81,85,86,93,103,108	ذ ه ب ر و ح ر و د ز ه ق س ب ح ض ر ب ف ل ك م ح و م ر ر و ز ر	kw:oscillation(30.4895); theme:condition_force_change/loss_absence(27.3503); kw:disappearance(26.9877); kw:motion(26.7838); kw:travel(26.4692); kw:return(23.9988); kw:passage(23.7936); theme:economy_property/wealth_property(23.0019)	م ر ر:B001:المضي والاجتياز → ذ ه ب:B006:الذَّهَاب والمُضِيّ
C1192	0.67	heart / analysis / control / pillar	27	10	12	10	0.05769205	0.1562	1.0	0.9	2,9,13,16,17,29,35,36,40,46,54,56,58,61,62,65,68,78,79,86,88,91,92,95,97,100,111	ج ن ن ظ ه ر ف ء د ق ل ب ق و م ل ز م م ل ك ه ل ك و ك ل ي د ي	kw:heart(37.3173); kw:analysis(35.7766); kw:control(33.2078); kw:pillar(31.7301); kw:foundation(28.9576); kw:interior(26.9877); kw:organ(26.0072); kw:livelihood(25.5168)	ق و م:B009:قوام وعماد ومعاش → م ل ك:B005:مِلاك الأمر وعِماده
C1193	0.6699	birth / body_health_life/reproduction_birth / reproduction / childbirth	31	15	17	27	0.05695964	0.203	0.9259	0.7037	1,7,10,13,14,15,23,25,31,33,39,54,56,57,58,60,64,69,73,75,77,78,88,91,92,96,97,100,103,107,111	ج ن ن ح و ل س ق ط ش ه د ع ذ ب غ ر ق ف ت ن ق ب ل ق ت ل ل ق ي م س ك م و ت ن ف س و ج ه و ل د	kw:birth(98.9968); theme:body_health_life/reproduction_birth(96.3184); kw:reproduction(61.1919); kw:childbirth(47.5952); kw:membrane(44.316); kw:killing(44.316); kw:delivery(41.1882); kw:womb(40.0012)	ج ن ن:B007:الجنين المستور في البطن → س ق ط:B004:الولد السِّقط قبل تمامه
C1194	0.6699	death / mortality / soul / life	26	12	15	21	0.05671184	0.2121	1.0	0.7143	2,4,7,13,14,15,18,22,23,25,26,31,33,34,35,55,59,69,71,75,85,88,92,101,107,110	ء ت ي خ ف ت ذ م م ر و ح س ق ط ق ت ل ق ض ي م و ت ن ش ر ن ف س و ف ي ي م ن	kw:death(134.2616); kw:mortality(86.3353); kw:soul(44.0082); kw:life(41.0035); theme:body_health_life/mortality_death(36.3975); kw:transition(34.1742); kw:corpse(31.7301); kw:demise(31.3821)	م و ت:B012:سكون وخمود كنوم أو بلى → خ ف ت:B002:سكون الصوت وانقطاع الكلام
C1195	0.6699	revelation / ritual_belief/belief_revelation / prophecy / imposture	23	7	11	9	0.05838497	0.1837	1.0	1.0	1,4,13,23,29,39,42,47,51,55,57,62,67,73,74,78,82,86,93,95,102,105,106	ء ل ي ق ض ي ل ز م ن ب ء ن ب و ن ز ل و ح ي	kw:revelation(55.7051); theme:ritual_belief/belief_revelation(50.378); kw:prophecy(45.3471); kw:imposture(38.5491); kw:message(31.7301); kw:benefit(27.7169); kw:delivery(27.4588); kw:guidance(26.7714)	ن ب ء:B007:الطريق الواضح والأرض السهلة → ن ب و:B005:الطريق والطريق الهادي
C1196	0.6698	hand / side / orientation / pledge	30	10	15	18	0.05914327	0.1837	1.0	0.7222	1,4,11,13,24,28,29,30,39,42,47,51,53,57,59,60,62,67,68,71,73,74,78,83,86,88,89,94,100,106	ء ل ي ء ن س ب س ط ج ن ب ج ن ح ظ ه ر م ن ع ي د ي ي س ر ي م ن	kw:hand(72.6452); kw:side(56.0304); kw:orientation(53.746); kw:pledge(42.2076); kw:laterality(36.9273); kw:vow(32.1114); kw:arm(32.1114); kw:oath(27.3357)	ج ن ح:B002:الجناح جانبا ويدا وكنفا → ج ن ب:B001:الجنب جانب الجسد وناحية الشيء
C1197	0.6697	chest / sternum / rubbing / ground	21	12	14	17	0.05518937	0.191	1.0	0.8235	1,6,8,12,13,20,24,29,36,38,46,51,62,71,78,79,84,88,89,91,97	ب ر ك ج ن ن ح ص ر ح ن ك خ ف ض د ب ر د ل ك ص د ر ك ر ر ك ل ل ه ج د ي م ن	kw:chest(78.5549); kw:sternum(48.7992); kw:rubbing(47.5952); kw:ground(35.6904); kw:thorax(34.1547); kw:torso(32.5328); kw:friction(31.3821); kw:breast(29.7602)	خ ف ض:B005:تخفيض رأس البعير → ه ج د:B004:إهجاد البعير إلقاء جرانه
C1198	0.6696	body_health_life/reproduction_birth / pregnancy / birth / reproduction	35	14	16	22	0.05833819	0.188	0.9545	0.6818	7,9,12,14,15,23,25,26,28,31,32,33,34,41,44,45,46,51,57,60,64,71,78,82,88,89,91,92,93,97,101,103,106,107,111	ت س ع ت ل و ج م ع ج ن ن ح ج ب ر ج و س ب ع س ق ط ع د د ق ر ء ق ر ب ن ف س و ج ه و ل د	theme:body_health_life/reproduction_birth(144.4776); kw:pregnancy(77.7634); kw:birth(74.2476); kw:reproduction(71.3905); kw:gestation(56.5787); kw:womb(53.335); kw:ninth(51.232); kw:calendar(48.4301)	ق ر ب:B012:دنو الولادة في الحيوان → ر ج و:B005:الحامل تدنو ولادتها
C1199	0.6696	body_health_life/health_medicine / recovery / restoration / gender	28	12	12	10	0.05439855	0.1515	1.0	0.9	4,7,8,14,15,22,23,25,29,32,33,34,37,38,43,44,47,48,64,82,88,89,93,95,99,102,105,106	ب ل غ ح ص ر ر ج ل س و ء ش ف ي ع ل و غ ف ر ف ر ق ق ع د م ث ل ن ز ل ن ف س	theme:body_health_life/health_medicine(72.2767); kw:recovery(53.9753); kw:restoration(44.316); kw:gender(42.2961); kw:relief(40.3171); kw:convalescence(34.884); theme:body_health_life/reproduction_birth(32.1061); kw:medicine(28.0257)	ع ل و:B011:السلامة من النفاس أو العلة → ن ف س:B005:خروج الولد ودم النفاس
C1200	0.6695	land_water_sky/water_hydrology / flood / river / hydrology	27	12	14	15	0.06150979	0.1705	1.0	0.8	1,6,12,20,23,26,32,34,43,44,47,49,51,57,60,64,66,67,68,69,70,91,93,98,102,103,108	ب ح ر ب ر ر ث ب ر ج د د ر ج ل س ب ح ط غ و ط غ ي غ ر ق ق ر ب م د د ن ه ر	theme:land_water_sky/water_hydrology(51.7044); kw:flood(45.3471); kw:river(43.7155); kw:hydrology(43.0534); kw:disaster(35.6904); kw:nature(34.6593); kw:coast(33.004); kw:immersion(32.5328)	ط غ ي:B002:علو الماء والقوة الجارفة → ط غ و:B002:طغيان الماء وما يجري مجراه
C1201	0.6694	mother / body_health_life/reproduction_birth / reproduction / parent	58	16	17	23	0.05712693	0.1704	0.913	0.4783	2,4,6,7,8,12,13,14,15,17,20,23,24,25,26,27,28,29,30,31,33,34,36,38,39,40,46,49,54,55,57,60,64,65,66,69,70,71,75,78,79,80,84,85,87,89,92,93,96,97,98,100,101,102,104,107,108,111	ء م م ب س ط ب ن ي ت ل و ج د د ر ب ب ر و ح س ق ط ش ه د ف ص ل ك ل ل م و ت ن ش ر ن ف س و ل د ي ت م	kw:mother(76.2238); theme:body_health_life/reproduction_birth(60.199); kw:reproduction(50.9932); kw:parent(48.7992); kw:kinship(47.6209); kw:family(45.6437); kw:child(42.434); kw:calf(42.434)	و ل د:B002:أبوان من جهة الولادة → ج د د:B009:أبوة الأجداد
C1202	0.6694	cognition_perception/knowledge_learning / inquiry / search / fall	24	10	11	10	0.0576816	0.1852	1.0	0.8	5,7,11,12,14,17,21,30,32,38,47,52,56,57,63,67,69,71,75,92,96,107,109,110	ت ب ع ج و س ح س ب خ ب ر خ ر ر د ر ج د ع و ذ و ق س ق ط س و ء	theme:cognition_perception/knowledge_learning(68.3784); kw:inquiry(42.2076); kw:search(41.7788); kw:fall(40.6505); kw:fault(31.7301); kw:news(30.4895); kw:investigation(30.4895); kw:intelligence(29.1436)	ج و س:B002:طلب الشيء باستقصاء → ح س ب:B010:التحسب والاستخبار
C1203	0.6693	reservoir / basin / land_water_sky/water_hydrology / pool	37	15	17	28	0.0553887	0.209	0.9286	0.5714	2,5,7,12,16,17,25,30,33,36,40,47,49,51,54,55,58,61,70,73,75,76,80,81,83,84,85,93,94,96,98,99,101,102,104,107,111	ء ج ل ء خ ذ ب ي ت ث ب ر ج ي ء خ ب ر خ ل ف خ ل ق س ن و ع د د ع ل م ق ر ي ق ف و ن ء ي ن ص ر	kw:reservoir(89.9666); kw:basin(76.0974); theme:land_water_sky/water_hydrology(73.8635); kw:pool(71.5238); kw:hydrology(64.5801); kw:storage(54.3259); kw:depression(40.8244); kw:collection(40.6505)	ء خ ذ:B006:موضع يمسك الماء → ج ي ء:B003:مجتمع الماء في هبطة أو حول حصن
C1204	0.6693	negation / increase / exclusion / language_communication/grammar_expression	31	13	14	13	0.05510387	0.1444	1.0	0.9231	5,8,11,12,21,23,24,36,41,51,52,55,56,57,60,65,66,67,69,70,71,73,74,76,82,87,89,93,97,109,110	ء ح د ب ء س د ع و ر ب و ر ق ي ز ي د ص ر ف ض ر ر ع و د غ ي ر ف ض ل ك و د ل ي س	kw:negation(107.5122); kw:increase(53.335); kw:exclusion(41.7788); theme:language_communication/grammar_expression(41.2007); kw:logic(41.1882); kw:exception(32.1114); kw:addition(30.4895); kw:peace(29.544)	ل ي س:B002:ليس استثناء يخرج المذكور → غ ي ر:B005:السوى والخلاف والاستثناء والنفي
C1205	0.6691	type / model / representation / image	19	10	15	23	0.06031721	0.2396	1.0	0.6087	12,17,18,21,29,30,44,48,54,60,64,74,84,86,88,89,96,99,106	ب س ط خ ب ر ش ج ر ش ك ل ش ي ء ض ر ب غ ر ر ف ر ق م ث ل ن ظ ر	kw:type(49.5059); kw:model(48.7992); kw:representation(46.1482); kw:image(45.3471); kw:likeness(42.434); kw:parable(36.9273); kw:match(31.3821); kw:similarity(30.7655)	ض ر ب:B003:تصوير المثل وإظهاره → م ث ل:B003:المثل المضروب
C1206	0.6691	courage / strength / power / firmness	33	17	17	23	0.05936347	0.1691	0.9565	0.6957	1,3,4,5,7,14,15,17,23,25,30,33,34,35,36,40,46,51,53,56,58,61,65,71,74,75,81,92,95,96,100,104,111	ب ء س ب ر ك ب ط ل ب ع د ث ب ت ر ك ن ش د د ض ع ف ع ب د ق ل ب ل ي س م ر ر م ل ك ن ف س و ز ن و ق ر ي م ن	kw:courage(91.6474); kw:strength(56.6699); kw:power(54.629); kw:firmness(39.1426); kw:bravery(32.5328); kw:composure(32.1114); kw:prudence(31.7301); kw:dignity(29.7602)	ع ب د:B007:القوة والصلابة → ش د د:B002:شدة القوة والصلابة
C1207	0.6691	burden / transport / support / load	22	12	16	22	0.05706844	0.1897	1.0	0.7727	1,3,5,6,7,11,15,16,18,22,29,35,42,46,51,56,58,59,60,70,77,88	ء و ل ح م ل ح و ل ر د د ش ج ر ظ ه ر ع ج ل ع ر ش ق ر ي ق ع د و ز ر و ق ر	kw:burden(82.1033); kw:transport(71.0942); kw:support(66.717); kw:load(55.7051); kw:technology(42.2076); kw:labor(41.6517); kw:weight(40.0012); kw:mount(39.5566)	ح م ل:B001:إقلال المحمول الظاهر → و ز ر:B002:الوزر الحمل الثقيل
C1208	0.6691	ugliness / face / appearance / defect	26	12	15	19	0.05745293	0.1863	1.0	0.7368	1,6,7,12,13,18,30,32,36,37,38,39,44,47,49,51,54,61,70,74,75,86,95,97,98,99	ج ب ل ح ي ي خ ل ق ر د د س م ع س و ء ش ي ء ف ح ش ف ط ر ل ق ي م ش ي و ج ه	kw:ugliness(75.5784); kw:face(71.9964); kw:appearance(43.1103); kw:defect(38.5105); kw:disfigurement(34.884); kw:countenance(34.884); kw:visage(34.884); kw:front(29.1436)	ج ب ل:B004:خلقة مطبوعة → ف ط ر:B002:إيجاد وابتداء
C1209	0.669	warfare / mobilization / perseverance / resolve	35	13	15	14	0.05823785	0.1359	1.0	0.8571	1,3,5,6,9,13,15,22,33,35,39,41,42,46,48,49,54,58,59,62,68,69,75,77,78,79,80,93,94,95,97,98,102,103,105	ب ر ك ب ع ث ث ب ر ج د د ح ش ر ر س ل س ع ر ص م م ض ر ب ق و م م ع ع ن ص ر ن ف ر	kw:warfare(52.9348); kw:mobilization(49.5059); kw:perseverance(47.5952); kw:resolve(40.8244); kw:diligence(31.3821); kw:dispatch(31.0619); kw:determination(31.0619); kw:war(28.4462)	ب ع ث:B002:إرسال المبعوث وتوجيهه → ر س ل:B001:الإرسال والانبعاث
C1210	0.669	flow / discharge / darkness / eye	19	11	12	13	0.05828881	0.2	1.0	0.7692	12,23,28,37,38,42,57,60,64,66,69,73,76,78,88,90,91,103,110	ب غ ي ج ل ب ج ن ن ط غ ي ع ن د غ ر ق غ س ق ف ر ي ف ز ز م ر ح ن ب ع	kw:flow(71.6847); kw:discharge(41.3787); kw:darkness(37.7243); kw:eye(35.9198); kw:fluid(35.8423); kw:covering(34.7228); kw:infection(33.004); kw:seepage(31.3821)	غ ر ق:B003:امتلاء العين أو الأرض بالماء → ف ر ي:B005:انبجاس الأرض بالعيون
C1211	0.6689	cognition_perception/knowledge_learning / education / knowledge / recitation	46	9	16	15	0.06101312	0.1389	0.9333	0.8	1,3,5,9,12,13,14,16,17,22,23,25,30,33,36,39,41,42,44,45,46,47,53,54,55,58,60,65,71,78,82,84,85,88,89,92,93,94,96,97,99,102,106,107,110,111	ء ل ه ح ك م س م ع ع ب د ع ل م ف ق ه ق ر ء ق ر ي ل ق ي	theme:cognition_perception/knowledge_learning(102.5675); kw:education(80.6342); kw:knowledge(56.0304); kw:recitation(44.6404); kw:scripture(44.316); theme:ritual_belief/religion_worship(42.6898); kw:scholarship(35.7766); kw:community(33.7254)	ق ر ء:B001:جمع واجتماع → ق ر ي:B001:اجتماع ناس في قرية
C1212	0.6689	interval / duration / moment / period	29	11	12	10	0.05607985	0.1538	1.0	0.9	1,4,7,12,13,14,17,23,35,39,45,47,51,52,53,58,59,62,64,66,67,70,71,96,97,98,101,104,110	ء ف ف ء م م ء ي ي ب ح ر ب ع د ب ي ن ر ج ل ك ي ل ل ق ي م ر ر ي و م	kw:interval(63.9861); kw:duration(63.0508); kw:moment(48.1671); kw:period(44.0082); theme:time_measure_quantity/sequence_cycle(42.6276); kw:chronology(41.5754); kw:recurrence(41.0035); theme:time_measure_quantity/time(40.6249)	ء ي ي:B006:أيان للزمان → ب ي ن:B010:الوقت الواقع أثناء حال أو فعل
C1213	0.6689	hospitality / food / meal / haste	21	10	11	9	0.05282148	0.1667	1.0	1.0	11,16,18,36,41,47,48,51,58,60,78,82,93,95,97,99,101,102,105,106,109	ء ج ل د ل ك ز ي د س ح ر ض ر ب ع ج ل ف ط ر ق ر ي ق ف و ن ز ل	kw:hospitality(73.5089); kw:food(44.555); kw:meal(42.6693); kw:haste(39.5566); theme:agriculture_food/food_nutrition(39.4372); theme:kinship_society/hospitality_welfare(37.3537); kw:milk(34.4728); kw:provision(34.002)	ع ج ل:B005:الزاد المعجل → د ل ك:B004:الدليك طعام من زبد وتمر أو لبن أو بر
C1214	0.6688	death / mortality / courage / soul	24	10	16	26	0.0566035	0.25	0.9615	0.6538	4,7,12,14,15,18,23,25,30,31,33,34,35,36,44,54,65,69,71,74,75,81,85,86	ب ط ل ر و ح ش ي ء ق ت ل ق ض ي ل ي س م و ت ن ف س و ف ي ي م ن	kw:death(134.2616); kw:mortality(75.5434); kw:courage(65.4624); kw:soul(44.0082); kw:sacrifice(42.6693); theme:body_health_life/mortality_death(40.9472); kw:transition(34.1742); kw:bravery(32.5328)	ق ت ل:B012:استماتة وإلقاء النفس في شدة → م و ت:B010:استماتة في الأمر والموت
C1215	0.6688	wage / work / labor / livelihood	24	8	14	17	0.06475342	0.2267	1.0	0.6471	2,4,5,6,8,9,12,18,19,22,23,29,33,39,45,46,56,60,67,80,81,84,99,108	ء ج ر ب ط ل ج ع ل س ع ي ض ر ر ع م ل ف ع ل ق ض ي	kw:wage(49.5059); kw:work(44.6404); kw:labor(41.6517); kw:livelihood(38.2751); kw:construction(37.6199); theme:economy_property/labor_work(37.3724); kw:laborer(34.884); kw:worker(34.884)	ف ع ل:B003:فَعلة العمل → ع م ل:B006:العملة العاملون بالأيدي
C1216	0.6688	rupture / destruction / damage / fracture	23	14	14	13	0.06443733	0.1429	0.9231	0.9231	1,5,7,9,12,17,30,36,37,46,49,51,52,59,64,68,69,73,91,92,96,98,102	ء ج ر ب ص ر ت ب ر ج و ب ح ص ب خ ر ق خ ل ل ر ف ت غ ر ر ف ر ي ف ط ر ق ص ف ك س ف و ق ر	kw:rupture(66.6687); kw:destruction(59.997); kw:damage(49.8887); kw:fracture(41.3787); theme:land_water_sky/weather_climate(31.6025); kw:storm(31.0619); kw:fragmentation(29.7602); kw:textile(29.6482)	خ ر ق:B001:الشَّق والثقب والقطعة → ج و ب:B001:الخَرْق والقطع النافذ
C1217	0.6688	mountain / refuge / topography / passage	26	11	12	12	0.05846269	0.1846	1.0	0.75	3,5,7,8,12,13,15,16,22,27,29,34,35,37,39,42,51,59,67,69,76,89,91,98,99,103	ء و ل ج ب ل خ ل ف د م ر ع ن ب ع ن ق ف ص ل ك ف ر م ع ع و ز ر و ف ي	kw:mountain(85.9709); kw:refuge(39.7012); kw:topography(39.2775); kw:passage(35.6904); theme:conflict_security/protection_security(34.7646); kw:asylum(32.5328); kw:summit(30.2314); kw:ridge(27.9929)	ع ن ق:B002:امتداد مرتفع أو مستدق → ج ب ل:B001:تجمع مرتفع صلب
C1218	0.6686	pattern / model / tradition / representation	23	11	17	26	0.0617246	0.2031	1.0	0.6538	7,9,14,16,21,41,45,46,48,58,60,64,71,78,82,84,88,89,93,97,99,100,106	ء م م ش ج ر ش ك ل ض ر ب غ ر ر ق ت ر ق ر ء ق ر ي م ث ل ن ظ ر و ج ه	kw:pattern(73.5089); kw:model(65.0657); kw:tradition(58.2873); kw:representation(46.1482); kw:image(45.3471); kw:likeness(42.434); kw:form(39.4154); kw:parable(36.9273)	ق ر ء:B011:طريقة ومثال وقصد → ق ر ي:B006:كون الأشياء على قرو واحد
C1219	0.6686	blade / point / ear / hearing	17	14	17	26	0.05916237	0.1955	1.0	0.7692	1,16,23,33,36,40,46,47,50,58,63,64,65,77,80,97,100	ء ذ ن ء ف ف ء ن ث ح د د ح ش ر س ل ط س م ع س ن ن غ ر ر ق ت ر ق ر ي ق و ف و ف ر و ق ر	kw:blade(92.9817); kw:point(85.8285); kw:ear(83.9787); kw:hearing(70.346); kw:sharpness(67.7508); kw:edge(57.6608); theme:conflict_security/weaponry(49.0415); theme:cognition_perception/perception(39.5314)	ح د د:B005:الطرف الحاد والنفاذ → غ ر ر:B012:حد الشفرة والسيف
C1220	0.6685	hearing / listening / wolf / ear	22	10	15	20	0.06319634	0.2128	0.95	0.75	1,3,12,16,18,25,30,36,44,46,47,54,55,64,70,74,84,85,86,97,102,107	ء ذ ن ء م ر ح م ل س ب ع س م ع ش ي ء ص م م ص و ت ع ل م ق ل ب	kw:hearing(98.4843); kw:listening(47.0731); kw:wolf(46.1482); kw:ear(41.9894); kw:beast(41.5754); kw:sound(41.0998); kw:obedience(39.8493); kw:predation(39.7012)	س م ع:B010:السَّمْع ولد الذئب والضبع → س ب ع:B002:السبع الحيوان المفترس
C1221	0.6682	return / destination / departure / justice	22	11	15	20	0.05904438	0.198	1.0	0.7	1,5,6,7,8,19,25,29,33,35,41,43,44,46,51,59,69,75,80,89,93,108	ء و ب ء و ل ر د د س ب ح س ع ي ص د ر ص ر ف ع و د ق ل ب ن ص ر ي د ي	kw:return(95.9952); kw:destination(43.1696); kw:departure(34.4119); kw:justice(33.6716); kw:destiny(31.0619); kw:outcome(30.7655); kw:agency(30.693); kw:abode(30.4895)	ي د ي:B016:اليَد الناصرة → ن ص ر:B001:النصرة عون وإظهار
C1222	0.6682	rupture / skin / hide / textile	32	17	17	19	0.06040648	0.1397	0.8947	0.8947	1,5,9,10,12,15,17,25,26,29,30,32,34,36,37,44,51,54,55,57,58,59,64,73,91,92,93,94,96,100,102,105	ء ج ر ب ش ر ب ص ر ح ل م خ ر ق خ ل ل ز ب ر ع ذ ب غ ر ر غ ف ر غ ل ل ف ر ي ف ط ر ق ر ب ك س ف م ر ح م س ك	kw:rupture(53.335); kw:skin(48.3198); kw:hide(41.1882); kw:textile(39.5309); kw:damage(37.4165); kw:surface(33.6716); kw:nap(32.1114); kw:sheath(30.4895)	ف ط ر:B001:فتح وانشقاق → ف ر ي:B002:شق وإفساد
C1223	0.6682	courage / bravery / masculinity / male	14	12	15	18	0.06065623	0.1765	1.0	0.8889	5,36,40,41,44,46,47,50,64,65,75,81,97,100	ء ن ث ب ء س ب ط ل ح د د ح ي ي ذ ك ر ر ج ل س ب ع ص م م ل ي س م س ك م و ت	kw:courage(78.5549); kw:bravery(65.0657); kw:masculinity(46.5929); kw:male(43.7155); kw:danger(35.8423); kw:power(32.7774); kw:warfare(31.7609); kw:gender(31.722)	ء ن ث:B001:الأنثى خلاف الذكر → ذ ك ر:B001:الذكر خلاف الأنثى
C1224	0.6681	worship / slave / religion / ritual_belief/religion_worship	32	7	12	10	0.06323822	0.1818	0.9	1.0	1,2,3,4,5,7,13,14,17,22,23,30,33,35,39,42,46,51,53,58,59,60,65,71,92,93,94,96,97,99,110,111	ء ل ه ء و ل د ب ر ط غ و ط غ ي ع ب د ك ت ب	kw:worship(50.1599); kw:slave(47.0731); kw:religion(43.3422); theme:ritual_belief/religion_worship(38.4208); kw:emancipation(34.1547); kw:manumission(33.004); kw:circumstance(33.004); kw:hierarchy(32.5956)	ط غ ي:B003:الطاغوت رأس الضلالة → ط غ و:B003:الطاغوت رأس الضلالة والطغيان
C1225	0.668	milk / lactation / dairy / yield	32	15	15	22	0.05358405	0.2095	0.9091	0.6364	1,3,8,11,15,19,24,28,49,51,52,54,56,57,59,64,67,68,69,71,77,79,83,93,94,95,97,98,99,101,105,110	ء ج ل ب ر ك ت س ع ج د د ج ن ب ح ص ب د ع و ر ب و ر س ل ش ك ر ص م م ع س ي غ ر ر ك ذ ب ي س ر	kw:milk(114.9093); kw:lactation(56.8924); kw:dairy(48.8874); kw:yield(45.7343); kw:scarcity(43.7032); kw:udder(39.7012); kw:cessation(38.8817); kw:camel(37.0667)	ع س ي:B006:رجاء عودة اللبن → ج د د:B011:انقطاع ماء أو لبن
C1226	0.6679	astronomy / land_water_sky/sky_astronomy / star / dimming	14	10	12	13	0.05859033	0.2063	1.0	0.8462	1,25,37,42,43,44,46,59,66,78,92,93,108,109	ء و ب خ ر ق خ ش ع د ب ر د ل ك س ب ح ع ر ش ف ل ك ك س ف ن و ق	kw:astronomy(64.2444); theme:land_water_sky/sky_astronomy(49.8781); kw:star(38.5105); kw:dimming(35.7766); kw:west(35.7766); kw:pleiades(34.1547); theme:land_water_sky/light_darkness(33.15); kw:navigation(32.081)	ك س ف:B002:ذهاب الضوء واحتجاب النير → خ ش ع:B003:كوكب يغور
C1227	0.6678	side / flank / adjacency / relation	23	14	17	27	0.06028128	0.203	0.963	0.6667	7,8,17,23,24,26,32,33,34,38,46,47,51,53,57,68,83,84,88,97,101,104,111	ب ع د ج ن ب ج ن ح ح ص ر س ح ر ش ك ل ص د ر ظ ه ر ع د و ع ن د ق ر ب ق ر ن و ج ه و ل ي	kw:side(78.4426); kw:flank(64.3861); kw:adjacency(62.7642); kw:relation(57.3531); kw:nearness(52.1902); kw:proximity(48.2109); kw:chest(39.2775); kw:rib(31.7301)	ج ن ح:B002:الجناح جانبا ويدا وكنفا → ج ن ب:B001:الجنب جانب الجسد وناحية الشيء
C1228	0.6678	respiration / breath / physiology / swelling	29	13	14	12	0.06024442	0.1333	1.0	0.9167	1,7,8,14,15,24,25,26,32,33,42,45,47,48,51,60,62,67,69,72,84,85,88,97,99,101,107,109,110	ح ج ب ح ش ر ح ص ر ذ ق ن ر ء ي ر ب و ر و ح س ب ل س ح ر ص د ر ظ ه ر ن ج و ن ف س	kw:respiration(55.4339); kw:breath(54.4326); kw:physiology(46.8248); kw:swelling(39.5566); kw:chest(39.2775); kw:lung(33.5381); theme:body_health_life/physiology(32.427); kw:cavity(29.1436)	ن ف س:B001:خروج النسيم من الجوف → ر ب و:B004:تصعد النفس وانتفاخه
C1229	0.6677	dairy / food / milk / coagulation	59	14	14	12	0.05889015	0.1319	0.9167	0.5833	5,7,8,12,15,17,20,22,23,24,25,27,28,29,30,35,38,39,40,41,46,48,49,51,52,54,55,57,59,60,63,65,66,68,69,77,78,79,80,82,84,85,86,87,89,91,93,94,95,96,97,98,100,101,102,104,105,106,108	ء و ل ب ع د ج د د ذ ه ب ر ب ب ر س ل ش ه د ص ر ف ص م م ض ر ب ظ ن ن ق ع د ن خ ل ن ز ل	kw:dairy(36.6655); kw:food(35.644); kw:milk(34.4728); kw:coagulation(32.5328); kw:comb(31.7301); kw:enmity(29.544); kw:honey(29.3388); kw:freshness(28.4462)	ء و ل:B005:خثور السائل وانعقاده في آخر أمره → ص م م:B020:اللبن الخاثر الصامت عند الصب
C1230	0.6676	hardness / stone / slab / roughness	22	11	14	13	0.06626573	0.1477	1.0	0.8462	1,3,5,12,17,18,23,30,36,38,40,50,53,57,59,65,70,78,96,97,102,110	ب ص ر ح ج ر ح د د ح ذ ر ص ف و ص ل و ص ل ي ص م م ط ي ب ع ب د ك ر ه	kw:hardness(111.3713); kw:stone(71.5318); kw:slab(48.7992); kw:roughness(43.1696); kw:terrain(43.1677); kw:ground(35.6904); kw:mortar(33.5381); kw:pebble(30.7655)	ص ل ي:B009:الصلاية حجر يدق عليه → ص ل و:B008:الصَّلاية حجر الدق
C1231	0.6676	syntax / condemnation / language_communication/grammar_expression / grammar	31	12	14	12	0.06346799	0.1348	1.0	0.8333	1,4,5,7,9,12,18,22,32,35,36,38,39,41,42,43,44,58,59,62,65,72,73,74,76,83,88,89,98,101,110	ء ي ي ب ء س ذ م م ذ و و س و ء ع ل و غ ي ر ف ص ل ك و د ل ك ن ل ي س ن ع م	kw:syntax(90.6941); kw:condemnation(69.768); theme:language_communication/grammar_expression(54.9343); kw:grammar(51.0335); kw:censure(46.5929); kw:exclusion(41.7788); kw:blame(40.4815); kw:evaluation(40.1571)	ب ء س:B004:بئس كلمة ذم → ن ع م:B003:مدح الشيء بنعم
C1232	0.6675	night / calendar / time / dawn	36	15	17	25	0.0615103	0.1866	0.92	0.6	1,4,7,9,12,13,14,21,22,23,24,26,29,31,32,33,34,43,47,51,52,57,58,60,62,64,71,78,79,87,90,91,97,100,101,111	ت س ع ج ن ح ح ر م خ ز ن س ح ر غ ر ر ف ج ر ق ر ب ق ع د ك ب ر ل ي ل ن ف ل ن ه ر و ج ه ي و م	kw:night(93.8324); kw:calendar(84.7527); kw:time(81.1329); kw:dawn(70.7234); kw:month(58.2873); kw:darkness(50.299); kw:cycle(48.7706); kw:morning(43.7155)	ن ف ل:B005:ليال زائدة بعد الغرر → ت س ع:B005:ليال تنتهي بالتاسعة
C1233	0.6675	path / method / course / route	33	14	15	15	0.06027608	0.1442	1.0	0.8	4,7,9,12,14,21,26,32,41,42,45,46,48,51,53,60,63,71,72,77,78,81,82,84,86,88,89,93,97,99,100,106,110	د ر ج ذ ه ب ز ه ق س ب ل س ن ن ش ك ل ص م م ع د و ق ر ء م ث ل م ح و م ر ر م س ك و ج ه	kw:path(62.3609); kw:method(47.0731); kw:course(43.4363); kw:route(39.4154); kw:road(39.2775); kw:passage(35.6904); kw:imitation(31.3821); theme:condition_force_change/loss_absence(27.3503)	م ر ر:B001:المضي والاجتياز → ذ ه ب:B006:الذَّهَاب والمُضِيّ
C1234	0.6674	opposition / orientation / path / direction	31	12	17	25	0.0596392	0.1969	1.0	0.64	2,7,9,12,13,14,15,21,33,39,41,45,46,58,60,63,71,77,78,82,84,86,88,89,92,93,94,97,106,107,111	ء م م د ب ر د ر ج ذ ه ب س ن و ش ك ل ق ب ل ق ر ء ل ق ي ه د ي و ج ه و ل ي	kw:opposition(54.2007); kw:orientation(53.746); kw:path(49.8887); kw:direction(47.5872); kw:encounter(39.7012); kw:religion(32.5067); kw:reception(32.1114); kw:facing(32.1114)	و ج ه:B003:المواجهة والتقابل → ق ب ل:B001:مواجهة الشيء للشيء
C1235	0.6673	sky / land_water_sky/sky_astronomy / cloud / elevation	59	14	17	23	0.05715764	0.1729	0.8696	0.4783	3,4,7,8,11,12,13,17,20,23,24,25,27,28,30,37,38,39,40,42,43,44,46,53,54,55,57,60,64,65,66,67,68,70,71,76,79,80,82,83,84,85,87,88,89,90,92,93,94,95,99,100,102,103,104,105,106,108,110	ء ر ض ء ن س ح م ل خ ر ج خ س ف خ ي ل د ب ر ر ب ب س م و ظ ه ر ع ر ش ع ل و ف ل ك ن ز ل	kw:sky(71.8395); theme:land_water_sky/sky_astronomy(58.9469); kw:cloud(49.8887); kw:elevation(47.1969); kw:constellation(43.7155); theme:land_water_sky/weather_climate(39.5031); kw:ascent(39.4154); kw:rain(35.5423)	ع ل و:B001:السمو والارتفاع → س م و:B001:العلو والارتفاع
C1236	0.6673	life / land / agriculture / rain	28	15	17	23	0.06170479	0.1716	1.0	0.6957	2,7,14,15,16,17,23,25,28,30,31,33,40,58,62,63,67,69,70,72,73,75,80,83,85,97,106,111	ء خ ذ ح ي ي خ ط ء ر ز ق ر و ح ع ر ض ع م ي ف ر ق ق ت ل ك ر م م و ت ن ص ر ن ف س ه ل ك و ف ر	kw:life(82.0071); kw:land(68.3484); kw:agriculture(49.2943); kw:rain(47.3897); kw:spirit(44.6404); kw:soul(44.0082); kw:fertility(42.5584); kw:ecology(40.924)	ن ف س:B011:النفس التي بها الحياة → ر و ح:B001:النفس والروح التي بها حياة البدن
C1237	0.6673	well / water / descent / settlement	21	12	13	16	0.05370468	0.2078	1.0	0.75	12,13,18,22,23,29,46,47,49,55,64,82,91,93,95,98,100,102,105,106,110	ج د د ج ه ر ذ م م ر ج ل ز ب ر ط ي ر ق ع د ق ل ب م س ك ن ب ء ن ز ل ن ه ر	kw:well(112.5521); kw:water(42.3686); kw:descent(36.4065); kw:settlement(30.9257); kw:depth(27.8525); kw:pit(26.9877); kw:infrastructure(26.5662); kw:resource(24.0518)	ق ع د:B015:البئر المقعدة قبل بلوغ الماء → ج ه ر:B008:إظهار ماء البئر بتنقيتها
C1238	0.6673	coercion / compulsion / burden / load	29	14	14	15	0.05849395	0.1648	1.0	0.7333	1,3,5,7,12,15,18,30,37,38,44,46,54,56,67,68,70,74,77,81,86,88,89,94,99,101,103,104,109	ء ب ي ب ء س ب ك ي ج ب ل ج م ع ج ي ء ح م ل ح و ل خ س ف ش ي ء ض ر ر ك ر ه و ز ر و ق ر	kw:coercion(74.0586); kw:compulsion(73.8599); kw:burden(58.6452); kw:load(41.7788); kw:weight(40.0012); kw:obligation(33.8345); kw:power(32.7774); kw:guilt(30.4895)	ح م ل:B003:تحمّل الأمانة والوزر → و ز ر:B002:الوزر الحمل الثقيل
C1239	0.6672	burden / load / body_health_life/reproduction_birth / pregnancy	27	12	15	18	0.06221773	0.1782	1.0	0.7222	1,3,4,7,9,14,15,29,36,41,42,43,45,46,56,60,62,70,71,77,78,82,88,89,93,99,106	ح س ر ح م ل ح و ط ح و ل ر ء ي ظ ه ر ع ر ش ع ل و ق ر ء ق ف و و ز ر و ق ر	kw:burden(93.8324); kw:load(69.6314); theme:body_health_life/reproduction_birth(52.1725); kw:pregnancy(51.8423); kw:transport(50.7816); kw:gestation(42.434); kw:womb(40.0012); kw:weight(40.0012)	ح م ل:B001:إقلال المحمول الظاهر → و ز ر:B002:الوزر الحمل الثقيل
C1240	0.6672	camel / riding / saddle / back	19	14	14	16	0.05827573	0.1758	1.0	0.8125	1,6,7,8,12,13,22,24,29,46,61,76,79,80,88,90,97,100,107	ب ر ك ح ص ر خ ر ج خ ف ض د ب ر س ج د س ع ر س ن و ظ ه ر ق ت ر ق ع د ك ر ر ن ب ع ه ج د	kw:camel(64.8667); kw:riding(43.7155); kw:saddle(41.1882); kw:back(37.5174); kw:equipment(36.4065); kw:ground(35.6904); kw:mounting(33.5381); kw:ulcer(31.3821)	س ج د:B004:طأطأة الرأس والانحناء → خ ف ض:B005:تخفيض رأس البعير
C1241	0.6669	fear / alarm / emotion / harm	18	12	16	24	0.06257634	0.2182	1.0	0.7083	9,28,31,37,57,59,60,64,67,75,83,88,93,94,99,100,105,106	ب ش ر ج ل ب ح ذ ر ح ي ي خ ر ق خ ش ي خ و ف ر ي ب ظ ه ر ع ر ض ف ر ق ن ذ ر	kw:fear(85.5529); kw:alarm(59.5205); kw:emotion(42.878); kw:harm(37.3173); theme:conflict_security/danger_harm(36.1021); kw:danger(35.8423); theme:conflict_security/protection_security(34.7646); kw:dread(31.3821)	خ ش ي:B001:الخوف والخشية مع الهيبة → خ و ف:B001:ذعر يتوقع المكروه
C1242	0.6668	movement_travel/motion / gait / animal / horse	37	16	16	24	0.05176692	0.2	0.875	0.6667	2,5,9,12,13,15,17,24,28,29,35,42,47,49,54,57,58,62,64,65,66,67,68,77,78,79,81,83,86,90,91,92,94,97,98,106,110	ب ع ث ب غ ي ج ن ب ج ن ح ر ج ل ز ه ق س ع ر س ق ط س ن ن ع ر ض ع ن ق ف ج ر ف ر ق ق ر ن ق و م و ك ل	theme:movement_travel/motion(60.8321); kw:gait(49.2484); kw:animal(48.2146); kw:horse(46.2971); kw:advance(39.7012); kw:travel(35.2923); kw:speed(34.1162); kw:gallop(29.3388)	ب غ ي:B007:اختيال الفرس ومرحه في العدو → ر ج ل:B015:ارتجال الفرس
C1243	0.6668	arrival / coming / migration / approach	36	12	15	13	0.06234654	0.1287	1.0	0.8462	2,4,5,6,7,24,25,26,33,35,37,44,51,55,59,64,70,71,75,76,80,81,85,88,89,90,92,94,95,99,101,102,103,104,107,110	ء ت ي ء ر ض ء و ب ء و ل ج ه ر ج ي ء ر ب و ظ ه ر غ ر ر ك ث ر ن ب ء ن ص ر	kw:arrival(86.4017); kw:coming(50.3071); kw:migration(49.2484); kw:approach(49.2484); kw:visitation(45.7343); kw:presence(40.6505); kw:household(35.8423); kw:alien(35.7766)	ء ت ي:B001:الإتيان والمجيء → ج ي ء:B001:المجيء والحصول
C1244	0.6667	virtue / goodness / deficiency / hunger	28	15	15	20	0.05919036	0.1905	0.95	0.65	1,4,5,7,9,11,12,17,25,30,35,36,56,59,64,67,68,70,73,75,82,83,91,96,102,104,108,110	ب ء س ب ر ر ب ص ر ج ن ب خ س ر خ س ف خ ف ت خ ل ل خ ي ر ش ر ر ص ل ح ض ر ر ض ع ف ف س د و ع د	kw:virtue(49.8887); kw:goodness(45.7343); kw:deficiency(41.7788); kw:hunger(39.8493); kw:welfare(39.7012); kw:poverty(35.6904); kw:good(34.884); kw:weakness(34.4728)	ف س د:B001:خروج الشيء عن الصلاح والاعتدال → ص ل ح:B001:الصلاح ضد الفساد والطلاح
C1245	0.6666	skin / hide / swelling / leather	41	17	17	21	0.05810511	0.1544	0.9048	0.7143	1,5,6,7,9,12,13,14,15,17,20,25,28,29,30,33,36,37,41,42,44,46,47,51,55,57,59,64,66,67,73,76,80,91,93,94,96,100,102,105,110	ب ش ر ب ص ر ب غ ي ح ل م خ ر ج خ ر ق خ ل ل غ ر ر غ ل ل ف ط ر م د د م ر ح م س ك ن ب و ن ج و ن ف ر ن ف س	kw:skin(60.3997); kw:hide(54.9176); kw:swelling(52.7421); kw:leather(52.0143); kw:material(47.0641); theme:body_health_life/disease_injury(42.2702); theme:craft_material_built/craft(40.4817); kw:craft(35.5769)	م د د:B007:جرح تمتد فيه مدة من قيح → ب غ ي:B004:فساد الجرح وتجاوزه
C1246	0.6666	roundness / ritual_belief/religion_worship / rotation / geometry	24	9	13	13	0.05763636	0.1781	1.0	0.8462	1,2,4,5,6,16,18,19,22,23,26,28,29,33,40,50,62,66,67,70,83,101,103,104	ب ن ي ح ج ر ح ر م د و ر ر و د ع ر ض ف ل ك ق ع د ك ر م	kw:roundness(46.5929); theme:ritual_belief/religion_worship(42.6898); kw:rotation(42.6693); kw:geometry(36.9363); kw:shrine(34.884); kw:precinct(33.004); kw:orbit(32.5328); kw:circle(30.4895)	د و ر:B001:الدوران والإحاطة والاستدارة → ح ج ر:B006:الدائرة حول الشيء
C1247	0.6666	hardness / strength / thickness / terrain	41	15	15	13	0.05862845	0.1238	0.9231	0.8462	1,3,5,8,12,13,17,20,23,29,30,34,36,37,38,40,45,51,53,56,57,58,59,61,65,71,79,80,84,88,89,91,92,95,96,97,100,101,102,110,111	ب ص ر ب ي ن ج ب ل ح ذ ر س ق ط ش د د ص د ق ظ ه ر ع ب د ع د و ع س ي ع ن ب ك ر ه ك ل ل م ل ك	kw:hardness(86.6222); kw:strength(68.0039); kw:thickness(67.1951); kw:terrain(43.1677); kw:solidity(41.7788); kw:firmness(39.1426); kw:ground(35.6904); kw:stoutness(32.1114)	ع ب د:B007:القوة والصلابة → ش د د:B002:شدة القوة والصلابة
C1248	0.6665	increase / abundance / surplus / addition	23	12	13	17	0.0580186	0.2208	1.0	0.5882	1,6,12,21,24,29,30,37,41,55,56,60,66,67,70,75,79,82,83,87,89,97,109	ب ر ك ب س ط ر ب و ز ي د ص ر ف ض ر ر ض ع ف ط و ل ف ض ل ك ث ر ن ع م ن ف ل	kw:increase(120.0037); kw:abundance(51.4865); kw:surplus(47.0731); kw:addition(45.7343); kw:growth(42.1427); kw:plenty(31.3821); kw:expansion(29.3388); kw:bounty(28.6095)	ف ض ل:B001:الزيادة والبقية → ب س ط:B003:السعة والزيادة والفضل
C1249	0.6665	knowledge / adjacency / nearness / proximity	45	13	17	16	0.05757993	0.1221	1.0	0.8125	8,12,17,20,23,24,25,26,27,28,30,32,33,34,36,38,39,40,44,46,47,51,54,55,57,60,64,65,66,68,69,71,79,80,83,84,85,87,93,97,100,102,107,108,111	ء ذ ن ء م م ج ن ب ر ب ب ر ب و ر ج ل ع ل م ع ن د ع ه د ع و د ف ق ه ق ر ب و ل ي	kw:knowledge(67.2365); kw:adjacency(62.7642); kw:nearness(52.1902); kw:proximity(48.2109); kw:relation(45.8825); theme:cognition_perception/knowledge_learning(42.7365); theme:time_measure_quantity/time(36.9317); kw:contact(36.6655)	ق ر ب:B001:الدنو وخلاف البعد → و ل ي:B001:قرب ودنو بلا فاصل
C1250	0.6664	calamity / severity / ordeal / crisis	30	13	14	21	0.05452038	0.2333	0.9524	0.5238	4,7,13,14,17,26,27,30,37,38,40,49,51,52,55,58,62,64,71,82,88,93,95,96,97,98,102,103,105,106	ب ذ ر ج ب ل ج ل ب ج م ع خ ب ر ز ب ر ص م م ع ظ م ك ر ه م ر ر ن ز ل ن غ ض ي و م	kw:calamity(83.9958); kw:severity(59.3598); kw:ordeal(54.4326); kw:crisis(51.6738); kw:abundance(51.4865); kw:disaster(47.5872); kw:suffering(45.4118); kw:adversity(37.9386)	م ر ر:B004:الشدة المرة والداهية → ص م م:B005:الشدة والداهية
C1251	0.6664	blessing / curse / prayer / mercy	40	15	17	17	0.06095918	0.1269	1.0	0.7647	1,8,11,12,17,18,23,24,28,30,34,36,37,43,44,47,52,54,56,57,60,66,67,68,71,74,75,78,82,86,87,93,95,100,102,104,105,106,108,110	ب ر ك ب ع د ب ل غ ح ي ي خ س ف د ع و ر ح م س ب ح س ب ع س م ع ش ي ء ص ل و ص ل ي ل ع ن ن ز ل	kw:blessing(63.9861); kw:curse(59.0879); kw:prayer(41.1882); kw:mercy(41.0035); kw:insult(39.2775); kw:glorification(36.9273); kw:religion(32.5067); kw:forgiveness(31.7301)	ص ل ي:B002:الدعاء والبركة والرحمة → ص ل و:B002:الدعاء والثناء والرحمة
C1252	0.6664	entry / concealment / shelter / insertion	10	6	11	13	0.05731247	0.2955	1.0	0.8462	5,7,11,16,29,35,73,80,91,100	خ ل ل خ ي ر د خ ل د م ر غ ل ل ق ت ر	kw:entry(40.8244); kw:concealment(32.7774); kw:shelter(32.5509); kw:insertion(28.4462); kw:interior(26.9877); kw:defect(25.6736); kw:corruption(25.4406); kw:hunting(24.1599)	د خ ل:B004:فساد مستبطن → غ ل ل:B001:دخول ثابت في الخلال
C1253	0.6662	concealment / veil / screen / cover	20	14	15	17	0.06702978	0.1635	1.0	0.7647	1,8,21,25,27,29,44,45,49,56,64,67,69,88,89,91,92,98,99,104	ج ل ب ج ن ن ح س ر د ر ج ر ف ت س ت ر س ر ي غ ف ر غ ل ل ك س ف ك ش ف ك ف ر ل ف ف ي د ي	kw:concealment(131.1095); kw:veil(70.346); kw:screen(57.5595); kw:cover(51.0335); kw:exposure(48.4301); kw:covering(46.2971); kw:clothing(43.4013); kw:privacy(41.1882)	س ر ي:B004:الكشف والانسراء → ك ش ف:B001:رفع الغطاء عن الشيء
C1254	0.6662	top / summit / ascent / conquest	27	9	12	15	0.05621511	0.25	1.0	0.5333	3,4,7,12,25,36,43,44,47,51,52,54,55,62,70,74,76,84,85,88,92,93,95,99,102,107,110	ح م ل ر ء س س م و ص د ر ظ ه ر ع ل م ع ل و ق ل ل ق و ف	kw:top(74.4006); kw:summit(45.3471); kw:ascent(39.4154); kw:conquest(30.4895); kw:rise(28.9576); kw:dominance(27.2163); kw:height(24.6862); kw:head(23.9988)	ع ل و:B001:السمو والارتفاع → س م و:B001:العلو والارتفاع
C1255	0.6661	pattern / imitation / method / rhyme	26	11	17	23	0.06198158	0.1811	1.0	0.7391	7,9,13,14,16,22,29,36,41,45,46,48,58,60,64,71,76,78,80,82,88,89,93,97,99,106	ب ي ت خ ر ج غ ر ر ف ر ق ق ر ء ق ر ي ق ع د ق ف و ق و ف م ث ل و ج ه	kw:pattern(61.2574); kw:imitation(47.0731); kw:method(47.0731); kw:rhyme(45.7343); kw:verse(45.3471); kw:meter(44.316); kw:language(40.4595); kw:pursuit(37.4165)	ق ر ء:B011:طريقة ومثال وقصد → ق ر ي:B006:كون الأشياء على قرو واحد
C1256	0.666	dawn / astronomy / land_water_sky/light_darkness / night	35	16	17	23	0.05811232	0.1704	0.9565	0.6957	1,3,7,12,13,14,15,20,23,25,29,33,36,38,47,52,58,59,62,64,66,70,71,77,78,79,82,84,89,90,91,92,97,99,101	ح م ل ذ ر ر ر ج ل س ح ر س ن ن س ن و ش م س ظ ل م ف ج ر ف ل ك ك س ف ك ل ل ل ي ل ن ف س ن ه ر ي و م	kw:dawn(70.7234); kw:astronomy(64.2444); theme:land_water_sky/light_darkness(61.5644); kw:night(58.6452); kw:time(54.0886); kw:emergence(49.8887); kw:daybreak(47.0731); kw:light(44.7539)	ن ه ر:B002:انفتاح النهار بالضياء → ي و م:B001:وقت النهار المحدود
C1257	0.666	entry / circumstance / outsider / boundary	20	8	11	9	0.0603793	0.1765	1.0	0.8889	2,5,7,16,26,29,41,55,59,64,71,73,80,85,88,89,91,92,101,107	ء ت ي ء م ر خ ل ل خ ي ل د خ ل د م ر ص ر ف غ ل ل	kw:entry(40.8244); kw:circumstance(33.004); kw:outsider(31.3821); kw:boundary(28.9506); kw:belonging(28.6095); kw:insertion(28.4462); kw:defect(25.6736); kw:corruption(25.4406)	د خ ل:B004:فساد مستبطن → غ ل ل:B001:دخول ثابت في الخلال
C1258	0.6659	kinship_society/hospitality_welfare / kindness / bounty / excellence	32	11	13	13	0.05944066	0.1711	1.0	0.6923	7,8,12,14,21,23,24,28,29,32,34,35,38,52,53,54,55,57,61,63,66,67,68,70,82,83,87,98,100,101,102,110	ب ر ر ج ز ي ح س ب ح س ن ر ح م س و ء ط ي ن ظ ن ن ف ض ل ن ع م ي د ي	theme:kinship_society/hospitality_welfare(49.805); kw:kindness(43.7155); kw:bounty(42.9143); kw:excellence(40.1571); kw:accountability(40.0012); kw:gift(37.8305); kw:retaliation(30.4895); theme:emotion_ethics/ethics_morality(29.6169)	ي د ي:B003:اليَد النعمة → ن ع م:B001:حسن الحال والنعمة
C1259	0.6658	weakness / burden / helplessness / land_water_sky/fire_heat	37	13	13	11	0.05923081	0.141	1.0	0.7273	2,8,9,12,13,15,16,20,27,29,36,38,46,52,54,65,67,68,69,71,78,84,85,86,88,89,91,94,97,98,99,101,102,104,107,109,110	ء م ر ج ن ن ذ ق ن ص ل و ظ ن ن ك ف ر ك ل ل ك ن ن ل ف ف ل ي س ه د ي و ز ر و ك ل	kw:weakness(57.4546); kw:burden(46.9162); kw:helplessness(36.9273); theme:land_water_sky/fire_heat(33.0724); kw:dependency(32.1114); kw:judgment(31.722); kw:incapacity(31.0619); kw:disability(27.7169)	ء م ر:B008:ضعيف الرأي التابع → ل ي س:B007:الأليس ضعيف الرأي
C1260	0.6657	horse / gallop / running / pursuit	39	16	17	26	0.0545521	0.1926	0.8846	0.6538	2,10,12,23,28,33,34,35,36,37,42,44,46,47,52,53,54,55,57,63,64,65,66,67,68,69,83,85,86,88,92,93,95,97,99,101,102,110,111	ب غ ي ب ل غ ت ب ع ر ج ل ر و ح س ق ط س م و ظ ن ن ظ ه ر ع ت د ع د و ع ر ض ف ء د ك ي ل و ك ل و ل ي	kw:horse(81.0199); kw:gallop(44.0082); kw:running(41.0035); kw:pursuit(37.4165); kw:gait(36.9363); kw:locomotion(35.7659); kw:race(31.0619); theme:movement_travel/motion(28.9677)	ب غ ي:B007:اختيال الفرس ومرحه في العدو → ب ل غ:B007:مد الفارس عنانه لزيادة العدو
C1261	0.6657	abundance / land_water_sky/water_hydrology / hydrology / water	44	13	16	19	0.05853203	0.1667	0.9474	0.6842	3,6,8,10,12,15,17,19,20,23,24,25,27,28,29,30,36,38,39,40,46,47,54,55,57,58,60,65,66,67,68,70,79,80,83,84,85,87,93,97,100,102,107,108	ب ح ر ج ن ب خ س ف ر ب ب ر د د س ع ر ش ك ر ع د د ع ذ ب ع ل م غ ل ل ق ل ب م د د	kw:abundance(72.0811); theme:land_water_sky/water_hydrology(55.3976); kw:hydrology(53.8167); kw:water(42.3686); kw:thirst(40.3171); kw:resource(36.0777); kw:river(29.1436); kw:meteorology(28.7797)	ر ب ب:B013:ماء رَبَب كثير → ع ل م:B005:ماء كثير مجتمع في عيلم
C1262	0.6657	pause / stay / delay / residence	30	13	14	13	0.06958278	0.1444	1.0	0.6923	1,4,7,12,37,44,48,52,55,59,61,63,76,78,80,81,84,86,88,89,90,95,98,99,101,102,103,104,106,107	ء ر ض ء ي ي د ل ك ذ ه ب ز ه ق س ج د ش ك ل ط م ء ن ط م ن ل ب ث ل د ن م ث ل م ك ث	kw:pause(47.0731); kw:stay(44.9833); kw:delay(37.8305); kw:residence(37.8305); kw:disappearance(26.9877); kw:ground(23.7936); kw:decay(23.5985); theme:time_measure_quantity/time(22.159)	ل ب ث:B001:المكث في الموضع → م ك ث:B001:ثبات مع انتظار
C1263	0.6657	support / wood / craft_material_built/architecture_construction / shelter	31	12	12	12	0.05509591	0.1818	0.9167	0.75	5,7,11,13,16,18,20,22,26,29,33,35,40,42,44,49,51,55,58,59,60,76,81,92,93,95,98,99,102,105,110	ء و ل ح ظ ر ح ق ق خ ل ف س م و ش ج ر ع ج ل ع ر ش ع ظ م ق ر ي ق ع د ل ز م	kw:support(66.717); kw:wood(50.5848); theme:craft_material_built/architecture_construction(47.4037); kw:shelter(43.4013); kw:frame(32.1114); kw:architecture(31.607); kw:canopy(31.0619); kw:transport(30.469)	ل ز م:B004:آلة تمسك ما فيها → ق ر ي:B008:خشبات تحمل رأس عمود البيت
C1264	0.6656	death / body_health_life/mortality_death / burial / mortality	29	12	17	25	0.05824056	0.1953	0.96	0.72	2,4,6,7,8,22,23,26,27,29,34,35,36,40,67,69,70,71,75,85,88,89,91,93,97,98,99,101,104	ب ن ي ب ي ت ج ن ن ر و ح ق ض ي ق ع د ق ف و ك ف ر م و ت و ج ه و ف ي ي م ن	kw:death(111.8847); theme:body_health_life/mortality_death(72.795); kw:burial(67.7508); kw:mortality(53.9596); kw:grave(45.3471); kw:verse(45.3471); kw:meter(44.316); kw:language(40.4595)	ق ف و:B003:قافية الكلام وآخره → ب ي ت:B003:بيت الشعر
C1265	0.6656	tongue / weakness / speech / disability	29	15	16	18	0.05778567	0.1513	1.0	0.8333	2,5,8,9,11,12,13,15,20,29,36,38,39,44,52,56,57,65,67,71,75,84,89,94,97,101,102,104,110	ب ء س ب ك م ج و ب ح ص ر ح ك م د ع و ص م م ض ع ف ظ ن ن ف ص ل ك ل ل ل ف ف ل ك ن ل ي س ه د ي	kw:tongue(64.8028); kw:weakness(57.4546); kw:speech(56.3049); kw:disability(55.4339); kw:communication(43.0941); kw:language(40.4595); kw:dialogue(32.5328); theme:language_communication/language_speech(31.8226)	ه د ي:B009:الهداء البليد الضعيف → ل ف ف:B004:لسان أو رجل قد ثقل كأنه ملتف
C1266	0.6653	abundance / waterskin / fertility / livestock	23	15	15	17	0.05739824	0.1619	1.0	0.8235	1,3,6,11,13,17,18,19,23,24,30,36,37,39,40,47,49,51,59,68,96,97,98	خ ب ر خ س ف ر د د س م ع ش ك ر ص غ ر ص ف و ص م م ع ج ل ع ظ م ك ل و ل ق ي م ر ح ن غ ض ن و ق	kw:abundance(82.3784); kw:waterskin(66.9285); kw:fertility(63.8376); kw:livestock(38.1273); kw:fullness(35.3267); kw:milk(34.4728); kw:yield(30.4895); kw:seam(30.2314)	ش ك ر:B003:الامتلاء والغزر وكثرة اللبن → ر د د:B007:امتلاء الضرع وتجمع الماء
C1267	0.6653	nape / pursuit / trail / sound	13	8	14	17	0.06075777	0.2267	1.0	0.8235	7,13,22,25,29,36,39,40,44,47,63,69,97	ت ب ع ص ف و غ ف ر ق ع د ق ف و ق و ف ل ق ي و ج ه	kw:nape(45.7343); kw:pursuit(37.4165); kw:trail(31.0619); kw:sound(30.8249); kw:rhyme(30.4895); kw:language(30.3446); kw:verse(30.2314); kw:meter(29.544)	ق ف و:B001:اتباع الأثر والتتابع → ت ب ع:B001:التلو والقفو
C1268	0.6653	anatomy / obesity / hump / spine	27	13	16	16	0.05965598	0.1379	1.0	0.9375	4,8,9,16,17,21,23,30,31,37,40,43,49,51,58,60,66,67,70,87,88,91,96,97,98,103,111	ب ح ر ج ب ل ج م ع ح ش ر ح ص ر خ ب ر ص م م ظ ه ر ع ظ م ع ن ب ق ر ي ك ب ر ن غ ض	kw:anatomy(70.6239); kw:obesity(34.884); kw:hump(29.9889); kw:spine(29.7602); kw:body(29.0672); kw:description(28.1384); kw:bulk(26.7714); kw:swelling(26.371)	ك ب ر:B002:معظم الأمر → ع ظ م:B001:الكبر والقوة
C1269	0.6652	benefit / negation / welfare / condition_force_change/value_quality	25	13	14	14	0.05406887	0.1556	1.0	0.9286	1,5,8,11,17,27,35,37,51,53,56,58,64,67,69,73,74,75,76,77,83,91,92,104,107	ب ع د ح ي ي خ ل ف خ ل ل خ ي ر ش ر ر ش ط ن ض ر ر ط و ل ع و د ق ب ل ق ص و ك و د	kw:benefit(69.2923); kw:negation(53.7561); kw:welfare(52.9349); theme:condition_force_change/value_quality(45.1651); kw:good(34.884); kw:pragmatics(33.5381); kw:badness(33.5381); theme:language_communication/grammar_expression(32.045)	ش ر ر:B001:الشَّرّ والسوء → خ ي ر:B001:الميل إلى الخير النافع
C1270	0.6651	gold / metal / nugget / ornament	23	10	13	13	0.05852878	0.1757	1.0	0.8462	3,7,22,37,39,41,42,48,49,51,60,61,63,69,70,73,86,88,89,93,98,99,103	ت ب ر خ ر ق خ ل ق ذ ه ب ز خ ر ف ص ر ف غ ر ق ف ت ن م ث ل م ع ع	kw:gold(74.4006); kw:metal(39.8493); kw:nugget(36.9273); kw:ornament(36.4916); kw:gilding(35.7766); theme:craft_material_built/ornament_beauty(34.5142); kw:conformity(31.3821); kw:currency(31.0619)	ت ب ر:B002:الجوهر قبل الصياغة والفتات → ذ ه ب:B001:الذَّهَب المعدن
C1271	0.6651	seed / flour / dispersal / scattering	19	9	11	10	0.05860472	0.1887	1.0	0.8	3,6,8,11,20,26,27,29,62,67,69,83,88,89,91,98,99,103,106	ب ذ ر ج م ع ذ ر ر ش ر ر غ ل ل ف ر ق ك ف ر م د د ن خ ل	kw:seed(51.6738); kw:flour(46.1482); kw:dispersal(42.6693); kw:scattering(42.2076); kw:agriculture(41.0786); kw:mixture(24.8132); kw:growth(21.0713); kw:bran(19.2746)	ك ف ر:B008:تغطية البذر → ب ذ ر:B001:نثر البذر وتفريق الشيء
C1272	0.6649	planning / cognition_perception/reasoning_decision / governance / deliberation	35	15	17	23	0.05929773	0.1729	0.9565	0.6957	1,2,7,9,12,13,14,15,16,26,28,30,35,41,46,48,55,58,59,60,62,64,71,78,79,84,85,88,89,92,94,97,99,101,107	ء ت ي ء م ر ح س ب د ب ر ر ء ي س ن و ص ر ف ط و ع ظ ه ر ق د ر ق ل ب ق و م ه د ي و ج ه ي س ر	kw:planning(55.9858); theme:cognition_perception/reasoning_decision(51.5948); kw:governance(45.0396); kw:deliberation(43.7155); kw:analysis(35.7766); kw:facilitation(34.1547); kw:circumstance(33.004); kw:calculation(31.7301)	ق ل ب:B004:رد الشيء عن وجهه → ظ ه ر:B018:قلب الأمر ظهرا لبطن
C1273	0.6649	palm / agriculture_food/plant_vegetation / sapling / seedling	37	11	17	21	0.05997688	0.1628	0.9524	0.7143	2,4,6,8,9,12,18,21,22,23,24,29,30,31,33,39,40,43,44,45,46,49,51,54,55,60,62,73,74,79,80,86,87,91,98,99,111	ج ع ل ح ن ك خ ف ض ش ي ء ص غ ر ع س ي ع ظ م ك ب ر ن ب ء ن خ ل و ح ي	kw:palm(68.2325); theme:agriculture_food/plant_vegetation(54.5874); kw:sapling(49.5059); kw:seedling(34.884); kw:tree(33.9456); kw:magnitude(32.5328); kw:murmur(31.7301); kw:growth(31.607)	و ح ي:B005:صوت خفي → ن ب ء:B006:الصوت الخفي الملتبس
C1274	0.6649	language / collection / recitation / scripture	37	12	17	18	0.06223751	0.1417	1.0	0.7778	2,8,9,13,14,16,17,20,23,34,36,37,39,40,41,45,46,47,53,58,60,62,64,71,72,73,78,82,88,89,93,96,101,102,106,110,111	ء خ ذ ب ل غ ب ي ت ب ي ن ح ص ر ر ج ل ق ر ء ق ر ن ق ر ي ق ف و ل ق ي ه ا ء	kw:language(70.8041); kw:collection(67.7508); kw:recitation(44.6404); kw:scripture(44.316); kw:education(40.3171); kw:expression(37.6199); kw:rhetoric(35.4695); theme:cognition_perception/knowledge_learning(34.1892)	ق ر ء:B001:جمع واجتماع → ق ر ي:B002:جمع ماء أو شيء في مستقر
C1275	0.6649	craft_material_built/craft / edge / border / craft	32	15	15	14	0.06135752	0.1333	0.9286	0.8571	1,2,4,5,12,13,14,17,28,30,36,37,45,47,51,52,53,57,58,59,64,67,71,73,82,91,92,93,96,101,102,110	ب ص ر ب ي ن ج ل ب ج و ب ح ج ب خ ر ق خ ل ل ر ج و ش ف ي غ ر ر ف ر ي ف ط ر ك ت ب ك س ف ن ج و	theme:craft_material_built/craft(51.5221); kw:edge(46.1287); kw:border(44.9833); kw:craft(44.4711); kw:textile(39.5309); kw:repair(37.6199); kw:side(33.6183); kw:rim(29.9889)	خ ر ق:B001:الشَّق والثقب والقطعة → ج و ب:B001:الخَرْق والقطع النافذ
C1276	0.6649	household / family / marriage / consummation	24	10	12	13	0.06095234	0.2031	1.0	0.6154	2,4,5,6,7,9,12,15,16,24,26,35,40,51,59,70,73,80,84,93,94,97,101,104	ء و ل ب ن ي ب ي ت د خ ل د م ر ر ب و س ك ن غ ي ر ف ص ل ه د ي	kw:household(107.527); kw:family(79.8764); kw:marriage(79.4706); kw:consummation(49.5059); kw:kinship(38.0967); kw:wedding(34.1547); kw:kin(32.5328); kw:lineage(32.5067)	ء و ل:B003:آل الرجل من يرجع إليهم ويرجعون إليه → ب ي ت:B002:أهل البيت وعياله
C1277	0.6649	color / contrast / space_form_boundary/visual_appearance / whiteness	22	13	13	11	0.05981821	0.141	1.0	0.9091	1,4,7,10,12,13,14,15,29,43,47,51,53,54,57,58,64,76,80,84,97,101	ح س ب ح س ر خ ر ج س ح ر س ر ي س ع ر ش ك ل ص د ر ع د و ع ذ ب ع ل و غ ر ر و ج ه	kw:color(51.2095); kw:contrast(42.9143); theme:space_form_boundary/visual_appearance(37.0424); kw:whiteness(35.9982); kw:topology(31.7301); kw:summit(30.2314); kw:border(29.9889); kw:top(29.7602)	ح س ب:B009:لون الأحسب والأحسبية → ش ك ل:B005:الشُّكلة لون مختلط
C1278	0.6648	road / route / path / navigation	31	15	16	22	0.05751604	0.1849	1.0	0.6364	1,7,9,16,26,32,40,42,48,49,51,53,55,56,58,61,64,67,72,84,88,92,93,94,95,97,98,100,105,110,111	ب ش ر ج د د خ ز ن س ب ل س ر ي ش ر ك ص د ر ض ر ر ظ ه ر ع د و ع م ل ق ر ي م ل ك ن ب و و ج ه	kw:road(78.5549); kw:route(65.6923); kw:path(62.3609); kw:navigation(53.4682); kw:boundary(38.6008); kw:back(37.5174); kw:bank(30.7655); kw:track(29.7602)	ع م ل:B011:الطريق المعمل → ش ر ك:B005:شِرك الطريق
C1279	0.6648	terrain / elevation / geology / surface	15	12	13	17	0.0602207	0.2208	1.0	0.6471	31,40,49,51,57,59,60,61,62,70,72,78,97,98,99	ج د د ح ذ ر ح ن ك خ ل ق د ل ك ص ف و ص م م ط غ و ط غ ي ع م ي م ل ق ن و ق	kw:terrain(64.7515); kw:elevation(58.9962); kw:geology(58.7608); kw:surface(56.1193); kw:smoothness(51.8423); kw:hardness(49.4984); kw:slab(48.7992); kw:rock(42.434)	ط غ ي:B005:الطغية الصفاة الملساء → ط غ و:B006:الطغية الصفاة أو الموضع المرتفع
C1280	0.6647	withdrawal / avoidance / refusal / diversion	30	17	17	26	0.05987437	0.1912	0.8846	0.6538	6,10,15,22,28,29,30,33,41,46,47,48,54,57,58,59,64,67,69,71,82,83,85,88,89,94,97,99,103,111	ب س ط ج ل ب ج م ع د ب ر ر د د ر و ح ص ر ف ض ر ب ظ ل م ع ذ ب ع ر ض ف ت ل ق ص ف ق ع د م ن ع ن ء ي و ل ي	kw:withdrawal(66.1686); kw:avoidance(63.7919); kw:refusal(57.219); kw:diversion(53.9753); kw:prevention(51.8423); kw:aversion(51.6738); kw:departure(45.8825); kw:abstention(45.7343)	ع ر ض:B005:الإعراض تولية العرض → و ل ي:B007:الإدبار والإعراض
C1281	0.6647	kinship_society/social_relations / agreement / cooperation / settlement	46	13	17	19	0.05665918	0.145	1.0	0.6842	1,2,4,5,7,9,12,15,26,28,29,33,34,35,39,42,47,48,51,55,57,59,62,64,66,67,71,73,74,75,78,80,83,84,85,86,88,92,94,97,101,103,104,107,108,110	ء ت ي ء ل ي ب غ ي ج م ع س ن و ط و ع ن ب و ن ص ر ن ع م ه د ي و ج ه و ع د و ف ي	theme:kinship_society/social_relations(50.4848); kw:agreement(44.0082); kw:cooperation(42.9143); kw:settlement(41.2343); kw:comfort(39.7012); kw:arrival(37.0293); kw:adaptation(34.884); kw:facilitation(34.1547)	ء ت ي:B003:مأتى الأمر وتهيؤه → ن ع م:B011:موافقة المكان وطيب المقام
C1282	0.6646	expansion / rupture / opening / flood	24	15	17	23	0.06082693	0.1716	1.0	0.7391	6,7,12,13,14,15,20,23,25,29,30,33,51,60,66,67,69,70,73,78,85,90,91,106	ب ح ر ب س ط ر و ح س ن و ط غ و ط غ ي ط ي ر ف ج ر ف ر ق ف ر ي ف ط ر م د د ن ش ر ن ف س ن ه ر	kw:expansion(102.6858); kw:rupture(66.6687); kw:opening(61.873); kw:flood(45.3471); kw:fissure(44.0082); kw:river(43.7155); kw:hydrology(43.0534); kw:spread(41.9894)	ط غ ي:B002:علو الماء والقوة الجارفة → ط غ و:B002:طغيان الماء وما يجري مجراه
C1283	0.6644	horse / gallop / speed / running	24	13	17	30	0.05562086	0.2381	0.9333	0.6667	12,23,24,28,34,35,37,42,47,53,57,58,64,66,67,69,77,78,83,85,92,97,107,110	ب غ ي ب ل غ ج ن ح ر ج ل ر و ح س ع ر س ق ط ش م س ع د و ع ر ض ق ب ل ك ي ل م ر ح	kw:horse(69.4456); kw:gallop(58.6776); kw:speed(45.4883); kw:running(41.0035); kw:exuberance(35.7766); kw:locomotion(35.7659); theme:movement_travel/motion(34.7612); kw:breeze(31.7301)	ب غ ي:B007:اختيال الفرس ومرحه في العدو → ب ل غ:B007:مد الفارس عنانه لزيادة العدو
C1284	0.6644	life / soul / body_health_life/physiology / breath	22	12	17	30	0.05829536	0.2344	0.9	0.6667	1,7,14,15,24,25,28,31,33,36,47,59,60,62,67,69,70,75,83,85,99,101	ح ي ي ر ء ي ر ب و ر و ح س ح ر ط ي ب ع ر ض ق ت ل ق و ف ك ذ ب م و ت ن ف س	kw:life(95.6749); kw:soul(58.6776); theme:body_health_life/physiology(57.648); kw:breath(54.4326); kw:spirit(44.6404); kw:self(43.7155); kw:mortality(43.1677); kw:respiration(41.5754)	ن ف س:B011:النفس التي بها الحياة → ر و ح:B001:النفس والروح التي بها حياة البدن
C1285	0.6643	horse / gaze / animal / vision	40	16	17	26	0.05549169	0.1926	0.8846	0.6154	1,2,7,12,17,18,21,23,28,30,34,35,36,37,42,44,47,48,54,57,59,60,61,62,64,65,66,67,68,69,74,83,85,86,92,96,99,102,107,110	ب ص ر ب غ ي ب ل غ ج ن ب خ ي ل ر ء ي ر ج ل ر و ح س ج د س ق ط س م ع ش ي ء ع ر ض ك ي ل ن ظ ر و ك ل	kw:horse(115.7427); kw:gaze(54.9176); kw:animal(48.2146); kw:vision(46.8248); kw:sight(42.6693); kw:gait(36.9363); kw:transport(30.469); theme:cognition_perception/perception(29.6486)	ر ء ي:B001:رؤية العين والبصيرة → ب ص ر:B001:إبصار العين
C1286	0.6643	gift / generosity / hand / exchange	32	11	17	19	0.06031619	0.1545	1.0	0.8421	1,2,4,9,20,28,29,30,33,39,40,41,42,46,47,51,57,59,62,67,71,72,73,74,78,86,88,89,94,97,102,111	ء خ ذ ء ل ي ب س ط ظ ه ر ع ط و م ن ع ه ا ء و ل ي ي د ي ي س ر ي م ن	kw:gift(75.661); kw:generosity(60.8194); kw:hand(60.5377); kw:exchange(54.5523); kw:transfer(51.0335); kw:taking(44.6404); theme:economy_property/commerce_exchange(39.9715); kw:reciprocity(38.8817)	ي س ر:B004:الجهة اليسرى واليد اليسرى → ي م ن:B002:اليد اليمنى والجهة اليمنى
C1287	0.6642	duration / group / community / history	32	14	17	24	0.06320325	0.1818	0.875	0.7083	6,9,13,14,16,17,20,21,31,33,35,37,41,45,46,52,58,60,62,71,77,78,79,82,88,89,92,93,97,103,106,107	ء م م ج م ع د ر ج ط و ل ق ب ل ق ت ل ق ر ء ق ر ن ق ر ي ق و م ك ر ر م د د و ح د ي و م	kw:duration(63.0508); kw:group(60.6775); kw:community(56.209); kw:history(51.6738); theme:time_measure_quantity/time(44.3181); kw:pattern(36.7544); kw:sameness(35.7766); kw:generation(30.2314)	ق ر ء:B011:طريقة ومثال وقصد → ق ر ي:B006:كون الأشياء على قرو واحد
C1288	0.6642	arrival / kinship_society/social_relations / appointment / meeting	27	12	15	18	0.06189914	0.1765	1.0	0.6667	2,5,7,13,23,25,26,34,35,39,48,55,59,64,71,76,80,81,85,88,92,94,97,101,104,107,108	ء ت ي ء ف ف ء و ب ج ي ء خ ل ف ص د ق ط و ع ل ق ي ن ب ء و ج ه و ع د و ف ي	kw:arrival(61.7155); theme:kinship_society/social_relations(50.4848); kw:appointment(47.5952); kw:meeting(44.9833); kw:return(35.9982); kw:coming(33.5381); kw:presentation(33.004); kw:occurrence(31.0619)	ء ت ي:B001:الإتيان والمجيء → ج ي ء:B001:المجيء والحصول
C1289	0.6642	smallness / scale / age / quantity	23	9	13	14	0.0636346	0.2059	1.0	0.7143	2,4,9,16,21,23,24,28,31,40,43,49,51,56,60,67,71,77,85,87,97,98,111	ء م ر ء م م د و ن س ن ن ص غ ر ض ر ر ع ظ م ك ب ر ي س ر	kw:smallness(39.2775); kw:scale(39.0107); kw:age(37.4165); kw:quantity(34.787); kw:magnitude(32.5328); kw:insignificance(32.5328); kw:meanness(32.5328); theme:time_measure_quantity/measurement(30.054)	ك ب ر:B001:العظم خلاف الصغر → ص غ ر:B001:الصِّغَر ضد الكبر
C1290	0.6641	speed / fertility / pregnancy / travel	30	14	14	15	0.05582331	0.1648	0.9333	0.8	1,3,5,11,13,16,17,18,23,24,26,29,30,31,33,39,40,47,53,56,59,65,67,73,77,81,86,96,97,105	ج ن ح ح ق ق ح و ل س ع ر ص ف و ص م م ع ب د ع ج ل ع ن ق ل ق ي م ل ق ن ج و ن و ق و ح ي	kw:speed(90.9767); kw:fertility(53.198); kw:pregnancy(51.8423); kw:travel(44.1154); kw:haste(39.5566); kw:livestock(38.1273); kw:camel(37.0667); kw:reproduction(30.5959)	ج ن ح:B006:السرعة كأنها بأجنحة → ن ج و:B002:سرعة الذهاب
C1291	0.6639	fabrication / invention / emotion_ethics/deception_corruption / falsehood	28	15	17	24	0.06209416	0.1791	1.0	0.625	2,4,5,7,9,13,14,20,29,37,49,51,58,59,61,64,70,71,73,78,84,90,91,93,97,98,99,108	ء ج ل ج ل ب خ ر ق خ ل ق ز خ ر ف ع ط و ع م ل ف ج ر ف ر ي ف ط ر ف ع ل ك ت ب ك ذ ب و ج ه ي د ي	kw:fabrication(89.2807); kw:invention(66.0079); theme:emotion_ethics/deception_corruption(65.9482); kw:falsehood(65.4624); kw:lie(59.0879); kw:crime(43.1696); kw:accusation(41.5754); kw:testimony(39.8493)	خ ر ق:B003:اختلاق الكذب وافتراؤه → خ ل ق:B007:اختلاق الكذب والكلام
C1292	0.6639	beginning / growth / fruit / onset	39	15	15	15	0.05493887	0.1429	0.9333	0.8	2,3,5,7,8,9,15,26,27,35,45,48,51,55,58,59,62,64,67,69,71,77,78,82,84,85,88,89,90,91,92,93,94,97,98,99,101,105,107	ء ت ي ء و ل ب ش ر ج ن ن ح ج ب ذ ر ر ش ف ي ش ك ل ط و ع غ ر ر ف ج ر ق ب ل ك ف ر ن خ ل ه د ي	kw:beginning(67.4691); kw:growth(52.6784); kw:fruit(46.4691); kw:onset(42.9143); theme:time_measure_quantity/sequence_cycle(42.6276); kw:emergence(37.4165); kw:transition(34.1742); kw:daybreak(31.3821)	ء و ل:B001:ابتداء الشيء وتقدمه → ج ن ن:B014:جن الشيء في بدايته
C1293	0.6639	language_communication/writing_text / writing / document / clay	21	13	14	12	0.06519761	0.1333	1.0	0.9167	1,2,4,13,14,21,24,39,51,55,56,58,60,61,71,73,77,84,86,93,95	ح و ل خ ف ض د ر ج ز ب ر س ط ر ش ك ل ط م ن ط ي ن ف ت ن ف ط ر ك ت ب ن ش ر و ح ي	theme:language_communication/writing_text(161.3493); kw:writing(79.6986); kw:document(62.7642); kw:clay(58.2873); kw:documentation(50.3071); kw:mud(32.5328); kw:book(30.7655); kw:inscription(29.9889)	ك ت ب:B002:نظم الحروف واسم المكتوب → و ح ي:B003:كتابة ونقش
C1294	0.6637	seed / dispersal / scattering / casting	24	9	12	10	0.05895851	0.1613	1.0	0.9	3,8,12,13,21,26,27,32,39,42,48,55,62,67,69,72,84,88,89,98,99,103,106,110	ب ذ ر ب ع ض ج م ع ذ ر ر س ب ل ف ر ق ف ص ل ك ف ر ل ق ي	kw:seed(51.6738); kw:dispersal(42.6693); kw:scattering(42.2076); kw:casting(31.0619); kw:part(29.7602); kw:meaning(29.3388); kw:aggregation(27.8525); kw:grain(26.2769)	ك ف ر:B008:تغطية البذر → ب ذ ر:B001:نثر البذر وتفريق الشيء
C1295	0.6636	earth / ground / geography / surface	27	17	17	28	0.05714849	0.2059	0.9286	0.6071	8,9,15,17,29,30,38,48,49,57,66,67,68,70,72,73,88,93,94,95,96,97,98,102,105,109,110	ب ح ر ب س ط ب ش ر ث ب ر ج د د ج ه ر ح ذ ر ح ص ر خ ب ر خ س ف خ ش ع ض ل ل ط م ء ن ط م ن ظ ه ر ف ر ي ك ر ه	kw:earth(79.7398); kw:ground(71.3809); kw:geography(70.8011); kw:surface(67.3432); kw:terrain(64.7515); kw:land(56.957); kw:burial(54.2007); kw:plain(40.8244)	ط م ن:B002:انخفاض الأرض → ط م ء ن:B002:التطامن والانخفاض الحسي
C1296	0.6636	quantity / measurement / measure / volume	13	11	14	15	0.06553187	0.1724	1.0	0.8667	6,12,14,20,30,34,35,57,59,60,82,99,106	ح س ب خ س ر خ و ف ف ر ق ق د ر ق س ط س ك ر ر ك ي ل م د د و ز ن و ف ي	kw:quantity(92.7653); kw:measurement(92.2573); kw:measure(89.368); kw:volume(45.3471); kw:weight(40.0012); kw:scale(39.0107); kw:capacity(36.7544); kw:justice(33.6716)	م د د:B006:مد يقدر به الكيل → ف ر ق:B011:فرق مكيال وإناء
C1297	0.6636	color / redness / space_form_boundary/visual_appearance / purity	30	14	15	13	0.05895377	0.125	1.0	0.9231	1,12,13,14,17,23,26,27,30,33,36,41,55,59,60,62,63,64,66,67,70,76,80,84,86,89,96,97,99,102	ب ح ر ب ذ ر ب ص ر ح ر م ح س ب خ ر ج ذ ه ب ر ء ي ز ب ر س ع ر ش ك ل ص ر ف غ ر ر ك ر م	kw:color(92.177); kw:redness(66.6687); theme:space_form_boundary/visual_appearance(49.3899); kw:purity(47.5872); kw:blood(37.4165); kw:whiteness(35.9982); kw:honor(34.4119); kw:appearance(32.3327)	ح س ب:B009:لون الأحسب والأحسبية → ش ك ل:B005:الشُّكلة لون مختلط
C1298	0.6635	elevation / height / rise / ascent	27	11	17	26	0.05951798	0.2063	0.9231	0.6923	1,4,7,12,24,28,37,43,44,55,59,64,67,76,83,88,90,92,93,95,98,99,101,102,103,104,110	ء ر ض ء ي ي ر ب و س ر ي س م و ظ ه ر ع ر ض ع ل و غ ر ر ن ب و ن و ق	kw:elevation(70.7954); kw:height(61.7155); kw:rise(57.9151); kw:ascent(52.5539); kw:summit(45.3471); kw:overhead(34.884); kw:loftiness(33.004); theme:movement_travel/orientation_direction(28.1563)	ع ل و:B001:السمو والارتفاع → س م و:B001:العلو والارتفاع
C1299	0.6635	space_form_boundary/visual_appearance / anatomy / color / feather	10	10	12	11	0.05719663	0.1719	1.0	1.0	7,8,12,14,29,64,80,84,88,104	ح س ب ح س ر ح ص ر خ ي ل د خ ل ش ك ل ظ ه ر غ ل ل ف ص ل ل ف ف	theme:space_form_boundary/visual_appearance(32.9266); kw:anatomy(31.3884); kw:color(30.7257); kw:feather(30.2314); kw:connection(27.8525); kw:omen(27.3357); kw:redness(26.6675); kw:meat(25.6736)	ح س ب:B009:لون الأحسب والأحسبية → ش ك ل:B005:الشُّكلة لون مختلط
C1300	0.6634	deficiency / reduction / hunger / health	15	11	11	10	0.05944187	0.1818	1.0	0.8	5,18,22,26,27,56,64,67,68,69,73,75,82,91,110	ب ء س ب ذ ر خ س ر خ س ف خ ف ت خ ل ل ذ م م ض ر ر ض ع ف غ ر ر ق ص ف	kw:deficiency(55.7051); kw:reduction(43.1696); kw:hunger(39.8493); kw:health(35.9198); kw:poverty(35.6904); kw:weakness(34.4728); kw:shortage(33.5381); kw:decrease(31.7301)	خ ل ل:B004:دقة وهزال في الجسم → خ س ف:B005:نقص الجسد والطعام
C1301	0.6633	knowledge / information / report / cognition_perception/knowledge_learning	44	14	17	16	0.05702254	0.1212	1.0	0.8125	1,8,12,14,17,20,23,24,25,27,28,30,34,36,37,38,39,40,44,46,47,48,54,55,57,60,62,65,66,78,79,80,84,85,87,88,89,93,96,99,100,102,107,108	ء ذ ن ء ن ث ب ل غ ح س ب خ ب ر ر ء ي ر ب ب س م ع ش ه د ع ل م ف ق ه م ث ل ن ب ء ن ب و	kw:knowledge(89.6487); kw:information(75.5784); kw:report(72.8591); theme:cognition_perception/knowledge_learning(47.0101); kw:evidence(40.6505); kw:testimony(39.8493); theme:language_communication/communication(34.9956); kw:notification(33.5381)	خ ب ر:B001:العلم بالخبر وباطن الأمر → ن ب ء:B002:الخبر الآتي المبلَّغ
C1302	0.6631	calamity / time / emotion_ethics/suffering_hardship / change	25	17	17	25	0.05634557	0.1838	1.0	0.68	1,4,5,7,11,13,28,29,41,51,52,53,56,57,63,67,68,71,75,77,83,89,97,99,110	ب ء س ح و ل خ س ف خ ف ت د ع و د و ر ر ي ب س ع ر ص ر ف ص م م ض ر ر ض ع ف ع د و ع ر ض ع ن ق م ر ر و ف ر	kw:calamity(71.9964); kw:time(63.1034); theme:emotion_ethics/suffering_hardship(62.2573); kw:change(50.8811); kw:hunger(39.8493); kw:history(38.7554); kw:adversity(37.9386); kw:health(35.9198)	ص ر ف:B007:صروف الدهر وتقلبه → ر ي ب:B002:صروف الدهر المريبة
C1303	0.6631	exposure / removal / textile / disclosure	29	16	16	16	0.06527867	0.1333	0.8125	0.9375	1,5,12,13,17,25,29,30,31,36,37,39,44,49,51,52,56,59,61,64,70,73,78,88,91,96,98,99,102	ب ص ر ج و ب ح س ر خ ر ق خ ل ق خ ل ل د ل ك س ر ي ظ ه ر غ ر ر غ ف ر ف ط ر ك ش ف ل ق ي م ح و م ل ق	kw:exposure(60.5377); kw:removal(46.4691); kw:textile(39.5309); kw:disclosure(38.1608); kw:concealment(32.7774); kw:friction(31.3821); kw:uncovering(31.3821); theme:body_health_life/hygiene_sanitation(30.5004)	س ر ي:B004:الكشف والانسراء → ك ش ف:B001:رفع الغطاء عن الشيء
C1304	0.6631	navigation / land_water_sky/water_hydrology / atmosphere / land_water_sky/weather_climate	28	12	15	15	0.05936631	0.1485	1.0	0.8667	1,6,7,13,14,15,20,25,26,29,32,33,34,43,44,51,57,66,67,68,69,70,83,85,93,103,108,109	ب ح ر ج ن ب خ ش ع ر و ح س ب ح ع ن ق غ ر ق ف ل ك ق ر ب ك ر ر م د د ن ف س	kw:navigation(42.7746); theme:land_water_sky/water_hydrology(40.6249); kw:atmosphere(39.7012); theme:land_water_sky/weather_climate(39.5031); kw:wind(39.0107); kw:gust(32.5328); kw:immersion(32.5328); kw:astronomy(32.1222)	ق ر ب:B011:القارب السفينة الصغيرة → ف ل ك:B003:السفينة الدائرة في الماء
C1305	0.6631	labor / laborer / worker / economy_property/labor_work	25	6	11	11	0.06114103	0.275	1.0	0.7273	1,2,3,5,6,8,9,12,18,22,29,33,36,38,39,42,45,46,47,60,80,84,99,103,108	ج ع ل س م ع ع م ل ف ع ل ك ر ه م ع ع	kw:labor(52.0647); kw:laborer(34.884); kw:worker(34.884); theme:economy_property/labor_work(33.2199); kw:wage(33.004); kw:work(29.7602); kw:compensation(27.4588); kw:road(26.185)	ف ع ل:B003:فَعلة العمل → ع م ل:B006:العملة العاملون بالأيدي
C1306	0.6629	work / labor / action / economy_property/labor_work	32	10	17	23	0.05901266	0.1933	1.0	0.6957	2,3,5,6,8,9,12,16,18,19,22,25,29,33,39,42,45,46,60,67,68,70,73,74,76,80,81,84,85,99,103,108	ء م ر ب ر ر ب ط ل ج ع ل س ع ي ص ل ح ع م ل ف ع ل ك و د م ع ع	kw:work(59.5205); kw:labor(52.0647); kw:action(43.4363); theme:economy_property/labor_work(41.5249); kw:livelihood(38.2751); kw:construction(37.6199); kw:laborer(34.884); kw:worker(34.884)	ف ع ل:B003:فَعلة العمل → ع م ل:B006:العملة العاملون بالأيدي
C1307	0.6629	body_health_life/reproduction_birth / lineage / birth / kinship	41	14	15	17	0.05446289	0.1635	1.0	0.6471	1,3,4,7,11,13,14,15,22,23,25,29,31,33,37,39,44,46,52,55,56,57,64,67,70,71,76,77,79,88,90,91,92,95,97,99,102,103,104,110,111	ء ر ض ج ن ن ح م د ح م ل ح و ل د ب ر د ع و س ق ط ق ع د ل ق ي ن ف س ن ف ل و ج ه و ل د	theme:body_health_life/reproduction_birth(80.2653); kw:lineage(54.1778); kw:birth(49.4984); kw:kinship(47.6209); kw:childbirth(47.5952); kw:ancestry(43.4363); kw:child(42.434); kw:reproduction(40.7946)	ج ن ن:B007:الجنين المستور في البطن → س ق ط:B004:الولد السِّقط قبل تمامه
C1308	0.6629	firmness / solidity / reinforcement / strength	36	15	17	15	0.06078168	0.1119	1.0	0.8667	1,3,4,5,7,11,13,16,17,18,23,26,27,29,30,33,34,39,40,42,51,53,55,56,58,61,64,65,74,81,92,95,96,100,105,111	ث ب ت ح ق ق ح ك م ز ب ر ش د د ش ط ن ع ب د ع ج ل ع ر ش ف ط ر ق ض ي ل ز م م ر ر م ل ك ي د ي	kw:firmness(65.2377); kw:solidity(55.7051); kw:reinforcement(45.3471); kw:strength(34.002); kw:precision(32.5328); kw:perfection(31.7301); theme:condition_force_change/stability_endurance(30.6701); kw:urgency(28.1384)	ع ب د:B007:القوة والصلابة → ش د د:B002:شدة القوة والصلابة
C1309	0.6628	lowering / descent / depression / secrecy	15	8	9	7	0.0550169	0.2	1.0	0.8571	12,24,52,62,74,76,82,85,92,93,95,102,105,106,110	خ ف ت خ ف ض س ق ط س ن و ط م ء ن ط م ن ق ل ل ن ز ل	kw:lowering(55.9858); kw:descent(36.4065); kw:depression(27.2163); kw:secrecy(25.6736); theme:kinship_society/hierarchy_status(23.9193); kw:hierarchy(21.7304); kw:alighting(19.2746); kw:sending(17.8883)	ط م ن:B002:انخفاض الأرض → ط م ء ن:B002:التطامن والانخفاض الحسي
C1310	0.6627	hardness / rock / smoothness / slab	19	11	13	11	0.06350594	0.1447	1.0	0.9091	13,31,40,41,46,47,49,50,51,59,60,61,64,70,76,80,97,98,99	ح ج ر خ ر ج خ ل ق ذ ك ر ر ج ل ص ف و ص م م ط غ و ط غ ي م ل ق ن و ق	kw:hardness(86.6222); kw:rock(56.5787); kw:smoothness(51.8423); kw:slab(48.7992); kw:geology(47.0087); kw:surface(44.8955); kw:solidity(41.7788); kw:closure(39.5566)	ط غ ي:B005:الطغية الصفاة الملساء → ط غ و:B006:الطغية الصفاة أو الموضع المرتفع
C1311	0.6627	body_health_life/life_stage_aging / age / senescence / decline	31	9	11	9	0.0544535	0.1698	1.0	0.7778	1,4,7,8,9,21,23,27,29,31,32,36,39,42,43,47,51,57,60,62,67,73,74,78,79,86,87,97,107,109,111	ء خ و ء ل ي ذ ق ن ز ن ي ش ج ر ع س ي ق ف و ك ب ر و ج ه	theme:body_health_life/life_stage_aging(53.9475); kw:age(49.8887); kw:senescence(44.9833); kw:decline(43.7155); kw:oldness(33.5381); kw:purpose(28.6095); kw:location(27.4588); kw:time(27.0443)	و ج ه:B009:توجه الشيخ → ع س ي:B003:وَلِيُّ الشيخ وكبره
C1312	0.6626	sound / clamor / noise / acoustics	21	15	15	21	0.05866279	0.2	0.9048	0.7143	3,6,22,39,41,42,55,64,66,67,68,69,70,73,86,89,100,103,107,109,110	ب ر ر ج ل ب ج ه ر خ ر ر ر د د ز ج و ص ر ف ص و ت ق ت ر ق ص ف ك ث ر ك ر ر م ع ع ن ب ء و ح ي	kw:sound(102.7495); kw:clamor(59.0879); kw:noise(55.7051); kw:acoustics(53.9753); kw:murmur(47.5952); theme:cognition_perception/perception(46.12); kw:dust(39.2775); kw:wheeze(35.7766)	و ح ي:B005:صوت خفي → ن ب ء:B006:الصوت الخفي الملتبس
C1313	0.6625	time_measure_quantity/quantity_number / number / quantity / completion	16	12	14	18	0.05874442	0.2022	1.0	0.7222	4,12,14,23,26,30,32,34,35,46,51,57,82,92,99,101	ء ح د ت س ع ح س ب خ س ر س ق ط ع د د ق د ر ق ر ب ق ض ي و ح د و ز ن و ف ي	theme:time_measure_quantity/quantity_number(98.4561); kw:number(68.3392); kw:quantity(57.9783); kw:completion(50.299); kw:enumeration(48.7992); kw:fulfillment(43.4363); kw:integer(35.7766); kw:unity(33.5381)	ء ح د:B001:الأَحَدِيَّة والوَحْدَة → و ح د:B002:الواحد في العدد والآحاد
C1314	0.6625	cognition_perception/knowledge_learning / report / information / inquiry	32	14	14	14	0.05817147	0.1538	1.0	0.7143	1,5,12,14,17,20,25,30,36,41,47,48,54,55,60,62,63,69,75,78,82,84,85,88,89,92,96,97,99,102,107,109	ت ب ع ج و س ح س ب خ ب ر ذ و ق ر ء ي ز ي د س ق ط ش ك ل ش ه د ع ط و ع ل م م ث ل ن ب ء	theme:cognition_perception/knowledge_learning(76.9257); kw:report(72.8591); kw:information(60.4627); kw:inquiry(56.2768); kw:knowledge(56.0304); kw:evidence(54.2007); kw:news(45.7343); kw:search(41.7788)	خ ب ر:B001:العلم بالخبر وباطن الأمر → ن ب ء:B002:الخبر الآتي المبلَّغ
C1315	0.6624	speed / gait / animal / movement_travel/motion	31	16	17	25	0.05549518	0.1852	0.96	0.68	2,9,13,15,24,28,29,31,40,47,54,56,61,62,65,67,68,76,77,78,80,81,83,84,86,92,94,95,97,100,111	ج ن ب ج ن ح ح ن ك خ ر ج ز ه ق س ع ر س ق ط س ن ن ش م س ع ر ض ع ن ق م ل ق م ل ك ن ج و ه د ي و ك ل	kw:speed(56.8604); kw:gait(49.2484); kw:animal(48.2146); theme:movement_travel/motion(46.3482); kw:horse(46.2971); kw:control(44.2771); kw:travel(44.1154); kw:precedence(41.1882)	ح ن ك:B003:اللجام تحت الحَنَك والشد به → ج ن ب:B005:التجنيب قيادة شيء إلى الجنب
C1316	0.6624	collection / assembly / gathering / horse	39	15	17	25	0.05874642	0.1866	0.84	0.64	2,4,7,9,12,13,14,16,17,28,35,41,42,45,46,47,51,54,57,58,60,64,65,66,67,68,70,71,78,82,83,86,88,89,92,93,103,106,110	ب ح ر ب غ ي ج م ع ح و ط ر ء س ر ج ل س ق ط ع ر ض ق ر ء ق ر ن ق ر ي ك ت ب ك ي ل م ر ر و ك ل	kw:collection(54.2007); kw:assembly(52.7421); kw:gathering(51.3473); kw:horse(46.2971); kw:community(44.9672); kw:joining(42.2076); kw:aggregation(41.7788); kw:gait(36.9363)	ق ر ء:B001:جمع واجتماع → ق ر ي:B002:جمع ماء أو شيء في مستقر
C1317	0.6624	face / appearance / countenance / visage	54	11	15	20	0.0499738	0.2	0.9	0.5	7,8,9,12,13,16,18,23,24,28,30,39,40,42,43,44,46,47,49,50,51,53,54,56,60,61,62,63,67,74,75,80,81,83,84,85,86,88,90,93,94,95,96,97,98,100,101,102,104,105,107,108,110,111	ب ش ر ح ص ر ح ي ي د ب ر ش ي ء ع ر ض ق ل ب ق و ل ل ق ي و ج ه ي س ر	kw:face(95.9952); kw:appearance(43.1103); kw:countenance(34.884); kw:visage(34.884); kw:surface(33.6716); kw:front(29.1436); kw:body(29.0672); kw:strike(26.7714)	و ج ه:B001:الوجه والمستقبل → ح ي ي:B012:المحيا وجه الإنسان
C1318	0.6624	increase / addition / negation / economy_property/commerce_exchange	39	7	12	11	0.05324871	0.2	1.0	0.8182	8,12,17,20,21,23,24,25,27,28,30,34,38,39,40,41,46,54,55,56,57,60,65,66,67,70,79,80,82,84,85,87,89,93,97,100,102,108,109	ر ب ب ر ب و ز ي د ص ر ف ض ر ر ع ه د ف ض ل	kw:increase(53.335); kw:addition(30.4895); kw:negation(26.8781); theme:economy_property/commerce_exchange(23.9829); kw:memory(23.3225); theme:cognition_perception/knowledge_learning(21.3682); kw:accretion(19.2746); kw:acquaintance(19.2746)	ر ب و:B003:زيادة الربا في المعاملة → ز ي د:B001:الزيادة والنمو
C1319	0.6624	refusal / aversion / retreat / avoidance	17	12	12	10	0.06026787	0.1515	1.0	0.9	1,7,24,28,33,46,48,51,55,61,67,68,83,88,97,107,111	ح ص ب خ ف ض د ب ر ر ء س س ج د ض ر ب ظ ه ر ع ر ض ن ب ء ن غ ض و ج ه و ل ي	kw:refusal(71.5238); kw:aversion(51.6738); kw:retreat(44.0082); kw:avoidance(38.2751); kw:head(35.9982); kw:dismissal(34.1547); kw:disregard(30.7655); kw:rejection(30.7655)	ع ر ض:B005:الإعراض تولية العرض → و ل ي:B007:الإدبار والإعراض
C1320	0.6623	call / summons / communication / dialogue	29	11	11	9	0.05401951	0.1636	1.0	0.7778	4,7,9,11,12,18,20,24,30,41,43,44,46,52,54,56,57,62,67,71,72,74,75,86,88,89,97,102,110	ء ذ ن ء م م ج ن ح ج و ب ح ي ي د ع و ش ي ء ص ل ي ص م م ع ل و ه ا ء	kw:call(54.6714); kw:summons(44.9833); kw:communication(34.4753); kw:dialogue(32.5328); kw:invitation(31.7301); kw:response(29.9889); kw:peace(29.544); theme:language_communication/communication(27.9965)	ج و ب:B003:رَدّ الكلام والإجابة → ه ا ء:B003:ها للجواب والتلبية
C1321	0.6622	dream / reflection / representation / image	17	10	13	16	0.06350986	0.2162	1.0	0.625	1,21,44,48,49,51,60,61,62,64,70,84,88,89,98,99,110	ج ه ر ح ل م خ ل ق خ ي ل ر ء ي ش ك ل ض ر ب ل ع ن م ث ل ن ظ ر	kw:dream(83.8452); kw:reflection(63.4603); kw:representation(61.531); kw:image(60.4627); kw:sleep(52.5539); kw:imagination(51.232); kw:likeness(42.434); kw:apparition(33.5381)	ر ء ي:B003:الرؤيا في المنام → ح ل م:B002:رؤية المنام والاحتلام
C1322	0.6621	pattern / model / representation / parable	24	10	17	25	0.06106617	0.2101	1.0	0.68	9,14,16,21,29,30,32,35,41,45,46,48,58,60,64,71,78,82,84,88,89,93,99,106	ب س ط ش ك ل ض ر ب غ ر ر ف ح ش ق ر ء ق ر ي ك ي ل م ث ل ن ظ ر	kw:pattern(49.0059); kw:model(48.7992); kw:representation(46.1482); kw:parable(36.9273); kw:teaching(35.7766); kw:example(33.5381); kw:type(33.004); kw:match(31.3821)	ق ر ء:B011:طريقة ومثال وقصد → ق ر ي:B006:كون الأشياء على قرو واحد
C1323	0.662	deliberation / judgment / planning / composure	32	15	17	24	0.0568449	0.1805	0.9583	0.7083	1,7,15,16,17,21,30,35,42,46,48,52,54,59,60,62,64,68,69,74,76,77,85,93,94,95,97,99,104,105,106,111	ء م ر ب ع د ث ب ت د ب ر ر ء ي ر س ل ش ر ك ع ر ش ق د ر ق ل ب ل ب ث م ك ث ن ظ ر و ج ه و ز ن	kw:deliberation(116.5746); kw:judgment(63.4441); kw:planning(55.9858); kw:composure(48.1671); kw:opinion(42.434); theme:cognition_perception/reasoning_decision(40.5388); kw:steadiness(33.5381); kw:consultation(32.5328)	ق د ر:B005:تدبير الأمر بتقدير ونظر → د ب ر:B006:تدبير الأمر والنظر في عاقبته
C1324	0.6619	summit / top / beginning / topology	33	11	13	15	0.05370497	0.1974	1.0	0.6	1,4,7,10,15,19,21,22,36,39,43,44,45,47,51,52,55,62,69,72,74,76,85,88,92,93,95,97,99,101,102,104,110	ء خ ر ر ء س س ح ر س ر ي س م و ص د ر ظ ه ر ع ل و ق ف و ق ل ل و ج ه	kw:summit(60.4627); kw:top(59.5205); kw:beginning(40.4815); kw:topology(31.7301); theme:time_measure_quantity/sequence_cycle(31.0019); kw:contrast(28.6095); kw:rear(28.4462); kw:extremity(27.7169)	ء خ ر:B003:المؤخر والخلف → ق ف و:B002:مؤخر الرأس والعنق وما يؤتى من الخلف
C1325	0.6619	attention / memory / retention / care	14	9	10	9	0.05822341	0.2045	1.0	0.7778	1,15,23,33,34,41,46,48,60,67,72,88,97,100	ح و ط خ ز ن ذ ك ر س ر ف س ر ي ض ل ل ظ ه ر ع ه د ك ل و	kw:attention(59.2371); kw:memory(58.3062); kw:retention(41.3787); kw:care(37.2198); kw:recall(34.884); kw:recitation(29.7602); kw:learning(28.9576); kw:custody(28.7797)	ع ه د:B001:حفظ الشيء ومراعاته حالا بعد حال → ح و ط:B002:الحفظ والحياطة
C1326	0.6618	rupture / part / division / fraction	28	14	15	17	0.05750498	0.1635	1.0	0.7647	9,11,12,13,14,21,29,37,41,45,46,49,51,52,55,60,63,71,73,78,82,83,88,89,93,98,103,106	ب ع ض ج د د ج ز ي ج م ع ج و ب خ ر ق ر ف ت ش ر ر ص د ر ع ن ق ف ر ق ف ر ي ف ص ل ق ر ء	kw:rupture(53.335); kw:part(44.6404); kw:division(36.4916); kw:fraction(33.004); kw:retaliation(30.4895); kw:meaning(29.3388); kw:band(28.7797); kw:fragment(27.9929)	ق ر ء:B001:جمع واجتماع → ج م ع:B001:ضم المتفرق حتى يصير شيئا مجموعا
C1327	0.6618	breadth / space / comfort / time_measure_quantity/measurement	32	11	11	9	0.05108376	0.1636	1.0	0.7778	1,2,7,13,14,15,24,25,26,29,30,33,43,44,45,53,55,59,66,67,69,70,71,85,88,92,93,96,101,107,108,110	ء ت ي ب ح ر ب س ط ب ي ن ح ر م خ ف ض ر و ح س ب ح ط ي ر ن ف س ي د ي	kw:breadth(70.346); kw:space(42.0421); kw:comfort(39.7012); theme:time_measure_quantity/measurement(33.8108); kw:abundance(30.8919); kw:spaciousness(30.7655); kw:depth(27.8525); kw:prosperity(25.5944)	ب س ط:B003:السعة والزيادة والفضل → ب ح ر:B002:السعة والانبساط
C1328	0.6617	bounty / gift / kinship_society/hospitality_welfare / favor	31	13	17	29	0.05998225	0.2248	0.931	0.5172	3,5,7,8,11,12,19,20,21,23,29,34,35,37,48,51,53,55,66,69,70,71,73,79,83,87,88,89,91,99,110	ء م م ح س ن خ ل ل خ ي ر ش ك ر ط و ل ع ط و ع و د ف ض ل م ث ل ن ع م ن ف ل ي د ي	kw:bounty(85.8285); kw:gift(75.661); theme:kinship_society/hospitality_welfare(74.7075); kw:favor(68.0407); kw:reciprocity(51.8423); kw:blessing(51.1888); kw:virtue(49.8887); kw:charity(49.6264)	ي د ي:B003:اليَد النعمة → ن ع م:B001:حسن الحال والنعمة
C1329	0.6617	falsehood / emotion_ethics/deception_corruption / fabrication / lie	25	14	16	24	0.06069395	0.2051	0.9583	0.625	1,5,20,22,36,37,49,51,59,60,61,62,66,67,70,73,75,78,90,91,93,98,99,107,108	ب ح ر ت ل و ح ظ ر خ ذ ل خ ر ق خ ل ق ذ و ق ر ء ي ز خ ر ف ف ج ر ف ر ي ف ع ل ق ف و ك ذ ب	kw:falsehood(104.7399); theme:emotion_ethics/deception_corruption(76.094); kw:fabrication(74.4006); kw:lie(73.8599); kw:accusation(69.2923); kw:slander(65.0179); kw:invention(49.5059); kw:calumny(48.7992)	خ ر ق:B003:اختلاق الكذب وافتراؤه → خ ل ق:B007:اختلاق الكذب والكلام
C1330	0.6617	sleep / stillness / rest / calm	25	12	13	12	0.06457111	0.1558	1.0	0.75	1,2,5,7,9,15,16,22,26,29,33,44,46,49,61,75,79,84,94,95,97,98,104,107,111	ب ع ث ح ل م د م ر س ج د س ك ن ط م ء ن ط م ن ق ع د م و ت ه ج د ه د ي و ل ي	kw:sleep(78.8308); kw:stillness(54.9176); kw:rest(53.335); kw:calm(44.9833); kw:stability(37.0293); kw:quiet(31.3821); kw:embodiment(26.0072); kw:decay(23.5985)	ط م ن:B001:السكون بعد الانزعاج → ط م ء ن:B001:السكون والطمأنينة
C1331	0.6616	sound / cognition_perception/perception / hearing / ear	22	12	16	24	0.05805798	0.2124	1.0	0.6667	1,5,6,7,36,39,41,47,55,64,67,68,69,70,73,86,89,97,104,107,108,109	ب ر ر خ ر ر س م ع ص ر ف ص م م ص و ت ق ص ف ق ص و ك ر ر ن ب ء و ح ي و ع د	kw:sound(123.2994); theme:cognition_perception/perception(75.7685); kw:hearing(70.346); kw:ear(55.9858); kw:noise(55.7051); kw:acoustics(53.9753); kw:murmur(47.5952); kw:music(41.9894)	و ح ي:B005:صوت خفي → ن ب ء:B006:الصوت الخفي الملتبس
C1332	0.6615	hardness / solidity / stone / strength	33	16	17	21	0.06145939	0.1556	0.9524	0.7143	1,3,5,12,17,23,30,31,34,36,38,40,41,44,46,49,50,51,53,58,59,60,61,63,65,70,81,86,96,97,98,99,102	ء ن ث ب ص ر ح ج ر ح د د ح ل م خ ل ق ذ ك ر ذ ه ب ز ه ق ش د د ص ف و ص م م ط غ و ع ب د ك ر ه م ل ق	kw:hardness(123.7459); kw:solidity(69.6314); kw:stone(47.6879); kw:strength(45.3359); kw:rock(42.434); kw:slab(32.5328); kw:terrain(32.3757); kw:stoutness(32.1114)	ع ب د:B007:القوة والصلابة → ش د د:B002:شدة القوة والصلابة
C1333	0.6615	equipment / hair / texture / nap	20	13	15	13	0.06112215	0.1262	1.0	1.0	7,8,17,24,25,29,30,33,44,46,55,64,80,88,92,96,97,100,104,111	ج ن ح ح س ر ح ص ر خ ب ر د خ ل ز ب ر س ق ط ظ ه ر غ ر ر غ ف ر ق ت ر ل ف ف و ل ي	kw:equipment(36.4065); kw:hair(36.3226); kw:texture(34.5343); kw:nap(32.1114); kw:anatomy(31.3884); kw:pad(31.0619); kw:cushion(30.7655); kw:feather(30.2314)	غ ف ر:B003:زئبر أو شعر يغطي السطح → ز ب ر:B007:انتفاش الزئبر ونبات الوبر
C1334	0.6615	anger / life / pride / rashness	29	10	12	12	0.06206165	0.1875	0.8333	0.75	1,3,5,7,13,14,15,17,23,25,30,33,39,40,44,46,49,50,53,65,68,69,75,77,85,86,96,97,98	ح د د ح ك م ح ل م ر و ح ط ي ر ع ب د ع ظ م ن ف س و ج د و ق ر	kw:anger(51.5089); kw:life(41.0035); kw:pride(40.6505); kw:rashness(33.5381); kw:spirit(29.7602); kw:dignity(29.7602); kw:reason(29.7602); kw:soul(29.3388)	ن ف س:B011:النفس التي بها الحياة → ر و ح:B001:النفس والروح التي بها حياة البدن
C1335	0.6615	fortune / prosperity / wealth / power	17	10	12	12	0.06149236	0.1875	1.0	0.75	17,28,30,31,37,49,64,68,69,70,75,77,86,97,98,99,100	ج د د خ ز ن خ س ف ذ ن ب ر ز ق ط و ل غ ر ر ق د ر و ج د ي س ر	kw:fortune(66.1686); kw:prosperity(63.9861); kw:wealth(53.8167); kw:power(43.7032); kw:lot(43.1696); theme:economy_property/provision_resource(37.3056); kw:capacity(36.7544); kw:luck(35.7766)	ق د ر:B003:تمكن يبلغ بصاحبه الفعل والملك → ط و ل:B004:الطَّوْل والقدرة
C1336	0.6613	life / soul / death / spirit	23	11	17	24	0.05880251	0.189	1.0	0.7083	7,12,13,14,15,18,25,30,31,33,34,35,44,46,54,59,60,69,73,74,75,85,86	ح ي ي ر و ح ش ي ء ف ت ن ق ت ل ك ذ ب ك ن ن م و ت ن ش ر ن ف س و ف ي	kw:life(109.3428); kw:soul(73.347); kw:death(55.9423); kw:spirit(44.6404); kw:killing(44.316); kw:mortality(43.1677); kw:vitality(42.2076); kw:warfare(31.7609)	ن ف س:B011:النفس التي بها الحياة → ر و ح:B001:النفس والروح التي بها حياة البدن
C1337	0.6613	land_water_sky/weather_climate / life / breath / wind	23	12	17	21	0.06579072	0.1654	0.9524	0.8095	1,6,7,13,14,15,18,22,24,25,29,33,47,60,62,68,69,76,80,83,85,99,101	ج ن ب خ ر ج ذ م م ر ء ي ر ب و ر و ح س ح ر ع ن ق ك ر ر ن ش ر ن ع م ن ف س	theme:land_water_sky/weather_climate(55.3043); kw:life(54.6714); kw:breath(54.4326); kw:wind(52.0143); theme:body_health_life/physiology(46.839); kw:respiration(41.5754); kw:atmosphere(39.7012); kw:south(36.9273)	ن ف س:B011:النفس التي بها الحياة → ر و ح:B001:النفس والروح التي بها حياة البدن
C1338	0.6613	collar / adornment / craft_material_built/ornament_beauty / virtue	19	11	14	18	0.06236295	0.2118	0.8889	0.7778	5,10,11,12,13,15,23,29,35,54,57,58,62,70,78,88,91,103,108	ج م ع خ ي ر ش م س ع ذ ب ع ن ب ع ن ق غ ل ل ف ص ل ف ع ل ك ر م ن خ ل	kw:collar(57.5595); kw:adornment(52.7421); theme:craft_material_built/ornament_beauty(51.7713); kw:virtue(49.8887); kw:generosity(48.6555); kw:necklace(46.5929); kw:jewelry(42.434); kw:ornament(36.4916)	ك ر م:B004:العنب والكرمة → ع ن ب:B001:العنب ثمرة الكرم
C1339	0.6613	ritual_belief/belief_revelation / religion / unbelief / transcendence	26	11	13	13	0.05455037	0.1733	1.0	0.8462	1,6,7,8,11,27,32,36,38,43,44,46,48,49,64,65,67,69,83,88,89,93,98,99,108,111	ت ب ر ر د د ر ف ت س ب ح س و ء ش ر ر ش ر ك ك ف ر ل ي س م ث ل و ح د	theme:ritual_belief/belief_revelation(73.6294); kw:religion(43.3422); kw:unbelief(36.9273); kw:transcendence(35.7766); kw:monotheism(35.7766); kw:absolution(33.5381); kw:judgment(31.722); kw:coordination(30.2314)	س ب ح:B002:التنزيه والتبرئة → ك ف ر:B005:تبرؤ وتنصل
C1340	0.6612	sanctuary / place / tribe / toponym	27	12	14	19	0.05298605	0.2159	1.0	0.6316	1,2,4,6,9,15,24,25,26,27,33,40,43,44,49,50,70,75,84,90,93,94,97,98,101,104,108	ب ذ ر ب ن ي ب ي ت ج د د ح ج ر ح ر م ح ي ي ر ب و س ب ح ص ل ح ن ب ع ه د ي	kw:sanctuary(56.5787); kw:place(51.5428); kw:tribe(47.5872); kw:toponym(47.5872); theme:ritual_belief/religion_worship(46.9587); kw:family(45.6437); kw:locality(42.2076); kw:pilgrimage(42.2076)	ج د د:B014:مواضع مسماة → ن ب ع:B005:أسماء المواضع
C1341	0.6612	heart / breath / organ / lung	22	10	14	16	0.05879104	0.1882	1.0	0.75	1,6,7,13,14,15,25,33,36,46,47,60,62,66,67,68,69,70,83,85,99,101	ب ح ر ج ن ب ر ء ي ر و ح س ح ر ف ء د ق ل ب ك ر ر ن ش ر ن ف س	kw:heart(49.7565); kw:breath(40.8244); kw:organ(39.0107); kw:lung(33.5381); theme:cognition_perception/perception(32.9428); kw:spirit(29.7602); kw:ailment(29.3388); kw:cavity(29.1436)	ن ش ر:B003:الرائحة الطيبة المنتشرة → ر و ح:B004:الرائحة والشم والطيب والنتن
C1342	0.6612	blade / sharpness / edge / craft_material_built/craft	27	12	14	15	0.06144365	0.1705	1.0	0.7333	1,4,13,16,17,29,39,40,41,42,46,47,50,51,55,57,58,62,64,67,70,73,74,77,78,86,97	ء ل ي ء ن ث ح د د ذ ك ر ز ب ر س ن ن ص م م ط ي ب غ ر ر ق ر ي ل ز م ه ل ك	kw:blade(79.6986); kw:sharpness(67.7508); kw:edge(57.6608); theme:craft_material_built/craft(44.1618); kw:cutting(37.4165); kw:sharpening(33.5381); kw:point(28.6095); kw:iron(27.9929)	ح د د:B005:الطرف الحاد والنفاذ → غ ر ر:B012:حد الشفرة والسيف
C1343	0.6611	ornament / jewelry / adornment / heart	16	10	13	13	0.05735103	0.1757	1.0	0.9231	23,29,36,40,46,56,61,62,70,78,88,91,92,95,100,111	ج ن ن ش م س ظ ه ر غ ل ل ف ء د ق ل ب ك ر م م س ك م ل ك ن خ ل	kw:ornament(60.8194); kw:jewelry(56.5787); kw:adornment(52.7421); kw:heart(49.7565); theme:craft_material_built/ornament_beauty(47.457); kw:interior(40.4815); kw:bangle(36.9273); kw:fashion(35.7766)	ف ء د:B002:الفؤاد قلب منظور إليه كتوقد داخلي → ق ل ب:B001:القلب والفؤاد
C1344	0.661	length / extension / dimension / stature	21	9	13	12	0.06458336	0.169	1.0	0.8333	3,4,5,6,7,20,22,27,28,34,37,39,42,43,53,58,64,67,83,97,103	ج ب ل س ع ر ش د د ش ط ن ط و ل ع ر ض ع ل و م د د م ع ع	kw:length(74.8331); kw:extension(48.7706); kw:dimension(48.1671); kw:stature(41.0035); theme:time_measure_quantity/measurement(37.5675); kw:tether(29.3388); kw:breadth(28.1384); kw:process(27.4588)	ع ر ض:B001:العرض خلاف الطول والجانب → ط و ل:B001:الطُّول والامتداد
C1345	0.661	land_water_sky/fire_heat / decay / meat / odor	15	13	13	12	0.07031699	0.1538	1.0	0.75	13,18,26,27,29,31,36,44,69,76,78,85,100,104,110	ب ذ ر ح ل م خ ز ن خ ش ي خ ل ف ر و ح ص ل و ص ل ي غ ل ل ف ء د ق ت ر ل ف ف ن ش ر	theme:land_water_sky/fire_heat(66.1448); kw:decay(58.9962); kw:meat(51.3473); kw:odor(46.1482); theme:cognition_perception/perception(39.5314); kw:transformation(37.7243); kw:fire(34.1742); kw:roasting(34.1547)	ص ل ي:B004:إيقاد الصلاء وتسوية الشيء بالنار → ص ل و:B001:ملاقاة النار وحرها
C1346	0.6609	provision / sufficiency / scarcity / ration	30	14	15	16	0.05941614	0.1538	0.9375	0.8125	2,3,9,12,13,14,17,19,23,28,29,34,35,37,54,58,62,65,66,67,68,78,79,83,86,88,96,97,100,103	ب ل غ ج م ع ج ن ب ح س ب ح س ر ز ج و ش ك ر ش م س ع ر ض ق و م ك ف ي ن ف ق و ك ل ي س ر	kw:provision(56.6699); kw:sufficiency(54.2007); kw:scarcity(43.7032); kw:ration(31.3821); kw:adequacy(31.0619); kw:difficulty(28.9576); kw:animal(27.5512); kw:sustenance(26.9877)	ك ف ي:B001:القيام بالأمر حتى تحصل الكِفاية → ب ل غ:B003:الكفاية التي يتبلغ بها
C1347	0.6608	travel / gait / speed / movement_travel/motion	39	17	17	26	0.05229788	0.1912	0.9231	0.5769	2,3,5,13,15,22,24,25,28,29,39,42,47,49,54,59,65,67,68,69,73,77,78,79,81,83,86,90,91,92,93,94,95,97,98,103,105,107,109	ء و ب ب ع ث ج ن ح ذ ق ن ر س ل ز ه ق س ع ر س ق ط س ن ن ع ر ض ع ن ق ف ج ر ل ق ي م ع ع ن ج و و ح ي و ك ل	kw:travel(88.2308); kw:gait(73.8725); kw:speed(68.2325); theme:movement_travel/motion(60.8321); kw:advance(39.7012); kw:haste(39.5566); kw:animal(34.439); theme:movement_travel/travel(30.7298)	ج ن ح:B006:السرعة كأنها بأجنحة → ن ج و:B002:سرعة الذهاب
C1348	0.6608	elevation / height / ascent / rise	27	13	17	21	0.06423145	0.1603	0.9524	0.7619	4,7,12,23,24,25,34,35,36,37,43,44,47,54,55,59,60,84,85,88,92,93,95,99,102,107,110	ب ل غ ج ب ل ح ل م ر ب و س م و ط غ و ط غ ي ظ ه ر ع ل م ع ل و ن ب و ن و ق و ف ي	kw:elevation(94.3938); kw:height(74.0586); kw:ascent(65.6923); kw:rise(57.9151); kw:topography(52.3699); kw:summit(45.3471); kw:rock(42.434); kw:geology(35.2565)	ط غ ي:B005:الطغية الصفاة الملساء → ط غ و:B006:الطغية الصفاة أو الموضع المرتفع
C1349	0.6608	mountain / passage / geology / refuge	23	12	15	19	0.05793709	0.1881	1.0	0.7368	5,7,8,12,13,15,27,29,35,37,51,57,59,67,69,73,76,89,91,97,98,99,106	ء و ل ج ب ل ح ذ ر خ ل ف خ ل ل ص م م ع ن ب ع ن ق ف ر ق ف ص ل ك ف ر و ز ر	kw:mountain(98.2524); kw:passage(59.4841); kw:geology(47.0087); kw:refuge(39.7012); kw:geography(35.4006); theme:conflict_security/protection_security(34.7646); kw:asylum(32.5328); kw:terrain(32.3757)	ح ذ ر:B004:خشونة الأرض المحذورة → ص م م:B004:غلظ الأرض الصلبة
C1350	0.6608	jaw / chest / palate / chin	23	13	15	18	0.05911567	0.1765	1.0	0.7778	1,11,13,39,47,51,53,60,62,67,68,71,78,83,88,89,94,99,100,101,106,107,109	ء ن س ب ر ك ج ن ب ح ك م ح ن ك د ل ك ذ ق ن ر ء ي س ح ر ش ج ر ص د ر ظ ه ر ي م ن	kw:jaw(60.4627); kw:chest(52.3699); kw:palate(48.7992); kw:chin(45.7343); kw:restraint(43.7032); kw:orientation(42.9968); kw:mouth(35.6159); kw:mandible(34.884)	ح ك م:B006:حكمة اللجام → ح ن ك:B003:اللجام تحت الحَنَك والشد به
C1351	0.6607	hardness / stone / rock / solidity	32	15	15	19	0.05697164	0.181	0.9474	0.6316	1,3,4,5,7,12,17,23,30,33,34,36,37,40,41,43,46,49,50,53,58,59,60,62,63,65,80,86,96,97,98,102	ب ص ر ج ب ل ح ج ر ح د د ذ ر ر ذ ك ر ذ ه ب س ل ط ش د د ص ف و ص م م ط غ و ع ب د ع ظ م ع ل و	kw:hardness(123.7459); kw:stone(59.6098); kw:rock(56.5787); kw:solidity(55.7051); kw:geology(35.2565); kw:strength(34.002); kw:slab(32.5328); kw:pebble(30.7655)	ع ب د:B007:القوة والصلابة → ش د د:B002:شدة القوة والصلابة
C1352	0.6606	household / family / clan / reinforcement	37	14	16	16	0.06127577	0.1368	1.0	0.75	4,5,6,7,9,12,13,16,20,24,26,33,35,37,41,44,46,51,55,58,59,61,62,75,76,78,79,80,88,90,93,95,97,99,102,103,104	ء ر ض ء و ل ب ي ت ر ب و س ك ن ط م ن ط ي ن ظ ه ر ف ص ل ق ر ي ق و م م د د ن ص ر ن ف ر	kw:household(83.6321); kw:family(68.4655); kw:clan(52.5539); kw:reinforcement(45.3471); kw:community(44.9672); kw:alliance(40.3171); kw:tribe(35.6904); kw:ally(33.5381)	ء و ل:B003:آل الرجل من يرجع إليهم ويرجعون إليه → ب ي ت:B002:أهل البيت وعياله
C1353	0.6604	birth / body_health_life/reproduction_birth / membrane / reproduction	27	14	15	13	0.05990237	0.125	1.0	0.9231	1,7,10,12,13,14,15,17,25,30,33,54,56,57,58,64,76,77,78,80,90,92,96,100,107,110,111	ح و ل خ ب ر خ ر ج خ ي ل ذ ن ب ش ر ك ش ه د ص ل و ع ذ ب ف ص ل ق ب ل م س ك ن ب ع ن ف س	kw:birth(74.2476); theme:body_health_life/reproduction_birth(48.1592); kw:membrane(44.316); kw:reproduction(40.7946); kw:share(38.3916); kw:afterbirth(35.7766); kw:capture(29.3388); kw:discharge(27.5858)	ح و ل:B008:الحَوْلاء الخارجة مع الولد → م س ك:B010:الماسكة على الولد
C1354	0.6602	proximity / nearness / relation / remoteness	37	13	15	18	0.0551239	0.1748	1.0	0.6111	1,2,9,12,15,17,20,26,27,32,33,34,41,45,46,51,53,57,59,62,64,68,71,72,83,84,88,89,94,96,97,98,101,102,104,110,111	ء ذ ن ء م م ء ي ي ب ع د ب ي ن ج ن ب ش ط ن ع د و ق ر ب ن ء ي ه ا ء ه د ي و ل ي	kw:proximity(72.3164); kw:nearness(65.2377); kw:relation(57.3531); kw:remoteness(55.7051); kw:distance(48.4301); kw:deixis(47.5952); kw:adjacency(47.0731); kw:separation(41.0998)	ق ر ب:B001:الدنو وخلاف البعد → و ل ي:B001:قرب ودنو بلا فاصل
C1355	0.6602	breadth / capacity / time_measure_quantity/measurement / space	27	11	12	11	0.05343388	0.1692	1.0	0.8182	1,7,14,15,25,29,30,33,37,43,44,45,48,53,64,66,67,69,70,85,88,93,96,101,103,108,110	ب ح ر ب س ط ب ي ن ج ب ل ج م ع ر و ح س ب ح ط و ع ط و ل ف ل ك ن ف س	kw:breadth(56.2768); kw:capacity(36.7544); theme:time_measure_quantity/measurement(33.8108); kw:space(31.5315); kw:favor(27.2163); kw:motion(26.7838); kw:readiness(26.2769); kw:distance(24.2151)	ب س ط:B003:السعة والزيادة والفضل → ط و ل:B004:الطَّوْل والقدرة
C1356	0.6601	prevention / diversion / condition_force_change/control_restraint / cognition_perception/reasoning_decision	19	13	17	33	0.0576381	0.25	0.8788	0.5455	6,7,10,15,41,46,54,57,58,59,60,64,71,88,89,94,97,102,104	ث ب ر ج ل ب د ب ر ر د د ش ج ر ص ر ف ظ ه ر ع ذ ب ف ت ل ق ل ب ل ف ف م ن ع و ج ه	kw:prevention(77.7634); kw:diversion(67.4691); theme:condition_force_change/control_restraint(40.9884); theme:cognition_perception/reasoning_decision(36.8534); kw:analysis(35.7766); kw:governance(33.7797); kw:control(33.2078); kw:restraint(32.7774)	ر د د:B002:صرف الشيء ودفعه ومنعه → ص ر ف:B001:رجع وصرف عن وجه
C1357	0.66	resolve / decision / determination / action	34	15	16	16	0.05733429	0.1345	1.0	0.8125	2,4,5,6,7,9,13,15,16,21,35,40,41,46,47,49,51,58,62,63,64,66,73,78,79,84,85,86,88,94,97,98,103,111	ء خ ذ ء م ر ب ع ث ج د د ج م ع د ر ج ذ ه ب ر ج ل ز ج و ص م م ق و م م ر ر ن ف ر ه د ي و ج ه	kw:resolve(68.0407); kw:decision(67.1951); kw:determination(46.5929); kw:action(43.4363); kw:course(43.4363); kw:commitment(42.2076); kw:intention(37.6199); kw:seriousness(35.7766)	ه د ي:B002:جهة الأمر وسيرته وقصده → ء خ ذ:B009:الأخذ بالسيرة والشكل
C1358	0.6599	growth / renewal / ecology / plant	50	16	17	27	0.05793606	0.2	0.7407	0.5185	3,8,12,13,17,19,20,23,24,25,27,28,29,30,36,37,38,39,40,44,46,49,51,54,55,57,60,61,65,66,68,69,70,76,79,80,83,84,85,87,88,91,93,96,98,99,100,102,104,108	ج ن ب ج ن ن ح س ر خ ب ر خ ل ف خ ل ق ر ب ب ر و ح ز ب ر ش ك ر غ ف ر ق ف و ل ف ف م ر ح ن ش ر ن ف ق	kw:growth(94.8211); kw:renewal(81.6489); kw:ecology(61.386); kw:plant(60.266); kw:vegetation(45.8021); kw:agriculture(41.0786); theme:agriculture_food/plant_vegetation(38.991); kw:hair(36.3226)	ج ن ن:B011:التفاف النبات واندفاعه → ل ف ف:B002:نبات أو شجر يلتف بعضه ببعض
C1359	0.6599	hydrology / basin / land / soil	34	17	17	26	0.05625302	0.1912	0.9231	0.5769	1,5,6,7,12,17,24,29,30,36,40,45,46,49,51,53,56,59,61,66,67,68,70,77,81,94,95,96,98,99,101,102,104,110	ء ن ث ب ح ر ب ر ك ب ص ر ب ي ن ث ب ر ج ي ء ح و ل خ ب ر خ س ف خ ف ض خ ل ق ط م ن ع د و غ ل ل ك ر ر و ق ر	kw:hydrology(75.3434); kw:basin(63.4145); kw:land(56.957); kw:soil(50.4406); kw:softness(49.3724); theme:land_water_sky/earth_geology(43.2902); kw:pool(42.9143); kw:ecology(40.924)	خ ب ر:B002:لين الأرض ومائها → ب ح ر:B006:الأرض الجامعة للماء
C1360	0.6599	ground / ecology / hardness / earth	35	16	17	21	0.05877748	0.1556	0.9524	0.7143	4,12,13,20,23,29,30,36,37,38,40,44,48,49,51,53,55,57,61,68,70,71,76,84,89,90,95,97,98,99,100,102,103,104,109	ء ر ض ء ن ث ب س ط ج د د ح ذ ر خ س ف خ ش ع خ ل ق ض ر ب ع د و ك ر ه ك ل ل ك ل و م ر ح م س ك ن ش ر	kw:ground(71.3809); kw:ecology(51.155); kw:hardness(49.4984); kw:earth(45.5656); kw:terrain(43.1677); kw:rain(35.5423); kw:geology(35.2565); kw:pasture(34.5965)	ك ر ه:B007:أرض صلبة غليظة → ح ذ ر:B004:خشونة الأرض المحذورة
C1361	0.6599	agriculture_food/plant_vegetation / shoot / tree / growth	40	13	17	18	0.06080256	0.1364	0.9444	0.7222	2,3,6,8,12,18,19,22,23,26,27,29,30,31,33,39,40,44,45,46,47,50,54,59,60,62,64,67,69,71,74,79,80,82,86,89,91,98,99,111	ء ن ث ب ذ ر ج ع ل ح ج ر ذ ر ر ش ج ر ش ك ر ش ي ء ظ ل م ك ف ر ن خ ل ن ف ل و ل د	theme:agriculture_food/plant_vegetation(66.2847); kw:shoot(57.5595); kw:tree(56.576); kw:growth(52.6784); kw:sapling(49.5059); kw:progeny(47.5952); kw:palm(45.4883); kw:grove(42.9143)	ش ك ر:B004:خروج الشكير والنبات الغض → ش ج ر:B001:الشجر ذو الساق
C1362	0.6598	gift / kinship_society/hospitality_welfare / reciprocity / blessing	36	15	17	22	0.05921602	0.1654	1.0	0.6364	2,3,7,8,9,12,15,16,19,20,21,23,27,29,30,34,35,51,53,55,62,66,67,69,70,71,83,84,87,88,89,94,97,98,99,110	ء م م ب س ط ت ر ف ح س ن ش ك ر ظ ه ر ع ط و ع و د ف ض ل ك ر م ك ف ر ن ع م ه د ي ي د ي ي م ن	kw:gift(88.2711); theme:kinship_society/hospitality_welfare(83.0083); kw:reciprocity(77.7634); kw:blessing(76.7833); kw:generosity(60.8194); kw:favor(54.4326); kw:gratitude(47.5952); kw:bounty(42.9143)	ي د ي:B003:اليَد النعمة → ن ع م:B001:حسن الحال والنعمة
C1363	0.6598	vision / hardness / sight / eye	36	15	16	20	0.05844447	0.1681	1.0	0.6	1,9,12,13,17,23,30,35,36,40,45,47,49,50,51,53,58,59,60,61,62,66,67,68,70,72,78,79,95,96,97,98,99,101,102,110	ب ح ر ب ص ر ب ي ن ح ج ر خ ب ر خ س ف خ ل ق ر ء ي س م ع ص ف و ص م م ط م ن ع م ي ق و م ك ل و	kw:vision(70.2371); kw:hardness(61.873); kw:sight(56.8924); kw:eye(47.893); kw:stone(47.6879); kw:blindness(43.7155); kw:land(34.1742); kw:hydrology(32.29)	ر ء ي:B001:رؤية العين والبصيرة → ب ص ر:B001:إبصار العين
C1364	0.6598	justice / return / right / owner	21	10	14	19	0.05850816	0.2235	0.9474	0.6316	6,7,8,16,26,33,46,47,51,59,64,69,71,81,82,85,97,99,104,105,111	ح ق ق ر ج ل ر د د ر و ح ظ ل م ع و د ك ر ر ل ف ف و ج ه و ل ي	kw:justice(67.3432); kw:return(59.997); kw:right(55.9858); kw:owner(48.1671); kw:prevention(38.8817); kw:entitlement(33.5381); kw:reversal(31.0619); kw:restoration(29.544)	ر و ح:B006:رد الحق إلى صاحبه → ل ف ف:B006:لف الحق عن صاحبه حتى يمنعه
C1365	0.6598	separation / individuality / division / solitude	21	10	15	15	0.06673624	0.1531	1.0	0.8	5,12,13,17,23,45,46,47,53,67,68,73,76,80,83,91,96,101,104,106,110	ء ح د ب ع د ب ي ن ج ن ب خ ر ج خ ل ل ف ر ق ف ص ل ن ج و و ح د	kw:separation(102.7495); kw:individuality(53.6648); kw:division(48.6555); kw:solitude(46.5929); kw:space(42.0421); kw:interstice(35.7766); theme:space_form_boundary/boundary(34.8455); kw:departure(34.4119)	ء ح د:B005:الانفراد والتفرق آحادا → و ح د:B001:الانفراد والبينونة
C1366	0.6597	facilitation / propriety / course / opposition	28	10	12	14	0.05480832	0.2222	1.0	0.5714	2,7,9,12,15,23,26,28,42,48,55,57,58,59,64,66,71,77,84,85,88,91,92,94,97,101,107,110	ء ت ي ب غ ي س ن ن س ن و ط و ع ق ب ل ن ه ر ه د ي و ج ه ي س ر	kw:facilitation(34.1547); kw:propriety(33.004); kw:course(28.9576); kw:opposition(27.1003); kw:relief(26.8781); kw:readiness(26.2769); kw:ease(25.7544); theme:condition_force_change/capacity_ability(25.7268)	س ن و:B006:فتح الوجه والتيسير → ي س ر:B001:انفتاح وسهولة بعد عسر
C1367	0.6597	jaw / palate / hair / face	36	13	15	13	0.06407933	0.1275	1.0	0.7692	1,4,7,14,15,25,26,28,29,32,33,39,42,47,48,51,57,60,62,63,67,69,72,73,74,78,83,84,85,86,97,99,101,107,109,110	ء ل ي ح ك م ح ن ك ذ ق ن ر ء ي ر و ح س ب ل س ح ر ش ج ر ع ر ض ن ف س و ج ه و ف ر	kw:jaw(60.4627); kw:palate(48.7992); kw:hair(48.4301); kw:face(47.9976); kw:mouth(47.4879); kw:chin(45.7343); kw:restraint(43.7032); kw:breath(40.8244)	ح ك م:B006:حكمة اللجام → ح ن ك:B003:اللجام تحت الحَنَك والشد به
C1368	0.6597	relation / interval / space_form_boundary/boundary / division	24	10	12	11	0.0610598	0.1719	1.0	0.7273	1,5,9,12,13,35,39,45,50,53,56,58,62,73,77,78,79,91,96,97,100,101,106,110	ب ي ن ح د د ح و ل خ ز ن خ ل ل ف ر ق ف ص ل ق و م ل ق ي و ز ن	kw:relation(45.8825); kw:interval(38.3916); theme:space_form_boundary/boundary(38.3301); kw:division(36.4916); kw:interstice(35.7766); kw:distinction(32.5328); kw:space(31.5315); kw:currency(31.0619)	ف ص ل:B001:إبانة شيء من شيء حتى يظهر الحد بينهما → ف ر ق:B001:تمييز وتزييل بين شيئين
C1369	0.6596	religion / poverty / ritual_belief/belief_revelation / unbelief	27	12	14	14	0.05826507	0.1573	1.0	0.7857	6,7,8,9,13,16,26,27,31,35,58,62,64,67,69,76,78,79,80,89,90,91,97,98,99,100,111	ب ذ ر خ ر ج د خ ل د م ر ر د د ش ر ك ف ج ر ق ت ر ق و م ك ف ر م ل ق ن ف ق	kw:religion(54.1778); kw:poverty(47.5872); theme:ritual_belief/belief_revelation(42.6276); kw:unbelief(36.9273); kw:demand(32.1114); kw:economy(29.9286); kw:boundary(28.9506); kw:money(28.4462)	ن ف ق:B002:خروج المال في النفقة → ق ت ر:B001:التضييق والتقليل
C1370	0.6595	emotion_ethics/intention_character / flexibility / facilitation / psychology	33	12	15	18	0.05397535	0.1765	0.9444	0.7222	2,7,11,12,14,15,17,18,20,25,26,28,30,32,33,38,44,48,54,55,59,64,70,71,74,83,85,86,88,92,97,101,107	ء ت ي س ن و س و ء ش ر ر ش ي ء ط و ع ط ي ب ع ط و ق ر ن ن ف س و ج ه ي س ر	theme:emotion_ethics/intention_character(38.7681); kw:flexibility(34.884); kw:facilitation(34.1547); kw:psychology(33.4095); kw:soul(29.3388); kw:self(29.1436); kw:alignment(27.4588); kw:motivation(26.9877)	ء ت ي:B003:مأتى الأمر وتهيؤه → ط و ع:B002:الموافقة والمطاوعة
C1371	0.6595	camel / mounting / lowering / livestock	26	15	15	14	0.05890509	0.1333	1.0	0.8571	1,6,7,8,11,12,13,24,39,44,46,51,55,61,79,83,90,92,93,95,99,100,102,107,109,110	ب ر ك ح ص ر خ ش ع خ ف ض د ب ر س ج د س م و س ن و ش ر ر ف ط ر ق ت ر ك ر ر ل ق ي ن ب ع ه ج د	kw:camel(55.6001); kw:mounting(50.3071); kw:lowering(41.9894); kw:livestock(38.1273); kw:ground(35.6904); kw:pad(31.0619); kw:riding(29.1436); kw:breeding(28.9576)	ش ر ر:B007:إلقاء الشراشر إلقاء النفس كلها → ل ق ي:B005:طرح الشيء حتى يلقى
C1372	0.6594	separation / distance / removal / movement_travel/migration_displacement	36	16	17	20	0.05447455	0.1481	1.0	0.75	2,4,6,12,13,17,18,20,26,27,29,36,38,39,40,41,45,46,48,53,55,58,60,64,68,70,71,83,84,89,92,96,97,101,104,110	ب ع د ب ن ي ب ي ن ج ن ب د ح ر س ط ر س ق ط ش ج ر ش ط ن ض ر ب غ ر ر ك ر ه ك ل ل ن ء ي ن ب و ن ف ر	kw:separation(71.9247); kw:distance(60.5377); kw:removal(46.4691); theme:movement_travel/migration_displacement(43.7613); kw:sword(39.0107); kw:avoidance(38.2751); kw:tribute(32.5328); kw:cut(30.4895)	ب ن ي:B005:قوس بانية تلصق بوترها → ب ي ن:B008:انفراج العضو أو الشيء عن ملاصقه
C1373	0.6592	disposition / nature / temperament / creation	24	12	15	18	0.06051256	0.1782	1.0	0.7222	2,4,5,6,8,26,37,38,40,48,49,51,61,69,70,71,73,84,91,92,98,99,101,104	ء م م ب ن ي ج ب ل خ ل ق خ ل ل س ق ط ش ك ل ض ر ب ط ي ن ع و د ف ط ر ك ر ه	kw:disposition(86.8727); kw:nature(69.3187); kw:temperament(63.4145); kw:creation(55.1716); kw:constitution(47.5952); kw:psychology(44.5461); kw:trait(35.7766); kw:character(34.787)	ض ر ب:B009:السجية المضروبة → خ ل ق:B004:السجية والطبيعة الباطنة
C1374	0.6592	expansion / unfolding / spreading / astronomy	13	10	13	14	0.05627571	0.1867	1.0	0.8571	3,11,13,26,27,29,30,45,62,78,82,83,97	ب ذ ر ب س ط ح ج ب ذ ر ر س ع ر ش ر ر ش ف ي ش م س ط ي ر ن ش ر	kw:expansion(58.6776); kw:unfolding(36.9273); kw:spreading(34.884); kw:astronomy(32.1222); kw:border(29.9889); kw:particle(29.7602); kw:dispersion(28.9576); kw:sun(28.6095)	ذ ر ر:B002:تفريق الحبوب والدقيق → ب ذ ر:B001:نثر البذر وتفريق الشيء
C1375	0.6591	eye / vision / flow / blindness	33	16	17	24	0.05544212	0.1778	1.0	0.625	1,6,9,12,13,16,17,18,19,21,23,30,35,36,37,38,45,48,58,59,62,68,69,73,78,79,88,90,91,96,97,102,103	ب ص ر ج ن ن ح ج ب خ س ف ر د د ر و د ظ ه ر ع ن د غ ر ق غ س ق ف ج ر ف ر ي ق و م م ر ح ن ب ع ن ظ ر	kw:eye(107.7593); kw:vision(93.6495); kw:flow(59.7372); kw:blindness(43.7155); kw:darkness(37.7243); kw:fluid(35.8423); kw:hydrology(32.29); kw:fertility(31.9188)	غ ر ق:B003:امتلاء العين أو الأرض بالماء → ف ر ي:B005:انبجاس الأرض بالعيون
C1376	0.6591	heart / spirit / psychology / chest	15	11	14	17	0.05644888	0.1954	1.0	0.8235	1,8,24,29,36,46,60,62,67,75,83,88,91,99,100	ج ن ح ج ن ن ح ص ر ر ء ي ظ ه ر غ ل ل ف ء د ق ل ب م س س م س ك م و ت	kw:heart(62.1956); kw:spirit(59.5205); kw:psychology(44.5461); kw:chest(39.2775); kw:bangle(36.9273); kw:bracelet(32.1114); kw:text(29.7602); kw:recitation(29.7602)	ف ء د:B002:الفؤاد قلب منظور إليه كتوقد داخلي → ق ل ب:B001:القلب والفؤاد
C1377	0.659	sound / noise / voice / murmur	31	14	17	23	0.05919885	0.1742	1.0	0.6522	1,5,12,28,36,39,42,44,47,55,57,60,64,66,67,68,70,73,78,86,90,91,92,93,95,97,99,102,107,109,110	ب ر ر ب غ ي ج و س خ ر ر خ ف ت س م ع س م و ص م م ص و ت ط غ و ط غ ي ف ج ر ن ب ء و ح ي	kw:sound(71.9247); kw:noise(69.6314); kw:voice(49.8887); kw:murmur(47.5952); kw:clamor(44.316); theme:cognition_perception/perception(42.8257); kw:transgression(41.7788); kw:disaster(35.6904)	و ح ي:B005:صوت خفي → ن ب ء:B006:الصوت الخفي الملتبس
C1378	0.659	travel / speed / haste / movement_travel/motion	42	16	16	22	0.0514351	0.1833	0.9545	0.5455	1,2,3,5,13,15,17,19,22,23,24,25,26,28,30,39,42,47,49,53,55,59,65,67,70,71,73,77,79,83,85,86,88,92,94,96,97,98,101,103,107,109	ء ت ي ء و ب ب ع ث ج ن ح ذ ق ن س ع ر س ع ي س ن ن ط ي ب ع ب د ع ر ض ق ر ن ل ق ي م ع ع ن ج و و ح ي	kw:travel(88.2308); kw:speed(56.8604); kw:haste(52.7421); theme:movement_travel/motion(46.3482); kw:urgency(42.2076); kw:gait(36.9363); kw:coordination(30.2314); kw:difficulty(28.9576)	ج ن ح:B006:السرعة كأنها بأجنحة → ن ج و:B002:سرعة الذهاب
C1379	0.659	household / family / marriage / kinship	28	13	15	16	0.05964957	0.1553	1.0	0.75	2,4,5,6,7,9,12,15,24,26,35,40,51,56,59,64,67,70,73,84,88,93,94,97,101,104,110,111	ء و ل ب ن ي ب ي ت ج ه ر ر ب و س ك ن ش ر ك ض ر ر ظ ه ر غ ر ر غ ي ر ف ص ل ه د ي	kw:household(131.4219); kw:family(102.6983); kw:marriage(90.8235); kw:kinship(47.6209); theme:kinship_society/household_community(40.104); kw:wedding(34.1547); kw:consummation(33.004); kw:kin(32.5328)	ء و ل:B003:آل الرجل من يرجع إليهم ويرجعون إليه → ب ي ت:B002:أهل البيت وعياله
C1380	0.6587	sustenance / provision / refuge / survival	23	10	13	11	0.05708559	0.1467	1.0	0.9091	9,13,14,17,23,26,30,31,34,35,37,58,62,65,70,74,78,79,83,93,96,97,104	ء و ي ب ل غ ب ي ت ث ب ت ر ز ق ر ك ن س ك ن ق و م ك ف ي ن ع م	kw:sustenance(67.4691); kw:provision(56.6699); kw:refuge(52.9349); kw:survival(47.6879); kw:ration(47.0731); kw:comfort(39.7012); kw:livelihood(38.2751); kw:residence(37.8305)	ك ف ي:B003:القوت الذي يكفي الحاجة → ب ل غ:B003:الكفاية التي يتبلغ بها
C1381	0.6586	beauty / woman / gender / coquetry	39	16	16	15	0.05784516	0.125	1.0	0.7333	1,6,7,9,12,14,15,16,17,21,23,31,33,34,35,36,47,48,52,53,54,58,59,60,62,68,69,77,84,88,93,94,95,99,101,102,103,105,110	ب ر ك ب ش ر ج م ع ح س ب ح س ن خ ف ت ر ء ي ر د د ر س ل س م ع ش ك ل ظ ن ن ق ت ل م ن ع ن ظ ر ه ل ك	kw:beauty(91.765); kw:woman(58.6452); kw:gender(52.8701); kw:coquetry(51.232); kw:aesthetics(50.8811); kw:courtship(48.7992); kw:marriage(45.4118); kw:family(34.2328)	ر ء ي:B006:مرأى ومنظر ومرآة → ن ظ ر:B004:ظهور الشيء للناظر أو حسن مرآه
C1382	0.6585	prevention / diversion / movement / withdrawal	38	17	17	28	0.05662889	0.2059	0.8571	0.5	4,6,7,10,15,21,28,29,30,33,37,39,41,44,47,48,51,54,55,57,58,59,64,67,69,71,76,82,83,89,90,94,95,97,99,102,103,104	ء ر ض ب س ط ج ل ب ح ك م د ر ج ر د د ص ر ف ض ر ب ط و ل ظ ل م ع ذ ب ع ر ض ق ص ف ل ف ف م ر ر م ن ع و ج ه	kw:prevention(90.724); kw:diversion(40.4815); kw:movement(39.8286); kw:withdrawal(39.7012); kw:barrier(39.7012); kw:departure(34.4119); kw:control(33.2078); kw:reform(33.004)	ر د د:B002:صرف الشيء ودفعه ومنعه → ص ر ف:B001:رجع وصرف عن وجه
C1383	0.6585	land_water_sky/water_hydrology / flood / hydrology / reservoir	35	16	17	24	0.05612619	0.1778	1.0	0.5833	2,4,5,6,7,12,20,26,40,43,49,51,55,59,60,61,66,67,70,71,73,77,81,83,85,88,92,94,98,99,100,101,104,107,111	ء ت ي ء ج ل ء خ ذ ب ح ر ج ي ء خ ل ق ر ء س س ن ن س ن و ط غ و ط غ ي ع د د ع ل و م د د م س ك ن ء ي	theme:land_water_sky/water_hydrology(96.0225); kw:flood(75.5784); kw:hydrology(75.3434); kw:reservoir(74.9722); kw:pool(57.219); kw:infrastructure(53.1324); kw:irrigation(51.1888); kw:basin(50.7316)	ط غ ي:B002:علو الماء والقوة الجارفة → ط غ و:B002:طغيان الماء وما يجري مجراه
C1384	0.6585	kinship_society/hospitality_welfare / return / bounty / recurrence	27	14	15	16	0.06501982	0.1538	1.0	0.6875	4,5,6,7,8,12,17,21,23,29,34,35,38,43,51,53,55,59,61,66,69,70,83,85,87,104,110	ء و ل ب ع د ت ا ر ح س ن ر د د ر و ح ط ي ن ع ل و ع ن د ع و د ف ض ل ك ر ر ن ع م ي د ي	theme:kinship_society/hospitality_welfare(62.2562); kw:return(59.997); kw:bounty(42.9143); kw:recurrence(41.0035); kw:favor(40.8244); kw:excellence(40.1571); kw:gift(37.8305); kw:generosity(36.4916)	ي د ي:B003:اليَد النعمة → ن ع م:B001:حسن الحال والنعمة
C1385	0.6584	courage / bravery / torment / calamity	29	16	17	28	0.05463161	0.2074	0.8571	0.6786	5,10,15,34,36,38,54,57,58,59,60,64,65,68,69,73,74,75,77,81,82,93,94,95,97,100,102,105,106	ء ل م ب ء س ب ط ل ث ب ت ج ل ب ر س ل س ع ر ش د د ص م م ع ذ ب ف ت ن ك ر ه ل ي س م س ك م و ت ن ز ل	kw:courage(104.7399); kw:bravery(48.7992); kw:torment(48.7992); kw:calamity(47.9976); kw:severity(47.4879); kw:hardship(46.5566); kw:suffering(45.4118); kw:trial(43.4363)	ع ذ ب:B005:العذاب إيلام وعقوبة → ء ل م:B002:الإيلام والوصف بالموجع
C1386	0.6584	terrain / elevation / roundness / rotation	23	14	17	23	0.06009471	0.1742	1.0	0.7391	1,5,16,18,19,23,24,38,47,50,56,57,58,60,62,66,67,70,77,92,103,107,109	ح ج ر ح ذ ر ح ن ك ح و ل خ ش ع د و ر ر ب و ر و د ط غ و ف ل ك ق ب ل ك ر م ك ر ه ن ج و	kw:terrain(75.5434); kw:elevation(70.7954); kw:roundness(62.1239); kw:rotation(56.8924); kw:landscape(51.7714); kw:geometry(49.2484); kw:circle(45.7343); kw:geography(44.2507)	د و ر:B001:الدوران والإحاطة والاستدارة → ف ل ك:B001:استدارة الشيء ودورانه
C1387	0.6584	dispatch / envoy / warfare / message	32	11	14	13	0.0601544	0.1494	1.0	0.7692	5,6,7,9,12,13,15,23,29,34,35,37,41,46,49,54,58,59,62,68,69,77,78,79,88,93,94,95,97,98,103,105	ب ع ث ب ل غ ج م ع ح ش ر ر س ل س ن ن س ن و ع ن ق ق و م ن ف ر و ج ه	kw:dispatch(46.5929); kw:envoy(33.004); kw:warfare(31.7609); kw:message(31.7301); kw:procession(30.2314); kw:destination(28.7797); kw:mediation(27.4588); kw:assembly(26.371)	ب ع ث:B002:إرسال المبعوث وتوجيهه → ر س ل:B001:الإرسال والانبعاث
C1388	0.6583	life / spirit / soul / appearance	20	10	14	21	0.0585486	0.2442	0.9524	0.5238	7,9,14,15,25,28,31,33,63,67,69,71,75,83,85,88,93,94,97,105	ء م م ب ش ر ح ي ي ر و ح ظ ه ر ع ر ض ق ت ل ن ف س و ج ه و ف ر	kw:life(82.0071); kw:spirit(44.6404); kw:soul(44.0082); kw:appearance(43.1103); kw:embodiment(39.0107); theme:body_health_life/physiology(36.03); kw:countenance(34.884); kw:visage(34.884)	ن ف س:B011:النفس التي بها الحياة → ر و ح:B001:النفس والروح التي بها حياة البدن
C1389	0.6582	dimension / expansion / geometry / unfolding	11	7	10	8	0.06549058	0.1905	1.0	0.875	6,11,13,20,28,29,30,37,67,81,83	ب س ط ب ط ل ش ر ر ط و ل ع ر ض م د د ن ش ر	kw:dimension(48.1671); kw:expansion(44.0082); kw:geometry(36.9363); kw:unfolding(36.9273); kw:extension(36.578); kw:spreading(34.884); kw:form(26.2769); kw:length(24.9444)	ع ر ض:B001:العرض خلاف الطول والجانب → ط و ل:B001:الطُّول والامتداد
C1390	0.6581	pad / transport / cushion / equipment	29	15	16	18	0.05739466	0.1513	1.0	0.7778	2,3,6,8,9,11,12,14,15,16,18,22,29,33,40,42,46,49,58,60,70,74,84,88,94,97,98,100,111	ح س ب ح ص ر ح م ل ر ك ن ش ج ر ظ ه ر ع ج ل ع ر ش ع ظ م ق ت ر ق ر ي ق ع د ك ر ر ه د ي و ل ي	kw:pad(77.6548); kw:transport(71.0942); kw:cushion(61.531); kw:equipment(60.6775); kw:support(55.5975); kw:camel(46.3334); kw:saddle(41.1882); kw:mount(39.5566)	ح ص ر:B014:الحصار على ظهر البعير → و ل ي:B011:ولية تحت الرحل
C1391	0.658	palm / agriculture_food/plant_vegetation / sapling / growth	33	13	17	25	0.0547374	0.1908	0.96	0.64	2,4,5,6,7,8,12,16,18,22,26,29,30,33,39,40,44,45,46,54,60,70,73,74,80,86,88,89,91,99,101,103,104	ب ن ي ج ع ل ج م ع خ ل ل د خ ل ش ي ء ص ف و غ ل ل ف س ق ف ص ل ق ع د ك ث ر ن خ ل	kw:palm(113.7208); theme:agriculture_food/plant_vegetation(85.7802); kw:sapling(66.0079); kw:growth(63.214); kw:shoot(57.5595); kw:date(49.8887); kw:botany(47.5448); kw:fruit(46.4691)	ج ع ل:B006:النخل الصغار أو القصار → ش ي ء:B006:صغار النخل
C1392	0.6578	life / mortality / killing / soul	19	11	17	24	0.06092874	0.1875	1.0	0.7083	7,13,14,15,25,28,31,33,34,35,60,67,69,73,75,81,83,85,103	ح ي ي ر و ح ز ه ق ع ر ض غ ر ق ف ت ن ق ت ل م و ت ن ش ر ن ف س و ف ي	kw:life(109.3428); kw:mortality(64.7515); kw:killing(59.0879); kw:soul(58.6776); kw:death(55.9423); kw:spirit(44.6404); theme:body_health_life/physiology(43.236); kw:vitality(42.2076)	ن ف س:B011:النفس التي بها الحياة → ر و ح:B001:النفس والروح التي بها حياة البدن
C1393	0.6577	camel / creation / livestock / fertility	39	16	17	23	0.05587401	0.1704	1.0	0.5652	1,4,7,8,9,13,14,16,17,29,30,35,37,41,43,45,46,49,51,56,59,60,61,69,70,71,76,77,78,80,82,88,89,93,96,97,98,99,106	ب س ط ج ب ل ح و ل خ ب ر خ ر ج خ ل ف خ ل ق ص م م ع ل و ع و د ف ر ق ف س ق ف ط ر ق ر ء ن و ق و ز ن	kw:camel(64.8667); kw:creation(55.1716); kw:livestock(47.6591); kw:fertility(42.5584); kw:strength(34.002); kw:reproduction(30.5959); kw:ontology(28.6095); kw:female(28.1384)	خ ل ف:B013:أسماء خاصة للحيوان والنبات والعادة → ف ر ق:B008:فارق نادة وسحابة منفردة
C1394	0.6576	pride / authority / arrogance / haughtiness	22	10	17	24	0.06440017	0.1935	1.0	0.625	4,7,9,14,15,21,23,25,31,33,38,40,43,49,51,53,60,64,75,87,98,111	خ ي ل ط غ و ط غ ي ع د و ع ظ م ع ل و ع ن د ك ب ر م و ت ن ف س	kw:pride(81.301); kw:authority(62.914); kw:arrogance(55.9858); kw:haughtiness(49.5059); kw:tyranny(34.884); kw:greatness(33.5381); theme:emotion_ethics/ethics_morality(32.9077); kw:slab(32.5328)	ط غ ي:B003:الطاغوت رأس الضلالة → ط غ و:B003:الطاغوت رأس الضلالة والطغيان
C1395	0.6575	disability / tongue / speech / sharpness	29	13	14	15	0.05571761	0.1667	1.0	0.7333	2,8,9,12,13,20,23,29,33,35,36,38,44,50,54,58,62,64,65,68,71,78,79,80,84,86,89,97,104	ب ك م ح د د ح س ر ح ص ر س ل ط ص د ق غ ر ر ق و م ك ل ل ك ل و ل ف ف ل ك ن و ك ل	kw:disability(55.4339); kw:tongue(51.8423); kw:speech(46.9208); kw:sharpness(40.6505); kw:blade(39.8493); kw:fatigue(39.0107); kw:weapon(34.5965); theme:language_communication/language_speech(31.8226)	ح د د:B005:الطرف الحاد والنفاذ → غ ر ر:B012:حد الشفرة والسيف
C1396	0.6573	impact / blow / strike / force	13	8	10	8	0.05931543	0.1905	1.0	0.875	10,15,24,31,48,54,57,58,97,100,107,109,111	ء ل م ذ ق ن ذ ل ل ص م م ض ر ب ع ذ ب م س ك م ل ق	kw:impact(64.1841); kw:blow(63.7919); kw:strike(53.5428); kw:force(44.5461); kw:torment(32.5328); kw:beating(31.0619); kw:courage(26.185); kw:combat(25.3658)	ع ذ ب:B005:العذاب إيلام وعقوبة → ء ل م:B002:الإيلام والوصف بالموجع
C1397	0.6572	time_measure_quantity/quantity_number / number / ninth / arithmetic	27	12	17	20	0.06525928	0.16	0.95	0.8	6,9,12,14,23,35,37,38,39,41,42,44,45,46,52,58,62,70,72,74,76,85,88,89,98,101,110	ء ح د ت س ع ج ب ل ح ج ب ح س ب ذ و و س ب ع ع د د ق ل ل ك ث ر ن ف ر و ح د	theme:time_measure_quantity/quantity_number(141.263); kw:number(95.6749); kw:ninth(85.3867); kw:arithmetic(61.531); kw:nine(51.232); kw:enumeration(48.7992); kw:mathematics(45.7343); kw:calendar(36.3226)	ء ح د:B001:الأَحَدِيَّة والوَحْدَة → و ح د:B002:الواحد في العدد والآحاد
C1398	0.6572	armor / weapon / shield / warfare	26	14	15	14	0.06021373	0.1346	1.0	0.8571	1,12,15,16,17,26,30,32,33,34,36,51,52,56,57,58,59,64,65,80,88,91,92,96,100,102	ب ص ر ج ل ب ج ن ن ج و ب ح ذ ر ر ء س ز ع م س ل ط غ ر ر ق ت ر ق ر ب ق ر ن ق ر ي و ز ر	kw:armor(69.6314); kw:weapon(69.193); kw:shield(62.1239); kw:warfare(52.9348); kw:sword(52.0143); kw:protection(49.7385); kw:equipment(48.542); kw:case(46.5929)	ق ر ب:B010:قراب السيف ووعاؤه → ج ل ب:B008:جلبان السلاح قرابه
C1399	0.6572	anatomy / limb / body / rear	27	11	11	9	0.05296773	0.1636	1.0	0.7778	1,4,23,29,37,39,40,42,46,47,49,51,57,58,62,64,67,73,74,77,78,86,88,92,95,98,107	ء ل ي د ب ر ر ء س ر ج ل ص د ر ظ ه ر ع ظ م ق ب ل ك ل و م ش ي ي د ي	kw:anatomy(54.9297); kw:limb(49.8887); kw:body(36.334); kw:rear(28.4462); kw:organ(26.0072); kw:orientation(21.4984); kw:animal(20.6634); kw:dorsum(19.2746)	ص د ر:B001:الصدر الجارحة وما يتصل بها → ظ ه ر:B002:الظهر وخلاف البطن
C1400	0.6571	comparison / counterpart / representation / similarity	12	11	17	29	0.06234684	0.2417	1.0	0.6207	6,12,21,35,44,46,48,75,84,88,89,99	ح ي ي س ب ع ش ك ل ض ر ب ض ع ف ع د د ك ر ر ك ي ل م ث ل ن ظ ر و ح د	kw:comparison(76.7833); kw:counterpart(55.7051); kw:representation(46.1482); kw:similarity(46.1482); kw:peer(45.7343); kw:equivalence(43.7155); kw:likeness(42.434); kw:parable(36.9273)	ض ر ب:B003:تصوير المثل وإظهاره → م ث ل:B003:المثل المضروب
C1401	0.657	night / darkness / water / watering	32	14	15	21	0.05454685	0.2019	0.9048	0.619	1,6,7,12,20,23,24,25,26,32,33,34,47,51,57,58,59,69,71,77,78,79,80,82,85,90,91,92,93,99,101,107	ء و ب ب ي ت ت س ع ج ن ح د خ ل ر و ح ص د ر ظ ل م ف ج ر ق ب ل ق ر ب ل ي ل م د د ن ه ر	kw:night(58.6452); kw:darkness(50.299); kw:water(42.3686); kw:watering(41.3787); theme:animal_life/husbandry(36.1846); kw:evening(31.7301); kw:drinking(29.3388); kw:dawn(28.2893)	د خ ل:B007:إدخال الإبل في الشرب مرة أخرى → ق ب ل:B014:سقي على أفواه الإبل
C1402	0.6569	hardness / hair / solidity / mass	35	15	15	15	0.05910788	0.1429	0.9333	0.7333	1,3,5,12,17,23,25,26,30,32,34,36,41,42,44,46,47,48,50,53,55,58,59,63,64,65,72,84,86,92,96,97,102,106,110	ب ص ر ح ج ر ح د د ذ ك ر ذ ه ب ر ج ل ز ب ر س ب ل ش د د ص م م ع ب د غ ف ر ف ر ق ك س ف و ف ر	kw:hardness(86.6222); kw:hair(60.5377); kw:solidity(55.7051); kw:mass(41.0035); kw:strength(34.002); kw:swarm(30.7655); kw:density(29.1436); kw:band(28.7797)	ع ب د:B007:القوة والصلابة → ش د د:B002:شدة القوة والصلابة
C1403	0.6565	generosity / virtue / nobility / honor	21	12	15	23	0.05994579	0.2323	0.8261	0.6957	5,10,11,13,15,19,23,35,37,46,54,57,58,59,62,64,70,78,90,91,108	خ ر ق خ ي ر د ب ر س ع ي ع ذ ب ع ن ب غ ر ر ف ج ر ف ع ل ك ذ ب ك ر م ن ش ر	kw:generosity(97.311); kw:virtue(87.3052); kw:nobility(77.0209); kw:honor(45.8825); theme:kinship_society/hospitality_welfare(45.6546); kw:wealth(43.0534); kw:bounty(42.9143); kw:charity(37.2198)	ك ر م:B004:العنب والكرمة → ع ن ب:B001:العنب ثمرة الكرم
C1404	0.6565	seed / dispersal / scattering / covering	19	9	12	11	0.05948588	0.1774	1.0	0.8182	3,8,17,25,26,27,30,44,60,62,64,67,69,73,89,96,98,99,106	ب ذ ر ج ل ب خ ب ر ذ ر ر غ ف ر ف ر ق ف ر ي ك ف ر ل ع ن	kw:seed(51.6738); kw:dispersal(42.6693); kw:scattering(42.2076); kw:covering(34.7228); kw:protection(29.8431); kw:veil(28.1384); kw:agriculture(24.6471); kw:sociality(23.3672)	ك ف ر:B008:تغطية البذر → ب ذ ر:B001:نثر البذر وتفريق الشيء
C1405	0.6564	vision / sight / eye / gaze	32	11	16	25	0.05868872	0.2294	0.84	0.6	1,7,9,12,13,17,18,21,30,35,36,44,46,48,54,58,59,60,61,62,72,74,78,79,86,88,96,97,99,102,107,110	ب ص ر ج ه ر د ب ر ر ء ي س ج د ش ي ء ظ ه ر ع م ي ق د ر ق و م ن ظ ر	kw:vision(105.3557); kw:sight(99.5618); kw:eye(83.8128); kw:gaze(68.647); theme:cognition_perception/perception(52.7085); kw:perception(47.6209); kw:deliberation(43.7155); kw:planning(41.9894)	ر ء ي:B001:رؤية العين والبصيرة → ب ص ر:B001:إبصار العين
C1406	0.6563	prevention / sexuality / modesty / chastity	32	16	17	25	0.05669977	0.1852	0.92	0.64	3,6,7,8,9,10,15,19,32,33,38,45,47,54,57,58,59,64,67,71,75,82,83,93,94,95,99,102,104,105,106,110	ب ش ر ج ل ب ح ص ر ح ي ي خ ف ت ر د د س ت ر س و ء ش ك ر ظ ل م ع ذ ب ف ح ش ل ف ف م س س م ن ع ن ز ل	kw:prevention(77.7634); kw:sexuality(74.5708); kw:modesty(53.7561); kw:chastity(44.6404); kw:intercourse(38.7554); kw:marriage(34.0588); kw:restraint(32.7774); theme:condition_force_change/control_restraint(30.7413)	س و ء:B004:السوأة المستورة → ح ي ي:B011:الحياء العضو المستور
C1407	0.6562	mount / transport / horse / camel	19	12	12	14	0.05679818	0.2121	1.0	0.5714	1,3,8,10,17,22,26,29,32,34,35,50,51,57,64,68,70,83,88	ج ن ب ح ج ر ح ص ر ح م ل خ ي ل ظ ه ر ع ت د ق ر ب ق ر ن ق ص و ق ع د ك ي ل	kw:mount(79.1131); kw:transport(71.0942); kw:horse(69.4456); kw:camel(46.3334); kw:equipment(36.4065); kw:mare(33.5381); kw:coordination(30.2314); kw:riding(29.1436)	ق ع د:B008:المركوب المقتعد → ق ر ب:B013:الخيل والإبل المقربة
C1408	0.6561	prevention / enclosure / interdiction / prohibition	18	13	17	24	0.06515464	0.1832	0.9167	0.75	1,5,8,12,20,33,45,47,48,50,56,59,60,71,77,82,99,100	ح ج ب ح ج ر ح د د ح ر م ح ص ر ح ظ ر ح و ط ح و ل د و ر ض ر ب ظ ل م ف ص ل م س ك	kw:prevention(77.7634); kw:enclosure(73.3311); kw:interdiction(68.3094); kw:prohibition(59.9777); kw:access(49.2484); kw:restriction(48.1671); kw:encirclement(44.9833); kw:wall(44.6404)	ح ظ ر:B002:منع وحجر عن الإباحة → ح ج ر:B001:المنع والإحاطة
C1409	0.656	camel / mounting / livestock / lowering	21	13	13	12	0.05657896	0.1538	1.0	0.8333	1,7,12,24,44,46,51,55,61,79,90,92,93,95,97,99,102,104,107,109,110	ح ل م خ ش ع خ ف ض د ب ر س ج د س ع ر س م و س ن و ف ط ر ل ف ف ن ب ع ن غ ض ه ج د	kw:camel(55.6001); kw:mounting(50.3071); kw:livestock(47.6591); kw:lowering(41.9894); kw:ground(35.6904); kw:hump(29.9889); kw:breeding(28.9576); kw:meat(25.6736)	س ج د:B004:طأطأة الرأس والانحناء → خ ف ض:B005:تخفيض رأس البعير
C1410	0.6558	arrival / approach / coming / presentation	25	9	14	15	0.06200935	0.1786	1.0	0.6667	2,5,7,25,26,33,35,36,51,55,58,59,65,71,75,77,80,81,85,88,92,94,101,104,107	ء ت ي ء و ب ء و ل ج ي ء د خ ل ق ب ل ل ي س ن ب ء ن ص ر	kw:arrival(74.0586); kw:approach(61.5604); kw:coming(50.3071); kw:presentation(49.5059); kw:visitation(45.7343); kw:priority(42.6693); kw:advent(35.7766); kw:transition(34.1742)	ء ت ي:B001:الإتيان والمجيء → ج ي ء:B001:المجيء والحصول
C1411	0.6556	hydrology / sea / land_water_sky/water_hydrology / water	41	14	17	17	0.06208462	0.1308	0.9412	0.7647	1,2,6,8,12,17,18,22,23,25,26,29,30,32,33,34,36,39,45,46,47,49,51,54,55,57,60,66,67,68,70,80,84,85,91,93,96,98,99,102,107	ب ح ر ب ر ر ب ر ك ج د د ج ع ل خ ب ر د ب ر ز خ ر ف ط غ و ع ل م غ ل ل ف ل ك ق ر ب ن ه ر	kw:hydrology(96.8701); kw:sea(56.8924); theme:land_water_sky/water_hydrology(55.3976); kw:water(50.8423); kw:navigation(42.7746); kw:insect(41.5754); kw:geography(35.4006); kw:coast(33.004)	ق ر ب:B011:القارب السفينة الصغيرة → ف ل ك:B003:السفينة الدائرة في الماء
C1412	0.6555	marking / rib / breeding / skeleton	24	16	16	21	0.05709064	0.175	0.9524	0.7143	8,12,17,24,40,45,47,49,53,64,68,71,79,83,84,88,90,91,96,97,98,101,106,110	ب ي ن ج ن ب ج ن ح ج ن ن ح ص ر خ ف ض ر ج ل س ع ر س ن و ش ك ل ع ظ م ف ت ل ف ر ق ق ر ن ن ب ع ه ج د	kw:marking(51.3473); kw:rib(47.5952); kw:breeding(43.4363); kw:skeleton(42.9143); kw:leg(39.5566); kw:anatomy(39.2355); kw:livestock(38.1273); kw:camel(37.0667)	ر ج ل:B005:بياض رجل الدابة → ش ك ل:B006:شكال الخيل علامة كالقيد
C1413	0.6554	strike / face / analysis / injury	14	9	11	14	0.05250159	0.2642	0.8571	0.6429	1,7,14,15,25,33,36,46,60,62,75,88,97,99	ح ي ي ر ء ي ظ ه ر ف ء د ق ل ب م و ت ن ف س و ج ه و ز ر	kw:strike(40.1571); kw:face(35.9982); kw:analysis(35.7766); kw:injury(32.5509); kw:victory(27.7169); kw:heart(24.8782); kw:affliction(24.3853); kw:hunting(24.1599)	ق ل ب:B004:رد الشيء عن وجهه → ظ ه ر:B018:قلب الأمر ظهرا لبطن
C1414	0.6553	blade / sword / sharpness / case	17	14	16	23	0.05735263	0.1949	1.0	0.6957	8,16,17,26,32,34,40,50,51,57,58,64,77,92,97,100,104	ء ن ث ج ل ب ح د د ح ص ر ر ء س س ق ط س ك ن س ن ن ص م م غ ر ر ق ر ب ق ر ن ق ر ي م س ك	kw:blade(106.2648); kw:sword(91.0251); kw:sharpness(54.2007); kw:case(46.5929); kw:edge(46.1287); kw:weapon(46.1287); kw:sheath(45.7343); kw:violence(37.5938)	ق ر ب:B010:قراب السيف ووعاؤه → ج ل ب:B008:جلبان السلاح قرابه
C1415	0.6552	land_water_sky/water_hydrology / control / foundation / water	41	13	17	20	0.05748808	0.155	0.95	0.7	6,7,9,12,13,14,15,18,20,22,25,29,33,35,36,40,42,47,54,55,56,58,61,62,64,66,67,70,75,78,79,80,84,85,92,95,97,100,102,107,111	ب ح ر ذ م م ر ج ل ص م م ع د د ع ر ش ع ل م ق و م م د د م ل ك ن ص ر ن ف س ي د ي	theme:land_water_sky/water_hydrology(88.6362); kw:control(44.2771); kw:foundation(43.4363); kw:water(42.3686); kw:sustenance(40.4815); kw:ownership(37.8305); kw:well(37.5174); kw:resource(36.0777)	ق و م:B009:قوام وعماد ومعاش → م ل ك:B005:مِلاك الأمر وعِماده
C1416	0.6552	change / search / reciprocity / return	18	9	11	10	0.05405999	0.1887	1.0	0.8	1,6,12,28,41,42,46,56,57,66,67,73,77,81,83,89,92,110	ب ط ل ب غ ي ح و ل ر د د ص ر ف ع ر ض غ ي ر ق ل ب ك س ف	kw:change(50.8811); kw:search(27.8525); kw:reciprocity(25.9211); kw:return(23.9988); kw:transition(22.7828); kw:exchange(21.8209); theme:condition_force_change/change_transition(21.069); kw:commerce(20.8259)	ر د د:B001:الرجوع إلى الشيء أو رده إلى موضعه → ص ر ف:B001:رجع وصرف عن وجه
C1417	0.6551	precedence / priority / beginning / advance	39	11	13	11	0.05660059	0.1467	1.0	0.7273	2,5,7,9,10,13,15,19,21,22,24,29,35,39,40,45,51,56,58,59,61,62,69,72,76,77,80,81,84,92,93,94,95,97,100,104,105,107,111	ء خ ر ء و ل ب ش ر ت ل و ج ن ح خ ر ج ز ه ق ع ن ق ق ب ل م ل ك ه د ي	kw:precedence(54.9176); kw:priority(42.6693); kw:beginning(40.4815); kw:advance(39.7012); theme:time_measure_quantity/sequence_cycle(31.0019); kw:leader(28.6095); kw:leadership(25.8369); kw:neck(23.9465)	ء و ل:B001:ابتداء الشيء وتقدمه → ق ب ل:B002:تقدم الشيء أو إقباله
C1418	0.6549	construction / precision / livelihood / quality	48	12	17	21	0.05784315	0.168	1.0	0.5238	2,4,5,6,8,9,12,16,17,19,20,23,24,25,26,27,28,30,33,38,39,40,46,47,54,55,57,60,61,63,65,66,69,70,79,80,81,84,85,87,93,100,101,102,104,105,108,109	ب ك ي ب ن ي ت ب ع ح ق ق ح ك م ر ب ب س ع ي ص ل ح ط ي ن ع م ل ف ع ل ق ض ي	kw:construction(62.6999); kw:precision(48.7992); kw:livelihood(38.2751); kw:quality(37.3173); kw:craft(35.5769); kw:perfection(31.7301); kw:labor(31.2388); kw:agency(30.693)	ح ك م:B004:الإحكام والإتقان والوثاقة → ت ب ع:B012:الإحكام والتناسب
C1419	0.6547	surface / smoothness / slab / geology	26	12	17	23	0.06383935	0.1901	1.0	0.6522	4,12,18,30,31,37,40,44,49,51,52,54,55,60,61,70,74,76,86,90,95,98,99,102,103,104	ء ر ض ج ب ل ج د د ج و ب خ ر ق خ ل ق ش ي ء ص ف و ط غ و ط غ ي ف ط ر م ل ق	kw:surface(56.1193); kw:smoothness(51.8423); kw:slab(48.7992); kw:geology(47.0087); kw:production(43.7155); kw:terrain(43.1677); kw:rock(42.434); kw:creation(41.3787)	خ ل ق:B002:إبداع الخلق وإيجاده → ف ط ر:B002:إيجاد وابتداء
C1420	0.6547	wealth / bird / livestock / camel	35	14	16	15	0.0658416	0.1271	1.0	0.6667	1,9,11,14,15,16,18,23,31,33,40,41,45,46,47,48,58,59,60,64,67,71,72,75,78,82,83,88,89,93,97,99,101,106,111	ء ن ث ت س ع ح ي ي ذ ك ر ر ج ل ض ع ف ض ل ل ظ ل م ع ج ل ق ر ء ق ر ي ق ص و ن ع م و ل د	kw:wealth(53.8167); kw:bird(46.9162); kw:livestock(38.1273); kw:camel(37.0667); theme:economy_property/wealth_property(34.5029); kw:family(34.2328); kw:gender(31.722); theme:animal_life/wildlife(31.3677)	ق ر ء:B013:القِرَة مال وعيال → ق ر ي:B011:مال وعيال مجتمعون
C1421	0.6547	gift / kinship_society/hospitality_welfare / surplus / donation	27	10	14	15	0.05399321	0.1724	1.0	0.7333	5,12,14,20,21,30,31,33,34,36,41,44,52,55,60,66,70,75,79,80,82,85,87,97,101,109,111	ج و س ح س ب ح م د ر ز ق ز ي د س ء ل ع ط و ف ض ل ن ص ر ن ف ل	kw:gift(50.4406); theme:kinship_society/hospitality_welfare(49.805); kw:surplus(47.0731); kw:donation(46.1482); kw:benefaction(43.7155); kw:bounty(42.9143); kw:inquiry(42.2076); kw:request(41.1882)	ف ض ل:B003:الإحسان والعطية → ن ف ل:B001:العطاء الزائد
C1422	0.6546	power / hierarchy / sovereignty / governance	23	13	17	21	0.06074706	0.1615	0.9524	0.8095	1,8,12,13,29,30,33,39,40,42,45,56,61,65,73,80,86,92,95,99,100,102,111	ث ب ر ح ج ب ح س ر ح ص ر س ل ط ع ر ش ف ص ل ق د ر ق ص و م ل ك ن ش ر و ح ي ي د ي	kw:power(76.4806); kw:hierarchy(65.1911); kw:sovereignty(60.9791); kw:governance(56.2995); kw:court(53.6648); kw:authority(41.9427); theme:law_governance/authority_governance(41.6993); kw:politics(39.4154)	ح ص ر:B013:الملك المحجوب أو الحاجب → ح ج ب:B003:ولاية الحاجب
C1423	0.6546	basin / pool / storage / reservoir	42	14	15	16	0.05795921	0.1538	1.0	0.5625	1,2,4,5,6,7,14,15,16,25,26,29,31,32,33,34,35,37,39,40,42,47,51,57,58,59,62,64,67,73,74,78,81,86,94,95,99,100,101,104,108,111	ء ج ل ء خ ذ ء ل ي ء و ل ب ر ك ج ي ء ق ت ل ق ر ب ق ر ي ك ر ر م س ك م ش ي ن ف س و ع د	kw:basin(88.7803); kw:pool(85.8285); kw:storage(65.1911); kw:reservoir(59.9777); kw:container(52.2449); kw:pond(51.232); theme:land_water_sky/water_hydrology(44.3181); kw:hydrology(43.0534)	ء خ ذ:B006:موضع يمسك الماء → ج ي ء:B003:مجتمع الماء في هبطة أو حول حصن
C1424	0.6544	generosity / willingness / severity / hardship	45	14	17	22	0.06010008	0.1667	0.7727	0.6818	1,3,4,5,7,10,13,14,15,17,20,23,25,29,30,33,34,39,42,47,51,53,54,57,58,59,60,62,65,67,68,69,70,73,74,77,78,85,86,93,94,95,96,97,105	ء ل ي ب ء س ر س ل ر و ح ش د د ص م م ط ي ب ع ب د ع ذ ب ع ط و ف ت ن م ر ر ن ش ر ن ف س	kw:generosity(48.6555); kw:willingness(36.9273); kw:severity(35.6159); kw:hardship(34.9174); theme:emotion_ethics/intention_character(34.8913); kw:suffering(34.0588); theme:cognition_perception/perception(32.9428); kw:power(32.7774)	ع ب د:B007:القوة والصلابة → ش د د:B002:شدة القوة والصلابة
C1425	0.6542	age / body_health_life/life_stage_aging / camel / experience	38	14	17	21	0.06085986	0.1591	1.0	0.5714	1,4,7,8,9,12,13,14,16,21,22,23,29,31,41,43,45,46,51,56,59,60,62,69,71,76,77,78,80,82,85,87,88,89,93,97,106,111	ء م ر ح ن ك ح و ل خ ر ج خ ل ف د ل ك س ن ن س ن و ع و د ق ر ء ق ع د ك ب ر ن و ق و ج ه	kw:age(49.8887); theme:body_health_life/life_stage_aging(49.4518); kw:camel(46.3334); kw:experience(43.4363); kw:mating(41.7788); kw:livestock(38.1273); theme:craft_material_built/craft(36.8015); kw:sharpening(33.5381)	س ن و:B010:تسنّي البعير للناقة → س ن ن:B007:إكباب بدفع أو عض
C1426	0.6542	proportion / calculation / measurement / planning	32	12	15	15	0.06191147	0.1515	1.0	0.7333	8,9,12,13,21,22,29,30,32,35,37,45,49,51,53,55,58,61,62,66,70,71,78,79,87,96,97,98,99,100,101,110	ء م م ب ي ن ح ص ر خ ل ق ز ن ي ط و ل ف ض ل ق ت ر ق د ر ق ع د ق و م و ز ن	kw:proportion(68.9644); kw:calculation(47.5952); kw:measurement(46.1287); kw:planning(41.9894); kw:saddle(41.1882); kw:equipment(36.4065); kw:quantity(34.787); kw:power(32.7774)	ق و م:B011:قامة وقوام الجسم والطول → ء م م:B006:القامة والهيئة
C1427	0.6542	fullness / swelling / udder / distension	18	11	11	10	0.0584855	0.1818	0.9	0.8	3,5,6,16,19,26,33,40,44,49,55,73,74,81,91,97,98,105	ح ش ر ح ق ق ح ل م خ ل ل ر د د ر ك ن ز ه ق ش ك ر ص م م ع ظ م ن ب و	kw:fullness(70.6534); kw:swelling(52.7421); kw:udder(39.7012); kw:distension(35.7766); kw:plumpness(31.7301); kw:abundance(30.8919); kw:fatness(30.2314); kw:volume(30.2314)	ش ك ر:B003:الامتلاء والغزر وكثرة اللبن → ر د د:B007:امتلاء الضرع وتجمع الماء
C1428	0.6541	rear / orientation / limb / anatomy	23	12	14	17	0.05679471	0.191	1.0	0.6471	7,8,10,15,17,19,21,22,29,36,39,45,46,47,51,62,64,69,72,76,88,90,104	ء خ ر ح ص ر خ ل ف د ب ر ذ ن ب ر ء س ر ج ل ص د ر ظ ه ر ق ف و ن ب ع ي د ي	kw:rear(85.3387); kw:orientation(53.746); kw:limb(49.8887); kw:anatomy(39.2355); kw:back(37.5174); kw:posterior(32.1114); kw:tail(29.544); kw:body(29.0672)	ص د ر:B001:الصدر الجارحة وما يتصل بها → ظ ه ر:B002:الظهر وخلاف البطن
C1429	0.6539	age / body_health_life/life_stage_aging / senescence / wisdom	28	14	15	17	0.06106852	0.1635	1.0	0.6471	4,5,7,8,9,12,17,21,23,24,28,31,34,43,51,58,60,62,64,67,69,77,78,79,83,87,97,111	ح ن ك د ل ك س ن ن س ن و ش د د ص غ ر ص م م ع ر ض ع س ي ع و د ق ر ن ك ب ر و ج ه و ل د	kw:age(74.8331); theme:body_health_life/life_stage_aging(71.9299); kw:senescence(44.9833); kw:wisdom(43.7155); kw:experience(43.4363); kw:time(36.0591); kw:strength(34.002); kw:oldness(33.5381)	ك ب ر:B004:كبر السن والقدم → س ن ن:B004:سن ناتئ وعمر ظاهر
C1430	0.6539	top / summit / blade / sword	25	11	13	15	0.0518875	0.1974	1.0	0.6667	4,7,8,16,23,43,44,47,51,52,55,58,62,64,74,76,85,88,92,93,95,99,101,102,110	ح ص ر ر ء س س ح ر س م و ص د ر ظ ه ر ع ل و غ ر ر ق ر ي ق ل ل ك ل و	kw:top(59.5205); kw:summit(45.3471); kw:blade(39.8493); kw:sword(39.0107); kw:pommel(36.9273); kw:edge(34.5965); kw:contrast(28.6095); kw:extremity(27.7169)	ع ل و:B008:الشيء المحمول على الأعلى → ص د ر:B002:المقدّم والأعلى والأول
C1431	0.6537	well / hydrology / land_water_sky/water_hydrology / depth	40	14	15	16	0.05504703	0.1538	1.0	0.625	4,6,9,12,13,21,22,23,25,29,31,36,43,45,46,47,49,51,53,54,55,60,64,66,67,70,78,84,85,87,90,91,96,98,99,101,102,107,110,111	ء ج ل ب ح ر ب ي ن ج د د ر ج ل ط ي ر ع ل م ف ج ر ق ع د ق ل ب ك ب ر ك ر ر ن ه ر ي د ي	kw:well(75.0347); kw:hydrology(53.8167); theme:land_water_sky/water_hydrology(48.0113); kw:depth(41.7788); kw:abundance(41.1892); kw:infrastructure(39.8493); kw:opening(37.1238); kw:settlement(30.9257)	ع ل م:B005:ماء كثير مجتمع في عيلم → ب ح ر:B001:الماء الواسع الكثير
C1432	0.6537	aesthetics / reflection / beauty / appearance	16	9	11	13	0.0560575	0.25	0.9231	0.6154	1,7,9,21,48,60,62,64,71,84,93,94,97,99,105,110	ء م م ب ش ر ج ه ر خ ي ل ر ء ي ش ك ل ل ع ن ن ظ ر و ج ه	kw:aesthetics(63.6014); kw:reflection(63.4603); kw:beauty(57.3531); kw:appearance(43.1103); kw:dream(33.5381); kw:aspect(30.4895); kw:image(30.2314); kw:figure(29.9889)	ر ء ي:B006:مرأى ومنظر ومرآة → ن ظ ر:B004:ظهور الشيء للناظر أو حسن مرآه
C1433	0.6535	prevention / protection / care / access	36	17	17	25	0.06021982	0.1838	0.8	0.6	1,2,8,9,13,14,23,33,34,35,39,40,41,45,46,47,50,58,59,60,62,71,73,78,79,82,88,89,93,94,97,99,100,102,106,111	ء خ ذ ب ك م ث ب ر ح ج ب ح ج ر ح ر م ح ص ر ح ك م ح و ط خ ز ن ظ ل م ع ه د ق ر ء ق و م ك ل و م س ك م ن ع	kw:prevention(77.7634); kw:protection(59.6861); kw:care(49.6264); kw:access(49.2484); theme:conflict_security/protection_security(42.4901); kw:preservation(38.7554); kw:security(36.2398); kw:governance(33.7797)	ع ه د:B001:حفظ الشيء ومراعاته حالا بعد حال → ح و ط:B002:الحفظ والحياطة
C1434	0.6535	fire / land_water_sky/fire_heat / gambling / spark	27	13	14	14	0.06031907	0.1556	1.0	0.7143	4,7,10,11,12,13,14,15,18,20,23,25,29,33,35,36,38,46,55,68,71,82,83,84,89,92,97	ح ص ب خ س ر د ب ر س ع ر س ق ط ش ر ر ص ل ي ع ت د ق ض ي ك ل ل ك ي ل ن ب ء ن ف س	kw:fire(91.1312); theme:land_water_sky/fire_heat(80.3187); kw:gambling(46.5929); kw:spark(46.1482); kw:energy(39.4154); kw:ember(28.9576); kw:lot(28.7797); kw:archery(27.4588)	ك ي ل:B002:كال الزند → س ق ط:B005:سقط النار المتطاير
C1435	0.6533	grief / distress / emotion / creation	30	10	16	16	0.06194869	0.1538	1.0	0.8125	2,4,5,6,7,8,9,12,18,22,23,29,32,33,38,39,45,46,58,60,73,77,80,84,86,92,97,99,107,109	ء و ي ب ء س ب ك ي ج ع ل س و ء ع م ل ق ب ل ق ض ي ك ر ه و ح ي	kw:grief(69.2923); kw:distress(67.1951); kw:emotion(60.0292); kw:creation(55.1716); kw:weeping(46.5929); kw:tear(41.9894); kw:dislike(34.884); kw:inducement(33.004)	و ح ي:B009:نياحة وبكاء → ب ك ي:B001:البكاء والحزن
C1436	0.6531	impact / strike / blow / grip	22	12	14	13	0.05885833	0.1461	0.9231	0.9231	2,7,14,17,29,30,31,40,48,59,65,69,73,85,88,94,96,97,103,107,109,111	ء خ ذ ب س ط ج م ع ذ ق ن ر و ح ص م م ض ر ب ك ف ي م ل ق م ن ع و ج ه ي د ي	kw:impact(77.0209); kw:strike(66.9285); kw:blow(63.7919); kw:grip(58.2873); kw:force(44.5461); kw:hand(36.3226); kw:palm(34.1162); kw:beating(31.0619)	ض ر ب:B001:إيقاع شيء على شيء → ص م م:B012:إيقاع الضرب الشديد
C1437	0.6531	neck / collar / shackle / anatomy	17	13	13	12	0.05858894	0.1538	1.0	0.8333	1,13,23,29,36,40,47,49,62,64,70,76,80,88,98,99,103	ء ج ل ج م ع خ ر ج ر ج ل ر ف ت س م ع ظ ه ر ع ظ م ع ن ق غ ل ل ق ف و ك ر م ي د ي	kw:neck(71.8395); kw:collar(57.5595); kw:shackle(46.5929); kw:anatomy(39.2355); kw:limb(37.4165); kw:punishment(34.787); theme:condition_force_change/control_restraint(34.157); kw:control(33.2078)	غ ل ل:B006:طوق يغل العضو → ج م ع:B008:القيد الذي يجمع اليدين إلى العنق
C1438	0.653	generosity / virtue / honor / nobility	27	12	17	24	0.05777772	0.192	0.9167	0.75	5,10,11,13,15,19,23,35,37,49,51,52,54,57,58,61,62,70,78,90,91,98,99,106,107,108,109	ج و ب خ ر ر خ ر ق خ ل ق خ ي ر س ع ي ع ذ ب ف ج ر ف ر ق ف ع ل ك ر م ن ش ر	kw:generosity(97.311); kw:virtue(87.3052); kw:honor(57.3531); kw:nobility(51.3473); theme:kinship_society/hospitality_welfare(45.6546); kw:wealth(43.0534); kw:bounty(42.9143); kw:charity(37.2198)	ف ع ل:B002:فَعال الخلق → خ ي ر:B005:الكرم والهبة
C1439	0.653	law_governance/authority_governance / service / care / economy_property/labor_work	51	11	13	12	0.04997788	0.16	1.0	0.5833	2,4,5,6,8,9,12,17,19,20,22,23,24,25,26,27,28,29,30,33,38,39,40,41,46,54,55,57,60,62,65,66,68,70,72,79,80,84,85,86,87,88,89,93,97,100,101,102,104,108,111	ب ن ي ر ب ب س ع ي ع ط و ع م ل ف ع ل ق ع د ن ب و ه ا ء و ك ل و ل ي	theme:law_governance/authority_governance(56.8627); kw:service(40.6505); kw:care(37.2198); theme:economy_property/labor_work(33.2199); kw:office(31.3821); kw:agency(30.693); kw:administration(28.7797); theme:economy_property/commerce_exchange(27.9801)	ع م ل:B003:ولاية العمل والقيام عليه → و ل ي:B003:تولي الأمر والقيام عليه
C1440	0.6528	truth / justice / testimony / falsehood	21	13	17	28	0.05919036	0.2137	0.9643	0.5714	2,4,12,13,14,16,26,33,39,42,56,58,59,71,74,80,81,85,92,93,105	ء م ر ب ط ل ث ب ت ح ق ق ح ك م ز ع م ز ه ق س ط ر ص د ق ع ر ش ف ص ل ك ت ب ك ذ ب	kw:truth(67.4691); kw:justice(56.1193); kw:testimony(53.1324); kw:falsehood(52.3699); kw:unreality(36.9273); kw:law(35.8719); kw:validity(35.7766); kw:reality(34.884)	ك ذ ب:B001:خلاف الصدق → ص د ق:B001:صدق القول
C1441	0.6528	protection / preservation / care / conflict_security/protection_security	21	12	12	10	0.05818085	0.1515	1.0	0.8	9,13,15,16,23,26,33,34,35,46,58,60,62,63,78,79,81,82,97,100,105	ح ق ق ح و ط خ ز ن خ س ر ع ه د ق و م ك ل و ك ن ن م س ك و ز ر و ز ن و ف ر	kw:protection(79.5815); kw:preservation(64.5923); kw:care(49.6264); theme:conflict_security/protection_security(38.6273); kw:quantity(34.787); kw:honor(34.4119); kw:sanctity(31.0619); kw:guardianship(30.2314)	ع ه د:B001:حفظ الشيء ومراعاته حالا بعد حال → ح و ط:B002:الحفظ والحياطة
C1442	0.652	body_health_life/reproduction_birth / mother / kinship / calf	23	14	15	22	0.05514492	0.2115	0.9545	0.5909	10,11,12,15,18,23,29,30,31,34,47,54,57,58,63,64,66,69,75,79,92,107,111	ب س ط ت ب ع ت ل و ر ج ل س ق ط ع ج ل ع ذ ب ف ص ل ف ل ك م ل ق م و ت ن ف ل و ل د ي ت م	theme:body_health_life/reproduction_birth(76.2521); kw:mother(60.9791); kw:kinship(57.145); kw:calf(56.5787); kw:weaning(51.232); kw:reproduction(50.9932); kw:offspring(49.7565); kw:bereavement(49.5059)	ف ص ل:B003:ولد أو رضيع فصل عن أمه أو رضاعه → م ل ق:B005:مص الرضاع والتناول بالفم
C1443	0.6519	chest / camel / equipment / pad	24	15	17	20	0.05730715	0.1493	1.0	0.8	1,6,8,12,13,20,22,24,29,33,36,38,46,51,69,71,84,85,89,90,97,100,104,111	ب ر ك ج ن ح ح ص ر د ب ر ر و ح س ع ر ص د ر ق ت ر ق ع د ك ر ر ك ل ل ل ف ف ن ب ع و ل ي ي م ن	kw:chest(65.4624); kw:camel(64.8667); kw:equipment(48.542); kw:pad(46.5929); kw:saddle(41.1882); kw:anatomy(39.2355); kw:thorax(34.1547); kw:torso(32.5328)	ح ص ر:B014:الحصار على ظهر البعير → و ل ي:B011:ولية تحت الرحل
C1444	0.6519	ailment / disease / side / body_health_life/disease_injury	26	13	17	18	0.05808954	0.1395	1.0	0.8889	1,2,8,9,13,24,29,35,39,40,46,58,60,62,66,67,68,70,73,78,79,83,88,97,99,111	ء ج ل ء خ ذ ب ح ر ج ن ب ج ن ح ح ص ر ر ء ي س ع ر ظ ه ر غ ل ل ق ل ب ق و م ل ق ي	kw:ailment(58.6776); kw:disease(57.5572); kw:side(56.0304); theme:body_health_life/disease_injury(42.2702); kw:thirst(40.3171); theme:body_health_life/health_medicine(39.7522); kw:flank(38.6317); kw:medicine(37.3676)	ج ن ح:B002:الجناح جانبا ويدا وكنفا → ج ن ب:B001:الجنب جانب الجسد وناحية الشيء
C1445	0.6519	warfare / war / mobilization / violence	31	15	16	14	0.0630734	0.1176	1.0	0.7857	2,3,5,6,15,17,22,23,31,33,34,38,39,41,42,46,48,49,56,58,60,73,75,78,79,80,94,97,98,103,110	ب ء س ب ع ث ح ش ر د و ن ذ ن ب س ع ر ش د د ص ل و ض ر ب ع ن د ف ت ن ق ت ل م ع ع ن ص ر ن ف ر	kw:warfare(74.1087); kw:war(56.8924); kw:mobilization(49.5059); kw:violence(46.9922); kw:fire(45.5656); theme:conflict_security/violence_warfare(32.7563); kw:incitement(31.3821); kw:burning(31.0619)	د و ن:B004:الإغراء بالتناول → ع ن د:B006:إغراء عندك بالأخذ
C1446	0.6518	appointment / promise / coordination / encounter	38	12	14	14	0.06127432	0.1591	1.0	0.5714	1,2,3,5,7,8,10,12,17,23,26,30,34,35,51,53,54,55,59,60,62,64,65,68,69,71,76,80,85,86,88,92,96,99,101,104,107,108	ء ت ي ب ع د خ ل ف ر ء ي ص د ق ع ب د ع ت د ع د د ع و د و ع د و ف ي و ك ل	kw:appointment(47.5952); kw:promise(45.7343); kw:coordination(45.3471); kw:encounter(39.7012); kw:readiness(39.4154); kw:preparation(37.8305); kw:meeting(29.9889); kw:commitment(28.1384)	و ع د:B001:وعد يفتح رجاء الموعود بقول → خ ل ف:B005:وعد لا يقع في ميعاده
C1447	0.6517	stature / aesthetics / length / virtue	40	13	16	19	0.0596673	0.1638	0.8947	0.6316	2,4,6,7,9,13,14,15,25,26,28,29,30,33,35,37,40,43,49,51,58,61,62,67,69,70,71,78,79,83,84,85,93,94,97,98,99,101,104,105	ء م م ب س ط ب ش ر ب ن ي خ ل ق ر و ح ش ك ل ط و ل ع ر ض ع ل و ق و م ن ع م ن ف س	kw:stature(41.0035); kw:aesthetics(38.1608); kw:length(37.4165); kw:virtue(37.4165); kw:beauty(34.4119); kw:life(27.3357); theme:time_measure_quantity/measurement(26.2973); kw:form(26.2769)	ق و م:B011:قامة وقوام الجسم والطول → ء م م:B006:القامة والهيئة
C1448	0.6516	horse / marking / gait / animal	33	15	17	30	0.05097341	0.2239	0.9	0.5	2,3,9,12,13,16,19,26,28,29,33,35,42,47,54,57,58,62,64,65,66,67,68,78,79,81,83,84,86,92,97,105,110	ب غ ي ح ق ق خ ي ل ر ج ل ز ه ق س ق ط ش ك ر ش ك ل ع ر ش ع ر ض ع ن ق غ ر ر ق و م ك ي ل و ك ل	kw:horse(92.5942); kw:marking(51.3473); kw:gait(49.2484); kw:animal(41.3268); kw:whiteness(35.9982); kw:locomotion(35.7659); theme:movement_travel/motion(34.7612); kw:transport(30.469)	ر ج ل:B005:بياض رجل الدابة → ش ك ل:B006:شكال الخيل علامة كالقيد
C1449	0.6516	hardness / hollow / pit / land_water_sky/earth_geology	25	15	16	16	0.05652949	0.1345	1.0	0.875	9,17,22,29,30,37,39,40,46,48,49,50,51,52,61,64,70,73,81,86,96,97,98,99,102	ء ج ر ث ب ر ج و ب ح ج ر خ ب ر خ ر ق خ ل ق ز ه ق ص ف و ص م م ض ر ب غ ر ر ق ع د و ح ي و ق ر	kw:hardness(61.873); kw:hollow(50.5848); kw:pit(40.4815); theme:land_water_sky/earth_geology(38.9612); kw:stone(35.7659); kw:inscription(29.9889); kw:excavation(28.6095); kw:rock(28.2893)	خ ر ق:B001:الشَّق والثقب والقطعة → ج و ب:B001:الخَرْق والقطع النافذ
C1450	0.6513	suspicion / cognition_perception/proof_uncertainty / epistemology / judgment	19	11	17	20	0.06276974	0.1667	1.0	0.85	12,14,16,26,33,36,52,56,64,65,75,80,81,85,92,99,101,102,105	ء م ر ب ط ل ح س ب ح ق ق خ ي ل ر ي ب ز ع م ص د ق ض ع ف ظ ن ن ل ي س	kw:suspicion(75.5784); theme:cognition_perception/proof_uncertainty(63.0534); kw:epistemology(55.4339); kw:judgment(52.8701); kw:uncertainty(52.0143); kw:weakness(45.9637); kw:doubt(44.316); kw:accusation(41.5754)	ء م ر:B008:ضعيف الرأي التابع → ل ي س:B007:الأليس ضعيف الرأي
C1451	0.6513	revenue / economy_property/finance_debt / tribute / levy	33	15	17	15	0.06395756	0.1128	1.0	0.8	2,3,4,5,7,9,13,14,16,26,29,33,38,48,51,55,58,59,69,70,71,76,80,81,84,85,88,92,93,101,105,107,108	ء ت ي ب ط ل ح ق ق ح م ل خ ر ج د خ ل ر و ح ص د ر ص د ق ض ر ب ع م ل غ ل ل ف ع ل ك ت ب ك ر ه	kw:revenue(79.3254); theme:economy_property/finance_debt(68.3115); kw:tribute(65.0657); kw:levy(62.7642); kw:finance(61.873); kw:tax(49.5059); kw:livelihood(38.2751); kw:income(34.884)	خ ر ج:B003:مال يخرج على جهة معلومة → ض ر ب:B010:المال المضروب على أحد
C1452	0.6511	livestock / camel / fertility / abundance	30	16	17	22	0.05793179	0.163	1.0	0.6364	7,9,13,14,17,21,29,30,40,41,45,46,48,59,60,66,71,75,76,78,80,82,88,89,93,96,97,106,107,109	ب س ط ت ب ر خ ب ر خ ر ج خ ش ع خ ل ف د ر ج ذ ق ن ص ف و ص م م ض ر ب ف ر ق ف ل ك ق ر ء م و ت ن و ق	kw:livestock(57.1909); kw:camel(55.6001); kw:fertility(53.198); kw:abundance(41.1892); kw:astronomy(32.1222); kw:reproduction(30.5959); kw:breeding(28.9576); kw:kinship(28.5725)	خ ل ف:B013:أسماء خاصة للحيوان والنبات والعادة → ف ر ق:B008:فارق نادة وسحابة منفردة
C1453	0.6511	calamity / hardship / suffering / emotion_ethics/suffering_hardship	28	15	15	20	0.05738057	0.1905	0.9	0.6	3,4,5,7,13,29,34,38,51,55,56,58,60,64,67,68,70,73,82,89,91,93,95,97,99,102,105,106	ء ب ي ب ء س ج ل ب ح م ل خ س ف خ ل ل ز ب ر ش د د ص م م ض ر ر ع ن ق ف ت ن ك ر ه م ر ر ن ز ل	kw:calamity(83.9958); kw:hardship(81.474); kw:suffering(79.4706); theme:emotion_ethics/suffering_hardship(54.4751); kw:poverty(47.5872); kw:trial(43.4363); kw:ordeal(40.8244); kw:adversity(37.9386)	م ر ر:B004:الشدة المرة والداهية → ص م م:B005:الشدة والداهية
C1454	0.651	wealth / prosperity / possession / power	26	14	15	14	0.06167243	0.1346	1.0	0.7857	5,7,20,28,29,30,35,37,49,51,58,59,68,69,75,77,80,86,88,92,95,97,98,99,100,107	ء و ل ب س ط ج د د خ ز ن ط م ن ط و ل ظ ه ر ع ط و ق ب ل ق د ر ل د ن و ج د ي د ي ي س ر	kw:wealth(75.3434); kw:prosperity(51.1888); kw:possession(48.8874); kw:power(43.7032); kw:gift(37.8305); kw:capacity(36.7544); kw:generosity(36.4916); kw:means(31.7301)	ق د ر:B003:تمكن يبلغ بصاحبه الفعل والملك → ط و ل:B004:الطَّوْل والقدرة
C1455	0.6507	grief / tear / distress / emotion	17	10	14	14	0.06182503	0.1728	1.0	0.8571	3,5,37,39,41,48,60,64,66,70,73,78,82,83,86,97,109	ب ء س ب ك ي ح م ل د ل ك ز ج و ز ي د ط و ع م ر ح و ح ي ي ء س	kw:grief(69.2923); kw:tear(55.9858); kw:distress(53.7561); kw:emotion(51.4536); kw:sound(41.0998); kw:inducement(33.004); kw:mourning(31.3821); kw:influence(31.3821)	و ح ي:B009:نياحة وبكاء → ب ك ي:B001:البكاء والحزن
C1456	0.6506	transition / diversion / change / return	21	14	17	24	0.06053153	0.1805	0.9583	0.6667	1,4,5,6,7,13,25,35,41,46,51,56,59,64,71,73,76,77,80,88,89	ء و ب ء و ل ج ل ب ح و ل خ ر ج خ ل ف د خ ل ر د د ص ر ف ظ ه ر غ ي ر ف ت ل ف س د ق ل ب	kw:transition(56.957); kw:diversion(53.9753); kw:change(50.8811); kw:return(47.9976); kw:analysis(35.7766); kw:departure(34.4119); kw:spoilage(31.7301); theme:cognition_perception/reasoning_decision(29.4827)	ر د د:B002:صرف الشيء ودفعه ومنعه → ص ر ف:B001:رجع وصرف عن وجه
C1457	0.6505	arrival / transfer / presentation / approach	21	7	12	14	0.05686088	0.2414	1.0	0.6429	2,5,7,12,25,26,33,40,55,59,71,75,80,81,85,88,92,94,101,104,107	ء ت ي ء ن ث ء و ب ج ي ء ف ص ل ن ب ء ن ص ر	kw:arrival(61.7155); kw:transfer(51.0335); kw:presentation(49.5059); kw:approach(49.2484); kw:visitation(45.7343); kw:movement(39.8286); kw:coming(33.5381); kw:occurrence(31.0619)	ء ت ي:B001:الإتيان والمجيء → ج ي ء:B001:المجيء والحصول
C1458	0.6504	scarcity / poverty / economy / quantity	26	14	15	15	0.06160667	0.1442	1.0	0.7333	2,6,18,20,22,26,27,28,30,31,34,52,56,62,64,66,70,74,76,85,89,97,99,100,101,102	ب ذ ر ح ظ ر د و ن ذ م م ز ج و ظ ن ن ق ت ر ق د ر ق ل ل ك ث ر م ل ق م و ل ن ف ق ي س ر	kw:scarcity(109.2579); kw:poverty(59.4841); kw:economy(49.881); kw:quantity(46.3827); theme:condition_force_change/abundance_scarcity(32.5901); kw:wealth(32.29); kw:reduction(28.7797); kw:money(28.4462)	ق د ر:B004:تضييق الشيء حتى يصير بقدر يسير → ق ت ر:B001:التضييق والتقليل
C1459	0.6502	resolve / action / commitment / effort	40	12	13	12	0.05056979	0.1558	1.0	0.6667	1,2,4,9,12,13,16,26,29,35,39,42,47,48,49,51,55,57,58,59,62,64,66,67,71,73,74,76,78,79,80,85,86,88,92,97,98,101,103,107	ء ت ي ء ل ي ء م ر ج د د خ ر ج ر ج ل ز ج و ص م م ط و ع ف ز ز ف ص ل ق و م	kw:resolve(54.4326); kw:action(43.4363); kw:commitment(42.2076); kw:effort(40.8244); kw:effectiveness(36.9273); kw:seriousness(35.7766); kw:departure(34.4119); kw:circumstance(33.004)	ف ص ل:B010:خروج الشيء من مكانه أو نفاذه → خ ر ج:B001:النفاذ إلى خارج الشيء
C1460	0.6501	fornication / sexuality / continuity / prostitution	23	9	14	15	0.05945824	0.1974	0.9333	0.8	8,9,12,13,17,19,28,32,35,42,47,57,58,62,63,66,69,78,79,96,97,107,110	ب غ ي ت ب ع ت ل و ح ص ر ذ ن ب ز ن ي س ع ي ش ه د ق و م	kw:fornication(51.232); kw:sexuality(42.6119); kw:continuity(37.6199); kw:prostitution(36.9273); kw:adultery(35.7766); kw:sequence(35.2565); kw:follower(31.3821); kw:slavery(31.0619)	ت ب ع:B001:التلو والقفو → ت ل و:B001:اتباع وتتابع
C1461	0.6501	ornament / roundness / bead / shape	20	12	13	11	0.05632405	0.1429	1.0	0.9091	5,10,12,15,23,46,50,54,57,58,60,62,66,69,70,77,92,100,103,107	ح ج ر ح و ط د و ر ع ذ ب غ ر ق ف ص ل ف ل ك ق ب ل ق ل ب ك ر م ك ل و م س ك	kw:ornament(60.8194); kw:roundness(46.5929); kw:bead(42.434); kw:shape(40.8244); theme:craft_material_built/ornament_beauty(38.8285); kw:geometry(36.9363); kw:bangle(36.9273); kw:morphology(34.002)	د و ر:B001:الدوران والإحاطة والاستدارة → ح ج ر:B006:الدائرة حول الشيء
C1462	0.65	proverb / calm / stillness / parable	25	16	17	19	0.06250035	0.1407	0.9474	0.7895	2,5,9,11,13,15,26,29,35,48,59,68,73,75,83,84,88,89,91,94,95,97,99,104,108	ج ن ب خ ل ل خ ي ر س ك ن ش ر ر ض ر ب ط م ء ن ط م ن ط ي ر ع ن ق ف ع ل م ث ل م و ت ن ع م ن و ق ه د ي	kw:proverb(94.8512); kw:calm(44.9833); kw:stillness(41.1882); kw:parable(36.9273); kw:teaching(35.7766); kw:impossibility(35.7766); kw:good(34.884); kw:character(34.787)	ط م ن:B001:السكون بعد الانزعاج → ط م ء ن:B001:السكون والطمأنينة
C1463	0.65	fullness / distension / nutrition / dream	27	10	10	8	0.05497033	0.1778	0.875	0.75	1,2,3,6,8,12,16,18,19,22,26,29,33,39,44,45,46,55,60,62,74,80,81,97,99,105,109	ج ع ل ح ق ق ح ل م خ ش ع ر ء ي ر ك ن ز ه ق ش ك ر ص م م ن ب و	kw:fullness(58.8778); kw:distension(35.7766); kw:nutrition(35.6159); kw:dream(33.5381); kw:stoutness(32.1114); kw:plumpness(31.7301); kw:fatness(30.2314); kw:volume(30.2314)	ح ل م:B006:امتلاء الجسم وسمنه → ز ه ق:B005:الاكتناز والامتلاء حتى يجاوز الاعتدال
C1464	0.6498	competition / victory / contest / rivalry	38	12	12	11	0.05962282	0.1667	1.0	0.4545	4,6,9,13,15,19,20,21,23,28,31,35,41,43,44,46,48,51,55,58,60,62,64,67,68,70,78,79,83,87,92,93,95,97,99,102,110,111	ب ر ر خ ي ل س ع ي س م و ع ر ض ع ط و ق و م ك ب ر ك ر م ن ظ ر ن ف ر و ز ر	kw:competition(126.6259); kw:victory(124.7262); kw:contest(82.3764); kw:rivalry(55.4339); kw:opposition(54.2007); kw:boasting(51.232); kw:dominance(40.8244); theme:conflict_security/conflict(40.1592)	ك ب ر:B011:المكابرة والغلبة → و ز ر:B006:غلبة الإنسان
C1465	0.6497	creation / aptitude / condition_force_change/capacity_ability / worthiness	25	11	14	17	0.05994346	0.2	1.0	0.5882	4,5,11,13,35,37,40,44,49,51,55,61,64,70,73,76,80,90,91,95,98,99,102,103,104	ء ر ض ء ن ث ج ب ل خ ر ج خ ر ق خ ل ق خ ل ل خ ي ر خ ي ل ط ي ن ف ط ر	kw:creation(68.9644); kw:aptitude(51.232); theme:condition_force_change/capacity_ability(34.3024); kw:worthiness(33.5381); kw:invention(33.004); kw:anthropology(32.1114); kw:constitution(31.7301); kw:goodness(30.4895)	ء ر ض:B003:الخليق بالخير كالأرض الأريضة → خ ل ق:B005:الجدارة والتهيؤ للشيء
C1466	0.6496	side / flank / rib / adjacency	20	11	15	20	0.05795408	0.2041	0.9	0.75	8,23,24,26,32,33,34,38,46,51,53,57,68,83,88,90,91,97,104,111	ج ن ب ج ن ح ج ن ن ح ص ر خ ف ض ع د و ع ن د ق ر ب ل ف ف ن ب ع و ل ي	kw:side(78.4426); kw:flank(64.3861); kw:rib(47.5952); kw:adjacency(47.0731); kw:skeleton(42.9143); kw:proximity(36.1582); kw:relation(34.4119); kw:thorax(34.1547)	ج ن ح:B002:الجناح جانبا ويدا وكنفا → ج ن ب:B001:الجنب جانب الجسد وناحية الشيء
C1467	0.6496	fear / alarm / conflict_security/danger_harm / danger	27	12	15	16	0.06351434	0.1616	0.9375	0.75	2,4,5,6,7,11,16,17,18,24,26,31,35,37,40,51,57,58,59,60,68,70,82,100,101,104,106	ء و ل ب ن ي ح ذ ر خ ر ق خ س ف خ ش ي خ ف ض خ و ف ش ف ي ع ج ل ف ر ق ه ل ك	kw:fear(61.1092); kw:alarm(44.6404); theme:conflict_security/danger_harm(36.1021); kw:danger(35.8423); kw:dread(31.3821); kw:terror(31.0619); kw:pouch(30.2314); kw:panic(29.7602)	خ ش ي:B001:الخوف والخشية مع الهيبة → خ و ف:B001:ذعر يتوقع المكروه
C1468	0.6494	return / religion / recurrence / owner	20	11	17	22	0.06238565	0.1789	1.0	0.7273	3,6,7,8,19,27,51,64,67,69,78,85,89,90,91,97,98,99,104,111	ت ا ر ر د د ر و ح ش ر ك ش ك ر ع و د ف ج ر ك ر ر ك ف ر ل ف ف و ج ه	kw:return(71.9964); kw:religion(65.0133); kw:recurrence(54.6714); kw:owner(48.1671); kw:denial(42.6693); theme:ritual_belief/belief_revelation(42.6276); theme:time_measure_quantity/sequence_cycle(42.6276); kw:repetition(41.9894)	ر د د:B010:التكرار والتردد والحيرة → ك ر ر:B001:رجوع وترديد بعد مرة
C1469	0.6494	wealth / weakness / rumor / plenty	54	11	14	13	0.05640644	0.1494	0.9231	0.5385	2,6,13,16,23,24,26,28,40,42,43,47,49,50,51,52,53,54,55,56,59,60,61,62,63,65,68,70,71,74,75,76,80,81,84,85,86,88,89,90,92,93,94,95,96,98,100,101,102,104,107,108,110,111	ء ت ي ء م ر خ ف ت ض ع ف ظ ن ن ق ل ل ق و ل ك ث ر ن ش ر و ف ر و ك ل	kw:wealth(53.8167); kw:weakness(45.9637); kw:rumor(33.004); kw:plenty(31.3821); kw:incapacity(31.0619); kw:abundance(30.8919); kw:circulation(30.7655); theme:condition_force_change/capacity_ability(30.0146)	ك ث ر:B001:الكثرة ونماء العدد → ء م ر:B004:النماء والبركة
C1470	0.6492	excellence / superiority / merit / selection	25	11	14	13	0.06132843	0.1494	1.0	0.7692	4,7,11,12,15,21,35,37,43,46,47,48,55,59,64,66,67,70,72,81,87,88,89,97,99	ب ط ل خ ي ر ر ج ل ض ل ل ط و ل ع ل و ف ض ل ك ذ ب ك ي ل م ث ل و ح د	kw:excellence(53.5428); kw:superiority(46.5929); kw:merit(44.6404); kw:selection(41.3787); kw:compensation(41.1882); kw:rank(38.6317); kw:virtue(37.4165); theme:condition_force_change/value_quality(33.8738)	ك ي ل:B006:لا تكايل بالدم → ب ط ل:B006:ذهاب الدم هدرا بلا ثأر ولا دية
C1471	0.6491	sanctuary / pilgrimage / covenant / sanctity	34	12	15	20	0.05600085	0.202	0.8	0.7	1,2,4,6,7,9,15,18,22,25,26,28,33,40,43,44,49,50,61,67,68,70,83,84,88,93,94,97,98,101,103,104,107,108	ب ن ي ج م ع ح ج ر ح ر م ح ص ب ذ م م س ب ح س ج د ص ل ح ع ر ض ع ظ م ه د ي	kw:sanctuary(70.7234); kw:pilgrimage(56.2768); kw:covenant(55.1716); kw:sanctity(46.5929); theme:ritual_belief/religion_worship(42.6898); kw:mecca(35.7766); kw:geography(35.4006); kw:honor(34.4119)	ح ر م:B006:الحرمة والذمة والحق → ذ م م:B002:حرمة العهد والذمام
C1472	0.649	night / darkness / deliberation / planning	20	14	17	25	0.05968784	0.188	0.92	0.68	1,12,14,16,21,23,24,25,30,46,48,60,62,78,79,85,91,92,93,99	ء م ر ء و ب ب ي ت ج ن ح ح س ب د ب ر د م ر ر ء ي س ر ي س ق ط ق د ر ل ي ل ن ظ ر ن ه ر	kw:night(93.8324); kw:darkness(88.0233); kw:deliberation(87.4309); kw:planning(69.9823); kw:consultation(32.5328); kw:calculation(31.7301); kw:visitation(30.4895); kw:end(28.9576)	س ر ي:B001:السُّرى وسير الليل → ل ي ل:B002:مزاولة الأمر في الليل
C1473	0.649	grief / emotion / sound / tear	25	11	17	19	0.0630779	0.1583	1.0	0.7895	1,3,5,6,16,17,23,29,30,37,39,53,58,64,65,68,69,73,75,77,86,96,97,107,109	ب ء س ب ك ي خ ر ر ص و ت ع ب د غ ل ل ك ر ر م ر ح ه ل ك و ج د و ح ي	kw:grief(83.1508); kw:emotion(68.6048); kw:sound(61.6497); kw:tear(55.9858); kw:distress(53.7561); kw:mourning(47.0731); kw:weeping(46.5929); theme:emotion_ethics/emotion(40.9023)	و ح ي:B009:نياحة وبكاء → ب ك ي:B001:البكاء والحزن
C1474	0.649	corruption / destruction / ruin / nullification	18	13	13	12	0.06107707	0.1538	1.0	0.75	4,5,7,9,13,16,17,25,53,56,58,67,73,76,80,81,82,91	ب ط ل ت ب ر خ ر ج خ س ر خ ل ف خ ل ل د خ ل ز ه ق ص ل ح ض ر ر ف س د ن ز غ ه ل ك	kw:corruption(76.3217); kw:destruction(59.997); kw:ruin(36.6655); kw:nullification(35.7766); kw:decay(35.3977); kw:spoilage(31.7301); kw:deficiency(27.8525); kw:negation(26.8781)	ف س د:B001:خروج الشيء عن الصلاح والاعتدال → ص ل ح:B001:الصلاح ضد الفساد والطلاح
C1475	0.649	disposition / nature / temperament / trait	28	12	12	10	0.05657889	0.1515	1.0	0.7	2,4,5,6,7,9,12,23,25,26,31,35,37,40,48,49,51,59,61,64,70,73,84,91,98,99,101,104	ء و ل ب ن ي ج ب ل خ ط ء خ ل ق خ ل ل خ ي ل ش ك ل ص ل ح ض ر ب ف ص ل ن ه ر	kw:disposition(72.3939); kw:nature(57.7656); kw:temperament(50.7316); kw:trait(35.7766); kw:character(34.787); kw:psychology(33.4095); kw:circumstance(33.004); kw:constitution(31.7301)	ض ر ب:B009:السجية المضروبة → خ ل ق:B004:السجية والطبيعة الباطنة
C1476	0.6487	horse / control / travel / restraint	29	17	17	23	0.05466117	0.1691	0.9565	0.6522	2,3,9,13,19,24,26,28,29,32,34,35,39,42,51,54,57,58,62,65,67,68,77,78,79,83,86,92,97	ج ن ب ج ن ح ح ك م ح ن ك د ل ك س ع ر س ق ط س ن ن ش ك ر ش م س ع ر ش ع ر ض ع ن ق ق ر ب ق و م ك ي ل و ك ل	kw:horse(46.2971); kw:control(44.2771); kw:travel(44.1154); kw:restraint(43.7032); kw:animal(41.3268); kw:transport(40.6253); theme:movement_travel/motion(40.5547); kw:gait(36.9363)	ح ك م:B006:حكمة اللجام → ح ن ك:B003:اللجام تحت الحَنَك والشد به
C1477	0.6487	death / burial / body_health_life/mortality_death / mortality	22	10	14	18	0.05623213	0.2222	0.9444	0.6667	4,8,23,27,34,35,58,67,69,71,75,77,85,88,89,91,92,93,98,99,104,107	ب ي ت ج ن ن ر و ح ق ب ل ق ض ي ك ف ر ل ف ف م و ت و ف ي ي م ن	kw:death(123.0731); kw:burial(81.301); theme:body_health_life/mortality_death(72.795); kw:mortality(53.9596); kw:grave(45.3471); kw:transition(34.1742); kw:corpse(31.7301); kw:demise(31.3821)	ج ن ن:B009:مواراة الميت → ب ي ت:B007:القبر بيت
C1478	0.6487	household / refuge / residence / habitation	24	9	14	13	0.06010698	0.1548	1.0	0.7692	2,4,5,6,7,16,25,26,33,35,40,51,59,70,81,82,93,95,97,101,102,104,105,106	ء و ب ء و ل ء و ي ب ن ي ب ي ت ح ق ق د و ر س ك ن ن ز ل	kw:household(59.7372); kw:refuge(52.9349); kw:residence(50.4406); kw:habitation(49.3724); kw:lodging(45.7343); kw:family(45.6437); kw:house(42.434); kw:dwelling(40.3171)	س ك ن:B002:استيطان المنزل → ب ي ت:B001:المأوى والمسكن
C1479	0.6487	pad / cushion / meat / camel	22	13	14	13	0.0570013	0.1444	1.0	0.8462	7,8,12,14,24,26,29,32,33,42,46,48,72,80,84,88,90,97,100,104,110,111	ح س ب ح س ر ح ص ر خ ز ن خ ف ض د خ ل س ب ل س ع ر ظ ه ر ق ت ر ل ف ف ن ب ع و ل ي	kw:pad(46.5929); kw:cushion(46.1482); kw:meat(38.5105); kw:camel(37.0667); kw:equipment(36.4065); kw:anatomy(31.3884); kw:seat(31.0619); kw:feather(30.2314)	ح ص ر:B014:الحصار على ظهر البعير → و ل ي:B011:ولية تحت الرحل
C1480	0.6486	badness / evil / good / condition_force_change/value_quality	24	11	17	21	0.05934061	0.1628	0.9524	0.7619	5,7,11,17,31,32,35,38,45,46,53,58,68,73,76,77,83,91,92,96,101,104,107,110	ب ع د ب ي ن ج ن ب خ ط ء خ ل ف خ ل ل خ ي ر د ب ر س و ء ش ر ر ق ب ل	kw:badness(50.3071); kw:evil(40.0012); kw:good(34.884); theme:condition_force_change/value_quality(33.8738); kw:moderation(32.5328); kw:orientation(32.2476); kw:posterior(32.1114); kw:judgment(31.722)	ب ع د:B002:البعد بعد القبل → خ ل ف:B002:وراء الشيء وخلاف قدّامه
C1481	0.6486	land_water_sky/water_hydrology / hydrology / river / channel	34	15	17	19	0.05923023	0.1429	1.0	0.6842	1,2,3,6,12,17,19,20,23,26,29,30,37,47,55,59,60,64,66,67,70,71,78,79,85,88,90,91,92,95,96,99,101,107	ء ت ي ء ج ل ب ح ر خ ب ر ذ ن ب ر ج ل س ر ي ش ج ر ش ك ر غ ل ل ف ج ر ل ي ل م د د م ش ي ن ه ر	theme:land_water_sky/water_hydrology(107.102); kw:hydrology(75.3434); kw:river(58.2873); kw:channel(53.1324); kw:irrigation(51.1888); kw:flow(47.7898); kw:stream(43.1696); kw:current(32.1114)	ش ك ر:B004:خروج الشكير والنبات الغض → ش ج ر:B001:الشجر ذو الساق
C1482	0.6486	hair / growth / craft_material_built/textile_clothing / texture	28	15	16	17	0.05680951	0.1429	1.0	0.7647	3,8,17,19,25,26,27,29,30,32,42,44,47,48,52,55,63,64,67,69,72,84,89,96,98,99,106,110	ب ذ ر ج ل ب ج و ب ح س ر خ ب ر ر ج ل ز ب ر س ب ل ش ك ر غ ر ر غ ف ر غ ل ل ف ر ق ك ف ر و ف ر	kw:hair(96.8602); kw:growth(52.6784); theme:craft_material_built/textile_clothing(48.4664); kw:texture(46.0458); kw:grooming(40.3171); kw:covering(34.7228); kw:clothing(32.5509); kw:nap(32.1114)	غ ف ر:B003:زئبر أو شعر يغطي السطح → ز ب ر:B007:انتفاش الزئبر ونبات الوبر
C1483	0.6484	reproduction / livestock / camel / emotion_ethics/fear_grief	37	13	17	19	0.05571775	0.145	1.0	0.6842	1,2,5,6,8,9,11,12,14,18,21,22,29,30,33,37,39,41,45,46,52,56,59,60,71,73,75,77,78,80,82,88,89,91,93,99,106	ب س ط ج ع ل ج و ب ح و ل ح ي ي خ ر ق خ ل ل د ر ج ع ج ل ف ر ق ق ر ء م و ت ن و ق	kw:reproduction(40.7946); kw:livestock(38.1273); kw:camel(37.0667); theme:emotion_ethics/fear_grief(35.7705); kw:loss(33.6183); kw:bereavement(33.004); kw:kinship(28.5725); kw:offspring(24.8782)	خ ر ق:B001:الشَّق والثقب والقطعة → ج و ب:B001:الخَرْق والقطع النافذ
C1484	0.6482	language_communication/writing_text / writing / rope / documentation	29	16	17	18	0.05768821	0.1333	0.9444	0.8333	1,2,3,4,13,14,19,21,27,28,35,36,37,39,47,53,54,58,62,64,65,67,68,71,73,83,84,86,93	ج ن ب ح ن ك د ر ج س ط ر س م ع ش ط ن ش ك ر ش ك ل ط و ل ع ر ض ف ت ل ك ت ب ك ي ل ن ش ر و ح ي و ك ل	theme:language_communication/writing_text(115.9698); kw:writing(66.4155); kw:rope(63.0508); kw:documentation(50.3071); kw:document(47.0731); kw:tether(44.0082); kw:restraint(43.7032); kw:binding(38.3916)	ك ت ب:B002:نظم الحروف واسم المكتوب → و ح ي:B003:كتابة ونقش
C1485	0.648	follower / sequence / star / continuity	26	9	14	14	0.06123961	0.175	0.9286	0.7857	4,17,37,40,42,44,46,47,55,56,61,63,64,69,76,78,90,92,95,99,100,102,103,104,107,111	ء ر ض ت ب ع ت ل و د ب ر ذ ن ب ر ج ل ش م س ع ر ش م ل ك	kw:follower(47.0731); kw:sequence(47.0087); kw:star(38.5105); kw:continuity(37.6199); kw:pleiades(34.1547); theme:land_water_sky/sky_astronomy(31.7406); kw:following(29.1436); kw:constellation(29.1436)	ت ب ع:B001:التلو والقفو → ت ل و:B001:اتباع وتتابع
C1486	0.6479	sword / blade / sharpness / cutting	17	14	14	18	0.05565713	0.1978	1.0	0.6111	11,16,26,32,34,38,40,44,48,50,51,57,58,64,83,92,97	ء ن ث ح د د ر ء س س ب ع س ط ر س ق ط ش ر ر ص م م ض ر ب غ ر ر ق ر ب ق ر ي ك ر ه ك س ف	kw:sword(78.0215); kw:blade(66.4155); kw:sharpness(54.2007); kw:cutting(49.8887); kw:violence(37.5938); theme:conflict_security/weaponry(35.6665); kw:edge(34.5965); kw:tool(31.8)	ح د د:B005:الطرف الحاد والنفاذ → غ ر ر:B012:حد الشفرة والسيف
C1487	0.6479	gender / pregnancy / reproduction / pastoralism	32	15	15	17	0.05575423	0.1619	0.9412	0.6471	1,9,10,13,14,16,26,29,30,33,40,41,45,46,49,56,60,71,75,77,78,81,82,85,88,89,91,93,98,103,105,106	ء م ر ء ن ث ب ر ك ب س ط ج د د ج م ع ح ق ق ح و ل ط غ و ع ت د ع ن ب ع ن ق ف ر ق ق ر ء م و ت	kw:gender(52.8701); kw:pregnancy(51.8423); kw:reproduction(50.9932); kw:pastoralism(49.1262); kw:livestock(38.1273); kw:offspring(37.3173); kw:camel(37.0667); kw:husbandry(33.8898)	م و ت:B005:موت الولد للوالد أو الناقة → ج م ع:B007:حال المرأة أو الأنثى التي بقي حملها أو عذرها معها
C1488	0.6477	land_water_sky/weather_climate / wind / climate / atmosphere	16	11	14	15	0.06316616	0.1724	0.9333	0.8	1,6,13,36,46,48,56,58,68,69,77,78,83,85,92,107	ج ن ب ح ص ب ح و ل د ب ر د ل ك ر و ح ض ر ب ق ب ل ق ف و ك ر ر ن ش ر	theme:land_water_sky/weather_climate(122.4596); kw:wind(78.0215); kw:climate(59.2371); kw:atmosphere(52.9349); kw:breeze(47.5952); kw:dust(39.2775); kw:weather(37.9455); kw:soil(37.8305)	د ب ر:B012:الدبور ريح من خلف الكعبة → ق ب ل:B012:ريح تقابل الدبور
C1489	0.6475	anatomy / neck / traversal / perforation	29	14	17	19	0.06273241	0.1439	0.8947	0.7895	1,5,10,12,13,15,17,26,29,30,32,34,36,37,42,51,52,54,57,58,59,64,73,91,96,100,102,107,109	ب ص ر ج و ب خ ر ر خ ر ق خ ل ل ع ذ ب ع ر ش ع ن ق غ ر ر غ ل ل ف ط ر ق ر ب ق ف و م س ك	kw:anatomy(47.0826); kw:neck(35.9198); kw:traversal(30.7655); kw:perforation(30.7655); kw:sheath(30.4895); kw:nape(30.4895); kw:breach(29.544); kw:hole(29.1436)	خ ر ق:B002:الجوب والاختراق في الأرض والريح → ج و ب:B002:قطع الأرض والبلاد
C1490	0.6474	superiority / arrogance / pride / kinship_society/hierarchy_status	27	10	17	25	0.05925004	0.2	1.0	0.52	4,7,9,12,21,23,31,35,37,40,43,46,48,49,51,55,60,66,67,68,70,87,88,89,98,99,111	ب ر ر ض ر ب ط و ل ع ظ م ع ل و ف ض ل ك ب ر ك ي ل م ث ل و ح د	kw:superiority(77.6548); kw:arrogance(55.9858); kw:pride(54.2007); theme:kinship_society/hierarchy_status(43.8521); kw:hierarchy(43.4607); kw:excellence(40.1571); kw:rank(38.6317); kw:virtue(37.4165)	ك ب ر:B006:العظمة والكبرياء → ع ظ م:B006:التعاظم والزهو
C1491	0.6472	burden / humiliation / submission / weight	21	12	16	19	0.05940011	0.1652	1.0	0.7368	2,3,15,24,26,38,46,49,52,56,62,68,70,71,74,76,85,97,98,104,111	ء م م ج د د ح م ل خ س ف د و ن ذ ل ل س ك ن ص غ ر ق ل ل ك ر ه و ز ر و ق ر	kw:burden(82.1033); kw:humiliation(56.5787); kw:submission(40.4815); kw:weight(40.0012); kw:endurance(36.4065); kw:poverty(35.6904); kw:hardship(34.9174); kw:suffering(34.0588)	ح م ل:B003:تحمّل الأمانة والوزر → و ز ر:B002:الوزر الحمل الثقيل
C1492	0.6472	labor / camel / wage / work	40	13	17	18	0.05805727	0.1395	1.0	0.6667	1,2,3,4,5,6,7,8,9,12,13,16,17,18,22,26,29,30,33,39,42,43,45,46,56,59,60,69,76,77,80,81,84,85,96,99,103,105,106,108	ب س ط ج ع ل ح ق ق ح و ل خ ب ر خ ر ج ر و ح ع ل و ع م ل ف ر ق ف ع ل م ع ع ن و ق	kw:labor(52.0647); kw:camel(46.3334); kw:wage(33.004); kw:work(29.7602); kw:female(28.1384); kw:compensation(27.4588); kw:proverb(27.1003); kw:pregnancy(25.9211)	ج ع ل:B005:أجر مجعول على عمل → ع م ل:B004:أجر العمل ورزق العامل
C1493	0.6471	breath / organ / heart / cavity	22	13	15	13	0.0618402	0.1262	1.0	0.8462	1,7,8,14,15,24,25,33,36,45,46,47,52,60,62,69,75,85,88,91,99,101	ج ن ن ج و ب ح ج ب ح ص ر ر ء ي ر ب و ر و ح س ح ر ض ع ف ف ء د ق ل ب م و ت ن ف س	kw:breath(54.4326); kw:organ(52.0143); kw:heart(49.7565); kw:cavity(43.7155); kw:respiration(41.5754); kw:interior(40.4815); kw:chest(39.2775); kw:physiology(35.1186)	ف ء د:B002:الفؤاد قلب منظور إليه كتوقد داخلي → ق ل ب:B001:القلب والفؤاد
C1494	0.647	fruit / grape / agriculture_food/plant_vegetation / food	24	14	16	17	0.05906928	0.1441	0.9412	0.8235	3,6,8,11,20,23,27,29,35,42,47,62,64,67,68,69,70,78,84,89,91,98,99,101	ب ر ر ج ل ب خ ي ر د ل ك ذ ر ر س ح ر ش ك ل ع ر ش ع ن ب غ س ق غ ل ل ك ر م ك ف ر م د د	kw:fruit(92.9383); kw:grape(59.9777); theme:agriculture_food/plant_vegetation(54.5874); kw:food(53.466); kw:berry(49.5059); kw:vine(46.1482); kw:grain(39.4154); kw:seed(38.7554)	ك ر م:B004:العنب والكرمة → ع ن ب:B001:العنب ثمرة الكرم
C1495	0.647	camel / livestock / riding / lowering	17	16	16	16	0.05870781	0.1333	1.0	0.875	1,6,8,12,22,24,29,46,51,69,71,79,88,90,97,100,109	ب ر ك ح س ر ح ص ر خ ش ع خ ف ض د ب ر س ع ر س ن و ظ ه ر ع و د ف ت ل ق ت ر ق ع د ك ر ر ن ب ع ه ج د	kw:camel(83.4001); kw:livestock(47.6591); kw:riding(43.7155); kw:lowering(41.9894); kw:saddle(41.1882); kw:equipment(36.4065); kw:ground(35.6904); kw:armpit(34.1547)	خ ف ض:B005:تخفيض رأس البعير → ه ج د:B004:إهجاد البعير إلقاء جرانه
C1496	0.6469	surface / ground / terrain / geography	34	16	17	28	0.05109839	0.2074	0.9286	0.5	4,8,9,12,29,30,37,44,45,49,53,55,57,66,67,68,70,75,76,88,90,93,94,95,96,98,99,101,102,103,104,105,109,110	ء ر ض ب ح ر ب س ط ب ش ر ب ي ن ج د د ج ه ر ح ج ب ح ذ ر ح ص ر ح ي ي خ س ف خ ش ع ط م ن ظ ه ر م ح و	kw:surface(78.5671); kw:ground(71.3809); kw:terrain(64.7515); kw:geography(61.951); kw:earth(56.957); kw:land(45.5656); kw:geology(35.2565); kw:covering(34.7228)	ب ش ر:B001:ظهور البشرة والسطح → ظ ه ر:B003:ظهر الأرض وظاهرها
C1497	0.6469	horse / sequence / aftermath / posterior	40	16	17	20	0.05760392	0.1481	0.9	0.65	7,10,12,15,17,18,19,21,22,28,30,39,42,44,45,46,47,54,57,58,62,63,64,66,67,69,72,74,75,76,77,78,83,85,86,92,101,104,107,110	ء خ ر ب ع د ب غ ي ت ب ع ت س ع ت ل و خ ل ف د ب ر ذ و ق ر ج ل ر و ح س ق ط ش م س ش ي ء ع ر ض ق ب ل	kw:horse(46.2971); kw:sequence(35.2565); kw:aftermath(33.5381); kw:posterior(32.1114); kw:difficulty(28.9576); kw:source(28.7797); kw:rear(28.4462); kw:pleasure(27.9929)	ب ع د:B002:البعد بعد القبل → خ ل ف:B002:وراء الشيء وخلاف قدّامه
C1498	0.6463	face / analysis / countenance / visage	25	10	14	14	0.05893098	0.1628	0.8571	0.8571	1,7,9,12,13,28,35,38,39,41,42,46,58,59,62,67,72,75,83,88,89,97,98,101,110	ء ي ي ح ي ي د ب ر ذ و و ص ر ف ظ ه ر ع ر ض ق ل ب ل ق ي و ج ه	kw:face(47.9976); kw:analysis(35.7766); kw:countenance(34.884); kw:visage(34.884); kw:question(31.0619); kw:front(29.1436); kw:reference(29.1436); kw:experience(28.9576)	ق ل ب:B004:رد الشيء عن وجهه → ظ ه ر:B018:قلب الأمر ظهرا لبطن
C1499	0.6463	suspicion / accusation / uncertainty / conjecture	17	9	11	10	0.05967582	0.1923	1.0	0.7	1,12,14,33,36,47,52,56,59,64,71,82,92,95,99,101,102	ح س ب خ ي ل ر ي ب ز ع م س م ع ط م ن ظ ل م ظ ن ن ق ف و	kw:suspicion(75.5784); kw:accusation(69.2923); kw:uncertainty(52.0143); kw:conjecture(47.5952); kw:epistemology(41.5754); kw:misgiving(34.884); kw:judgment(31.722); kw:expectation(29.9889)	ظ ن ن:B004:تهمة وظنة → خ ي ل:B005:التخييل والاشتباه
C1500	0.6461	ear / hearing / rupture / severance	14	15	15	18	0.05847514	0.1714	0.9444	0.7778	1,13,23,36,37,40,46,47,49,71,73,92,97,98	ء ذ ن ء ف ف ء ن ث ج د د ح ش ر خ ر ق س م ع ط ي ر ف ت ل ف ر ي ق ص و ق ل ب ق و ف ك س ف و ق ر	kw:ear(83.9787); kw:hearing(56.2768); kw:rupture(53.335); kw:severance(39.2775); kw:organ(39.0107); kw:cutting(37.4165); kw:auricle(36.9273); kw:duality(32.5328)	س م ع:B002:الأذن وموضع السمع → و ق ر:B001:ثقل في الأذن
C1501	0.6461	revenue / livelihood / tribute / levy	14	12	13	11	0.06560306	0.1429	1.0	0.8182	7,9,13,19,29,48,51,67,71,76,80,83,84,100	ء ج ر ء م م خ ر ج د خ ل س ع ي ص د ر ص د ق ض ر ب ع م ل غ ل ل م س س ن ف ق	kw:revenue(63.4603); kw:livelihood(51.0335); kw:tribute(48.7992); kw:levy(47.0731); kw:earning(44.0082); theme:economy_property/finance_debt(39.0351); kw:rent(35.7766); kw:income(34.884)	خ ر ج:B003:مال يخرج على جهة معلومة → ض ر ب:B010:المال المضروب على أحد
C1502	0.6459	life / soul / mortality / death	20	12	17	26	0.05764243	0.2016	0.9231	0.6538	7,13,14,15,25,28,31,33,34,35,36,59,67,69,70,75,76,80,83,85	ح ي ي خ ر ج ر و ح ط ي ب ع ر ض ق ت ل ق و ف ك ذ ب م و ت ن ش ر ن ف س و ف ي	kw:life(109.3428); kw:soul(73.347); kw:mortality(64.7515); kw:death(44.7539); kw:spirit(44.6404); kw:self(43.7155); theme:body_health_life/physiology(43.236); kw:vitality(42.2076)	ن ف س:B011:النفس التي بها الحياة → ر و ح:B001:النفس والروح التي بها حياة البدن
C1503	0.6458	land / geography / agriculture / landscape	28	13	14	14	0.05040488	0.1556	1.0	0.7857	1,4,8,12,33,36,37,44,47,55,63,66,67,70,72,75,76,80,90,95,97,99,102,103,104,106,109,110	ء ر ض ب ح ر ج ه ر ح ص ر خ ش ع س م ع ط م ن ع م ي ف ر ق م ح و م و ت ن ص ر و ف ر	kw:land(68.3484); kw:geography(44.2507); kw:agriculture(32.8628); kw:landscape(31.0628); kw:travel(26.4692); kw:route(26.2769); kw:barrenness(26.0951); kw:wilderness(25.7544)	و ف ر:B003:أرض أو وعاء لم ينقص → ف ر ق:B014:نبات متفرق غير متصل
C1504	0.6457	arrival / presentation / visitation / approach	35	13	17	22	0.0576461	0.1679	1.0	0.5455	2,5,7,12,18,23,25,26,30,33,34,35,37,41,44,46,54,55,59,71,74,75,80,81,85,86,88,92,94,97,101,103,104,107,111	ء ت ي ء ف ف ء و ب ج ب ل ج م ع ج ي ء ذ ك ر ش ي ء ن ب ء ن ص ر و ج ه و ف ي و ل ي	kw:arrival(74.0586); kw:presentation(49.5059); kw:visitation(45.7343); kw:approach(36.9363); kw:return(35.9982); kw:coming(33.5381); kw:conveyance(32.1114); kw:occurrence(31.0619)	ء ت ي:B001:الإتيان والمجيء → ج ي ء:B001:المجيء والحصول
C1505	0.6456	gift / generosity / stinginess / giving	37	17	17	22	0.05260813	0.1618	0.8636	0.6818	1,4,5,8,11,12,20,21,29,30,31,32,33,35,39,42,47,48,50,51,55,57,59,62,66,67,70,73,74,75,78,80,86,87,91,94,100	ء ل ي ب س ط ح ج ر ح ر م ح ص ر ح ظ ر خ ل ل خ ي ر ر ز ق ض ر ب ع ط و ف ح ش ف ض ل م س ك م ن ع ن ص ر ي د ي	kw:gift(75.661); kw:generosity(72.9832); kw:stinginess(62.1239); kw:giving(60.9791); kw:withholding(52.5539); theme:kinship_society/hospitality_welfare(49.805); kw:miserliness(47.0731); kw:donation(46.1482)	ع ط و:B002:المناولة والإعطاء → ء ل ي:B012:العطية
C1506	0.6456	strength / firmness / power / courage	38	16	16	18	0.05892781	0.15	0.9444	0.5556	1,3,4,5,7,10,14,15,17,23,25,29,30,33,34,39,40,45,47,51,53,56,58,61,64,65,67,71,74,75,78,92,95,96,100,107,109,111	ث ب ت ح ج ب ح ك م ذ ق ن ر ج ل ش د د ش م س ض ر ر ض ع ف ع ب د ع ت د م ر ر م ل ك ن ف س ي د ي ي م ن	kw:strength(79.3379); kw:firmness(52.1902); kw:power(43.7032); kw:courage(39.2775); kw:capacity(36.7544); kw:endurance(36.4065); kw:agency(30.693); kw:chin(30.4895)	ع ب د:B007:القوة والصلابة → ش د د:B002:شدة القوة والصلابة
C1507	0.6455	resolve / collection / gathering / aggregation	39	13	17	22	0.05881034	0.1705	0.8636	0.6364	2,4,6,7,9,13,14,16,17,23,26,33,34,35,37,39,41,45,46,49,51,58,60,62,70,71,78,79,81,82,85,88,89,93,97,98,103,105,106	ء م ر ب ل غ ج د د ج م ع ح ق ق ح ك م ق ر ء ق ر ن ق ر ي ق و م ك ت ب ك ث ر م ر ر	kw:resolve(68.0407); kw:collection(67.7508); kw:gathering(64.1841); kw:aggregation(55.7051); kw:assembly(52.7421); kw:determination(46.5929); kw:joining(42.2076); kw:decision(40.3171)	ق ر ء:B001:جمع واجتماع → ق ر ي:B002:جمع ماء أو شيء في مستقر
C1508	0.6454	hardness / terrain / stone / slab	27	15	17	23	0.05866744	0.1729	1.0	0.6087	1,3,5,12,17,18,23,30,36,37,38,40,49,50,53,57,59,60,62,65,78,80,96,98,102,109,110	ب ص ر ج ب ل ج د د ح ج ر ح ذ ر ح ن ك خ ش ع ص د ق ص ف و ص ل و ص ل ي ط غ و ع ب د ع د و ك ر ه	kw:hardness(111.3713); kw:terrain(75.5434); kw:stone(71.5318); kw:slab(65.0657); kw:ground(59.4841); kw:geology(58.7608); kw:rock(56.5787); kw:earth(34.1742)	ص ل ي:B009:الصلاية حجر يدق عليه → ص ل و:B008:الصَّلاية حجر الدق
C1509	0.6454	labor / economy_property/labor_work / wage / tribute	28	11	16	15	0.06289748	0.1376	1.0	0.8	2,3,5,6,8,9,12,18,22,29,33,39,42,45,46,48,60,63,69,80,81,84,85,98,99,103,104,108	ء ج ر ب ط ل ج ز ي ج ع ل ر و ح ض ر ب ع م ل ف ع ل ل ف ف م ع ع ي د ي	kw:labor(83.3035); theme:economy_property/labor_work(49.8299); kw:wage(49.5059); kw:tribute(48.7992); kw:work(44.6404); kw:laborer(34.884); kw:worker(34.884); kw:fee(34.884)	ف ع ل:B003:فَعلة العمل → ع م ل:B006:العملة العاملون بالأيدي
C1510	0.6453	opening / rupture / fissure / cleft	28	15	17	22	0.05918325	0.1642	0.8636	0.7273	7,12,13,14,15,23,25,29,33,37,45,51,52,53,66,67,70,73,76,78,90,91,92,96,101,102,106,110	ب ح ر ب ي ن ث ب ر ج و ب خ ر ق خ ل ف ع ن ق ف ج ر ف ر ق ف ر ي ف ص ل ف ط ر ك س ف ن ف س ن ه ر	kw:opening(86.6222); kw:rupture(66.6687); kw:fissure(44.0082); kw:cleft(43.1696); kw:dawn(42.434); kw:piece(40.8244); kw:emergence(37.4165); kw:geology(35.2565)	خ ر ق:B001:الشَّق والثقب والقطعة → ج و ب:B001:الخَرْق والقطع النافذ
C1511	0.6452	ground / surface / geography / ecology	32	16	17	19	0.05364005	0.1407	1.0	0.7368	4,8,12,13,17,23,30,37,44,48,53,55,66,67,68,70,76,82,88,90,91,92,93,95,96,99,102,103,104,105,106,110	ء ر ض ب ح ر ج ه ر ح ص ر خ ب ر خ س ف س ق ط ض ر ب ط م ن ظ ه ر ع د و ك ل و م ح و ن خ ل ن ز ل ن ش ر	kw:ground(47.5872); kw:surface(44.8955); kw:geography(44.2507); kw:ecology(40.924); theme:land_water_sky/weather_climate(35.5528); kw:rain(35.5423); kw:land(34.1742); kw:earth(34.1742)	خ ب ر:B002:لين الأرض ومائها → ب ح ر:B006:الأرض الجامعة للماء
C1512	0.6449	land_water_sky/water_hydrology / hydrology / sea / river	32	14	17	16	0.06183375	0.1212	1.0	0.75	6,12,20,23,25,26,29,32,33,34,36,46,47,49,51,53,54,55,57,60,66,67,68,70,75,80,84,85,91,98,102,107	ب ح ر ب ر ر ج د د د ب ر ط غ و ع د و ع ل م غ ل ل ق ر ب ك ر ر ك ل و م د د ن ص ر ن ه ر	theme:land_water_sky/water_hydrology(96.0225); kw:hydrology(86.1068); kw:sea(56.8924); kw:river(43.7155); kw:navigation(42.7746); kw:coast(33.004); kw:abundance(30.8919); kw:bank(30.7655)	ع ل م:B005:ماء كثير مجتمع في عيلم → ب ح ر:B001:الماء الواسع الكثير
C1513	0.6449	agency / livelihood / stratagem / circumstance	22	11	14	15	0.05626467	0.1724	1.0	0.7333	1,7,9,16,19,41,43,44,46,47,48,52,56,77,84,85,89,93,97,101,102,108	ء م ر ح و ل س ب ح س ح ر س ع ي ص ر ف ض ر ب ظ ن ن ع م ل ق ل ب و ج ه	kw:agency(40.924); kw:livelihood(38.2751); kw:stratagem(33.5381); kw:circumstance(33.004); kw:roaming(30.7655); kw:economy(29.9286); kw:work(29.7602); kw:diversion(26.9877)	ح و ل:B003:حيلة وقوة على التصرف → ص ر ف:B003:حيلة وتقلب في الأمور
C1514	0.6449	deviation / deception / religion / evil	20	12	13	15	0.05680128	0.1948	1.0	0.6	15,23,27,38,46,47,48,53,60,64,67,71,72,73,78,90,91,93,97,101	ز خ ر ف س ح ر ش ط ن ض ل ل ط غ و ط غ ي ع ن د غ ر ر ف ت ل ف ت ن ف ج ر ق ل ب	kw:deviation(53.9753); kw:deception(48.3198); kw:religion(43.3422); kw:evil(40.0012); kw:worship(37.6199); kw:devil(34.884); kw:misguidance(34.1547); kw:authority(31.457)	ط غ ي:B003:الطاغوت رأس الضلالة → ط غ و:B003:الطاغوت رأس الضلالة والطغيان
C1515	0.6449	dream / sleep / knowledge / imagination	23	11	15	14	0.06649051	0.1414	1.0	0.7143	1,12,17,21,29,30,33,36,39,44,46,47,48,59,60,62,64,71,79,82,96,99,102	ب ص ر ح ك م ح ل م خ ي ل ر ء ي ظ ل م ف ق ه ق ل ب ل و م ن ظ ر ه ج د	kw:dream(83.8452); kw:sleep(78.8308); kw:knowledge(67.2365); kw:imagination(51.232); kw:reflection(47.5952); theme:cognition_perception/knowledge_learning(42.7365); kw:jurisprudence(35.7766); kw:apparition(33.5381)	ر ء ي:B003:الرؤيا في المنام → ح ل م:B002:رؤية المنام والاحتلام
C1516	0.6447	name / place / mountain / topography	18	14	17	21	0.05739084	0.1591	1.0	0.8095	7,12,13,23,29,34,35,37,44,49,53,59,78,83,90,91,98,110	ء ح د ج ب ل ج د د ح س ن ح ل م ش م س ع ن ب ع ن ق ف ص ل ن ب ع ن خ ل ن ع م ن ه ر ن و ق	kw:name(86.9215); kw:place(72.1599); kw:mountain(61.4078); kw:topography(52.3699); kw:toponym(47.5872); kw:onomastics(42.2076); kw:astronomy(32.1222); kw:summit(30.2314)	ع ن ق:B002:امتداد مرتفع أو مستدق → ج ب ل:B001:تجمع مرتفع صلب
C1517	0.6442	representation / image / model / tree	20	13	17	23	0.06039866	0.1756	1.0	0.6522	1,3,7,19,21,37,46,48,59,60,61,64,69,84,85,88,89,91,99,107	ج ب ل ر و ح س ج د ش ج ر ش ك ر ش ك ل ض ر ب غ ر ر ق ل ب م ث ل ن خ ل ن ظ ر ن و ق	kw:representation(61.531); kw:image(60.4627); kw:model(48.7992); kw:tree(45.2608); kw:parable(36.9273); kw:symbolism(33.5381); kw:type(33.004); kw:growth(31.607)	ش ك ر:B004:خروج الشكير والنبات الغض → ش ج ر:B001:الشجر ذو الساق
C1518	0.6439	body_health_life/reproduction_birth / womb / nursing / kinship	35	12	13	13	0.06100757	0.1688	0.8462	0.6154	6,8,9,10,12,14,15,24,28,31,41,45,46,47,54,57,58,60,64,66,67,71,77,78,82,83,87,88,89,92,93,100,106,107,110	ر ج ل ر ح م ر د د س ق ط ع ذ ب ف ص ل ف ل ك ق ب ل ق ر ء م س س م س ك م ل ق	theme:body_health_life/reproduction_birth(92.3051); kw:womb(80.0024); kw:nursing(48.7992); kw:kinship(38.0967); kw:birth(37.1238); kw:uterus(34.884); kw:weaning(34.1547); kw:lineage(32.5067)	ف ص ل:B003:ولد أو رضيع فصل عن أمه أو رضاعه → م ل ق:B005:مص الرضاع والتناول بالفم
C1519	0.6436	shelter / concealment / protection / screen	39	14	17	22	0.05948767	0.1667	0.8636	0.5909	1,2,4,6,8,12,13,16,17,20,25,26,27,29,30,36,38,40,42,44,45,46,59,67,69,70,71,84,88,89,91,96,97,98,99,100,101,102,104	ب ص ر ب ن ي ج ن ن ح ج ب ح ظ ر د م ر س ت ر س ك ن ع ر ش غ ف ر ق ت ر ك ف ر ك ل ل ك ن ن	kw:shelter(130.2038); kw:concealment(98.3322); kw:protection(69.6338); kw:screen(57.5595); kw:veil(56.2768); kw:canopy(46.5929); kw:shade(42.434); kw:barrier(39.7012)	ك ف ر:B001:ستر وتغطية → غ ف ر:B001:ستر يصون الشيء ويغطيه
C1520	0.6435	weakness / incapacity / frailty / resilience	27	12	13	12	0.05841421	0.1558	1.0	0.6667	2,5,9,15,24,37,40,52,54,59,68,69,73,75,77,84,91,93,94,95,97,101,102,104,105,110,111	ء ن ث خ ر ق خ س ف خ ف ت خ ل ل ذ ل ل ر س ل ض ع ف ظ ن ن ق ص ف ل ف ف ه د ي	kw:weakness(80.4365); kw:incapacity(31.0619); kw:frailty(27.9929); kw:resilience(27.8525); kw:heaviness(27.2163); kw:vulnerability(26.7714); kw:hunger(26.5662); kw:emaciation(26.185)	خ ل ل:B004:دقة وهزال في الجسم → خ س ف:B005:نقص الجسد والطعام
C1521	0.6434	pattern / model / imitation / method	23	12	16	20	0.05847948	0.1739	1.0	0.65	9,12,14,16,17,36,41,45,46,48,58,60,64,71,77,78,82,84,88,89,93,99,106	ء م م س ن ن ش ك ل غ ر ر ف ر ق ق ر ء ق ر ن ق ر ي ق ف و م ث ل م ح و و ح د	kw:pattern(73.5089); kw:model(48.7992); kw:imitation(47.0731); kw:method(47.0731); kw:tradition(43.7155); kw:sameness(35.7766); kw:conformity(31.3821); kw:representation(30.7655)	ق ر ء:B011:طريقة ومثال وقصد → ق ر ي:B006:كون الأشياء على قرو واحد
C1522	0.6434	suspicion / entry / corruption / illusion	13	9	12	13	0.05528457	0.2097	1.0	0.6923	4,5,7,16,29,47,60,64,73,80,91,99,101	خ ل ل خ ي ل د خ ل د م ر ر ي ب س ح ر غ ل ل ف ت ن ف س د	kw:suspicion(60.4627); kw:entry(40.8244); kw:corruption(38.1608); kw:illusion(31.7301); kw:insertion(28.4462); kw:disorder(28.1384); kw:accusation(27.7169); kw:defect(25.6736)	د خ ل:B004:فساد مستبطن → غ ل ل:B001:دخول ثابت في الخلال
C1523	0.6432	grief / distress / weeping / compulsion	26	12	17	19	0.05941627	0.157	1.0	0.7895	1,5,7,9,12,18,30,32,34,36,37,38,39,44,54,56,73,74,77,84,85,86,88,101,103,109	ب ء س ب ك ي ج ب ل ج م ع ح و ل س ء ل س ن و س و ء ش ي ء ع م ل ك ر ه و ح ي	kw:grief(69.2923); kw:distress(53.7561); kw:weeping(46.5929); kw:compulsion(44.316); kw:emotion(42.878); kw:tear(41.9894); kw:coercion(37.0293); kw:inducement(33.004)	و ح ي:B009:نياحة وبكاء → ب ك ي:B001:البكاء والحزن
C1524	0.6431	lowering / sound / voice / murmur	20	13	15	19	0.05506523	0.1863	1.0	0.6842	1,24,26,27,36,39,47,55,57,59,60,64,73,86,95,97,105,107,109,110	ب ذ ر خ ر ر خ ش ع خ ف ت خ ف ض خ و ف س م ع ص م م ص و ت ط م ء ن ن ب ء ن ذ ر و ح ي	kw:lowering(69.9823); kw:sound(51.3748); kw:voice(49.8887); kw:murmur(47.5952); kw:whisper(45.7343); kw:alarm(44.6404); kw:humility(44.0082); kw:secrecy(38.5105)	و ح ي:B005:صوت خفي → ن ب ء:B006:الصوت الخفي الملتبس
C1525	0.6431	ugliness / face / defect / disfigurement	30	13	15	14	0.05329327	0.1359	1.0	0.7857	1,6,7,12,13,18,21,27,30,32,36,38,39,44,47,48,49,51,53,54,61,64,70,74,75,86,92,97,98,99	ح ي ي خ ل ق ر د د س م ع س و ء ش ط ن ش ي ء ف ح ش ك س ف ل ق ي ل ك ن ن ظ ر و ج ه	kw:ugliness(105.8098); kw:face(59.997); kw:defect(51.3473); kw:disfigurement(34.884); kw:impediment(33.5381); kw:pallor(33.5381); kw:appearance(32.3327); kw:blemish(29.3388)	س و ء:B001:القبح والرداءة → ف ح ش:B001:قبح ظاهر وشناعة
C1526	0.6428	speed / haste / travel / urgency	26	14	16	22	0.05472126	0.188	0.9545	0.6364	1,3,5,11,13,17,18,19,23,24,25,28,30,31,39,47,51,52,53,65,67,73,76,86,96,97	ء و ب ج ن ح س ع ر س ع ي ع ب د ع ج ل ع د و ف ط ر ل ب ث ل ق ي م ل ق ن ج و و ح ي ي س ر	kw:speed(79.6046); kw:haste(79.1131); kw:travel(61.7615); kw:urgency(56.2768); kw:running(41.0035); kw:time(36.0591); kw:motion(35.7117); theme:movement_travel/speed(32.3757)	ج ن ح:B006:السرعة كأنها بأجنحة → ن ج و:B002:سرعة الذهاب
C1527	0.6428	sky / top / ascent / overhead	31	11	15	19	0.05622908	0.1939	0.9474	0.5789	4,7,10,13,15,36,37,43,44,47,51,54,55,57,58,76,80,82,88,90,92,93,95,99,101,102,103,104,105,106,110	ء ر ض خ ر ج س ح ر س ق ط س م و ص د ر ظ ه ر ع ذ ب ع ل و ق و ف ن ز ل	kw:sky(47.893); kw:top(44.6404); kw:ascent(39.4154); kw:overhead(34.884); kw:conquest(30.4895); kw:rise(28.9576); kw:contrast(28.6095); kw:dominance(27.2163)	ع ل و:B001:السمو والارتفاع → س م و:B001:العلو والارتفاع
C1528	0.6428	completion / fulfillment / justice / verdict	28	13	15	13	0.06188714	0.1275	1.0	0.7692	1,4,12,14,16,17,23,26,32,34,35,36,39,43,44,51,57,58,63,65,82,85,93,96,98,99,101,108	ء ج ل ج ز ي ح ك م س ء ل س ب ح ش ف ي ف ص ل ق ر ب ق ض ي ك ف ي ه ل ك و ف ر و ف ي	kw:completion(88.0233); kw:fulfillment(72.3939); kw:justice(56.1193); kw:verdict(52.326); kw:obligation(33.8345); kw:judgment(31.722); kw:substitution(30.7655); kw:sufficiency(27.1003)	ق ض ي:B001:الحكم والأمر القاطع → ح ك م:B002:الحكم والقضاء بين الناس
C1529	0.6427	community / gathering / aggregation / collection	33	11	13	14	0.06177015	0.1867	0.7857	0.6429	1,6,7,8,9,13,14,16,23,35,41,45,46,51,52,58,60,61,62,69,70,71,78,79,82,88,89,93,96,97,103,106,107	ء ح د ج م ع ح ش ر س ج د ش ه د ع و د ق ر ء ق ر ي ق و م ك ث ر ي و م	kw:community(78.6926); kw:gathering(64.1841); kw:aggregation(55.7051); kw:collection(54.2007); kw:assembly(52.7421); kw:calendar(48.4301); kw:day(40.0012); kw:crowd(38.2751)	ق ر ء:B001:جمع واجتماع → ج م ع:B001:ضم المتفرق حتى يصير شيئا مجموعا
C1530	0.6423	ground / terrain / hardness / elevation	23	14	17	26	0.05873652	0.2	1.0	0.5385	7,12,13,23,28,29,34,35,37,38,49,53,57,62,67,76,80,83,88,91,97,98,110	ج ب ل ج د د ح ذ ر ح س ن ح ن ك خ ر ج ص م م ظ ه ر ع د و ع ر ض ع ن ب ع ن ق ف ص ل ك ر ه	kw:ground(83.2777); kw:terrain(75.5434); kw:hardness(61.873); kw:elevation(58.9962); kw:mountain(49.1262); kw:geology(47.0087); kw:earth(45.5656); kw:geography(44.2507)	ك ر ه:B007:أرض صلبة غليظة → ص م م:B004:غلظ الأرض الصلبة
C1531	0.6422	sanctity / honor / covenant / prohibition	25	11	14	18	0.06154303	0.2118	0.7222	0.7222	1,2,9,15,16,18,22,26,29,33,40,49,50,56,71,77,78,81,84,90,91,94,97,98,105	ء م م ح ج ر ح د د ح ر م ح ق ق ح و ل ذ م م ع ظ م ف ج ر ق ع د ه د ي	kw:sanctity(77.6548); kw:honor(57.3531); kw:covenant(55.1716); kw:prohibition(44.9833); kw:calendar(36.3226); kw:interdiction(34.1547); kw:restriction(32.1114); kw:protection(29.8431)	ح ر م:B006:الحرمة والذمة والحق → ذ م م:B002:حرمة العهد والذمام
C1532	0.6422	sword / blade / overshoot / sharpness	16	12	14	16	0.05583034	0.1818	1.0	0.75	8,16,26,32,34,38,46,48,51,55,57,58,64,81,92,97	ح ص ر د ب ر ر ء س ز ه ق س ق ط ص م م ض ر ب غ ر ر ق ر ب ق ر ي ك ر ه ن ب و	kw:sword(78.0215); kw:blade(66.4155); kw:overshoot(51.232); kw:sharpness(40.6505); kw:craft(35.5769); kw:tribute(32.5328); kw:tool(31.8); kw:warfare(31.7609)	د ب ر:B018:دبر السهم الهدف → ز ه ق:B003:مجاوزة الغاية والخطأ عنها
C1533	0.6417	proverb / hardness / hollow / stone	21	12	14	14	0.05154111	0.1591	1.0	0.8571	5,13,20,39,40,46,48,49,50,51,61,70,73,86,88,89,91,97,98,99,102	ث ب ر ح ج ر ح ظ ر خ ل ق خ ل ل ص ف و ص م م ض ر ب ط ي ر م ث ل و ح ي و ق ر	kw:proverb(67.7508); kw:hardness(61.873); kw:hollow(37.9386); kw:stone(35.7659); kw:interdiction(34.1547); kw:authority(31.457); kw:prohibition(29.9889); kw:inscription(29.9889)	ص ف و:B006:حجر أملس صاف من التراب والطين → ح ج ر:B003:الحَجَر الصلب
C1534	0.6415	age / body_health_life/life_stage_aging / face / senescence	22	10	17	19	0.06424724	0.161	1.0	0.7368	4,7,8,9,13,21,23,24,31,40,43,46,49,51,60,75,77,79,87,97,98,111	ح ص ر ح ي ي د ب ر س ن ن ص غ ر ط ي ر ع س ي ع ظ م ك ب ر و ج ه	kw:age(49.8887); theme:body_health_life/life_stage_aging(49.4518); kw:face(47.9976); kw:senescence(44.9833); kw:countenance(34.884); kw:visage(34.884); kw:oldness(33.5381); kw:greatness(33.5381)	ك ب ر:B001:العظم خلاف الصغر → ص غ ر:B001:الصِّغَر ضد الكبر
C1535	0.6414	construction / clay / habitation / household	19	10	16	18	0.06099119	0.1593	1.0	0.7222	1,2,4,5,6,9,24,26,40,56,61,70,77,84,93,95,101,104,108	ب ن ي ب ي ت ح و ل ر ب و س ك ن ط م ء ن ط م ن ط ي ن ع م ل ف ع ل	kw:construction(62.6999); kw:clay(43.7155); kw:habitation(37.0293); kw:household(35.8423); kw:family(34.2328); kw:mud(32.5328); kw:lodging(30.4895); kw:coating(28.6095)	ط م ن:B001:السكون بعد الانزعاج → ط م ء ن:B001:السكون والطمأنينة
C1536	0.6414	hydrology / prosperity / pool / fortune	24	13	16	17	0.0599115	0.1491	1.0	0.7647	1,3,6,7,12,16,21,25,26,27,36,47,54,55,66,67,68,70,71,80,84,85,102,107	ء م ر ب ح ر ب ذ ر ب ر ر ب ر ك ح م ل د خ ل د ر ج ع د د ع ل م ف ل ك ك ر ر ي م ن	kw:hydrology(53.8167); kw:prosperity(51.1888); kw:pool(42.9143); kw:fortune(39.7012); kw:blessing(38.3916); kw:basin(38.0487); theme:animal_life/wildlife(35.8489); kw:bird(35.1871)	ب ر ك:B004:خير ثابت نام وبركة → ء م ر:B004:النماء والبركة
C1537	0.6413	benefit / life / welfare / virtue	30	15	16	14	0.05811347	0.1176	1.0	0.7857	1,5,7,11,14,15,17,23,25,27,30,31,33,34,35,37,48,53,64,67,68,70,73,75,80,88,89,91,99,104	ب ر ر ب ع د ب ل غ ح ي ي خ ل ل خ ي ر ر ز ق ش ط ن ط و ل غ ي ر ق ص و م ث ل م و ت ن ص ر ن ف س	kw:benefit(83.1508); kw:life(54.6714); kw:welfare(52.9349); kw:virtue(49.8887); kw:livelihood(38.2751); kw:good(34.884); theme:condition_force_change/value_quality(33.8738); kw:deterrence(31.3821)	ن ف س:B011:النفس التي بها الحياة → ح ي ي:B003:ذو الروح والحيوان
C1538	0.6411	circumstance / change / condition / cognition_perception/reasoning_decision	23	12	15	17	0.05588187	0.1683	1.0	0.7059	1,5,6,7,16,24,28,35,41,46,51,56,59,67,73,77,83,85,88,89,92,97,111	ء م ر ء و ل ح و ل ذ ل ل ص ر ف ظ ه ر ع ر ض غ ي ر ق ل ب ك ر ر ك س ف و ج ه	kw:circumstance(82.5099); kw:change(63.6014); kw:condition(53.5428); theme:cognition_perception/reasoning_decision(36.8534); kw:analysis(35.7766); kw:case(31.0619); kw:transition(22.7828); kw:governance(22.5198)	ق ل ب:B004:رد الشيء عن وجهه → ظ ه ر:B018:قلب الأمر ظهرا لبطن
C1539	0.6409	mountain / refuge / topography / ritual_belief/belief_revelation	25	12	14	13	0.05732055	0.1477	1.0	0.7692	5,7,8,12,13,15,23,27,29,34,35,37,51,53,59,64,67,69,88,89,91,98,99,110,111	ء و ل ج ب ل ج ن ن ح س ن ش ر ك ع ن ب ع ن ق ف ص ل ق ص ف ك ف ر ن و ق و ز ر	kw:mountain(85.9709); kw:refuge(39.7012); kw:topography(39.2775); theme:ritual_belief/belief_revelation(34.8771); theme:conflict_security/protection_security(34.7646); kw:asylum(32.5328); kw:summit(30.2314); kw:ridge(27.9929)	ع ن ق:B002:امتداد مرتفع أو مستدق → ج ب ل:B001:تجمع مرتفع صلب
C1540	0.6409	marriage / household / family / capture	18	10	11	10	0.05410429	0.1852	0.9	0.8	11,12,17,18,40,56,61,64,67,78,80,83,92,93,95,100,110,111	ب ي ت ش ر ر ش ر ك ص د ق ص ل و ص ل ي ض ر ر ف ص ل ق ر ن م ل ك	kw:marriage(79.4706); kw:household(47.7898); kw:family(45.6437); kw:capture(44.0082); kw:spouse(43.7155); kw:hunting(36.2398); kw:wedding(34.1547); kw:bride(32.1114)	ص ل ي:B005:المَصالي أشراك وفخوخ → ص ل و:B004:الشرك المنصوبة
C1541	0.6406	truth / magic / falsehood / unreality	14	9	14	18	0.05513807	0.2143	1.0	0.6111	1,12,16,26,33,47,56,58,74,77,80,81,101,105	ب ط ل ث ب ت ح ق ق ح و ل ز ه ق س ح ر س ط ر ص د ق ف ص ل	kw:truth(67.4691); kw:magic(43.4363); kw:falsehood(39.2775); kw:unreality(36.9273); kw:enchantment(35.7766); kw:validity(35.7766); kw:reality(34.884); kw:justice(33.6716)	ح ق ق:B001:ثبات مطابق للواقع ضد الباطل → ب ط ل:B001:ذهاب الشيء عن الحق والثبات
C1542	0.6405	number / time_measure_quantity/quantity_number / monotheism / individuality	17	5	14	16	0.06790354	0.2222	1.0	0.8125	2,6,8,12,16,18,22,23,29,33,39,45,46,58,60,80,99	ء ح د ج ع ل ع د د ق ر ي و ح د	kw:number(68.3392); theme:time_measure_quantity/quantity_number(64.2105); kw:monotheism(53.6648); kw:individuality(53.6648); kw:solitude(46.5929); kw:oneness(36.9273); kw:sameness(35.7766); kw:unity(33.5381)	ء ح د:B005:الانفراد والتفرق آحادا → و ح د:B001:الانفراد والبينونة
C1543	0.6401	haste / urgency / speed / time	38	13	14	14	0.05279734	0.1556	0.9286	0.6429	1,3,4,5,11,13,15,17,18,23,24,29,30,31,33,39,42,47,49,51,52,53,57,62,65,67,73,74,76,77,78,79,86,94,96,97,98,111	ء ل ي ب ع ث ج ن ح ذ ل ل س ع ر س ن ن ع ب د ع ج ل ق ت ل ل ب ث ل ق ي ن ج و و ح ي	kw:haste(79.1131); kw:urgency(70.346); kw:speed(68.2325); kw:time(36.0591); kw:motion(35.7117); kw:travel(35.2923); theme:movement_travel/speed(32.3757); kw:acceleration(31.7301)	ج ن ح:B006:السرعة كأنها بأجنحة → ن ج و:B002:سرعة الذهاب
C1544	0.6401	creation / action / condition_force_change/agency_action / leisure	26	9	12	10	0.05772352	0.1613	1.0	0.7	2,4,5,6,8,9,12,18,22,23,29,33,39,45,46,51,60,71,73,74,76,80,81,84,99,108	ب ط ل ج ع ل ص د ر ع م ل ف ت ل ف ط ر ف ع ل ق ض ي ك و د	kw:creation(55.1716); kw:action(43.4363); theme:condition_force_change/agency_action(34.3374); kw:leisure(32.5328); kw:deed(31.0619); kw:aspect(30.4895); kw:work(29.7602); kw:production(29.1436)	ف ع ل:B001:إحداث عمل → ع م ل:B001:الفعل المقصود والعمل
C1545	0.6398	comfort / soul / life / animation	30	11	16	16	0.06524298	0.1429	0.875	0.75	7,11,13,14,15,25,33,37,47,53,54,59,60,67,68,69,70,71,74,77,83,85,88,89,93,94,95,100,105,106	ء ن س ر س ل ر ك ن ر و ح ط م ء ن ط م ن ط ي ب ك ذ ب م ر ح ن ج و ن ف س	kw:comfort(52.9349); kw:soul(44.0082); kw:life(41.0035); kw:animation(36.9273); kw:repose(33.5381); kw:psychology(33.4095); kw:respite(31.7301); kw:familiarity(30.7655)	ن ف س:B011:النفس التي بها الحياة → ر و ح:B001:النفس والروح التي بها حياة البدن
C1546	0.6396	livelihood / virtue / goodness / welfare	20	12	15	20	0.05484386	0.198	1.0	0.6	1,4,5,9,11,19,23,25,35,43,44,48,67,68,70,73,83,84,93,108	ب ر ر ح ص ب خ ي ر س ب ح س ع ي ص ل ح ض ر ب ع م ل غ ي ر ف ع ل ق ض ي م س س	kw:livelihood(51.0335); kw:virtue(49.8887); kw:goodness(45.7343); kw:welfare(39.7012); kw:righteousness(35.7766); kw:roaming(30.7655); kw:agency(30.693); kw:work(29.7602)	ع م ل:B001:الفعل المقصود والعمل → س ع ي:B002:عمل وكسب وتصرف
C1547	0.6393	submission / obedience / hand / ritual_belief/religion_worship	28	14	16	16	0.06179551	0.1368	1.0	0.6875	1,3,5,7,17,23,28,29,30,31,36,47,48,53,59,61,64,65,67,68,70,71,88,94,96,103,107,109	ب ر ر ب س ط ج م ع ح م ل خ ش ع س ج د س م ع ط و ع ع ب د م ل ق م ن ع ي د ي ي س ر ي م ن	kw:submission(94.4568); kw:obedience(79.6986); kw:hand(72.6452); theme:ritual_belief/religion_worship(59.7657); kw:compliance(45.7343); kw:humility(44.0082); kw:laterality(36.9273); kw:palm(34.1162)	ي س ر:B004:الجهة اليسرى واليد اليسرى → ي م ن:B002:اليد اليمنى والجهة اليمنى
C1548	0.6391	calf / kinship / grace / blessing	42	14	16	16	0.05524446	0.1356	0.9375	0.625	1,2,4,6,8,12,18,22,26,29,30,33,39,40,42,45,46,47,51,57,60,62,63,67,68,69,70,71,73,74,75,78,80,83,86,92,97,99,101,104,107,111	ء ل ي ء م م ب س ط ب ن ي ت ب ع ت ل و ج ع ل ح ش ر ح ص ب س ق ط ف ص ل م و ت ن ع م و ل ي	kw:calf(56.5787); kw:kinship(47.6209); kw:grace(43.1696); kw:blessing(38.3916); kw:livestock(38.1273); kw:offspring(37.3173); kw:weaning(34.1547); kw:gratitude(31.7301)	ء م م:B010:الإمة نعمة → ن ع م:B001:حسن الحال والنعمة
C1549	0.6391	side / multitude / mixture / group	17	14	14	14	0.05868013	0.1538	0.9286	0.7857	13,24,25,28,29,37,44,45,55,57,67,68,83,88,103,104,110	ء و ب ج ب ل ج م ع ج ن ب ج ن ح ج ه ر ح ج ب ر ب و ر ج و ع ر ض ع ن ق غ ف ر ل ف ف ن ب ء	kw:side(67.2365); kw:multitude(40.3171); kw:mixture(37.2198); kw:group(36.4065); kw:edge(34.5965); theme:kinship_society/household_community(32.8124); kw:settlement(30.9257); kw:inclusion(30.4895)	ج ن ح:B002:الجناح جانبا ويدا وكنفا → ج ن ب:B001:الجنب جانب الجسد وناحية الشيء
C1550	0.6389	food / milk / agriculture_food/food_nutrition / dairy	32	16	17	21	0.05313034	0.1556	0.9524	0.6667	5,7,11,15,17,18,30,35,41,47,48,51,54,59,64,67,68,69,70,75,77,78,89,93,94,95,96,97,101,103,105,106	ء و ل ب ر ر ج ل ب خ ب ر د ل ك ذ و ق ر س ل س ح ر ص ر ف ص م م ض ر ب ع ج ل غ ر ق غ س ق ف ر ق ف ط ر	kw:food(71.288); kw:milk(68.9456); theme:agriculture_food/food_nutrition(60.9483); kw:dairy(48.8874); kw:cuisine(43.7155); kw:mixture(37.2198); kw:texture(34.5343); kw:wheat(33.004)	ء و ل:B005:خثور السائل وانعقاده في آخر أمره → ص م م:B020:اللبن الخاثر الصامت عند الصب
C1551	0.6389	appointment / readiness / preparation / obligation	27	12	17	17	0.06075142	0.1328	1.0	0.7647	2,5,7,8,10,12,16,26,34,35,51,55,59,63,64,69,71,76,85,86,88,92,99,101,104,107,108	ء ت ي ء ج ل ء م ر ء م م خ ل ف ذ ه ب ع ت د ع د د ع ه د ع و د و ع د و ف ي	kw:appointment(79.3254); kw:readiness(39.4154); kw:preparation(37.8305); kw:obligation(33.8345); kw:schedule(31.7301); kw:place(30.9257); kw:promise(30.4895); kw:abode(30.4895)	و ع د:B001:وعد يفتح رجاء الموعود بقول → خ ل ف:B005:وعد لا يقع في ميعاده
C1552	0.6385	repulsion / separation / diversion / avoidance	19	16	17	29	0.05603376	0.2148	0.931	0.5172	6,17,18,27,39,41,46,47,53,55,60,64,67,68,71,83,89,102,104	ب ع د ث ب ر ج ل ب ج ن ب ح ك م د ح ر ر د د ش ج ر ش ط ن ص ر ف ف ت ل ق ل ب ن ء ي ن ب و ن ج و ن ف ر	kw:repulsion(71.9494); kw:separation(71.9247); kw:diversion(67.4691); kw:avoidance(63.7919); kw:distance(60.5377); kw:prevention(51.8423); kw:removal(46.4691); kw:departure(45.8825)	ر د د:B002:صرف الشيء ودفعه ومنعه → ص ر ف:B001:رجع وصرف عن وجه
C1553	0.6384	hearing / ear / tip / obedience	25	16	17	19	0.05967875	0.1407	0.8947	0.7895	1,5,10,11,15,17,36,37,40,46,47,54,57,58,64,73,77,82,83,91,92,97,107,109,111	ء ذ ن ء ن ث خ ر ر خ ر ق خ ل ل ذ ن ب س م ع ش ر ر ش ر ك ش ف ي ص م م ع ذ ب ق ب ل ق ص و ق و ف و ق ر	kw:hearing(84.4151); kw:ear(83.9787); kw:tip(40.3171); kw:obedience(39.8493); kw:anatomy(39.2355); kw:ornament(36.4916); kw:deafness(34.1547); kw:thong(33.004)	خ ر ق:B001:الشَّق والثقب والقطعة → خ ر ر:B004:الشق أو الثقب النافذ
C1554	0.6384	ontology / truth / speech / unreality	20	12	15	14	0.05920021	0.1373	1.0	0.7857	1,5,7,8,16,26,33,35,46,47,51,56,58,59,64,77,81,85,97,105	ء م ر ء و ل ب ط ل ب ك م ح ص ر ح ق ق ح و ل د ب ر ر ج ل ز ه ق س ط ر و ج ه	kw:ontology(42.9143); kw:truth(40.4815); kw:speech(37.5366); kw:unreality(36.9273); kw:validity(35.7766); kw:reality(34.884); theme:cognition_perception/reasoning_decision(33.1681); kw:circumstance(33.004)	ح ق ق:B001:ثبات مطابق للواقع ضد الباطل → ب ط ل:B001:ذهاب الشيء عن الحق والثبات
C1555	0.6384	transition / insertion / entry / concealment	21	11	13	11	0.0572918	0.1467	1.0	0.8182	1,5,6,7,13,16,21,23,26,29,34,37,56,76,77,80,81,94,100,101,104	ب ل غ ج ي ء ح و ل خ ر ج د خ ل د ر ج د م ر ر د د س ك ن غ ل ل ن ف ق	kw:transition(56.957); kw:insertion(42.6693); kw:entry(40.8244); kw:concealment(32.7774); kw:boundary(28.9506); kw:house(28.2893); kw:attainment(28.2893); kw:change(25.4406)	د خ ل:B004:فساد مستبطن → غ ل ل:B001:دخول ثابت في الخلال
C1556	0.6384	burrow / exit / passage / soil	21	9	10	8	0.05711572	0.1818	1.0	0.625	2,5,11,12,13,26,29,35,40,55,59,71,73,85,88,91,92,100,101,107,109	ء ت ي ء ن ث خ ر ر خ ل ل خ ي ر ع ن ق ف ص ل ن ب ء ن ف ق	kw:burrow(48.7992); kw:exit(46.5929); kw:passage(35.6904); kw:soil(25.2203); kw:departure(22.9412); kw:space(21.021); kw:movement(19.9143); kw:decisiveness(19.2746)	خ ي ر:B006:استدراج الحيوان من جحره → ع ن ق:B007:دس العنق أو إخراجه من موضع
C1557	0.6382	calamity / severity / hardship / ordeal	26	14	17	26	0.05740612	0.197	0.9231	0.5385	4,5,7,34,38,40,41,48,49,51,55,58,60,64,73,82,89,92,93,95,97,98,99,102,105,106	ب ء س ج ل ب ر ي ب ز ب ر س ق ط ش د د ص ر ف ص م م ض ر ب ع ظ م ف ت ن ك ر ه م ر ر ن ز ل	kw:calamity(107.9946); kw:severity(71.2318); kw:hardship(58.1957); kw:ordeal(54.4326); kw:affliction(48.7706); kw:disaster(47.5872); kw:suffering(45.4118); kw:trial(43.4363)	ص ر ف:B007:صروف الدهر وتقلبه → ر ي ب:B002:صروف الدهر المريبة
C1558	0.6379	magnitude / pride / majority / majesty	24	10	17	25	0.06037609	0.2049	0.96	0.52	4,7,9,14,15,16,21,23,25,31,33,40,43,49,51,55,60,73,85,87,88,97,98,111	ء م ر ب ع ض ج د د ر ء س ع ظ م ع ل و ف ر ي ك ب ر ن ف س و ج ه	kw:magnitude(48.7992); kw:pride(40.6505); kw:majority(34.884); kw:majesty(34.884); kw:honor(34.4119); kw:enormity(34.1547); kw:greatness(33.5381); kw:circumstance(33.004)	ك ب ر:B002:معظم الأمر → ع ظ م:B002:معظم الشيء
C1559	0.6379	magic / suspicion / deception / evil	16	12	13	16	0.05464641	0.2078	1.0	0.5625	2,7,27,40,41,47,53,60,64,73,80,81,89,99,101,111	ء خ ذ ب ط ل خ ي ل د خ ل ر ي ب س ح ر ش ط ن ص ر ف ط غ و ط غ ي غ ر ر ف ت ن	kw:magic(72.3939); kw:suspicion(60.4627); kw:deception(48.3198); kw:evil(40.0012); kw:enchantment(35.7766); kw:devil(34.884); theme:ritual_belief/belief_revelation(34.8771); kw:religion(32.5067)	ط غ ي:B003:الطاغوت رأس الضلالة → ط غ و:B003:الطاغوت رأس الضلالة والطغيان
C1560	0.6376	rupture / severance / cut / incision	19	15	16	17	0.05877757	0.1429	0.8824	0.8824	1,5,29,36,37,46,47,49,51,52,58,66,67,70,73,91,92,98,109	ء ذ ن ب ح ر ج د د ج و ب خ ر ق خ ش ع خ ل ل ر ف ت س ط ر س م ع ف ر ي ف ط ر ق ص و ك س ف ي د ي	kw:rupture(106.6699); kw:severance(52.3699); kw:cut(45.7343); kw:incision(43.7155); kw:ear(41.9894); kw:textile(39.5309); theme:space_form_boundary/boundary(38.3301); kw:cutting(37.4165)	خ ر ق:B001:الشَّق والثقب والقطعة → ج و ب:B001:الخَرْق والقطع النافذ
C1561	0.6372	time_measure_quantity/sequence_cycle / hospitality / occurrence / instance	36	11	12	10	0.05270485	0.1538	0.9	0.7	4,7,9,13,26,27,30,31,35,37,40,44,49,51,55,58,62,69,70,75,76,78,79,82,85,90,93,95,97,98,99,102,103,104,105,106	ء ر ض ب ذ ر ت ا ر ج ب ل ر ز ق ر و ح ع ظ م ق و م م ر ر م و ت ن ز ل	theme:time_measure_quantity/sequence_cycle(58.1285); kw:hospitality(49.0059); kw:occurrence(46.5929); kw:instance(34.884); kw:abundance(30.8919); kw:turn(30.7655); kw:recurrence(27.3357); kw:provision(22.668)	م ر ر:B002:الوقعة الزمنية والتكرار → ت ا ر:B001:المَرّة العائدة
C1562	0.6366	wealth / abundance / poverty / increase	19	12	13	17	0.05707782	0.2208	0.8235	0.5882	1,6,16,18,22,31,33,34,35,37,46,63,64,70,85,88,89,95,103	ء م ر ج ب ل ج م ع ح ر م د ب ر ذ م م ك ث ر م ش ي م ل ق م و ل و ف ر و ف ي	kw:wealth(86.1068); kw:abundance(72.0811); kw:poverty(47.5872); kw:increase(40.0012); kw:economy(39.9048); kw:completion(37.7243); kw:property(32.081); kw:growth(31.607)	ء م ر:B004:النماء والبركة → م ش ي:B003:النماء والماشية
C1563	0.6363	ground / earth / hardness / terrain	21	15	17	26	0.05871922	0.1955	0.9615	0.5385	17,30,36,37,38,49,51,53,57,61,62,68,70,88,96,97,98,99,100,102,109	ث ب ر ج ب ل ج د د ح ذ ر ح ص ب ح ن ك خ ب ر خ ش ع خ ل ق ص م م ظ ه ر ع د و ق و ف ك ر ه م س ك	kw:ground(95.1745); kw:earth(68.3484); kw:hardness(61.873); kw:terrain(53.9596); kw:elevation(47.1969); kw:geology(47.0087); kw:geography(44.2507); kw:roughness(43.1696)	ك ر ه:B007:أرض صلبة غليظة → ص م م:B004:غلظ الأرض الصلبة
C1564	0.636	camel / pad / equipment / cushion	21	15	15	13	0.0596033	0.1238	1.0	0.7692	1,6,8,12,14,22,24,29,30,33,37,46,51,69,79,88,97,99,100,104,111	ب ر ك ح س ب ح ص ر خ ر ق خ ف ض د ب ر ظ ه ر ع و د ق ت ر ق د ر ق ع د ك ر ر ل ف ف ه ج د و ل ي	kw:camel(74.1334); kw:pad(62.1239); kw:equipment(48.542); kw:cushion(46.1482); kw:riding(43.7155); kw:saddle(41.1882); kw:transport(40.6253); kw:ground(35.6904)	ح ص ر:B014:الحصار على ظهر البعير → و ل ي:B011:ولية تحت الرحل
C1565	0.6359	sequence / following / succession / pursuit	13	14	17	23	0.06250596	0.1742	0.9565	0.6957	17,22,36,46,47,63,64,69,75,76,88,104,107	ب ع د ت ب ع ت ل و ج ل ب خ ذ ل خ ل ف د ب ر ذ ن ب ذ و ق ظ ه ر ق ص ف ق ف و ق و ف ل ف ف	kw:sequence(58.7608); kw:following(58.2873); kw:succession(50.299); kw:pursuit(49.8887); kw:abandonment(40.6505); kw:aftermath(33.5381); kw:desertion(33.004); kw:posterior(32.1114)	ت ب ع:B001:التلو والقفو → ت ل و:B001:اتباع وتتابع
C1566	0.6358	wealth / abundance / number / increase	25	11	13	17	0.05673015	0.2267	0.8235	0.5294	4,6,9,12,16,21,23,28,31,37,43,51,52,60,62,63,70,74,75,76,85,87,89,95,111	ء م ر ج ب ل ض ع ف ط و ل ع د د ق ل ل ك ب ر ك ث ر م ش ي و ف ر ي س ر	kw:wealth(75.3434); kw:abundance(61.7838); kw:number(54.6714); kw:increase(53.335); kw:quantity(46.3827); kw:dimension(32.1114); kw:growth(31.607); kw:plenty(31.3821)	ك ث ر:B001:الكثرة ونماء العدد → ع د د:B001:إحصاء المعدود
C1567	0.6357	resolve / compulsion / commitment / coercion	35	12	15	14	0.04918219	0.1373	1.0	0.7143	2,9,12,13,16,18,26,30,35,37,38,44,47,49,51,54,55,58,59,62,64,71,74,75,78,79,85,86,88,92,97,98,101,103,107	ء ت ي ء م ر ت ل و ج ب ل ج د د ج م ع ر ء س ر ج ل ش ي ء ق و م ك ر ه م و ت	kw:resolve(54.4326); kw:compulsion(44.316); kw:commitment(42.2076); kw:coercion(37.0293); kw:seriousness(35.7766); kw:obligation(33.8345); kw:power(32.7774); kw:authority(31.457)	ش ي ء:B003:حمل الشيء إلى الأمر → ج ب ل:B010:حمل على أمر
C1568	0.6356	calm / stillness / rest / courage	20	13	13	11	0.06389295	0.141	1.0	0.6364	2,6,9,13,15,26,37,41,46,48,50,74,75,81,84,94,95,97,100,104	ح د د خ ر ق ر ك ن ز ه ق س ك ن ض ر ب ط م ء ن ط م ن م س ك م و ت ن ش ر ن ف ر ه د ي	kw:calm(44.9833); kw:stillness(27.4588); kw:rest(26.6675); kw:courage(26.185); kw:temperament(25.3658); kw:attachment(24.7492); kw:stability(24.6862); kw:impulsiveness(19.2746)	ط م ن:B001:السكون بعد الانزعاج → ط م ء ن:B001:السكون والطمأنينة
C1569	0.6352	side / flank / edge / bank	24	11	14	13	0.05706827	0.1477	1.0	0.6923	8,24,26,28,32,34,40,47,49,51,53,56,57,61,67,68,83,88,92,95,98,100,101,111	ج د د ج ن ب ج ن ح ح ص ر س ح ر ض ر ر ظ ه ر ع د و ع ر ض ق ر ب م ل ك	kw:side(78.4426); kw:flank(64.3861); kw:edge(57.6608); kw:bank(46.1482); kw:boundary(38.6008); kw:proximity(36.1582); kw:shore(33.004); kw:coast(33.004)	ج ن ح:B002:الجناح جانبا ويدا وكنفا → ج ن ب:B001:الجنب جانب الجسد وناحية الشيء
C1570	0.6349	sharpness / blade / sword / edge	21	12	13	12	0.05905627	0.1558	1.0	0.6667	1,16,26,28,32,34,37,40,50,51,57,58,60,62,64,67,83,97,99,107,109	ء ن ث ح د د خ ر ر ر ء س ر ء ي س ع ر ص م م ط و ل ع ر ض غ ر ر ق ر ب ق ر ي	kw:sharpness(54.2007); kw:blade(53.1324); kw:sword(39.0107); kw:edge(34.5965); kw:point(28.6095); kw:beginning(26.9877); kw:cutting(24.9444); kw:outset(19.2746)	ح د د:B005:الطرف الحاد والنفاذ → غ ر ر:B012:حد الشفرة والسيف
C1571	0.6348	time_measure_quantity/quantity_number / ninth / number / arithmetic	14	11	16	14	0.06394018	0.1284	1.0	0.9286	6,12,23,37,44,45,47,63,69,70,75,89,101,107	ء ح د ت ب ع ت س ع ت ل و ج ب ل ح ج ب ذ و ق س ب ع ع د د ك ث ر و ف ر	theme:time_measure_quantity/quantity_number(107.0175); kw:ninth(85.3867); kw:number(68.3392); kw:arithmetic(61.531); kw:nine(51.232); kw:completion(37.7243); kw:calendar(36.3226); kw:aftermath(33.5381)	ك ث ر:B001:الكثرة ونماء العدد → ع د د:B001:إحصاء المعدود
C1572	0.6347	generosity / virtue / kinship_society/hospitality_welfare / wealth	18	8	11	10	0.05928572	0.2041	0.9	0.7	5,7,11,13,14,15,23,25,33,35,37,38,62,70,78,90,91,108	خ ر ق خ ي ر ف ج ر ف ع ل ك ر م ك ر ه ن ش ر ن ف س	kw:generosity(85.1471); kw:virtue(62.3609); theme:kinship_society/hospitality_welfare(45.6546); kw:wealth(43.0534); kw:bounty(42.9143); kw:character(34.787); kw:honor(34.4119); kw:pride(27.1003)	ف ع ل:B002:فَعال الخلق → خ ي ر:B005:الكرم والهبة
C1573	0.6346	craft_material_built/textile_clothing / clothing / excellence / superiority	20	11	15	20	0.05391448	0.2105	0.95	0.65	1,11,12,21,25,29,33,35,44,46,48,52,55,64,66,70,87,88,89,99	ج ل ب ج و ب ح ر م ح س ر خ ي ر ض ر ب غ ف ر غ ل ل ف ض ل م ث ل و ح د	theme:craft_material_built/textile_clothing(64.6218); kw:clothing(54.2516); kw:excellence(53.5428); kw:superiority(46.5929); kw:selection(41.3787); kw:virtue(37.4165); kw:garment(34.2919); kw:protection(29.8431)	خ ي ر:B002:فضل الصلاح والاصطفاء → م ث ل:B009:الأمثل فضلا
C1574	0.6346	hearing / listening / shackle / fetter	24	11	17	19	0.06318189	0.1583	0.9474	0.7368	1,3,12,13,18,22,29,30,36,39,42,44,46,47,54,64,73,74,76,84,86,88,97,103	ء ذ ن ج م ع س م ع ش ك ل ش ي ء ص م م ص و ت ع ن ق غ ل ل ك و د م ع ع	kw:hearing(98.4843); kw:listening(47.0731); kw:shackle(46.5929); kw:fetter(45.7343); kw:collar(43.1696); kw:ear(41.9894); kw:sound(41.0998); kw:obedience(39.8493)	غ ل ل:B006:طوق يغل العضو → ج م ع:B008:القيد الذي يجمع اليدين إلى العنق
C1575	0.6345	division / explanation / meaning / relation	17	5	10	9	0.06179679	0.2432	1.0	0.7778	1,2,4,6,12,26,40,45,53,59,70,96,98,101,104,106,110	ء ي ي ب ن ي ب ي ن ف ر ق ف ص ل	kw:division(48.6555); kw:explanation(46.5929); kw:meaning(44.0082); kw:relation(34.4119); kw:distinction(32.5328); kw:parting(32.5328); kw:clarification(31.3821); kw:evidence(27.1003)	ف ص ل:B001:إبانة شيء من شيء حتى يظهر الحد بينهما → ف ر ق:B001:تمييز وتزييل بين شيئين
C1576	0.6343	water / basin / pattern / reservoir	50	14	15	13	0.05627875	0.125	0.9231	0.5385	1,4,5,6,7,12,16,17,25,26,29,30,32,33,34,36,39,42,47,49,51,54,55,57,58,59,62,64,67,71,73,74,75,78,80,81,82,84,85,86,93,94,96,98,99,101,102,104,107,111	ء ل ي ب ص ر ج د د ج ي ء ز خ ر ف ش ر ك ظ ل م ع د د ع ل م ق ر ب ق ر ي ك ر ر ن ب و ن ص ر	kw:water(59.3161); kw:basin(50.7316); kw:pattern(49.0059); kw:reservoir(44.9833); theme:land_water_sky/water_hydrology(44.3181); kw:hydrology(43.0534); kw:pool(42.9143); kw:collection(40.6505)	ك ر ر:B003:ماء مجتمع في حسي أو غدير → ع ل م:B005:ماء كثير مجتمع في عيلم
C1577	0.6343	navigation / basin / pond / movement_travel/transport	17	10	12	12	0.05778366	0.1875	0.9167	0.6667	1,5,6,26,32,34,43,44,51,57,66,67,70,91,93,104,108	ب ح ر ب ر ك د و ر ز خ ر ف س ب ح س ك ن ف ل ك ق ر ب ك ر ر ن خ ل	kw:navigation(42.7746); kw:basin(38.0487); kw:pond(34.1547); theme:movement_travel/transport(34.0591); kw:boat(33.5381); kw:hydrology(32.29); kw:vessel(32.29); kw:transport(30.469)	ق ر ب:B011:القارب السفينة الصغيرة → ف ل ك:B003:السفينة الدائرة في الماء
C1578	0.6342	commitment / resolve / decision / intention	22	10	11	10	0.0536253	0.1852	1.0	0.6	4,9,13,16,18,19,23,29,35,47,49,58,62,64,66,78,79,85,88,97,98,103	ء م ر ج د د ج م ع ر ج ل ر و د ز ج و ع ن ق ق ض ي ق و م ل ز م	kw:commitment(56.2768); kw:resolve(54.4326); kw:decision(40.3171); kw:intention(37.6199); kw:hug(36.9273); kw:seriousness(35.7766); kw:clasp(34.884); kw:embrace(34.884)	ل ز م:B005:الاعتناق والملازمة بالجسد → ع ن ق:B006:معانقة واعتناق
C1579	0.634	mountain / elevation / terrain / geography	21	14	17	19	0.05885846	0.1439	1.0	0.7368	8,12,13,15,27,29,37,57,59,62,66,67,69,76,77,80,89,91,97,98,99	ج ب ل ح ذ ر ح ن ك خ ر ج خ ل ف س ن ن ص م م ع ن ب ع ن ق ف ص ل ف ل ك ك ف ر ن و ق و ز ر	kw:mountain(85.9709); kw:elevation(70.7954); kw:terrain(53.9596); kw:geography(44.2507); kw:topography(39.2775); kw:passage(35.6904); kw:geology(35.2565); kw:earth(34.1742)	ح ذ ر:B004:خشونة الأرض المحذورة → ص م م:B004:غلظ الأرض الصلبة
C1580	0.6334	mountain / topography / hardness / elevation	26	15	17	23	0.05586403	0.1729	1.0	0.5652	5,7,8,12,13,15,23,27,29,35,36,37,40,49,50,51,57,59,62,67,69,89,91,97,98,99	ء ح د ء و ل ج ب ل ح ج ر ح ذ ر ح ن ك ص م م ع ظ م ع ن ب ع ن ق ف ص ل ق و ف ك ف ر ن و ق و ز ر	kw:mountain(122.8155); kw:topography(52.3699); kw:hardness(49.4984); kw:elevation(47.1969); kw:terrain(43.1677); kw:refuge(39.7012); kw:geology(35.2565); theme:conflict_security/protection_security(34.7646)	ح ذ ر:B004:خشونة الأرض المحذورة → ص م م:B004:غلظ الأرض الصلبة
C1581	0.6327	shelter / support / craft_material_built/architecture_construction / enclosure	13	10	12	10	0.05640875	0.1562	1.0	0.8	8,16,20,22,29,42,49,50,58,60,88,91,98	ج د د ج ن ن ح ج ر ح ص ر ح ظ ر ح و ط ش ج ر ع ر ش ق ر ي ق ع د	kw:shelter(65.1019); kw:support(55.5975); theme:craft_material_built/architecture_construction(51.354); kw:enclosure(48.8874); kw:pen(32.5328); kw:protection(29.8431); kw:wall(29.7602); kw:barrier(26.4674)	ح ظ ر:B001:حظيرة تحجز الشيء وتجمعه → ح و ط:B001:الإحاطة الحسية والتحويط
C1582	0.6322	roundness / geometry / direction / circle	26	12	16	16	0.05890069	0.1391	1.0	0.6875	1,2,4,5,7,9,15,17,33,40,43,46,50,56,58,60,66,73,77,84,92,94,97,104,107,111	ء خ ذ ب ع د ح ج ر ح و ط ح و ل د و ر ع ل و ف ل ك ق ب ل ه د ي و ج ه و ل ي	kw:roundness(62.1239); kw:geometry(61.5604); kw:direction(47.5872); kw:circle(45.7343); kw:orientation(42.9968); kw:rotation(42.6693); kw:surrounding(34.1547); kw:orbit(32.5328)	د و ر:B001:الدوران والإحاطة والاستدارة → ف ل ك:B001:استدارة الشيء ودورانه
C1583	0.6321	truth / testimony / falsehood / unreality	26	12	17	21	0.05861615	0.1615	1.0	0.5714	5,9,10,12,16,19,26,33,34,36,39,42,45,58,68,69,74,80,81,82,90,93,94,95,105,107	ء م ن ب ط ل ث ب ت ح ق ق ح ك م ر ك ن ش د د ص د ق ط م ء ن ع ر ش ف ء د ف ص ل	kw:truth(67.4691); kw:testimony(39.8493); kw:falsehood(39.2775); kw:unreality(36.9273); kw:validity(35.7766); kw:reality(34.884); kw:justice(33.6716); theme:cognition_perception/proof_uncertainty(33.6285)	ح ق ق:B001:ثبات مطابق للواقع ضد الباطل → ب ط ل:B001:ذهاب الشيء عن الحق والثبات
C1584	0.6318	mountain / geology / terrain / elevation	25	13	15	14	0.05890641	0.1373	1.0	0.7143	3,5,7,8,12,13,15,27,29,35,37,47,51,57,59,60,64,67,69,70,88,89,91,98,99	ء و ل ج ب ل ج ن ن ح ذ ر ح م ل ر ج ل ط غ و ط غ ي ع ن ق ف ص ل ك ف ر ن و ق و ز ر	kw:mountain(85.9709); kw:geology(58.7608); kw:terrain(53.9596); kw:elevation(47.1969); theme:conflict_security/protection_security(46.3528); kw:rock(42.434); kw:refuge(39.7012); kw:topography(39.2775)	ط غ ي:B005:الطغية الصفاة الملساء → ط غ و:B006:الطغية الصفاة أو الموضع المرتفع
C1585	0.6317	travel / urgency / running / haste	36	13	15	16	0.0527293	0.1569	0.9375	0.625	1,3,5,6,15,17,22,23,24,30,39,41,42,46,49,53,54,59,65,68,69,73,77,78,79,86,90,91,93,94,95,96,97,98,103,105	ب ع ث ج ن ح ح ش ر ر س ل س ع ر ص م م ع ب د ع د و ف ج ر م ع ع ن ب ع ن ف ر و ح ي	kw:travel(44.1154); kw:urgency(42.2076); kw:running(41.0035); kw:haste(39.5566); kw:speed(34.1162); kw:warfare(31.7609); kw:dispatch(31.0619); kw:gallop(29.3388)	ب ع ث:B002:إرسال المبعوث وتوجيهه → ر س ل:B001:الإرسال والانبعاث
C1586	0.6314	increase / abundance / wealth / fertility	29	15	17	25	0.05820798	0.188	0.88	0.52	1,2,6,12,16,21,26,28,34,37,40,44,55,59,63,64,66,69,70,71,85,87,88,89,91,92,95,101,107	ء ت ي ء م ر ب ر ك ر د د ر و ح س ب ع ص ف و ف ض ل ك ث ر م ش ي م و ل ن خ ل و ف ر ي س ر ي م ن	kw:increase(93.3362); kw:abundance(92.6757); kw:wealth(64.5801); kw:fertility(63.8376); kw:growth(63.214); kw:prosperity(51.1888); kw:fortune(39.7012); kw:blessing(38.3916)	ب ر ك:B004:خير ثابت نام وبركة → ء م ر:B004:النماء والبركة
C1587	0.6314	fall / listening / gravity / collapse	16	6	9	9	0.05038955	0.3	0.8889	0.6667	6,11,16,17,47,52,56,57,58,64,67,71,92,107,109,110	خ ر ر د ع و ر ج ل ر د د س ق ط ه ل ك	kw:fall(40.6505); kw:listening(31.3821); kw:gravity(28.6095); kw:collapse(27.8525); kw:ruin(24.4437); kw:descent(24.271); kw:destruction(23.9988); kw:loss(22.4122)	س ق ط:B001:وقوع الشيء وانطراحه إلى أسفل → خ ر ر:B001:السقوط المضطرب المصحوب بصوت
C1588	0.6309	direction / deviation / guidance / evil	20	13	15	14	0.06031263	0.1359	1.0	0.7143	2,7,9,15,23,27,38,47,48,53,60,64,67,71,72,73,84,94,97,101	ء م م س ح ر ش ط ن ش ك ل ض ل ل ط غ و ط غ ي ع م ي ع ن د غ ر ر ف ت ن ه د ي و ج ه	kw:direction(47.5872); kw:deviation(40.4815); kw:guidance(40.1571); kw:evil(40.0012); kw:deception(36.2398); kw:devil(34.884); kw:misguidance(34.1547); kw:religion(32.5067)	ط غ ي:B003:الطاغوت رأس الضلالة → ط غ و:B003:الطاغوت رأس الضلالة والطغيان
C1589	0.6301	date / palm / agriculture_food/plant_vegetation / sapling	30	13	14	13	0.0552562	0.1444	1.0	0.6154	2,6,7,8,12,16,18,21,22,29,30,33,39,44,45,46,54,60,74,78,80,84,86,88,91,97,99,103,104,111	ج ع ل ج م ع ح ص ر د خ ل د ر ج د ل ك ش ك ل ش ي ء غ ل ل ف س ق ل ف ف ن خ ل و ل ي	kw:date(74.8331); kw:palm(68.2325); theme:agriculture_food/plant_vegetation(54.5874); kw:sapling(49.5059); kw:fruit(46.4691); kw:growth(42.1427); kw:botany(38.0359); kw:seedling(34.884)	ج ع ل:B006:النخل الصغار أو القصار → ش ي ء:B006:صغار النخل
C1590	0.6301	travel / speed / saddle / transport	24	13	13	13	0.05527179	0.1667	0.9231	0.6154	3,8,11,16,18,22,26,29,31,33,39,42,58,69,70,73,81,85,86,88,97,100,103,105	ح ص ر ح ق ق ح م ل ر و ح س ع ر ظ ه ر ع ج ل ق ت ر ق ر ي ق ع د م ع ع م ل ق و ح ي	kw:travel(79.4077); kw:speed(45.4883); kw:saddle(41.1882); kw:transport(40.6253); kw:back(37.5174); kw:camel(37.0667); kw:equipment(36.4065); kw:riding(29.1436)	ح ص ر:B014:الحصار على ظهر البعير → ق ت ر:B008:القاطر المحكم
C1591	0.6298	interval / period / chronology / time_measure_quantity/time	32	12	13	12	0.05208297	0.1558	1.0	0.5833	2,5,7,12,13,14,17,23,25,26,34,35,44,46,47,52,55,58,59,62,64,71,81,85,88,92,94,97,99,101,104,107	ء ت ي ء ج ل ء ف ف ء م م ء و ب ب ع د ج ي ء ر ج ل ف ص ل ف ق ه و ف ي ي و م	kw:interval(51.1888); kw:period(44.0082); kw:chronology(41.5754); theme:time_measure_quantity/time(40.6249); kw:history(38.7554); kw:duration(37.8305); kw:arrival(37.0293); kw:return(35.9982)	ء ت ي:B001:الإتيان والمجيء → ج ي ء:B004:الإتيان بالشيء واستحضاره
C1592	0.6296	face / injury / strike / analysis	21	12	15	20	0.05187108	0.198	0.85	0.7	7,10,12,13,15,18,30,36,39,44,46,48,54,74,75,86,88,97,106,107,109	ء ل م ح ي ي ذ ق ن ش ي ء ض ر ب ظ ه ر ف ء د ف ر ق ق ل ب ل ق ي و ج ه و ز ر	kw:face(71.9964); kw:injury(54.2516); kw:strike(53.5428); kw:analysis(35.7766); kw:countenance(34.884); kw:visage(34.884); kw:type(33.004); kw:appearance(32.3327)	ق ل ب:B004:رد الشيء عن وجهه → ظ ه ر:B018:قلب الأمر ظهرا لبطن
C1593	0.6294	horse / side / anatomy / flank	28	14	15	15	0.0527933	0.1442	0.9333	0.7333	8,12,16,17,23,26,28,32,33,34,35,38,42,51,57,58,66,67,68,69,77,81,83,85,88,91,105,110	ب غ ي ج ن ب ح ص ر ح ق ق ر و ح س ن ن ظ ه ر ع ر ض ع ن ب ع ن د ق ر ب ق ر ن ق ر ي ك ي ل	kw:horse(46.2971); kw:side(44.8244); kw:anatomy(39.2355); kw:flank(38.6317); kw:spine(29.7602); kw:difficulty(28.9576); kw:back(25.0116); kw:flow(23.8949)	ق ر ب:B015:قُرْب الفرس والخاصرة → ج ن ب:B002:الجنب قرب ومجاورة على الجانب
C1594	0.6293	place / virtue / righteousness / soundness	28	12	16	19	0.05585317	0.1681	1.0	0.5789	9,11,12,13,19,20,22,25,29,35,36,38,56,59,64,67,68,70,71,73,78,80,84,89,90,91,92,97	ب ر ر ج ل ب خ ي ر ز ع م س ع ي ص د ق ص ل ح غ ي ر ف ج ر ق ع د ك ذ ب ك ل ل	kw:place(41.2343); kw:virtue(37.4165); kw:righteousness(35.7766); kw:soundness(31.7301); kw:goodness(30.4895); kw:covenant(27.5858); kw:selection(27.5858); kw:location(27.4588)	ك ذ ب:B001:خلاف الصدق → ص د ق:B001:صدق القول
C1595	0.6291	hearing / obedience / listening / compliance	25	12	17	23	0.0595262	0.1901	0.9565	0.5652	1,4,9,12,18,23,29,30,36,39,44,46,47,48,54,63,64,69,74,84,86,88,89,97,99	ء ذ ن ت ب ع ح ك م س م ع ش ي ء ص م م ص و ت ع م ل ف ق ه ق ض ي م ث ل ي د ي	kw:hearing(98.4843); kw:obedience(66.4155); kw:listening(47.0731); kw:compliance(45.7343); kw:ear(41.9894); kw:sound(41.0998); kw:attention(35.5423); kw:knowledge(33.6183)	س م ع:B001:إدراك الأصوات بالأذن → ء ذ ن:B002:الإصغاء وقبول المسموع
C1596	0.6287	speed / travel / gait / haste	29	13	15	15	0.0535542	0.1471	0.9333	0.7333	2,11,13,15,16,18,25,26,28,29,31,33,39,51,54,59,65,68,69,73,77,81,86,93,94,95,97,100,105	ء و ب ح ق ق خ ز ن ر س ل س ع ر ع ج ل ع ن ق ف ط ر ل ق ي م ل ق و ح ي و ك ل ي س ر	kw:speed(68.2325); kw:travel(61.7615); kw:gait(61.5604); kw:haste(52.7421); kw:urgency(42.2076); theme:movement_travel/motion(37.6579); kw:shortcut(36.9273); kw:animal(34.439)	ر س ل:B003:السير السهل واللين → ي س ر:B005:خفة وانقياد في الحركة
C1597	0.6285	body / back / anatomy / spine	20	14	15	20	0.0544686	0.1923	1.0	0.5	7,9,16,28,29,46,51,58,66,67,68,70,71,77,83,88,93,94,97,105	ب ح ر ب ش ر ج ن ب ح ش ر د ب ر س ن ن ص د ر ظ ه ر ع ر ض ق ر ي ن غ ض و ج ه ي د ي ي م ن	kw:body(50.8676); kw:back(50.0232); kw:anatomy(47.0826); kw:spine(44.6404); kw:obesity(34.884); kw:orientation(32.2476); kw:hump(29.9889); kw:rear(28.4462)	ص د ر:B001:الصدر الجارحة وما يتصل بها → ظ ه ر:B002:الظهر وخلاف البطن
C1598	0.6273	noise / clamor / sound / crime	17	12	15	19	0.05556484	0.1881	0.8947	0.6842	3,22,39,42,55,64,66,67,68,70,73,97,99,103,107,109,110	ء ج ل ب ر ر ج ل ب ج ه ر ح ش ر خ ر ر ز ج و ص م م ص و ت ف ر ي م ع ع ن ب ء	kw:noise(83.5576); kw:clamor(73.8599); kw:sound(71.9247); kw:crime(43.1696); kw:crowd(38.2751); kw:uproar(34.884); kw:propulsion(33.004); theme:cognition_perception/perception(32.9428)	ج ل ب:B002:الجلبة بالصياح والجمع على الشيء → ب ر ر:B004:صوت وجلبة باللسان
C1599	0.6271	increase / surplus / excess / embellishment	23	11	12	11	0.05726294	0.1692	1.0	0.5455	1,12,21,24,28,29,30,41,55,60,66,67,70,71,79,82,83,87,89,92,93,97,109	ب ر ك ب س ط ر ب و ز خ ر ف ز ي د س ق ط ص ر ف ع ر ض ف ت ل ف ض ل ن ف ل	kw:increase(53.335); kw:surplus(47.0731); kw:excess(38.7554); kw:embellishment(31.7301); kw:listening(31.3821); theme:craft_material_built/ornament_beauty(25.8856); kw:growth(21.0713); kw:abundance(20.5946)	ف ض ل:B001:الزيادة والبقية → ب س ط:B003:السعة والزيادة والفضل
C1600	0.6268	ritual_belief/belief_revelation / religion / denial / unbelief	27	10	15	16	0.05529962	0.1702	0.9375	0.6875	1,3,6,7,8,11,19,27,32,38,43,44,46,64,67,69,78,83,89,90,91,93,98,99,108,110,111	ر د د س ب ح س و ء ش ر ر ش ر ك ش ك ر ص ل و ف ج ر ك ف ر و ح د	theme:ritual_belief/belief_revelation(73.6294); kw:religion(65.0133); kw:denial(42.6693); kw:unbelief(36.9273); kw:transcendence(35.7766); kw:monotheism(35.7766); kw:gratitude(31.7301); kw:judgment(31.722)	ش ك ر:B001:عرفان النعمة وحمد المنعم → ك ف ر:B004:ستر النعمة
C1601	0.6267	life / breath / comfort / willingness	29	8	15	17	0.05820236	0.2048	0.7647	0.7059	1,7,14,15,24,25,26,32,33,34,43,44,51,54,57,59,64,68,69,70,76,77,85,93,94,95,103,105,108	ر ب و ر س ل ر و ح س ب ح ط ي ب ف ز ز ق ر ب ن ف س	kw:life(54.6714); kw:breath(54.4326); kw:comfort(39.7012); kw:willingness(36.9273); theme:body_health_life/physiology(36.03); kw:physiology(35.1186); kw:spirit(29.7602); kw:soul(29.3388)	ن ف س:B011:النفس التي بها الحياة → ر و ح:B001:النفس والروح التي بها حياة البدن
C1602	0.6267	circumstance / condition / change / cognition_perception/reasoning_decision	26	14	15	13	0.05786922	0.125	0.9231	0.7692	1,2,7,12,16,24,26,31,33,41,46,55,56,59,68,71,77,83,85,88,89,92,97,101,107,111	ء ت ي ء م ر ج ن ب ح و ل د ب ر ذ ك ر ذ ل ل س ن و ص ر ف ظ ه ر ف ص ل ق ت ل ق ل ب و ج ه	kw:circumstance(49.5059); kw:condition(40.1571); kw:change(38.1608); theme:cognition_perception/reasoning_decision(36.8534); kw:analysis(35.7766); kw:governance(33.7797); kw:language(30.3446); kw:management(30.2314)	ق ل ب:B004:رد الشيء عن وجهه → ظ ه ر:B018:قلب الأمر ظهرا لبطن
C1603	0.6266	side / flank / edge / border	20	16	17	17	0.05722067	0.1259	1.0	0.7647	1,8,24,26,28,29,32,34,45,50,51,53,57,64,67,68,83,88,92,111	ج ن ب ج ن ح ح ج ب ح ج ر ح س ر ح ص ر خ ف ض ذ ل ل ر ج و س ق ط ظ ه ر ع د و ع ر ض غ ر ر ق ر ب ق ص و	kw:side(123.267); kw:flank(64.3861); kw:edge(57.6608); kw:border(44.9833); kw:wing(44.316); kw:margin(31.0619); kw:feather(30.2314); kw:rim(29.9889)	ج ن ح:B002:الجناح جانبا ويدا وكنفا → ج ن ب:B001:الجنب جانب الجسد وناحية الشيء
C1604	0.6262	calendar / ninth / land_water_sky/sky_astronomy / night	22	12	17	18	0.06368527	0.144	0.8889	0.7778	1,2,12,23,24,25,26,32,33,34,40,44,45,51,57,64,73,78,79,91,101,111	ء خ ذ ت س ع ج ن ح ح ج ب ح ر م س ب ع غ ر ر غ ف ر ق ر ب ل ي ل ن ف ل ن ه ر	kw:calendar(96.8602); kw:ninth(85.3867); theme:land_water_sky/sky_astronomy(58.9469); kw:night(58.6452); kw:month(58.2873); theme:time_measure_quantity/quantity_number(55.6491); kw:triad(53.6648); kw:nine(51.232)	ء خ ذ:B008:أخذ القمر في منازله → غ ف ر:B006:منزل قمري من ثلاثة أنجم
C1605	0.6258	date / palm / fermentation / drink	17	12	12	12	0.0513348	0.1818	0.8333	0.75	5,8,31,33,41,62,69,73,78,84,85,88,89,91,100,103,106	ج م ع ح ص ر ح ن ك خ ش ي خ ل ل د ل ك ر و ح ش ك ل ص ر ف ف ر ق ق ت ل ن خ ل	kw:date(87.3052); kw:palm(45.4883); kw:fermentation(44.0082); kw:drink(39.7012); kw:harvest(37.6199); theme:agriculture_food/cooking_drink(32.8197); kw:alcohol(32.5328); kw:intoxication(30.4895)	ج م ع:B011:نخل دقل اجتمع من النوى لا يعرف اسمه → ن خ ل:B001:شجرة النخل
C1606	0.6256	pattern / model / imitation / method	33	14	17	18	0.05836618	0.1364	1.0	0.5556	1,2,5,7,9,14,15,16,36,37,41,45,46,47,48,49,58,60,64,71,78,82,84,85,88,89,93,94,97,98,99,106,108	ء م ر ج د د س م ع ش ك ل ط و ل غ ر ر ف ر ق ف ع ل ق ر ء ق ر ي ق ف و م ث ل ه د ي و ج ه	kw:pattern(61.2574); kw:model(48.7992); kw:imitation(47.0731); kw:method(47.0731); kw:course(43.4363); kw:intention(37.6199); kw:direction(35.6904); kw:conformity(31.3821)	ق ر ء:B011:طريقة ومثال وقصد → ق ر ي:B006:كون الأشياء على قرو واحد
C1607	0.625	horse / animal / marking / travel	28	15	16	20	0.05320822	0.1681	0.9	0.6	2,3,12,13,19,24,28,29,35,37,42,47,54,56,57,64,65,66,67,68,78,83,84,86,92,97,110,111	ب غ ي ج ن ب ذ ل ل ر ج ل س ع ر س ق ط ش ك ر ش ك ل ش م س ض ر ر ع ر ض ع ن ق ك ي ل م ر ح و ك ل	kw:horse(69.4456); kw:animal(55.1024); kw:marking(51.3473); kw:travel(44.1154); kw:gait(36.9363); kw:endurance(36.4065); kw:exuberance(35.7766); kw:difficulty(28.9576)	ر ج ل:B005:بياض رجل الدابة → ش ك ل:B006:شكال الخيل علامة كالقيد
C1608	0.6248	hearing / listening / ear / sound	23	9	17	19	0.0598889	0.1652	0.9474	0.6842	1,3,4,7,9,12,18,22,30,36,39,42,43,44,46,47,54,64,74,84,86,97,103	ء ذ ن س ع ر س م ع ش ي ء ص م م ص و ت ع ل و ع م ل م ع ع	kw:hearing(98.4843); kw:listening(47.0731); kw:ear(41.9894); kw:sound(41.0998); kw:obedience(39.8493); kw:attention(35.5423); kw:audition(33.5381); kw:reception(32.1114)	س م ع:B001:إدراك الأصوات بالأذن → ء ذ ن:B002:الإصغاء وقبول المسموع
C1609	0.6239	experience / rubbing / restraint / age	10	8	13	13	0.05860178	0.194	1.0	0.6923	1,8,39,46,51,60,62,69,77,78	ب ر ك ح ك م ح ن ك د ل ك س ن ن ش ج ر ع و د و ق ر	kw:experience(57.9151); kw:rubbing(47.5952); kw:restraint(43.7032); kw:age(37.4165); kw:palate(32.5328); kw:bridle(32.5328); theme:body_health_life/life_stage_aging(31.4693); kw:friction(31.3821)	ح ك م:B006:حكمة اللجام → ح ن ك:B003:اللجام تحت الحَنَك والشد به
C1610	0.6235	masculinity / male / gender / mankind	40	14	17	19	0.05751353	0.1439	0.8947	0.5263	5,7,9,11,13,14,15,23,25,31,32,33,34,38,40,41,46,47,49,53,58,60,64,67,71,75,82,83,88,89,93,94,95,97,98,100,102,105,106,111	ء ن ث ء ن س ب ش ر ح ي ي ذ ك ر ر ج ل س و ء ش د د ص م م ع ظ م م س س ن ز ل ن ف س و ل د	kw:masculinity(46.5929); kw:male(43.7155); kw:gender(42.2961); kw:mankind(36.9273); kw:reputation(36.1582); kw:honor(34.4119); kw:human(32.5328); kw:anthropology(32.1114)	ء ن ث:B001:الأنثى خلاف الذكر → ذ ك ر:B001:الذكر خلاف الأنثى
C1611	0.6234	poverty / money / economy / waste	15	12	14	12	0.0646797	0.1348	1.0	0.6667	3,6,13,26,27,31,33,34,48,62,64,76,80,82,100	ب ذ ر خ ر ج خ س ر خ ط ء ذ ر ر س ر ف ص د ق ض ر ب ق ت ر م ل ق م و ل ن ف ق	kw:poverty(47.5872); kw:money(42.6693); kw:economy(39.9048); kw:waste(38.6317); kw:finance(37.1238); kw:investment(34.884); kw:mistake(34.884); kw:capital(32.5328)	خ ط ء:B001:مجاوزة الصواب وعدم إصابته → س ر ف:B002:خطأ وغفلة
C1612	0.6232	ground / terrain / mountain / geology	27	16	17	21	0.05221994	0.1556	0.9048	0.6667	1,4,8,16,23,36,37,43,44,45,53,55,57,75,76,90,93,95,96,97,99,101,102,103,104,108,110	ء ح د ء ر ض ب ي ن ج ب ل ج ه ر ح ج ب ح ذ ر ح ص ر ح ي ي د م ر س ب ح ص م م ط م ن ع د و ق و ف ن ب ع	kw:ground(71.3809); kw:terrain(53.9596); kw:mountain(49.1262); kw:geology(47.0087); theme:space_form_boundary/place_location(44.9643); kw:geography(44.2507); kw:hardness(37.1238); theme:land_water_sky/earth_geology(34.6321)	ح ذ ر:B004:خشونة الأرض المحذورة → ص م م:B004:غلظ الأرض الصلبة
C1613	0.6221	growth / plant / renewal / length	22	14	16	20	0.05648469	0.1695	0.9	0.6	1,3,4,6,7,13,19,20,23,36,37,61,68,69,76,83,85,88,91,97,107,110	ج ن ب ج ن ن خ ف ت خ ل ف ر و ح س ج د س ع ر ش ك ر ط و ل ق ص ف ق ض ي ق ف و م د د ن ش ر	kw:growth(63.214); kw:plant(60.266); kw:renewal(54.4326); kw:length(49.8887); kw:agriculture(49.2943); kw:extension(36.578); kw:pasture(34.5965); kw:dimension(32.1114)	م د د:B004:أجل أو زمن يطال ويمتد → ط و ل:B003:طول الزمان الطويل
C1614	0.6216	hardness / solidity / severity / strength	25	13	16	18	0.06118835	0.1552	0.8889	0.6111	1,3,5,7,14,15,17,23,25,30,33,34,40,41,46,47,50,53,58,64,65,75,77,96,97	ء ن ث ب ء س ح ج ر ح د د ذ ك ر ر ج ل س ن ن ش د د ص م م ض ع ف ع ب د ن ف س و ق ر	kw:hardness(86.6222); kw:solidity(55.7051); kw:severity(35.6159); kw:strength(34.002); kw:power(32.7774); kw:masculinity(31.0619); kw:toughness(30.4895); theme:craft_material_built/craft(29.4412)	ع ب د:B007:القوة والصلابة → ش د د:B002:شدة القوة والصلابة
C1615	0.6213	disaster / transgression / calamity / torment	23	7	17	18	0.06179278	0.1765	1.0	0.7222	10,12,15,28,40,42,49,54,57,58,60,66,78,82,90,91,93,95,98,102,105,106,110	ب غ ي ط غ و ط غ ي ع ذ ب ع ظ م ف ج ر ن ز ل	kw:disaster(59.4841); kw:transgression(41.7788); kw:calamity(35.9982); kw:torment(32.5328); kw:slab(32.5328); kw:disobedience(32.1114); kw:authority(31.457); kw:surge(31.3821)	ط غ ي:B001:مجاوزة الحد في العصيان → ط غ و:B001:مجاوزة الحد في العصيان
C1616	0.621	hollow / gap / opening / passage	20	15	15	14	0.05762754	0.1333	0.9286	0.7143	5,6,17,29,30,52,53,66,67,68,70,73,76,81,91,95,96,102,107,109	ب ح ر ب ر ر ث ب ر ج و ب خ ب ر خ ر ر خ س ف خ ش ع خ ل ف خ ل ل ز ه ق ط م ن ع د و غ ل ل ك ر ر	kw:hollow(50.5848); kw:gap(39.8493); kw:opening(37.1238); kw:passage(35.6904); kw:geography(35.4006); kw:hydrology(32.29); kw:ecology(30.693); kw:lowland(30.2314)	خ ب ر:B002:لين الأرض ومائها → ب ح ر:B006:الأرض الجامعة للماء
C1617	0.6196	kinship_society/hospitality_welfare / comfort / bounty / favor	22	13	17	20	0.05975313	0.1527	0.95	0.6	13,15,16,24,29,30,37,52,54,59,68,69,71,77,83,93,94,95,105,106,107,109	ء م م ب س ط ت ر ف ج و ب خ ر ر خ ر ق خ ف ض ر س ل ط و ل ف ر ق ن ش ر ن ع م ي د ي	theme:kinship_society/hospitality_welfare(66.4066); kw:comfort(66.1686); kw:bounty(57.219); kw:favor(54.4326); kw:blessing(51.1888); kw:luxury(41.5754); kw:welfare(39.7012); kw:ease(38.6317)	ي د ي:B003:اليَد النعمة → ن ع م:B001:حسن الحال والنعمة
C1618	0.6196	wheel / circumstance / stealth / technology	19	7	11	9	0.05805286	0.18	1.0	0.6667	1,5,7,11,12,18,21,23,24,26,32,34,35,51,56,57,59,77,91	ء و ل ح و ل د ر ج ص غ ر ع ج ل ق ر ب ن ه ر	kw:wheel(34.884); kw:circumstance(33.004); kw:stealth(30.7655); kw:technology(28.1384); kw:waterskin(26.7714); kw:irrigation(25.5944); kw:taxonomy(22.5563); kw:labor(20.8259)	ح و ل:B014:دراجة الصبي → ع ج ل:B004:الإداوة الخفيفة
C1619	0.6176	breath / respiration / life / lung	18	9	15	19	0.05624697	0.2065	0.7895	0.6842	1,7,14,15,24,25,33,36,46,47,55,60,62,69,70,85,99,101	ر ء ي ر ب و ر و ح س ح ر ط ي ب ق ل ب ق و ف ن ب و ن ف س	kw:breath(68.0407); kw:respiration(41.5754); kw:life(41.0035); kw:lung(33.5381); theme:body_health_life/physiology(32.427); kw:spirit(29.7602); kw:expansion(29.3388); kw:soul(29.3388)	ن ف س:B011:النفس التي بها الحياة → ر و ح:B001:النفس والروح التي بها حياة البدن
C1620	0.6175	hand / gift / generosity / palm	12	10	15	16	0.05934862	0.1702	1.0	0.6875	20,28,29,30,48,59,69,71,85,88,94,103	ب س ط ج م ع ر و ح ض ر ب ظ ه ر ع ط و م ن ع ي د ي ي س ر ي م ن	kw:hand(72.6452); kw:gift(50.4406); kw:generosity(48.6555); kw:palm(45.4883); kw:laterality(36.9273); kw:exchange(32.7314); kw:handling(30.4895); kw:grip(29.1436)	ي س ر:B004:الجهة اليسرى واليد اليسرى → ي م ن:B002:اليد اليمنى والجهة اليمنى
C1621	0.6172	facilitation / owner / agency / right	23	10	14	14	0.05435067	0.1628	1.0	0.5714	2,6,7,12,26,28,33,36,48,55,59,64,69,71,75,80,85,88,92,97,101,104,107	ء ت ي ر د د ر و ح س ن و ط و ع ق ف و ل ف ف ن ص ر و ج ه ي س ر	kw:facilitation(34.1547); kw:owner(32.1114); kw:agency(30.693); kw:right(27.9929); kw:relief(26.8781); kw:readiness(26.2769); kw:prevention(25.9211); kw:ease(25.7544)	ر و ح:B006:رد الحق إلى صاحبه → ل ف ف:B006:لف الحق عن صاحبه حتى يمنعه
C1622	0.6167	soil / clay / geology / softness	21	10	12	11	0.05523282	0.1746	0.9091	0.6364	1,5,7,12,17,30,35,36,40,49,51,56,59,61,70,77,78,96,98,99,102	ء ن ث ء و ل ب ص ر ث ب ر ح و ل خ ب ر خ ل ق د ل ك ص ف و ط ي ن	kw:soil(75.661); kw:clay(58.2873); kw:geology(47.0087); kw:softness(37.0293); kw:stone(35.7659); kw:land(34.1742); kw:circumstance(33.004); kw:mud(32.5328)	ح و ل:B013:الحال من تراب أو طين → ط ي ن:B001:مادة الطين المختلط
C1623	0.6139	generosity / nobility / honor / virtue	30	12	16	15	0.05771451	0.1364	0.8667	0.7333	1,3,5,10,11,13,14,15,17,23,30,35,36,37,40,46,49,53,54,57,58,62,64,65,70,78,90,91,96,98	خ ر ق خ ي ر د ب ر ع ب د ع ذ ب ع ظ م غ ر ر ف ج ر ق ف و ك ر م ك ف ي ن ش ر	kw:generosity(85.1471); kw:nobility(77.0209); kw:honor(68.8237); kw:virtue(62.3609); theme:kinship_society/hospitality_welfare(58.1058); kw:wealth(43.0534); kw:bounty(42.9143); kw:hospitality(36.7544)	خ ي ر:B005:الكرم والهبة → ف ج ر:B005:جود متفجر واسع
C1624	0.6136	ground / geography / ecology / vegetation	30	16	17	18	0.05282888	0.1333	0.9444	0.6111	4,8,13,17,23,30,37,44,45,48,52,53,55,62,68,74,76,79,85,88,90,95,96,99,101,102,103,104,109,110	ء ر ض ب ي ن ج ه ر ح ص ب ح ص ر خ ب ر خ س ف خ ش ع ض ر ب ط م ن ظ ه ر ع د و ق ل ل ك ل و ن ش ر ن ف ل	kw:ground(47.5872); kw:geography(44.2507); kw:ecology(40.924); kw:vegetation(34.3516); kw:land(34.1742); kw:surface(33.6716); kw:quiver(32.1114); kw:landscape(31.0628)	ء ر ض:B008:الأَرْض الرعدة → ق ل ل:B005:القِلُّ رعدة واضطراب
C1625	0.6133	diversion / departure / transition / escape	30	15	16	14	0.05722486	0.1176	0.8571	0.7143	9,10,12,13,15,29,30,31,33,35,47,54,57,58,59,60,62,64,67,71,76,78,79,80,82,92,97,99,103,106	ب س ط ج ل ب خ ر ج س ق ط ش ج ر ظ ل م ع ذ ب ف ت ل ف ر ق ف ز ز ف ص ل ق و م م ل ق ن ج و ي د ي	kw:diversion(53.9753); kw:departure(45.8825); kw:transition(45.5656); kw:escape(41.5754); kw:separation(41.0998); kw:prevention(38.8817); kw:avoidance(38.2751); kw:exit(31.0619)	ف ص ل:B010:خروج الشيء من مكانه أو نفاذه → خ ر ج:B001:النفاذ إلى خارج الشيء
C1626	0.612	falsehood / emotion_ethics/deception_corruption / fabrication / lie	21	13	16	22	0.05568428	0.193	0.9545	0.4545	1,5,33,37,41,49,51,56,59,60,61,70,73,80,89,92,93,98,99,107,108	ت ل و ج ب ل ح ر م خ ر ق خ ل ق ز خ ر ف ز ع م ش ج ر ص د ق ص ر ف ف ر ي ف ع ل ك ذ ب	kw:falsehood(78.5549); theme:emotion_ethics/deception_corruption(60.8752); kw:fabrication(59.5205); kw:lie(59.0879); kw:accusation(55.4339); kw:testimony(53.1324); kw:slander(39.0107); kw:cloth(36.3226)	ك ذ ب:B001:خلاف الصدق → ص د ق:B001:صدق القول
C1627	0.6119	life / emotion_ethics/intention_character / soul / self	23	10	16	18	0.05629791	0.1731	0.8333	0.7222	7,11,12,14,15,17,18,25,28,30,33,44,48,54,56,64,67,69,70,74,83,85,86	ر و ح ش ر ر ش ي ء ض ر ر ط و ع ط ي ب ع ر ض غ ر ر ق ر ن ن ف س	kw:life(54.6714); theme:emotion_ethics/intention_character(54.2753); kw:soul(44.0082); kw:self(43.7155); kw:psychology(33.4095); kw:spirit(29.7602); kw:vitality(28.1384); kw:breath(27.2163)	ن ف س:B011:النفس التي بها الحياة → ر و ح:B001:النفس والروح التي بها حياة البدن
C1628	0.6119	land_water_sky/weather_climate / rain / snow / ground	28	16	16	17	0.05414318	0.1417	0.8824	0.5882	4,8,12,17,29,30,31,37,44,48,49,55,57,63,68,76,86,90,91,92,95,96,98,99,102,103,104,109	ء ر ض ب س ط ج د د ح ذ ر ح ص ب ح ص ر خ ب ر خ ش ع خ ط ء ذ ه ب س ق ط س ن و ض ر ب م ح و م ر ح ن خ ل	theme:land_water_sky/weather_climate(63.2049); kw:rain(59.2371); kw:snow(49.5059); kw:ground(47.5872); kw:storm(46.5929); kw:earth(45.5656); kw:surface(44.8955); kw:geography(44.2507)	ب س ط:B002:الأرض والبساط المبسوط → ج د د:B007:وجه الأرض المستوي
C1629	0.6116	surface / appearance / visibility / back	22	14	17	23	0.05467625	0.1769	1.0	0.4783	7,8,9,16,21,28,29,30,46,48,51,58,67,68,75,83,88,93,94,97,105,110	ب س ط ب ش ر ج ن ب ج ه ر ح ص ر ح ي ي خ س ف د ب ر ص د ر ظ ه ر ع ر ض ق ر ي ن ظ ر و ج ه	kw:surface(67.3432); kw:appearance(53.8879); kw:visibility(50.5848); kw:back(37.5174); kw:body(36.334); kw:face(35.9982); kw:ground(35.6904); kw:geography(35.4006)	ص د ر:B001:الصدر الجارحة وما يتصل بها → ظ ه ر:B002:الظهر وخلاف البطن
C1630	0.6115	avoidance / distance / separation / diversion	19	13	15	17	0.05321546	0.165	0.8824	0.6471	6,17,18,27,39,41,46,53,55,60,64,68,71,76,81,83,100,103,104	ب ع د ج ل ب ج ن ب د ح ر ز ه ق ش ج ر ش ط ن ف ت ل ف ز ز ن ء ي ن ب و ن ف ر ن ف ق	kw:avoidance(76.5503); kw:distance(72.6452); kw:separation(71.9247); kw:diversion(53.9753); kw:removal(46.4691); kw:departure(45.8825); theme:movement_travel/migration_displacement(43.7613); kw:motion(35.7117)	ب ع د:B003:إحداث البعد والمباعدة → ج ن ب:B003:المجانبة إبعاد واعتزال وغربة
C1631	0.6115	side / anatomy / flank / camel	14	12	17	17	0.05728883	0.1328	1.0	0.7647	7,8,24,29,42,46,68,80,83,88,90,92,97,104	ج ن ب ج ن ح ح س ر ح ص ر د ب ر د خ ل س ع ر س ق ط ظ ه ر ع ر ش ل ف ف ن ب ع	kw:side(67.2365); kw:anatomy(54.9297); kw:flank(38.6317); kw:camel(37.0667); kw:feather(30.2314); kw:wing(29.544); kw:meat(25.6736); kw:edge(23.0643)	ج ن ح:B002:الجناح جانبا ويدا وكنفا → ج ن ب:B001:الجنب جانب الجسد وناحية الشيء
C1632	0.6109	sight / gaze / deliberation / cognition_perception/perception	30	10	13	11	0.06016136	0.1528	0.8182	0.6364	1,5,7,12,17,18,21,30,36,44,46,48,54,59,60,61,62,64,68,69,74,83,85,86,96,99,102,104,107,108	ب ص ر ج ن ب د ب ر ر ء ي ر و ح س ج د ش ي ء ق د ر ن ظ ر و ع د	kw:sight(56.8924); kw:gaze(54.9176); kw:deliberation(43.7155); theme:cognition_perception/perception(42.8257); kw:planning(41.9894); kw:vision(35.1186); kw:calculation(31.7301); kw:stallion(29.544)	ر ء ي:B001:رؤية العين والبصيرة → ب ص ر:B001:إبصار العين
C1633	0.6108	hand / limb / touch / laterality	17	14	17	22	0.05671306	0.1692	1.0	0.5455	7,20,28,29,30,46,47,48,51,64,67,68,71,78,83,88,97	ب س ط ج ن ب د ب ر د ل ك ر ج ل ص د ر ض ر ب ظ ه ر ع ط و م س س و ج ه ي د ي ي س ر ي م ن	kw:hand(72.6452); kw:limb(49.8887); kw:touch(41.1882); kw:laterality(36.9273); kw:contact(36.6655); kw:body(36.334); kw:side(33.6183); kw:orientation(32.2476)	ي س ر:B004:الجهة اليسرى واليد اليسرى → ي م ن:B002:اليد اليمنى والجهة اليمنى
C1634	0.6107	growth / fruit / pasture / fertility	38	14	15	18	0.05390454	0.1731	0.7778	0.4444	2,4,5,8,23,26,27,37,44,48,55,59,62,64,66,67,69,70,71,73,76,77,84,85,88,89,90,91,92,95,98,99,101,102,103,104,106,107	ء ت ي ء ج ل ء ر ض ب ح ر ج ن ن خ ل ل س ن ن ش ك ل ط و ع ف ر ق ك ر م ك ف ر م ر ح ن خ ل	kw:growth(63.214); kw:fruit(46.4691); kw:pasture(46.1287); kw:fertility(42.5584); kw:agriculture(41.0786); kw:ecology(40.924); theme:agriculture_food/plant_vegetation(35.0919); kw:ripeness(29.9889)	ء ر ض:B002:الأرض اللينة المنبتة → ك ر م:B002:جودة النبات والغيث
C1635	0.6081	land_water_sky/sky_astronomy / astronomy / sky / constellation	32	15	17	16	0.05649244	0.1194	0.875	0.625	3,4,7,10,15,17,37,42,43,44,45,46,54,55,57,58,59,66,70,72,76,90,92,93,95,97,99,102,103,104,109,110	ء ر ض ح ج ب ح م ل خ ش ع د ب ر ذ ن ب س م و ع ذ ب ع ر ش ع ل و ع م ي ف ل ك ك ذ ب ك س ف ن و ق	theme:land_water_sky/sky_astronomy(68.0156); kw:astronomy(64.2444); kw:sky(59.8663); kw:constellation(43.7155); theme:land_water_sky/weather_climate(39.5031); kw:star(38.5105); kw:dimming(35.7766); kw:overhead(34.884)	ك س ف:B002:ذهاب الضوء واحتجاب النير → خ ش ع:B003:كوكب يغور
C1636	0.608	prevention / interdiction / restriction / prohibition	13	11	15	15	0.05744054	0.1531	1.0	0.6667	8,20,24,28,39,48,50,57,62,73,75,86,97	ج ن ح ح ج ر ح ص ر ح ظ ر ح ك م ح ن ك ح ي ي ر ج و ص م م ض ر ب و ح ي	kw:prevention(51.8423); kw:interdiction(51.232); kw:restriction(48.1671); kw:prohibition(44.9833); kw:protection(39.7908); kw:hardness(37.1238); kw:reform(33.004); kw:authority(31.457)	ح ظ ر:B002:منع وحجر عن الإباحة → ح ج ر:B001:المنع والإحاطة
C1637	0.6075	justice / right / entitlement / claim	19	10	13	12	0.06034158	0.1667	0.8333	0.6667	16,26,33,41,46,47,59,69,71,74,75,81,82,85,97,99,104,105,111	ء م ر ب ط ل ث ب ت ح ق ق ح ي ي ذ ك ر ر و ح ظ ل م ل ف ف و ل ي	kw:justice(67.3432); kw:right(55.9858); kw:entitlement(50.3071); kw:claim(41.9894); kw:law(35.8719); kw:circumstance(33.004); kw:owner(32.1114); kw:proof(31.7301)	ر و ح:B006:رد الحق إلى صاحبه → ل ف ف:B006:لف الحق عن صاحبه حتى يمنعه
C1638	0.6053	passage / traversal / opening / perforation	14	11	16	15	0.06323079	0.1316	0.8667	0.7333	5,21,37,45,47,51,52,64,67,73,91,106,107,109	ج ل ب ج و ب ج و س ح ج ب خ ر ر خ ر ق خ ل ل د ر ج ف ر ق ف ط ر ن ج و	kw:passage(47.5872); kw:traversal(46.1482); kw:opening(37.1238); kw:perforation(30.7655); kw:split(29.7602); kw:breach(29.544); kw:fissure(29.3388); kw:hole(29.1436)	خ ر ق:B002:الجوب والاختراق في الأرض والريح → ج و ب:B002:قطع الأرض والبلاد
C1639	0.6005	recurrence / return / time_measure_quantity/sequence_cycle / calendar	14	9	12	10	0.05533576	0.1667	1.0	0.6	5,6,7,8,12,20,47,51,64,69,78,88,104,108	ت ا ر ر ج ل ش م س ظ ه ر ع د د ع ط و ع و د ك ر ر و ع د	kw:recurrence(68.3392); kw:return(47.9976); theme:time_measure_quantity/sequence_cycle(46.5028); kw:calendar(36.3226); kw:appointment(31.7301); kw:schedule(31.7301); kw:reversal(31.0619); kw:repetition(27.9929)	ك ر ر:B001:رجوع وترديد بعد مرة → ع و د:B001:رجوع بعد انصراف وتثنية بعد بدء
C1640	0.6	grip / hand / handle / palm	19	12	15	13	0.05849662	0.1313	0.9231	0.6923	2,20,29,30,40,47,51,59,64,69,71,73,85,88,92,94,103,104,111	ء خ ذ ب س ط ج م ع ر ء س ر ج ل ر و ح ع ط و ك س ف ل ف ف م ن ع ي د ي ي م ن	kw:grip(72.8591); kw:hand(60.5377); kw:handle(46.1482); kw:palm(45.4883); kw:tool(42.4); kw:gift(37.8305); kw:limb(37.4165); kw:exchange(32.7314)	ي د ي:B003:اليَد النعمة → ب س ط:B004:مد اليد وإطلاقها
