family_id	branch_status	node_id	root	branch_id	ayahs	image_ar
F001	core	quranic:root_000009:B012	ء ت ي	B012	18,34,38	استئتاء الناقة
F001	core	quranic:root_000369:B008	ح و ر	B008	20	حِوار الناقة
F001	core	quranic:root_000480:B009	د ف ع	B009	8	دفع اللبن في الضرع قبل النتاج
F001	core	quranic:root_000531:B010	ر ء ي	B010	44	ظهور حمل الناقة أو الشاة
F001	core	quranic:root_000552:B004	ر ح م	B004	28	وجع الرَّحِم بعد الولادة
F001	core	quranic:root_000582:B007	ر ف ع	B007	5	رفع اللبن في الضرع
F001	core	quranic:root_000676:B007	س ج ر	B007	6	حنين الناقة الممدود
F001	core	quranic:root_000871:B002	ص ف ف	B002	20	ناقة تجمع محالبها
F001	core	quranic:root_001174:B004	ف ك ه	B004	18,22	لبن مفكه طيب قبل الولاد
F001	core	quranic:root_001290:B006	ك ذ ب	B006	11,14	كذب لبن الناقة إذا ذهب ولم يدم
F001	core	quranic:root_001678:B006	و ك ء	B006	20	تصلق الناقة عند المخاض
F001	optional	quranic:root_000009:B009	ء ت ي	B009	18,34,38	رجع يدي الناقة في السير
F001	optional	quranic:root_000202:B007	ث ق ل	B007	40	إثقال الحمل
F001	optional	quranic:root_000382:B003	ح ي ن	B003	48	جعل وقت معلوم للفعل
F001	optional	quranic:root_000478:B003	د ع و	B003	28	داعية اللبن
F001	optional	quranic:root_000532:B009	ر ب ب	B009	7,18,29,37,48	شاة رُبّى وحداثة
F001	optional	quranic:root_001456:B004	م و ر	B004	9	سرعة السير مع المور
F001	rare	quranic:root_000076:B013	ء ل ي	B013	13	الإبطاء والاحتباس
F001	rare	quranic:root_000086:B003	ب ح ر	B003	6	الشَّق الواسع
F001	rare	quranic:root_000170:B006	ب ي ن	B006	38	بعد المسافة واتساع الفجوة
F001	rare	quranic:root_000170:B009	ب ي ن	B009	38	الحالب من جهة مخصوصة
F001	rare	quranic:root_000170:B010	ب ي ن	B010	38	الوقت الواقع أثناء حال أو فعل
F001	rare	quranic:root_000266:B007	ج ن ن	B007	17,29	الجنين المستور في البطن
F001	rare	quranic:root_000266:B014	ج ن ن	B014	17,29	جن الشيء في بدايته
F001	rare	quranic:root_000299:B002	ح د ث	B002	34	طراوة السن وقرب العهد
F001	rare	quranic:root_000382:B001	ح ي ن	B001	48	وقت الشيء وأوانه
F001	rare	quranic:root_000458:B001	د ب ر	B001	49	خلف الشيء ودبره
F001	rare	quranic:root_000458:B010	د ب ر	B010	49	الدبير والمدابرة في الفتل والأذن
F001	rare	quranic:root_000477:B003	د ع ع	B003	13	الدعدعة نداء وزجر
F001	rare	quranic:root_000477:B009	د ع ع	B009	13	الدعاع عيال صغار
F001	rare	quranic:root_000532:B010	ر ب ب	B010	7,18,29,37,48	ربابة تجمع القداح
F001	rare	quranic:root_000582:B003	ر ف ع	B003	5	رفع السير
F001	rare	quranic:root_000582:B008	ر ف ع	B008	5	الرِفاعة للمرأة
F001	rare	quranic:root_000610:B008	ر و د	B008	42	الجارية الرود الشابة
F001	rare	quranic:root_000676:B008	س ج ر	B008	6	اندفاع الإبل وتتابع سيرها
F001	rare	quranic:root_000680:B005	س ح ب	B005	44	سحابة اليوم
F001	rare	quranic:root_000697:B015	س ر ر	B015	20	رمل على الأكمة
F001	rare	quranic:root_000719:B004	س ق ط	B004	44	الولد السِّقط قبل تمامه
F001	rare	quranic:root_000732:B004	س ل ط	B004	38	لسان سليط حاد صخاب
F001	rare	quranic:root_000741:B002	س م ع	B002	38	الأذن وموضع السمع
F001	rare	quranic:root_000743:B007	س م م	B007	27	سمامة وطير سريع
F001	rare	quranic:root_000745:B003	س م و	B003	9,36,44	تطاول الفحل على الشول
F001	rare	quranic:root_000766:B005	س و ي	B005	16	بلوغ وتمام الشباب
F001	rare	quranic:root_000769:B001	س ي ر	B001	10	المضي والجريان
F001	rare	quranic:root_000769:B002	س ي ر	B002	10	السيرة والطريقة
F001	rare	quranic:root_000831:B006	ش ي ء	B006	21,35,46	إصغاء السمع
F001	rare	quranic:root_000852:B007	ص د ق	B007	34	صداق المرأة
F001	rare	quranic:root_000994:B009	ع ذ ب	B009	7,18,27,47	العذابة والرحم والخرج بعد الولد
F001	rare	quranic:root_001040:B004	ع ل م	B004	47	شق ظاهر في الشفة العليا
F001	rare	quranic:root_001103:B001	غ ل م	B001	24	حداثة الغلام
F001	rare	quranic:root_001117:B009	غ ي ب	B009	41	تغييبه في القبر
F001	rare	quranic:root_001198:B011	ق ب ل	B011	25,26,28	إقبال العضو أو العلامة إلى جهة
F001	rare	quranic:root_001273:B020	ق و م	B020	32,48	قوام في قوائم الشاة
F001	rare	quranic:root_001332:B001	ك و ن	B001	14,16,19,26,28,34	وقوع الشيء وحضوره في زمان
F001	rare	quranic:root_001372:B003	ل ق ي	B003	45	سرعة اللقاح
F001	rare	quranic:root_001392:B003	ل ي ل	B003	49	الليلة القريبة من اليوم
F001	rare	quranic:root_001489:B012	ن ز ع	B012	23	اندفاع الجري والسير
F001	rare	quranic:root_001564:B002	ن و ر	B002	13,14	النار المتقدة والسمة بها
F001	rare	quranic:root_001678:B007	و ك ء	B007	20	الامتلاء والاحتباس
F001	rare	quranic:root_001700:B002	ي و م	B002	9,13,45,46	مدة من الزمان
F001	rare	quranic:root_001700:B003	ي و م	B003	9,13,45,46	كائنة اليوم وشدته
F002	core	quranic:root_000458:B012	د ب ر	B012	49	الدبور ريح من خلف الكعبة
F002	core	quranic:root_000531:B009	ر ء ي	B009	44	الرئة وما يصيبها
F002	core	quranic:root_000743:B004	س م م	B004	27	ريح حارة نافذة
F002	core	quranic:root_001198:B012	ق ب ل	B012	25,26,28	ريح تقابل الدبور
F002	core	quranic:root_001358:B005	ل ع ب	B005	12	عبث الريح والتيه في المواضع
F002	core	quranic:root_001456:B003	م و ر	B003	9	الغبار المثار بالريح
F002	core	quranic:root_001489:B014	ن ز ع	B014	23	اختلاف مهاب الرياح
F002	core	quranic:root_001503:B003	ن ش ر	B003	3	الرائحة الطيبة المنتشرة
F002	core	quranic:root_001525:B009	ن ع م	B009	17,29	النعامى ريح لينة
F002	optional	quranic:root_000682:B001	س ح ر	B001	15	السَّحَر العضو
F002	rare	quranic:root_000152:B001	ب ل ل	B001	33,36	البلل والندى
F002	rare	quranic:root_000175:B010	ت ب ع	B010	21	الجنية التابعة
F002	rare	quranic:root_000266:B005	ج ن ن	B005	17,29	الجن المستترون
F002	rare	quranic:root_000266:B008	ج ن ن	B008	17,29	الجُنّة الواقية
F002	rare	quranic:root_000369:B007	ح و ر	B007	20	الدوران على محور
F002	rare	quranic:root_000369:B009	ح و ر	B009	20	الهلكة والكساد
F002	rare	quranic:root_000434:B010	خ ل ق	B010	35,36	الخلوق والتخليق بالطيب
F002	rare	quranic:root_000511:B003	ذ ر ر	B003	21	مسحوق الذريرة والذَّرور
F002	rare	quranic:root_000531:B008	ر ء ي	B008	44	رئي من الجن
F002	rare	quranic:root_000532:B008	ر ب ب	B008	7,18,29,37,48	رباب السحاب
F002	rare	quranic:root_000532:B016	ر ب ب	B016	7,18,29,37,48	رُبَى حاجة وعقدة ونعمة
F002	rare	quranic:root_000610:B004	ر و د	B004	42	التردد والاختلاف جيئة وذهابا
F002	rare	quranic:root_000610:B006	ر و د	B006	42	أدوات الإدارة والدوران
F002	rare	quranic:root_000616:B001	ر ي ب	B001	30	اضطراب الشك والريبة
F002	rare	quranic:root_000616:B003	ر ي ب	B003	30	حاجة يخاف فوتها
F002	rare	quranic:root_000697:B006	س ر ر	B006	20	سرة البطن وما يقطع منها
F002	rare	quranic:root_000697:B013	س ر ر	B013	20	قشور الكمأة وترابها
F002	rare	quranic:root_000719:B002	س ق ط	B002	44	الساقط الذي لا يعتد به
F002	rare	quranic:root_000783:B001	ش ر ب	B001	19	تناول المائع
F002	rare	quranic:root_000783:B006	ش ر ب	B006	19	شارب الفم ومجاري الحلق
F002	rare	quranic:root_000967:B006	ظ ل م	B006	47	الظليم ذكر النعام
F002	rare	quranic:root_001069:B010	ع ي ن	B010	20,48	عين السحاب والمطر
F002	rare	quranic:root_001174:B001	ف ك ه	B001	18,22	طيب النفس والنعيم المستطاب
F002	rare	quranic:root_001286:B005	ك ث ر	B005	47	كوثر الغبار وتكوثره
F002	rare	quranic:root_001307:B008	ك ف ر	B008	42	تغطية البذر
F002	rare	quranic:root_001324:B003	ك ن ن	B003	24	الدخول في الكِنّ والاستتار
F002	rare	quranic:root_001410:B002	م ر ء	B002	21	المروءة وكمال الرجولية
F002	rare	quranic:root_001410:B005	م ر ء	B005	21	المَرِيء مجرى الطعام
F002	rare	quranic:root_001489:B011	ن ز ع	B011	23	طيب مقطع الشراب
F003	core	quranic:root_000406:B005	خ ز ن	B005	37	اختصار الطريق إلى أقربه
F003	core	quranic:root_000595:B002	ر ك م	B002	44	أثر الطريق المتراكم بالمارة
F003	core	quranic:root_000743:B011	س م م	B011	27	وجه مقصود وغور مسبور
F003	core	quranic:root_000791:B005	ش ر ك	B005	43	شِرك الطريق
F003	core	quranic:root_001046:B011	ع م ل	B011	16,19,21	الطريق المعمل
F003	core	quranic:root_001348:B013	ل ح م	B013	22	استلحام الطريق واتباعه
F003	core	quranic:root_001456:B006	م و ر	B006	9	الطريق لكثرة التردد
F003	optional	quranic:root_000051:B005	ء م ر	B005	32	العلامة والموعد
F003	optional	quranic:root_000156:B008	ب ن ي	B008	39	تسميات الابن والبنت للأشياء المتفرعة أو الصغيرة
F003	optional	quranic:root_000175:B001	ت ب ع	B001	21	التلو والقفو
F003	optional	quranic:root_000369:B005	ح و ر	B005	20	الرجوع والنقصان
F003	optional	quranic:root_000531:B011	ر ء ي	B011	44	راية منصوبة
F003	optional	quranic:root_000769:B002	س ي ر	B002	10	السيرة والطريقة
F003	optional	quranic:root_001040:B002	ع ل م	B002	47	أثر يميز الشيء ويهدي إليه
F003	optional	quranic:root_001397:B010	م ث ل	B010	34	الامتثال والاحتذاء
F003	optional	quranic:root_001525:B007	ن ع م	B007	17,29	ما سمي نعامة تشبيها بالهيئة
F003	optional	quranic:root_001564:B005	ن و ر	B005	13,14	المنار والمنارة الظاهرة
F003	rare	quranic:root_000009:B003	ء ت ي	B003	18,34,38	مأتى الأمر وتهيؤه
F003	rare	quranic:root_000009:B007	ء ت ي	B007	18,34,38	خروج النماء والنتاج
F003	rare	quranic:root_000009:B010	ء ت ي	B010	18,34,38	الميتاء طريق ومحاذاة
F003	rare	quranic:root_000025:B004	ء ر ض	B004	36	ابن الأرض الغريب
F003	rare	quranic:root_000043:B002	ء ك ل	B002	19	غلة الشجر والزرع
F003	rare	quranic:root_000076:B013	ء ل ي	B013	13	الإبطاء والاحتباس
F003	rare	quranic:root_000051:B001	ء م ر	B001	32	الشأن والحال
F003	rare	quranic:root_000051:B002	ء م ر	B002	32	الطلب والإلزام
F003	rare	quranic:root_000175:B002	ت ب ع	B002	21	اللَّحاق والإدراك
F003	rare	quranic:root_000434:B002	خ ل ق	B002	35,36	إبداع الخلق وإيجاده
F003	rare	quranic:root_000458:B006	د ب ر	B006	49	تدبير الأمر والنظر في عاقبته
F003	rare	quranic:root_000480:B002	د ف ع	B002	8	دفع الشيء إلى غيره بمعنى إيصاله وإعطائه
F003	rare	quranic:root_000511:B001	ذ ر ر	B001	21	صغر الذر وانتشاره
F003	rare	quranic:root_000531:B006	ر ء ي	B006	44	مرأى ومنظر ومرآة
F003	rare	quranic:root_000610:B004	ر و د	B004	42	التردد والاختلاف جيئة وذهابا
F003	rare	quranic:root_000737:B012	س ل م	B012	38	تسليم الشيء وتخليته
F003	rare	quranic:root_000741:B003	س م ع	B003	38	الفهم والامتثال
F003	rare	quranic:root_000745:B006	س م و	B006	9,36,44	الخروج للصيد
F003	rare	quranic:root_000766:B004	س و ي	B004	16	إقبال وقصد إلى جهة
F003	rare	quranic:root_000766:B008	س و ي	B008	16	قصد نحو شخص أو جهة
F003	rare	quranic:root_000798:B006	ش ع ر	B006	30	علامة مشعرة وشعيرة نسك
F003	rare	quranic:root_000831:B003	ش ي ء	B003	21,35,46	حمل الشيء إلى الأمر
F003	rare	quranic:root_000832:B006	ش ي ء	B006	21,35,46	صغار النخل
F003	rare	quranic:root_000831:B008	ش ي ء	B008	21,35,46	صغار النخل
F003	rare	quranic:root_000880:B007	ص ل ي	B007	16	المصلي يتلو السابق
F003	rare	quranic:root_000994:B003	ع ذ ب	B003	7,18,27,47	الكف والمنع والفطام عن الشيء
F003	rare	quranic:root_001290:B007	ك ذ ب	B007	11,14	كذب الوحشي إذا جرى ثم وقف
F003	rare	quranic:root_001347:B001	ل ح ق	B001	21	إدراك اللاحق لما أمامه وبلوغه إليه
F003	rare	quranic:root_001358:B006	ل ع ب	B006	12	طلع جديد مع حمل باق
F003	rare	quranic:root_001409:B002	م ر ء	B002	21	المروءة
F003	rare	quranic:root_001434:B004	م ع ع	B004	31	عمل في عجل
F003	rare	quranic:root_001456:B001	م و ر	B001	9	التردد والتموج
F003	rare	quranic:root_001456:B007	م و ر	B007	9	الدوران والرجوع عن الغور
F003	rare	quranic:root_001489:B009	ن ز ع	B009	23	منزعة الرأي والهمة
F003	rare	quranic:root_001564:B002	ن و ر	B002	13,14	النار المتقدة والسمة بها
F003	rare	quranic:root_001638:B003	و ذ ر	B003	45	ذَرْ الشيء وتركه
F004	core	quranic:root_000121:B006	ب ص ر	B006	15	غلظ الحافة ووصل الشقتين
F004	core	quranic:root_000552:B001	ر ح م	B001	28	الرَّحْمَة والرقة
F004	core	quranic:root_000586:B001	ر ق ق	B001	3	الرِّقّة واللِّين
F004	core	quranic:root_000803:B001	ش ف ق	B001	26	رقة الشيء ورداءته أو قلته
F004	core	quranic:root_001040:B002	ع ل م	B002	47	أثر يميز الشيء ويهدي إليه
F004	core	quranic:root_001069:B007	ع ي ن	B007	20,48	عين الجلد والسقاء
F004	core	quranic:root_001283:B001	ك ت ب	B001	2,41	ضم شيء إلى شيء
F004	core	quranic:root_001503:B001	ن ش ر	B001	3	فتح الشيء وبسطه وتشعبه
F004	core	quranic:root_001525:B001	ن ع م	B001	17,29	حسن الحال والنعمة
F004	optional	quranic:root_000076:B003	ء ل ي	B003	13	المعية والضم
F004	optional	quranic:root_000152:B009	ب ل ل	B009	33,36	البلبلة والاختلاط
F004	optional	quranic:root_000217:B007	ج ب ل	B007	10	إحكام النسج
F004	optional	quranic:root_000434:B001	خ ل ق	B001	35,36	تقدير الشيء وقياسه
F004	optional	quranic:root_000434:B009	خ ل ق	B009	35,36	بلى الثوب وذهاب وبره
F004	optional	quranic:root_000586:B005	ر ق ق	B005	3	الضَّعف والقِلّة
F004	optional	quranic:root_000595:B001	ر ك م	B001	44	تجمع الشيء بعضه فوق بعض
F004	optional	quranic:root_000666:B005	س ب ح	B005	43,48,49	السعة للذهاب والمعاش
F004	optional	quranic:root_000719:B001	س ق ط	B001	44	وقوع الشيء وانطراحه إلى أسفل
F004	optional	quranic:root_000957:B004	ط و ف	B004	24	الطائفة الملتفة
F004	optional	quranic:root_001286:B007	ك ث ر	B007	47	الكمثرة اجتماع الشيء
F004	optional	quranic:root_001298:B004	ك س ف	B004	44	قطعة منفصلة من جسم أو سماء
F004	optional	quranic:root_001348:B006	ل ح م	B006	22	لحمة الثوب والنسيج
F004	optional	quranic:root_001489:B001	ن ز ع	B001	23	قلع الشيء من مقره
F004	optional	quranic:root_001678:B001	و ك ء	B001	20	شد الوكاء وربط الوعاء
F005	core	quranic:root_000202:B004	ث ق ل	B004	40	المثقال والوزن
F005	core	quranic:root_001273:B015	ق و م	B015	32,48	وزن سواء ومقدار معتدل
F005	core	quranic:root_001407:B006	م د د	B006	22	مد يقدر به الكيل
F005	core	quranic:root_001449:B005	م ن ن	B005	27,30	مقدار موزون يسمى منا أو منا
F005	core	quranic:root_001677:B004	و ق ي	B004	17,18,27	الأوقية وزن معلوم
F005	optional	quranic:root_000076:B011	ء ل ي	B011	13	الاستطاعة والطاقة
F005	optional	quranic:root_000054:B001	ء م ن	B001	21,33	سكون القلب في أمن وثقة
F005	optional	quranic:root_000166:B002	ب ي ت	B002	4	أهل البيت وعياله
F005	optional	quranic:root_000170:B002	ب ي ن	B002	38	الخلالة والوسط بين شيئين
F005	optional	quranic:root_000202:B001	ث ق ل	B001	40	الثقل ضد الخفة
F005	optional	quranic:root_000202:B005	ث ق ل	B005	40	الثقل النفيس ذو القدر
F005	optional	quranic:root_000217:B006	ج ب ل	B006	10	دخول الجبال
F005	optional	quranic:root_000406:B001	خ ز ن	B001	37	صيانة الشيء وإحرازه
F005	optional	quranic:root_000477:B002	د ع ع	B002	13	الدعدعة تحريك لامتلاء
F005	optional	quranic:root_000502:B003	د و ن	B003	47	السوى والغير
F005	optional	quranic:root_000511:B003	ذ ر ر	B003	21	مسحوق الذريرة والذَّرور
F005	optional	quranic:root_000531:B003	ر ء ي	B003	44	الرؤيا في المنام
F005	optional	quranic:root_000766:B001	س و ي	B001	16	مساواة ومعادلة بين شيئين
F005	optional	quranic:root_000766:B006	س و ي	B006	16	وسط وعدل ومكان منصف
F005	optional	quranic:root_000766:B007	س و ي	B007	16	مباينة وكون الشيء غيره
F005	optional	quranic:root_000798:B007	ش ع ر	B007	30	قريض وشاعر
F005	optional	quranic:root_000831:B001	ش ي ء	B001	21,35,46	الشيء المعلوم المخبر عنه
F005	optional	quranic:root_000840:B017	ص ب ر	B017	16,48	الجبل ووسطه
F005	optional	quranic:root_001069:B011	ع ي ن	B011	20,48	النقد الحاضر
F005	optional	quranic:root_001069:B013	ع ي ن	B013	20,48	عين الشيء نفسه
F005	optional	quranic:root_001119:B005	غ ي ر	B005	35,43	السوى والخلاف والاستثناء والنفي
F005	optional	quranic:root_001272:B004	ق و ل	B004	26,30,31,33,44	القيل صاحب القول النافذ
F005	optional	quranic:root_001273:B010	ق و م	B010	32,48	قيمة وتقويم وتسعير
F005	optional	quranic:root_001296:B004	ك س ب	B004	21	الكُسب عصارة الدهن
F005	optional	quranic:root_001315:B002	ك ل ل	B002	21	الكُلّ عيالا وثقلا
F005	optional	quranic:root_001334:B002	ك ي د	B002	42,46	المكيدة والاحتيال
F005	optional	quranic:root_001397:B002	م ث ل	B002	34	المثلة والنكال
F005	optional	quranic:root_001397:B005	م ث ل	B005	34	المثول والانتصاب
F005	optional	quranic:root_001475:B008	ن ج م	B008	49	المعدن والمنبع
F006	core	quranic:root_000051:B001	ء م ر	B001	32	الشأن والحال
F006	core	quranic:root_000299:B003	ح د ث	B003	34	كلام يتجدد خبرا وحديثا
F006	core	quranic:root_000299:B004	ح د ث	B004	34	صيرورة المرء حديث الناس
F006	core	quranic:root_000369:B006	ح و ر	B006	20	مراجعة الكلام
F006	core	quranic:root_000446:B002	خ و ض	B002	12	الدخول في الحديث والأمر
F006	core	quranic:root_000719:B014	س ق ط	B014	44	سقاط الحديث مناوبة الكلام
F006	core	quranic:root_001174:B003	ف ك ه	B003	18,22	الفكاهة وملاحة الكلام
F006	core	quranic:root_001272:B007	ق و ل	B007	26,30,31,33,44	القول الفاشي بين الناس
F006	core	quranic:root_001361:B002	ل غ و	B002	23	الكلام الباطل القبيح
F006	core	quranic:root_001372:B011	ل ق ي	B011	45	تلقي الكلام أخذا وتلقينا
F006	optional	quranic:root_000170:B005	ب ي ن	B005	38	كشف المعنى بالقول أو العلامة
F006	optional	quranic:root_000434:B007	خ ل ق	B007	35,36	اختلاق الكذب والكلام
F006	optional	quranic:root_000697:B001	س ر ر	B001	20	إخفاء الشيء في الباطن
F006	optional	quranic:root_000704:B002	س ط ر	B002	2,37	أساطير الباطل
F006	optional	quranic:root_000737:B013	س ل م	B013	38	أخذه سلما أي أسره
F006	optional	quranic:root_000803:B005	ش ف ق	B005	26	نواحي الأمر وأشفاقه
F006	optional	quranic:root_001272:B001	ق و ل	B001	26,30,31,33,44	إخراج القول بالنطق
F006	optional	quranic:root_001272:B005	ق و ل	B005	26,30,31,33,44	قول ما لم يكن أو نسبته
F006	optional	quranic:root_001272:B009	ق و ل	B009	26,30,31,33,44	المقاولة في الأمر
F006	optional	quranic:root_001290:B001	ك ذ ب	B001	11,14	خلاف الصدق
F006	optional	quranic:root_001489:B006	ن ز ع	B006	23	مجاذبة بين طرفين
F006	rare	quranic:root_000051:B007	ء م ر	B007	32	المشاورة وتدبير الرأي
F006	rare	quranic:root_000152:B006	ب ل ل	B006	33,36	بِلّة اللسان
F006	rare	quranic:root_000152:B009	ب ل ل	B009	33,36	البلبلة والاختلاط
F006	rare	quranic:root_000299:B006	ح د ث	B006	34	إبداء الشيء وإظهاره
F006	rare	quranic:root_000478:B005	د ع و	B005	28	التداعي بالسقوط
F006	rare	quranic:root_000582:B005	ر ف ع	B005	5	إذاعة الخبر
F006	rare	quranic:root_000610:B002	ر و د	B002	42	المراودة على الفعل
F006	rare	quranic:root_000682:B002	س ح ر	B002	15	السِّحر صرف وخداع
F006	rare	quranic:root_000719:B003	س ق ط	B003	44	السقطة خطأ وزلة وإسقاط
F006	rare	quranic:root_000719:B013	س ق ط	B013	44	تسقُّط العيب والخبر
F006	rare	quranic:root_000737:B012	س ل م	B012	38	تسليم الشيء وتخليته
F006	rare	quranic:root_000741:B004	س م ع	B004	38	إسماع الغير
F006	rare	quranic:root_000741:B006	س م ع	B006	38	إسماع القبيح والشتم
F006	rare	quranic:root_000852:B001	ص د ق	B001	34	صدق القول
F006	rare	quranic:root_001198:B007	ق ب ل	B007	25,26,28	تلقي الخارج إلى اليد
F006	rare	quranic:root_001272:B003	ق و ل	B003	26,30,31,33,44	كثرة القول في صاحبه
F006	rare	quranic:root_001286:B003	ك ث ر	B003	47	كثرة في صاحب أو كلام أو مطالب
F006	rare	quranic:root_001290:B002	ك ذ ب	B002	11,14	نسبة الشيء أو صاحبه إلى الكذب
F006	rare	quranic:root_001290:B004	ك ذ ب	B004	11,14	صدق الحملة أو كذبها
F006	rare	quranic:root_001489:B009	ن ز ع	B009	23	منزعة الرأي والهمة
F006	rare	quranic:root_001573:B002	ه ا ء	B002	14,15,32	ها للتنبيه والافتتاح
F006	rare	quranic:root_001638:B004	و ذ ر	B004	45	السب بقول يا ابن شامة الوَذَر
F007	core	quranic:root_000156:B001	ب ن ي	B001	39	بناء الشيء بضم بعضه إلى بعض
F007	core	quranic:root_000156:B003	ب ن ي	B003	39	البِنْية للبيت الحرام ومكة
F007	core	quranic:root_000720:B001	س ق ف	B001	5	السقف العالي
F007	core	quranic:root_000720:B002	س ق ف	B002	5	السقيفة المسقوفة
F007	core	quranic:root_000720:B003	س ق ف	B003	5	السقيفة اللوح العريض
F007	core	quranic:root_000745:B004	س م و	B004	9,36,44	السماء وما علا فأظل
F007	core	quranic:root_000871:B004	ص ف ف	B004	20	الصُّفَّة في البناء والسرج
F007	core	quranic:root_001315:B006	ك ل ل	B006	21	الكِلّة سترا وبيتا
F007	core	quranic:root_001324:B005	ك ن ن	B005	24	الكُنَّة الساترة
F007	optional	quranic:root_000025:B001	ء ر ض	B001	36	السفل المقابل للسماء
F007	optional	quranic:root_000064:B001	ء ه ل	B001	26	جماعة القرب والانتماء
F007	optional	quranic:root_000156:B004	ب ن ي	B004	39	المَبْناة بيت أو غطاء من أدم
F007	optional	quranic:root_000156:B009	ب ن ي	B009	39	البَواني أضلاع ودعائم يستقر بها الشيء
F007	optional	quranic:root_000166:B001	ب ي ت	B001	4	المأوى والمسكن
F007	optional	quranic:root_000166:B002	ب ي ت	B002	4	أهل البيت وعياله
F007	optional	quranic:root_000166:B007	ب ي ت	B007	4	القبر بيت
F007	optional	quranic:root_000166:B010	ب ي ت	B010	4	بيت الزواج
F007	optional	quranic:root_000266:B003	ج ن ن	B003	17,29	البستان المستور بالشجر
F007	optional	quranic:root_000266:B008	ج ن ن	B008	17,29	الجُنّة الواقية
F007	optional	quranic:root_000382:B004	ح ي ن	B004	48	الإقامة حينا في مكان
F007	optional	quranic:root_000532:B010	ر ب ب	B010	7,18,29,37,48	ربابة تجمع القداح
F007	optional	quranic:root_000595:B001	ر ك م	B001	44	تجمع الشيء بعضه فوق بعض
F007	optional	quranic:root_000697:B011	س ر ر	B011	20	موضع الاستقرار والاتكاء
F007	optional	quranic:root_000719:B010	س ق ط	B010	44	السقيط ثلج وجليد ساقط
F007	optional	quranic:root_000766:B010	س و ي	B010	16	السَّويّة على ظهر البعير
F007	optional	quranic:root_000840:B010	ص ب ر	B010	16,48	سحاب أبيض متراكم
F007	optional	quranic:root_000840:B011	ص ب ر	B011	16,48	رقاقة الخوان وكومة الطعام
F007	optional	quranic:root_000994:B004	ع ذ ب	B004	7,18,27,47	العذوب المكشوف للسماء
F007	optional	quranic:root_001110:B004	غ ن ي	B004	46	الغنى بالمكان
F007	optional	quranic:root_001273:B006	ق و م	B006	32,48	مقام وإقامة في موضع
F007	optional	quranic:root_001298:B004	ك س ف	B004	44	قطعة منفصلة من جسم أو سماء
F007	optional	quranic:root_001307:B001	ك ف ر	B001	42	ستر وتغطية
F007	optional	quranic:root_001324:B004	ك ن ن	B004	24	الكِنانة للسهام
F007	optional	quranic:root_001332:B002	ك و ن	B002	14,16,19,26,28,34	المكان والمكانة من الكون
F007	optional	quranic:root_001677:B001	و ق ي	B001	17,18,27	دفع الضرر بوقاية
F008	core	quranic:root_000502:B004	د و ن	B004	47	الإغراء بالتناول
F008	core	quranic:root_000531:B013	ر ء ي	B013	44	أرأيتك للتنبيه والاستخبار
F008	core	quranic:root_000769:B007	س ي ر	B007	10	سر عنك
F008	core	quranic:root_001052:B006	ع ن د	B006	37,41	إغراء عندك بالأخذ
F008	core	quranic:root_001290:B003	ك ذ ب	B003	11,14	كذب عليك بمعنى الزم وعليك به
F008	core	quranic:root_001573:B001	ه ا ء	B001	14,15,32	ها للمناولة والأخذ
F008	core	quranic:root_001573:B002	ه ا ء	B002	14,15,32	ها للتنبيه والافتتاح
F008	optional	quranic:root_000054:B002	ء م ن	B002	21,33	تصديق يطمئن إليه القلب
F008	optional	quranic:root_000104:B001	ب ر ر	B001	28	صدق يمضي القول والعمل
F008	optional	quranic:root_000502:B001	د و ن	B001	47	القرب دون الغاية
F008	optional	quranic:root_000527:B003	ذ و و	B003	14,15,32,47	ذا للإشارة
F008	optional	quranic:root_000532:B015	ر ب ب	B015	7,18,29,37,48	حرف رب وربما
F008	optional	quranic:root_000766:B007	س و ي	B007	16	مباينة وكون الشيء غيره
F008	optional	quranic:root_000852:B001	ص د ق	B001	34	صدق القول
F008	optional	quranic:root_000955:B002	ط و ر	B002	1	الدنو من حريم الشيء وما حوله
F008	optional	quranic:root_001052:B004	ع ن د	B004	37,41	قرب وحضور عند الشيء
F008	optional	quranic:root_001069:B003	ع ي ن	B003	20,48	عين الحفظ والرعاية
F008	optional	quranic:root_001174:B007	ف ك ه	B007	18,22	التفكه بالأعراض
F008	optional	quranic:root_001272:B005	ق و ل	B005	26,30,31,33,44	قول ما لم يكن أو نسبته
F008	optional	quranic:root_001272:B011	ق و ل	B011	26,30,31,33,44	قول يجري مجرى الظن
F008	optional	quranic:root_001272:B013	ق و ل	B013	26,30,31,33,44	القول اعتقاد ومذهب
F008	optional	quranic:root_001290:B001	ك ذ ب	B001	11,14	خلاف الصدق
F008	optional	quranic:root_001290:B002	ك ذ ب	B002	11,14	نسبة الشيء أو صاحبه إلى الكذب
F008	optional	quranic:root_001290:B004	ك ذ ب	B004	11,14	صدق الحملة أو كذبها
F008	optional	quranic:root_001290:B007	ك ذ ب	B007	11,14	كذب الوحشي إذا جرى ثم وقف
F008	optional	quranic:root_001307:B005	ك ف ر	B005	42	تبرؤ وتنصل
F008	optional	quranic:root_001397:B011	م ث ل	B011	34	المثل عبرة وآية
F008	optional	quranic:root_001489:B012	ن ز ع	B012	23	اندفاع الجري والسير
F008	optional	quranic:root_001525:B004	ن ع م	B004	17,29	الجواب بنعم والتصديق
F008	optional	quranic:root_001573:B003	ه ا ء	B003	14,15,32	ها للجواب والتلبية
F008	optional	quranic:root_001573:B004	ه ا ء	B004	14,15,32	ها بدل ألف الاستفهام
F009	core	quranic:root_000051:B007	ء م ر	B007	32	المشاورة وتدبير الرأي
F009	core	quranic:root_000051:B008	ء م ر	B008	32	ضعيف الرأي التابع
F009	core	quranic:root_000458:B006	د ب ر	B006	49	تدبير الأمر والنظر في عاقبته
F009	core	quranic:root_000531:B002	ر ء ي	B002	44	رأي القلب والتفكر
F009	core	quranic:root_000791:B008	ش ر ك	B008	43	رأي مشترك
F009	core	quranic:root_001434:B005	م ع ع	B005	31	الكون مع الغالب بلا مذهب
F009	core	quranic:root_001489:B009	ن ز ع	B009	23	منزعة الرأي والهمة
F009	optional	quranic:root_000043:B012	ء ك ل	B012	19	قوة الشيء وتمام مادته
F009	optional	quranic:root_000051:B001	ء م ر	B001	32	الشأن والحال
F009	optional	quranic:root_000086:B008	ب ح ر	B008	6	الدهش والتحير
F009	optional	quranic:root_000086:B010	ب ح ر	B010	6	الملاقاة بلا قصد
F009	optional	quranic:root_000166:B004	ب ي ت	B004	4	عمل الليل وتدبيره
F009	optional	quranic:root_000299:B003	ح د ث	B003	34	كلام يتجدد خبرا وحديثا
F009	optional	quranic:root_000348:B003	ح ك م	B003	48	الحكمة والعلم المصيب
F009	optional	quranic:root_000348:B005	ح ك م	B005	48	التفويض والتحكيم
F009	optional	quranic:root_000480:B011	د ف ع	B011	8	دافع الأمر إذا أولع به وانهمك
F009	optional	quranic:root_000531:B011	ر ء ي	B011	44	راية منصوبة
F009	optional	quranic:root_000610:B001	ر و د	B001	42	الإرادة والمشيئة
F009	optional	quranic:root_000743:B011	س م م	B011	27	وجه مقصود وغور مسبور
F009	optional	quranic:root_000831:B003	ش ي ء	B003	21,35,46	حمل الشيء إلى الأمر
F009	optional	quranic:root_000936:B004	ط غ و	B004	32	الطاغية المتجبر
F009	optional	quranic:root_001046:B002	ع م ل	B002	16,19,21	إعمال الشيء واستعماله
F009	optional	quranic:root_001272:B013	ق و ل	B013	26,30,31,33,44	القول اعتقاد ومذهب
F009	optional	quranic:root_001273:B003	ق و م	B003	32,48	عزم ونهوض إلى الأمر
F009	optional	quranic:root_001290:B005	ك ذ ب	B005	11,14	ما كذب أن فعل أي ما لبث
F009	optional	quranic:root_001334:B003	ك ي د	B003	42,46	مكابدة خروج النفس
F009	optional	quranic:root_001449:B002	م ن ن	B002	27,30	القوة التي يقوم بها الشيء أو ذهابها
F009	optional	quranic:root_001456:B006	م و ر	B006	9	الطريق لكثرة التردد
F009	optional	quranic:root_001475:B005	ن ج م	B005	49	النظر في النجوم
F010	core	quranic:root_000217:B001	ج ب ل	B001	10	تجمع مرتفع صلب
F010	core	quranic:root_000217:B002	ج ب ل	B002	10	كثرة كالجبل
F010	core	quranic:root_000217:B006	ج ب ل	B006	10	دخول الجبال
F010	core	quranic:root_000217:B012	ج ب ل	B012	10	سادات كالجِبال
F010	core	quranic:root_000840:B017	ص ب ر	B017	16,48	الجبل ووسطه
F010	core	quranic:root_000955:B005	ط و ر	B005	1	الطور جبلا أو علما على جبل
F010	core	quranic:root_001198:B009	ق ب ل	B009	25,26,28	جماعة يقبل بعضها على بعض
F010	core	quranic:root_001307:B013	ك ف ر	B013	42	ثنية مستورة
F010	core	quranic:root_001675:B016	و ق ع	B016	7	المكان المرتفع والسحاب الواقع
F010	optional	quranic:root_000086:B010	ب ح ر	B010	6	الملاقاة بلا قصد
F010	optional	quranic:root_000166:B003	ب ي ت	B003	4	بيت الشعر
F010	optional	quranic:root_000166:B008	ب ي ت	B008	4	بيت الشرف
F010	optional	quranic:root_000217:B004	ج ب ل	B004	10	خلقة مطبوعة
F010	optional	quranic:root_000217:B011	ج ب ل	B011	10	مصادفة رمل عريض
F010	optional	quranic:root_000266:B005	ج ن ن	B005	17,29	الجن المستترون
F010	optional	quranic:root_000697:B015	س ر ر	B015	20	رمل على الأكمة
F010	optional	quranic:root_000720:B003	س ق ف	B003	5	السقيفة اللوح العريض
F010	optional	quranic:root_000720:B004	س ق ف	B004	5	الطول مع الانحناء
F010	optional	quranic:root_000741:B012	س م ع	B012	38	سَمْعَمَع في الهيئة والخبث
F010	optional	quranic:root_000798:B001	ش ع ر	B001	30	الشَّعر النابت وما عليه زغب
F010	optional	quranic:root_000798:B007	ش ع ر	B007	30	قريض وشاعر
F010	optional	quranic:root_000798:B008	ش ع ر	B008	30	أسماء مخصوصة منقولة
F010	optional	quranic:root_000880:B009	ص ل ي	B009	16	الصلاية حجر يدق عليه
F010	optional	quranic:root_000936:B006	ط غ و	B006	32	الطغية الصفاة أو الموضع المرتفع
F010	optional	quranic:root_000937:B005	ط غ ي	B005	32	الطغية الصفاة الملساء
F010	optional	quranic:root_001046:B012	ع م ل	B012	16,19,21	بنو العمل من المشاة
F010	optional	quranic:root_001069:B015	ع ي ن	B015	20,48	أعيان القوم والإخوة
F010	optional	quranic:root_001198:B010	ق ب ل	B010	25,26,28	أجزاء موصولة يقابل بعضها بعضا
F010	optional	quranic:root_001324:B003	ك ن ن	B003	24	الدخول في الكِنّ والاستتار
F010	optional	quranic:root_001358:B001	ل ع ب	B001	12	فعل هازل لا يقصد مقصدا صحيحا
F010	optional	quranic:root_001397:B009	م ث ل	B009	34	الأمثل فضلا
F010	optional	quranic:root_001475:B001	ن ج م	B001	49	الكوكب الطالع
F010	optional	quranic:root_001489:B007	ن ز ع	B007	23	انحسار شعر الجبهة
F010	optional	quranic:root_001510:B003	ن ص ر	B003	46	إتيان البلد
F011	core	quranic:root_000104:B004	ب ر ر	B004	28	صوت وجلبة باللسان
F011	core	quranic:root_000152:B010	ب ل ل	B010	33,36	أصوات البليل والبلبل
F011	core	quranic:root_000864:B001	ص ع ق	B001	45	الصوت الشديد الصالع
F011	core	quranic:root_001044:B006	ع م ر	B006	4	ارتفاع الصوت والجلبة
F011	core	quranic:root_001110:B003	غ ن ي	B003	46	الغِناء والصوت
F011	core	quranic:root_001361:B003	ل غ و	B003	23	ضجيج الصوت المختلط
F011	core	quranic:root_001434:B001	م ع ع	B001	31	جلبة النار والحرب
F011	optional	quranic:root_000225:B002	ج ح م	B002	18	احتدام الحرب والموت
F011	optional	quranic:root_000582:B010	ر ف ع	B010	5	رِفاعة الصوت
F011	optional	quranic:root_000741:B001	س م ع	B001	38	إدراك الأصوات بالأذن
F011	optional	quranic:root_000741:B007	س م ع	B007	38	السماع المستلذ والغناء
F011	optional	quranic:root_000832:B005	ش ي ء	B005	21,35,46	الاستماع
F011	optional	quranic:root_000831:B006	ش ي ء	B006	21,35,46	إصغاء السمع
F011	optional	quranic:root_000840:B006	ص ب ر	B006	16,48	الوقوع في شدة لا منفذ منها
F011	optional	quranic:root_000864:B002	ص ع ق	B002	45	الصاعقة الهدة العلوية
F011	optional	quranic:root_000936:B008	ط غ و	B008	32	طغي القوم صوتهم
F011	optional	quranic:root_001434:B002	م ع ع	B002	31	شدة الحر والسير فيه
F011	optional	quranic:root_001675:B004	و ق ع	B004	7	أثر الضرب وصوت الوقوع
F011	optional	quranic:root_001675:B005	و ق ع	B005	7	وقعة الحرب والإيقاع بالقوم
F011	rare	quranic:root_000043:B010	ء ك ل	B010	19	الإدعاء على الغير والتمكين منه
F011	rare	quranic:root_000076:B010	ء ل ي	B010	13	الاجتهاد وبذل الجهد
F011	rare	quranic:root_000054:B003	ء م ن	B003	21,33	قول آمين طلبا للاستجابة
F011	rare	quranic:root_000202:B009	ث ق ل	B009	40	ثقل السمع
F011	rare	quranic:root_000225:B001	ج ح م	B001	18	تأجج النار وشدة حرها
F011	rare	quranic:root_000225:B004	ج ح م	B004	18	تلهب الوجه بالغضب
F011	rare	quranic:root_000477:B003	د ع ع	B003	13	الدعدعة نداء وزجر
F011	rare	quranic:root_000478:B001	د ع و	B001	28	النداء والإمالة بالكلام
F011	rare	quranic:root_000478:B002	د ع و	B002	28	ادعاء الحق والانتساب
F011	rare	quranic:root_000478:B008	د ع و	B008	28	خلو الدار من داع
F011	rare	quranic:root_000516:B002	ذ ك ر	B002	29	صلابة الذكر وحدته وشدته
F011	rare	quranic:root_000582:B005	ر ف ع	B005	5	إذاعة الخبر
F011	rare	quranic:root_000666:B002	س ب ح	B002	43,48,49	التنزيه والتبرئة
F011	rare	quranic:root_000666:B007	س ب ح	B007	43,48,49	سباح الجلود والكساء
F011	rare	quranic:root_000732:B007	س ل ط	B007	38	السلاط غليل
F011	rare	quranic:root_000741:B004	س م ع	B004	38	إسماع الغير
F011	rare	quranic:root_000741:B006	س م ع	B006	38	إسماع القبيح والشتم
F011	rare	quranic:root_000741:B014	س م ع	B014	38	بين سمع الأرض وبصرها
F011	rare	quranic:root_000743:B007	س م م	B007	27	سمامة وطير سريع
F011	rare	quranic:root_000743:B008	س م م	B008	27	أسماء السمسم والخفة
F011	rare	quranic:root_000745:B006	س م و	B006	9,36,44	الخروج للصيد
F011	rare	quranic:root_000831:B009	ش ي ء	B009	21,35,46	نداء التلهف والتعجب
F011	rare	quranic:root_000840:B007	ص ب ر	B007	16,48	شدة برد الشتاء
F011	rare	quranic:root_000880:B002	ص ل ي	B002	16	الدعاء والبركة والرحمة
F011	rare	quranic:root_001040:B006	ع ل م	B006	47	طائر جارح يسمى العلام
F011	rare	quranic:root_001103:B003	غ ل م	B003	24	اشتداد الشراب
F011	rare	quranic:root_001334:B005	ك ي د	B005	42,46	صياح بجهد
F011	rare	quranic:root_001361:B004	ل غ و	B004	23	اللهج بالشيء ولسان الجماعة
F011	rare	quranic:root_001503:B006	ن ش ر	B006	3	انتشار الغنم للرعي ليلا
F011	rare	quranic:root_001525:B006	ن ع م	B006	17,29	النعام والنعامة الطائر
F011	rare	quranic:root_001573:B003	ه ا ء	B003	14,15,32	ها للجواب والتلبية
F011	rare	quranic:root_001700:B003	ي و م	B003	9,13,45,46	كائنة اليوم وشدته
F012	core	quranic:root_000586:B002	ر ق ق	B002	3	الرَّقّ المكتوب
F012	core	quranic:root_000704:B001	س ط ر	B001	2,37	السطر المصطف المكتوب
F012	core	quranic:root_001283:B002	ك ت ب	B002	2,41	نظم الحروف واسم المكتوب
F012	core	quranic:root_001283:B003	ك ت ب	B003	2,41	إثبات يوجب حكما أو قدرا
F012	core	quranic:root_001283:B004	ك ت ب	B004	2,41	إدخال الاسم في سجل أو زمرة
F012	core	quranic:root_001503:B009	ن ش ر	B009	3	الكتابة أو الكتاب المنشور
F012	core	quranic:root_001675:B011	و ق ع	B011	7	توقيع الكتاب وأثره
F012	optional	quranic:root_000166:B003	ب ي ت	B003	4	بيت الشعر
F012	optional	quranic:root_000582:B004	ر ف ع	B004	5	التقريب والتقديم
F012	optional	quranic:root_000719:B003	س ق ط	B003	44	السقطة خطأ وزلة وإسقاط
F012	optional	quranic:root_000732:B003	س ل ط	B003	38	السلطان قدرة وولاية
F012	optional	quranic:root_001272:B001	ق و ل	B001	26,30,31,33,44	إخراج القول بالنطق
F012	optional	quranic:root_001407:B005	م د د	B005	22	دواة تمد القلم بمداد
F012	optional	quranic:root_001434:B006	م ع ع	B006	31	تكرير لفظ مع في القول والكتابة
F012	rare	quranic:root_000025:B011	ء ر ض	B011	36	فساد القرحة بالمدة
F012	rare	quranic:root_000043:B003	ء ك ل	B003	19	النصيب والرزق المطعوم
F012	rare	quranic:root_000043:B004	ء ك ل	B004	19	استهلاك المال وأخذه
F012	rare	quranic:root_000051:B003	ء م ر	B003	32	الولاية وصاحب السلطان
F012	rare	quranic:root_000054:B002	ء م ن	B002	21,33	تصديق يطمئن إليه القلب
F012	rare	quranic:root_000170:B005	ب ي ن	B005	38	كشف المعنى بالقول أو العلامة
F012	rare	quranic:root_000217:B009	ج ب ل	B009	10	عسر ومنع
F012	rare	quranic:root_000348:B002	ح ك م	B002	48	الحكم والقضاء بين الناس
F012	rare	quranic:root_000348:B004	ح ك م	B004	48	الإحكام والإتقان والوثاقة
F012	rare	quranic:root_000355:B003	ح م د	B003	48	المحمود كثير الخصال
F012	rare	quranic:root_000369:B004	ح و ر	B004	20	الجلد الحَوَر
F012	rare	quranic:root_000382:B001	ح ي ن	B001	48	وقت الشيء وأوانه
F012	rare	quranic:root_000458:B007	د ب ر	B007	49	عتق العبد عن دبر الموت
F012	rare	quranic:root_000458:B016	د ب ر	B016	49	الدبر مال كثير باق
F012	rare	quranic:root_000480:B006	د ف ع	B006	8	مدافع الماء ومصباته
F012	rare	quranic:root_000586:B001	ر ق ق	B001	3	الرِّقّة واللِّين
F012	rare	quranic:root_000586:B003	ر ق ق	B003	3	الرِّقّ والعبودية
F012	rare	quranic:root_000610:B001	ر و د	B001	42	الإرادة والمشيئة
F012	rare	quranic:root_000616:B002	ر ي ب	B002	30	صروف الدهر المريبة
F012	rare	quranic:root_000732:B002	س ل ط	B002	38	السلطان حجة قاهرة
F012	rare	quranic:root_000741:B012	س م ع	B012	38	سَمْعَمَع في الهيئة والخبث
F012	rare	quranic:root_000769:B003	س ي ر	B003	10	السير من الجلد
F012	rare	quranic:root_000783:B001	ش ر ب	B001	19	تناول المائع
F012	rare	quranic:root_000791:B002	ش ر ك	B002	43	الشِّرك بالله
F012	rare	quranic:root_000840:B012	ص ب ر	B012	16,48	الإقصاص والقود
F012	rare	quranic:root_000852:B001	ص د ق	B001	34	صدق القول
F012	rare	quranic:root_000852:B006	ص د ق	B006	34	صدقة المال والحق
F012	rare	quranic:root_000871:B001	ص ف ف	B001	20	الاصطفاف على خط مستو
F012	rare	quranic:root_000957:B009	ط و ف	B009	24	طَوْف الرقبة
F012	rare	quranic:root_001044:B001	ع م ر	B001	4	امتداد الحياة في الزمن
F012	rare	quranic:root_001046:B003	ع م ل	B003	16,19,21	ولاية العمل والقيام عليه
F012	rare	quranic:root_001069:B007	ع ي ن	B007	20,48	عين الجلد والسقاء
F012	rare	quranic:root_001272:B003	ق و ل	B003	26,30,31,33,44	كثرة القول في صاحبه
F012	rare	quranic:root_001272:B006	ق و ل	B006	26,30,31,33,44	اجترار القول إلى النفس
F012	rare	quranic:root_001283:B001	ك ت ب	B001	2,41	ضم شيء إلى شيء
F012	rare	quranic:root_001283:B005	ك ت ب	B005	2,41	مكاتبة العبد على عتقه
F012	rare	quranic:root_001286:B003	ك ث ر	B003	47	كثرة في صاحب أو كلام أو مطالب
F012	rare	quranic:root_001296:B001	ك س ب	B001	21	طلب الرزق والنفع وإصابته
F012	rare	quranic:root_001296:B002	ك س ب	B002	21	إكساب غيره خيرا أو مالا
F012	rare	quranic:root_001307:B003	ك ف ر	B003	42	حجب الحق
F012	rare	quranic:root_001334:B002	ك ي د	B002	42,46	المكيدة والاحتيال
F012	rare	quranic:root_001334:B003	ك ي د	B003	42,46	مكابدة خروج النفس
F012	rare	quranic:root_001407:B001	م د د	B001	22	جر الشيء في طول حتى يتصل ويمتد
F012	rare	quranic:root_001407:B004	م د د	B004	22	أجل أو زمن يطال ويمتد
F012	rare	quranic:root_001407:B007	م د د	B007	22	جرح تمتد فيه مدة من قيح
F012	rare	quranic:root_001449:B001	م ن ن	B001	27,30	القطع والنقص حتى ينقطع الامتداد
F012	rare	quranic:root_001489:B016	ن ز ع	B016	23	سياق الموت
F012	rare	quranic:root_001525:B004	ن ع م	B004	17,29	الجواب بنعم والتصديق
F012	rare	quranic:root_001678:B001	و ك ء	B001	20	شد الوكاء وربط الوعاء
F012	rare	quranic:root_001700:B002	ي و م	B002	9,13,45,46	مدة من الزمان
F013	core	quranic:root_000531:B009	ر ء ي	B009	44	الرئة وما يصيبها
F013	core	quranic:root_000682:B001	س ح ر	B001	15	السَّحَر العضو
F013	core	quranic:root_000682:B003	س ح ر	B003	15	السَّحْر بالغذاء
F013	core	quranic:root_000697:B006	س ر ر	B006	20	سرة البطن وما يقطع منها
F013	core	quranic:root_000783:B006	ش ر ب	B006	19	شارب الفم ومجاري الحلق
F013	core	quranic:root_001409:B004	م ر ء	B004	21	المريء
F013	core	quranic:root_001410:B005	م ر ء	B005	21	المَرِيء مجرى الطعام
F013	optional	quranic:root_000009:B004	ء ت ي	B004	18,34,38	مجرى الماء وتسليك سبيله
F013	optional	quranic:root_000043:B001	ء ك ل	B001	19	تناول المطعوم
F013	optional	quranic:root_000086:B013	ب ح ر	B013	6	عظم البطن
F013	optional	quranic:root_000266:B007	ج ن ن	B007	17,29	الجنين المستور في البطن
F013	optional	quranic:root_000266:B016	ج ن ن	B016	17,29	الجناجن عظام الصدر
F013	optional	quranic:root_000480:B006	د ف ع	B006	8	مدافع الماء ومصباته
F013	optional	quranic:root_000552:B003	ر ح م	B003	28	رَحِم الأنثى
F013	optional	quranic:root_000676:B001	س ج ر	B001	6	الامتلاء بالماء وما يجري مجراه
F013	optional	quranic:root_000682:B005	س ح ر	B005	15	السَّحور طعام السَّحَر
F013	optional	quranic:root_000743:B001	س م م	B001	27	ثقب ضيق يدخل منه الشيء
F013	optional	quranic:root_000743:B002	س م م	B002	27	سم يدخل البدن
F013	optional	quranic:root_000769:B002	س ي ر	B002	10	السيرة والطريقة
F013	optional	quranic:root_000769:B003	س ي ر	B003	10	السير من الجلد
F013	optional	quranic:root_000783:B012	ش ر ب	B012	19	مال يؤكل ويشرب
F013	optional	quranic:root_000840:B011	ص ب ر	B011	16,48	رقاقة الخوان وكومة الطعام
F013	optional	quranic:root_000840:B016	ص ب ر	B016	16,48	بطن من غسان
F013	optional	quranic:root_000936:B002	ط غ و	B002	32	طغيان الماء وما يجري مجراه
F013	optional	quranic:root_001040:B004	ع ل م	B004	47	شق ظاهر في الشفة العليا
F013	optional	quranic:root_001069:B006	ع ي ن	B006	20,48	منبع الماء الجاري
F013	optional	quranic:root_001315:B007	ك ل ل	B007	21	الكُلْكُل صدرا
F013	optional	quranic:root_001348:B003	ل ح م	B003	22	إطعام اللحم ورزق الصيد
F013	optional	quranic:root_001407:B003	م د د	B003	22	ماء يجري ويمتلئ ويمده ماء آخر
F013	optional	quranic:root_001410:B004	م ر ء	B004	21	الطعم والإطعام في مناسبة
F013	optional	quranic:root_001409:B005	م ر ء	B005	21	الطعم والإطعام
F013	optional	quranic:root_001456:B008	م و ر	B008	9	السيف المائر في الضريبة
F014	core	quranic:root_000266:B002	ج ن ن	B002	17,29	غشيان الليل
F014	core	quranic:root_000458:B002	د ب ر	B002	49	آخر الشيء ومضي عاقبته
F014	core	quranic:root_000682:B004	س ح ر	B004	15	السَّحَر وقت الليل
F014	core	quranic:root_000697:B004	س ر ر	B004	20	استتار الهلال آخر الشهر
F014	core	quranic:root_000719:B011	س ق ط	B011	44	سقطا الليل أوله وآخره
F014	core	quranic:root_000766:B012	س و ي	B012	16	ليلة استواء القمر
F014	core	quranic:root_001392:B001	ل ي ل	B001	49	الليل خلاف النهار وظلمته
F014	core	quranic:root_001392:B003	ل ي ل	B003	49	الليلة القريبة من اليوم
F014	optional	quranic:root_000166:B004	ب ي ت	B004	4	عمل الليل وتدبيره
F014	optional	quranic:root_000166:B005	ب ي ت	B005	4	قوت ليلة
F014	optional	quranic:root_000382:B001	ح ي ن	B001	48	وقت الشيء وأوانه
F014	optional	quranic:root_000803:B002	ش ف ق	B002	26	حمرة الشفق عند مغيب الشمس
F014	optional	quranic:root_001198:B002	ق ب ل	B002	25,26,28	تقدم الشيء أو إقباله
F014	optional	quranic:root_001273:B017	ق و م	B017	32,48	انتصاف النهار وقائم الظهيرة
F014	optional	quranic:root_001298:B002	ك س ف	B002	44	ذهاب الضوء واحتجاب النير
F014	optional	quranic:root_001307:B002	ك ف ر	B002	42	غمر ساتر
F014	optional	quranic:root_001392:B002	ل ي ل	B002	49	مزاولة الأمر في الليل
F014	optional	quranic:root_001503:B006	ن ش ر	B006	3	انتشار الغنم للرعي ليلا
F014	optional	quranic:root_001700:B001	ي و م	B001	9,13,45,46	وقت النهار المحدود
F014	rare	quranic:root_000043:B001	ء ك ل	B001	19	تناول المطعوم
F014	rare	quranic:root_000043:B003	ء ك ل	B003	19	النصيب والرزق المطعوم
F014	rare	quranic:root_000043:B007	ء ك ل	B007	19	الفريسة والمعدة للأكل
F014	rare	quranic:root_000086:B012	ب ح ر	B012	6	المصطلحات المولَّدة: البُحْران الطبي والباحور
F014	rare	quranic:root_000104:B004	ب ر ر	B004	28	صوت وجلبة باللسان
F014	rare	quranic:root_000152:B010	ب ل ل	B010	33,36	أصوات البليل والبلبل
F014	rare	quranic:root_000156:B003	ب ن ي	B003	39	البِنْية للبيت الحرام ومكة
F014	rare	quranic:root_000156:B006	ب ن ي	B006	39	بناء الرجل على أهله ودخوله بها
F014	rare	quranic:root_000156:B010	ب ن ي	B010	39	بناء الطعام للحم ونماؤه
F014	rare	quranic:root_000166:B006	ب ي ت	B006	4	شيء بات ليلة
F014	rare	quranic:root_000166:B008	ب ي ت	B008	4	بيت الشرف
F014	rare	quranic:root_000166:B010	ب ي ت	B010	4	بيت الزواج
F014	rare	quranic:root_000225:B001	ج ح م	B001	18	تأجج النار وشدة حرها
F014	rare	quranic:root_000266:B001	ج ن ن	B001	17,29	الستر والاستتار
F014	rare	quranic:root_000348:B001	ح ك م	B001	48	المنع والرد للإصلاح
F014	rare	quranic:root_000458:B001	د ب ر	B001	49	خلف الشيء ودبره
F014	rare	quranic:root_000458:B006	د ب ر	B006	49	تدبير الأمر والنظر في عاقبته
F014	rare	quranic:root_000458:B007	د ب ر	B007	49	عتق العبد عن دبر الموت
F014	rare	quranic:root_000477:B003	د ع ع	B003	13	الدعدعة نداء وزجر
F014	rare	quranic:root_000511:B002	ذ ر ر	B002	21	تفريق الحبوب والدقيق
F014	rare	quranic:root_000511:B004	ذ ر ر	B004	21	طلوع لطيف منتشر
F014	rare	quranic:root_000616:B002	ر ي ب	B002	30	صروف الدهر المريبة
F014	rare	quranic:root_000680:B005	س ح ب	B005	44	سحابة اليوم
F014	rare	quranic:root_000704:B003	س ط ر	B003	2,37	سيطرة الرقيب المتسلط
F014	rare	quranic:root_000704:B007	س ط ر	B007	2,37	السطر العتود
F014	rare	quranic:root_000732:B003	س ل ط	B003	38	السلطان قدرة وولاية
F014	rare	quranic:root_000743:B004	س م م	B004	27	ريح حارة نافذة
F014	rare	quranic:root_000743:B009	س م م	B009	27	لا سم ولا حم
F014	rare	quranic:root_000766:B004	س و ي	B004	16	إقبال وقصد إلى جهة
F014	rare	quranic:root_000769:B001	س ي ر	B001	10	المضي والجريان
F014	rare	quranic:root_000880:B001	ص ل ي	B001	16	الصلاة عبادة لازمة
F014	rare	quranic:root_000957:B005	ط و ف	B005	24	الطائف العاس
F014	rare	quranic:root_000967:B003	ظ ل م	B003	47	الظلامة وطلب الإنصاف
F014	rare	quranic:root_001046:B002	ع م ل	B002	16,19,21	إعمال الشيء واستعماله
F014	rare	quranic:root_001046:B005	ع م ل	B005	16,19,21	المعاملة بين الناس
F014	rare	quranic:root_001052:B004	ع ن د	B004	37,41	قرب وحضور عند الشيء
F014	rare	quranic:root_001069:B005	ع ي ن	B005	20,48	العين الجاسوسة
F014	rare	quranic:root_001069:B008	ع ي ن	B008	20,48	عين الشمس
F014	rare	quranic:root_001110:B003	غ ن ي	B003	46	الغِناء والصوت
F014	rare	quranic:root_001117:B001	غ ي ب	B001	41	تستر الشيء عن العيون
F014	rare	quranic:root_001198:B001	ق ب ل	B001	25,26,28	مواجهة الشيء للشيء
F014	rare	quranic:root_001198:B012	ق ب ل	B012	25,26,28	ريح تقابل الدبور
F014	rare	quranic:root_001272:B009	ق و ل	B009	26,30,31,33,44	المقاولة في الأمر
F014	rare	quranic:root_001273:B002	ق و م	B002	32,48	انتصاب وقيام بالبدن
F014	rare	quranic:root_001273:B004	ق و م	B004	32,48	رعاية وحفظ وولاية
F014	rare	quranic:root_001273:B011	ق و م	B011	32,48	قامة وقوام الجسم والطول
F014	rare	quranic:root_001307:B001	ك ف ر	B001	42	ستر وتغطية
F014	rare	quranic:root_001361:B003	ل غ و	B003	23	ضجيج الصوت المختلط
F014	rare	quranic:root_001372:B004	ل ق ي	B004	45	توافي شيئين متقابلين
F014	rare	quranic:root_001397:B005	م ث ل	B005	34	المثول والانتصاب
F014	rare	quranic:root_001407:B001	م د د	B001	22	جر الشيء في طول حتى يتصل ويمتد
F014	rare	quranic:root_001410:B004	م ر ء	B004	21	الطعم والإطعام في مناسبة
F014	rare	quranic:root_001409:B005	م ر ء	B005	21	الطعم والإطعام
F014	rare	quranic:root_001434:B002	م ع ع	B002	31	شدة الحر والسير فيه
F014	rare	quranic:root_001456:B003	م و ر	B003	9	الغبار المثار بالريح
F014	rare	quranic:root_001475:B001	ن ج م	B001	49	الكوكب الطالع
F014	rare	quranic:root_001475:B002	ن ج م	B002	49	الطالع الظاهر
F014	rare	quranic:root_001475:B005	ن ج م	B005	49	النظر في النجوم
F014	rare	quranic:root_001475:B007	ن ج م	B007	49	انجلاء الغيم وانقطاع المطر
F014	rare	quranic:root_001489:B009	ن ز ع	B009	23	منزعة الرأي والهمة
F014	rare	quranic:root_001503:B003	ن ش ر	B003	3	الرائحة الطيبة المنتشرة
F014	rare	quranic:root_001510:B002	ن ص ر	B002	46	انتصاف المظلوم
F014	rare	quranic:root_001525:B005	ن ع م	B005	17,29	مال الأنعام والإبل
F014	rare	quranic:root_001525:B009	ن ع م	B009	17,29	النعامى ريح لينة
F014	rare	quranic:root_001564:B001	ن و ر	B001	13,14	الضياء والإضاءة
F014	rare	quranic:root_001564:B002	ن و ر	B002	13,14	النار المتقدة والسمة بها
F014	rare	quranic:root_001638:B002	و ذ ر	B002	45	تقطيع اللحم وشرط الجرح
F014	rare	quranic:root_001638:B003	و ذ ر	B003	45	ذَرْ الشيء وتركه
F014	rare	quranic:root_001700:B002	ي و م	B002	9,13,45,46	مدة من الزمان
F014	rare	quranic:root_001700:B003	ي و م	B003	9,13,45,46	كائنة اليوم وشدته
F015	core	quranic:root_000534:B002	ر ب ص	B002	30,31	ترقب السلعة وحبسها
F015	core	quranic:root_000607:B003	ر ه ن	B003	21	تقدمة في ثمن السلعة
F015	core	quranic:root_000737:B005	س ل م	B005	38	السلم في البيع والسلف
F015	core	quranic:root_001069:B012	ع ي ن	B012	20,48	العينة والسلف
F015	core	quranic:root_001273:B010	ق و م	B010	32,48	قيمة وتقويم وتسعير
F015	optional	quranic:root_000043:B004	ء ك ل	B004	19	استهلاك المال وأخذه
F015	optional	quranic:root_000076:B011	ء ل ي	B011	13	الاستطاعة والطاقة
F015	optional	quranic:root_000121:B001	ب ص ر	B001	15	إبصار العين
F015	optional	quranic:root_000170:B011	ب ي ن	B011	38	حالة متوسطة بين طرفين
F015	optional	quranic:root_000175:B005	ت ب ع	B005	21	المطالبة والطالب بالحق
F015	optional	quranic:root_000175:B006	ت ب ع	B006	21	التبعة اللازمة
F015	optional	quranic:root_000225:B003	ج ح م	B003	18	العين المتوقدة أو الجاحظة
F015	optional	quranic:root_000369:B001	ح و ر	B001	20	حَوَر العين
F015	optional	quranic:root_000382:B005	ح ي ن	B005	48	ترقّب الحين وانتظاره
F015	optional	quranic:root_000480:B002	د ف ع	B002	8	دفع الشيء إلى غيره بمعنى إيصاله وإعطائه
F015	optional	quranic:root_000531:B012	ر ء ي	B012	44	إراءة وإظهار
F015	optional	quranic:root_000607:B001	ر ه ن	B001	21	وثيقة ممسوكة بحق
F015	optional	quranic:root_000607:B002	ر ه ن	B002	21	ثبوت وإقامة ودوام
F015	optional	quranic:root_000676:B004	س ج ر	B004	6	حمرة تخالط العين واللون
F015	optional	quranic:root_000719:B002	س ق ط	B002	44	الساقط الذي لا يعتد به
F015	optional	quranic:root_000737:B012	س ل م	B012	38	تسليم الشيء وتخليته
F015	optional	quranic:root_000743:B002	س م م	B002	27	سم يدخل البدن
F015	optional	quranic:root_000766:B001	س و ي	B001	16	مساواة ومعادلة بين شيئين
F015	optional	quranic:root_000766:B002	س و ي	B002	16	استقامة وتمام في الذات
F015	optional	quranic:root_000766:B004	س و ي	B004	16	إقبال وقصد إلى جهة
F015	optional	quranic:root_000840:B003	ص ب ر	B003	16,48	تحمل الكفالة والملازمة
F015	optional	quranic:root_000840:B011	ص ب ر	B011	16,48	رقاقة الخوان وكومة الطعام
F015	optional	quranic:root_000852:B002	ص د ق	B002	34	صلابة الشيء واستواؤه
F015	optional	quranic:root_000852:B006	ص د ق	B006	34	صدقة المال والحق
F015	optional	quranic:root_001046:B005	ع م ل	B005	16,19,21	المعاملة بين الناس
F015	optional	quranic:root_001069:B016	ع ي ن	B016	20,48	سعة العين وحسنها
F015	optional	quranic:root_001081:B001	غ ر م	B001	40	لزوم غرم في المال
F015	optional	quranic:root_001119:B005	غ ي ر	B005	35,43	السوى والخلاف والاستثناء والنفي
F015	optional	quranic:root_001198:B002	ق ب ل	B002	25,26,28	تقدم الشيء أو إقباله
F015	optional	quranic:root_001198:B008	ق ب ل	B008	25,26,28	ضمان الشيء والتكفل به
F015	optional	quranic:root_001198:B013	ق ب ل	B013	25,26,28	طاقة على المقابلة
F015	optional	quranic:root_001273:B008	ق و م	B008	32,48	استقامة واعتدال واستواء
F015	optional	quranic:root_001273:B018	ق و م	B018	32,48	نفاق السوق
F015	optional	quranic:root_001273:B021	ق و م	B021	32,48	عين قائمة ذاهبة البصر
F015	optional	quranic:root_001296:B002	ك س ب	B002	21	إكساب غيره خيرا أو مالا
F015	optional	quranic:root_001677:B004	و ق ي	B004	17,18,27	الأوقية وزن معلوم
F016	core	quranic:root_000369:B007	ح و ر	B007	20	الدوران على محور
F016	core	quranic:root_000610:B006	ر و د	B006	42	أدوات الإدارة والدوران
F016	core	quranic:root_001272:B008	ق و ل	B008	26,30,31,33,44	عود القال لضرب القلة
F016	core	quranic:root_001273:B012	ق و م	B012	32,48	آلة قائمة وجزء قائم
F016	core	quranic:root_001489:B010	ن ز ع	B010	23	أداة أو موضع للنزع
F016	optional	quranic:root_000025:B010	ء ر ض	B010	36	الأَرَضَة آكلة الخشب
F016	optional	quranic:root_000076:B014	ء ل ي	B014	13	الألوة عود البخور
F016	optional	quranic:root_000458:B018	د ب ر	B018	49	دبر السهم الهدف
F016	optional	quranic:root_000532:B010	ر ب ب	B010	7,18,29,37,48	ربابة تجمع القداح
F016	optional	quranic:root_000666:B006	س ب ح	B006	43,48,49	خرز التسبيح
F016	optional	quranic:root_000719:B005	س ق ط	B005	44	سقط النار المتطاير
F016	optional	quranic:root_000720:B003	س ق ف	B003	5	السقيفة اللوح العريض
F016	optional	quranic:root_000732:B006	س ل ط	B006	38	حدة وطول في الآلة والعضو
F016	optional	quranic:root_000741:B015	س م ع	B015	38	السميعان من أدوات الحراثين
F016	optional	quranic:root_000766:B010	س و ي	B010	16	السَّويّة على ظهر البعير
F016	optional	quranic:root_000798:B003	ش ع ر	B003	30	حبة الشعير وما يشبهها
F016	optional	quranic:root_001046:B010	ع م ل	B010	16,19,21	الجارحة العاملة
F016	optional	quranic:root_001198:B016	ق ب ل	B016	25,26,28	خرزة تقبل وجها إلى وجه
F016	optional	quranic:root_001324:B004	ك ن ن	B004	24	الكِنانة للسهام
F016	optional	quranic:root_001503:B005	ن ش ر	B005	3	قطع الخشب بالمنشار
F016	optional	quranic:root_001525:B007	ن ع م	B007	17,29	ما سمي نعامة تشبيها بالهيئة
F016	optional	quranic:root_001675:B009	و ق ع	B009	7	حد الحديد وبرى الحجر
F016	optional	quranic:root_001675:B010	و ق ع	B010	7	أثر الدبر والركوب
F016	rare	quranic:root_000121:B007	ب ص ر	B007	15	حجارة بصرة رخوة
F016	rare	quranic:root_000170:B006	ب ي ن	B006	38	بعد المسافة واتساع الفجوة
F016	rare	quranic:root_000225:B005	ج ح م	B005	18	قلة الحياء
F016	rare	quranic:root_000348:B006	ح ك م	B006	48	حكمة اللجام
F016	rare	quranic:root_000458:B019	د ب ر	B019	49	الدابر الخائب في القداح
F016	rare	quranic:root_000478:B005	د ع و	B005	28	التداعي بالسقوط
F016	rare	quranic:root_000516:B002	ذ ك ر	B002	29	صلابة الذكر وحدته وشدته
F016	rare	quranic:root_000652:B003	ز و ج	B003	20	جعل الشيء قرينا لآخر
F016	rare	quranic:root_000682:B007	س ح ر	B007	15	الإسحارة بقلة المال
F016	rare	quranic:root_000697:B011	س ر ر	B011	20	موضع الاستقرار والاتكاء
F016	rare	quranic:root_000719:B006	س ق ط	B006	44	السيف السَّقّاط وراء الضريبة
F016	rare	quranic:root_000719:B007	س ق ط	B007	44	موضع السقوط ومنتهى الطرف
F016	rare	quranic:root_000737:B007	س ل م	B007	38	السلام حجارة صلبة
F016	rare	quranic:root_000783:B004	ش ر ب	B004	19	موضع الشرب وآلته
F016	rare	quranic:root_000791:B004	ش ر ك	B004	43	شِراك النعل
F016	rare	quranic:root_000832:B003	ش ي ء	B003	21,35,46	بعد النظر
F016	rare	quranic:root_000831:B007	ش ي ء	B007	21,35,46	بعد النظر في الفرس
F016	rare	quranic:root_000840:B005	ص ب ر	B005	16,48	حجر غليظ وأرض حصباء
F016	rare	quranic:root_000994:B006	ع ذ ب	B006	7,18,27,47	العذبة طرف أو علاقة متدلية
F016	rare	quranic:root_001117:B008	غ ي ب	B008	41	غيبان الشجرة عروق مستترة
F016	rare	quranic:root_001290:B007	ك ذ ب	B007	11,14	كذب الوحشي إذا جرى ثم وقف
F016	rare	quranic:root_001315:B001	ك ل ل	B001	21	الكَلال وخلاف الحدة
F016	rare	quranic:root_001372:B002	ل ق ي	B002	45	اسم على شكل أو هيئة مخصوصة
F016	rare	quranic:root_001456:B003	م و ر	B003	9	الغبار المثار بالريح
F016	rare	quranic:root_001456:B005	م و ر	B005	9	سقوط النسيل والعقيقة
F016	rare	quranic:root_001456:B007	م و ر	B007	9	الدوران والرجوع عن الغور
F016	rare	quranic:root_001475:B003	ن ج م	B003	49	النبات بلا ساق
F016	rare	quranic:root_001564:B002	ن و ر	B002	13,14	النار المتقدة والسمة بها
F016	rare	quranic:root_001675:B003	و ق ع	B003	7	وقوع المطر ومساقطه
F016	rare	quranic:root_001677:B003	و ق ي	B003	17,18,27	توقي الدابة من وجع الحافر
F016	rare	quranic:root_001678:B001	و ك ء	B001	20	شد الوكاء وربط الوعاء
F017	core	quranic:root_000156:B002	ب ن ي	B002	39	البِنْية والهيئة المركبة
F017	core	quranic:root_000217:B003	ج ب ل	B003	10	غلظ الخلقة والجسم
F017	core	quranic:root_000217:B004	ج ب ل	B004	10	خلقة مطبوعة
F017	core	quranic:root_000434:B003	خ ل ق	B003	35,36	تمام الخلقة واعتدال الصورة
F017	core	quranic:root_000434:B004	خ ل ق	B004	35,36	السجية والطبيعة الباطنة
F017	core	quranic:root_000769:B002	س ي ر	B002	10	السيرة والطريقة
F017	core	quranic:root_000832:B002	ش ي ء	B002	21,35,46	تشويه الخلق والوجه
F017	core	quranic:root_000831:B004	ش ي ء	B004	21,35,46	تشويه الخلق وقبحه
F017	core	quranic:root_001397:B011	م ث ل	B011	34	المثل عبرة وآية
F017	core	quranic:root_001409:B002	م ر ء	B002	21	المروءة
F017	core	quranic:root_001564:B002	ن و ر	B002	13,14	النار المتقدة والسمة بها
F017	optional	quranic:root_000025:B003	ء ر ض	B003	36	الخليق بالخير كالأرض الأريضة
F017	optional	quranic:root_000121:B006	ب ص ر	B006	15	غلظ الحافة ووصل الشقتين
F017	optional	quranic:root_000152:B005	ب ل ل	B005	33,36	الأبل في الخصومة والمنع
F017	optional	quranic:root_000156:B001	ب ن ي	B001	39	بناء الشيء بضم بعضه إلى بعض
F017	optional	quranic:root_000170:B003	ب ي ن	B003	38	الوصلة القائمة بين الأطراف
F017	optional	quranic:root_000170:B004	ب ي ن	B004	38	ظهور الشيء وانكشافه
F017	optional	quranic:root_000170:B007	ب ي ن	B007	38	قطعة أرض تمتد في النظر
F017	optional	quranic:root_000299:B004	ح د ث	B004	34	صيرورة المرء حديث الناس
F017	optional	quranic:root_000586:B001	ر ق ق	B001	3	الرِّقّة واللِّين
F017	optional	quranic:root_000697:B011	س ر ر	B011	20	موضع الاستقرار والاتكاء
F017	optional	quranic:root_000840:B005	ص ب ر	B005	16,48	حجر غليظ وأرض حصباء
F017	optional	quranic:root_000871:B004	ص ف ف	B004	20	الصُّفَّة في البناء والسرج
F017	optional	quranic:root_001069:B007	ع ي ن	B007	20,48	عين الجلد والسقاء
F017	optional	quranic:root_001103:B002	غ ل م	B002	24	هيجان الشهوة
F017	optional	quranic:root_001272:B007	ق و ل	B007	26,30,31,33,44	القول الفاشي بين الناس
F017	optional	quranic:root_001273:B008	ق و م	B008	32,48	استقامة واعتدال واستواء
F017	optional	quranic:root_001315:B008	ك ل ل	B008	21	الكُلْكُل قصر وغلظ
F017	optional	quranic:root_001525:B007	ن ع م	B007	17,29	ما سمي نعامة تشبيها بالهيئة
F017	optional	quranic:root_001564:B005	ن و ر	B005	13,14	المنار والمنارة الظاهرة
F018	core	quranic:root_000047:B001	ء ل ه	B001	27,43	التعبد والمعبود
F018	core	quranic:root_000175:B010	ت ب ع	B010	21	الجنية التابعة
F018	core	quranic:root_000266:B005	ج ن ن	B005	17,29	الجن المستترون
F018	core	quranic:root_000266:B006	ج ن ن	B006	17,29	ستر العقل بالجنون
F018	core	quranic:root_000266:B010	ج ن ن	B010	17,29	الجنان المستور في الصدر
F018	core	quranic:root_000531:B008	ر ء ي	B008	44	رئي من الجن
F018	core	quranic:root_000682:B002	س ح ر	B002	15	السِّحر صرف وخداع
F018	core	quranic:root_000936:B003	ط غ و	B003	32	الطاغوت رأس الضلالة والطغيان
F018	core	quranic:root_000937:B003	ط غ ي	B003	32	الطاغوت رأس الضلالة
F018	core	quranic:root_000957:B003	ط و ف	B003	24	الطائف العارض
F018	optional	quranic:root_000025:B012	ء ر ض	B012	36	المأروض المخبول من أهل الأرض
F018	optional	quranic:root_000266:B012	ج ن ن	B012	17,29	الجان حية
F018	optional	quranic:root_000531:B002	ر ء ي	B002	44	رأي القلب والتفكر
F018	optional	quranic:root_001327:B001	ك ه ن	B001	29	الكاهن المتكهن بالأخبار الخفية
F018	rare	quranic:root_000044:B002	ء ل ت	B002	21	الحبس والصرف عن الوجه
F018	rare	quranic:root_000051:B001	ء م ر	B001	32	الشأن والحال
F018	rare	quranic:root_000064:B003	ء ه ل	B003	26	موضع الصلاح والاستحقاق
F018	rare	quranic:root_000133:B001	ب ع ض	B001	25	تجزئة الشيء وطائفته
F018	rare	quranic:root_000266:B009	ج ن ن	B009	17,29	مواراة الميت
F018	rare	quranic:root_000299:B005	ح د ث	B005	34	نازلة الدهر وحادثته
F018	rare	quranic:root_000478:B006	د ع و	B006	28	دواعي الدهر
F018	rare	quranic:root_000607:B002	ر ه ن	B002	21	ثبوت وإقامة ودوام
F018	rare	quranic:root_000616:B002	ر ي ب	B002	30	صروف الدهر المريبة
F018	rare	quranic:root_000661:B003	س ء ل	B003	25,40	قضاء المسألة
F018	rare	quranic:root_000741:B009	س م ع	B009	38	المِسمع قيد والقيد مسمعان
F018	rare	quranic:root_000840:B001	ص ب ر	B001	16,48	حبس النفس عن الجزع
F018	rare	quranic:root_000880:B001	ص ل ي	B001	16	الصلاة عبادة لازمة
F018	rare	quranic:root_000936:B004	ط غ و	B004	32	الطاغية المتجبر
F018	rare	quranic:root_000936:B005	ط غ و	B005	32	الطاغية عقوبة غالبة
F018	rare	quranic:root_000937:B001	ط غ ي	B001	32	مجاوزة الحد في العصيان
F018	rare	quranic:root_000937:B002	ط غ ي	B002	32	علو الماء والقوة الجارفة
F018	rare	quranic:root_000937:B005	ط غ ي	B005	32	الطغية الصفاة الملساء
F018	rare	quranic:root_001052:B001	ع ن د	B001	37,41	عدول عن الاستقامة وممانعة للحق
F018	rare	quranic:root_001198:B009	ق ب ل	B009	25,26,28	جماعة يقبل بعضها على بعض
F018	rare	quranic:root_001273:B003	ق و م	B003	32,48	عزم ونهوض إلى الأمر
F018	rare	quranic:root_001273:B004	ق و م	B004	32,48	رعاية وحفظ وولاية
F018	rare	quranic:root_001273:B009	ق و م	B009	32,48	قوام وعماد ومعاش
F018	rare	quranic:root_001273:B013	ق و م	B013	32,48	قيامة وبعث وقيام الساعة
F018	rare	quranic:root_001324:B003	ك ن ن	B003	24	الدخول في الكِنّ والاستتار
F018	rare	quranic:root_001324:B007	ك ن ن	B007	24	الكَانُون المستر
F018	rare	quranic:root_001327:B002	ك ه ن	B002	29	الكاهن القائم بأمر الرجل
F018	rare	quranic:root_001397:B006	م ث ل	B006	34	المثول زوالا ولطوءا
F018	rare	quranic:root_001503:B008	ن ش ر	B008	3	النُّشرة رقية تزيل البلاء
F019	core	quranic:root_000152:B004	ب ل ل	B004	33,36	الظفر والتعلق
F019	core	quranic:root_000840:B003	ص ب ر	B003	16,48	تحمل الكفالة والملازمة
F019	core	quranic:root_001198:B008	ق ب ل	B008	25,26,28	ضمان الشيء والتكفل به
F019	core	quranic:root_001307:B005	ك ف ر	B005	42	تبرؤ وتنصل
F019	core	quranic:root_001332:B003	ك و ن	B003	14,16,19,26,28,34	الكفالة والقيام على فلان
F019	optional	quranic:root_000013:B001	ء ث م	B001	23	البطء والتأخر عن الخير
F019	optional	quranic:root_000013:B002	ء ث م	B002	23	التأثم كف عن الإثم
F019	optional	quranic:root_000013:B003	ء ث م	B003	23	الأثام عقوبة الإثم
F019	optional	quranic:root_000013:B004	ء ث م	B004	23	تحميل الإثم وعده عليه
F019	optional	quranic:root_000025:B006	ء ر ض	B006	36	لزوم الأرض والتثاقل إليها
F019	optional	quranic:root_000043:B010	ء ك ل	B010	19	الإدعاء على الغير والتمكين منه
F019	optional	quranic:root_000086:B009	ب ح ر	B009	6	ركوب البحر والنسبة إليه
F019	optional	quranic:root_000086:B010	ب ح ر	B010	6	الملاقاة بلا قصد
F019	optional	quranic:root_000104:B001	ب ر ر	B001	28	صدق يمضي القول والعمل
F019	optional	quranic:root_000104:B002	ب ر ر	B002	28	خير وطاعة متسعة
F019	optional	quranic:root_000244:B001	ج ز ي	B001	16	مقابلة الفعل بجزائه
F019	optional	quranic:root_000348:B002	ح ك م	B002	48	الحكم والقضاء بين الناس
F019	optional	quranic:root_000532:B007	ر ب ب	B007	7,18,29,37,48	لزوم وإقامة ودوام
F019	optional	quranic:root_000607:B002	ر ه ن	B002	21	ثبوت وإقامة ودوام
F019	optional	quranic:root_000666:B001	س ب ح	B001	43,48,49	العبادة بالتسبيح والصلاة
F019	optional	quranic:root_000666:B002	س ب ح	B002	43,48,49	التنزيه والتبرئة
F019	optional	quranic:root_000719:B003	س ق ط	B003	44	السقطة خطأ وزلة وإسقاط
F019	optional	quranic:root_000737:B001	س ل م	B001	38	السلامة والبراءة من الآفات
F019	optional	quranic:root_000791:B002	ش ر ك	B002	43	الشِّرك بالله
F019	optional	quranic:root_001081:B004	غ ر م	B004	40	غرام الولوع والعلوق
F019	optional	quranic:root_001110:B002	غ ن ي	B002	46	الغَناء والكفاية
F019	optional	quranic:root_001117:B004	غ ي ب	B004	41	ذكر الإنسان في غيبته
F019	optional	quranic:root_001290:B002	ك ذ ب	B002	11,14	نسبة الشيء أو صاحبه إلى الكذب
F019	optional	quranic:root_001307:B006	ك ف ر	B006	42	نسبة إلى الكفر
F019	optional	quranic:root_001307:B009	ك ف ر	B009	42	محو الإثم بتغطيته
F019	optional	quranic:root_001324:B003	ك ن ن	B003	24	الدخول في الكِنّ والاستتار
F019	optional	quranic:root_001348:B014	ل ح م	B014	22	النشوب والالتصاق بالقوم أو المكان
F019	optional	quranic:root_001397:B011	م ث ل	B011	34	المثل عبرة وآية
F019	optional	quranic:root_001489:B003	ن ز ع	B003	23	الكف بعد تعلق
F019	optional	quranic:root_001510:B006	ن ص ر	B006	46	النصرانية نسبة وملة
F019	optional	quranic:root_001525:B011	ن ع م	B011	17,29	موافقة المكان وطيب المقام
F019	optional	quranic:root_001675:B001	و ق ع	B001	7	سقوط الشيء وثبوته
F019	optional	quranic:root_001675:B013	و ق ع	B013	7	الوقيعة في الناس
F019	optional	quranic:root_001677:B001	و ق ي	B001	17,18,27	دفع الضرر بوقاية
F020	core	quranic:root_000043:B010	ء ك ل	B010	19	الإدعاء على الغير والتمكين منه
F020	core	quranic:root_000478:B002	د ع و	B002	28	ادعاء الحق والانتساب
F020	core	quranic:root_000783:B010	ش ر ب	B010	19	دعوى ما لم يشرب
F020	core	quranic:root_001272:B005	ق و ل	B005	26,30,31,33,44	قول ما لم يكن أو نسبته
F020	core	quranic:root_001290:B005	ك ذ ب	B005	11,14	ما كذب أن فعل أي ما لبث
F020	optional	quranic:root_000478:B001	د ع و	B001	28	النداء والإمالة بالكلام
F020	optional	quranic:root_000502:B003	د و ن	B003	47	السوى والغير
F020	optional	quranic:root_000737:B013	س ل م	B013	38	أخذه سلما أي أسره
F020	optional	quranic:root_000743:B009	س م م	B009	27	لا سم ولا حم
F020	optional	quranic:root_000766:B007	س و ي	B007	16	مباينة وكون الشيء غيره
F020	optional	quranic:root_000783:B012	ش ر ب	B012	19	مال يؤكل ويشرب
F020	optional	quranic:root_000880:B002	ص ل ي	B002	16	الدعاء والبركة والرحمة
F020	optional	quranic:root_001290:B004	ك ذ ب	B004	11,14	صدق الحملة أو كذبها
F020	optional	quranic:root_001347:B002	ل ح ق	B002	21	إلصاق المنتمي بقوم أو بغير أبيه
F020	optional	quranic:root_001348:B014	ل ح م	B014	22	النشوب والالتصاق بالقوم أو المكان
F020	optional	quranic:root_001675:B005	و ق ع	B005	7	وقعة الحرب والإيقاع بالقوم
F020	rare	quranic:root_000043:B001	ء ك ل	B001	19	تناول المطعوم
F020	rare	quranic:root_000043:B003	ء ك ل	B003	19	النصيب والرزق المطعوم
F020	rare	quranic:root_000104:B001	ب ر ر	B001	28	صدق يمضي القول والعمل
F020	rare	quranic:root_000175:B002	ت ب ع	B002	21	اللَّحاق والإدراك
F020	rare	quranic:root_000217:B010	ج ب ل	B010	10	حمل على أمر
F020	rare	quranic:root_000225:B002	ج ح م	B002	18	احتدام الحرب والموت
F020	rare	quranic:root_000434:B007	خ ل ق	B007	35,36	اختلاق الكذب والكلام
F020	rare	quranic:root_000477:B009	د ع ع	B009	13	الدعاع عيال صغار
F020	rare	quranic:root_000480:B011	د ف ع	B011	8	دافع الأمر إذا أولع به وانهمك
F020	rare	quranic:root_000516:B008	ذ ك ر	B008	29	ذكر الحق صك ووثيقة حق
F020	rare	quranic:root_000680:B005	س ح ب	B005	44	سحابة اليوم
F020	rare	quranic:root_000682:B003	س ح ر	B003	15	السَّحْر بالغذاء
F020	rare	quranic:root_000719:B008	س ق ط	B008	44	مسقطة المرء من العيون
F020	rare	quranic:root_000737:B004	س ل م	B004	38	الصلح والمسالمة ضد الحرب
F020	rare	quranic:root_000766:B013	س و ي	B013	16	سِيّ الرأس وقدر يوازي الرأس من مال أو نعمة
F020	rare	quranic:root_000798:B004	ش ع ر	B004	30	شعار يلاصق الجسد
F020	rare	quranic:root_000803:B005	ش ف ق	B005	26	نواحي الأمر وأشفاقه
F020	rare	quranic:root_000852:B001	ص د ق	B001	34	صدق القول
F020	rare	quranic:root_001119:B005	غ ي ر	B005	35,43	السوى والخلاف والاستثناء والنفي
F020	rare	quranic:root_001198:B013	ق ب ل	B013	25,26,28	طاقة على المقابلة
F020	rare	quranic:root_001290:B002	ك ذ ب	B002	11,14	نسبة الشيء أو صاحبه إلى الكذب
F020	rare	quranic:root_001290:B003	ك ذ ب	B003	11,14	كذب عليك بمعنى الزم وعليك به
F020	rare	quranic:root_001315:B004	ك ل ل	B004	21	الكَلالة قرابة عارضة
F020	rare	quranic:root_001332:B003	ك و ن	B003	14,16,19,26,28,34	الكفالة والقيام على فلان
F020	rare	quranic:root_001332:B006	ك و ن	B006	14,16,19,26,28,34	حالة السوء بكينة
F020	rare	quranic:root_001334:B004	ك ي د	B004	42,46	الحرب والقتال
F020	rare	quranic:root_001348:B003	ل ح م	B003	22	إطعام اللحم ورزق الصيد
F020	rare	quranic:root_001348:B007	ل ح م	B007	22	لحمة النسب والولاء
F020	rare	quranic:root_001361:B002	ل غ و	B002	23	الكلام الباطل القبيح
F020	rare	quranic:root_001361:B005	ل غ و	B005	23	الميل عن الصواب
F020	rare	quranic:root_001409:B005	م ر ء	B005	21	الطعم والإطعام
F020	rare	quranic:root_001489:B011	ن ز ع	B011	23	طيب مقطع الشراب
F020	rare	quranic:root_001525:B010	ن ع م	B010	17,29	زاد وأنعم في الفعل
F020	rare	quranic:root_001700:B003	ي و م	B003	9,13,45,46	كائنة اليوم وشدته
F021	core	quranic:root_000610:B001	ر و د	B001	42	الإرادة والمشيئة
F021	core	quranic:root_000825:B001	ش ه و	B001	22	نزوع النفس إلى المشتهى
F021	core	quranic:root_000832:B001	ش ي ء	B001	21,35,46	المشيئة
F021	core	quranic:root_000831:B002	ش ي ء	B002	21,35,46	المشيئة المتعلّقة بالشيء
F021	core	quranic:root_000831:B005	ش ي ء	B005	21,35,46	انجذاب النفس إلى الشيء
F021	core	quranic:root_001273:B003	ق و م	B003	32,48	عزم ونهوض إلى الأمر
F021	core	quranic:root_001489:B004	ن ز ع	B004	23	ميل النفس إلى مطلوب
F021	optional	quranic:root_000043:B001	ء ك ل	B001	19	تناول المطعوم
F021	optional	quranic:root_000051:B001	ء م ر	B001	32	الشأن والحال
F021	optional	quranic:root_000051:B002	ء م ر	B002	32	الطلب والإلزام
F021	optional	quranic:root_000051:B007	ء م ر	B007	32	المشاورة وتدبير الرأي
F021	optional	quranic:root_000348:B002	ح ك م	B002	48	الحكم والقضاء بين الناس
F021	optional	quranic:root_000352:B008	ح ل م	B008	32	نزع الحلم ومداراة الساكن
F021	optional	quranic:root_000516:B009	ذ ك ر	B009	29	الذكرى والتذكرة ما يذكّر
F021	optional	quranic:root_000531:B005	ر ء ي	B005	44	رياء الناس
F021	optional	quranic:root_000531:B006	ر ء ي	B006	44	مرأى ومنظر ومرآة
F021	optional	quranic:root_000531:B012	ر ء ي	B012	44	إراءة وإظهار
F021	optional	quranic:root_000741:B005	س م ع	B005	38	الصيت والشيوع بين الناس
F021	optional	quranic:root_000825:B002	ش ه و	B002	22	التشهي بعد التشهي
F021	optional	quranic:root_000840:B001	ص ب ر	B001	16,48	حبس النفس عن الجزع
F021	optional	quranic:root_001044:B004	ع م ر	B004	4	القصد إلى الزيارة والنسك
F021	optional	quranic:root_001103:B002	غ ل م	B002	24	هيجان الشهوة
F021	optional	quranic:root_001174:B001	ف ك ه	B001	18,22	طيب النفس والنعيم المستطاب
F021	optional	quranic:root_001272:B012	ق و ل	B012	26,30,31,33,44	قول في النفس لم يظهر
F021	optional	quranic:root_001283:B003	ك ت ب	B003	2,41	إثبات يوجب حكما أو قدرا
F021	optional	quranic:root_001290:B008	ك ذ ب	B008	11,14	النفس الكذوب
F021	optional	quranic:root_001324:B002	ك ن ن	B002	24	الإكنان في النفس
F021	optional	quranic:root_001348:B002	ل ح م	B002	22	لحم البدن وشهوة اللحم
F021	optional	quranic:root_001409:B003	م ر ء	B003	21	الطعام المريء
F021	optional	quranic:root_001410:B003	م ر ء	B003	21	مراءة الطعام واستمراؤه
F021	optional	quranic:root_001489:B005	ن ز ع	B005	23	انجذاب الشيء إلى أصله
F021	optional	quranic:root_001604:B001	ه ن ء	B001	19	هناءة بلا مشقة ولا وخامة
F022	core	quranic:root_000121:B001	ب ص ر	B001	15	إبصار العين
F022	core	quranic:root_000225:B003	ج ح م	B003	18	العين المتوقدة أو الجاحظة
F022	core	quranic:root_000369:B001	ح و ر	B001	20	حَوَر العين
F022	core	quranic:root_000531:B001	ر ء ي	B001	44	رؤية العين والبصيرة
F022	core	quranic:root_000610:B007	ر و د	B007	42	عوار العين الرائد
F022	core	quranic:root_001069:B001	ع ي ن	B001	20,48	العين الناظرة
F022	core	quranic:root_001069:B002	ع ي ن	B002	20,48	المشاهدة بالعين
F022	core	quranic:root_001069:B004	ع ي ن	B004	20,48	الإصابة بالعين
F022	core	quranic:root_001069:B016	ع ي ن	B016	20,48	سعة العين وحسنها
F022	core	quranic:root_001273:B021	ق و م	B021	32,48	عين قائمة ذاهبة البصر
F022	core	quranic:root_001525:B013	ن ع م	B013	17,29	نعم الله بك عينا وقرة العين
F022	optional	quranic:root_000676:B004	س ج ر	B004	6	حمرة تخالط العين واللون
F022	optional	quranic:root_001069:B003	ع ي ن	B003	20,48	عين الحفظ والرعاية
F022	optional	quranic:root_001069:B008	ع ي ن	B008	20,48	عين الشمس
F022	optional	quranic:root_001069:B017	ع ي ن	B017	20,48	العين بمعنى الناس الحاضرون
F022	optional	quranic:root_001337:B004	ل ء ل ء	B004	24	برق العين وتقليب الكفين
F022	rare	quranic:root_000076:B002	ء ل ي	B002	13	معنى عند
F022	rare	quranic:root_000121:B002	ب ص ر	B002	15	بصيرة القلب
F022	rare	quranic:root_000170:B008	ب ي ن	B008	38	انفراج العضو أو الشيء عن ملاصقه
F022	rare	quranic:root_000170:B010	ب ي ن	B010	38	الوقت الواقع أثناء حال أو فعل
F022	rare	quranic:root_000369:B002	ح و ر	B002	20	البياض والتبييض
F022	rare	quranic:root_000382:B005	ح ي ن	B005	48	ترقّب الحين وانتظاره
F022	rare	quranic:root_000434:B011	خ ل ق	B011	35,36	نقرة أو بئر تمسك الماء
F022	rare	quranic:root_000458:B016	د ب ر	B016	49	الدبر مال كثير باق
F022	rare	quranic:root_000511:B004	ذ ر ر	B004	21	طلوع لطيف منتشر
F022	rare	quranic:root_000516:B003	ذ ك ر	B003	29	استحضار الشيء بعد النسيان أو مع الحفظ
F022	rare	quranic:root_000531:B006	ر ء ي	B006	44	مرأى ومنظر ومرآة
F022	rare	quranic:root_000531:B012	ر ء ي	B012	44	إراءة وإظهار
F022	rare	quranic:root_000534:B001	ر ب ص	B001	30,31	الانتظار والترقب
F022	rare	quranic:root_000534:B002	ر ب ص	B002	30,31	ترقب السلعة وحبسها
F022	rare	quranic:root_000534:B003	ر ب ص	B003	30,31	مدة الانتظار الزوجية
F022	rare	quranic:root_000582:B005	ر ف ع	B005	5	إذاعة الخبر
F022	rare	quranic:root_000586:B006	ر ق ق	B006	3	التَّرقرق واللَّمعان
F022	rare	quranic:root_000682:B008	س ح ر	B008	15	سَحَر الشيء طرفه
F022	rare	quranic:root_000704:B003	س ط ر	B003	2,37	سيطرة الرقيب المتسلط
F022	rare	quranic:root_000741:B013	س م ع	B013	38	سَمْعَنَة نَظَرْنَة في التظنّي
F022	rare	quranic:root_000783:B007	ش ر ب	B007	19	مخالطة اللون والقلب
F022	rare	quranic:root_000803:B003	ش ف ق	B003	26	عناية يخالطها خوف وحذر
F022	rare	quranic:root_000832:B005	ش ي ء	B005	21,35,46	الاستماع
F022	rare	quranic:root_000957:B005	ط و ف	B005	24	الطائف العاس
F022	rare	quranic:root_000957:B009	ط و ف	B009	24	طَوْف الرقبة
F022	rare	quranic:root_000967:B005	ظ ل م	B005	47	ماء الأسنان وبريق الثغر
F022	rare	quranic:root_001046:B007	ع م ل	B007	16,19,21	التعمل بمعنى التعني
F022	rare	quranic:root_001046:B010	ع م ل	B010	16,19,21	الجارحة العاملة
F022	rare	quranic:root_001069:B005	ع ي ن	B005	20,48	العين الجاسوسة
F022	rare	quranic:root_001069:B009	ع ي ن	B009	20,48	النقرة أو الموضع العيني
F022	rare	quranic:root_001069:B011	ع ي ن	B011	20,48	النقد الحاضر
F022	rare	quranic:root_001069:B014	ع ي ن	B014	20,48	العين خيار الشيء
F022	rare	quranic:root_001117:B001	غ ي ب	B001	41	تستر الشيء عن العيون
F022	rare	quranic:root_001198:B001	ق ب ل	B001	25,26,28	مواجهة الشيء للشيء
F022	rare	quranic:root_001198:B003	ق ب ل	B003	25,26,28	جهة الشيء وعنده
F022	rare	quranic:root_001272:B011	ق و ل	B011	26,30,31,33,44	قول يجري مجرى الظن
F022	rare	quranic:root_001272:B015	ق و ل	B015	26,30,31,33,44	العناية الصادقة بالشيء
F022	rare	quranic:root_001273:B004	ق و م	B004	32,48	رعاية وحفظ وولاية
F022	rare	quranic:root_001273:B006	ق و م	B006	32,48	مقام وإقامة في موضع
F022	rare	quranic:root_001273:B015	ق و م	B015	32,48	وزن سواء ومقدار معتدل
F022	rare	quranic:root_001273:B019	ق و م	B019	32,48	وجع قائم بالعضو
F022	rare	quranic:root_001290:B006	ك ذ ب	B006	11,14	كذب لبن الناقة إذا ذهب ولم يدم
F022	rare	quranic:root_001315:B011	ك ل ل	B011	21	الانكلال تبسما ولمعا
F022	rare	quranic:root_001337:B002	ل ء ل ء	B002	24	بريق يتلألأ
F022	rare	quranic:root_001392:B003	ل ي ل	B003	49	الليلة القريبة من اليوم
F022	rare	quranic:root_001397:B005	م ث ل	B005	34	المثول والانتصاب
F022	rare	quranic:root_001475:B002	ن ج م	B002	49	الطالع الظاهر
F022	rare	quranic:root_001475:B006	ن ج م	B006	49	العلم البارز
F022	rare	quranic:root_001525:B011	ن ع م	B011	17,29	موافقة المكان وطيب المقام
F022	rare	quranic:root_001638:B003	و ذ ر	B003	45	ذَرْ الشيء وتركه
F022	rare	quranic:root_001675:B008	و ق ع	B008	7	وقائع الماء ومناقعه
F022	rare	quranic:root_001675:B012	و ق ع	B012	7	توقع الأمر ورمي الظن
F022	rare	quranic:root_001700:B001	ي و م	B001	9,13,45,46	وقت النهار المحدود
F023	core	quranic:root_000217:B008	ج ب ل	B008	10	يبس الشجر
F023	core	quranic:root_000266:B003	ج ن ن	B003	17,29	البستان المستور بالشجر
F023	core	quranic:root_000266:B011	ج ن ن	B011	17,29	التفاف النبات واندفاعه
F023	core	quranic:root_000352:B007	ح ل م	B007	32	نبتة تسمى الحلمة
F023	core	quranic:root_000532:B012	ر ب ب	B012	7,18,29,37,48	ربة نبات
F023	core	quranic:root_000783:B014	ش ر ب	B014	19	أرض ونبت ريان
F023	core	quranic:root_000798:B002	ش ع ر	B002	30	نبات كثيف كالشَّعر
F023	core	quranic:root_001475:B003	ن ج م	B003	49	النبات بلا ساق
F023	optional	quranic:root_000009:B007	ء ت ي	B007	18,34,38	خروج النماء والنتاج
F023	optional	quranic:root_000025:B002	ء ر ض	B002	36	الأرض اللينة المنبتة
F023	optional	quranic:root_000043:B002	ء ك ل	B002	19	غلة الشجر والزرع
F023	optional	quranic:root_000076:B005	ء ل ي	B005	13	شجر الألاء
F023	optional	quranic:root_000086:B006	ب ح ر	B006	6	الأرض الجامعة للماء
F023	optional	quranic:root_000586:B004	ر ق ق	B004	3	الأرض الرقيقة اللينة
F023	optional	quranic:root_000682:B007	س ح ر	B007	15	الإسحارة بقلة المال
F023	optional	quranic:root_000737:B008	س ل م	B008	38	السلم شجر وقرظ للدباغة
F023	optional	quranic:root_000840:B009	ص ب ر	B009	16,48	الصبار حمل الشجرة الحامض
F023	optional	quranic:root_000871:B006	ص ف ف	B006	20	الصفصاف شجر الخلاف
F023	optional	quranic:root_000967:B007	ظ ل م	B007	47	شجر الظلام المتجاوز
F023	optional	quranic:root_001174:B002	ف ك ه	B002	18,22	الفاكهة والثمر المستطاب
F023	optional	quranic:root_001489:B015	ن ز ع	B015	23	نبت يسمى النزعة
F023	optional	quranic:root_001503:B004	ن ش ر	B004	3	الكَلأ اليابس إذا أحياه المطر
F023	optional	quranic:root_001564:B004	ن و ر	B004	13,14	نور الشجر وزهره
F023	rare	quranic:root_000025:B005	ء ر ض	B005	36	الإراض البساط الضخم
F023	rare	quranic:root_000025:B010	ء ر ض	B010	36	الأَرَضَة آكلة الخشب
F023	rare	quranic:root_000025:B011	ء ر ض	B011	36	فساد القرحة بالمدة
F023	rare	quranic:root_000086:B001	ب ح ر	B001	6	الماء الواسع الكثير
F023	rare	quranic:root_000086:B004	ب ح ر	B004	6	الملوحة
F023	rare	quranic:root_000104:B006	ب ر ر	B006	28	حب وحنطة
F023	rare	quranic:root_000104:B007	ب ر ر	B007	28	ثمر الأراك
F023	rare	quranic:root_000121:B007	ب ص ر	B007	15	حجارة بصرة رخوة
F023	rare	quranic:root_000217:B005	ج ب ل	B005	10	صلابة توقف الحفر
F023	rare	quranic:root_000369:B004	ح و ر	B004	20	الجلد الحَوَر
F023	rare	quranic:root_000434:B010	خ ل ق	B010	35,36	الخلوق والتخليق بالطيب
F023	rare	quranic:root_000434:B011	خ ل ق	B011	35,36	نقرة أو بئر تمسك الماء
F023	rare	quranic:root_000477:B008	د ع ع	B008	13	الدعدع نبت مائي
F023	rare	quranic:root_000477:B010	د ع ع	B010	13	الدعاع حبة برية
F023	rare	quranic:root_000511:B002	ذ ر ر	B002	21	تفريق الحبوب والدقيق
F023	rare	quranic:root_000511:B003	ذ ر ر	B003	21	مسحوق الذريرة والذَّرور
F023	rare	quranic:root_000652:B004	ز و ج	B004	20	لون أو صنف من أصناف الشيء
F023	rare	quranic:root_000666:B007	س ب ح	B007	43,48,49	سباح الجلود والكساء
F023	rare	quranic:root_000676:B001	س ج ر	B001	6	الامتلاء بالماء وما يجري مجراه
F023	rare	quranic:root_000676:B005	س ج ر	B005	6	إيقاد النار وتهييجها
F023	rare	quranic:root_000719:B007	س ق ط	B007	44	موضع السقوط ومنتهى الطرف
F023	rare	quranic:root_000719:B010	س ق ط	B010	44	السقيط ثلج وجليد ساقط
F023	rare	quranic:root_000766:B009	س و ي	B009	16	السِيّ واسع أملس من الأرض
F023	rare	quranic:root_000769:B003	س ي ر	B003	10	السير من الجلد
F023	rare	quranic:root_000783:B001	ش ر ب	B001	19	تناول المائع
F023	rare	quranic:root_000798:B003	ش ع ر	B003	30	حبة الشعير وما يشبهها
F023	rare	quranic:root_000840:B005	ص ب ر	B005	16,48	حجر غليظ وأرض حصباء
F023	rare	quranic:root_000840:B008	ص ب ر	B008	16,48	الصبر المر وعصارته
F023	rare	quranic:root_000871:B005	ص ف ف	B005	20	الأرض الصفصف
F023	rare	quranic:root_000880:B010	ص ل ي	B010	16	الصِّليان نبت ترعاه الإبل
F023	rare	quranic:root_000936:B004	ط غ و	B004	32	الطاغية المتجبر
F023	rare	quranic:root_001040:B005	ع ل م	B005	47	ماء كثير مجتمع في عيلم
F023	rare	quranic:root_001069:B007	ع ي ن	B007	20,48	عين الجلد والسقاء
F023	rare	quranic:root_001117:B008	غ ي ب	B008	41	غيبان الشجرة عروق مستترة
F023	rare	quranic:root_001119:B001	غ ي ر	B001	35,43	الصلاح والمنفعة بالميرة والسقي والإصلاح
F023	rare	quranic:root_001286:B006	ك ث ر	B006	47	الكثر جمار النخل
F023	rare	quranic:root_001296:B004	ك س ب	B004	21	الكُسب عصارة الدهن
F023	rare	quranic:root_001307:B002	ك ف ر	B002	42	غمر ساتر
F023	rare	quranic:root_001307:B010	ك ف ر	B010	42	كمام الثمر
F023	rare	quranic:root_001307:B011	ك ف ر	B011	42	كافور طيب
F023	rare	quranic:root_001337:B001	ل ء ل ء	B001	24	اللؤلؤة الدرة
F023	rare	quranic:root_001347:B003	ل ح ق	B003	21	لحق النبت والثمر: تابع يأتي بعد الأول
F023	rare	quranic:root_001392:B001	ل ي ل	B001	49	الليل خلاف النهار وظلمته
F023	rare	quranic:root_001407:B003	م د د	B003	22	ماء يجري ويمتلئ ويمده ماء آخر
F023	rare	quranic:root_001475:B007	ن ج م	B007	49	انجلاء الغيم وانقطاع المطر
F023	rare	quranic:root_001489:B013	ن ز ع	B013	23	مُتاخمة أرض لأرض
F023	rare	quranic:root_001503:B003	ن ش ر	B003	3	الرائحة الطيبة المنتشرة
F023	rare	quranic:root_001510:B004	ن ص ر	B004	46	النصر مطر وإغاثة
F023	rare	quranic:root_001604:B003	ه ن ء	B003	19	هناءة الماشية من النبت
F023	rare	quranic:root_001675:B003	و ق ع	B003	7	وقوع المطر ومساقطه
F023	rare	quranic:root_001675:B008	و ق ع	B008	7	وقائع الماء ومناقعه
F024	core	quranic:root_001272:B006	ق و ل	B006	26,30,31,33,44	اجترار القول إلى النفس
F024	core	quranic:root_001272:B012	ق و ل	B012	26,30,31,33,44	قول في النفس لم يظهر
F024	core	quranic:root_001290:B008	ك ذ ب	B008	11,14	النفس الكذوب
F024	core	quranic:root_001324:B002	ك ن ن	B002	24	الإكنان في النفس
F024	core	quranic:root_001334:B003	ك ي د	B003	42,46	مكابدة خروج النفس
F024	optional	quranic:root_000086:B005	ب ح ر	B005	6	الظهور في الفضاء
F024	optional	quranic:root_000121:B002	ب ص ر	B002	15	بصيرة القلب
F024	optional	quranic:root_000217:B009	ج ب ل	B009	10	عسر ومنع
F024	optional	quranic:root_000266:B001	ج ن ن	B001	17,29	الستر والاستتار
F024	optional	quranic:root_000266:B010	ج ن ن	B010	17,29	الجنان المستور في الصدر
F024	optional	quranic:root_000352:B001	ح ل م	B001	32	الأناة وضبط النفس
F024	optional	quranic:root_000406:B001	خ ز ن	B001	37	صيانة الشيء وإحرازه
F024	optional	quranic:root_000531:B002	ر ء ي	B002	44	رأي القلب والتفكر
F024	optional	quranic:root_000697:B001	س ر ر	B001	20	إخفاء الشيء في الباطن
F024	optional	quranic:root_000831:B001	ش ي ء	B001	21,35,46	الشيء المعلوم المخبر عنه
F024	optional	quranic:root_000831:B005	ش ي ء	B005	21,35,46	انجذاب النفس إلى الشيء
F024	optional	quranic:root_000840:B001	ص ب ر	B001	16,48	حبس النفس عن الجزع
F024	optional	quranic:root_000852:B001	ص د ق	B001	34	صدق القول
F024	optional	quranic:root_000994:B004	ع ذ ب	B004	7,18,27,47	العذوب المكشوف للسماء
F024	optional	quranic:root_000994:B008	ع ذ ب	B008	7,18,27,47	العذبي كريم الأخلاق
F024	optional	quranic:root_001040:B001	ع ل م	B001	47	انكشاف الشيء للعارف
F024	optional	quranic:root_001296:B002	ك س ب	B002	21	إكساب غيره خيرا أو مالا
F024	optional	quranic:root_001296:B003	ك س ب	B003	21	الكواسب الجوارح
F024	optional	quranic:root_001307:B007	ك ف ر	B007	42	إلجاء إلى العصيان
F024	optional	quranic:root_001324:B001	ك ن ن	B001	24	السَّتر الصائن
F024	optional	quranic:root_001334:B007	ك ي د	B007	42,46	القيء
F024	optional	quranic:root_001372:B007	ل ق ي	B007	45	ما يلقاه المرء من خير أو شر
F024	optional	quranic:root_001434:B006	م ع ع	B006	31	تكرير لفظ مع في القول والكتابة
F024	optional	quranic:root_001677:B002	و ق ي	B002	17,18,27	جعل النفس في وقاية
F025	core	quranic:root_000104:B004	ب ر ر	B004	28	صوت وجلبة باللسان
F025	core	quranic:root_000152:B006	ب ل ل	B006	33,36	بِلّة اللسان
F025	core	quranic:root_000170:B005	ب ي ن	B005	38	كشف المعنى بالقول أو العلامة
F025	core	quranic:root_000516:B004	ذ ك ر	B004	29	جريان الذكر على اللسان
F025	core	quranic:root_000732:B004	س ل ط	B004	38	لسان سليط حاد صخاب
F025	core	quranic:root_001272:B001	ق و ل	B001	26,30,31,33,44	إخراج القول بالنطق
F025	core	quranic:root_001272:B002	ق و ل	B002	26,30,31,33,44	اللسان آلة القول
F025	core	quranic:root_001373:B001	ل ك ن	B001	47	لُكْنة اللسان
F025	optional	quranic:root_000166:B003	ب ي ت	B003	4	بيت الشعر
F025	optional	quranic:root_000217:B009	ج ب ل	B009	10	عسر ومنع
F025	optional	quranic:root_000406:B003	خ ز ن	B003	37	الخازن القائم بالحفظ
F025	optional	quranic:root_000516:B002	ذ ك ر	B002	29	صلابة الذكر وحدته وشدته
F025	optional	quranic:root_000680:B006	س ح ب	B006	44	سحبان العلم والمثل
F025	optional	quranic:root_000719:B003	س ق ط	B003	44	السقطة خطأ وزلة وإسقاط
F025	optional	quranic:root_000852:B001	ص د ق	B001	34	صدق القول
F025	optional	quranic:root_000864:B001	ص ع ق	B001	45	الصوت الشديد الصالع
F025	optional	quranic:root_001044:B006	ع م ر	B006	4	ارتفاع الصوت والجلبة
F025	optional	quranic:root_001272:B014	ق و ل	B014	26,30,31,33,44	قول الشيء دلالته
F025	optional	quranic:root_001283:B002	ك ت ب	B002	2,41	نظم الحروف واسم المكتوب
F025	optional	quranic:root_001315:B001	ك ل ل	B001	21	الكَلال وخلاف الحدة
F025	optional	quranic:root_001361:B003	ل غ و	B003	23	ضجيج الصوت المختلط
F025	optional	quranic:root_001361:B004	ل غ و	B004	23	اللهج بالشيء ولسان الجماعة
F025	optional	quranic:root_001372:B011	ل ق ي	B011	45	تلقي الكلام أخذا وتلقينا
F025	optional	quranic:root_001397:B003	م ث ل	B003	34	المثل المضروب
F025	optional	quranic:root_001434:B006	م ع ع	B006	31	تكرير لفظ مع في القول والكتابة
F025	rare	quranic:root_000076:B009	ء ل ي	B009	13	المنع
F025	rare	quranic:root_000086:B002	ب ح ر	B002	6	السعة والانبساط
F025	rare	quranic:root_000152:B005	ب ل ل	B005	33,36	الأبل في الخصومة والمنع
F025	rare	quranic:root_000152:B009	ب ل ل	B009	33,36	البلبلة والاختلاط
F025	rare	quranic:root_000266:B001	ج ن ن	B001	17,29	الستر والاستتار
F025	rare	quranic:root_000266:B008	ج ن ن	B008	17,29	الجُنّة الواقية
F025	rare	quranic:root_000348:B003	ح ك م	B003	48	الحكمة والعلم المصيب
F025	rare	quranic:root_000480:B011	د ف ع	B011	8	دافع الأمر إذا أولع به وانهمك
F025	rare	quranic:root_000516:B003	ذ ك ر	B003	29	استحضار الشيء بعد النسيان أو مع الحفظ
F025	rare	quranic:root_000531:B005	ر ء ي	B005	44	رياء الناس
F025	rare	quranic:root_000741:B005	س م ع	B005	38	الصيت والشيوع بين الناس
F025	rare	quranic:root_000741:B007	س م ع	B007	38	السماع المستلذ والغناء
F025	rare	quranic:root_000741:B012	س م ع	B012	38	سَمْعَمَع في الهيئة والخبث
F025	rare	quranic:root_000798:B007	ش ع ر	B007	30	قريض وشاعر
F025	rare	quranic:root_000936:B008	ط غ و	B008	32	طغي القوم صوتهم
F025	rare	quranic:root_001040:B001	ع ل م	B001	47	انكشاف الشيء للعارف
F025	rare	quranic:root_001069:B003	ع ي ن	B003	20,48	عين الحفظ والرعاية
F025	rare	quranic:root_001081:B004	غ ر م	B004	40	غرام الولوع والعلوق
F025	rare	quranic:root_001110:B003	غ ن ي	B003	46	الغِناء والصوت
F025	rare	quranic:root_001117:B004	غ ي ب	B004	41	ذكر الإنسان في غيبته
F025	rare	quranic:root_001174:B006	ف ك ه	B006	18,22	الأشر البطر
F025	rare	quranic:root_001174:B007	ف ك ه	B007	18,22	التفكه بالأعراض
F025	rare	quranic:root_001272:B003	ق و ل	B003	26,30,31,33,44	كثرة القول في صاحبه
F025	rare	quranic:root_001272:B006	ق و ل	B006	26,30,31,33,44	اجترار القول إلى النفس
F025	rare	quranic:root_001272:B007	ق و ل	B007	26,30,31,33,44	القول الفاشي بين الناس
F025	rare	quranic:root_001272:B015	ق و ل	B015	26,30,31,33,44	العناية الصادقة بالشيء
F025	rare	quranic:root_001273:B004	ق و م	B004	32,48	رعاية وحفظ وولاية
F025	rare	quranic:root_001283:B003	ك ت ب	B003	2,41	إثبات يوجب حكما أو قدرا
F025	rare	quranic:root_001286:B003	ك ث ر	B003	47	كثرة في صاحب أو كلام أو مطالب
F025	rare	quranic:root_001324:B001	ك ن ن	B001	24	السَّتر الصائن
F025	rare	quranic:root_001324:B003	ك ن ن	B003	24	الدخول في الكِنّ والاستتار
F025	rare	quranic:root_001334:B006	ك ي د	B006	42,46	إبطاء الزند في النار
F025	rare	quranic:root_001372:B003	ل ق ي	B003	45	سرعة اللقاح
F025	rare	quranic:root_001397:B011	م ث ل	B011	34	المثل عبرة وآية
F025	rare	quranic:root_001434:B001	م ع ع	B001	31	جلبة النار والحرب
F025	rare	quranic:root_001675:B001	و ق ع	B001	7	سقوط الشيء وثبوته
F025	rare	quranic:root_001675:B011	و ق ع	B011	7	توقيع الكتاب وأثره
F025	rare	quranic:root_001675:B013	و ق ع	B013	7	الوقيعة في الناس
F026	core	quranic:root_000202:B007	ث ق ل	B007	40	إثقال الحمل
F026	core	quranic:root_000266:B007	ج ن ن	B007	17,29	الجنين المستور في البطن
F026	core	quranic:root_000552:B003	ر ح م	B003	28	رَحِم الأنثى
F026	core	quranic:root_000719:B004	س ق ط	B004	44	الولد السِّقط قبل تمامه
F026	core	quranic:root_000994:B009	ع ذ ب	B009	7,18,27,47	العذابة والرحم والخرج بعد الولد
F026	core	quranic:root_001198:B007	ق ب ل	B007	25,26,28	تلقي الخارج إلى اليد
F026	optional	quranic:root_000051:B009	ء م ر	B009	32	ولد الضأن الصغير
F026	optional	quranic:root_000086:B013	ب ح ر	B013	6	عظم البطن
F026	optional	quranic:root_000175:B007	ت ب ع	B007	21	ولد البقرة التابع لها
F026	optional	quranic:root_000369:B008	ح و ر	B008	20	حِوار الناقة
F026	optional	quranic:root_000480:B009	د ف ع	B009	8	دفع اللبن في الضرع قبل النتاج
F026	optional	quranic:root_000531:B010	ر ء ي	B010	44	ظهور حمل الناقة أو الشاة
F026	optional	quranic:root_000532:B005	ر ب ب	B005	7,18,29,37,48	ربيب وربيبة ورابة
F026	optional	quranic:root_000552:B002	ر ح م	B002	28	الرَّحِم والقرابة
F026	optional	quranic:root_000552:B004	ر ح م	B004	28	وجع الرَّحِم بعد الولادة
F026	optional	quranic:root_000697:B006	س ر ر	B006	20	سرة البطن وما يقطع منها
F026	optional	quranic:root_000737:B011	س ل م	B011	38	السلم دلو بعروة واحدة
F026	optional	quranic:root_000741:B008	س م ع	B008	38	مِسمع الدلو والغرب
F026	optional	quranic:root_000840:B016	ص ب ر	B016	16,48	بطن من غسان
F026	optional	quranic:root_000936:B009	ط غ و	B009	32	الطغيا الصغير من بقر الوحش
F026	optional	quranic:root_001174:B004	ف ك ه	B004	18,22	لبن مفكه طيب قبل الولاد
F026	optional	quranic:root_001290:B006	ك ذ ب	B006	11,14	كذب لبن الناقة إذا ذهب ولم يدم
F026	optional	quranic:root_001315:B002	ك ل ل	B002	21	الكُلّ عيالا وثقلا
F026	optional	quranic:root_001372:B002	ل ق ي	B002	45	اسم على شكل أو هيئة مخصوصة
F026	optional	quranic:root_001372:B003	ل ق ي	B003	45	سرعة اللقاح
F026	optional	quranic:root_001489:B008	ن ز ع	B008	23	ماء ينزع باليد
F026	rare	quranic:root_000064:B002	ء ه ل	B002	26	اتخاذ الأهل بالزواج
F026	rare	quranic:root_000086:B006	ب ح ر	B006	6	الأرض الجامعة للماء
F026	rare	quranic:root_000086:B007	ب ح ر	B007	6	العمق والحمرة الخالصة
F026	rare	quranic:root_000156:B007	ب ن ي	B007	39	البُنُوَّة والنسب وما ينسب إلى منشأ
F026	rare	quranic:root_000166:B002	ب ي ت	B002	4	أهل البيت وعياله
F026	rare	quranic:root_000170:B003	ب ي ن	B003	38	الوصلة القائمة بين الأطراف
F026	rare	quranic:root_000170:B006	ب ي ن	B006	38	بعد المسافة واتساع الفجوة
F026	rare	quranic:root_000266:B016	ج ن ن	B016	17,29	الجناجن عظام الصدر
F026	rare	quranic:root_000434:B011	خ ل ق	B011	35,36	نقرة أو بئر تمسك الماء
F026	rare	quranic:root_000458:B012	د ب ر	B012	49	الدبور ريح من خلف الكعبة
F026	rare	quranic:root_000516:B001	ذ ك ر	B001	29	الذكر خلاف الأنثى
F026	rare	quranic:root_000532:B002	ر ب ب	B002	7,18,29,37,48	إصلاح وتربية وإتمام
F026	rare	quranic:root_000532:B006	ر ب ب	B006	7,18,29,37,48	رُبّ خاثر وإصلاح به
F026	rare	quranic:root_000532:B009	ر ب ب	B009	7,18,29,37,48	شاة رُبّى وحداثة
F026	rare	quranic:root_000532:B014	ر ب ب	B014	7,18,29,37,48	رَبْرَب قطيع
F026	rare	quranic:root_000582:B007	ر ف ع	B007	5	رفع اللبن في الضرع
F026	rare	quranic:root_000582:B008	ر ف ع	B008	5	الرِفاعة للمرأة
F026	rare	quranic:root_000586:B004	ر ق ق	B004	3	الأرض الرقيقة اللينة
F026	rare	quranic:root_000616:B001	ر ي ب	B001	30	اضطراب الشك والريبة
F026	rare	quranic:root_000652:B002	ز و ج	B002	20	زوج النكاح
F026	rare	quranic:root_000682:B001	س ح ر	B001	15	السَّحَر العضو
F026	rare	quranic:root_000743:B001	س م م	B001	27	ثقب ضيق يدخل منه الشيء
F026	rare	quranic:root_000766:B006	س و ي	B006	16	وسط وعدل ومكان منصف
F026	rare	quranic:root_000783:B013	ش ر ب	B013	19	تطييب القربة وتشريبها
F026	rare	quranic:root_000791:B003	ش ر ك	B003	43	شِرك المصاهرة
F026	rare	quranic:root_000852:B007	ص د ق	B007	34	صداق المرأة
F026	rare	quranic:root_000880:B006	ص ل ي	B006	16	الصَّلا موضع الظهر والذنب
F026	rare	quranic:root_000994:B008	ع ذ ب	B008	7,18,27,47	العذبي كريم الأخلاق
F026	rare	quranic:root_001040:B005	ع ل م	B005	47	ماء كثير مجتمع في عيلم
F026	rare	quranic:root_001069:B006	ع ي ن	B006	20,48	منبع الماء الجاري
F026	rare	quranic:root_001069:B007	ع ي ن	B007	20,48	عين الجلد والسقاء
F026	rare	quranic:root_001069:B016	ع ي ن	B016	20,48	سعة العين وحسنها
F026	rare	quranic:root_001198:B001	ق ب ل	B001	25,26,28	مواجهة الشيء للشيء
F026	rare	quranic:root_001198:B005	ق ب ل	B005	25,26,28	جهة الصلاة المتوجه إليها
F026	rare	quranic:root_001273:B012	ق و م	B012	32,48	آلة قائمة وجزء قائم
F026	rare	quranic:root_001290:B008	ك ذ ب	B008	11,14	النفس الكذوب
F026	rare	quranic:root_001307:B002	ك ف ر	B002	42	غمر ساتر
F026	rare	quranic:root_001315:B007	ك ل ل	B007	21	الكُلْكُل صدرا
F026	rare	quranic:root_001334:B007	ك ي د	B007	42,46	القيء
F026	rare	quranic:root_001358:B006	ل ع ب	B006	12	طلع جديد مع حمل باق
F026	rare	quranic:root_001372:B004	ل ق ي	B004	45	توافي شيئين متقابلين
F026	rare	quranic:root_001372:B011	ل ق ي	B011	45	تلقي الكلام أخذا وتلقينا
F026	rare	quranic:root_001409:B001	م ر ء	B001	21	المرء والمرأة
F026	rare	quranic:root_001410:B001	م ر ء	B001	21	المَرْء والمرأة
F026	rare	quranic:root_001525:B005	ن ع م	B005	17,29	مال الأنعام والإبل
F026	rare	quranic:root_001675:B007	و ق ع	B007	7	ربوض الدواب والإبل
F026	rare	quranic:root_001675:B008	و ق ع	B008	7	وقائع الماء ومناقعه
F026	rare	quranic:root_001678:B006	و ك ء	B006	20	تصلق الناقة عند المخاض
F027	core	quranic:root_000382:B002	ح ي ن	B002	48	حلول الهلاك أو نازلته
F027	core	quranic:root_000936:B005	ط غ و	B005	32	الطاغية عقوبة غالبة
F027	core	quranic:root_000994:B005	ع ذ ب	B005	7,18,27,47	العذاب إيلام وعقوبة
F027	core	quranic:root_000994:B009	ع ذ ب	B009	7,18,27,47	العذابة والرحم والخرج بعد الولد
F027	core	quranic:root_001081:B003	غ ر م	B003	40	غرام العذاب اللازم
F027	core	quranic:root_001081:B004	غ ر م	B004	40	غرام الولوع والعلوق
F027	core	quranic:root_001689:B001	و ي ل	B001	11	وقوع الشر والهلاك
F027	optional	quranic:root_000009:B011	ء ت ي	B011	18,34,38	إتيان البلاء والهلاك
F027	optional	quranic:root_000013:B003	ء ث م	B003	23	الأثام عقوبة الإثم
F027	optional	quranic:root_000152:B004	ب ل ل	B004	33,36	الظفر والتعلق
F027	optional	quranic:root_000152:B008	ب ل ل	B008	33,36	بَل حرف الإضراب والتدارك
F027	optional	quranic:root_000225:B004	ج ح م	B004	18	تلهب الوجه بالغضب
F027	optional	quranic:root_000369:B009	ح و ر	B009	20	الهلكة والكساد
F027	optional	quranic:root_000458:B004	د ب ر	B004	49	قطع الدابر واستئصال الأثر
F027	optional	quranic:root_000480:B011	د ف ع	B011	8	دافع الأمر إذا أولع به وانهمك
F027	optional	quranic:root_000532:B007	ر ب ب	B007	7,18,29,37,48	لزوم وإقامة ودوام
F027	optional	quranic:root_000791:B002	ش ر ك	B002	43	الشِّرك بالله
F027	optional	quranic:root_000864:B002	ص ع ق	B002	45	الصاعقة الهدة العلوية
F027	optional	quranic:root_001040:B006	ع ل م	B006	47	طائر جارح يسمى العلام
F027	optional	quranic:root_001348:B014	ل ح م	B014	22	النشوب والالتصاق بالقوم أو المكان
F027	optional	quranic:root_001361:B004	ل غ و	B004	23	اللهج بالشيء ولسان الجماعة
F027	optional	quranic:root_001397:B002	م ث ل	B002	34	المثلة والنكال
F027	optional	quranic:root_001434:B002	م ع ع	B002	31	شدة الحر والسير فيه
F027	optional	quranic:root_001700:B003	ي و م	B003	9,13,45,46	كائنة اليوم وشدته
F028	core	quranic:root_000086:B001	ب ح ر	B001	6	الماء الواسع الكثير
F028	core	quranic:root_000086:B004	ب ح ر	B004	6	الملوحة
F028	core	quranic:root_000480:B005	د ف ع	B005	8	دفاع السيل والموج والكثرة المتدافعة
F028	core	quranic:root_000676:B001	س ج ر	B001	6	الامتلاء بالماء وما يجري مجراه
F028	core	quranic:root_000936:B002	ط غ و	B002	32	طغيان الماء وما يجري مجراه
F028	core	quranic:root_000937:B002	ط غ ي	B002	32	علو الماء والقوة الجارفة
F028	core	quranic:root_000957:B002	ط و ف	B002	24	الطوفان المحيط
F028	core	quranic:root_001407:B003	م د د	B003	22	ماء يجري ويمتلئ ويمده ماء آخر
F028	optional	quranic:root_000043:B012	ء ك ل	B012	19	قوة الشيء وتمام مادته
F028	optional	quranic:root_000051:B004	ء م ر	B004	32	النماء والبركة
F028	optional	quranic:root_000051:B008	ء م ر	B008	32	ضعيف الرأي التابع
F028	optional	quranic:root_000086:B008	ب ح ر	B008	6	الدهش والتحير
F028	optional	quranic:root_000086:B009	ب ح ر	B009	6	ركوب البحر والنسبة إليه
F028	optional	quranic:root_000104:B005	ب ر ر	B005	28	يابسة وصحراء
F028	optional	quranic:root_000217:B002	ج ب ل	B002	10	كثرة كالجبل
F028	optional	quranic:root_000369:B005	ح و ر	B005	20	الرجوع والنقصان
F028	optional	quranic:root_000369:B009	ح و ر	B009	20	الهلكة والكساد
F028	optional	quranic:root_000480:B004	د ف ع	B004	8	دفعة واحدة من مطر أو دم أو سائل
F028	optional	quranic:root_000532:B004	ر ب ب	B004	7,18,29,37,48	ربة وجماعات كثيرة
F028	optional	quranic:root_000532:B008	ر ب ب	B008	7,18,29,37,48	رباب السحاب
F028	optional	quranic:root_000532:B013	ر ب ب	B013	7,18,29,37,48	ماء رَبَب كثير
F028	optional	quranic:root_000676:B006	س ج ر	B006	6	استرسال الشيء من كثرة أو نظام
F028	optional	quranic:root_000680:B002	س ح ب	B002	44	السحاب المنسحب
F028	optional	quranic:root_000745:B004	س م و	B004	9,36,44	السماء وما علا فأظل
F028	optional	quranic:root_000798:B002	ش ع ر	B002	30	نبات كثيف كالشَّعر
F028	optional	quranic:root_000840:B010	ص ب ر	B010	16,48	سحاب أبيض متراكم
F028	optional	quranic:root_000936:B005	ط غ و	B005	32	الطاغية عقوبة غالبة
F028	optional	quranic:root_000937:B001	ط غ ي	B001	32	مجاوزة الحد في العصيان
F028	optional	quranic:root_000957:B004	ط و ف	B004	24	الطائفة الملتفة
F028	optional	quranic:root_001198:B009	ق ب ل	B009	25,26,28	جماعة يقبل بعضها على بعض
F028	optional	quranic:root_001273:B001	ق و م	B001	32,48	جماعة الناس والرجال
F028	optional	quranic:root_001286:B001	ك ث ر	B001	47	الكثرة ونماء العدد
F028	optional	quranic:root_001286:B003	ك ث ر	B003	47	كثرة في صاحب أو كلام أو مطالب
F028	optional	quranic:root_001286:B005	ك ث ر	B005	47	كوثر الغبار وتكوثره
F028	optional	quranic:root_001286:B007	ك ث ر	B007	47	الكمثرة اجتماع الشيء
F028	optional	quranic:root_001290:B009	ك ذ ب	B009	11,14	الكذابة ثوب يكذب بحاله
F028	optional	quranic:root_001298:B004	ك س ف	B004	44	قطعة منفصلة من جسم أو سماء
F028	optional	quranic:root_001307:B002	ك ف ر	B002	42	غمر ساتر
F028	optional	quranic:root_001315:B005	ك ل ل	B005	21	الإكليل وما يحيط
F028	optional	quranic:root_001449:B002	م ن ن	B002	27,30	القوة التي يقوم بها الشيء أو ذهابها
F028	optional	quranic:root_001456:B001	م و ر	B001	9	التردد والتموج
F028	optional	quranic:root_001456:B003	م و ر	B003	9	الغبار المثار بالريح
F028	optional	quranic:root_001489:B012	ن ز ع	B012	23	اندفاع الجري والسير
F028	optional	quranic:root_001525:B007	ن ع م	B007	17,29	ما سمي نعامة تشبيها بالهيئة
F029	core	quranic:root_000043:B005	ء ك ل	B005	19	إطعام النار واشتعالها
F029	core	quranic:root_000225:B001	ج ح م	B001	18	تأجج النار وشدة حرها
F029	core	quranic:root_000225:B004	ج ح م	B004	18	تلهب الوجه بالغضب
F029	core	quranic:root_000676:B005	س ج ر	B005	6	إيقاد النار وتهييجها
F029	core	quranic:root_000719:B005	س ق ط	B005	44	سقط النار المتطاير
F029	core	quranic:root_000880:B003	ص ل ي	B003	16	ملاقاة النار وحرها
F029	core	quranic:root_000880:B004	ص ل ي	B004	16	إيقاد الصلاء وتسوية الشيء بالنار
F029	core	quranic:root_001334:B006	ك ي د	B006	42,46	إبطاء الزند في النار
F029	core	quranic:root_001434:B001	م ع ع	B001	31	جلبة النار والحرب
F029	core	quranic:root_001564:B002	ن و ر	B002	13,14	النار المتقدة والسمة بها
F029	optional	quranic:root_000225:B002	ج ح م	B002	18	احتدام الحرب والموت
F029	optional	quranic:root_000697:B008	س ر ر	B008	20	جوف الزند والقناة
F029	optional	quranic:root_000732:B005	س ل ط	B005	38	السليط زيت يضيء
F029	optional	quranic:root_000743:B004	س م م	B004	27	ريح حارة نافذة
F029	optional	quranic:root_000864:B001	ص ع ق	B001	45	الصوت الشديد الصالع
F029	optional	quranic:root_000864:B002	ص ع ق	B002	45	الصاعقة الهدة العلوية
F029	optional	quranic:root_001348:B004	ل ح م	B004	22	القتل حتى يصير المقتول لحما
F029	optional	quranic:root_001434:B002	م ع ع	B002	31	شدة الحر والسير فيه
F029	optional	quranic:root_001675:B005	و ق ع	B005	7	وقعة الحرب والإيقاع بالقوم
F029	rare	quranic:root_000051:B011	ء م ر	B011	32	تسليح القناة بسنان
F029	rare	quranic:root_000064:B006	ء ه ل	B006	26	الإهالة المذابة
F029	rare	quranic:root_000170:B012	ب ي ن	B012	38	طلاق يقطع الرجعة
F029	rare	quranic:root_000217:B009	ج ب ل	B009	10	عسر ومنع
F029	rare	quranic:root_000458:B018	د ب ر	B018	49	دبر السهم الهدف
F029	rare	quranic:root_000610:B007	ر و د	B007	42	عوار العين الرائد
F029	rare	quranic:root_000676:B009	س ج ر	B009	6	الساجور والقيد
F029	rare	quranic:root_000697:B010	س ر ر	B010	20	فرح خفي ورخاء
F029	rare	quranic:root_000719:B007	س ق ط	B007	44	موضع السقوط ومنتهى الطرف
F029	rare	quranic:root_000741:B009	س م ع	B009	38	المِسمع قيد والقيد مسمعان
F029	rare	quranic:root_000743:B001	س م م	B001	27	ثقب ضيق يدخل منه الشيء
F029	rare	quranic:root_000743:B006	س م م	B006	27	ودع وخرز مثقوب للزينة
F029	rare	quranic:root_000745:B003	س م و	B003	9,36,44	تطاول الفحل على الشول
F029	rare	quranic:root_000769:B001	س ي ر	B001	10	المضي والجريان
F029	rare	quranic:root_000769:B007	س ي ر	B007	10	سر عنك
F029	rare	quranic:root_000832:B004	ش ي ء	B004	21,35,46	الإعجاب والسرور
F029	rare	quranic:root_000840:B007	ص ب ر	B007	16,48	شدة برد الشتاء
F029	rare	quranic:root_000871:B003	ص ف ف	B003	20	الصَّفيف من اللحم
F029	rare	quranic:root_000994:B005	ع ذ ب	B005	7,18,27,47	العذاب إيلام وعقوبة
F029	rare	quranic:root_001044:B006	ع م ر	B006	4	ارتفاع الصوت والجلبة
F029	rare	quranic:root_001298:B002	ك س ف	B002	44	ذهاب الضوء واحتجاب النير
F029	rare	quranic:root_001298:B003	ك س ف	B003	44	تغير الوجه والحال إلى كراهة
F029	rare	quranic:root_001307:B010	ك ف ر	B010	42	كمام الثمر
F029	rare	quranic:root_001315:B005	ك ل ل	B005	21	الإكليل وما يحيط
F029	rare	quranic:root_001327:B001	ك ه ن	B001	29	الكاهن المتكهن بالأخبار الخفية
F029	rare	quranic:root_001334:B004	ك ي د	B004	42,46	الحرب والقتال
F029	rare	quranic:root_001337:B002	ل ء ل ء	B002	24	بريق يتلألأ
F029	rare	quranic:root_001348:B001	ل ح م	B001	22	اللحم المعروف
F029	rare	quranic:root_001348:B008	ل ح م	B008	22	الشجة تبلغ اللحم وتلتحم
F029	rare	quranic:root_001348:B009	ل ح م	B009	22	قشر اللحم عن العظم
F029	rare	quranic:root_001361:B003	ل غ و	B003	23	ضجيج الصوت المختلط
F029	rare	quranic:root_001372:B001	ل ق ي	B001	45	عوج يأخذ الوجه
F029	rare	quranic:root_001475:B001	ن ج م	B001	49	الكوكب الطالع
F029	rare	quranic:root_001564:B001	ن و ر	B001	13,14	الضياء والإضاءة
F029	rare	quranic:root_001564:B008	ن و ر	B008	13,14	دخان الوشم والكحل
F029	rare	quranic:root_001564:B009	ن و ر	B009	13,14	النُّورَة المطلية
F029	rare	quranic:root_001604:B004	ه ن ء	B004	19	الهِناء قطران يطلى به البعير
F029	rare	quranic:root_001638:B002	و ذ ر	B002	45	تقطيع اللحم وشرط الجرح
F029	rare	quranic:root_001675:B003	و ق ع	B003	7	وقوع المطر ومساقطه
F029	rare	quranic:root_001675:B004	و ق ع	B004	7	أثر الضرب وصوت الوقوع
F029	rare	quranic:root_001700:B003	ي و م	B003	9,13,45,46	كائنة اليوم وشدته
F030	core	quranic:root_000769:B003	س ي ر	B003	10	السير من الجلد
F030	core	quranic:root_000791:B004	ش ر ك	B004	43	شِراك النعل
F030	core	quranic:root_000994:B006	ع ذ ب	B006	7,18,27,47	العذبة طرف أو علاقة متدلية
F030	core	quranic:root_001069:B007	ع ي ن	B007	20,48	عين الجلد والسقاء
F030	core	quranic:root_001678:B001	و ك ء	B001	20	شد الوكاء وربط الوعاء
F030	optional	quranic:root_000121:B006	ب ص ر	B006	15	غلظ الحافة ووصل الشقتين
F030	optional	quranic:root_000152:B001	ب ل ل	B001	33,36	البلل والندى
F030	optional	quranic:root_000369:B004	ح و ر	B004	20	الجلد الحَوَر
F030	optional	quranic:root_000532:B006	ر ب ب	B006	7,18,29,37,48	رُبّ خاثر وإصلاح به
F030	optional	quranic:root_000582:B009	ر ف ع	B009	5	رِفاع القيد
F030	optional	quranic:root_000586:B002	ر ق ق	B002	3	الرَّقّ المكتوب
F030	optional	quranic:root_000676:B009	س ج ر	B009	6	الساجور والقيد
F030	optional	quranic:root_000697:B011	س ر ر	B011	20	موضع الاستقرار والاتكاء
F030	optional	quranic:root_000741:B009	س م ع	B009	38	المِسمع قيد والقيد مسمعان
F030	optional	quranic:root_000783:B001	ش ر ب	B001	19	تناول المائع
F030	optional	quranic:root_000783:B008	ش ر ب	B008	19	إدخال الحبل في العنق
F030	optional	quranic:root_000783:B013	ش ر ب	B013	19	تطييب القربة وتشريبها
F030	optional	quranic:root_000791:B006	ش ر ك	B006	43	شَرَك الصائد
F030	optional	quranic:root_000880:B005	ص ل ي	B005	16	المَصالي أشراك وفخوخ
F030	optional	quranic:root_000994:B001	ع ذ ب	B001	7,18,27,47	العذوبة والطيب في الماء والمطعوم
F030	optional	quranic:root_001198:B010	ق ب ل	B010	25,26,28	أجزاء موصولة يقابل بعضها بعضا
F030	optional	quranic:root_001198:B014	ق ب ل	B014	25,26,28	سقي على أفواه الإبل
F030	optional	quranic:root_001489:B008	ن ز ع	B008	23	ماء ينزع باليد
F030	optional	quranic:root_001489:B011	ن ز ع	B011	23	طيب مقطع الشراب
F030	rare	quranic:root_000064:B006	ء ه ل	B006	26	الإهالة المذابة
F030	rare	quranic:root_000166:B006	ب ي ت	B006	4	شيء بات ليلة
F030	rare	quranic:root_000217:B007	ج ب ل	B007	10	إحكام النسج
F030	rare	quranic:root_000348:B006	ح ك م	B006	48	حكمة اللجام
F030	rare	quranic:root_000352:B004	ح ل م	B004	32	تثقب الجلد وفساده بالحلم
F030	rare	quranic:root_000352:B008	ح ل م	B008	32	نزع الحلم ومداراة الساكن
F030	rare	quranic:root_000446:B001	خ و ض	B001	12	دخول في الماء
F030	rare	quranic:root_000511:B002	ذ ر ر	B002	21	تفريق الحبوب والدقيق
F030	rare	quranic:root_000532:B002	ر ب ب	B002	7,18,29,37,48	إصلاح وتربية وإتمام
F030	rare	quranic:root_000532:B010	ر ب ب	B010	7,18,29,37,48	ربابة تجمع القداح
F030	rare	quranic:root_000586:B001	ر ق ق	B001	3	الرِّقّة واللِّين
F030	rare	quranic:root_000666:B007	س ب ح	B007	43,48,49	سباح الجلود والكساء
F030	rare	quranic:root_000682:B008	س ح ر	B008	15	سَحَر الشيء طرفه
F030	rare	quranic:root_000697:B006	س ر ر	B006	20	سرة البطن وما يقطع منها
F030	rare	quranic:root_000704:B007	س ط ر	B007	2,37	السطر العتود
F030	rare	quranic:root_000719:B002	س ق ط	B002	44	الساقط الذي لا يعتد به
F030	rare	quranic:root_000719:B007	س ق ط	B007	44	موضع السقوط ومنتهى الطرف
F030	rare	quranic:root_000737:B008	س ل م	B008	38	السلم شجر وقرظ للدباغة
F030	rare	quranic:root_000743:B001	س م م	B001	27	ثقب ضيق يدخل منه الشيء
F030	rare	quranic:root_000743:B005	س م م	B005	27	إصلاح يدخل بين المتباينين
F030	rare	quranic:root_000743:B012	س م م	B012	27	سد وشد
F030	rare	quranic:root_000783:B002	ش ر ب	B002	19	نصيب الماء
F030	rare	quranic:root_000783:B003	ش ر ب	B003	19	جماعة الشرب والمشارب
F030	rare	quranic:root_000783:B005	ش ر ب	B005	19	ماء يشرب مع كراهة
F030	rare	quranic:root_000798:B008	ش ع ر	B008	30	أسماء مخصوصة منقولة
F030	rare	quranic:root_000840:B018	ص ب ر	B018	16,48	سداد القارورة والبئر
F030	rare	quranic:root_000957:B009	ط و ف	B009	24	طَوْف الرقبة
F030	rare	quranic:root_001046:B009	ع م ل	B009	16,19,21	عامل الرمح
F030	rare	quranic:root_001119:B001	غ ي ر	B001	35,43	الصلاح والمنفعة بالميرة والسقي والإصلاح
F030	rare	quranic:root_001273:B016	ق و م	B016	32,48	جمود ووقوف وكلال
F030	rare	quranic:root_001273:B018	ق و م	B018	32,48	نفاق السوق
F030	rare	quranic:root_001283:B001	ك ت ب	B001	2,41	ضم شيء إلى شيء
F030	rare	quranic:root_001348:B006	ل ح م	B006	22	لحمة الثوب والنسيج
F030	rare	quranic:root_001348:B012	ل ح م	B012	22	الفتل الشديد والتداخل المحكم
F030	rare	quranic:root_001372:B007	ل ق ي	B007	45	ما يلقاه المرء من خير أو شر
F030	rare	quranic:root_001407:B008	م د د	B008	22	ماء الإبل يمد بدقيق ونحوه
F030	rare	quranic:root_001489:B010	ن ز ع	B010	23	أداة أو موضع للنزع
F030	rare	quranic:root_001675:B007	و ق ع	B007	7	ربوض الدواب والإبل
F030	rare	quranic:root_001675:B015	و ق ع	B015	7	كية الوقاع
F031	core	quranic:root_000064:B001	ء ه ل	B001	26	جماعة القرب والانتماء
F031	core	quranic:root_000104:B003	ب ر ر	B003	28	صلة وإحسان ضد العقوق
F031	core	quranic:root_000170:B003	ب ي ن	B003	38	الوصلة القائمة بين الأطراف
F031	core	quranic:root_000552:B002	ر ح م	B002	28	الرَّحِم والقرابة
F031	core	quranic:root_000743:B003	س م م	B003	27	خاصّة داخلة في الباطن
F031	core	quranic:root_001315:B004	ك ل ل	B004	21	الكَلالة قرابة عارضة
F031	core	quranic:root_001348:B007	ل ح م	B007	22	لحمة النسب والولاء
F031	optional	quranic:root_000043:B009	ء ك ل	B009	19	الإفساد والنميمة بين الناس
F031	optional	quranic:root_000076:B007	ء ل ي	B007	13	اليمين والحلف
F031	optional	quranic:root_000076:B015	ء ل ي	B015	13	الألية واللحمة
F031	optional	quranic:root_000152:B002	ب ل ل	B002	33,36	ندى الخير والصلة
F031	optional	quranic:root_000156:B002	ب ن ي	B002	39	البِنْية والهيئة المركبة
F031	optional	quranic:root_000156:B006	ب ن ي	B006	39	بناء الرجل على أهله ودخوله بها
F031	optional	quranic:root_000156:B007	ب ن ي	B007	39	البُنُوَّة والنسب وما ينسب إلى منشأ
F031	optional	quranic:root_000166:B002	ب ي ت	B002	4	أهل البيت وعياله
F031	optional	quranic:root_000166:B010	ب ي ت	B010	4	بيت الزواج
F031	optional	quranic:root_000217:B012	ج ب ل	B012	10	سادات كالجِبال
F031	optional	quranic:root_000434:B004	خ ل ق	B004	35,36	السجية والطبيعة الباطنة
F031	optional	quranic:root_000478:B002	د ع و	B002	28	ادعاء الحق والانتساب
F031	optional	quranic:root_000532:B005	ر ب ب	B005	7,18,29,37,48	ربيب وربيبة ورابة
F031	optional	quranic:root_000532:B011	ر ب ب	B011	7,18,29,37,48	ربابة عهد وميثاق
F031	optional	quranic:root_000532:B016	ر ب ب	B016	7,18,29,37,48	رُبَى حاجة وعقدة ونعمة
F031	optional	quranic:root_000737:B001	س ل م	B001	38	السلامة والبراءة من الآفات
F031	optional	quranic:root_000743:B005	س م م	B005	27	إصلاح يدخل بين المتباينين
F031	optional	quranic:root_000852:B005	ص د ق	B005	34	صدق المودة والصحبة
F031	optional	quranic:root_000967:B006	ظ ل م	B006	47	الظليم ذكر النعام
F031	optional	quranic:root_001046:B001	ع م ل	B001	16,19,21	الفعل المقصود والعمل
F031	optional	quranic:root_001046:B002	ع م ل	B002	16,19,21	إعمال الشيء واستعماله
F031	optional	quranic:root_001046:B004	ع م ل	B004	16,19,21	أجر العمل ورزق العامل
F031	optional	quranic:root_001046:B012	ع م ل	B012	16,19,21	بنو العمل من المشاة
F031	optional	quranic:root_001069:B015	ع ي ن	B015	20,48	أعيان القوم والإخوة
F031	optional	quranic:root_001272:B011	ق و ل	B011	26,30,31,33,44	قول يجري مجرى الظن
F031	optional	quranic:root_001307:B004	ك ف ر	B004	42	ستر النعمة
F031	optional	quranic:root_001434:B004	م ع ع	B004	31	عمل في عجل
F031	optional	quranic:root_001525:B001	ن ع م	B001	17,29	حسن الحال والنعمة
F031	optional	quranic:root_001525:B005	ن ع م	B005	17,29	مال الأنعام والإبل
F031	optional	quranic:root_001525:B006	ن ع م	B006	17,29	النعام والنعامة الطائر
F031	optional	quranic:root_001525:B007	ن ع م	B007	17,29	ما سمي نعامة تشبيها بالهيئة
F031	optional	quranic:root_001525:B012	ن ع م	B012	17,29	المشي على القدم وابتذالها
F031	optional	quranic:root_001564:B007	ن و ر	B007	13,14	النائرة بين القوم
F031	optional	quranic:root_001675:B007	و ق ع	B007	7	ربوض الدواب والإبل
F032	core	quranic:root_000266:B001	ج ن ن	B001	17,29	الستر والاستتار
F032	core	quranic:root_000266:B008	ج ن ن	B008	17,29	الجُنّة الواقية
F032	core	quranic:root_000406:B001	خ ز ن	B001	37	صيانة الشيء وإحرازه
F032	core	quranic:root_001307:B001	ك ف ر	B001	42	ستر وتغطية
F032	core	quranic:root_001324:B001	ك ن ن	B001	24	السَّتر الصائن
F032	optional	quranic:root_000121:B005	ب ص ر	B005	15	بصيرة السلاح
F032	optional	quranic:root_000175:B010	ت ب ع	B010	21	الجنية التابعة
F032	optional	quranic:root_000266:B005	ج ن ن	B005	17,29	الجن المستترون
F032	optional	quranic:root_000299:B001	ح د ث	B001	34	كون الشيء بعد أن لم يكن
F032	optional	quranic:root_000531:B001	ر ء ي	B001	44	رؤية العين والبصيرة
F032	optional	quranic:root_000531:B008	ر ء ي	B008	44	رئي من الجن
F032	optional	quranic:root_000697:B001	س ر ر	B001	20	إخفاء الشيء في الباطن
F032	optional	quranic:root_000769:B001	س ي ر	B001	10	المضي والجريان
F032	optional	quranic:root_001117:B001	غ ي ب	B001	41	تستر الشيء عن العيون
F032	optional	quranic:root_001273:B004	ق و م	B004	32,48	رعاية وحفظ وولاية
F032	optional	quranic:root_001315:B006	ك ل ل	B006	21	الكِلّة سترا وبيتا
F032	optional	quranic:root_001324:B002	ك ن ن	B002	24	الإكنان في النفس
F032	optional	quranic:root_001324:B003	ك ن ن	B003	24	الدخول في الكِنّ والاستتار
F032	optional	quranic:root_001324:B005	ك ن ن	B005	24	الكُنَّة الساترة
F032	optional	quranic:root_001675:B001	و ق ع	B001	7	سقوط الشيء وثبوته
F032	optional	quranic:root_001675:B013	و ق ع	B013	7	الوقيعة في الناس
F032	optional	quranic:root_001677:B001	و ق ي	B001	17,18,27	دفع الضرر بوقاية
F032	rare	quranic:root_000121:B007	ب ص ر	B007	15	حجارة بصرة رخوة
F032	rare	quranic:root_000152:B004	ب ل ل	B004	33,36	الظفر والتعلق
F032	rare	quranic:root_000166:B007	ب ي ت	B007	4	القبر بيت
F032	rare	quranic:root_000202:B004	ث ق ل	B004	40	المثقال والوزن
F032	rare	quranic:root_000217:B002	ج ب ل	B002	10	كثرة كالجبل
F032	rare	quranic:root_000217:B006	ج ب ل	B006	10	دخول الجبال
F032	rare	quranic:root_000225:B003	ج ح م	B003	18	العين المتوقدة أو الجاحظة
F032	rare	quranic:root_000266:B002	ج ن ن	B002	17,29	غشيان الليل
F032	rare	quranic:root_000266:B006	ج ن ن	B006	17,29	ستر العقل بالجنون
F032	rare	quranic:root_000266:B009	ج ن ن	B009	17,29	مواراة الميت
F032	rare	quranic:root_000266:B017	ج ن ن	B017	17,29	المَجَنَّة موضع الاستتار
F032	rare	quranic:root_000480:B001	د ف ع	B001	8	تنحية الشيء ودفع المكروه
F032	rare	quranic:root_000511:B004	ذ ر ر	B004	21	طلوع لطيف منتشر
F032	rare	quranic:root_000534:B001	ر ب ص	B001	30,31	الانتظار والترقب
F032	rare	quranic:root_000582:B003	ر ف ع	B003	5	رفع السير
F032	rare	quranic:root_000610:B007	ر و د	B007	42	عوار العين الرائد
F032	rare	quranic:root_000697:B005	س ر ر	B005	20	خالص الشيء وأكرم موضعه
F032	rare	quranic:root_000704:B002	س ط ر	B002	2,37	أساطير الباطل
F032	rare	quranic:root_000719:B001	س ق ط	B001	44	وقوع الشيء وانطراحه إلى أسفل
F032	rare	quranic:root_000719:B003	س ق ط	B003	44	السقطة خطأ وزلة وإسقاط
F032	rare	quranic:root_000732:B007	س ل ط	B007	38	السلاط غليل
F032	rare	quranic:root_000737:B007	س ل م	B007	38	السلام حجارة صلبة
F032	rare	quranic:root_000769:B002	س ي ر	B002	10	السيرة والطريقة
F032	rare	quranic:root_000769:B007	س ي ر	B007	10	سر عنك
F032	rare	quranic:root_000832:B004	ش ي ء	B004	21,35,46	الإعجاب والسرور
F032	rare	quranic:root_000840:B017	ص ب ر	B017	16,48	الجبل ووسطه
F032	rare	quranic:root_001044:B005	ع م ر	B005	4	ما يعلو الرأس زينة أو سترا
F032	rare	quranic:root_001052:B001	ع ن د	B001	37,41	عدول عن الاستقامة وممانعة للحق
F032	rare	quranic:root_001069:B001	ع ي ن	B001	20,48	العين الناظرة
F032	rare	quranic:root_001069:B004	ع ي ن	B004	20,48	الإصابة بالعين
F032	rare	quranic:root_001069:B008	ع ي ن	B008	20,48	عين الشمس
F032	rare	quranic:root_001103:B004	غ ل م	B004	24	ذَكَر السلاحف
F032	rare	quranic:root_001117:B003	غ ي ب	B003	41	أجمة يغاب فيها
F032	rare	quranic:root_001117:B009	غ ي ب	B009	41	تغييبه في القبر
F032	rare	quranic:root_001283:B001	ك ت ب	B001	2,41	ضم شيء إلى شيء
F032	rare	quranic:root_001298:B002	ك س ف	B002	44	ذهاب الضوء واحتجاب النير
F032	rare	quranic:root_001307:B013	ك ف ر	B013	42	ثنية مستورة
F032	rare	quranic:root_001315:B005	ك ل ل	B005	21	الإكليل وما يحيط
F032	rare	quranic:root_001332:B003	ك و ن	B003	14,16,19,26,28,34	الكفالة والقيام على فلان
F032	rare	quranic:root_001337:B004	ل ء ل ء	B004	24	برق العين وتقليب الكفين
F032	rare	quranic:root_001372:B006	ل ق ي	B006	45	شيء مطروح متروك
F032	rare	quranic:root_001475:B002	ن ج م	B002	49	الطالع الظاهر
F032	rare	quranic:root_001675:B015	و ق ع	B015	7	كية الوقاع
F032	rare	quranic:root_001677:B003	و ق ي	B003	17,18,27	توقي الدابة من وجع الحافر
F032	rare	quranic:root_001696:B002	ي ق ن	B002	36	صون الجارية وخدرها
F033	core	quranic:root_000121:B002	ب ص ر	B002	15	بصيرة القلب
F033	core	quranic:root_000348:B003	ح ك م	B003	48	الحكمة والعلم المصيب
F033	core	quranic:root_000531:B002	ر ء ي	B002	44	رأي القلب والتفكر
F033	core	quranic:root_000532:B003	ر ب ب	B003	7,18,29,37,48	علم رباني
F033	core	quranic:root_000798:B005	ش ع ر	B005	30	علم دقيق وفطنة
F033	core	quranic:root_001040:B001	ع ل م	B001	47	انكشاف الشيء للعارف
F033	core	quranic:root_001696:B001	ي ق ن	B001	36	ثبات العلم وزوال الشك
F033	optional	quranic:root_000051:B005	ء م ر	B005	32	العلامة والموعد
F033	optional	quranic:root_000175:B001	ت ب ع	B001	21	التلو والقفو
F033	optional	quranic:root_000175:B012	ت ب ع	B012	21	الإحكام والتناسب
F033	optional	quranic:root_000266:B010	ج ن ن	B010	17,29	الجنان المستور في الصدر
F033	optional	quranic:root_000352:B001	ح ل م	B001	32	الأناة وضبط النفس
F033	optional	quranic:root_000531:B011	ر ء ي	B011	44	راية منصوبة
F033	optional	quranic:root_000741:B003	س م ع	B003	38	الفهم والامتثال
F033	optional	quranic:root_000798:B006	ش ع ر	B006	30	علامة مشعرة وشعيرة نسك
F033	optional	quranic:root_001040:B002	ع ل م	B002	47	أثر يميز الشيء ويهدي إليه
F033	optional	quranic:root_001348:B013	ل ح م	B013	22	استلحام الطريق واتباعه
F033	optional	quranic:root_001564:B005	ن و ر	B005	13,14	المنار والمنارة الظاهرة
F033	rare	quranic:root_000051:B001	ء م ر	B001	32	الشأن والحال
F033	rare	quranic:root_000051:B002	ء م ر	B002	32	الطلب والإلزام
F033	rare	quranic:root_000054:B001	ء م ن	B001	21,33	سكون القلب في أمن وثقة
F033	rare	quranic:root_000104:B002	ب ر ر	B002	28	خير وطاعة متسعة
F033	rare	quranic:root_000121:B001	ب ص ر	B001	15	إبصار العين
F033	rare	quranic:root_000170:B004	ب ي ن	B004	38	ظهور الشيء وانكشافه
F033	rare	quranic:root_000175:B002	ت ب ع	B002	21	اللَّحاق والإدراك
F033	rare	quranic:root_000175:B003	ت ب ع	B003	21	التقصي أثرا بعد أثر
F033	rare	quranic:root_000175:B004	ت ب ع	B004	21	الولاء والتتابع
F033	rare	quranic:root_000175:B010	ت ب ع	B010	21	الجنية التابعة
F033	rare	quranic:root_000202:B009	ث ق ل	B009	40	ثقل السمع
F033	rare	quranic:root_000225:B004	ج ح م	B004	18	تلهب الوجه بالغضب
F033	rare	quranic:root_000266:B005	ج ن ن	B005	17,29	الجن المستترون
F033	rare	quranic:root_000348:B004	ح ك م	B004	48	الإحكام والإتقان والوثاقة
F033	rare	quranic:root_000352:B002	ح ل م	B002	32	رؤية المنام والاحتلام
F033	rare	quranic:root_000458:B004	د ب ر	B004	49	قطع الدابر واستئصال الأثر
F033	rare	quranic:root_000458:B006	د ب ر	B006	49	تدبير الأمر والنظر في عاقبته
F033	rare	quranic:root_000531:B001	ر ء ي	B001	44	رؤية العين والبصيرة
F033	rare	quranic:root_000531:B003	ر ء ي	B003	44	الرؤيا في المنام
F033	rare	quranic:root_000531:B008	ر ء ي	B008	44	رئي من الجن
F033	rare	quranic:root_000534:B001	ر ب ص	B001	30,31	الانتظار والترقب
F033	rare	quranic:root_000610:B008	ر و د	B008	42	الجارية الرود الشابة
F033	rare	quranic:root_000697:B014	س ر ر	B014	20	نفاذ إلى خفايا الأمور
F033	rare	quranic:root_000741:B001	س م ع	B001	38	إدراك الأصوات بالأذن
F033	rare	quranic:root_000783:B011	ش ر ب	B011	19	الشرب فهما
F033	rare	quranic:root_000791:B007	ش ر ك	B007	43	تتابع شَرْكي
F033	rare	quranic:root_000803:B001	ش ف ق	B001	26	رقة الشيء ورداءته أو قلته
F033	rare	quranic:root_000825:B001	ش ه و	B001	22	نزوع النفس إلى المشتهى
F033	rare	quranic:root_000831:B001	ش ي ء	B001	21,35,46	الشيء المعلوم المخبر عنه
F033	rare	quranic:root_000840:B001	ص ب ر	B001	16,48	حبس النفس عن الجزع
F033	rare	quranic:root_000840:B002	ص ب ر	B002	16,48	حبس القهر للقتل أو اليمين
F033	rare	quranic:root_000880:B007	ص ل ي	B007	16	المصلي يتلو السابق
F033	rare	quranic:root_000957:B003	ط و ف	B003	24	الطائف العارض
F033	rare	quranic:root_000967:B003	ظ ل م	B003	47	الظلامة وطلب الإنصاف
F033	rare	quranic:root_001040:B004	ع ل م	B004	47	شق ظاهر في الشفة العليا
F033	rare	quranic:root_001044:B004	ع م ر	B004	4	القصد إلى الزيارة والنسك
F033	rare	quranic:root_001046:B001	ع م ل	B001	16,19,21	الفعل المقصود والعمل
F033	rare	quranic:root_001046:B002	ع م ل	B002	16,19,21	إعمال الشيء واستعماله
F033	rare	quranic:root_001103:B001	غ ل م	B001	24	حداثة الغلام
F033	rare	quranic:root_001103:B002	غ ل م	B002	24	هيجان الشهوة
F033	rare	quranic:root_001174:B001	ف ك ه	B001	18,22	طيب النفس والنعيم المستطاب
F033	rare	quranic:root_001290:B008	ك ذ ب	B008	11,14	النفس الكذوب
F033	rare	quranic:root_001315:B007	ك ل ل	B007	21	الكُلْكُل صدرا
F033	rare	quranic:root_001324:B002	ك ن ن	B002	24	الإكنان في النفس
F033	rare	quranic:root_001324:B007	ك ن ن	B007	24	الكَانُون المستر
F033	rare	quranic:root_001347:B001	ل ح ق	B001	21	إدراك اللاحق لما أمامه وبلوغه إليه
F033	rare	quranic:root_001347:B002	ل ح ق	B002	21	إلصاق المنتمي بقوم أو بغير أبيه
F033	rare	quranic:root_001347:B003	ل ح ق	B003	21	لحق النبت والثمر: تابع يأتي بعد الأول
F033	rare	quranic:root_001348:B005	ل ح م	B005	22	لأم الشيء وإلصاقه
F033	rare	quranic:root_001372:B007	ل ق ي	B007	45	ما يلقاه المرء من خير أو شر
F033	rare	quranic:root_001397:B010	م ث ل	B010	34	الامتثال والاحتذاء
F033	rare	quranic:root_001489:B009	ن ز ع	B009	23	منزعة الرأي والهمة
F033	rare	quranic:root_001503:B001	ن ش ر	B001	3	فتح الشيء وبسطه وتشعبه
F033	rare	quranic:root_001510:B002	ن ص ر	B002	46	انتصاف المظلوم
F034	core	quranic:root_000043:B012	ء ك ل	B012	19	قوة الشيء وتمام مادته
F034	core	quranic:root_000217:B004	ج ب ل	B004	10	خلقة مطبوعة
F034	core	quranic:root_000217:B007	ج ب ل	B007	10	إحكام النسج
F034	core	quranic:root_000434:B009	خ ل ق	B009	35,36	بلى الثوب وذهاب وبره
F034	core	quranic:root_000769:B004	س ي ر	B004	10	الخطوط كالسيور
F034	core	quranic:root_000803:B001	ش ف ق	B001	26	رقة الشيء ورداءته أو قلته
F034	core	quranic:root_001290:B009	ك ذ ب	B009	11,14	الكذابة ثوب يكذب بحاله
F034	core	quranic:root_001348:B006	ل ح م	B006	22	لحمة الثوب والنسيج
F034	optional	quranic:root_000086:B008	ب ح ر	B008	6	الدهش والتحير
F034	optional	quranic:root_000152:B007	ب ل ل	B007	33,36	الطي على البلّة
F034	optional	quranic:root_000348:B006	ح ك م	B006	48	حكمة اللجام
F034	optional	quranic:root_000369:B004	ح و ر	B004	20	الجلد الحَوَر
F034	optional	quranic:root_000434:B002	خ ل ق	B002	35,36	إبداع الخلق وإيجاده
F034	optional	quranic:root_000434:B003	خ ل ق	B003	35,36	تمام الخلقة واعتدال الصورة
F034	optional	quranic:root_000434:B004	خ ل ق	B004	35,36	السجية والطبيعة الباطنة
F034	optional	quranic:root_000434:B007	خ ل ق	B007	35,36	اختلاق الكذب والكلام
F034	optional	quranic:root_000434:B008	خ ل ق	B008	35,36	ملاسة السطح واستواؤه
F034	optional	quranic:root_000666:B007	س ب ح	B007	43,48,49	سباح الجلود والكساء
F034	optional	quranic:root_000783:B007	ش ر ب	B007	19	مخالطة اللون والقلب
F034	optional	quranic:root_000798:B004	ش ع ر	B004	30	شعار يلاصق الجسد
F034	optional	quranic:root_000831:B004	ش ي ء	B004	21,35,46	تشويه الخلق وقبحه
F034	optional	quranic:root_000852:B001	ص د ق	B001	34	صدق القول
F034	optional	quranic:root_001290:B001	ك ذ ب	B001	11,14	خلاف الصدق
F034	optional	quranic:root_001290:B002	ك ذ ب	B002	11,14	نسبة الشيء أو صاحبه إلى الكذب
F034	optional	quranic:root_001290:B004	ك ذ ب	B004	11,14	صدق الحملة أو كذبها
F034	optional	quranic:root_001348:B012	ل ح م	B012	22	الفتل الشديد والتداخل المحكم
F035	core	quranic:root_000166:B003	ب ي ت	B003	4	بيت الشعر
F035	core	quranic:root_000266:B011	ج ن ن	B011	17,29	التفاف النبات واندفاعه
F035	core	quranic:root_000676:B006	س ج ر	B006	6	استرسال الشيء من كثرة أو نظام
F035	core	quranic:root_000798:B001	ش ع ر	B001	30	الشَّعر النابت وما عليه زغب
F035	core	quranic:root_000798:B002	ش ع ر	B002	30	نبات كثيف كالشَّعر
F035	core	quranic:root_000798:B007	ش ع ر	B007	30	قريض وشاعر
F035	core	quranic:root_001286:B005	ك ث ر	B005	47	كوثر الغبار وتكوثره
F035	optional	quranic:root_000152:B006	ب ل ل	B006	33,36	بِلّة اللسان
F035	optional	quranic:root_000156:B001	ب ن ي	B001	39	بناء الشيء بضم بعضه إلى بعض
F035	optional	quranic:root_000156:B003	ب ن ي	B003	39	البِنْية للبيت الحرام ومكة
F035	optional	quranic:root_000166:B001	ب ي ت	B001	4	المأوى والمسكن
F035	optional	quranic:root_000166:B010	ب ي ت	B010	4	بيت الزواج
F035	optional	quranic:root_000680:B001	س ح ب	B001	44	جر الشيء ومده
F035	optional	quranic:root_000719:B009	س ق ط	B009	44	استرخاء عدو الفرس وتتابع سقوطه
F035	optional	quranic:root_000720:B002	س ق ف	B002	5	السقيفة المسقوفة
F035	optional	quranic:root_000871:B004	ص ف ف	B004	20	الصُّفَّة في البناء والسرج
F035	optional	quranic:root_001272:B001	ق و ل	B001	26,30,31,33,44	إخراج القول بالنطق
F035	optional	quranic:root_001283:B002	ك ت ب	B002	2,41	نظم الحروف واسم المكتوب
F035	optional	quranic:root_001337:B001	ل ء ل ء	B001	24	اللؤلؤة الدرة
F035	optional	quranic:root_001434:B006	م ع ع	B006	31	تكرير لفظ مع في القول والكتابة
F035	optional	quranic:root_001489:B015	ن ز ع	B015	23	نبت يسمى النزعة
F036	core	quranic:root_000532:B008	ر ب ب	B008	7,18,29,37,48	رباب السحاب
F036	core	quranic:root_000680:B002	س ح ب	B002	44	السحاب المنسحب
F036	core	quranic:root_000745:B004	س م و	B004	9,36,44	السماء وما علا فأظل
F036	core	quranic:root_000840:B010	ص ب ر	B010	16,48	سحاب أبيض متراكم
F036	core	quranic:root_001675:B016	و ق ع	B016	7	المكان المرتفع والسحاب الواقع
F036	optional	quranic:root_000025:B001	ء ر ض	B001	36	السفل المقابل للسماء
F036	optional	quranic:root_000595:B001	ر ك م	B001	44	تجمع الشيء بعضه فوق بعض
F036	optional	quranic:root_000719:B007	س ق ط	B007	44	موضع السقوط ومنتهى الطرف
F036	optional	quranic:root_000720:B001	س ق ف	B001	5	السقف العالي
F036	optional	quranic:root_000864:B002	ص ع ق	B002	45	الصاعقة الهدة العلوية
F036	optional	quranic:root_000871:B005	ص ف ف	B005	20	الأرض الصفصف
F036	optional	quranic:root_000994:B004	ع ذ ب	B004	7,18,27,47	العذوب المكشوف للسماء
F036	optional	quranic:root_001069:B010	ع ي ن	B010	20,48	عين السحاب والمطر
F036	optional	quranic:root_001298:B004	ك س ف	B004	44	قطعة منفصلة من جسم أو سماء
F036	optional	quranic:root_001315:B005	ك ل ل	B005	21	الإكليل وما يحيط
F036	optional	quranic:root_001315:B011	ك ل ل	B011	21	الانكلال تبسما ولمعا
F036	optional	quranic:root_001475:B007	ن ج م	B007	49	انجلاء الغيم وانقطاع المطر
F036	optional	quranic:root_001525:B007	ن ع م	B007	17,29	ما سمي نعامة تشبيها بالهيئة
F036	rare	quranic:root_000009:B005	ء ت ي	B005	18,34,38	السيل الآتي من غير البلد
F036	rare	quranic:root_000086:B005	ب ح ر	B005	6	الظهور في الفضاء
F036	rare	quranic:root_000121:B006	ب ص ر	B006	15	غلظ الحافة ووصل الشقتين
F036	rare	quranic:root_000133:B001	ب ع ض	B001	25	تجزئة الشيء وطائفته
F036	rare	quranic:root_000175:B008	ت ب ع	B008	21	التابع الحسي
F036	rare	quranic:root_000217:B001	ج ب ل	B001	10	تجمع مرتفع صلب
F036	rare	quranic:root_000217:B006	ج ب ل	B006	10	دخول الجبال
F036	rare	quranic:root_000352:B005	ح ل م	B005	32	الحلمة قرادة بارزة وشبهها
F036	rare	quranic:root_000369:B004	ح و ر	B004	20	الجلد الحَوَر
F036	rare	quranic:root_000458:B009	د ب ر	B009	49	دوابر الحيوان وأواخر الأعضاء
F036	rare	quranic:root_000458:B012	د ب ر	B012	49	الدبور ريح من خلف الكعبة
F036	rare	quranic:root_000458:B013	د ب ر	B013	49	الدبران تابع الثريا
F036	rare	quranic:root_000531:B011	ر ء ي	B011	44	راية منصوبة
F036	rare	quranic:root_000586:B004	ر ق ق	B004	3	الأرض الرقيقة اللينة
F036	rare	quranic:root_000610:B006	ر و د	B006	42	أدوات الإدارة والدوران
F036	rare	quranic:root_000666:B007	س ب ح	B007	43,48,49	سباح الجلود والكساء
F036	rare	quranic:root_000682:B006	س ح ر	B006	15	السُّحَّارة لعبة اللون
F036	rare	quranic:root_000697:B015	س ر ر	B015	20	رمل على الأكمة
F036	rare	quranic:root_000719:B001	س ق ط	B001	44	وقوع الشيء وانطراحه إلى أسفل
F036	rare	quranic:root_000719:B010	س ق ط	B010	44	السقيط ثلج وجليد ساقط
F036	rare	quranic:root_000737:B008	س ل م	B008	38	السلم شجر وقرظ للدباغة
F036	rare	quranic:root_000766:B010	س و ي	B010	16	السَّويّة على ظهر البعير
F036	rare	quranic:root_000769:B003	س ي ر	B003	10	السير من الجلد
F036	rare	quranic:root_000769:B004	س ي ر	B004	10	الخطوط كالسيور
F036	rare	quranic:root_000791:B004	ش ر ك	B004	43	شِراك النعل
F036	rare	quranic:root_000840:B011	ص ب ر	B011	16,48	رقاقة الخوان وكومة الطعام
F036	rare	quranic:root_000840:B017	ص ب ر	B017	16,48	الجبل ووسطه
F036	rare	quranic:root_000936:B005	ط غ و	B005	32	الطاغية عقوبة غالبة
F036	rare	quranic:root_000936:B006	ط غ و	B006	32	الطغية الصفاة أو الموضع المرتفع
F036	rare	quranic:root_000937:B005	ط غ ي	B005	32	الطغية الصفاة الملساء
F036	rare	quranic:root_000955:B005	ط و ر	B005	1	الطور جبلا أو علما على جبل
F036	rare	quranic:root_000957:B006	ط و ف	B006	24	الطَّوْف المركب
F036	rare	quranic:root_000967:B006	ظ ل م	B006	47	الظليم ذكر النعام
F036	rare	quranic:root_001040:B002	ع ل م	B002	47	أثر يميز الشيء ويهدي إليه
F036	rare	quranic:root_001069:B007	ع ي ن	B007	20,48	عين الجلد والسقاء
F036	rare	quranic:root_001119:B001	غ ي ر	B001	35,43	الصلاح والمنفعة بالميرة والسقي والإصلاح
F036	rare	quranic:root_001198:B001	ق ب ل	B001	25,26,28	مواجهة الشيء للشيء
F036	rare	quranic:root_001198:B005	ق ب ل	B005	25,26,28	جهة الصلاة المتوجه إليها
F036	rare	quranic:root_001198:B011	ق ب ل	B011	25,26,28	إقبال العضو أو العلامة إلى جهة
F036	rare	quranic:root_001198:B012	ق ب ل	B012	25,26,28	ريح تقابل الدبور
F036	rare	quranic:root_001273:B012	ق و م	B012	32,48	آلة قائمة وجزء قائم
F036	rare	quranic:root_001283:B001	ك ت ب	B001	2,41	ضم شيء إلى شيء
F036	rare	quranic:root_001290:B001	ك ذ ب	B001	11,14	خلاف الصدق
F036	rare	quranic:root_001290:B008	ك ذ ب	B008	11,14	النفس الكذوب
F036	rare	quranic:root_001298:B002	ك س ف	B002	44	ذهاب الضوء واحتجاب النير
F036	rare	quranic:root_001307:B013	ك ف ر	B013	42	ثنية مستورة
F036	rare	quranic:root_001315:B003	ك ل ل	B003	21	الكُلّ إحاطة وتماما
F036	rare	quranic:root_001372:B005	ل ق ي	B005	45	طرح الشيء حتى يلقى
F036	rare	quranic:root_001392:B003	ل ي ل	B003	49	الليلة القريبة من اليوم
F036	rare	quranic:root_001489:B010	ن ز ع	B010	23	أداة أو موضع للنزع
F036	rare	quranic:root_001503:B004	ن ش ر	B004	3	الكَلأ اليابس إذا أحياه المطر
F036	rare	quranic:root_001510:B004	ن ص ر	B004	46	النصر مطر وإغاثة
F036	rare	quranic:root_001564:B002	ن و ر	B002	13,14	النار المتقدة والسمة بها
F036	rare	quranic:root_001564:B005	ن و ر	B005	13,14	المنار والمنارة الظاهرة
F036	rare	quranic:root_001675:B003	و ق ع	B003	7	وقوع المطر ومساقطه
F037	core	quranic:root_000516:B001	ذ ك ر	B001	29	الذكر خلاف الأنثى
F037	core	quranic:root_000967:B006	ظ ل م	B006	47	الظليم ذكر النعام
F037	core	quranic:root_001040:B007	ع ل م	B007	47	ذكر الضباع يسمى العيلام
F037	core	quranic:root_001103:B004	غ ل م	B004	24	ذَكَر السلاحف
F037	core	quranic:root_001525:B006	ن ع م	B006	17,29	النعام والنعامة الطائر
F037	optional	quranic:root_000051:B001	ء م ر	B001	32	الشأن والحال
F037	optional	quranic:root_000051:B009	ء م ر	B009	32	ولد الضأن الصغير
F037	optional	quranic:root_000121:B005	ب ص ر	B005	15	بصيرة السلاح
F037	optional	quranic:root_000152:B005	ب ل ل	B005	33,36	الأبل في الخصومة والمنع
F037	optional	quranic:root_000175:B007	ت ب ع	B007	21	ولد البقرة التابع لها
F037	optional	quranic:root_000266:B007	ج ن ن	B007	17,29	الجنين المستور في البطن
F037	optional	quranic:root_000516:B002	ذ ك ر	B002	29	صلابة الذكر وحدته وشدته
F037	optional	quranic:root_000516:B004	ذ ك ر	B004	29	جريان الذكر على اللسان
F037	optional	quranic:root_000516:B007	ذ ك ر	B007	29	ذكر المرء شرف وصيت
F037	optional	quranic:root_000516:B009	ذ ك ر	B009	29	الذكرى والتذكرة ما يذكّر
F037	optional	quranic:root_000552:B003	ر ح م	B003	28	رَحِم الأنثى
F037	optional	quranic:root_000610:B001	ر و د	B001	42	الإرادة والمشيئة
F037	optional	quranic:root_000652:B001	ز و ج	B001	20	قرين يضم إلى قرينه
F037	optional	quranic:root_000666:B001	س ب ح	B001	43,48,49	العبادة بالتسبيح والصلاة
F037	optional	quranic:root_000719:B004	س ق ط	B004	44	الولد السِّقط قبل تمامه
F037	optional	quranic:root_000732:B007	س ل ط	B007	38	السلاط غليل
F037	optional	quranic:root_000741:B005	س م ع	B005	38	الصيت والشيوع بين الناس
F037	optional	quranic:root_000741:B010	س م ع	B010	38	السَّمْع ولد الذئب والضبع
F037	optional	quranic:root_000769:B002	س ي ر	B002	10	السيرة والطريقة
F037	optional	quranic:root_000936:B009	ط غ و	B009	32	الطغيا الصغير من بقر الوحش
F037	optional	quranic:root_001272:B007	ق و ل	B007	26,30,31,33,44	القول الفاشي بين الناس
F037	optional	quranic:root_001273:B003	ق و م	B003	32,48	عزم ونهوض إلى الأمر
F037	optional	quranic:root_001397:B011	م ث ل	B011	34	المثل عبرة وآية
F037	optional	quranic:root_001409:B001	م ر ء	B001	21	المرء والمرأة
F037	optional	quranic:root_001525:B005	ن ع م	B005	17,29	مال الأنعام والإبل
F037	optional	quranic:root_001525:B007	ن ع م	B007	17,29	ما سمي نعامة تشبيها بالهيئة
F037	optional	quranic:root_001525:B009	ن ع م	B009	17,29	النعامى ريح لينة
F037	optional	quranic:root_001675:B007	و ق ع	B007	7	ربوض الدواب والإبل
F038	core	quranic:root_000009:B007	ء ت ي	B007	18,34,38	خروج النماء والنتاج
F038	core	quranic:root_000043:B002	ء ك ل	B002	19	غلة الشجر والزرع
F038	core	quranic:root_000831:B008	ش ي ء	B008	21,35,46	صغار النخل
F038	core	quranic:root_001286:B006	ك ث ر	B006	47	الكثر جمار النخل
F038	core	quranic:root_001347:B003	ل ح ق	B003	21	لحق النبت والثمر: تابع يأتي بعد الأول
F038	core	quranic:root_001358:B006	ل ع ب	B006	12	طلع جديد مع حمل باق
F038	optional	quranic:root_000051:B004	ء م ر	B004	32	النماء والبركة
F038	optional	quranic:root_000266:B003	ج ن ن	B003	17,29	البستان المستور بالشجر
F038	optional	quranic:root_000266:B011	ج ن ن	B011	17,29	التفاف النبات واندفاعه
F038	optional	quranic:root_000458:B015	د ب ر	B015	49	الدبار مشارات الزرع
F038	optional	quranic:root_000477:B009	د ع ع	B009	13	الدعاع عيال صغار
F038	optional	quranic:root_000511:B001	ذ ر ر	B001	21	صغر الذر وانتشاره
F038	optional	quranic:root_000511:B002	ذ ر ر	B002	21	تفريق الحبوب والدقيق
F038	optional	quranic:root_000582:B006	ر ف ع	B006	5	رفع الزرع
F038	optional	quranic:root_000798:B002	ش ع ر	B002	30	نبات كثيف كالشَّعر
F038	optional	quranic:root_000832:B006	ش ي ء	B006	21,35,46	صغار النخل
F038	optional	quranic:root_001174:B002	ف ك ه	B002	18,22	الفاكهة والثمر المستطاب
F038	optional	quranic:root_001307:B008	ك ف ر	B008	42	تغطية البذر
F038	optional	quranic:root_001307:B010	ك ف ر	B010	42	كمام الثمر
F038	optional	quranic:root_001348:B011	ل ح م	B011	22	استلحام الزرع وظهور حبه
F038	rare	quranic:root_000076:B005	ء ل ي	B005	13	شجر الألاء
F038	rare	quranic:root_000051:B005	ء م ر	B005	32	العلامة والموعد
F038	rare	quranic:root_000104:B006	ب ر ر	B006	28	حب وحنطة
F038	rare	quranic:root_000133:B002	ب ع ض	B002	25	البعوضة لصغرها وإيذائها
F038	rare	quranic:root_000156:B005	ب ن ي	B005	39	قوس بانية تلصق بوترها
F038	rare	quranic:root_000156:B008	ب ن ي	B008	39	تسميات الابن والبنت للأشياء المتفرعة أو الصغيرة
F038	rare	quranic:root_000156:B010	ب ن ي	B010	39	بناء الطعام للحم ونماؤه
F038	rare	quranic:root_000166:B002	ب ي ت	B002	4	أهل البيت وعياله
F038	rare	quranic:root_000170:B008	ب ي ن	B008	38	انفراج العضو أو الشيء عن ملاصقه
F038	rare	quranic:root_000202:B007	ث ق ل	B007	40	إثقال الحمل
F038	rare	quranic:root_000217:B008	ج ب ل	B008	10	يبس الشجر
F038	rare	quranic:root_000355:B003	ح م د	B003	48	المحمود كثير الخصال
F038	rare	quranic:root_000406:B004	خ ز ن	B004	37	تغير اللحم ونتنه
F038	rare	quranic:root_000458:B014	د ب ر	B014	49	الدبر جماعة النحل والزنابير
F038	rare	quranic:root_000458:B016	د ب ر	B016	49	الدبر مال كثير باق
F038	rare	quranic:root_000478:B002	د ع و	B002	28	ادعاء الحق والانتساب
F038	rare	quranic:root_000478:B003	د ع و	B003	28	داعية اللبن
F038	rare	quranic:root_000478:B004	د ع و	B004	28	الدعاء بالمكروه النازل
F038	rare	quranic:root_000478:B007	د ع و	B007	28	الأُدْعِيّة المعماة
F038	rare	quranic:root_000480:B009	د ف ع	B009	8	دفع اللبن في الضرع قبل النتاج
F038	rare	quranic:root_000531:B010	ر ء ي	B010	44	ظهور حمل الناقة أو الشاة
F038	rare	quranic:root_000532:B002	ر ب ب	B002	7,18,29,37,48	إصلاح وتربية وإتمام
F038	rare	quranic:root_000532:B012	ر ب ب	B012	7,18,29,37,48	ربة نبات
F038	rare	quranic:root_000697:B013	س ر ر	B013	20	قشور الكمأة وترابها
F038	rare	quranic:root_000737:B008	س ل م	B008	38	السلم شجر وقرظ للدباغة
F038	rare	quranic:root_000783:B007	ش ر ب	B007	19	مخالطة اللون والقلب
F038	rare	quranic:root_000783:B013	ش ر ب	B013	19	تطييب القربة وتشريبها
F038	rare	quranic:root_000783:B014	ش ر ب	B014	19	أرض ونبت ريان
F038	rare	quranic:root_000798:B003	ش ع ر	B003	30	حبة الشعير وما يشبهها
F038	rare	quranic:root_000840:B009	ص ب ر	B009	16,48	الصبار حمل الشجرة الحامض
F038	rare	quranic:root_000871:B006	ص ف ف	B006	20	الصفصاف شجر الخلاف
F038	rare	quranic:root_000880:B002	ص ل ي	B002	16	الدعاء والبركة والرحمة
F038	rare	quranic:root_000957:B008	ط و ف	B008	24	طائف القوس
F038	rare	quranic:root_000967:B007	ظ ل م	B007	47	شجر الظلام المتجاوز
F038	rare	quranic:root_000994:B003	ع ذ ب	B003	7,18,27,47	الكف والمنع والفطام عن الشيء
F038	rare	quranic:root_001069:B009	ع ي ن	B009	20,48	النقرة أو الموضع العيني
F038	rare	quranic:root_001117:B003	غ ي ب	B003	41	أجمة يغاب فيها
F038	rare	quranic:root_001272:B003	ق و ل	B003	26,30,31,33,44	كثرة القول في صاحبه
F038	rare	quranic:root_001286:B001	ك ث ر	B001	47	الكثرة ونماء العدد
F038	rare	quranic:root_001286:B002	ك ث ر	B002	47	المكاثرة والغلبة بالعدد
F038	rare	quranic:root_001286:B003	ك ث ر	B003	47	كثرة في صاحب أو كلام أو مطالب
F038	rare	quranic:root_001286:B007	ك ث ر	B007	47	الكمثرة اجتماع الشيء
F038	rare	quranic:root_001307:B004	ك ف ر	B004	42	ستر النعمة
F038	rare	quranic:root_001315:B002	ك ل ل	B002	21	الكُلّ عيالا وثقلا
F038	rare	quranic:root_001348:B001	ل ح م	B001	22	اللحم المعروف
F038	rare	quranic:root_001348:B002	ل ح م	B002	22	لحم البدن وشهوة اللحم
F038	rare	quranic:root_001348:B003	ل ح م	B003	22	إطعام اللحم ورزق الصيد
F038	rare	quranic:root_001348:B006	ل ح م	B006	22	لحمة الثوب والنسيج
F038	rare	quranic:root_001348:B009	ل ح م	B009	22	قشر اللحم عن العظم
F038	rare	quranic:root_001372:B003	ل ق ي	B003	45	سرعة اللقاح
F038	rare	quranic:root_001409:B001	م ر ء	B001	21	المرء والمرأة
F038	rare	quranic:root_001456:B003	م و ر	B003	9	الغبار المثار بالريح
F038	rare	quranic:root_001489:B002	ن ز ع	B002	23	جذب وتر القوس
F038	rare	quranic:root_001503:B007	ن ش ر	B007	3	انتشار العروق والعصب
F038	rare	quranic:root_001564:B004	ن و ر	B004	13,14	نور الشجر وزهره
F038	rare	quranic:root_001638:B003	و ذ ر	B003	45	ذَرْ الشيء وتركه
F038	rare	quranic:root_001675:B010	و ق ع	B010	7	أثر الدبر والركوب
F038	rare	quranic:root_001678:B006	و ك ء	B006	20	تصلق الناقة عند المخاض
F039	core	quranic:root_000166:B007	ب ي ت	B007	4	القبر بيت
F039	core	quranic:root_000266:B009	ج ن ن	B009	17,29	مواراة الميت
F039	core	quranic:root_000607:B006	ر ه ن	B006	21	قبر مضمون للميت
F039	core	quranic:root_001117:B009	غ ي ب	B009	41	تغييبه في القبر
F039	core	quranic:root_001307:B012	ك ف ر	B012	42	موضع منقطع
F039	core	quranic:root_001503:B002	ن ش ر	B002	3	إحياء الميت بعد موته
F039	optional	quranic:root_000009:B011	ء ت ي	B011	18,34,38	إتيان البلاء والهلاك
F039	optional	quranic:root_000225:B002	ج ح م	B002	18	احتدام الحرب والموت
F039	optional	quranic:root_000382:B002	ح ي ن	B002	48	حلول الهلاك أو نازلته
F039	optional	quranic:root_000737:B013	س ل م	B013	38	أخذه سلما أي أسره
F039	optional	quranic:root_000743:B010	س م م	B010	27	السامة موت
F039	optional	quranic:root_000864:B003	ص ع ق	B003	45	المصعوق المذهول أو الميت
F039	optional	quranic:root_001290:B008	ك ذ ب	B008	11,14	النفس الكذوب
F039	optional	quranic:root_001334:B003	ك ي د	B003	42,46	مكابدة خروج النفس
F039	optional	quranic:root_001489:B016	ن ز ع	B016	23	سياق الموت
F039	optional	quranic:root_001675:B013	و ق ع	B013	7	الوقيعة في الناس
F039	rare	quranic:root_000064:B001	ء ه ل	B001	26	جماعة القرب والانتماء
F039	rare	quranic:root_000086:B006	ب ح ر	B006	6	الأرض الجامعة للماء
F039	rare	quranic:root_000086:B008	ب ح ر	B008	6	الدهش والتحير
F039	rare	quranic:root_000104:B005	ب ر ر	B005	28	يابسة وصحراء
F039	rare	quranic:root_000121:B006	ب ص ر	B006	15	غلظ الحافة ووصل الشقتين
F039	rare	quranic:root_000121:B007	ب ص ر	B007	15	حجارة بصرة رخوة
F039	rare	quranic:root_000156:B001	ب ن ي	B001	39	بناء الشيء بضم بعضه إلى بعض
F039	rare	quranic:root_000156:B003	ب ن ي	B003	39	البِنْية للبيت الحرام ومكة
F039	rare	quranic:root_000156:B004	ب ن ي	B004	39	المَبْناة بيت أو غطاء من أدم
F039	rare	quranic:root_000166:B001	ب ي ت	B001	4	المأوى والمسكن
F039	rare	quranic:root_000166:B002	ب ي ت	B002	4	أهل البيت وعياله
F039	rare	quranic:root_000166:B008	ب ي ت	B008	4	بيت الشرف
F039	rare	quranic:root_000166:B010	ب ي ت	B010	4	بيت الزواج
F039	rare	quranic:root_000170:B006	ب ي ن	B006	38	بعد المسافة واتساع الفجوة
F039	rare	quranic:root_000170:B007	ب ي ن	B007	38	قطعة أرض تمتد في النظر
F039	rare	quranic:root_000175:B010	ت ب ع	B010	21	الجنية التابعة
F039	rare	quranic:root_000244:B005	ج ز ي	B005	16	الغلبة في المجازاة
F039	rare	quranic:root_000266:B005	ج ن ن	B005	17,29	الجن المستترون
F039	rare	quranic:root_000406:B001	خ ز ن	B001	37	صيانة الشيء وإحرازه
F039	rare	quranic:root_000458:B007	د ب ر	B007	49	عتق العبد عن دبر الموت
F039	rare	quranic:root_000531:B008	ر ء ي	B008	44	رئي من الجن
F039	rare	quranic:root_000586:B004	ر ق ق	B004	3	الأرض الرقيقة اللينة
F039	rare	quranic:root_000720:B001	س ق ف	B001	5	السقف العالي
F039	rare	quranic:root_000737:B001	س ل م	B001	38	السلامة والبراءة من الآفات
F039	rare	quranic:root_000741:B005	س م ع	B005	38	الصيت والشيوع بين الناس
F039	rare	quranic:root_000745:B006	س م و	B006	9,36,44	الخروج للصيد
F039	rare	quranic:root_000766:B009	س و ي	B009	16	السِيّ واسع أملس من الأرض
F039	rare	quranic:root_000831:B006	ش ي ء	B006	21,35,46	إصغاء السمع
F039	rare	quranic:root_000840:B002	ص ب ر	B002	16,48	حبس القهر للقتل أو اليمين
F039	rare	quranic:root_000840:B004	ص ب ر	B004	16,48	أعلى الشيء وجوانبه
F039	rare	quranic:root_000840:B006	ص ب ر	B006	16,48	الوقوع في شدة لا منفذ منها
F039	rare	quranic:root_000936:B005	ط غ و	B005	32	الطاغية عقوبة غالبة
F039	rare	quranic:root_000936:B008	ط غ و	B008	32	طغي القوم صوتهم
F039	rare	quranic:root_000937:B001	ط غ ي	B001	32	مجاوزة الحد في العصيان
F039	rare	quranic:root_000937:B002	ط غ ي	B002	32	علو الماء والقوة الجارفة
F039	rare	quranic:root_001198:B008	ق ب ل	B008	25,26,28	ضمان الشيء والتكفل به
F039	rare	quranic:root_001307:B013	ك ف ر	B013	42	ثنية مستورة
F039	rare	quranic:root_001324:B005	ك ن ن	B005	24	الكُنَّة الساترة
F039	rare	quranic:root_001334:B004	ك ي د	B004	42,46	الحرب والقتال
F039	rare	quranic:root_001334:B007	ك ي د	B007	42,46	القيء
F039	rare	quranic:root_001489:B003	ن ز ع	B003	23	الكف بعد تعلق
F039	rare	quranic:root_001677:B001	و ق ي	B001	17,18,27	دفع الضرر بوقاية
F040	core	quranic:root_000013:B003	ء ث م	B003	23	الأثام عقوبة الإثم
F040	core	quranic:root_000015:B001	ء ج ر	B001	40	جزاء العمل والكراء
F040	core	quranic:root_000244:B001	ج ز ي	B001	16	مقابلة الفعل بجزائه
F040	core	quranic:root_000244:B002	ج ز ي	B002	16	قيام الشيء مقام غيره
F040	core	quranic:root_001110:B002	غ ن ي	B002	46	الغَناء والكفاية
F040	optional	quranic:root_000013:B004	ء ث م	B004	23	تحميل الإثم وعده عليه
F040	optional	quranic:root_000104:B001	ب ر ر	B001	28	صدق يمضي القول والعمل
F040	optional	quranic:root_000104:B002	ب ر ر	B002	28	خير وطاعة متسعة
F040	optional	quranic:root_000133:B001	ب ع ض	B001	25	تجزئة الشيء وطائفته
F040	optional	quranic:root_000217:B010	ج ب ل	B010	10	حمل على أمر
F040	optional	quranic:root_000244:B005	ج ز ي	B005	16	الغلبة في المجازاة
F040	optional	quranic:root_000348:B002	ح ك م	B002	48	الحكم والقضاء بين الناس
F040	optional	quranic:root_000741:B006	س م ع	B006	38	إسماع القبيح والشتم
F040	optional	quranic:root_000766:B007	س و ي	B007	16	مباينة وكون الشيء غيره
F040	optional	quranic:root_000831:B003	ش ي ء	B003	21,35,46	حمل الشيء إلى الأمر
F040	optional	quranic:root_000852:B006	ص د ق	B006	34	صدقة المال والحق
F040	optional	quranic:root_000852:B007	ص د ق	B007	34	صداق المرأة
F040	optional	quranic:root_000936:B005	ط غ و	B005	32	الطاغية عقوبة غالبة
F040	optional	quranic:root_000994:B005	ع ذ ب	B005	7,18,27,47	العذاب إيلام وعقوبة
F040	optional	quranic:root_001046:B001	ع م ل	B001	16,19,21	الفعل المقصود والعمل
F040	optional	quranic:root_001046:B004	ع م ل	B004	16,19,21	أجر العمل ورزق العامل
F040	optional	quranic:root_001046:B006	ع م ل	B006	16,19,21	العملة العاملون بالأيدي
F040	optional	quranic:root_001046:B008	ع م ل	B008	16,19,21	المطبوع على العمل
F040	optional	quranic:root_001081:B003	غ ر م	B003	40	غرام العذاب اللازم
F040	optional	quranic:root_001272:B005	ق و ل	B005	26,30,31,33,44	قول ما لم يكن أو نسبته
F040	optional	quranic:root_001272:B010	ق و ل	B010	26,30,31,33,44	اقتالة الحكم على غيره
F040	optional	quranic:root_001273:B007	ق و م	B007	32,48	نيابة وقيام مقام غيره
F040	optional	quranic:root_001273:B009	ق و م	B009	32,48	قوام وعماد ومعاش
F040	optional	quranic:root_001290:B003	ك ذ ب	B003	11,14	كذب عليك بمعنى الزم وعليك به
F040	optional	quranic:root_001307:B009	ك ف ر	B009	42	محو الإثم بتغطيته
F040	optional	quranic:root_001332:B003	ك و ن	B003	14,16,19,26,28,34	الكفالة والقيام على فلان
F040	optional	quranic:root_001361:B002	ل غ و	B002	23	الكلام الباطل القبيح
F040	optional	quranic:root_001397:B002	م ث ل	B002	34	المثلة والنكال
F040	optional	quranic:root_001434:B004	م ع ع	B004	31	عمل في عجل
F040	optional	quranic:root_001604:B002	ه ن ء	B002	19	الهنء عطاء وكفاية
F041	core	quranic:root_000382:B004	ح ي ن	B004	48	الإقامة حينا في مكان
F041	core	quranic:root_000532:B007	ر ب ب	B007	7,18,29,37,48	لزوم وإقامة ودوام
F041	core	quranic:root_000607:B002	ر ه ن	B002	21	ثبوت وإقامة ودوام
F041	core	quranic:root_001110:B004	غ ن ي	B004	46	الغنى بالمكان
F041	core	quranic:root_001273:B006	ق و م	B006	32,48	مقام وإقامة في موضع
F041	core	quranic:root_001332:B002	ك و ن	B002	14,16,19,26,28,34	المكان والمكانة من الكون
F041	core	quranic:root_001525:B011	ن ع م	B011	17,29	موافقة المكان وطيب المقام
F041	optional	quranic:root_000025:B006	ء ر ض	B006	36	لزوم الأرض والتثاقل إليها
F041	optional	quranic:root_000064:B004	ء ه ل	B004	26	أنس المكان والعمران
F041	optional	quranic:root_000299:B001	ح د ث	B001	34	كون الشيء بعد أن لم يكن
F041	optional	quranic:root_001052:B004	ع ن د	B004	37,41	قرب وحضور عند الشيء
F041	optional	quranic:root_001198:B002	ق ب ل	B002	25,26,28	تقدم الشيء أو إقباله
F041	optional	quranic:root_001332:B001	ك و ن	B001	14,16,19,26,28,34	وقوع الشيء وحضوره في زمان
F041	optional	quranic:root_001348:B014	ل ح م	B014	22	النشوب والالتصاق بالقوم أو المكان
F041	optional	quranic:root_001675:B001	و ق ع	B001	7	سقوط الشيء وثبوته
F041	optional	quranic:root_001675:B006	و ق ع	B006	7	وقوع الطير وموضعه
F041	rare	quranic:root_000009:B003	ء ت ي	B003	18,34,38	مأتى الأمر وتهيؤه
F041	rare	quranic:root_000025:B004	ء ر ض	B004	36	ابن الأرض الغريب
F041	rare	quranic:root_000076:B001	ء ل ي	B001	13	الغاية والانتهاء
F041	rare	quranic:root_000064:B001	ء ه ل	B001	26	جماعة القرب والانتماء
F041	rare	quranic:root_000064:B002	ء ه ل	B002	26	اتخاذ الأهل بالزواج
F041	rare	quranic:root_000064:B005	ء ه ل	B005	26	تحية السعة والأنس
F041	rare	quranic:root_000152:B004	ب ل ل	B004	33,36	الظفر والتعلق
F041	rare	quranic:root_000156:B001	ب ن ي	B001	39	بناء الشيء بضم بعضه إلى بعض
F041	rare	quranic:root_000156:B006	ب ن ي	B006	39	بناء الرجل على أهله ودخوله بها
F041	rare	quranic:root_000156:B009	ب ن ي	B009	39	البَواني أضلاع ودعائم يستقر بها الشيء
F041	rare	quranic:root_000166:B001	ب ي ت	B001	4	المأوى والمسكن
F041	rare	quranic:root_000166:B002	ب ي ت	B002	4	أهل البيت وعياله
F041	rare	quranic:root_000170:B001	ب ي ن	B001	38	انفصال الشيء وافتراقه
F041	rare	quranic:root_000170:B002	ب ي ن	B002	38	الخلالة والوسط بين شيئين
F041	rare	quranic:root_000170:B004	ب ي ن	B004	38	ظهور الشيء وانكشافه
F041	rare	quranic:root_000170:B010	ب ي ن	B010	38	الوقت الواقع أثناء حال أو فعل
F041	rare	quranic:root_000266:B016	ج ن ن	B016	17,29	الجناجن عظام الصدر
F041	rare	quranic:root_000266:B017	ج ن ن	B017	17,29	المَجَنَّة موضع الاستتار
F041	rare	quranic:root_000299:B006	ح د ث	B006	34	إبداء الشيء وإظهاره
F041	rare	quranic:root_000355:B002	ح م د	B002	48	وجود الشيء محمودا
F041	rare	quranic:root_000382:B003	ح ي ن	B003	48	جعل وقت معلوم للفعل
F041	rare	quranic:root_000406:B006	خ ز ن	B006	37	الغنى بعد الفقر
F041	rare	quranic:root_000434:B001	خ ل ق	B001	35,36	تقدير الشيء وقياسه
F041	rare	quranic:root_000458:B001	د ب ر	B001	49	خلف الشيء ودبره
F041	rare	quranic:root_000478:B005	د ع و	B005	28	التداعي بالسقوط
F041	rare	quranic:root_000502:B001	د و ن	B001	47	القرب دون الغاية
F041	rare	quranic:root_000527:B004	ذ و و	B004	14,15,32,47	ماذا للسؤال أو الموصول
F041	rare	quranic:root_000534:B003	ر ب ص	B003	30,31	مدة الانتظار الزوجية
F041	rare	quranic:root_000582:B004	ر ف ع	B004	5	التقريب والتقديم
F041	rare	quranic:root_000697:B011	س ر ر	B011	20	موضع الاستقرار والاتكاء
F041	rare	quranic:root_000719:B001	س ق ط	B001	44	وقوع الشيء وانطراحه إلى أسفل
F041	rare	quranic:root_000719:B007	س ق ط	B007	44	موضع السقوط ومنتهى الطرف
F041	rare	quranic:root_000720:B002	س ق ف	B002	5	السقيفة المسقوفة
F041	rare	quranic:root_000720:B003	س ق ف	B003	5	السقيفة اللوح العريض
F041	rare	quranic:root_000741:B007	س م ع	B007	38	السماع المستلذ والغناء
F041	rare	quranic:root_000743:B007	س م م	B007	27	سمامة وطير سريع
F041	rare	quranic:root_000766:B002	س و ي	B002	16	استقامة وتمام في الذات
F041	rare	quranic:root_000766:B007	س و ي	B007	16	مباينة وكون الشيء غيره
F041	rare	quranic:root_000880:B001	ص ل ي	B001	16	الصلاة عبادة لازمة
F041	rare	quranic:root_000955:B002	ط و ر	B002	1	الدنو من حريم الشيء وما حوله
F041	rare	quranic:root_000955:B006	ط و ر	B006	1	التوحش والخروج عن حد الأنس
F041	rare	quranic:root_001044:B007	ع م ر	B007	4	الجماعة التي تعمر الموضع
F041	rare	quranic:root_001069:B017	ع ي ن	B017	20,48	العين بمعنى الناس الحاضرون
F041	rare	quranic:root_001110:B001	غ ن ي	B001	46	الغنى والاستغناء
F041	rare	quranic:root_001110:B002	غ ن ي	B002	46	الغَناء والكفاية
F041	rare	quranic:root_001110:B003	غ ن ي	B003	46	الغِناء والصوت
F041	rare	quranic:root_001110:B005	غ ن ي	B005	46	الغانية المستغنية
F041	rare	quranic:root_001110:B006	غ ن ي	B006	46	الغنى والتزويج
F041	rare	quranic:root_001119:B004	غ ي ر	B004	35,43	الغَيْرة على الأهل
F041	rare	quranic:root_001119:B005	غ ي ر	B005	35,43	السوى والخلاف والاستثناء والنفي
F041	rare	quranic:root_001273:B002	ق و م	B002	32,48	انتصاب وقيام بالبدن
F041	rare	quranic:root_001273:B004	ق و م	B004	32,48	رعاية وحفظ وولاية
F041	rare	quranic:root_001273:B007	ق و م	B007	32,48	نيابة وقيام مقام غيره
F041	rare	quranic:root_001273:B008	ق و م	B008	32,48	استقامة واعتدال واستواء
F041	rare	quranic:root_001273:B009	ق و م	B009	32,48	قوام وعماد ومعاش
F041	rare	quranic:root_001273:B010	ق و م	B010	32,48	قيمة وتقويم وتسعير
F041	rare	quranic:root_001315:B003	ك ل ل	B003	21	الكُلّ إحاطة وتماما
F041	rare	quranic:root_001327:B002	ك ه ن	B002	29	الكاهن القائم بأمر الرجل
F041	rare	quranic:root_001332:B006	ك و ن	B006	14,16,19,26,28,34	حالة السوء بكينة
F041	rare	quranic:root_001372:B004	ل ق ي	B004	45	توافي شيئين متقابلين
F041	rare	quranic:root_001372:B010	ل ق ي	B010	45	جعل طرفين يلتقيان
F041	rare	quranic:root_001397:B005	م ث ل	B005	34	المثول والانتصاب
F041	rare	quranic:root_001489:B013	ن ز ع	B013	23	مُتاخمة أرض لأرض
F041	rare	quranic:root_001510:B003	ن ص ر	B003	46	إتيان البلد
F041	rare	quranic:root_001525:B006	ن ع م	B006	17,29	النعام والنعامة الطائر
F041	rare	quranic:root_001675:B003	و ق ع	B003	7	وقوع المطر ومساقطه
F041	rare	quranic:root_001675:B007	و ق ع	B007	7	ربوض الدواب والإبل
F041	rare	quranic:root_001675:B012	و ق ع	B012	7	توقع الأمر ورمي الظن
F041	rare	quranic:root_001700:B003	ي و م	B003	9,13,45,46	كائنة اليوم وشدته
F042	core	quranic:root_000382:B001	ح ي ن	B001	48	وقت الشيء وأوانه
F042	core	quranic:root_000616:B002	ر ي ب	B002	30	صروف الدهر المريبة
F042	core	quranic:root_001044:B001	ع م ر	B001	4	امتداد الحياة في الزمن
F042	core	quranic:root_001407:B004	م د د	B004	22	أجل أو زمن يطال ويمتد
F042	core	quranic:root_001700:B002	ي و م	B002	9,13,45,46	مدة من الزمان
F042	optional	quranic:root_000051:B005	ء م ر	B005	32	العلامة والموعد
F042	optional	quranic:root_000299:B005	ح د ث	B005	34	نازلة الدهر وحادثته
F042	optional	quranic:root_000478:B006	د ع و	B006	28	دواعي الدهر
F042	optional	quranic:root_001044:B008	ع م ر	B008	4	عطية مربوطة بمدة الحياة
F042	optional	quranic:root_001407:B001	م د د	B001	22	جر الشيء في طول حتى يتصل ويمتد
F042	optional	quranic:root_001449:B001	م ن ن	B001	27,30	القطع والنقص حتى ينقطع الامتداد
F042	optional	quranic:root_001675:B002	و ق ع	B002	7	الواقعة النازلة الشديدة
F042	optional	quranic:root_001700:B003	ي و م	B003	9,13,45,46	كائنة اليوم وشدته
F042	rare	quranic:root_000009:B011	ء ت ي	B011	18,34,38	إتيان البلاء والهلاك
F042	rare	quranic:root_000025:B011	ء ر ض	B011	36	فساد القرحة بالمدة
F042	rare	quranic:root_000170:B001	ب ي ن	B001	38	انفصال الشيء وافتراقه
F042	rare	quranic:root_000170:B007	ب ي ن	B007	38	قطعة أرض تمتد في النظر
F042	rare	quranic:root_000352:B009	ح ل م	B009	32	أعلام وأماكن وأيام مشهورة
F042	rare	quranic:root_000369:B009	ح و ر	B009	20	الهلكة والكساد
F042	rare	quranic:root_000382:B002	ح ي ن	B002	48	حلول الهلاك أو نازلته
F042	rare	quranic:root_000458:B002	د ب ر	B002	49	آخر الشيء ومضي عاقبته
F042	rare	quranic:root_000458:B004	د ب ر	B004	49	قطع الدابر واستئصال الأثر
F042	rare	quranic:root_000477:B009	د ع ع	B009	13	الدعاع عيال صغار
F042	rare	quranic:root_000478:B004	د ع و	B004	28	الدعاء بالمكروه النازل
F042	rare	quranic:root_000531:B011	ر ء ي	B011	44	راية منصوبة
F042	rare	quranic:root_000534:B003	ر ب ص	B003	30,31	مدة الانتظار الزوجية
F042	rare	quranic:root_000680:B005	س ح ب	B005	44	سحابة اليوم
F042	rare	quranic:root_000798:B006	ش ع ر	B006	30	علامة مشعرة وشعيرة نسك
F042	rare	quranic:root_000864:B003	ص ع ق	B003	45	المصعوق المذهول أو الميت
F042	rare	quranic:root_000957:B009	ط و ف	B009	24	طَوْف الرقبة
F042	rare	quranic:root_001040:B002	ع ل م	B002	47	أثر يميز الشيء ويهدي إليه
F042	rare	quranic:root_001040:B006	ع ل م	B006	47	طائر جارح يسمى العلام
F042	rare	quranic:root_001044:B002	ع م ر	B002	4	الحلف والمناشدة بالعمر
F042	rare	quranic:root_001044:B004	ع م ر	B004	4	القصد إلى الزيارة والنسك
F042	rare	quranic:root_001081:B003	غ ر م	B003	40	غرام العذاب اللازم
F042	rare	quranic:root_001198:B002	ق ب ل	B002	25,26,28	تقدم الشيء أو إقباله
F042	rare	quranic:root_001296:B003	ك س ب	B003	21	الكواسب الجوارح
F042	rare	quranic:root_001332:B001	ك و ن	B001	14,16,19,26,28,34	وقوع الشيء وحضوره في زمان
F042	rare	quranic:root_001334:B007	ك ي د	B007	42,46	القيء
F042	rare	quranic:root_001348:B008	ل ح م	B008	22	الشجة تبلغ اللحم وتلتحم
F042	rare	quranic:root_001407:B007	م د د	B007	22	جرح تمتد فيه مدة من قيح
F042	rare	quranic:root_001489:B016	ن ز ع	B016	23	سياق الموت
F042	rare	quranic:root_001564:B005	ن و ر	B005	13,14	المنار والمنارة الظاهرة
F042	rare	quranic:root_001638:B002	و ذ ر	B002	45	تقطيع اللحم وشرط الجرح
F042	rare	quranic:root_001689:B001	و ي ل	B001	11	وقوع الشر والهلاك
F042	rare	quranic:root_001700:B001	ي و م	B001	9,13,45,46	وقت النهار المحدود
F043	core	quranic:root_000043:B001	ء ك ل	B001	19	تناول المطعوم
F043	core	quranic:root_000043:B003	ء ك ل	B003	19	النصيب والرزق المطعوم
F043	core	quranic:root_000156:B010	ب ن ي	B010	39	بناء الطعام للحم ونماؤه
F043	core	quranic:root_000682:B003	س ح ر	B003	15	السَّحْر بالغذاء
F043	core	quranic:root_000783:B012	ش ر ب	B012	19	مال يؤكل ويشرب
F043	core	quranic:root_001348:B003	ل ح م	B003	22	إطعام اللحم ورزق الصيد
F043	core	quranic:root_001410:B004	م ر ء	B004	21	الطعم والإطعام في مناسبة
F043	core	quranic:root_001409:B005	م ر ء	B005	21	الطعم والإطعام
F043	optional	quranic:root_000043:B013	ء ك ل	B013	19	وعاء الأكل وموضعه
F043	optional	quranic:root_000743:B002	س م م	B002	27	سم يدخل البدن
F043	optional	quranic:root_000745:B006	س م و	B006	9,36,44	الخروج للصيد
F043	optional	quranic:root_000840:B011	ص ب ر	B011	16,48	رقاقة الخوان وكومة الطعام
F043	optional	quranic:root_000994:B001	ع ذ ب	B001	7,18,27,47	العذوبة والطيب في الماء والمطعوم
F043	optional	quranic:root_001110:B006	غ ن ي	B006	46	الغنى والتزويج
F043	optional	quranic:root_001296:B001	ك س ب	B001	21	طلب الرزق والنفع وإصابته
F043	optional	quranic:root_001348:B001	ل ح م	B001	22	اللحم المعروف
F043	optional	quranic:root_001348:B002	ل ح م	B002	22	لحم البدن وشهوة اللحم
F043	optional	quranic:root_001409:B003	م ر ء	B003	21	الطعام المريء
F043	optional	quranic:root_001410:B003	م ر ء	B003	21	مراءة الطعام واستمراؤه
F043	optional	quranic:root_001409:B004	م ر ء	B004	21	المريء
F043	optional	quranic:root_001410:B005	م ر ء	B005	21	المَرِيء مجرى الطعام
F043	optional	quranic:root_001434:B004	م ع ع	B004	31	عمل في عجل
F043	optional	quranic:root_001604:B001	ه ن ء	B001	19	هناءة بلا مشقة ولا وخامة
F043	rare	quranic:root_000009:B003	ء ت ي	B003	18,34,38	مأتى الأمر وتهيؤه
F043	rare	quranic:root_000015:B001	ء ج ر	B001	40	جزاء العمل والكراء
F043	rare	quranic:root_000015:B002	ء ج ر	B002	40	جبر الكسر على عوج
F043	rare	quranic:root_000043:B002	ء ك ل	B002	19	غلة الشجر والزرع
F043	rare	quranic:root_000043:B004	ء ك ل	B004	19	استهلاك المال وأخذه
F043	rare	quranic:root_000044:B001	ء ل ت	B001	21	النقصان
F043	rare	quranic:root_000076:B002	ء ل ي	B002	13	معنى عند
F043	rare	quranic:root_000076:B011	ء ل ي	B011	13	الاستطاعة والطاقة
F043	rare	quranic:root_000064:B002	ء ه ل	B002	26	اتخاذ الأهل بالزواج
F043	rare	quranic:root_000104:B006	ب ر ر	B006	28	حب وحنطة
F043	rare	quranic:root_000156:B006	ب ن ي	B006	39	بناء الرجل على أهله ودخوله بها
F043	rare	quranic:root_000166:B010	ب ي ت	B010	4	بيت الزواج
F043	rare	quranic:root_000175:B006	ت ب ع	B006	21	التبعة اللازمة
F043	rare	quranic:root_000175:B012	ت ب ع	B012	21	الإحكام والتناسب
F043	rare	quranic:root_000511:B003	ذ ر ر	B003	21	مسحوق الذريرة والذَّرور
F043	rare	quranic:root_000531:B006	ر ء ي	B006	44	مرأى ومنظر ومرآة
F043	rare	quranic:root_000531:B012	ر ء ي	B012	44	إراءة وإظهار
F043	rare	quranic:root_000682:B001	س ح ر	B001	15	السَّحَر العضو
F043	rare	quranic:root_000682:B005	س ح ر	B005	15	السَّحور طعام السَّحَر
F043	rare	quranic:root_000741:B013	س م ع	B013	38	سَمْعَنَة نَظَرْنَة في التظنّي
F043	rare	quranic:root_000743:B010	س م م	B010	27	السامة موت
F043	rare	quranic:root_000783:B001	ش ر ب	B001	19	تناول المائع
F043	rare	quranic:root_000783:B002	ش ر ب	B002	19	نصيب الماء
F043	rare	quranic:root_000783:B006	ش ر ب	B006	19	شارب الفم ومجاري الحلق
F043	rare	quranic:root_000791:B006	ش ر ك	B006	43	شَرَك الصائد
F043	rare	quranic:root_000832:B005	ش ي ء	B005	21,35,46	الاستماع
F043	rare	quranic:root_000832:B007	ش ي ء	B007	21,35,46	التلهف والتعجب
F043	rare	quranic:root_000994:B002	ع ذ ب	B002	7,18,27,47	العذوب امتناع الجسد عن الأكل والشرب
F043	rare	quranic:root_001044:B007	ع م ر	B007	4	الجماعة التي تعمر الموضع
F043	rare	quranic:root_001046:B001	ع م ل	B001	16,19,21	الفعل المقصود والعمل
F043	rare	quranic:root_001046:B002	ع م ل	B002	16,19,21	إعمال الشيء واستعماله
F043	rare	quranic:root_001046:B004	ع م ل	B004	16,19,21	أجر العمل ورزق العامل
F043	rare	quranic:root_001046:B007	ع م ل	B007	16,19,21	التعمل بمعنى التعني
F043	rare	quranic:root_001046:B008	ع م ل	B008	16,19,21	المطبوع على العمل
F043	rare	quranic:root_001174:B002	ف ك ه	B002	18,22	الفاكهة والثمر المستطاب
F043	rare	quranic:root_001198:B013	ق ب ل	B013	25,26,28	طاقة على المقابلة
F043	rare	quranic:root_001296:B002	ك س ب	B002	21	إكساب غيره خيرا أو مالا
F043	rare	quranic:root_001347:B004	ل ح ق	B004	21	ضمور البدن ونحوله
F043	rare	quranic:root_001373:B002	ل ك ن	B002	47	استدراك لَكِنْ ولَكِنَّ
F043	rare	quranic:root_001525:B001	ن ع م	B001	17,29	حسن الحال والنعمة
F043	rare	quranic:root_001525:B002	ن ع م	B002	17,29	اللين والنعومة ورفاه العيش
F043	rare	quranic:root_001525:B012	ن ع م	B012	17,29	المشي على القدم وابتذالها
F044	core	quranic:root_000009:B003	ء ت ي	B003	18,34,38	مأتى الأمر وتهيؤه
F044	core	quranic:root_000076:B011	ء ل ي	B011	13	الاستطاعة والطاقة
F044	core	quranic:root_000051:B001	ء م ر	B001	32	الشأن والحال
F044	core	quranic:root_000051:B002	ء م ر	B002	32	الطلب والإلزام
F044	core	quranic:root_000831:B003	ش ي ء	B003	21,35,46	حمل الشيء إلى الأمر
F044	core	quranic:root_001273:B003	ق و م	B003	32,48	عزم ونهوض إلى الأمر
F044	optional	quranic:root_000051:B007	ء م ر	B007	32	المشاورة وتدبير الرأي
F044	optional	quranic:root_000217:B010	ج ب ل	B010	10	حمل على أمر
F044	optional	quranic:root_000446:B002	خ و ض	B002	12	الدخول في الحديث والأمر
F044	optional	quranic:root_000458:B006	د ب ر	B006	49	تدبير الأمر والنظر في عاقبته
F044	optional	quranic:root_000480:B011	د ف ع	B011	8	دافع الأمر إذا أولع به وانهمك
F044	optional	quranic:root_000531:B002	ر ء ي	B002	44	رأي القلب والتفكر
F044	optional	quranic:root_000610:B001	ر و د	B001	42	الإرادة والمشيئة
F044	optional	quranic:root_000737:B012	س ل م	B012	38	تسليم الشيء وتخليته
F044	optional	quranic:root_000803:B005	ش ف ق	B005	26	نواحي الأمر وأشفاقه
F044	optional	quranic:root_000831:B001	ش ي ء	B001	21,35,46	الشيء المعلوم المخبر عنه
F044	optional	quranic:root_000994:B003	ع ذ ب	B003	7,18,27,47	الكف والمنع والفطام عن الشيء
F044	optional	quranic:root_001272:B009	ق و ل	B009	26,30,31,33,44	المقاولة في الأمر
F044	optional	quranic:root_001475:B005	ن ج م	B005	49	النظر في النجوم
F044	optional	quranic:root_001489:B003	ن ز ع	B003	23	الكف بعد تعلق
F044	optional	quranic:root_001489:B009	ن ز ع	B009	23	منزعة الرأي والهمة
F044	optional	quranic:root_001638:B003	و ذ ر	B003	45	ذَرْ الشيء وتركه
F044	optional	quranic:root_001675:B012	و ق ع	B012	7	توقع الأمر ورمي الظن
F044	rare	quranic:root_000009:B001	ء ت ي	B001	18,34,38	الإتيان والمجيء
F044	rare	quranic:root_000013:B004	ء ث م	B004	23	تحميل الإثم وعده عليه
F044	rare	quranic:root_000051:B003	ء م ر	B003	32	الولاية وصاحب السلطان
F044	rare	quranic:root_000051:B006	ء م ر	B006	32	الأمر العظيم المنكر
F044	rare	quranic:root_000166:B004	ب ي ت	B004	4	عمل الليل وتدبيره
F044	rare	quranic:root_000175:B001	ت ب ع	B001	21	التلو والقفو
F044	rare	quranic:root_000175:B006	ت ب ع	B006	21	التبعة اللازمة
F044	rare	quranic:root_000175:B012	ت ب ع	B012	21	الإحكام والتناسب
F044	rare	quranic:root_000202:B004	ث ق ل	B004	40	المثقال والوزن
F044	rare	quranic:root_000299:B001	ح د ث	B001	34	كون الشيء بعد أن لم يكن
F044	rare	quranic:root_000299:B003	ح د ث	B003	34	كلام يتجدد خبرا وحديثا
F044	rare	quranic:root_000382:B005	ح ي ن	B005	48	ترقّب الحين وانتظاره
F044	rare	quranic:root_000532:B002	ر ب ب	B002	7,18,29,37,48	إصلاح وتربية وإتمام
F044	rare	quranic:root_000534:B001	ر ب ص	B001	30,31	الانتظار والترقب
F044	rare	quranic:root_000610:B002	ر و د	B002	42	المراودة على الفعل
F044	rare	quranic:root_000661:B001	س ء ل	B001	25,40	السؤال والطلب
F044	rare	quranic:root_000697:B014	س ر ر	B014	20	نفاذ إلى خفايا الأمور
F044	rare	quranic:root_000704:B003	س ط ر	B003	2,37	سيطرة الرقيب المتسلط
F044	rare	quranic:root_000732:B001	س ل ط	B001	38	السلاطة قوة قاهرة مسلطة
F044	rare	quranic:root_000732:B003	س ل ط	B003	38	السلطان قدرة وولاية
F044	rare	quranic:root_000737:B013	س ل م	B013	38	أخذه سلما أي أسره
F044	rare	quranic:root_000832:B007	ش ي ء	B007	21,35,46	التلهف والتعجب
F044	rare	quranic:root_000840:B006	ص ب ر	B006	16,48	الوقوع في شدة لا منفذ منها
F044	rare	quranic:root_000840:B012	ص ب ر	B012	16,48	الإقصاص والقود
F044	rare	quranic:root_000852:B004	ص د ق	B004	34	تحقيق الوعد والفعل
F044	rare	quranic:root_001040:B001	ع ل م	B001	47	انكشاف الشيء للعارف
F044	rare	quranic:root_001044:B004	ع م ر	B004	4	القصد إلى الزيارة والنسك
F044	rare	quranic:root_001046:B001	ع م ل	B001	16,19,21	الفعل المقصود والعمل
F044	rare	quranic:root_001046:B002	ع م ل	B002	16,19,21	إعمال الشيء واستعماله
F044	rare	quranic:root_001081:B004	غ ر م	B004	40	غرام الولوع والعلوق
F044	rare	quranic:root_001119:B003	غ ي ر	B003	35,43	تغيير الصورة أو إبدال الشيء بغيره
F044	rare	quranic:root_001198:B013	ق ب ل	B013	25,26,28	طاقة على المقابلة
F044	rare	quranic:root_001290:B005	ك ذ ب	B005	11,14	ما كذب أن فعل أي ما لبث
F044	rare	quranic:root_001332:B001	ك و ن	B001	14,16,19,26,28,34	وقوع الشيء وحضوره في زمان
F044	rare	quranic:root_001361:B004	ل غ و	B004	23	اللهج بالشيء ولسان الجماعة
F044	rare	quranic:root_001372:B005	ل ق ي	B005	45	طرح الشيء حتى يلقى
F044	rare	quranic:root_001397:B005	م ث ل	B005	34	المثول والانتصاب
F044	rare	quranic:root_001397:B010	م ث ل	B010	34	الامتثال والاحتذاء
F044	rare	quranic:root_001434:B002	م ع ع	B002	31	شدة الحر والسير فيه
F044	rare	quranic:root_001489:B004	ن ز ع	B004	23	ميل النفس إلى مطلوب
F044	rare	quranic:root_001510:B003	ن ص ر	B003	46	إتيان البلد
F044	rare	quranic:root_001604:B001	ه ن ء	B001	19	هناءة بلا مشقة ولا وخامة
F044	rare	quranic:root_001675:B002	و ق ع	B002	7	الواقعة النازلة الشديدة
F044	rare	quranic:root_001696:B001	ي ق ن	B001	36	ثبات العلم وزوال الشك
F044	rare	quranic:root_001700:B003	ي و م	B003	9,13,45,46	كائنة اليوم وشدته
F045	core	quranic:root_000434:B002	خ ل ق	B002	35,36	إبداع الخلق وإيجاده
F045	core	quranic:root_000434:B003	خ ل ق	B003	35,36	تمام الخلقة واعتدال الصورة
F045	core	quranic:root_000434:B004	خ ل ق	B004	35,36	السجية والطبيعة الباطنة
F045	core	quranic:root_000478:B004	د ع و	B004	28	الدعاء بالمكروه النازل
F045	core	quranic:root_000741:B006	س م ع	B006	38	إسماع القبيح والشتم
F045	core	quranic:root_000832:B002	ش ي ء	B002	21,35,46	تشويه الخلق والوجه
F045	core	quranic:root_000831:B004	ش ي ء	B004	21,35,46	تشويه الخلق وقبحه
F045	optional	quranic:root_000013:B004	ء ث م	B004	23	تحميل الإثم وعده عليه
F045	optional	quranic:root_000025:B003	ء ر ض	B003	36	الخليق بالخير كالأرض الأريضة
F045	optional	quranic:root_000044:B002	ء ل ت	B002	21	الحبس والصرف عن الوجه
F045	optional	quranic:root_000076:B002	ء ل ي	B002	13	معنى عند
F045	optional	quranic:root_000051:B001	ء م ر	B001	32	الشأن والحال
F045	optional	quranic:root_000054:B003	ء م ن	B003	21,33	قول آمين طلبا للاستجابة
F045	optional	quranic:root_000156:B002	ب ن ي	B002	39	البِنْية والهيئة المركبة
F045	optional	quranic:root_000202:B008	ث ق ل	B008	40	امرأة ثقال
F045	optional	quranic:root_000217:B003	ج ب ل	B003	10	غلظ الخلقة والجسم
F045	optional	quranic:root_000217:B004	ج ب ل	B004	10	خلقة مطبوعة
F045	optional	quranic:root_000225:B004	ج ح م	B004	18	تلهب الوجه بالغضب
F045	optional	quranic:root_000434:B011	خ ل ق	B011	35,36	نقرة أو بئر تمسك الماء
F045	optional	quranic:root_000434:B012	خ ل ق	B012	35,36	انسداد مصمت كالصخرة
F045	optional	quranic:root_000477:B009	د ع ع	B009	13	الدعاع عيال صغار
F045	optional	quranic:root_000480:B001	د ف ع	B001	8	تنحية الشيء ودفع المكروه
F045	optional	quranic:root_000531:B006	ر ء ي	B006	44	مرأى ومنظر ومرآة
F045	optional	quranic:root_000582:B008	ر ف ع	B008	5	الرِفاعة للمرأة
F045	optional	quranic:root_000741:B001	س م ع	B001	38	إدراك الأصوات بالأذن
F045	optional	quranic:root_000741:B004	س م ع	B004	38	إسماع الغير
F045	optional	quranic:root_000741:B011	س م ع	B011	38	سَمْع لا بَلَغ
F045	optional	quranic:root_000769:B002	س ي ر	B002	10	السيرة والطريقة
F045	optional	quranic:root_000832:B005	ش ي ء	B005	21,35,46	الاستماع
F045	optional	quranic:root_000831:B006	ش ي ء	B006	21,35,46	إصغاء السمع
F045	optional	quranic:root_000840:B005	ص ب ر	B005	16,48	حجر غليظ وأرض حصباء
F045	optional	quranic:root_000840:B018	ص ب ر	B018	16,48	سداد القارورة والبئر
F045	optional	quranic:root_000871:B005	ص ف ف	B005	20	الأرض الصفصف
F045	optional	quranic:root_000936:B006	ط غ و	B006	32	الطغية الصفاة أو الموضع المرتفع
F045	optional	quranic:root_000937:B005	ط غ ي	B005	32	الطغية الصفاة الملساء
F045	optional	quranic:root_001119:B003	غ ي ر	B003	35,43	تغيير الصورة أو إبدال الشيء بغيره
F045	optional	quranic:root_001298:B003	ك س ف	B003	44	تغير الوجه والحال إلى كراهة
F045	optional	quranic:root_001315:B011	ك ل ل	B011	21	الانكلال تبسما ولمعا
F045	optional	quranic:root_001361:B002	ل غ و	B002	23	الكلام الباطل القبيح
F045	optional	quranic:root_001372:B001	ل ق ي	B001	45	عوج يأخذ الوجه
F045	optional	quranic:root_001397:B008	م ث ل	B008	34	المثال المصور
F045	optional	quranic:root_001409:B002	م ر ء	B002	21	المروءة
F045	optional	quranic:root_001410:B002	م ر ء	B002	21	المروءة وكمال الرجولية
F045	optional	quranic:root_001410:B006	م ر ء	B006	21	الرجل المَرِيء المقبول
F045	optional	quranic:root_001638:B004	و ذ ر	B004	45	السب بقول يا ابن شامة الوَذَر
F045	optional	quranic:root_001675:B002	و ق ع	B002	7	الواقعة النازلة الشديدة
F045	optional	quranic:root_001675:B016	و ق ع	B016	7	المكان المرتفع والسحاب الواقع
F046	core	quranic:root_000202:B009	ث ق ل	B009	40	ثقل السمع
F046	core	quranic:root_000582:B005	ر ف ع	B005	5	إذاعة الخبر
F046	core	quranic:root_000741:B001	س م ع	B001	38	إدراك الأصوات بالأذن
F046	core	quranic:root_000741:B002	س م ع	B002	38	الأذن وموضع السمع
F046	core	quranic:root_000741:B004	س م ع	B004	38	إسماع الغير
F046	core	quranic:root_000741:B005	س م ع	B005	38	الصيت والشيوع بين الناس
F046	core	quranic:root_000741:B010	س م ع	B010	38	السَّمْع ولد الذئب والضبع
F046	core	quranic:root_000745:B008	س م و	B008	9,36,44	الصيت الحسن المنتشر
F046	core	quranic:root_000831:B006	ش ي ء	B006	21,35,46	إصغاء السمع
F046	optional	quranic:root_000076:B002	ء ل ي	B002	13	معنى عند
F046	optional	quranic:root_000104:B002	ب ر ر	B002	28	خير وطاعة متسعة
F046	optional	quranic:root_000152:B002	ب ل ل	B002	33,36	ندى الخير والصلة
F046	optional	quranic:root_000458:B001	د ب ر	B001	49	خلف الشيء ودبره
F046	optional	quranic:root_000516:B007	ذ ك ر	B007	29	ذكر المرء شرف وصيت
F046	optional	quranic:root_000531:B005	ر ء ي	B005	44	رياء الناس
F046	optional	quranic:root_000582:B002	ر ف ع	B002	5	علو القدر
F046	optional	quranic:root_000582:B010	ر ف ع	B010	5	رِفاعة الصوت
F046	optional	quranic:root_000741:B003	س م ع	B003	38	الفهم والامتثال
F046	optional	quranic:root_000741:B011	س م ع	B011	38	سَمْع لا بَلَغ
F046	optional	quranic:root_000741:B016	س م ع	B016	38	أم السمع الدماغ
F046	optional	quranic:root_000743:B001	س م م	B001	27	ثقب ضيق يدخل منه الشيء
F046	optional	quranic:root_000832:B005	ش ي ء	B005	21,35,46	الاستماع
F046	optional	quranic:root_000936:B008	ط غ و	B008	32	طغي القوم صوتهم
F046	optional	quranic:root_001110:B003	غ ن ي	B003	46	الغِناء والصوت
F046	optional	quranic:root_001272:B007	ق و ل	B007	26,30,31,33,44	القول الفاشي بين الناس
F046	rare	quranic:root_000043:B007	ء ك ل	B007	19	الفريسة والمعدة للأكل
F046	rare	quranic:root_000086:B003	ب ح ر	B003	6	الشَّق الواسع
F046	rare	quranic:root_000104:B004	ب ر ر	B004	28	صوت وجلبة باللسان
F046	rare	quranic:root_000121:B002	ب ص ر	B002	15	بصيرة القلب
F046	rare	quranic:root_000166:B008	ب ي ت	B008	4	بيت الشرف
F046	rare	quranic:root_000175:B008	ت ب ع	B008	21	التابع الحسي
F046	rare	quranic:root_000299:B003	ح د ث	B003	34	كلام يتجدد خبرا وحديثا
F046	rare	quranic:root_000299:B004	ح د ث	B004	34	صيرورة المرء حديث الناس
F046	rare	quranic:root_000299:B006	ح د ث	B006	34	إبداء الشيء وإظهاره
F046	rare	quranic:root_000348:B003	ح ك م	B003	48	الحكمة والعلم المصيب
F046	rare	quranic:root_000355:B001	ح م د	B001	48	الحمد خلاف الذم
F046	rare	quranic:root_000458:B010	د ب ر	B010	49	الدبير والمدابرة في الفتل والأذن
F046	rare	quranic:root_000478:B001	د ع و	B001	28	النداء والإمالة بالكلام
F046	rare	quranic:root_000478:B004	د ع و	B004	28	الدعاء بالمكروه النازل
F046	rare	quranic:root_000502:B003	د و ن	B003	47	السوى والغير
F046	rare	quranic:root_000516:B004	ذ ك ر	B004	29	جريان الذكر على اللسان
F046	rare	quranic:root_000516:B009	ذ ك ر	B009	29	الذكرى والتذكرة ما يذكّر
F046	rare	quranic:root_000531:B012	ر ء ي	B012	44	إراءة وإظهار
F046	rare	quranic:root_000666:B001	س ب ح	B001	43,48,49	العبادة بالتسبيح والصلاة
F046	rare	quranic:root_000680:B006	س ح ب	B006	44	سحبان العلم والمثل
F046	rare	quranic:root_000719:B013	س ق ط	B013	44	تسقُّط العيب والخبر
F046	rare	quranic:root_000741:B006	س م ع	B006	38	إسماع القبيح والشتم
F046	rare	quranic:root_000741:B007	س م ع	B007	38	السماع المستلذ والغناء
F046	rare	quranic:root_000743:B002	س م م	B002	27	سم يدخل البدن
F046	rare	quranic:root_000743:B004	س م م	B004	27	ريح حارة نافذة
F046	rare	quranic:root_000745:B001	س م و	B001	9,36,44	العلو والارتفاع
F046	rare	quranic:root_000798:B005	ش ع ر	B005	30	علم دقيق وفطنة
F046	rare	quranic:root_000831:B001	ش ي ء	B001	21,35,46	الشيء المعلوم المخبر عنه
F046	rare	quranic:root_000840:B005	ص ب ر	B005	16,48	حجر غليظ وأرض حصباء
F046	rare	quranic:root_000967:B006	ظ ل م	B006	47	الظليم ذكر النعام
F046	rare	quranic:root_001040:B001	ع ل م	B001	47	انكشاف الشيء للعارف
F046	rare	quranic:root_001040:B004	ع ل م	B004	47	شق ظاهر في الشفة العليا
F046	rare	quranic:root_001040:B007	ع ل م	B007	47	ذكر الضباع يسمى العيلام
F046	rare	quranic:root_001069:B005	ع ي ن	B005	20,48	العين الجاسوسة
F046	rare	quranic:root_001069:B009	ع ي ن	B009	20,48	النقرة أو الموضع العيني
F046	rare	quranic:root_001103:B004	غ ل م	B004	24	ذَكَر السلاحف
F046	rare	quranic:root_001117:B004	غ ي ب	B004	41	ذكر الإنسان في غيبته
F046	rare	quranic:root_001315:B001	ك ل ل	B001	21	الكَلال وخلاف الحدة
F046	rare	quranic:root_001397:B003	م ث ل	B003	34	المثل المضروب
F046	rare	quranic:root_001397:B004	م ث ل	B004	34	المثل صفة وخبر
F046	rare	quranic:root_001475:B008	ن ج م	B008	49	المعدن والمنبع
F046	rare	quranic:root_001675:B013	و ق ع	B013	7	الوقيعة في الناس
F046	rare	quranic:root_001696:B001	ي ق ن	B001	36	ثبات العلم وزوال الشك
F047	core	quranic:root_000086:B007	ب ح ر	B007	6	العمق والحمرة الخالصة
F047	core	quranic:root_000121:B004	ب ص ر	B004	15	بصيرة الدم
F047	core	quranic:root_000225:B003	ج ح م	B003	18	العين المتوقدة أو الجاحظة
F047	core	quranic:root_000369:B001	ح و ر	B001	20	حَوَر العين
F047	core	quranic:root_000531:B001	ر ء ي	B001	44	رؤية العين والبصيرة
F047	core	quranic:root_000531:B007	ر ء ي	B007	44	ترية الحيض
F047	core	quranic:root_000676:B004	س ج ر	B004	6	حمرة تخالط العين واللون
F047	core	quranic:root_000682:B008	س ح ر	B008	15	سَحَر الشيء طرفه
F047	core	quranic:root_001069:B008	ع ي ن	B008	20,48	عين الشمس
F047	core	quranic:root_001069:B016	ع ي ن	B016	20,48	سعة العين وحسنها
F047	core	quranic:root_001456:B002	م و ر	B002	9	الجريان والانصباب المتردد
F047	optional	quranic:root_000121:B002	ب ص ر	B002	15	بصيرة القلب
F047	optional	quranic:root_000121:B007	ب ص ر	B007	15	حجارة بصرة رخوة
F047	optional	quranic:root_000170:B007	ب ي ن	B007	38	قطعة أرض تمتد في النظر
F047	optional	quranic:root_000369:B002	ح و ر	B002	20	البياض والتبييض
F047	optional	quranic:root_000369:B004	ح و ر	B004	20	الجلد الحَوَر
F047	optional	quranic:root_000480:B004	د ف ع	B004	8	دفعة واحدة من مطر أو دم أو سائل
F047	optional	quranic:root_000532:B005	ر ب ب	B005	7,18,29,37,48	ربيب وربيبة ورابة
F047	optional	quranic:root_000552:B002	ر ح م	B002	28	الرَّحِم والقرابة
F047	optional	quranic:root_000552:B003	ر ح م	B003	28	رَحِم الأنثى
F047	optional	quranic:root_000582:B008	ر ف ع	B008	5	الرِفاعة للمرأة
F047	optional	quranic:root_000652:B002	ز و ج	B002	20	زوج النكاح
F047	optional	quranic:root_000798:B006	ش ع ر	B006	30	علامة مشعرة وشعيرة نسك
F047	optional	quranic:root_000852:B007	ص د ق	B007	34	صداق المرأة
F047	optional	quranic:root_000957:B004	ط و ف	B004	24	الطائفة الملتفة
F047	optional	quranic:root_000994:B009	ع ذ ب	B009	7,18,27,47	العذابة والرحم والخرج بعد الولد
F047	optional	quranic:root_001040:B002	ع ل م	B002	47	أثر يميز الشيء ويهدي إليه
F047	optional	quranic:root_001069:B009	ع ي ن	B009	20,48	النقرة أو الموضع العيني
F047	optional	quranic:root_001298:B004	ك س ف	B004	44	قطعة منفصلة من جسم أو سماء
F047	optional	quranic:root_001307:B002	ك ف ر	B002	42	غمر ساتر
F047	optional	quranic:root_001503:B001	ن ش ر	B001	3	فتح الشيء وبسطه وتشعبه
F047	optional	quranic:root_001677:B001	و ق ي	B001	17,18,27	دفع الضرر بوقاية
F048	core	quranic:root_000086:B014	ب ح ر	B014	6	اشتداد العطش مع عدم الرِّيّ
F048	core	quranic:root_000783:B001	ش ر ب	B001	19	تناول المائع
F048	core	quranic:root_000783:B002	ش ر ب	B002	19	نصيب الماء
F048	core	quranic:root_000783:B005	ش ر ب	B005	19	ماء يشرب مع كراهة
F048	core	quranic:root_000783:B011	ش ر ب	B011	19	الشرب فهما
F048	core	quranic:root_000994:B001	ع ذ ب	B001	7,18,27,47	العذوبة والطيب في الماء والمطعوم
F048	core	quranic:root_000994:B002	ع ذ ب	B002	7,18,27,47	العذوب امتناع الجسد عن الأكل والشرب
F048	core	quranic:root_001277:B001	ك ء س	B001	23	الكأس بما فيها
F048	core	quranic:root_001489:B011	ن ز ع	B011	23	طيب مقطع الشراب
F048	optional	quranic:root_000043:B003	ء ك ل	B003	19	النصيب والرزق المطعوم
F048	optional	quranic:root_000043:B013	ء ك ل	B013	19	وعاء الأكل وموضعه
F048	optional	quranic:root_000086:B001	ب ح ر	B001	6	الماء الواسع الكثير
F048	optional	quranic:root_000086:B004	ب ح ر	B004	6	الملوحة
F048	optional	quranic:root_000532:B013	ر ب ب	B013	7,18,29,37,48	ماء رَبَب كثير
F048	optional	quranic:root_000586:B006	ر ق ق	B006	3	التَّرقرق واللَّمعان
F048	optional	quranic:root_000682:B003	س ح ر	B003	15	السَّحْر بالغذاء
F048	optional	quranic:root_000783:B004	ش ر ب	B004	19	موضع الشرب وآلته
F048	optional	quranic:root_000871:B007	ص ف ف	B007	20	التصافّ على الماء
F048	optional	quranic:root_000967:B004	ظ ل م	B004	47	إيقاع الشيء في غير أوانه أو موضعه المحسوس
F048	optional	quranic:root_000967:B005	ظ ل م	B005	47	ماء الأسنان وبريق الثغر
F048	optional	quranic:root_001040:B005	ع ل م	B005	47	ماء كثير مجتمع في عيلم
F048	optional	quranic:root_001069:B006	ع ي ن	B006	20,48	منبع الماء الجاري
F048	optional	quranic:root_001103:B003	غ ل م	B003	24	اشتداد الشراب
F048	optional	quranic:root_001407:B003	م د د	B003	22	ماء يجري ويمتلئ ويمده ماء آخر
F048	rare	quranic:root_000009:B004	ء ت ي	B004	18,34,38	مجرى الماء وتسليك سبيله
F048	rare	quranic:root_000043:B001	ء ك ل	B001	19	تناول المطعوم
F048	rare	quranic:root_000043:B006	ء ك ل	B006	19	التآكل والفساد والحكة
F048	rare	quranic:root_000043:B007	ء ك ل	B007	19	الفريسة والمعدة للأكل
F048	rare	quranic:root_000076:B002	ء ل ي	B002	13	معنى عند
F048	rare	quranic:root_000086:B006	ب ح ر	B006	6	الأرض الجامعة للماء
F048	rare	quranic:root_000156:B010	ب ن ي	B010	39	بناء الطعام للحم ونماؤه
F048	rare	quranic:root_000166:B006	ب ي ت	B006	4	شيء بات ليلة
F048	rare	quranic:root_000217:B010	ج ب ل	B010	10	حمل على أمر
F048	rare	quranic:root_000434:B011	خ ل ق	B011	35,36	نقرة أو بئر تمسك الماء
F048	rare	quranic:root_000446:B003	خ و ض	B003	12	تحريك المخوض في الشراب
F048	rare	quranic:root_000458:B016	د ب ر	B016	49	الدبر مال كثير باق
F048	rare	quranic:root_000477:B002	د ع ع	B002	13	الدعدعة تحريك لامتلاء
F048	rare	quranic:root_000480:B004	د ف ع	B004	8	دفعة واحدة من مطر أو دم أو سائل
F048	rare	quranic:root_000511:B002	ذ ر ر	B002	21	تفريق الحبوب والدقيق
F048	rare	quranic:root_000676:B001	س ج ر	B001	6	الامتلاء بالماء وما يجري مجراه
F048	rare	quranic:root_000680:B007	س ح ب	B007	44	السحبة من ماء الغدير
F048	rare	quranic:root_000682:B005	س ح ر	B005	15	السَّحور طعام السَّحَر
F048	rare	quranic:root_000704:B004	س ط ر	B004	2,37	خط الضرب والقطع
F048	rare	quranic:root_000719:B006	س ق ط	B006	44	السيف السَّقّاط وراء الضريبة
F048	rare	quranic:root_000720:B002	س ق ف	B002	5	السقيفة المسقوفة
F048	rare	quranic:root_000741:B001	س م ع	B001	38	إدراك الأصوات بالأذن
F048	rare	quranic:root_000741:B003	س م ع	B003	38	الفهم والامتثال
F048	rare	quranic:root_000741:B004	س م ع	B004	38	إسماع الغير
F048	rare	quranic:root_000783:B003	ش ر ب	B003	19	جماعة الشرب والمشارب
F048	rare	quranic:root_000783:B007	ش ر ب	B007	19	مخالطة اللون والقلب
F048	rare	quranic:root_000783:B012	ش ر ب	B012	19	مال يؤكل ويشرب
F048	rare	quranic:root_000832:B005	ش ي ء	B005	21,35,46	الاستماع
F048	rare	quranic:root_000831:B006	ش ي ء	B006	21,35,46	إصغاء السمع
F048	rare	quranic:root_000840:B011	ص ب ر	B011	16,48	رقاقة الخوان وكومة الطعام
F048	rare	quranic:root_001044:B009	ع م ر	B009	4	لحم أو عظم يملأ ما بين الأسنان والفم
F048	rare	quranic:root_001069:B007	ع ي ن	B007	20,48	عين الجلد والسقاء
F048	rare	quranic:root_001081:B003	غ ر م	B003	40	غرام العذاب اللازم
F048	rare	quranic:root_001174:B001	ف ك ه	B001	18,22	طيب النفس والنعيم المستطاب
F048	rare	quranic:root_001198:B014	ق ب ل	B014	25,26,28	سقي على أفواه الإبل
F048	rare	quranic:root_001273:B006	ق و م	B006	32,48	مقام وإقامة في موضع
F048	rare	quranic:root_001315:B011	ك ل ل	B011	21	الانكلال تبسما ولمعا
F048	rare	quranic:root_001332:B002	ك و ن	B002	14,16,19,26,28,34	المكان والمكانة من الكون
F048	rare	quranic:root_001337:B002	ل ء ل ء	B002	24	بريق يتلألأ
F048	rare	quranic:root_001337:B004	ل ء ل ء	B004	24	برق العين وتقليب الكفين
F048	rare	quranic:root_001348:B003	ل ح م	B003	22	إطعام اللحم ورزق الصيد
F048	rare	quranic:root_001407:B005	م د د	B005	22	دواة تمد القلم بمداد
F048	rare	quranic:root_001410:B004	م ر ء	B004	21	الطعم والإطعام في مناسبة
F048	rare	quranic:root_001456:B002	م و ر	B002	9	الجريان والانصباب المتردد
F048	rare	quranic:root_001456:B005	م و ر	B005	9	سقوط النسيل والعقيقة
F048	rare	quranic:root_001456:B008	م و ر	B008	9	السيف المائر في الضريبة
F048	rare	quranic:root_001475:B008	ن ج م	B008	49	المعدن والمنبع
F048	rare	quranic:root_001489:B010	ن ز ع	B010	23	أداة أو موضع للنزع
F048	rare	quranic:root_001503:B003	ن ش ر	B003	3	الرائحة الطيبة المنتشرة
F048	rare	quranic:root_001503:B010	ن ش ر	B010	3	السخاء والكرامة
F048	rare	quranic:root_001510:B007	ن ص ر	B007	46	ناصرة الماء
F048	rare	quranic:root_001675:B008	و ق ع	B008	7	وقائع الماء ومناقعه
F049	core	quranic:root_000406:B006	خ ز ن	B006	37	الغنى بعد الفقر
F049	core	quranic:root_000741:B007	س م ع	B007	38	السماع المستلذ والغناء
F049	core	quranic:root_001110:B001	غ ن ي	B001	46	الغنى والاستغناء
F049	core	quranic:root_001110:B002	غ ن ي	B002	46	الغَناء والكفاية
F049	core	quranic:root_001110:B003	غ ن ي	B003	46	الغِناء والصوت
F049	core	quranic:root_001110:B004	غ ن ي	B004	46	الغنى بالمكان
F049	core	quranic:root_001110:B005	غ ن ي	B005	46	الغانية المستغنية
F049	core	quranic:root_001110:B006	غ ن ي	B006	46	الغنى والتزويج
F049	core	quranic:root_001604:B002	ه ن ء	B002	19	الهنء عطاء وكفاية
F049	optional	quranic:root_000009:B013	ء ت ي	B013	18,34,38	نَفاذ الرجل
F049	optional	quranic:root_000013:B003	ء ث م	B003	23	الأثام عقوبة الإثم
F049	optional	quranic:root_000043:B001	ء ك ل	B001	19	تناول المطعوم
F049	optional	quranic:root_000064:B002	ء ه ل	B002	26	اتخاذ الأهل بالزواج
F049	optional	quranic:root_000104:B004	ب ر ر	B004	28	صوت وجلبة باللسان
F049	optional	quranic:root_000156:B006	ب ن ي	B006	39	بناء الرجل على أهله ودخوله بها
F049	optional	quranic:root_000156:B010	ب ن ي	B010	39	بناء الطعام للحم ونماؤه
F049	optional	quranic:root_000166:B010	ب ي ت	B010	4	بيت الزواج
F049	optional	quranic:root_000202:B009	ث ق ل	B009	40	ثقل السمع
F049	optional	quranic:root_000244:B001	ج ز ي	B001	16	مقابلة الفعل بجزائه
F049	optional	quranic:root_000244:B002	ج ز ي	B002	16	قيام الشيء مقام غيره
F049	optional	quranic:root_000266:B012	ج ن ن	B012	17,29	الجان حية
F049	optional	quranic:root_000480:B001	د ف ع	B001	8	تنحية الشيء ودفع المكروه
F049	optional	quranic:root_000582:B010	ر ف ع	B010	5	رِفاعة الصوت
F049	optional	quranic:root_000652:B002	ز و ج	B002	20	زوج النكاح
F049	optional	quranic:root_000741:B001	س م ع	B001	38	إدراك الأصوات بالأذن
F049	optional	quranic:root_000741:B002	س م ع	B002	38	الأذن وموضع السمع
F049	optional	quranic:root_000741:B004	س م ع	B004	38	إسماع الغير
F049	optional	quranic:root_000766:B005	س و ي	B005	16	بلوغ وتمام الشباب
F049	optional	quranic:root_000791:B003	ش ر ك	B003	43	شِرك المصاهرة
F049	optional	quranic:root_000840:B003	ص ب ر	B003	16,48	تحمل الكفالة والملازمة
F049	optional	quranic:root_001198:B008	ق ب ل	B008	25,26,28	ضمان الشيء والتكفل به
F049	optional	quranic:root_001273:B007	ق و م	B007	32,48	نيابة وقيام مقام غيره
F049	optional	quranic:root_001307:B015	ك ف ر	B015	42	تاج يغطي
F049	optional	quranic:root_001332:B003	ك و ن	B003	14,16,19,26,28,34	الكفالة والقيام على فلان
F049	optional	quranic:root_001332:B005	ك و ن	B005	14,16,19,26,28,34	الشيخ المنسوب إلى كُنْتُ
F049	optional	quranic:root_001361:B003	ل غ و	B003	23	ضجيج الصوت المختلط
F049	optional	quranic:root_001410:B004	م ر ء	B004	21	الطعم والإطعام في مناسبة
F049	optional	quranic:root_001409:B005	م ر ء	B005	21	الطعم والإطعام
F049	optional	quranic:root_001489:B003	ن ز ع	B003	23	الكف بعد تعلق
F050	core	quranic:root_000582:B003	ر ف ع	B003	5	رفع السير
F050	core	quranic:root_000676:B008	س ج ر	B008	6	اندفاع الإبل وتتابع سيرها
F050	core	quranic:root_001456:B004	م و ر	B004	9	سرعة السير مع المور
F050	core	quranic:root_001675:B010	و ق ع	B010	7	أثر الدبر والركوب
F050	optional	quranic:root_000009:B009	ء ت ي	B009	18,34,38	رجع يدي الناقة في السير
F050	optional	quranic:root_000458:B017	د ب ر	B017	49	دبرة الظهر وقرح البعير
F050	optional	quranic:root_000477:B005	د ع ع	B005	13	الدعدعة عدو ملتف بطيء
F050	optional	quranic:root_000480:B010	د ف ع	B010	8	البعير المدفع المكرم المتروك من الحمل
F050	optional	quranic:root_000719:B009	س ق ط	B009	44	استرخاء عدو الفرس وتتابع سقوطه
F050	optional	quranic:root_000766:B010	س و ي	B010	16	السَّويّة على ظهر البعير
F050	optional	quranic:root_000769:B001	س ي ر	B001	10	المضي والجريان
F050	optional	quranic:root_001489:B012	ن ز ع	B012	23	اندفاع الجري والسير
F050	optional	quranic:root_001604:B004	ه ن ء	B004	19	الهِناء قطران يطلى به البعير
F050	optional	quranic:root_001675:B015	و ق ع	B015	7	كية الوقاع
F050	optional	quranic:root_001677:B003	و ق ي	B003	17,18,27	توقي الدابة من وجع الحافر
F050	rare	quranic:root_000009:B003	ء ت ي	B003	18,34,38	مأتى الأمر وتهيؤه
F050	rare	quranic:root_000015:B001	ء ج ر	B001	40	جزاء العمل والكراء
F050	rare	quranic:root_000043:B009	ء ك ل	B009	19	الإفساد والنميمة بين الناس
F050	rare	quranic:root_000076:B001	ء ل ي	B001	13	الغاية والانتهاء
F050	rare	quranic:root_000051:B005	ء م ر	B005	32	العلامة والموعد
F050	rare	quranic:root_000086:B002	ب ح ر	B002	6	السعة والانبساط
F050	rare	quranic:root_000086:B003	ب ح ر	B003	6	الشَّق الواسع
F050	rare	quranic:root_000104:B005	ب ر ر	B005	28	يابسة وصحراء
F050	rare	quranic:root_000121:B006	ب ص ر	B006	15	غلظ الحافة ووصل الشقتين
F050	rare	quranic:root_000152:B005	ب ل ل	B005	33,36	الأبل في الخصومة والمنع
F050	rare	quranic:root_000156:B004	ب ن ي	B004	39	المَبْناة بيت أو غطاء من أدم
F050	rare	quranic:root_000170:B002	ب ي ن	B002	38	الخلالة والوسط بين شيئين
F050	rare	quranic:root_000170:B006	ب ي ن	B006	38	بعد المسافة واتساع الفجوة
F050	rare	quranic:root_000175:B003	ت ب ع	B003	21	التقصي أثرا بعد أثر
F050	rare	quranic:root_000175:B012	ت ب ع	B012	21	الإحكام والتناسب
F050	rare	quranic:root_000217:B004	ج ب ل	B004	10	خلقة مطبوعة
F050	rare	quranic:root_000217:B006	ج ب ل	B006	10	دخول الجبال
F050	rare	quranic:root_000348:B003	ح ك م	B003	48	الحكمة والعلم المصيب
F050	rare	quranic:root_000369:B008	ح و ر	B008	20	حِوار الناقة
F050	rare	quranic:root_000406:B001	خ ز ن	B001	37	صيانة الشيء وإحرازه
F050	rare	quranic:root_000434:B010	خ ل ق	B010	35,36	الخلوق والتخليق بالطيب
F050	rare	quranic:root_000458:B001	د ب ر	B001	49	خلف الشيء ودبره
F050	rare	quranic:root_000458:B003	د ب ر	B003	49	تولية الدبر والإعراض
F050	rare	quranic:root_000458:B018	د ب ر	B018	49	دبر السهم الهدف
F050	rare	quranic:root_000458:B019	د ب ر	B019	49	الدابر الخائب في القداح
F050	rare	quranic:root_000458:B021	د ب ر	B021	49	الدبر قطعة في البحر
F050	rare	quranic:root_000477:B001	د ع ع	B001	13	الدَّعّ دفع شديد
F050	rare	quranic:root_000478:B005	د ع و	B005	28	التداعي بالسقوط
F050	rare	quranic:root_000480:B002	د ف ع	B002	8	دفع الشيء إلى غيره بمعنى إيصاله وإعطائه
F050	rare	quranic:root_000480:B003	د ف ع	B003	8	اندفاع إلى غاية أو في حركة
F050	rare	quranic:root_000480:B005	د ف ع	B005	8	دفاع السيل والموج والكثرة المتدافعة
F050	rare	quranic:root_000480:B009	د ف ع	B009	8	دفع اللبن في الضرع قبل النتاج
F050	rare	quranic:root_000502:B001	د و ن	B001	47	القرب دون الغاية
F050	rare	quranic:root_000531:B011	ر ء ي	B011	44	راية منصوبة
F050	rare	quranic:root_000531:B013	ر ء ي	B013	44	أرأيتك للتنبيه والاستخبار
F050	rare	quranic:root_000532:B003	ر ب ب	B003	7,18,29,37,48	علم رباني
F050	rare	quranic:root_000532:B010	ر ب ب	B010	7,18,29,37,48	ربابة تجمع القداح
F050	rare	quranic:root_000582:B011	ر ف ع	B011	5	الإصعاد في البلاد
F050	rare	quranic:root_000595:B001	ر ك م	B001	44	تجمع الشيء بعضه فوق بعض
F050	rare	quranic:root_000652:B006	ز و ج	B006	20	نمط يلقى على الهودج
F050	rare	quranic:root_000666:B005	س ب ح	B005	43,48,49	السعة للذهاب والمعاش
F050	rare	quranic:root_000666:B007	س ب ح	B007	43,48,49	سباح الجلود والكساء
F050	rare	quranic:root_000676:B006	س ج ر	B006	6	استرسال الشيء من كثرة أو نظام
F050	rare	quranic:root_000680:B001	س ح ب	B001	44	جر الشيء ومده
F050	rare	quranic:root_000697:B001	س ر ر	B001	20	إخفاء الشيء في الباطن
F050	rare	quranic:root_000697:B005	س ر ر	B005	20	خالص الشيء وأكرم موضعه
F050	rare	quranic:root_000719:B013	س ق ط	B013	44	تسقُّط العيب والخبر
F050	rare	quranic:root_000720:B003	س ق ف	B003	5	السقيفة اللوح العريض
F050	rare	quranic:root_000743:B005	س م م	B005	27	إصلاح يدخل بين المتباينين
F050	rare	quranic:root_000743:B007	س م م	B007	27	سمامة وطير سريع
F050	rare	quranic:root_000766:B004	س و ي	B004	16	إقبال وقصد إلى جهة
F050	rare	quranic:root_000766:B009	س و ي	B009	16	السِيّ واسع أملس من الأرض
F050	rare	quranic:root_000766:B013	س و ي	B013	16	سِيّ الرأس وقدر يوازي الرأس من مال أو نعمة
F050	rare	quranic:root_000769:B003	س ي ر	B003	10	السير من الجلد
F050	rare	quranic:root_000783:B006	ش ر ب	B006	19	شارب الفم ومجاري الحلق
F050	rare	quranic:root_000783:B008	ش ر ب	B008	19	إدخال الحبل في العنق
F050	rare	quranic:root_000831:B002	ش ي ء	B002	21,35,46	المشيئة المتعلّقة بالشيء
F050	rare	quranic:root_000871:B002	ص ف ف	B002	20	ناقة تجمع محالبها
F050	rare	quranic:root_000880:B007	ص ل ي	B007	16	المصلي يتلو السابق
F050	rare	quranic:root_000936:B002	ط غ و	B002	32	طغيان الماء وما يجري مجراه
F050	rare	quranic:root_000957:B006	ط و ف	B006	24	الطَّوْف المركب
F050	rare	quranic:root_000957:B008	ط و ف	B008	24	طائف القوس
F050	rare	quranic:root_000994:B006	ع ذ ب	B006	7,18,27,47	العذبة طرف أو علاقة متدلية
F050	rare	quranic:root_001040:B002	ع ل م	B002	47	أثر يميز الشيء ويهدي إليه
F050	rare	quranic:root_001040:B004	ع ل م	B004	47	شق ظاهر في الشفة العليا
F050	rare	quranic:root_001046:B001	ع م ل	B001	16,19,21	الفعل المقصود والعمل
F050	rare	quranic:root_001046:B002	ع م ل	B002	16,19,21	إعمال الشيء واستعماله
F050	rare	quranic:root_001046:B004	ع م ل	B004	16,19,21	أجر العمل ورزق العامل
F050	rare	quranic:root_001046:B008	ع م ل	B008	16,19,21	المطبوع على العمل
F050	rare	quranic:root_001046:B012	ع م ل	B012	16,19,21	بنو العمل من المشاة
F050	rare	quranic:root_001052:B002	ع ن د	B002	37,41	ميل إلى ناحية وانفراد عن الجماعة
F050	rare	quranic:root_001198:B001	ق ب ل	B001	25,26,28	مواجهة الشيء للشيء
F050	rare	quranic:root_001198:B010	ق ب ل	B010	25,26,28	أجزاء موصولة يقابل بعضها بعضا
F050	rare	quranic:root_001283:B001	ك ت ب	B001	2,41	ضم شيء إلى شيء
F050	rare	quranic:root_001290:B007	ك ذ ب	B007	11,14	كذب الوحشي إذا جرى ثم وقف
F050	rare	quranic:root_001324:B005	ك ن ن	B005	24	الكُنَّة الساترة
F050	rare	quranic:root_001334:B007	ك ي د	B007	42,46	القيء
F050	rare	quranic:root_001372:B003	ل ق ي	B003	45	سرعة اللقاح
F050	rare	quranic:root_001392:B002	ل ي ل	B002	49	مزاولة الأمر في الليل
F050	rare	quranic:root_001434:B002	م ع ع	B002	31	شدة الحر والسير فيه
F050	rare	quranic:root_001434:B004	م ع ع	B004	31	عمل في عجل
F050	rare	quranic:root_001449:B003	م ن ن	B003	27,30	إثقال المنعم عليه بنعمة أو تذكيرها
F050	rare	quranic:root_001456:B002	م و ر	B002	9	الجريان والانصباب المتردد
F050	rare	quranic:root_001475:B006	ن ج م	B006	49	العلم البارز
F050	rare	quranic:root_001525:B001	ن ع م	B001	17,29	حسن الحال والنعمة
F050	rare	quranic:root_001525:B002	ن ع م	B002	17,29	اللين والنعومة ورفاه العيش
F050	rare	quranic:root_001525:B005	ن ع م	B005	17,29	مال الأنعام والإبل
F050	rare	quranic:root_001525:B012	ن ع م	B012	17,29	المشي على القدم وابتذالها
F050	rare	quranic:root_001564:B002	ن و ر	B002	13,14	النار المتقدة والسمة بها
F050	rare	quranic:root_001564:B007	ن و ر	B007	13,14	النائرة بين القوم
F050	rare	quranic:root_001564:B009	ن و ر	B009	13,14	النُّورَة المطلية
F050	rare	quranic:root_001604:B001	ه ن ء	B001	19	هناءة بلا مشقة ولا وخامة
F050	rare	quranic:root_001675:B007	و ق ع	B007	7	ربوض الدواب والإبل
F050	rare	quranic:root_001677:B001	و ق ي	B001	17,18,27	دفع الضرر بوقاية
F050	rare	quranic:root_001678:B001	و ك ء	B001	20	شد الوكاء وربط الوعاء
F050	rare	quranic:root_001678:B003	و ك ء	B003	20	ملء المسافة بالسعي الشديد
F050	rare	quranic:root_001678:B006	و ك ء	B006	20	تصلق الناقة عند المخاض
F050	rare	quranic:root_001696:B001	ي ق ن	B001	36	ثبات العلم وزوال الشك
F051	core	quranic:root_000348:B001	ح ك م	B001	48	المنع والرد للإصلاح
F051	core	quranic:root_000737:B012	س ل م	B012	38	تسليم الشيء وتخليته
F051	core	quranic:root_000967:B008	ظ ل م	B008	47	المنع والحبس عن الحق
F051	core	quranic:root_000994:B003	ع ذ ب	B003	7,18,27,47	الكف والمنع والفطام عن الشيء
F051	optional	quranic:root_000013:B002	ء ث م	B002	23	التأثم كف عن الإثم
F051	optional	quranic:root_000044:B002	ء ل ت	B002	21	الحبس والصرف عن الوجه
F051	optional	quranic:root_000076:B009	ء ل ي	B009	13	المنع
F051	optional	quranic:root_000175:B012	ت ب ع	B012	21	الإحكام والتناسب
F051	optional	quranic:root_000348:B002	ح ك م	B002	48	الحكم والقضاء بين الناس
F051	optional	quranic:root_000477:B001	د ع ع	B001	13	الدَّعّ دفع شديد
F051	optional	quranic:root_000480:B001	د ف ع	B001	8	تنحية الشيء ودفع المكروه
F051	optional	quranic:root_000480:B002	د ف ع	B002	8	دفع الشيء إلى غيره بمعنى إيصاله وإعطائه
F051	optional	quranic:root_000610:B001	ر و د	B001	42	الإرادة والمشيئة
F051	optional	quranic:root_000840:B001	ص ب ر	B001	16,48	حبس النفس عن الجزع
F051	optional	quranic:root_001046:B002	ع م ل	B002	16,19,21	إعمال الشيء واستعماله
F051	optional	quranic:root_001119:B003	غ ي ر	B003	35,43	تغيير الصورة أو إبدال الشيء بغيره
F051	optional	quranic:root_001272:B010	ق و ل	B010	26,30,31,33,44	اقتالة الحكم على غيره
F051	optional	quranic:root_001296:B002	ك س ب	B002	21	إكساب غيره خيرا أو مالا
F051	optional	quranic:root_001361:B005	ل غ و	B005	23	الميل عن الصواب
F051	optional	quranic:root_001489:B003	ن ز ع	B003	23	الكف بعد تعلق
F051	optional	quranic:root_001510:B002	ن ص ر	B002	46	انتصاف المظلوم
F051	rare	quranic:root_000009:B002	ء ت ي	B002	18,34,38	الإيتاء والإعطاء
F051	rare	quranic:root_000043:B004	ء ك ل	B004	19	استهلاك المال وأخذه
F051	rare	quranic:root_000043:B009	ء ك ل	B009	19	الإفساد والنميمة بين الناس
F051	rare	quranic:root_000043:B010	ء ك ل	B010	19	الإدعاء على الغير والتمكين منه
F051	rare	quranic:root_000076:B002	ء ل ي	B002	13	معنى عند
F051	rare	quranic:root_000076:B013	ء ل ي	B013	13	الإبطاء والاحتباس
F051	rare	quranic:root_000051:B001	ء م ر	B001	32	الشأن والحال
F051	rare	quranic:root_000051:B002	ء م ر	B002	32	الطلب والإلزام
F051	rare	quranic:root_000104:B002	ب ر ر	B002	28	خير وطاعة متسعة
F051	rare	quranic:root_000152:B005	ب ل ل	B005	33,36	الأبل في الخصومة والمنع
F051	rare	quranic:root_000217:B009	ج ب ل	B009	10	عسر ومنع
F051	rare	quranic:root_000266:B006	ج ن ن	B006	17,29	ستر العقل بالجنون
F051	rare	quranic:root_000348:B005	ح ك م	B005	48	التفويض والتحكيم
F051	rare	quranic:root_000352:B001	ح ل م	B001	32	الأناة وضبط النفس
F051	rare	quranic:root_000355:B005	ح م د	B005	48	يتحمد بالمنة
F051	rare	quranic:root_000406:B001	خ ز ن	B001	37	صيانة الشيء وإحرازه
F051	rare	quranic:root_000478:B001	د ع و	B001	28	النداء والإمالة بالكلام
F051	rare	quranic:root_000478:B002	د ع و	B002	28	ادعاء الحق والانتساب
F051	rare	quranic:root_000478:B004	د ع و	B004	28	الدعاء بالمكروه النازل
F051	rare	quranic:root_000480:B003	د ف ع	B003	8	اندفاع إلى غاية أو في حركة
F051	rare	quranic:root_000480:B004	د ف ع	B004	8	دفعة واحدة من مطر أو دم أو سائل
F051	rare	quranic:root_000480:B007	د ف ع	B007	8	المدفع الذي يدفعه الناس عن أنفسهم
F051	rare	quranic:root_000480:B011	د ف ع	B011	8	دافع الأمر إذا أولع به وانهمك
F051	rare	quranic:root_000516:B003	ذ ك ر	B003	29	استحضار الشيء بعد النسيان أو مع الحفظ
F051	rare	quranic:root_000516:B009	ذ ك ر	B009	29	الذكرى والتذكرة ما يذكّر
F051	rare	quranic:root_000532:B002	ر ب ب	B002	7,18,29,37,48	إصلاح وتربية وإتمام
F051	rare	quranic:root_000586:B005	ر ق ق	B005	3	الضَّعف والقِلّة
F051	rare	quranic:root_000661:B003	س ء ل	B003	25,40	قضاء المسألة
F051	rare	quranic:root_000666:B002	س ب ح	B002	43,48,49	التنزيه والتبرئة
F051	rare	quranic:root_000676:B006	س ج ر	B006	6	استرسال الشيء من كثرة أو نظام
F051	rare	quranic:root_000682:B002	س ح ر	B002	15	السِّحر صرف وخداع
F051	rare	quranic:root_000704:B007	س ط ر	B007	2,37	السطر العتود
F051	rare	quranic:root_000737:B013	س ل م	B013	38	أخذه سلما أي أسره
F051	rare	quranic:root_000741:B005	س م ع	B005	38	الصيت والشيوع بين الناس
F051	rare	quranic:root_000743:B009	س م م	B009	27	لا سم ولا حم
F051	rare	quranic:root_000743:B011	س م م	B011	27	وجه مقصود وغور مسبور
F051	rare	quranic:root_000766:B004	س و ي	B004	16	إقبال وقصد إلى جهة
F051	rare	quranic:root_000766:B008	س و ي	B008	16	قصد نحو شخص أو جهة
F051	rare	quranic:root_000783:B004	ش ر ب	B004	19	موضع الشرب وآلته
F051	rare	quranic:root_000783:B010	ش ر ب	B010	19	دعوى ما لم يشرب
F051	rare	quranic:root_000783:B012	ش ر ب	B012	19	مال يؤكل ويشرب
F051	rare	quranic:root_000791:B002	ش ر ك	B002	43	الشِّرك بالله
F051	rare	quranic:root_000831:B003	ش ي ء	B003	21,35,46	حمل الشيء إلى الأمر
F051	rare	quranic:root_000831:B006	ش ي ء	B006	21,35,46	إصغاء السمع
F051	rare	quranic:root_000840:B003	ص ب ر	B003	16,48	تحمل الكفالة والملازمة
F051	rare	quranic:root_000852:B006	ص د ق	B006	34	صدقة المال والحق
F051	rare	quranic:root_000880:B002	ص ل ي	B002	16	الدعاء والبركة والرحمة
F051	rare	quranic:root_000936:B004	ط غ و	B004	32	الطاغية المتجبر
F051	rare	quranic:root_000967:B003	ظ ل م	B003	47	الظلامة وطلب الإنصاف
F051	rare	quranic:root_001040:B001	ع ل م	B001	47	انكشاف الشيء للعارف
F051	rare	quranic:root_001052:B001	ع ن د	B001	37,41	عدول عن الاستقامة وممانعة للحق
F051	rare	quranic:root_001052:B002	ع ن د	B002	37,41	ميل إلى ناحية وانفراد عن الجماعة
F051	rare	quranic:root_001052:B005	ع ن د	B005	37,41	انعدام البد والحيلة
F051	rare	quranic:root_001069:B003	ع ي ن	B003	20,48	عين الحفظ والرعاية
F051	rare	quranic:root_001081:B001	غ ر م	B001	40	لزوم غرم في المال
F051	rare	quranic:root_001110:B002	غ ن ي	B002	46	الغَناء والكفاية
F051	rare	quranic:root_001117:B006	غ ي ب	B006	41	الغيب شك
F051	rare	quranic:root_001272:B006	ق و ل	B006	26,30,31,33,44	اجترار القول إلى النفس
F051	rare	quranic:root_001272:B012	ق و ل	B012	26,30,31,33,44	قول في النفس لم يظهر
F051	rare	quranic:root_001273:B003	ق و م	B003	32,48	عزم ونهوض إلى الأمر
F051	rare	quranic:root_001273:B004	ق و م	B004	32,48	رعاية وحفظ وولاية
F051	rare	quranic:root_001273:B017	ق و م	B017	32,48	انتصاف النهار وقائم الظهيرة
F051	rare	quranic:root_001290:B005	ك ذ ب	B005	11,14	ما كذب أن فعل أي ما لبث
F051	rare	quranic:root_001290:B008	ك ذ ب	B008	11,14	النفس الكذوب
F051	rare	quranic:root_001307:B005	ك ف ر	B005	42	تبرؤ وتنصل
F051	rare	quranic:root_001307:B009	ك ف ر	B009	42	محو الإثم بتغطيته
F051	rare	quranic:root_001307:B012	ك ف ر	B012	42	موضع منقطع
F051	rare	quranic:root_001332:B004	ك و ن	B004	14,16,19,26,28,34	الخضوع بالاستكانة
F051	rare	quranic:root_001372:B005	ل ق ي	B005	45	طرح الشيء حتى يلقى
F051	rare	quranic:root_001372:B007	ل ق ي	B007	45	ما يلقاه المرء من خير أو شر
F051	rare	quranic:root_001456:B007	م و ر	B007	9	الدوران والرجوع عن الغور
F051	rare	quranic:root_001475:B008	ن ج م	B008	49	المعدن والمنبع
F051	rare	quranic:root_001638:B003	و ذ ر	B003	45	ذَرْ الشيء وتركه
F051	rare	quranic:root_001675:B013	و ق ع	B013	7	الوقيعة في الناس
F051	rare	quranic:root_001677:B001	و ق ي	B001	17,18,27	دفع الضرر بوقاية
F051	rare	quranic:root_001677:B002	و ق ي	B002	17,18,27	جعل النفس في وقاية
F052	core	quranic:root_000054:B002	ء م ن	B002	21,33	تصديق يطمئن إليه القلب
F052	core	quranic:root_000104:B001	ب ر ر	B001	28	صدق يمضي القول والعمل
F052	core	quranic:root_000852:B001	ص د ق	B001	34	صدق القول
F052	core	quranic:root_000852:B003	ص د ق	B003	34	تمام الصلاح والثبوت
F052	core	quranic:root_000852:B004	ص د ق	B004	34	تحقيق الوعد والفعل
F052	core	quranic:root_000852:B005	ص د ق	B005	34	صدق المودة والصحبة
F052	core	quranic:root_001290:B001	ك ذ ب	B001	11,14	خلاف الصدق
F052	core	quranic:root_001290:B004	ك ذ ب	B004	11,14	صدق الحملة أو كذبها
F052	optional	quranic:root_000104:B002	ب ر ر	B002	28	خير وطاعة متسعة
F052	optional	quranic:root_000104:B003	ب ر ر	B003	28	صلة وإحسان ضد العقوق
F052	optional	quranic:root_000434:B007	خ ل ق	B007	35,36	اختلاق الكذب والكلام
F052	optional	quranic:root_000852:B006	ص د ق	B006	34	صدقة المال والحق
F052	optional	quranic:root_001272:B013	ق و ل	B013	26,30,31,33,44	القول اعتقاد ومذهب
F052	optional	quranic:root_001290:B002	ك ذ ب	B002	11,14	نسبة الشيء أو صاحبه إلى الكذب
F052	rare	quranic:root_000013:B002	ء ث م	B002	23	التأثم كف عن الإثم
F052	rare	quranic:root_000025:B003	ء ر ض	B003	36	الخليق بالخير كالأرض الأريضة
F052	rare	quranic:root_000043:B004	ء ك ل	B004	19	استهلاك المال وأخذه
F052	rare	quranic:root_000051:B008	ء م ر	B008	32	ضعيف الرأي التابع
F052	rare	quranic:root_000054:B001	ء م ن	B001	21,33	سكون القلب في أمن وثقة
F052	rare	quranic:root_000064:B003	ء ه ل	B003	26	موضع الصلاح والاستحقاق
F052	rare	quranic:root_000152:B002	ب ل ل	B002	33,36	ندى الخير والصلة
F052	rare	quranic:root_000152:B006	ب ل ل	B006	33,36	بِلّة اللسان
F052	rare	quranic:root_000166:B003	ب ي ت	B003	4	بيت الشعر
F052	rare	quranic:root_000170:B003	ب ي ن	B003	38	الوصلة القائمة بين الأطراف
F052	rare	quranic:root_000170:B004	ب ي ن	B004	38	ظهور الشيء وانكشافه
F052	rare	quranic:root_000170:B005	ب ي ن	B005	38	كشف المعنى بالقول أو العلامة
F052	rare	quranic:root_000217:B004	ج ب ل	B004	10	خلقة مطبوعة
F052	rare	quranic:root_000217:B009	ج ب ل	B009	10	عسر ومنع
F052	rare	quranic:root_000244:B002	ج ز ي	B002	16	قيام الشيء مقام غيره
F052	rare	quranic:root_000266:B010	ج ن ن	B010	17,29	الجنان المستور في الصدر
F052	rare	quranic:root_000299:B003	ح د ث	B003	34	كلام يتجدد خبرا وحديثا
F052	rare	quranic:root_000299:B004	ح د ث	B004	34	صيرورة المرء حديث الناس
F052	rare	quranic:root_000434:B003	خ ل ق	B003	35,36	تمام الخلقة واعتدال الصورة
F052	rare	quranic:root_000516:B004	ذ ك ر	B004	29	جريان الذكر على اللسان
F052	rare	quranic:root_000531:B002	ر ء ي	B002	44	رأي القلب والتفكر
F052	rare	quranic:root_000531:B003	ر ء ي	B003	44	الرؤيا في المنام
F052	rare	quranic:root_000532:B016	ر ب ب	B016	7,18,29,37,48	رُبَى حاجة وعقدة ونعمة
F052	rare	quranic:root_000552:B001	ر ح م	B001	28	الرَّحْمَة والرقة
F052	rare	quranic:root_000552:B002	ر ح م	B002	28	الرَّحِم والقرابة
F052	rare	quranic:root_000607:B001	ر ه ن	B001	21	وثيقة ممسوكة بحق
F052	rare	quranic:root_000616:B001	ر ي ب	B001	30	اضطراب الشك والريبة
F052	rare	quranic:root_000616:B003	ر ي ب	B003	30	حاجة يخاف فوتها
F052	rare	quranic:root_000676:B006	س ج ر	B006	6	استرسال الشيء من كثرة أو نظام
F052	rare	quranic:root_000704:B002	س ط ر	B002	2,37	أساطير الباطل
F052	rare	quranic:root_000719:B014	س ق ط	B014	44	سقاط الحديث مناوبة الكلام
F052	rare	quranic:root_000766:B008	س و ي	B008	16	قصد نحو شخص أو جهة
F052	rare	quranic:root_000791:B008	ش ر ك	B008	43	رأي مشترك
F052	rare	quranic:root_000798:B001	ش ع ر	B001	30	الشَّعر النابت وما عليه زغب
F052	rare	quranic:root_000798:B007	ش ع ر	B007	30	قريض وشاعر
F052	rare	quranic:root_000803:B003	ش ف ق	B003	26	عناية يخالطها خوف وحذر
F052	rare	quranic:root_000994:B003	ع ذ ب	B003	7,18,27,47	الكف والمنع والفطام عن الشيء
F052	rare	quranic:root_001040:B001	ع ل م	B001	47	انكشاف الشيء للعارف
F052	rare	quranic:root_001046:B003	ع م ل	B003	16,19,21	ولاية العمل والقيام عليه
F052	rare	quranic:root_001052:B004	ع ن د	B004	37,41	قرب وحضور عند الشيء
F052	rare	quranic:root_001069:B003	ع ي ن	B003	20,48	عين الحفظ والرعاية
F052	rare	quranic:root_001081:B001	غ ر م	B001	40	لزوم غرم في المال
F052	rare	quranic:root_001119:B001	غ ي ر	B001	35,43	الصلاح والمنفعة بالميرة والسقي والإصلاح
F052	rare	quranic:root_001174:B003	ف ك ه	B003	18,22	الفكاهة وملاحة الكلام
F052	rare	quranic:root_001198:B003	ق ب ل	B003	25,26,28	جهة الشيء وعنده
F052	rare	quranic:root_001272:B001	ق و ل	B001	26,30,31,33,44	إخراج القول بالنطق
F052	rare	quranic:root_001272:B002	ق و ل	B002	26,30,31,33,44	اللسان آلة القول
F052	rare	quranic:root_001272:B005	ق و ل	B005	26,30,31,33,44	قول ما لم يكن أو نسبته
F052	rare	quranic:root_001272:B007	ق و ل	B007	26,30,31,33,44	القول الفاشي بين الناس
F052	rare	quranic:root_001272:B014	ق و ل	B014	26,30,31,33,44	قول الشيء دلالته
F052	rare	quranic:root_001272:B015	ق و ل	B015	26,30,31,33,44	العناية الصادقة بالشيء
F052	rare	quranic:root_001273:B018	ق و م	B018	32,48	نفاق السوق
F052	rare	quranic:root_001296:B002	ك س ب	B002	21	إكساب غيره خيرا أو مالا
F052	rare	quranic:root_001307:B006	ك ف ر	B006	42	نسبة إلى الكفر
F052	rare	quranic:root_001307:B009	ك ف ر	B009	42	محو الإثم بتغطيته
F052	rare	quranic:root_001315:B001	ك ل ل	B001	21	الكَلال وخلاف الحدة
F052	rare	quranic:root_001315:B004	ك ل ل	B004	21	الكَلالة قرابة عارضة
F052	rare	quranic:root_001332:B002	ك و ن	B002	14,16,19,26,28,34	المكان والمكانة من الكون
F052	rare	quranic:root_001348:B007	ل ح م	B007	22	لحمة النسب والولاء
F052	rare	quranic:root_001434:B005	م ع ع	B005	31	الكون مع الغالب بلا مذهب
F052	rare	quranic:root_001449:B005	م ن ن	B005	27,30	مقدار موزون يسمى منا أو منا
F052	rare	quranic:root_001489:B003	ن ز ع	B003	23	الكف بعد تعلق
F052	rare	quranic:root_001489:B007	ن ز ع	B007	23	انحسار شعر الجبهة
F052	rare	quranic:root_001525:B001	ن ع م	B001	17,29	حسن الحال والنعمة
F052	rare	quranic:root_001525:B004	ن ع م	B004	17,29	الجواب بنعم والتصديق
F052	rare	quranic:root_001675:B012	و ق ع	B012	7	توقع الأمر ورمي الظن
F052	rare	quranic:root_001677:B002	و ق ي	B002	17,18,27	جعل النفس في وقاية
F052	rare	quranic:root_001696:B001	ي ق ن	B001	36	ثبات العلم وزوال الشك
F053	core	quranic:root_000516:B004	ذ ك ر	B004	29	جريان الذكر على اللسان
F053	core	quranic:root_000741:B005	س م ع	B005	38	الصيت والشيوع بين الناس
F053	core	quranic:root_001117:B004	غ ي ب	B004	41	ذكر الإنسان في غيبته
F053	core	quranic:root_001272:B007	ق و ل	B007	26,30,31,33,44	القول الفاشي بين الناس
F053	core	quranic:root_001675:B013	و ق ع	B013	7	الوقيعة في الناس
F053	optional	quranic:root_000043:B001	ء ك ل	B001	19	تناول المطعوم
F053	optional	quranic:root_000043:B009	ء ك ل	B009	19	الإفساد والنميمة بين الناس
F053	optional	quranic:root_000043:B010	ء ك ل	B010	19	الإدعاء على الغير والتمكين منه
F053	optional	quranic:root_000152:B007	ب ل ل	B007	33,36	الطي على البلّة
F053	optional	quranic:root_000299:B003	ح د ث	B003	34	كلام يتجدد خبرا وحديثا
F053	optional	quranic:root_000299:B004	ح د ث	B004	34	صيرورة المرء حديث الناس
F053	optional	quranic:root_000531:B005	ر ء ي	B005	44	رياء الناس
F053	optional	quranic:root_000719:B014	س ق ط	B014	44	سقاط الحديث مناوبة الكلام
F053	optional	quranic:root_000745:B008	س م و	B008	9,36,44	الصيت الحسن المنتشر
F053	optional	quranic:root_000769:B002	س ي ر	B002	10	السيرة والطريقة
F053	optional	quranic:root_001174:B007	ف ك ه	B007	18,22	التفكه بالأعراض
F053	optional	quranic:root_001677:B002	و ق ي	B002	17,18,27	جعل النفس في وقاية
F053	rare	quranic:root_000009:B003	ء ت ي	B003	18,34,38	مأتى الأمر وتهيؤه
F053	rare	quranic:root_000009:B011	ء ت ي	B011	18,34,38	إتيان البلاء والهلاك
F053	rare	quranic:root_000043:B004	ء ك ل	B004	19	استهلاك المال وأخذه
F053	rare	quranic:root_000152:B004	ب ل ل	B004	33,36	الظفر والتعلق
F053	rare	quranic:root_000175:B004	ت ب ع	B004	21	الولاء والتتابع
F053	rare	quranic:root_000217:B010	ج ب ل	B010	10	حمل على أمر
F053	rare	quranic:root_000369:B006	ح و ر	B006	20	مراجعة الكلام
F053	rare	quranic:root_000434:B007	خ ل ق	B007	35,36	اختلاق الكذب والكلام
F053	rare	quranic:root_000434:B009	خ ل ق	B009	35,36	بلى الثوب وذهاب وبره
F053	rare	quranic:root_000446:B002	خ و ض	B002	12	الدخول في الحديث والأمر
F053	rare	quranic:root_000458:B003	د ب ر	B003	49	تولية الدبر والإعراض
F053	rare	quranic:root_000502:B004	د و ن	B004	47	الإغراء بالتناول
F053	rare	quranic:root_000516:B007	ذ ك ر	B007	29	ذكر المرء شرف وصيت
F053	rare	quranic:root_000516:B009	ذ ك ر	B009	29	الذكرى والتذكرة ما يذكّر
F053	rare	quranic:root_000531:B006	ر ء ي	B006	44	مرأى ومنظر ومرآة
F053	rare	quranic:root_000531:B012	ر ء ي	B012	44	إراءة وإظهار
F053	rare	quranic:root_000704:B002	س ط ر	B002	2,37	أساطير الباطل
F053	rare	quranic:root_000741:B006	س م ع	B006	38	إسماع القبيح والشتم
F053	rare	quranic:root_000743:B005	س م م	B005	27	إصلاح يدخل بين المتباينين
F053	rare	quranic:root_000783:B012	ش ر ب	B012	19	مال يؤكل ويشرب
F053	rare	quranic:root_000831:B003	ش ي ء	B003	21,35,46	حمل الشيء إلى الأمر
F053	rare	quranic:root_000831:B006	ش ي ء	B006	21,35,46	إصغاء السمع
F053	rare	quranic:root_000852:B001	ص د ق	B001	34	صدق القول
F053	rare	quranic:root_001069:B007	ع ي ن	B007	20,48	عين الجلد والسقاء
F053	rare	quranic:root_001117:B001	غ ي ب	B001	41	تستر الشيء عن العيون
F053	rare	quranic:root_001117:B002	غ ي ب	B002	41	منهبط يغيب فيه الشيء
F053	rare	quranic:root_001174:B003	ف ك ه	B003	18,22	الفكاهة وملاحة الكلام
F053	rare	quranic:root_001272:B006	ق و ل	B006	26,30,31,33,44	اجترار القول إلى النفس
F053	rare	quranic:root_001361:B002	ل غ و	B002	23	الكلام الباطل القبيح
F053	rare	quranic:root_001410:B002	م ر ء	B002	21	المروءة وكمال الرجولية
F053	rare	quranic:root_001409:B003	م ر ء	B003	21	الطعام المريء
F053	rare	quranic:root_001410:B003	م ر ء	B003	21	مراءة الطعام واستمراؤه
F053	rare	quranic:root_001409:B005	م ر ء	B005	21	الطعم والإطعام
F053	rare	quranic:root_001456:B006	م و ر	B006	9	الطريق لكثرة التردد
F053	rare	quranic:root_001604:B001	ه ن ء	B001	19	هناءة بلا مشقة ولا وخامة
F054	core	quranic:root_000225:B002	ج ح م	B002	18	احتدام الحرب والموت
F054	core	quranic:root_001334:B004	ك ي د	B004	42,46	الحرب والقتال
F054	core	quranic:root_001348:B004	ل ح م	B004	22	القتل حتى يصير المقتول لحما
F054	core	quranic:root_001434:B001	م ع ع	B001	31	جلبة النار والحرب
F054	core	quranic:root_001675:B005	و ق ع	B005	7	وقعة الحرب والإيقاع بالقوم
F054	optional	quranic:root_000104:B008	ب ر ر	B008	28	غلبة وعلو
F054	optional	quranic:root_000152:B005	ب ل ل	B005	33,36	الأبل في الخصومة والمنع
F054	optional	quranic:root_000225:B001	ج ح م	B001	18	تأجج النار وشدة حرها
F054	optional	quranic:root_000244:B005	ج ز ي	B005	16	الغلبة في المجازاة
F054	optional	quranic:root_000480:B008	د ف ع	B008	8	مدافعة الحاجة بالمماطلة
F054	optional	quranic:root_000531:B004	ر ء ي	B004	44	تراء وتواجه
F054	optional	quranic:root_000737:B004	س ل م	B004	38	الصلح والمسالمة ضد الحرب
F054	optional	quranic:root_000840:B006	ص ب ر	B006	16,48	الوقوع في شدة لا منفذ منها
F054	optional	quranic:root_000864:B001	ص ع ق	B001	45	الصوت الشديد الصالع
F054	optional	quranic:root_000864:B002	ص ع ق	B002	45	الصاعقة الهدة العلوية
F054	optional	quranic:root_001273:B014	ق و م	B014	32,48	مقاومة ومنازلة
F054	optional	quranic:root_001348:B014	ل ح م	B014	22	النشوب والالتصاق بالقوم أو المكان
F054	optional	quranic:root_001372:B010	ل ق ي	B010	45	جعل طرفين يلتقيان
F054	optional	quranic:root_001489:B006	ن ز ع	B006	23	مجاذبة بين طرفين
F054	optional	quranic:root_001675:B004	و ق ع	B004	7	أثر الضرب وصوت الوقوع
F054	rare	quranic:root_000013:B002	ء ث م	B002	23	التأثم كف عن الإثم
F054	rare	quranic:root_000025:B008	ء ر ض	B008	36	الأَرْض الرعدة
F054	rare	quranic:root_000043:B005	ء ك ل	B005	19	إطعام النار واشتعالها
F054	rare	quranic:root_000076:B007	ء ل ي	B007	13	اليمين والحلف
F054	rare	quranic:root_000076:B009	ء ل ي	B009	13	المنع
F054	rare	quranic:root_000051:B005	ء م ر	B005	32	العلامة والموعد
F054	rare	quranic:root_000104:B001	ب ر ر	B001	28	صدق يمضي القول والعمل
F054	rare	quranic:root_000121:B004	ب ص ر	B004	15	بصيرة الدم
F054	rare	quranic:root_000156:B010	ب ن ي	B010	39	بناء الطعام للحم ونماؤه
F054	rare	quranic:root_000217:B009	ج ب ل	B009	10	عسر ومنع
F054	rare	quranic:root_000299:B003	ح د ث	B003	34	كلام يتجدد خبرا وحديثا
F054	rare	quranic:root_000352:B001	ح ل م	B001	32	الأناة وضبط النفس
F054	rare	quranic:root_000369:B006	ح و ر	B006	20	مراجعة الكلام
F054	rare	quranic:root_000478:B002	د ع و	B002	28	ادعاء الحق والانتساب
F054	rare	quranic:root_000516:B002	ذ ك ر	B002	29	صلابة الذكر وحدته وشدته
F054	rare	quranic:root_000531:B011	ر ء ي	B011	44	راية منصوبة
F054	rare	quranic:root_000532:B007	ر ب ب	B007	7,18,29,37,48	لزوم وإقامة ودوام
F054	rare	quranic:root_000582:B010	ر ف ع	B010	5	رِفاعة الصوت
F054	rare	quranic:root_000607:B006	ر ه ن	B006	21	قبر مضمون للميت
F054	rare	quranic:root_000610:B002	ر و د	B002	42	المراودة على الفعل
F054	rare	quranic:root_000719:B005	س ق ط	B005	44	سقط النار المتطاير
F054	rare	quranic:root_000798:B004	ش ع ر	B004	30	شعار يلاصق الجسد
F054	rare	quranic:root_000798:B006	ش ع ر	B006	30	علامة مشعرة وشعيرة نسك
F054	rare	quranic:root_000840:B002	ص ب ر	B002	16,48	حبس القهر للقتل أو اليمين
F054	rare	quranic:root_000852:B006	ص د ق	B006	34	صدقة المال والحق
F054	rare	quranic:root_000864:B003	ص ع ق	B003	45	المصعوق المذهول أو الميت
F054	rare	quranic:root_000871:B003	ص ف ف	B003	20	الصَّفيف من اللحم
F054	rare	quranic:root_000936:B005	ط غ و	B005	32	الطاغية عقوبة غالبة
F054	rare	quranic:root_000937:B005	ط غ ي	B005	32	الطغية الصفاة الملساء
F054	rare	quranic:root_000967:B006	ظ ل م	B006	47	الظليم ذكر النعام
F054	rare	quranic:root_000994:B005	ع ذ ب	B005	7,18,27,47	العذاب إيلام وعقوبة
F054	rare	quranic:root_001040:B002	ع ل م	B002	47	أثر يميز الشيء ويهدي إليه
F054	rare	quranic:root_001044:B004	ع م ر	B004	4	القصد إلى الزيارة والنسك
F054	rare	quranic:root_001174:B003	ف ك ه	B003	18,22	الفكاهة وملاحة الكلام
F054	rare	quranic:root_001198:B014	ق ب ل	B014	25,26,28	سقي على أفواه الإبل
F054	rare	quranic:root_001272:B009	ق و ل	B009	26,30,31,33,44	المقاولة في الأمر
F054	rare	quranic:root_001307:B009	ك ف ر	B009	42	محو الإثم بتغطيته
F054	rare	quranic:root_001315:B008	ك ل ل	B008	21	الكُلْكُل قصر وغلظ
F054	rare	quranic:root_001347:B002	ل ح ق	B002	21	إلصاق المنتمي بقوم أو بغير أبيه
F054	rare	quranic:root_001348:B001	ل ح م	B001	22	اللحم المعروف
F054	rare	quranic:root_001348:B002	ل ح م	B002	22	لحم البدن وشهوة اللحم
F054	rare	quranic:root_001348:B003	ل ح م	B003	22	إطعام اللحم ورزق الصيد
F054	rare	quranic:root_001348:B009	ل ح م	B009	22	قشر اللحم عن العظم
F054	rare	quranic:root_001407:B008	م د د	B008	22	ماء الإبل يمد بدقيق ونحوه
F054	rare	quranic:root_001434:B002	م ع ع	B002	31	شدة الحر والسير فيه
F054	rare	quranic:root_001434:B005	م ع ع	B005	31	الكون مع الغالب بلا مذهب
F054	rare	quranic:root_001489:B016	ن ز ع	B016	23	سياق الموت
F054	rare	quranic:root_001510:B002	ن ص ر	B002	46	انتصاف المظلوم
F054	rare	quranic:root_001525:B005	ن ع م	B005	17,29	مال الأنعام والإبل
F054	rare	quranic:root_001564:B005	ن و ر	B005	13,14	المنار والمنارة الظاهرة
F054	rare	quranic:root_001675:B016	و ق ع	B016	7	المكان المرتفع والسحاب الواقع
F055	core	quranic:root_000170:B002	ب ي ن	B002	38	الخلالة والوسط بين شيئين
F055	core	quranic:root_000766:B001	س و ي	B001	16	مساواة ومعادلة بين شيئين
F055	core	quranic:root_001198:B001	ق ب ل	B001	25,26,28	مواجهة الشيء للشيء
F055	core	quranic:root_001372:B004	ل ق ي	B004	45	توافي شيئين متقابلين
F055	optional	quranic:root_000086:B010	ب ح ر	B010	6	الملاقاة بلا قصد
F055	optional	quranic:root_000170:B003	ب ي ن	B003	38	الوصلة القائمة بين الأطراف
F055	optional	quranic:root_000458:B001	د ب ر	B001	49	خلف الشيء ودبره
F055	optional	quranic:root_000458:B002	د ب ر	B002	49	آخر الشيء ومضي عاقبته
F055	optional	quranic:root_000531:B004	ر ء ي	B004	44	تراء وتواجه
F055	optional	quranic:root_000766:B004	س و ي	B004	16	إقبال وقصد إلى جهة
F055	optional	quranic:root_000766:B006	س و ي	B006	16	وسط وعدل ومكان منصف
F055	optional	quranic:root_000791:B001	ش ر ك	B001	43	الشَّرِكة والمشاركة
F055	optional	quranic:root_001069:B002	ع ي ن	B002	20,48	المشاهدة بالعين
F055	optional	quranic:root_001119:B005	غ ي ر	B005	35,43	السوى والخلاف والاستثناء والنفي
F055	optional	quranic:root_001198:B002	ق ب ل	B002	25,26,28	تقدم الشيء أو إقباله
F055	optional	quranic:root_001372:B010	ل ق ي	B010	45	جعل طرفين يلتقيان
F055	optional	quranic:root_001397:B001	م ث ل	B001	34	المماثلة والنظير
F055	optional	quranic:root_001677:B002	و ق ي	B002	17,18,27	جعل النفس في وقاية
F055	rare	quranic:root_000009:B002	ء ت ي	B002	18,34,38	الإيتاء والإعطاء
F055	rare	quranic:root_000025:B001	ء ر ض	B001	36	السفل المقابل للسماء
F055	rare	quranic:root_000043:B009	ء ك ل	B009	19	الإفساد والنميمة بين الناس
F055	rare	quranic:root_000076:B001	ء ل ي	B001	13	الغاية والانتهاء
F055	rare	quranic:root_000064:B001	ء ه ل	B001	26	جماعة القرب والانتماء
F055	rare	quranic:root_000064:B003	ء ه ل	B003	26	موضع الصلاح والاستحقاق
F055	rare	quranic:root_000104:B002	ب ر ر	B002	28	خير وطاعة متسعة
F055	rare	quranic:root_000104:B005	ب ر ر	B005	28	يابسة وصحراء
F055	rare	quranic:root_000152:B004	ب ل ل	B004	33,36	الظفر والتعلق
F055	rare	quranic:root_000170:B011	ب ي ن	B011	38	حالة متوسطة بين طرفين
F055	rare	quranic:root_000175:B004	ت ب ع	B004	21	الولاء والتتابع
F055	rare	quranic:root_000202:B009	ث ق ل	B009	40	ثقل السمع
F055	rare	quranic:root_000458:B003	د ب ر	B003	49	تولية الدبر والإعراض
F055	rare	quranic:root_000458:B005	د ب ر	B005	49	تدابر القوم وتصارمهم
F055	rare	quranic:root_000458:B010	د ب ر	B010	49	الدبير والمدابرة في الفتل والأذن
F055	rare	quranic:root_000458:B012	د ب ر	B012	49	الدبور ريح من خلف الكعبة
F055	rare	quranic:root_000477:B001	د ع ع	B001	13	الدَّعّ دفع شديد
F055	rare	quranic:root_000480:B002	د ف ع	B002	8	دفع الشيء إلى غيره بمعنى إيصاله وإعطائه
F055	rare	quranic:root_000480:B003	د ف ع	B003	8	اندفاع إلى غاية أو في حركة
F055	rare	quranic:root_000502:B001	د و ن	B001	47	القرب دون الغاية
F055	rare	quranic:root_000516:B001	ذ ك ر	B001	29	الذكر خلاف الأنثى
F055	rare	quranic:root_000607:B002	ر ه ن	B002	21	ثبوت وإقامة ودوام
F055	rare	quranic:root_000652:B001	ز و ج	B001	20	قرين يضم إلى قرينه
F055	rare	quranic:root_000652:B005	ز و ج	B005	20	أشباه وقرناء يجمعهم شكل أو عمل
F055	rare	quranic:root_000741:B002	س م ع	B002	38	الأذن وموضع السمع
F055	rare	quranic:root_000743:B005	س م م	B005	27	إصلاح يدخل بين المتباينين
F055	rare	quranic:root_000743:B011	س م م	B011	27	وجه مقصود وغور مسبور
F055	rare	quranic:root_000745:B005	س م و	B005	9,36,44	الاسم تنويه ودلالة
F055	rare	quranic:root_000745:B007	س م و	B007	9,36,44	المساماة والمباراة
F055	rare	quranic:root_000766:B002	س و ي	B002	16	استقامة وتمام في الذات
F055	rare	quranic:root_000766:B008	س و ي	B008	16	قصد نحو شخص أو جهة
F055	rare	quranic:root_000832:B002	ش ي ء	B002	21,35,46	تشويه الخلق والوجه
F055	rare	quranic:root_000840:B001	ص ب ر	B001	16,48	حبس النفس عن الجزع
F055	rare	quranic:root_000840:B004	ص ب ر	B004	16,48	أعلى الشيء وجوانبه
F055	rare	quranic:root_000852:B002	ص د ق	B002	34	صلابة الشيء واستواؤه
F055	rare	quranic:root_000880:B003	ص ل ي	B003	16	ملاقاة النار وحرها
F055	rare	quranic:root_001052:B001	ع ن د	B001	37,41	عدول عن الاستقامة وممانعة للحق
F055	rare	quranic:root_001052:B004	ع ن د	B004	37,41	قرب وحضور عند الشيء
F055	rare	quranic:root_001069:B010	ع ي ن	B010	20,48	عين السحاب والمطر
F055	rare	quranic:root_001117:B004	غ ي ب	B004	41	ذكر الإنسان في غيبته
F055	rare	quranic:root_001119:B001	غ ي ر	B001	35,43	الصلاح والمنفعة بالميرة والسقي والإصلاح
F055	rare	quranic:root_001198:B003	ق ب ل	B003	25,26,28	جهة الشيء وعنده
F055	rare	quranic:root_001198:B005	ق ب ل	B005	25,26,28	جهة الصلاة المتوجه إليها
F055	rare	quranic:root_001198:B007	ق ب ل	B007	25,26,28	تلقي الخارج إلى اليد
F055	rare	quranic:root_001198:B009	ق ب ل	B009	25,26,28	جماعة يقبل بعضها على بعض
F055	rare	quranic:root_001198:B011	ق ب ل	B011	25,26,28	إقبال العضو أو العلامة إلى جهة
F055	rare	quranic:root_001198:B013	ق ب ل	B013	25,26,28	طاقة على المقابلة
F055	rare	quranic:root_001272:B006	ق و ل	B006	26,30,31,33,44	اجترار القول إلى النفس
F055	rare	quranic:root_001273:B001	ق و م	B001	32,48	جماعة الناس والرجال
F055	rare	quranic:root_001273:B008	ق و م	B008	32,48	استقامة واعتدال واستواء
F055	rare	quranic:root_001273:B010	ق و م	B010	32,48	قيمة وتقويم وتسعير
F055	rare	quranic:root_001273:B014	ق و م	B014	32,48	مقاومة ومنازلة
F055	rare	quranic:root_001283:B001	ك ت ب	B001	2,41	ضم شيء إلى شيء
F055	rare	quranic:root_001290:B008	ك ذ ب	B008	11,14	النفس الكذوب
F055	rare	quranic:root_001372:B007	ل ق ي	B007	45	ما يلقاه المرء من خير أو شر
F055	rare	quranic:root_001397:B004	م ث ل	B004	34	المثل صفة وخبر
F055	rare	quranic:root_001489:B006	ن ز ع	B006	23	مجاذبة بين طرفين
F055	rare	quranic:root_001564:B007	ن و ر	B007	13,14	النائرة بين القوم
F055	rare	quranic:root_001675:B013	و ق ع	B013	7	الوقيعة في الناس
F056	core	quranic:root_000051:B003	ء م ر	B003	32	الولاية وصاحب السلطان
F056	core	quranic:root_000732:B002	س ل ط	B002	38	السلطان حجة قاهرة
F056	core	quranic:root_000732:B003	س ل ط	B003	38	السلطان قدرة وولاية
F056	core	quranic:root_000840:B012	ص ب ر	B012	16,48	الإقصاص والقود
F056	core	quranic:root_001046:B003	ع م ل	B003	16,19,21	ولاية العمل والقيام عليه
F056	core	quranic:root_001272:B004	ق و ل	B004	26,30,31,33,44	القيل صاحب القول النافذ
F056	core	quranic:root_001273:B004	ق و م	B004	32,48	رعاية وحفظ وولاية
F056	optional	quranic:root_000009:B003	ء ت ي	B003	18,34,38	مأتى الأمر وتهيؤه
F056	optional	quranic:root_000076:B011	ء ل ي	B011	13	الاستطاعة والطاقة
F056	optional	quranic:root_000104:B002	ب ر ر	B002	28	خير وطاعة متسعة
F056	optional	quranic:root_000175:B009	ت ب ع	B009	21	تُبَّع وملوكه
F056	optional	quranic:root_000532:B001	ر ب ب	B001	7,18,29,37,48	ربوبية وملك وسيادة
F056	optional	quranic:root_000582:B004	ر ف ع	B004	5	التقريب والتقديم
F056	optional	quranic:root_000586:B003	ر ق ق	B003	3	الرِّقّ والعبودية
F056	optional	quranic:root_000704:B003	س ط ر	B003	2,37	سيطرة الرقيب المتسلط
F056	optional	quranic:root_000732:B001	س ل ط	B001	38	السلاطة قوة قاهرة مسلطة
F056	optional	quranic:root_000737:B007	س ل م	B007	38	السلام حجارة صلبة
F056	optional	quranic:root_001119:B001	غ ي ر	B001	35,43	الصلاح والمنفعة بالميرة والسقي والإصلاح
F056	optional	quranic:root_001283:B003	ك ت ب	B003	2,41	إثبات يوجب حكما أو قدرا
F056	optional	quranic:root_001283:B004	ك ت ب	B004	2,41	إدخال الاسم في سجل أو زمرة
F056	rare	quranic:root_000047:B001	ء ل ه	B001	27,43	التعبد والمعبود
F056	rare	quranic:root_000047:B002	ء ل ه	B002	27,43	اسم الله في القسم والنداء
F056	rare	quranic:root_000051:B001	ء م ر	B001	32	الشأن والحال
F056	rare	quranic:root_000054:B002	ء م ن	B002	21,33	تصديق يطمئن إليه القلب
F056	rare	quranic:root_000064:B001	ء ه ل	B001	26	جماعة القرب والانتماء
F056	rare	quranic:root_000104:B003	ب ر ر	B003	28	صلة وإحسان ضد العقوق
F056	rare	quranic:root_000104:B008	ب ر ر	B008	28	غلبة وعلو
F056	rare	quranic:root_000121:B002	ب ص ر	B002	15	بصيرة القلب
F056	rare	quranic:root_000166:B002	ب ي ت	B002	4	أهل البيت وعياله
F056	rare	quranic:root_000170:B005	ب ي ن	B005	38	كشف المعنى بالقول أو العلامة
F056	rare	quranic:root_000348:B002	ح ك م	B002	48	الحكم والقضاء بين الناس
F056	rare	quranic:root_000348:B005	ح ك م	B005	48	التفويض والتحكيم
F056	rare	quranic:root_000406:B001	خ ز ن	B001	37	صيانة الشيء وإحرازه
F056	rare	quranic:root_000434:B001	خ ل ق	B001	35,36	تقدير الشيء وقياسه
F056	rare	quranic:root_000477:B009	د ع ع	B009	13	الدعاع عيال صغار
F056	rare	quranic:root_000516:B003	ذ ك ر	B003	29	استحضار الشيء بعد النسيان أو مع الحفظ
F056	rare	quranic:root_000527:B001	ذ و و	B001	14,15,32,47	صاحب الشيء والمنسوب إليه
F056	rare	quranic:root_000532:B011	ر ب ب	B011	7,18,29,37,48	ربابة عهد وميثاق
F056	rare	quranic:root_000610:B001	ر و د	B001	42	الإرادة والمشيئة
F056	rare	quranic:root_000666:B001	س ب ح	B001	43,48,49	العبادة بالتسبيح والصلاة
F056	rare	quranic:root_000680:B006	س ح ب	B006	44	سحبان العلم والمثل
F056	rare	quranic:root_000704:B004	س ط ر	B004	2,37	خط الضرب والقطع
F056	rare	quranic:root_000732:B005	س ل ط	B005	38	السليط زيت يضيء
F056	rare	quranic:root_000737:B001	س ل م	B001	38	السلامة والبراءة من الآفات
F056	rare	quranic:root_000737:B012	س ل م	B012	38	تسليم الشيء وتخليته
F056	rare	quranic:root_000791:B002	ش ر ك	B002	43	الشِّرك بالله
F056	rare	quranic:root_000832:B001	ش ي ء	B001	21,35,46	المشيئة
F056	rare	quranic:root_000840:B003	ص ب ر	B003	16,48	تحمل الكفالة والملازمة
F056	rare	quranic:root_000852:B006	ص د ق	B006	34	صدقة المال والحق
F056	rare	quranic:root_000852:B007	ص د ق	B007	34	صداق المرأة
F056	rare	quranic:root_000957:B005	ط و ف	B005	24	الطائف العاس
F056	rare	quranic:root_001040:B001	ع ل م	B001	47	انكشاف الشيء للعارف
F056	rare	quranic:root_001046:B001	ع م ل	B001	16,19,21	الفعل المقصود والعمل
F056	rare	quranic:root_001046:B004	ع م ل	B004	16,19,21	أجر العمل ورزق العامل
F056	rare	quranic:root_001052:B004	ع ن د	B004	37,41	قرب وحضور عند الشيء
F056	rare	quranic:root_001069:B003	ع ي ن	B003	20,48	عين الحفظ والرعاية
F056	rare	quranic:root_001069:B005	ع ي ن	B005	20,48	العين الجاسوسة
F056	rare	quranic:root_001198:B002	ق ب ل	B002	25,26,28	تقدم الشيء أو إقباله
F056	rare	quranic:root_001272:B002	ق و ل	B002	26,30,31,33,44	اللسان آلة القول
F056	rare	quranic:root_001272:B010	ق و ل	B010	26,30,31,33,44	اقتالة الحكم على غيره
F056	rare	quranic:root_001273:B003	ق و م	B003	32,48	عزم ونهوض إلى الأمر
F056	rare	quranic:root_001307:B005	ك ف ر	B005	42	تبرؤ وتنصل
F056	rare	quranic:root_001315:B001	ك ل ل	B001	21	الكَلال وخلاف الحدة
F056	rare	quranic:root_001315:B002	ك ل ل	B002	21	الكُلّ عيالا وثقلا
F056	rare	quranic:root_001327:B002	ك ه ن	B002	29	الكاهن القائم بأمر الرجل
F056	rare	quranic:root_001332:B003	ك و ن	B003	14,16,19,26,28,34	الكفالة والقيام على فلان
F056	rare	quranic:root_001397:B002	م ث ل	B002	34	المثلة والنكال
F056	rare	quranic:root_001397:B011	م ث ل	B011	34	المثل عبرة وآية
F056	rare	quranic:root_001434:B004	م ع ع	B004	31	عمل في عجل
F056	rare	quranic:root_001503:B009	ن ش ر	B009	3	الكتابة أو الكتاب المنشور
F056	rare	quranic:root_001510:B002	ن ص ر	B002	46	انتصاف المظلوم
F057	core	quranic:root_000666:B001	س ب ح	B001	43,48,49	العبادة بالتسبيح والصلاة
F057	core	quranic:root_000880:B001	ص ل ي	B001	16	الصلاة عبادة لازمة
F057	core	quranic:root_000880:B002	ص ل ي	B002	16	الدعاء والبركة والرحمة
F057	core	quranic:root_001198:B005	ق ب ل	B005	25,26,28	جهة الصلاة المتوجه إليها
F057	optional	quranic:root_000047:B001	ء ل ه	B001	27,43	التعبد والمعبود
F057	optional	quranic:root_000051:B003	ء م ر	B003	32	الولاية وصاحب السلطان
F057	optional	quranic:root_000054:B003	ء م ن	B003	21,33	قول آمين طلبا للاستجابة
F057	optional	quranic:root_000104:B002	ب ر ر	B002	28	خير وطاعة متسعة
F057	optional	quranic:root_000152:B002	ب ل ل	B002	33,36	ندى الخير والصلة
F057	optional	quranic:root_000355:B001	ح م د	B001	48	الحمد خلاف الذم
F057	optional	quranic:root_000458:B002	د ب ر	B002	49	آخر الشيء ومضي عاقبته
F057	optional	quranic:root_000480:B001	د ف ع	B001	8	تنحية الشيء ودفع المكروه
F057	optional	quranic:root_000516:B007	ذ ك ر	B007	29	ذكر المرء شرف وصيت
F057	optional	quranic:root_000607:B002	ر ه ن	B002	21	ثبوت وإقامة ودوام
F057	optional	quranic:root_000666:B002	س ب ح	B002	43,48,49	التنزيه والتبرئة
F057	optional	quranic:root_000880:B008	ص ل ي	B008	16	الصلوات مواضع عبادة
F057	optional	quranic:root_001044:B004	ع م ر	B004	4	القصد إلى الزيارة والنسك
F057	optional	quranic:root_001273:B002	ق و م	B002	32,48	انتصاب وقيام بالبدن
F057	optional	quranic:root_001273:B003	ق و م	B003	32,48	عزم ونهوض إلى الأمر
F057	optional	quranic:root_001273:B006	ق و م	B006	32,48	مقام وإقامة في موضع
F057	optional	quranic:root_001273:B013	ق و م	B013	32,48	قيامة وبعث وقيام الساعة
F057	optional	quranic:root_001307:B005	ك ف ر	B005	42	تبرؤ وتنصل
F057	optional	quranic:root_001397:B005	م ث ل	B005	34	المثول والانتصاب
F057	optional	quranic:root_001604:B005	ه ن ء	B005	19	تهنئة بخير وولاية
F057	optional	quranic:root_001675:B002	و ق ع	B002	7	الواقعة النازلة الشديدة
F057	rare	quranic:root_000043:B010	ء ك ل	B010	19	الإدعاء على الغير والتمكين منه
F057	rare	quranic:root_000047:B002	ء ل ه	B002	27,43	اسم الله في القسم والنداء
F057	rare	quranic:root_000076:B006	ء ل ي	B006	13	الألاء والنعم
F057	rare	quranic:root_000051:B001	ء م ر	B001	32	الشأن والحال
F057	rare	quranic:root_000051:B004	ء م ر	B004	32	النماء والبركة
F057	rare	quranic:root_000051:B005	ء م ر	B005	32	العلامة والموعد
F057	rare	quranic:root_000051:B007	ء م ر	B007	32	المشاورة وتدبير الرأي
F057	rare	quranic:root_000064:B005	ء ه ل	B005	26	تحية السعة والأنس
F057	rare	quranic:root_000478:B001	د ع و	B001	28	النداء والإمالة بالكلام
F057	rare	quranic:root_000478:B002	د ع و	B002	28	ادعاء الحق والانتساب
F057	rare	quranic:root_000478:B004	د ع و	B004	28	الدعاء بالمكروه النازل
F057	rare	quranic:root_000516:B009	ذ ك ر	B009	29	الذكرى والتذكرة ما يذكّر
F057	rare	quranic:root_000531:B005	ر ء ي	B005	44	رياء الناس
F057	rare	quranic:root_000531:B011	ر ء ي	B011	44	راية منصوبة
F057	rare	quranic:root_000531:B013	ر ء ي	B013	44	أرأيتك للتنبيه والاستخبار
F057	rare	quranic:root_000532:B001	ر ب ب	B001	7,18,29,37,48	ربوبية وملك وسيادة
F057	rare	quranic:root_000532:B007	ر ب ب	B007	7,18,29,37,48	لزوم وإقامة ودوام
F057	rare	quranic:root_000552:B001	ر ح م	B001	28	الرَّحْمَة والرقة
F057	rare	quranic:root_000610:B001	ر و د	B001	42	الإرادة والمشيئة
F057	rare	quranic:root_000666:B006	س ب ح	B006	43,48,49	خرز التسبيح
F057	rare	quranic:root_000720:B005	س ق ف	B005	5	الأسقف الرئيس
F057	rare	quranic:root_000737:B007	س ل م	B007	38	السلام حجارة صلبة
F057	rare	quranic:root_000741:B011	س م ع	B011	38	سَمْع لا بَلَغ
F057	rare	quranic:root_000745:B008	س م و	B008	9,36,44	الصيت الحسن المنتشر
F057	rare	quranic:root_000798:B006	ش ع ر	B006	30	علامة مشعرة وشعيرة نسك
F057	rare	quranic:root_000880:B003	ص ل ي	B003	16	ملاقاة النار وحرها
F057	rare	quranic:root_000880:B006	ص ل ي	B006	16	الصَّلا موضع الظهر والذنب
F057	rare	quranic:root_000936:B003	ط غ و	B003	32	الطاغوت رأس الضلالة والطغيان
F057	rare	quranic:root_001040:B002	ع ل م	B002	47	أثر يميز الشيء ويهدي إليه
F057	rare	quranic:root_001046:B001	ع م ل	B001	16,19,21	الفعل المقصود والعمل
F057	rare	quranic:root_001069:B010	ع ي ن	B010	20,48	عين السحاب والمطر
F057	rare	quranic:root_001273:B011	ق و م	B011	32,48	قامة وقوام الجسم والطول
F057	rare	quranic:root_001273:B017	ق و م	B017	32,48	انتصاف النهار وقائم الظهيرة
F057	rare	quranic:root_001327:B003	ك ه ن	B003	29	الكاهنان لقب لقبيلتين
F057	rare	quranic:root_001348:B014	ل ح م	B014	22	النشوب والالتصاق بالقوم أو المكان
F057	rare	quranic:root_001397:B011	م ث ل	B011	34	المثل عبرة وآية
F057	rare	quranic:root_001503:B007	ن ش ر	B007	3	انتشار العروق والعصب
F057	rare	quranic:root_001510:B002	ن ص ر	B002	46	انتصاف المظلوم
F057	rare	quranic:root_001510:B006	ن ص ر	B006	46	النصرانية نسبة وملة
F057	rare	quranic:root_001573:B002	ه ا ء	B002	14,15,32	ها للتنبيه والافتتاح
F058	core	quranic:root_000516:B002	ذ ك ر	B002	29	صلابة الذكر وحدته وشدته
F058	core	quranic:root_000732:B004	س ل ط	B004	38	لسان سليط حاد صخاب
F058	core	quranic:root_000732:B006	س ل ط	B006	38	حدة وطول في الآلة والعضو
F058	core	quranic:root_001315:B001	ك ل ل	B001	21	الكَلال وخلاف الحدة
F058	core	quranic:root_001675:B009	و ق ع	B009	7	حد الحديد وبرى الحجر
F058	optional	quranic:root_000152:B005	ب ل ل	B005	33,36	الأبل في الخصومة والمنع
F058	optional	quranic:root_000299:B007	ح د ث	B007	34	جلاء السيف والقلب بالصقال
F058	optional	quranic:root_000704:B004	س ط ر	B004	2,37	خط الضرب والقطع
F058	optional	quranic:root_000719:B006	س ق ط	B006	44	السيف السَّقّاط وراء الضريبة
F058	optional	quranic:root_000720:B004	س ق ف	B004	5	الطول مع الانحناء
F058	optional	quranic:root_001298:B001	ك س ف	B001	44	قطع شيء من شيء
F058	optional	quranic:root_001315:B008	ك ل ل	B008	21	الكُلْكُل قصر وغلظ
F058	optional	quranic:root_001456:B008	م و ر	B008	9	السيف المائر في الضريبة
F058	rare	quranic:root_000051:B011	ء م ر	B011	32	تسليح القناة بسنان
F058	rare	quranic:root_000121:B006	ب ص ر	B006	15	غلظ الحافة ووصل الشقتين
F058	rare	quranic:root_000217:B002	ج ب ل	B002	10	كثرة كالجبل
F058	rare	quranic:root_000217:B003	ج ب ل	B003	10	غلظ الخلقة والجسم
F058	rare	quranic:root_000369:B007	ح و ر	B007	20	الدوران على محور
F058	rare	quranic:root_000434:B003	خ ل ق	B003	35,36	تمام الخلقة واعتدال الصورة
F058	rare	quranic:root_000446:B003	خ و ض	B003	12	تحريك المخوض في الشراب
F058	rare	quranic:root_000458:B018	د ب ر	B018	49	دبر السهم الهدف
F058	rare	quranic:root_000720:B001	س ق ف	B001	5	السقف العالي
F058	rare	quranic:root_000737:B004	س ل م	B004	38	الصلح والمسالمة ضد الحرب
F058	rare	quranic:root_000737:B011	س ل م	B011	38	السلم دلو بعروة واحدة
F058	rare	quranic:root_000783:B006	ش ر ب	B006	19	شارب الفم ومجاري الحلق
F058	rare	quranic:root_000840:B005	ص ب ر	B005	16,48	حجر غليظ وأرض حصباء
F058	rare	quranic:root_000840:B006	ص ب ر	B006	16,48	الوقوع في شدة لا منفذ منها
F058	rare	quranic:root_000852:B003	ص د ق	B003	34	تمام الصلاح والثبوت
F058	rare	quranic:root_000967:B006	ظ ل م	B006	47	الظليم ذكر النعام
F058	rare	quranic:root_001040:B007	ع ل م	B007	47	ذكر الضباع يسمى العيلام
F058	rare	quranic:root_001103:B004	غ ل م	B004	24	ذَكَر السلاحف
F058	rare	quranic:root_001273:B012	ق و م	B012	32,48	آلة قائمة وجزء قائم
F058	rare	quranic:root_001273:B016	ق و م	B016	32,48	جمود ووقوف وكلال
F058	rare	quranic:root_001307:B002	ك ف ر	B002	42	غمر ساتر
F058	rare	quranic:root_001372:B002	ل ق ي	B002	45	اسم على شكل أو هيئة مخصوصة
F058	rare	quranic:root_001410:B006	م ر ء	B006	21	الرجل المَرِيء المقبول
F058	rare	quranic:root_001434:B005	م ع ع	B005	31	الكون مع الغالب بلا مذهب
F058	rare	quranic:root_001489:B008	ن ز ع	B008	23	ماء ينزع باليد
F058	rare	quranic:root_001675:B004	و ق ع	B004	7	أثر الضرب وصوت الوقوع
F058	rare	quranic:root_001678:B001	و ك ء	B001	20	شد الوكاء وربط الوعاء
F058	rare	quranic:root_001700:B003	ي و م	B003	9,13,45,46	كائنة اليوم وشدته
F059	core	quranic:root_000064:B001	ء ه ل	B001	26	جماعة القرب والانتماء
F059	core	quranic:root_000217:B002	ج ب ل	B002	10	كثرة كالجبل
F059	core	quranic:root_000532:B004	ر ب ب	B004	7,18,29,37,48	ربة وجماعات كثيرة
F059	core	quranic:root_001044:B007	ع م ر	B007	4	الجماعة التي تعمر الموضع
F059	core	quranic:root_001198:B009	ق ب ل	B009	25,26,28	جماعة يقبل بعضها على بعض
F059	core	quranic:root_001273:B001	ق و م	B001	32,48	جماعة الناس والرجال
F059	optional	quranic:root_000156:B003	ب ن ي	B003	39	البِنْية للبيت الحرام ومكة
F059	optional	quranic:root_000166:B002	ب ي ت	B002	4	أهل البيت وعياله
F059	optional	quranic:root_000166:B008	ب ي ت	B008	4	بيت الشرف
F059	optional	quranic:root_000266:B005	ج ن ن	B005	17,29	الجن المستترون
F059	optional	quranic:root_000266:B013	ج ن ن	B013	17,29	سواد الناس وجماعتهم
F059	optional	quranic:root_000652:B002	ز و ج	B002	20	زوج النكاح
F059	optional	quranic:root_000743:B003	س م م	B003	27	خاصّة داخلة في الباطن
F059	optional	quranic:root_000769:B006	س ي ر	B006	10	الجماعة السائرة
F059	optional	quranic:root_000783:B003	ش ر ب	B003	19	جماعة الشرب والمشارب
F059	optional	quranic:root_000957:B004	ط و ف	B004	24	الطائفة الملتفة
F059	optional	quranic:root_001069:B015	ع ي ن	B015	20,48	أعيان القوم والإخوة
F059	optional	quranic:root_001315:B009	ك ل ل	B009	21	الكلاكل جماعات
F059	rare	quranic:root_000015:B001	ء ج ر	B001	40	جزاء العمل والكراء
F059	rare	quranic:root_000025:B012	ء ر ض	B012	36	المأروض المخبول من أهل الأرض
F059	rare	quranic:root_000043:B004	ء ك ل	B004	19	استهلاك المال وأخذه
F059	rare	quranic:root_000043:B009	ء ك ل	B009	19	الإفساد والنميمة بين الناس
F059	rare	quranic:root_000043:B011	ء ك ل	B011	19	قلة الجماعة بقدر رأس
F059	rare	quranic:root_000051:B004	ء م ر	B004	32	النماء والبركة
F059	rare	quranic:root_000051:B005	ء م ر	B005	32	العلامة والموعد
F059	rare	quranic:root_000064:B002	ء ه ل	B002	26	اتخاذ الأهل بالزواج
F059	rare	quranic:root_000064:B004	ء ه ل	B004	26	أنس المكان والعمران
F059	rare	quranic:root_000064:B006	ء ه ل	B006	26	الإهالة المذابة
F059	rare	quranic:root_000156:B006	ب ن ي	B006	39	بناء الرجل على أهله ودخوله بها
F059	rare	quranic:root_000166:B001	ب ي ت	B001	4	المأوى والمسكن
F059	rare	quranic:root_000166:B010	ب ي ت	B010	4	بيت الزواج
F059	rare	quranic:root_000170:B001	ب ي ن	B001	38	انفصال الشيء وافتراقه
F059	rare	quranic:root_000175:B008	ت ب ع	B008	21	التابع الحسي
F059	rare	quranic:root_000175:B010	ت ب ع	B010	21	الجنية التابعة
F059	rare	quranic:root_000217:B005	ج ب ل	B005	10	صلابة توقف الحفر
F059	rare	quranic:root_000217:B012	ج ب ل	B012	10	سادات كالجِبال
F059	rare	quranic:root_000266:B008	ج ن ن	B008	17,29	الجُنّة الواقية
F059	rare	quranic:root_000266:B012	ج ن ن	B012	17,29	الجان حية
F059	rare	quranic:root_000299:B002	ح د ث	B002	34	طراوة السن وقرب العهد
F059	rare	quranic:root_000369:B001	ح و ر	B001	20	حَوَر العين
F059	rare	quranic:root_000458:B012	د ب ر	B012	49	الدبور ريح من خلف الكعبة
F059	rare	quranic:root_000458:B013	د ب ر	B013	49	الدبران تابع الثريا
F059	rare	quranic:root_000458:B014	د ب ر	B014	49	الدبر جماعة النحل والزنابير
F059	rare	quranic:root_000458:B016	د ب ر	B016	49	الدبر مال كثير باق
F059	rare	quranic:root_000477:B009	د ع ع	B009	13	الدعاع عيال صغار
F059	rare	quranic:root_000480:B005	د ف ع	B005	8	دفاع السيل والموج والكثرة المتدافعة
F059	rare	quranic:root_000502:B005	د و ن	B005	47	تدوين الدواوين
F059	rare	quranic:root_000511:B001	ذ ر ر	B001	21	صغر الذر وانتشاره
F059	rare	quranic:root_000516:B007	ذ ك ر	B007	29	ذكر المرء شرف وصيت
F059	rare	quranic:root_000527:B002	ذ و و	B002	14,15,32,47	ذو بمعنى الذي
F059	rare	quranic:root_000531:B005	ر ء ي	B005	44	رياء الناس
F059	rare	quranic:root_000531:B008	ر ء ي	B008	44	رئي من الجن
F059	rare	quranic:root_000532:B006	ر ب ب	B006	7,18,29,37,48	رُبّ خاثر وإصلاح به
F059	rare	quranic:root_000532:B011	ر ب ب	B011	7,18,29,37,48	ربابة عهد وميثاق
F059	rare	quranic:root_000532:B013	ر ب ب	B013	7,18,29,37,48	ماء رَبَب كثير
F059	rare	quranic:root_000552:B002	ر ح م	B002	28	الرَّحِم والقرابة
F059	rare	quranic:root_000582:B002	ر ف ع	B002	5	علو القدر
F059	rare	quranic:root_000610:B005	ر و د	B005	42	الرفق والمهل
F059	rare	quranic:root_000652:B005	ز و ج	B005	20	أشباه وقرناء يجمعهم شكل أو عمل
F059	rare	quranic:root_000682:B002	س ح ر	B002	15	السِّحر صرف وخداع
F059	rare	quranic:root_000704:B003	س ط ر	B003	2,37	سيطرة الرقيب المتسلط
F059	rare	quranic:root_000720:B001	س ق ف	B001	5	السقف العالي
F059	rare	quranic:root_000732:B005	س ل ط	B005	38	السليط زيت يضيء
F059	rare	quranic:root_000741:B005	س م ع	B005	38	الصيت والشيوع بين الناس
F059	rare	quranic:root_000743:B005	س م م	B005	27	إصلاح يدخل بين المتباينين
F059	rare	quranic:root_000743:B008	س م م	B008	27	أسماء السمسم والخفة
F059	rare	quranic:root_000745:B001	س م و	B001	9,36,44	العلو والارتفاع
F059	rare	quranic:root_000745:B006	س م و	B006	9,36,44	الخروج للصيد
F059	rare	quranic:root_000783:B001	ش ر ب	B001	19	تناول المائع
F059	rare	quranic:root_000783:B004	ش ر ب	B004	19	موضع الشرب وآلته
F059	rare	quranic:root_000783:B005	ش ر ب	B005	19	ماء يشرب مع كراهة
F059	rare	quranic:root_000791:B003	ش ر ك	B003	43	شِرك المصاهرة
F059	rare	quranic:root_000840:B017	ص ب ر	B017	16,48	الجبل ووسطه
F059	rare	quranic:root_000880:B008	ص ل ي	B008	16	الصلوات مواضع عبادة
F059	rare	quranic:root_000936:B003	ط غ و	B003	32	الطاغوت رأس الضلالة والطغيان
F059	rare	quranic:root_000936:B008	ط غ و	B008	32	طغي القوم صوتهم
F059	rare	quranic:root_000937:B003	ط غ ي	B003	32	الطاغوت رأس الضلالة
F059	rare	quranic:root_000955:B005	ط و ر	B005	1	الطور جبلا أو علما على جبل
F059	rare	quranic:root_000957:B003	ط و ف	B003	24	الطائف العارض
F059	rare	quranic:root_001040:B005	ع ل م	B005	47	ماء كثير مجتمع في عيلم
F059	rare	quranic:root_001046:B001	ع م ل	B001	16,19,21	الفعل المقصود والعمل
F059	rare	quranic:root_001046:B004	ع م ل	B004	16,19,21	أجر العمل ورزق العامل
F059	rare	quranic:root_001046:B006	ع م ل	B006	16,19,21	العملة العاملون بالأيدي
F059	rare	quranic:root_001046:B008	ع م ل	B008	16,19,21	المطبوع على العمل
F059	rare	quranic:root_001046:B012	ع م ل	B012	16,19,21	بنو العمل من المشاة
F059	rare	quranic:root_001069:B017	ع ي ن	B017	20,48	العين بمعنى الناس الحاضرون
F059	rare	quranic:root_001103:B001	غ ل م	B001	24	حداثة الغلام
F059	rare	quranic:root_001119:B004	غ ي ر	B004	35,43	الغَيْرة على الأهل
F059	rare	quranic:root_001198:B008	ق ب ل	B008	25,26,28	ضمان الشيء والتكفل به
F059	rare	quranic:root_001198:B012	ق ب ل	B012	25,26,28	ريح تقابل الدبور
F059	rare	quranic:root_001198:B014	ق ب ل	B014	25,26,28	سقي على أفواه الإبل
F059	rare	quranic:root_001272:B004	ق و ل	B004	26,30,31,33,44	القيل صاحب القول النافذ
F059	rare	quranic:root_001277:B001	ك ء س	B001	23	الكأس بما فيها
F059	rare	quranic:root_001283:B001	ك ت ب	B001	2,41	ضم شيء إلى شيء
F059	rare	quranic:root_001286:B001	ك ث ر	B001	47	الكثرة ونماء العدد
F059	rare	quranic:root_001286:B002	ك ث ر	B002	47	المكاثرة والغلبة بالعدد
F059	rare	quranic:root_001286:B003	ك ث ر	B003	47	كثرة في صاحب أو كلام أو مطالب
F059	rare	quranic:root_001286:B007	ك ث ر	B007	47	الكمثرة اجتماع الشيء
F059	rare	quranic:root_001296:B004	ك س ب	B004	21	الكُسب عصارة الدهن
F059	rare	quranic:root_001307:B011	ك ف ر	B011	42	كافور طيب
F059	rare	quranic:root_001307:B013	ك ف ر	B013	42	ثنية مستورة
F059	rare	quranic:root_001315:B002	ك ل ل	B002	21	الكُلّ عيالا وثقلا
F059	rare	quranic:root_001315:B004	ك ل ل	B004	21	الكَلالة قرابة عارضة
F059	rare	quranic:root_001324:B003	ك ن ن	B003	24	الدخول في الكِنّ والاستتار
F059	rare	quranic:root_001324:B007	ك ن ن	B007	24	الكَانُون المستر
F059	rare	quranic:root_001327:B003	ك ه ن	B003	29	الكاهنان لقب لقبيلتين
F059	rare	quranic:root_001348:B007	ل ح م	B007	22	لحمة النسب والولاء
F059	rare	quranic:root_001358:B003	ل ع ب	B003	12	لعاب الحيوان الخارج منه
F059	rare	quranic:root_001397:B011	م ث ل	B011	34	المثل عبرة وآية
F059	rare	quranic:root_001434:B004	م ع ع	B004	31	عمل في عجل
F059	rare	quranic:root_001489:B011	ن ز ع	B011	23	طيب مقطع الشراب
F059	rare	quranic:root_001564:B001	ن و ر	B001	13,14	الضياء والإضاءة
F059	rare	quranic:root_001604:B002	ه ن ء	B002	19	الهنء عطاء وكفاية
F059	rare	quranic:root_001675:B010	و ق ع	B010	7	أثر الدبر والركوب
F059	rare	quranic:root_001675:B013	و ق ع	B013	7	الوقيعة في الناس
F060	core	quranic:root_000936:B001	ط غ و	B001	32	مجاوزة الحد في العصيان
F060	core	quranic:root_000936:B002	ط غ و	B002	32	طغيان الماء وما يجري مجراه
F060	core	quranic:root_000936:B004	ط غ و	B004	32	الطاغية المتجبر
F060	core	quranic:root_000936:B005	ط غ و	B005	32	الطاغية عقوبة غالبة
F060	core	quranic:root_000936:B006	ط غ و	B006	32	الطغية الصفاة أو الموضع المرتفع
F060	core	quranic:root_000936:B007	ط غ و	B007	32	الطغية نبذة من الشيء
F060	core	quranic:root_000937:B001	ط غ ي	B001	32	مجاوزة الحد في العصيان
F060	core	quranic:root_000937:B002	ط غ ي	B002	32	علو الماء والقوة الجارفة
F060	core	quranic:root_000937:B005	ط غ ي	B005	32	الطغية الصفاة الملساء
F060	core	quranic:root_001052:B001	ع ن د	B001	37,41	عدول عن الاستقامة وممانعة للحق
F060	optional	quranic:root_000266:B014	ج ن ن	B014	17,29	جن الشيء في بدايته
F060	optional	quranic:root_000864:B002	ص ع ق	B002	45	الصاعقة الهدة العلوية
F060	optional	quranic:root_000936:B008	ط غ و	B008	32	طغي القوم صوتهم
F060	optional	quranic:root_000955:B003	ط و ر	B003	1	الحد الذي يوقف عنده أو يتجاوز
F060	optional	quranic:root_000957:B002	ط و ف	B002	24	الطوفان المحيط
F060	optional	quranic:root_001307:B007	ك ف ر	B007	42	إلجاء إلى العصيان
F060	optional	quranic:root_001675:B016	و ق ع	B016	7	المكان المرتفع والسحاب الواقع
F060	rare	quranic:root_000076:B001	ء ل ي	B001	13	الغاية والانتهاء
F060	rare	quranic:root_000051:B001	ء م ر	B001	32	الشأن والحال
F060	rare	quranic:root_000086:B001	ب ح ر	B001	6	الماء الواسع الكثير
F060	rare	quranic:root_000086:B004	ب ح ر	B004	6	الملوحة
F060	rare	quranic:root_000086:B008	ب ح ر	B008	6	الدهش والتحير
F060	rare	quranic:root_000133:B001	ب ع ض	B001	25	تجزئة الشيء وطائفته
F060	rare	quranic:root_000152:B005	ب ل ل	B005	33,36	الأبل في الخصومة والمنع
F060	rare	quranic:root_000352:B003	ح ل م	B003	32	بلوغ الحلم
F060	rare	quranic:root_000434:B008	خ ل ق	B008	35,36	ملاسة السطح واستواؤه
F060	rare	quranic:root_000458:B001	د ب ر	B001	49	خلف الشيء ودبره
F060	rare	quranic:root_000480:B007	د ف ع	B007	8	المدفع الذي يدفعه الناس عن أنفسهم
F060	rare	quranic:root_000502:B001	د و ن	B001	47	القرب دون الغاية
F060	rare	quranic:root_000652:B004	ز و ج	B004	20	لون أو صنف من أصناف الشيء
F060	rare	quranic:root_000676:B001	س ج ر	B001	6	الامتلاء بالماء وما يجري مجراه
F060	rare	quranic:root_000766:B004	س و ي	B004	16	إقبال وقصد إلى جهة
F060	rare	quranic:root_000766:B005	س و ي	B005	16	بلوغ وتمام الشباب
F060	rare	quranic:root_000831:B001	ش ي ء	B001	21,35,46	الشيء المعلوم المخبر عنه
F060	rare	quranic:root_000840:B005	ص ب ر	B005	16,48	حجر غليظ وأرض حصباء
F060	rare	quranic:root_000840:B017	ص ب ر	B017	16,48	الجبل ووسطه
F060	rare	quranic:root_000864:B003	ص ع ق	B003	45	المصعوق المذهول أو الميت
F060	rare	quranic:root_000871:B005	ص ف ف	B005	20	الأرض الصفصف
F060	rare	quranic:root_000936:B003	ط غ و	B003	32	الطاغوت رأس الضلالة والطغيان
F060	rare	quranic:root_000936:B009	ط غ و	B009	32	الطغيا الصغير من بقر الوحش
F060	rare	quranic:root_000937:B003	ط غ ي	B003	32	الطاغوت رأس الضلالة
F060	rare	quranic:root_000955:B002	ط و ر	B002	1	الدنو من حريم الشيء وما حوله
F060	rare	quranic:root_000957:B004	ط و ف	B004	24	الطائفة الملتفة
F060	rare	quranic:root_000957:B007	ط و ف	B007	24	الطَّوْف كناية العذرة
F060	rare	quranic:root_000967:B003	ظ ل م	B003	47	الظلامة وطلب الإنصاف
F060	rare	quranic:root_000967:B007	ظ ل م	B007	47	شجر الظلام المتجاوز
F060	rare	quranic:root_000994:B005	ع ذ ب	B005	7,18,27,47	العذاب إيلام وعقوبة
F060	rare	quranic:root_001081:B003	غ ر م	B003	40	غرام العذاب اللازم
F060	rare	quranic:root_001119:B003	غ ي ر	B003	35,43	تغيير الصورة أو إبدال الشيء بغيره
F060	rare	quranic:root_001198:B003	ق ب ل	B003	25,26,28	جهة الشيء وعنده
F060	rare	quranic:root_001272:B016	ق و ل	B016	26,30,31,33,44	قول الشيء حده
F060	rare	quranic:root_001273:B008	ق و م	B008	32,48	استقامة واعتدال واستواء
F060	rare	quranic:root_001298:B004	ك س ف	B004	44	قطعة منفصلة من جسم أو سماء
F060	rare	quranic:root_001315:B003	ك ل ل	B003	21	الكُلّ إحاطة وتماما
F060	rare	quranic:root_001334:B001	ك ي د	B001	42,46	معالجة الشيء بشدة
F060	rare	quranic:root_001361:B005	ل غ و	B005	23	الميل عن الصواب
F060	rare	quranic:root_001361:B006	ل غ و	B006	23	الخيبة وإيقاعها بالفشل
F060	rare	quranic:root_001392:B001	ل ي ل	B001	49	الليل خلاف النهار وظلمته
F060	rare	quranic:root_001407:B003	م د د	B003	22	ماء يجري ويمتلئ ويمده ماء آخر
F061	core	quranic:root_000121:B006	ب ص ر	B006	15	غلظ الحافة ووصل الشقتين
F061	core	quranic:root_000352:B004	ح ل م	B004	32	تثقب الجلد وفساده بالحلم
F061	core	quranic:root_000369:B004	ح و ر	B004	20	الجلد الحَوَر
F061	core	quranic:root_000586:B001	ر ق ق	B001	3	الرِّقّة واللِّين
F061	core	quranic:root_000743:B001	س م م	B001	27	ثقب ضيق يدخل منه الشيء
F061	core	quranic:root_001069:B007	ع ي ن	B007	20,48	عين الجلد والسقاء
F061	core	quranic:root_001283:B001	ك ت ب	B001	2,41	ضم شيء إلى شيء
F061	core	quranic:root_001678:B001	و ك ء	B001	20	شد الوكاء وربط الوعاء
F061	optional	quranic:root_000043:B006	ء ك ل	B006	19	التآكل والفساد والحكة
F061	optional	quranic:root_000217:B003	ج ب ل	B003	10	غلظ الخلقة والجسم
F061	optional	quranic:root_000434:B001	خ ل ق	B001	35,36	تقدير الشيء وقياسه
F061	optional	quranic:root_000586:B002	ر ق ق	B002	3	الرَّقّ المكتوب
F061	optional	quranic:root_000586:B004	ر ق ق	B004	3	الأرض الرقيقة اللينة
F061	optional	quranic:root_000769:B003	س ي ر	B003	10	السير من الجلد
F061	optional	quranic:root_000840:B005	ص ب ر	B005	16,48	حجر غليظ وأرض حصباء
F061	optional	quranic:root_000967:B005	ظ ل م	B005	47	ماء الأسنان وبريق الثغر
F061	rare	quranic:root_000025:B010	ء ر ض	B010	36	الأَرَضَة آكلة الخشب
F061	rare	quranic:root_000086:B007	ب ح ر	B007	6	العمق والحمرة الخالصة
F061	rare	quranic:root_000121:B007	ب ص ر	B007	15	حجارة بصرة رخوة
F061	rare	quranic:root_000152:B001	ب ل ل	B001	33,36	البلل والندى
F061	rare	quranic:root_000166:B004	ب ي ت	B004	4	عمل الليل وتدبيره
F061	rare	quranic:root_000166:B006	ب ي ت	B006	4	شيء بات ليلة
F061	rare	quranic:root_000170:B007	ب ي ن	B007	38	قطعة أرض تمتد في النظر
F061	rare	quranic:root_000348:B002	ح ك م	B002	48	الحكم والقضاء بين الناس
F061	rare	quranic:root_000434:B011	خ ل ق	B011	35,36	نقرة أو بئر تمسك الماء
F061	rare	quranic:root_000458:B002	د ب ر	B002	49	آخر الشيء ومضي عاقبته
F061	rare	quranic:root_000458:B017	د ب ر	B017	49	دبرة الظهر وقرح البعير
F061	rare	quranic:root_000552:B001	ر ح م	B001	28	الرَّحْمَة والرقة
F061	rare	quranic:root_000582:B004	ر ف ع	B004	5	التقريب والتقديم
F061	rare	quranic:root_000666:B007	س ب ح	B007	43,48,49	سباح الجلود والكساء
F061	rare	quranic:root_000682:B001	س ح ر	B001	15	السَّحَر العضو
F061	rare	quranic:root_000737:B008	س ل م	B008	38	السلم شجر وقرظ للدباغة
F061	rare	quranic:root_000741:B002	س م ع	B002	38	الأذن وموضع السمع
F061	rare	quranic:root_000743:B002	س م م	B002	27	سم يدخل البدن
F061	rare	quranic:root_000769:B004	س ي ر	B004	10	الخطوط كالسيور
F061	rare	quranic:root_000783:B006	ش ر ب	B006	19	شارب الفم ومجاري الحلق
F061	rare	quranic:root_000783:B013	ش ر ب	B013	19	تطييب القربة وتشريبها
F061	rare	quranic:root_000791:B004	ش ر ك	B004	43	شِراك النعل
F061	rare	quranic:root_000798:B004	ش ع ر	B004	30	شعار يلاصق الجسد
F061	rare	quranic:root_000803:B001	ش ف ق	B001	26	رقة الشيء ورداءته أو قلته
F061	rare	quranic:root_000831:B004	ش ي ء	B004	21,35,46	تشويه الخلق وقبحه
F061	rare	quranic:root_000957:B009	ط و ف	B009	24	طَوْف الرقبة
F061	rare	quranic:root_001040:B004	ع ل م	B004	47	شق ظاهر في الشفة العليا
F061	rare	quranic:root_001044:B009	ع م ر	B009	4	لحم أو عظم يملأ ما بين الأسنان والفم
F061	rare	quranic:root_001052:B004	ع ن د	B004	37,41	قرب وحضور عند الشيء
F061	rare	quranic:root_001198:B002	ق ب ل	B002	25,26,28	تقدم الشيء أو إقباله
F061	rare	quranic:root_001273:B012	ق و م	B012	32,48	آلة قائمة وجزء قائم
F061	rare	quranic:root_001273:B020	ق و م	B020	32,48	قوام في قوائم الشاة
F061	rare	quranic:root_001283:B003	ك ت ب	B003	2,41	إثبات يوجب حكما أو قدرا
F061	rare	quranic:root_001298:B004	ك س ف	B004	44	قطعة منفصلة من جسم أو سماء
F061	rare	quranic:root_001315:B008	ك ل ل	B008	21	الكُلْكُل قصر وغلظ
F061	rare	quranic:root_001315:B011	ك ل ل	B011	21	الانكلال تبسما ولمعا
F061	rare	quranic:root_001337:B002	ل ء ل ء	B002	24	بريق يتلألأ
F061	rare	quranic:root_001348:B006	ل ح م	B006	22	لحمة الثوب والنسيج
F061	rare	quranic:root_001372:B001	ل ق ي	B001	45	عوج يأخذ الوجه
F061	rare	quranic:root_001392:B001	ل ي ل	B001	49	الليل خلاف النهار وظلمته
F061	rare	quranic:root_001392:B002	ل ي ل	B002	49	مزاولة الأمر في الليل
F061	rare	quranic:root_001409:B004	م ر ء	B004	21	المريء
F061	rare	quranic:root_001503:B001	ن ش ر	B001	3	فتح الشيء وبسطه وتشعبه
F061	rare	quranic:root_001525:B002	ن ع م	B002	17,29	اللين والنعومة ورفاه العيش
F061	rare	quranic:root_001675:B010	و ق ع	B010	7	أثر الدبر والركوب
F062	core	quranic:root_000009:B002	ء ت ي	B002	18,34,38	الإيتاء والإعطاء
F062	core	quranic:root_000076:B012	ء ل ي	B012	13	العطية
F062	core	quranic:root_001510:B005	ن ص ر	B005	46	النصر عطاء
F062	core	quranic:root_001604:B002	ه ن ء	B002	19	الهنء عطاء وكفاية
F062	optional	quranic:root_000009:B001	ء ت ي	B001	18,34,38	الإتيان والمجيء
F062	optional	quranic:root_000009:B011	ء ت ي	B011	18,34,38	إتيان البلاء والهلاك
F062	optional	quranic:root_000104:B002	ب ر ر	B002	28	خير وطاعة متسعة
F062	optional	quranic:root_000152:B002	ب ل ل	B002	33,36	ندى الخير والصلة
F062	optional	quranic:root_000741:B011	س م ع	B011	38	سَمْع لا بَلَغ
F062	optional	quranic:root_001044:B008	ع م ر	B008	4	عطية مربوطة بمدة الحياة
F062	optional	quranic:root_001119:B001	غ ي ر	B001	35,43	الصلاح والمنفعة بالميرة والسقي والإصلاح
F062	optional	quranic:root_001449:B003	م ن ن	B003	27,30	إثقال المنعم عليه بنعمة أو تذكيرها
F062	optional	quranic:root_001510:B003	ن ص ر	B003	46	إتيان البلد
F062	optional	quranic:root_001525:B001	ن ع م	B001	17,29	حسن الحال والنعمة
F062	optional	quranic:root_001573:B001	ه ا ء	B001	14,15,32	ها للمناولة والأخذ
F062	rare	quranic:root_000009:B003	ء ت ي	B003	18,34,38	مأتى الأمر وتهيؤه
F062	rare	quranic:root_000009:B005	ء ت ي	B005	18,34,38	السيل الآتي من غير البلد
F062	rare	quranic:root_000025:B007	ء ر ض	B007	36	التعرض والتصدي
F062	rare	quranic:root_000025:B011	ء ر ض	B011	36	فساد القرحة بالمدة
F062	rare	quranic:root_000043:B003	ء ك ل	B003	19	النصيب والرزق المطعوم
F062	rare	quranic:root_000043:B004	ء ك ل	B004	19	استهلاك المال وأخذه
F062	rare	quranic:root_000044:B001	ء ل ت	B001	21	النقصان
F062	rare	quranic:root_000076:B013	ء ل ي	B013	13	الإبطاء والاحتباس
F062	rare	quranic:root_000051:B002	ء م ر	B002	32	الطلب والإلزام
F062	rare	quranic:root_000051:B005	ء م ر	B005	32	العلامة والموعد
F062	rare	quranic:root_000104:B003	ب ر ر	B003	28	صلة وإحسان ضد العقوق
F062	rare	quranic:root_000166:B004	ب ي ت	B004	4	عمل الليل وتدبيره
F062	rare	quranic:root_000170:B003	ب ي ن	B003	38	الوصلة القائمة بين الأطراف
F062	rare	quranic:root_000175:B003	ت ب ع	B003	21	التقصي أثرا بعد أثر
F062	rare	quranic:root_000244:B002	ج ز ي	B002	16	قيام الشيء مقام غيره
F062	rare	quranic:root_000355:B005	ح م د	B005	48	يتحمد بالمنة
F062	rare	quranic:root_000369:B009	ح و ر	B009	20	الهلكة والكساد
F062	rare	quranic:root_000382:B001	ح ي ن	B001	48	وقت الشيء وأوانه
F062	rare	quranic:root_000382:B002	ح ي ن	B002	48	حلول الهلاك أو نازلته
F062	rare	quranic:root_000458:B006	د ب ر	B006	49	تدبير الأمر والنظر في عاقبته
F062	rare	quranic:root_000477:B009	د ع ع	B009	13	الدعاع عيال صغار
F062	rare	quranic:root_000478:B004	د ع و	B004	28	الدعاء بالمكروه النازل
F062	rare	quranic:root_000480:B002	د ف ع	B002	8	دفع الشيء إلى غيره بمعنى إيصاله وإعطائه
F062	rare	quranic:root_000502:B004	د و ن	B004	47	الإغراء بالتناول
F062	rare	quranic:root_000527:B003	ذ و و	B003	14,15,32,47	ذا للإشارة
F062	rare	quranic:root_000531:B002	ر ء ي	B002	44	رأي القلب والتفكر
F062	rare	quranic:root_000532:B002	ر ب ب	B002	7,18,29,37,48	إصلاح وتربية وإتمام
F062	rare	quranic:root_000532:B015	ر ب ب	B015	7,18,29,37,48	حرف رب وربما
F062	rare	quranic:root_000552:B001	ر ح م	B001	28	الرَّحْمَة والرقة
F062	rare	quranic:root_000552:B002	ر ح م	B002	28	الرَّحِم والقرابة
F062	rare	quranic:root_000680:B003	س ح ب	B003	44	التسحب على الغير
F062	rare	quranic:root_000743:B011	س م م	B011	27	وجه مقصود وغور مسبور
F062	rare	quranic:root_000766:B004	س و ي	B004	16	إقبال وقصد إلى جهة
F062	rare	quranic:root_000769:B001	س ي ر	B001	10	المضي والجريان
F062	rare	quranic:root_000791:B001	ش ر ك	B001	43	الشَّرِكة والمشاركة
F062	rare	quranic:root_000852:B005	ص د ق	B005	34	صدق المودة والصحبة
F062	rare	quranic:root_000864:B003	ص ع ق	B003	45	المصعوق المذهول أو الميت
F062	rare	quranic:root_001044:B001	ع م ر	B001	4	امتداد الحياة في الزمن
F062	rare	quranic:root_001046:B001	ع م ل	B001	16,19,21	الفعل المقصود والعمل
F062	rare	quranic:root_001052:B006	ع ن د	B006	37,41	إغراء عندك بالأخذ
F062	rare	quranic:root_001069:B015	ع ي ن	B015	20,48	أعيان القوم والإخوة
F062	rare	quranic:root_001110:B002	غ ن ي	B002	46	الغَناء والكفاية
F062	rare	quranic:root_001273:B003	ق و م	B003	32,48	عزم ونهوض إلى الأمر
F062	rare	quranic:root_001290:B003	ك ذ ب	B003	11,14	كذب عليك بمعنى الزم وعليك به
F062	rare	quranic:root_001296:B001	ك س ب	B001	21	طلب الرزق والنفع وإصابته
F062	rare	quranic:root_001307:B004	ك ف ر	B004	42	ستر النعمة
F062	rare	quranic:root_001315:B004	ك ل ل	B004	21	الكَلالة قرابة عارضة
F062	rare	quranic:root_001372:B011	ل ق ي	B011	45	تلقي الكلام أخذا وتلقينا
F062	rare	quranic:root_001392:B002	ل ي ل	B002	49	مزاولة الأمر في الليل
F062	rare	quranic:root_001407:B004	م د د	B004	22	أجل أو زمن يطال ويمتد
F062	rare	quranic:root_001407:B007	م د د	B007	22	جرح تمتد فيه مدة من قيح
F062	rare	quranic:root_001489:B016	ن ز ع	B016	23	سياق الموت
F062	rare	quranic:root_001573:B002	ه ا ء	B002	14,15,32	ها للتنبيه والافتتاح
F062	rare	quranic:root_001675:B012	و ق ع	B012	7	توقع الأمر ورمي الظن
F062	rare	quranic:root_001689:B001	و ي ل	B001	11	وقوع الشر والهلاك
F062	rare	quranic:root_001700:B002	ي و م	B002	9,13,45,46	مدة من الزمان
F063	core	quranic:root_000076:B006	ء ل ي	B006	13	الألاء والنعم
F063	core	quranic:root_000175:B007	ت ب ع	B007	21	ولد البقرة التابع لها
F063	core	quranic:root_000532:B014	ر ب ب	B014	7,18,29,37,48	رَبْرَب قطيع
F063	core	quranic:root_001449:B003	م ن ن	B003	27,30	إثقال المنعم عليه بنعمة أو تذكيرها
F063	core	quranic:root_001525:B001	ن ع م	B001	17,29	حسن الحال والنعمة
F063	core	quranic:root_001525:B002	ن ع م	B002	17,29	اللين والنعومة ورفاه العيش
F063	core	quranic:root_001525:B005	ن ع م	B005	17,29	مال الأنعام والإبل
F063	core	quranic:root_001525:B010	ن ع م	B010	17,29	زاد وأنعم في الفعل
F063	optional	quranic:root_000043:B003	ء ك ل	B003	19	النصيب والرزق المطعوم
F063	optional	quranic:root_000051:B004	ء م ر	B004	32	النماء والبركة
F063	optional	quranic:root_000051:B009	ء م ر	B009	32	ولد الضأن الصغير
F063	optional	quranic:root_000054:B002	ء م ن	B002	21,33	تصديق يطمئن إليه القلب
F063	optional	quranic:root_000104:B002	ب ر ر	B002	28	خير وطاعة متسعة
F063	optional	quranic:root_000104:B004	ب ر ر	B004	28	صوت وجلبة باللسان
F063	optional	quranic:root_000152:B005	ب ل ل	B005	33,36	الأبل في الخصومة والمنع
F063	optional	quranic:root_000175:B012	ت ب ع	B012	21	الإحكام والتناسب
F063	optional	quranic:root_000480:B011	د ف ع	B011	8	دافع الأمر إذا أولع به وانهمك
F063	optional	quranic:root_000527:B003	ذ و و	B003	14,15,32,47	ذا للإشارة
F063	optional	quranic:root_000586:B001	ر ق ق	B001	3	الرِّقّة واللِّين
F063	optional	quranic:root_000745:B006	س م و	B006	9,36,44	الخروج للصيد
F063	optional	quranic:root_000783:B003	ش ر ب	B003	19	جماعة الشرب والمشارب
F063	optional	quranic:root_000852:B004	ص د ق	B004	34	تحقيق الوعد والفعل
F063	optional	quranic:root_000936:B009	ط غ و	B009	32	الطغيا الصغير من بقر الوحش
F063	optional	quranic:root_000937:B005	ط غ ي	B005	32	الطغية الصفاة الملساء
F063	optional	quranic:root_000955:B006	ط و ر	B006	1	التوحش والخروج عن حد الأنس
F063	optional	quranic:root_000967:B006	ظ ل م	B006	47	الظليم ذكر النعام
F063	optional	quranic:root_001040:B007	ع ل م	B007	47	ذكر الضباع يسمى العيلام
F063	optional	quranic:root_001046:B001	ع م ل	B001	16,19,21	الفعل المقصود والعمل
F063	optional	quranic:root_001069:B016	ع ي ن	B016	20,48	سعة العين وحسنها
F063	optional	quranic:root_001174:B001	ف ك ه	B001	18,22	طيب النفس والنعيم المستطاب
F063	optional	quranic:root_001198:B014	ق ب ل	B014	25,26,28	سقي على أفواه الإبل
F063	optional	quranic:root_001273:B009	ق و م	B009	32,48	قوام وعماد ومعاش
F063	optional	quranic:root_001290:B005	ك ذ ب	B005	11,14	ما كذب أن فعل أي ما لبث
F063	optional	quranic:root_001409:B003	م ر ء	B003	21	الطعام المريء
F063	optional	quranic:root_001410:B004	م ر ء	B004	21	الطعم والإطعام في مناسبة
F063	optional	quranic:root_001409:B005	م ر ء	B005	21	الطعم والإطعام
F063	optional	quranic:root_001503:B006	ن ش ر	B006	3	انتشار الغنم للرعي ليلا
F063	optional	quranic:root_001525:B004	ن ع م	B004	17,29	الجواب بنعم والتصديق
F063	optional	quranic:root_001525:B006	ن ع م	B006	17,29	النعام والنعامة الطائر
F063	optional	quranic:root_001525:B012	ن ع م	B012	17,29	المشي على القدم وابتذالها
F063	optional	quranic:root_001604:B001	ه ن ء	B001	19	هناءة بلا مشقة ولا وخامة
F063	optional	quranic:root_001675:B007	و ق ع	B007	7	ربوض الدواب والإبل
F064	core	quranic:root_000009:B003	ء ت ي	B003	18,34,38	مأتى الأمر وتهيؤه
F064	core	quranic:root_001489:B013	ن ز ع	B013	23	مُتاخمة أرض لأرض
F064	core	quranic:root_001510:B003	ن ص ر	B003	46	إتيان البلد
F064	core	quranic:root_001525:B011	ن ع م	B011	17,29	موافقة المكان وطيب المقام
F064	optional	quranic:root_000009:B006	ء ت ي	B006	18,34,38	الغريب الداخل في غير قومه
F064	optional	quranic:root_000025:B004	ء ر ض	B004	36	ابن الأرض الغريب
F064	optional	quranic:root_000025:B006	ء ر ض	B006	36	لزوم الأرض والتثاقل إليها
F064	optional	quranic:root_000076:B011	ء ل ي	B011	13	الاستطاعة والطاقة
F064	optional	quranic:root_000064:B005	ء ه ل	B005	26	تحية السعة والأنس
F064	optional	quranic:root_000217:B010	ج ب ل	B010	10	حمل على أمر
F064	optional	quranic:root_000355:B002	ح م د	B002	48	وجود الشيء محمودا
F064	optional	quranic:root_000480:B011	د ف ع	B011	8	دافع الأمر إذا أولع به وانهمك
F064	optional	quranic:root_000586:B004	ر ق ق	B004	3	الأرض الرقيقة اللينة
F064	optional	quranic:root_000737:B013	س ل م	B013	38	أخذه سلما أي أسره
F064	optional	quranic:root_000741:B014	س م ع	B014	38	بين سمع الأرض وبصرها
F064	optional	quranic:root_000831:B003	ش ي ء	B003	21,35,46	حمل الشيء إلى الأمر
F064	optional	quranic:root_001272:B009	ق و ل	B009	26,30,31,33,44	المقاولة في الأمر
F064	optional	quranic:root_001525:B012	ن ع م	B012	17,29	المشي على القدم وابتذالها
F064	rare	quranic:root_000009:B013	ء ت ي	B013	18,34,38	نَفاذ الرجل
F064	rare	quranic:root_000025:B002	ء ر ض	B002	36	الأرض اللينة المنبتة
F064	rare	quranic:root_000043:B010	ء ك ل	B010	19	الإدعاء على الغير والتمكين منه
F064	rare	quranic:root_000051:B001	ء م ر	B001	32	الشأن والحال
F064	rare	quranic:root_000051:B007	ء م ر	B007	32	المشاورة وتدبير الرأي
F064	rare	quranic:root_000064:B003	ء ه ل	B003	26	موضع الصلاح والاستحقاق
F064	rare	quranic:root_000086:B002	ب ح ر	B002	6	السعة والانبساط
F064	rare	quranic:root_000086:B005	ب ح ر	B005	6	الظهور في الفضاء
F064	rare	quranic:root_000086:B006	ب ح ر	B006	6	الأرض الجامعة للماء
F064	rare	quranic:root_000104:B005	ب ر ر	B005	28	يابسة وصحراء
F064	rare	quranic:root_000121:B007	ب ص ر	B007	15	حجارة بصرة رخوة
F064	rare	quranic:root_000152:B007	ب ل ل	B007	33,36	الطي على البلّة
F064	rare	quranic:root_000156:B007	ب ن ي	B007	39	البُنُوَّة والنسب وما ينسب إلى منشأ
F064	rare	quranic:root_000156:B008	ب ن ي	B008	39	تسميات الابن والبنت للأشياء المتفرعة أو الصغيرة
F064	rare	quranic:root_000170:B007	ب ي ن	B007	38	قطعة أرض تمتد في النظر
F064	rare	quranic:root_000175:B012	ت ب ع	B012	21	الإحكام والتناسب
F064	rare	quranic:root_000266:B014	ج ن ن	B014	17,29	جن الشيء في بدايته
F064	rare	quranic:root_000348:B004	ح ك م	B004	48	الإحكام والإتقان والوثاقة
F064	rare	quranic:root_000406:B006	خ ز ن	B006	37	الغنى بعد الفقر
F064	rare	quranic:root_000446:B002	خ و ض	B002	12	الدخول في الحديث والأمر
F064	rare	quranic:root_000478:B008	د ع و	B008	28	خلو الدار من داع
F064	rare	quranic:root_000527:B004	ذ و و	B004	14,15,32,47	ماذا للسؤال أو الموصول
F064	rare	quranic:root_000532:B007	ر ب ب	B007	7,18,29,37,48	لزوم وإقامة ودوام
F064	rare	quranic:root_000586:B007	ر ق ق	B007	3	المقاربة والتَّهَيُّؤ
F064	rare	quranic:root_000666:B002	س ب ح	B002	43,48,49	التنزيه والتبرئة
F064	rare	quranic:root_000666:B005	س ب ح	B005	43,48,49	السعة للذهاب والمعاش
F064	rare	quranic:root_000697:B011	س ر ر	B011	20	موضع الاستقرار والاتكاء
F064	rare	quranic:root_000697:B014	س ر ر	B014	20	نفاذ إلى خفايا الأمور
F064	rare	quranic:root_000745:B006	س م و	B006	9,36,44	الخروج للصيد
F064	rare	quranic:root_000766:B005	س و ي	B005	16	بلوغ وتمام الشباب
F064	rare	quranic:root_000766:B009	س و ي	B009	16	السِيّ واسع أملس من الأرض
F064	rare	quranic:root_000783:B010	ش ر ب	B010	19	دعوى ما لم يشرب
F064	rare	quranic:root_000783:B014	ش ر ب	B014	19	أرض ونبت ريان
F064	rare	quranic:root_000798:B002	ش ع ر	B002	30	نبات كثيف كالشَّعر
F064	rare	quranic:root_000803:B005	ش ف ق	B005	26	نواحي الأمر وأشفاقه
F064	rare	quranic:root_000831:B002	ش ي ء	B002	21,35,46	المشيئة المتعلّقة بالشيء
F064	rare	quranic:root_000831:B006	ش ي ء	B006	21,35,46	إصغاء السمع
F064	rare	quranic:root_000840:B005	ص ب ر	B005	16,48	حجر غليظ وأرض حصباء
F064	rare	quranic:root_000871:B007	ص ف ف	B007	20	التصافّ على الماء
F064	rare	quranic:root_000880:B002	ص ل ي	B002	16	الدعاء والبركة والرحمة
F064	rare	quranic:root_000955:B006	ط و ر	B006	1	التوحش والخروج عن حد الأنس
F064	rare	quranic:root_000955:B007	ط و ر	B007	1	نفي وجود أحد في الموضع
F064	rare	quranic:root_001046:B002	ع م ل	B002	16,19,21	إعمال الشيء واستعماله
F064	rare	quranic:root_001069:B017	ع ي ن	B017	20,48	العين بمعنى الناس الحاضرون
F064	rare	quranic:root_001081:B002	غ ر م	B002	40	ملازمة الغريم للغريم
F064	rare	quranic:root_001110:B004	غ ن ي	B004	46	الغنى بالمكان
F064	rare	quranic:root_001198:B004	ق ب ل	B004	25,26,28	قبول الشيء برضا
F064	rare	quranic:root_001272:B005	ق و ل	B005	26,30,31,33,44	قول ما لم يكن أو نسبته
F064	rare	quranic:root_001273:B003	ق و م	B003	32,48	عزم ونهوض إلى الأمر
F064	rare	quranic:root_001273:B014	ق و م	B014	32,48	مقاومة ومنازلة
F064	rare	quranic:root_001273:B018	ق و م	B018	32,48	نفاق السوق
F064	rare	quranic:root_001290:B005	ك ذ ب	B005	11,14	ما كذب أن فعل أي ما لبث
F064	rare	quranic:root_001332:B005	ك و ن	B005	14,16,19,26,28,34	الشيخ المنسوب إلى كُنْتُ
F064	rare	quranic:root_001410:B006	م ر ء	B006	21	الرجل المَرِيء المقبول
F064	rare	quranic:root_001604:B005	ه ن ء	B005	19	تهنئة بخير وولاية
F064	rare	quranic:root_001678:B004	و ك ء	B004	20	الاتكاء والاعتماد على متكأ
F065	core	quranic:root_000043:B009	ء ك ل	B009	19	الإفساد والنميمة بين الناس
F065	core	quranic:root_000170:B003	ب ي ن	B003	38	الوصلة القائمة بين الأطراف
F065	core	quranic:root_000743:B005	س م م	B005	27	إصلاح يدخل بين المتباينين
F065	core	quranic:root_001564:B007	ن و ر	B007	13,14	النائرة بين القوم
F065	core	quranic:root_001675:B013	و ق ع	B013	7	الوقيعة في الناس
F065	optional	quranic:root_000051:B004	ء م ر	B004	32	النماء والبركة
F065	optional	quranic:root_000170:B002	ب ي ن	B002	38	الخلالة والوسط بين شيئين
F065	optional	quranic:root_000170:B006	ب ي ن	B006	38	بعد المسافة واتساع الفجوة
F065	optional	quranic:root_000266:B013	ج ن ن	B013	17,29	سواد الناس وجماعتهم
F065	optional	quranic:root_000299:B004	ح د ث	B004	34	صيرورة المرء حديث الناس
F065	optional	quranic:root_000299:B005	ح د ث	B005	34	نازلة الدهر وحادثته
F065	optional	quranic:root_000531:B005	ر ء ي	B005	44	رياء الناس
F065	optional	quranic:root_000532:B002	ر ب ب	B002	7,18,29,37,48	إصلاح وتربية وإتمام
F065	optional	quranic:root_000532:B006	ر ب ب	B006	7,18,29,37,48	رُبّ خاثر وإصلاح به
F065	optional	quranic:root_000840:B006	ص ب ر	B006	16,48	الوقوع في شدة لا منفذ منها
F065	optional	quranic:root_001119:B001	غ ي ر	B001	35,43	الصلاح والمنفعة بالميرة والسقي والإصلاح
F065	optional	quranic:root_001119:B004	غ ي ر	B004	35,43	الغَيْرة على الأهل
F065	optional	quranic:root_001272:B007	ق و ل	B007	26,30,31,33,44	القول الفاشي بين الناس
F065	optional	quranic:root_001286:B001	ك ث ر	B001	47	الكثرة ونماء العدد
F065	optional	quranic:root_001525:B001	ن ع م	B001	17,29	حسن الحال والنعمة
F065	optional	quranic:root_001675:B002	و ق ع	B002	7	الواقعة النازلة الشديدة
F065	optional	quranic:root_001675:B005	و ق ع	B005	7	وقعة الحرب والإيقاع بالقوم
F065	optional	quranic:root_001675:B015	و ق ع	B015	7	كية الوقاع
F065	optional	quranic:root_001678:B003	و ك ء	B003	20	ملء المسافة بالسعي الشديد
F066	core	quranic:root_000043:B001	ء ك ل	B001	19	تناول المطعوم
F066	core	quranic:root_000156:B010	ب ن ي	B010	39	بناء الطعام للحم ونماؤه
F066	core	quranic:root_000406:B004	خ ز ن	B004	37	تغير اللحم ونتنه
F066	core	quranic:root_000871:B003	ص ف ف	B003	20	الصَّفيف من اللحم
F066	core	quranic:root_001044:B009	ع م ر	B009	4	لحم أو عظم يملأ ما بين الأسنان والفم
F066	core	quranic:root_001348:B001	ل ح م	B001	22	اللحم المعروف
F066	core	quranic:root_001348:B002	ل ح م	B002	22	لحم البدن وشهوة اللحم
F066	core	quranic:root_001348:B009	ل ح م	B009	22	قشر اللحم عن العظم
F066	optional	quranic:root_000064:B006	ء ه ل	B006	26	الإهالة المذابة
F066	optional	quranic:root_000880:B004	ص ل ي	B004	16	إيقاد الصلاء وتسوية الشيء بالنار
F066	optional	quranic:root_001347:B004	ل ح ق	B004	21	ضمور البدن ونحوله
F066	optional	quranic:root_001348:B003	ل ح م	B003	22	إطعام اللحم ورزق الصيد
F066	optional	quranic:root_001348:B006	ل ح م	B006	22	لحمة الثوب والنسيج
F066	optional	quranic:root_001348:B008	ل ح م	B008	22	الشجة تبلغ اللحم وتلتحم
F066	optional	quranic:root_001410:B004	م ر ء	B004	21	الطعم والإطعام في مناسبة
F066	optional	quranic:root_001409:B005	م ر ء	B005	21	الطعم والإطعام
F066	optional	quranic:root_001638:B002	و ذ ر	B002	45	تقطيع اللحم وشرط الجرح
F066	rare	quranic:root_000015:B002	ء ج ر	B002	40	جبر الكسر على عوج
F066	rare	quranic:root_000043:B003	ء ك ل	B003	19	النصيب والرزق المطعوم
F066	rare	quranic:root_000043:B005	ء ك ل	B005	19	إطعام النار واشتعالها
F066	rare	quranic:root_000043:B006	ء ك ل	B006	19	التآكل والفساد والحكة
F066	rare	quranic:root_000043:B007	ء ك ل	B007	19	الفريسة والمعدة للأكل
F066	rare	quranic:root_000043:B012	ء ك ل	B012	19	قوة الشيء وتمام مادته
F066	rare	quranic:root_000047:B001	ء ل ه	B001	27,43	التعبد والمعبود
F066	rare	quranic:root_000076:B007	ء ل ي	B007	13	اليمين والحلف
F066	rare	quranic:root_000076:B015	ء ل ي	B015	13	الألية واللحمة
F066	rare	quranic:root_000051:B004	ء م ر	B004	32	النماء والبركة
F066	rare	quranic:root_000086:B013	ب ح ر	B013	6	عظم البطن
F066	rare	quranic:root_000121:B006	ب ص ر	B006	15	غلظ الحافة ووصل الشقتين
F066	rare	quranic:root_000217:B007	ج ب ل	B007	10	إحكام النسج
F066	rare	quranic:root_000434:B009	خ ل ق	B009	35,36	بلى الثوب وذهاب وبره
F066	rare	quranic:root_000458:B016	د ب ر	B016	49	الدبر مال كثير باق
F066	rare	quranic:root_000511:B003	ذ ر ر	B003	21	مسحوق الذريرة والذَّرور
F066	rare	quranic:root_000516:B008	ذ ك ر	B008	29	ذكر الحق صك ووثيقة حق
F066	rare	quranic:root_000532:B006	ر ب ب	B006	7,18,29,37,48	رُبّ خاثر وإصلاح به
F066	rare	quranic:root_000586:B001	ر ق ق	B001	3	الرِّقّة واللِّين
F066	rare	quranic:root_000676:B005	س ج ر	B005	6	إيقاد النار وتهييجها
F066	rare	quranic:root_000682:B003	س ح ر	B003	15	السَّحْر بالغذاء
F066	rare	quranic:root_000682:B005	س ح ر	B005	15	السَّحور طعام السَّحَر
F066	rare	quranic:root_000704:B007	س ط ر	B007	2,37	السطر العتود
F066	rare	quranic:root_000732:B005	س ل ط	B005	38	السليط زيت يضيء
F066	rare	quranic:root_000741:B010	س م ع	B010	38	السَّمْع ولد الذئب والضبع
F066	rare	quranic:root_000743:B002	س م م	B002	27	سم يدخل البدن
F066	rare	quranic:root_000769:B004	س ي ر	B004	10	الخطوط كالسيور
F066	rare	quranic:root_000783:B012	ش ر ب	B012	19	مال يؤكل ويشرب
F066	rare	quranic:root_000803:B001	ش ف ق	B001	26	رقة الشيء ورداءته أو قلته
F066	rare	quranic:root_000825:B001	ش ه و	B001	22	نزوع النفس إلى المشتهى
F066	rare	quranic:root_000955:B002	ط و ر	B002	1	الدنو من حريم الشيء وما حوله
F066	rare	quranic:root_000967:B005	ظ ل م	B005	47	ماء الأسنان وبريق الثغر
F066	rare	quranic:root_000994:B002	ع ذ ب	B002	7,18,27,47	العذوب امتناع الجسد عن الأكل والشرب
F066	rare	quranic:root_001046:B009	ع م ل	B009	16,19,21	عامل الرمح
F066	rare	quranic:root_001117:B007	غ ي ب	B007	41	غَيْب شحم الثرب
F066	rare	quranic:root_001272:B003	ق و ل	B003	26,30,31,33,44	كثرة القول في صاحبه
F066	rare	quranic:root_001283:B001	ك ت ب	B001	2,41	ضم شيء إلى شيء
F066	rare	quranic:root_001286:B003	ك ث ر	B003	47	كثرة في صاحب أو كلام أو مطالب
F066	rare	quranic:root_001290:B009	ك ذ ب	B009	11,14	الكذابة ثوب يكذب بحاله
F066	rare	quranic:root_001315:B009	ك ل ل	B009	21	الكلاكل جماعات
F066	rare	quranic:root_001315:B011	ك ل ل	B011	21	الانكلال تبسما ولمعا
F066	rare	quranic:root_001337:B001	ل ء ل ء	B001	24	اللؤلؤة الدرة
F066	rare	quranic:root_001348:B005	ل ح م	B005	22	لأم الشيء وإلصاقه
F066	rare	quranic:root_001348:B007	ل ح م	B007	22	لحمة النسب والولاء
F066	rare	quranic:root_001348:B014	ل ح م	B014	22	النشوب والالتصاق بالقوم أو المكان
F066	rare	quranic:root_001407:B007	م د د	B007	22	جرح تمتد فيه مدة من قيح
F066	rare	quranic:root_001456:B005	م و ر	B005	9	سقوط النسيل والعقيقة
F066	rare	quranic:root_001503:B006	ن ش ر	B006	3	انتشار الغنم للرعي ليلا
F066	rare	quranic:root_001564:B008	ن و ر	B008	13,14	دخان الوشم والكحل
F066	rare	quranic:root_001604:B001	ه ن ء	B001	19	هناءة بلا مشقة ولا وخامة
F067	core	quranic:root_000152:B001	ب ل ل	B001	33,36	البلل والندى
F067	core	quranic:root_000166:B006	ب ي ت	B006	4	شيء بات ليلة
F067	core	quranic:root_000676:B001	س ج ر	B001	6	الامتلاء بالماء وما يجري مجراه
F067	core	quranic:root_000967:B004	ظ ل م	B004	47	إيقاع الشيء في غير أوانه أو موضعه المحسوس
F067	core	quranic:root_001069:B007	ع ي ن	B007	20,48	عين الجلد والسقاء
F067	core	quranic:root_001277:B001	ك ء س	B001	23	الكأس بما فيها
F067	core	quranic:root_001407:B008	م د د	B008	22	ماء الإبل يمد بدقيق ونحوه
F067	core	quranic:root_001678:B007	و ك ء	B007	20	الامتلاء والاحتباس
F067	optional	quranic:root_000009:B012	ء ت ي	B012	18,34,38	استئتاء الناقة
F067	optional	quranic:root_000076:B013	ء ل ي	B013	13	الإبطاء والاحتباس
F067	optional	quranic:root_000086:B014	ب ح ر	B014	6	اشتداد العطش مع عدم الرِّيّ
F067	optional	quranic:root_000166:B004	ب ي ت	B004	4	عمل الليل وتدبيره
F067	optional	quranic:root_000217:B005	ج ب ل	B005	10	صلابة توقف الحفر
F067	optional	quranic:root_000352:B006	ح ل م	B006	32	امتلاء الجسم وسمنه
F067	optional	quranic:root_000352:B008	ح ل م	B008	32	نزع الحلم ومداراة الساكن
F067	optional	quranic:root_000480:B004	د ف ع	B004	8	دفعة واحدة من مطر أو دم أو سائل
F067	optional	quranic:root_000719:B002	س ق ط	B002	44	الساقط الذي لا يعتد به
F067	optional	quranic:root_000719:B004	س ق ط	B004	44	الولد السِّقط قبل تمامه
F067	optional	quranic:root_000719:B011	س ق ط	B011	44	سقطا الليل أوله وآخره
F067	optional	quranic:root_000766:B012	س و ي	B012	16	ليلة استواء القمر
F067	optional	quranic:root_000783:B001	ش ر ب	B001	19	تناول المائع
F067	optional	quranic:root_000783:B002	ش ر ب	B002	19	نصيب الماء
F067	optional	quranic:root_000783:B004	ش ر ب	B004	19	موضع الشرب وآلته
F067	optional	quranic:root_000783:B008	ش ر ب	B008	19	إدخال الحبل في العنق
F067	optional	quranic:root_000957:B005	ط و ف	B005	24	الطائف العاس
F067	optional	quranic:root_000994:B002	ع ذ ب	B002	7,18,27,47	العذوب امتناع الجسد عن الأكل والشرب
F067	optional	quranic:root_001174:B004	ف ك ه	B004	18,22	لبن مفكه طيب قبل الولاد
F067	optional	quranic:root_001198:B014	ق ب ل	B014	25,26,28	سقي على أفواه الإبل
F067	optional	quranic:root_001290:B006	ك ذ ب	B006	11,14	كذب لبن الناقة إذا ذهب ولم يدم
F067	optional	quranic:root_001392:B001	ل ي ل	B001	49	الليل خلاف النهار وظلمته
F067	optional	quranic:root_001407:B003	م د د	B003	22	ماء يجري ويمتلئ ويمده ماء آخر
F067	optional	quranic:root_001678:B001	و ك ء	B001	20	شد الوكاء وربط الوعاء
F068	core	quranic:root_000532:B002	ر ب ب	B002	7,18,29,37,48	إصلاح وتربية وإتمام
F068	core	quranic:root_000532:B016	ر ب ب	B016	7,18,29,37,48	رُبَى حاجة وعقدة ونعمة
F068	core	quranic:root_001307:B004	ك ف ر	B004	42	ستر النعمة
F068	core	quranic:root_001449:B003	م ن ن	B003	27,30	إثقال المنعم عليه بنعمة أو تذكيرها
F068	core	quranic:root_001525:B001	ن ع م	B001	17,29	حسن الحال والنعمة
F068	optional	quranic:root_000104:B003	ب ر ر	B003	28	صلة وإحسان ضد العقوق
F068	optional	quranic:root_000152:B002	ب ل ل	B002	33,36	ندى الخير والصلة
F068	optional	quranic:root_000156:B007	ب ن ي	B007	39	البُنُوَّة والنسب وما ينسب إلى منشأ
F068	optional	quranic:root_000348:B003	ح ك م	B003	48	الحكمة والعلم المصيب
F068	optional	quranic:root_000355:B001	ح م د	B001	48	الحمد خلاف الذم
F068	optional	quranic:root_000355:B005	ح م د	B005	48	يتحمد بالمنة
F068	optional	quranic:root_000480:B008	د ف ع	B008	8	مدافعة الحاجة بالمماطلة
F068	optional	quranic:root_000532:B005	ر ب ب	B005	7,18,29,37,48	ربيب وربيبة ورابة
F068	optional	quranic:root_000534:B001	ر ب ص	B001	30,31	الانتظار والترقب
F068	optional	quranic:root_000552:B001	ر ح م	B001	28	الرَّحْمَة والرقة
F068	optional	quranic:root_000552:B002	ر ح م	B002	28	الرَّحِم والقرابة
F068	optional	quranic:root_000610:B008	ر و د	B008	42	الجارية الرود الشابة
F068	optional	quranic:root_000616:B001	ر ي ب	B001	30	اضطراب الشك والريبة
F068	optional	quranic:root_000616:B003	ر ي ب	B003	30	حاجة يخاف فوتها
F068	optional	quranic:root_000661:B002	س ء ل	B002	25,40	السُّؤل المطلوب
F068	optional	quranic:root_000803:B001	ش ف ق	B001	26	رقة الشيء ورداءته أو قلته
F068	optional	quranic:root_000880:B002	ص ل ي	B002	16	الدعاء والبركة والرحمة
F068	optional	quranic:root_001119:B001	غ ي ر	B001	35,43	الصلاح والمنفعة بالميرة والسقي والإصلاح
F068	optional	quranic:root_001174:B001	ف ك ه	B001	18,22	طيب النفس والنعيم المستطاب
F068	optional	quranic:root_001503:B001	ن ش ر	B001	3	فتح الشيء وبسطه وتشعبه
F068	optional	quranic:root_001525:B002	ن ع م	B002	17,29	اللين والنعومة ورفاه العيش
F068	optional	quranic:root_001525:B012	ن ع م	B012	17,29	المشي على القدم وابتذالها
F068	optional	quranic:root_001675:B012	و ق ع	B012	7	توقع الأمر ورمي الظن
F068	optional	quranic:root_001678:B005	و ك ء	B005	20	شدة الغلمة والحاجة إلى الخلاط
F068	rare	quranic:root_000009:B012	ء ت ي	B012	18,34,38	استئتاء الناقة
F068	rare	quranic:root_000051:B004	ء م ر	B004	32	النماء والبركة
F068	rare	quranic:root_000516:B007	ذ ك ر	B007	29	ذكر المرء شرف وصيت
F068	rare	quranic:root_000531:B009	ر ء ي	B009	44	الرئة وما يصيبها
F068	rare	quranic:root_000532:B006	ر ب ب	B006	7,18,29,37,48	رُبّ خاثر وإصلاح به
F068	rare	quranic:root_000532:B007	ر ب ب	B007	7,18,29,37,48	لزوم وإقامة ودوام
F068	rare	quranic:root_000586:B001	ر ق ق	B001	3	الرِّقّة واللِّين
F068	rare	quranic:root_000586:B003	ر ق ق	B003	3	الرِّقّ والعبودية
F068	rare	quranic:root_000666:B001	س ب ح	B001	43,48,49	العبادة بالتسبيح والصلاة
F068	rare	quranic:root_000666:B002	س ب ح	B002	43,48,49	التنزيه والتبرئة
F068	rare	quranic:root_000737:B001	س ل م	B001	38	السلامة والبراءة من الآفات
F068	rare	quranic:root_000743:B003	س م م	B003	27	خاصّة داخلة في الباطن
F068	rare	quranic:root_000743:B005	س م م	B005	27	إصلاح يدخل بين المتباينين
F068	rare	quranic:root_000766:B013	س و ي	B013	16	سِيّ الرأس وقدر يوازي الرأس من مال أو نعمة
F068	rare	quranic:root_000791:B002	ش ر ك	B002	43	الشِّرك بالله
F068	rare	quranic:root_000852:B005	ص د ق	B005	34	صدق المودة والصحبة
F068	rare	quranic:root_001046:B002	ع م ل	B002	16,19,21	إعمال الشيء واستعماله
F068	rare	quranic:root_001103:B001	غ ل م	B001	24	حداثة الغلام
F068	rare	quranic:root_001103:B002	غ ل م	B002	24	هيجان الشهوة
F068	rare	quranic:root_001117:B006	غ ي ب	B006	41	الغيب شك
F068	rare	quranic:root_001198:B005	ق ب ل	B005	25,26,28	جهة الصلاة المتوجه إليها
F068	rare	quranic:root_001286:B001	ك ث ر	B001	47	الكثرة ونماء العدد
F068	rare	quranic:root_001334:B001	ك ي د	B001	42,46	معالجة الشيء بشدة
F068	rare	quranic:root_001348:B007	ل ح م	B007	22	لحمة النسب والولاء
F068	rare	quranic:root_001489:B002	ن ز ع	B002	23	جذب وتر القوس
F068	rare	quranic:root_001503:B010	ن ش ر	B010	3	السخاء والكرامة
F068	rare	quranic:root_001510:B005	ن ص ر	B005	46	النصر عطاء
F068	rare	quranic:root_001525:B005	ن ع م	B005	17,29	مال الأنعام والإبل
F068	rare	quranic:root_001525:B010	ن ع م	B010	17,29	زاد وأنعم في الفعل
F068	rare	quranic:root_001604:B002	ه ن ء	B002	19	الهنء عطاء وكفاية
F068	rare	quranic:root_001604:B005	ه ن ء	B005	19	تهنئة بخير وولاية
F068	rare	quranic:root_001675:B002	و ق ع	B002	7	الواقعة النازلة الشديدة
F068	rare	quranic:root_001696:B001	ي ق ن	B001	36	ثبات العلم وزوال الشك
F069	core	quranic:root_000086:B012	ب ح ر	B012	6	المصطلحات المولَّدة: البُحْران الطبي والباحور
F069	core	quranic:root_000840:B006	ص ب ر	B006	16,48	الوقوع في شدة لا منفذ منها
F069	core	quranic:root_001273:B013	ق و م	B013	32,48	قيامة وبعث وقيام الساعة
F069	core	quranic:root_001434:B002	م ع ع	B002	31	شدة الحر والسير فيه
F069	core	quranic:root_001700:B003	ي و م	B003	9,13,45,46	كائنة اليوم وشدته
F069	optional	quranic:root_000051:B006	ء م ر	B006	32	الأمر العظيم المنكر
F069	optional	quranic:root_000225:B002	ج ح م	B002	18	احتدام الحرب والموت
F069	optional	quranic:root_000299:B005	ح د ث	B005	34	نازلة الدهر وحادثته
F069	optional	quranic:root_000382:B001	ح ي ن	B001	48	وقت الشيء وأوانه
F069	optional	quranic:root_000680:B005	س ح ب	B005	44	سحابة اليوم
F069	optional	quranic:root_000704:B006	س ط ر	B006	2,37	الإسْطار في الخطأ
F069	optional	quranic:root_000840:B007	ص ب ر	B007	16,48	شدة برد الشتاء
F069	optional	quranic:root_000864:B001	ص ع ق	B001	45	الصوت الشديد الصالع
F069	optional	quranic:root_001273:B017	ق و م	B017	32,48	انتصاف النهار وقائم الظهيرة
F069	optional	quranic:root_001332:B001	ك و ن	B001	14,16,19,26,28,34	وقوع الشيء وحضوره في زمان
F069	optional	quranic:root_001332:B006	ك و ن	B006	14,16,19,26,28,34	حالة السوء بكينة
F069	optional	quranic:root_001392:B003	ل ي ل	B003	49	الليلة القريبة من اليوم
F069	optional	quranic:root_001434:B001	م ع ع	B001	31	جلبة النار والحرب
F069	optional	quranic:root_001675:B002	و ق ع	B002	7	الواقعة النازلة الشديدة
F069	optional	quranic:root_001675:B005	و ق ع	B005	7	وقعة الحرب والإيقاع بالقوم
F069	optional	quranic:root_001700:B001	ي و م	B001	9,13,45,46	وقت النهار المحدود
F069	optional	quranic:root_001700:B002	ي و م	B002	9,13,45,46	مدة من الزمان
F069	rare	quranic:root_000025:B007	ء ر ض	B007	36	التعرض والتصدي
F069	rare	quranic:root_000217:B006	ج ب ل	B006	10	دخول الجبال
F069	rare	quranic:root_000225:B001	ج ح م	B001	18	تأجج النار وشدة حرها
F069	rare	quranic:root_000225:B004	ج ح م	B004	18	تلهب الوجه بالغضب
F069	rare	quranic:root_000299:B001	ح د ث	B001	34	كون الشيء بعد أن لم يكن
F069	rare	quranic:root_000369:B001	ح و ر	B001	20	حَوَر العين
F069	rare	quranic:root_000382:B002	ح ي ن	B002	48	حلول الهلاك أو نازلته
F069	rare	quranic:root_000434:B004	خ ل ق	B004	35,36	السجية والطبيعة الباطنة
F069	rare	quranic:root_000478:B006	د ع و	B006	28	دواعي الدهر
F069	rare	quranic:root_000532:B008	ر ب ب	B008	7,18,29,37,48	رباب السحاب
F069	rare	quranic:root_000582:B011	ر ف ع	B011	5	الإصعاد في البلاد
F069	rare	quranic:root_000616:B002	ر ي ب	B002	30	صروف الدهر المريبة
F069	rare	quranic:root_000680:B002	س ح ب	B002	44	السحاب المنسحب
F069	rare	quranic:root_000719:B003	س ق ط	B003	44	السقطة خطأ وزلة وإسقاط
F069	rare	quranic:root_000732:B007	س ل ط	B007	38	السلاط غليل
F069	rare	quranic:root_000745:B004	س م و	B004	9,36,44	السماء وما علا فأظل
F069	rare	quranic:root_000803:B002	ش ف ق	B002	26	حمرة الشفق عند مغيب الشمس
F069	rare	quranic:root_000840:B010	ص ب ر	B010	16,48	سحاب أبيض متراكم
F069	rare	quranic:root_000880:B001	ص ل ي	B001	16	الصلاة عبادة لازمة
F069	rare	quranic:root_000957:B003	ط و ف	B003	24	الطائف العارض
F069	rare	quranic:root_001069:B010	ع ي ن	B010	20,48	عين السحاب والمطر
F069	rare	quranic:root_001273:B002	ق و م	B002	32,48	انتصاب وقيام بالبدن
F069	rare	quranic:root_001290:B005	ك ذ ب	B005	11,14	ما كذب أن فعل أي ما لبث
F069	rare	quranic:root_001324:B007	ك ن ن	B007	24	الكَانُون المستر
F069	rare	quranic:root_001327:B002	ك ه ن	B002	29	الكاهن القائم بأمر الرجل
F069	rare	quranic:root_001348:B004	ل ح م	B004	22	القتل حتى يصير المقتول لحما
F069	rare	quranic:root_001361:B006	ل غ و	B006	23	الخيبة وإيقاعها بالفشل
F069	rare	quranic:root_001397:B005	م ث ل	B005	34	المثول والانتصاب
F069	rare	quranic:root_001564:B007	ن و ر	B007	13,14	النائرة بين القوم
F069	rare	quranic:root_001675:B004	و ق ع	B004	7	أثر الضرب وصوت الوقوع
F069	rare	quranic:root_001677:B005	و ق ي	B005	17,18,27	الواقي اسم للصرد
F070	core	quranic:root_000582:B002	ر ف ع	B002	5	علو القدر
F070	core	quranic:root_000743:B013	س م م	B013	27	شخص الشيء وسماوته
F070	core	quranic:root_000745:B001	س م و	B001	9,36,44	العلو والارتفاع
F070	core	quranic:root_000783:B009	ش ر ب	B009	19	مد العنق للنظر
F070	optional	quranic:root_000025:B001	ء ر ض	B001	36	السفل المقابل للسماء
F070	optional	quranic:root_000166:B008	ب ي ت	B008	4	بيت الشرف
F070	optional	quranic:root_000516:B007	ذ ك ر	B007	29	ذكر المرء شرف وصيت
F070	optional	quranic:root_000582:B001	ر ف ع	B001	5	إعلاء الشيء
F070	optional	quranic:root_000682:B008	س ح ر	B008	15	سَحَر الشيء طرفه
F070	optional	quranic:root_000697:B005	س ر ر	B005	20	خالص الشيء وأكرم موضعه
F070	optional	quranic:root_000720:B001	س ق ف	B001	5	السقف العالي
F070	optional	quranic:root_000741:B005	س م ع	B005	38	الصيت والشيوع بين الناس
F070	optional	quranic:root_000745:B002	س م و	B002	9,36,44	الشخص المرتفع الظاهر
F070	optional	quranic:root_000745:B004	س م و	B004	9,36,44	السماء وما علا فأظل
F070	optional	quranic:root_000745:B008	س م و	B008	9,36,44	الصيت الحسن المنتشر
F070	optional	quranic:root_000840:B004	ص ب ر	B004	16,48	أعلى الشيء وجوانبه
F070	optional	quranic:root_001407:B001	م د د	B001	22	جر الشيء في طول حتى يتصل ويمتد
F070	rare	quranic:root_000104:B008	ب ر ر	B008	28	غلبة وعلو
F070	rare	quranic:root_000156:B001	ب ن ي	B001	39	بناء الشيء بضم بعضه إلى بعض
F070	rare	quranic:root_000202:B005	ث ق ل	B005	40	الثقل النفيس ذو القدر
F070	rare	quranic:root_000217:B001	ج ب ل	B001	10	تجمع مرتفع صلب
F070	rare	quranic:root_000355:B001	ح م د	B001	48	الحمد خلاف الذم
F070	rare	quranic:root_000369:B001	ح و ر	B001	20	حَوَر العين
F070	rare	quranic:root_000369:B002	ح و ر	B002	20	البياض والتبييض
F070	rare	quranic:root_000516:B004	ذ ك ر	B004	29	جريان الذكر على اللسان
F070	rare	quranic:root_000531:B006	ر ء ي	B006	44	مرأى ومنظر ومرآة
F070	rare	quranic:root_000531:B012	ر ء ي	B012	44	إراءة وإظهار
F070	rare	quranic:root_000666:B001	س ب ح	B001	43,48,49	العبادة بالتسبيح والصلاة
F070	rare	quranic:root_000676:B004	س ج ر	B004	6	حمرة تخالط العين واللون
F070	rare	quranic:root_000680:B001	س ح ب	B001	44	جر الشيء ومده
F070	rare	quranic:root_000719:B007	س ق ط	B007	44	موضع السقوط ومنتهى الطرف
F070	rare	quranic:root_000745:B003	س م و	B003	9,36,44	تطاول الفحل على الشول
F070	rare	quranic:root_000745:B005	س م و	B005	9,36,44	الاسم تنويه ودلالة
F070	rare	quranic:root_000745:B007	س م و	B007	9,36,44	المساماة والمباراة
F070	rare	quranic:root_000766:B003	س و ي	B003	16	علو واستقرار على شيء
F070	rare	quranic:root_000880:B002	ص ل ي	B002	16	الدعاء والبركة والرحمة
F070	rare	quranic:root_000936:B006	ط غ و	B006	32	الطغية الصفاة أو الموضع المرتفع
F070	rare	quranic:root_000955:B001	ط و ر	B001	1	امتداد الحافة والفناء بمحاذاة الشيء
F070	rare	quranic:root_000994:B006	ع ذ ب	B006	7,18,27,47	العذبة طرف أو علاقة متدلية
F070	rare	quranic:root_001040:B007	ع ل م	B007	47	ذكر الضباع يسمى العيلام
F070	rare	quranic:root_001044:B001	ع م ر	B001	4	امتداد الحياة في الزمن
F070	rare	quranic:root_001069:B014	ع ي ن	B014	20,48	العين خيار الشيء
F070	rare	quranic:root_001198:B015	ق ب ل	B015	25,26,28	ابتداء حاضر غير مهيأ
F070	rare	quranic:root_001272:B007	ق و ل	B007	26,30,31,33,44	القول الفاشي بين الناس
F070	rare	quranic:root_001273:B011	ق و م	B011	32,48	قامة وقوام الجسم والطول
F070	rare	quranic:root_001290:B007	ك ذ ب	B007	11,14	كذب الوحشي إذا جرى ثم وقف
F070	rare	quranic:root_001407:B004	م د د	B004	22	أجل أو زمن يطال ويمتد
F070	rare	quranic:root_001409:B002	م ر ء	B002	21	المروءة
F070	rare	quranic:root_001410:B002	م ر ء	B002	21	المروءة وكمال الرجولية
F070	rare	quranic:root_001409:B003	م ر ء	B003	21	الطعام المريء
F070	rare	quranic:root_001410:B003	م ر ء	B003	21	مراءة الطعام واستمراؤه
F070	rare	quranic:root_001449:B001	م ن ن	B001	27,30	القطع والنقص حتى ينقطع الامتداد
F070	rare	quranic:root_001475:B002	ن ج م	B002	49	الطالع الظاهر
F070	rare	quranic:root_001475:B005	ن ج م	B005	49	النظر في النجوم
F071	core	quranic:root_000051:B004	ء م ر	B004	32	النماء والبركة
F071	core	quranic:root_000217:B002	ج ب ل	B002	10	كثرة كالجبل
F071	core	quranic:root_001272:B003	ق و ل	B003	26,30,31,33,44	كثرة القول في صاحبه
F071	core	quranic:root_001286:B001	ك ث ر	B001	47	الكثرة ونماء العدد
F071	core	quranic:root_001286:B003	ك ث ر	B003	47	كثرة في صاحب أو كلام أو مطالب
F071	optional	quranic:root_000009:B007	ء ت ي	B007	18,34,38	خروج النماء والنتاج
F071	optional	quranic:root_000043:B012	ء ك ل	B012	19	قوة الشيء وتمام مادته
F071	optional	quranic:root_000217:B009	ج ب ل	B009	10	عسر ومنع
F071	optional	quranic:root_000355:B003	ح م د	B003	48	المحمود كثير الخصال
F071	optional	quranic:root_000458:B016	د ب ر	B016	49	الدبر مال كثير باق
F071	optional	quranic:root_000852:B001	ص د ق	B001	34	صدق القول
F071	optional	quranic:root_001040:B005	ع ل م	B005	47	ماء كثير مجتمع في عيلم
F071	optional	quranic:root_001110:B001	غ ن ي	B001	46	الغنى والاستغناء
F071	optional	quranic:root_001286:B002	ك ث ر	B002	47	المكاثرة والغلبة بالعدد
F071	optional	quranic:root_001286:B006	ك ث ر	B006	47	الكثر جمار النخل
F071	optional	quranic:root_001286:B007	ك ث ر	B007	47	الكمثرة اجتماع الشيء
F071	optional	quranic:root_001348:B002	ل ح م	B002	22	لحم البدن وشهوة اللحم
F071	optional	quranic:root_001407:B002	م د د	B002	22	زيادة موصولة تمد غيرها بعون أو مادة
F071	optional	quranic:root_001434:B006	م ع ع	B006	31	تكرير لفظ مع في القول والكتابة
F071	optional	quranic:root_001449:B001	م ن ن	B001	27,30	القطع والنقص حتى ينقطع الامتداد
F071	rare	quranic:root_000025:B003	ء ر ض	B003	36	الخليق بالخير كالأرض الأريضة
F071	rare	quranic:root_000043:B001	ء ك ل	B001	19	تناول المطعوم
F071	rare	quranic:root_000043:B009	ء ك ل	B009	19	الإفساد والنميمة بين الناس
F071	rare	quranic:root_000086:B001	ب ح ر	B001	6	الماء الواسع الكثير
F071	rare	quranic:root_000086:B002	ب ح ر	B002	6	السعة والانبساط
F071	rare	quranic:root_000104:B008	ب ر ر	B008	28	غلبة وعلو
F071	rare	quranic:root_000156:B010	ب ن ي	B010	39	بناء الطعام للحم ونماؤه
F071	rare	quranic:root_000175:B005	ت ب ع	B005	21	المطالبة والطالب بالحق
F071	rare	quranic:root_000202:B005	ث ق ل	B005	40	الثقل النفيس ذو القدر
F071	rare	quranic:root_000217:B007	ج ب ل	B007	10	إحكام النسج
F071	rare	quranic:root_000244:B005	ج ز ي	B005	16	الغلبة في المجازاة
F071	rare	quranic:root_000266:B010	ج ن ن	B010	17,29	الجنان المستور في الصدر
F071	rare	quranic:root_000299:B003	ح د ث	B003	34	كلام يتجدد خبرا وحديثا
F071	rare	quranic:root_000355:B001	ح م د	B001	48	الحمد خلاف الذم
F071	rare	quranic:root_000406:B006	خ ز ن	B006	37	الغنى بعد الفقر
F071	rare	quranic:root_000458:B011	د ب ر	B011	49	مقابل مدابر في كرم النسب
F071	rare	quranic:root_000480:B003	د ف ع	B003	8	اندفاع إلى غاية أو في حركة
F071	rare	quranic:root_000532:B013	ر ب ب	B013	7,18,29,37,48	ماء رَبَب كثير
F071	rare	quranic:root_000652:B003	ز و ج	B003	20	جعل الشيء قرينا لآخر
F071	rare	quranic:root_000661:B001	س ء ل	B001	25,40	السؤال والطلب
F071	rare	quranic:root_000676:B003	س ج ر	B003	6	المخالطة في الصحبة والمودة
F071	rare	quranic:root_000741:B007	س م ع	B007	38	السماع المستلذ والغناء
F071	rare	quranic:root_000798:B002	ش ع ر	B002	30	نبات كثيف كالشَّعر
F071	rare	quranic:root_000852:B003	ص د ق	B003	34	تمام الصلاح والثبوت
F071	rare	quranic:root_000852:B005	ص د ق	B005	34	صدق المودة والصحبة
F071	rare	quranic:root_000880:B002	ص ل ي	B002	16	الدعاء والبركة والرحمة
F071	rare	quranic:root_001069:B006	ع ي ن	B006	20,48	منبع الماء الجاري
F071	rare	quranic:root_001069:B011	ع ي ن	B011	20,48	النقد الحاضر
F071	rare	quranic:root_001110:B002	غ ن ي	B002	46	الغَناء والكفاية
F071	rare	quranic:root_001110:B003	غ ن ي	B003	46	الغِناء والصوت
F071	rare	quranic:root_001110:B005	غ ن ي	B005	46	الغانية المستغنية
F071	rare	quranic:root_001110:B006	غ ن ي	B006	46	الغنى والتزويج
F071	rare	quranic:root_001119:B001	غ ي ر	B001	35,43	الصلاح والمنفعة بالميرة والسقي والإصلاح
F071	rare	quranic:root_001119:B005	غ ي ر	B005	35,43	السوى والخلاف والاستثناء والنفي
F071	rare	quranic:root_001272:B001	ق و ل	B001	26,30,31,33,44	إخراج القول بالنطق
F071	rare	quranic:root_001272:B007	ق و ل	B007	26,30,31,33,44	القول الفاشي بين الناس
F071	rare	quranic:root_001273:B009	ق و م	B009	32,48	قوام وعماد ومعاش
F071	rare	quranic:root_001273:B011	ق و م	B011	32,48	قامة وقوام الجسم والطول
F071	rare	quranic:root_001348:B006	ل ح م	B006	22	لحمة الثوب والنسيج
F071	rare	quranic:root_001410:B006	م ر ء	B006	21	الرجل المَرِيء المقبول
F071	rare	quranic:root_001449:B002	م ن ن	B002	27,30	القوة التي يقوم بها الشيء أو ذهابها
F071	rare	quranic:root_001510:B004	ن ص ر	B004	46	النصر مطر وإغاثة
F071	rare	quranic:root_001675:B003	و ق ع	B003	7	وقوع المطر ومساقطه
F072	core	quranic:root_000534:B003	ر ب ص	B003	30,31	مدة الانتظار الزوجية
F072	core	quranic:root_000652:B002	ز و ج	B002	20	زوج النكاح
F072	core	quranic:root_000791:B003	ش ر ك	B003	43	شِرك المصاهرة
F072	optional	quranic:root_000064:B001	ء ه ل	B001	26	جماعة القرب والانتماء
F072	optional	quranic:root_000064:B002	ء ه ل	B002	26	اتخاذ الأهل بالزواج
F072	optional	quranic:root_000156:B006	ب ن ي	B006	39	بناء الرجل على أهله ودخوله بها
F072	optional	quranic:root_000166:B002	ب ي ت	B002	4	أهل البيت وعياله
F072	optional	quranic:root_000166:B010	ب ي ت	B010	4	بيت الزواج
F072	optional	quranic:root_000202:B008	ث ق ل	B008	40	امرأة ثقال
F072	optional	quranic:root_000531:B005	ر ء ي	B005	44	رياء الناس
F072	optional	quranic:root_000531:B006	ر ء ي	B006	44	مرأى ومنظر ومرآة
F072	optional	quranic:root_000531:B012	ر ء ي	B012	44	إراءة وإظهار
F072	optional	quranic:root_000532:B005	ر ب ب	B005	7,18,29,37,48	ربيب وربيبة ورابة
F072	optional	quranic:root_000582:B008	ر ف ع	B008	5	الرِفاعة للمرأة
F072	optional	quranic:root_000652:B003	ز و ج	B003	20	جعل الشيء قرينا لآخر
F072	optional	quranic:root_000783:B009	ش ر ب	B009	19	مد العنق للنظر
F072	optional	quranic:root_000825:B002	ش ه و	B002	22	التشهي بعد التشهي
F072	optional	quranic:root_000852:B007	ص د ق	B007	34	صداق المرأة
F072	optional	quranic:root_001110:B005	غ ن ي	B005	46	الغانية المستغنية
F072	optional	quranic:root_001119:B004	غ ي ر	B004	35,43	الغَيْرة على الأهل
F072	optional	quranic:root_001409:B001	م ر ء	B001	21	المرء والمرأة
F072	optional	quranic:root_001410:B001	م ر ء	B001	21	المَرْء والمرأة
F072	optional	quranic:root_001409:B002	م ر ء	B002	21	المروءة
F072	optional	quranic:root_001409:B003	م ر ء	B003	21	الطعام المريء
F072	optional	quranic:root_001410:B003	م ر ء	B003	21	مراءة الطعام واستمراؤه
F072	optional	quranic:root_001475:B005	ن ج م	B005	49	النظر في النجوم
F072	rare	quranic:root_000015:B001	ء ج ر	B001	40	جزاء العمل والكراء
F072	rare	quranic:root_000043:B001	ء ك ل	B001	19	تناول المطعوم
F072	rare	quranic:root_000051:B004	ء م ر	B004	32	النماء والبركة
F072	rare	quranic:root_000051:B007	ء م ر	B007	32	المشاورة وتدبير الرأي
F072	rare	quranic:root_000051:B009	ء م ر	B009	32	ولد الضأن الصغير
F072	rare	quranic:root_000064:B004	ء ه ل	B004	26	أنس المكان والعمران
F072	rare	quranic:root_000104:B003	ب ر ر	B003	28	صلة وإحسان ضد العقوق
F072	rare	quranic:root_000121:B001	ب ص ر	B001	15	إبصار العين
F072	rare	quranic:root_000156:B002	ب ن ي	B002	39	البِنْية والهيئة المركبة
F072	rare	quranic:root_000156:B003	ب ن ي	B003	39	البِنْية للبيت الحرام ومكة
F072	rare	quranic:root_000156:B007	ب ن ي	B007	39	البُنُوَّة والنسب وما ينسب إلى منشأ
F072	rare	quranic:root_000166:B005	ب ي ت	B005	4	قوت ليلة
F072	rare	quranic:root_000166:B008	ب ي ت	B008	4	بيت الشرف
F072	rare	quranic:root_000170:B003	ب ي ن	B003	38	الوصلة القائمة بين الأطراف
F072	rare	quranic:root_000170:B010	ب ي ن	B010	38	الوقت الواقع أثناء حال أو فعل
F072	rare	quranic:root_000175:B011	ت ب ع	B011	21	اتباع النساء
F072	rare	quranic:root_000202:B007	ث ق ل	B007	40	إثقال الحمل
F072	rare	quranic:root_000217:B003	ج ب ل	B003	10	غلظ الخلقة والجسم
F072	rare	quranic:root_000217:B004	ج ب ل	B004	10	خلقة مطبوعة
F072	rare	quranic:root_000299:B006	ح د ث	B006	34	إبداء الشيء وإظهاره
F072	rare	quranic:root_000382:B001	ح ي ن	B001	48	وقت الشيء وأوانه
F072	rare	quranic:root_000406:B006	خ ز ن	B006	37	الغنى بعد الفقر
F072	rare	quranic:root_000434:B003	خ ل ق	B003	35,36	تمام الخلقة واعتدال الصورة
F072	rare	quranic:root_000434:B004	خ ل ق	B004	35,36	السجية والطبيعة الباطنة
F072	rare	quranic:root_000434:B012	خ ل ق	B012	35,36	انسداد مصمت كالصخرة
F072	rare	quranic:root_000458:B006	د ب ر	B006	49	تدبير الأمر والنظر في عاقبته
F072	rare	quranic:root_000458:B013	د ب ر	B013	49	الدبران تابع الثريا
F072	rare	quranic:root_000516:B001	ذ ك ر	B001	29	الذكر خلاف الأنثى
F072	rare	quranic:root_000516:B007	ذ ك ر	B007	29	ذكر المرء شرف وصيت
F072	rare	quranic:root_000531:B002	ر ء ي	B002	44	رأي القلب والتفكر
F072	rare	quranic:root_000531:B009	ر ء ي	B009	44	الرئة وما يصيبها
F072	rare	quranic:root_000532:B012	ر ب ب	B012	7,18,29,37,48	ربة نبات
F072	rare	quranic:root_000552:B003	ر ح م	B003	28	رَحِم الأنثى
F072	rare	quranic:root_000582:B005	ر ف ع	B005	5	إذاعة الخبر
F072	rare	quranic:root_000607:B001	ر ه ن	B001	21	وثيقة ممسوكة بحق
F072	rare	quranic:root_000610:B001	ر و د	B001	42	الإرادة والمشيئة
F072	rare	quranic:root_000610:B007	ر و د	B007	42	عوار العين الرائد
F072	rare	quranic:root_000610:B008	ر و د	B008	42	الجارية الرود الشابة
F072	rare	quranic:root_000652:B004	ز و ج	B004	20	لون أو صنف من أصناف الشيء
F072	rare	quranic:root_000676:B003	س ج ر	B003	6	المخالطة في الصحبة والمودة
F072	rare	quranic:root_000682:B003	س ح ر	B003	15	السَّحْر بالغذاء
F072	rare	quranic:root_000682:B006	س ح ر	B006	15	السُّحَّارة لعبة اللون
F072	rare	quranic:root_000719:B004	س ق ط	B004	44	الولد السِّقط قبل تمامه
F072	rare	quranic:root_000719:B013	س ق ط	B013	44	تسقُّط العيب والخبر
F072	rare	quranic:root_000741:B005	س م ع	B005	38	الصيت والشيوع بين الناس
F072	rare	quranic:root_000741:B007	س م ع	B007	38	السماع المستلذ والغناء
F072	rare	quranic:root_000769:B002	س ي ر	B002	10	السيرة والطريقة
F072	rare	quranic:root_000783:B003	ش ر ب	B003	19	جماعة الشرب والمشارب
F072	rare	quranic:root_000783:B007	ش ر ب	B007	19	مخالطة اللون والقلب
F072	rare	quranic:root_000825:B001	ش ه و	B001	22	نزوع النفس إلى المشتهى
F072	rare	quranic:root_000832:B001	ش ي ء	B001	21,35,46	المشيئة
F072	rare	quranic:root_000832:B002	ش ي ء	B002	21,35,46	تشويه الخلق والوجه
F072	rare	quranic:root_000831:B004	ش ي ء	B004	21,35,46	تشويه الخلق وقبحه
F072	rare	quranic:root_000831:B005	ش ي ء	B005	21,35,46	انجذاب النفس إلى الشيء
F072	rare	quranic:root_000840:B011	ص ب ر	B011	16,48	رقاقة الخوان وكومة الطعام
F072	rare	quranic:root_000880:B002	ص ل ي	B002	16	الدعاء والبركة والرحمة
F072	rare	quranic:root_000936:B007	ط غ و	B007	32	الطغية نبذة من الشيء
F072	rare	quranic:root_000955:B004	ط و ر	B004	1	تتابع الأطوار والحالات
F072	rare	quranic:root_001044:B007	ع م ر	B007	4	الجماعة التي تعمر الموضع
F072	rare	quranic:root_001046:B012	ع م ل	B012	16,19,21	بنو العمل من المشاة
F072	rare	quranic:root_001069:B001	ع ي ن	B001	20,48	العين الناظرة
F072	rare	quranic:root_001069:B002	ع ي ن	B002	20,48	المشاهدة بالعين
F072	rare	quranic:root_001069:B005	ع ي ن	B005	20,48	العين الجاسوسة
F072	rare	quranic:root_001069:B013	ع ي ن	B013	20,48	عين الشيء نفسه
F072	rare	quranic:root_001069:B015	ع ي ن	B015	20,48	أعيان القوم والإخوة
F072	rare	quranic:root_001103:B002	غ ل م	B002	24	هيجان الشهوة
F072	rare	quranic:root_001110:B001	غ ن ي	B001	46	الغنى والاستغناء
F072	rare	quranic:root_001110:B002	غ ن ي	B002	46	الغَناء والكفاية
F072	rare	quranic:root_001110:B003	غ ن ي	B003	46	الغِناء والصوت
F072	rare	quranic:root_001110:B006	غ ن ي	B006	46	الغنى والتزويج
F072	rare	quranic:root_001273:B006	ق و م	B006	32,48	مقام وإقامة في موضع
F072	rare	quranic:root_001286:B002	ك ث ر	B002	47	المكاثرة والغلبة بالعدد
F072	rare	quranic:root_001307:B001	ك ف ر	B001	42	ستر وتغطية
F072	rare	quranic:root_001315:B007	ك ل ل	B007	21	الكُلْكُل صدرا
F072	rare	quranic:root_001315:B009	ك ل ل	B009	21	الكلاكل جماعات
F072	rare	quranic:root_001337:B004	ل ء ل ء	B004	24	برق العين وتقليب الكفين
F072	rare	quranic:root_001348:B002	ل ح م	B002	22	لحم البدن وشهوة اللحم
F072	rare	quranic:root_001348:B003	ل ح م	B003	22	إطعام اللحم ورزق الصيد
F072	rare	quranic:root_001372:B003	ل ق ي	B003	45	سرعة اللقاح
F072	rare	quranic:root_001407:B004	م د د	B004	22	أجل أو زمن يطال ويمتد
F072	rare	quranic:root_001410:B002	م ر ء	B002	21	المروءة وكمال الرجولية
F072	rare	quranic:root_001409:B004	م ر ء	B004	21	المريء
F072	rare	quranic:root_001410:B004	م ر ء	B004	21	الطعم والإطعام في مناسبة
F072	rare	quranic:root_001409:B005	م ر ء	B005	21	الطعم والإطعام
F072	rare	quranic:root_001456:B007	م و ر	B007	9	الدوران والرجوع عن الغور
F072	rare	quranic:root_001475:B001	ن ج م	B001	49	الكوكب الطالع
F072	rare	quranic:root_001489:B005	ن ز ع	B005	23	انجذاب الشيء إلى أصله
F072	rare	quranic:root_001489:B009	ن ز ع	B009	23	منزعة الرأي والهمة
F072	rare	quranic:root_001564:B007	ن و ر	B007	13,14	النائرة بين القوم
F072	rare	quranic:root_001564:B009	ن و ر	B009	13,14	النُّورَة المطلية
F072	rare	quranic:root_001604:B001	ه ن ء	B001	19	هناءة بلا مشقة ولا وخامة
F072	rare	quranic:root_001675:B014	و ق ع	B014	7	المواقعة في الجماع
F072	rare	quranic:root_001696:B002	ي ق ن	B002	36	صون الجارية وخدرها
F073	core	quranic:root_000478:B005	د ع و	B005	28	التداعي بالسقوط
F073	core	quranic:root_000719:B001	س ق ط	B001	44	وقوع الشيء وانطراحه إلى أسفل
F073	core	quranic:root_001675:B003	و ق ع	B003	7	وقوع المطر ومساقطه
F073	optional	quranic:root_000025:B002	ء ر ض	B002	36	الأرض اللينة المنبتة
F073	optional	quranic:root_000156:B001	ب ن ي	B001	39	بناء الشيء بضم بعضه إلى بعض
F073	optional	quranic:root_000170:B011	ب ي ن	B011	38	حالة متوسطة بين طرفين
F073	optional	quranic:root_000480:B004	د ف ع	B004	8	دفعة واحدة من مطر أو دم أو سائل
F073	optional	quranic:root_000582:B001	ر ف ع	B001	5	إعلاء الشيء
F073	optional	quranic:root_000719:B002	س ق ط	B002	44	الساقط الذي لا يعتد به
F073	optional	quranic:root_000719:B007	س ق ط	B007	44	موضع السقوط ومنتهى الطرف
F073	optional	quranic:root_000719:B010	س ق ط	B010	44	السقيط ثلج وجليد ساقط
F073	optional	quranic:root_000719:B013	س ق ط	B013	44	تسقُّط العيب والخبر
F073	optional	quranic:root_000720:B001	س ق ف	B001	5	السقف العالي
F073	optional	quranic:root_000803:B001	ش ف ق	B001	26	رقة الشيء ورداءته أو قلته
F073	optional	quranic:root_001119:B001	غ ي ر	B001	35,43	الصلاح والمنفعة بالميرة والسقي والإصلاح
F073	optional	quranic:root_001361:B001	ل غ و	B001	23	الشيء المطروح الذي لا يعتد به
F073	optional	quranic:root_001372:B005	ل ق ي	B005	45	طرح الشيء حتى يلقى
F073	optional	quranic:root_001475:B003	ن ج م	B003	49	النبات بلا ساق
F073	optional	quranic:root_001475:B007	ن ج م	B007	49	انجلاء الغيم وانقطاع المطر
F073	optional	quranic:root_001489:B001	ن ز ع	B001	23	قلع الشيء من مقره
F073	optional	quranic:root_001503:B004	ن ش ر	B004	3	الكَلأ اليابس إذا أحياه المطر
F073	optional	quranic:root_001510:B004	ن ص ر	B004	46	النصر مطر وإغاثة
F073	optional	quranic:root_001675:B001	و ق ع	B001	7	سقوط الشيء وثبوته
F073	rare	quranic:root_000009:B003	ء ت ي	B003	18,34,38	مأتى الأمر وتهيؤه
F073	rare	quranic:root_000009:B005	ء ت ي	B005	18,34,38	السيل الآتي من غير البلد
F073	rare	quranic:root_000025:B001	ء ر ض	B001	36	السفل المقابل للسماء
F073	rare	quranic:root_000025:B009	ء ر ض	B009	36	الأَرْض الزكام
F073	rare	quranic:root_000044:B001	ء ل ت	B001	21	النقصان
F073	rare	quranic:root_000086:B006	ب ح ر	B006	6	الأرض الجامعة للماء
F073	rare	quranic:root_000086:B007	ب ح ر	B007	6	العمق والحمرة الخالصة
F073	rare	quranic:root_000121:B004	ب ص ر	B004	15	بصيرة الدم
F073	rare	quranic:root_000152:B001	ب ل ل	B001	33,36	البلل والندى
F073	rare	quranic:root_000152:B004	ب ل ل	B004	33,36	الظفر والتعلق
F073	rare	quranic:root_000170:B002	ب ي ن	B002	38	الخلالة والوسط بين شيئين
F073	rare	quranic:root_000170:B003	ب ي ن	B003	38	الوصلة القائمة بين الأطراف
F073	rare	quranic:root_000170:B009	ب ي ن	B009	38	الحالب من جهة مخصوصة
F073	rare	quranic:root_000175:B003	ت ب ع	B003	21	التقصي أثرا بعد أثر
F073	rare	quranic:root_000202:B001	ث ق ل	B001	40	الثقل ضد الخفة
F073	rare	quranic:root_000266:B011	ج ن ن	B011	17,29	التفاف النبات واندفاعه
F073	rare	quranic:root_000299:B001	ح د ث	B001	34	كون الشيء بعد أن لم يكن
F073	rare	quranic:root_000458:B018	د ب ر	B018	49	دبر السهم الهدف
F073	rare	quranic:root_000477:B001	د ع ع	B001	13	الدَّعّ دفع شديد
F073	rare	quranic:root_000502:B002	د و ن	B002	47	الخسة والحقارة
F073	rare	quranic:root_000532:B007	ر ب ب	B007	7,18,29,37,48	لزوم وإقامة ودوام
F073	rare	quranic:root_000532:B008	ر ب ب	B008	7,18,29,37,48	رباب السحاب
F073	rare	quranic:root_000582:B005	ر ف ع	B005	5	إذاعة الخبر
F073	rare	quranic:root_000586:B004	ر ق ق	B004	3	الأرض الرقيقة اللينة
F073	rare	quranic:root_000607:B002	ر ه ن	B002	21	ثبوت وإقامة ودوام
F073	rare	quranic:root_000652:B006	ز و ج	B006	20	نمط يلقى على الهودج
F073	rare	quranic:root_000682:B008	س ح ر	B008	15	سَحَر الشيء طرفه
F073	rare	quranic:root_000719:B003	س ق ط	B003	44	السقطة خطأ وزلة وإسقاط
F073	rare	quranic:root_000719:B004	س ق ط	B004	44	الولد السِّقط قبل تمامه
F073	rare	quranic:root_000719:B005	س ق ط	B005	44	سقط النار المتطاير
F073	rare	quranic:root_000719:B009	س ق ط	B009	44	استرخاء عدو الفرس وتتابع سقوطه
F073	rare	quranic:root_000719:B011	س ق ط	B011	44	سقطا الليل أوله وآخره
F073	rare	quranic:root_000719:B014	س ق ط	B014	44	سقاط الحديث مناوبة الكلام
F073	rare	quranic:root_000719:B015	س ق ط	B015	44	سقوط الطالب في مهلكة
F073	rare	quranic:root_000720:B002	س ق ف	B002	5	السقيفة المسقوفة
F073	rare	quranic:root_000720:B003	س ق ف	B003	5	السقيفة اللوح العريض
F073	rare	quranic:root_000737:B012	س ل م	B012	38	تسليم الشيء وتخليته
F073	rare	quranic:root_000737:B013	س ل م	B013	38	أخذه سلما أي أسره
F073	rare	quranic:root_000741:B005	س م ع	B005	38	الصيت والشيوع بين الناس
F073	rare	quranic:root_000743:B005	س م م	B005	27	إصلاح يدخل بين المتباينين
F073	rare	quranic:root_000745:B001	س م و	B001	9,36,44	العلو والارتفاع
F073	rare	quranic:root_000745:B004	س م و	B004	9,36,44	السماء وما علا فأظل
F073	rare	quranic:root_000766:B001	س و ي	B001	16	مساواة ومعادلة بين شيئين
F073	rare	quranic:root_000766:B003	س و ي	B003	16	علو واستقرار على شيء
F073	rare	quranic:root_000769:B005	س ي ر	B005	10	الإزاحة والإجلاء
F073	rare	quranic:root_000783:B001	ش ر ب	B001	19	تناول المائع
F073	rare	quranic:root_000798:B002	ش ع ر	B002	30	نبات كثيف كالشَّعر
F073	rare	quranic:root_000825:B002	ش ه و	B002	22	التشهي بعد التشهي
F073	rare	quranic:root_000871:B004	ص ف ف	B004	20	الصُّفَّة في البناء والسرج
F073	rare	quranic:root_000955:B001	ط و ر	B001	1	امتداد الحافة والفناء بمحاذاة الشيء
F073	rare	quranic:root_000957:B004	ط و ف	B004	24	الطائفة الملتفة
F073	rare	quranic:root_000994:B006	ع ذ ب	B006	7,18,27,47	العذبة طرف أو علاقة متدلية
F073	rare	quranic:root_001040:B002	ع ل م	B002	47	أثر يميز الشيء ويهدي إليه
F073	rare	quranic:root_001046:B002	ع م ل	B002	16,19,21	إعمال الشيء واستعماله
F073	rare	quranic:root_001052:B003	ع ن د	B003	37,41	سيلان عاند جانح
F073	rare	quranic:root_001069:B005	ع ي ن	B005	20,48	العين الجاسوسة
F073	rare	quranic:root_001069:B010	ع ي ن	B010	20,48	عين السحاب والمطر
F073	rare	quranic:root_001198:B001	ق ب ل	B001	25,26,28	مواجهة الشيء للشيء
F073	rare	quranic:root_001283:B003	ك ت ب	B003	2,41	إثبات يوجب حكما أو قدرا
F073	rare	quranic:root_001298:B004	ك س ف	B004	44	قطعة منفصلة من جسم أو سماء
F073	rare	quranic:root_001324:B005	ك ن ن	B005	24	الكُنَّة الساترة
F073	rare	quranic:root_001332:B001	ك و ن	B001	14,16,19,26,28,34	وقوع الشيء وحضوره في زمان
F073	rare	quranic:root_001372:B006	ل ق ي	B006	45	شيء مطروح متروك
F073	rare	quranic:root_001372:B010	ل ق ي	B010	45	جعل طرفين يلتقيان
F073	rare	quranic:root_001372:B011	ل ق ي	B011	45	تلقي الكلام أخذا وتلقينا
F073	rare	quranic:root_001397:B001	م ث ل	B001	34	المماثلة والنظير
F073	rare	quranic:root_001397:B004	م ث ل	B004	34	المثل صفة وخبر
F073	rare	quranic:root_001407:B002	م د د	B002	22	زيادة موصولة تمد غيرها بعون أو مادة
F073	rare	quranic:root_001410:B003	م ر ء	B003	21	مراءة الطعام واستمراؤه
F073	rare	quranic:root_001449:B002	م ن ن	B002	27,30	القوة التي يقوم بها الشيء أو ذهابها
F073	rare	quranic:root_001456:B002	م و ر	B002	9	الجريان والانصباب المتردد
F073	rare	quranic:root_001475:B002	ن ج م	B002	49	الطالع الظاهر
F073	rare	quranic:root_001489:B003	ن ز ع	B003	23	الكف بعد تعلق
F073	rare	quranic:root_001489:B013	ن ز ع	B013	23	مُتاخمة أرض لأرض
F073	rare	quranic:root_001503:B001	ن ش ر	B001	3	فتح الشيء وبسطه وتشعبه
F073	rare	quranic:root_001510:B003	ن ص ر	B003	46	إتيان البلد
F073	rare	quranic:root_001573:B006	ه ا ء	B006	14,15,32	الهاء حرف هجاء
F073	rare	quranic:root_001604:B001	ه ن ء	B001	19	هناءة بلا مشقة ولا وخامة
F073	rare	quranic:root_001604:B003	ه ن ء	B003	19	هناءة الماشية من النبت
F073	rare	quranic:root_001675:B006	و ق ع	B006	7	وقوع الطير وموضعه
F073	rare	quranic:root_001677:B001	و ق ي	B001	17,18,27	دفع الضرر بوقاية
F073	rare	quranic:root_001678:B001	و ك ء	B001	20	شد الوكاء وربط الوعاء
F074	core	quranic:root_000025:B001	ء ر ض	B001	36	السفل المقابل للسماء
F074	core	quranic:root_000175:B008	ت ب ع	B008	21	التابع الحسي
F074	core	quranic:root_000458:B013	د ب ر	B013	49	الدبران تابع الثريا
F074	core	quranic:root_000745:B004	س م و	B004	9,36,44	السماء وما علا فأظل
F074	core	quranic:root_001337:B002	ل ء ل ء	B002	24	بريق يتلألأ
F074	core	quranic:root_001475:B001	ن ج م	B001	49	الكوكب الطالع
F074	core	quranic:root_001475:B002	ن ج م	B002	49	الطالع الظاهر
F074	optional	quranic:root_000043:B005	ء ك ل	B005	19	إطعام النار واشتعالها
F074	optional	quranic:root_000152:B005	ب ل ل	B005	33,36	الأبل في الخصومة والمنع
F074	optional	quranic:root_000458:B012	د ب ر	B012	49	الدبور ريح من خلف الكعبة
F074	optional	quranic:root_000458:B014	د ب ر	B014	49	الدبر جماعة النحل والزنابير
F074	optional	quranic:root_000511:B004	ذ ر ر	B004	21	طلوع لطيف منتشر
F074	optional	quranic:root_000586:B006	ر ق ق	B006	3	التَّرقرق واللَّمعان
F074	optional	quranic:root_000676:B005	س ج ر	B005	6	إيقاد النار وتهييجها
F074	optional	quranic:root_000680:B002	س ح ب	B002	44	السحاب المنسحب
F074	optional	quranic:root_000743:B007	س م م	B007	27	سمامة وطير سريع
F074	optional	quranic:root_000798:B008	ش ع ر	B008	30	أسماء مخصوصة منقولة
F074	optional	quranic:root_000967:B005	ظ ل م	B005	47	ماء الأسنان وبريق الثغر
F074	optional	quranic:root_000967:B006	ظ ل م	B006	47	الظليم ذكر النعام
F074	optional	quranic:root_001069:B010	ع ي ن	B010	20,48	عين السحاب والمطر
F074	optional	quranic:root_001198:B012	ق ب ل	B012	25,26,28	ريح تقابل الدبور
F074	optional	quranic:root_001296:B003	ك س ب	B003	21	الكواسب الجوارح
F074	optional	quranic:root_001298:B002	ك س ف	B002	44	ذهاب الضوء واحتجاب النير
F074	optional	quranic:root_001298:B003	ك س ف	B003	44	تغير الوجه والحال إلى كراهة
F074	optional	quranic:root_001307:B001	ك ف ر	B001	42	ستر وتغطية
F074	optional	quranic:root_001315:B005	ك ل ل	B005	21	الإكليل وما يحيط
F074	optional	quranic:root_001315:B011	ك ل ل	B011	21	الانكلال تبسما ولمعا
F074	optional	quranic:root_001337:B004	ل ء ل ء	B004	24	برق العين وتقليب الكفين
F074	optional	quranic:root_001358:B003	ل ع ب	B003	12	لعاب الحيوان الخارج منه
F074	optional	quranic:root_001397:B002	م ث ل	B002	34	المثلة والنكال
F074	optional	quranic:root_001456:B003	م و ر	B003	9	الغبار المثار بالريح
F074	optional	quranic:root_001475:B003	ن ج م	B003	49	النبات بلا ساق
F074	optional	quranic:root_001475:B005	ن ج م	B005	49	النظر في النجوم
F074	optional	quranic:root_001475:B007	ن ج م	B007	49	انجلاء الغيم وانقطاع المطر
F074	optional	quranic:root_001525:B006	ن ع م	B006	17,29	النعام والنعامة الطائر
F074	optional	quranic:root_001525:B007	ن ع م	B007	17,29	ما سمي نعامة تشبيها بالهيئة
F074	optional	quranic:root_001564:B001	ن و ر	B001	13,14	الضياء والإضاءة
F074	optional	quranic:root_001564:B002	ن و ر	B002	13,14	النار المتقدة والسمة بها
F074	optional	quranic:root_001675:B010	و ق ع	B010	7	أثر الدبر والركوب
F075	core	quranic:root_000299:B002	ح د ث	B002	34	طراوة السن وقرب العهد
F075	core	quranic:root_000352:B003	ح ل م	B003	32	بلوغ الحلم
F075	core	quranic:root_000766:B005	س و ي	B005	16	بلوغ وتمام الشباب
F075	optional	quranic:root_000009:B013	ء ت ي	B013	18,34,38	نَفاذ الرجل
F075	optional	quranic:root_000175:B012	ت ب ع	B012	21	الإحكام والتناسب
F075	optional	quranic:root_000266:B014	ج ن ن	B014	17,29	جن الشيء في بدايته
F075	optional	quranic:root_000348:B003	ح ك م	B003	48	الحكمة والعلم المصيب
F075	optional	quranic:root_000348:B004	ح ك م	B004	48	الإحكام والإتقان والوثاقة
F075	optional	quranic:root_000532:B009	ر ب ب	B009	7,18,29,37,48	شاة رُبّى وحداثة
F075	optional	quranic:root_000610:B008	ر و د	B008	42	الجارية الرود الشابة
F075	optional	quranic:root_000955:B003	ط و ر	B003	1	الحد الذي يوقف عنده أو يتجاوز
F075	optional	quranic:root_001103:B001	غ ل م	B001	24	حداثة الغلام
F075	optional	quranic:root_001110:B005	غ ن ي	B005	46	الغانية المستغنية
F075	optional	quranic:root_001198:B003	ق ب ل	B003	25,26,28	جهة الشيء وعنده
F075	optional	quranic:root_001283:B003	ك ت ب	B003	2,41	إثبات يوجب حكما أو قدرا
F075	optional	quranic:root_001332:B005	ك و ن	B005	14,16,19,26,28,34	الشيخ المنسوب إلى كُنْتُ
F075	optional	quranic:root_001696:B001	ي ق ن	B001	36	ثبات العلم وزوال الشك
F075	optional	quranic:root_001696:B002	ي ق ن	B002	36	صون الجارية وخدرها
F075	rare	quranic:root_000009:B003	ء ت ي	B003	18,34,38	مأتى الأمر وتهيؤه
F075	rare	quranic:root_000076:B001	ء ل ي	B001	13	الغاية والانتهاء
F075	rare	quranic:root_000104:B002	ب ر ر	B002	28	خير وطاعة متسعة
F075	rare	quranic:root_000152:B005	ب ل ل	B005	33,36	الأبل في الخصومة والمنع
F075	rare	quranic:root_000355:B004	ح م د	B004	48	حماداك الغاية المحمودة
F075	rare	quranic:root_000382:B001	ح ي ن	B001	48	وقت الشيء وأوانه
F075	rare	quranic:root_000406:B006	خ ز ن	B006	37	الغنى بعد الفقر
F075	rare	quranic:root_000458:B001	د ب ر	B001	49	خلف الشيء ودبره
F075	rare	quranic:root_000502:B001	د و ن	B001	47	القرب دون الغاية
F075	rare	quranic:root_000531:B011	ر ء ي	B011	44	راية منصوبة
F075	rare	quranic:root_000532:B003	ر ب ب	B003	7,18,29,37,48	علم رباني
F075	rare	quranic:root_000532:B011	ر ب ب	B011	7,18,29,37,48	ربابة عهد وميثاق
F075	rare	quranic:root_000719:B003	س ق ط	B003	44	السقطة خطأ وزلة وإسقاط
F075	rare	quranic:root_000741:B011	س م ع	B011	38	سَمْع لا بَلَغ
F075	rare	quranic:root_000766:B002	س و ي	B002	16	استقامة وتمام في الذات
F075	rare	quranic:root_000783:B003	ش ر ب	B003	19	جماعة الشرب والمشارب
F075	rare	quranic:root_000791:B007	ش ر ك	B007	43	تتابع شَرْكي
F075	rare	quranic:root_000831:B003	ش ي ء	B003	21,35,46	حمل الشيء إلى الأمر
F075	rare	quranic:root_000936:B007	ط غ و	B007	32	الطغية نبذة من الشيء
F075	rare	quranic:root_000955:B002	ط و ر	B002	1	الدنو من حريم الشيء وما حوله
F075	rare	quranic:root_000967:B003	ظ ل م	B003	47	الظلامة وطلب الإنصاف
F075	rare	quranic:root_000967:B004	ظ ل م	B004	47	إيقاع الشيء في غير أوانه أو موضعه المحسوس
F075	rare	quranic:root_001040:B002	ع ل م	B002	47	أثر يميز الشيء ويهدي إليه
F075	rare	quranic:root_001046:B001	ع م ل	B001	16,19,21	الفعل المقصود والعمل
F075	rare	quranic:root_001046:B002	ع م ل	B002	16,19,21	إعمال الشيء واستعماله
F075	rare	quranic:root_001103:B002	غ ل م	B002	24	هيجان الشهوة
F075	rare	quranic:root_001198:B002	ق ب ل	B002	25,26,28	تقدم الشيء أو إقباله
F075	rare	quranic:root_001198:B014	ق ب ل	B014	25,26,28	سقي على أفواه الإبل
F075	rare	quranic:root_001198:B015	ق ب ل	B015	25,26,28	ابتداء حاضر غير مهيأ
F075	rare	quranic:root_001273:B008	ق و م	B008	32,48	استقامة واعتدال واستواء
F075	rare	quranic:root_001348:B012	ل ح م	B012	22	الفتل الشديد والتداخل المحكم
F075	rare	quranic:root_001392:B003	ل ي ل	B003	49	الليلة القريبة من اليوم
F075	rare	quranic:root_001434:B004	م ع ع	B004	31	عمل في عجل
F075	rare	quranic:root_001475:B002	ن ج م	B002	49	الطالع الظاهر
F075	rare	quranic:root_001510:B002	ن ص ر	B002	46	انتصاف المظلوم
F075	rare	quranic:root_001675:B001	و ق ع	B001	7	سقوط الشيء وثبوته
F075	rare	quranic:root_001678:B005	و ك ء	B005	20	شدة الغلمة والحاجة إلى الخلاط
F076	core	quranic:root_000025:B002	ء ر ض	B002	36	الأرض اللينة المنبتة
F076	core	quranic:root_000086:B006	ب ح ر	B006	6	الأرض الجامعة للماء
F076	core	quranic:root_000121:B007	ب ص ر	B007	15	حجارة بصرة رخوة
F076	core	quranic:root_000586:B004	ر ق ق	B004	3	الأرض الرقيقة اللينة
F076	core	quranic:root_001675:B008	و ق ع	B008	7	وقائع الماء ومناقعه
F076	optional	quranic:root_000121:B006	ب ص ر	B006	15	غلظ الحافة ووصل الشقتين
F076	optional	quranic:root_000170:B007	ب ي ن	B007	38	قطعة أرض تمتد في النظر
F076	optional	quranic:root_000217:B003	ج ب ل	B003	10	غلظ الخلقة والجسم
F076	optional	quranic:root_000217:B005	ج ب ل	B005	10	صلابة توقف الحفر
F076	optional	quranic:root_000434:B008	خ ل ق	B008	35,36	ملاسة السطح واستواؤه
F076	optional	quranic:root_000434:B011	خ ل ق	B011	35,36	نقرة أو بئر تمسك الماء
F076	optional	quranic:root_000446:B001	خ و ض	B001	12	دخول في الماء
F076	optional	quranic:root_000480:B006	د ف ع	B006	8	مدافع الماء ومصباته
F076	optional	quranic:root_000737:B007	س ل م	B007	38	السلام حجارة صلبة
F076	optional	quranic:root_000741:B014	س م ع	B014	38	بين سمع الأرض وبصرها
F076	optional	quranic:root_000766:B009	س و ي	B009	16	السِيّ واسع أملس من الأرض
F076	optional	quranic:root_000840:B005	ص ب ر	B005	16,48	حجر غليظ وأرض حصباء
F076	optional	quranic:root_000871:B005	ص ف ف	B005	20	الأرض الصفصف
F076	optional	quranic:root_000936:B006	ط غ و	B006	32	الطغية الصفاة أو الموضع المرتفع
F076	optional	quranic:root_000937:B005	ط غ ي	B005	32	الطغية الصفاة الملساء
F076	optional	quranic:root_001040:B005	ع ل م	B005	47	ماء كثير مجتمع في عيلم
F076	optional	quranic:root_001069:B006	ع ي ن	B006	20,48	منبع الماء الجاري
F076	optional	quranic:root_001407:B003	م د د	B003	22	ماء يجري ويمتلئ ويمده ماء آخر
F076	rare	quranic:root_000025:B001	ء ر ض	B001	36	السفل المقابل للسماء
F076	rare	quranic:root_000025:B004	ء ر ض	B004	36	ابن الأرض الغريب
F076	rare	quranic:root_000025:B006	ء ر ض	B006	36	لزوم الأرض والتثاقل إليها
F076	rare	quranic:root_000025:B008	ء ر ض	B008	36	الأَرْض الرعدة
F076	rare	quranic:root_000025:B009	ء ر ض	B009	36	الأَرْض الزكام
F076	rare	quranic:root_000086:B001	ب ح ر	B001	6	الماء الواسع الكثير
F076	rare	quranic:root_000086:B002	ب ح ر	B002	6	السعة والانبساط
F076	rare	quranic:root_000086:B004	ب ح ر	B004	6	الملوحة
F076	rare	quranic:root_000086:B005	ب ح ر	B005	6	الظهور في الفضاء
F076	rare	quranic:root_000121:B001	ب ص ر	B001	15	إبصار العين
F076	rare	quranic:root_000121:B004	ب ص ر	B004	15	بصيرة الدم
F076	rare	quranic:root_000202:B006	ث ق ل	B006	40	الثقلة والبطء
F076	rare	quranic:root_000217:B004	ج ب ل	B004	10	خلقة مطبوعة
F076	rare	quranic:root_000217:B006	ج ب ل	B006	10	دخول الجبال
F076	rare	quranic:root_000217:B011	ج ب ل	B011	10	مصادفة رمل عريض
F076	rare	quranic:root_000266:B011	ج ن ن	B011	17,29	التفاف النبات واندفاعه
F076	rare	quranic:root_000266:B017	ج ن ن	B017	17,29	المَجَنَّة موضع الاستتار
F076	rare	quranic:root_000369:B001	ح و ر	B001	20	حَوَر العين
F076	rare	quranic:root_000458:B002	د ب ر	B002	49	آخر الشيء ومضي عاقبته
F076	rare	quranic:root_000531:B001	ر ء ي	B001	44	رؤية العين والبصيرة
F076	rare	quranic:root_000532:B012	ر ب ب	B012	7,18,29,37,48	ربة نبات
F076	rare	quranic:root_000532:B013	ر ب ب	B013	7,18,29,37,48	ماء رَبَب كثير
F076	rare	quranic:root_000586:B001	ر ق ق	B001	3	الرِّقّة واللِّين
F076	rare	quranic:root_000610:B007	ر و د	B007	42	عوار العين الرائد
F076	rare	quranic:root_000666:B004	س ب ح	B004	43,48,49	السبح في الجري والعوم
F076	rare	quranic:root_000666:B005	س ب ح	B005	43,48,49	السعة للذهاب والمعاش
F076	rare	quranic:root_000682:B008	س ح ر	B008	15	سَحَر الشيء طرفه
F076	rare	quranic:root_000697:B005	س ر ر	B005	20	خالص الشيء وأكرم موضعه
F076	rare	quranic:root_000719:B010	س ق ط	B010	44	السقيط ثلج وجليد ساقط
F076	rare	quranic:root_000720:B001	س ق ف	B001	5	السقف العالي
F076	rare	quranic:root_000720:B002	س ق ف	B002	5	السقيفة المسقوفة
F076	rare	quranic:root_000720:B003	س ق ف	B003	5	السقيفة اللوح العريض
F076	rare	quranic:root_000783:B002	ش ر ب	B002	19	نصيب الماء
F076	rare	quranic:root_000783:B008	ش ر ب	B008	19	إدخال الحبل في العنق
F076	rare	quranic:root_000783:B014	ش ر ب	B014	19	أرض ونبت ريان
F076	rare	quranic:root_000798:B002	ش ع ر	B002	30	نبات كثيف كالشَّعر
F076	rare	quranic:root_000840:B004	ص ب ر	B004	16,48	أعلى الشيء وجوانبه
F076	rare	quranic:root_000840:B009	ص ب ر	B009	16,48	الصبار حمل الشجرة الحامض
F076	rare	quranic:root_000840:B018	ص ب ر	B018	16,48	سداد القارورة والبئر
F076	rare	quranic:root_000852:B002	ص د ق	B002	34	صلابة الشيء واستواؤه
F076	rare	quranic:root_000864:B002	ص ع ق	B002	45	الصاعقة الهدة العلوية
F076	rare	quranic:root_000880:B009	ص ل ي	B009	16	الصلاية حجر يدق عليه
F076	rare	quranic:root_000936:B002	ط غ و	B002	32	طغيان الماء وما يجري مجراه
F076	rare	quranic:root_000936:B008	ط غ و	B008	32	طغي القوم صوتهم
F076	rare	quranic:root_000937:B002	ط غ ي	B002	32	علو الماء والقوة الجارفة
F076	rare	quranic:root_000967:B005	ظ ل م	B005	47	ماء الأسنان وبريق الثغر
F076	rare	quranic:root_001069:B001	ع ي ن	B001	20,48	العين الناظرة
F076	rare	quranic:root_001069:B007	ع ي ن	B007	20,48	عين الجلد والسقاء
F076	rare	quranic:root_001069:B009	ع ي ن	B009	20,48	النقرة أو الموضع العيني
F076	rare	quranic:root_001117:B002	غ ي ب	B002	41	منهبط يغيب فيه الشيء
F076	rare	quranic:root_001273:B003	ق و م	B003	32,48	عزم ونهوض إلى الأمر
F076	rare	quranic:root_001273:B016	ق و م	B016	32,48	جمود ووقوف وكلال
F076	rare	quranic:root_001273:B021	ق و م	B021	32,48	عين قائمة ذاهبة البصر
F076	rare	quranic:root_001298:B004	ك س ف	B004	44	قطعة منفصلة من جسم أو سماء
F076	rare	quranic:root_001307:B012	ك ف ر	B012	42	موضع منقطع
F076	rare	quranic:root_001315:B008	ك ل ل	B008	21	الكُلْكُل قصر وغلظ
F076	rare	quranic:root_001456:B002	م و ر	B002	9	الجريان والانصباب المتردد
F076	rare	quranic:root_001489:B008	ن ز ع	B008	23	ماء ينزع باليد
F076	rare	quranic:root_001489:B013	ن ز ع	B013	23	مُتاخمة أرض لأرض
F076	rare	quranic:root_001510:B003	ن ص ر	B003	46	إتيان البلد
F076	rare	quranic:root_001510:B004	ن ص ر	B004	46	النصر مطر وإغاثة
F076	rare	quranic:root_001510:B007	ن ص ر	B007	46	ناصرة الماء
F076	rare	quranic:root_001675:B003	و ق ع	B003	7	وقوع المطر ومساقطه
F076	rare	quranic:root_001675:B009	و ق ع	B009	7	حد الحديد وبرى الحجر
F076	rare	quranic:root_001675:B013	و ق ع	B013	7	الوقيعة في الناس
F076	rare	quranic:root_001675:B016	و ق ع	B016	7	المكان المرتفع والسحاب الواقع
F077	core	quranic:root_000502:B003	د و ن	B003	47	السوى والغير
F077	core	quranic:root_000766:B002	س و ي	B002	16	استقامة وتمام في الذات
F077	core	quranic:root_000766:B006	س و ي	B006	16	وسط وعدل ومكان منصف
F077	core	quranic:root_000766:B007	س و ي	B007	16	مباينة وكون الشيء غيره
F077	core	quranic:root_001119:B005	غ ي ر	B005	35,43	السوى والخلاف والاستثناء والنفي
F077	optional	quranic:root_000025:B003	ء ر ض	B003	36	الخليق بالخير كالأرض الأريضة
F077	optional	quranic:root_000170:B002	ب ي ن	B002	38	الخلالة والوسط بين شيئين
F077	optional	quranic:root_000175:B012	ت ب ع	B012	21	الإحكام والتناسب
F077	optional	quranic:root_000217:B004	ج ب ل	B004	10	خلقة مطبوعة
F077	optional	quranic:root_000244:B002	ج ز ي	B002	16	قيام الشيء مقام غيره
F077	optional	quranic:root_000434:B003	خ ل ق	B003	35,36	تمام الخلقة واعتدال الصورة
F077	optional	quranic:root_000478:B008	د ع و	B008	28	خلو الدار من داع
F077	optional	quranic:root_000480:B002	د ف ع	B002	8	دفع الشيء إلى غيره بمعنى إيصاله وإعطائه
F077	optional	quranic:root_000607:B002	ر ه ن	B002	21	ثبوت وإقامة ودوام
F077	optional	quranic:root_000741:B014	س م ع	B014	38	بين سمع الأرض وبصرها
F077	optional	quranic:root_000743:B009	س م م	B009	27	لا سم ولا حم
F077	optional	quranic:root_000766:B001	س و ي	B001	16	مساواة ومعادلة بين شيئين
F077	optional	quranic:root_000766:B008	س و ي	B008	16	قصد نحو شخص أو جهة
F077	optional	quranic:root_000783:B010	ش ر ب	B010	19	دعوى ما لم يشرب
F077	optional	quranic:root_000831:B004	ش ي ء	B004	21,35,46	تشويه الخلق وقبحه
F077	optional	quranic:root_000852:B002	ص د ق	B002	34	صلابة الشيء واستواؤه
F077	optional	quranic:root_000955:B007	ط و ر	B007	1	نفي وجود أحد في الموضع
F077	optional	quranic:root_001046:B002	ع م ل	B002	16,19,21	إعمال الشيء واستعماله
F077	optional	quranic:root_001052:B004	ع ن د	B004	37,41	قرب وحضور عند الشيء
F077	optional	quranic:root_001069:B017	ع ي ن	B017	20,48	العين بمعنى الناس الحاضرون
F077	optional	quranic:root_001110:B002	غ ن ي	B002	46	الغَناء والكفاية
F077	optional	quranic:root_001119:B003	غ ي ر	B003	35,43	تغيير الصورة أو إبدال الشيء بغيره
F077	optional	quranic:root_001272:B005	ق و ل	B005	26,30,31,33,44	قول ما لم يكن أو نسبته
F077	optional	quranic:root_001273:B007	ق و م	B007	32,48	نيابة وقيام مقام غيره
F077	optional	quranic:root_001273:B008	ق و م	B008	32,48	استقامة واعتدال واستواء
F077	optional	quranic:root_001290:B005	ك ذ ب	B005	11,14	ما كذب أن فعل أي ما لبث
F077	optional	quranic:root_001397:B004	م ث ل	B004	34	المثل صفة وخبر
F077	optional	quranic:root_001397:B008	م ث ل	B008	34	المثال المصور
F077	rare	quranic:root_000076:B002	ء ل ي	B002	13	معنى عند
F077	rare	quranic:root_000086:B010	ب ح ر	B010	6	الملاقاة بلا قصد
F077	rare	quranic:root_000170:B010	ب ي ن	B010	38	الوقت الواقع أثناء حال أو فعل
F077	rare	quranic:root_000217:B007	ج ب ل	B007	10	إحكام النسج
F077	rare	quranic:root_000382:B004	ح ي ن	B004	48	الإقامة حينا في مكان
F077	rare	quranic:root_000406:B006	خ ز ن	B006	37	الغنى بعد الفقر
F077	rare	quranic:root_000434:B001	خ ل ق	B001	35,36	تقدير الشيء وقياسه
F077	rare	quranic:root_000434:B002	خ ل ق	B002	35,36	إبداع الخلق وإيجاده
F077	rare	quranic:root_000434:B008	خ ل ق	B008	35,36	ملاسة السطح واستواؤه
F077	rare	quranic:root_000477:B003	د ع ع	B003	13	الدعدعة نداء وزجر
F077	rare	quranic:root_000527:B004	ذ و و	B004	14,15,32,47	ماذا للسؤال أو الموصول
F077	rare	quranic:root_000741:B007	س م ع	B007	38	السماع المستلذ والغناء
F077	rare	quranic:root_000741:B011	س م ع	B011	38	سَمْع لا بَلَغ
F077	rare	quranic:root_000743:B011	س م م	B011	27	وجه مقصود وغور مسبور
F077	rare	quranic:root_000766:B004	س و ي	B004	16	إقبال وقصد إلى جهة
F077	rare	quranic:root_000769:B002	س ي ر	B002	10	السيرة والطريقة
F077	rare	quranic:root_000831:B001	ش ي ء	B001	21,35,46	الشيء المعلوم المخبر عنه
F077	rare	quranic:root_000832:B002	ش ي ء	B002	21,35,46	تشويه الخلق والوجه
F077	rare	quranic:root_000852:B001	ص د ق	B001	34	صدق القول
F077	rare	quranic:root_000955:B001	ط و ر	B001	1	امتداد الحافة والفناء بمحاذاة الشيء
F077	rare	quranic:root_001040:B002	ع ل م	B002	47	أثر يميز الشيء ويهدي إليه
F077	rare	quranic:root_001052:B001	ع ن د	B001	37,41	عدول عن الاستقامة وممانعة للحق
F077	rare	quranic:root_001052:B005	ع ن د	B005	37,41	انعدام البد والحيلة
F077	rare	quranic:root_001110:B004	غ ن ي	B004	46	الغنى بالمكان
F077	rare	quranic:root_001198:B003	ق ب ل	B003	25,26,28	جهة الشيء وعنده
F077	rare	quranic:root_001198:B004	ق ب ل	B004	25,26,28	قبول الشيء برضا
F077	rare	quranic:root_001272:B013	ق و ل	B013	26,30,31,33,44	القول اعتقاد ومذهب
F077	rare	quranic:root_001272:B014	ق و ل	B014	26,30,31,33,44	قول الشيء دلالته
F077	rare	quranic:root_001273:B006	ق و م	B006	32,48	مقام وإقامة في موضع
F077	rare	quranic:root_001273:B010	ق و م	B010	32,48	قيمة وتقويم وتسعير
F077	rare	quranic:root_001296:B002	ك س ب	B002	21	إكساب غيره خيرا أو مالا
F077	rare	quranic:root_001332:B001	ك و ن	B001	14,16,19,26,28,34	وقوع الشيء وحضوره في زمان
F077	rare	quranic:root_001332:B002	ك و ن	B002	14,16,19,26,28,34	المكان والمكانة من الكون
F077	rare	quranic:root_001332:B006	ك و ن	B006	14,16,19,26,28,34	حالة السوء بكينة
F077	rare	quranic:root_001348:B012	ل ح م	B012	22	الفتل الشديد والتداخل المحكم
F077	rare	quranic:root_001361:B005	ل غ و	B005	23	الميل عن الصواب
F077	rare	quranic:root_001397:B001	م ث ل	B001	34	المماثلة والنظير
F077	rare	quranic:root_001434:B005	م ع ع	B005	31	الكون مع الغالب بلا مذهب
F077	rare	quranic:root_001489:B001	ن ز ع	B001	23	قلع الشيء من مقره
F078	core	quranic:root_000152:B008	ب ل ل	B008	33,36	بَل حرف الإضراب والتدارك
F078	core	quranic:root_000532:B015	ر ب ب	B015	7,18,29,37,48	حرف رب وربما
F078	core	quranic:root_001373:B002	ل ك ن	B002	47	استدراك لَكِنْ ولَكِنَّ
F078	core	quranic:root_001573:B004	ه ا ء	B004	14,15,32	ها بدل ألف الاستفهام
F078	core	quranic:root_001573:B006	ه ا ء	B006	14,15,32	الهاء حرف هجاء
F078	optional	quranic:root_000047:B002	ء ل ه	B002	27,43	اسم الله في القسم والنداء
F078	optional	quranic:root_000076:B001	ء ل ي	B001	13	الغاية والانتهاء
F078	optional	quranic:root_000076:B002	ء ل ي	B002	13	معنى عند
F078	optional	quranic:root_000076:B003	ء ل ي	B003	13	المعية والضم
F078	optional	quranic:root_000076:B004	ء ل ي	B004	13	الموصول الجمع
F078	optional	quranic:root_000076:B006	ء ل ي	B006	13	الألاء والنعم
F078	optional	quranic:root_000054:B002	ء م ن	B002	21,33	تصديق يطمئن إليه القلب
F078	optional	quranic:root_000054:B003	ء م ن	B003	21,33	قول آمين طلبا للاستجابة
F078	optional	quranic:root_000104:B001	ب ر ر	B001	28	صدق يمضي القول والعمل
F078	optional	quranic:root_000502:B001	د و ن	B001	47	القرب دون الغاية
F078	optional	quranic:root_000527:B003	ذ و و	B003	14,15,32,47	ذا للإشارة
F078	optional	quranic:root_000532:B001	ر ب ب	B001	7,18,29,37,48	ربوبية وملك وسيادة
F078	optional	quranic:root_000666:B002	س ب ح	B002	43,48,49	التنزيه والتبرئة
F078	optional	quranic:root_000745:B005	س م و	B005	9,36,44	الاسم تنويه ودلالة
F078	optional	quranic:root_000766:B004	س و ي	B004	16	إقبال وقصد إلى جهة
F078	optional	quranic:root_000852:B004	ص د ق	B004	34	تحقيق الوعد والفعل
F078	optional	quranic:root_000880:B002	ص ل ي	B002	16	الدعاء والبركة والرحمة
F078	optional	quranic:root_000955:B003	ط و ر	B003	1	الحد الذي يوقف عنده أو يتجاوز
F078	optional	quranic:root_001044:B002	ع م ر	B002	4	الحلف والمناشدة بالعمر
F078	optional	quranic:root_001052:B004	ع ن د	B004	37,41	قرب وحضور عند الشيء
F078	optional	quranic:root_001283:B003	ك ت ب	B003	2,41	إثبات يوجب حكما أو قدرا
F078	optional	quranic:root_001290:B004	ك ذ ب	B004	11,14	صدق الحملة أو كذبها
F078	optional	quranic:root_001315:B003	ك ل ل	B003	21	الكُلّ إحاطة وتماما
F078	optional	quranic:root_001407:B004	م د د	B004	22	أجل أو زمن يطال ويمتد
F078	optional	quranic:root_001525:B003	ن ع م	B003	17,29	مدح الشيء بنعم
F078	optional	quranic:root_001525:B004	ن ع م	B004	17,29	الجواب بنعم والتصديق
F078	optional	quranic:root_001573:B001	ه ا ء	B001	14,15,32	ها للمناولة والأخذ
F078	optional	quranic:root_001573:B002	ه ا ء	B002	14,15,32	ها للتنبيه والافتتاح
F078	optional	quranic:root_001573:B003	ه ا ء	B003	14,15,32	ها للجواب والتلبية
F079	core	quranic:root_001397:B004	م ث ل	B004	34	المثل صفة وخبر
F079	optional	quranic:root_000076:B001	ء ل ي	B001	13	الغاية والانتهاء
F079	optional	quranic:root_000076:B002	ء ل ي	B002	13	معنى عند
F079	optional	quranic:root_000076:B003	ء ل ي	B003	13	المعية والضم
F079	optional	quranic:root_000076:B004	ء ل ي	B004	13	الموصول الجمع
F079	optional	quranic:root_000133:B001	ب ع ض	B001	25	تجزئة الشيء وطائفته
F079	optional	quranic:root_000156:B001	ب ن ي	B001	39	بناء الشيء بضم بعضه إلى بعض
F079	optional	quranic:root_000156:B007	ب ن ي	B007	39	البُنُوَّة والنسب وما ينسب إلى منشأ
F079	optional	quranic:root_000166:B001	ب ي ت	B001	4	المأوى والمسكن
F079	optional	quranic:root_000166:B010	ب ي ت	B010	4	بيت الزواج
F079	optional	quranic:root_000527:B002	ذ و و	B002	14,15,32,47	ذو بمعنى الذي
F079	optional	quranic:root_000582:B001	ر ف ع	B001	5	إعلاء الشيء
F079	optional	quranic:root_000582:B012	ر ف ع	B012	5	الرفع في الإعراب
F079	optional	quranic:root_000720:B001	س ق ف	B001	5	السقف العالي
F079	optional	quranic:root_000720:B002	س ق ف	B002	5	السقيفة المسقوفة
F079	optional	quranic:root_000831:B001	ش ي ء	B001	21,35,46	الشيء المعلوم المخبر عنه
F079	optional	quranic:root_000852:B001	ص د ق	B001	34	صدق القول
F079	optional	quranic:root_000871:B004	ص ف ف	B004	20	الصُّفَّة في البناء والسرج
F079	optional	quranic:root_000955:B001	ط و ر	B001	1	امتداد الحافة والفناء بمحاذاة الشيء
F079	optional	quranic:root_001046:B002	ع م ل	B002	16,19,21	إعمال الشيء واستعماله
F079	optional	quranic:root_001069:B013	ع ي ن	B013	20,48	عين الشيء نفسه
F079	optional	quranic:root_001119:B005	غ ي ر	B005	35,43	السوى والخلاف والاستثناء والنفي
F079	optional	quranic:root_001272:B002	ق و ل	B002	26,30,31,33,44	اللسان آلة القول
F079	optional	quranic:root_001272:B016	ق و ل	B016	26,30,31,33,44	قول الشيء حده
F079	optional	quranic:root_001283:B001	ك ت ب	B001	2,41	ضم شيء إلى شيء
F079	optional	quranic:root_001315:B003	ك ل ل	B003	21	الكُلّ إحاطة وتماما
F079	rare	quranic:root_000009:B010	ء ت ي	B010	18,34,38	الميتاء طريق ومحاذاة
F079	rare	quranic:root_000043:B004	ء ك ل	B004	19	استهلاك المال وأخذه
F079	rare	quranic:root_000043:B011	ء ك ل	B011	19	قلة الجماعة بقدر رأس
F079	rare	quranic:root_000076:B011	ء ل ي	B011	13	الاستطاعة والطاقة
F079	rare	quranic:root_000051:B001	ء م ر	B001	32	الشأن والحال
F079	rare	quranic:root_000156:B003	ب ن ي	B003	39	البِنْية للبيت الحرام ومكة
F079	rare	quranic:root_000166:B003	ب ي ت	B003	4	بيت الشعر
F079	rare	quranic:root_000170:B004	ب ي ن	B004	38	ظهور الشيء وانكشافه
F079	rare	quranic:root_000175:B012	ت ب ع	B012	21	الإحكام والتناسب
F079	rare	quranic:root_000202:B004	ث ق ل	B004	40	المثقال والوزن
F079	rare	quranic:root_000217:B009	ج ب ل	B009	10	عسر ومنع
F079	rare	quranic:root_000217:B010	ج ب ل	B010	10	حمل على أمر
F079	rare	quranic:root_000244:B001	ج ز ي	B001	16	مقابلة الفعل بجزائه
F079	rare	quranic:root_000478:B008	د ع و	B008	28	خلو الدار من داع
F079	rare	quranic:root_000480:B002	د ف ع	B002	8	دفع الشيء إلى غيره بمعنى إيصاله وإعطائه
F079	rare	quranic:root_000502:B001	د و ن	B001	47	القرب دون الغاية
F079	rare	quranic:root_000516:B004	ذ ك ر	B004	29	جريان الذكر على اللسان
F079	rare	quranic:root_000527:B001	ذ و و	B001	14,15,32,47	صاحب الشيء والمنسوب إليه
F079	rare	quranic:root_000527:B004	ذ و و	B004	14,15,32,47	ماذا للسؤال أو الموصول
F079	rare	quranic:root_000531:B001	ر ء ي	B001	44	رؤية العين والبصيرة
F079	rare	quranic:root_000532:B002	ر ب ب	B002	7,18,29,37,48	إصلاح وتربية وإتمام
F079	rare	quranic:root_000532:B003	ر ب ب	B003	7,18,29,37,48	علم رباني
F079	rare	quranic:root_000532:B008	ر ب ب	B008	7,18,29,37,48	رباب السحاب
F079	rare	quranic:root_000532:B015	ر ب ب	B015	7,18,29,37,48	حرف رب وربما
F079	rare	quranic:root_000582:B005	ر ف ع	B005	5	إذاعة الخبر
F079	rare	quranic:root_000595:B001	ر ك م	B001	44	تجمع الشيء بعضه فوق بعض
F079	rare	quranic:root_000610:B001	ر و د	B001	42	الإرادة والمشيئة
F079	rare	quranic:root_000652:B003	ز و ج	B003	20	جعل الشيء قرينا لآخر
F079	rare	quranic:root_000680:B006	س ح ب	B006	44	سحبان العلم والمثل
F079	rare	quranic:root_000720:B004	س ق ف	B004	5	الطول مع الانحناء
F079	rare	quranic:root_000737:B012	س ل م	B012	38	تسليم الشيء وتخليته
F079	rare	quranic:root_000741:B001	س م ع	B001	38	إدراك الأصوات بالأذن
F079	rare	quranic:root_000741:B004	س م ع	B004	38	إسماع الغير
F079	rare	quranic:root_000745:B004	س م و	B004	9,36,44	السماء وما علا فأظل
F079	rare	quranic:root_000745:B005	س م و	B005	9,36,44	الاسم تنويه ودلالة
F079	rare	quranic:root_000766:B004	س و ي	B004	16	إقبال وقصد إلى جهة
F079	rare	quranic:root_000766:B007	س و ي	B007	16	مباينة وكون الشيء غيره
F079	rare	quranic:root_000766:B008	س و ي	B008	16	قصد نحو شخص أو جهة
F079	rare	quranic:root_000831:B002	ش ي ء	B002	21,35,46	المشيئة المتعلّقة بالشيء
F079	rare	quranic:root_000831:B003	ش ي ء	B003	21,35,46	حمل الشيء إلى الأمر
F079	rare	quranic:root_000832:B005	ش ي ء	B005	21,35,46	الاستماع
F079	rare	quranic:root_000831:B006	ش ي ء	B006	21,35,46	إصغاء السمع
F079	rare	quranic:root_000840:B010	ص ب ر	B010	16,48	سحاب أبيض متراكم
F079	rare	quranic:root_000871:B001	ص ف ف	B001	20	الاصطفاف على خط مستو
F079	rare	quranic:root_000936:B001	ط غ و	B001	32	مجاوزة الحد في العصيان
F079	rare	quranic:root_000936:B007	ط غ و	B007	32	الطغية نبذة من الشيء
F079	rare	quranic:root_000955:B002	ط و ر	B002	1	الدنو من حريم الشيء وما حوله
F079	rare	quranic:root_000955:B003	ط و ر	B003	1	الحد الذي يوقف عنده أو يتجاوز
F079	rare	quranic:root_000955:B006	ط و ر	B006	1	التوحش والخروج عن حد الأنس
F079	rare	quranic:root_000955:B007	ط و ر	B007	1	نفي وجود أحد في الموضع
F079	rare	quranic:root_000957:B001	ط و ف	B001	24	الدوران حول الشيء
F079	rare	quranic:root_000957:B004	ط و ف	B004	24	الطائفة الملتفة
F079	rare	quranic:root_001040:B001	ع ل م	B001	47	انكشاف الشيء للعارف
F079	rare	quranic:root_001044:B001	ع م ر	B001	4	امتداد الحياة في الزمن
F079	rare	quranic:root_001046:B007	ع م ل	B007	16,19,21	التعمل بمعنى التعني
F079	rare	quranic:root_001052:B004	ع ن د	B004	37,41	قرب وحضور عند الشيء
F079	rare	quranic:root_001069:B003	ع ي ن	B003	20,48	عين الحفظ والرعاية
F079	rare	quranic:root_001069:B009	ع ي ن	B009	20,48	النقرة أو الموضع العيني
F079	rare	quranic:root_001069:B016	ع ي ن	B016	20,48	سعة العين وحسنها
F079	rare	quranic:root_001198:B004	ق ب ل	B004	25,26,28	قبول الشيء برضا
F079	rare	quranic:root_001198:B013	ق ب ل	B013	25,26,28	طاقة على المقابلة
F079	rare	quranic:root_001272:B001	ق و ل	B001	26,30,31,33,44	إخراج القول بالنطق
F079	rare	quranic:root_001272:B013	ق و ل	B013	26,30,31,33,44	القول اعتقاد ومذهب
F079	rare	quranic:root_001272:B014	ق و ل	B014	26,30,31,33,44	قول الشيء دلالته
F079	rare	quranic:root_001273:B011	ق و م	B011	32,48	قامة وقوام الجسم والطول
F079	rare	quranic:root_001273:B021	ق و م	B021	32,48	عين قائمة ذاهبة البصر
F079	rare	quranic:root_001296:B002	ك س ب	B002	21	إكساب غيره خيرا أو مالا
F079	rare	quranic:root_001298:B004	ك س ف	B004	44	قطعة منفصلة من جسم أو سماء
F079	rare	quranic:root_001307:B005	ك ف ر	B005	42	تبرؤ وتنصل
F079	rare	quranic:root_001315:B005	ك ل ل	B005	21	الإكليل وما يحيط
F079	rare	quranic:root_001324:B005	ك ن ن	B005	24	الكُنَّة الساترة
F079	rare	quranic:root_001334:B003	ك ي د	B003	42,46	مكابدة خروج النفس
F079	rare	quranic:root_001337:B004	ل ء ل ء	B004	24	برق العين وتقليب الكفين
F079	rare	quranic:root_001397:B003	م ث ل	B003	34	المثل المضروب
F079	rare	quranic:root_001407:B001	م د د	B001	22	جر الشيء في طول حتى يتصل ويمتد
F079	rare	quranic:root_001434:B006	م ع ع	B006	31	تكرير لفظ مع في القول والكتابة
F079	rare	quranic:root_001475:B008	ن ج م	B008	49	المعدن والمنبع
F079	rare	quranic:root_001525:B013	ن ع م	B013	17,29	نعم الله بك عينا وقرة العين
F079	rare	quranic:root_001638:B003	و ذ ر	B003	45	ذَرْ الشيء وتركه
F079	rare	quranic:root_001677:B004	و ق ي	B004	17,18,27	الأوقية وزن معلوم
F079	rare	quranic:root_001700:B002	ي و م	B002	9,13,45,46	مدة من الزمان
F080	core	quranic:root_000086:B001	ب ح ر	B001	6	الماء الواسع الكثير
F080	core	quranic:root_000086:B004	ب ح ر	B004	6	الملوحة
F080	core	quranic:root_000676:B001	س ج ر	B001	6	الامتلاء بالماء وما يجري مجراه
F080	core	quranic:root_000936:B002	ط غ و	B002	32	طغيان الماء وما يجري مجراه
F080	core	quranic:root_001040:B005	ع ل م	B005	47	ماء كثير مجتمع في عيلم
F080	core	quranic:root_001407:B003	م د د	B003	22	ماء يجري ويمتلئ ويمده ماء آخر
F080	optional	quranic:root_000009:B004	ء ت ي	B004	18,34,38	مجرى الماء وتسليك سبيله
F080	optional	quranic:root_000086:B002	ب ح ر	B002	6	السعة والانبساط
F080	optional	quranic:root_000086:B006	ب ح ر	B006	6	الأرض الجامعة للماء
F080	optional	quranic:root_000086:B009	ب ح ر	B009	6	ركوب البحر والنسبة إليه
F080	optional	quranic:root_000086:B011	ب ح ر	B011	6	الداء المورث للسُّل وذهاب اللحم
F080	optional	quranic:root_000086:B014	ب ح ر	B014	6	اشتداد العطش مع عدم الرِّيّ
F080	optional	quranic:root_000104:B005	ب ر ر	B005	28	يابسة وصحراء
F080	optional	quranic:root_000532:B013	ر ب ب	B013	7,18,29,37,48	ماء رَبَب كثير
F080	optional	quranic:root_000666:B004	س ب ح	B004	43,48,49	السبح في الجري والعوم
F080	optional	quranic:root_000745:B006	س م و	B006	9,36,44	الخروج للصيد
F080	optional	quranic:root_000766:B009	س و ي	B009	16	السِيّ واسع أملس من الأرض
F080	optional	quranic:root_000783:B002	ش ر ب	B002	19	نصيب الماء
F080	optional	quranic:root_000937:B002	ط غ ي	B002	32	علو الماء والقوة الجارفة
F080	optional	quranic:root_000957:B002	ط و ف	B002	24	الطوفان المحيط
F080	optional	quranic:root_001069:B006	ع ي ن	B006	20,48	منبع الماء الجاري
F080	optional	quranic:root_001675:B008	و ق ع	B008	7	وقائع الماء ومناقعه
F080	rare	quranic:root_000025:B002	ء ر ض	B002	36	الأرض اللينة المنبتة
F080	rare	quranic:root_000043:B003	ء ك ل	B003	19	النصيب والرزق المطعوم
F080	rare	quranic:root_000051:B005	ء م ر	B005	32	العلامة والموعد
F080	rare	quranic:root_000086:B005	ب ح ر	B005	6	الظهور في الفضاء
F080	rare	quranic:root_000086:B008	ب ح ر	B008	6	الدهش والتحير
F080	rare	quranic:root_000166:B006	ب ي ت	B006	4	شيء بات ليلة
F080	rare	quranic:root_000217:B009	ج ب ل	B009	10	عسر ومنع
F080	rare	quranic:root_000352:B009	ح ل م	B009	32	أعلام وأماكن وأيام مشهورة
F080	rare	quranic:root_000369:B005	ح و ر	B005	20	الرجوع والنقصان
F080	rare	quranic:root_000434:B011	خ ل ق	B011	35,36	نقرة أو بئر تمسك الماء
F080	rare	quranic:root_000446:B001	خ و ض	B001	12	دخول في الماء
F080	rare	quranic:root_000458:B021	د ب ر	B021	49	الدبر قطعة في البحر
F080	rare	quranic:root_000477:B008	د ع ع	B008	13	الدعدع نبت مائي
F080	rare	quranic:root_000480:B005	د ف ع	B005	8	دفاع السيل والموج والكثرة المتدافعة
F080	rare	quranic:root_000480:B006	د ف ع	B006	8	مدافع الماء ومصباته
F080	rare	quranic:root_000531:B002	ر ء ي	B002	44	رأي القلب والتفكر
F080	rare	quranic:root_000586:B004	ر ق ق	B004	3	الأرض الرقيقة اللينة
F080	rare	quranic:root_000666:B005	س ب ح	B005	43,48,49	السعة للذهاب والمعاش
F080	rare	quranic:root_000666:B006	س ب ح	B006	43,48,49	خرز التسبيح
F080	rare	quranic:root_000666:B008	س ب ح	B008	43,48,49	سبوحة الموضع
F080	rare	quranic:root_000680:B002	س ح ب	B002	44	السحاب المنسحب
F080	rare	quranic:root_000680:B007	س ح ب	B007	44	السحبة من ماء الغدير
F080	rare	quranic:root_000682:B001	س ح ر	B001	15	السَّحَر العضو
F080	rare	quranic:root_000682:B003	س ح ر	B003	15	السَّحْر بالغذاء
F080	rare	quranic:root_000741:B014	س م ع	B014	38	بين سمع الأرض وبصرها
F080	rare	quranic:root_000743:B002	س م م	B002	27	سم يدخل البدن
F080	rare	quranic:root_000743:B006	س م م	B006	27	ودع وخرز مثقوب للزينة
F080	rare	quranic:root_000743:B007	س م م	B007	27	سمامة وطير سريع
F080	rare	quranic:root_000743:B010	س م م	B010	27	السامة موت
F080	rare	quranic:root_000743:B011	س م م	B011	27	وجه مقصود وغور مسبور
F080	rare	quranic:root_000783:B005	ش ر ب	B005	19	ماء يشرب مع كراهة
F080	rare	quranic:root_000791:B006	ش ر ك	B006	43	شَرَك الصائد
F080	rare	quranic:root_000871:B007	ص ف ف	B007	20	التصافّ على الماء
F080	rare	quranic:root_000880:B005	ص ل ي	B005	16	المَصالي أشراك وفخوخ
F080	rare	quranic:root_000880:B007	ص ل ي	B007	16	المصلي يتلو السابق
F080	rare	quranic:root_000936:B001	ط غ و	B001	32	مجاوزة الحد في العصيان
F080	rare	quranic:root_000936:B005	ط غ و	B005	32	الطاغية عقوبة غالبة
F080	rare	quranic:root_000936:B008	ط غ و	B008	32	طغي القوم صوتهم
F080	rare	quranic:root_000937:B001	ط غ ي	B001	32	مجاوزة الحد في العصيان
F080	rare	quranic:root_000955:B003	ط و ر	B003	1	الحد الذي يوقف عنده أو يتجاوز
F080	rare	quranic:root_000957:B006	ط و ف	B006	24	الطَّوْف المركب
F080	rare	quranic:root_000957:B010	ط و ف	B010	24	طائف الحائط والبلد
F080	rare	quranic:root_000967:B005	ظ ل م	B005	47	ماء الأسنان وبريق الثغر
F080	rare	quranic:root_000994:B001	ع ذ ب	B001	7,18,27,47	العذوبة والطيب في الماء والمطعوم
F080	rare	quranic:root_001044:B001	ع م ر	B001	4	امتداد الحياة في الزمن
F080	rare	quranic:root_001052:B001	ع ن د	B001	37,41	عدول عن الاستقامة وممانعة للحق
F080	rare	quranic:root_001069:B010	ع ي ن	B010	20,48	عين السحاب والمطر
F080	rare	quranic:root_001103:B005	غ ل م	B005	24	موضع اسمه الغيلم
F080	rare	quranic:root_001272:B003	ق و ل	B003	26,30,31,33,44	كثرة القول في صاحبه
F080	rare	quranic:root_001286:B003	ك ث ر	B003	47	كثرة في صاحب أو كلام أو مطالب
F080	rare	quranic:root_001307:B002	ك ف ر	B002	42	غمر ساتر
F080	rare	quranic:root_001307:B012	ك ف ر	B012	42	موضع منقطع
F080	rare	quranic:root_001348:B003	ل ح م	B003	22	إطعام اللحم ورزق الصيد
F080	rare	quranic:root_001407:B001	م د د	B001	22	جر الشيء في طول حتى يتصل ويمتد
F080	rare	quranic:root_001434:B006	م ع ع	B006	31	تكرير لفظ مع في القول والكتابة
F080	rare	quranic:root_001456:B002	م و ر	B002	9	الجريان والانصباب المتردد
F080	rare	quranic:root_001489:B011	ن ز ع	B011	23	طيب مقطع الشراب
F080	rare	quranic:root_001510:B007	ن ص ر	B007	46	ناصرة الماء
F080	rare	quranic:root_001675:B010	و ق ع	B010	7	أثر الدبر والركوب
F081	core	quranic:root_000076:B004	ء ل ي	B004	13	الموصول الجمع
F081	core	quranic:root_000170:B010	ب ي ن	B010	38	الوقت الواقع أثناء حال أو فعل
F081	core	quranic:root_000355:B002	ح م د	B002	48	وجود الشيء محمودا
F081	core	quranic:root_000527:B004	ذ و و	B004	14,15,32,47	ماذا للسؤال أو الموصول
F081	core	quranic:root_000661:B001	س ء ل	B001	25,40	السؤال والطلب
F081	core	quranic:root_000661:B004	س ء ل	B004	25,40	السؤال المتبادل
F081	core	quranic:root_000955:B007	ط و ر	B007	1	نفي وجود أحد في الموضع
F081	core	quranic:root_001272:B011	ق و ل	B011	26,30,31,33,44	قول يجري مجرى الظن
F081	core	quranic:root_001573:B004	ه ا ء	B004	14,15,32	ها بدل ألف الاستفهام
F082	core	quranic:root_000025:B003	ء ر ض	B003	36	الخليق بالخير كالأرض الأريضة
F082	core	quranic:root_000064:B003	ء ه ل	B003	26	موضع الصلاح والاستحقاق
F082	core	quranic:root_000434:B005	خ ل ق	B005	35,36	الجدارة والتهيؤ للشيء
F082	optional	quranic:root_000104:B002	ب ر ر	B002	28	خير وطاعة متسعة
F082	optional	quranic:root_000152:B002	ب ل ل	B002	33,36	ندى الخير والصلة
F082	optional	quranic:root_000217:B004	ج ب ل	B004	10	خلقة مطبوعة
F082	optional	quranic:root_000434:B002	خ ل ق	B002	35,36	إبداع الخلق وإيجاده
F082	optional	quranic:root_000434:B003	خ ل ق	B003	35,36	تمام الخلقة واعتدال الصورة
F082	optional	quranic:root_000434:B004	خ ل ق	B004	35,36	السجية والطبيعة الباطنة
F082	optional	quranic:root_000434:B008	خ ل ق	B008	35,36	ملاسة السطح واستواؤه
F082	optional	quranic:root_000434:B010	خ ل ق	B010	35,36	الخلوق والتخليق بالطيب
F082	optional	quranic:root_000511:B003	ذ ر ر	B003	21	مسحوق الذريرة والذَّرور
F082	optional	quranic:root_000586:B007	ر ق ق	B007	3	المقاربة والتَّهَيُّؤ
F082	optional	quranic:root_001119:B001	غ ي ر	B001	35,43	الصلاح والمنفعة بالميرة والسقي والإصلاح
F082	optional	quranic:root_001174:B001	ف ك ه	B001	18,22	طيب النفس والنعيم المستطاب
F082	optional	quranic:root_001410:B006	م ر ء	B006	21	الرجل المَرِيء المقبول
F082	optional	quranic:root_001503:B003	ن ش ر	B003	3	الرائحة الطيبة المنتشرة
F082	optional	quranic:root_001525:B001	ن ع م	B001	17,29	حسن الحال والنعمة
F082	optional	quranic:root_001677:B002	و ق ي	B002	17,18,27	جعل النفس في وقاية
F082	rare	quranic:root_000009:B003	ء ت ي	B003	18,34,38	مأتى الأمر وتهيؤه
F082	rare	quranic:root_000025:B002	ء ر ض	B002	36	الأرض اللينة المنبتة
F082	rare	quranic:root_000086:B006	ب ح ر	B006	6	الأرض الجامعة للماء
F082	rare	quranic:root_000086:B008	ب ح ر	B008	6	الدهش والتحير
F082	rare	quranic:root_000104:B001	ب ر ر	B001	28	صدق يمضي القول والعمل
F082	rare	quranic:root_000156:B002	ب ن ي	B002	39	البِنْية والهيئة المركبة
F082	rare	quranic:root_000170:B002	ب ي ن	B002	38	الخلالة والوسط بين شيئين
F082	rare	quranic:root_000175:B012	ت ب ع	B012	21	الإحكام والتناسب
F082	rare	quranic:root_000217:B012	ج ب ل	B012	10	سادات كالجِبال
F082	rare	quranic:root_000266:B003	ج ن ن	B003	17,29	البستان المستور بالشجر
F082	rare	quranic:root_000266:B009	ج ن ن	B009	17,29	مواراة الميت
F082	rare	quranic:root_000355:B002	ح م د	B002	48	وجود الشيء محمودا
F082	rare	quranic:root_000480:B004	د ف ع	B004	8	دفعة واحدة من مطر أو دم أو سائل
F082	rare	quranic:root_000502:B001	د و ن	B001	47	القرب دون الغاية
F082	rare	quranic:root_000502:B002	د و ن	B002	47	الخسة والحقارة
F082	rare	quranic:root_000502:B004	د و ن	B004	47	الإغراء بالتناول
F082	rare	quranic:root_000532:B002	ر ب ب	B002	7,18,29,37,48	إصلاح وتربية وإتمام
F082	rare	quranic:root_000532:B006	ر ب ب	B006	7,18,29,37,48	رُبّ خاثر وإصلاح به
F082	rare	quranic:root_000532:B012	ر ب ب	B012	7,18,29,37,48	ربة نبات
F082	rare	quranic:root_000532:B013	ر ب ب	B013	7,18,29,37,48	ماء رَبَب كثير
F082	rare	quranic:root_000586:B004	ر ق ق	B004	3	الأرض الرقيقة اللينة
F082	rare	quranic:root_000610:B002	ر و د	B002	42	المراودة على الفعل
F082	rare	quranic:root_000682:B003	س ح ر	B003	15	السَّحْر بالغذاء
F082	rare	quranic:root_000719:B002	س ق ط	B002	44	الساقط الذي لا يعتد به
F082	rare	quranic:root_000719:B010	س ق ط	B010	44	السقيط ثلج وجليد ساقط
F082	rare	quranic:root_000743:B005	س م م	B005	27	إصلاح يدخل بين المتباينين
F082	rare	quranic:root_000766:B002	س و ي	B002	16	استقامة وتمام في الذات
F082	rare	quranic:root_000766:B006	س و ي	B006	16	وسط وعدل ومكان منصف
F082	rare	quranic:root_000766:B009	س و ي	B009	16	السِيّ واسع أملس من الأرض
F082	rare	quranic:root_000783:B002	ش ر ب	B002	19	نصيب الماء
F082	rare	quranic:root_000798:B002	ش ع ر	B002	30	نبات كثيف كالشَّعر
F082	rare	quranic:root_000798:B005	ش ع ر	B005	30	علم دقيق وفطنة
F082	rare	quranic:root_000832:B002	ش ي ء	B002	21,35,46	تشويه الخلق والوجه
F082	rare	quranic:root_000831:B004	ش ي ء	B004	21,35,46	تشويه الخلق وقبحه
F082	rare	quranic:root_000832:B004	ش ي ء	B004	21,35,46	الإعجاب والسرور
F082	rare	quranic:root_000840:B010	ص ب ر	B010	16,48	سحاب أبيض متراكم
F082	rare	quranic:root_000840:B017	ص ب ر	B017	16,48	الجبل ووسطه
F082	rare	quranic:root_000852:B003	ص د ق	B003	34	تمام الصلاح والثبوت
F082	rare	quranic:root_000871:B005	ص ف ف	B005	20	الأرض الصفصف
F082	rare	quranic:root_000955:B002	ط و ر	B002	1	الدنو من حريم الشيء وما حوله
F082	rare	quranic:root_000967:B005	ظ ل م	B005	47	ماء الأسنان وبريق الثغر
F082	rare	quranic:root_000994:B001	ع ذ ب	B001	7,18,27,47	العذوبة والطيب في الماء والمطعوم
F082	rare	quranic:root_001046:B001	ع م ل	B001	16,19,21	الفعل المقصود والعمل
F082	rare	quranic:root_001052:B004	ع ن د	B004	37,41	قرب وحضور عند الشيء
F082	rare	quranic:root_001069:B006	ع ي ن	B006	20,48	منبع الماء الجاري
F082	rare	quranic:root_001069:B014	ع ي ن	B014	20,48	العين خيار الشيء
F082	rare	quranic:root_001069:B015	ع ي ن	B015	20,48	أعيان القوم والإخوة
F082	rare	quranic:root_001119:B005	غ ي ر	B005	35,43	السوى والخلاف والاستثناء والنفي
F082	rare	quranic:root_001198:B003	ق ب ل	B003	25,26,28	جهة الشيء وعنده
F082	rare	quranic:root_001272:B013	ق و ل	B013	26,30,31,33,44	القول اعتقاد ومذهب
F082	rare	quranic:root_001272:B015	ق و ل	B015	26,30,31,33,44	العناية الصادقة بالشيء
F082	rare	quranic:root_001273:B004	ق و م	B004	32,48	رعاية وحفظ وولاية
F082	rare	quranic:root_001290:B008	ك ذ ب	B008	11,14	النفس الكذوب
F082	rare	quranic:root_001307:B011	ك ف ر	B011	42	كافور طيب
F082	rare	quranic:root_001397:B008	م ث ل	B008	34	المثال المصور
F082	rare	quranic:root_001397:B009	م ث ل	B009	34	الأمثل فضلا
F082	rare	quranic:root_001410:B003	م ر ء	B003	21	مراءة الطعام واستمراؤه
F082	rare	quranic:root_001449:B003	م ن ن	B003	27,30	إثقال المنعم عليه بنعمة أو تذكيرها
F082	rare	quranic:root_001475:B007	ن ج م	B007	49	انجلاء الغيم وانقطاع المطر
F082	rare	quranic:root_001489:B011	ن ز ع	B011	23	طيب مقطع الشراب
F082	rare	quranic:root_001489:B015	ن ز ع	B015	23	نبت يسمى النزعة
F082	rare	quranic:root_001503:B004	ن ش ر	B004	3	الكَلأ اليابس إذا أحياه المطر
F082	rare	quranic:root_001510:B004	ن ص ر	B004	46	النصر مطر وإغاثة
F082	rare	quranic:root_001525:B002	ن ع م	B002	17,29	اللين والنعومة ورفاه العيش
F082	rare	quranic:root_001564:B004	ن و ر	B004	13,14	نور الشجر وزهره
F082	rare	quranic:root_001604:B001	ه ن ء	B001	19	هناءة بلا مشقة ولا وخامة
F082	rare	quranic:root_001675:B003	و ق ع	B003	7	وقوع المطر ومساقطه
F082	rare	quranic:root_001675:B016	و ق ع	B016	7	المكان المرتفع والسحاب الواقع
F083	core	quranic:root_000348:B002	ح ك م	B002	48	الحكم والقضاء بين الناس
F083	core	quranic:root_001510:B002	ن ص ر	B002	46	انتصاف المظلوم
F083	optional	quranic:root_000175:B012	ت ب ع	B012	21	الإحكام والتناسب
F083	optional	quranic:root_000348:B001	ح ك م	B001	48	المنع والرد للإصلاح
F083	optional	quranic:root_000348:B003	ح ك م	B003	48	الحكمة والعلم المصيب
F083	optional	quranic:root_000348:B004	ح ك م	B004	48	الإحكام والإتقان والوثاقة
F083	optional	quranic:root_000348:B005	ح ك م	B005	48	التفويض والتحكيم
F083	optional	quranic:root_000480:B002	د ف ع	B002	8	دفع الشيء إلى غيره بمعنى إيصاله وإعطائه
F083	optional	quranic:root_000582:B004	ر ف ع	B004	5	التقريب والتقديم
F083	optional	quranic:root_000610:B001	ر و د	B001	42	الإرادة والمشيئة
F083	optional	quranic:root_000737:B012	س ل م	B012	38	تسليم الشيء وتخليته
F083	optional	quranic:root_000967:B003	ظ ل م	B003	47	الظلامة وطلب الإنصاف
F083	optional	quranic:root_000967:B008	ظ ل م	B008	47	المنع والحبس عن الحق
F083	optional	quranic:root_001272:B010	ق و ل	B010	26,30,31,33,44	اقتالة الحكم على غيره
F083	optional	quranic:root_001273:B002	ق و م	B002	32,48	انتصاب وقيام بالبدن
F083	optional	quranic:root_001273:B011	ق و م	B011	32,48	قامة وقوام الجسم والطول
F083	optional	quranic:root_001273:B017	ق و م	B017	32,48	انتصاف النهار وقائم الظهيرة
F083	optional	quranic:root_001283:B003	ك ت ب	B003	2,41	إثبات يوجب حكما أو قدرا
F083	optional	quranic:root_001397:B005	م ث ل	B005	34	المثول والانتصاب
F083	optional	quranic:root_001407:B001	م د د	B001	22	جر الشيء في طول حتى يتصل ويمتد
F083	rare	quranic:root_000044:B001	ء ل ت	B001	21	النقصان
F083	rare	quranic:root_000076:B009	ء ل ي	B009	13	المنع
F083	rare	quranic:root_000051:B001	ء م ر	B001	32	الشأن والحال
F083	rare	quranic:root_000121:B002	ب ص ر	B002	15	بصيرة القلب
F083	rare	quranic:root_000244:B002	ج ز ي	B002	16	قيام الشيء مقام غيره
F083	rare	quranic:root_000244:B003	ج ز ي	B003	16	تقاضي الدين واستيفاؤه
F083	rare	quranic:root_000266:B002	ج ن ن	B002	17,29	غشيان الليل
F083	rare	quranic:root_000352:B002	ح ل م	B002	32	رؤية المنام والاحتلام
F083	rare	quranic:root_000434:B001	خ ل ق	B001	35,36	تقدير الشيء وقياسه
F083	rare	quranic:root_000434:B003	خ ل ق	B003	35,36	تمام الخلقة واعتدال الصورة
F083	rare	quranic:root_000458:B006	د ب ر	B006	49	تدبير الأمر والنظر في عاقبته
F083	rare	quranic:root_000661:B003	س ء ل	B003	25,40	قضاء المسألة
F083	rare	quranic:root_000720:B004	س ق ف	B004	5	الطول مع الانحناء
F083	rare	quranic:root_000737:B001	س ل م	B001	38	السلامة والبراءة من الآفات
F083	rare	quranic:root_000737:B013	س ل م	B013	38	أخذه سلما أي أسره
F083	rare	quranic:root_000783:B012	ش ر ب	B012	19	مال يؤكل ويشرب
F083	rare	quranic:root_000832:B007	ش ي ء	B007	21,35,46	التلهف والتعجب
F083	rare	quranic:root_000880:B001	ص ل ي	B001	16	الصلاة عبادة لازمة
F083	rare	quranic:root_000994:B003	ع ذ ب	B003	7,18,27,47	الكف والمنع والفطام عن الشيء
F083	rare	quranic:root_001044:B001	ع م ر	B001	4	امتداد الحياة في الزمن
F083	rare	quranic:root_001046:B002	ع م ل	B002	16,19,21	إعمال الشيء واستعماله
F083	rare	quranic:root_001046:B005	ع م ل	B005	16,19,21	المعاملة بين الناس
F083	rare	quranic:root_001273:B003	ق و م	B003	32,48	عزم ونهوض إلى الأمر
F083	rare	quranic:root_001273:B007	ق و م	B007	32,48	نيابة وقيام مقام غيره
F083	rare	quranic:root_001273:B012	ق و م	B012	32,48	آلة قائمة وجزء قائم
F083	rare	quranic:root_001273:B013	ق و م	B013	32,48	قيامة وبعث وقيام الساعة
F083	rare	quranic:root_001273:B014	ق و م	B014	32,48	مقاومة ومنازلة
F083	rare	quranic:root_001296:B002	ك س ب	B002	21	إكساب غيره خيرا أو مالا
F083	rare	quranic:root_001307:B002	ك ف ر	B002	42	غمر ساتر
F083	rare	quranic:root_001372:B009	ل ق ي	B009	45	انبطاح على القفا
F083	rare	quranic:root_001392:B001	ل ي ل	B001	49	الليل خلاف النهار وظلمته
F083	rare	quranic:root_001397:B002	م ث ل	B002	34	المثلة والنكال
F083	rare	quranic:root_001397:B012	م ث ل	B012	34	التماثل من العلة
F083	rare	quranic:root_001449:B002	م ن ن	B002	27,30	القوة التي يقوم بها الشيء أو ذهابها
F083	rare	quranic:root_001675:B002	و ق ع	B002	7	الواقعة النازلة الشديدة
F083	rare	quranic:root_001700:B001	ي و م	B001	9,13,45,46	وقت النهار المحدود
F084	core	quranic:root_000156:B003	ب ن ي	B003	39	البِنْية للبيت الحرام ومكة
F084	core	quranic:root_000166:B008	ب ي ت	B008	4	بيت الشرف
F084	core	quranic:root_000266:B017	ج ن ن	B017	17,29	المَجَنَّة موضع الاستتار
F084	core	quranic:root_000352:B009	ح ل م	B009	32	أعلام وأماكن وأيام مشهورة
F084	core	quranic:root_000666:B008	س ب ح	B008	43,48,49	سبوحة الموضع
F084	core	quranic:root_000957:B010	ط و ف	B010	24	طائف الحائط والبلد
F084	core	quranic:root_001103:B005	غ ل م	B005	24	موضع اسمه الغيلم
F084	optional	quranic:root_000064:B001	ء ه ل	B001	26	جماعة القرب والانتماء
F084	optional	quranic:root_000064:B002	ء ه ل	B002	26	اتخاذ الأهل بالزواج
F084	optional	quranic:root_000064:B004	ء ه ل	B004	26	أنس المكان والعمران
F084	optional	quranic:root_000086:B001	ب ح ر	B001	6	الماء الواسع الكثير
F084	optional	quranic:root_000086:B006	ب ح ر	B006	6	الأرض الجامعة للماء
F084	optional	quranic:root_000156:B001	ب ن ي	B001	39	بناء الشيء بضم بعضه إلى بعض
F084	optional	quranic:root_000156:B006	ب ن ي	B006	39	بناء الرجل على أهله ودخوله بها
F084	optional	quranic:root_000166:B001	ب ي ت	B001	4	المأوى والمسكن
F084	optional	quranic:root_000166:B002	ب ي ت	B002	4	أهل البيت وعياله
F084	optional	quranic:root_000166:B003	ب ي ت	B003	4	بيت الشعر
F084	optional	quranic:root_000166:B007	ب ي ت	B007	4	القبر بيت
F084	optional	quranic:root_000166:B010	ب ي ت	B010	4	بيت الزواج
F084	optional	quranic:root_000217:B002	ج ب ل	B002	10	كثرة كالجبل
F084	optional	quranic:root_000266:B008	ج ن ن	B008	17,29	الجُنّة الواقية
F084	optional	quranic:root_000382:B004	ح ي ن	B004	48	الإقامة حينا في مكان
F084	optional	quranic:root_000458:B012	د ب ر	B012	49	الدبور ريح من خلف الكعبة
F084	optional	quranic:root_000720:B001	س ق ف	B001	5	السقف العالي
F084	optional	quranic:root_000720:B002	س ق ف	B002	5	السقيفة المسقوفة
F084	optional	quranic:root_000720:B003	س ق ف	B003	5	السقيفة اللوح العريض
F084	optional	quranic:root_000732:B007	س ل ط	B007	38	السلاط غليل
F084	optional	quranic:root_000871:B004	ص ف ف	B004	20	الصُّفَّة في البناء والسرج
F084	optional	quranic:root_000955:B005	ط و ر	B005	1	الطور جبلا أو علما على جبل
F084	optional	quranic:root_001040:B005	ع ل م	B005	47	ماء كثير مجتمع في عيلم
F084	optional	quranic:root_001044:B007	ع م ر	B007	4	الجماعة التي تعمر الموضع
F084	optional	quranic:root_001110:B004	غ ن ي	B004	46	الغنى بالمكان
F084	optional	quranic:root_001117:B002	غ ي ب	B002	41	منهبط يغيب فيه الشيء
F084	optional	quranic:root_001117:B003	غ ي ب	B003	41	أجمة يغاب فيها
F084	optional	quranic:root_001117:B007	غ ي ب	B007	41	غَيْب شحم الثرب
F084	optional	quranic:root_001273:B006	ق و م	B006	32,48	مقام وإقامة في موضع
F084	optional	quranic:root_001307:B013	ك ف ر	B013	42	ثنية مستورة
F084	optional	quranic:root_001324:B003	ك ن ن	B003	24	الدخول في الكِنّ والاستتار
F084	optional	quranic:root_001332:B002	ك و ن	B002	14,16,19,26,28,34	المكان والمكانة من الكون
F084	optional	quranic:root_001392:B004	ل ي ل	B004	49	التسمية بليلى
F084	optional	quranic:root_001407:B003	م د د	B003	22	ماء يجري ويمتلئ ويمده ماء آخر
F084	optional	quranic:root_001510:B003	ن ص ر	B003	46	إتيان البلد
F084	optional	quranic:root_001675:B006	و ق ع	B006	7	وقوع الطير وموضعه
F085	core	quranic:root_000156:B001	ب ن ي	B001	39	بناء الشيء بضم بعضه إلى بعض
F085	core	quranic:root_000156:B006	ب ن ي	B006	39	بناء الرجل على أهله ودخوله بها
F085	core	quranic:root_000156:B007	ب ن ي	B007	39	البُنُوَّة والنسب وما ينسب إلى منشأ
F085	core	quranic:root_000166:B010	ب ي ت	B010	4	بيت الزواج
F085	core	quranic:root_000532:B002	ر ب ب	B002	7,18,29,37,48	إصلاح وتربية وإتمام
F085	core	quranic:root_000532:B005	ر ب ب	B005	7,18,29,37,48	ربيب وربيبة ورابة
F085	core	quranic:root_000534:B003	ر ب ص	B003	30,31	مدة الانتظار الزوجية
F085	core	quranic:root_000616:B001	ر ي ب	B001	30	اضطراب الشك والريبة
F085	core	quranic:root_000652:B002	ز و ج	B002	20	زوج النكاح
F085	core	quranic:root_000745:B005	س م و	B005	9,36,44	الاسم تنويه ودلالة
F085	core	quranic:root_000791:B003	ش ر ك	B003	43	شِرك المصاهرة
F085	core	quranic:root_001046:B002	ع م ل	B002	16,19,21	إعمال الشيء واستعماله
F085	core	quranic:root_001046:B012	ع م ل	B012	16,19,21	بنو العمل من المشاة
F085	core	quranic:root_001198:B003	ق ب ل	B003	25,26,28	جهة الشيء وعنده
F085	core	quranic:root_001434:B004	م ع ع	B004	31	عمل في عجل
F085	core	quranic:root_001510:B006	ن ص ر	B006	46	النصرانية نسبة وملة
F086	core	quranic:root_000009:B005	ء ت ي	B005	18,34,38	السيل الآتي من غير البلد
F086	core	quranic:root_000170:B009	ب ي ن	B009	38	الحالب من جهة مخصوصة
F086	core	quranic:root_000458:B001	د ب ر	B001	49	خلف الشيء ودبره
F086	core	quranic:root_000458:B012	د ب ر	B012	49	الدبور ريح من خلف الكعبة
F086	core	quranic:root_000480:B009	د ف ع	B009	8	دفع اللبن في الضرع قبل النتاج
F086	core	quranic:root_000531:B010	ر ء ي	B010	44	ظهور حمل الناقة أو الشاة
F086	core	quranic:root_000582:B007	ر ف ع	B007	5	رفع اللبن في الضرع
F086	core	quranic:root_000719:B004	س ق ط	B004	44	الولد السِّقط قبل تمامه
F086	core	quranic:root_000871:B002	ص ف ف	B002	20	ناقة تجمع محالبها
F086	core	quranic:root_001069:B010	ع ي ن	B010	20,48	عين السحاب والمطر
F086	core	quranic:root_001174:B004	ف ك ه	B004	18,22	لبن مفكه طيب قبل الولاد
F086	core	quranic:root_001198:B002	ق ب ل	B002	25,26,28	تقدم الشيء أو إقباله
F086	core	quranic:root_001198:B003	ق ب ل	B003	25,26,28	جهة الشيء وعنده
F086	core	quranic:root_001198:B007	ق ب ل	B007	25,26,28	تلقي الخارج إلى اليد
F086	core	quranic:root_001198:B011	ق ب ل	B011	25,26,28	إقبال العضو أو العلامة إلى جهة
F087	core	quranic:root_000025:B002	ء ر ض	B002	36	الأرض اللينة المنبتة
F087	core	quranic:root_000086:B011	ب ح ر	B011	6	الداء المورث للسُّل وذهاب اللحم
F087	core	quranic:root_000152:B003	ب ل ل	B003	33,36	الإبلال من المرض
F087	core	quranic:root_000266:B011	ج ن ن	B011	17,29	التفاف النبات واندفاعه
F087	core	quranic:root_000532:B016	ر ب ب	B016	7,18,29,37,48	رُبَى حاجة وعقدة ونعمة
F087	core	quranic:root_000607:B005	ر ه ن	B005	21	هزال يثبت صاحبه
F087	core	quranic:root_000737:B001	س ل م	B001	38	السلامة والبراءة من الآفات
F087	core	quranic:root_001397:B012	م ث ل	B012	34	التماثل من العلة
F087	core	quranic:root_001475:B003	ن ج م	B003	49	النبات بلا ساق
F087	core	quranic:root_001503:B004	ن ش ر	B004	3	الكَلأ اليابس إذا أحياه المطر
F087	core	quranic:root_001525:B001	ن ع م	B001	17,29	حسن الحال والنعمة
F087	core	quranic:root_001604:B003	ه ن ء	B003	19	هناءة الماشية من النبت
F087	core	quranic:root_001675:B007	و ق ع	B007	7	ربوض الدواب والإبل
F088	core	quranic:root_000064:B001	ء ه ل	B001	26	جماعة القرب والانتماء
F088	core	quranic:root_000064:B004	ء ه ل	B004	26	أنس المكان والعمران
F088	core	quranic:root_000166:B002	ب ي ت	B002	4	أهل البيت وعياله
F088	core	quranic:root_000225:B003	ج ح م	B003	18	العين المتوقدة أو الجاحظة
F088	core	quranic:root_000369:B001	ح و ر	B001	20	حَوَر العين
F088	core	quranic:root_000478:B008	د ع و	B008	28	خلو الدار من داع
F088	core	quranic:root_000610:B007	ر و د	B007	42	عوار العين الرائد
F088	core	quranic:root_000741:B014	س م ع	B014	38	بين سمع الأرض وبصرها
F088	core	quranic:root_000955:B007	ط و ر	B007	1	نفي وجود أحد في الموضع
F088	core	quranic:root_001044:B007	ع م ر	B007	4	الجماعة التي تعمر الموضع
F088	core	quranic:root_001069:B001	ع ي ن	B001	20,48	العين الناظرة
F088	core	quranic:root_001069:B004	ع ي ن	B004	20,48	الإصابة بالعين
F088	core	quranic:root_001069:B016	ع ي ن	B016	20,48	سعة العين وحسنها
F088	core	quranic:root_001069:B017	ع ي ن	B017	20,48	العين بمعنى الناس الحاضرون
F088	core	quranic:root_001273:B001	ق و م	B001	32,48	جماعة الناس والرجال
F088	core	quranic:root_001273:B021	ق و م	B021	32,48	عين قائمة ذاهبة البصر
F088	core	quranic:root_001525:B013	ن ع م	B013	17,29	نعم الله بك عينا وقرة العين
