candidate_id	channel_score	label_hint	ayah_count	root_count	branch_count	edge_count	mean_affinity	density	reciprocal_edge_ratio	strong_rank_ratio	ayahs	roots	top_facets	example_edge
C001	0.779	wind / land_water_sky/weather_climate / breeze / direction	25	9	9	15	0.06341809	0.4167	1.0	0.9333	8,14,27,37,43,44,50,55,57,70,71,72,75,86,90,94,102,105,123,133,139,147,151,171,181	ء ف ك ج ن ب د ب ر ر ء ي ر س ل ز ف ف ق ب ل ن ع م ه ر ع	kw:wind(91.0251); theme:land_water_sky/weather_climate(71.1056); kw:breeze(63.4603); kw:direction(59.4841); kw:climate(59.2371); kw:gust(48.7992); kw:weather(47.4318); kw:south(36.9273)	ق ب ل:B012:ريح تقابل الدبور → د ب ر:B012:الدبور ريح من خلف الكعبة
C002	0.7713	wind / land_water_sky/weather_climate / breeze / direction	17	10	10	16	0.06279326	0.3556	1.0	0.9375	8,16,27,43,44,50,53,57,70,71,75,86,90,91,93,94,151	ء ف ك ت ر ب ج ن ب د ب ر ر و غ ز ف ف ق ب ل ق ذ ف ن ع م ه ر ع	kw:wind(91.0251); theme:land_water_sky/weather_climate(71.1056); kw:breeze(63.4603); kw:direction(59.4841); kw:climate(59.2371); kw:gust(48.7992); kw:dust(39.2775); kw:weather(37.9455)	ق ب ل:B012:ريح تقابل الدبور → د ب ر:B012:الدبور ريح من خلف الكعبة
C003	0.7681	wind / land_water_sky/weather_climate / breeze / direction	29	11	13	24	0.064225	0.3158	1.0	0.9167	8,17,22,27,41,43,44,50,57,59,63,70,71,75,77,79,86,87,90,94,98,113,126,151,158,164,168,170,182	ء ف ك ء و ل ج ع ل ج ن ب د ب ر ز ف ف ظ ل م ع ل م ق ب ل ن ع م ه ر ع	kw:wind(91.0251); theme:land_water_sky/weather_climate(71.1056); kw:breeze(63.4603); kw:direction(59.4841); kw:climate(59.2371); kw:gust(48.7992); kw:bird(46.9162); kw:ostrich(45.3471)	ظ ل م:B006:الظليم ذكر النعام → ن ع م:B006:النعام والنعامة الطائر
C004	0.7678	space_form_boundary/place_location / settlement / residence / habitation	50	12	12	26	0.06394994	0.3939	1.0	0.6154	5,16,21,22,28,29,30,31,32,35,39,43,46,49,51,53,57,62,73,75,76,84,85,87,99,100,115,116,118,124,126,127,134,141,143,144,146,147,148,149,157,158,164,167,169,174,177,178,180,182	ء ل ف ء ه ل ب ي ض ح ض ر ح ي ن ر ب ب ق ط ن ق و م ك و ن ل ب ث ن ز ل ن ع م	theme:space_form_boundary/place_location(116.1577); kw:settlement(113.3942); kw:residence(100.8813); kw:habitation(86.4017); kw:dwelling(67.1951); kw:stay(59.9777); kw:abode(45.7343); kw:station(41.7788)	ء ه ل:B004:أنس المكان والعمران → ء ل ف:B005:الألفة والأنس والملازمة
C005	0.7621	wind / direction / land_water_sky/weather_climate / breeze	20	14	14	29	0.06249376	0.3187	1.0	0.8966	2,8,19,27,34,43,44,50,57,68,70,71,75,86,90,94,98,104,112,151	ء ف ك ج ر م ج ن ب د ب ر ر ج ع ز ج ر ز ف ف س ف ل ق ب ل ن ب ء ن د و ن د ي ن ع م ه ر ع	kw:wind(104.0286); kw:direction(71.3809); theme:land_water_sky/weather_climate(71.1056); kw:breeze(63.4603); kw:climate(59.2371); kw:sound(51.3748); kw:voice(49.8887); kw:gust(48.7992)	ن د و:B002:الصوت المرفوع والنداء → ن د ي:B001:رفع الصوت والنداء
C006	0.7556	language / tongue / expression / articulation	42	12	13	26	0.05695237	0.3377	1.0	0.7308	3,5,12,13,15,18,20,21,26,28,29,30,31,35,36,37,51,52,54,56,85,89,91,92,93,95,97,99,102,106,113,117,124,138,140,150,151,155,156,158,167,168	ء ب ق ب ل غ ب ل ل ب ي ن ذ ك ر س ل ط ش ه د ض ر ب ع ق ل ف ص ل ق و ل ن ط ق	kw:language(111.2635); kw:tongue(77.7634); kw:expression(75.2399); kw:articulation(73.8599); kw:utterance(52.7421); kw:rhetoric(47.2927); theme:language_communication/language_speech(42.4301); kw:clarity(39.1426)	ق و ل:B002:اللسان آلة القول → ف ص ل:B004:لسان يفصل الأمور بالبيان
C007	0.7541	law_governance/authority_governance / governance / slander / office	24	11	13	26	0.06329208	0.3421	1.0	0.7692	17,30,39,59,61,66,71,85,90,91,96,102,115,118,124,126,147,150,156,158,164,168,174,178	ء ك ل ء م ر ء و ل س ع ي س ل ط ع م ل ق و م م ء ي م ل ك ن س ب و ل ي	theme:law_governance/authority_governance(113.7254); kw:governance(78.8193); kw:slander(52.0143); kw:office(47.0731); kw:administration(43.1696); kw:politics(39.4154); kw:leadership(38.7554); kw:conflict(34.5926)	ع م ل:B003:ولاية العمل والقيام عليه → س ع ي:B003:ولاية وسعاية على القوم
C008	0.7517	hardness / geology / smoothness / stone	24	13	13	23	0.06474204	0.2949	1.0	0.8696	1,7,11,26,30,46,49,79,84,96,102,103,109,120,125,130,150,153,165,173,175,179,180,181	ب ص ر ب ي ض ت ل ل ج ن د خ ل ق س ل م ص ب ر ص ف ف ص ف و ط غ و ط غ ي ع ز ز م ر د	kw:hardness(98.9968); kw:geology(94.0174); kw:smoothness(77.7634); kw:stone(71.5318); kw:rock(70.7234); kw:terrain(64.7515); kw:surface(56.1193); kw:slab(48.7992)	ط غ ي:B005:الطغية الصفاة الملساء → ط غ و:B006:الطغية الصفاة أو الموضع المرتفع
C009	0.7513	destruction / ruin / mortality / disaster	16	9	10	15	0.05712559	0.3409	1.0	0.9333	19,20,28,56,60,64,73,88,90,102,117,136,148,157,174,178	ء ت ي ء ص ل ح ي ن د ب ر د م ر ر د ي ف و ز ن ظ ر و ي ل	kw:destruction(95.9952); kw:ruin(85.5529); kw:mortality(64.7515); kw:disaster(59.4841); kw:loss(44.8244); kw:death(44.7539); kw:eradication(34.1547); kw:annihilation(33.5381)	د ب ر:B004:قطع الدابر واستئصال الأثر → د م ر:B002:الهلاك المستأصل
C010	0.7489	space_form_boundary/place_location / settlement / residence / permanence	50	15	15	31	0.06364428	0.2952	1.0	0.6452	5,9,11,16,21,22,28,29,30,31,32,35,39,43,46,49,51,53,57,73,75,76,77,84,85,87,99,100,102,115,116,118,124,126,134,141,143,144,146,147,148,149,157,164,167,169,174,178,180,182	ء ل ف ء ه ل ب ق ي ب ي ض ح ي ن ر ب ب ق ط ن ق و م ك و ن ل ب ث ل ز ب ن ع م ن و م و ص ب و ه ب	theme:space_form_boundary/place_location(104.9166); kw:settlement(103.0856); kw:residence(88.2711); kw:permanence(82.3764); kw:habitation(74.0586); kw:stay(59.9777); kw:dwelling(53.7561); kw:continuance(46.5929)	ء ه ل:B004:أنس المكان والعمران → ء ل ف:B005:الألفة والأنس والملازمة
C011	0.7479	tribe / clan / lineage / name	18	13	13	28	0.05857168	0.359	1.0	0.7857	27,28,34,44,45,50,66,71,93,94,102,106,138,142,144,146,150,173	ء ن ث ب ط ن ب ل و ب ل ي ج ر م ج ن د ح و ت ص ب ر ط و ف ق ب ل ل ي ل ن ب ت ي م ن	kw:tribe(130.8649); kw:clan(118.2462); kw:lineage(75.8489); kw:name(65.1911); kw:genealogy(61.5604); theme:kinship_society/kinship(49.342); kw:kinship(47.6209); kw:ethnicity(44.0082)	ب ل و:B008:اسم حي ونسبة → ب ل ي:B007:بلي اسم حي والنسبة بلوية
C012	0.7463	lie / accusation / fabrication / emotion_ethics/deception_corruption	35	9	12	19	0.06186743	0.3167	1.0	0.8421	3,11,14,15,18,20,21,23,28,29,31,35,36,46,51,52,54,56,66,85,86,89,91,95,96,97,99,102,124,125,127,150,151,152,167	ء ف ك ء ك ل ء ي ي ت ل و خ ل ق د و ن ش ر ب ق و ل ك ذ ب	kw:lie(59.0879); kw:accusation(55.4339); kw:fabrication(44.6404); theme:emotion_ethics/deception_corruption(40.5835); kw:testimony(39.8493); kw:falsehood(39.2775); kw:attribution(28.9576); kw:claim(27.9929)	ق و ل:B005:قول ما لم يكن أو نسبته → ش ر ب:B010:دعوى ما لم يشرب
C013	0.7457	sound / voice / cognition_perception/perception / summons	12	11	14	31	0.06221628	0.3523	1.0	0.8065	2,3,8,14,19,34,68,75,102,104,112,125	ء ي ي ت ل و ج ر م د ع و ر ج ع ز ج ر س م ع ش ي ء ن ب ء ن د و ن د ي	kw:sound(102.7495); kw:voice(99.7774); theme:cognition_perception/perception(62.5914); kw:summons(59.9777); kw:call(54.6714); kw:hearing(42.2076); theme:language_communication/communication(41.9947); kw:music(41.9894)	ن د و:B002:الصوت المرفوع والنداء → ن د ي:B001:رفع الصوت والنداء
C014	0.7429	answer / dialogue / affirmation / question	26	10	11	18	0.06053478	0.3333	1.0	0.7222	12,14,15,20,21,26,29,30,34,37,42,43,57,60,61,62,68,75,80,85,102,105,106,110,121,131	ء ي ي ب ل ل ب ل و ب ل ي ج و ب ذ و و ر ج ع ك ر م ن ع م ه ا ء	kw:answer(77.6548); kw:dialogue(48.7992); kw:affirmation(48.1671); kw:question(46.5929); kw:particle(44.6404); kw:logic(41.1882); theme:language_communication/grammar_expression(36.6229); theme:language_communication/communication(34.9956)	ب ل و:B006:جواب بلى ورد النفي → ب ل ي:B010:بلى رد النفي بإثبات
C015	0.741	bone / skeleton / body_health_life/anatomy / joint	29	10	10	13	0.06077759	0.2889	1.0	0.8462	2,7,8,16,19,21,26,30,34,36,43,53,60,76,79,84,85,103,107,109,115,118,120,124,130,142,158,164,181	ت ر ب ج ر م ج ن ن ح و ت ز ج ر س ل م ع ظ م ف ص ل ق و م ك ل ل	kw:bone(64.3861); kw:skeleton(57.219); theme:body_health_life/anatomy(53.4575); kw:joint(41.0035); kw:chest(39.2775); kw:anatomy(39.2355); kw:whale(35.7766); kw:thorax(34.1547)	ز ج ر:B003:الزجر من السمك → ح و ت:B001:الحوت من السمك
C016	0.7401	law_governance/authority_governance / governance / power / politics	51	12	14	26	0.06166777	0.2955	1.0	0.6923	5,10,15,17,18,20,28,29,30,31,35,36,37,39,51,52,54,56,57,59,61,71,84,85,87,89,90,91,95,96,97,99,100,102,105,115,118,124,126,149,150,151,156,157,164,167,168,174,178,180,182	ء م ر ء و ل ت ب ع ر ب ب س ع ي س ل ط ص د ق ع م ل ق و ل ق و م م ل ك و ل ي	theme:law_governance/authority_governance(163.0064); kw:governance(90.0792); kw:power(54.629); kw:politics(52.5539); kw:ruler(52.326); kw:office(47.0731); kw:administration(43.1696); kw:authority(41.9427)	ع م ل:B003:ولاية العمل والقيام عليه → س ع ي:B003:ولاية وسعاية على القوم
C017	0.7383	law_governance/authority_governance / governance / leadership / office	26	11	12	23	0.06205798	0.3538	1.0	0.6522	17,30,37,39,52,59,61,65,71,85,90,96,102,105,115,118,124,126,150,153,156,157,164,168,174,178	ء م ر ء و ل ر ء س س ع ي س ل ط ص د ق ص ف و ع م ل ق و م م ل ك و ل ي	theme:law_governance/authority_governance(125.0979); kw:governance(101.3391); kw:leadership(51.6738); kw:office(47.0731); kw:administration(43.1696); kw:politics(39.4154); kw:power(32.7774); kw:hierarchy(32.5956)	ع م ل:B003:ولاية العمل والقيام عليه → س ع ي:B003:ولاية وسعاية على القوم
C018	0.7374	limit / maturity / completion / endpoint	24	10	12	24	0.06163504	0.375	0.9583	0.7083	8,11,23,32,40,48,55,74,86,90,91,94,99,101,102,128,140,144,147,148,160,169,174,178	ء ل ي ب ل غ ح ل م خ ل ص د و ن س و ي ش د د غ و ي ق ص ر و ل ي	kw:limit(67.1951); kw:maturity(52.3699); kw:completion(50.299); kw:endpoint(47.5952); kw:destination(43.1696); kw:arrival(37.0293); kw:adulthood(34.1547); kw:extent(32.5328)	ش د د:B004:بلوغ الأشد → س و ي:B005:بلوغ وتمام الشباب
C019	0.7373	deliberation / observation / sight / cognition_perception/reasoning_decision	18	10	13	23	0.06541649	0.3067	0.9565	0.8261	14,17,19,45,48,55,59,71,73,84,88,90,102,105,126,168,175,179	ء م ر ء و ل ب ص ر د ب ر ر ء ي ع ق ب ع ي ن ق ل ب ن ج م ن ظ ر	kw:deliberation(72.8591); kw:observation(58.6776); kw:sight(56.8924); theme:cognition_perception/reasoning_decision(51.5948); kw:outcome(46.1482); theme:cognition_perception/perception(42.8257); kw:planning(41.9894); kw:gaze(41.1882)	ر ء ي:B001:رؤية العين والبصيرة → ب ص ر:B001:إبصار العين
C020	0.7346	decay / separation / dispersion / scattering	44	8	12	18	0.06050582	0.3	1.0	0.7222	6,11,15,18,20,22,28,29,31,35,36,40,43,51,52,54,56,57,74,75,81,83,85,89,91,95,96,97,99,102,106,111,122,124,125,128,132,150,151,160,161,167,169,171	ب ل و ب ل ي خ ل ق ش ي ع ع ب د ق و ل ك و ك ب ن ع م	kw:decay(58.9962); kw:separation(51.3748); kw:dispersion(43.4363); kw:scattering(42.2076); kw:wear(41.7788); kw:distribution(39.8493); kw:tribe(35.6904); kw:fraying(34.1547)	ب ل و:B001:البلى والاهتراء → ب ل ي:B001:البلى والخلق من الاستعمال
C021	0.7345	slave / slavery / manumission / hierarchy	40	11	13	21	0.05940173	0.28	1.0	0.8571	4,12,14,18,20,22,23,35,36,40,43,53,56,57,74,75,81,85,86,90,91,95,96,100,102,111,117,122,126,128,132,140,152,157,159,160,161,169,171,182	ء ب ق ء ل ه د ب ر د خ ر د ي ن س خ ر س ع ي ع ب د ك ت ب ن ع م و ه ب	kw:slave(78.4553); kw:slavery(62.1239); kw:manumission(49.5059); kw:hierarchy(43.4607); kw:freedom(42.434); kw:submission(40.4815); kw:coercion(37.0293); kw:enslavement(34.884)	س ع ي:B005:كسب العبد لفكاك رقبته → ك ت ب:B005:مكاتبة العبد على عتقه
C022	0.7342	wind / direction / land_water_sky/weather_climate / breeze	18	10	12	19	0.06219183	0.3016	1.0	0.8947	8,27,43,44,50,57,70,71,75,86,90,94,97,98,102,149,151,153	ء ف ك ب ن ي ج ن ب د ب ر ز ف ف س ف ل ق ب ل ل ق ي ن ع م ه ر ع	kw:wind(104.0286); kw:direction(71.3809); theme:land_water_sky/weather_climate(71.1056); kw:breeze(63.4603); kw:climate(59.2371); kw:opposition(54.2007); kw:gust(48.7992); kw:weather(37.9455)	ق ب ل:B012:ريح تقابل الدبور → د ب ر:B012:الدبور ريح من خلف الكعبة
C023	0.7338	strength / resilience / weakness / power	34	14	14	34	0.05922502	0.3736	0.9412	0.5882	3,11,13,22,23,28,40,66,70,74,81,85,87,91,93,95,99,102,111,113,114,118,122,128,132,137,150,155,160,161,168,169,171,180	ء ك ل ء م ر ء ن ث ذ ك ر ش د د ظ ن ن ع ب د ع ز ز م ر ر م ن ن ن ف س ه د ي ه ر ع ي م ن	kw:strength(79.3379); kw:resilience(55.7051); kw:weakness(45.9637); kw:power(43.7032); kw:frailty(41.9894); kw:firmness(39.1426); kw:hardness(37.1238); kw:capacity(36.7544)	ه د ي:B009:الهداء البليد الضعيف → ه ر ع:B006:جبن وضعف خفيف
C024	0.7324	victory / dominance / competition / power	28	14	15	36	0.0608647	0.3462	0.9722	0.6111	8,12,26,28,29,30,35,37,39,42,47,57,71,80,84,102,103,105,110,116,117,121,127,131,157,158,173,180	ء ت ي ب ل ل ج ب ن ج ز ي ج ي ء ح ض ر س ع ي ع ز ز ع ل و غ ل ب ك ب ر ك ث ر ك ر م ن ز ف	kw:victory(97.0093); kw:dominance(81.6489); kw:competition(80.5801); kw:power(65.5548); kw:rivalry(55.4339); kw:contest(54.9176); theme:conflict_security/conflict(54.7625); kw:conquest(45.7343)	غ ل ب:B001:قوة تقهر وتغلب → ع ز ز:B002:الغلبة والقهر
C025	0.7308	road / path / guidance / straightness	31	14	14	37	0.06025277	0.4066	0.973	0.5405	7,22,23,30,33,39,40,61,74,81,85,95,96,99,102,111,112,115,118,122,124,128,132,142,150,158,160,161,164,169,171	ح ف ظ ذ ه ب ش ر ك ص ر ط ع ب د ع م ل ق و م ل ق م م ع ع م ل ك ن ب ء ن ب و ن س ب ه د ي	kw:road(130.9248); kw:path(99.7774); kw:guidance(66.9285); kw:straightness(43.4363); kw:navigation(42.7746); kw:route(39.4154); kw:journey(36.2398); kw:movement(29.8714)	ش ر ك:B005:شِرك الطريق → ل ق م:B001:منهج الطريق ومفرجه
C026	0.7304	basin / land_water_sky/water_hydrology / pool / hydrology	32	11	12	20	0.05649129	0.3077	1.0	0.75	5,11,25,28,31,37,41,45,57,79,84,87,96,99,100,102,107,113,116,117,125,126,137,149,150,157,158,164,170,172,180,182	ء ت ي ب ر ك ج ي ء خ ل ق ذ ب ح ر ب ب ط و ف ع ل م م ر ر ن ص ر و ه ب	kw:basin(76.0974); theme:land_water_sky/water_hydrology(73.8635); kw:pool(71.5238); kw:hydrology(64.5801); kw:reservoir(44.9833); kw:channel(39.8493); kw:storage(32.5956); kw:conduit(31.7301)	ر ب ب:B013:ماء رَبَب كثير → ع ل م:B005:ماء كثير مجتمع في عيلم
C027	0.7295	fabrication / lie / testimony / falsehood	40	8	14	27	0.05971876	0.3462	0.963	0.6667	3,11,15,18,20,21,28,29,31,34,35,36,37,51,52,54,56,81,85,86,89,91,95,96,97,99,102,105,111,122,124,125,127,132,148,150,151,152,157,167	ء ف ك ء م ن ت ل و خ ل ق ص د ق ف ع ل ق و ل ك ذ ب	kw:fabrication(74.4006); kw:lie(73.8599); kw:testimony(66.4155); kw:falsehood(65.4624); theme:emotion_ethics/deception_corruption(60.8752); kw:forgery(35.7766); kw:invention(33.004); kw:attribution(28.9576)	خ ل ق:B007:اختلاق الكذب والكلام → ف ع ل:B004:افتعال مختلق
C028	0.7294	sound / voice / cognition_perception/perception / music	26	12	13	22	0.06141552	0.2857	1.0	0.8182	2,3,8,19,34,37,46,67,68,72,75,80,104,105,110,112,113,121,123,125,131,133,139,147,171,181	ت ل و ج ر م ح س ن ح م م ر ج ع ر س ل ز ج ر س م ع ل ذ ذ ن ب ء ن د و ن د ي	kw:sound(92.4746); kw:voice(87.3052); theme:cognition_perception/perception(52.7085); kw:music(41.9894); kw:call(41.0035); theme:language_communication/communication(34.9956); kw:shout(31.0619); kw:summons(29.9889)	ن د و:B002:الصوت المرفوع والنداء → ن د ي:B001:رفع الصوت والنداء
C029	0.7286	tribe / clan / genealogy / name	30	17	17	38	0.06036746	0.2794	1.0	0.7632	5,8,16,28,31,34,53,57,62,64,66,84,87,93,99,100,101,102,106,112,126,142,144,146,149,150,173,176,180,182	ء ن ث ب ط ن ب ل و ب ل ي ت ر ب ج ر م ج ن ب ج ن د ح ل م ح و ت ر ب ب ش ج ر ص ب ر ص ل ح ع ج ل ن ب ت ي م ن	kw:tribe(118.9681); kw:clan(105.1077); kw:genealogy(73.8725); kw:name(65.1911); kw:lineage(65.0133); kw:herb(50.5848); kw:kinship(47.6209); kw:pasture(46.1287)	ب ل و:B008:اسم حي ونسبة → ب ل ي:B007:بلي اسم حي والنسبة بلوية
C030	0.7265	hardness / geology / stone / terrain	27	12	13	21	0.06425664	0.2727	1.0	0.8095	1,5,11,15,26,30,46,49,79,84,102,103,106,109,113,117,120,130,153,156,158,165,173,175,179,180,181	ب ص ر ب ي ض ب ي ن ج ن د س ل م ص ب ر ص ف ف ص ف و ط غ و ط ي ن ع ز ز ل ز ب	kw:hardness(98.9968); kw:geology(82.2652); kw:stone(71.5318); kw:terrain(64.7515); kw:rock(56.5787); kw:clay(43.7155); theme:land_water_sky/earth_geology(38.9612); kw:smoothness(38.8817)	ص ب ر:B005:حجر غليظ وأرض حصباء → ج ن د:B002:الأرض الغليظة ذات الحجارة
C031	0.726	proximity / relation / presence / adjacency	34	11	14	28	0.06044901	0.3182	1.0	0.5714	6,8,16,21,22,23,28,29,30,32,35,39,48,51,53,56,57,73,76,86,90,115,116,127,141,143,150,157,158,167,168,169,174,178	ج ن ب ح ض ر د ن و د و ن ش ه د ع ن د ق ص ر ك ر ب ك و د ك و ن و ل ي	kw:proximity(108.4746); kw:relation(68.8237); kw:presence(67.7508); kw:adjacency(62.7642); kw:space(52.5526); kw:nearness(52.1902); kw:hierarchy(43.4607); kw:approach(36.9363)	ح ض ر:B001:حضور ومشاهدة وقرب → ش ه د:B001:الحضور مع المشاهدة
C032	0.7253	star / astronomy / mansion / land_water_sky/sky_astronomy	15	11	14	30	0.06300395	0.3529	1.0	0.7	6,7,8,10,57,66,84,88,90,102,107,127,140,144,158	ب ط ن ث ق ب ح ض ر د ب ر ذ ب ح ش ه ب ف ل ك ق ل ب ك ل ل ك و ك ب ن ج م	kw:star(115.5314); kw:astronomy(85.6592); kw:mansion(77.6548); theme:land_water_sky/sky_astronomy(68.0156); kw:constellation(58.2873); kw:planet(50.3071); kw:calendar(48.4301); kw:sky(47.893)	ب ط ن:B008:البطين بطن الحمل → ق ل ب:B010:قلب العقرب النجم
C033	0.7245	observation / eye / perception / sight	23	11	17	43	0.06288374	0.3359	0.9535	0.6047	14,19,30,45,48,55,57,73,77,85,88,90,102,105,113,115,118,124,127,158,164,175,179	ب ص ر ب ق ي ح ض ر د ب ر ر ء ي ط ر ف ع ي ن ق و م ن ج م ن ظ ر ن ف س	kw:observation(88.0164); kw:eye(83.8128); kw:perception(76.1934); kw:sight(71.1156); kw:gaze(68.647); theme:cognition_perception/perception(59.2971); kw:vision(46.8248); kw:knowledge(44.8244)	ر ء ي:B001:رؤية العين والبصيرة → ب ص ر:B001:إبصار العين
C034	0.7236	milk / husbandry / udder / body_health_life/reproduction_birth	24	14	15	34	0.05605924	0.3269	0.9412	0.7059	1,2,6,10,14,19,21,42,51,55,68,102,105,113,127,137,148,152,153,165,174,176,177,178	ب ر ك ث ق ب ح ي ن د ن و ر ء ي ر ج ع ز ج ر ص ب ح ص ف ف ص ف و ع ج ل ف ك ه ق ر ن ك ذ ب	kw:milk(68.9456); kw:husbandry(56.483); kw:udder(52.9349); theme:body_health_life/reproduction_birth(48.1592); kw:camel(46.3334); kw:yield(45.7343); kw:pregnancy(38.8817); kw:livestock(38.1273)	ر ء ي:B010:ظهور حمل الناقة أو الشاة → ر ج ع:B013:راجع الناقة وحملها
C035	0.7225	tribe / clan / lineage / genealogy	14	11	15	35	0.05912938	0.3535	1.0	0.6857	11,28,34,66,93,96,102,106,125,142,144,146,150,173	ء ن ث ب ط ن ب ل و ب ل ي ج ر م ج ن د ح و ت خ ل ق ص ب ر ن ب ت ي م ن	kw:tribe(118.9681); kw:clan(105.1077); kw:lineage(65.0133); kw:genealogy(61.5604); kw:decay(58.9962); kw:name(54.3259); kw:kinship(47.6209); kw:ethnicity(44.0082)	ب ل و:B001:البلى والاهتراء → ب ل ي:B001:البلى والخلق من الاستعمال
C036	0.7222	slave / slavery / manumission / hierarchy	29	9	11	15	0.05925283	0.283	1.0	0.8	12,14,20,22,30,40,45,53,74,81,85,90,95,102,111,115,117,118,122,124,128,132,140,157,160,161,164,169,171	ء ب ق د ب ر د ي ن س خ ر س ع ي ط و ف ع ب د ق و م ك ت ب	kw:slave(78.4553); kw:slavery(62.1239); kw:manumission(49.5059); kw:hierarchy(43.4607); kw:freedom(42.434); kw:coercion(37.0293); kw:enslavement(34.884); kw:emancipation(34.1547)	س ع ي:B005:كسب العبد لفكاك رقبته → ك ت ب:B005:مكاتبة العبد على عتقه
C037	0.7211	limit / attainment / completion / achievement	31	11	14	27	0.05879246	0.3103	0.963	0.7037	8,23,24,32,40,48,55,74,80,86,90,91,94,99,102,105,110,113,121,125,128,131,140,144,147,148,160,169,174,178,182	ء ل ي ب ل غ ح س ن ح م د خ ل ص د و ن س و ي غ و ي ق ص ر و ق ف و ل ي	kw:limit(94.0732); kw:attainment(56.5787); kw:completion(50.299); kw:achievement(48.1671); kw:endpoint(47.5952); kw:destination(43.1696); kw:arrival(37.0293); kw:shortfall(33.5381)	ق ص ر:B006:الغاية وما يقتصر عليه → ح م د:B004:حماداك الغاية المحمودة
C038	0.7206	proximity / baseness / relation / nearness	15	10	13	25	0.06199611	0.3378	0.96	0.68	6,20,23,48,53,69,76,86,90,98,115,146,168,174,178	د ن و د و ن د ي ن س ف ل ع ن د ق ص ر ك ر ب ل ف ي ن ب ت و ل ي	kw:proximity(72.3164); kw:baseness(59.0879); kw:relation(57.3531); kw:nearness(52.1902); kw:meanness(48.7992); kw:adjacency(47.0731); kw:hierarchy(43.4607); kw:space(42.0421)	د ن و:B003:الدناءة والضعة → د و ن:B002:الخسة والحقارة
C039	0.7204	language / articulation / expression / communication	42	12	16	32	0.056428	0.2783	1.0	0.75	3,5,12,13,15,18,20,21,26,28,29,30,31,35,36,37,51,52,54,56,85,89,91,92,95,97,99,102,105,106,113,117,124,138,151,155,156,157,158,167,168,171	ب ل غ ب ل ل ب ي ن ذ ك ر ص د ق ع ق ل ف ص ل ق و ل ك ت ب ك ل م م ع ع ن ط ق	kw:language(111.2635); kw:articulation(73.8599); kw:expression(62.6999); kw:communication(60.3317); kw:speech(56.3049); theme:language_communication/language_speech(53.0377); kw:utterance(52.7421); kw:tongue(51.8423)	ن ط ق:B001:النطق والكلام → ك ل م:B001:نطق مفهم يصل بين متكلمين
C040	0.7201	residue / remnant / remainder / trace	16	10	12	21	0.05823544	0.3281	1.0	0.6667	3,36,63,64,70,73,77,78,90,98,103,108,119,129,135,158	ء ث ر ء ص ل ب ق ي ت ر ك ت ل ل ت ل و ج ع ل د ب ر ع ق ب غ ب ر	kw:residue(88.5234); kw:remnant(76.3217); kw:remainder(70.346); kw:trace(49.4984); kw:balance(39.5566); kw:memory(34.9837); kw:legacy(34.1547); kw:persistence(25.5168)	ت ل و:B003:بقية تتلو ما قبلها → ت ل ل:B010:التلة بقية دين
C041	0.7201	law_governance/authority_governance / hierarchy / ruler / ownership	52	12	13	21	0.05684155	0.2727	1.0	0.6667	5,10,11,15,18,20,22,28,29,30,31,33,35,36,37,40,51,52,53,54,56,57,74,81,84,85,87,89,91,95,97,99,100,102,111,122,124,126,128,132,140,149,150,151,156,160,161,167,169,171,180,182	ء ب ق ت ب ع ح ق ق خ ل ص د ي ن ر ب ب س ل ط ش ر ك ع ب د ف ت ي ق و ل م ل ك	theme:law_governance/authority_governance(64.4444); kw:hierarchy(54.3259); kw:ruler(52.326); kw:ownership(50.4406); kw:slave(47.0731); theme:kinship_society/hierarchy_status(43.8521); kw:property(42.7746); kw:politics(39.4154)	ع ب د:B001:الرق والملك → م ل ك:B002:المِلْك والتصرف
C042	0.7198	madness / spirit / mind / illness	22	12	13	23	0.05633252	0.2987	1.0	0.7826	10,14,16,36,43,47,53,55,57,58,59,63,70,86,102,103,105,127,145,151,158,162	ء ف ك ت ب ع ج ب ن ج ن ن ح ض ر خ ط ف ر ء ي ع ر ي ف ت ن م و ت ن ز ف ه ر ع	kw:madness(74.4006); kw:spirit(74.4006); kw:mind(70.346); kw:illness(63.231); kw:seizure(52.3699); kw:derangement(50.3071); theme:ritual_belief/belief_revelation(46.5028); kw:haunting(38.5491)	ج ن ن:B006:ستر العقل بالجنون → ف ت ن:B007:ذهاب عقل ومال
C043	0.7195	victory / dominance / competition / contest	23	13	16	38	0.06117122	0.3276	0.9737	0.6053	8,11,35,37,39,42,57,62,80,84,102,103,105,110,116,121,127,131,146,149,158,173,180	ج ب ن ج ز ي ج ي ء ح ض ر خ ي ر س ع ي ع ز ز ع ل و غ ل ب ف ت ي ق ط ن ك ب ر ك ر م	kw:victory(97.0093); kw:dominance(68.0407); kw:competition(57.5572); kw:contest(54.9176); theme:conflict_security/conflict(54.7625); kw:conquest(45.7343); kw:power(43.7032); kw:rivalry(41.5754)	غ ل ب:B001:قوة تقهر وتغلب → ع ز ز:B002:الغلبة والقهر
C044	0.7193	kinship_society/household_community / group / crowd / society	39	14	15	35	0.05618922	0.3365	0.9143	0.5429	5,7,8,22,27,30,31,36,43,44,45,50,57,66,69,71,78,83,84,85,87,94,99,100,108,115,118,119,124,126,127,129,134,149,158,164,173,180,182	ت ر ك ج م ع ج ن د ج ن ن ح ش ر ح ض ر ر ب ب ش ي ع ط و ف ق ب ل ق و م ك ل ل ل ف ي م ل ء	theme:kinship_society/household_community(83.8539); kw:group(72.813); kw:crowd(63.7919); kw:society(51.9463); kw:community(44.9672); kw:demography(44.6404); kw:band(43.1696); kw:people(41.3787)	ر ب ب:B004:ربة وجماعات كثيرة → ق ب ل:B009:جماعة يقبل بعضها على بعض
C045	0.7192	emotion_ethics/deception_corruption / fabrication / lie / falsehood	18	8	11	15	0.06394541	0.2941	0.9333	0.8667	3,11,21,34,37,42,52,86,96,102,105,125,127,147,150,151,152,157	ء ف ك ت ل و خ ل ق ز ي د ص د ق ف ع ل ف ك ه ك ذ ب	theme:emotion_ethics/deception_corruption(60.8752); kw:fabrication(59.5205); kw:lie(59.0879); kw:falsehood(52.3699); kw:testimony(39.8493); theme:language_communication/rhetoric_discourse(37.0903); kw:forgery(35.7766); kw:invention(33.004)	خ ل ق:B007:اختلاق الكذب والكلام → ف ع ل:B004:افتعال مختلق
C046	0.7188	star / land_water_sky/fire_heat / mansion / astronomy	21	15	17	42	0.0624203	0.3134	0.9524	0.6429	6,10,23,55,64,66,68,83,84,88,90,91,97,98,102,107,137,140,144,163,177	ء ك ل ب ط ن ث ق ب ج ح م د ب ر ذ ب ح ش ه ب ش ي ع ص ب ح ص ل ي ف ل ك ق ل ب ك و ك ب ك ي د ن ج م	kw:star(89.8577); theme:land_water_sky/fire_heat(85.0433); kw:mansion(77.6548); kw:astronomy(74.9518); kw:fire(68.3484); theme:land_water_sky/sky_astronomy(68.0156); kw:constellation(58.2873); kw:light(55.9423)	ب ط ن:B008:البطين بطن الحمل → ق ل ب:B010:قلب العقرب النجم
C047	0.7185	ecology / plant / vegetation / agriculture_food/plant_vegetation	33	16	17	51	0.06139913	0.3778	0.8824	0.5294	5,8,16,23,31,36,46,48,53,57,62,64,75,84,87,88,91,94,99,100,101,104,126,140,144,146,147,148,149,150,176,180,182	ء ر ض ء ل ي ء ن ث ت ر ب ج ن ب ح ل م ر ب ب ش ج ر ش ر ب ش ع ر ط ر ف ع ج ل ق ط ن ن ب ت ن ج م ن د ي	kw:ecology(122.7719); kw:plant(110.4876); kw:vegetation(91.6042); theme:agriculture_food/plant_vegetation(77.982); kw:herb(63.231); kw:flora(59.0879); kw:pasture(57.6608); kw:agriculture(57.51)	ش ع ر:B002:نبات كثيف كالشَّعر → ش ج ر:B001:الشجر ذو الساق
C048	0.7183	sale / credit / description / price	24	9	10	12	0.0618412	0.2727	1.0	0.8333	1,16,26,45,48,53,58,59,61,68,79,84,90,103,109,120,130,145,159,165,174,178,180,181	ر ج ع س ل م ص ف ف ع ي ن م ث ل م و ت ن ب ذ و ص ف و ل ي	kw:sale(68.9644); kw:credit(66.0079); kw:description(56.2768); kw:price(44.316); kw:contract(36.9363); theme:economy_property/finance_debt(34.1558); kw:purchase(33.004); kw:attribute(32.1114)	س ل م:B005:السلم في البيع والسلف → ع ي ن:B012:العينة والسلف
C049	0.7175	space_form_boundary/place_location / residence / settlement / habitation	53	13	15	26	0.06427501	0.2524	1.0	0.6154	5,15,16,21,22,28,29,30,31,32,35,36,39,43,46,49,51,53,57,73,75,84,85,87,97,99,100,102,106,113,115,116,117,118,124,126,141,143,144,146,148,149,153,156,157,158,164,167,169,174,178,180,182	ب ن ي ب ي ض ب ي ن ج ن ن ح ي ن ر ب ب ف ص ل ق ط ن ق و م ك و ن ل ب ث ن ع م ن و م	theme:space_form_boundary/place_location(93.6756); kw:residence(88.2711); kw:settlement(82.4685); kw:habitation(61.7155); kw:stay(59.9777); kw:dwelling(53.7561); kw:division(36.4916); kw:rib(31.7301)	ل ب ث:B001:المكث في الموضع → ق ط ن:B001:الإقامة والسكون في المكان
C050	0.7173	sword / blade / weaponry / conflict_security/weaponry	15	10	10	12	0.05810626	0.2667	1.0	0.9167	3,13,23,32,46,47,49,51,65,70,93,118,150,155,168	ء ث ر ء ن ث ب ي ض ذ ك ر ر ء س ص ر ط ض ر ب غ و ل غ و ي ق ر ن	kw:sword(65.0179); kw:blade(53.1324); kw:weaponry(38.5105); theme:conflict_security/weaponry(35.6665); theme:conflict_security/violence_warfare(29.1167); kw:sharpness(27.1003); kw:edge(23.0643); kw:weapon(23.0643)	ذ ك ر:B002:صلابة الذكر وحدته وشدته → ء ن ث:B002:اللِّين والضعف
C051	0.7165	victory / competition / power / dominance	25	13	16	37	0.06022998	0.3162	0.973	0.5946	8,30,35,37,39,42,57,71,80,84,90,101,102,105,110,116,121,127,131,156,158,173,174,178,180	ج ز ي ج ي ء ح ض ر س ع ي س ل ط ع ز ز ع ل و غ ل ب غ ل م ك ب ر ك ث ر ك ر م و ل ي	kw:victory(110.8678); kw:competition(92.0915); kw:power(87.4064); kw:dominance(81.6489); kw:conquest(60.9791); kw:rivalry(55.4339); kw:contest(54.9176); theme:conflict_security/conflict(54.7625)	غ ل ب:B001:قوة تقهر وتغلب → ع ز ز:B002:الغلبة والقهر
C052	0.7158	worship / ritual_belief/religion_worship / submission / devotion	61	15	17	24	0.06550396	0.1791	1.0	0.875	4,7,16,20,21,22,23,27,28,29,30,32,35,36,39,40,44,50,51,53,56,57,65,71,73,74,81,85,86,91,94,95,96,102,103,111,115,116,118,122,124,125,126,128,132,141,143,152,157,159,160,161,163,164,166,167,169,170,171,180,182	ء ل ه ب ع ل ت ل ل د ي ن س ب ح ش ط ن ص ل ي ط غ و ط غ ي ع ب د ق ب ل ق و م ك ف ر ك و ن م ر د	kw:worship(100.3198); theme:ritual_belief/religion_worship(98.1864); kw:submission(80.963); kw:devotion(66.6687); kw:religion(65.0133); kw:evil(53.335); kw:obedience(53.1324); kw:idol(45.7343)	ط غ ي:B003:الطاغوت رأس الضلالة → ط غ و:B003:الطاغوت رأس الضلالة والطغيان
C053	0.7156	settlement / space_form_boundary/place_location / residence / dwelling	54	17	17	34	0.05997359	0.25	0.9706	0.6471	5,16,21,22,25,28,29,30,31,32,35,39,43,44,46,49,51,53,57,73,75,76,84,85,87,89,99,100,112,115,116,117,118,124,126,134,137,141,143,144,145,146,148,149,157,164,167,169,172,174,177,178,180,182	ء ت ي ء ر ض ء ه ل ب ي ض ح م د ح ي ن ر ب ب س ر ر س ق م ص ب ح ق ط ن ق و م ك و ن ل ب ث ن ب و ن ص ر ن ع م	kw:settlement(103.0856); theme:space_form_boundary/place_location(93.6756); kw:residence(88.2711); kw:dwelling(80.6342); kw:habitation(61.7155); kw:stay(59.9777); kw:place(41.2343); kw:comfort(39.7012)	ل ب ث:B001:المكث في الموضع → ق ط ن:B001:الإقامة والسكون في المكان
C054	0.7154	ecology / vegetation / plant / agriculture	29	16	17	44	0.0614873	0.3259	0.9318	0.5227	5,7,8,16,31,36,43,46,53,57,62,64,66,75,84,87,88,91,99,100,104,126,146,149,158,170,176,180,182	ء ر ض ء ك ل ت ر ب ج ن ب ج ن ن ر ب ب ش ج ر ش ر ب ش ع ر ع ج ل ق ل ب ك ف ر م ر د ن ب ت ن ج م ن د ي	kw:ecology(102.3099); kw:vegetation(91.6042); kw:plant(90.399); kw:agriculture(90.3728); theme:agriculture_food/plant_vegetation(58.4865); kw:herb(50.5848); kw:flora(44.316); kw:grove(42.9143)	ش ع ر:B002:نبات كثيف كالشَّعر → ش ج ر:B001:الشجر ذو الساق
C055	0.7154	proximity / relation / nearness / adjacency	18	11	13	24	0.060982	0.3158	1.0	0.625	6,8,20,23,48,53,56,57,67,76,86,90,115,127,158,168,174,178	ج ن ب ح ض ر ح م م د ن و د و ن د ي ن ع ن د ق ص ر ك ر ب ك و د و ل ي	kw:proximity(120.5273); kw:relation(68.8237); kw:nearness(65.2377); kw:adjacency(62.7642); kw:space(42.0421); kw:presence(40.6505); kw:approach(36.9363); kw:approximation(34.884)	د ن و:B001:القرب والمقاربة → و ل ي:B001:قرب ودنو بلا فاصل
C056	0.715	star / land_water_sky/sky_astronomy / mansion / constellation	12	10	12	26	0.06307928	0.4127	0.9615	0.6538	5,6,66,84,88,90,102,107,113,140,142,144	ب ر ك ب ط ن ح و ت د ب ر ذ ب ح س م و ف ل ك ق ل ب ك و ك ب ن ج م	kw:star(89.8577); theme:land_water_sky/sky_astronomy(86.1531); kw:mansion(77.6548); kw:constellation(72.8591); kw:calendar(60.5377); kw:sky(59.8663); kw:cosmology(55.4339); kw:planet(50.3071)	ب ط ن:B008:البطين بطن الحمل → ق ل ب:B010:قلب العقرب النجم
C057	0.7147	marriage / household / family / gender	46	17	17	34	0.05984192	0.25	0.9118	0.7647	5,17,22,23,31,33,36,37,47,52,57,59,68,71,72,76,78,84,87,94,97,99,100,102,105,108,113,118,119,123,125,126,129,133,134,139,147,149,150,153,157,168,171,180,181,182	ء ه ل ء و ل ب ر ك ب ع ل ب ن ي ت ر ك ر ب ب ر ج ع ر س ل ز ف ف ز و ج ش ر ك ص د ق ظ ن ن م ل ك ن ز ف ه د ي	kw:marriage(193.0); kw:household(107.527); kw:family(102.6983); kw:gender(63.4441); kw:spouse(58.2873); kw:kinship(57.145); kw:wedding(51.232); kw:bride(48.1671)	ز و ج:B002:زوج النكاح → ر ج ع:B004:رجعة المرأة في النكاح والأهل
C058	0.7142	weakness / frailty / conformity / success	10	9	10	15	0.05798601	0.3409	1.0	0.6667	23,70,86,87,99,102,114,118,150,151	ء ف ك ء م ر ء ن ث ب ل غ ظ ن ن م ع ع م ن ن ه د ي ه ر ع	kw:weakness(57.4546); kw:frailty(41.9894); kw:conformity(31.3821); kw:success(30.2314); kw:resilience(27.8525); kw:vulnerability(26.7714); kw:judgment(21.148); kw:agency(20.462)	ه د ي:B009:الهداء البليد الضعيف → ه ر ع:B006:جبن وضعف خفيف
C059	0.714	ecology / plant / vegetation / wetness	28	12	17	41	0.06438935	0.3178	0.878	0.6098	5,12,16,26,29,30,31,36,37,53,57,62,64,75,84,87,88,99,100,103,104,126,146,149,150,176,180,182	ء ن ث ب ل ل ت ر ب ت ل ل ر ب ب ش ج ر ش ع ر ع ج ل ن ب ت ن ج م ن د و ن د ي	kw:ecology(92.0789); kw:plant(70.3103); kw:vegetation(68.7031); kw:wetness(62.1239); kw:dampness(52.326); kw:moisture(52.0143); kw:herb(50.5848); kw:dew(48.1671)	ش ع ر:B002:نبات كثيف كالشَّعر → ش ج ر:B001:الشجر ذو الساق
C060	0.7127	marriage / gender / family / household	42	16	17	36	0.05859051	0.2667	0.9722	0.6944	5,16,22,23,31,33,36,37,52,53,57,58,59,68,72,76,78,84,87,99,100,105,108,113,118,119,123,125,126,129,133,134,139,147,149,150,152,157,171,180,181,182	ء ن ث ء ه ل ب ر ك ب ع ل ت ر ك ج م ع ر ب ب ر ج ع ر س ل ز و ج ش ر ك ص د ق ظ ن ن م و ت ه د ي و ل د	kw:marriage(193.0); kw:gender(95.1661); kw:family(79.8764); kw:household(71.6847); kw:woman(58.6452); kw:spouse(58.2873); kw:kinship(57.145); kw:husband(45.3471)	ز و ج:B002:زوج النكاح → ر ج ع:B004:رجعة المرأة في النكاح والأهل
C061	0.7125	road / path / guidance / geography	16	13	15	37	0.0611666	0.3592	1.0	0.5135	7,23,33,39,55,61,76,96,99,112,115,118,134,142,150,158	ء ن ث ح ف ظ س و ي ش ر ك ص ر ط ع م ل ل ق م م ل ك ن ب ء ن ب و ن ج و ن س ب ه د ي	kw:road(117.8324); kw:path(87.3052); kw:guidance(66.9285); kw:geography(44.2507); kw:navigation(42.7746); kw:journey(36.2398); kw:terrain(32.3757); kw:movement(29.8714)	ش ر ك:B005:شِرك الطريق → ل ق م:B001:منهج الطريق ومفرجه
C062	0.7122	language / articulation / evidence / tongue	42	12	17	31	0.05902267	0.2366	1.0	0.8065	3,5,12,13,15,18,20,21,26,28,29,30,31,35,36,37,51,52,54,56,69,85,89,91,92,95,97,99,102,106,113,117,124,138,150,151,155,156,158,167,168,171	ب ل غ ب ل ل ب ي ن ذ ك ر س ل ط ش ه د ع ق ل ف ص ل ق و ل ك ل م ل ف ي ن ط ق	kw:language(101.1486); kw:articulation(73.8599); kw:evidence(67.7508); kw:tongue(64.8028); kw:expression(62.6999); kw:meaning(58.6776); theme:language_communication/language_speech(53.0377); kw:utterance(52.7421)	ن ط ق:B001:النطق والكلام → ك ل م:B001:نطق مفهم يصل بين متكلمين
C063	0.712	sleep / rest / slumber / dream	13	9	12	17	0.06347031	0.2833	1.0	0.8824	14,44,45,46,55,66,101,102,105,137,144,145,177	ب ط ن ح ل م ر ء ي س ر ر ص ب ح ط و ف ل ذ ذ ن ب ذ ن و م	kw:sleep(118.2462); kw:rest(80.0024); kw:slumber(65.0657); kw:dream(50.3071); kw:furniture(44.0082); kw:dormancy(36.9273); kw:imagination(34.1547); kw:repose(33.5381)	ر ء ي:B003:الرؤيا في المنام → ح ل م:B002:رؤية المنام والاحتلام
C064	0.7119	slave / hierarchy / law_governance/authority_governance / slavery	55	14	17	33	0.05736242	0.25	1.0	0.697	5,10,11,15,18,20,22,28,29,30,31,35,36,40,51,52,53,54,56,57,74,81,84,85,87,89,90,91,95,97,99,100,102,111,117,122,124,126,128,132,140,149,150,151,152,156,157,159,160,161,167,169,171,180,182	ء ب ق ت ب ع د ب ر د ي ن ر ب ب س ع ي س ل ط ع ب د ف ت ي ق و ل ك ت ب م ل ك و ص ف و ل د	kw:slave(109.8374); kw:hierarchy(65.1911); theme:law_governance/authority_governance(64.4444); kw:slavery(62.1239); kw:ruler(52.326); kw:manumission(49.5059); theme:kinship_society/hierarchy_status(47.8386); kw:freedom(42.434)	س ع ي:B005:كسب العبد لفكاك رقبته → ك ت ب:B005:مكاتبة العبد على عتقه
C065	0.7119	road / path / straightness / guidance	22	13	14	33	0.05992612	0.3667	1.0	0.4848	7,10,11,23,30,33,39,48,55,61,85,96,112,115,118,124,125,142,150,158,164,168	ت ب ع ح ف ظ خ ل ق س و ي ش ر ك ص ر ط ع م ل ع ن د ق و م ل ق م ن ب ء ن ب و ن س ب	kw:road(104.7399); kw:path(74.8331); kw:straightness(57.9151); kw:guidance(53.5428); kw:journey(36.2398); kw:navigation(32.081); kw:movement(29.8714); kw:track(29.7602)	ش ر ك:B005:شِرك الطريق → ل ق م:B001:منهج الطريق ومفرجه
C066	0.7119	sleep / rest / slumber / dream	14	8	12	15	0.06839987	0.2679	1.0	0.9333	9,14,33,38,46,55,59,101,102,105,137,150,176,177	ح ل م ر ء ي ش ه د ص ب ح ع ذ ب ل ذ ذ م ر ر ن و م	kw:sleep(118.2462); kw:rest(66.6687); kw:slumber(65.0657); kw:dream(50.3071); kw:dormancy(36.9273); kw:imagination(34.1547); kw:repose(33.5381); kw:expression(25.08)	ر ء ي:B003:الرؤيا في المنام → ح ل م:B002:رؤية المنام والاحتلام
C067	0.7116	sign / banner / flag / mark	15	8	10	13	0.05740774	0.3023	1.0	0.7692	14,32,36,41,55,70,73,79,87,102,105,158,164,170,182	ء ث ر ء م ر ء ي ي ر ء ي ش ع ر ع ق ب ع ل م غ و ي	kw:sign(83.1508); kw:banner(66.0079); kw:flag(50.3071); kw:mark(48.8874); kw:semiotics(46.1482); kw:standard(44.6404); kw:emblem(34.1547); theme:space_form_boundary/pattern_marking(33.0211)	ع ل م:B002:أثر يميز الشيء ويهدي إليه → ء م ر:B005:العلامة والموعد
C068	0.7113	proximity / nearness / relation / adjacency	43	13	14	25	0.05918579	0.2778	1.0	0.6	5,6,8,16,21,22,23,28,29,30,31,32,35,39,48,51,53,56,57,67,73,76,84,86,87,90,99,100,115,116,126,141,143,149,157,167,168,169,170,174,178,180,182	ج ن ب ح م م د ن و د و ن ر ب ب ع ن د ق ص ر ك ر ب ك ف ر ك و د ك و ن و ل ي و ه ب	kw:proximity(108.4746); kw:nearness(78.2852); kw:relation(68.8237); kw:adjacency(62.7642); kw:space(42.0421); kw:event(41.1882); kw:presence(40.6505); kw:approach(36.9363)	د ن و:B001:القرب والمقاربة → و ل ي:B001:قرب ودنو بلا فاصل
C069	0.7113	knowledge / reason / recall / cognition	45	13	14	24	0.05455638	0.2667	1.0	0.7083	3,7,13,15,18,20,21,28,29,31,35,36,41,49,51,52,54,56,69,71,79,85,86,87,89,91,95,97,99,101,102,113,124,127,138,151,152,154,155,158,164,167,168,170,182	ء ف ك ح ف ظ ح ك م ح ل م ذ ك ر ص ب ر ض ل ل ع ق ل ع ل م ق و ل ك ذ ب ك ن ن ن ف س	kw:knowledge(78.4426); kw:reason(59.5205); kw:recall(52.326); kw:cognition(49.2775); theme:cognition_perception/cognition(48.6933); kw:mind(42.2076); kw:retention(41.3787); kw:memory(34.9837)	ق و ل:B012:قول في النفس لم يظهر → ن ف س:B013:ما في النفس من عقل وروع
C070	0.7111	honor / pride / arrogance / majority	26	8	17	34	0.06589962	0.2957	0.9412	0.7059	6,8,12,16,22,35,40,53,60,74,76,81,85,95,107,111,113,115,122,128,132,134,160,161,169,171	ج م ع ع ب د ع ج ب ع ظ م ع ل و ك ب ر ك و ك ب ن ف س	kw:honor(80.2944); kw:pride(67.7508); kw:arrogance(55.9858); kw:majority(52.326); kw:dignity(44.6404); kw:hierarchy(43.4607); kw:nobility(38.5105); theme:time_measure_quantity/measurement(33.8108)	ع ظ م:B006:التعاظم والزهو → ك ب ر:B006:العظمة والكبرياء
C071	0.7109	space_form_boundary/place_location / habitation / settlement / residence	61	15	17	29	0.06271019	0.2164	1.0	0.6897	5,16,17,21,22,28,29,30,31,32,35,37,39,46,49,51,53,57,59,62,71,72,73,76,84,85,87,97,99,100,102,115,116,118,123,124,125,126,133,134,139,141,143,144,146,147,148,149,153,157,164,167,168,169,171,174,177,178,180,181,182	ء ل ف ء ه ل ء و ل ب ع ل ب ن ي ب ي ض ح ي ن ر ب ب ر س ل ق ط ن ق و م ك و ن ل ب ث ن ز ل ن و م	theme:space_form_boundary/place_location(93.6756); kw:habitation(86.4017); kw:settlement(82.4685); kw:residence(75.661); kw:dwelling(67.1951); kw:familiarity(61.531); kw:stay(59.9777); kw:household(59.7372)	ء ه ل:B004:أنس المكان والعمران → ء ل ف:B005:الألفة والأنس والملازمة
C072	0.7101	law_governance/authority_governance / hierarchy / politics / authority	69	13	15	21	0.06120615	0.2039	1.0	0.7143	5,10,15,18,20,21,22,28,29,30,31,34,35,36,37,40,51,52,53,54,56,57,60,61,62,72,74,80,81,84,85,87,89,90,91,95,97,99,100,102,105,106,110,111,121,122,123,124,126,128,131,132,133,139,147,149,150,151,156,160,161,167,169,171,174,178,180,181,182	ء م ر ت ب ع د ي ن ذ و و ر ب ب ر س ل س ع ي س ل ط ع ب د ق ل ب ق و ل م ل ك و ل ي	theme:law_governance/authority_governance(90.9803); kw:hierarchy(54.3259); kw:politics(52.5539); kw:authority(52.4284); kw:ruler(52.326); kw:ownership(50.4406); kw:power(43.7032); kw:dominion(34.884)	ع ب د:B001:الرق والملك → م ل ك:B002:المِلْك والتصرف
C073	0.71	fire / land_water_sky/fire_heat / blaze / light	17	12	15	34	0.05814658	0.3333	0.9412	0.5882	6,10,23,44,55,63,64,66,68,83,88,91,97,98,102,162,163	ء ك ل ث ق ب ج ح م س ر ر ش ه ب ش ي ع ص ل ي ف ت ن ك و ك ب ك ي د م ع ع ن ج م	kw:fire(113.9141); theme:land_water_sky/fire_heat(103.9419); kw:blaze(57.219); kw:light(44.7539); kw:heat(44.0812); kw:ignition(43.4363); kw:flame(41.7788); kw:energy(39.4154)	ك و ك ب:B001:الكوكب نجم في السماء → ن ج م:B001:الكوكب الطالع
C074	0.7098	road / path / guidance / navigation	43	17	17	36	0.06200996	0.2647	1.0	0.5556	4,5,7,15,20,23,32,33,35,36,39,40,53,56,61,69,71,74,86,90,91,96,99,102,103,106,112,113,117,118,126,128,142,150,152,156,158,159,160,169,174,178,182	ء ل ه ب ي ن ت ل ل ح ف ظ د ي ن ش ر ك ص ر ط ض ل ل ع م ل غ و ي ل ق م م ل ك ن ب ء ن ب و ن س ب ه د ي و ل ي	kw:road(117.8324); kw:path(87.3052); kw:guidance(80.3141); kw:navigation(53.4682); kw:misguidance(51.232); kw:error(40.6505); kw:clarity(39.1426); kw:journey(36.2398)	ش ر ك:B005:شِرك الطريق → ل ق م:B001:منهج الطريق ومفرجه
C075	0.7094	elevation / terrain / mound / sand	16	10	10	12	0.05325986	0.2667	1.0	0.9167	21,44,47,80,92,102,103,105,110,113,121,125,131,135,138,140	ت ل ل ح س ن س ر ر ص ب ر ع ج ز ع ق ل غ و ل ف ص ل ف ل ك ن ط ق	kw:elevation(82.5946); kw:terrain(64.7515); kw:mound(56.2768); kw:sand(53.335); kw:geology(47.0087); kw:landscape(41.4171); kw:geography(35.4006); kw:desert(33.8898)	ح س ن:B004:أسماء الحسن للمواضع والأجسام → ع ج ز:B005:رملة أو حبل مرتفع يشبه العجيزة
C076	0.7092	friendship / affection / emotion_ethics/trust_loyalty / trust	44	9	11	14	0.06333157	0.2692	1.0	0.6429	15,18,20,21,23,28,29,31,35,36,37,40,51,52,54,56,74,81,85,89,90,91,95,97,99,102,105,111,118,122,124,127,128,132,148,151,152,153,157,160,167,169,174,178	ء م ن ح ق ق خ ل ص ص د ق ص ف و ق و ل ك ذ ب ه د ي و ل ي	kw:friendship(61.531); kw:affection(57.219); theme:emotion_ethics/trust_loyalty(56.5204); kw:trust(49.8887); kw:alliance(40.3171); kw:sincerity(34.884); kw:relationship(29.3388); kw:loyalty(28.4462)	خ ل ص:B007:صفاء مودة وخاصّة → ص ف و:B004:مصافاة المودة والإخاء
C077	0.7091	space_form_boundary/place_location / settlement / residence / habitation	45	14	15	24	0.06503137	0.2308	1.0	0.7083	14,16,21,22,23,28,29,30,32,35,39,43,46,49,51,53,55,57,62,73,75,76,85,86,98,102,105,113,115,116,118,124,134,141,143,144,146,148,157,164,167,169,174,177,178	ء ه ل ب ي ض ح ي ن د و ن ر ء ي س ف ل س و ي ق ط ن ق و م ك و ن ل ب ث ن ز ل ن ع م ن ف س	theme:space_form_boundary/place_location(104.9166); kw:settlement(103.0856); kw:residence(75.661); kw:habitation(74.0586); kw:dwelling(67.1951); kw:abode(45.7343); kw:stay(44.9833); kw:station(41.7788)	ل ب ث:B001:المكث في الموضع → ق ط ن:B001:الإقامة والسكون في المكان
C078	0.7091	law_governance/authority_governance / governance / office / administration	38	13	13	19	0.0635585	0.2436	1.0	0.6842	5,8,17,28,30,31,39,57,59,61,65,66,71,76,84,85,87,90,96,99,100,102,112,115,117,118,124,126,134,149,156,157,164,168,174,178,180,182	ء ت ي ء م ر ء ه ل ء و ل ر ء س ر ب ب س ع ي س ل ط ص ل ح ع م ل ق و م م ل ء و ل ي	theme:law_governance/authority_governance(113.7254); kw:governance(67.5594); kw:office(47.0731); kw:administration(43.1696); kw:leadership(38.7554); kw:repair(37.6199); kw:care(37.2198); kw:reform(33.004)	ع م ل:B003:ولاية العمل والقيام عليه → س ع ي:B003:ولاية وسعاية على القوم
C079	0.709	worship / devotion / ritual_belief/religion_worship / submission	58	10	12	12	0.06556014	0.1875	1.0	0.8333	4,7,16,20,21,22,23,27,28,29,30,32,35,36,39,40,44,50,51,53,56,57,71,73,74,81,85,86,90,91,94,95,96,102,111,115,116,118,122,124,126,128,132,141,143,152,157,159,160,161,163,164,166,167,169,171,180,182	ء ل ه ح ف ظ د ب ر د ي ن س ب ح ص ل ي ع ب د ق ب ل ق و م ك و ن	kw:worship(87.7798); kw:devotion(80.0024); theme:ritual_belief/religion_worship(72.5726); kw:submission(67.4691); kw:obedience(53.1324); kw:religion(43.3422); kw:prayer(41.1882); kw:standing(31.0619)	س ب ح:B001:العبادة بالتسبيح والصلاة → ص ل ي:B001:الصلاة عبادة لازمة
C080	0.7088	urgency / speed / haste / running	31	15	15	29	0.0577263	0.2762	1.0	0.6552	8,10,11,16,22,40,56,57,70,74,76,81,85,94,95,98,102,111,113,115,122,127,128,132,144,158,160,161,169,171,176	ب ر ك ب ع ث ب ل غ ح ض ر خ ط ف ر د ي ز ف ف س ع ي ش د د ع ب د ع ج ل ق ذ ف ك ر ب ك ي د ه ر ع	kw:urgency(84.4151); kw:speed(79.6046); kw:haste(65.9276); kw:running(54.6714); kw:gait(49.2484); kw:movement(39.8286); theme:movement_travel/speed(37.7717); kw:pursuit(37.4165)	ق ذ ف:B005:اندفاع سريع في السير → ز ف ف:B001:الخفة والسرعة في الزفيف
C081	0.7086	body_health_life/life_stage_aging / limit / youth / maturity	48	13	15	23	0.06062016	0.2233	1.0	0.7826	5,8,11,16,21,22,23,28,29,30,31,32,35,36,39,43,48,51,53,55,57,73,84,87,90,91,94,99,100,101,102,116,126,140,141,143,144,147,148,149,157,158,167,169,174,178,180,182	ء ل ي ب ل غ ج ن ن ح ل م ر ب ب س و ي ش د د غ ل م غ و ي ف ت ي ق ص ر ك و ن و ل ي	theme:body_health_life/life_stage_aging(67.4343); kw:limit(53.7561); kw:youth(52.7421); kw:maturity(52.3699); kw:completion(50.299); kw:endpoint(47.5952); kw:development(43.4363); kw:adulthood(34.1547)	ش د د:B004:بلوغ الأشد → س و ي:B005:بلوغ وتمام الشباب
C082	0.708	slave / slavery / hierarchy / manumission	28	11	13	21	0.05879354	0.2763	1.0	0.7143	11,12,14,20,22,40,53,74,81,85,90,95,98,102,111,117,122,128,132,140,149,150,152,157,160,161,169,171	ء ب ق د ب ر د ي ن س خ ر س ع ي ع ب د ف ت ي ك ت ب ك ي د م ل ك و ل د	kw:slave(109.8374); kw:slavery(77.6548); kw:hierarchy(54.3259); kw:manumission(49.5059); kw:coercion(49.3724); theme:kinship_society/hierarchy_status(47.8386); kw:freedom(42.434); kw:ownership(37.8305)	س ع ي:B005:كسب العبد لفكاك رقبته → ك ت ب:B005:مكاتبة العبد على عتقه
C083	0.7079	liability / ritual_belief/belief_revelation / surety / purity	44	12	12	15	0.05766267	0.2273	1.0	0.8	3,4,16,19,21,22,26,27,28,29,30,32,33,35,39,44,50,51,53,57,61,71,73,79,84,94,102,103,109,116,120,130,141,143,145,157,159,166,167,169,170,177,180,181	ت ل و س ب ح س ل م س و ء ش ر ك ص ب ر ع ر ي ق ب ل ك ف ر ك و ن م ث ل و ح د	kw:liability(65.4624); theme:ritual_belief/belief_revelation(50.378); kw:surety(47.5952); kw:purity(47.5872); kw:guarantee(46.1482); kw:trust(37.4165); kw:contract(36.9363); kw:monotheism(35.7766)	ق ب ل:B008:ضمان الشيء والتكفل به → ص ب ر:B003:تحمل الكفالة والملازمة
C084	0.7077	space_form_boundary/place_location / settlement / residence / habitation	57	16	16	27	0.0618236	0.225	1.0	0.6296	3,5,16,21,22,28,29,30,31,32,35,39,43,46,49,51,53,57,62,63,72,73,75,76,77,84,85,87,89,98,99,100,115,116,118,124,126,127,134,141,143,144,145,146,148,149,152,157,158,164,167,169,174,177,178,180,182	ء ه ل ب ي ض ت ل و ج ع ل ح ي ن ر ب ب س ق م ظ ن ن ق ط ن ق و م ك ذ ب ك و ن ل ب ث ن ذ ر ن ز ل ن ع م	theme:space_form_boundary/place_location(119.9047); kw:settlement(103.0856); kw:residence(88.2711); kw:habitation(86.4017); kw:location(68.647); kw:dwelling(67.1951); kw:place(61.8514); kw:stay(59.9777)	ل ب ث:B001:المكث في الموضع → ق ط ن:B001:الإقامة والسكون في المكان
C085	0.7076	eye / sight / gaze / perception	23	9	17	46	0.06163434	0.377	0.913	0.5652	14,19,30,45,48,54,55,65,73,83,85,88,102,104,105,109,113,115,118,124,164,175,179	ب ر ه م ب ص ر ر ء ي ط ر ف ط ل ع ع ي ن ق و م ن ظ ر ن ف س	kw:eye(107.7593); kw:sight(85.3387); kw:gaze(82.3764); kw:perception(76.1934); kw:observation(73.347); kw:vision(70.2371); theme:cognition_perception/perception(65.8857); kw:envy(50.3071)	ر ء ي:B006:مرأى ومنظر ومرآة → ن ظ ر:B004:ظهور الشيء للناظر أو حسن مرآه
C086	0.7074	gait / travel / transport / speed	29	16	16	29	0.06018753	0.2417	1.0	0.7931	8,10,24,28,31,37,56,57,68,72,76,92,94,115,117,123,124,127,133,134,139,147,157,158,159,171,176,180,181	ء ت ي ج ن ب ح ض ر ح ق ق خ ط ف ر ج ع ر د ي ر س ل ز ف ف ع ج ل ق ذ ف ن ج و ن ط ق و ص ف و ق ف و ق ي	kw:gait(110.8088); kw:travel(88.2308); kw:transport(71.0942); kw:speed(68.2325); kw:animal(41.3268); kw:movement(39.8286); theme:movement_travel/motion(34.7612); kw:horse(34.7228)	ء ت ي:B009:رجع يدي الناقة في السير → ر ج ع:B008:رجع الدابة في السير
C087	0.7073	victory / competition / dominance / rivalry	22	14	16	33	0.06240256	0.2821	1.0	0.697	8,16,35,37,39,42,53,57,71,80,84,102,105,110,116,121,127,131,147,158,173,180	ء ل ف ء م ر ت ر ب ج ز ي ج ي ء ح ض ر س ع ي ع ز ز ع ل و غ ل ب ك ب ر ك ث ر ك ر م م ء ي	kw:victory(97.0093); kw:competition(80.5801); kw:dominance(68.0407); kw:rivalry(55.4339); kw:contest(54.9176); theme:conflict_security/conflict(54.7625); kw:number(54.6714); kw:power(54.629)	غ ل ب:B001:قوة تقهر وتغلب → ع ز ز:B002:الغلبة والقهر
C088	0.7073	arrow / gambling / projectile / conflict_security/weaponry	23	12	15	24	0.06319928	0.2353	0.9583	0.9167	5,8,31,49,51,54,55,56,57,65,84,87,90,99,100,112,113,125,126,141,149,180,182	د ب ر ر ء س ر ب ب ر د ي س ه م ط ل ع ق ذ ف ق ر ن ك ن ن ن ب ء ن ف س و ذ ر	kw:arrow(101.1696); kw:gambling(77.6548); kw:projectile(58.6776); theme:conflict_security/weaponry(49.0415); kw:lot(43.1696); kw:archery(41.1882); kw:hunting(36.2398); kw:weapon(34.5965)	ق ذ ف:B001:رمي وطرح بعيد → ر د ي:B001:الرمي بالحجر والصخرة
C089	0.7071	counterpart / likeness / comparison / representation	19	10	17	40	0.06063853	0.339	0.95	0.65	1,4,17,19,22,55,59,61,71,73,83,88,93,102,126,159,165,168,180	ء و ل ز و ج س و ي ش ي ع ص ف ف ض ر ب م ث ل ن ظ ر و ح د و ص ف	kw:counterpart(83.5576); kw:likeness(70.7234); kw:comparison(63.9861); kw:representation(61.531); kw:peer(60.9791); kw:classification(49.4984); kw:similarity(46.1482); kw:analogy(44.9833)	م ث ل:B003:المثل المضروب → ض ر ب:B003:تصوير المثل وإظهاره
C090	0.7071	basin / pool / land_water_sky/water_hydrology / hydrology	32	12	13	20	0.05929611	0.2597	1.0	0.75	5,11,25,28,31,37,41,46,57,79,84,87,93,96,99,100,102,113,116,117,125,126,140,149,150,157,158,164,170,172,180,182	ء ت ي ء م ر ب ر ك ج ي ء خ ل ق ر ب ب ش ر ب ع ل م ف ل ك ن ص ر و ه ب ي م ن	kw:basin(76.0974); kw:pool(71.5238); theme:land_water_sky/water_hydrology(66.4771); kw:hydrology(53.8167); kw:prosperity(51.1888); kw:reservoir(44.9833); kw:fortune(39.7012); kw:storage(32.5956)	ر ب ب:B013:ماء رَبَب كثير → ع ل م:B005:ماء كثير مجتمع في عيلم
C091	0.707	ecology / vegetation / fertility / plant	32	15	17	46	0.05992371	0.3433	0.8913	0.4565	5,16,25,28,31,36,42,46,53,57,62,64,75,84,86,87,88,99,100,104,112,116,117,126,146,149,150,151,157,172,180,182	ء ت ي ء ر ض ء ف ك ء ن ث ت ر ب ر ب ب ش ج ر ش ر ب ش ع ر ك ر م ن ب ء ن ب ت ن ج م ن د ي ن ص ر	kw:ecology(112.5409); kw:vegetation(68.7031); kw:fertility(63.8376); kw:plant(60.266); kw:agriculture(57.51); kw:growth(52.6784); theme:agriculture_food/plant_vegetation(50.6883); kw:flora(44.316)	ش ع ر:B002:نبات كثيف كالشَّعر → ش ج ر:B001:الشجر ذو الساق
C092	0.707	worship / ritual_belief/religion_worship / devotion / gratitude	44	9	12	11	0.0679662	0.1774	1.0	1.0	4,20,22,23,27,30,35,36,40,44,48,50,53,56,71,74,81,85,86,91,94,95,96,102,111,115,118,122,124,126,128,132,143,152,159,160,161,163,164,166,169,171,180,182	ء ل ه ح م د د ي ن س ب ح ص ل ي ع ب د ق ب ل ق ص ر ق و م	kw:worship(100.3198); theme:ritual_belief/religion_worship(98.1864); kw:devotion(66.6687); kw:gratitude(47.5952); kw:religion(43.3422); kw:prayer(41.1882); kw:submission(40.4815); kw:obedience(39.8493)	س ب ح:B001:العبادة بالتسبيح والصلاة → ص ل ي:B001:الصلاة عبادة لازمة
C093	0.7066	agriculture_food/plant_vegetation / ecology / plant / vegetation	36	15	17	38	0.0624198	0.2857	0.8947	0.6579	1,5,8,10,16,23,31,36,46,53,57,62,64,66,83,84,87,88,91,94,99,100,101,104,109,126,140,144,146,147,148,149,165,176,180,182	ء ك ل ء ل ي ب ر ه م ت ر ب ج ن ب ح ل م ر ب ب ش ج ر ش ر ب ش ع ر ش ه ب ص ف ف ع ج ل ن ب ت ن ج م	theme:agriculture_food/plant_vegetation(105.2757); kw:ecology(102.3099); kw:plant(80.3546); kw:vegetation(80.1537); kw:flora(73.8599); kw:shrub(68.0407); kw:tree(67.8912); kw:herb(63.231)	ش ع ر:B002:نبات كثيف كالشَّعر → ش ج ر:B001:الشجر ذو الساق
C094	0.7065	space_form_boundary/place_location / settlement / residence / habitation	57	16	16	25	0.06340103	0.2083	1.0	0.68	1,5,16,17,21,22,28,29,30,31,32,35,37,39,46,49,51,53,57,67,69,72,73,76,84,85,87,99,100,102,115,116,118,123,124,126,133,134,139,141,143,144,146,147,148,149,157,164,165,167,169,171,174,178,180,181,182	ء ب و ء ل ف ء ه ل ب ي ض ح م م ح ي ن ر ب ب ر س ل ص ف ف ق ط ن ق و م ك و ن ل ب ث ل ف ي ن و م و ه ب	theme:space_form_boundary/place_location(93.6756); kw:settlement(82.4685); kw:residence(75.661); kw:habitation(74.0586); kw:familiarity(61.531); kw:stay(59.9777); kw:dwelling(53.7561); kw:presence(40.6505)	ء ه ل:B004:أنس المكان والعمران → ء ل ف:B005:الألفة والأنس والملازمة
C095	0.7063	justice / judgment / substitution / authority	53	13	15	18	0.0620957	0.1748	1.0	0.9444	3,15,18,20,21,24,26,27,28,29,30,31,35,36,39,50,51,52,53,54,56,61,67,79,80,84,85,89,91,95,97,99,102,103,105,109,110,115,117,118,120,121,124,127,130,131,151,152,154,157,164,167,181	ت ل و ج ز ي ح ك م ح م م د ي ن س ء ل س ل م ف ص ل ق و ل ق و م ك ت ب ك ذ ب م ث ل	kw:justice(67.3432); kw:judgment(63.4441); kw:substitution(61.531); kw:authority(41.9427); kw:falsehood(39.2775); kw:verdict(34.884); kw:decree(34.1547); kw:governance(33.7797)	ف ص ل:B002:قضاء يفصل الحق من الباطل → ح ك م:B002:الحكم والقضاء بين الناس
C096	0.7063	allotment / share / arrow / archery	13	11	12	16	0.06591806	0.2462	1.0	0.875	41,46,54,55,65,66,83,90,91,112,113,141,177	ء ك ل د ب ر ر ء س ر ز ق س ه م س و ح ش ر ب ش ي ع ط ل ع ن ب ء ن ف س	kw:allotment(55.7051); kw:share(51.1888); kw:arrow(50.5848); kw:archery(41.1882); theme:economy_property/provision_resource(41.0362); kw:portion(36.7544); kw:overshoot(34.1547); kw:quota(33.004)	ط ل ع:B010:سهم يطلع فوق الغرض → د ب ر:B018:دبر السهم الهدف
C097	0.706	diversion / removal / ritual_belief/belief_revelation / abstention	18	10	12	19	0.05737709	0.3016	1.0	0.7368	9,15,30,33,38,48,59,62,63,64,84,86,93,140,146,151,162,176	ء ف ك س ح ر ش ج ر ش ح ن ض ر ب ط ر ف ط غ ي ع ذ ب ف ت ن ق ل ب	kw:diversion(53.9753); kw:removal(34.8519); theme:ritual_belief/belief_revelation(31.0019); kw:abstention(30.4895); kw:turning(27.5858); kw:withdrawal(26.4674); kw:deception(24.1599); kw:direction(23.7936)	ق ل ب:B004:رد الشيء عن وجهه → ء ف ك:B001:قلب الشيء وصرفه عن وجهته
C098	0.7057	land_water_sky/fire_heat / fire / blaze / heat	17	12	14	33	0.05719096	0.3708	0.9394	0.5758	10,23,42,55,63,64,66,67,68,83,91,97,98,102,141,162,163	ء ك ل ث ق ب ج ح م ح م م س ه م ش ه ب ش ي ع ص ل ي ف ت ن ف ك ه ك ي د م ع ع	theme:land_water_sky/fire_heat(108.6665); kw:fire(91.1312); kw:blaze(57.219); kw:heat(44.0812); kw:ignition(43.4363); kw:flame(41.7788); kw:energy(39.4154); kw:transformation(37.7243)	ش ي ع:B005:تذكية النار بالحطب → ص ل ي:B004:إيقاد الصلاء وتسوية الشيء بالنار
C099	0.7057	gait / travel / speed / transport	30	15	15	23	0.06134841	0.219	1.0	0.8696	1,8,10,28,31,37,43,51,56,57,68,72,75,76,94,115,117,123,133,134,139,147,150,157,159,165,171,176,180,181	ء ت ي ح ق ق خ ط ف ر ج ع ر د ي ر س ل ز ف ف ص ف ف ع ج ل ق ذ ف ق ر ن م ل ك ن ج و ن ع م و ص ف	kw:gait(98.4967); kw:travel(97.0538); kw:speed(56.8604); kw:transport(50.7816); kw:movement(39.8286); kw:stride(30.4895); kw:coordination(30.2314); theme:movement_travel/motion(28.9677)	ء ت ي:B009:رجع يدي الناقة في السير → ر ج ع:B008:رجع الدابة في السير
C100	0.7054	strength / firmness / power / solidity	46	16	16	32	0.05912293	0.2667	0.875	0.6562	3,11,13,16,22,28,35,37,40,51,52,53,60,66,72,74,76,81,85,91,93,95,105,107,111,113,114,115,122,123,128,132,133,137,139,147,150,155,157,160,161,168,169,171,180,181	ء ك ل ذ ك ر ر س ل ش د د ص د ق ع ب د ع ز ز ع ظ م ق ر ن ك ب ر ل ز ب م ر ر م ل ك م ن ن ن ف س ي م ن	kw:strength(102.0059); kw:firmness(52.1902); kw:power(43.7032); kw:solidity(41.7788); kw:resilience(41.7788); kw:pride(40.6505); kw:hardness(37.1238); kw:severity(35.6159)	ع ظ م:B006:التعاظم والزهو → ك ب ر:B006:العظمة والكبرياء
C101	0.705	hardness / geology / stone / rock	32	14	14	22	0.06206192	0.2418	1.0	0.7273	1,5,11,15,26,30,46,49,56,79,84,96,102,103,106,109,113,116,117,120,125,130,150,153,156,158,165,173,175,179,180,181	ب ر ك ب ص ر ب ي ض ب ي ن ج ن د خ ل ق ر د ي س ل م ص ب ر ص ف ف ص ف و ط غ و ع ز ز غ ل ب	kw:hardness(98.9968); kw:geology(94.0174); kw:stone(83.4538); kw:rock(70.7234); kw:terrain(53.9596); theme:land_water_sky/earth_geology(38.9612); kw:smoothness(38.8817); theme:land_water_sky/terrain_desert(35.4617)	ص ب ر:B005:حجر غليظ وأرض حصباء → ج ن د:B002:الأرض الغليظة ذات الحجارة
C102	0.7049	marriage / household / family / husband	18	8	11	15	0.06056899	0.2941	0.9333	0.8	17,22,23,59,71,76,94,97,99,102,118,125,126,134,136,149,153,168	ء ه ل ء و ل ب ع ل ب ن ي د م ر ز ف ف ز و ج ه د ي	kw:marriage(113.5294); kw:household(71.6847); kw:family(45.6437); kw:husband(45.3471); kw:spouse(43.7155); kw:ceremony(34.1547); kw:wedding(34.1547); kw:bride(32.1114)	ز ف ف:B002:زفاف العروس وحملها → ب ن ي:B006:بناء الرجل على أهله ودخوله بها
C103	0.7047	knowledge / cognition_perception/perception / observation / sight	33	14	17	35	0.06481368	0.2632	1.0	0.6	5,14,19,31,36,41,43,45,48,55,57,73,79,84,87,88,90,99,100,101,102,105,126,138,149,154,158,164,170,175,179,180,182	ب ص ر ج ن ن ح ك م ح ل م د ب ر ر ء ي ر ب ب ش ع ر ط ر ف ع ق ل ع ل م ع ي ن ق ل ب ن ظ ر	kw:knowledge(112.0609); theme:cognition_perception/perception(62.5914); kw:observation(58.6776); kw:sight(56.8924); kw:gaze(54.9176); kw:discernment(46.5929); kw:awareness(44.9833); kw:reason(44.6404)	ر ء ي:B001:رؤية العين والبصيرة → ب ص ر:B001:إبصار العين
C104	0.7046	justice / judgment / truth / economy_property/finance_debt	17	8	12	15	0.06272532	0.2459	1.0	0.9333	20,21,31,37,39,45,48,53,73,80,105,110,117,121,131,154,157	ج ز ي ح ق ق ح ك م د ي ن ع ق ب ع ي ن ف ص ل ك ت ب	kw:justice(67.3432); kw:judgment(52.8701); kw:truth(40.4815); theme:economy_property/finance_debt(39.0351); kw:verdict(34.884); kw:recompense(31.7301); kw:authority(31.457); kw:substitution(30.7655)	ف ص ل:B002:قضاء يفصل الحق من الباطل → ح ك م:B002:الحكم والقضاء بين الناس
C105	0.7045	palm / agriculture_food/plant_vegetation / growth / tree	27	16	17	44	0.05503045	0.3259	0.9318	0.5455	28,34,36,42,43,48,54,55,62,63,64,65,66,71,76,77,84,91,98,102,113,115,117,134,146,157,158	ء ت ي ء ك ل ء م ر ج ر م ج ع ل ج م ع ج ن ن ذ ر ر ش ج ر ش ي ء ط ل ع ف ك ه ق ص ر ق ل ب ك ث ر ك ر ب	kw:palm(102.3487); theme:agriculture_food/plant_vegetation(85.7802); kw:growth(63.214); kw:tree(56.576); kw:plant(50.2216); kw:harvest(50.1599); kw:sapling(49.5059); kw:agriculture(49.2943)	ء ت ي:B007:خروج النماء والنتاج → ء ك ل:B002:غلة الشجر والزرع
C106	0.7043	order / succession / continuity / sequence	21	9	13	22	0.05834331	0.3099	1.0	0.6818	3,10,16,33,37,54,55,65,72,73,90,103,123,133,139,144,147,171,174,178,181	ب ع ث ت ب ع ت ل ل ت ل و ر س ل ش ر ك ط ل ع ع ق ب و ل ي	kw:order(77.2633); kw:succession(62.8738); kw:continuity(62.6999); kw:sequence(58.7608); theme:time_measure_quantity/sequence_cycle(38.7523); kw:series(36.9273); kw:procession(30.2314); kw:following(29.1436)	ت ل و:B001:اتباع وتتابع → ت ب ع:B001:التلو والقفو
C107	0.7041	palm / agriculture_food/plant_vegetation / growth / botany	26	15	17	42	0.05484411	0.3134	0.9762	0.5714	22,28,34,48,54,55,63,65,66,71,76,77,84,91,97,98,102,113,115,117,134,149,153,157,158,170	ء ت ي ء ك ل ب ن ي ج ر م ج ع ل ج م ع ح ش ر ذ ر ر ش ي ء ط ل ع ق ص ر ق ل ب ك ث ر ك ر ب ك ف ر	kw:palm(90.9767); theme:agriculture_food/plant_vegetation(85.7802); kw:growth(63.214); kw:botany(57.0538); kw:sapling(49.5059); kw:fruit(46.4691); kw:shoot(43.1696); kw:agriculture(41.0786)	ء ت ي:B007:خروج النماء والنتاج → ء ك ل:B002:غلة الشجر والزرع
C108	0.7035	language_communication/communication / communication / summons / call	25	13	17	33	0.06425767	0.2519	1.0	0.7576	8,14,15,20,21,29,42,43,57,60,61,68,75,81,90,104,106,111,112,122,125,132,148,174,178	ء م ن ء ي ي ج و ب د ع و ر ج ع س م ع ك ر م ن ب ء ن د و ن د ي ن ع م ه ا ء و ل ي	theme:language_communication/communication(80.4898); kw:communication(60.3317); kw:summons(59.9777); kw:call(54.6714); kw:sound(51.3748); kw:voice(49.8887); kw:dialogue(48.7992); kw:answer(46.5929)	ن د و:B002:الصوت المرفوع والنداء → ن د ي:B001:رفع الصوت والنداء
C109	0.7034	joining / attachment / time_measure_quantity/quantity_number / composition	21	10	12	20	0.06157208	0.3175	0.9	0.65	8,23,27,45,50,51,69,90,91,94,99,102,117,134,140,144,147,148,157,174,178	ء ل ف ء ل ي ب ع ض ج م ع ش ي ء ط و ف ق ر ن ك ت ب ل ف ي و ل ي	kw:joining(70.346); kw:attachment(37.1238); theme:time_measure_quantity/quantity_number(29.9649); kw:composition(29.7602); kw:union(27.8525); kw:connection(27.8525); kw:aggregation(27.8525); kw:decision(26.8781)	ج م ع:B001:ضم المتفرق حتى يصير شيئا مجموعا → ء ل ف:B002:ضم الشيء إلى الشيء والتأليف
C110	0.7033	language / tongue / expression / articulation	52	15	17	29	0.05877128	0.2164	1.0	0.7586	3,5,8,12,13,14,15,18,19,20,21,26,28,29,30,31,35,36,37,45,48,51,52,54,55,56,57,65,66,73,85,88,89,91,95,97,99,102,105,106,113,117,124,127,138,150,151,155,156,158,167,168	ب ل غ ب ل ل ب ي ن ح ض ر ذ ك ر ر ء ي ش ه د ط ل ع ع ج ب ع ق ل ع ي ن ف ص ل ق و ل م ل ء ن ظ ر	kw:language(91.0338); kw:tongue(64.8028); kw:expression(62.6999); kw:articulation(59.0879); kw:beauty(45.8825); kw:knowledge(44.8244); kw:appearance(43.1103); theme:language_communication/language_speech(42.4301)	ر ء ي:B006:مرأى ومنظر ومرآة → ن ظ ر:B004:ظهور الشيء للناظر أو حسن مرآه
C111	0.7025	star / sky / mansion / land_water_sky/sky_astronomy	19	12	16	34	0.06123512	0.3009	0.9706	0.6765	5,6,9,33,38,41,57,59,66,84,88,90,102,107,127,140,144,158,176	ء ر ض ب ط ن ح ض ر د ب ر ذ ب ح ر ز ق س م و ع ذ ب ف ل ك ق ل ب ك و ك ب ن ج م	kw:star(102.6945); kw:sky(83.8128); kw:mansion(77.6548); theme:land_water_sky/sky_astronomy(77.0844); kw:constellation(58.2873); kw:cosmology(55.4339); kw:astronomy(53.537); kw:planet(50.3071)	ب ط ن:B008:البطين بطن الحمل → ق ل ب:B010:قلب العقرب النجم
C112	0.7024	arrow / projectile / conflict_security/weaponry / archery	12	11	13	17	0.06533923	0.2267	1.0	1.0	8,54,55,56,65,90,95,97,112,125,141,145	د ب ر ر ء س ر د ي س ه م ط ل ع ق ذ ف ل ق ي ن ب ء ن ب ذ ن ح ت و ذ ر	kw:arrow(63.231); kw:projectile(58.6776); theme:conflict_security/weaponry(49.0415); kw:archery(41.1882); kw:stone(35.7659); kw:overshoot(34.1547); kw:refuse(29.9889); kw:target(29.7602)	ق ذ ف:B001:رمي وطرح بعيد → ر د ي:B001:الرمي بالحجر والصخرة
C113	0.7021	star / land_water_sky/sky_astronomy / sunrise / light	25	14	17	36	0.06253124	0.2707	0.9722	0.6667	5,6,20,21,26,45,48,54,55,57,65,66,77,84,88,90,102,107,113,127,137,140,144,158,177	ب ط ن ح ض ر د ب ر ذ ب ح ذ ر ر ش ر ق ص ب ح ط ل ع ع ي ن ف ل ك ق ل ب ك و ك ب ن ج م ي و م	kw:star(102.6945); theme:land_water_sky/sky_astronomy(90.6875); kw:sunrise(85.3867); kw:light(78.3193); kw:mansion(77.6548); kw:astronomy(64.2444); kw:calendar(60.5377); kw:sky(59.8663)	ط ل ع:B001:طلوع النير وموضعه → ن ج م:B002:الطالع الظاهر
C114	0.702	marriage / household / family / gender	47	15	17	32	0.05803397	0.2388	0.9688	0.7188	5,15,17,22,31,33,36,37,52,57,59,68,71,72,76,78,84,87,97,99,100,102,105,106,108,113,117,119,123,125,126,129,133,134,139,147,149,153,156,157,158,168,171,177,180,181,182	ء ه ل ء و ل ب ر ك ب ع ل ب ن ي ب ي ن ت ر ك ج م ع ر ب ب ر ج ع ر س ل ز و ج س و ء ش ر ك ص د ق	kw:marriage(215.7059); kw:household(107.527); kw:family(91.2873); kw:gender(63.4441); kw:spouse(58.2873); kw:kinship(47.6209); kw:wife(45.3471); kw:sexuality(42.6119)	ز و ج:B002:زوج النكاح → ر ج ع:B004:رجعة المرأة في النكاح والأهل
C115	0.702	combat / battle / war / confrontation	36	14	14	20	0.05735244	0.2198	1.0	0.85	10,11,16,23,24,26,30,53,55,58,59,62,63,64,68,76,79,84,85,97,98,102,103,109,113,115,118,120,124,130,145,162,163,164,177,181	ب ر ك ج ح م س ل م ش د د ش ه ب ف ت ن ق و م ك ر ب ك ي د م ع ع م و ت ن ب ذ ن ز ل و ق ف	kw:combat(63.4145); kw:battle(57.5595); kw:war(56.8924); kw:confrontation(44.6404); kw:courage(39.2775); kw:violence(37.5938); kw:death(33.5654); theme:conflict_security/conflict(32.8575)	ق و م:B014:مقاومة ومنازلة → ن ز ل:B007:النزول للمبارزة
C116	0.7016	honor / pride / dignity / power	42	12	17	36	0.06224274	0.2791	0.9167	0.5833	8,11,16,22,28,35,37,40,53,60,72,74,76,81,85,93,95,96,97,102,107,111,113,115,122,123,125,128,132,133,137,139,147,149,150,153,160,161,169,171,180,181	ب ن ي خ ل ق ر س ل ش د د ع ب د ع ز ز ع ظ م ع ل و ك ب ر م ر ر ن ف س ي م ن	kw:honor(80.2944); kw:pride(67.7508); kw:dignity(59.5205); kw:power(54.629); kw:strength(45.3359); kw:arrogance(41.9894); kw:authority(41.9427); kw:virtue(37.4165)	ع ظ م:B006:التعاظم والزهو → ك ب ر:B006:العظمة والكبرياء
C117	0.7016	grammar / event / duration / time_measure_quantity/sequence_cycle	46	10	12	13	0.06189382	0.2031	1.0	0.8462	5,14,15,16,20,21,22,26,28,29,30,32,34,35,39,51,53,57,60,61,62,71,73,80,85,102,105,106,110,113,116,117,121,131,137,141,143,144,148,156,157,158,167,169,174,178	ء ي ي ب ي ن ح ي ن ذ و و ف ص ل ق ر ن ك ث ر ك و ن م ر ر ي و م	kw:grammar(63.7919); kw:event(54.9176); kw:duration(50.4406); theme:time_measure_quantity/sequence_cycle(50.378); kw:moment(48.1671); kw:question(46.5929); kw:syntax(45.3471); kw:time(36.0591)	ي و م:B002:مدة من الزمان → ح ي ن:B001:وقت الشيء وأوانه
C118	0.7015	fertility / rain / ecology / water	33	13	17	36	0.0647772	0.2748	0.9444	0.6111	5,6,12,25,26,28,29,30,31,37,41,42,57,68,75,84,87,90,99,100,104,116,117,126,146,149,150,157,172,174,178,180,182	ء ت ي ء ن ث ب ل ل ر ب ب ر ج ع ر ز ق س م و ك ر م ن ب ت ن د و ن د ي ن ص ر و ل ي	kw:fertility(85.1167); kw:rain(82.932); kw:ecology(61.386); kw:water(59.3161); kw:weather(56.9182); kw:dampness(52.326); kw:dew(48.1671); kw:wetness(46.5929)	ن د و:B003:بلل الندى والمطر → ن د ي:B005:بلل ومطر ورطوبة
C119	0.7013	affirmation / oath / answer / particle	54	13	15	16	0.06161823	0.1553	1.0	1.0	4,5,8,12,14,15,20,21,23,26,28,29,30,31,35,36,37,40,42,43,56,57,60,61,74,75,81,84,86,87,91,93,94,96,99,100,102,106,111,122,126,128,132,140,144,147,148,149,152,159,160,169,180,182	ء ل ه ء ل ي ء م ن ء ي ي ب ل ل ب ل و ب ل ي ر ب ب ع ل و ك ر م ن ع م ه ا ء ي م ن	kw:affirmation(64.2228); kw:oath(54.6714); kw:answer(46.5929); kw:particle(44.6404); kw:discourse(43.1696); kw:commitment(42.2076); kw:pledge(42.2076); kw:logic(41.1882)	ب ل و:B006:جواب بلى ورد النفي → ب ل ي:B010:بلى رد النفي بإثبات
C120	0.7006	creation / existence / production / making	38	10	10	8	0.06085235	0.1778	1.0	1.0	11,16,21,22,28,29,30,32,34,35,39,40,48,51,53,57,63,73,74,77,96,97,98,102,116,125,128,141,143,149,150,152,153,157,158,160,167,169	ب ن ي ج ع ل خ ل ص خ ل ق ط ر ف ف ص ل ف ع ل ك و ن و ج د و ل د	kw:creation(68.9644); kw:existence(60.4627); kw:production(58.2873); kw:making(34.884); kw:origination(31.7301); kw:destination(28.7797); kw:causality(28.6095); kw:ontology(28.6095)	ف ص ل:B010:خروج الشيء من مكانه أو نفاذه → خ ل ص:B003:وصول بعد نفاذ
C121	0.7004	language / tongue / bone / skeleton	54	15	17	29	0.05609891	0.2164	0.9655	0.7931	3,12,13,15,16,18,20,21,26,28,29,30,31,35,36,37,43,48,51,52,53,54,56,60,76,79,84,85,89,91,92,95,97,99,102,103,107,109,115,118,120,124,130,138,140,150,151,155,156,158,164,167,168,181	ب ل ل ت ر ب ج ن ن ذ ك ر س ل ط س ل م ش ه د ع ظ م ع ق ل ف ص ل ف ل ك ق ص ر ق و ل ق و م ن ط ق	kw:language(91.0338); kw:tongue(90.724); kw:bone(64.3861); kw:skeleton(57.219); kw:expression(50.1599); kw:articulation(44.316); theme:body_health_life/anatomy(43.4343); kw:joint(41.0035)	ع ظ م:B005:العَظْم الصلب → ف ص ل:B005:مفصل بين عضوين أو قطعتين
C122	0.7004	limit / endpoint / destination / transfer	40	13	14	19	0.06453644	0.2111	1.0	0.7895	8,21,23,26,32,37,40,48,55,64,72,74,76,79,84,90,91,94,99,102,103,109,115,120,123,128,130,133,134,139,140,144,147,148,160,169,171,174,178,181	ء ل ي ب ل غ خ ر ج خ ل ص ر س ل س ل م س و ي غ و ي ف ص ل ق ص ر ن ج و ن و م و ل ي	kw:limit(53.7561); kw:endpoint(47.5952); kw:destination(43.1696); kw:transfer(38.2751); kw:completion(37.7243); kw:trust(37.4165); kw:arrival(37.0293); kw:release(35.8423)	خ ل ص:B002:خروج ونجاة من نشب → ن ج و:B001:الخلاص بالانفصال
C123	0.7004	refuge / bird / ostrich / animal_life/wildlife	27	12	12	14	0.06403626	0.2121	1.0	0.8571	17,22,24,41,43,57,59,63,71,73,75,77,79,87,94,98,101,102,113,125,126,138,158,164,168,170,182	ء و ل ب ع ل ج ع ل ز ف ف ص ب ر ظ ل م ع ق ب ع ق ل ع ل م غ ل م ن ع م و ق ف	kw:refuge(52.9349); kw:bird(46.9162); kw:ostrich(45.3471); theme:animal_life/wildlife(44.8111); kw:zoology(35.5423); kw:male(29.1436); kw:wildlife(27.2163); kw:habitat(25.9211)	ظ ل م:B006:الظليم ذكر النعام → ن ع م:B006:النعام والنعامة الطائر
C124	0.6999	eye / gaze / cognition_perception/perception / observation	19	10	17	42	0.06135262	0.3415	0.9048	0.5476	14,19,24,45,46,48,49,55,73,82,83,88,102,104,105,109,113,175,179	ب ر ه م ب ص ر ب ي ض ر ء ي ط ر ف ع ي ن غ ر ق ن ظ ر ن ف س و ق ف	kw:eye(107.7593); kw:gaze(82.3764); theme:cognition_perception/perception(72.4742); kw:observation(58.6776); kw:sight(56.8924); kw:envy(50.3071); kw:vision(46.8248); kw:organ(39.0107)	ع ي ن:B004:الإصابة بالعين → ن ف س:B003:إصابة العين بالنفس
C125	0.6999	confrontation / contest / diplomacy / conflict_security/conflict	50	12	12	14	0.05608111	0.2121	1.0	0.7857	14,15,16,18,20,24,26,28,29,30,31,35,36,37,51,52,53,54,55,56,60,62,76,79,84,85,86,89,91,93,95,97,98,99,102,103,105,107,109,115,118,120,124,130,145,151,164,167,177,181	ح ق ق ر ء ي ر و د ر و غ س ل م ع ظ م ق و ل ق و م ل ق ي ن ب ذ ن ز ل و ق ف	kw:confrontation(59.5205); kw:contest(54.9176); kw:diplomacy(42.6693); theme:conflict_security/conflict(40.1592); kw:encounter(39.7012); kw:conflict(34.5926); kw:wrestling(32.5328); kw:persuasion(28.9576)	ق و م:B014:مقاومة ومنازلة → ن ز ل:B007:النزول للمبارزة
C126	0.6998	worthiness / entitlement / fitness / readiness	15	8	10	12	0.06008037	0.2791	1.0	0.75	5,11,31,37,76,90,96,100,112,124,125,134,150,174,178	ء ر ض ء ه ل ح ق ق خ ل ق ص ل ح و ق ي و ل ي و ه ب	kw:worthiness(67.0762); kw:entitlement(50.3071); kw:fitness(45.7343); kw:readiness(39.4154); kw:eligibility(35.7766); theme:condition_force_change/capacity_ability(34.3024); kw:aptitude(34.1547); kw:availability(33.004)	ء ر ض:B003:الخليق بالخير كالأرض الأريضة → خ ل ق:B005:الجدارة والتهيؤ للشيء
C127	0.6996	grammar / deixis / attention / command	32	10	11	10	0.06471949	0.1852	1.0	1.0	5,8,14,15,17,20,21,23,31,48,55,57,60,61,69,84,85,86,87,93,99,100,102,105,106,126,127,149,152,168,180,182	ء ب و ء ي ي د و ن ر ء ي ر ب ب ض ر ب ع ل و ع ن د ك ذ ب ه ا ء	kw:grammar(51.0335); kw:deixis(47.5952); kw:attention(47.3897); kw:command(42.2076); kw:preposition(36.9273); kw:exhortation(34.1547); kw:mobilization(33.004); kw:urging(31.7301)	د و ن:B004:الإغراء بالتناول → ع ن د:B006:إغراء عندك بالأخذ
C128	0.6995	urgency / delay / time_measure_quantity/time / haste	37	12	13	19	0.06124187	0.2468	1.0	0.6842	5,14,19,21,22,24,37,40,70,72,73,74,76,81,85,88,95,102,111,115,122,123,127,128,132,133,139,142,144,147,152,160,161,169,171,176,181	ء ر ض ء ي ي ر س ل ع ب د ع ج ل ك ذ ب ك ر ب ل ب ث ل و م ن ظ ر ه ر ع و ق ف	kw:urgency(70.346); kw:delay(63.0508); theme:time_measure_quantity/time(62.784); kw:haste(52.7421); kw:pause(47.0731); kw:hesitation(43.7155); kw:time(36.0591); kw:promptness(34.884)	ك ذ ب:B005:ما كذب أن فعل أي ما لبث → ع ب د:B009:قلة اللبث وسرعة العدو
C129	0.6995	bone / skeleton / body_health_life/anatomy / connection	29	10	11	13	0.05795089	0.2407	1.0	0.8462	4,5,7,8,15,16,19,21,26,34,36,43,53,60,76,79,84,103,106,107,109,113,115,117,120,130,156,158,181	ب ي ن ت ر ب ج ر م ج ن ن س ل م ع ظ م ف ص ل ك ل ل ن س ب و ح د	kw:bone(64.3861); kw:skeleton(57.219); theme:body_health_life/anatomy(53.4575); kw:connection(41.7788); kw:joint(41.0035); kw:chest(39.2775); kw:anatomy(39.2355); kw:thorax(34.1547)	ع ظ م:B005:العَظْم الصلب → ف ص ل:B005:مفصل بين عضوين أو قطعتين
C130	0.6995	distance / remoteness / wilderness / geography	14	9	10	10	0.06104654	0.2273	1.0	1.0	5,7,8,9,15,47,60,65,106,113,117,156,158,170	ب ي ن ش ط ن غ و ل ف و ز ق ذ ف ك ف ر ن ز ف ن ف س و ص ب	kw:distance(84.7527); kw:remoteness(83.5576); kw:wilderness(51.5089); kw:geography(44.2507); kw:settlement(30.9257); kw:isolation(28.6095); kw:breadth(28.1384); kw:depth(27.8525)	ب ي ن:B006:بعد المسافة واتساع الفجوة → ش ط ن:B001:البعد والانقطاع
C131	0.6991	ecology / plant / agriculture_food/plant_vegetation / agriculture	32	15	17	49	0.05978199	0.3657	0.8163	0.4694	5,8,22,28,31,36,43,46,48,57,62,63,64,66,75,84,87,88,91,99,100,104,113,117,126,146,149,150,157,158,180,182	ء ت ي ء ر ض ء ك ل ء ن ث ج ن ب ج ن ن ر ب ب ش ج ر ش ر ب ش ع ر ط ر ف ظ ل م ن ب ت ن ج م ن د ي	kw:ecology(102.3099); kw:plant(90.399); theme:agriculture_food/plant_vegetation(77.982); kw:agriculture(73.9414); kw:vegetation(68.7031); kw:growth(63.214); kw:fertility(53.198); kw:grove(42.9143)	ش ع ر:B002:نبات كثيف كالشَّعر → ش ج ر:B001:الشجر ذو الساق
C132	0.6988	darkness / cycle / night / time	16	12	13	20	0.06009036	0.2597	1.0	0.8	10,11,15,36,43,44,48,55,73,90,137,138,149,158,170,177	ج ن ن د ب ر س ح ر س ر ر س و ي ش ه ب ص ب ح ع ق ب ف ت ي ق ص ر ك ف ر ل ي ل	kw:darkness(88.0233); kw:cycle(85.3486); kw:night(70.3743); kw:time(54.0886); kw:dawn(42.434); kw:calendar(36.3226); theme:land_water_sky/sky_astronomy(31.7406); kw:evening(31.7301)	س ر ر:B004:استتار الهلال آخر الشهر → س و ي:B012:ليلة استواء القمر
C133	0.6987	milk / body_health_life/reproduction_birth / pregnancy / yield	29	15	16	35	0.05548558	0.2941	0.9143	0.6571	1,2,10,14,19,21,31,37,42,55,68,72,97,102,105,113,123,127,133,137,139,147,152,153,165,171,176,177,181	ب ر ك ث ق ب ح ق ق ر ء ي ر ج ع ر س ل ز ج ر ص ب ح ص ف ف ص ف و ع ج ل ف ص ل ف ك ه ك ذ ب ل ق ي	kw:milk(80.4365); theme:body_health_life/reproduction_birth(68.2255); kw:pregnancy(64.8028); kw:yield(60.9791); kw:fertility(53.198); kw:udder(52.9349); kw:camel(46.3334); kw:husbandry(45.1864)	ر ء ي:B010:ظهور حمل الناقة أو الشاة → ر ج ع:B013:راجع الناقة وحملها
C134	0.6979	speed / urgency / haste / movement	35	16	17	38	0.05523911	0.2815	1.0	0.5789	8,10,16,22,23,40,43,56,57,70,74,75,76,81,85,94,95,97,99,102,111,115,118,122,127,128,132,134,144,158,160,161,169,171,176	ب ع ث ح ض ر خ ط ف ر د ي ز ف ف س ب ق س ع ي ع ب د ع ج ل ق ذ ف ك ر ب ل ق ي ن ج و ن ع م ه د ي ه ر ع	kw:speed(90.9767); kw:urgency(84.4151); kw:haste(79.1131); kw:movement(59.7429); kw:gait(49.2484); kw:travel(44.1154); kw:running(41.0035); theme:movement_travel/speed(37.7717)	ق ذ ف:B005:اندفاع سريع في السير → ز ف ف:B001:الخفة والسرعة في الزفيف
C135	0.6978	slander / gossip / kinship_society/social_relations / conflict	34	10	10	8	0.06150171	0.1778	1.0	1.0	5,15,18,20,22,28,29,31,35,36,51,52,54,56,66,71,85,89,91,95,97,99,100,102,106,112,113,117,124,147,151,156,158,167	ء ك ل ء م ر ب ي ن ح ش ر س ع ي ص ل ح ق و ل ك ث ر م ء ي ن س ب	kw:slander(52.0143); kw:gossip(44.6404); theme:kinship_society/social_relations(44.5454); kw:conflict(43.2408); kw:discord(33.004); kw:rumor(33.004); kw:increase(26.6675); kw:prosperity(25.5944)	ء ك ل:B009:الإفساد والنميمة بين الناس → م ء ي:B001:النميمة التي تفسد ما بين القوم
C136	0.6977	marriage / household / gender / spouse	52	16	17	31	0.05889447	0.2296	0.9032	0.7419	5,15,16,22,23,31,33,36,37,51,52,53,57,60,68,72,76,78,84,87,94,97,99,100,102,105,106,107,108,113,115,117,118,119,123,125,126,129,133,134,139,147,149,150,153,156,157,158,171,180,181,182	ء ن ث ء ه ل ب ع ل ب ن ي ب ي ن ت ر ك ر ب ب ر ج ع ر س ل ز ف ف ز و ج ش ر ك ص د ق ع ظ م ق ر ن ه د ي	kw:marriage(193.0); kw:household(83.6321); kw:gender(74.0181); kw:spouse(72.8591); kw:family(68.4655); kw:bride(48.1671); kw:husband(45.3471); kw:wife(45.3471)	ز و ج:B002:زوج النكاح → ر ج ع:B004:رجعة المرأة في النكاح والأهل
C137	0.6975	tribute / tax / levy / economy_property/finance_debt	24	11	12	13	0.06742381	0.2	1.0	0.9231	5,12,14,28,34,37,39,52,61,63,64,77,80,93,96,98,102,105,110,117,121,131,157,158	ء ت ي ء ر ض ج ز ي ج ع ل خ ر ج س خ ر س ع ي ص د ق ض ر ب ع م ل ف ع ل	kw:tribute(81.3321); kw:tax(66.0079); kw:levy(62.7642); theme:economy_property/finance_debt(58.5527); kw:revenue(47.5952); kw:taxation(45.7343); kw:payment(42.2076); kw:coercion(37.0293)	خ ر ج:B003:مال يخرج على جهة معلومة → ض ر ب:B010:المال المضروب على أحد
C138	0.6973	law_governance/authority_governance / hierarchy / politics / dominion	62	16	17	26	0.05999576	0.1926	1.0	0.7308	4,5,10,11,15,18,19,20,22,23,28,29,30,31,33,35,36,40,41,51,52,53,54,56,57,74,81,84,85,86,87,89,90,91,95,96,97,99,100,102,111,122,124,125,126,128,132,149,150,151,152,156,159,160,161,167,169,171,174,178,180,182	ء ل ه ء م ر ب ع ل ت ب ع د ي ن ر ب ب ر ز ق س ع ي س ل ط ش ر ك ع ب د ف ت ي ق و ل م ل ك و ح د و ل ي	theme:law_governance/authority_governance(90.9803); kw:hierarchy(65.1911); kw:politics(52.5539); kw:dominion(52.326); kw:ruler(52.326); theme:ritual_belief/belief_revelation(46.5028); kw:sovereignty(45.7343); kw:power(43.7032)	ع ب د:B001:الرق والملك → م ل ك:B002:المِلْك والتصرف
C139	0.6973	condition / misfortune / adversity / plight	42	11	11	10	0.0618524	0.1818	1.0	0.9	16,17,21,22,26,28,29,30,32,35,39,45,51,53,57,59,71,73,79,84,95,103,109,116,120,126,127,130,134,141,143,157,158,159,166,167,168,169,170,177,180,181	ء و ل ت ل ل ج م ع ح ض ر س ب ح س ل م س و ء ط و ف ك ف ر ك و ن ن ح ت	kw:condition(53.5428); kw:misfortune(39.1426); kw:adversity(37.9386); kw:plight(36.9273); kw:purity(35.6904); kw:circumstance(33.004); kw:copulation(28.4462); kw:intimacy(26.371)	ن ح ت:B005:نحتها نحتا كناية عن الجماع → ج م ع:B006:اتصال الجماع والمجامعة
C140	0.6966	tribe / clan / lineage / name	19	13	15	28	0.0580092	0.2718	1.0	0.7143	10,27,28,34,36,43,44,50,66,71,93,94,106,142,144,146,150,158,173	ء ن ث ب ط ن ب ل و ب ل ي ت ب ع ج ر م ج ن د ج ن ن ح و ت ش ه ب ق ب ل ن ب ت ي م ن	kw:tribe(107.0713); kw:clan(105.1077); kw:lineage(86.6844); kw:name(65.1911); kw:genealogy(49.2484); kw:kinship(47.6209); kw:ethnicity(44.0082); kw:society(41.5571)	ب ل و:B008:اسم حي ونسبة → ب ل ي:B007:بلي اسم حي والنسبة بلوية
C141	0.6964	shield / protection / conflict_security/protection_security / concealment	12	9	12	18	0.06017214	0.2903	1.0	0.7222	7,8,36,43,49,64,75,124,158,170,175,179	ء ص ل ب ص ر ج ن ب ج ن ن ج و ب ح ف ظ ك ف ر ك ن ن و ق ي	kw:shield(77.6548); kw:protection(69.6338); theme:conflict_security/protection_security(57.941); kw:concealment(54.629); kw:cover(51.0335); kw:covering(46.2971); kw:screen(43.1696); kw:armor(41.7788)	ج ن ن:B001:الستر والاستتار → ك ن ن:B001:السَّتر الصائن
C142	0.6961	death / body_health_life/mortality_death / mortality / corpse	21	7	13	20	0.0568033	0.3509	1.0	0.8	16,23,28,36,43,53,55,58,59,60,64,68,78,93,97,102,108,119,129,158,163	ت ر ك ج ح م ج ن ن ف و ز م و ت ن و م ي م ن	kw:death(111.8847); theme:body_health_life/mortality_death(68.2453); kw:mortality(64.7515); kw:corpse(47.5952); kw:burial(40.6505); kw:inheritance(26.371); kw:loss(22.4122); kw:property(21.3873)	م و ت:B008:ميتة الحال وواحدة الموت → ن و م:B008:الموت والإماتة
C143	0.6961	tool / support / handle / craft_material_built/tools_equipment	47	12	12	12	0.05700076	0.1818	1.0	0.9167	15,17,18,20,24,28,29,30,31,35,36,39,43,44,51,52,54,56,57,59,61,62,64,65,71,75,85,86,89,91,93,95,96,97,98,99,102,115,118,124,126,146,151,164,167,168,176	ء و ل ر ء س ر و د س ر ر ش ج ر ض ر ب ع ج ل ع م ل ق و ل ق و م ن ع م و ق ف	kw:tool(63.5999); kw:support(55.5975); kw:handle(46.1482); theme:craft_material_built/tools_equipment(42.6796); kw:technology(42.2076); kw:wood(37.9386); kw:furniture(29.3388); kw:stick(28.9576)	ء و ل:B008:الآلة الحاملة أو الأداة → ض ر ب:B014:موضع الضرب وآلته وصنعته
C144	0.696	separation / avoidance / distance / deliverance	24	14	14	20	0.06060751	0.2198	1.0	0.85	7,8,9,40,48,60,62,64,65,74,76,84,86,93,107,112,115,128,134,140,146,151,160,169	ء ف ك ج ن ب خ ل ص د ح ر ش ج ر ش ح ن ش ط ن ض ر ب ط ر ف ف د ي ف و ز ق ل ب ن ب و ن ج و	kw:separation(51.3748); kw:avoidance(51.0335); kw:distance(48.4301); kw:deliverance(47.0731); kw:removal(46.4691); kw:rescue(43.7155); kw:exclusion(41.7788); kw:escape(41.5754)	د ح ر:B001:الطرد والإبعاد → ش ح ن:B003:الطرد والإبعاد
C145	0.6959	protection / concealment / shield / refuge	11	7	12	17	0.06318365	0.3091	1.0	0.8235	8,36,43,49,57,75,127,158,170,175,179	ب ص ر ج ن ب ج ن ن ج و ب ح ض ر ك ف ر ك ن ن	kw:protection(69.6338); kw:concealment(65.5548); kw:shield(62.1239); kw:refuge(52.9349); kw:covering(46.2971); kw:shelter(43.4013); kw:screen(43.1696); theme:conflict_security/protection_security(42.4901)	ج ن ن:B001:الستر والاستتار → ك ن ن:B001:السَّتر الصائن
C146	0.6958	plant / ecology / vegetation / agriculture_food/plant_vegetation	29	16	17	41	0.06092548	0.3037	0.8293	0.5854	5,8,15,16,31,36,43,46,53,57,62,63,64,84,87,88,98,99,100,101,126,146,149,158,162,163,176,180,182	ت ر ب ج ن ب ج ن ن ح ل م ر ب ب س ح ر س ف ل ش ج ر ش ر ب ش ع ر ص ل ي ع ج ل ف ت ن ق ط ن ن ب ت ن ج م	kw:plant(110.4876); kw:ecology(92.0789); kw:vegetation(80.1537); theme:agriculture_food/plant_vegetation(77.982); kw:herb(75.8772); kw:flora(59.0879); kw:pasture(57.6608); kw:agriculture(57.51)	ش ع ر:B002:نبات كثيف كالشَّعر → ش ج ر:B001:الشجر ذو الساق
C147	0.6958	marriage / family / household / woman	36	15	17	32	0.0585093	0.2388	0.9688	0.75	5,22,31,33,36,37,57,62,70,72,73,76,78,84,87,99,100,108,113,119,123,125,126,129,133,134,135,139,147,149,152,171,177,180,181,182	ء ه ل ب ر ك ب ع ل ت ر ك ج م ع ر ب ب ر س ل ز و ج ش ر ك ظ ن ن ع ج ز ع ق ب ن ز ل ه ر ع و ل د	kw:marriage(136.2353); kw:family(79.8764); kw:household(59.7372); kw:woman(58.6452); kw:spouse(58.2873); kw:gender(52.8701); kw:offspring(37.3173); kw:descendant(34.884)	ظ ن ن:B009:امرأة يرجى ولدها → ب ر ك:B009:امرأة ذات ابن كبير تتزوج
C148	0.6957	victory / competition / argument / contest	33	16	16	29	0.06088157	0.2417	1.0	0.6552	3,7,8,12,16,26,29,30,35,37,39,42,47,53,57,58,59,62,64,80,84,102,103,105,110,121,127,131,141,146,156,158,180	ب ل ل ت ل و ج ب ن ج ز ي ج ي ء ح ض ر د ح ض س ع ي س ل ط ش ج ر ع ز ز ك ب ر ك ر م ك ل ل م و ت ن ز ف	kw:victory(83.1508); kw:competition(57.5572); kw:argument(56.8924); kw:contest(54.9176); kw:proof(47.5952); theme:conflict_security/conflict(47.4608); kw:power(43.7032); kw:dispute(42.6693)	ج ي ء:B002:المغالبة بكثرة المجيء → ج ز ي:B005:الغلبة في المجازاة
C149	0.6957	color / contrast / appearance / whiteness	11	11	12	17	0.05944721	0.2615	1.0	0.8235	5,6,10,15,46,48,49,64,67,137,177	ب ي ض ح م م خ ر ج س ح ر ش ر ب ش ر ق ش ه ب ش و ب ص ب ح ط ر ف ك و ك ب	kw:color(133.1446); kw:contrast(71.5238); kw:appearance(53.8879); kw:whiteness(35.9982); kw:smoke(30.7655); theme:space_form_boundary/visual_appearance(28.8108); kw:dye(27.9929); kw:extremity(27.7169)	ش ه ب:B001:بياض تخالطه ظلمة → ب ي ض:B001:البَياض والابيضاض
C150	0.6954	beauty / aesthetics / sight / perception	26	11	15	27	0.05791212	0.27	0.8889	0.8148	6,8,12,14,19,45,48,54,55,65,66,73,80,88,101,102,105,110,112,113,121,125,131,150,175,179	ب ش ر ب ص ر ح س ن ر ء ي ز ي ن ش ه د ط ل ع ع ج ب ع ي ن م ل ء ن ظ ر	kw:beauty(80.2944); kw:aesthetics(76.3217); kw:sight(56.8924); kw:perception(47.6209); kw:appearance(43.1103); theme:cognition_perception/perception(42.8257); kw:expression(37.6199); kw:view(36.9273)	ر ء ي:B006:مرأى ومنظر ومرآة → ن ظ ر:B004:ظهور الشيء للناظر أو حسن مرآه
C151	0.6952	darkness / night / cycle / time	40	11	13	17	0.05412048	0.2267	1.0	0.8824	11,15,18,20,27,28,29,31,35,36,39,43,44,50,51,52,54,56,61,71,73,85,89,91,94,95,96,97,99,102,124,138,148,149,151,158,167,170,174,178	ج ن ن ح ي ن س ح ر س ر ر ع ق ب ع م ل ف ت ي ق ب ل ق و ل ك ف ر ل ي ل	kw:darkness(62.8738); kw:night(58.6452); kw:cycle(48.7706); kw:time(45.0739); kw:commerce(31.2388); kw:alternation(28.9576); kw:dawn(28.2893); theme:economy_property/commerce_exchange(27.9801)	ج ن ن:B002:غشيان الليل → ل ي ل:B001:الليل خلاف النهار وظلمته
C152	0.6951	succession / following / order / sequence	18	9	17	38	0.05804446	0.3193	0.9474	0.6316	3,10,33,37,70,72,73,83,90,103,123,133,139,147,171,174,178,181	ء ث ر ت ب ع ت ل ل ت ل و ر س ل ش ر ك ش ي ع ع ق ب و ل ي	kw:succession(88.0233); kw:following(87.4309); kw:order(77.2633); kw:sequence(70.513); kw:continuity(62.6999); kw:pursuit(49.8887); theme:time_measure_quantity/sequence_cycle(38.7523); kw:series(36.9273)	ت ل و:B001:اتباع وتتابع → ت ب ع:B001:التلو والقفو
C153	0.6951	victory / power / conquest / dominance	32	15	17	29	0.06489361	0.218	1.0	0.7931	8,11,23,28,30,32,35,40,55,74,82,90,91,94,99,101,102,116,117,128,140,144,147,148,156,157,160,169,173,174,178,180	ء ت ي ء ل ي ب ل غ ح ل م خ ل ص س ل ط س و ي ش د د ع ز ز ع ل و غ ر ق غ ل ب غ و ي ك ب ر و ل ي	kw:victory(69.2923); kw:power(65.5548); kw:conquest(60.9791); kw:dominance(54.4326); kw:maturity(52.3699); kw:destination(43.1696); kw:limit(40.3171); kw:completion(37.7243)	ش د د:B004:بلوغ الأشد → س و ي:B005:بلوغ وتمام الشباب
C154	0.6947	delay / waiting / time_measure_quantity/time / pause	41	12	14	18	0.06467603	0.2022	1.0	0.7778	5,8,14,19,22,23,24,37,40,47,72,73,74,77,81,85,88,91,94,95,99,102,111,122,123,128,132,133,139,140,142,144,147,148,160,161,169,171,174,178,181	ء ر ض ء ل ي ء ي ي ب ق ي ح ي ن ر س ل ع ب د غ و ل ل ب ث ل و م ن ظ ر و ق ف	kw:delay(75.661); kw:waiting(72.3939); theme:time_measure_quantity/time(59.0908); kw:pause(47.0731); kw:hesitation(43.7155); kw:slowness(42.2076); kw:motion(35.7117); kw:watching(34.884)	ن ظ ر:B002:ترقب الوقت وإمهال الطالب → ب ق ي:B005:ترقب الشيء وانتظاره بالبصر
C155	0.6945	claim / accusation / falsehood / imposture	41	12	13	15	0.06153588	0.1948	1.0	0.8667	3,14,15,18,20,21,26,28,29,31,35,36,46,51,52,54,56,66,79,84,85,87,89,91,95,97,99,102,103,106,109,112,120,124,125,127,130,151,152,167,181	ء ك ل ء ي ي ب ل و ب ل ي ت ل و د ع و س ل م ش ر ب ظ ن ن ق و ل ك ذ ب ن ب ء	kw:claim(55.9858); kw:accusation(55.4339); kw:falsehood(39.2775); kw:imposture(38.5491); kw:apathy(36.9273); kw:indifference(33.004); kw:disregard(30.7655); theme:emotion_ethics/deception_corruption(30.4376)	ب ل و:B007:عدم المبالاة وعدم الاكتراث → ب ل ي:B009:لا أبالي ترك الاكتراث
C156	0.6943	lie / emotion_ethics/deception_corruption / accusation / falsehood	38	11	16	26	0.05876233	0.2321	1.0	0.8077	3,11,15,18,20,21,28,29,31,35,36,37,46,51,52,54,56,66,85,86,89,91,95,96,97,99,102,105,112,124,125,127,146,150,151,152,157,167	ء ف ك ء ك ل ت ل و خ ل ق ش ر ب ص د ق ق و ل ك ذ ب ن ب ء ن ب ت ن ب و	kw:lie(59.0879); theme:emotion_ethics/deception_corruption(55.8023); kw:accusation(55.4339); kw:falsehood(52.3699); kw:fabrication(44.6404); kw:claim(41.9894); kw:testimony(39.8493); kw:imposture(38.5491)	ق و ل:B005:قول ما لم يكن أو نسبته → ش ر ب:B010:دعوى ما لم يشرب
C157	0.6943	excess / pride / disobedience / rebellion	21	12	15	23	0.06602471	0.2277	0.9565	0.8696	8,11,16,30,34,35,48,53,56,60,76,96,102,107,113,115,125,147,150,168,170	خ ل ق ر د ي ز ي د ط غ و ط غ ي ع ظ م ع ل و ع ن د ف ع ل ك ب ر ك ف ر ن ف س	kw:excess(64.5923); kw:pride(54.2007); kw:disobedience(48.1671); kw:rebellion(46.5929); theme:emotion_ethics/ethics_morality(42.78); kw:arrogance(41.9894); kw:forgery(35.7766); kw:tyranny(34.884)	ط غ ي:B001:مجاوزة الحد في العصيان → ط غ و:B001:مجاوزة الحد في العصيان
C158	0.6943	selection / preference / choice / agency	19	9	11	10	0.06769134	0.1887	1.0	1.0	12,14,40,61,62,64,70,74,78,82,102,108,119,128,129,136,153,160,169	ء ث ر ء خ ر ء م ر خ ر ج خ ل ص خ ي ر س خ ر ص ف و م ث ل	kw:selection(110.3431); kw:preference(58.2873); kw:choice(54.4326); kw:agency(30.693); kw:merit(29.7602); kw:deliberation(29.1436); kw:resolve(27.2163); kw:decision(26.8781)	ء ث ر:B005:تفضيل الغير أو الشيء بالاختيار → ص ف و:B002:اصطفاء الصفوة واختيارها
C159	0.6942	rain / wetness / weather / fertility	15	9	17	43	0.06059544	0.3583	0.9302	0.5581	12,26,29,30,37,41,68,75,90,93,99,103,104,174,178	ب ل ل ت ل ل ذ ه ب ر ج ع ر ز ق ض ر ب ن د و ن د ي و ل ي	kw:rain(82.932); kw:wetness(62.1239); kw:weather(56.9182); kw:fertility(53.198); kw:dampness(52.326); kw:moisture(52.0143); kw:water(50.8423); kw:dew(48.1671)	ن د و:B003:بلل الندى والمطر → ن د ي:B005:بلل ومطر ورطوبة
C160	0.6941	summons / language_communication/communication / call / voice	15	11	17	34	0.06315039	0.2742	0.9706	0.7353	5,8,14,15,34,68,75,104,106,112,113,117,125,156,158	ء ي ي ب ي ن ج ر م ج و ب د ع و ر ج ع ع ل و ن ب ء ن ب و ن د و ن د ي	kw:summons(74.9722); theme:language_communication/communication(73.4907); kw:call(68.3392); kw:voice(62.3609); kw:communication(43.0941); kw:sound(41.0998); theme:cognition_perception/perception(39.5314); kw:forum(36.9273)	ن د و:B001:اجتماع القوم في النادي والندوة → ن د ي:B003:مجلس القوم واجتماعهم
C161	0.6941	arrow / gambling / quiver / lot	22	10	13	17	0.06224408	0.2297	0.9412	0.9412	5,31,49,51,54,55,57,65,68,84,87,90,99,100,112,113,126,141,149,176,180,182	د ب ر ر ب ب ر ج ع س ه م ط ل ع ع ج ل ق ر ن ك ن ن ن ب ء ن ف س	kw:arrow(101.1696); kw:gambling(77.6548); kw:quiver(48.1671); kw:lot(43.1696); kw:archery(41.1882); kw:weaponry(38.5105); kw:hunting(36.2398); kw:overshoot(34.1547)	ط ل ع:B010:سهم يطلع فوق الغرض → د ب ر:B018:دبر السهم الهدف
C162	0.6941	justice / judgment / truth / verdict	17	8	10	11	0.05910351	0.2558	1.0	0.8182	20,21,31,37,39,53,67,80,86,98,105,110,117,121,131,154,157	ج ز ي ح ق ق ح ك م ح م م د ي ن ر و د ف ص ل ك ت ب	kw:justice(56.1193); kw:judgment(52.8701); kw:truth(40.4815); kw:verdict(34.884); kw:decree(34.1547); kw:obligation(33.8345); kw:substitution(30.7655); kw:decision(26.8781)	ف ص ل:B002:قضاء يفصل الحق من الباطل → ح ك م:B002:الحكم والقضاء بين الناس
C163	0.6939	milk / mixture / food / nourishment	38	14	16	32	0.05632484	0.2712	0.9688	0.5938	5,10,17,31,32,37,40,46,49,57,59,67,70,71,72,74,82,84,87,93,99,100,103,123,126,128,133,139,147,149,150,160,168,169,171,180,181,182	ء ث ر ء و ل ب ي ض ج ب ن خ ل ص ر ب ب ر س ل ش ر ب ش ه ب ش ه د ش و ب ض ر ب غ ر ق غ و ي	kw:milk(80.4365); kw:mixture(62.033); kw:food(53.466); kw:nourishment(51.5089); kw:liquid(50.4406); theme:agriculture_food/food_nutrition(50.1927); kw:dairy(48.8874); kw:honey(44.0082)	خ ل ص:B008:استخلاص السمن والطعام → ء ث ر:B009:بقية دسم قديم أو خلاصة سمن
C164	0.6937	selection / choice / elite / preference	20	11	12	16	0.05940627	0.2462	1.0	0.8125	37,40,45,48,52,61,62,67,70,74,100,101,105,112,128,138,153,157,160,169	ء ث ر ب ش ر ح م م خ ل ص خ ي ر ص د ق ص ف و ص ل ح ع ق ل ع ي ن م ث ل	kw:selection(124.136); kw:choice(81.6489); kw:elite(59.5205); kw:preference(58.2873); kw:excellence(53.5428); kw:quality(49.7565); kw:virtue(37.4165); kw:beauty(34.4119)	ء ث ر:B005:تفضيل الغير أو الشيء بالاختيار → ص ف و:B002:اصطفاء الصفوة واختيارها
C165	0.6936	selection / likeness / counterpart / virtue	14	11	17	32	0.06381037	0.2581	0.9688	0.8125	4,8,19,22,34,61,62,70,73,83,88,93,102,153	ء ث ر ج ن ب خ ي ر ز و ج ش ي ع ص ف و ض ر ب ف ع ل م ث ل ن ظ ر و ح د	kw:selection(110.3431); kw:likeness(70.7234); kw:counterpart(69.6314); kw:virtue(62.3609); kw:peer(60.9791); kw:preference(58.2873); kw:excellence(53.5428); kw:comparison(51.1888)	ن ظ ر:B006:مقابلة المثل بمثله حتى يستويان → م ث ل:B001:المماثلة والنظير
C166	0.6936	order / succession / continuity / sequence	31	10	12	16	0.05874607	0.254	1.0	0.75	3,5,10,16,31,33,37,43,57,72,75,83,84,87,90,99,100,123,125,126,133,139,144,147,149,171,174,178,180,181,182	ب ع ث ت ب ع ت ل و ر ب ب ر س ل ش ر ك ش ي ع ن ع م و ذ ر و ل ي	kw:order(77.2633); kw:succession(62.8738); kw:continuity(62.6999); kw:sequence(58.7608); theme:time_measure_quantity/sequence_cycle(38.7523); kw:herd(38.6317); kw:series(36.9273); kw:cattle(30.4895)	ت ب ع:B004:الولاء والتتابع → و ل ي:B002:تتابع شيء بعد شيء
C167	0.6936	animal_life/wildlife / bird / ostrich / male	31	12	13	15	0.06647534	0.1948	1.0	0.8667	2,3,13,17,19,22,30,41,43,57,59,63,71,75,77,79,87,94,98,101,113,126,142,150,155,156,158,164,168,170,182	ء ن ث ء و ل ج ع ل ح و ت ذ ك ر ز ج ر ز ف ف س ل ط ظ ل م ع ل م غ ل م ن ع م	theme:animal_life/wildlife(53.7733); kw:bird(46.9162); kw:ostrich(45.3471); kw:male(43.7155); kw:whale(35.7766); kw:taxonomy(33.8345); kw:gender(31.722); kw:sex(31.3821)	ز ج ر:B003:الزجر من السمك → ح و ت:B001:الحوت من السمك
C168	0.6936	separation / dispersion / scattering / distribution	25	11	11	13	0.05426941	0.2364	1.0	0.8462	6,16,22,40,43,57,70,74,75,81,83,85,87,94,95,106,111,122,128,132,144,160,161,169,171	ب ع ث ب ل و ب ل ي ح ش ر ز ف ف ش ي ع ظ ن ن ع ب د ك و ك ب ن ع م ه ر ع	kw:separation(51.3748); kw:dispersion(43.4363); kw:scattering(42.2076); kw:distribution(39.8493); kw:migration(36.9363); kw:movement(29.8714); theme:movement_travel/motion(28.9677); kw:urgency(28.1384)	ب ل و:B009:التفرق في الجهات → ب ل ي:B008:بذي بلي تفرق وتشعث
C169	0.6935	condition / circumstance / misfortune / adversity	55	14	14	16	0.05976907	0.1758	1.0	0.8125	1,11,15,16,17,18,20,21,22,28,29,30,31,32,35,36,39,51,52,53,54,56,57,59,61,71,73,85,89,91,93,95,96,97,99,102,103,116,124,125,126,141,143,149,150,151,153,157,159,165,167,168,169,177,180	ء م ر ء و ل ب ن ي ت ل ل خ ل ق د ي ن س و ء ص ف ف ض ر ب ف ص ل ق و ل ك و ن م ث ل و ص ف	kw:condition(80.3141); kw:circumstance(66.0079); kw:misfortune(39.1426); kw:adversity(37.9386); kw:plight(36.9273); kw:example(33.5381); kw:case(31.0619); kw:representation(30.7655)	ق و ل:B002:اللسان آلة القول → ف ص ل:B004:لسان يفصل الأمور بالبيان
C170	0.6935	definition / deixis / attention / meaning	53	12	13	12	0.05862803	0.1558	1.0	1.0	3,14,15,17,18,20,21,26,28,29,31,34,35,36,46,51,52,54,55,56,59,60,61,62,71,79,80,84,85,89,91,95,97,99,100,102,103,105,106,109,110,120,121,124,126,127,130,131,151,152,167,168,181	ء و ل ء ي ي ت ل و ذ و و ر ء ي س ل م ش ر ب ف ص ل ق و ل ك ذ ب ه ا ء و ه ب	kw:definition(55.3909); kw:deixis(47.5952); kw:attention(47.3897); kw:meaning(44.0082); kw:calculation(31.7301); kw:clarification(31.3821); kw:explanation(31.0619); kw:question(31.0619)	ق و ل:B005:قول ما لم يكن أو نسبته → ش ر ب:B010:دعوى ما لم يشرب
C171	0.6933	protection / armor / shield / observation	24	13	17	31	0.06762954	0.2366	1.0	0.7097	8,14,19,36,43,45,46,48,49,55,56,73,75,78,88,102,105,108,119,129,158,170,175,179	ب ص ر ب ي ض ت ر ك ج ن ب ج ن ن ج و ب ر ء ي ر د ي ط ر ف ع ي ن ك ف ر ك ن ن ن ظ ر	kw:protection(69.6338); kw:armor(69.6314); kw:shield(62.1239); kw:observation(58.6776); kw:sight(56.8924); kw:gaze(54.9176); kw:warfare(52.9348); theme:cognition_perception/perception(52.7085)	ر ء ي:B001:رؤية العين والبصيرة → ب ص ر:B001:إبصار العين
C172	0.6933	law_governance/authority_governance / argument / power / proof	29	14	15	25	0.0583129	0.2404	1.0	0.76	12,17,26,29,30,37,39,47,57,59,61,62,64,71,90,96,102,126,127,141,146,150,156,158,168,174,175,178,179	ء م ر ء و ل ب ص ر ب ل ل ح ض ر د ح ض س ع ي س ل ط ش ج ر ص ب ر ع م ل م ل ك ن ز ف و ل ي	theme:law_governance/authority_governance(83.3986); kw:argument(56.8924); kw:power(54.629); kw:proof(47.5952); kw:governance(45.0396); kw:dispute(42.6693); kw:authority(41.9427); kw:politics(39.4154)	و ل ي:B003:تولي الأمر والقيام عليه → ء م ر:B003:الولاية وصاحب السلطان
C173	0.6933	ritual_belief/belief_revelation / spirit / evil / misguidance	36	15	15	22	0.05797938	0.2095	1.0	0.8182	7,10,14,15,16,22,30,36,40,43,45,53,55,58,59,63,65,69,71,74,81,85,95,102,103,105,111,122,128,132,158,160,161,162,169,171	ت ب ع ت ل ل ج ن ن خ ط ف ر ء ي س ح ر ش ط ن ض ل ل ط غ و ط غ ي ط و ف ع ب د ف ت ن م ر د م و ت	theme:ritual_belief/belief_revelation(65.879); kw:spirit(59.5205); kw:evil(53.335); kw:misguidance(51.232); kw:religion(43.3422); kw:haunting(38.5491); kw:worship(37.6199); kw:wickedness(35.7766)	ط غ ي:B003:الطاغوت رأس الضلالة → ط غ و:B003:الطاغوت رأس الضلالة والطغيان
C174	0.6932	speed / gait / travel / haste	22	15	15	29	0.05636404	0.2762	1.0	0.6207	8,10,31,37,45,56,68,70,72,76,94,97,102,115,123,133,134,139,147,171,176,181	ح ق ق خ ط ف ر ج ع ر د ي ر س ل ز ف ف س ب ق س ع ي ط و ف ع ج ل ق ذ ف ك ر ب ل ق ي ن ج و ه ر ع	kw:speed(79.6046); kw:gait(73.8725); kw:travel(70.5846); kw:haste(52.7421); kw:transport(40.6253); kw:movement(39.8286); kw:stride(30.4895); kw:urgency(28.1384)	ق ذ ف:B005:اندفاع سريع في السير → ز ف ف:B001:الخفة والسرعة في الزفيف
C175	0.6932	tribe / clan / lineage / genealogy	32	14	15	24	0.05773218	0.2308	1.0	0.7917	22,27,34,36,40,43,44,50,66,71,74,81,85,94,95,100,102,106,111,112,122,128,132,142,144,146,150,158,160,161,169,171	ء ن ث ب ط ن ب ل و ب ل ي ج ر م ج ن ن ح و ت س ر ر ص ب ر ص ل ح ع ب د ق ب ل ق ط ن ن ب ت	kw:tribe(130.8649); kw:clan(118.2462); kw:lineage(75.8489); kw:genealogy(61.5604); kw:ethnicity(44.0082); kw:name(43.4607); theme:kinship_society/kinship(41.1183); kw:history(38.7554)	ب ل و:B008:اسم حي ونسبة → ب ل ي:B007:بلي اسم حي والنسبة بلوية
C176	0.693	partnership / share / economy_property/wealth_property / ownership	18	10	10	10	0.05928097	0.2222	1.0	0.9	21,22,33,36,40,64,74,78,83,93,108,119,128,129,141,150,160,169	ت ر ك خ ر ج خ ل ص ز و ج س ه م ش ر ك ش ي ع ض ر ب ف ص ل م ل ك	kw:partnership(76.9137); kw:share(51.1888); theme:economy_property/wealth_property(46.0039); kw:ownership(37.8305); kw:investment(34.884); kw:property(32.081); kw:separation(30.8249); kw:allocation(28.4462)	ش ي ع:B004:الشيوع في الملك → س ه م:B002:النصيب والمقدار
C177	0.6927	counterpart / comparison / likeness / similarity	18	10	17	36	0.06101364	0.3025	0.9722	0.6667	4,5,15,19,22,55,61,73,83,88,93,102,106,113,117,156,158,171	ب ي ن ز و ج س و ي ش ي ع ض ر ب ك ل م م ث ل ن س ب ن ظ ر و ح د	kw:counterpart(83.5576); kw:comparison(76.7833); kw:likeness(70.7234); kw:similarity(61.531); kw:peer(60.9791); kw:relation(57.3531); kw:representation(46.1482); kw:analogy(44.9833)	م ث ل:B003:المثل المضروب → ض ر ب:B003:تصوير المثل وإظهاره
C178	0.6926	answer / language_communication/communication / communication / dialogue	34	15	15	23	0.06079706	0.219	1.0	0.7391	12,15,20,21,24,26,27,29,30,37,42,43,50,57,60,61,68,72,75,81,104,106,111,122,123,125,132,133,139,147,148,163,171,181	ء م ن ب ل ل ب ل و ب ل ي ج و ب د ع و ر ج ع ر س ل س ء ل ص ل ي ك ر م ن د و ن د ي ن ع م ه ا ء	kw:answer(77.6548); theme:language_communication/communication(62.992); kw:communication(60.3317); kw:dialogue(48.7992); kw:affirmation(48.1671); kw:supplication(47.0731); kw:response(44.9833); kw:summons(44.9833)	ن د و:B002:الصوت المرفوع والنداء → ن د ي:B001:رفع الصوت والنداء
C179	0.6926	bone / skeleton / anatomy / body_health_life/anatomy	24	11	12	15	0.05814733	0.2308	1.0	0.8667	7,8,16,21,26,34,36,43,48,53,60,76,79,84,103,107,109,113,115,120,130,138,158,181	ب ر ك ت ر ب ج ر م ج ن ب ج ن ن س ل م ع ظ م ع ق ل ف ص ل ق ص ر ك ل ل	kw:bone(77.2633); kw:skeleton(71.5238); kw:anatomy(62.7768); theme:body_health_life/anatomy(60.1397); kw:chest(52.3699); kw:breast(44.6404); kw:joint(41.0035); kw:body(36.334)	ع ظ م:B005:العَظْم الصلب → ف ص ل:B005:مفصل بين عضوين أو قطعتين
C180	0.6922	justice / judgment / confirmation / law	54	13	16	17	0.06202713	0.1466	1.0	1.0	11,15,18,20,21,23,26,28,29,31,35,36,37,39,43,51,52,53,54,56,57,75,79,80,81,84,85,86,89,91,95,97,99,102,103,105,106,109,110,111,120,121,122,124,130,131,132,148,149,151,154,157,167,181	ء م ن ب ل و ج ز ي ح ق ق ح ك م د و ن د ي ن س ل م ص د ق ف ت ي ف ص ل ق و ل ن ع م	kw:justice(67.3432); kw:judgment(63.4441); kw:confirmation(50.3071); kw:law(44.8399); kw:verdict(34.884); kw:ruling(34.1547); kw:delegation(33.5381); kw:authority(31.457)	ف ص ل:B002:قضاء يفصل الحق من الباطل → ح ك م:B002:الحكم والقضاء بين الناس
C181	0.6921	death / war / violence / battle	18	9	12	16	0.05697918	0.254	1.0	0.8125	10,11,16,23,28,53,55,58,59,63,64,68,93,97,98,102,162,163	ج ح م ش د د ش ه ب ف ت ن ك ي د م ع ع م و ت ن و م ي م ن	kw:death(78.3193); kw:war(56.8924); kw:violence(46.9922); kw:battle(43.1696); kw:courage(39.2775); kw:combat(38.0487); kw:mortality(32.3757); theme:body_health_life/mortality_death(31.8478)	م و ت:B001:ذهاب القوة والحياة → ن و م:B008:الموت والإماتة
C182	0.6917	accusation / urgency / time / promptness	56	12	16	22	0.06258295	0.1947	1.0	0.7727	3,14,15,18,20,21,22,26,28,29,31,35,36,40,46,51,52,54,56,63,64,66,74,77,79,81,84,85,89,91,95,97,98,99,102,103,109,111,120,122,124,127,128,130,132,144,151,152,158,160,161,167,169,171,176,181	ء ص ل ء ك ل ء ي ي ت ل و ج ع ل س ل م ش ر ب ع ب د ع ج ل ق و ل ك ذ ب ل ب ث	kw:accusation(55.4339); kw:urgency(42.2076); kw:time(36.0591); kw:promptness(34.884); kw:commencement(34.1547); kw:aspect(30.4895); kw:lie(29.544); kw:attribution(28.9576)	ج ع ل:B004:الشروع في الفعل أو ملازمته → ء ص ل:B006:أصل يفعل
C183	0.6917	standing / worship / shadow / ritual_belief/religion_worship	41	12	13	13	0.06497578	0.1688	1.0	0.9231	22,24,25,27,30,40,44,50,61,62,63,71,74,81,85,89,94,95,111,113,115,116,118,122,124,128,132,138,143,145,159,160,161,163,164,166,169,171,172,177,180	س ب ح س ق م ص ل ي ظ ل م ع ب د ع ق ل ق ب ل ق و م م ث ل ن ز ل ن ص ر و ق ف	kw:standing(62.1239); kw:worship(50.1599); kw:shadow(44.6404); theme:ritual_belief/religion_worship(42.6898); kw:prayer(41.1882); kw:devotion(40.0012); kw:redress(34.884); kw:posture(33.7797)	ظ ل م:B003:الظلامة وطلب الإنصاف → ن ص ر:B002:انتصاف المظلوم
C184	0.6916	eye / vision / observation / sight	23	9	17	44	0.06018335	0.3697	0.8636	0.5455	14,19,30,45,48,55,73,83,85,86,88,98,99,102,104,105,109,115,118,124,164,175,179	ب ر ه م ب ص ر ذ ه ب ر ء ي ر و د ط ر ف ع ي ن ق و م ن ظ ر	kw:eye(107.7593); kw:vision(81.9433); kw:observation(73.347); kw:sight(71.1156); kw:gaze(68.647); kw:perception(66.6692); theme:cognition_perception/perception(65.8857); kw:organ(39.0107)	ر ء ي:B001:رؤية العين والبصيرة → ب ص ر:B001:إبصار العين
C185	0.6916	creation / existence / production / causality	38	9	12	14	0.05608229	0.2258	1.0	0.8571	4,11,16,19,21,22,28,29,30,32,34,35,36,39,51,53,57,63,73,77,78,96,98,100,102,108,116,119,125,129,141,143,150,152,157,158,167,169	ت ر ك ج ع ل خ ل ق ف ع ل ك و ن و ج د و ح د و ل د و ه ب	kw:creation(68.9644); kw:existence(60.4627); kw:production(58.2873); kw:causality(42.9143); kw:event(41.1882); kw:configuration(38.5491); kw:transformation(37.7243); kw:making(34.884)	ج ع ل:B001:إحداث الشيء وصنعه → و ج د:B002:ثبوت الشيء في الوجود
C186	0.6916	reptile / snake / viper / dough	18	10	10	8	0.06679204	0.1778	1.0	1.0	5,7,16,36,43,48,53,60,64,65,67,76,84,101,107,115,134,158	ء ر ض ء ص ل ج م ع ج ن ن ح ل م ش ط ن ش و ب ع ظ م ق ص ر ق ل ب	kw:reptile(57.219); kw:snake(56.8924); kw:viper(34.1547); kw:dough(34.1547); kw:bread(33.5381); kw:serpent(31.7301); kw:danger(23.8949); kw:grotesque(19.2746)	ء ص ل:B004:الأصلة الحية → ق ل ب:B009:الحية البيضاء المشبهة بالقلب
C187	0.6915	belly / throat / cavity / respiration	23	13	15	25	0.05707836	0.2427	0.96	0.84	8,14,15,22,36,43,44,46,55,62,64,66,76,102,105,107,113,115,134,138,144,146,158	ب ط ن ج ن ن ح ش ر ذ ب ح ر ء ي س ح ر س ر ر ش ج ر ش ر ب ع ق ل ق ذ ف ن ج و ن ف س	kw:belly(50.8811); kw:throat(49.4984); kw:cavity(43.7155); kw:respiration(41.5754); kw:medicine(37.3676); kw:mouth(35.6159); kw:lung(33.5381); kw:chin(30.4895)	ب ط ن:B005:حال البطن من امتلاء أو علة → ع ق ل:B006:العُقول يمسك البطن
C188	0.6915	labor / slavery / worker / coercion	29	10	14	17	0.0647806	0.2024	1.0	0.9412	12,14,20,22,34,39,40,53,61,63,74,77,81,85,90,95,96,98,102,111,122,128,132,140,158,160,161,169,171	ء ب ق ج ع ل د ب ر د ي ن س خ ر س ع ي ع ب د ع م ل ف ع ل م ع ع	kw:labor(62.4776); kw:slavery(62.1239); kw:worker(52.326); kw:coercion(49.3724); kw:slave(47.0731); kw:hierarchy(43.4607); kw:laborer(34.884); kw:enslavement(34.884)	ف ع ل:B003:فَعلة العمل → ع م ل:B006:العملة العاملون بالأيدي
C189	0.6915	hip / rump / haunch / guilt	10	10	10	12	0.05227987	0.2667	1.0	0.8333	12,34,35,42,68,73,90,146,163,180	ج ر م د ب ر ر ج ع ص ل ي ع ج ب ع ز ز ع ق ب ق ط ن ك ب ر ك ر م	kw:hip(45.7343); kw:rump(44.6404); kw:haunch(32.1114); kw:guilt(30.4895); kw:offense(29.7602); kw:skeleton(28.6095); kw:transgression(27.8525); kw:sin(27.3357)	ع ج ب:B004:أصل الذنب بين الوركين → ق ط ن:B006:القَطَن من المؤخر وأصل الذنب
C190	0.6914	pride / honor / arrogance / dignity	29	11	17	34	0.06352947	0.2677	0.8824	0.6765	8,11,12,16,22,35,40,51,53,60,74,76,81,85,95,107,111,113,115,122,128,132,135,137,160,161,169,171,180	ش د د ع ب د ع ج ب ع ج ز ع ز ز ع ظ م ع ل و ق ر ن ك ب ر م ر ر ن ف س	kw:pride(81.301); kw:honor(68.8237); kw:arrogance(55.9858); kw:dignity(44.6404); kw:strength(34.002); kw:conceit(33.5381); kw:oldness(33.5381); kw:greatness(33.5381)	ك ب ر:B004:كبر السن والقدم → ع ج ز:B003:كبر وقدم حتى يسمى عجوزا
C191	0.6914	madness / illness / mind / seizure	21	11	13	20	0.05551059	0.2632	1.0	0.75	10,14,16,36,43,45,47,53,55,57,58,59,63,70,102,105,127,138,145,158,162	ج ن ن ح ض ر خ ط ف ر ء ي ط و ف ع ر ي ع ق ل ف ت ن م و ت ن ز ف ه ر ع	kw:madness(74.4006); kw:illness(63.231); kw:mind(56.2768); kw:seizure(52.3699); kw:derangement(50.3071); kw:spirit(44.6404); kw:magic(43.4363); kw:insanity(35.7766)	ج ن ن:B006:ستر العقل بالجنون → ف ت ن:B007:ذهاب عقل ومال
C192	0.6913	rain / fertility / weather / land_water_sky/weather_climate	24	16	16	34	0.05976023	0.2833	0.9706	0.5294	5,6,25,28,41,42,45,48,67,68,75,86,88,90,93,104,116,117,150,151,157,172,174,178	ء ت ي ء ر ض ء ف ك ء ن ث ح م م ر ج ع ر ز ق س م و ض ر ب ع ي ن ك ر م ن ج م ن د و ن د ي ن ص ر و ل ي	kw:rain(142.1691); kw:fertility(85.1167); kw:weather(75.8909); theme:land_water_sky/weather_climate(59.2546); kw:ecology(51.155); kw:shower(43.7155); kw:water(42.3686); kw:agriculture(41.0786)	ن د و:B003:بلل الندى والمطر → ن د ي:B005:بلل ومطر ورطوبة
C193	0.691	language / expression / deixis / articulation	54	11	14	12	0.0628093	0.1364	1.0	1.0	5,15,18,20,21,26,27,28,29,31,34,35,36,44,50,51,52,54,56,60,61,62,71,79,80,84,85,89,91,92,94,95,97,99,102,103,105,106,109,110,113,117,120,121,124,130,131,151,156,157,158,167,171,181	ب ل غ ب ي ن ذ و و س ل م ق ب ل ق و ل ك ت ب ك ل م ل ق ي ن ط ق ه ا ء	kw:language(50.5743); kw:expression(50.1599); kw:deixis(47.5952); kw:articulation(44.316); kw:utterance(39.5566); kw:rhetoric(35.4695); kw:communication(34.4753); kw:instruction(32.1114)	ن ط ق:B001:النطق والكلام → ك ل م:B001:نطق مفهم يصل بين متكلمين
C194	0.6908	disease / leg / limb / equipment	31	14	14	18	0.05495577	0.1978	1.0	0.9444	8,30,37,39,46,49,55,61,66,72,84,85,90,96,98,115,118,123,124,133,138,139,142,144,147,150,164,171,174,178,181	ب ط ن ب ي ض ج ن ب د ب ر ر س ل س ف ل س و ي ع ق ل ع م ل ق ل ب ق و م ل ق م م ل ك و ل ي	kw:disease(69.0687); kw:leg(65.9276); kw:limb(37.4165); kw:equipment(36.4065); kw:animal(34.439); kw:stance(33.004); kw:lameness(32.1114); kw:knee(31.7301)	س و ي:B010:السَّويّة على ظهر البعير → و ل ي:B011:ولية تحت الرحل
C195	0.6904	marriage / family / household / wife	36	11	12	12	0.06268136	0.1846	1.0	0.9167	5,15,22,31,34,37,47,57,68,70,72,76,84,87,97,99,100,102,106,113,117,123,125,126,133,134,139,147,149,153,156,158,171,180,181,182	ء ه ل ب ع ل ب ن ي ب ي ن ر ب ب ر ج ع ر س ل ز و ج ف ع ل ن ز ف ه ر ع	kw:marriage(90.8235); kw:family(57.0546); kw:household(47.7898); kw:wife(45.3471); kw:spouse(43.7155); kw:divorce(33.004); kw:courtship(32.5328); kw:syntax(30.2314)	ز و ج:B002:زوج النكاح → ر ج ع:B004:رجعة المرأة في النكاح والأهل
C196	0.6902	sword / blade / conflict_security/weaponry / conflict_security/violence_warfare	11	9	10	11	0.05603456	0.25	1.0	0.9091	10,23,46,47,49,65,70,93,112,118,150	ء ث ر ء ن ث ب ي ض ر ء س ش ه ب ص ر ط ض ر ب غ و ل ن ب و	kw:sword(65.0179); kw:blade(53.1324); theme:conflict_security/weaponry(35.6665); theme:conflict_security/violence_warfare(29.1167); kw:courage(26.185); kw:weaponry(25.6736); kw:combat(25.3658); theme:emotion_ethics/intention_character(23.2608)	ء ث ر:B007:أثر السيف في لمعانه أو ضربته → ض ر ب:B014:موضع الضرب وآلته وصنعته
C197	0.6901	honor / pride / dignity / arrogance	26	9	17	29	0.06737059	0.2339	0.9655	0.7586	8,16,22,30,35,40,53,60,70,74,76,81,85,95,107,111,113,115,122,128,132,134,160,161,169,171	ج م ع ط غ و ط غ ي ع ب د ع ظ م ع ل و ك ب ر ن ف س ه ر ع	kw:honor(68.8237); kw:pride(54.2007); kw:dignity(44.6404); kw:arrogance(41.9894); kw:authority(41.9427); kw:nobility(38.5105); kw:tyranny(34.884); kw:greatness(33.5381)	ط غ ي:B002:علو الماء والقوة الجارفة → ط غ و:B002:طغيان الماء وما يجري مجراه
C198	0.6901	hardness / geology / basin / stone	33	14	16	26	0.06272116	0.2203	1.0	0.7308	1,10,11,25,26,30,37,41,79,84,87,96,100,102,103,109,113,116,120,125,130,150,153,158,164,165,170,172,173,175,179,181,182	ب ر ك ب ص ر ث ق ب ج ن د ج ي ء خ ل ق س ل م ص ب ر ص ف ف ص ف و ط غ و ع ل م ن ص ر و ه ب	kw:hardness(86.6222); kw:geology(82.2652); kw:basin(76.0974); kw:stone(71.5318); kw:rock(70.7234); kw:pool(57.219); kw:terrain(53.9596); kw:hydrology(53.8167)	خ ل ق:B011:نقرة أو بئر تمسك الماء → و ه ب:B003:نقرة في الصخر تمسك الماء
C199	0.6899	tool / sword / blade / wood	40	13	13	15	0.05695383	0.1923	1.0	0.8667	15,17,18,20,23,28,29,30,31,35,36,46,49,51,52,54,56,59,61,65,70,71,85,89,91,93,95,97,99,102,112,115,118,124,126,151,164,167,168,176	ء ث ر ء و ل ب ي ض ر ء س ش ر ب ص ر ط ض ر ب ع ج ل ق و ل ق و م م ث ل ن ب و ن ح ت	kw:tool(52.9999); kw:sword(52.0143); kw:blade(39.8493); kw:wood(37.9386); kw:support(33.3585); theme:craft_material_built/craft(33.1214); kw:handle(30.7655); theme:conflict_security/violence_warfare(29.1167)	ء و ل:B008:الآلة الحاملة أو الأداة → ض ر ب:B014:موضع الضرب وآلته وصنعته
C200	0.6898	hardness / stone / geology / clay	23	13	14	21	0.06231032	0.2333	1.0	0.7619	11,26,37,52,79,84,86,102,103,105,109,120,130,135,150,151,153,157,173,175,179,180,181	ء ف ك ب ص ر ج ن د س ل م ش د د ص ب ر ص د ق ص ف و ط ي ن ع ج ز ع ز ز ل ز ب م ل ك	kw:hardness(111.3713); kw:stone(71.5318); kw:geology(70.513); kw:clay(58.2873); kw:terrain(43.1677); kw:rock(42.434); theme:land_water_sky/earth_geology(38.9612); kw:texture(34.5343)	ص ب ر:B005:حجر غليظ وأرض حصباء → ج ن د:B002:الأرض الغليظة ذات الحجارة
C201	0.6897	tribute / economy_property/finance_debt / tax / levy	24	11	13	14	0.06751701	0.1842	1.0	0.9286	3,28,37,39,52,57,61,63,64,77,80,84,93,96,98,102,105,110,117,121,127,131,157,158	ء ت ي ت ل و ج ز ي ج ع ل ج ي ء ح ض ر خ ر ج س ع ي ص د ق ض ر ب ع م ل	kw:tribute(81.3321); theme:economy_property/finance_debt(68.3115); kw:tax(66.0079); kw:levy(62.7642); kw:taxation(60.9791); kw:abscess(49.5059); kw:pus(48.1671); kw:revenue(47.5952)	خ ر ج:B003:مال يخرج على جهة معلومة → ض ر ب:B010:المال المضروب على أحد
C202	0.6896	tribe / clan / lineage / kinship	39	14	15	25	0.05895039	0.2404	0.96	0.68	15,18,20,27,28,29,31,34,35,36,44,48,50,51,52,54,56,66,71,76,85,89,91,93,94,95,97,99,102,106,124,134,144,146,150,151,158,167,173	ء ن ث ء ه ل ب ط ن ب ل و ب ل ي ج ر م ج ن د ذ ه ب ط ر ف ق ب ل ق و ل ن ب ت ن س ب ي م ن	kw:tribe(95.1745); kw:clan(91.9692); kw:lineage(86.6844); kw:kinship(57.145); kw:genealogy(49.2484); kw:ethnicity(44.0082); kw:affiliation(43.7155); kw:name(43.4607)	ب ل و:B008:اسم حي ونسبة → ب ل ي:B007:بلي اسم حي والنسبة بلوية
C203	0.6896	liability / surety / guarantee / trust	33	9	9	8	0.05988575	0.2222	1.0	0.75	3,12,16,21,22,26,27,28,29,30,32,35,37,39,44,49,50,51,53,57,66,71,73,91,94,102,116,141,143,157,167,169,170	ء ك ل ب ل غ ب ل ل ت ل و ص ب ر ق ب ل ك ف ر ك ن ن ك و ن	kw:liability(65.4624); kw:surety(47.5952); kw:guarantee(46.1482); kw:trust(37.4165); kw:contract(36.9363); kw:accusation(27.7169); kw:law(26.904); kw:refuge(26.4674)	ق ب ل:B008:ضمان الشيء والتكفل به → ص ب ر:B003:تحمل الكفالة والملازمة
C204	0.6893	speed / gait / haste / travel	30	16	17	33	0.05773749	0.2444	1.0	0.697	8,10,11,22,40,56,57,68,70,74,76,81,85,94,95,102,111,115,122,124,127,128,132,134,158,160,161,169,171,176	ب ل غ ج ن ب ح ض ر خ ط ف ر ج ع ر د ي ز ف ف س ع ي ش د د ع ب د ع ج ل ق ذ ف ك ر ب ن ج و ه ر ع و ق ي	kw:speed(102.3487); kw:gait(73.8725); kw:haste(65.9276); kw:travel(61.7615); kw:running(54.6714); kw:transport(50.7816); kw:horse(46.2971); kw:urgency(42.2076)	ق ذ ف:B005:اندفاع سريع في السير → ز ف ف:B001:الخفة والسرعة في الزفيف
C205	0.6893	hierarchy / slave / slavery / law_governance/authority_governance	48	12	17	27	0.06008289	0.216	1.0	0.7778	4,5,10,11,12,14,18,20,22,23,30,31,35,36,40,53,56,57,74,81,84,85,86,87,90,91,95,96,99,100,102,111,122,126,128,132,140,149,150,152,156,159,160,161,169,171,180,182	ء ب ق ء ل ه ت ب ع د ب ر د خ ر د ي ن ر ب ب س خ ر س ل ط ع ب د ف ت ي م ل ك	kw:hierarchy(65.1911); kw:slave(62.7642); kw:slavery(46.5929); theme:law_governance/authority_governance(45.4902); kw:submission(40.4815); kw:politics(39.4154); kw:ownership(37.8305); kw:dominion(34.884)	ع ب د:B001:الرق والملك → م ل ك:B002:المِلْك والتصرف
C206	0.6893	sunrise / dawn / light / emergence	13	7	11	14	0.05970171	0.2917	1.0	0.8571	5,45,48,54,55,65,77,88,101,112,113,137,177	ب ش ر ذ ر ر ش ر ق ص ب ح ط ل ع ع ي ن ن ج م	kw:sunrise(68.3094); kw:dawn(56.5787); kw:light(55.9423); kw:emergence(49.8887); kw:growth(31.607); kw:daybreak(31.3821); kw:sprout(28.4462); kw:visibility(25.2924)	ط ل ع:B001:طلوع النير وموضعه → ن ج م:B002:الطالع الظاهر
C207	0.6891	noon / shadow / height / cycle	19	10	12	16	0.05856006	0.254	1.0	0.8125	11,22,25,30,35,48,61,63,85,113,115,116,118,124,138,148,154,164,172	ح ك م ش د د ظ ل م ع ق ل ق ص ر ق و م ك ب ر م ت ع م ث ل ن ص ر	kw:noon(47.0731); kw:shadow(44.6404); kw:height(37.0293); kw:cycle(36.578); kw:zenith(35.7766); kw:redress(34.884); kw:posture(33.7797); kw:reform(33.004)	ش د د:B005:شد النهار وارتفاعه → ك ب ر:B013:أكبر النهار
C208	0.6891	familiarity / settlement / habitation / calm	51	12	13	11	0.06169961	0.1429	1.0	1.0	5,16,21,22,23,28,29,30,31,32,35,37,39,51,53,57,58,59,72,73,76,81,84,87,99,100,102,111,112,116,118,122,123,126,132,133,134,139,141,143,146,147,148,149,157,167,169,171,180,181,182	ء ل ف ء م ن ء ه ل ر ب ب ر س ل ق ط ن ك و ن م و ت ن ب و ن و م ه د ي و ه ب	kw:familiarity(61.531); kw:settlement(51.5428); kw:habitation(49.3724); kw:calm(44.9833); theme:space_form_boundary/place_location(41.2172); kw:permanence(41.1882); kw:trust(37.4165); kw:stability(37.0293)	ء ه ل:B004:أنس المكان والعمران → ء ل ف:B005:الألفة والأنس والملازمة
C209	0.689	tool / wood / craft_material_built/tools_equipment / technology	47	11	11	10	0.05455137	0.1818	1.0	0.9	8,15,17,18,20,23,24,28,29,30,31,35,36,51,52,54,56,59,71,85,86,89,91,93,94,95,97,98,99,102,115,118,124,126,140,143,144,147,148,151,159,164,166,167,168,176,180	ء ل ي ء و ل ب ل غ ر و د س ب ح ض ر ب ع ج ل ق و ل ق و م ن ح ت و ق ف	kw:tool(52.9999); kw:wood(50.5848); theme:craft_material_built/tools_equipment(42.6796); kw:technology(42.2076); kw:support(33.3585); kw:handle(30.7655); kw:artifact(29.544); kw:stick(28.9576)	ء و ل:B008:الآلة الحاملة أو الأداة → ض ر ب:B014:موضع الضرب وآلته وصنعته
C210	0.6889	slave / death / mortality / slavery	33	12	15	24	0.05830244	0.2376	1.0	0.75	3,12,14,16,20,22,36,40,53,58,59,60,74,78,81,85,90,95,102,108,111,117,119,122,128,129,132,140,157,160,161,169,171	ء ب ق ت ر ك ت ل و د ب ر د ي ن س خ ر س ع ي ع ب د ف و ز ك ت ب م و ت ن و م	kw:slave(78.4553); kw:death(67.1308); kw:mortality(64.7515); kw:slavery(62.1239); kw:manumission(49.5059); kw:hierarchy(43.4607); kw:freedom(42.434); kw:inheritance(39.5566)	س ع ي:B005:كسب العبد لفكاك رقبته → ك ت ب:B005:مكاتبة العبد على عتقه
C211	0.6889	labor / worker / work / economy_property/labor_work	14	9	14	20	0.0601878	0.2632	1.0	0.9	11,12,14,34,39,61,63,77,96,98,102,141,158,177	ج ع ل س خ ر س ع ي س ه م س و ء ط ي ن ع م ل ف ع ل م ع ع	kw:labor(62.4776); kw:worker(52.326); kw:work(44.6404); theme:economy_property/labor_work(41.5249); kw:livelihood(38.2751); kw:construction(37.6199); kw:laborer(34.884); kw:condemnation(34.884)	ف ع ل:B003:فَعلة العمل → ع م ل:B006:العملة العاملون بالأيدي
C212	0.6887	ugliness / reptile / snake / disfigurement	13	10	12	15	0.06076452	0.2344	1.0	0.8667	7,8,10,36,43,45,51,64,65,84,102,158,177	ء ص ل ج ن ن خ ط ف س م ع س و ء ش ط ن ش ي ء ط و ف ق ر ن ق ل ب	kw:ugliness(60.4627); kw:reptile(57.219); kw:snake(56.8924); kw:disfigurement(34.884); kw:viper(34.1547); kw:serpent(31.7301); kw:evil(26.6675); kw:defect(25.6736)	ء ص ل:B004:الأصلة الحية → ق ل ب:B009:الحية البيضاء المشبهة بالقلب
C213	0.6886	tribute / law_governance/authority_governance / economy_property/finance_debt / tax	36	16	17	27	0.06613867	0.2	1.0	0.7407	21,28,29,30,37,39,52,61,64,66,68,80,81,86,90,91,93,96,102,105,107,110,111,117,121,122,127,131,132,148,151,152,156,157,174,178	ء ت ي ء ف ك ء ك ل ء م ر ء م ن ج ز ي خ ر ج ر ج ع س ع ي س ل ط ص د ق ض ر ب ع م ل ف د ي ك ذ ب و ل ي	kw:tribute(81.3321); theme:law_governance/authority_governance(79.6078); theme:economy_property/finance_debt(73.1909); kw:tax(66.0079); kw:levy(62.7642); kw:taxation(60.9791); kw:revenue(47.5952); kw:office(47.0731)	ع م ل:B003:ولاية العمل والقيام عليه → س ع ي:B003:ولاية وسعاية على القوم
C214	0.6886	calamity / adversity / disaster / severity	19	12	12	19	0.05509955	0.2879	0.9474	0.6316	16,20,21,26,32,53,60,62,76,102,107,115,135,136,137,144,153,177,180	ء م ر د م ر ص ب ر ص ف و ع ز ز ع ظ م غ ب ر غ و ي م ر ر م ع ع ن ز ل ي و م	kw:calamity(83.9958); kw:adversity(63.231); kw:disaster(59.4841); kw:severity(59.3598); kw:ordeal(54.4326); kw:suffering(45.4118); kw:crisis(38.7554); kw:darkness(37.7243)	ع ظ م:B004:العظيمة النازلة → ن ز ل:B006:الشدة النازلة
C215	0.6885	proximity / relation / limit / nearness	23	13	17	36	0.06118467	0.2748	0.9722	0.6111	6,8,23,24,32,48,56,67,76,86,90,91,94,99,102,115,140,144,147,148,168,174,178	ء ل ي ب ل غ ج ن ب ح م م د ن و د و ن ع ن د غ و ي ق ص ر ك ر ب ك و د و ق ف و ل ي	kw:proximity(108.4746); kw:relation(68.8237); kw:limit(67.1951); kw:nearness(65.2377); kw:adjacency(62.7642); kw:space(52.5526); kw:completion(50.299); kw:endpoint(47.5952)	د ن و:B001:القرب والمقاربة → و ل ي:B001:قرب ودنو بلا فاصل
C216	0.6885	sale / economy_property/commerce_exchange / credit / contract	25	10	10	9	0.06128745	0.2	1.0	0.8889	26,32,36,45,48,68,73,78,79,84,90,103,108,109,119,120,129,130,145,147,159,174,178,180,181	ت ر ك ر ج ع ز ي د س ل م ع ق ب ع ي ن غ و ي ن ب ذ و ص ف و ل ي	kw:sale(68.9644); theme:economy_property/commerce_exchange(67.9516); kw:credit(66.0079); kw:contract(61.5604); kw:price(44.316); theme:economy_property/finance_debt(43.9145); kw:purchase(33.004); kw:exchange(32.7314)	س ل م:B005:السلم في البيع والسلف → ع ي ن:B012:العينة والسلف
C217	0.6884	space_form_boundary/place_location / place / defense / rampart	32	11	11	10	0.05564365	0.1818	1.0	1.0	21,22,36,40,43,45,74,81,85,95,97,100,101,102,111,112,122,128,132,136,143,149,153,158,159,160,161,166,169,171,173,180	ب ن ي ج ن د ج ن ن ح ل م د م ر س ب ح ص ل ح ط و ف ع ب د غ ل م ف ص ل	theme:space_form_boundary/place_location(59.9524); kw:place(41.2343); kw:defense(38.0487); kw:rampart(36.9273); kw:mecca(35.7766); kw:province(34.884); kw:urbanism(32.5328); kw:town(30.4895)	ف ص ل:B007:حائط قصير دون السور → ط و ف:B010:طائف الحائط والبلد
C218	0.6883	knowledge / cognition_perception/cognition / reason / cognition	54	17	17	32	0.05580624	0.2353	1.0	0.5312	5,7,14,15,18,19,20,21,28,29,31,35,36,41,43,51,52,54,55,56,57,73,79,84,85,86,87,88,89,91,95,97,99,100,101,102,105,113,124,126,127,138,149,151,152,154,158,164,167,170,175,179,180,182	ء ف ك ب ص ر ج ن ن ح ف ظ ح ك م ح ل م ر ء ي ر ب ب ش ع ر ص ب ر ع ق ل ع ل م ق ل ب ق و ل ك ذ ب ن ظ ر ن ف س	kw:knowledge(89.6487); theme:cognition_perception/cognition(86.1497); kw:reason(59.5205); kw:cognition(59.1331); theme:cognition_perception/knowledge_learning(55.5574); kw:discernment(46.5929); kw:thought(45.7343); kw:wisdom(43.7155)	ن ظ ر:B001:توجيه البصر أو البصيرة لإدراك الشيء → ب ص ر:B002:بصيرة القلب
C219	0.6881	test / tension / bow / examination	23	10	10	8	0.0705861	0.1778	1.0	0.875	5,15,19,21,31,38,45,63,73,82,88,97,102,106,113,117,127,149,152,153,156,158,162	ب ل و ب ل ي ب ن ي ب ي ن ذ و ق ط و ف غ ر ق ف ت ن ك ذ ب ن ظ ر	kw:test(66.0079); kw:tension(59.0879); kw:bow(53.7561); kw:examination(49.5059); kw:trial(43.4363); kw:mechanics(43.4363); kw:testing(33.004); theme:conflict_security/weaponry(31.2082)	ب ي ن:B008:انفراج العضو أو الشيء عن ملاصقه → ب ن ي:B005:قوس بانية تلصق بوترها
C220	0.688	ostrich / bird / animal_life/wildlife / male	29	10	12	15	0.06073436	0.2344	1.0	0.7333	17,22,36,41,43,57,59,63,71,73,75,77,78,79,87,94,98,101,108,113,119,126,129,142,158,164,168,170,182	ء و ل ت ر ك ج ع ل ز ف ف ظ ل م ع ق ب ع ل م غ ل م ل ق م ن ع م	kw:ostrich(75.5784); kw:bird(46.9162); theme:animal_life/wildlife(44.8111); kw:male(29.1436); kw:wisdom(29.1436); kw:wildlife(27.2163); kw:refuge(26.4674); kw:habitat(25.9211)	ظ ل م:B006:الظليم ذكر النعام → ن ع م:B006:النعام والنعامة الطائر
C221	0.688	language_communication/writing_text / grammar / alphabet / alif	48	11	11	9	0.06035326	0.1636	1.0	0.8889	4,5,8,12,15,20,21,23,26,29,30,31,35,36,37,40,56,57,60,61,64,74,84,86,87,91,96,99,100,102,106,113,117,126,128,147,149,150,152,156,157,158,159,160,169,171,180,182	ء ل ف ء ل ه ء ن ث ب ل ل ب ي ن خ ر ج ر ب ب ع ل و ك ت ب ك ل م ه ا ء	theme:language_communication/writing_text(90.759); kw:grammar(63.7919); kw:alphabet(52.326); kw:alif(36.9273); kw:preposition(36.9273); kw:linguistics(33.5381); kw:moderation(32.5328); kw:semantics(31.3821)	ء ل ف:B006:الألف حرف من حروف الهجاء → ه ا ء:B006:الهاء حرف هجاء
C222	0.6879	gaze / eye / observation / cognition_perception/perception	24	10	17	39	0.06303309	0.3171	0.7949	0.6154	14,19,23,45,48,54,55,64,65,68,73,83,86,88,97,98,102,104,105,109,113,163,175,179	ب ر ه م ب ص ر ج ح م ر ء ي ر و د ط ر ف ط ل ع ع ي ن ن ظ ر ن ف س	kw:gaze(96.1057); kw:eye(95.786); kw:observation(88.0164); theme:cognition_perception/perception(65.8857); kw:vision(58.5309); kw:sight(56.8924); kw:envy(50.3071); kw:perception(47.6209)	ع ي ن:B004:الإصابة بالعين → ن ف س:B003:إصابة العين بالنفس
C223	0.6878	body_health_life/reproduction_birth / reproduction / marriage / gender	32	17	17	33	0.05992824	0.2426	0.9697	0.6364	3,9,16,22,33,36,37,38,43,53,58,59,68,70,72,78,87,108,113,119,123,129,133,134,139,147,150,152,158,171,176,181	ء ن ث ب ر ك ت ر ك ت ل و ج م ع ج ن ن ر ج ع ر س ل ز و ج ش ه د ظ ن ن ع ج ل ع ذ ب م و ت ن ف س ه ر ع و ل د	theme:body_health_life/reproduction_birth(96.3184); kw:reproduction(91.7878); kw:marriage(79.4706); kw:gender(74.0181); kw:woman(70.3743); kw:birth(61.873); kw:kinship(57.145); kw:mother(45.7343)	ز و ج:B002:زوج النكاح → ر ج ع:B004:رجعة المرأة في النكاح والأهل
C224	0.6878	following / liability / succession / continuity	39	11	17	30	0.06379201	0.2381	0.9333	0.7	3,10,16,21,22,27,28,29,30,31,32,35,37,39,44,50,51,53,57,70,71,73,80,83,90,94,102,105,110,116,121,131,141,143,157,167,169,174,178	ء ث ر ت ب ع ت ل و ج ز ي ح ق ق ش ي ع ص ب ر ع ق ب ق ب ل ك و ن و ل ي	kw:following(72.8591); kw:liability(65.4624); kw:succession(62.8738); kw:continuity(62.6999); kw:order(51.5089); kw:pursuit(49.8887); kw:surety(47.5952); kw:sequence(47.0087)	ت ل و:B001:اتباع وتتابع → ت ب ع:B001:التلو والقفو
C225	0.6877	following / misguidance / succession / continuity	44	15	17	27	0.06333217	0.2015	0.963	0.7407	3,4,7,10,22,23,30,32,35,36,40,56,63,65,69,70,71,74,81,83,85,86,90,91,95,96,102,103,111,122,125,126,128,132,152,159,160,161,162,169,171,174,178,182	ء ث ر ء ل ه ب ع ل ت ب ع ت ل ل ت ل و ش ط ن ش ي ع ض ل ل ط غ و ط غ ي ع ب د غ و ي ف ت ن و ل ي	kw:following(72.8591); kw:misguidance(68.3094); kw:succession(62.8738); kw:continuity(62.6999); theme:ritual_belief/religion_worship(55.4967); kw:religion(54.1778); kw:evil(53.335); kw:order(51.5089)	ت ل و:B001:اتباع وتتابع → ت ب ع:B001:التلو والقفو
C226	0.6876	milk / mixture / food / agriculture_food/food_nutrition	37	13	14	23	0.05634165	0.2556	1.0	0.6087	5,10,17,31,34,37,40,57,59,67,70,71,72,74,84,87,93,99,100,103,107,123,126,128,133,139,145,147,149,160,168,169,171,176,180,181,182	ء ث ر ء و ل ج ب ن ج ر م خ ل ص ر ب ب ر س ل ش ه ب ش و ب ض ر ب ع ج ل ف د ي ن ب ذ	kw:milk(68.9456); kw:mixture(62.033); kw:food(53.466); theme:agriculture_food/food_nutrition(50.1927); kw:dairy(48.8874); kw:drink(39.7012); theme:craft_material_built/substance_texture(39.6462); kw:residue(37.9386)	خ ل ص:B008:استخلاص السمن والطعام → ء ث ر:B009:بقية دسم قديم أو خلاصة سمن
C227	0.6876	parent / generation / education / upbringing	25	9	13	20	0.05779123	0.274	1.0	0.65	5,16,17,31,53,57,58,59,69,84,85,87,97,99,100,102,125,126,135,146,149,152,153,180,182	ء ب و ب ع ل ب ن ي ت ر ب ر ب ب ع ج ز م و ت ن ب ت و ل د	kw:parent(65.0657); kw:generation(45.3471); kw:education(40.3171); kw:upbringing(34.884); kw:family(34.2328); kw:nurture(33.5381); kw:cohort(33.004); kw:equal(33.004)	ت ر ب:B004:التساوي في السن والصحبة → و ل د:B006:قرين في سن الولادة
C228	0.6875	delay / time_measure_quantity/time / waiting / residence	53	15	17	25	0.06222952	0.1866	1.0	0.72	5,14,19,22,24,25,28,31,40,43,55,57,73,74,75,77,78,81,82,84,85,87,88,95,99,100,102,105,108,111,116,117,119,122,126,128,129,132,136,142,144,148,149,157,160,161,169,171,172,174,178,180,182	ء ت ي ء خ ر ء ر ض ء ي ي ب ق ي ح ي ن ر ء ي ر ب ب ع ب د ل ب ث ل و م ن ص ر ن ظ ر ن ع م و ق ف	kw:delay(75.661); theme:time_measure_quantity/time(62.784); kw:waiting(57.9151); kw:residence(50.4406); kw:pause(47.0731); kw:stay(44.9833); kw:hesitation(43.7155); kw:settlement(41.2343)	ن ظ ر:B002:ترقب الوقت وإمهال الطالب → ب ق ي:B005:ترقب الشيء وانتظاره بالبصر
C229	0.6874	assembly / joining / society / gathering	32	15	17	32	0.06439707	0.2406	0.9375	0.6875	5,7,8,22,27,31,36,43,44,45,50,51,57,66,69,71,84,87,94,99,100,117,126,134,144,147,149,157,158,173,180,182	ء ل ف ب ط ن ب ع ض ج م ع ج ن د ج ن ن ح ش ر ر ب ب ط و ف ق ب ل ق ر ن ك ت ب ك ل ل ل ف ي م ل ء	kw:assembly(79.1131); kw:joining(56.2768); kw:society(51.9463); kw:gathering(51.3473); kw:crowd(51.0335); kw:group(48.542); theme:kinship_society/household_community(47.3957); kw:band(43.1696)	ج م ع:B001:ضم المتفرق حتى يصير شيئا مجموعا → ء ل ف:B002:ضم الشيء إلى الشيء والتأليف
C230	0.6874	grammar / alphabet / language_communication/writing_text / particle	49	15	15	17	0.05942343	0.1619	1.0	0.8824	5,6,7,8,12,14,15,20,21,23,26,29,30,31,34,37,43,48,57,60,61,62,75,80,84,85,87,91,94,99,100,102,105,106,110,121,126,127,131,140,144,147,148,149,152,168,171,180,182	ء ل ف ء ل ي ء ي ي ب ل ل ب ل ي ذ و و ر ب ب س م و ع ل و ع ن د ك ذ ب ك ل ل ك ل م ن ع م ه ا ء	kw:grammar(76.5503); kw:alphabet(52.326); theme:language_communication/writing_text(45.3795); kw:particle(44.6404); kw:reference(43.7155); kw:command(42.2076); kw:preposition(36.9273); kw:exhortation(34.1547)	ء ل ف:B006:الألف حرف من حروف الهجاء → ه ا ء:B006:الهاء حرف هجاء
C231	0.6873	sword / blade / weakness / frailty	31	14	15	24	0.0578201	0.2308	1.0	0.75	3,6,13,22,23,40,46,47,49,65,70,74,81,85,87,95,99,102,111,114,118,122,128,132,150,155,160,161,168,169,171	ء ث ر ء م ر ء ن ث ب ي ض د ن و ذ ك ر ر ء س ص ر ط ظ ن ن ع ب د غ و ل م ن ن ه د ي ه ر ع	kw:sword(65.0179); kw:blade(53.1324); kw:weakness(45.9637); kw:frailty(41.9894); theme:conflict_security/weaponry(35.6665); kw:strength(34.002); theme:conflict_security/violence_warfare(29.1167); kw:resilience(27.8525)	ه د ي:B009:الهداء البليد الضعيف → ه ر ع:B006:جبن وضعف خفيف
C232	0.6872	eye / gaze / observation / vision	24	10	17	49	0.06129583	0.4118	0.8776	0.5102	14,19,23,43,45,48,55,57,64,68,73,75,82,83,88,97,102,104,105,109,113,163,175,179	ب ر ه م ب ص ر ج ح م ر ء ي ط ر ف ع ي ن غ ر ق ن ظ ر ن ع م ن ف س	kw:eye(119.7325); kw:gaze(96.1057); kw:observation(73.347); kw:vision(70.2371); theme:cognition_perception/perception(65.8857); kw:perception(57.145); kw:sight(56.8924); kw:envy(50.3071)	ع ي ن:B004:الإصابة بالعين → ن ف س:B003:إصابة العين بالنفس
C233	0.6871	nobility / virtue / generosity / lineage	20	14	15	28	0.05796392	0.2692	0.8571	0.7857	9,11,33,34,38,42,45,48,59,62,64,75,76,90,102,104,134,149,158,176	ء ه ل خ ر ج خ ي ر د ب ر س ع ي ط ر ف ع ذ ب ع ي ن ف ت ي ف ع ل ك ر م ن د و ن د ي ن س ب	kw:nobility(115.5314); kw:virtue(74.8331); kw:generosity(72.9832); kw:lineage(65.0133); kw:kinship(57.145); kw:honor(45.8825); theme:kinship_society/hierarchy_status(43.8521); kw:ancestry(43.4363)	ن د و:B007:تنزع الناقة في النسب إلى أصل كريم → ن د ي:B010:نزوع في النسب إلى أصل كريم
C234	0.687	gait / speed / travel / haste	22	13	16	28	0.06381032	0.2414	1.0	0.7143	8,10,28,40,60,68,70,74,76,94,97,115,117,128,134,157,159,160,169,171,176,180	ء ت ي خ ط ف خ ل ص ر ج ع ز ف ف س ب ق ع ج ل ف و ز ق ذ ف ل ق ي ن ج و ه ر ع و ص ف	kw:gait(73.8725); kw:speed(68.2325); kw:travel(61.7615); kw:haste(52.7421); kw:transport(50.7816); kw:deliverance(47.0731); kw:rescue(43.7155); kw:urgency(42.2076)	خ ل ص:B002:خروج ونجاة من نشب → ن ج و:B001:الخلاص بالانفصال
C235	0.6869	likeness / representation / peer / counterpart	15	9	15	28	0.06037116	0.2947	0.9643	0.6429	1,19,22,61,62,64,73,83,88,93,102,146,159,165,180	ز و ج ش ج ر ش ي ء ش ي ع ص ف ف ض ر ب م ث ل ن ظ ر و ص ف	kw:likeness(70.7234); kw:representation(61.531); kw:peer(60.9791); kw:counterpart(55.7051); kw:classification(49.4984); kw:description(42.2076); kw:parable(36.9273); kw:type(33.004)	م ث ل:B003:المثل المضروب → ض ر ب:B003:تصوير المثل وإظهاره
C236	0.6869	rise / honor / height / elevation	14	9	15	24	0.06289295	0.2609	1.0	0.7917	3,5,6,8,13,76,98,100,112,115,134,148,155,168	ذ ك ر س ف ل س م و ع ل و م ت ع ن ب ء ن ب و ن ج و و ه ب	kw:rise(57.9151); kw:honor(57.3531); kw:height(49.3724); kw:elevation(47.1969); kw:reputation(36.1582); kw:altitude(34.884); kw:eminence(33.5381); kw:loftiness(33.004)	س م و:B001:العلو والارتفاع → ع ل و:B001:السمو والارتفاع
C237	0.6868	land_water_sky/water_hydrology / basin / pool / hydrology	34	13	14	22	0.05638109	0.2444	1.0	0.6818	5,11,16,25,28,31,37,41,45,47,48,53,57,79,84,87,90,96,99,100,113,116,117,125,126,149,150,157,158,164,170,172,180,182	ء ت ي ب ر ك ت ر ب ج ي ء خ ل ق د ب ر ر ب ب ع ل م ع ي ن غ و ل ق ل ب ن ص ر و ه ب	theme:land_water_sky/water_hydrology(84.943); kw:basin(76.0974); kw:pool(71.5238); kw:hydrology(64.5801); kw:reservoir(44.9833); kw:abundance(41.1892); kw:infrastructure(39.8493); kw:well(37.5174)	ر ب ب:B013:ماء رَبَب كثير → ع ل م:B005:ماء كثير مجتمع في عيلم
C238	0.6868	disease / leg / body_health_life/disease_injury / ailment	20	11	12	15	0.05264884	0.2308	1.0	0.9333	8,14,30,46,49,55,64,84,85,90,97,98,102,105,115,118,124,138,141,164	ب ي ض ج ن ب خ ر ج د ب ر ر ء ي س ف ل س ه م ع ق ل ق ل ب ق و م ل ق ي	kw:disease(80.5801); kw:leg(52.7421); theme:body_health_life/disease_injury(46.113); kw:ailment(44.0082); theme:body_health_life/health_medicine(43.366); kw:anatomy(39.2355); kw:medicine(37.3676); kw:pathology(36.4916)	ب ي ض:B012:البَيَض داء وورم → ع ق ل:B009:العَقَل في الرجلين
C239	0.6866	sky / mansion / star / land_water_sky/sky_astronomy	27	16	17	33	0.06196821	0.2444	0.9697	0.6667	5,6,7,8,31,43,45,48,57,64,66,68,75,84,87,88,90,99,100,102,107,126,140,144,149,180,182	ب ط ن خ ر ج د ب ر ذ ب ح ر ب ب ر ج ع س م و ص ب ر ط و ف ع ي ن ف ل ك ق ل ب ك ل ل ك و ك ب ن ج م ن ع م	kw:sky(83.8128); kw:mansion(77.6548); kw:star(77.0209); theme:land_water_sky/sky_astronomy(72.55); kw:astronomy(64.2444); kw:constellation(58.2873); kw:cosmology(55.4339); kw:planet(50.3071)	ب ط ن:B008:البطين بطن الحمل → ق ل ب:B010:قلب العقرب النجم
C240	0.6863	agriculture_food/plant_vegetation / plant / ecology / tree	39	15	17	39	0.05848429	0.2932	0.8205	0.5641	5,8,10,23,26,31,36,43,46,48,57,62,64,79,84,87,88,91,94,99,100,101,102,103,109,120,126,130,140,141,144,146,147,148,149,158,180,181,182	ء ل ي ج ن ب ج ن ن ح ل م ر ب ب س ل م س ه م ش ج ر ش ر ب ش ع ر ش ه ب ص ب ر ط ر ف ن ب ت ن ج م	theme:agriculture_food/plant_vegetation(116.973); kw:plant(110.4876); kw:ecology(92.0789); kw:tree(67.8912); kw:shrub(54.4326); kw:greenery(48.1671); kw:pasture(46.1287); kw:flora(44.316)	ش ع ر:B002:نبات كثيف كالشَّعر → ش ج ر:B001:الشجر ذو الساق
C241	0.6863	residence / space_form_boundary/place_location / settlement / habitation	36	15	17	29	0.06255309	0.218	1.0	0.7241	2,5,10,16,19,28,30,31,46,49,53,57,84,85,87,93,99,100,102,106,113,115,118,124,126,137,144,146,148,149,164,174,177,178,180,182	ء م ر ب ر ك ب ع ث ب ل ي ب ي ض ت ر ب ث ق ب ح ي ن ر ب ب ز ج ر ص ب ح ق ط ن ق و م ل ب ث ي م ن	kw:residence(75.661); theme:space_form_boundary/place_location(74.9405); kw:settlement(61.8514); kw:habitation(61.7155); kw:stay(59.9777); kw:dwelling(53.7561); kw:prosperity(51.1888); kw:fortune(39.7012)	ء م ر:B004:النماء والبركة → ب ر ك:B004:خير ثابت نام وبركة
C242	0.6863	marriage / household / family / spouse	42	12	17	28	0.0584351	0.2154	1.0	0.75	5,17,22,31,33,37,41,52,57,59,63,68,71,72,76,79,84,87,97,99,100,102,105,113,123,125,126,133,134,139,147,149,153,157,158,164,168,170,171,180,181,182	ء ه ل ء و ل ب ع ل ب ن ي ر ب ب ر ج ع ر س ل ز و ج ش ر ك ص د ق ظ ل م ع ل م	kw:marriage(158.9412); kw:household(107.527); kw:family(79.8764); kw:spouse(58.2873); kw:kinship(47.6209); kw:wife(45.3471); kw:gender(42.2961); kw:courtship(32.5328)	ز و ج:B002:زوج النكاح → ر ج ع:B004:رجعة المرأة في النكاح والأهل
C243	0.6863	travel / livelihood / return / roaming	14	9	11	13	0.05214333	0.2453	1.0	0.9231	76,84,86,93,98,99,102,113,134,140,143,159,166,180	ء ه ل ذ ه ب ر و د س ب ح س ع ي ض ر ب ف ل ك ق ل ب ن ف س	kw:travel(44.1154); kw:livelihood(38.2751); kw:return(35.9982); kw:roaming(30.7655); kw:oscillation(30.4895); kw:destination(28.7797); kw:hospitality(24.503); kw:departure(22.9412)	ض ر ب:B012:الحركة المضطربة والخفق → ف ل ك:B007:الموج المضطرب ذهابا وجيئة
C244	0.6862	eye / cognition_perception/perception / vision / sight	23	11	17	47	0.0587444	0.3917	0.9362	0.4894	14,19,24,30,43,45,48,55,57,73,75,82,85,88,102,105,113,115,118,124,164,175,179	ب ص ر ر ء ي ط ر ف ع ي ن غ ر ق ق و م ن ج م ن ظ ر ن ع م ن ف س و ق ف	kw:eye(107.7593); theme:cognition_perception/perception(72.4742); kw:vision(58.5309); kw:sight(56.8924); kw:gaze(54.9176); kw:envy(50.3071); kw:perception(47.6209); kw:organ(39.0107)	ع ي ن:B004:الإصابة بالعين → ن ف س:B003:إصابة العين بالنفس
C245	0.6862	marriage / family / household / woman	43	14	17	30	0.05944999	0.2273	0.9667	0.7	5,15,16,22,31,33,36,37,53,57,60,62,68,70,72,76,78,84,87,99,100,106,107,108,113,115,117,119,123,126,129,133,134,139,147,149,156,158,171,177,180,181,182	ء ه ل ب ر ك ب ي ن ت ر ك ج م ع ر ب ب ر ج ع ر س ل ز و ج ش ر ك ظ ن ن ع ظ م ن ز ل ه ر ع	kw:marriage(124.8824); kw:family(79.8764); kw:household(59.7372); kw:woman(58.6452); kw:gender(52.8701); kw:spouse(43.7155); kw:divorce(33.004); kw:courtship(32.5328)	ز و ج:B002:زوج النكاح → ر ج ع:B004:رجعة المرأة في النكاح والأهل
C246	0.6861	victory / generosity / competition / contest	39	16	17	22	0.0704216	0.163	1.0	0.8182	8,12,23,26,29,30,32,35,37,39,42,70,72,75,80,84,90,91,94,99,102,103,104,105,110,113,121,123,131,133,139,140,144,147,148,171,174,178,181	ء ل ي ب ل غ ب ل ل ج ب ن ج ز ي ج ي ء ر س ل س ع ي غ و ي ك ب ر ك ر م ن د و ن د ي ن ف س ه ر ع و ل ي	kw:victory(83.1508); kw:generosity(72.9832); kw:competition(57.5572); kw:contest(54.9176); kw:virtue(49.8887); theme:conflict_security/conflict(47.4608); kw:rivalry(41.5754); kw:limit(40.3171)	ن د و:B004:ندى الجود والسخاء → ن د ي:B008:جود وسخاء وعطاء
C247	0.6861	relation / slander / conflict / discord	16	8	10	9	0.05869442	0.2093	1.0	1.0	5,15,23,34,66,91,97,99,102,106,113,117,118,147,156,158	ء ك ل ب ي ن س ع ي ف ع ل ل ق ي م ء ي ن س ب ه د ي	kw:relation(57.3531); kw:slander(52.0143); kw:conflict(34.5926); kw:discord(33.004); kw:moderation(32.5328); kw:gossip(29.7602); theme:kinship_society/social_relations(29.6969); kw:corruption(25.4406)	ء ك ل:B009:الإفساد والنميمة بين الناس → م ء ي:B001:النميمة التي تفسد ما بين القوم
C248	0.6858	land_water_sky/water_hydrology / basin / hydrology / pool	28	13	14	25	0.05333299	0.2778	1.0	0.6	11,21,25,28,30,37,41,45,48,70,79,84,87,96,100,102,107,113,116,117,125,150,157,158,164,170,172,182	ء ت ي ب ر ك ج ي ء خ ل ق ذ ب ح ط غ و ع ل م ع ي ن ف ص ل م ل ك ن ص ر ه ر ع و ه ب	theme:land_water_sky/water_hydrology(110.7952); kw:basin(76.0974); kw:hydrology(75.3434); kw:pool(57.219); kw:channel(53.1324); kw:reservoir(44.9833); kw:water(42.3686); kw:geology(35.2565)	خ ل ق:B011:نقرة أو بئر تمسك الماء → و ه ب:B003:نقرة في الصخر تمسك الماء
C249	0.6858	concealment / protection / screen / privacy	16	10	14	20	0.06390992	0.2353	1.0	0.8	7,8,36,43,44,49,66,76,115,134,140,144,158,170,175,179	ء ب ق ب ص ر ب ط ن ج ن ب ج ن ن س ر ر ك ف ر ك ل ل ك ن ن ن ج و	kw:concealment(109.2579); kw:protection(59.6861); kw:screen(57.5595); kw:privacy(54.9176); kw:shelter(54.2516); kw:refuge(52.9349); kw:cover(51.0335); kw:secret(47.5952)	ج ن ن:B001:الستر والاستتار → ك ن ن:B001:السَّتر الصائن
C250	0.6856	bird / animal_life/wildlife / ostrich / plumage	35	15	15	20	0.06193576	0.1905	1.0	0.8	2,12,19,22,26,29,30,36,37,41,43,46,49,57,63,67,68,73,75,77,78,79,87,90,94,98,108,113,119,129,158,164,170,171,182	ب ر ك ب ل ل ب ي ض ت ر ك ج ع ل ح م م د ب ر ر ج ع ز ج ر ز ف ف س ب ق ظ ل م ع ق ب ع ل م ن ع م	kw:bird(129.0195); theme:animal_life/wildlife(80.6599); kw:ostrich(60.4627); kw:plumage(33.004); kw:raptor(32.1114); kw:ornithology(31.0619); kw:egg(30.7655); kw:divination(29.3388)	ظ ل م:B006:الظليم ذكر النعام → ن ع م:B006:النعام والنعامة الطائر
C251	0.6854	rain / fertility / water / weather	33	15	17	34	0.06017075	0.2537	1.0	0.5588	5,6,12,25,26,29,30,31,37,41,42,45,48,57,64,68,75,84,86,87,90,99,100,104,116,126,149,151,172,174,178,180,182	ء ف ك ب ل ل خ ر ج ذ ه ب ر ب ب ر ج ع ر ز ق س م و ع ز ز ع ي ن ك ر م ن د و ن د ي ن ص ر و ل ي	kw:rain(142.1691); kw:fertility(85.1167); kw:water(67.7898); kw:weather(66.4046); kw:climate(59.2371); kw:shower(58.2873); kw:dampness(52.326); theme:land_water_sky/weather_climate(51.354)	ن د و:B003:بلل الندى والمطر → ن د ي:B005:بلل ومطر ورطوبة
C252	0.6854	diversion / removal / abstention / exclusion	23	14	15	25	0.05994277	0.2404	1.0	0.72	7,8,9,15,22,24,33,38,48,59,62,63,64,65,84,86,93,113,140,146,151,154,176	ء ف ك ج ن ب ح ك م د ح ر س ح ر ش ج ر ش ح ن ش ط ن ض ر ب ط ر ف ظ ل م ع ذ ب ق ل ب و ق ف	kw:diversion(53.9753); kw:removal(46.4691); kw:abstention(45.7343); kw:exclusion(41.7788); kw:separation(41.0998); kw:withdrawal(39.7012); kw:prevention(38.8817); kw:distance(36.3226)	د ح ر:B001:الطرد والإبعاد → ش ح ن:B003:الطرد والإبعاد
C253	0.6851	law_governance/authority_governance / hierarchy / politics / ruler	61	14	17	24	0.06162103	0.1818	1.0	0.7083	3,5,10,11,15,18,20,22,28,29,30,31,35,36,37,40,51,52,53,54,56,57,72,74,81,84,85,87,89,90,91,95,97,99,100,102,111,122,123,124,126,128,132,133,139,146,147,149,150,151,156,160,161,167,169,171,174,178,180,181,182	ء م ر ت ب ع ت ل و د ي ن ر ب ب ر س ل س ع ي س ل ط ع ب د ف ت ي ق ط ن ق و ل م ل ك و ل ي	theme:law_governance/authority_governance(98.562); kw:hierarchy(76.0563); kw:politics(52.5539); kw:ruler(52.326); kw:power(43.7032); kw:authority(41.9427); kw:ownership(37.8305); theme:kinship_society/hierarchy_status(35.879)	ت ل و:B001:اتباع وتتابع → ت ب ع:B001:التلو والقفو
C254	0.685	proximity / relation / adjacency / time_measure_quantity/sequence_cycle	27	12	15	29	0.0584459	0.2871	0.9655	0.5517	6,8,17,23,27,44,48,50,59,60,71,76,78,82,86,90,94,108,115,119,126,129,136,148,168,174,178	ء خ ر ء و ل ج ن ب ح ي ن د ن و د و ن ع ن د ف و ز ق ب ل ق ص ر ك ر ب و ل ي	kw:proximity(84.3691); kw:relation(68.8237); kw:adjacency(62.7642); theme:time_measure_quantity/sequence_cycle(54.2533); kw:nearness(52.1902); kw:hierarchy(43.4607); kw:priority(42.6693); kw:space(42.0421)	د ن و:B003:الدناءة والضعة → د و ن:B002:الخسة والحقارة
C255	0.685	recovery / body_health_life/health_medicine / health / crisis	50	11	12	10	0.05683696	0.1538	1.0	1.0	8,12,15,16,18,20,22,26,28,29,30,31,35,36,37,40,51,52,53,54,56,60,61,68,74,76,81,84,85,89,91,95,97,99,101,102,107,111,115,122,124,128,132,151,160,161,167,169,171,180	ب ل غ ب ل ل ر ج ع ع ب د ع ز ز ع ظ م ع ل و غ ل م ق ل ب ق و ل م ث ل	kw:recovery(67.4691); theme:body_health_life/health_medicine(61.4352); kw:health(47.893); kw:crisis(38.7554); kw:convalescence(34.884); kw:improvement(34.1547); kw:exhaustion(26.2769); kw:change(25.4406)	م ث ل:B012:التماثل من العلة → ب ل ل:B003:الإبلال من المرض
C256	0.6849	binding / rope / neck / pairing	11	10	10	9	0.05938446	0.2	1.0	1.0	7,8,42,46,51,64,65,95,103,137,138	ت ل ل ج ن ب خ ر ج ش ر ب ش ط ن ع ق ل ق ر ن ك ر م م ر ر ن ح ت	kw:binding(63.9861); kw:rope(50.4406); kw:neck(47.893); kw:pairing(34.1547); kw:control(33.2078); kw:tether(29.3388); kw:collar(28.7797); kw:connection(27.8525)	ش ط ن:B002:الحبل الطويل والشد → م ر ر:B005:إحكام فتل الحبل
C257	0.6848	baseness / dust / meanness / earth	12	10	11	12	0.06057885	0.2222	1.0	0.9167	6,16,23,47,53,69,86,91,93,98,145,146	ت ر ب د ن و د و ن ر و غ س ف ل ع ر ي غ و ل ل ف ي ن ب ت ن ب ذ	kw:baseness(59.0879); kw:dust(52.3699); kw:meanness(48.7992); kw:earth(45.5656); kw:soil(37.8305); kw:vileness(34.1547); kw:insignificance(32.5328); kw:dirt(31.3821)	د ن و:B003:الدناءة والضعة → د و ن:B002:الخسة والحقارة
C258	0.6847	ritual_belief/religion_worship / religion / worship / rebellion	42	14	16	25	0.05846578	0.2119	1.0	0.72	4,7,10,15,20,22,23,30,35,36,40,48,53,56,63,65,69,71,74,81,85,86,91,95,96,102,103,111,122,125,126,128,132,152,159,160,161,162,168,169,171,182	ء ل ه ب ع ل ت ل ل خ ط ف د ي ن س ح ر ش ط ن ض ل ل ط غ و ط غ ي ع ب د ع ن د ف ت ن م ر د	theme:ritual_belief/religion_worship(72.5726); kw:religion(65.0133); kw:worship(62.6999); kw:rebellion(62.1239); kw:evil(53.335); kw:authority(52.4284); kw:misguidance(51.232); kw:idol(45.7343)	ط غ ي:B003:الطاغوت رأس الضلالة → ط غ و:B003:الطاغوت رأس الضلالة والطغيان
C259	0.6847	punishment / justice / accountability / chastisement	19	9	9	9	0.06104324	0.25	1.0	0.6667	9,20,30,33,34,35,38,39,53,59,61,73,80,98,105,110,121,131,176	ج ر م ج ز ي د ي ن ط غ و ع ذ ب ع ق ب ك ب ر ك ي د م ث ل	kw:punishment(81.1697); kw:justice(67.3432); kw:accountability(40.0012); kw:chastisement(34.884); kw:sanction(32.5328); kw:torment(32.5328); kw:recompense(31.7301); kw:judgment(31.722)	ع ذ ب:B005:العذاب إيلام وعقوبة → ع ق ب:B007:العقوبة بعد الذنب
C260	0.6844	honor / generosity / virtue / nobility	28	9	14	26	0.05599615	0.3421	0.8846	0.5769	11,16,22,34,40,42,53,60,62,74,76,81,85,95,102,107,111,115,122,128,132,146,149,160,161,169,171,182	ح م د خ ي ر س ع ي ع ب د ع ظ م ف ت ي ف ع ل ق ط ن ك ر م	kw:honor(80.2944); kw:generosity(72.9832); kw:virtue(62.3609); kw:nobility(51.3473); theme:emotion_ethics/honor_shame(42.5509); theme:emotion_ethics/ethics_morality(39.4893); kw:blessing(38.3916); kw:magnanimity(35.7766)	ف ع ل:B002:فَعال الخلق → خ ي ر:B005:الكرم والهبة
C261	0.6843	sound / voice / cognition_perception/perception / call	19	13	15	25	0.05801263	0.2427	1.0	0.76	2,8,12,19,26,29,30,34,37,57,67,68,75,102,104,112,127,158,180	ب ل ل ج ر م ح ض ر ح م م ر ج ع ز ج ر س م ع ط غ و ع ز ز م ع ع ن ب ء ن د و ن د ي	kw:sound(123.2994); kw:voice(87.3052); theme:cognition_perception/perception(52.7085); kw:call(41.0035); theme:language_communication/communication(34.9956); kw:horse(34.7228); kw:shout(31.0619); kw:summons(29.9889)	ن د و:B002:الصوت المرفوع والنداء → ن د ي:B001:رفع الصوت والنداء
C262	0.6842	lineage / family / kinship / clan	47	17	17	27	0.0606303	0.1985	0.9259	0.7407	5,7,8,17,21,27,30,31,36,44,48,50,57,59,66,67,71,75,76,78,84,85,87,90,94,99,100,104,108,115,118,119,124,126,129,134,141,144,146,149,158,164,168,174,178,180,182	ء ه ل ء و ل ب ط ن ت ر ك ج م ع ح م م ر ب ب س ه م ط ر ف ف ص ل ق ب ل ق ط ن ق و م ك ل ل ن د ي ن س ب و ل ي	kw:lineage(86.6844); kw:family(68.4655); kw:kinship(66.6692); kw:clan(65.6923); kw:society(62.3356); kw:tribe(59.4841); kw:inheritance(39.5566); kw:genealogy(36.9363)	ر ب ب:B004:ربة وجماعات كثيرة → ق ب ل:B009:جماعة يقبل بعضها على بعض
C263	0.6842	milk / mixture / nourishment / dairy	28	14	14	22	0.05280064	0.2418	1.0	0.7273	8,10,17,21,22,32,37,46,59,63,71,72,82,93,103,113,123,125,126,127,133,139,140,147,152,168,171,181	ء و ل ج ب ن ج ن ب د ع و ر س ل ش ر ب ش ه ب ض ر ب ظ ل م غ ر ق غ و ي ف ص ل ف ل ك ك ذ ب	kw:milk(103.4184); kw:mixture(49.6264); kw:nourishment(38.6317); kw:dairy(36.6655); theme:agriculture_food/food_nutrition(35.852); kw:weaning(34.1547); kw:husbandry(33.8898); kw:scarcity(32.7774)	ف ص ل:B003:ولد أو رضيع فصل عن أمه أو رضاعه → غ و ي:B003:غَوَى الفصيل بفساد اللبن
C264	0.6841	group / kinship_society/household_community / society / clan	41	17	17	31	0.05969578	0.2279	0.9355	0.6452	5,7,8,10,17,21,27,30,31,36,43,44,45,46,50,57,59,66,71,75,76,84,85,87,94,99,100,104,115,118,124,126,127,134,144,149,158,164,168,180,182	ء ه ل ء و ل ب ط ن ت ب ع ج م ع ج ن ن ح ض ر ر ب ب ش ر ب ط و ف ف ص ل ق ب ل ق و م ك ل ل م ل ء ن د و ن د ي	kw:group(84.9485); theme:kinship_society/household_community(76.5622); kw:society(72.7249); kw:clan(65.6923); kw:tribe(59.4841); kw:community(56.209); kw:council(53.6648); kw:assembly(52.7421)	ن د و:B001:اجتماع القوم في النادي والندوة → ن د ي:B003:مجلس القوم واجتماعهم
C265	0.684	meaning / expression / articulation / evidence	36	11	15	17	0.06148949	0.1683	1.0	0.9412	5,8,14,15,18,20,21,28,29,31,35,36,51,52,54,56,61,69,85,89,91,92,95,97,99,102,106,113,117,124,151,156,157,158,167,171	ء ي ي ب ل غ ب ي ن س م ع ف ص ل ق و ل ك ت ب ك ل م ل ف ي م ث ل ن ط ق	kw:meaning(58.6776); kw:expression(50.1599); kw:articulation(44.316); kw:evidence(40.6505); kw:language(40.4595); kw:utterance(39.5566); kw:cognition(39.422); kw:rhetoric(35.4695)	ن ط ق:B001:النطق والكلام → ك ل م:B001:نطق مفهم يصل بين متكلمين
C266	0.6839	travel / gait / transport / speed	25	17	17	28	0.06185674	0.2059	1.0	0.7857	8,10,16,28,31,37,55,56,66,68,76,90,94,98,102,115,117,134,144,157,159,174,176,178,180	ء ت ي ب ط ن ب ع ث ح ق ق خ ط ف د ب ر ر ج ع ر د ي ز ف ف س ف ل س و ي ع ج ل ق ذ ف م ع ع ن ج و و ص ف و ل ي	kw:travel(97.0538); kw:gait(86.1846); kw:transport(71.0942); kw:speed(56.8604); kw:movement(49.7857); kw:camel(37.0667); kw:equipment(36.4065); theme:movement_travel/motion(34.7612)	ء ت ي:B009:رجع يدي الناقة في السير → ر ج ع:B008:رجع الدابة في السير
C267	0.6839	dispatch / scout / envoy / message	25	9	13	15	0.06126964	0.2113	1.0	0.9333	16,22,30,37,45,48,54,55,65,68,72,85,102,115,118,123,124,133,134,139,144,147,164,171,181	ب ع ث ب ل غ ج م ع ح ش ر ر ج ع ر س ل ط ل ع ع ي ن ق و م	kw:dispatch(46.5929); kw:scout(34.884); kw:envoy(33.004); kw:message(31.7301); kw:procession(30.2314); kw:information(30.2314); kw:mediation(27.4588); kw:assembly(26.371)	ب ع ث:B002:إرسال المبعوث وتوجيهه → ر س ل:B001:الإرسال والانبعاث
C268	0.6838	worthiness / entitlement / priority / readiness	31	10	12	15	0.05982954	0.2381	1.0	0.7333	3,5,8,11,13,17,23,31,37,59,71,76,84,90,91,94,96,99,100,125,126,134,140,144,147,148,150,155,168,174,178	ء ر ض ء ل ي ء ه ل ء و ل ج ي ء ح ق ق خ ل ق ذ ك ر و ل ي و ه ب	kw:worthiness(67.0762); kw:entitlement(50.3071); kw:priority(42.6693); kw:readiness(39.4154); kw:eligibility(35.7766); theme:condition_force_change/capacity_ability(34.3024); kw:aptitude(34.1547); kw:justice(33.6716)	ء ر ض:B003:الخليق بالخير كالأرض الأريضة → خ ل ق:B005:الجدارة والتهيؤ للشيء
C269	0.6837	prevention / release / restraint / abandonment	39	14	16	27	0.05993064	0.2288	1.0	0.6296	8,9,21,22,23,24,26,33,36,38,48,59,63,78,79,84,86,91,93,94,99,103,108,109,113,119,120,125,129,130,140,144,145,147,148,151,154,176,181	ء ف ك ء ل ي ت ر ك ح ك م س ل م ض ر ب ط ر ف ظ ل م ع ذ ب ع ر ي ف ص ل ق ص ر و ذ ر و ق ف	kw:prevention(77.7634); kw:release(59.7372); kw:restraint(54.629); kw:abandonment(54.2007); kw:abstention(45.7343); theme:condition_force_change/control_restraint(40.9884); kw:withdrawal(39.7012); kw:weaning(34.1547)	ع ذ ب:B003:الكف والمنع والفطام عن الشيء → ض ر ب:B004:القبض عن الشيء والكف
C270	0.6833	language_communication/communication / deixis / summons / call	25	11	17	28	0.06395687	0.2222	1.0	0.7857	8,14,15,20,21,23,34,60,61,62,68,75,80,85,99,102,104,105,106,110,112,118,121,125,131	ء ي ي ج و ب د ع و ذ و و ر ج ع س م ع ن ب ء ن د و ن د ي ه ا ء ه د ي	theme:language_communication/communication(69.9912); kw:deixis(63.4603); kw:summons(59.9777); kw:call(54.6714); kw:sound(51.3748); kw:voice(49.8887); kw:communication(43.0941); theme:cognition_perception/perception(39.5314)	ن د و:B002:الصوت المرفوع والنداء → ن د ي:B001:رفع الصوت والنداء
C271	0.6833	answer / affirmation / alphabet / grammar	47	14	16	20	0.06283019	0.1709	1.0	0.85	4,5,8,12,14,15,20,21,23,26,28,29,30,31,35,36,37,40,43,56,57,60,61,68,69,74,75,84,86,87,91,93,96,99,100,102,106,126,128,147,149,152,159,160,169,180,182	ء ل ف ء ل ه ء ي ي ب ل ل ب ل و ب ل ي ج و ب ر ب ب ر ج ع ع ل و ل ف ي ن ع م ه ا ء ي م ن	kw:answer(77.6548); kw:affirmation(64.2228); kw:alphabet(52.326); kw:grammar(51.0335); kw:dialogue(48.7992); theme:language_communication/writing_text(45.3795); kw:particle(44.6404); kw:discourse(43.1696)	ب ل و:B006:جواب بلى ورد النفي → ب ل ي:B010:بلى رد النفي بإثبات
C272	0.6833	action / aspect / configuration / change	24	12	12	15	0.05948681	0.2273	1.0	0.7333	21,34,36,39,56,61,63,64,70,76,77,78,96,98,102,108,115,119,127,129,137,152,158,177	ء ث ر ء ص ل ء م ر ت ر ك ج ع ل ص ب ح ع م ل ف ع ل ك ذ ب ك ر ب ك و د م ث ل	kw:action(57.9151); kw:aspect(45.7343); kw:configuration(38.5491); kw:change(38.1608); kw:commencement(34.1547); kw:imminence(33.5381); kw:imitation(31.3821); kw:deed(31.0619)	ج ع ل:B004:الشروع في الفعل أو ملازمته → ء ص ل:B006:أصل يفعل
C273	0.6832	pride / honor / dignity / power	40	12	17	26	0.0643475	0.208	0.9615	0.8077	4,7,8,16,20,22,23,35,36,40,53,56,60,69,74,76,81,85,86,91,95,96,102,107,111,113,115,122,126,128,132,140,152,159,160,161,169,171,180,182	ء ب ق ء ل ه ح ف ظ د ي ن ع ب د ع ز ز ع ظ م ع ل و ك ب ر ل ف ي ن ف س و ج د	kw:pride(81.301); kw:honor(57.3531); kw:dignity(44.6404); kw:power(43.7032); kw:hierarchy(43.4607); kw:arrogance(41.9894); kw:anger(38.6317); kw:enslavement(34.884)	ع ظ م:B006:التعاظم والزهو → ك ب ر:B006:العظمة والكبرياء
C274	0.6829	rump / rear / body_health_life/anatomy / posterior	27	12	13	15	0.05831151	0.1948	1.0	0.9333	12,26,73,78,79,82,84,90,102,103,107,108,109,119,120,129,130,135,136,143,146,159,163,166,171,180,181	ء خ ر د ب ر ذ ب ح س ب ح س ب ق س ل م ص ل ي ع ج ب ع ج ز ع ز ز ع ق ب ق ط ن	kw:rump(59.5205); kw:rear(56.8924); theme:body_health_life/anatomy(33.411); kw:posterior(32.1114); kw:haunch(32.1114); kw:hip(30.4895); kw:buttock(29.7602); kw:skeleton(28.6095)	ع ق ب:B002:مؤخر القدم والأثر → ء خ ر:B003:المؤخر والخلف
C275	0.6829	liability / surety / guarantee / guardianship	38	9	10	8	0.06272587	0.1818	1.0	0.875	3,12,16,21,22,26,27,28,29,30,32,35,37,39,44,50,51,53,57,71,73,85,90,94,102,115,116,118,124,141,143,157,164,167,169,170,174,178	ب ل غ ب ل ل ت ل و ص ب ر ق ب ل ق و م ك ف ر ك و ن و ل ي	kw:liability(65.4624); kw:surety(47.5952); kw:guarantee(46.1482); kw:guardianship(45.3471); kw:responsibility(41.9894); kw:trust(37.4165); kw:care(37.2198); kw:contract(36.9363)	ق ب ل:B008:ضمان الشيء والتكفل به → ص ب ر:B003:تحمل الكفالة والملازمة
C276	0.6828	blaze / land_water_sky/fire_heat / anger / fire	30	11	12	16	0.06066797	0.2462	0.9375	0.6875	7,22,23,40,55,63,64,66,68,70,74,81,83,84,85,91,95,97,102,111,122,128,132,141,160,161,162,163,169,171	ء ك ل ج ح م ح ف ظ س ه م ش ي ع ع ب د ف ت ن ق ل ب م ع ع ه ر ع و ج د	kw:blaze(57.219); theme:land_water_sky/fire_heat(51.9709); kw:anger(51.5089); kw:fire(45.5656); kw:indignation(33.004); kw:zeal(33.004); kw:ignition(28.9576); kw:flame(27.8525)	ح ف ظ:B005:حفيظة الغضب والحمية → ع ب د:B008:الأنفة والغضب
C277	0.6828	tribute / tax / levy / taxation	21	10	11	10	0.06823728	0.1852	1.0	0.9	22,28,37,39,52,61,63,64,77,80,93,96,98,102,105,110,117,121,131,157,158	ء ت ي ب ق ي ج ز ي ج ع ل ح ش ر خ ر ج س ع ي ص د ق ض ر ب ع م ل	kw:tribute(81.3321); kw:tax(66.0079); kw:levy(62.7642); kw:taxation(60.9791); theme:economy_property/finance_debt(58.5527); kw:revenue(47.5952); kw:payment(42.2076); kw:wage(33.004)	خ ر ج:B003:مال يخرج على جهة معلومة → ض ر ب:B010:المال المضروب على أحد
C278	0.6827	color / reptile / snake / whiteness	18	10	13	14	0.06560887	0.1944	1.0	1.0	5,6,7,36,43,46,49,57,64,65,78,84,108,119,127,129,150,158	ء ر ض ء ص ل ء ن ث ب ي ض ت ر ك ج ن ن ح ض ر ش ط ن ق ل ب ك و ك ب	kw:color(61.4513); kw:reptile(57.219); kw:snake(56.8924); kw:whiteness(47.9976); kw:egg(46.1482); kw:testicle(34.884); kw:helmet(34.1547); kw:viper(34.1547)	ت ر ك:B008:بيضة متروكة وما يشبهها → ب ي ض:B003:البَيْضة وبيض الطائر
C279	0.6825	purity / essence / quality / mixture	15	9	13	18	0.06104742	0.2466	1.0	0.7778	7,10,40,44,46,65,67,74,84,128,153,159,160,169,180	خ ل ص س ر ر ش ر ب ش ط ن ش ه ب ش و ب ص ف و ق ل ب و ص ف	kw:purity(47.5872); kw:essence(42.2076); kw:quality(37.3173); kw:mixture(37.2198); kw:sincerity(34.884); kw:friendship(30.7655); kw:refinement(30.4895); theme:condition_force_change/value_quality(30.1101)	خ ل ص:B007:صفاء مودة وخاصّة → ص ف و:B004:مصافاة المودة والإخاء
C280	0.6824	event / occurrence / time_measure_quantity/sequence_cycle / instance	40	11	12	13	0.06084318	0.2	1.0	0.7692	5,14,15,16,20,21,22,26,28,29,30,32,35,37,39,51,53,57,62,73,84,94,102,106,113,116,117,137,141,143,144,148,156,157,158,167,169,174,177,178	ء م ر ء ي ي ب ي ن ج ي ء ح ي ن ز ف ف ق ر ن ك و ن م ر ر ن ز ل ي و م	kw:event(82.3764); kw:occurrence(77.6548); theme:time_measure_quantity/sequence_cycle(77.5047); kw:instance(52.326); kw:duration(50.4406); kw:moment(48.1671); kw:time(36.0591); kw:epoch(34.884)	ي و م:B002:مدة من الزمان → ح ي ن:B001:وقت الشيء وأوانه
C281	0.6823	horse / speed / running / animal	29	14	14	17	0.05931254	0.1868	1.0	0.8824	8,11,22,40,46,56,57,67,74,76,81,85,92,95,102,111,113,115,122,127,128,132,142,154,158,160,161,169,171	ب ر ك ب ل غ ج ن ب ح ض ر ح ك م ح م م ر د ي س ع ي ش د د ش ر ب ع ب د ك ر ب ل ق م ن ط ق	kw:horse(57.8714); kw:speed(56.8604); kw:running(54.6714); kw:animal(41.3268); kw:pursuit(37.4165); kw:travel(35.2923); kw:control(33.2078); kw:transport(30.469)	ج ن ب:B005:التجنيب قيادة شيء إلى الجنب → ن ط ق:B005:انتطاق الفرس
C282	0.6822	wetness / decay / dampness / moisture	15	9	17	39	0.06211838	0.325	0.8974	0.5128	11,12,26,29,30,37,68,75,93,96,103,104,106,125,150	ب ل ل ب ل و ب ل ي ت ل ل خ ل ق ر ج ع ض ر ب ن د و ن د ي	kw:wetness(62.1239); kw:decay(58.9962); kw:dampness(52.326); kw:moisture(52.0143); kw:dew(48.1671); kw:rain(47.3897); kw:wear(41.7788); kw:weather(37.9455)	ن د و:B003:بلل الندى والمطر → ن د ي:B005:بلل ومطر ورطوبة
C283	0.6821	marriage / spouse / household / companion	25	12	17	32	0.05990778	0.252	0.9062	0.7812	8,19,22,33,37,51,52,68,72,73,76,83,88,102,105,123,125,133,134,139,147,150,157,171,181	ء ه ل ب ع ل ج ن ب ر ج ع ر س ل ز و ج ش ر ك ش ي ع ص د ق ق ر ن م ل ك ن ظ ر	kw:marriage(136.2353); kw:spouse(72.8591); kw:household(59.7372); kw:companion(58.6776); kw:family(57.0546); kw:counterpart(55.7051); kw:relation(45.8825); kw:peer(45.7343)	ز و ج:B002:زوج النكاح → ر ج ع:B004:رجعة المرأة في النكاح والأهل
C284	0.6819	livestock / selection / choice / excellence	22	11	11	10	0.05751461	0.1818	1.0	1.0	12,26,29,30,37,43,45,48,57,61,62,67,69,71,75,90,98,127,138,158,174,178	ب ل ل ح ض ر ح م م خ ي ر س ف ل ض ل ل ع ق ل ع ي ن م ث ل ن ع م و ل ي	kw:livestock(57.1909); kw:selection(55.1716); kw:choice(54.4326); kw:excellence(53.5428); kw:pastoralism(49.1262); kw:elite(44.6404); kw:quality(37.3173); kw:young(32.5328)	م ث ل:B009:الأمثل فضلا → خ ي ر:B002:فضل الصلاح والاصطفاء
C285	0.6817	justice / prevention / judgment / verdict	39	12	15	22	0.06014331	0.2157	1.0	0.6818	3,8,9,13,20,21,22,23,26,28,31,33,37,38,53,59,63,79,84,86,91,93,94,99,103,109,113,120,130,140,144,147,148,151,154,155,168,176,181	ء ف ك ء ل ي ح ق ق ح ك م د ي ن ذ ك ر س ل م ض ر ب ظ ل م ع ذ ب ف ص ل ي م ن	kw:justice(89.7909); kw:prevention(64.8028); kw:judgment(42.2961); kw:verdict(34.884); kw:reform(33.004); kw:restraint(32.7774); kw:power(32.7774); kw:authority(31.457)	ف ص ل:B002:قضاء يفصل الحق من الباطل → ح ك م:B002:الحكم والقضاء بين الناس
C286	0.6817	belly / swelling / health / agriculture_food/food_nutrition	18	12	14	21	0.0564946	0.236	0.9524	0.8571	10,15,22,44,66,76,91,93,97,102,112,115,134,138,142,144,149,153	ء ك ل ب ط ن ب ن ي ح ش ر خ ط ف س ح ر س ر ر ض ر ب ع ق ل ل ق م ن ب و ن ج و	kw:belly(63.6014); kw:swelling(39.5566); kw:health(35.9198); theme:agriculture_food/food_nutrition(35.852); kw:cavity(29.1436); kw:sustenance(26.9877); kw:nourishment(25.7544); kw:containment(24.7492)	ب ط ن:B005:حال البطن من امتلاء أو علة → ع ق ل:B006:العُقول يمسك البطن
C287	0.6817	tribute / tax / levy / economy_property/finance_debt	22	10	12	12	0.06724097	0.1905	1.0	0.9167	5,28,37,39,52,57,64,72,73,80,84,93,105,110,117,121,127,131,150,157,158,177	ء ت ي ء ر ض ج ز ي ج ي ء ح ض ر خ ر ج ش ه د ص د ق ض ر ب ن ذ ر	kw:tribute(81.3321); kw:tax(66.0079); kw:levy(62.7642); theme:economy_property/finance_debt(58.5527); kw:pus(48.1671); kw:revenue(47.5952); kw:taxation(45.7343); kw:medicine(37.3676)	خ ر ج:B003:مال يخرج على جهة معلومة → ض ر ب:B010:المال المضروب على أحد
C288	0.6816	knowledge / deliberation / cognition_perception/reasoning_decision / judgment	26	14	15	25	0.05892281	0.2404	1.0	0.68	10,14,19,36,41,43,55,73,79,84,86,87,88,90,101,102,105,138,151,154,158,164,170,175,179,182	ء ف ك ء م ر ب ص ر ث ق ب ج ن ن ح ك م ح ل م د ب ر ر ء ي ع ق ل ع ل م ق ل ب ن ج م ن ظ ر	kw:knowledge(78.4426); kw:deliberation(72.8591); theme:cognition_perception/reasoning_decision(58.9655); kw:judgment(52.8701); kw:cognition(49.2775); kw:reason(44.6404); kw:planning(41.9894); kw:heart(37.3173)	ن ظ ر:B001:توجيه البصر أو البصيرة لإدراك الشيء → ب ص ر:B002:بصيرة القلب
C289	0.6816	star / mansion / constellation / separation	35	14	16	22	0.06171407	0.188	1.0	0.8636	6,22,26,40,43,57,74,75,79,81,83,84,85,88,90,95,99,102,103,106,107,109,111,120,122,127,128,130,132,158,160,161,169,171,181	ب ل و ب ل ي ت ل ل ح ض ر د ب ر ذ ب ح ذ ه ب س ل م ش ي ع ع ب د ق ل ب ك و ك ب ن ج م ن ع م	kw:star(77.0209); kw:mansion(62.1239); kw:constellation(58.2873); kw:separation(51.3748); theme:land_water_sky/sky_astronomy(49.8781); kw:dispersion(43.4363); kw:scattering(42.2076); kw:distribution(39.8493)	ب ل و:B009:التفرق في الجهات → ب ل ي:B008:بذي بلي تفرق وتشعث
C290	0.6814	plant / agriculture / growth / ecology	30	15	17	39	0.06049606	0.291	0.8462	0.5128	5,28,31,36,42,43,46,49,54,55,57,62,64,65,66,84,87,88,91,99,100,117,126,146,149,157,158,173,180,182	ء ت ي ء ر ض ء ك ل ج ن د ج ن ن ر ب ب ش ج ر ش ر ب ش ع ر ط ل ع ف ك ه ق ل ب ك ن ن ن ب ت ن ج م	kw:plant(80.3546); kw:agriculture(65.7257); kw:growth(63.214); kw:ecology(61.386); theme:agriculture_food/plant_vegetation(46.7892); kw:produce(46.1482); kw:vegetation(45.8021); kw:grove(42.9143)	ش ع ر:B002:نبات كثيف كالشَّعر → ش ج ر:B001:الشجر ذو الساق
C291	0.6814	reptile / snake / viper / serpent	16	8	10	10	0.06179377	0.2326	1.0	0.8	7,36,43,46,49,57,64,65,75,78,82,84,108,119,129,158	ء ص ل ب ي ض ت ر ك ج ن ن ش ط ن غ ر ق ق ل ب ن ع م	kw:reptile(57.219); kw:snake(56.8924); kw:viper(34.1547); kw:serpent(31.7301); kw:egg(30.7655); kw:ostrich(30.2314); kw:whiteness(23.9988); kw:danger(23.8949)	ء ص ل:B004:الأصلة الحية → ق ل ب:B009:الحية البيضاء المشبهة بالقلب
C292	0.6813	strength / power / honor / dignity	42	15	17	33	0.06052084	0.2463	0.9091	0.5758	8,11,16,22,28,35,37,40,48,53,60,66,72,74,76,81,85,91,93,95,107,111,113,114,115,116,122,123,128,132,133,137,139,147,160,161,168,169,171,173,180,181	ء ك ل ر س ل ش د د ع ب د ع ز ز ع ظ م ع ل و ع ن د غ ل ب ك ب ر ل ز ب م ر ر م ن ن ن ف س ي م ن	kw:strength(68.0039); kw:power(65.5548); kw:honor(45.8825); kw:dignity(44.6404); kw:authority(41.9427); kw:resilience(41.7788); kw:pride(40.6505); kw:firmness(39.1426)	غ ل ب:B001:قوة تقهر وتغلب → ع ز ز:B002:الغلبة والقهر
C293	0.6812	reputation / rumor / praise / communication	33	7	9	8	0.0642954	0.2353	1.0	0.75	3,5,6,8,13,14,15,18,20,28,29,31,35,36,51,52,54,55,56,83,85,89,91,95,97,99,102,105,124,151,155,167,168	ذ ك ر ر ء ي س م ع س م و ش ي ء ش ي ع ق و ل	kw:reputation(108.4746); kw:rumor(49.5059); kw:praise(41.7788); kw:communication(34.4753); kw:publicity(32.1114); kw:renown(32.1114); kw:fame(31.7301); kw:attention(23.6948)	ذ ك ر:B007:ذكر المرء شرف وصيت → س م ع:B005:الصيت والشيوع بين الناس
C294	0.681	wetness / dampness / moisture / tallow	15	9	17	36	0.06387071	0.3077	0.8889	0.6111	5,6,12,26,29,30,37,41,67,68,75,76,103,104,134	ء ه ل ب ل ل ت ل ل ح م م ر ج ع ر ز ق س م و ن د و ن د ي	kw:wetness(62.1239); kw:dampness(52.326); kw:moisture(52.0143); kw:tallow(48.7992); kw:dew(48.1671); kw:rain(47.3897); kw:grease(43.1696); kw:fertility(42.5584)	ن د و:B001:اجتماع القوم في النادي والندوة → ن د ي:B003:مجلس القوم واجتماعهم
C295	0.6808	residue / remnant / remainder / grease	32	15	16	26	0.06140849	0.2185	1.0	0.6923	3,5,17,31,37,40,57,59,67,70,71,73,74,76,77,84,87,90,93,99,100,101,126,128,134,135,149,160,168,169,180,182	ء ث ر ء ه ل ء و ل ب ق ي ت ل و ح ق ق ح ل م ح م م خ ل ص د ب ر ر ب ب ش و ب ض ر ب ع ق ب غ ب ر	kw:residue(113.8158); kw:remnant(63.6014); kw:remainder(56.2768); kw:grease(43.1696); kw:fat(40.1571); theme:craft_material_built/substance_texture(39.6462); kw:trace(37.1238); kw:condiment(33.004)	ح م م:B003:ذوبان الإهالة والشحم → ء ه ل:B006:الإهالة المذابة
C296	0.6808	mountain / refuge / passage / terrain	17	11	11	12	0.05857737	0.2182	1.0	0.8333	8,10,17,21,43,57,59,71,73,75,92,102,103,126,138,168,170	ء و ل ث ق ب ج ب ن ص ب ر ع ق ب ع ق ل ف ص ل ق ذ ف ك ف ر ن ط ق ن ع م	kw:mountain(49.1262); kw:refuge(39.7012); kw:passage(35.6904); kw:terrain(32.3757); kw:pass(30.2314); kw:ridge(27.9929); kw:habitat(25.9211); kw:height(24.6862)	ص ب ر:B017:الجبل ووسطه → ك ف ر:B013:ثنية مستورة
C297	0.6808	animal_life/wildlife / bird / ostrich / male	26	9	11	10	0.06322842	0.1887	1.0	0.9	3,8,13,17,22,41,43,57,59,63,71,75,77,79,87,98,101,113,125,126,155,158,164,168,170,182	ء و ل ب ع ل ج ع ل ذ ك ر س م ع ظ ل م ع ل م غ ل م ن ع م	theme:animal_life/wildlife(53.7733); kw:bird(46.9162); kw:ostrich(45.3471); kw:male(43.7155); kw:hyena(35.7766); kw:wildlife(27.2163); kw:refuge(26.4674); kw:habitat(25.9211)	ظ ل م:B006:الظليم ذكر النعام → ن ع م:B006:النعام والنعامة الطائر
C298	0.6807	substitution / justice / judgment / verdict	22	10	13	14	0.06288213	0.1867	1.0	0.9286	20,21,30,37,39,52,53,67,80,85,105,107,110,115,117,118,121,124,131,154,157,164	ج ز ي ح ك م ح م م د ي ن ص د ق ف د ي ف ص ل ق و م ك ت ب و ق ي	kw:substitution(92.2965); kw:justice(56.1193); kw:judgment(52.8701); kw:verdict(34.884); kw:decree(34.1547); kw:shield(31.0619); kw:replacement(29.9889); kw:sacrifice(28.4462)	ف ص ل:B002:قضاء يفصل الحق من الباطل → ح ك م:B002:الحكم والقضاء بين الناس
C299	0.6804	alliance / kinship_society/household_community / community / emotion_ethics/trust_loyalty	35	13	17	29	0.0612946	0.2197	0.931	0.7241	5,8,10,22,25,27,28,31,44,50,57,66,71,83,84,87,90,94,99,100,102,116,117,126,127,134,149,157,158,172,173,174,178,180,182	ء ت ي ت ب ع ج م ع ج ن د ح ش ر ح ض ر ر ب ب ش ي ء ش ي ع ق ب ل م ل ء ن ص ر و ل ي	kw:alliance(67.1951); theme:kinship_society/household_community(58.3331); kw:community(56.209); theme:emotion_ethics/trust_loyalty(47.1003); kw:support(44.478); kw:solidarity(43.4363); kw:warfare(42.3478); kw:crowd(38.2751)	م ل ء:B003:ممالأة على الأمر → ج م ع:B013:ممالأة واجتماع مع غيرك على أمر
C300	0.6803	marriage / household / family / spouse	31	13	17	32	0.05772905	0.2443	0.9062	0.75	5,17,22,31,33,37,51,52,57,59,68,71,76,84,87,94,97,99,100,102,105,125,126,134,149,150,153,157,168,180,182	ء ه ل ء و ل ب ع ل ب ن ي ج م ع ر ب ب ر ج ع ز ف ف ز و ج ش ر ك ص د ق ق ر ن م ل ك	kw:marriage(170.2941); kw:household(107.527); kw:family(102.6983); kw:spouse(72.8591); kw:wedding(51.232); kw:wife(45.3471); kw:union(41.7788); kw:kinship(38.0967)	ز و ج:B002:زوج النكاح → ر ج ع:B004:رجعة المرأة في النكاح والأهل
C301	0.6803	blood / soul / self / fluid	39	12	14	17	0.05705578	0.1932	1.0	0.8824	14,15,18,20,21,28,29,31,35,36,47,48,51,52,54,55,56,70,76,85,86,89,91,95,97,98,99,102,105,113,115,124,127,151,152,167,168,175,179	ب ص ر ر ء ي ر و د ع ن د ق ر ن ق و ل ك ذ ب ك ر ب ك ي د ن ز ف ن ف س ه ر ع	kw:blood(62.3609); kw:soul(58.6776); kw:self(43.7155); kw:fluid(35.8423); kw:bleeding(33.004); kw:volition(32.1114); kw:vitality(28.1384); kw:tear(27.9929)	ك ر ب:B001:الكرب غم شديد آخذ بالنفس → ن ف س:B002:توسيع الكربة بالتنفيس
C302	0.6803	suffering / torment / punishment / pain	21	11	11	15	0.05797	0.2727	0.9333	0.6	9,11,20,30,33,37,38,59,61,63,72,73,123,133,139,142,147,162,171,176,181	ء ل م ر س ل ش د د ط غ و ع ذ ب ع ق ب ف ت ن ل و م م ث ل و ص ب و ي ل	kw:suffering(56.7647); kw:torment(48.7992); kw:punishment(46.3827); kw:pain(36.9363); kw:chastisement(34.884); kw:justice(33.6716); kw:sanction(32.5328); kw:deterrence(31.3821)	ع ذ ب:B005:العذاب إيلام وعقوبة → ع ق ب:B007:العقوبة بعد الذنب
C303	0.6803	health / recovery / body_health_life/health_medicine / convalescence	20	9	10	9	0.06245698	0.2045	1.0	0.8889	8,12,26,29,30,37,60,61,62,68,79,84,102,103,109,113,120,130,177,181	ب ل غ ب ل ل ر ج ع س ل م ع ل و ف و ز م ث ل ن ز ل ن ف س	kw:health(71.8395); kw:recovery(67.4691); theme:body_health_life/health_medicine(54.2076); kw:convalescence(34.884); kw:improvement(34.1547); kw:safety(28.2893); kw:wilderness(25.7544); kw:change(25.4406)	ع ل و:B011:السلامة من النفاس أو العلة → ن ف س:B005:خروج الولد ودم النفاس
C304	0.6803	ear / organ / slit / duality	11	7	9	8	0.05890793	0.2353	1.0	1.0	5,8,22,27,44,50,71,90,94,150,180	ء ن ث ح ش ر د ب ر س م ع ش ر ق ع ز ز ق ب ل	kw:ear(55.9858); kw:organ(39.0107); kw:slit(33.004); kw:duality(32.5328); kw:anatomy(31.3884); kw:rear(28.4462); kw:hearing(28.1384); kw:marking(25.6736)	س م ع:B002:الأذن وموضع السمع → ء ن ث:B003:الأنثيان
C305	0.6802	fruit / palm / agriculture_food/plant_vegetation / tree	26	16	16	29	0.05618718	0.2417	1.0	0.6552	28,34,36,42,43,44,54,55,63,65,66,71,77,83,84,91,98,104,109,117,134,146,150,157,158,170	ء ت ي ء ك ل ء ن ث ب ر ه م ج ر م ج ع ل ج م ع ج ن ن س ر ر ط ل ع ف ك ه ق ل ب ك ث ر ك ر م ك ف ر ن ب ت	kw:fruit(92.9383); kw:palm(68.2325); theme:agriculture_food/plant_vegetation(62.3856); kw:tree(56.576); kw:growth(52.6784); kw:harvest(50.1599); kw:agriculture(49.2943); kw:produce(46.1482)	ء ت ي:B007:خروج النماء والنتاج → ء ك ل:B002:غلة الشجر والزرع
C306	0.6801	bird / animal_life/wildlife / ostrich / zoology	34	14	15	18	0.06235795	0.1731	1.0	0.8889	2,12,17,19,22,26,29,30,36,37,41,43,57,59,63,67,71,73,75,77,79,87,94,98,101,102,107,113,126,158,164,168,170,182	ء و ل ب ل ل ج ع ل ح م م ذ ب ح ز ج ر ز ف ف س ف ل ش ع ر ظ ل م ع ق ب ع ل م غ ل م ن ع م	kw:bird(93.8324); theme:animal_life/wildlife(62.7355); kw:ostrich(45.3471); kw:zoology(35.5423); kw:down(34.1547); kw:taxonomy(33.8345); kw:juvenile(31.7301); kw:divination(29.3388)	ظ ل م:B006:الظليم ذكر النعام → ن ع م:B006:النعام والنعامة الطائر
C307	0.6796	lie / testimony / falsehood / fabrication	37	12	16	23	0.06352125	0.2091	0.9565	0.8261	3,8,14,15,18,20,21,23,28,29,31,35,36,37,48,51,52,54,55,56,66,85,86,89,91,95,97,99,102,105,124,127,151,152,157,167,168	ء ف ك ء ك ل ء ي ي ت ل و ح ق ق د و ن ر ء ي ص د ق ع ل و ع ن د ق و ل ك ذ ب	kw:lie(59.0879); kw:testimony(53.1324); kw:falsehood(52.3699); kw:fabrication(44.6404); kw:command(42.2076); kw:accusation(41.5754); kw:exhortation(34.1547); kw:obligation(33.8345)	د و ن:B004:الإغراء بالتناول → ع ن د:B006:إغراء عندك بالأخذ
C308	0.6793	marriage / household / intimacy / spouse	34	15	17	27	0.05911313	0.2015	0.963	0.8148	22,27,33,36,37,44,50,52,62,66,68,70,71,72,76,78,94,101,105,108,112,119,123,125,129,133,134,139,144,147,157,171,177,181	ء ه ل ب ش ر ب ط ن ب ع ل ت ر ك ج م ع ر ج ع ر س ل ز و ج س و ء ش ر ك ص د ق ق ب ل ن ز ل ه ر ع	kw:marriage(158.9412); kw:household(71.6847); kw:intimacy(65.9276); kw:spouse(58.2873); kw:sexuality(53.2649); kw:gender(52.8701); kw:intercourse(51.6738); kw:family(45.6437)	ز و ج:B002:زوج النكاح → ر ج ع:B004:رجعة المرأة في النكاح والأهل
C309	0.6791	ritual_belief/religion_worship / submission / devotion / worship	66	14	15	13	0.0635355	0.125	1.0	0.8462	4,8,9,11,16,20,21,22,23,28,29,30,32,35,36,37,39,40,51,52,53,56,57,73,74,81,85,86,90,91,93,94,95,96,99,102,103,105,111,116,122,125,126,128,132,140,141,143,144,147,148,150,152,157,159,160,161,163,166,167,169,171,174,178,180,182	ء ل ه ء ل ي ت ل ل خ ل ق د ي ن س ب ح ص د ق ص ل ي ط غ و ع ب د ك و ن و ص ب و ل ي ي م ن	theme:ritual_belief/religion_worship(81.1105); kw:submission(67.4691); kw:devotion(66.6687); kw:worship(62.6999); kw:religion(54.1778); kw:obedience(53.1324); kw:obligation(33.8345); kw:authority(31.457)	س ب ح:B001:العبادة بالتسبيح والصلاة → ص ل ي:B001:الصلاة عبادة لازمة
C310	0.6791	death / mortality / corpse / body_health_life/mortality_death	16	7	11	13	0.05825921	0.2889	1.0	0.8462	3,16,28,36,43,53,58,59,78,90,93,102,108,119,129,158	ت ر ك ت ل و ج ن ن د ب ر م و ت ن و م ي م ن	kw:death(89.5077); kw:mortality(53.9596); kw:corpse(47.5952); theme:body_health_life/mortality_death(45.4969); kw:burial(40.6505); kw:inheritance(39.5566); kw:property(21.3873); kw:shroud(19.2746)	م و ت:B008:ميتة الحال وواحدة الموت → ن و م:B008:الموت والإماتة
C311	0.6791	selection / preference / choice / exclusivity	15	8	12	13	0.06554727	0.2167	0.9231	0.9231	10,40,42,61,62,63,70,74,77,98,128,153,158,160,169	ء ث ر ت ب ع ج ع ل خ ل ص خ ي ر ص ف و ك ر م م ث ل	kw:selection(110.3431); kw:preference(58.2873); kw:choice(54.4326); kw:exclusivity(32.5328); kw:elite(29.7602); kw:merit(29.7602); kw:excellence(26.7714); kw:virtue(24.9444)	ء ث ر:B005:تفضيل الغير أو الشيء بالاختيار → ص ف و:B002:اصطفاء الصفوة واختيارها
C312	0.679	marriage / spouse / household / family	29	15	17	32	0.05726335	0.2388	0.9062	0.75	8,21,22,33,36,37,51,52,68,70,72,76,78,105,108,113,119,123,125,129,133,134,139,147,150,157,171,177,181	ء ه ل ب ر ك ب ع ل ت ر ك ج ن ب ر ج ع ر س ل ز و ج س و ء ش ر ك ص د ق ف ص ل ق ر ن م ل ك ه ر ع	kw:marriage(193.0); kw:spouse(72.8591); kw:household(71.6847); kw:family(68.4655); kw:gender(63.4441); kw:woman(46.9162); kw:wife(45.3471); kw:union(41.7788)	ز و ج:B002:زوج النكاح → ر ج ع:B004:رجعة المرأة في النكاح والأهل
C313	0.6788	darkness / cycle / time / shadow	26	15	16	21	0.0634087	0.1765	1.0	0.9048	15,22,24,25,30,35,36,43,44,48,55,63,64,85,113,115,116,118,124,137,138,158,164,170,172,177	ء ص ل ج ن ن س ح ر س ر ر س و ي ص ب ح ظ ل م ع ق ل ق ص ر ق و م ك ب ر ك ف ر ل ي ل ن ص ر و ق ف	kw:darkness(88.0233); kw:cycle(73.1559); kw:time(63.1034); kw:shadow(59.5205); kw:daylight(48.7992); kw:night(46.9162); kw:dawn(42.434); kw:redress(34.884)	ظ ل م:B003:الظلامة وطلب الإنصاف → ن ص ر:B002:انتصاف المظلوم
C314	0.6786	delay / waiting / time_measure_quantity/time / pause	28	11	12	14	0.0638202	0.2154	1.0	0.7143	8,14,19,23,54,55,65,73,77,78,82,88,91,94,99,102,105,108,119,129,136,140,142,144,147,148,174,178	ء خ ر ء ل ي ء ي ي ب ق ي ح ي ن ر ء ي ط ل ع ل ب ث ل و م م ت ع ن ظ ر	kw:delay(88.2711); kw:waiting(72.3939); theme:time_measure_quantity/time(70.1703); kw:pause(47.0731); kw:slowness(42.2076); kw:deferment(35.7766); kw:attention(35.5423); kw:watching(34.884)	ن ظ ر:B002:ترقب الوقت وإمهال الطالب → ب ق ي:B005:ترقب الشيء وانتظاره بالبصر
C315	0.6785	tribe / clan / name / lineage	29	16	16	24	0.0584856	0.2	1.0	0.7917	10,16,27,34,36,44,50,53,57,66,71,80,94,99,105,106,110,113,121,125,127,131,134,142,144,146,150,158,173	ء ن ث ب ط ن ب ل و ب ل ي ت ر ب ج ر م ج م ع ج ن د ح س ن ح ض ر ح و ت ذ ه ب ش ع ر ش ه ب ق ب ل ن ب ت	kw:tribe(107.0713); kw:clan(105.1077); kw:name(97.7867); kw:lineage(86.6844); kw:genealogy(49.2484); kw:kinship(47.6209); kw:ethnicity(44.0082); kw:onomastics(42.2076)	ب ل و:B008:اسم حي ونسبة → ب ل ي:B007:بلي اسم حي والنسبة بلوية
C316	0.6785	height / ascent / daylight / elevation	18	11	14	19	0.061649	0.2184	1.0	0.8421	5,6,8,11,30,35,85,112,113,115,118,124,137,138,147,148,164,177	س م و ش د د ص ب ح ع ق ل ع ل و ق و م ك ب ر م ء ي م ت ع ن ب و ن ف س	kw:height(74.0586); kw:ascent(52.5539); kw:daylight(48.7992); kw:elevation(47.1969); kw:noon(47.0731); kw:shadow(44.6404); kw:expansion(44.0082); kw:rise(43.4363)	س م و:B001:العلو والارتفاع → ع ل و:B001:السمو والارتفاع
C317	0.6784	honor / reputation / dignity / praise	40	13	15	22	0.06462393	0.2136	0.9545	0.6364	3,5,6,8,13,16,22,34,35,40,41,42,53,60,62,74,76,79,81,85,87,95,102,107,111,113,115,122,128,132,155,158,160,161,164,168,169,170,171,182	ح م د خ ي ر ذ ك ر س م ع س م و ع ب د ع ظ م ع ل م ع ل و ف ع ل ك ب ر ك ر م ن ف س	kw:honor(103.2356); kw:reputation(84.3691); kw:dignity(59.5205); kw:praise(55.7051); kw:nobility(51.3473); kw:generosity(48.6555); kw:ethics(43.9026); kw:virtue(37.4165)	ذ ك ر:B007:ذكر المرء شرف وصيت → س م ع:B005:الصيت والشيوع بين الناس
C318	0.6784	generosity / virtue / character / honor	19	10	13	21	0.05881644	0.2917	0.9048	0.6667	11,34,39,42,62,75,80,90,95,102,104,105,110,121,131,146,149,174,178	ج ز ي خ ي ر س ع ي ف ت ي ف ع ل ق ط ن ك ر م ن ح ت ن د ي و ل ي	kw:generosity(72.9832); kw:virtue(62.3609); kw:character(46.3827); kw:honor(45.8825); kw:nobility(38.5105); kw:magnanimity(35.7766); kw:fruit(34.8519); theme:emotion_ethics/ethics_morality(32.9077)	ف ع ل:B002:فَعال الخلق → خ ي ر:B005:الكرم والهبة
C319	0.6782	law_governance/authority_governance / governance / guardianship / care	30	13	16	25	0.06297767	0.2155	1.0	0.72	3,7,9,13,17,19,30,39,45,48,59,61,71,73,85,88,90,96,102,113,115,118,124,126,155,156,164,168,174,178	ء م ر ء و ل ب ر ك ح ف ظ ذ ك ر س ع ي س ل ط ع م ل ع ي ن ق و م ن ظ ر و ص ب و ل ي	theme:law_governance/authority_governance(113.7254); kw:governance(78.8193); kw:guardianship(60.4627); kw:care(49.6264); kw:perseverance(47.5952); kw:office(47.0731); kw:stewardship(43.4363); kw:administration(43.1696)	ع م ل:B003:ولاية العمل والقيام عليه → س ع ي:B003:ولاية وسعاية على القوم
C320	0.6781	milk / agriculture_food/food_nutrition / lactation / mixture	34	15	15	25	0.05579003	0.2381	1.0	0.6	5,8,10,17,31,32,33,37,42,57,59,67,71,72,82,84,87,93,99,100,103,123,125,126,133,139,147,149,153,168,171,180,181,182	ء و ل ث ق ب ج ب ن ج ن ب د ع و ر ب ب ر س ل ش ر ك ش ه ب ش و ب ص ف و ض ر ب غ ر ق غ و ي ف ك ه	kw:milk(126.4002); theme:agriculture_food/food_nutrition(60.9483); kw:lactation(56.8924); kw:mixture(49.6264); kw:dairy(48.8874); kw:yield(45.7343); kw:abundance(41.1892); kw:nourishment(38.6317)	ش و ب:B002:العسل أو ما يشاب به الشراب → ض ر ب:B015:الغليظ المخلوط من عسل أو لبن
C321	0.6779	residue / continuity / remainder / remnant	11	10	16	28	0.06266232	0.2478	1.0	0.7143	3,10,70,73,77,83,90,103,135,174,178	ء ث ر ب ق ي ت ب ع ت ل ل ت ل و د ب ر ش ي ع ع ق ب غ ب ر و ل ي	kw:residue(75.8772); kw:continuity(75.2399); kw:remainder(70.346); kw:remnant(63.6014); kw:following(58.2873); kw:order(51.5089); kw:succession(50.299); kw:sequence(47.0087)	ت ل و:B001:اتباع وتتابع → ت ب ع:B001:التلو والقفو
C322	0.6778	limit / orientation / completion / endpoint	26	10	13	19	0.05897442	0.2568	1.0	0.6316	8,23,27,32,40,44,48,50,55,67,71,74,90,91,94,99,102,128,140,144,147,148,160,169,174,178	ء ل ي ب ل غ ح م م خ ل ص س و ي ع ل و غ و ي ق ب ل ق ص ر و ل ي	kw:limit(53.7561); kw:orientation(53.746); kw:completion(50.299); kw:endpoint(47.5952); kw:destination(43.1696); kw:arrival(37.0293); kw:approach(36.9363); kw:extent(32.5328)	غ و ي:B009:غاية أقصى الشيء ومنتهاه → ء ل ي:B001:الغاية والانتهاء
C323	0.6778	time_measure_quantity/sequence_cycle / priority / beginning / youth	46	11	13	11	0.06035821	0.1467	1.0	1.0	5,11,16,17,21,22,23,27,28,29,30,31,32,35,36,39,43,44,50,51,53,55,57,59,70,71,73,84,87,94,99,100,116,118,126,141,143,149,157,158,167,168,169,171,180,182	ء ث ر ء و ل ج ن ن ر ب ب س ب ق س و ي ط غ و ف ت ي ق ب ل ك و ن ه د ي	theme:time_measure_quantity/sequence_cycle(62.0037); kw:priority(56.8924); kw:beginning(53.9753); kw:youth(52.7421); kw:precedence(41.1882); kw:initiative(33.5381); theme:body_health_life/life_stage_aging(31.4693); kw:novelty(29.9889)	ء و ل:B001:ابتداء الشيء وتقدمه → ق ب ل:B002:تقدم الشيء أو إقباله
C324	0.6777	answer / language_communication/communication / dialogue / affirmation	33	14	17	26	0.06351377	0.197	1.0	0.7692	12,14,15,16,17,20,21,26,29,30,37,42,43,57,59,60,61,68,71,72,73,75,102,106,123,126,133,139,144,147,168,171,181	ء و ل ء ي ي ب ع ث ب ل غ ب ل ل ب ل و ب ل ي ج و ب ر ج ع ر س ل ع ق ب ك ر م ن ع م ه ا ء	kw:answer(77.6548); theme:language_communication/communication(48.9938); kw:dialogue(48.7992); kw:affirmation(48.1671); kw:dispatch(46.5929); kw:communication(43.0941); kw:logic(41.1882); kw:language(40.4595)	ب ل و:B006:جواب بلى ورد النفي → ب ل ي:B010:بلى رد النفي بإثبات
C325	0.6777	firmness / strength / solidity / precision	45	12	16	19	0.06331922	0.1652	1.0	0.8421	10,11,15,18,20,22,28,29,31,35,36,37,40,51,52,53,54,56,66,74,81,85,89,91,95,97,99,102,105,111,114,122,124,128,132,137,150,151,154,157,160,161,167,169,171	ء ك ل ت ب ع ح ق ق ح ك م د ي ن ش د د ص د ق ع ب د ق و ل م ر ر م ل ك م ن ن	kw:firmness(78.2852); kw:strength(56.6699); kw:solidity(55.7051); kw:precision(48.7992); kw:governance(33.7797); kw:confirmation(33.5381); kw:delegation(33.5381); kw:reform(33.004)	ش د د:B002:شدة القوة والصلابة → ع ب د:B007:القوة والصلابة
C326	0.6777	joining / craft_material_built/craft / thong / bridle	22	13	13	11	0.06834029	0.141	1.0	1.0	9,27,33,36,38,44,48,50,59,69,71,82,94,98,117,134,147,154,157,175,176,179	ء ل ف ب ص ر ج م ع ح ك م س ف ل ش ر ك ش ع ر ط ر ف ع ذ ب غ ر ق ق ب ل ك ت ب ل ف ي	kw:joining(42.2076); theme:craft_material_built/craft(33.1214); kw:thong(33.004); kw:bridle(32.5328); kw:strap(29.544); kw:boundary(28.9506); kw:union(27.8525); kw:aggregation(27.8525)	ج م ع:B001:ضم المتفرق حتى يصير شيئا مجموعا → ء ل ف:B002:ضم الشيء إلى الشيء والتأليف
C327	0.6776	equipment / saddle / transport / death	18	10	11	9	0.06653959	0.1667	1.0	1.0	16,22,53,55,60,63,66,76,90,98,106,107,113,115,144,162,174,178	ب ر ك ب ط ن ب ل و ب ل ي ح ش ر س ف ل س و ي ع ظ م ف ت ن و ل ي	kw:equipment(48.542); kw:saddle(41.1882); kw:transport(40.6253); kw:death(33.5654); kw:pad(31.0619); kw:grave(30.2314); kw:tether(29.3388); theme:body_health_life/mortality_death(27.2981)	ب ل و:B005:بلية القبر والراحلة → ب ل ي:B006:البلية ناقة القبر الجاهلية
C328	0.6775	combat / battle / confrontation / command	33	13	13	16	0.05328246	0.2051	1.0	0.8125	10,11,23,24,26,30,55,57,62,64,68,79,84,85,93,97,98,103,109,113,115,118,120,124,125,127,130,145,158,163,164,177,181	ب ر ك ج ح م ح ض ر د ع و س ل م ش د د ش ه ب ض ر ب ق و م ك ي د ن ب ذ ن ز ل و ق ف	kw:combat(63.4145); kw:battle(57.5595); kw:confrontation(44.6404); kw:command(42.2076); kw:mobilization(33.004); theme:conflict_security/conflict(32.8575); theme:conflict_security/violence_warfare(32.7563); kw:diplomacy(28.4462)	ق و م:B014:مقاومة ومنازلة → ن ز ل:B007:النزول للمبارزة
C329	0.6773	sound / voice / cognition_perception/perception / hearing	18	13	17	27	0.06567726	0.2045	1.0	0.7778	8,14,34,36,41,68,75,79,87,92,102,104,112,125,158,164,170,182	ء ي ي ب ل غ ج ر م د ع و ر ج ع س م ع ش ع ر ش ي ء ع ل م ن ب ء ن د و ن د ي ن ط ق	kw:sound(92.4746); kw:voice(74.8331); theme:cognition_perception/perception(72.4742); kw:hearing(70.346); kw:summons(59.9777); theme:language_communication/communication(59.4925); kw:attention(59.2371); kw:call(54.6714)	س م ع:B011:سَمْع لا بَلَغ → ب ل غ:B009:سماع المكروه بلا بلوغ
C330	0.6771	milk / yield / lactation / husbandry	35	17	17	31	0.05694515	0.2279	0.9032	0.7097	2,3,6,8,10,14,19,21,28,32,37,42,55,64,68,72,102,105,113,117,123,127,133,137,139,147,148,152,153,157,171,174,177,178,181	ء ت ي ب ر ك ت ل و ث ق ب ج ن ب ح ي ن خ ر ج د ن و ر ء ي ر ج ع ر س ل ز ج ر ص ب ح ص ف و غ و ي ف ك ه ك ذ ب	kw:milk(103.4184); kw:yield(60.9791); kw:lactation(56.8924); kw:husbandry(56.483); kw:fertility(53.198); theme:body_health_life/reproduction_birth(48.1592); kw:camel(46.3334); kw:abundance(41.1892)	ر ء ي:B010:ظهور حمل الناقة أو الشاة → ر ج ع:B013:راجع الناقة وحملها
C331	0.6771	language_communication/communication / summons / call / communication	17	13	17	30	0.06271567	0.2326	1.0	0.7667	8,14,15,20,21,60,61,66,68,75,91,102,104,106,112,125,163	ء ك ل ء ي ي ج و ب د ع و ر ج ع س م ع ش ي ء ص ل ي ع ل و ن ب ء ن د و ن د ي ه ا ء	theme:language_communication/communication(80.4898); kw:summons(74.9722); kw:call(68.3392); kw:communication(51.7129); kw:sound(51.3748); kw:voice(49.8887); theme:cognition_perception/perception(39.5314); kw:dialogue(32.5328)	ن د و:B002:الصوت المرفوع والنداء → ن د ي:B001:رفع الصوت والنداء
C332	0.6771	sound / bird / dampness / voice	20	11	17	29	0.06331162	0.2266	1.0	0.7241	12,23,26,29,30,34,37,43,57,67,68,75,90,94,99,104,112,118,174,178	ب ل ل ج ر م ح م م ر ج ع ز ف ف ن ب ء ن د و ن د ي ن ع م ه د ي و ل ي	kw:sound(82.1996); kw:bird(58.6452); kw:dampness(52.326); kw:voice(49.8887); kw:dew(48.1671); kw:wetness(46.5929); theme:cognition_perception/perception(42.8257); kw:call(41.0035)	ن د و:B002:الصوت المرفوع والنداء → ن د ي:B001:رفع الصوت والنداء
C333	0.6771	pathology / abscess / wound / pus	15	10	11	12	0.06036762	0.2222	1.0	0.8333	34,37,46,49,57,64,66,84,90,91,101,127,137,150,158	ء ك ل ب ي ض ج ر م ج ي ء ح ض ر ح ل م خ ر ج د ب ر ش ه د م ر ر	kw:pathology(85.1471); kw:abscess(49.5059); kw:wound(49.1262); kw:pus(48.1671); kw:discharge(41.3787); theme:body_health_life/health_medicine(39.7522); theme:body_health_life/disease_injury(38.4275); kw:medicine(37.3676)	ج ي ء:B003:جائية الجراح → ح ض ر:B008:اجتماع الفضلات في الجرح والسلى
C334	0.677	rain / land_water_sky/weather_climate / fertility / sky	31	17	17	33	0.05865429	0.2426	0.9697	0.5758	5,6,7,8,25,31,41,42,57,64,68,75,84,86,87,88,90,93,99,100,102,104,116,126,149,151,172,174,178,180,182	ء ر ض ء ف ك خ ر ج ر ب ب ر ج ع ر ز ق س م و ص ب ر ض ر ب ك ر م ك ل ل ن ج م ن د و ن د ي ن ص ر ن و م و ل ي	kw:rain(118.4742); theme:land_water_sky/weather_climate(79.0062); kw:fertility(74.4772); kw:sky(71.8395); kw:weather(66.4046); kw:water(59.3161); kw:cloud(49.8887); kw:climate(47.3897)	ن د و:B003:بلل الندى والمطر → ن د ي:B005:بلل ومطر ورطوبة
C335	0.677	milk / husbandry / event / udder	49	16	17	29	0.05816649	0.2148	0.931	0.6552	1,5,10,14,15,16,20,21,22,26,28,29,30,31,32,35,37,39,42,51,53,55,57,68,73,102,105,106,113,116,117,127,137,138,141,143,144,148,152,153,156,157,158,165,167,169,174,177,178	ء ي ي ب ر ك ب ي ن ث ق ب ح ق ق ح ي ن ر ء ي ر ج ع ص ب ح ص ف ف ص ف و ف ك ه ك ذ ب ك و ن ل ي ل ي و م	kw:milk(57.4546); kw:husbandry(56.483); kw:event(54.9176); kw:udder(52.9349); kw:pregnancy(51.8423); kw:camel(46.3334); kw:yield(45.7343); theme:body_health_life/reproduction_birth(40.1327)	ر ء ي:B010:ظهور حمل الناقة أو الشاة → ر ج ع:B013:راجع الناقة وحملها
C336	0.677	elevation / rise / classification / height	31	10	15	18	0.06342871	0.1875	1.0	0.8889	4,5,6,8,23,35,36,40,56,74,76,86,91,96,97,98,102,112,115,126,128,134,149,150,152,153,158,159,160,169,182	ء ل ه ء ن ث ب ن ي س ف ل س م و ع ل و ن ب ء ن ب و ن ج و ن س ب	kw:elevation(47.1969); kw:rise(43.4363); kw:classification(37.1238); kw:height(37.0293); kw:honor(34.4119); kw:eminence(33.5381); kw:loftiness(33.004); kw:revelation(27.8525)	س م و:B001:العلو والارتفاع → ع ل و:B001:السمو والارتفاع
C337	0.6769	honor / dignity / pride / nobility	37	12	17	32	0.0617528	0.25	0.9375	0.5938	3,5,6,8,13,16,22,23,30,31,35,37,40,42,53,60,74,76,81,85,95,99,107,111,113,115,118,122,128,132,155,160,161,168,169,171,180	ح ق ق ذ ك ر س م و ط غ و ع ب د ع ز ز ع ظ م ع ل و ك ب ر ك ر م ن ف س ه د ي	kw:honor(160.5887); kw:dignity(74.4006); kw:pride(54.2007); kw:nobility(51.3473); kw:reputation(48.2109); kw:arrogance(41.9894); kw:eminence(33.5381); kw:greatness(33.5381)	ع ظ م:B006:التعاظم والزهو → ك ب ر:B006:العظمة والكبرياء
C338	0.6769	grammar / deixis / command / preposition	40	11	14	14	0.06239957	0.1609	1.0	0.9286	5,8,12,15,20,21,23,26,29,30,31,34,37,48,57,60,61,62,80,84,85,86,87,97,99,100,102,105,106,110,121,126,127,131,149,152,168,171,180,182	ب ل ل د و ن ذ و و ر ب ب ع ل و ع ن د ك ذ ب ك ل م ل ق ي ه ا ء و ه ب	kw:grammar(51.0335); kw:deixis(47.5952); kw:command(42.2076); kw:preposition(36.9273); kw:alphabet(34.884); kw:exhortation(34.1547); kw:exchange(32.7314); kw:calculation(31.7301)	د و ن:B004:الإغراء بالتناول → ع ن د:B006:إغراء عندك بالأخذ
C339	0.6768	worship / ritual_belief/religion_worship / orientation / direction	35	8	13	13	0.06130416	0.1857	1.0	0.9231	8,22,27,30,40,44,45,48,50,71,74,81,85,90,94,95,111,115,118,122,124,128,132,143,159,160,161,163,164,166,169,171,174,178,180	ج ن ب س ب ح ص ل ي ع ب د ع ي ن ق ب ل ق و م و ل ي	kw:worship(75.2399); theme:ritual_belief/religion_worship(59.7657); kw:orientation(53.746); kw:direction(47.5872); kw:prayer(41.1882); kw:devotion(40.0012); kw:standing(31.0619); theme:land_water_sky/weather_climate(27.6522)	س ب ح:B001:العبادة بالتسبيح والصلاة → ص ل ي:B001:الصلاة عبادة لازمة
C340	0.6767	victory / competition / contest / thickness	30	17	17	28	0.06002124	0.2059	1.0	0.7143	3,7,8,11,16,28,35,37,39,42,47,53,58,59,60,76,80,84,102,103,105,110,115,116,117,121,131,157,173,180	ء ت ي ت ل ل ت ل و ج ب ن ج ز ي ج ي ء س ع ي ش د د ع ز ز غ ل ب ف و ز ك ب ر ك ر ب ك ر م ك ل ل م و ت ن ز ف	kw:victory(83.1508); kw:competition(57.5572); kw:contest(54.9176); kw:thickness(53.7561); kw:stoutness(48.1671); theme:conflict_security/conflict(47.4608); kw:strength(45.3359); kw:rivalry(41.5754)	ج ي ء:B002:المغالبة بكثرة المجيء → ج ز ي:B005:الغلبة في المجازاة
C341	0.6767	submission / configuration / navigation / transport	55	12	13	12	0.05393729	0.1558	1.0	0.9167	4,7,12,14,20,22,23,26,35,36,37,40,53,56,63,72,74,77,78,79,81,84,85,86,91,95,96,98,102,103,108,109,111,119,120,122,123,126,128,129,130,132,133,139,140,147,152,158,159,160,161,169,171,181,182	ء ل ه ت ر ك ج ع ل د ي ن ر س ل س خ ر س ف ل س ل م ش ح ن ع ب د ف ل ك م ر د	kw:submission(40.4815); kw:configuration(38.5491); kw:navigation(32.081); kw:transport(30.469); theme:ritual_belief/religion_worship(29.8828); kw:devotion(26.6675); kw:obedience(26.5662); kw:transformation(25.1495)	ء ل ه:B001:التعبد والمعبود → ع ب د:B003:العبادة والطاعة الخاضعة
C342	0.6765	strength / solidity / firmness / resilience	31	14	17	31	0.06171239	0.2348	0.9355	0.6774	10,11,22,28,31,37,40,52,74,76,81,85,93,95,105,111,113,114,115,122,128,132,137,150,154,157,160,161,169,171,180	ت ب ع ح ق ق ح ك م ش د د ص د ق ع ب د ع ز ز ك ر ب ل ز ب م ر ر م ل ك م ن ن ن ف س ي م ن	kw:strength(79.3379); kw:solidity(69.6314); kw:firmness(65.2377); kw:resilience(55.7051); kw:precision(48.7992); kw:reinforcement(45.3471); kw:power(43.7032); kw:hardness(37.1238)	ش د د:B002:شدة القوة والصلابة → ع ب د:B007:القوة والصلابة
C343	0.6765	reproduction / mating / sexuality / fertility	25	14	14	20	0.05945995	0.2198	0.95	0.75	2,5,6,14,19,28,31,37,46,55,63,66,68,77,91,93,98,102,105,117,134,144,150,157,158	ء ت ي ء ك ل ء ن ث ب ط ن ج ع ل ج م ع ح ق ق د ن و ر ء ي ر ج ع ز ج ر س م و ش ر ب ض ر ب	kw:reproduction(71.3905); kw:mating(55.7051); kw:sexuality(53.2649); kw:fertility(53.198); kw:pregnancy(51.8423); theme:body_health_life/reproduction_birth(48.1592); kw:husbandry(45.1864); kw:female(42.2076)	ر ء ي:B010:ظهور حمل الناقة أو الشاة → ر ج ع:B013:راجع الناقة وحملها
C344	0.6765	arrow / gambling / projectile / conflict_security/weaponry	29	12	15	20	0.06027789	0.198	1.0	0.85	5,8,15,20,21,30,31,49,54,55,57,60,61,65,83,84,87,90,99,100,106,112,113,126,141,149,156,180,182	د ب ر ر ب ب س ل ط س ه م ش ي ع ط ل ع ع ل و ق ذ ف ك ن ن ن ب ء ن ف س ه ا ء	kw:arrow(88.5234); kw:gambling(77.6548); kw:projectile(58.6776); theme:conflict_security/weaponry(49.0415); kw:lot(43.1696); kw:archery(41.1882); kw:overshoot(34.1547); kw:deixis(31.7301)	ط ل ع:B010:سهم يطلع فوق الغرض → د ب ر:B018:دبر السهم الهدف
C345	0.6765	question / deixis / attention / command	46	12	14	12	0.06535274	0.1348	1.0	0.9167	8,14,15,18,20,21,23,28,29,31,34,35,36,43,48,51,52,54,55,56,57,60,61,62,75,80,85,86,89,91,95,97,99,102,105,106,110,121,124,127,131,151,152,167,168,177	ء ي ي د و ن ذ و و ر ء ي س و ء ع ل و ع ن د ق و ل ك ذ ب م ث ل ن ع م ه ا ء	kw:question(62.1239); kw:deixis(47.5952); kw:attention(47.3897); kw:command(42.2076); kw:inquiry(42.2076); kw:grammar(38.2751); kw:condemnation(34.884); kw:exhortation(34.1547)	د و ن:B004:الإغراء بالتناول → ع ن د:B006:إغراء عندك بالأخذ
C346	0.6764	suffering / pain / torment / ache	18	9	10	9	0.06138998	0.2045	1.0	0.8889	9,11,20,30,33,38,59,63,85,89,102,115,118,124,145,162,164,176	ء ل م س ق م ع ذ ب ف ت ن ق و م ل ز ب و ج د و ص ب و ي ل	kw:suffering(102.1765); kw:pain(61.5604); kw:torment(32.5328); kw:ache(30.2314); kw:trial(28.9576); kw:causality(28.6095); kw:sensation(28.4462); theme:body_health_life/disease_injury(26.8992)	و ص ب:B003:سقم أو وجع ملازم → س ق م:B001:مرض البدن
C347	0.6763	distance / remoteness / limit / wilderness	29	14	15	23	0.05980376	0.2212	0.9565	0.7391	5,7,8,9,15,23,32,47,48,60,65,86,90,91,94,99,102,106,113,117,135,140,144,147,148,156,158,174,178	ء ل ي ب ل غ ب ي ن د و ن ش ط ن غ ب ر غ و ل غ و ي ف و ز ق ذ ف ق ص ر ن ف س و ص ب و ل ي	kw:distance(84.7527); kw:remoteness(69.6314); kw:limit(67.1951); kw:wilderness(51.5089); kw:endpoint(47.5952); kw:space(42.0421); kw:completion(37.7243); theme:time_measure_quantity/measurement(37.5675)	غ و ي:B009:غاية أقصى الشيء ومنتهاه → ء ل ي:B001:الغاية والانتهاء
C348	0.6763	side / edge / boundary / terrain	19	10	10	9	0.05784847	0.2	1.0	0.8889	5,8,15,28,34,48,51,66,93,101,106,112,113,117,144,156,158,175,179	ب ش ر ب ص ر ب ط ن ب ي ن ج ر م ج ن ب ط ر ف ق ذ ف ق ر ن ي م ن	kw:side(56.0304); kw:edge(46.1287); kw:boundary(38.6008); kw:terrain(21.5838); kw:orientation(21.4984); kw:epidermis(19.2746); kw:organism(17.8883); kw:cliff(17.442)	ق ذ ف:B004:حافة مشرفة وناحية → ط ر ف:B001:حافة الشيء ومنتهاه
C349	0.6762	oath / pledge / swearing / vow	32	7	11	12	0.05718291	0.24	1.0	0.8333	4,8,14,23,28,35,36,40,56,74,86,90,91,93,94,96,99,102,106,126,128,140,144,147,148,152,159,160,169,174,178,182	ء ل ه ء ل ي ء ي ي ب ل و ب ل ي و ل ي ي م ن	kw:oath(82.0071); kw:pledge(56.2768); kw:swearing(48.1671); kw:vow(32.1114); kw:commitment(28.1384); kw:service(27.1003); kw:alliance(26.8781); kw:testimony(26.5662)	ب ل و:B004:إبلاء العذر واليمين → ب ل ي:B005:إبلاء اليمين عرضها للاطمئنان أو الاختبار
C350	0.6761	joining / time_measure_quantity/quantity_number / entirety / retaliation	20	12	13	18	0.06318281	0.2338	1.0	0.6667	7,8,27,39,45,48,50,51,64,69,80,83,105,110,117,121,131,134,147,157	ء ص ل ء ل ف ب ع ض ج ز ي ج م ع ش ي ع ط ر ف ط و ف ق ر ن ك ت ب ك ل ل ل ف ي	kw:joining(56.2768); theme:time_measure_quantity/quantity_number(47.0877); kw:entirety(31.7301); kw:retaliation(30.4895); kw:totality(30.2314); kw:connection(27.8525); kw:union(27.8525); kw:aggregation(27.8525)	ج م ع:B001:ضم المتفرق حتى يصير شيئا مجموعا → ء ل ف:B002:ضم الشيء إلى الشيء والتأليف
C351	0.676	eye / envy / cognition_perception/perception / vision	17	9	17	37	0.06058883	0.3274	0.8649	0.5676	14,19,43,45,48,55,57,73,75,86,88,98,102,105,113,125,136	د ع و د م ر ر ء ي ر و د ط ر ف ع ي ن ن ظ ر ن ع م ن ف س	kw:eye(83.8128); kw:envy(50.3071); theme:cognition_perception/perception(49.4142); kw:vision(46.8248); kw:gaze(41.1882); kw:presence(40.6505); kw:organ(39.0107); kw:perception(38.0967)	ع ي ن:B004:الإصابة بالعين → ن ف س:B003:إصابة العين بالنفس
C352	0.676	delay / time_measure_quantity/time / pause / stay	41	12	15	18	0.06266797	0.1765	1.0	0.7778	1,5,11,14,19,22,24,30,31,40,57,73,74,81,84,85,87,88,95,99,100,102,111,115,118,122,124,126,128,132,142,144,149,160,161,164,165,169,171,180,182	ء ر ض ء ي ي ر ب ب ص ف ف ع ب د ق و م ل ب ث ل ز ب ل و م ن ظ ر ن و م و ق ف	kw:delay(63.0508); theme:time_measure_quantity/time(48.0113); kw:pause(47.0731); kw:stay(44.9833); kw:motion(44.6396); kw:hesitation(43.7155); kw:permanence(41.1882); kw:residence(37.8305)	ق و م:B016:جمود ووقوف وكلال → ن و م:B009:سكون الأشياء ودوام الماء
C353	0.6759	rain / fertility / ecology / weather	26	16	17	35	0.05987619	0.2593	0.9714	0.5429	5,16,25,28,41,42,46,53,58,59,68,86,88,90,93,112,116,117,146,150,151,157,172,174,178,180	ء ت ي ء ر ض ء ف ك ء ن ث ر ج ع ر ز ق ش ر ب ض ر ب ع ز ز ك ر م م و ت ن ب ء ن ب ت ن ج م ن ص ر و ل ي	kw:rain(82.932); kw:fertility(74.4772); kw:ecology(71.6169); kw:weather(47.4318); kw:land(45.5656); kw:water(42.3686); kw:growth(42.1427); kw:agriculture(41.0786)	ء ر ض:B002:الأرض اللينة المنبتة → ء ن ث:B004:الأرض السهلة الخصبة
C354	0.6756	pride / majority / honor / hierarchy	27	10	17	29	0.06587834	0.2417	0.931	0.6897	6,8,16,18,22,35,40,53,60,71,74,76,81,85,95,107,111,113,115,122,128,132,135,160,161,169,171	د خ ر د ن و ع ب د ع ج ز ع ظ م ع ل و ك ب ر ك ث ر ك و ك ب ن ف س	kw:pride(54.2007); kw:majority(52.326); kw:honor(45.8825); kw:hierarchy(43.4607); kw:arrogance(41.9894); theme:time_measure_quantity/measurement(33.8108); kw:oldness(33.5381); kw:greatness(33.5381)	ك ب ر:B004:كبر السن والقدم → ع ج ز:B003:كبر وقدم حتى يسمى عجوزا
C355	0.6755	bird / animal_life/wildlife / plumage / ornithology	28	11	11	11	0.06300377	0.2	1.0	0.7273	7,12,26,29,30,36,37,41,43,46,49,57,67,75,78,79,87,94,108,113,119,129,142,147,158,164,170,182	ء ل ف ب ر ك ب ل ل ب ي ض ت ر ك ح م م ح و ت ز ف ف ع ل م م ر د ن ع م	kw:bird(82.1033); theme:animal_life/wildlife(44.8111); kw:plumage(33.004); kw:ornithology(31.0619); kw:egg(30.7655); kw:ostrich(30.2314); kw:softness(24.6862); kw:sound(20.5499)	ت ر ك:B008:بيضة متروكة وما يشبهها → ب ي ض:B003:البَيْضة وبيض الطائر
C356	0.6755	reptile / snake / haunting / whale	18	10	11	10	0.06585776	0.1852	1.0	0.9	2,7,10,19,23,36,43,47,55,64,65,68,84,97,142,158,163,173	ء ص ل ت ب ع ج ح م ج ن د ج ن ن ح و ت ز ج ر ش ط ن غ و ل ق ل ب	kw:reptile(57.219); kw:snake(56.8924); kw:haunting(38.5491); kw:whale(35.7766); kw:viper(34.1547); kw:serpent(31.7301); kw:fish(31.3821); theme:ritual_belief/belief_revelation(31.0019)	ز ج ر:B003:الزجر من السمك → ح و ت:B001:الحوت من السمك
C357	0.6754	marriage / family / household / spouse	23	12	17	33	0.06014147	0.2598	0.9091	0.697	8,22,33,36,37,51,68,72,76,78,87,108,113,119,123,129,133,134,139,147,150,171,181	ء ه ل ب ر ك ت ر ك ج م ع ج ن ب ر ج ع ر س ل ز و ج ش ر ك ظ ن ن ق ر ن م ل ك	kw:marriage(124.8824); kw:family(68.4655); kw:household(59.7372); kw:spouse(58.2873); kw:gender(52.8701); kw:woman(46.9162); kw:companion(44.0082); kw:union(41.7788)	ز و ج:B002:زوج النكاح → ر ج ع:B004:رجعة المرأة في النكاح والأهل
C358	0.6754	grammar / language_communication/writing_text / command / alphabet	39	11	13	12	0.06122213	0.1579	1.0	0.9167	5,8,12,14,15,20,21,23,26,29,30,31,36,37,48,57,60,61,64,78,84,87,91,94,99,100,106,108,119,126,129,140,144,147,148,149,168,180,182	ء ل ف ء ل ي ء ي ي ب ل ل ت ر ك خ ر ج ر ب ب ع ل و ع ن د ه ا ء و ه ب	kw:grammar(76.5503); theme:language_communication/writing_text(60.506); kw:command(56.2768); kw:alphabet(52.326); kw:alif(36.9273); kw:preposition(36.9273); kw:imperative(34.884); kw:linguistics(33.5381)	ء ل ف:B006:الألف حرف من حروف الهجاء → ه ا ء:B006:الهاء حرف هجاء
C359	0.6754	submission / humility / obedience / body_health_life/mortality_death	40	10	11	11	0.05313966	0.2037	1.0	0.8182	3,16,21,22,28,29,30,32,35,39,40,42,47,51,53,57,58,59,60,73,74,81,85,95,103,111,116,117,122,128,132,141,143,157,160,161,167,169,170,171	ء ت ي ت ل و ج ب ن ع ب د ف و ز ك ر م ك ف ر ك و ن م و ت ن ز ف	kw:submission(80.963); kw:humility(58.6776); kw:obedience(26.5662); theme:body_health_life/mortality_death(22.7484); kw:death(22.3769); kw:body(21.8004); kw:religion(21.6711); kw:decisiveness(19.2746)	ك و ن:B004:الخضوع بالاستكانة → ك ف ر:B014:خضوع متطامن
C360	0.6753	name / tribe / clan / ethnicity	35	15	17	25	0.0566885	0.188	1.0	0.88	5,6,22,28,34,40,74,81,85,93,95,97,100,102,106,111,112,122,128,132,135,138,143,146,149,150,153,159,160,161,166,169,171,173,180	ء ن ث ب ل و ب ل ي ب ن ي ج ر م ج ن د س ب ح س م و ص ل ح ع ب د ع ج ز ع ز ز ل ي ل ن ب ت ي م ن	kw:name(76.0563); kw:tribe(71.3809); kw:clan(65.6923); kw:ethnicity(44.0082); kw:lineage(43.3422); kw:genealogy(36.9363); kw:identity(36.9072); kw:mecca(35.7766)	ب ل و:B008:اسم حي ونسبة → ب ل ي:B007:بلي اسم حي والنسبة بلوية
C361	0.6753	cycle / calendar / time / night	25	12	14	21	0.0555786	0.236	1.0	0.7143	11,20,21,26,27,30,34,35,44,50,55,71,73,85,94,115,118,124,138,144,148,149,164,174,178	ج ر م ح ي ن س ر ر س و ي ش د د ع ق ب ف ت ي ق ب ل ق و م ك ب ر ل ي ل ي و م	kw:cycle(85.3486); kw:calendar(60.5377); kw:time(54.0886); kw:night(46.9162); kw:shadow(44.6404); kw:daytime(35.7766); kw:zenith(35.7766); theme:time_measure_quantity/sequence_cycle(34.8771)	ش د د:B005:شد النهار وارتفاعه → ك ب ر:B013:أكبر النهار
C362	0.6752	animal_life/wildlife / insect / egg / vermin	20	9	12	13	0.05783886	0.2097	1.0	0.9231	5,7,8,22,27,36,46,49,50,57,63,77,78,98,108,113,119,127,129,158	ء ر ض ب ع ض ب ي ض ت ر ك ج ع ل ح ش ر ح ض ر ذ ر ر ك ل ل	theme:animal_life/wildlife(58.2544); kw:insect(55.4339); kw:egg(30.7655); kw:vermin(30.4895); kw:pest(29.9889); kw:smallness(26.185); kw:whiteness(23.9988); kw:earth(22.7828)	ت ر ك:B008:بيضة متروكة وما يشبهها → ب ي ض:B003:البَيْضة وبيض الطائر
C363	0.6752	enjoyment / selection / possession / legacy	23	10	12	11	0.06004539	0.1719	1.0	1.0	12,16,36,40,42,53,60,70,74,76,77,78,107,108,115,119,128,129,148,153,160,169,180	ء ث ر ب ق ي ت ر ك خ ل ص ص ف و ع ج ب ع ز ز ع ظ م ف ك ه م ت ع	kw:enjoyment(48.7992); kw:selection(41.3787); kw:possession(36.6655); kw:legacy(34.1547); kw:exclusivity(32.5328); kw:preference(29.1436); kw:mercy(27.3357); kw:preservation(25.8369)	ت ر ك:B002:إبقاء الأثر بعد الترك → ب ق ي:B003:الإبقاء عفوا واستحياء
C364	0.6752	oath / ritual_belief/belief_revelation / pledge / monotheism	50	12	12	10	0.05523826	0.1515	1.0	0.9	4,5,8,14,17,19,23,28,29,31,33,35,36,40,56,57,69,74,81,83,84,85,86,87,91,93,94,96,99,100,102,104,109,111,122,125,126,128,132,140,144,147,148,149,152,159,160,169,180,182	ء ب و ء ل ه ء ل ي ء م ن ء ي ي ب ر ه م ب ع ل ر ب ب ش ر ك ع ل و و ح د ي م ن	kw:oath(54.6714); theme:ritual_belief/belief_revelation(46.5028); kw:pledge(42.2076); kw:monotheism(35.7766); kw:dominion(34.884); kw:invocation(34.1547); kw:deity(32.5328); kw:swearing(32.1114)	ي م ن:B003:يمين الحلف → ء ل ي:B007:اليمين والحلف
C365	0.6749	watering / group / consumption / husbandry	33	12	17	32	0.05924352	0.256	0.9375	0.6562	5,27,30,31,44,45,46,47,50,57,71,75,84,85,87,94,99,100,104,113,115,118,124,126,127,134,137,149,158,164,177,180,182	ج م ع ح ض ر ر ب ب ش ر ب ص ب ح ق ب ل ق و م ك ء س ن د و ن د ي ن ز ف ن ف س	kw:watering(68.9644); kw:group(48.542); kw:consumption(48.3198); kw:husbandry(45.1864); kw:water(42.3686); kw:liquid(37.8305); kw:tribe(35.6904); kw:community(33.7254)	ن د و:B006:تندية الإبل والخيل بين الماء والمرعى → ن د ي:B004:تندية الإبل والخيل بين الماء والمرعى
C366	0.6748	nourishment / mixture / sweetness / drink	32	12	17	33	0.05842511	0.2538	0.9091	0.6364	5,9,10,17,31,33,38,40,46,49,57,59,67,71,74,82,84,87,93,99,100,113,126,128,149,150,160,168,169,176,180,182	ء و ل ب ي ض خ ل ص ر ب ب ش ر ب ش ه ب ش ه د ش و ب ض ر ب ع ذ ب غ ر ق ن ف س	kw:nourishment(64.3861); kw:mixture(62.033); kw:sweetness(55.4339); kw:drink(52.9349); kw:liquid(50.4406); kw:draught(49.5059); kw:honey(44.0082); theme:craft_material_built/substance_texture(39.6462)	ش ه ب:B006:لبن أرقه الماء → ش و ب:B001:خلط شيء بشيء
C367	0.6748	agriculture_food/plant_vegetation / growth / fruit / palm	28	16	17	32	0.06032532	0.237	0.9688	0.625	5,28,36,42,43,54,55,62,63,64,65,66,71,77,84,88,91,98,101,102,112,113,117,134,146,157,158,170	ء ت ي ء ك ل ء م ر ب ش ر ج ع ل ج م ع ج ن ن ذ ر ر ش ج ر ش ر ق ط ل ع ق ل ب ك ث ر ك ر م ك ف ر ن ج م	theme:agriculture_food/plant_vegetation(74.0829); kw:growth(73.7497); kw:fruit(69.7037); kw:palm(68.2325); kw:tree(56.576); kw:sunrise(51.232); kw:emergence(49.8887); kw:dawn(42.434)	ط ل ع:B001:طلوع النير وموضعه → ن ج م:B002:الطالع الظاهر
C368	0.6747	family / parent / lineage / ancestry	34	15	17	29	0.05752686	0.2164	1.0	0.6897	5,7,8,16,17,30,31,45,48,53,57,58,59,67,69,73,84,85,87,90,97,99,100,102,113,126,135,149,152,153,156,158,180,182	ء ب و ب ر ك ب ن ي ح م م د ب ر ر ب ب س ل ط ط ر ف ع ج ز ع ق ب ع ي ن ك ل ل م و ت ن س ب و ل د	kw:family(79.8764); kw:parent(65.0657); kw:lineage(65.0133); kw:ancestry(57.9151); kw:inheritance(52.7421); kw:offspring(49.7565); kw:kinship(47.6209); kw:child(42.434)	ر ب ب:B002:إصلاح وتربية وإتمام → ء ب و:B001:الأبوة والتربية
C369	0.6747	smoothness / terrain / geology / landscape	24	14	15	22	0.05970613	0.2115	1.0	0.7727	1,5,7,8,11,15,30,46,49,55,96,102,103,106,113,117,125,145,150,153,156,158,165,173	ب ي ض ب ي ن ت ل ل ج ن د خ ل ق س و ي ص ب ر ص ف ف ص ف و ط غ و ط غ ي ع ر ي ق ذ ف م ر د	kw:smoothness(90.724); kw:terrain(86.3353); kw:geology(82.2652); kw:landscape(62.1257); kw:hardness(61.873); kw:elevation(58.9962); kw:rock(56.5787); kw:surface(56.1193)	ط غ ي:B005:الطغية الصفاة الملساء → ط غ و:B006:الطغية الصفاة أو الموضع المرتفع
C370	0.6747	worship / ritual_belief/religion_worship / devotion / prayer	42	9	12	12	0.06279343	0.1935	1.0	0.75	4,7,22,23,25,27,35,36,40,44,50,56,71,74,81,85,86,90,91,94,95,96,102,107,111,116,122,126,128,132,143,152,159,160,161,163,166,169,171,172,180,182	ء ل ه ح ف ظ د ب ر ذ ب ح س ب ح ص ل ي ع ب د ق ب ل ن ص ر	kw:worship(112.8598); theme:ritual_belief/religion_worship(76.8416); kw:devotion(53.335); kw:prayer(41.1882); kw:conversion(33.004); kw:religion(32.5067); kw:theology(29.3388); kw:submission(26.9877)	س ب ح:B001:العبادة بالتسبيح والصلاة → ص ل ي:B001:الصلاة عبادة لازمة
C371	0.6746	birth / child / reproduction / offspring	35	14	17	30	0.05668299	0.2308	1.0	0.7	3,5,13,16,27,31,44,50,53,57,58,59,71,73,84,87,94,97,99,100,101,102,112,113,126,135,145,149,150,152,153,155,168,180,182	ء ن ث ب ر ك ب ش ر ب ن ي ذ ك ر ر ب ب ش ه د ع ج ز ع ق ب ق ب ل م و ت ن ب ذ ن ف س و ل د	kw:birth(61.873); kw:child(56.5787); kw:reproduction(50.9932); kw:offspring(49.7565); kw:parent(48.7992); kw:kinship(38.0967); theme:body_health_life/reproduction_birth(36.1194); kw:descendant(34.884)	ذ ك ر:B001:الذكر خلاف الأنثى → ء ن ث:B001:الأنثى خلاف الذكر
C372	0.6746	residue / remainder / remnant / balance	15	10	13	20	0.05850561	0.2667	1.0	0.6	3,64,70,73,77,78,82,90,103,108,119,129,135,136,148	ء ث ر ء خ ر ب ق ي ت ل ل ت ل و خ ر ج د ب ر ع ق ب غ ب ر م ت ع	kw:residue(88.5234); kw:remainder(70.346); kw:remnant(63.6014); kw:balance(39.5566); kw:trace(37.1238); kw:obligation(33.8345); kw:enjoyment(32.5328); kw:persistence(25.5168)	ت ل و:B003:بقية تتلو ما قبلها → ت ل ل:B010:التلة بقية دين
C373	0.6746	misguidance / evil / religion / error	29	12	14	17	0.06086091	0.191	1.0	0.8235	7,22,23,30,32,40,47,63,65,69,71,74,81,85,95,99,100,103,111,112,118,122,128,132,160,161,162,169,171	ت ل ل ش ط ن ص ل ح ض ل ل ط غ و ط غ ي ع ب د غ و ل غ و ي ف ت ن م ر د ه د ي	kw:misguidance(68.3094); kw:evil(66.6687); kw:religion(43.3422); kw:error(40.6505); kw:worship(37.6199); kw:wickedness(35.7766); kw:morality(35.1186); kw:devil(34.884)	ط غ ي:B003:الطاغوت رأس الضلالة → ط غ و:B003:الطاغوت رأس الضلالة والطغيان
C374	0.6746	sword / blade / conflict_security/weaponry / whiteness	15	11	12	15	0.05770349	0.2308	1.0	0.8	23,45,46,47,49,57,65,70,93,102,113,118,127,150,158	ء ث ر ء ن ث ب ر ك ب ي ض ح ض ر ر ء س ص ب ر ص ر ط ض ر ب ط و ف غ و ل	kw:sword(65.0179); kw:blade(53.1324); theme:conflict_security/weaponry(44.5831); kw:whiteness(35.9982); theme:conflict_security/violence_warfare(29.1167); kw:weaponry(25.6736); kw:bird(23.4581); kw:tool(21.2)	ب ي ض:B003:البَيْضة وبيض الطائر → ب ر ك:B008:طير ماء أبيض
C375	0.6745	pus / discharge / body_health_life/disease_injury / afterbirth	21	10	12	12	0.0610713	0.1875	1.0	0.9167	5,9,27,33,37,38,44,50,57,59,64,71,84,94,113,125,127,134,150,158,176	ء ر ض ج م ع ج ي ء ح ض ر خ ر ج ش ه د ع ذ ب ق ب ل ن ف س و ذ ر	kw:pus(64.2228); kw:discharge(55.1716); theme:body_health_life/disease_injury(53.7985); kw:afterbirth(53.6648); kw:abscess(49.5059); kw:birth(49.4984); kw:wound(49.1262); kw:pathology(48.6555)	ج ي ء:B003:جائية الجراح → ح ض ر:B008:اجتماع الفضلات في الجرح والسلى
C376	0.6744	milk / husbandry / yield / udder	21	15	17	31	0.05799367	0.2313	0.9355	0.7742	1,2,10,19,21,28,42,68,93,106,113,127,137,148,152,153,165,174,177,178,180	ب ر ك ب ل و ب ل ي ث ق ب ح ي ن ر ج ع ز ج ر ص ب ح ص ف ف ص ف و ض ر ب ع ز ز ف ك ه ك ذ ب ي م ن	kw:milk(80.4365); kw:husbandry(56.483); kw:yield(45.7343); kw:udder(39.7012); kw:livestock(38.1273); kw:camel(37.0667); kw:dairy(36.6655); kw:death(33.5654)	ب ل و:B005:بلية القبر والراحلة → ب ل ي:B006:البلية ناقة القبر الجاهلية
C377	0.6743	arrow / land_water_sky/fire_heat / heat / blaze	33	14	17	29	0.05937869	0.2197	1.0	0.6897	5,10,23,31,49,54,55,57,63,64,65,66,67,68,84,87,90,91,93,97,99,100,102,112,126,141,149,162,163,174,178,180,182	ء ك ل ج ح م ح م م د ب ر ر ب ب س ه م ش ه ب ض ر ب ط ل ع ف ت ن ك ن ن م ع ع ن ب ء و ل ي	kw:arrow(75.8772); theme:land_water_sky/fire_heat(56.6956); kw:heat(55.1015); kw:blaze(42.9143); kw:archery(41.1882); kw:weather(37.9455); kw:rain(35.5423); kw:fire(34.1742)	ط ل ع:B010:سهم يطلع فوق الغرض → د ب ر:B018:دبر السهم الهدف
C378	0.6743	sale / contract / partnership / economy_property/commerce_exchange	21	13	13	12	0.06266135	0.1538	1.0	1.0	21,24,33,36,62,68,69,78,83,90,97,108,113,119,129,145,159,174,177,178,180	ب ر ك ت ر ك ر ج ع ش ر ك ش ي ع ف ص ل ل ف ي ل ق ي ن ب ذ ن ز ل و ص ف و ق ف و ل ي	kw:sale(55.1716); kw:contract(49.2484); kw:partnership(46.1482); theme:economy_property/commerce_exchange(39.9715); kw:exchange(32.7314); kw:property(32.081); kw:commerce(31.2388); kw:separation(30.8249)	و ل ي:B014:تولية البيع → و ص ف:B002:بيع الشيء على صفة لا على رؤية
C379	0.6742	sound / voice / cognition_perception/perception / summons	19	13	17	29	0.06170093	0.2214	0.9655	0.7931	3,8,10,14,34,37,68,70,72,75,104,112,123,133,139,147,163,171,181	ء ث ر ء ي ي ت ب ع ت ل و ج ر م ر ج ع ر س ل س ب ق س م ع ص ل ي ن ب ء ن د و ن د ي	kw:sound(92.4746); kw:voice(74.8331); theme:cognition_perception/perception(52.7085); kw:summons(44.9833); kw:following(43.7155); kw:music(41.9894); kw:call(41.0035); kw:pursuit(37.4165)	ت ل و:B001:اتباع وتتابع → ت ب ع:B001:التلو والقفو
C380	0.6742	consumption / understanding / water / drink	14	8	15	27	0.05683146	0.3068	0.9259	0.6667	8,9,11,33,38,45,46,47,59,113,137,149,176,177	س م ع ش ر ب ص ب ح ع ذ ب ف ت ي ك ء س ن ز ف ن ف س	kw:consumption(48.3198); kw:understanding(47.5952); kw:water(42.3686); kw:drink(39.7012); kw:liquid(37.8305); kw:draught(33.004); kw:vessel(32.29); kw:cup(29.544)	ش ر ب:B001:تناول المائع → ن ف س:B006:نفس الشرب وجرعته
C381	0.6742	family / lineage / kinship / inheritance	35	13	15	19	0.05790981	0.1845	1.0	0.8421	5,7,8,17,21,22,31,40,57,59,66,67,71,74,76,84,87,90,99,100,126,128,134,141,144,149,152,158,160,168,169,174,178,180,182	ء ه ل ء و ل ب ط ن ح م م خ ل ص ر ب ب ز و ج س ه م ف ص ل ك ل ل ن س ب و ل د و ل ي	kw:family(102.6983); kw:lineage(54.1778); kw:kinship(47.6209); kw:inheritance(39.5566); kw:household(35.8423); kw:affinity(31.7301); kw:society(31.1678); theme:kinship_society/family(31.0976)	ء و ل:B003:آل الرجل من يرجع إليهم ويرجعون إليه → ء ه ل:B001:جماعة القرب والانتماء
C382	0.6742	prevention / restraint / reform / restriction	27	11	12	11	0.06437138	0.1692	1.0	0.9091	8,9,22,23,28,33,38,48,56,59,63,68,91,93,94,99,103,113,117,134,140,144,147,148,154,157,176	ء ت ي ء ل ي ت ل ل ج م ع ح ك م ر ج ع ر د ي ض ر ب ظ ل م ع ذ ب ق ص ر	kw:prevention(77.7634); kw:restraint(43.7032); kw:reform(33.004); kw:restriction(32.1114); kw:abstention(30.4895); kw:detention(28.9576); kw:denial(28.4462); theme:condition_force_change/control_restraint(27.3256)	ع ذ ب:B003:الكف والمنع والفطام عن الشيء → ض ر ب:B004:القبض عن الشيء والكف
C383	0.674	reproduction / sexuality / mating / fertility	28	13	13	17	0.06092807	0.2179	0.9412	0.7059	5,6,14,28,31,37,55,63,66,68,72,77,93,98,101,102,105,117,123,133,134,139,144,147,157,158,171,181	ء ت ي ب ط ن ج ع ل ج م ع ح ق ق د ن و ر ء ي ر ج ع ر س ل س م و س و ي ض ر ب غ ل م	kw:reproduction(71.3905); kw:sexuality(63.9178); kw:mating(55.7051); kw:fertility(53.198); kw:pregnancy(51.8423); theme:body_health_life/reproduction_birth(48.1592); kw:husbandry(45.1864); kw:desire(33.8898)	ر ء ي:B010:ظهور حمل الناقة أو الشاة → ر ج ع:B013:راجع الناقة وحملها
C384	0.6739	honor / sight / observation / eye	30	11	17	29	0.06282672	0.2283	0.931	0.7241	3,7,13,14,19,30,31,37,42,43,45,48,55,57,69,71,73,75,85,88,102,105,115,118,124,155,164,168,175,179	ب ص ر ح ف ظ ح ق ق ذ ك ر ر ء ي ض ل ل ع ي ن ق و م ك ر م ن ظ ر ن ع م	kw:honor(80.2944); kw:sight(71.1156); kw:observation(58.6776); kw:eye(47.893); kw:vision(46.8248); kw:guardianship(45.3471); theme:cognition_perception/perception(42.8257); kw:gaze(41.1882)	ر ء ي:B001:رؤية العين والبصيرة → ب ص ر:B001:إبصار العين
C385	0.6738	parent / offspring / family / child	37	14	16	28	0.05637914	0.2393	0.9643	0.6429	3,5,7,8,16,17,21,22,31,35,53,57,58,59,69,73,78,82,84,85,87,97,99,100,102,108,113,119,126,129,135,136,149,152,153,180,182	ء ب و ء خ ر ب ر ك ب ن ي ت ل و ر ب ب ز و ج ع ج ز ع ق ب ف ص ل ك ب ر ك ل ل م و ت و ل د	kw:parent(65.0657); kw:offspring(62.1956); kw:family(57.0546); kw:child(56.5787); kw:inheritance(52.7421); kw:mother(45.7343); kw:marriage(45.4118); kw:heir(35.7766)	ء ب و:B001:الأبوة والتربية → و ل د:B002:أبوان من جهة الولادة
C386	0.6738	purity / emotion_ethics/trust_loyalty / friendship / affection	19	10	14	21	0.05971159	0.25	1.0	0.7143	34,37,40,44,46,52,66,67,74,84,105,128,144,153,157,159,160,169,180	ب ط ن ج ر م خ ل ص س ر ر ش ر ب ش و ب ص د ق ص ف و ق ل ب و ص ف	kw:purity(59.4841); theme:emotion_ethics/trust_loyalty(51.8103); kw:friendship(46.1482); kw:affection(42.9143); kw:essence(42.2076); kw:color(40.9676); kw:clarity(39.1426); kw:trust(37.4165)	خ ل ص:B007:صفاء مودة وخاصّة → ص ف و:B004:مصافاة المودة والإخاء
C387	0.6736	plant / growth / agriculture_food/plant_vegetation / ecology	42	15	17	38	0.05870283	0.2836	0.7368	0.5263	5,8,23,26,28,31,36,43,48,54,55,57,62,64,65,79,84,87,88,91,94,99,100,103,109,117,120,126,130,140,144,146,147,148,149,150,157,158,163,180,181,182	ء ت ي ء ر ض ء ل ي ء ن ث ج ن ن ر ب ب س ل م ش ج ر ش ع ر ص ل ي ط ر ف ط ل ع ق ط ن ن ب ت ن ج م	kw:plant(120.5319); kw:growth(84.2854); theme:agriculture_food/plant_vegetation(74.0829); kw:ecology(71.6169); kw:fertility(53.198); kw:agriculture(41.0786); kw:emergence(37.4165); kw:vegetation(34.3516)	ش ع ر:B002:نبات كثيف كالشَّعر → ش ج ر:B001:الشجر ذو الساق
C388	0.6736	trial / health / recovery / decay	24	10	17	30	0.06372115	0.2381	1.0	0.6	8,11,12,26,29,30,31,37,38,61,63,68,79,84,96,103,106,109,120,125,130,150,162,181	ب ل ل ب ل و ب ل ي خ ل ق ذ و ق ر ج ع س ل م ع ل و ف ت ن م ث ل	kw:trial(86.8727); kw:health(71.8395); kw:recovery(67.4691); kw:decay(58.9962); kw:ordeal(54.4326); theme:body_health_life/health_medicine(54.2076); kw:examination(49.5059); kw:test(49.5059)	ب ل و:B001:البلى والاهتراء → ب ل ي:B001:البلى والخلق من الاستعمال
C389	0.6736	selection / preference / choice / quality	12	7	14	20	0.06389386	0.2469	1.0	0.8	1,40,61,62,70,74,84,128,153,160,165,169	ء ث ر خ ل ص خ ي ر ص ف ف ص ف و ق ل ب م ث ل	kw:selection(110.3431); kw:preference(58.2873); kw:choice(54.4326); kw:quality(37.3173); kw:purity(35.6904); kw:sincerity(34.884); kw:exclusivity(32.5328); kw:friendship(30.7655)	خ ل ص:B007:صفاء مودة وخاصّة → ص ف و:B004:مصافاة المودة والإخاء
C390	0.6735	gambling / arrow / conflict_security/weaponry / lot	27	11	13	14	0.06184158	0.1842	0.8571	1.0	5,8,30,31,49,51,54,55,57,63,65,73,77,84,87,90,98,99,100,113,126,141,149,156,158,180,182	ج ع ل د ب ر ر ب ب س ل ط س ه م ط ل ع ع ق ب ع ل و ق ر ن ك ن ن ن ف س	kw:gambling(77.6548); kw:arrow(75.8772); theme:conflict_security/weaponry(49.0415); kw:lot(43.1696); kw:hunting(36.2398); kw:weapon(34.5965); kw:overshoot(34.1547); kw:storage(32.5956)	ط ل ع:B010:سهم يطلع فوق الغرض → د ب ر:B018:دبر السهم الهدف
C391	0.6734	language_communication/communication / message / dispatch / communication	19	9	13	14	0.05961481	0.1892	1.0	0.9286	8,16,37,54,55,65,68,72,73,102,112,123,133,139,144,147,171,177,181	ب ع ث ب ل غ ر ج ع ر س ل س م ع ش ي ء ط ل ع ن ب ء ن ذ ر	theme:language_communication/communication(52.4934); kw:message(47.5952); kw:dispatch(46.5929); kw:communication(43.0941); kw:mediation(41.1882); kw:misfortune(39.1426); kw:notification(33.5381); kw:envoy(33.004)	س م ع:B011:سَمْع لا بَلَغ → ب ل غ:B009:سماع المكروه بلا بلوغ
C392	0.6734	distance / remoteness / travel / space	22	11	11	9	0.05897319	0.1636	1.0	1.0	5,7,8,9,15,39,47,48,61,65,93,96,106,113,117,140,143,156,158,159,166,180	ب ي ن س ب ح ش ح ن ش ط ن ض ر ب ع م ل غ و ل ق ذ ف ق ص ر ن ف س و ص ب	kw:distance(84.7527); kw:remoteness(69.6314); kw:travel(44.1154); kw:space(31.5315); kw:roaming(30.7655); kw:breadth(28.1384); kw:depth(27.8525); kw:expanse(27.2163)	ب ي ن:B006:بعد المسافة واتساع الفجوة → ش ط ن:B001:البعد والانقطاع
C393	0.6733	ritual_belief/belief_revelation / religion / monotheism / submission	46	10	12	10	0.058551	0.1562	1.0	0.9	4,5,19,20,21,22,23,29,31,33,35,36,40,53,56,57,74,81,84,85,86,87,91,95,96,99,100,102,111,122,126,128,132,143,148,149,152,159,160,161,166,169,170,171,180,182	ء ل ه ء م ن د ي ن ر ب ب س ب ح ش ر ك ع ب د ف ص ل ك ف ر و ح د	theme:ritual_belief/belief_revelation(81.3799); kw:religion(54.1778); kw:monotheism(53.6648); kw:submission(40.4815); kw:obedience(39.8493); kw:worship(37.6199); kw:transcendence(35.7766); theme:ritual_belief/religion_worship(29.8828)	د ي ن:B001:الطاعة والانقياد → ع ب د:B003:العبادة والطاعة الخاضعة
C394	0.6732	power / authority / victory / conquest	39	15	17	24	0.06528687	0.1791	0.9583	0.75	8,11,22,26,28,30,35,40,74,79,81,84,85,90,93,95,102,103,109,111,114,116,120,122,128,130,132,137,150,156,160,161,169,171,173,174,178,180,181	ء م ر س ل ط س ل م ش د د ص ب ر ع ب د ع ز ز ع ل و غ ل ب ك ب ر م ر ر م ل ك م ن ن و ل ي ي م ن	kw:power(131.1095); kw:authority(73.3997); kw:victory(69.2923); kw:conquest(60.9791); kw:strength(45.3359); theme:law_governance/authority_governance(41.6993); kw:dominance(40.8244); kw:politics(39.4154)	غ ل ب:B001:قوة تقهر وتغلب → ع ز ز:B002:الغلبة والقهر
C395	0.6731	likeness / counterpart / peer / comparison	19	11	17	34	0.06160148	0.2833	0.9412	0.6176	4,8,9,19,22,30,33,38,59,61,73,76,83,88,93,102,115,134,176	ز و ج س م ع ش ي ع ض ر ب ط غ و ع ذ ب ع ق ب م ث ل ن ج و ن ظ ر و ح د	kw:likeness(70.7234); kw:counterpart(69.6314); kw:peer(60.9791); kw:comparison(51.1888); kw:punishment(46.3827); kw:similarity(46.1482); kw:representation(46.1482); kw:analogy(44.9833)	ع ذ ب:B005:العذاب إيلام وعقوبة → ع ق ب:B007:العقوبة بعد الذنب
C396	0.673	proximity / action / event / nearness	49	16	17	26	0.06149549	0.1926	1.0	0.6154	6,16,21,22,23,28,29,30,32,34,35,36,39,48,51,53,56,57,61,63,64,67,70,73,76,77,78,86,90,96,98,102,108,115,116,119,127,129,141,143,152,157,158,167,168,169,174,178,180	ء ث ر ء ص ل ت ر ك ج ع ل ح م م د ن و د و ن ع ز ز ع م ل ع ن د ف ع ل ك ذ ب ك ر ب ك و د ك و ن و ل ي	kw:proximity(84.3691); kw:action(57.9151); kw:event(54.9176); kw:nearness(52.1902); kw:adjacency(47.0731); kw:relation(45.8825); kw:aspect(45.7343); kw:space(42.0421)	ج ع ل:B004:الشروع في الفعل أو ملازمته → ء ص ل:B006:أصل يفعل
C397	0.6729	urgency / haste / speed / travel	33	15	17	28	0.0578968	0.209	1.0	0.7143	8,22,40,56,57,70,74,76,81,85,86,93,94,95,98,99,102,111,115,122,127,128,132,143,158,159,160,161,166,169,171,176,180	ح ض ر ذ ه ب ر د ي ر و د ز ف ف س ب ح س ب ق س ع ي ش ي ء ض ر ب ع ب د ع ج ل ق ذ ف ك ر ب ه ر ع	kw:urgency(70.346); kw:haste(65.9276); kw:speed(56.8604); kw:travel(52.9385); kw:intention(50.1599); kw:will(49.5059); kw:volition(48.1671); kw:running(41.0035)	ر و د:B001:الإرادة والمشيئة → ش ي ء:B002:المشيئة المتعلّقة بالشيء
C398	0.6729	time_measure_quantity/quantity_number / joining / attachment / unit	20	11	14	21	0.05931861	0.2386	0.9524	0.7143	4,7,8,19,23,27,50,51,69,91,94,99,117,134,140,144,147,148,157,171	ء ل ف ء ل ي ب ع ض ج م ع ع ل و ق ر ن ك ت ب ك ل ل ك ل م ل ف ي و ح د	theme:time_measure_quantity/quantity_number(72.7719); kw:joining(70.346); kw:attachment(37.1238); kw:unit(32.1114); kw:entirety(31.7301); kw:semantics(31.3821); kw:inclusion(30.4895); theme:language_communication/writing_text(30.253)	ج م ع:B001:ضم المتفرق حتى يصير شيئا مجموعا → ء ل ف:B002:ضم الشيء إلى الشيء والتأليف
C399	0.6728	sound / voice / cognition_perception/perception / expulsion	23	14	15	21	0.06316059	0.2019	1.0	0.7619	2,8,9,19,34,41,67,68,72,73,75,79,87,94,104,112,138,140,158,164,170,177,182	ج ر م ح م م د ح ر ر ج ع ز ج ر ز ف ف س م ع ش ح ن ع ق ل ع ل م ن ب ء ن د و ن د ي ن ذ ر	kw:sound(82.1996); kw:voice(62.3609); theme:cognition_perception/perception(42.8257); kw:expulsion(42.434); kw:exclusion(41.7788); kw:call(41.0035); theme:language_communication/communication(34.9956); kw:knowledge(33.6183)	د ح ر:B001:الطرد والإبعاد → ش ح ن:B003:الطرد والإبعاد
C400	0.6728	limit / attainment / completion / endpoint	24	10	14	20	0.06010675	0.2326	0.95	0.75	8,23,24,32,42,48,67,80,86,91,94,99,102,105,110,113,121,125,131,140,144,147,148,182	ء ل ي ب ل غ ح س ن ح م د ح م م د و ن غ و ي ق ص ر ك ر م و ق ف	kw:limit(94.0732); kw:attainment(56.5787); kw:completion(50.299); kw:endpoint(47.5952); kw:shortfall(33.5381); kw:extent(32.5328); kw:achievement(32.1114); kw:goal(32.1114)	ق ص ر:B006:الغاية وما يقتصر عليه → ح م د:B004:حماداك الغاية المحمودة
C401	0.6728	relation / counterpart / comparison / classification	24	11	12	12	0.06511318	0.1846	1.0	0.8333	4,5,15,19,21,27,44,50,55,61,62,71,73,83,88,94,97,102,106,113,117,156,158,177	ب ي ن س و ي ش ي ع ف ص ل ق ب ل ل ق ي م ث ل ن ز ل ن س ب ن ظ ر و ح د	kw:relation(68.8237); kw:counterpart(55.7051); kw:comparison(51.1888); kw:classification(49.4984); kw:similarity(46.1482); kw:equivalence(43.7155); kw:opposition(40.6505); kw:moderation(32.5328)	ن ظ ر:B006:مقابلة المثل بمثله حتى يستويان → م ث ل:B001:المماثلة والنظير
C402	0.6728	condition / misfortune / configuration / adversity	45	9	11	11	0.05657586	0.2115	1.0	0.7273	16,17,20,21,22,26,28,29,30,32,35,36,39,51,53,57,59,71,73,78,80,87,103,105,108,110,113,116,119,121,125,126,129,131,141,143,144,157,159,166,167,168,169,177,180	ء و ل ت ر ك ت ل ل ح س ن س ب ح س و ء ظ ن ن ك و ن ي و م	kw:condition(66.9285); kw:misfortune(52.1902); kw:configuration(38.5491); kw:adversity(37.9386); kw:plight(36.9273); theme:emotion_ethics/suffering_hardship(35.0197); kw:circumstance(33.004); kw:distress(26.8781)	ء و ل:B007:آلة الحال التي يكون عليها الشيء → ت ل ل:B008:تلة سوء حالة سوء
C403	0.6727	gait / travel / transport / speed	33	17	17	27	0.05942098	0.1985	1.0	0.7037	8,10,12,14,16,28,37,39,53,56,61,68,70,72,76,86,94,96,98,115,117,123,133,134,139,144,147,157,159,171,176,180,181	ء ت ي ب ع ث ت ر ب خ ط ف ر ج ع ر د ي ر س ل ر و د ز ف ف س خ ر س ف ل ع ج ل ع م ل ق ذ ف ن ج و ه ر ع و ص ف	kw:gait(98.4967); kw:travel(61.7615); kw:transport(60.9379); kw:speed(56.8604); kw:movement(49.7857); kw:haste(39.5566); kw:camel(37.0667); kw:stride(30.4895)	ء ت ي:B009:رجع يدي الناقة في السير → ر ج ع:B008:رجع الدابة في السير
C404	0.6727	pleasure / pride / welfare / enjoyment	48	13	15	19	0.06068534	0.1845	0.8947	0.7895	5,11,12,16,22,31,35,37,40,42,43,46,53,57,60,72,74,75,76,81,84,85,87,95,99,100,107,111,113,114,115,122,123,126,128,132,133,139,147,148,149,160,161,169,171,180,181,182	ر ب ب ر س ل ش د د ع ب د ع ج ب ع ظ م ف ك ه ك ب ر ل ذ ذ م ت ع م ن ن ن ع م ن ف س	kw:pleasure(55.9858); kw:pride(54.2007); kw:welfare(52.9349); kw:enjoyment(48.7992); kw:arrogance(41.9894); kw:comfort(39.7012); theme:kinship_society/hospitality_welfare(37.3537); kw:conceit(33.5381)	ع ظ م:B006:التعاظم والزهو → ك ب ر:B006:العظمة والكبرياء
C405	0.6727	animal_life/wildlife / insect / sapling / earth	18	11	14	18	0.05676324	0.2045	1.0	0.8889	5,11,22,27,46,49,50,63,77,97,98,102,113,136,149,153,158,173	ء ر ض ب ع ض ب ن ي ب ي ض ج ع ل ج ن د ح ش ر د م ر ذ ر ر ش ي ء ط ي ن	theme:animal_life/wildlife(58.2544); kw:insect(55.4339); kw:sapling(49.5059); kw:earth(45.5656); kw:smallness(39.2775); theme:agriculture_food/plant_vegetation(38.991); kw:seedling(34.884); kw:palm(34.1162)	ج ع ل:B006:النخل الصغار أو القصار → ش ي ء:B006:صغار النخل
C406	0.6727	excess / increase / grant / kinship_society/hospitality_welfare	28	9	13	13	0.06372188	0.1831	1.0	0.9231	6,8,23,25,28,41,43,56,57,75,80,91,94,99,105,110,113,116,117,121,125,131,140,144,147,148,157,172	ء ت ي ء ل ي ح س ن ر د ي ر ز ق ز ي د ز ي ن ن ص ر ن ع م	kw:excess(64.5923); kw:increase(53.335); kw:grant(42.2076); theme:kinship_society/hospitality_welfare(33.2033); kw:bestowal(31.3821); kw:giving(30.4895); kw:addition(30.4895); kw:benefaction(29.1436)	ر د ي:B005:الزيادة على القدر → ز ي د:B001:الزيادة والنمو
C407	0.6726	likeness / counterpart / comparison / similarity	15	9	17	31	0.06250866	0.2768	0.9677	0.6774	4,19,22,61,64,73,83,88,93,102,112,143,159,166,180	ء ص ل ز و ج س ب ح ش ي ع ض ر ب م ث ل ن ب و ن ظ ر و ح د	kw:likeness(56.5787); kw:counterpart(55.7051); kw:comparison(51.1888); kw:similarity(46.1482); kw:representation(46.1482); kw:peer(45.7343); kw:analogy(44.9833); kw:classification(37.1238)	م ث ل:B003:المثل المضروب → ض ر ب:B003:تصوير المثل وإظهاره
C408	0.6726	escape / condition_force_change/capacity_ability / elusion / shortfall	15	7	12	14	0.05956923	0.2545	1.0	0.9286	8,23,24,48,86,91,94,99,106,135,140,144,147,148,171	ء ل ي ب ل و د و ن س ب ق ع ج ز ق ص ر و ق ف	kw:escape(41.5754); theme:condition_force_change/capacity_ability(38.5902); kw:elusion(34.884); kw:shortfall(33.5381); theme:condition_force_change/control_restraint(30.7413); kw:evasion(30.4895); kw:deficiency(27.8525); kw:failure(27.2163)	ق ص ر:B002:النقص عن المدى → ع ج ز:B001:ضعف وقصور عن الفعل
C409	0.6726	dispatch / ritual_belief/belief_revelation / sending / communication	26	10	13	13	0.05857193	0.1757	1.0	1.0	16,22,37,54,55,62,65,68,72,83,102,104,109,123,133,139,143,144,147,159,163,166,171,177,180,181	ب ر ه م ب ع ث ب ل غ ح ش ر ر ج ع ر س ل س ب ح ص ل ي ط ل ع ن ز ل	kw:dispatch(62.1239); theme:ritual_belief/belief_revelation(38.7523); kw:sending(35.7766); kw:communication(34.4753); kw:mission(33.5381); kw:envoy(33.004); kw:doctrine(33.004); kw:messenger(32.5328)	ب ع ث:B002:إرسال المبعوث وتوجيهه → ر س ل:B001:الإرسال والانبعاث
C410	0.6725	plant / agriculture_food/plant_vegetation / ecology / shrub	44	16	17	29	0.05840433	0.2148	0.8966	0.6897	5,8,10,22,23,26,31,36,57,62,63,64,66,76,79,84,87,88,91,94,99,100,101,102,103,107,109,112,113,115,120,126,130,134,140,144,146,147,148,149,176,180,181,182	ء ك ل ء ل ي ب ش ر ح ل م ذ ب ح ر ب ب س ل م ش ج ر ش ع ر ش ه ب ظ ل م ع ج ل ن ب ت ن ج م ن ج و ن ف س	kw:plant(90.399); theme:agriculture_food/plant_vegetation(81.8811); kw:ecology(71.6169); kw:shrub(68.0407); kw:herb(63.231); kw:tree(56.576); kw:leather(52.0143); kw:vegetation(45.8021)	ش ع ر:B002:نبات كثيف كالشَّعر → ش ج ر:B001:الشجر ذو الساق
C411	0.6725	observation / sight / perception / waiting	24	11	17	28	0.06581423	0.2222	0.9286	0.75	14,19,45,48,54,55,65,73,77,78,82,88,102,105,108,119,129,136,142,148,174,175,178,179	ء خ ر ء ي ي ب ص ر ب ق ي ح ي ن ر ء ي ط ل ع ع ق ب ع ي ن ل و م ن ظ ر	kw:observation(73.347); kw:sight(71.1156); kw:perception(66.6692); kw:waiting(57.9151); kw:delay(50.4406); theme:time_measure_quantity/time(48.0113); kw:reflection(47.5952); kw:appearance(43.1103)	ر ء ي:B006:مرأى ومنظر ومرآة → ن ظ ر:B004:ظهور الشيء للناظر أو حسن مرآه
C412	0.6725	house / presence / absence / inhabitant	34	11	11	9	0.05948565	0.1636	1.0	0.8889	3,5,8,15,18,20,23,24,28,29,31,35,36,45,48,51,52,54,56,85,86,89,91,95,97,99,102,124,125,136,151,167,168,177	ء ر ض ت ل و د ع و د م ر د و ن س م ع س و ح ع ن د ع ي ن ق و ل و ق ف	kw:house(42.434); kw:presence(40.6505); kw:absence(35.6904); kw:inhabitant(33.004); kw:lie(29.544); kw:attribution(28.9576); kw:negation(26.8781); kw:falsehood(26.185)	د ع و:B008:خلو الدار من داع → د م ر:B006:ما بالدار تدمري
C413	0.6724	priority / time_measure_quantity/sequence_cycle / precedence / beginning	37	11	13	16	0.05839486	0.2105	1.0	0.6875	5,17,23,27,31,36,43,44,50,57,59,70,71,73,78,82,84,87,90,94,99,100,108,118,119,126,129,136,149,158,168,171,174,176,178,180,182	ء ث ر ء خ ر ء و ل ج ن ن ر ب ب س ب ق ع ج ل ع ق ب ق ب ل ه د ي و ل ي	kw:priority(85.3387); theme:time_measure_quantity/sequence_cycle(69.7542); kw:precedence(54.9176); kw:beginning(53.9753); kw:initiative(33.5381); kw:novelty(29.9889); kw:following(29.1436); kw:urgency(28.1384)	س ب ق:B001:التقدم والمسابقة → ع ج ل:B001:الإسراع والتقديم
C414	0.6723	tension / bow / marriage / mechanics	32	11	12	10	0.06639534	0.1538	1.0	0.9	5,15,31,36,37,38,45,68,72,78,82,97,102,106,108,112,113,114,117,119,123,129,133,139,147,149,153,156,158,171,180,181	ب ن ي ب ي ن ت ر ك ذ و ق ر ج ع ر س ل ط و ف ع ز ز غ ر ق م ن ن ن ب و	kw:tension(59.0879); kw:bow(53.7561); kw:marriage(45.4118); kw:mechanics(43.4363); kw:divorce(33.004); kw:courtship(32.5328); theme:conflict_security/weaponry(31.2082); kw:string(30.7655)	ب ي ن:B008:انفراج العضو أو الشيء عن ملاصقه → ب ن ي:B005:قوس بانية تلصق بوترها
C415	0.6722	limit / completion / endpoint / endeavor	23	10	13	16	0.06068552	0.2133	0.9375	0.8125	8,23,32,48,64,80,86,91,94,99,102,105,110,113,121,125,131,140,144,147,148,180,182	ء ص ل ء ل ي ب ل غ ح س ن ح م د د و ن ش ي ء ع ز ز غ و ي ق ص ر	kw:limit(94.0732); kw:completion(50.299); kw:endpoint(47.5952); kw:endeavor(33.5381); kw:extent(32.5328); kw:achievement(32.1114); kw:goal(32.1114); kw:perfection(31.7301)	ق ص ر:B006:الغاية وما يقتصر عليه → ح م د:B004:حماداك الغاية المحمودة
C416	0.672	honor / pride / dignity / majority	38	9	17	30	0.06266852	0.2439	0.9333	0.5667	4,6,8,16,22,23,35,36,40,42,48,53,56,60,74,76,81,85,86,91,95,96,102,107,111,113,115,122,126,128,132,152,159,160,161,169,171,182	ء ل ه ط ر ف ع ب د ع ظ م ع ل و ك ب ر ك ر م ك و ك ب ن ف س	kw:honor(80.2944); kw:pride(67.7508); kw:dignity(59.5205); kw:majority(52.326); kw:nobility(51.3473); kw:prestige(47.0731); kw:arrogance(41.9894); kw:virtue(37.4165)	ع ظ م:B006:التعاظم والزهو → ك ب ر:B006:العظمة والكبرياء
C417	0.672	urgency / haste / running / time_measure_quantity/time	32	15	17	29	0.05944803	0.2164	1.0	0.6552	5,11,14,16,21,22,24,40,57,70,74,76,81,85,94,95,111,113,115,122,127,128,132,142,144,152,158,160,161,169,171,176	ء ر ض ء ي ي ب ر ك ب ع ث ح ض ر ز ف ف ش د د ع ب د ع ج ل ك ذ ب ك ر ب ل ب ث ل و م ه ر ع و ق ف	kw:urgency(84.4151); kw:haste(65.9276); kw:running(54.6714); theme:time_measure_quantity/time(51.7044); kw:delay(50.4406); kw:pause(47.0731); kw:hesitation(43.7155); kw:time(36.0591)	ك ذ ب:B005:ما كذب أن فعل أي ما لبث → ع ب د:B009:قلة اللبث وسرعة العدو
C418	0.672	residence / space_form_boundary/place_location / stay / settlement	49	16	17	28	0.05892209	0.2074	1.0	0.5714	5,8,14,22,24,25,28,30,31,40,43,46,49,57,61,74,75,81,84,85,87,95,99,100,111,115,116,117,118,122,124,126,128,132,142,144,148,149,157,160,161,164,169,171,172,174,178,180,182	ء ت ي ء ر ض ء ي ي ب ي ض ح ي ن ر ب ب س م ع ع ب د ع ز ز ق و م ل ب ث ل و م م ث ل ن ص ر ن ع م و ق ف	kw:residence(88.2711); theme:space_form_boundary/place_location(78.6875); kw:stay(74.9722); kw:settlement(72.1599); kw:delay(50.4406); kw:pause(47.0731); kw:dwelling(40.3171); kw:habitation(37.0293)	ء ت ي:B003:مأتى الأمر وتهيؤه → ن ع م:B011:موافقة المكان وطيب المقام
C419	0.6719	drink / liquid / mixture / draught	16	11	17	39	0.05582009	0.3071	0.9231	0.5385	5,10,17,45,46,47,59,67,71,82,93,113,126,137,168,177	ء و ل ش ر ب ش ر ق ش ه ب ش و ب ص ب ح ض ر ب غ ر ق ك ء س ن ز ف ن ف س	kw:drink(66.1686); kw:liquid(63.0508); kw:mixture(62.033); kw:draught(49.5059); kw:consumption(48.3198); theme:agriculture_food/food_nutrition(46.6075); kw:water(42.3686); kw:beverage(42.2076)	ش ه ب:B006:لبن أرقه الماء → ش و ب:B001:خلط شيء بشيء
C420	0.6718	fruit / generosity / virtue / character	15	12	15	28	0.05610725	0.2828	0.9286	0.6786	11,34,42,62,66,71,83,91,95,102,104,109,146,149,170	ء ك ل ب ر ه م خ ي ر س ع ي ف ت ي ف ع ل ف ك ه ق ط ن ك ث ر ك ر م ك ف ر ن ح ت	kw:fruit(81.321); kw:generosity(72.9832); kw:virtue(62.3609); kw:character(46.3827); kw:honor(45.8825); theme:agriculture_food/plant_vegetation(38.991); kw:nobility(38.5105); kw:magnanimity(35.7766)	ف ع ل:B002:فَعال الخلق → خ ي ر:B005:الكرم والهبة
C421	0.6718	arrow / projectile / conflict_security/weaponry / archery	15	12	14	16	0.0629839	0.1798	1.0	0.9375	7,8,31,37,54,55,56,62,64,65,90,112,125,141,146	ح ف ظ ح ق ق د ب ر ر ء س ر د ي س م ع س ه م ش ج ر ط ل ع ق ذ ف ن ب ء و ذ ر	kw:arrow(63.231); kw:projectile(58.6776); theme:conflict_security/weaponry(49.0415); kw:archery(41.1882); kw:insult(39.2775); kw:weapon(34.5965); kw:overshoot(34.1547); kw:abuse(30.7655)	ق ذ ف:B001:رمي وطرح بعيد → ر د ي:B001:الرمي بالحجر والصخرة
C422	0.6718	disease / ailment / body_health_life/health_medicine / camel	31	13	14	16	0.05501645	0.1778	1.0	0.9375	8,14,16,30,37,46,49,53,55,64,66,72,84,85,90,98,102,105,115,118,123,124,133,139,144,147,164,171,174,178,181	ب ط ن ب ي ض ت ر ب ج ن ب خ ر ج د ب ر ر ء ي ر س ل س ف ل س و ي ق ل ب ق و م و ل ي	kw:disease(46.0458); kw:ailment(44.0082); theme:body_health_life/health_medicine(43.366); kw:camel(37.0667); kw:pathology(36.4916); kw:equipment(36.4065); kw:ulcer(31.3821); kw:pad(31.0619)	س و ي:B010:السَّويّة على ظهر البعير → و ل ي:B011:ولية تحت الرحل
C423	0.6718	language_communication/writing_text / grammar / alphabet / particle	29	10	11	11	0.05712209	0.2037	1.0	0.8182	5,8,12,14,15,20,21,26,29,30,31,37,57,60,61,64,84,87,99,100,106,117,126,147,149,157,171,180,182	ء ل ف ء ي ي ب ل ل خ ر ج ر ب ب ع ل و ف ص ل ك ت ب ك ل م ه ا ء	theme:language_communication/writing_text(90.759); kw:grammar(76.5503); kw:alphabet(52.326); kw:particle(44.6404); kw:text(44.6404); kw:alif(36.9273); kw:preposition(36.9273); kw:linguistics(33.5381)	ء ل ف:B006:الألف حرف من حروف الهجاء → ه ا ء:B006:الهاء حرف هجاء
C424	0.6716	birth / body_health_life/reproduction_birth / reproduction / child	23	13	15	25	0.05644666	0.2451	1.0	0.68	8,9,27,33,36,38,43,44,50,57,59,71,94,101,113,127,134,135,145,150,152,158,176	ء ن ث ج م ع ج ن ن ح ض ر ش ه د ع ج ز ع ذ ب ع ل و غ ل م ق ب ل ن ب ذ ن ف س و ل د	kw:birth(86.6222); theme:body_health_life/reproduction_birth(84.2786); kw:reproduction(61.1919); kw:child(56.5787); kw:afterbirth(53.6648); kw:childhood(41.3787); kw:womb(40.0012); kw:boy(32.1114)	ع ل و:B011:السلامة من النفاس أو العلة → ن ف س:B005:خروج الولد ودم النفاس
C425	0.6716	settlement / space_form_boundary/place_location / dwelling / residence	47	17	17	24	0.06114332	0.1765	0.9583	0.7083	8,16,21,22,28,29,30,31,32,35,37,39,43,44,46,49,51,53,57,62,73,75,76,81,85,92,102,111,112,115,116,118,122,124,132,134,141,143,146,148,157,164,167,169,174,177,178	ء م ن ء ه ل ب ي ض ج ن ب ح ق ق ح ي ن س ر ر ق ط ن ق و م ك و ن ن ب ء ن ب و ن ز ل ن ط ق ن ع م ن و م و ق ي	kw:settlement(82.4685); theme:space_form_boundary/place_location(82.4345); kw:dwelling(80.6342); kw:residence(63.0508); kw:habitation(49.3724); kw:station(41.7788); kw:comfort(39.7012); kw:horse(34.7228)	ج ن ب:B005:التجنيب قيادة شيء إلى الجنب → ن ط ق:B005:انتطاق الفرس
C426	0.6715	residue / remnant / remainder / mortality	17	11	17	31	0.05837364	0.2385	1.0	0.6774	3,56,64,70,73,77,78,82,90,108,119,129,135,136,148,174,178	ء ث ر ء خ ر ء ص ل ب ق ي ت ل و ح ي ن د ب ر د م ر ر د ي ع ق ب غ ب ر	kw:residue(88.5234); kw:remnant(63.6014); kw:remainder(56.2768); kw:mortality(53.9596); kw:ruin(48.8874); kw:destruction(47.9976); kw:trace(37.1238); kw:disaster(35.6904)	د ب ر:B004:قطع الدابر واستئصال الأثر → د م ر:B002:الهلاك المستأصل
C427	0.6715	tribute / labor / worker / wage	22	11	16	22	0.06112481	0.2018	1.0	0.9091	12,14,34,39,41,61,63,64,66,77,80,91,93,96,98,102,105,110,121,131,141,158	ء ك ل ج ز ي ج ع ل خ ر ج ر ز ق س خ ر س ه م ض ر ب ع م ل ف ع ل م ع ع	kw:tribute(65.0657); kw:labor(62.4776); kw:worker(52.326); kw:wage(49.5059); kw:tax(49.5059); kw:levy(47.0731); kw:taxation(45.7343); kw:payment(42.2076)	ف ع ل:B003:فَعلة العمل → ع م ل:B006:العملة العاملون بالأيدي
C428	0.6714	war / urgency / running / violence	45	17	17	22	0.05687906	0.1618	1.0	0.8182	10,11,16,21,22,23,37,40,48,52,55,57,63,64,68,70,74,76,81,85,86,93,95,97,98,102,105,111,113,115,122,127,128,132,144,152,157,158,160,161,162,163,168,169,171	ب ر ك ب ع ث ج ح م ح ض ر د و ن ش د د ش ه ب ص د ق ض ر ب ع ب د ع ن د ف ت ن ك ذ ب ك ر ب ك ي د م ع ع ه ر ع	kw:war(56.8924); kw:urgency(56.2768); kw:running(54.6714); kw:violence(46.9922); kw:battle(43.1696); kw:advance(39.7012); kw:haste(39.5566); kw:combat(38.0487)	د و ن:B004:الإغراء بالتناول → ع ن د:B006:إغراء عندك بالأخذ
C429	0.6713	proximity / relation / kinship / adjacency	20	14	17	31	0.06050425	0.2348	0.9677	0.7097	6,8,23,40,42,48,74,75,76,86,90,104,115,128,158,160,168,169,174,178	ج ن ب خ ل ص د ب ر د ن و د و ن ط ر ف ع ن د ق ص ر ك ر ب ك ر م ن د و ن د ي ن س ب و ل ي	kw:proximity(84.3691); kw:relation(68.8237); kw:kinship(66.6692); kw:adjacency(62.7642); kw:lineage(54.1778); kw:nearness(52.1902); kw:nobility(51.3473); theme:kinship_society/hierarchy_status(47.8386)	د ن و:B003:الدناءة والضعة → د و ن:B002:الخسة والحقارة
C430	0.6713	liability / trust / surety / guarantee	38	12	13	13	0.06060899	0.1688	1.0	0.8462	3,8,16,21,22,23,27,28,29,30,32,34,35,39,44,50,51,53,57,71,73,91,93,94,99,102,106,116,140,141,143,144,147,148,157,167,169,170	ء ل ي ب ل و ب ل ي ت ل و ج ر م ص ب ر ع ق ب ق ب ل ك ب ر ك ف ر ك و ن ي م ن	kw:liability(65.4624); kw:trust(49.8887); kw:surety(47.5952); kw:guarantee(46.1482); kw:pledge(42.2076); kw:sin(41.0035); kw:oath(41.0035); kw:accountability(40.0012)	ب ل و:B004:إبلاء العذر واليمين → ب ل ي:B005:إبلاء اليمين عرضها للاطمئنان أو الاختبار
C431	0.6713	pilgrimage / place / space_form_boundary/place_location / mecca	22	10	10	8	0.0534825	0.1778	1.0	1.0	16,41,53,79,87,97,100,101,102,112,134,142,143,149,153,158,159,164,166,170,180,182	ء م ر ب ن ي ت ر ب ج م ع ح ل م س ب ح ص ل ح ع ل م غ ل م ل ق م	kw:pilgrimage(42.2076); kw:place(41.2343); theme:space_form_boundary/place_location(37.4702); kw:mecca(35.7766); kw:toponym(35.6904); theme:ritual_belief/religion_worship(34.1518); kw:settlement(30.9257); kw:river(29.1436)	ب ن ي:B003:البِنْية للبيت الحرام ومكة → ص ل ح:B005:صلاح والصلح علمان لمواضع
C432	0.6712	duration / event / time / time_measure_quantity/sequence_cycle	48	13	13	12	0.05757585	0.1538	1.0	0.8333	5,8,14,15,16,19,20,21,22,23,26,28,29,30,32,34,35,39,51,53,57,73,88,90,91,94,99,102,106,113,116,117,125,135,137,140,141,143,144,147,148,156,157,158,167,169,174,178	ء ل ي ء ي ي ب ي ن ج ر م ح ي ن د ب ر د ع و غ ب ر ق ر ن ك و ن م ر ر ن ظ ر ي و م	kw:duration(63.0508); kw:event(54.9176); kw:time(54.0886); theme:time_measure_quantity/sequence_cycle(50.378); kw:moment(48.1671); theme:time_measure_quantity/time(40.6249); kw:history(38.7554); kw:expiration(34.884)	ي و م:B002:مدة من الزمان → ح ي ن:B001:وقت الشيء وأوانه
C433	0.6711	admiration / majority / delight / pleasure	12	8	17	30	0.06491054	0.2521	0.9667	0.7	6,12,16,35,49,53,60,76,102,107,115,134	ء م ر ج م ع ش ي ء ع ج ب ع ظ م ك ب ر ك ن ن ك و ك ب	kw:admiration(62.1239); kw:majority(52.326); kw:delight(45.3471); kw:pleasure(41.9894); theme:time_measure_quantity/measurement(33.8108); kw:awe(33.5381); kw:greatness(33.5381); kw:astonishment(33.004)	ع ج ب:B001:التعجب من أمر غير مألوف → ء م ر:B006:الأمر العظيم المنكر
C434	0.671	tribe / clan / name / lineage	16	13	13	16	0.05891435	0.2051	1.0	0.8125	10,28,34,36,39,61,67,72,73,93,96,106,142,146,173,177	ب ل و ب ل ي ث ق ب ج ر م ج ن د ح و ت ش ع ر ش ه ب ش و ب ع م ل ن ب ت ن ذ ر ي م ن	kw:tribe(71.3809); kw:clan(65.6923); kw:name(65.1911); kw:lineage(54.1778); kw:ethnicity(44.0082); kw:genealogy(36.9363); kw:ethnonym(33.004); kw:affiliation(29.1436)	ب ل و:B008:اسم حي ونسبة → ب ل ي:B007:بلي اسم حي والنسبة بلوية
C435	0.6709	rain / basin / land_water_sky/water_hydrology / pool	29	14	16	27	0.05835286	0.2288	1.0	0.6296	11,21,25,37,41,45,48,68,75,79,84,87,90,96,99,100,104,113,116,125,150,158,164,170,172,174,178,180,182	ب ر ك ج ي ء خ ل ق ذ ه ب ر ج ع ر ز ق ع ز ز ع ل م ع ي ن ف ص ل ن د ي ن ص ر و ل ي و ه ب	kw:rain(94.7794); kw:basin(76.0974); theme:land_water_sky/water_hydrology(73.8635); kw:pool(57.219); kw:hydrology(53.8167); kw:water(50.8423); kw:reservoir(44.9833); kw:shower(43.7155)	خ ل ق:B011:نقرة أو بئر تمسك الماء → و ه ب:B003:نقرة في الصخر تمسك الماء
C436	0.6707	ecology / vegetation / fertility / growth	36	17	17	32	0.06222257	0.2353	0.875	0.5625	5,10,16,22,25,28,31,36,42,46,48,53,54,55,57,62,64,65,84,86,87,99,100,101,112,116,117,126,146,149,150,151,157,172,180,182	ء ت ي ء ر ض ء ف ك ء ن ث ب ش ر ت ر ب ح ش ر ر ب ب ش ج ر ش ر ب ش ع ر ش ه ب ط ل ع ق ص ر ك ر م ن ب ت ن ص ر	kw:ecology(92.0789); kw:vegetation(80.1537); kw:fertility(74.4772); kw:growth(73.7497); kw:plant(60.266); kw:crop(53.7561); kw:agriculture(49.2943); kw:sprout(42.6693)	ش ع ر:B002:نبات كثيف كالشَّعر → ش ج ر:B001:الشجر ذو الساق
C437	0.6707	prevention / justice / reform / redress	36	11	14	21	0.05583319	0.2386	1.0	0.5714	8,9,22,23,25,26,33,38,59,63,68,79,84,86,91,93,94,99,100,103,109,112,113,116,120,130,138,140,144,147,148,151,154,172,176,181	ء ف ك ء ل ي ح ك م ر ج ع س ل م ص ل ح ض ر ب ظ ل م ع ذ ب ع ق ل ن ص ر	kw:prevention(64.8028); kw:justice(56.1193); kw:reform(49.5059); kw:redress(34.884); kw:restraint(32.7774); kw:orientation(32.2476); kw:abstention(30.4895); kw:detention(28.9576)	ظ ل م:B003:الظلامة وطلب الإنصاف → ن ص ر:B002:انتصاف المظلوم
C438	0.6707	fragrance / plant / perfume / herb	41	14	14	19	0.05948103	0.2088	0.8421	0.7368	5,6,11,22,31,36,40,57,74,75,77,81,84,85,87,88,95,96,99,100,101,102,104,107,111,113,122,125,126,128,132,146,149,150,160,161,169,170,171,180,182	ء ن ث ح ل م خ ل ق ذ ب ح ذ ر ر ر ب ب ش ع ر ع ب د ق ط ن ك ف ر ك و ك ب ن ب ت ن ج م ن د ي	kw:fragrance(78.2852); kw:plant(70.3103); kw:perfume(68.9644); kw:herb(50.5848); kw:ecology(40.924); theme:craft_material_built/ornament_beauty(38.8285); kw:botany(38.0359); kw:vegetation(34.3516)	خ ل ق:B010:الخلوق والتخليق بالطيب → ء ن ث:B007:طيب النساء المؤنث
C439	0.6707	knowledge / cognition_perception/knowledge_learning / epistemology / discernment	47	13	14	18	0.05646435	0.2	1.0	0.6667	5,8,14,15,18,20,28,29,31,35,36,41,51,52,54,55,56,57,66,70,79,84,85,87,89,91,95,97,99,100,102,105,124,126,138,144,149,151,154,158,164,167,170,175,179,180,182	ء ث ر ء م ر ب ص ر ب ط ن ح ك م ر ء ي ر ب ب س م ع ش ع ر ظ ن ن ع ق ل ع ل م ق و ل	kw:knowledge(112.0609); theme:cognition_perception/knowledge_learning(64.1047); kw:epistemology(55.4339); kw:discernment(46.5929); kw:reason(44.6404); kw:wisdom(43.7155); kw:cognition(39.422); kw:understanding(31.7301)	ع ل م:B002:أثر يميز الشيء ويهدي إليه → ء م ر:B005:العلامة والموعد
C440	0.6707	sleep / rest / slumber / dream	20	11	13	14	0.06676008	0.1867	1.0	0.8571	11,14,16,37,46,52,53,54,55,58,59,65,94,101,102,105,137,149,157,177	ح ل م ر ء ي ز ف ف ص ب ح ص د ق ط ل ع ف ت و ف ت ي ل ذ ذ م و ت ن و م	kw:sleep(131.3846); kw:rest(80.0024); kw:slumber(65.0657); kw:dream(50.3071); kw:fatwa(36.9273); kw:dormancy(36.9273); kw:ruling(34.1547); kw:imagination(34.1547)	ف ت ي:B004:تبيين الحكم والجواب → ف ت و:B001:تبيين الحكم
C441	0.6706	claim / accusation / falsehood / imposture	48	11	15	16	0.06208962	0.16	1.0	0.8125	3,15,16,18,20,21,22,23,28,29,30,31,32,35,36,39,46,51,52,53,54,56,57,66,73,75,85,86,89,91,95,97,99,102,104,112,116,124,125,127,141,143,151,152,157,163,167,169	ء ك ل ت ل و د ع و د و ن ش ر ب ص ل ي ق و ل ك ذ ب ك و ن ن ب ء ن د ي	kw:claim(55.9858); kw:accusation(55.4339); kw:falsehood(39.2775); kw:imposture(38.5491); theme:emotion_ethics/deception_corruption(30.4376); kw:summons(29.9889); kw:lie(29.544); kw:attribution(28.9576)	ق و ل:B005:قول ما لم يكن أو نسبته → ش ر ب:B010:دعوى ما لم يشرب
C442	0.6706	time_measure_quantity/time / observation / waiting / delay	25	13	14	16	0.07025657	0.1778	0.9375	0.8125	14,19,45,48,55,67,73,77,78,82,86,88,98,102,105,108,119,129,136,142,148,174,175,178,179	ء خ ر ء ي ي ب ص ر ب ق ي ح م م ح ي ن ر ء ي ر و د ط و ف ع ي ن غ ر ق ل و م ن ظ ر	theme:time_measure_quantity/time(59.0908); kw:observation(58.6776); kw:waiting(57.9151); kw:delay(50.4406); kw:sight(42.6693); kw:perception(38.0967); kw:deferment(35.7766); kw:vision(35.1186)	ر ء ي:B001:رؤية العين والبصيرة → ب ص ر:B001:إبصار العين
C443	0.6705	mixture / liquid / craft_material_built/substance_texture / quality	22	13	16	30	0.05684322	0.2564	0.9667	0.6	10,11,17,40,46,47,49,59,67,71,74,82,84,93,126,128,153,159,160,168,169,180	ء و ل ب ي ض خ ل ص ش ر ب ش ه ب ش و ب ص ف و ض ر ب غ ر ق ق ل ب ل ز ب ن ز ف و ص ف	kw:mixture(74.4396); kw:liquid(50.4406); theme:craft_material_built/substance_texture(43.2504); kw:quality(37.3173); theme:agriculture_food/food_nutrition(35.852); kw:purity(35.6904); kw:admixture(34.884); kw:milk(34.4728)	ش ه ب:B006:لبن أرقه الماء → ش و ب:B001:خلط شيء بشيء
C444	0.6705	sky / rain / fertility / weather	32	15	17	29	0.06325696	0.2164	0.931	0.6552	5,6,8,9,25,31,33,38,41,55,57,59,64,68,75,84,87,90,98,99,100,102,104,116,126,149,172,174,176,178,180,182	ء ر ض خ ر ج ر ب ب ر ج ع ر ز ق س ف ل س م و س و ي ص ب ر ع ذ ب ع ل و ن د و ن د ي ن ص ر و ل ي	kw:sky(71.8395); kw:rain(71.0845); kw:fertility(53.198); kw:weather(47.4318); kw:water(42.3686); kw:ascent(39.4154); kw:cloud(37.4165); kw:elevation(35.3977)	س م و:B001:العلو والارتفاع → ع ل و:B001:السمو والارتفاع
C445	0.6705	livestock / egg / herd / pastoralism	26	9	12	13	0.05858181	0.2167	1.0	0.8462	5,10,31,36,43,46,49,57,67,75,78,84,87,98,99,100,108,113,119,126,127,129,149,158,180,182	ب ر ك ب ي ض ت ر ك ث ق ب ح ض ر ح م م ر ب ب س ف ل ن ع م	kw:livestock(57.1909); kw:egg(46.1482); kw:herd(38.6317); kw:pastoralism(36.8447); kw:helmet(34.1547); kw:cattle(30.4895); kw:armor(27.8525); kw:metal(26.5662)	ت ر ك:B008:بيضة متروكة وما يشبهها → ب ي ض:B003:البَيْضة وبيض الطائر
C446	0.6704	road / path / guidance / navigation	15	13	16	31	0.06111704	0.265	1.0	0.5161	7,23,33,39,42,61,62,67,96,102,112,118,142,150,158	ح ف ظ ح م م ز ق م ش ر ك ص ب ر ص ر ط ع م ل ك ر م ل ق م م ل ك ن ب ء ن ب و ن س ب	kw:road(117.8324); kw:path(74.8331); kw:guidance(53.5428); kw:navigation(42.7746); kw:journey(36.2398); kw:ingestion(31.0619); kw:movement(29.8714); kw:track(29.7602)	ش ر ك:B005:شِرك الطريق → ل ق م:B001:منهج الطريق ومفرجه
C447	0.6703	body_health_life/reproduction_birth / birth / discharge / afterbirth	24	12	15	23	0.05709496	0.2277	1.0	0.7391	6,9,27,33,36,37,38,43,44,50,57,59,64,71,84,94,101,113,127,145,150,152,158,176	ج ن ن ج ي ء ح ض ر خ ر ج د ن و ش ه د ع ذ ب غ ل م ق ب ل ن ب ذ ن ف س و ل د	theme:body_health_life/reproduction_birth(76.2521); kw:birth(74.2476); kw:discharge(55.1716); kw:afterbirth(53.6648); kw:reproduction(50.9932); kw:abscess(49.5059); kw:pus(48.1671); kw:child(42.434)	ج ي ء:B003:جائية الجراح → ح ض ر:B008:اجتماع الفضلات في الجرح والسلى
C448	0.6703	arrival / approach / coming / presentation	16	8	14	21	0.05952277	0.2593	1.0	0.6667	25,28,37,43,57,75,84,102,112,116,117,137,145,157,172,177	ء ت ي ج ي ء ش ي ء ص ب ح ع ر ي ن ب ء ن ص ر ن ع م	kw:arrival(86.4017); kw:approach(73.8725); kw:coming(67.0762); kw:presentation(49.5059); kw:advent(35.7766); kw:conveyance(32.1114); kw:occurrence(31.0619); kw:settlement(30.9257)	ء ت ي:B001:الإتيان والمجيء → ج ي ء:B001:المجيء والحصول
C449	0.6702	water / liquid / mixture / drink	17	11	17	38	0.05798684	0.2992	0.8947	0.5526	9,10,33,38,45,46,57,59,67,82,93,113,127,137,150,158,176	ح ض ر ش ر ب ش ه ب ش و ب ض ر ب ع ذ ب غ ر ق ك ء س م ر ر م ل ك ن ف س	kw:water(76.2635); kw:liquid(63.0508); kw:mixture(62.033); kw:drink(52.9349); kw:nourishment(51.5089); kw:draught(49.5059); kw:consumption(48.3198); kw:survival(47.6879)	ش ه ب:B006:لبن أرقه الماء → ش و ب:B001:خلط شيء بشيء
C450	0.6701	tribute / tax / levy / abscess	20	10	13	11	0.0695968	0.1486	1.0	1.0	15,28,36,37,39,57,64,80,84,93,105,110,112,117,121,125,127,131,157,158	ء ت ي ج ز ي ج ي ء ح ض ر خ ر ج د ع و س ح ر ش ع ر ض ر ب ن ب و	kw:tribute(81.3321); kw:tax(66.0079); kw:levy(62.7642); kw:abscess(49.5059); theme:economy_property/finance_debt(48.7939); kw:pus(48.1671); kw:revenue(47.5952); kw:taxation(45.7343)	خ ر ج:B003:مال يخرج على جهة معلومة → ض ر ب:B010:المال المضروب على أحد
C451	0.6701	creation / existence / production / discovery	33	9	12	10	0.061078	0.1667	1.0	1.0	11,16,21,22,28,29,30,32,35,39,51,53,57,63,69,73,77,87,96,98,102,116,125,141,143,150,152,157,158,167,169,180,182	ج ع ل ح م د خ ل ق ظ ن ن ع ز ز ك و ن ل ف ي و ج د و ل د	kw:creation(68.9644); kw:existence(60.4627); kw:production(58.2873); kw:discovery(44.6404); kw:making(34.884); kw:finding(34.1547); kw:desire(33.8898); kw:origination(31.7301)	ل ف ي:B002:الوجدان والمصادفة → و ج د:B001:إلفاء الشيء وإصابته
C452	0.67	fruit / tree / harvest / agriculture_food/plant_vegetation	32	16	17	29	0.05655359	0.2148	0.9655	0.7241	8,10,23,28,34,36,42,43,54,55,62,64,65,66,71,83,84,91,94,99,104,107,109,117,140,144,146,147,148,157,158,170	ء ت ي ء ك ل ء ل ي ب ر ه م ج ر م ج ن ن ش ج ر ش ع ر ش ه ب ط ل ع ف د ي ف ك ه ق ل ب ك ث ر ك ر م ك ف ر	kw:fruit(92.9383); kw:tree(79.2064); kw:harvest(62.6999); theme:agriculture_food/plant_vegetation(62.3856); kw:crop(53.7561); kw:plant(50.2216); kw:produce(46.1482); kw:palm(45.4883)	ء ت ي:B007:خروج النماء والنتاج → ء ك ل:B002:غلة الشجر والزرع
C453	0.6699	remnant / residue / permanence / remainder	28	13	15	22	0.06032402	0.2136	1.0	0.6818	3,5,9,31,36,39,57,61,64,70,73,77,78,84,87,90,96,99,100,102,108,119,126,129,135,149,180,182	ء ث ر ء ص ل ب ق ي ت ر ك ت ل و د ب ر ر ب ب ع ق ب ع م ل غ ب ر ن و م و ص ب و ه ب	kw:remnant(76.3217); kw:residue(75.8772); kw:permanence(68.647); kw:remainder(56.2768); kw:continuity(50.1599); kw:trace(49.4984); kw:continuance(46.5929); kw:persistence(38.2751)	و ص ب:B001:دوام الشيء ولزومه → و ه ب:B007:دوام الشيء وثباته
C454	0.6698	battle / running / combat / violence	40	14	15	17	0.05712331	0.1635	1.0	0.8824	10,11,16,21,22,23,40,53,55,56,57,58,59,62,64,68,74,76,81,85,95,97,98,102,111,113,115,122,127,128,132,140,152,158,160,161,163,169,171,177	ب ر ك ج ح م ح ض ر ر د ي ش ح ن ش د د ش ه ب ع ب د ك ذ ب ك ر ب ك ي د م ع ع م و ت ن ز ل	kw:battle(57.5595); kw:running(54.6714); kw:combat(50.7316); kw:violence(46.9922); theme:conflict_security/violence_warfare(43.6751); kw:war(42.6693); kw:warfare(42.3478); kw:courage(39.2775)	ش د د:B003:شد الحملة والعدو → ك ر ب:B008:إكراب في العدو والإسراع
C455	0.6697	justice / truth / judgment / confirmation	23	11	16	23	0.06255193	0.2018	1.0	0.7826	20,21,29,31,37,43,52,53,57,75,81,87,102,105,111,117,122,127,132,148,152,154,157	ء م ر ء م ن ح ق ق ح ك م د ي ن ص د ق ظ ن ن ف ص ل ك ت ب ك ذ ب ن ع م	kw:justice(67.3432); kw:truth(53.9753); kw:judgment(52.8701); kw:confirmation(50.3071); theme:cognition_perception/proof_uncertainty(37.8321); kw:trust(37.4165); kw:law(35.8719); kw:verdict(34.884)	ف ص ل:B002:قضاء يفصل الحق من الباطل → ح ك م:B002:الحكم والقضاء بين الناس
C456	0.6697	persuasion / alliance / support / presentation	24	12	12	14	0.05844647	0.2121	1.0	0.7143	1,8,9,25,28,37,39,57,61,66,83,84,86,96,98,102,116,117,127,134,157,158,165,172	ء ت ي ج م ع ج ي ء ح ض ر ر و د ش ي ء ش ي ع ص ف ف ع م ل م ل ء ن ص ر و ص ب	kw:persuasion(43.4363); kw:alliance(40.3171); kw:support(33.3585); kw:presentation(33.004); theme:emotion_ethics/trust_loyalty(32.9702); kw:conveyance(32.1114); kw:solidarity(28.9576); kw:cooperation(28.6095)	م ل ء:B003:ممالأة على الأمر → ج م ع:B013:ممالأة واجتماع مع غيرك على أمر
C457	0.6697	grain / husk / food / agriculture	10	8	10	10	0.05183951	0.2326	1.0	0.9	22,36,44,48,76,77,113,115,140,146	ء ب ق ح ش ر ذ ر ر س ر ر ش ع ر ق ص ر ق ط ن ك ر ب	kw:grain(65.6923); kw:husk(44.9833); kw:food(35.644); kw:agriculture(32.8628); kw:plant(30.133); kw:stalk(29.7602); kw:kernel(29.3388); kw:fiber(29.1436)	ح ش ر:B007:قشرة داخلية للحبة → ق ص ر:B012:بقايا الحب والقشر
C458	0.6696	cold / season / severity / land_water_sky/fire_heat	16	13	13	19	0.05741625	0.2436	0.9474	0.6842	10,11,20,21,26,31,37,49,62,67,102,144,145,153,177,180	ح ق ق ح م م ش د د ش ه ب ص ب ر ص ف و ع ر ي ع ز ز ك ن ن ل ز ب م ع ع ن ز ل ي و م	kw:cold(55.1716); kw:season(48.6555); kw:severity(47.4879); theme:land_water_sky/fire_heat(47.2463); kw:frost(30.7655); kw:winter(30.2314); kw:temperature(29.9889); kw:chill(29.7602)	ل ز ب:B003:الشدة والضيق والقحط → ع ز ز:B008:الشدة في السنة والمطر والسيل
C459	0.6695	hardness / stone / geology / rock	38	16	17	26	0.0603413	0.1926	1.0	0.6923	1,5,8,14,15,26,30,46,48,49,55,56,79,84,85,102,103,105,106,109,113,115,117,118,120,124,130,145,153,156,158,164,165,173,175,179,180,181	ب ص ر ب ي ض ب ي ن ج ن د ر ء ي ر د ي س ل م س م ع ص ب ر ص ف ف ص ف و ط ر ف ط غ و ع ر ي ع ز ز ق و م	kw:hardness(98.9968); kw:stone(83.4538); kw:geology(82.2652); kw:rock(70.7234); kw:terrain(53.9596); kw:landscape(51.7714); kw:plain(40.8244); theme:land_water_sky/earth_geology(38.9612)	ص ب ر:B005:حجر غليظ وأرض حصباء → ج ن د:B002:الأرض الغليظة ذات الحجارة
C460	0.6695	urgency / haste / warfare / running	37	13	15	22	0.05522793	0.2136	1.0	0.6818	11,16,22,30,37,40,43,57,70,72,74,75,76,81,85,94,95,102,111,115,118,122,123,124,128,132,133,139,144,147,160,161,164,169,171,176,181	ب ع ث ح ش ر ر س ل ز ف ف س ع ي ش د د ع ب د ع ج ل ق و م ك ر ب م ع ع ن ع م ه ر ع	kw:urgency(84.4151); kw:haste(65.9276); kw:warfare(42.3478); kw:running(41.0035); kw:travel(35.2923); kw:dispatch(31.0619); kw:attack(30.4895); kw:movement(29.8714)	ب ع ث:B002:إرسال المبعوث وتوجيهه → ر س ل:B001:الإرسال والانبعاث
C461	0.6695	abandonment / desertion / release / condition_force_change/loss_absence	44	11	14	16	0.06045785	0.1839	1.0	0.75	3,4,15,18,19,20,26,28,29,31,34,35,36,51,52,54,56,63,77,78,79,84,85,89,91,95,97,98,99,102,103,108,109,119,120,124,125,129,130,145,151,158,167,181	ب ق ي ت ر ك ت ل و ج ع ل س ل م ع ر ي ف ع ل ق و ل ك و د و ح د و ذ ر	kw:abandonment(67.7508); kw:desertion(49.5059); kw:release(47.7898); theme:condition_force_change/loss_absence(39.0718); kw:configuration(38.5491); kw:transformation(37.7243); kw:modality(32.1114); kw:omission(31.0619)	س ل م:B012:تسليم الشيء وتخليته → ت ر ك:B001:التخلية عن الشيء
C462	0.6694	honor / dignity / rise / nobility	20	11	17	28	0.06532013	0.2258	1.0	0.7143	3,5,6,8,13,16,35,42,53,60,76,98,100,107,112,113,115,155,168,180	ذ ك ر س ف ل س م و ع ز ز ع ظ م ع ل و ك ب ر ك ر م ن ب و ن ف س و ه ب	kw:honor(126.1769); kw:dignity(59.5205); kw:rise(57.9151); kw:nobility(51.3473); kw:reputation(48.2109); kw:rank(38.6317); kw:height(37.0293); kw:elevation(35.3977)	س م و:B001:العلو والارتفاع → ع ل و:B001:السمو والارتفاع
C463	0.6693	assembly / kinship_society/household_community / gathering / group	38	14	17	31	0.05836301	0.2348	0.9355	0.6129	5,7,8,16,22,27,30,31,44,45,50,57,66,69,71,75,84,85,87,94,99,100,104,115,117,118,124,126,127,134,144,149,150,157,158,164,180,182	ب ع ث ج م ع ح ش ر ح ض ر ر ب ب ش ه د ط و ف ق ب ل ق و م ك ت ب ك ل ل ل ف ي م ل ء ن د ي	kw:assembly(92.2987); theme:kinship_society/household_community(69.2706); kw:gathering(64.1841); kw:group(60.6775); kw:society(51.9463); kw:crowd(51.0335); kw:community(44.9672); kw:presence(40.6505)	ح ش ر:B001:سوق الجماعة وجمعها إلى مقصد → ج م ع:B004:موضع أو يوم أو نداء يجمع الناس
C464	0.6693	peer / counterpart / equal / comparison	35	16	17	31	0.06126548	0.2296	0.871	0.6452	4,11,16,19,22,28,35,40,51,53,60,61,73,74,76,81,85,88,93,95,102,107,111,113,115,122,128,132,137,152,160,161,169,171,180	ت ر ب ش د د ض ر ب ع ب د ع ز ز ع ظ م ق ر ن ك ب ر ل ز ب م ث ل م ر ر ن ظ ر ن ف س و ح د و ل د ي م ن	kw:peer(76.2238); kw:counterpart(69.6314); kw:equal(66.0079); kw:comparison(63.9861); kw:strength(45.3359); kw:power(43.7032); kw:honor(34.4119); kw:cohort(33.004)	ت ر ب:B004:التساوي في السن والصحبة → و ل د:B006:قرين في سن الولادة
C465	0.6693	strength / firmness / solidity / power	38	14	14	23	0.05818456	0.2527	0.8261	0.5652	11,16,22,28,31,37,40,53,60,62,66,74,76,81,85,91,93,95,97,102,107,111,113,114,115,122,128,132,137,138,149,153,154,160,161,169,171,180	ء ك ل ب ن ي ح ق ق ح ك م خ ي ر ش د د ع ب د ع ز ز ع ظ م ع ق ل م ر ر م ن ن ن ف س ي م ن	kw:strength(68.0039); kw:firmness(65.2377); kw:solidity(55.7051); kw:power(43.7032); kw:resilience(41.7788); kw:precision(32.5328); kw:dignity(29.7602); kw:courage(26.185)	ش د د:B002:شدة القوة والصلابة → ع ب د:B007:القوة والصلابة
C466	0.6693	hardness / stone / terrain / geology	27	13	15	19	0.06191593	0.1863	1.0	0.8421	5,8,15,26,48,55,66,79,84,102,103,106,109,113,117,120,130,144,145,153,156,158,170,173,175,179,181	ء ر ض ب ص ر ب ط ن ب ي ن ج ن د س ل م س م ع س و ي ص ب ر ص ف و ط ر ف ع ر ي ك ف ر	kw:hardness(86.6222); kw:stone(71.5318); kw:terrain(53.9596); kw:geology(47.0087); kw:rock(42.434); kw:landscape(41.4171); kw:geography(35.4006); kw:earth(34.1742)	ص ب ر:B005:حجر غليظ وأرض حصباء → ج ن د:B002:الأرض الغليظة ذات الحجارة
C467	0.6693	language_communication/writing_text / language / writing / alphabet	47	15	17	19	0.05884899	0.1418	1.0	0.8947	5,7,8,14,15,18,20,21,28,29,31,35,36,51,52,54,56,57,60,61,64,84,85,87,89,91,92,95,97,99,100,102,106,113,117,124,126,147,149,151,156,157,158,167,171,180,182	ء ل ف ء ي ي ب ي ن خ ر ج ر ب ب ع ل و ق و ل ك ت ب ك ل ل ك ل م ل ق ي م ث ل م ع ع ن ط ق ه ا ء	theme:language_communication/writing_text(100.8433); kw:language(60.6892); kw:writing(53.1324); kw:alphabet(52.326); kw:grammar(51.0335); kw:articulation(44.316); kw:utterance(39.5566); kw:expression(37.6199)	ء ل ف:B006:الألف حرف من حروف الهجاء → ه ا ء:B006:الهاء حرف هجاء
C468	0.6692	alliance / support / presentation / emotion_ethics/trust_loyalty	28	12	13	15	0.05923336	0.1948	1.0	0.8	1,8,24,25,27,28,30,37,39,50,61,66,83,84,85,96,102,115,116,117,118,124,134,157,164,165,172,177	ء ت ي ج م ع ج ي ء س ء ل س و ء ش ي ء ش ي ع ص ف ف ع م ل ق و م م ل ء ن ص ر	kw:alliance(40.3171); kw:support(33.3585); kw:presentation(33.004); theme:emotion_ethics/trust_loyalty(32.9702); kw:conveyance(32.1114); kw:agreement(29.3388); kw:solidarity(28.9576); kw:cooperation(28.6095)	م ل ء:B003:ممالأة على الأمر → ج م ع:B013:ممالأة واجتماع مع غيرك على أمر
C469	0.6691	trial / oath / examination / test	22	7	15	23	0.06234024	0.2473	1.0	0.7391	8,12,23,26,28,29,30,37,63,90,91,93,94,99,106,140,144,147,148,162,174,178	ء ل ي ب ل ل ب ل و ب ل ي ف ت ن و ل ي ي م ن	kw:trial(72.3939); kw:oath(54.6714); kw:examination(49.5059); kw:test(49.5059); kw:pledge(42.2076); kw:ordeal(40.8244); kw:service(40.6505); kw:excuse(33.5381)	ب ل و:B003:البلاء بالحسن والصنيع الجميل → ب ل ي:B003:الإبلاء الحسن صنيع مشهود
C470	0.669	trial / ordeal / liability / examination	46	13	15	16	0.06513305	0.1553	1.0	0.75	5,12,16,21,22,26,27,28,29,30,31,32,35,37,38,39,44,50,51,53,57,60,62,63,69,71,73,84,87,94,99,100,102,103,106,116,126,141,143,149,157,162,167,169,180,182	ب ل ل ب ل و ب ل ي ت ل ل خ ي ر ذ و ق ر ب ب ص ب ر ض ل ل ف ت ن ف و ز ق ب ل ك و ن	kw:trial(86.8727); kw:ordeal(54.4326); kw:liability(52.3699); kw:examination(49.5059); kw:test(49.5059); kw:surety(47.5952); kw:guarantee(46.1482); kw:affliction(36.578)	ف ت ن:B004:بلية ومحنة وعذاب → ب ل ي:B002:البلاء امتحان يظهر الحال
C471	0.6689	following / succession / sequence / time_measure_quantity/sequence_cycle	27	13	17	28	0.06153241	0.2171	0.9643	0.75	3,10,11,17,27,44,50,59,70,71,73,78,82,83,90,94,108,119,126,129,136,138,149,168,171,174,178	ء ث ر ء خ ر ء و ل ت ب ع ت ل و د ب ر س ب ق ش ي ع ع ق ب ف ت ي ق ب ل ل ي ل و ل ي	kw:following(87.4309); kw:succession(75.4486); kw:sequence(70.513); theme:time_measure_quantity/sequence_cycle(54.2533); kw:order(51.5089); kw:pursuit(49.8887); kw:priority(42.6693); kw:precedence(41.1882)	ت ل و:B001:اتباع وتتابع → ت ب ع:B001:التلو والقفو
C472	0.6689	equipment / saddle / transport / belly	19	11	13	18	0.05738953	0.24	0.9444	0.7778	16,44,53,55,60,63,66,76,90,93,98,107,113,115,138,144,162,174,178	ب ر ك ب ط ن د ب ر س ر ر س ف ل س و ي ض ر ب ع ظ م ع ق ل ف ت ن و ل ي	kw:equipment(48.542); kw:saddle(41.1882); kw:transport(40.6253); kw:belly(38.1608); kw:pad(31.0619); kw:leather(26.0072); theme:movement_travel/transport(25.5443); kw:health(23.9465)	س و ي:B010:السَّويّة على ظهر البعير → و ل ي:B011:ولية تحت الرحل
C473	0.6689	equipment / pad / camel / back	15	9	9	7	0.06046928	0.1944	1.0	0.8571	8,31,37,55,66,70,90,98,143,144,159,166,174,178,180	ء ث ر ب ط ن ح ق ق د ب ر س ب ح س ف ل س و ي م ل ء و ل ي	kw:equipment(36.4065); kw:pad(31.0619); kw:camel(27.8); kw:back(25.0116); kw:covering(23.1485); kw:garment(22.8612); kw:clothing(21.7006); kw:animal(20.6634)	س و ي:B010:السَّويّة على ظهر البعير → و ل ي:B011:ولية تحت الرحل
C474	0.6688	increase / growth / blessing / prosperity	21	13	14	17	0.06667928	0.1889	1.0	0.7647	6,28,43,56,57,71,75,80,93,102,105,110,113,117,121,125,131,147,157,163,180	ء ت ي ء م ر ب ر ك ب ل غ ح س ن ر د ي ز ي د ز ي ن ص ل ي ع ز ز ك ث ر ن ع م ي م ن	kw:increase(106.6699); kw:growth(52.6784); kw:blessing(51.1888); kw:prosperity(51.1888); kw:abundance(41.1892); kw:fortune(39.7012); kw:addition(30.4895); kw:grace(28.7797)	ر د ي:B005:الزيادة على القدر → ز ي د:B001:الزيادة والنمو
C475	0.6688	transport / equipment / disposal / throwing	15	11	13	11	0.06945851	0.1447	1.0	1.0	22,55,61,62,64,66,90,97,98,144,145,146,174,176,178	ب ط ن ز و ج س ف ل س و ي ش ج ر ع ج ل ق ط ن ل ق ي م ث ل ن ب ذ و ل ي	kw:transport(50.7816); kw:equipment(48.542); kw:disposal(33.5381); kw:throwing(33.004); kw:frame(32.1114); kw:nomadism(32.1114); kw:casting(31.0619); kw:pad(31.0619)	ل ق ي:B005:طرح الشيء حتى يلقى → ن ب ذ:B001:الطرح والإلقاء
C476	0.6687	health / recovery / body_health_life/health_medicine / trial	48	17	17	24	0.06183964	0.1765	0.9583	0.6667	8,11,12,22,26,29,30,37,40,61,63,68,72,74,79,81,84,85,95,96,103,106,109,111,113,120,122,123,125,128,130,132,133,139,143,147,150,159,160,161,162,166,169,170,171,177,180,181	ب ل ل ب ل و ب ل ي خ ل ق ر ج ع ر س ل س ب ح س ل م س و ء ش د د ظ ل م ع ب د ع ل و ف ت ن ك ف ر م ث ل ن ف س	kw:health(71.8395); kw:recovery(67.4691); theme:body_health_life/health_medicine(65.0491); kw:trial(57.9151); kw:virtue(37.4165); kw:affliction(36.578); kw:purity(35.6904); kw:convalescence(34.884)	ف ت ن:B004:بلية ومحنة وعذاب → ب ل ي:B002:البلاء امتحان يظهر الحال
C477	0.6686	water / resource / allotment / share	32	13	17	24	0.0650788	0.1905	0.9583	0.8333	1,5,9,31,33,38,41,46,47,57,59,66,79,83,84,87,91,99,100,113,126,127,141,149,150,158,164,165,170,176,180,182	ء ك ل ح ض ر ر ب ب ر ز ق س ه م ش ر ب ش ي ع ص ف ف ع ذ ب ع ل م م ل ك ن ز ف ن ف س	kw:water(84.7372); kw:resource(60.1294); kw:allotment(55.7051); kw:share(51.1888); theme:economy_property/provision_resource(48.4973); kw:survival(47.6879); kw:portion(36.7544); kw:consumption(36.2398)	ر ب ب:B013:ماء رَبَب كثير → ع ل م:B005:ماء كثير مجتمع في عيلم
C478	0.6686	deception / magic / ritual_belief/belief_revelation / diversion	17	13	13	14	0.06269286	0.1795	1.0	0.8571	7,15,30,48,63,65,66,67,69,71,84,86,98,138,144,151,162	ء ف ك ب ط ن س ح ر ش ط ن ش و ب ض ل ل ط ر ف ط غ و ط غ ي ع ق ل ف ت ن ق ل ب ك ي د	kw:deception(60.3997); kw:magic(43.4363); theme:ritual_belief/belief_revelation(42.6276); kw:diversion(40.4815); kw:evil(40.0012); kw:enchantment(35.7766); kw:morality(35.1186); kw:devil(34.884)	ط غ ي:B003:الطاغوت رأس الضلالة → ط غ و:B003:الطاغوت رأس الضلالة والطغيان
C479	0.6685	answer / ritual_belief/prayer_supplication / communication / dialogue	47	16	17	23	0.05927103	0.1704	1.0	0.7391	4,8,14,15,20,21,23,28,29,35,36,40,42,43,56,57,60,61,62,68,74,75,78,81,86,91,93,96,102,106,108,111,119,122,125,126,128,129,132,148,152,159,160,163,169,177,182	ء ل ه ء م ن ء ي ي ب ل غ ب ل و ت ر ك ج و ب د ع و ر ج ع س م ع ص ل ي ك ر م ن ز ل ن ع م ه ا ء ي م ن	kw:answer(62.1239); theme:ritual_belief/prayer_supplication(59.6098); kw:communication(51.7129); kw:dialogue(48.7992); kw:affirmation(48.1671); kw:speech(46.9208); theme:language_communication/communication(45.4942); kw:response(44.9833)	س م ع:B011:سَمْع لا بَلَغ → ب ل غ:B009:سماع المكروه بلا بلوغ
C480	0.6684	judgment / justice / authority / ruling	38	11	17	20	0.0624245	0.1587	1.0	0.9	10,11,15,18,20,21,28,29,31,35,36,37,39,51,52,53,54,56,80,85,89,91,95,97,99,102,105,110,117,121,124,131,149,150,151,154,157,167	ت ب ع ج ز ي ح ق ق ح ك م د ي ن ف ت و ف ت ي ف ص ل ق و ل ك ت ب م ل ك	kw:judgment(84.5921); kw:justice(56.1193); kw:authority(52.4284); kw:ruling(51.232); kw:precision(48.7992); kw:truth(40.4815); kw:fatwa(36.9273); kw:law(35.8719)	ف ت ي:B004:تبيين الحكم والجواب → ف ت و:B001:تبيين الحكم
C481	0.6684	belly / rump / haunch / body_health_life/reproduction_birth	13	10	12	15	0.05665536	0.2381	0.9333	0.8667	12,15,22,36,43,44,66,90,144,146,158,163,180	ب ط ن ج ن ن ح ش ر د ب ر س ح ر س ر ر ص ل ي ع ج ب ع ز ز ق ط ن	kw:belly(50.8811); kw:rump(44.6404); kw:haunch(32.1114); theme:body_health_life/reproduction_birth(32.1061); kw:anatomy(31.3884); kw:hip(30.4895); kw:cavity(29.1436); kw:womb(26.6675)	ع ج ب:B004:أصل الذنب بين الوركين → ق ط ن:B006:القَطَن من المؤخر وأصل الذنب
C482	0.6682	cycle / time / daylight / noon	27	16	16	23	0.05734867	0.1917	1.0	0.7826	10,11,20,21,22,25,26,30,35,44,61,63,85,113,115,116,118,124,137,138,144,148,149,153,164,172,177	س ر ر ش د د ش ه ب ص ب ح ص ف و ظ ل م ع ق ل ف ت ي ق و م ك ب ر ل ي ل م ت ع م ث ل ن ص ر ن ف س ي و م	kw:cycle(60.9633); kw:time(54.0886); kw:daylight(48.7992); kw:noon(47.0731); kw:light(44.7539); kw:shadow(44.6404); kw:day(40.0012); kw:height(37.0293)	ش د د:B005:شد النهار وارتفاعه → ك ب ر:B013:أكبر النهار
C483	0.6682	wisdom / labor / sage / cognition_perception/knowledge_learning	28	11	15	18	0.05878695	0.1895	1.0	0.9444	5,11,31,34,39,41,57,61,63,77,79,84,87,96,98,99,100,102,126,141,142,149,154,158,164,170,180,182	ج ع ل ح ك م ر ب ب س ه م ط ي ن ع ل م ع م ل ف ت ي ف ع ل ل ق م م ع ع	kw:wisdom(72.8591); kw:labor(62.4776); kw:sage(53.6648); theme:cognition_perception/knowledge_learning(42.7365); kw:construction(37.6199); kw:laborer(34.884); kw:worker(34.884); kw:knowledge(33.6183)	ف ع ل:B003:فَعلة العمل → ع م ل:B006:العملة العاملون بالأيدي
C484	0.668	space_form_boundary/place_location / location / place / settlement	45	13	14	14	0.05824582	0.1556	1.0	0.8571	16,21,22,28,29,30,32,35,36,39,43,45,46,49,51,53,57,63,73,77,89,97,98,100,101,102,112,116,141,143,145,146,148,149,153,156,157,158,159,166,167,169,174,178,180	ب ن ي ب ي ض ج ع ل ج ن ن ح ي ن س ب ح س ق م س ل ط ص ل ح ط و ف غ ل م ق ط ن ك و ن	theme:space_form_boundary/place_location(104.9166); kw:location(68.647); kw:place(61.8514); kw:settlement(61.8514); kw:locality(42.2076); kw:dwelling(40.3171); kw:site(40.1571); kw:residence(37.8305)	ح ي ن:B004:الإقامة حينا في مكان → ق ط ن:B001:الإقامة والسكون في المكان
C485	0.668	excess / disobedience / rebellion / compulsion	41	12	13	11	0.06169172	0.1429	1.0	0.9091	3,5,15,18,20,21,26,28,29,30,31,35,36,37,48,51,52,54,56,79,84,85,89,91,95,97,99,102,103,109,120,124,127,130,147,151,152,167,168,170,181	ء ر ض ت ل و ج ي ء ز ي د س ل م ش ي ء ط غ و ط غ ي ع ن د ق و ل ك ذ ب ك ف ر	kw:excess(51.6738); kw:disobedience(48.1671); kw:rebellion(46.5929); kw:compulsion(44.316); kw:coercion(37.0293); kw:presentation(33.004); kw:conveyance(32.1114); kw:authority(31.457)	ط غ ي:B001:مجاوزة الحد في العصيان → ط غ و:B001:مجاوزة الحد في العصيان
C486	0.6678	arrival / approach / coming / victory	24	11	17	30	0.05962054	0.2419	1.0	0.6333	5,25,28,35,37,39,57,80,84,102,105,110,112,116,117,121,127,131,137,145,157,158,172,177	ء ت ي ء ر ض ج ز ي ج ي ء ح ض ر س ع ي ص ب ح ع ر ي ك ب ر ن ب ء ن ص ر	kw:arrival(86.4017); kw:approach(73.8725); kw:coming(67.0762); kw:victory(55.4339); kw:contest(54.9176); kw:presentation(49.5059); theme:conflict_security/conflict(47.4608); kw:competition(46.0458)	ء ت ي:B001:الإتيان والمجيء → ج ي ء:B001:المجيء والحصول
C487	0.6678	limit / completion / maturity / endpoint	22	14	17	27	0.06381557	0.203	0.963	0.7407	8,11,23,24,32,43,48,55,57,75,86,91,94,99,101,102,140,144,147,148,154,182	ء ل ي ب ل غ ح ك م ح ل م ح م د د و ن س م ع س و ي ش د د غ و ي ق ص ر م ت ع ن ع م و ق ف	kw:limit(80.6342); kw:completion(75.4486); kw:maturity(52.3699); kw:endpoint(47.5952); kw:perfection(47.5952); kw:strength(45.3359); kw:attainment(42.434); kw:excellence(40.1571)	ش د د:B004:بلوغ الأشد → س و ي:B005:بلوغ وتمام الشباب
C488	0.6678	sky / cloud / overhead / canopy	24	11	11	9	0.06230736	0.1636	1.0	0.8889	5,6,7,8,11,31,32,46,49,57,64,68,84,87,96,99,100,102,125,126,149,150,180,182	ء ر ض ب ي ض خ ر ج خ ل ق ر ب ب ر ج ع س م و ص ب ر غ و ي ك ل ل م ر د	kw:sky(59.8663); kw:cloud(49.8887); kw:overhead(34.884); kw:canopy(31.0619); kw:meteorology(28.7797); theme:land_water_sky/weather_climate(27.6522); kw:atmosphere(26.4674); kw:cover(25.5168)	ر ب ب:B008:رباب السحاب → ص ب ر:B010:سحاب أبيض متراكم
C489	0.6677	eye / vision / tear / gaze	25	12	17	36	0.05699697	0.288	0.8889	0.5833	19,23,43,45,47,48,54,55,57,64,65,68,70,73,75,82,86,88,97,98,102,113,163,175,179	ب ص ر ج ح م ر و د ط ر ف ط ل ع ع ي ن غ ر ق ن ز ف ن ظ ر ن ع م ن ف س ه ر ع	kw:eye(107.7593); kw:vision(58.5309); kw:tear(55.9858); kw:gaze(54.9176); kw:envy(50.3071); theme:cognition_perception/perception(39.5314); theme:body_health_life/disease_injury(34.5847); kw:bleeding(33.004)	ع ي ن:B004:الإصابة بالعين → ن ف س:B003:إصابة العين بالنفس
C490	0.6677	emergence / dawn / sunrise / growth	22	13	17	27	0.05981336	0.2077	1.0	0.7778	5,23,28,54,55,65,66,71,77,84,88,91,99,101,112,113,117,118,137,157,170,177	ء ت ي ء ك ل ب ش ر ذ ر ر ش ر ق ص ب ح ط ل ع ق ل ب ك ث ر ك ف ر ن ج م ن ف س ه د ي	kw:emergence(74.8331); kw:dawn(70.7234); kw:sunrise(68.3094); kw:growth(52.6784); kw:daybreak(47.0731); kw:fruit(46.4691); kw:light(44.7539); kw:crop(40.3171)	ط ل ع:B001:طلوع النير وموضعه → ن ج م:B002:الطالع الظاهر
C491	0.6677	knowledge / banner / cognition_perception/knowledge_learning / sign	33	14	17	19	0.061657	0.1429	1.0	0.9474	5,14,17,31,32,36,41,44,55,57,66,69,73,79,84,85,87,99,100,102,105,125,126,138,141,144,149,154,158,164,170,180,182	ء ب و ء م ر ب ط ن ب ع ل ح ك م ر ء ي ر ب ب س ر ر س ه م ش ع ر ع ق ب ع ق ل ع ل م غ و ي	kw:knowledge(78.4426); kw:banner(66.0079); theme:cognition_perception/knowledge_learning(59.8311); kw:sign(55.4339); kw:flag(50.3071); kw:semiotics(46.1482); kw:reason(44.6404); kw:standard(44.6404)	ر ب ب:B002:إصلاح وتربية وإتمام → ء ب و:B001:الأبوة والتربية
C492	0.6676	sale / price / contract / credit	28	12	12	11	0.05728695	0.1667	1.0	0.9091	10,21,26,31,37,43,52,57,68,69,71,73,75,79,84,90,103,105,109,120,130,145,157,159,174,178,180,181	ت ب ع ح ق ق ر ج ع س ل م ص د ق ض ل ل ع ق ب ف ص ل ن ب ذ ن ع م و ص ف و ل ي	kw:sale(55.1716); kw:price(44.316); kw:contract(36.9363); kw:credit(33.004); kw:property(32.081); theme:economy_property/finance_debt(29.2764); kw:calf(28.2893); kw:age(24.9444)	و ل ي:B014:تولية البيع → و ص ف:B002:بيع الشيء على صفة لا على رؤية
C493	0.6675	ritual_belief/religion_worship / submission / worship / devotion	52	10	15	19	0.05869701	0.2021	1.0	0.6842	4,16,20,21,22,23,28,29,30,32,35,36,39,40,51,53,56,57,60,73,74,76,81,85,86,91,95,96,102,103,107,111,115,116,122,125,126,128,132,140,141,143,152,157,159,160,161,163,167,169,171,182	ء ب ق ء ل ه ب ع ل ت ل ل د ي ن ص ل ي ط غ ي ع ب د ع ظ م ك و ن	theme:ritual_belief/religion_worship(68.3036); kw:submission(67.4691); kw:worship(62.6999); kw:devotion(53.335); kw:obedience(53.1324); kw:religion(43.3422); kw:enslavement(34.884); kw:master(33.5381)	د ي ن:B001:الطاعة والانقياد → ع ب د:B003:العبادة والطاعة الخاضعة
C494	0.6674	road / path / navigation / guidance	38	17	17	27	0.06128891	0.1985	1.0	0.5926	22,23,33,39,40,43,48,57,61,63,74,75,77,81,85,95,96,97,98,102,111,112,113,118,122,128,132,134,142,146,149,150,153,158,160,161,169,171	ب ن ي ج ع ل ج م ع ح ش ر ذ ر ر ش ر ك ش ي ء ص ر ط ع ب د ع م ل ق ص ر ل ق م م ل ك ن ب ء ن ب ت ن ب و ن ع م	kw:road(91.6474); kw:path(49.8887); kw:navigation(42.7746); kw:guidance(40.1571); kw:journey(36.2398); theme:agriculture_food/plant_vegetation(35.0919); kw:palm(34.1162); kw:sapling(33.004)	ش ر ك:B005:شِرك الطريق → ل ق م:B001:منهج الطريق ومفرجه
C495	0.6674	color / appearance / beauty / contrast	17	13	14	22	0.05493336	0.2444	1.0	0.6818	6,10,14,22,34,46,49,55,64,101,102,105,112,135,137,141,177	ب ش ر ب ي ض ج ر م خ ر ج ر ء ي ز و ج ز ي ن س ه م ش ر ب ش ه ب ص ب ح غ ب ر ك و ك ب	kw:color(143.3865); kw:appearance(64.6655); kw:beauty(57.3531); kw:contrast(42.9143); kw:aesthetics(38.1608); kw:face(35.9982); kw:whiteness(35.9982); kw:purity(35.6904)	ش ه ب:B001:بياض تخالطه ظلمة → ب ي ض:B001:البَياض والابيضاض
C496	0.6674	fragrance / perfume / virtue / craft_material_built/ornament_beauty	29	12	14	14	0.06380491	0.1591	1.0	0.9286	5,8,11,22,34,40,42,62,66,74,77,81,85,95,96,102,111,113,122,125,128,132,150,160,161,169,170,171,173	ء ر ض ء ن ث ج ن د خ ل ق خ ي ر ذ ر ر ط ي ن ع ب د ف ع ل ك ر م ك ف ر م ل ء	kw:fragrance(78.2852); kw:perfume(68.9644); kw:virtue(62.3609); theme:craft_material_built/ornament_beauty(47.457); kw:character(46.3827); kw:generosity(36.4916); kw:cosmetic(33.5381); kw:conduct(31.7301)	خ ل ق:B010:الخلوق والتخليق بالطيب → ء ن ث:B007:طيب النساء المؤنث
C497	0.6673	recall / memory / guardianship / retention	30	9	11	11	0.05895019	0.2075	1.0	0.7273	3,7,13,26,30,36,37,45,48,69,71,78,79,84,85,103,108,109,115,118,119,120,124,129,130,150,155,164,168,181	ء ن ث ت ر ك ج ي ء ح ف ظ ذ ك ر س ل م ض ل ل ع ي ن ق و م	kw:recall(52.326); kw:memory(46.645); kw:guardianship(45.3471); kw:retention(41.3787); kw:care(37.2198); kw:legacy(34.1547); kw:governance(33.7797); kw:presentation(33.004)	س ل م:B012:تسليم الشيء وتخليته → ت ر ك:B001:التخلية عن الشيء
C498	0.6671	water / nourishment / draught / consumption	28	13	17	30	0.05882234	0.229	0.9	0.7333	5,9,22,31,33,38,46,47,57,59,63,66,82,84,87,91,99,100,102,113,126,127,137,149,158,176,180,182	ء ك ل ح ض ر ذ و ق ر ب ب ش ر ب ص ب ر ظ ل م ع ذ ب غ ر ق ل ذ ذ م ر ر ن ز ف ن ف س	kw:water(93.211); kw:nourishment(51.5089); kw:draught(49.5059); kw:consumption(48.3198); kw:bitterness(47.0731); kw:taste(42.9143); kw:drink(39.7012); kw:resource(36.0777)	ع ذ ب:B001:العذوبة والطيب في الماء والمطعوم → م ر ر:B003:المرارة ضد الحلاوة
C499	0.6671	entitlement / worthiness / obligation / permanence	24	11	13	14	0.06261571	0.1867	1.0	0.8571	3,9,11,13,31,37,39,43,57,61,75,76,90,96,100,117,125,134,150,155,157,168,174,178	ء ه ل ح ق ق خ ل ق ذ ك ر ع م ل ك ت ب ل ز ب ن ع م و ص ب و ل ي و ه ب	kw:entitlement(50.3071); kw:worthiness(50.3071); kw:obligation(45.1127); kw:permanence(41.1882); kw:eligibility(35.7766); kw:justice(33.6716); kw:confirmation(33.5381); kw:fixity(33.004)	و ص ب:B001:دوام الشيء ولزومه → و ه ب:B007:دوام الشيء وثباته
C500	0.6671	capacity / ability / power / resolve	43	13	14	12	0.06230154	0.1333	1.0	0.9167	8,20,22,23,27,28,30,40,44,50,51,53,66,71,74,81,85,91,94,95,99,102,111,115,117,118,122,124,128,132,134,137,140,144,147,148,156,157,160,161,164,169,171	ء ت ي ء ل ي ء م ر ج م ع د ي ن س ل ط ش ي ء ع ب د ق ب ل ق ر ن ق و م م ر ر م ل ء	kw:capacity(49.0059); kw:ability(46.1482); kw:power(43.7032); kw:resolve(40.8244); kw:alliance(40.3171); kw:strength(34.002); kw:governance(33.7797); kw:authority(31.457)	م ل ء:B003:ممالأة على الأمر → ج م ع:B013:ممالأة واجتماع مع غيرك على أمر
C501	0.667	death / mortality / body_health_life/mortality_death / strength	32	11	17	26	0.06211261	0.2167	0.9615	0.7692	11,16,22,28,36,40,53,58,59,60,67,74,78,81,85,93,95,102,108,111,113,119,122,128,129,132,137,160,161,169,171,180	ت ر ك ح م م ش د د ع ب د ع ز ز ف و ز م ر ر م و ت ن ف س ن و م ي م ن	kw:death(111.8847); kw:mortality(64.7515); theme:body_health_life/mortality_death(50.0466); kw:strength(45.3359); kw:loss(33.6183); kw:corpse(31.7301); kw:dignity(29.7602); kw:killing(29.544)	ش د د:B002:شدة القوة والصلابة → ع ب د:B007:القوة والصلابة
C502	0.667	stone / hardness / geology / rock	24	15	17	24	0.06377298	0.1805	1.0	0.8333	1,7,8,26,30,56,79,84,95,102,103,109,120,125,130,140,141,153,165,173,175,179,180,181	ب ص ر ج ن د ر د ي س ل م س ه م ص ب ر ص ف ف ص ف و ط غ و ع ز ز ف ل ك ق ذ ف م ر د ن ح ت و ذ ر	kw:stone(107.2977); kw:hardness(98.9968); kw:geology(82.2652); kw:rock(70.7234); kw:projectile(58.6776); kw:terrain(43.1677); theme:land_water_sky/earth_geology(38.9612); theme:conflict_security/weaponry(35.6665)	ق ذ ف:B001:رمي وطرح بعيد → ر د ي:B001:الرمي بالحجر والصخرة
C503	0.667	ugliness / misfortune / aesthetics / disfigurement	56	12	15	19	0.05494703	0.1881	1.0	0.6842	6,7,8,11,15,16,18,20,21,22,28,29,30,31,32,35,36,39,51,52,53,54,56,57,65,66,73,80,85,87,89,91,95,96,97,99,102,105,110,113,116,121,124,125,131,141,143,150,151,157,159,166,167,169,177,180	ح س ن خ ل ق ز ي ن س ب ح س م ع س و ء ش ط ن ش ي ء ظ ن ن ق و ل ك و ن م ل ء	kw:ugliness(60.4627); kw:misfortune(39.1426); kw:aesthetics(38.1608); kw:disfigurement(34.884); kw:rumor(33.004); kw:blemish(29.3388); kw:distress(26.8781); kw:condition(26.7714)	ح س ن:B001:الحسن ضد القبح → س و ء:B001:القبح والرداءة
C504	0.6669	provision / sustenance / hospitality / supply	20	10	11	13	0.05532793	0.2407	1.0	0.6923	16,30,41,53,58,59,62,66,85,91,102,115,118,124,140,147,148,164,176,177	ء ك ل ب ل غ ر ز ق ز ي د ش ح ن ع ج ل ق و م م ت ع م و ت ن ز ل	kw:provision(68.0039); kw:sustenance(53.9753); kw:hospitality(49.0059); kw:supply(45.3471); theme:economy_property/provision_resource(41.0362); kw:food(35.644); kw:ration(31.3821); kw:container(31.3469)	ر ز ق:B002:القوت المتغذى به → ء ك ل:B003:النصيب والرزق المطعوم
C505	0.6668	separation / distance / removal / expulsion	25	14	14	15	0.06143369	0.1648	1.0	0.8667	2,7,8,9,19,36,48,62,64,65,76,78,83,84,86,108,112,115,119,129,134,140,145,146,151	ء ف ك ت ر ك ج ن ب د ح ر ز ج ر ش ج ر ش ح ن ش ط ن ش ي ع ط ر ف ع ر ي ق ل ب ن ب و ن ج و	kw:separation(61.6497); kw:distance(48.4301); kw:removal(46.4691); kw:expulsion(42.434); kw:exclusion(41.7788); kw:diversion(40.4815); kw:release(35.8423); theme:movement_travel/migration_displacement(34.0366)	د ح ر:B001:الطرد والإبعاد → ش ح ن:B003:الطرد والإبعاد
C506	0.6667	kinship_society/household_community / society / group / demography	44	17	17	26	0.05856827	0.1912	0.9615	0.6538	5,6,7,8,16,27,31,36,39,43,44,45,50,53,57,60,61,66,69,71,76,78,84,87,94,96,98,99,100,107,108,115,119,126,127,129,134,146,149,158,170,173,180,182	ت ر ك ج م ع ج ن د ج ن ن ح ض ر ر ب ب س ف ل ط و ف ع ظ م ع م ل ق ب ل ك ف ر ك ل ل ك و ك ب ل ف ي م ل ء ن ب ت	theme:kinship_society/household_community(91.1455); kw:society(72.7249); kw:group(60.6775); kw:demography(59.5205); kw:band(43.1696); kw:multitude(40.3171); kw:crowd(38.2751); kw:nation(34.884)	ك و ك ب:B005:معظم الشيء → ع ظ م:B002:معظم الشيء
C507	0.6666	color / contrast / game / appearance	13	10	11	12	0.0557129	0.2222	1.0	0.8333	10,15,22,34,46,48,49,64,141,143,159,166,180	ب ي ض ج ر م خ ر ج ز و ج س ب ح س ح ر س ه م ش ر ب ش ه ب ط ر ف	kw:color(102.4189); kw:contrast(57.219); kw:game(42.9143); kw:appearance(32.3327); kw:play(28.7797); kw:dye(27.9929); kw:childhood(27.5858); kw:change(25.4406)	ش ه ب:B001:بياض تخالطه ظلمة → ب ي ض:B001:البَياض والابيضاض
C508	0.6664	madness / spirit / derangement / illness	23	13	15	24	0.05501248	0.2353	1.0	0.7083	5,7,10,14,16,36,43,45,53,55,57,58,59,63,65,70,102,105,127,145,158,162,173	ء ر ض ت ب ع ج ن د ج ن ن ح ض ر خ ط ف ر ء ي ش ط ن ط و ف ع ر ي ف ت ن م و ت ه ر ع	kw:madness(89.2807); kw:spirit(74.4006); kw:derangement(67.0762); kw:illness(63.231); kw:seizure(52.3699); kw:supernatural(50.3071); theme:ritual_belief/belief_revelation(46.5028); kw:mind(42.2076)	ج ن ن:B006:ستر العقل بالجنون → ف ت ن:B007:ذهاب عقل ومال
C509	0.6663	sunrise / dawn / star / light	21	14	17	32	0.06035504	0.2406	0.9688	0.5938	5,6,15,20,21,26,35,54,55,65,77,88,90,102,107,113,137,138,140,144,177	د ب ر ذ ب ح ذ ر ر س ح ر ش ر ق ص ب ح ط ل ع ف ل ك ك ب ر ك و ك ب ل ي ل ن ج م ن ف س ي و م	kw:sunrise(85.3867); kw:dawn(84.868); kw:star(77.0209); kw:light(67.1308); theme:land_water_sky/sky_astronomy(63.4812); kw:emergence(62.3609); kw:planet(50.3071); kw:calendar(48.4301)	ط ل ع:B001:طلوع النير وموضعه → ن ج م:B002:الطالع الظاهر
C510	0.6663	smoothness / geology / terrain / hardness	22	16	16	24	0.05842022	0.2	1.0	0.75	1,7,11,30,46,49,55,66,75,76,96,102,112,115,125,134,144,145,150,153,165,173	ب ط ن ب ي ض ج ن د ج و ب خ ل ق س و ي ص ب ر ص ف ف ص ف و ط غ و ط غ ي ع ر ي م ر د ن ب ء ن ب و ن ج و	kw:smoothness(90.724); kw:geology(70.513); kw:terrain(64.7515); kw:hardness(61.873); theme:land_water_sky/terrain_desert(59.1029); kw:rock(56.5787); kw:surface(56.1193); kw:plain(54.4326)	ط غ ي:B005:الطغية الصفاة الملساء → ط غ و:B006:الطغية الصفاة أو الموضع المرتفع
C511	0.6663	adjacency / proximity / presence / evidence	21	9	13	16	0.06566201	0.2254	1.0	0.6875	6,8,19,27,44,45,48,50,57,71,73,88,90,94,102,127,150,158,168,174,178	ج ن ب ح ض ر د ن و ش ه د ع ن د ع ي ن ق ب ل ن ظ ر و ل ي	kw:adjacency(62.7642); kw:proximity(60.2637); kw:presence(54.2007); kw:evidence(54.2007); kw:relation(45.8825); kw:space(42.0421); kw:testimony(39.8493); kw:encounter(39.7012)	ح ض ر:B001:حضور ومشاهدة وقرب → ش ه د:B001:الحضور مع المشاهدة
C512	0.6663	body_health_life/life_stage_aging / youth / maturity / girl	24	13	13	15	0.05720835	0.1923	0.9333	0.8667	5,11,21,31,36,43,55,57,63,84,86,87,98,99,100,101,102,126,149,158,159,162,180,182	ب ل غ ج ن ن ح ل م ر ب ب ر و د س و ي ش د د غ ل م ف ت ن ف ت و ف ت ي ف ص ل و ص ف	theme:body_health_life/life_stage_aging(76.4256); kw:youth(65.9276); kw:maturity(65.4624); kw:girl(47.5952); kw:development(43.4363); kw:adulthood(34.1547); kw:maiden(34.1547); kw:boy(32.1114)	ش د د:B004:بلوغ الأشد → س و ي:B005:بلوغ وتمام الشباب
C513	0.6663	agriculture_food/food_nutrition / ingestion / morsel / mouth	20	12	13	14	0.05766654	0.1818	1.0	0.9286	15,23,30,31,38,46,62,66,85,89,91,93,103,115,118,124,142,144,145,164	ء ك ل ب ط ن ت ل ل ذ و ق ر و غ ز ق م س ح ر س ق م ص ر ط ق و م ل ذ ذ ل ق م	theme:agriculture_food/food_nutrition(71.7039); kw:ingestion(62.1239); kw:morsel(48.1671); kw:mouth(47.4879); kw:eating(29.1436); kw:meal(28.4462); kw:sustenance(26.9877); kw:food(26.733)	ز ق م:B002:الابتلاع والتلقم → ل ق م:B002:تناول الطعام بالفم
C514	0.6663	chest / breast / bone / skeleton	18	10	11	9	0.06033532	0.1667	1.0	1.0	7,8,16,21,35,36,43,53,60,66,76,98,102,107,113,115,144,158	ب ر ك ب ط ن ت ر ب ج ن ن س ف ل ص ب ر ع ظ م ف ص ل ك ب ر ك ل ل	kw:chest(65.4624); kw:breast(59.5205); kw:bone(51.5089); kw:skeleton(42.9143); theme:body_health_life/anatomy(36.7521); kw:thorax(34.1547); kw:sternum(32.5328); kw:anatomy(31.3884)	ع ظ م:B005:العَظْم الصلب → ف ص ل:B005:مفصل بين عضوين أو قطعتين
C515	0.6661	remnant / residue / abandonment / memory	26	12	16	20	0.06380141	0.1739	1.0	0.85	3,7,13,26,36,69,70,71,73,77,78,79,84,103,108,109,119,120,129,130,135,145,148,155,168,181	ء ث ر ب ق ي ت ر ك ت ل و ح ف ظ ذ ك ر س ل م ض ل ل ع ر ي ع ق ب غ ب ر م ت ع	kw:remnant(63.6014); kw:residue(63.231); kw:abandonment(54.2007); kw:memory(46.645); kw:remainder(42.2076); kw:trace(37.1238); kw:release(35.8423); kw:recall(34.884)	س ل م:B012:تسليم الشيء وتخليته → ت ر ك:B001:التخلية عن الشيء
C516	0.666	wealth / prosperity / abundance / earth	40	12	15	19	0.05361178	0.1863	1.0	0.7895	5,8,10,15,16,18,20,28,29,31,35,36,47,51,52,53,54,56,57,66,71,84,85,87,89,90,91,93,95,97,99,100,102,124,126,149,151,167,180,182	ء م ر ت ب ع ت ر ب ج ن ب د ب ر ر ب ب ر و غ غ و ل ق و ل ك ث ر م ل ء و ج د	kw:wealth(75.3434); kw:prosperity(63.9861); kw:abundance(51.4865); kw:earth(45.5656); kw:dust(39.2775); kw:soil(37.8305); kw:obligation(33.8345); kw:dirt(31.3821)	ق و ل:B003:كثرة القول في صاحبه → ك ث ر:B003:كثرة في صاحب أو كلام أو مطالب
C517	0.6659	elevation / terrain / geology / mound	15	14	14	19	0.0567494	0.2088	1.0	0.7895	8,16,30,44,53,76,102,103,112,115,134,135,140,153,170	ت ر ب ت ل ل س ر ر ص ب ر ص ف و ط غ و ط غ ي ع ج ز ع ل و ف ل ك ق ذ ف ك ف ر ن ب و ن ج و	kw:elevation(141.5908); kw:terrain(64.7515); kw:geology(58.7608); kw:mound(56.2768); kw:landscape(51.7714); kw:height(49.3724); kw:slab(48.7992); kw:rock(42.434)	ط غ ي:B005:الطغية الصفاة الملساء → ط غ و:B006:الطغية الصفاة أو الموضع المرتفع
C518	0.6658	liquid / mixture / drink / water	15	12	17	36	0.05762717	0.288	0.9722	0.5556	10,45,46,47,57,67,82,93,113,127,137,150,153,158,177	ح ض ر ش ر ب ش ه ب ش و ب ص ب ح ص ف و ض ر ب غ ر ق ك ء س م ل ك ن ز ف ن ف س	kw:liquid(63.0508); kw:mixture(62.033); kw:drink(52.9349); kw:water(50.8423); kw:draught(49.5059); kw:nourishment(38.6317); kw:consumption(36.2398); kw:resource(36.0777)	ش ه ب:B006:لبن أرقه الماء → ش و ب:B001:خلط شيء بشيء
C519	0.6658	wetness / dampness / moisture / dew	18	6	17	34	0.06341785	0.3366	0.9118	0.6471	12,23,26,29,30,37,72,75,99,103,104,118,123,133,139,147,171,181	ب ل ل ت ل ل ر س ل ن د و ن د ي ه د ي	kw:wetness(62.1239); kw:dampness(52.326); kw:moisture(52.0143); kw:dew(48.1671); kw:gift(37.8305); kw:charity(37.2198); kw:forum(36.9273); kw:generosity(36.4916)	ن د و:B001:اجتماع القوم في النادي والندوة → ن د ي:B003:مجلس القوم واجتماعهم
C520	0.6656	ecology / plant / vegetation / agriculture_food/plant_vegetation	27	16	17	35	0.06141301	0.2593	0.8857	0.5143	5,8,15,16,31,36,46,48,53,57,62,64,67,75,84,87,99,100,101,104,126,146,149,163,176,180,182	ء ر ض ت ر ب ج ن ب ح ل م ر ب ب س ح ر ش ج ر ش ر ب ش ع ر ش و ب ص ل ي ط ر ف ع ج ل ع ل و ن ب ت ن د ي	kw:ecology(102.3099); kw:plant(100.4433); kw:vegetation(80.1537); theme:agriculture_food/plant_vegetation(74.0829); kw:pasture(69.193); kw:herb(63.231); kw:agriculture(49.2943); kw:flora(44.316)	ش ع ر:B002:نبات كثيف كالشَّعر → ش ج ر:B001:الشجر ذو الساق
C521	0.6655	agriculture_food/food_nutrition / sustenance / nourishment / food	18	11	14	20	0.05688525	0.2299	0.95	0.8	9,15,31,33,38,41,46,59,66,91,97,102,137,142,144,149,153,176	ء ك ل ب ط ن ب ن ي ذ و ق ر ز ق س ح ر ش ر ب ع ذ ب ل ذ ذ ل ق م م ر ر	theme:agriculture_food/food_nutrition(75.2891); kw:sustenance(67.4691); kw:nourishment(64.3861); kw:food(44.555); theme:cognition_perception/perception(32.9428); kw:morsel(32.1114); kw:flavor(31.7301); kw:eating(29.1436)	ع ذ ب:B001:العذوبة والطيب في الماء والمطعوم → م ر ر:B003:المرارة ضد الحلاوة
C522	0.6655	throat / respiration / belly / choking	19	9	11	13	0.05605231	0.25	0.9231	0.7692	5,15,22,41,44,46,62,64,66,79,87,102,107,144,146,158,164,170,182	ب ط ن ح ش ر ذ ب ح س ح ر س ر ر ش ج ر ش ر ب ش ر ق ع ل م	kw:throat(61.873); kw:respiration(41.5754); kw:belly(38.1608); kw:choking(32.5328); kw:chin(30.4895); kw:jaw(30.2314); kw:fissure(29.3388); kw:cavity(29.1436)	س ر ر:B006:سرة البطن وما يقطع منها → ب ط ن:B001:بطن الشيء وداخله
C523	0.6655	distance / remoteness / exclusion / separation	17	12	12	10	0.06112286	0.1515	1.0	1.0	5,7,8,9,15,24,47,63,65,73,106,113,117,140,156,158,162	ب ي ن ج ن ب د ح ر ش ح ن ش ط ن ع ق ب ف ت ن ق ذ ف ن ز ف ن ف س و ص ب و ق ف	kw:distance(84.7527); kw:remoteness(55.7051); kw:exclusion(41.7788); kw:separation(41.0998); theme:movement_travel/migration_displacement(34.0366); kw:banishment(30.7655); kw:expulsion(28.2893); kw:breadth(28.1384)	د ح ر:B001:الطرد والإبعاد → ش ح ن:B003:الطرد والإبعاد
C524	0.6655	evil / wickedness / devil / apparition	17	9	12	10	0.06243259	0.1587	1.0	1.0	7,8,10,14,30,41,45,55,65,79,87,102,105,158,164,170,182	خ ط ف ر ء ي س م ع ش ط ن ط غ و ط غ ي ط و ف ع ل م م ر د	kw:evil(53.335); kw:wickedness(35.7766); kw:devil(34.884); kw:apparition(33.5381); kw:defiance(33.004); kw:rebellion(31.0619); kw:wolf(30.7655); kw:idol(30.4895)	ط غ ي:B003:الطاغوت رأس الضلالة → ط غ و:B003:الطاغوت رأس الضلالة والطغيان
C525	0.6653	elevation / height / rise / ascent	16	11	17	28	0.06019832	0.2258	1.0	0.75	5,6,8,11,41,76,97,98,102,103,112,115,134,148,149,153	ء ر ض ب ن ي ت ل ل ر ز ق س ف ل س م و ش د د ع ل و م ت ع ن ب و ن ج و	kw:elevation(82.5946); kw:height(61.7155); kw:rise(43.4363); kw:ascent(39.4154); kw:topography(39.2775); kw:geography(35.4006); kw:overhead(34.884); kw:altitude(34.884)	س م و:B001:العلو والارتفاع → ع ل و:B001:السمو والارتفاع
C526	0.6653	release / deliverance / rescue / escape	28	10	14	14	0.06192334	0.1628	1.0	0.9286	21,26,30,40,60,62,64,74,76,79,84,85,95,103,109,115,118,120,124,128,130,134,145,146,160,164,169,181	خ ر ج خ ل ص س ل م ش ج ر ع ر ي ف ص ل ف و ز ق و م ن ج و ن ح ت	kw:release(47.7898); kw:deliverance(47.0731); kw:rescue(43.7155); kw:escape(41.5754); kw:separation(41.0998); theme:craft_material_built/craft(40.4817); kw:transfer(38.2751); kw:departure(34.4119)	خ ل ص:B002:خروج ونجاة من نشب → ن ج و:B001:الخلاص بالانفصال
C527	0.6653	sequence / leg / limb / travel	27	11	11	10	0.05915773	0.1818	0.9	0.9	3,10,23,30,37,39,61,68,72,85,90,96,98,99,115,118,123,124,133,139,147,150,159,164,171,180,181	ت ب ع ت ل و د ب ر ر ج ع ر س ل س ف ل ع م ل ق و م م ل ك ه د ي و ص ف	kw:sequence(47.0087); kw:leg(39.5566); kw:limb(37.4165); kw:travel(35.2923); kw:leader(28.6095); kw:pace(28.4462); kw:leadership(25.8369); kw:herd(25.7544)	ر ج ع:B008:رجع الدابة في السير → و ص ف:B003:دابة ظهر حسن سيرها حتى توصف مشيتها
C528	0.6652	proximity / relation / adjacency / presence	18	12	16	28	0.06085726	0.2414	0.9643	0.6071	6,8,22,23,33,48,51,57,76,86,90,115,127,150,158,168,174,178	ج ن ب ح ض ر د ن و د و ن ز و ج ش ر ك ش ه د ع ن د ق ر ن ق ص ر ك ر ب و ل ي	kw:proximity(108.4746); kw:relation(68.8237); kw:adjacency(62.7642); kw:presence(54.2007); kw:nearness(52.1902); kw:marriage(45.4118); kw:spouse(43.7155); kw:space(42.0421)	ح ض ر:B001:حضور ومشاهدة وقرب → ش ه د:B001:الحضور مع المشاهدة
C529	0.6652	separation / truth / division / transition	40	8	15	16	0.06242248	0.172	1.0	0.8125	4,5,15,16,19,21,22,28,29,30,32,35,39,40,51,53,57,64,73,74,76,85,106,113,115,116,117,118,124,128,134,141,143,156,157,158,160,164,167,169	ب ي ن خ ر ج خ ل ص ف ص ل ق و م ك و ن ن ج و و ح د	kw:separation(51.3748); kw:truth(40.4815); kw:division(36.4916); kw:transition(34.1742); kw:distinction(32.5328); kw:deliverance(31.3821); kw:exit(31.0619); kw:solitude(31.0619)	خ ل ص:B002:خروج ونجاة من نشب → ن ج و:B001:الخلاص بالانفصال
C530	0.6651	plant / agriculture_food/plant_vegetation / ecology / tree	37	17	17	35	0.05753517	0.2574	0.7714	0.5714	1,8,10,23,26,28,36,43,46,48,54,55,62,64,65,66,73,79,84,88,91,94,99,103,109,117,120,130,140,144,146,147,148,157,158,165,181	ء ت ي ء ك ل ء ل ي ج ن ن س ل م ش ج ر ش ر ب ش ع ر ش ه ب ص ف ف ط ر ف ط ل ع ع ق ب ق ط ن ق ل ب ن ب ت ن ج م	kw:plant(110.4876); theme:agriculture_food/plant_vegetation(85.7802); kw:ecology(71.6169); kw:tree(67.8912); kw:growth(52.6784); kw:vegetation(45.8021); kw:leaf(43.4363); kw:grove(42.9143)	ش ع ر:B002:نبات كثيف كالشَّعر → ش ج ر:B001:الشجر ذو الساق
C531	0.6651	summons / language_communication/communication / call / voice	11	9	15	21	0.06556448	0.2283	0.9524	0.8095	8,14,23,75,99,104,112,118,125,146,170	ء ي ي د ع و ع ل و ق ط ن ك ف ر ن ب و ن د و ن د ي ه د ي	kw:summons(74.9722); theme:language_communication/communication(55.9929); kw:call(54.6714); kw:voice(49.8887); kw:communication(43.0941); kw:forum(36.9273); kw:council(35.7766); kw:invitation(31.7301)	ن د و:B001:اجتماع القوم في النادي والندوة → ن د ي:B003:مجلس القوم واجتماعهم
C532	0.6651	destruction / ruin / disaster / mortality	21	13	14	15	0.06076621	0.1667	1.0	0.9333	19,20,21,22,26,34,56,60,62,64,73,88,90,102,125,136,144,148,174,177,178	ء ص ل ج ر م ح ش ر ح ي ن د ب ر د ع و د م ر ر د ي ف و ز ن ز ل ن ظ ر و ي ل ي و م	kw:destruction(83.9958); kw:ruin(73.3311); kw:disaster(71.3809); kw:mortality(53.9596); kw:duration(37.8305); kw:eradication(34.1547); kw:loss(33.6183); kw:death(33.5654)	د ب ر:B004:قطع الدابر واستئصال الأثر → د م ر:B002:الهلاك المستأصل
C533	0.6651	marriage / sexuality / intimacy / intercourse	31	12	13	13	0.06099706	0.1688	1.0	0.8462	7,8,16,21,22,28,29,30,32,33,35,39,47,51,53,57,68,73,76,95,101,112,116,125,134,141,143,157,167,169,177	ء ه ل ب ش ر ب ع ل ج م ع ر ج ع ز و ج س و ء ش ر ك غ و ل ك ل ل ك و ن ن ح ت	kw:marriage(90.8235); kw:sexuality(53.2649); kw:intimacy(52.7421); kw:intercourse(51.6738); kw:household(47.7898); kw:spouse(43.7155); kw:family(34.2328); kw:wife(30.2314)	ز و ج:B002:زوج النكاح → ر ج ع:B004:رجعة المرأة في النكاح والأهل
C534	0.665	gaze / sight / eye / vision	35	14	16	25	0.05958508	0.2119	0.88	0.72	5,6,8,14,15,19,23,30,45,48,51,55,64,68,73,83,85,88,97,102,104,105,106,109,113,115,117,118,124,156,158,163,164,175,179	ب ر ه م ب ص ر ب ي ن ج ح م ج ن ب د ن و ر ء ي ش ي ء ط ر ف ع ي ن ق ر ن ق و م ن ج م ن ظ ر	kw:gaze(96.1057); kw:sight(85.3387); kw:eye(71.8395); kw:vision(70.2371); theme:cognition_perception/perception(65.8857); kw:observation(58.6776); kw:perception(57.145); kw:measurement(34.5965)	ر ء ي:B001:رؤية العين والبصيرة → ب ص ر:B001:إبصار العين
C535	0.665	time_measure_quantity/time / remnant / waiting / residue	34	12	15	15	0.06686289	0.1485	1.0	0.8667	14,19,22,36,40,55,70,73,74,77,78,81,82,85,88,95,102,105,108,111,114,119,122,128,129,132,136,148,160,161,169,171,174,178	ء ث ر ء خ ر ء ي ي ب ق ي ت ر ك ح ي ن ر ء ي ع ب د ع ق ب م ت ع م ن ن ن ظ ر	theme:time_measure_quantity/time(51.7044); kw:remnant(50.8811); kw:waiting(43.4363); kw:residue(37.9386); kw:delay(37.8305); kw:trace(37.1238); kw:deferment(35.7766); kw:watching(34.884)	ن ظ ر:B002:ترقب الوقت وإمهال الطالب → ب ق ي:B005:ترقب الشيء وانتظاره بالبصر
C536	0.6649	order / succession / following / continuity	16	8	17	30	0.06203981	0.2586	0.9333	0.7	3,10,33,41,70,73,79,83,87,90,158,164,170,174,178,182	ء ث ر ت ب ع ت ل و ش ر ك ش ي ع ع ق ب ع ل م و ل ي	kw:order(90.1406); kw:succession(88.0233); kw:following(72.8591); kw:continuity(62.6999); kw:sequence(58.7608); kw:pursuit(49.8887); kw:process(41.1882); theme:time_measure_quantity/sequence_cycle(38.7523)	ت ل و:B001:اتباع وتتابع → ت ب ع:B001:التلو والقفو
C537	0.6649	fruit / tree / agriculture_food/plant_vegetation / palm	25	16	17	29	0.05753043	0.2148	1.0	0.6897	6,28,34,36,42,43,54,55,62,64,65,66,71,73,83,84,91,102,104,109,117,146,157,158,170	ء ت ي ء ك ل ب ر ه م ج ر م ج ن ن ش ج ر ش ي ء ط ل ع ع ق ب ف ك ه ق ل ب ك ث ر ك ر م ك ف ر ك و ك ب ن ب ت	kw:fruit(92.9383); kw:tree(67.8912); theme:agriculture_food/plant_vegetation(62.3856); kw:palm(56.8604); kw:growth(52.6784); kw:harvest(50.1599); kw:produce(46.1482); kw:agriculture(41.0786)	ء ت ي:B007:خروج النماء والنتاج → ء ك ل:B002:غلة الشجر والزرع
C538	0.6649	beginning / time_measure_quantity/sequence_cycle / priority / precedence	40	15	15	14	0.05852	0.1333	1.0	0.9286	3,5,8,17,23,27,31,36,43,44,46,50,57,59,64,70,71,78,82,84,87,94,99,100,101,103,108,112,118,119,126,129,136,149,150,158,168,171,180,182	ء ث ر ء خ ر ء و ل ب ش ر ت ل ل ت ل و ج ن ب ج ن ن خ ر ج ر ب ب س ب ق ش ر ب ق ب ل م ل ك ه د ي	kw:beginning(67.4691); theme:time_measure_quantity/sequence_cycle(62.0037); kw:priority(56.8924); kw:precedence(54.9176); kw:neck(35.9198); kw:initiative(33.5381); kw:control(33.2078); kw:leader(28.6095)	ء و ل:B001:ابتداء الشيء وتقدمه → ق ب ل:B002:تقدم الشيء أو إقباله
C539	0.6647	sleep / rest / wealth / prosperity	33	12	17	23	0.06225198	0.184	1.0	0.8261	15,16,18,20,28,29,31,35,36,46,51,52,53,54,56,58,59,71,85,89,90,91,95,97,99,101,102,124,137,142,151,167,177	ء م ر ت ر ب ح ل م ح و ت د ب ر ص ب ح ق و ل ك ث ر ل ذ ذ م ع ع م و ت ن و م	kw:sleep(105.1077); kw:rest(80.0024); kw:wealth(53.8167); kw:prosperity(51.1888); kw:slumber(48.7992); kw:abundance(41.1892); kw:dormancy(36.9273); kw:repose(33.5381)	ن و م:B001:النوم والرُّقاد → ص ب ح:B007:الصُّبْحة نوما
C540	0.6646	body_health_life/reproduction_birth / reproduction / sexuality / pregnancy	25	15	17	29	0.05895062	0.218	0.9655	0.7241	5,6,10,16,28,31,36,37,43,44,53,58,59,66,68,93,101,112,117,134,138,144,152,157,158	ء ت ي ب ش ر ب ط ن ج م ع ج ن ن ح ق ق خ ط ف د ن و ر ج ع س ر ر س م و ض ر ب ع ق ل م و ت و ل د	theme:body_health_life/reproduction_birth(80.2653); kw:reproduction(71.3905); kw:sexuality(53.2649); kw:pregnancy(51.8423); kw:belly(50.8811); kw:husbandry(45.1864); kw:fertility(42.5584); kw:mating(41.7788)	ب ط ن:B005:حال البطن من امتلاء أو علة → ع ق ل:B006:العُقول يمسك البطن
C541	0.6646	camel / fertility / body_health_life/reproduction_birth / yield	24	16	17	24	0.06075231	0.1778	1.0	0.8333	1,2,6,10,14,19,51,55,68,69,71,90,93,97,102,105,106,113,137,153,165,174,177,178	ب ر ك ب ل و ب ل ي ث ق ب د ن و ر ء ي ر ج ع ز ج ر ص ب ح ص ف ف ص ف و ض ر ب ض ل ل ق ر ن ل ق ي و ل ي	kw:camel(55.6001); kw:fertility(53.198); theme:body_health_life/reproduction_birth(48.1592); kw:yield(45.7343); kw:husbandry(45.1864); kw:udder(39.7012); kw:pregnancy(38.8817); kw:milk(34.4728)	ب ل و:B005:بلية القبر والراحلة → ب ل ي:B006:البلية ناقة القبر الجاهلية
C542	0.6646	honor / recall / anger / retention	34	11	13	12	0.06078934	0.16	1.0	0.9167	3,7,13,22,23,31,37,40,45,48,55,64,68,69,71,74,81,85,95,97,101,102,111,113,122,128,132,155,160,161,163,168,169,171	ج ح م ح ف ظ ح ق ق ح ل م ذ ك ر ص ب ر ض ل ل ع ب د ع ي ن ن ف س و ج د	kw:honor(57.3531); kw:recall(52.326); kw:anger(51.5089); kw:retention(41.3787); kw:pride(40.6505); kw:memory(34.9837); kw:indignation(33.004); kw:zeal(33.004)	ح ف ظ:B005:حفيظة الغضب والحمية → ع ب د:B008:الأنفة والغضب
C543	0.6645	geology / hardness / stone / elevation	24	12	17	25	0.06498569	0.1953	1.0	0.76	1,11,26,30,76,79,84,96,102,103,109,115,120,125,130,134,150,153,165,170,173,175,179,181	ب ص ر ت ل ل ج ن د خ ل ق س ل م ص ب ر ص ف ف ص ف و ط غ و ط غ ي ك ف ر ن ج و	kw:geology(94.0174); kw:hardness(86.6222); kw:stone(71.5318); kw:elevation(70.7954); kw:rock(70.7234); kw:terrain(64.7515); kw:smoothness(51.8423); kw:slab(48.7992)	ط غ ي:B001:مجاوزة الحد في العصيان → ط غ و:B001:مجاوزة الحد في العصيان
C544	0.6645	joining / time_measure_quantity/quantity_number / attachment / entirety	34	12	14	19	0.06036449	0.2159	0.9474	0.6842	6,7,8,15,20,21,23,27,34,50,51,60,61,62,69,80,85,88,91,94,99,102,105,106,110,117,121,131,134,140,144,147,148,157	ء ل ف ء ل ي ب ع ض ج م ع ذ ه ب ذ و و ق ر ن ك ت ب ك ل ل ك و ك ب ل ف ي ن ج م	kw:joining(70.346); theme:time_measure_quantity/quantity_number(47.0877); kw:attachment(37.1238); kw:entirety(31.7301); kw:inclusion(30.4895); kw:totality(30.2314); kw:composition(29.7602); kw:union(27.8525)	ج م ع:B001:ضم المتفرق حتى يصير شيئا مجموعا → ء ل ف:B002:ضم الشيء إلى الشيء والتأليف
C545	0.6644	beauty / aesthetics / envy / desire	28	13	17	23	0.06234328	0.1756	1.0	0.8261	8,12,14,19,45,48,54,55,65,66,73,77,78,82,88,101,102,105,108,112,113,119,129,136,145,148,174,178	ء خ ر ب ش ر ب ق ي ح ي ن ر ء ي ط ر ف ط ل ع ع ج ب ع ر ي ع ي ن م ل ء ن ظ ر ن ف س	kw:beauty(57.3531); kw:aesthetics(50.8811); kw:envy(50.3071); kw:desire(45.1864); kw:waiting(43.4363); kw:appearance(43.1103); kw:perception(38.0967); kw:view(36.9273)	ر ء ي:B006:مرأى ومنظر ومرآة → ن ظ ر:B004:ظهور الشيء للناظر أو حسن مرآه
C546	0.6644	separation / removal / exclusion / diversion	32	16	17	20	0.06178157	0.1481	1.0	0.9	5,7,8,9,15,23,46,48,49,62,64,70,76,84,86,93,97,102,106,112,113,115,117,118,134,140,146,149,151,153,156,158	ء ث ر ء ف ك ب ن ي ب ي ض ب ي ن ج ن ب د ح ر ش ج ر ش ح ن ص ر ط ض ر ب ط ر ف ق ل ب ك ل ل ن ب و ن ج و	kw:separation(51.3748); kw:removal(46.4691); kw:exclusion(41.7788); kw:diversion(40.4815); kw:blade(39.8493); kw:sword(39.0107); kw:distance(36.3226); theme:space_form_boundary/boundary(34.8455)	ب ي ن:B008:انفراج العضو أو الشيء عن ملاصقه → ب ن ي:B005:قوس بانية تلصق بوترها
C547	0.6643	increase / excellence / reciprocity / addition	22	12	14	13	0.06742589	0.1461	1.0	0.9231	6,21,43,56,57,64,75,80,102,105,110,113,114,121,125,127,131,147,148,152,180,182	ء ص ل ب ل غ ح س ن ح م د ر د ي ز ي د ز ي ن ع ز ز ك ذ ب م ت ع م ن ن ن ع م	kw:increase(66.6687); kw:excellence(53.5428); kw:reciprocity(38.8817); kw:addition(30.4895); kw:benefaction(29.1436); theme:kinship_society/hospitality_welfare(29.0529); kw:favor(27.2163); theme:emotion_ethics/ethics_morality(26.3262)	ر د ي:B005:الزيادة على القدر → ز ي د:B001:الزيادة والنمو
C548	0.6641	aesthetics / beauty / welfare / emotion_ethics/ethics_morality	26	14	16	22	0.06084896	0.1864	1.0	0.7727	6,8,12,14,19,43,55,57,62,66,73,75,80,88,101,102,105,106,110,112,113,114,121,125,131,177	ب ش ر ب ل و ب ل ي ح س ن خ ي ر ر ء ي ز ي ن س و ء ش ي ء ع ج ب م ل ء م ن ن ن ظ ر ن ع م	kw:aesthetics(89.042); kw:beauty(80.2944); kw:welfare(39.7012); theme:emotion_ethics/ethics_morality(39.4893); kw:virtue(37.4165); kw:value(35.5423); kw:reflection(31.7301); kw:admiration(31.0619)	ر ء ي:B006:مرأى ومنظر ومرآة → ن ظ ر:B004:ظهور الشيء للناظر أو حسن مرآه
C549	0.664	fruit / plant / agriculture_food/plant_vegetation / grove	23	16	17	34	0.05842513	0.2519	0.9118	0.5882	28,34,36,42,43,46,48,54,55,62,64,65,66,71,84,91,101,102,112,117,146,157,158	ء ت ي ء ك ل ب ش ر ج ر م ج ن ن ش ج ر ش ر ب ش ع ر ش ي ء ط ل ع ف ك ه ق ص ر ق ل ب ك ث ر ك ر م ن ب ت	kw:fruit(69.7037); kw:plant(60.266); theme:agriculture_food/plant_vegetation(58.4865); kw:grove(57.219); kw:palm(56.8604); kw:growth(52.6784); kw:harvest(50.1599); kw:agriculture(49.2943)	ش ع ر:B002:نبات كثيف كالشَّعر → ش ج ر:B001:الشجر ذو الساق
C550	0.664	honor / nobility / reputation / praise	35	17	17	24	0.0634693	0.1765	0.9583	0.7083	3,5,6,8,11,13,16,34,35,42,53,60,62,71,76,80,102,105,107,110,113,115,121,125,131,143,149,155,159,163,166,168,170,180,182	ء م ر ح س ن ح م د خ ي ر ذ ك ر س ب ح س ع ي س م و ص ل ي ع ظ م ع ل و ف ت ي ف ع ل ك ب ر ك ث ر ك ر م ك ف ر	kw:honor(103.2356); kw:nobility(77.0209); kw:reputation(72.3164); kw:praise(69.6314); kw:gratitude(63.4603); kw:generosity(60.8194); kw:blessing(51.1888); kw:virtue(49.8887)	ع ل و:B002:الرفعة والشرف → ك ب ر:B005:رفعة الشرف والرئاسة
C551	0.664	honor / reputation / dignity / nobility	33	11	14	20	0.06248019	0.2273	0.95	0.55	3,5,6,8,10,13,16,22,35,40,42,53,60,65,74,76,81,85,95,107,111,113,115,122,128,132,155,160,161,168,169,171,182	ث ق ب ح م د ذ ك ر ر ء س س م و ع ب د ع ظ م ع ل و ك ب ر ك ر م ن ف س	kw:honor(103.2356); kw:reputation(60.2637); kw:dignity(59.5205); kw:nobility(51.3473); kw:hierarchy(43.4607); kw:pride(40.6505); kw:rank(38.6317); kw:eminence(33.5381)	ع ل و:B002:الرفعة والشرف → ك ب ر:B005:رفعة الشرف والرئاسة
C552	0.664	confrontation / combat / conflict_security/conflict / conflict	23	8	10	9	0.06060286	0.2143	1.0	0.7778	5,6,10,24,26,30,62,79,84,85,100,103,109,112,115,118,120,124,130,145,164,177,181	س ل م س م و ش ه ب ص ل ح ق و م ن ب ذ ن ز ل و ق ف	kw:confrontation(44.6404); kw:combat(38.0487); theme:conflict_security/conflict(36.5083); kw:conflict(34.5926); kw:competition(34.5343); kw:settlement(30.9257); kw:reconciliation(29.9889); kw:battle(28.7797)	س ل م:B004:الصلح والمسالمة ضد الحرب → ص ل ح:B002:الصلح إزالة النفار بين الناس
C553	0.6638	spirit / reptile / snake / ritual_belief/belief_revelation	21	11	15	20	0.06201369	0.2041	1.0	0.8	3,7,10,14,16,36,43,53,55,57,58,59,64,65,83,84,102,105,127,158,173	ء ص ل ت ب ع ت ل و ج ن د ج ن ن ح ض ر ر ء ي ش ط ن ش ي ع ق ل ب م و ت	kw:spirit(59.5205); kw:reptile(57.219); kw:snake(56.8924); theme:ritual_belief/belief_revelation(46.5028); kw:haunting(38.5491); kw:illness(37.9386); kw:danger(35.8423); kw:viper(34.1547)	ت ل و:B001:اتباع وتتابع → ت ب ع:B001:التلو والقفو
C554	0.6637	blood / observation / sight / gaze	22	11	17	27	0.06700975	0.2177	0.963	0.7037	5,14,15,19,45,47,48,55,64,70,73,88,102,105,106,113,117,156,158,168,175,179	ب ص ر ب ي ن خ ر ج ر ء ي ط ر ف ع ن د ع ي ن ن ز ف ن ظ ر ن ف س ه ر ع	kw:blood(62.3609); kw:observation(58.6776); kw:sight(56.8924); kw:gaze(54.9176); theme:cognition_perception/perception(52.7085); kw:knowledge(44.8244); kw:perception(38.0967); kw:eye(35.9198)	ر ء ي:B001:رؤية العين والبصيرة → ب ص ر:B001:إبصار العين
C555	0.6637	disease / ailment / body_health_life/disease_injury / medicine	26	14	14	15	0.05469472	0.1648	1.0	0.9333	8,14,30,36,43,46,47,49,55,66,84,85,90,93,97,102,105,115,118,124,138,144,158,164,174,178	ب ط ن ب ي ض ج ن ب ج ن ن د ب ر ر ء ي س و ي ض ر ب ع ق ل ق ل ب ق و م ل ق ي ن ز ف و ل ي	kw:disease(69.0687); kw:ailment(44.0082); theme:body_health_life/disease_injury(38.4275); kw:medicine(37.3676); kw:equipment(36.4065); kw:lameness(32.1114); kw:knee(31.7301); kw:pad(31.0619)	س و ي:B010:السَّويّة على ظهر البعير → و ل ي:B011:ولية تحت الرحل
C556	0.6637	binding / rope / firmness / reinforcement	15	12	13	13	0.0637034	0.1688	1.0	0.9231	7,11,31,37,46,65,76,92,115,137,138,150,154,176,180	ح ق ق ح ك م ش د د ش ر ب ش ط ن ع ج ل ع ز ز ع ق ل ك ر ب م ر ر م ل ك ن ط ق	kw:binding(63.9861); kw:rope(63.0508); kw:firmness(52.1902); kw:reinforcement(45.3471); kw:fastening(42.434); kw:solidity(41.7788); kw:precision(32.5328); kw:tether(29.3388)	ش ط ن:B002:الحبل الطويل والشد → م ر ر:B005:إحكام فتل الحبل
C557	0.6637	sword / blade / conflict_security/weaponry / weaponry	17	11	11	10	0.05700011	0.1818	1.0	0.9	23,30,35,45,46,47,49,65,68,70,85,93,115,118,124,150,164	ء ث ر ء ن ث ب ي ض ر ء س ر ج ع ص ر ط ض ر ب ط و ف غ و ل ق و م ك ب ر	kw:sword(78.0215); kw:blade(53.1324); theme:conflict_security/weaponry(44.5831); kw:weaponry(38.5105); kw:tool(31.8); kw:handle(30.7655); theme:conflict_security/violence_warfare(29.1167); kw:honor(22.9412)	ء ث ر:B007:أثر السيف في لمعانه أو ضربته → ض ر ب:B014:موضع الضرب وآلته وصنعته
C558	0.6636	nobility / virtue / generosity / honor	20	12	16	32	0.05545551	0.2909	0.8438	0.6562	9,11,21,33,34,38,42,48,59,62,64,75,90,102,104,127,146,149,152,176	خ ر ج خ ي ر د ب ر س ع ي ط ر ف ع ذ ب ف ت ي ف ع ل ق ط ن ك ذ ب ك ر م ن د و	kw:nobility(89.8577); kw:virtue(87.3052); kw:generosity(85.1471); kw:honor(57.3531); kw:kinship(38.0967); kw:magnanimity(35.7766); kw:character(34.787); theme:emotion_ethics/ethics_morality(32.9077)	ف ع ل:B002:فَعال الخلق → خ ي ر:B005:الكرم والهبة
C559	0.6636	land_water_sky/water_hydrology / water / hydrology / basin	36	16	17	21	0.05955758	0.1556	1.0	0.8571	5,8,11,21,25,31,37,41,45,46,48,57,67,75,79,84,87,92,96,99,100,102,104,107,116,125,126,127,149,150,158,164,170,172,180,182	ج ي ء ح ض ر ح م م خ ل ق ذ ب ح ر ب ب ش ر ب ص ب ر ع ل م ع ي ن ف ص ل ق ذ ف ن د ي ن ص ر ن ط ق و ه ب	theme:land_water_sky/water_hydrology(88.6362); kw:water(67.7898); kw:hydrology(64.5801); kw:basin(63.4145); kw:pool(57.219); kw:geology(47.0087); kw:channel(39.8493); kw:resource(36.0777)	ر ب ب:B013:ماء رَبَب كثير → ع ل م:B005:ماء كثير مجتمع في عيلم
C560	0.6633	sleep / rest / slumber / night	13	10	15	23	0.06243807	0.2447	0.9565	0.7391	14,15,35,44,46,55,90,101,102,105,137,138,177	ح ل م د ب ر ر ء ي س ح ر س ر ر ص ب ح ك ب ر ل ذ ذ ل ي ل ن و م	kw:sleep(118.2462); kw:rest(66.6687); kw:slumber(65.0657); kw:night(58.6452); kw:dream(50.3071); kw:cycle(48.7706); kw:time(45.0739); kw:morning(43.7155)	ر ء ي:B003:الرؤيا في المنام → ح ل م:B002:رؤية المنام والاحتلام
C561	0.6632	majority / honor / suffering / awe	18	10	17	31	0.06320435	0.2583	0.9355	0.6129	6,12,16,20,21,26,35,53,60,76,102,107,113,115,134,135,144,180	ء م ر ج م ع ع ج ب ع ج ز ع ز ز ع ظ م ك ب ر ك و ك ب ن ف س ي و م	kw:majority(52.326); kw:honor(34.4119); kw:suffering(34.0588); kw:awe(33.5381); kw:oldness(33.5381); kw:greatness(33.5381); kw:astonishment(33.004); kw:marvel(32.1114)	ع ج ب:B001:التعجب من أمر غير مألوف → ء م ر:B006:الأمر العظيم المنكر
C562	0.6632	elevation / geology / basin / mountain	30	17	17	22	0.05744818	0.1618	1.0	0.8636	8,10,11,21,37,43,44,54,55,57,65,73,75,80,84,92,96,100,102,105,107,110,113,121,125,131,135,140,150,170	ث ق ب ج ي ء ح س ن خ ل ق ذ ب ح س ر ر ص ب ر ط ل ع ع ج ز ع ق ب ف ص ل ف ل ك ق ذ ف ك ف ر ن ط ق ن ع م و ه ب	kw:elevation(58.9962); kw:geology(58.7608); kw:basin(50.7316); kw:mountain(49.1262); kw:terrain(43.1677); kw:hydrology(43.0534); kw:mound(42.2076); kw:ridge(41.9894)	خ ل ق:B011:نقرة أو بئر تمسك الماء → و ه ب:B003:نقرة في الصخر تمسك الماء
C563	0.6632	darkness / night / time / time_measure_quantity/time	21	14	15	19	0.06006675	0.1827	1.0	0.8421	15,20,21,22,26,34,36,43,44,51,55,67,90,135,138,144,148,158,170,174,178	ج ر م ج ن ن ح ش ر ح م م ح ي ن د ب ر س ح ر س ر ر س و ي غ ب ر ق ر ن ك ف ر ل ي ل ي و م	kw:darkness(62.8738); kw:night(58.6452); kw:time(54.0886); theme:time_measure_quantity/time(51.7044); kw:calendar(48.4301); kw:duration(37.8305); kw:cycle(36.578); kw:expiration(34.884)	ي و م:B002:مدة من الزمان → ح ي ن:B001:وقت الشيء وأوانه
C564	0.6632	color / appearance / change / complexion	16	13	13	18	0.05211666	0.2308	1.0	0.7222	1,5,10,15,22,34,46,47,49,75,104,135,137,141,165,177	ب ي ض ج ر م ز و ج س ح ر س ه م ش ر ب ش ر ق ش ه ب ص ب ح ص ف ف غ ب ر غ و ل ن د ي	kw:color(122.9027); kw:appearance(53.8879); kw:change(50.8811); kw:complexion(29.1436); kw:brightness(28.6095); kw:emotion(25.7268); kw:cooking(25.4406); kw:transformation(25.1495)	ش ر ق:B003:اشتداد اللون وامتلاؤه → ص ب ح:B006:الصُّبْحة والصباحة
C565	0.6631	order / succession / continuity / sequence	27	11	17	30	0.06024215	0.25	0.9667	0.6333	3,10,30,31,33,37,39,55,61,72,73,85,90,96,115,118,123,124,133,139,147,154,164,171,174,178,181	ت ب ع ت ل و ح ق ق ح ك م ر س ل س و ي ش ر ك ع ق ب ع م ل ق و م و ل ي	kw:order(90.1406); kw:succession(62.8738); kw:continuity(62.6999); kw:sequence(58.7608); kw:precision(48.7992); theme:time_measure_quantity/sequence_cycle(38.7523); kw:series(36.9273); theme:cognition_perception/knowledge_learning(34.1892)	ت ل و:B001:اتباع وتتابع → ت ب ع:B001:التلو والقفو
C566	0.6631	speed / pregnancy / husbandry / fertility	37	16	17	27	0.05908959	0.2	0.963	0.6667	1,2,8,10,14,19,22,31,37,40,42,55,68,70,74,76,81,85,93,94,95,97,102,105,111,115,122,128,132,134,153,160,161,165,169,171,176	ح ق ق خ ط ف ر ء ي ر ج ع ز ج ر ز ف ف ص ف ف ص ف و ض ر ب ع ب د ع ج ل ف ك ه ق ذ ف ل ق ي ن ج و ه ر ع	kw:speed(68.2325); kw:pregnancy(64.8028); kw:husbandry(56.483); kw:fertility(53.198); theme:body_health_life/reproduction_birth(52.1725); kw:transport(40.6253); kw:udder(39.7012); kw:haste(39.5566)	ر ء ي:B010:ظهور حمل الناقة أو الشاة → ر ج ع:B013:راجع الناقة وحملها
C567	0.6631	permanence / continuance / obligation / persistence	21	10	12	12	0.06046268	0.1875	1.0	0.8333	5,9,11,20,28,31,37,53,57,77,84,87,93,99,100,102,103,126,149,180,182	ب ق ي ت ل ل ح ق ق د ي ن ر ب ب ل ز ب ن و م و ص ب و ه ب ي م ن	kw:permanence(82.3764); kw:continuance(46.5929); kw:obligation(45.1127); kw:persistence(38.2751); theme:condition_force_change/stability_endurance(37.4857); kw:fixity(33.004); kw:duty(32.5328); kw:habit(29.9889)	و ص ب:B001:دوام الشيء ولزومه → و ه ب:B007:دوام الشيء وثباته
C568	0.663	relation / counterpart / comparison / division	19	10	14	18	0.06155786	0.2143	1.0	0.7778	4,5,15,19,21,22,51,55,61,97,102,106,113,117,147,149,153,156,158	ء ل ف ب ن ي ب ي ن ز و ج س و ي ف ص ل ق ر ن م ث ل ن س ب و ح د	kw:relation(57.3531); kw:counterpart(41.7788); kw:comparison(38.3916); kw:division(36.4916); kw:solitude(31.0619); kw:similarity(30.7655); kw:mathematics(30.4895); kw:tension(29.544)	ب ي ن:B008:انفراج العضو أو الشيء عن ملاصقه → ب ن ي:B005:قوس بانية تلصق بوترها
C569	0.6629	joining / pairing / binding / kinship_society/social_relations	20	12	17	26	0.06354215	0.2016	0.9615	0.7692	7,8,22,23,27,46,50,51,69,91,94,99,117,134,138,140,144,147,148,157	ء ل ف ء ل ي ب ع ض ج م ع ز و ج س م ع ش ر ب ع ق ل ق ر ن ك ت ب ك ل ل ل ف ي	kw:joining(84.4151); kw:pairing(51.232); kw:binding(51.1888); theme:kinship_society/social_relations(44.5454); kw:companion(44.0082); kw:union(41.7788); theme:time_measure_quantity/quantity_number(38.5263); kw:attachment(37.1238)	ج م ع:B001:ضم المتفرق حتى يصير شيئا مجموعا → ء ل ف:B002:ضم الشيء إلى الشيء والتأليف
C570	0.6628	settlement / space_form_boundary/place_location / dwelling / residence	24	12	12	11	0.05684036	0.1667	1.0	0.9091	3,16,19,28,46,49,53,58,59,60,73,88,89,102,103,112,117,125,145,146,148,157,174,178	ء ت ي ب ي ض ت ل و ج ب ن ح ي ن د ع و س ق م ف و ز ق ط ن م و ت ن ب ء ن ظ ر	kw:settlement(51.5428); theme:space_form_boundary/place_location(44.9643); kw:dwelling(40.3171); kw:residence(37.8305); kw:habitation(37.0293); kw:lodging(30.4895); kw:humility(29.3388); kw:destruction(23.9988)	ح ي ن:B004:الإقامة حينا في مكان → ق ط ن:B001:الإقامة والسكون في المكان
C571	0.6627	family / kinship / inheritance / offspring	33	14	17	30	0.05569242	0.2308	1.0	0.6333	3,5,7,8,16,31,48,53,57,58,59,67,73,76,84,87,90,97,99,100,102,126,134,135,141,149,152,153,158,174,178,180,182	ء ه ل ب ن ي ت ل و ح م م ر ب ب س ه م ط ر ف ع ج ز ع ق ب ك ل ل م و ت ن س ب و ل د و ل ي	kw:family(79.8764); kw:kinship(66.6692); kw:inheritance(65.9276); kw:offspring(62.1956); kw:child(56.5787); kw:lineage(54.1778); kw:parent(48.7992); kw:ancestry(43.4363)	ع ق ب:B004:العَقِب من الولد → ع ج ز:B007:آخر الولد عند كبر الأبوين
C572	0.6627	joining / maturity / time_measure_quantity/quantity_number / completion	24	15	16	23	0.06112665	0.1933	0.9565	0.7826	7,8,11,23,27,50,55,69,91,94,96,99,101,102,112,117,125,134,140,144,147,148,150,157	ء ل ف ء ل ي ب ش ر ب ع ض ب ل غ ج م ع ح ل م خ ل ق س و ي ش د د ش ي ء ك ت ب ك ل ل ل ف ي م ع ع	kw:joining(56.2768); kw:maturity(52.3699); theme:time_measure_quantity/quantity_number(51.3684); kw:completion(37.7243); kw:adulthood(34.1547); kw:entirety(31.7301); theme:body_health_life/life_stage_aging(31.4693); kw:conformity(31.3821)	ش د د:B004:بلوغ الأشد → س و ي:B005:بلوغ وتمام الشباب
C573	0.6626	growth / palm / increase / blessing	27	17	17	33	0.05906509	0.2426	0.9394	0.5152	28,34,36,43,54,55,62,63,64,65,66,71,77,84,88,91,93,98,102,113,117,134,146,147,157,158,163	ء ت ي ء ك ل ء م ر ب ر ك ج ر م ج ع ل ج م ع ج ن ن ز ي د ش ج ر ص ل ي ط ل ع ق ل ب ك ث ر ن ب ت ن ج م ي م ن	kw:growth(84.2854); kw:palm(68.2325); kw:increase(53.335); kw:blessing(51.1888); kw:prosperity(51.1888); theme:agriculture_food/plant_vegetation(50.6883); kw:plant(50.2216); kw:tree(45.2608)	ء م ر:B004:النماء والبركة → ب ر ك:B004:خير ثابت نام وبركة
C574	0.6626	beauty / aesthetics / appearance / radiance	32	15	17	27	0.05603445	0.2015	1.0	0.7037	6,8,12,14,19,31,37,43,46,49,54,55,56,57,65,66,73,75,80,88,101,102,105,110,112,113,121,125,131,137,141,177	ب ش ر ب ي ض ح س ن ح ق ق ر ء ي ر د ي ز ي ن س ه م س و ء ص ب ح ط ل ع ع ج ب م ل ء ن ظ ر ن ع م	kw:beauty(91.765); kw:aesthetics(76.3217); kw:appearance(64.6655); kw:radiance(42.6693); kw:perception(38.0967); kw:view(36.9273); kw:face(35.9982); kw:value(35.5423)	ر ء ي:B006:مرأى ومنظر ومرآة → ن ظ ر:B004:ظهور الشيء للناظر أو حسن مرآه
C575	0.6625	milk / mixture / agriculture_food/food_nutrition / dairy	22	11	14	21	0.05574332	0.2386	1.0	0.619	10,17,32,37,46,49,59,67,70,71,72,82,93,103,123,126,133,139,147,168,171,181	ء و ل ب ي ض ج ب ن ح م م ر س ل ش ه ب ش و ب ض ر ب غ ر ق غ و ي ه ر ع	kw:milk(68.9456); kw:mixture(62.033); theme:agriculture_food/food_nutrition(50.1927); kw:dairy(36.6655); kw:admixture(34.884); kw:timidity(33.5381); theme:craft_material_built/substance_texture(32.4378); kw:cowardice(30.2314)	ش ه ب:B006:لبن أرقه الماء → ش و ب:B001:خلط شيء بشيء
C576	0.6625	chest / bone / skeleton / body_health_life/anatomy	28	13	14	18	0.05854757	0.2	0.9444	0.7778	7,8,15,16,21,26,34,36,42,43,44,53,60,66,76,79,84,101,103,107,109,113,115,120,130,144,158,181	ب ر ك ب ط ن ت ر ب ج ر م ج ن ن ح ل م س ح ر س ر ر س ل م ع ظ م ف ص ل ك ر م ك ل ل	kw:chest(65.4624); kw:bone(64.3861); kw:skeleton(57.219); theme:body_health_life/anatomy(53.4575); kw:breast(44.6404); kw:body(43.6008); kw:joint(41.0035); kw:anatomy(39.2355)	ع ظ م:B005:العَظْم الصلب → ف ص ل:B005:مفصل بين عضوين أو قطعتين
C577	0.6625	marriage / sexuality / gender / intimacy	26	14	15	16	0.0602484	0.1538	1.0	0.9375	22,24,27,33,37,50,52,62,68,72,87,98,101,102,105,112,123,125,133,134,139,147,157,171,177,181	ب ش ر ب ع ل ج م ع ر ج ع ر س ل ز و ج س ء ل س ع ي س ف ل س و ء ش ر ك ص د ق ظ ن ن ن ز ل	kw:marriage(113.5294); kw:sexuality(53.2649); kw:gender(42.2961); kw:intimacy(39.5566); kw:intercourse(38.7554); kw:family(34.2328); kw:courtship(32.5328); kw:wife(30.2314)	ز و ج:B002:زوج النكاح → ر ج ع:B004:رجعة المرأة في النكاح والأهل
C578	0.6625	bone / skeleton / anatomy / body_health_life/anatomy	32	12	13	13	0.05902345	0.1688	1.0	0.8462	8,16,21,26,34,36,37,43,46,49,53,60,72,76,79,84,90,102,103,107,109,115,120,123,130,133,138,139,147,158,171,181	ب ي ض ت ر ب ج ر م ج ن ب ج ن ن د ب ر ذ ب ح ر س ل س ل م ع ظ م ع ق ل ف ص ل	kw:bone(64.3861); kw:skeleton(57.219); kw:anatomy(47.0826); theme:body_health_life/anatomy(43.4343); kw:joint(41.0035); kw:limb(37.4165); kw:disease(34.5343); kw:sternum(32.5328)	ع ظ م:B005:العَظْم الصلب → ف ص ل:B005:مفصل بين عضوين أو قطعتين
C579	0.6625	grammar / command / deixis / configuration	61	12	14	12	0.05511873	0.1348	1.0	0.8333	5,8,14,15,16,20,21,22,26,28,29,30,31,32,34,35,36,39,48,51,53,56,57,60,61,62,73,78,79,80,84,85,87,99,100,102,103,105,106,108,109,110,116,119,120,121,125,126,129,130,131,141,143,149,157,167,168,169,180,181,182	ء ي ي ت ر ك ذ و و ر ب ب س ل م ع ل و ع ن د ك و د ك و ن ه ا ء و ذ ر و ه ب	kw:grammar(63.7919); kw:command(56.2768); kw:deixis(47.5952); kw:configuration(38.5491); kw:preposition(36.9273); kw:imperative(34.884); kw:calculation(31.7301); kw:existence(30.2314)	ع ل و:B012:حرف عَلَى وما جرى مجراه → ع ن د:B006:إغراء عندك بالأخذ
C580	0.6625	liability / surety / guarantee / trust	31	8	9	7	0.06103433	0.2	1.0	0.7143	3,16,21,22,27,28,29,30,32,35,36,39,43,44,50,51,53,57,71,73,94,102,116,134,141,143,157,158,167,169,170	ب ل غ ت ل و ج م ع ج ن ن ص ب ر ق ب ل ك ف ر ك و ن	kw:liability(65.4624); kw:surety(47.5952); kw:guarantee(46.1482); kw:trust(37.4165); kw:contract(36.9363); kw:responsibility(27.9929); kw:livelihood(25.5168); theme:law_governance/obligation_contract(24.0043)	ق ب ل:B008:ضمان الشيء والتكفل به → ص ب ر:B003:تحمل الكفالة والملازمة
C581	0.6624	presentation / arrival / alliance / approach	20	9	14	22	0.05924291	0.2651	1.0	0.5455	3,8,13,25,28,37,66,84,90,102,112,116,117,134,155,157,168,172,174,178	ء ت ي ج م ع ج ي ء ذ ك ر ش ي ء م ل ء ن ب ء ن ص ر و ل ي	kw:presentation(49.5059); kw:arrival(49.3724); kw:alliance(40.3171); kw:approach(36.9363); kw:coming(33.5381); kw:conveyance(32.1114); kw:occurrence(31.0619); kw:giving(30.4895)	م ل ء:B003:ممالأة على الأمر → ج م ع:B013:ممالأة واجتماع مع غيرك على أمر
C582	0.6624	credit / sale / price / debt	33	12	17	22	0.06184318	0.1818	1.0	0.8636	10,20,26,30,39,45,48,53,68,79,80,84,85,90,103,105,109,110,113,115,118,120,121,124,130,131,145,159,164,174,178,180,181	ت ب ع ج ز ي د ي ن ر ج ع س ل م ط ر ف ع ي ن ق و م ن ب ذ ن ف س و ص ف و ل ي	kw:credit(82.5099); kw:sale(68.9644); kw:price(59.0879); kw:debt(56.5787); theme:economy_property/finance_debt(53.6733); kw:envy(50.3071); kw:contract(49.2484); kw:loan(48.1671)	ع ي ن:B004:الإصابة بالعين → ن ف س:B003:إصابة العين بالنفس
C583	0.6624	stone / hardness / geology / rock	39	15	16	18	0.06440919	0.1513	1.0	0.7778	1,8,22,26,30,37,40,52,56,74,79,81,84,85,93,95,102,103,105,109,111,120,122,128,130,132,153,157,160,161,163,165,169,171,173,175,179,180,181	ب ص ر ج ن د ر د ي س ل م ص ب ر ص د ق ص ف ف ص ف و ص ل ي ض ر ب ط غ و ع ب د ع ز ز ق ذ ف ن ح ت	kw:stone(119.2197); kw:hardness(98.9968); kw:geology(82.2652); kw:rock(70.7234); kw:slab(48.7992); kw:terrain(43.1677); theme:land_water_sky/earth_geology(38.9612); kw:texture(34.5343)	ق ذ ف:B001:رمي وطرح بعيد → ر د ي:B001:الرمي بالحجر والصخرة
C584	0.6624	husbandry / watering / irrigation / animal_life/husbandry	21	9	13	16	0.05504904	0.2254	1.0	0.8125	12,22,26,27,29,30,37,44,46,50,63,71,75,86,94,98,104,113,125,137,177	ب ع ل ب ل ل ر و د ش ر ب ص ب ح ظ ل م ق ب ل ن د و ن د ي	kw:husbandry(56.483); kw:watering(55.1716); kw:irrigation(38.3916); theme:animal_life/husbandry(32.1641); kw:drink(26.4674); kw:liquid(25.2203); kw:return(23.9988); kw:pasture(23.0643)	ن د و:B006:تندية الإبل والخيل بين الماء والمرعى → ن د ي:B004:تندية الإبل والخيل بين الماء والمرعى
C585	0.6624	grammar / syntax / deixis / language_communication/grammar_expression	35	11	14	12	0.06009275	0.1379	1.0	1.0	5,8,14,15,20,21,31,34,37,48,52,55,57,60,61,62,80,84,85,87,99,100,102,105,106,110,121,126,131,147,149,157,168,180,182	ء ل ف ء ي ي ذ و و ر ء ي ر ب ب ص د ق ع ل و ع ن د ف ص ل ه ا ء و ه ب	kw:grammar(114.8254); kw:syntax(75.5784); kw:deixis(63.4603); theme:language_communication/grammar_expression(54.9343); kw:pronoun(52.326); kw:alphabet(52.326); kw:attention(47.3897); theme:language_communication/writing_text(45.3795)	ء ل ف:B006:الألف حرف من حروف الهجاء → ه ا ء:B006:الهاء حرف هجاء
C586	0.6623	water / drink / resource / survival	28	12	17	32	0.05648301	0.25	0.875	0.6875	1,5,9,31,33,38,46,47,57,59,68,82,84,87,99,100,113,126,127,137,149,150,158,165,176,177,180,182	ح ض ر ر ب ب ر ج ع ش ر ب ش ه د ص ب ح ص ف ف ع ذ ب غ ر ق م ل ك ن ز ف ن ف س	kw:water(101.6847); kw:drink(66.1686); kw:resource(60.1294); kw:survival(59.6098); kw:nourishment(51.5089); kw:draught(49.5059); kw:consumption(36.2398); kw:palatability(33.5381)	ش ر ب:B001:تناول المائع → ن ف س:B006:نفس الشرب وجرعته
C587	0.6623	running / perseverance / battle / commitment	48	15	17	20	0.05833766	0.1493	1.0	0.8	5,7,9,11,22,23,24,30,31,40,55,57,62,64,68,74,76,81,84,85,87,95,97,98,99,100,102,111,113,115,118,122,124,126,127,128,132,149,158,160,161,163,164,169,171,177,180,182	ء م ر ب ر ك ج ح م ح ض ر ح ف ظ ر ب ب ش د د ع ب د ق و م ك ر ب ك ي د ن ز ل و ص ب و ق ف و ه ب	kw:running(54.6714); kw:perseverance(47.5952); kw:battle(43.1696); kw:commitment(42.2076); kw:persistence(38.2751); kw:combat(38.0487); kw:stability(37.0293); theme:conflict_security/violence_warfare(32.7563)	ح ف ظ:B003:ملازمة الأمر والمواظبة عليه → ق و م:B004:رعاية وحفظ وولاية
C588	0.6621	wetness / dampness / moisture / dew	14	8	17	30	0.06282226	0.2459	0.9333	0.6667	3,12,26,29,30,37,68,75,90,102,103,104,174,178	ب ل ل ت ل ل ت ل و ر ج ع ش ي ء ن د و ن د ي و ل ي	kw:wetness(62.1239); kw:dampness(52.326); kw:moisture(52.0143); kw:dew(48.1671); kw:rain(47.3897); kw:fertility(42.5584); kw:weather(37.9455); kw:water(33.8949)	ت ل و:B003:بقية تتلو ما قبلها → ت ل ل:B010:التلة بقية دين
C589	0.6621	urgency / haste / priority / precedence	43	17	17	28	0.05700953	0.2059	1.0	0.5357	8,11,16,17,21,22,24,27,40,44,50,59,70,71,74,76,78,81,82,85,94,95,102,108,111,115,119,122,126,127,128,129,132,134,136,144,152,160,161,168,169,171,176	ء خ ر ء و ل ب ع ث س ب ق س ع ي ش د د ع ب د ع ج ل ع ل و ق ب ل ق ذ ف ك ذ ب ك ر ب ل ب ث ن ج و ه ر ع و ق ف	kw:urgency(84.4151); kw:haste(65.9276); kw:priority(56.8924); kw:precedence(54.9176); theme:time_measure_quantity/sequence_cycle(50.378); kw:speed(45.4883); kw:time(45.0739); theme:time_measure_quantity/time(44.3181)	ك ذ ب:B005:ما كذب أن فعل أي ما لبث → ع ب د:B009:قلة اللبث وسرعة العدو
C590	0.662	severity / climate / environment / cold	21	15	17	33	0.05520002	0.2463	0.9394	0.6364	10,11,20,21,23,26,34,55,64,67,68,93,97,102,137,141,144,145,153,163,180	ء م ر ج ح م ج ر م ح م م س ه م ش ه ب ص ب ر ص ف و ض ر ب ع ر ي ع ز ز ل ز ب م ر ر م ع ع ي و م	kw:severity(71.2318); kw:climate(71.0845); kw:environment(55.9858); kw:cold(55.1716); theme:land_water_sky/fire_heat(47.2463); kw:frost(46.1482); kw:temperature(44.9833); kw:heat(44.0812)	ل ز ب:B003:الشدة والضيق والقحط → ع ز ز:B008:الشدة في السنة والمطر والسيل
C591	0.6619	dawn / sunrise / light / cycle	27	16	17	28	0.05809919	0.2074	0.9643	0.7143	5,11,15,20,21,26,30,35,48,54,55,65,77,85,90,101,112,113,115,118,124,137,138,144,148,164,177	ب ش ر د ب ر ذ ر ر س ح ر ش د د ش ر ق ص ب ح ط ل ع ع ق ل ق ص ر ق و م ك ب ر ل ي ل م ت ع ن ف س ي و م	kw:dawn(99.0127); kw:sunrise(85.3867); kw:light(78.3193); kw:cycle(73.1559); kw:time(63.1034); kw:shadow(59.5205); kw:darkness(50.299); kw:emergence(49.8887)	ش د د:B005:شد النهار وارتفاعه → ك ب ر:B013:أكبر النهار
C592	0.6619	belly / edge / side / cavity	19	13	16	25	0.05731961	0.2155	0.96	0.8	8,15,22,36,43,44,48,66,76,101,112,115,134,138,144,146,158,175,179	ب ش ر ب ص ر ب ط ن ج ن ب ج ن ن ح ش ر س ح ر س ر ر ط ر ف ع ق ل ق ذ ف ق ط ن ن ج و	kw:belly(50.8811); kw:edge(46.1287); kw:side(44.8244); kw:cavity(29.1436); kw:boundary(28.9506); kw:womb(26.6675); kw:swelling(26.371); theme:body_health_life/reproduction_birth(24.0796)	ب ط ن:B005:حال البطن من امتلاء أو علة → ع ق ل:B006:العُقول يمسك البطن
C593	0.6619	sky / rain / land_water_sky/weather_climate / cloud	30	14	14	17	0.05949579	0.1868	1.0	0.7059	5,6,7,8,9,16,31,33,38,41,45,48,53,57,59,64,67,68,84,87,93,99,100,102,126,135,149,176,180,182	ء ر ض ت ر ب خ ر ج ر ب ب ر ج ع ر ز ق س م و ش و ب ص ب ر ض ر ب ع ذ ب ع ي ن غ ب ر ك ل ل	kw:sky(71.8395); kw:rain(71.0845); theme:land_water_sky/weather_climate(55.3043); kw:cloud(49.8887); kw:weather(47.4318); kw:earth(45.5656); kw:water(33.8949); kw:fertility(31.9188)	ر ب ب:B008:رباب السحاب → ص ب ر:B010:سحاب أبيض متراكم
C594	0.6618	dampness / dew / wetness / watering	16	7	17	32	0.06050554	0.2832	0.9375	0.6562	12,26,27,29,30,37,44,46,50,68,71,75,86,94,98,104	ب ل ل ر ج ع ر و د ش ر ب ق ب ل ن د و ن د ي	kw:dampness(52.326); kw:dew(48.1671); kw:wetness(46.5929); kw:watering(41.3787); kw:recovery(40.4815); kw:moisture(39.0107); kw:charity(37.2198); kw:forum(36.9273)	ن د و:B001:اجتماع القوم في النادي والندوة → ن د ي:B003:مجلس القوم واجتماعهم
C595	0.6618	star / astronomy / light / land_water_sky/sky_astronomy	19	16	17	30	0.06043005	0.2222	1.0	0.6333	5,6,10,44,57,66,83,84,88,90,91,98,102,107,127,137,140,158,177	ء ك ل ث ق ب ح ض ر د ب ر ذ ب ح ز ي ن س ر ر ش ر ق ش ه ب ش ي ع ص ب ح ف ل ك ق ل ب ك و ك ب ك ي د ن ج م	kw:star(89.8577); kw:astronomy(85.6592); kw:light(78.3193); theme:land_water_sky/sky_astronomy(77.0844); kw:mansion(62.1239); kw:constellation(58.2873); kw:fire(56.957); kw:planet(50.3071)	ك و ك ب:B001:الكوكب نجم في السماء → ن ج م:B001:الكوكب الطالع
C596	0.6618	firmness / strength / solidity / precision	32	14	16	17	0.06720221	0.1441	1.0	0.8235	10,11,22,31,37,40,52,55,66,74,76,81,85,91,95,102,105,111,115,117,122,128,132,137,150,154,157,160,161,169,171,180	ء ك ل ب ل غ ت ب ع ح ق ق ح ك م س و ي ش د د ص د ق ع ب د ع ز ز ك ت ب ك ر ب م ر ر م ل ك	kw:firmness(78.2852); kw:strength(56.6699); kw:solidity(55.7051); kw:precision(48.7992); kw:reinforcement(45.3471); kw:maturity(39.2775); kw:completion(37.7243); kw:confirmation(33.5381)	ش د د:B002:شدة القوة والصلابة → ع ب د:B007:القوة والصلابة
C597	0.6618	gambling / arrow / lot / residue	25	12	14	14	0.06029928	0.1573	1.0	0.9286	5,8,30,31,49,54,55,57,60,64,65,77,84,87,90,99,100,113,126,135,141,149,156,180,182	ب ق ي خ ر ج د ب ر ر ب ب س ل ط س ه م ط ل ع ع ل و غ ب ر ف و ز ك ن ن ن ف س	kw:gambling(77.6548); kw:arrow(50.5848); kw:lot(43.1696); kw:residue(37.9386); theme:conflict_security/weaponry(35.6665); kw:projectile(29.3388); kw:point(28.6095); kw:remainder(28.1384)	ر ب ب:B010:ربابة تجمع القداح → ك ن ن:B004:الكِنانة للسهام
C598	0.6618	navigation / tool / transport / craft_material_built/tools_equipment	38	11	11	9	0.05143682	0.1636	1.0	0.8889	7,15,16,18,20,24,28,29,30,31,35,36,45,51,52,53,54,56,60,76,85,86,89,91,93,95,97,98,99,102,107,115,118,124,140,151,164,167	ر د ي ر و د ش ح ن ض ر ب ط و ف ع ظ م ف ل ك ق و ل ق و م م ر د و ق ف	kw:navigation(42.7746); kw:tool(42.4); kw:transport(40.6253); theme:craft_material_built/tools_equipment(34.9197); kw:vessel(32.29); kw:handle(30.7655); kw:stick(28.9576); kw:rotation(28.4462)	ق و ل:B008:عود القال لضرب القلة → ض ر ب:B014:موضع الضرب وآلته وصنعته
C599	0.6617	following / pursuit / time_measure_quantity/sequence_cycle / order	20	12	17	29	0.06014399	0.2248	0.931	0.7241	3,10,17,27,44,50,59,70,71,73,83,90,94,103,126,163,168,171,174,178	ء ث ر ء و ل ت ب ع ت ل ل ت ل و د ب ر س ب ق ش ي ع ص ل ي ع ق ب ق ب ل و ل ي	kw:following(87.4309); kw:pursuit(62.3609); theme:time_measure_quantity/sequence_cycle(54.2533); kw:order(51.5089); kw:succession(50.299); kw:priority(42.6693); kw:precedence(41.1882); kw:continuity(37.6199)	ت ل و:B001:اتباع وتتابع → ت ب ع:B001:التلو والقفو
C600	0.6616	proximity / relation / nearness / adjacency	25	12	16	25	0.06137955	0.2174	1.0	0.64	6,8,14,15,20,21,23,42,48,55,60,61,76,86,90,93,102,105,106,115,127,152,168,174,178	د ن و د و ن ر ء ي ض ر ب ع ل و ع ن د ف ك ه ق ص ر ك ذ ب ك ر ب ه ا ء و ل ي	kw:proximity(72.3164); kw:relation(57.3531); kw:nearness(52.1902); kw:adjacency(47.0731); kw:command(42.2076); kw:space(42.0421); kw:approximation(34.884); kw:exhortation(34.1547)	د و ن:B004:الإغراء بالتناول → ع ن د:B006:إغراء عندك بالأخذ
C601	0.6616	place / space_form_boundary/place_location / settlement / location	26	10	11	9	0.05339789	0.1667	1.0	1.0	16,26,53,63,77,79,84,97,98,100,101,102,103,109,112,120,130,142,143,149,153,158,159,166,180,181	ب ن ي ت ر ب ج ع ل ح ل م س ب ح س ل م ص ب ر ص ل ح غ ل م ل ق م	kw:place(51.5428); theme:space_form_boundary/place_location(44.9643); kw:settlement(41.2343); kw:location(41.1882); kw:mecca(35.7766); kw:toponym(35.6904); kw:biography(32.5328); kw:river(29.1436)	ب ن ي:B003:البِنْية للبيت الحرام ومكة → ص ل ح:B005:صلاح والصلح علمان لمواضع
C602	0.6614	pregnancy / milk / husbandry / camel	24	15	17	28	0.05889722	0.209	0.9643	0.7143	2,10,12,14,19,26,29,30,31,37,42,46,55,68,90,93,97,102,105,113,137,138,153,177	ب ر ك ب ل ل ث ق ب ح ق ق د ب ر ر ء ي ر ج ع ز ج ر ش ر ب ص ب ح ص ف و ض ر ب ع ق ل ف ك ه ل ق ي	kw:pregnancy(64.8028); kw:milk(57.4546); kw:husbandry(56.483); kw:camel(55.6001); kw:fertility(53.198); theme:body_health_life/reproduction_birth(52.1725); kw:yield(45.7343); kw:udder(39.7012)	ر ء ي:B010:ظهور حمل الناقة أو الشاة → ر ج ع:B013:راجع الناقة وحملها
C603	0.6614	mixture / craft_material_built/substance_texture / agriculture_food/food_nutrition / milk	39	14	15	21	0.05785483	0.2019	1.0	0.619	5,10,17,31,37,40,46,57,59,67,70,71,72,74,76,84,87,91,93,99,100,101,112,115,123,126,128,133,139,147,149,150,160,168,169,171,180,181,182	ء ث ر ء و ل ح ل م خ ل ص ر ب ب ر س ل ر و غ ش ر ب ش ه ب ش ه د ش و ب ض ر ب ك ر ب ن ب و	kw:mixture(62.033); theme:craft_material_built/substance_texture(50.4588); theme:agriculture_food/food_nutrition(46.6075); kw:milk(45.9637); kw:honey(44.0082); kw:sweetness(41.5754); kw:dairy(36.6655); kw:food(35.644)	خ ل ص:B008:استخلاص السمن والطعام → ء ث ر:B009:بقية دسم قديم أو خلاصة سمن
C604	0.6613	belly / stool / feces / excrement	19	14	15	21	0.05580309	0.2019	0.9524	0.8571	10,15,22,36,43,44,45,66,68,76,87,93,115,134,135,138,144,146,158	ب ط ن ج ن ن ح ش ر خ ط ف ر ج ع س ح ر س ر ر ض ر ب ط و ف ظ ن ن ع ق ل غ ب ر ق ط ن ن ج و	kw:belly(50.8811); kw:stool(34.884); kw:feces(33.004); kw:excrement(31.3821); kw:dung(29.9889); kw:cavity(29.1436); kw:womb(26.6675); kw:swelling(26.371)	ب ط ن:B005:حال البطن من امتلاء أو علة → ع ق ل:B006:العُقول يمسك البطن
C605	0.6612	land_water_sky/fire_heat / strength / transformation / fire	37	14	17	21	0.06654117	0.1579	0.9048	0.8095	11,16,22,23,28,40,53,55,58,59,64,66,68,74,76,81,83,85,91,95,97,101,102,111,115,117,122,128,132,137,157,160,161,163,169,171,180	ء ت ي ء ك ل ج ح م ش د د ش ي ع ص ل ي ع ب د ع ز ز غ ل م ك ر ب ل ز ب م ر ر م و ت ن و م	theme:land_water_sky/fire_heat(75.5941); kw:strength(56.6699); kw:transformation(37.7243); kw:fire(34.1742); kw:mortality(32.3757); kw:fuel(29.7602); kw:kindling(29.7602); kw:killing(29.544)	ش ي ع:B005:تذكية النار بالحطب → ص ل ي:B004:إيقاد الصلاء وتسوية الشيء بالنار
C606	0.6612	circumstance / practice / commitment / decision	39	12	12	14	0.05525511	0.2121	1.0	0.5714	7,9,15,17,18,20,21,28,29,30,31,35,36,44,51,52,53,54,56,59,71,85,86,89,91,95,97,98,99,102,115,118,124,126,134,151,164,167,168	ء م ر ء و ل ج م ع ح ف ظ د ي ن ر و د س ر ر ف ص ل ق و ل ق و م ك ب ر و ص ب	kw:circumstance(66.0079); kw:practice(43.1696); kw:commitment(42.2076); kw:decision(40.3171); kw:condition(40.1571); kw:constancy(32.5328); kw:perseverance(31.7301); kw:case(31.0619)	ق و ل:B002:اللسان آلة القول → ف ص ل:B004:لسان يفصل الأمور بالبيان
C607	0.6612	smoothness / construction / coating / binding	30	12	12	11	0.05886243	0.1667	1.0	0.8182	1,7,11,22,40,46,55,65,74,81,85,95,96,97,102,111,122,125,128,132,137,149,150,153,160,161,165,169,171,173	ب ن ي ج ن د خ ل ق س و ي ش ر ب ش ط ن ص ف ف ص ف و ط ي ن ع ب د م ر د م ر ر	kw:smoothness(64.8028); kw:construction(50.1599); kw:coating(42.9143); kw:binding(38.3916); kw:rope(37.8305); kw:hardness(37.1238); kw:geology(35.2565); kw:polish(34.1547)	ش ط ن:B002:الحبل الطويل والشد → م ر ر:B005:إحكام فتل الحبل
C608	0.6611	bird / animal_life/wildlife / banner / flag	27	12	13	12	0.0605973	0.1558	1.0	0.9167	2,8,10,12,14,19,26,29,30,37,41,43,55,57,67,73,75,79,87,102,105,113,158,164,170,171,182	ء م ر ب ر ك ب ل ل ح م م خ ط ف ر ء ي ز ج ر س ب ق ع ق ب ع ل م ع ل و ن ع م	kw:bird(93.8324); theme:animal_life/wildlife(53.7733); kw:banner(49.5059); kw:flag(33.5381); kw:raptor(32.1114); kw:ornithology(31.0619); kw:semiotics(30.7655); kw:standard(29.7602)	ح م م:B012:الحمام الطائر → ب ل ل:B010:أصوات البليل والبلبل
C609	0.661	knowledge / judgment / reason / mind	39	15	17	30	0.05529315	0.2239	1.0	0.5333	7,14,21,22,40,41,55,74,79,81,84,85,86,87,94,95,101,102,105,111,113,122,127,128,132,138,151,152,154,158,160,161,164,169,170,171,175,179,182	ء ف ك ب ص ر ح ف ظ ح ك م ح ل م ر ء ي ز ف ف ص ب ر ع ب د ع ق ل ع ل م ق ل ب ك ذ ب ن ف س و ج د	kw:knowledge(67.2365); kw:judgment(63.4441); kw:reason(59.5205); kw:mind(56.2768); kw:pride(40.6505); kw:cognition(39.422); kw:anger(38.6317); theme:cognition_perception/cognition(37.4564)	ح ف ظ:B005:حفيظة الغضب والحمية → ع ب د:B008:الأنفة والغضب
C610	0.661	baseness / meanness / weakness / frailty	15	13	16	26	0.06063921	0.2241	0.9615	0.7308	6,18,23,48,69,70,86,87,98,99,102,114,118,146,150	ء م ر ء ن ث د خ ر د ن و د و ن س ف ل ظ ن ن ق ص ر ل ف ي م ن ن ن ب ت ه د ي ه ر ع	kw:baseness(59.0879); kw:meanness(48.7992); kw:weakness(45.9637); kw:frailty(41.9894); kw:proximity(36.1582); kw:relation(34.4119); kw:vileness(34.1547); kw:lowliness(33.004)	د ن و:B003:الدناءة والضعة → د و ن:B002:الخسة والحقارة
C611	0.661	offspring / bird / calf / reproduction	25	15	15	21	0.05968271	0.2	0.9524	0.7143	3,10,13,22,30,43,46,49,57,63,73,75,77,98,101,102,112,113,135,150,152,155,158,168,176	ء م ر ء ن ث ب ش ر ب ي ض ت ب ع ت ل و ج ع ل ذ ك ر ط غ و ظ ل م ع ج ز ع ج ل ع ق ب ن ع م و ل د	kw:offspring(87.0738); kw:bird(58.6452); kw:calf(56.5787); kw:reproduction(50.9932); kw:kinship(47.6209); kw:ostrich(45.3471); theme:animal_life/wildlife(44.8111); kw:child(42.434)	ذ ك ر:B001:الذكر خلاف الأنثى → ء ن ث:B001:الأنثى خلاف الذكر
C612	0.6609	tribe / clan / name / onomastics	23	15	16	22	0.0582118	0.1849	1.0	0.8182	26,28,34,39,61,79,83,84,93,96,100,103,104,106,109,112,120,130,142,146,150,173,181	ء ن ث ب ر ه م ب ل و ب ل ي ج ر م ج ن د ح و ت س ل م ص ل ح ع م ل ل ق م ن ب ء ن ب ت ن ب و ي م ن	kw:tribe(83.2777); kw:clan(78.8308); kw:name(76.0563); kw:onomastics(70.346); kw:lineage(54.1778); kw:genealogy(49.2484); kw:ethnicity(44.0082); kw:kinship(38.0967)	ب ل و:B008:اسم حي ونسبة → ب ل ي:B007:بلي اسم حي والنسبة بلوية
C613	0.6609	belly / body_health_life/reproduction_birth / womb / reproduction	14	11	14	21	0.05636719	0.2471	0.9524	0.7619	10,15,22,36,43,44,66,93,134,138,142,144,146,158	ب ط ن ج م ع ج ن ن ح ش ر خ ط ف س ح ر س ر ر ض ر ب ع ق ل ق ط ن ل ق م	kw:belly(89.042); theme:body_health_life/reproduction_birth(40.1327); kw:womb(40.0012); kw:reproduction(30.5959); kw:cavity(29.1436); kw:swelling(26.371); kw:pregnancy(25.9211); kw:containment(24.7492)	ب ط ن:B005:حال البطن من امتلاء أو علة → ع ق ل:B006:العُقول يمسك البطن
C614	0.6609	character / ugliness / virtue / nature	38	13	15	19	0.059608	0.1845	1.0	0.6842	7,8,11,22,26,40,65,66,74,79,81,84,85,93,95,96,97,102,103,109,111,113,120,122,125,128,130,132,137,149,150,153,160,161,169,171,177,181	ب ن ي خ ل ق س ل م س م ع س و ء ش ط ن ش ي ء ض ر ب ع ب د م ر ر م ل ء ن ح ت ن ف س	kw:character(81.1697); kw:ugliness(60.4627); kw:virtue(49.8887); kw:nature(46.2124); kw:psychology(44.5461); kw:disposition(43.4363); kw:temperament(38.0487); kw:disfigurement(34.884)	خ ل ق:B004:السجية والطبيعة الباطنة → ض ر ب:B009:السجية المضروبة
C615	0.6609	entitlement / belief / epistemology / conviction	43	10	17	19	0.06361566	0.1545	1.0	0.8421	3,9,13,15,18,20,21,28,29,31,35,36,37,51,52,54,56,81,85,87,89,90,91,95,97,99,102,105,111,122,124,127,132,148,151,152,154,155,157,167,168,174,178	ء م ن ح ق ق ح ك م ذ ك ر ص د ق ظ ن ن ق و ل ك ذ ب و ص ب و ل ي	kw:entitlement(50.3071); kw:belief(42.434); kw:epistemology(41.5754); kw:conviction(34.1547); kw:justice(33.6716); theme:cognition_perception/proof_uncertainty(33.6285); kw:confirmation(33.5381); kw:precision(32.5328)	ك ذ ب:B001:خلاف الصدق → ص د ق:B001:صدق القول
C616	0.6606	creation / existence / production / event	47	15	16	19	0.05903963	0.1597	1.0	0.7368	5,6,11,14,15,16,20,21,22,26,28,29,30,32,35,39,48,51,53,56,57,63,73,76,77,96,98,100,102,106,113,115,116,117,125,137,141,143,144,150,152,156,157,158,167,168,169	ء م ر ء ي ي ب ي ن ج ع ل خ ل ق د ن و ع ن د ك ر ب ك و د ك و ن م ر ر و ج د و ل د و ه ب ي و م	kw:creation(68.9644); kw:existence(60.4627); kw:production(58.2873); kw:event(54.9176); kw:duration(50.4406); kw:proximity(48.2109); kw:time(45.0739); kw:approach(36.9363)	ب ي ن:B010:الوقت الواقع أثناء حال أو فعل → ء ي ي:B006:أيان للزمان
C617	0.6606	binding / rope / fastening / pairing	20	11	12	10	0.0597575	0.1538	1.0	1.0	5,7,11,15,46,47,51,54,55,65,76,92,106,113,115,117,137,138,156,158	ب ي ن ش د د ش ر ب ش ط ن ط ل ع ع ق ل ق ر ن ك ر ب م ر ر ن ز ف ن ط ق	kw:binding(76.7833); kw:rope(63.0508); kw:fastening(42.434); kw:pairing(34.1547); kw:tether(29.3388); kw:knot(28.4462); theme:condition_force_change/control_restraint(27.3256); theme:craft_material_built/tools_equipment(27.1597)	ش ط ن:B002:الحبل الطويل والشد → م ر ر:B005:إحكام فتل الحبل
C618	0.6605	partnership / share / worker / investment	23	12	15	14	0.06218828	0.1373	1.0	1.0	12,14,21,33,34,37,39,41,52,61,63,64,66,77,83,91,93,96,98,102,105,157,158	ء ك ل ج ع ل خ ر ج ر ز ق س خ ر ش ر ك ش ي ع ص د ق ض ر ب ع م ل ف ص ل ف ع ل	kw:partnership(76.9137); kw:share(38.3916); kw:worker(34.884); kw:investment(34.884); kw:exploitation(33.5381); kw:wage(33.004); kw:exchange(32.7314); kw:transaction(31.3821)	ع م ل:B004:أجر العمل ورزق العامل → ج ع ل:B005:أجر مجعول على عمل
C619	0.6605	circumstance / character / nature / disposition	26	13	13	12	0.05799787	0.1538	1.0	0.9167	11,17,20,28,45,48,51,53,56,59,71,93,95,96,97,102,103,125,126,148,149,150,153,168,174,178	ء م ر ء و ل ب ن ي ت ل ل ح ي ن خ ل ق د ي ن ر د ي ض ر ب ع ي ن ق ر ن ن ح ت ي م ن	kw:circumstance(66.0079); kw:character(57.9783); kw:nature(46.2124); kw:disposition(43.4363); kw:condition(40.1571); kw:temperament(38.0487); kw:epoch(34.884); theme:economy_property/finance_debt(34.1558)	خ ل ق:B004:السجية والطبيعة الباطنة → ض ر ب:B009:السجية المضروبة
C620	0.6603	gait / horse / travel / transport	22	16	17	27	0.05819574	0.2	1.0	0.7407	8,24,28,31,37,46,49,56,57,68,92,94,117,124,127,138,145,157,158,159,176,180	ء ت ي ب ي ض ج ن ب ح ض ر ح ق ق ر ج ع ر د ي ز ف ف ع ج ل ع ر ي ع ق ل ق ذ ف ن ط ق و ص ف و ق ف و ق ي	kw:gait(86.1846); kw:horse(69.4456); kw:travel(61.7615); kw:transport(60.9379); kw:speed(56.8604); kw:animal(48.2146); kw:disease(34.5343); kw:knee(31.7301)	ء ت ي:B009:رجع يدي الناقة في السير → ر ج ع:B008:رجع الدابة في السير
C621	0.6603	following / rear / pursuit / sequence	14	9	16	25	0.06272249	0.2294	0.92	0.76	3,10,35,70,73,78,82,83,90,108,119,129,135,136	ء ث ر ء خ ر ت ب ع ت ل و د ب ر ش ي ع ع ج ز ع ق ب ك ب ر	kw:following(72.8591); kw:rear(56.8924); kw:pursuit(49.8887); kw:sequence(47.0087); kw:succession(37.7243); kw:aftermath(33.5381); kw:posterior(32.1114); kw:tracking(31.0619)	ت ل و:B001:اتباع وتتابع → ت ب ع:B001:التلو والقفو
C622	0.6603	body_health_life/reproduction_birth / birth / afterbirth / family	32	12	15	20	0.0565618	0.198	1.0	0.75	5,9,27,31,33,36,38,43,44,46,50,57,59,67,71,84,87,94,99,100,113,126,127,141,145,149,150,152,158,176,180,182	ج ن ن ح ض ر ح م م ر ب ب س ه م ش ر ب ش ه د ع ذ ب ق ب ل ن ب ذ ن ف س و ل د	theme:body_health_life/reproduction_birth(68.2255); kw:birth(61.873); kw:afterbirth(53.6648); kw:family(45.6437); kw:child(42.434); kw:reproduction(40.7946); kw:water(33.8949); kw:childbirth(31.7301)	ن ف س:B005:خروج الولد ودم النفاس → ش ه د:B006:الخارج عند الولادة والإدراك
C623	0.6602	sustenance / allotment / share / livelihood	15	10	15	19	0.0589564	0.1979	1.0	0.8947	15,39,41,46,61,66,83,91,96,97,102,112,141,149,153	ء ك ل ب ل غ ب ن ي ر ز ق س ح ر س ه م ش ر ب ش ي ع ع م ل ن ب و	kw:sustenance(67.4691); kw:allotment(55.7051); kw:share(51.1888); kw:livelihood(51.0335); kw:ration(47.0731); theme:agriculture_food/food_nutrition(46.6075); theme:economy_property/provision_resource(41.0362); kw:nourishment(38.6317)	ش ر ب:B002:نصيب الماء → س ه م:B002:النصيب والمقدار
C624	0.6601	body_health_life/reproduction_birth / reproduction / birth / offspring	38	16	17	31	0.05676883	0.2296	0.9032	0.5806	3,5,9,10,16,21,27,31,33,36,38,43,44,50,53,57,58,59,66,68,71,84,87,94,99,100,113,126,134,135,144,149,150,152,158,176,180,182	ء ن ث ب ط ن ت ب ع ت ل و ج م ع ج ن ن ر ب ب ر ج ع ش ه د ع ج ز ع ذ ب ف ص ل ق ب ل م و ت ن ف س و ل د	theme:body_health_life/reproduction_birth(116.3847); kw:reproduction(101.9865); kw:birth(74.2476); kw:offspring(62.1956); kw:child(56.5787); kw:mother(45.7343); kw:calf(42.434); kw:womb(40.0012)	ن ف س:B005:خروج الولد ودم النفاس → ش ه د:B006:الخارج عند الولادة والإدراك
C625	0.6601	palm / agriculture_food/plant_vegetation / botany / insect	21	13	17	29	0.05542475	0.2197	1.0	0.6897	16,22,27,48,50,53,63,71,76,77,84,90,97,98,102,113,115,134,149,153,158	ب ع ض ب ن ي ت ر ب ج ع ل ج م ع ح ش ر د ب ر ذ ر ر ش ي ء ق ص ر ق ل ب ك ث ر ك ر ب	kw:palm(79.6046); theme:agriculture_food/plant_vegetation(74.0829); kw:botany(57.0538); kw:insect(55.4339); theme:animal_life/wildlife(53.7733); kw:sapling(49.5059); kw:shoot(43.1696); kw:agriculture(41.0786)	ح ش ر:B007:قشرة داخلية للحبة → ق ص ر:B012:بقايا الحب والقشر
C626	0.6601	share / partnership / allotment / economy_property/wealth_property	17	10	13	13	0.06363544	0.1806	1.0	0.9231	21,33,36,46,54,55,64,65,66,78,83,91,108,113,119,129,141	ء ك ل ت ر ك خ ر ج س ه م ش ر ب ش ر ك ش ي ع ط ل ع ف ص ل ن ف س	kw:share(63.9861); kw:partnership(46.1482); kw:allotment(41.7788); theme:economy_property/wealth_property(38.3366); kw:arrow(37.9386); kw:portion(36.7544); kw:quota(33.004); kw:gambling(31.0619)	ش ر ب:B002:نصيب الماء → س ه م:B002:النصيب والمقدار
C627	0.66	beauty / aesthetics / appearance / increase	31	14	17	27	0.05714805	0.203	0.963	0.7037	6,8,12,14,19,34,43,45,48,54,55,56,57,65,66,73,75,80,88,101,102,105,110,112,113,121,125,131,147,159,180	ب ش ر ح س ن ر ء ي ر د ي ز ي د ز ي ن ط ل ع ع ج ب ع ي ن ف ع ل م ل ء ن ظ ر ن ع م و ص ف	kw:beauty(80.2944); kw:aesthetics(76.3217); kw:appearance(43.1103); kw:increase(40.0012); kw:view(36.9273); kw:reflection(31.7301); kw:admiration(31.0619); kw:aspect(30.4895)	ر ء ي:B006:مرأى ومنظر ومرآة → ن ظ ر:B004:ظهور الشيء للناظر أو حسن مرآه
C628	0.66	return / watering / movement / motion	22	13	13	14	0.05528252	0.1795	1.0	0.8571	27,37,44,46,48,50,68,69,71,75,84,86,94,98,99,104,137,140,143,159,166,180	ج ي ء ذ ه ب ر ج ع ر و د س ب ح ش ر ب ض ل ل ط ر ف ف ل ك ق ب ل م ر ر ن د و ن د ي	kw:return(47.9976); kw:watering(41.3787); kw:movement(39.8286); kw:motion(35.7117); kw:husbandry(33.8898); kw:restlessness(30.7655); kw:roaming(30.7655); kw:oscillation(30.4895)	ن د و:B006:تندية الإبل والخيل بين الماء والمرعى → ن د ي:B004:تندية الإبل والخيل بين الماء والمرعى
C629	0.6599	rain / land_water_sky/weather_climate / sky / weather	30	13	16	22	0.06117231	0.1897	1.0	0.7273	5,6,8,27,28,31,41,44,45,48,50,57,64,68,71,84,87,90,94,99,100,102,117,126,149,157,174,178,180,182	ء ت ي ء ر ض ج ن ب خ ر ج ر ب ب ر ج ع ر ز ق س م و ص ب ر ع ز ز ع ي ن ق ب ل و ل ي	kw:rain(82.932); theme:land_water_sky/weather_climate(71.1056); kw:sky(59.8663); kw:weather(56.9182); kw:cloud(49.8887); kw:direction(47.5872); kw:climate(47.3897); kw:shower(43.7155)	ج ن ب:B006:الجنوب ريح من جهة مخصوصة → ق ب ل:B012:ريح تقابل الدبور
C630	0.6598	justice / reason / judgment / mind	21	12	16	16	0.06469243	0.1391	1.0	1.0	10,20,21,36,43,45,47,48,53,63,72,73,86,117,138,151,154,157,158,162,177	ء ف ك ج ن ن ح ك م خ ط ف د ي ن ع ق ل ع ي ن ف ت ن ف ص ل ك ت ب ن ذ ر ن ز ف	kw:justice(78.5671); kw:reason(74.4006); kw:judgment(74.0181); kw:mind(70.346); kw:madness(44.6404); kw:compensation(41.1882); kw:truth(40.4815); kw:insanity(35.7766)	ف ص ل:B002:قضاء يفصل الحق من الباطل → ح ك م:B002:الحكم والقضاء بين الناس
C631	0.6596	evil / reptile / snake / misguidance	16	15	16	19	0.06461593	0.1597	1.0	0.8947	7,10,30,32,36,43,45,47,64,65,69,71,84,97,103,158	ء ص ل ت ل ل ج ن ن خ ر ج خ ط ف ش ط ن ض ل ل ط غ و ط غ ي ط و ف غ و ل غ و ي ق ل ب ل ق ي م ر د	kw:evil(66.6687); kw:reptile(57.219); kw:snake(56.8924); kw:misguidance(51.232); kw:error(40.6505); kw:wickedness(35.7766); kw:devil(34.884); kw:viper(34.1547)	ط غ ي:B003:الطاغوت رأس الضلالة → ط غ و:B003:الطاغوت رأس الضلالة والطغيان
C632	0.6596	law_governance/authority_governance / follower / ruler / family	54	15	16	15	0.06174566	0.1261	1.0	0.8	3,10,11,15,17,18,20,21,22,28,29,30,31,35,36,40,51,52,54,56,59,66,67,71,74,76,81,83,85,89,91,95,97,99,102,111,122,124,126,128,132,134,144,146,150,151,156,160,161,167,168,169,171,173	ء ه ل ء و ل ب ط ن ت ب ع ت ل و ج ن د ح م م س ل ط ش ي ع ط ي ن ع ب د ف ص ل ق ط ن ق و ل م ل ك	theme:law_governance/authority_governance(64.4444); kw:follower(62.7642); kw:ruler(52.326); kw:family(45.6437); kw:patronage(39.8493); kw:politics(39.4154); kw:household(35.8423); kw:retinue(33.5381)	ت ل و:B001:اتباع وتتابع → ت ب ع:B001:التلو والقفو
C633	0.6595	elite / milk / livestock / yield	25	16	16	24	0.05584476	0.2	1.0	0.7083	1,2,10,19,36,42,43,45,48,57,62,67,69,71,75,78,87,108,113,119,129,138,153,165,176	ب ر ك ت ر ك ث ق ب ح م م خ ي ر ز ج ر ص ف ف ص ف و ض ل ل ظ ن ن ع ج ل ع ق ل ع ي ن ف ك ه ك ر م ن ع م	kw:elite(59.5205); kw:milk(57.4546); kw:livestock(47.6591); kw:yield(45.7343); kw:selection(41.3787); kw:choice(40.8244); kw:excellence(40.1571); kw:udder(39.7012)	ف ك ه:B004:لبن مفكه طيب قبل الولاد → ب ر ك:B007:لبن يحلب من الناقة باركة
C634	0.6594	assembly / dampness / dew / wetness	15	7	17	32	0.06448568	0.2832	0.9062	0.6562	12,22,26,29,30,37,75,76,85,104,115,118,124,134,164	ء ه ل ب ل ل ج م ع ح ش ر ق و م ن د و ن د ي	kw:assembly(65.9276); kw:dampness(52.326); kw:dew(48.1671); kw:wetness(46.5929); kw:moisture(39.0107); kw:gathering(38.5105); kw:charity(37.2198); kw:forum(36.9273)	ن د و:B001:اجتماع القوم في النادي والندوة → ن د ي:B003:مجلس القوم واجتماعهم
C635	0.6594	worship / ritual_belief/religion_worship / prayer / devotion	42	12	17	18	0.06097098	0.1488	1.0	0.9444	7,8,22,23,24,27,30,40,44,48,50,71,74,81,85,91,94,95,99,103,111,115,118,122,124,128,132,135,140,143,144,147,148,159,160,161,163,164,166,169,171,180	ء ل ي ت ل ل س ب ح ص ل ي ع ب د ع ج ز ق ب ل ق ذ ف ق ص ر ق و م ك ل ل و ق ف	kw:worship(50.1599); theme:ritual_belief/religion_worship(42.6898); kw:prayer(41.1882); kw:devotion(40.0012); theme:condition_force_change/capacity_ability(38.5902); kw:posture(33.7797); kw:standing(31.0619); kw:shortness(28.6095)	س ب ح:B001:العبادة بالتسبيح والصلاة → ص ل ي:B001:الصلاة عبادة لازمة
C636	0.6594	presence / encounter / witness / attendance	18	8	13	15	0.06299281	0.2381	1.0	0.7333	19,22,27,44,45,48,50,57,71,73,88,94,102,127,134,150,158,168	ج م ع ح ش ر ح ض ر ش ه د ع ن د ع ي ن ق ب ل ن ظ ر	kw:presence(54.2007); kw:encounter(39.7012); kw:witness(33.004); kw:attendance(31.3821); kw:observation(29.3388); kw:perception(28.5725); kw:opposition(27.1003); kw:testimony(26.5662)	ح ض ر:B001:حضور ومشاهدة وقرب → ش ه د:B001:الحضور مع المشاهدة
C637	0.6593	delay / pause / urgency / time_measure_quantity/time	44	14	14	14	0.06103421	0.1538	1.0	0.7143	7,8,14,21,22,23,24,37,40,52,72,74,76,81,85,91,94,95,99,105,111,113,115,122,123,124,127,128,132,133,139,140,142,144,147,148,152,157,160,161,169,171,176,181	ء ل ي ء ي ي ب ر ك ح ف ظ ر س ل ص د ق ع ب د ع ج ل ك ذ ب ك ر ب ل ب ث ل و م و ق ف و ق ي	kw:delay(63.0508); kw:pause(62.7642); kw:urgency(56.2768); theme:time_measure_quantity/time(48.0113); kw:hesitation(43.7155); kw:slowness(42.2076); kw:haste(39.5566); kw:discipline(37.6199)	ع ب د:B009:قلة اللبث وسرعة العدو → ل ب ث:B002:التوقف والبطء
C638	0.6593	shortness / condition_force_change/capacity_ability / stoutness / time_measure_quantity/measurement	24	10	14	13	0.06316645	0.1605	1.0	1.0	3,7,8,13,21,23,24,35,48,63,77,91,94,98,99,135,140,144,147,148,150,155,158,168	ء ل ي ء ن ث ج ع ل ذ ك ر ع ج ز ف ص ل ق ص ر ك ب ر ك ل ل و ق ف	kw:shortness(42.9143); theme:condition_force_change/capacity_ability(38.5902); kw:stoutness(32.1114); theme:time_measure_quantity/measurement(30.054); kw:deficiency(27.8525); kw:failure(27.2163); kw:defense(25.3658); kw:weakness(22.9819)	ذ ك ر:B001:الذكر خلاف الأنثى → ء ن ث:B001:الأنثى خلاف الذكر
C639	0.6593	projectile / arrow / conflict_security/weaponry / head	10	9	13	13	0.0661118	0.1831	1.0	0.9231	8,54,55,56,65,66,91,93,112,141	ء ك ل ر ء س ر د ي س ه م س و ي ض ر ب ط ل ع ق ذ ف ن ب ء	kw:projectile(58.6776); kw:arrow(50.5848); theme:conflict_security/weaponry(49.0415); kw:head(35.9982); kw:archery(27.4588); kw:avoidance(25.5168); kw:stone(23.8439); kw:wealth(21.5267)	ق ذ ف:B001:رمي وطرح بعيد → ر د ي:B001:الرمي بالحجر والصخرة
C640	0.6592	equal / peer / development / education	30	9	14	18	0.05781003	0.2143	1.0	0.6667	5,16,17,27,31,36,43,44,50,51,53,57,69,71,84,85,87,94,97,99,100,102,126,146,149,152,153,158,180,182	ء ب و ب ن ي ت ر ب ج ن ن ر ب ب ق ب ل ق ر ن ن ب ت و ل د	kw:equal(49.5059); kw:peer(45.7343); kw:development(43.4363); kw:education(40.3171); kw:upbringing(34.884); kw:family(34.2328); kw:nurture(33.5381); kw:cohort(33.004)	ت ر ب:B004:التساوي في السن والصحبة → و ل د:B006:قرين في سن الولادة
C641	0.6591	rear / majority / awe / astonishment	20	10	13	17	0.06399964	0.2297	1.0	0.5882	12,16,35,53,60,73,76,78,82,90,102,107,108,115,119,129,134,135,136,176	ء خ ر ء م ر ج م ع د ب ر ع ج ب ع ج ز ع ج ل ع ظ م ع ق ب ك ب ر	kw:rear(56.8924); kw:majority(34.884); kw:awe(33.5381); kw:astonishment(33.004); kw:marvel(32.1114); kw:posterior(32.1114); kw:buttock(29.7602); kw:cognition(29.5665)	ع ج ب:B001:التعجب من أمر غير مألوف → ء م ر:B006:الأمر العظيم المنكر
C642	0.6591	earth / dust / soil / pool	26	10	14	15	0.05733794	0.1724	1.0	0.8667	5,16,31,37,41,44,47,53,57,79,84,87,90,91,93,99,100,126,135,138,149,158,164,170,180,182	ت ر ب ج ي ء د ب ر ر ب ب ر و غ س ر ر ع ق ل ع ل م غ ب ر غ و ل	kw:earth(79.7398); kw:dust(52.3699); kw:soil(50.4406); kw:pool(42.9143); kw:abundance(41.1892); kw:geology(35.2565); kw:terrain(32.3757); kw:hydrology(32.29)	ر ب ب:B013:ماء رَبَب كثير → ع ل م:B005:ماء كثير مجتمع في عيلم
C643	0.659	reputation / hearing / praise / sound	12	7	13	16	0.06240681	0.2581	1.0	0.8125	3,5,6,8,13,14,55,102,105,125,155,168	ب ل غ د ع و ذ ك ر ر ء ي س م ع س م و ش ي ء	kw:reputation(84.3691); kw:hearing(42.2076); kw:praise(41.7788); kw:sound(41.0998); kw:misfortune(39.1426); kw:communication(34.4753); kw:honor(34.4119); kw:audition(33.5381)	س م ع:B011:سَمْع لا بَلَغ → ب ل غ:B009:سماع المكروه بلا بلوغ
C644	0.659	law_governance/authority_governance / office / administration / leadership	22	10	14	15	0.06650343	0.1744	1.0	0.8	10,15,20,21,30,39,42,60,61,80,90,96,102,105,106,110,121,131,146,156,174,178	ء م ر ج ز ي س ع ي س ل ط ش ه ب ع م ل ق ط ن ك ر م ه ا ء و ل ي	theme:law_governance/authority_governance(79.6078); kw:office(47.0731); kw:administration(43.1696); kw:leadership(38.7554); kw:governance(33.7797); kw:power(32.7774); kw:ripening(30.4895); kw:victory(27.7169)	ع م ل:B003:ولاية العمل والقيام عليه → س ع ي:B003:ولاية وسعاية على القوم
C645	0.659	question / grammar / syntax / reference	50	12	14	14	0.04996436	0.1573	1.0	0.8571	8,12,14,15,18,20,21,23,28,29,31,34,35,36,43,51,52,54,55,56,57,60,61,62,75,80,83,85,89,91,94,95,97,99,102,103,104,105,106,109,110,121,124,131,140,144,147,148,151,167	ء ل ي ء ي ي ب ر ه م ت ل ل ذ و و ر ء ي ش ي ء ع ج ب ع ل و ق و ل ن ع م ه ا ء	kw:question(77.6548); kw:grammar(63.7919); kw:syntax(45.3471); kw:reference(43.7155); kw:inquiry(42.2076); kw:exclamation(33.5381); kw:lament(33.004); kw:substitution(30.7655)	ء ي ي:B004:أي للسؤال والتعيين → ذ و و:B004:ماذا للسؤال أو الموصول
C646	0.6589	concealment / protection / spirit / refuge	33	10	16	19	0.0615176	0.1759	1.0	0.8421	8,10,14,16,21,22,28,29,30,32,35,36,39,43,49,51,53,55,57,73,102,105,116,127,140,141,143,157,158,167,169,170,173	ء ب ق ت ب ع ج ن ب ج ن د ج ن ن ح ض ر ر ء ي ك ف ر ك ن ن ك و ن	kw:concealment(98.3322); kw:protection(59.6861); kw:spirit(59.5205); kw:refuge(52.9349); theme:ritual_belief/belief_revelation(46.5028); kw:shelter(43.4013); kw:screen(43.1696); theme:conflict_security/protection_security(42.4901)	ج ن ن:B001:الستر والاستتار → ك ن ن:B001:السَّتر الصائن
C647	0.6589	gambling / arrow / lot / hunting	29	13	14	13	0.06121372	0.1444	0.9231	1.0	5,8,30,31,35,47,49,51,57,75,84,85,86,87,90,98,99,100,113,115,118,124,126,135,141,149,164,180,182	ج و ب د ب ر ر ب ب ر و د س م ع س ه م ع ج ز غ و ل ق ر ن ق و م ك ب ر ك ن ن ن ف س	kw:gambling(77.6548); kw:arrow(63.231); kw:lot(43.1696); kw:hunting(36.2398); theme:craft_material_built/tools_equipment(34.9197); kw:oldness(33.5381); kw:storage(32.5956); kw:quiver(32.1114)	ك ب ر:B004:كبر السن والقدم → ع ج ز:B003:كبر وقدم حتى يسمى عجوزا
C648	0.6589	morality / soul / self / experience	35	11	12	12	0.05155035	0.1846	1.0	0.8333	8,15,18,20,21,28,29,31,35,36,51,52,54,56,62,72,73,85,89,90,91,95,97,98,99,102,113,124,127,151,152,167,174,177,178	ج ن ب خ ي ر س ع ي ق و ل ك ذ ب ك ي د ل ق ي ن ذ ر ن ف س و ق ي و ل ي	kw:morality(46.8248); kw:soul(44.0082); kw:self(43.7155); kw:experience(28.9576); kw:life(27.3357); kw:breath(27.2163); kw:fortune(26.4674); kw:welfare(26.4674)	ك ذ ب:B008:النفس الكذوب → ن ف س:B011:النفس التي بها الحياة
C649	0.6588	calamity / suffering / adversity / severity	19	12	17	30	0.05935787	0.2362	0.9333	0.7	12,16,20,21,26,32,35,53,60,62,76,102,107,115,135,137,144,177,180	ء م ر ص ب ر ع ج ب ع ز ز ع ظ م غ ب ر غ و ي ك ب ر م ر ر م ع ع ن ز ل ي و م	kw:calamity(71.9964); kw:suffering(68.1177); kw:adversity(50.5848); kw:severity(47.4879); kw:hardship(46.5566); kw:ordeal(40.8244); kw:crisis(38.7554); kw:darkness(37.7243)	ع ج ب:B001:التعجب من أمر غير مألوف → ء م ر:B006:الأمر العظيم المنكر
C650	0.6588	lie / textile / emotion_ethics/deception_corruption / fabrication	20	10	14	17	0.05965552	0.2024	0.9412	0.8824	3,11,21,37,52,66,68,86,96,102,105,125,127,138,141,144,150,151,152,157	ء ف ك ب ط ن ت ل و خ ل ق ر ج ع س ه م ص د ق ع ق ل ك ذ ب ن و م	kw:lie(59.0879); kw:textile(49.4136); theme:emotion_ethics/deception_corruption(45.6564); kw:fabrication(44.6404); kw:testimony(39.8493); kw:falsehood(39.2775); kw:pattern(36.7544); kw:cloth(36.3226)	ك ذ ب:B001:خلاف الصدق → ص د ق:B001:صدق القول
C651	0.6588	provision / supply / hospitality / vessel	30	14	14	16	0.05429293	0.1758	1.0	0.8125	7,8,12,14,22,40,54,55,62,65,66,74,81,82,85,95,102,111,122,128,132,140,147,148,160,161,169,171,176,177	ب ل غ ز ي د س خ ر ش ح ن ط ل ع ع ب د ع ج ل غ ر ق ف ل ك ق ذ ف م ت ع م ر د م ل ء ن ز ل	kw:provision(56.6699); kw:supply(45.3471); kw:hospitality(36.7544); kw:vessel(32.29); kw:navigation(32.081); kw:transport(30.469); kw:sustenance(26.9877); kw:food(26.733)	م ل ء:B001:امتلاء يساوي الوعاء → ط ل ع:B007:امتلاء مستوعب
C652	0.6586	sky / land_water_sky/sky_astronomy / star / planet	28	14	17	27	0.06014146	0.2045	0.963	0.7037	5,6,8,9,21,31,33,38,41,57,59,67,84,87,88,99,100,102,107,126,127,140,145,149,152,176,180,182	ء ر ض ذ ب ح ر ب ب ر ز ق س م و ش و ب ع ذ ب ع ر ي ع ل و ف ل ك ق ل ب ك ذ ب ك و ك ب ن ج م	kw:sky(95.786); theme:land_water_sky/sky_astronomy(86.1531); kw:star(64.1841); kw:planet(50.3071); kw:mansion(46.5929); kw:constellation(43.7155); kw:cosmology(41.5754); kw:overhead(34.884)	ك و ك ب:B001:الكوكب نجم في السماء → ن ج م:B001:الكوكب الطالع
C653	0.6586	prevention / restraint / withdrawal / condition_force_change/control_restraint	32	16	17	27	0.05937285	0.2	1.0	0.6296	9,22,24,26,33,38,46,48,49,59,62,63,64,79,84,86,90,93,103,109,113,120,130,134,135,146,151,154,174,176,178,181	ء ف ك ب ي ض ج م ع ح ك م د ب ر س ل م ش ج ر ض ر ب ط ر ف ظ ل م ع ج ز ع ذ ب ق ص ر ق ل ب و ق ف و ل ي	kw:prevention(64.8028); kw:restraint(54.629); kw:withdrawal(52.9349); theme:condition_force_change/control_restraint(47.8198); kw:abstention(45.7343); kw:retreat(44.0082); kw:refusal(42.9143); kw:diversion(40.4815)	ق ل ب:B004:رد الشيء عن وجهه → ء ف ك:B001:قلب الشيء وصرفه عن وجهته
C654	0.6586	sky / overhead / edge / side	14	10	13	16	0.06060002	0.2162	0.9375	0.8125	5,6,8,9,15,33,38,48,55,59,64,98,102,176	ء ر ض خ ر ج س ح ر س ف ل س م و س و ي ص ب ر ط ر ف ع ذ ب ع ل و	kw:sky(47.893); kw:overhead(34.884); kw:edge(34.5965); kw:side(33.6183); kw:orientation(32.2476); kw:top(29.7602); kw:boundary(28.9506); kw:contrast(28.6095)	ع ل و:B005:الجهة العليا ومن فوق → س ف ل:B003:سفالة الريح بإزاء علاوتها
C655	0.6585	decay / wear / service / recovery	18	8	17	31	0.06122501	0.2696	1.0	0.4839	11,12,16,26,29,30,37,53,58,59,68,75,96,102,104,106,125,150	ب ل ل ب ل و ب ل ي خ ل ق ر ج ع م و ت ن د ي ن و م	kw:decay(82.5946); kw:wear(55.7051); kw:service(40.6505); kw:recovery(40.4815); kw:tribe(35.6904); kw:dampness(34.884); kw:fraying(34.1547); kw:examination(33.004)	ب ل و:B001:البلى والاهتراء → ب ل ي:B001:البلى والخلق من الاستعمال
C656	0.6585	milk / yield / livestock / lactation	35	17	17	25	0.05708621	0.1838	1.0	0.68	1,2,8,10,14,19,21,31,32,37,42,46,55,72,97,98,102,105,113,123,127,133,137,139,147,148,149,152,153,165,171,174,177,178,181	ب ر ك ب ن ي ث ق ب ج ن ب ح ق ق ح ي ن ر ء ي ر س ل ز ج ر س ف ل ش ر ب ص ب ح ص ف ف ص ف و غ و ي ف ك ه ك ذ ب	kw:milk(103.4184); kw:yield(60.9791); kw:livestock(57.1909); kw:lactation(56.8924); kw:udder(52.9349); kw:camel(46.3334); kw:husbandry(45.1864); kw:abundance(41.1892)	ف ك ه:B004:لبن مفكه طيب قبل الولاد → ب ر ك:B007:لبن يحلب من الناقة باركة
C657	0.6585	weakness / condition_force_change/capacity_ability / inability / shortfall	22	9	12	13	0.0594052	0.2167	1.0	0.7692	8,23,24,30,48,85,86,87,91,93,94,99,114,115,118,124,135,140,144,147,148,164	ء ل ي د و ن ض ر ب ظ ن ن ع ج ز ق ص ر ق و م م ن ن و ق ف	kw:weakness(57.4546); theme:condition_force_change/capacity_ability(51.4536); kw:inability(36.9273); kw:shortfall(33.5381); kw:restraint(32.7774); kw:incapacity(31.0619); kw:abstention(30.4895); kw:frailty(27.9929)	ق ص ر:B002:النقص عن المدى → ع ج ز:B001:ضعف وقصور عن الفعل
C658	0.6584	sunrise / light / cycle / dawn	32	16	17	27	0.05921973	0.2	1.0	0.6296	5,11,20,21,26,27,30,35,44,50,54,55,65,71,77,85,88,94,113,115,118,124,134,137,138,144,148,149,164,174,177,178	ج م ع ح ي ن ذ ر ر ش د د ش ر ق ص ب ح ط ل ع ع ق ل ف ت ي ق ب ل ق و م ك ب ر ل ي ل ن ج م ن ف س ي و م	kw:sunrise(85.3867); kw:light(78.3193); kw:cycle(60.9633); kw:dawn(56.5787); kw:emergence(49.8887); kw:daylight(48.7992); kw:daybreak(47.0731); kw:noon(47.0731)	ش د د:B005:شد النهار وارتفاعه → ك ب ر:B013:أكبر النهار
C659	0.6584	conflict / argument / discord / proof	29	12	13	15	0.05727944	0.1948	1.0	0.7333	12,26,29,30,37,47,57,62,63,64,66,79,84,91,100,103,109,112,120,127,130,141,145,146,147,156,158,162,181	ء ك ل ب ل ل ح ض ر د ح ض س ل ط س ل م ش ج ر ص ل ح ف ت ن م ء ي ن ب ذ ن ز ف	kw:conflict(69.1853); kw:argument(56.8924); kw:discord(49.5059); kw:proof(47.5952); kw:dispute(42.6693); theme:language_communication/rhetoric_discourse(37.0903); kw:refutation(33.5381); kw:reconciliation(29.9889)	ء ك ل:B009:الإفساد والنميمة بين الناس → م ء ي:B001:النميمة التي تفسد ما بين القوم
C660	0.6583	udder / camel / milk / husbandry	23	15	17	26	0.05923413	0.194	0.9231	0.8077	1,2,6,10,14,19,24,28,31,37,42,51,55,64,68,93,102,105,113,117,138,157,165	ء ت ي ب ر ك ث ق ب ح ق ق خ ر ج د ن و ر ء ي ر ج ع ز ج ر ص ف ف ض ر ب ع ق ل ف ك ه ق ر ن و ق ف	kw:udder(52.9349); kw:camel(46.3334); kw:milk(45.9637); kw:husbandry(45.1864); theme:body_health_life/reproduction_birth(44.1459); kw:fertility(42.5584); kw:pregnancy(38.8817); kw:dairy(36.6655)	ء ت ي:B009:رجع يدي الناقة في السير → ر ج ع:B008:رجع الدابة في السير
C661	0.6583	pursuit / following / succession / sequence	10	9	15	24	0.06062161	0.2697	0.875	0.75	3,10,31,37,69,70,73,83,135,171	ء ث ر ت ب ع ت ل و ح ق ق س ب ق ش ي ع ع ج ز ع ق ب ل ف ي	kw:pursuit(74.8331); kw:following(58.2873); kw:succession(50.299); kw:sequence(47.0087); kw:escape(41.5754); kw:order(38.6317); kw:continuity(37.6199); kw:elusion(34.884)	ت ل و:B001:اتباع وتتابع → ت ب ع:B001:التلو والقفو
C662	0.6583	emotion_ethics/deception_corruption / fabrication / lie / falsehood	20	11	15	18	0.06240167	0.18	0.9444	0.8889	3,11,21,34,36,37,52,61,64,86,96,102,105,125,127,150,151,152,153,157	ء ف ك ت ل و خ ر ج خ ل ق ش ع ر ص د ق ص ف و ف ع ل ك ذ ب م ث ل و ل د	theme:emotion_ethics/deception_corruption(60.8752); kw:fabrication(59.5205); kw:lie(59.0879); kw:falsehood(52.3699); kw:testimony(39.8493); kw:forgery(35.7766); kw:invention(33.004); kw:imitation(31.3821)	خ ل ق:B007:اختلاق الكذب والكلام → ف ع ل:B004:افتعال مختلق
C663	0.6583	compulsion / commitment / alliance / coercion	24	13	15	18	0.06276726	0.1748	1.0	0.7778	7,8,9,28,30,37,43,57,66,75,83,84,85,100,102,112,115,117,118,124,134,157,164,170	ء ت ي ء م ر ج م ع ج ي ء ح ف ظ ش ي ء ش ي ع ص ل ح ق و م ك ف ر م ل ء ن ع م و ص ب	kw:compulsion(44.316); kw:commitment(42.2076); kw:alliance(40.3171); kw:coercion(37.0293); kw:obligation(33.8345); kw:presentation(33.004); kw:compatibility(33.004); kw:constancy(32.5328)	م ل ء:B003:ممالأة على الأمر → ج م ع:B013:ممالأة واجتماع مع غيرك على أمر
C664	0.6583	birth / afterbirth / body_health_life/reproduction_birth / rump	23	13	14	13	0.05896748	0.1444	1.0	1.0	3,5,9,12,24,27,33,38,44,50,57,59,71,90,94,113,127,146,150,158,163,176,180	ت ل و ح ض ر د ب ر ش ر ق ش ه د ص ل ي ع ج ب ع ذ ب ع ز ز ق ب ل ق ط ن ن ف س و ق ف	kw:birth(61.873); kw:afterbirth(53.6648); theme:body_health_life/reproduction_birth(52.1725); kw:rump(44.6404); kw:reproduction(40.7946); kw:worship(37.6199); kw:haunch(32.1114); kw:anatomy(31.3884)	ع ج ب:B004:أصل الذنب بين الوركين → ق ط ن:B006:القَطَن من المؤخر وأصل الذنب
C665	0.6583	excellence / binding / rope / strength	12	11	11	9	0.0636317	0.1636	1.0	0.8889	5,7,32,46,48,65,84,101,102,137,147,148	ب ل غ ز ي د ش ر ب ش ر ق ش ط ن غ ل م غ و ي ق ص ر ق ل ب م ت ع م ر ر	kw:excellence(40.1571); kw:binding(38.3916); kw:rope(37.8305); kw:strength(34.002); kw:extent(32.5328); kw:perfection(31.7301); kw:limit(26.8781); kw:redness(26.6675)	ش ط ن:B002:الحبل الطويل والشد → م ر ر:B005:إحكام فتل الحبل
C666	0.6582	water / nourishment / draught / consumption	18	10	17	34	0.05714382	0.2857	0.9118	0.5882	9,10,33,38,45,46,47,57,59,66,75,82,91,104,113,127,158,176	ء ك ل ح ض ر ش ر ب ش ه ب ع ذ ب غ ر ق ك ء س ن د ي ن ز ف ن ف س	kw:water(67.7898); kw:nourishment(51.5089); kw:draught(49.5059); kw:consumption(48.3198); kw:drink(39.7012); kw:liquid(37.8305); kw:survival(35.7659); kw:palatability(33.5381)	ش ر ب:B001:تناول المائع → ن ف س:B006:نفس الشرب وجرعته
C667	0.6582	judgment / justice / sleep / ruling	38	13	17	20	0.06297476	0.1527	0.95	0.85	10,11,14,15,18,20,21,28,29,31,35,36,37,51,52,53,54,55,56,63,67,85,89,91,95,97,99,101,102,105,117,124,149,151,154,157,162,167	ت ب ع ح ق ق ح ك م ح ل م ح م م د ي ن ر ء ي ف ت ن ف ت و ف ت ي ف ص ل ق و ل ك ت ب	kw:judgment(105.7401); kw:justice(56.1193); kw:sleep(52.5539); kw:ruling(51.232); kw:dream(50.3071); kw:precision(48.7992); kw:authority(41.9427); kw:fatwa(36.9273)	ف ت ي:B004:تبيين الحكم والجواب → ف ت و:B001:تبيين الحكم
C668	0.6582	wealth / abundance / prosperity / plenty	37	11	13	15	0.05452905	0.2	1.0	0.7333	5,8,15,16,18,20,28,29,31,35,36,51,52,53,54,56,57,62,71,84,85,87,89,90,91,95,97,99,100,102,124,126,149,151,167,180,182	ء م ر ت ر ب ج ن ب ح م د خ ي ر د ب ر ر ب ب ق و ل ك ث ر م ع ع ن و م	kw:wealth(75.3434); kw:abundance(61.7838); kw:prosperity(51.1888); kw:plenty(31.3821); kw:repetition(27.9929); kw:number(27.3357); kw:increase(26.6675); kw:patronage(26.5662)	ك ث ر:B001:الكثرة ونماء العدد → ء م ر:B004:النماء والبركة
C669	0.6581	offspring / child / body_health_life/reproduction_birth / inheritance	28	15	17	30	0.05516528	0.2239	0.9667	0.6333	3,7,8,9,10,16,21,33,36,38,43,53,58,59,73,90,97,102,113,135,145,149,152,153,158,174,176,178	ب ن ي ت ب ع ت ل و ج ن ن ع ج ز ع ج ل ع ذ ب ع ق ب ف ص ل ك ل ل م و ت ن ب ذ ن ف س و ل د و ل ي	kw:offspring(87.0738); kw:child(84.868); theme:body_health_life/reproduction_birth(72.2388); kw:inheritance(65.9276); kw:reproduction(61.1919); kw:mother(60.9791); kw:kinship(57.145); kw:calf(56.5787)	ع ق ب:B004:العَقِب من الولد → ع ج ز:B007:آخر الولد عند كبر الأبوين
C670	0.658	strength / severity / power / resilience	39	16	17	30	0.05871072	0.2222	0.8667	0.6	3,6,7,8,11,13,22,28,37,40,46,47,49,72,74,81,85,93,95,111,113,114,122,123,128,132,133,137,139,147,150,155,160,161,168,169,171,180,181	ء ن ث ب ي ض ذ ك ر ر س ل ش د د ع ب د ع ز ز غ و ل ك ل ل ك و ك ب ل ز ب م ر ر م ل ك م ن ن ن ف س ي م ن	kw:strength(79.3379); kw:severity(47.4879); kw:power(43.7032); kw:resilience(41.7788); kw:firmness(39.1426); kw:hardness(37.1238); kw:weakness(34.4728); kw:dignity(29.7602)	ش د د:B002:شدة القوة والصلابة → ع ب د:B007:القوة والصلابة
C671	0.658	elevation / honor / height / rise	15	9	17	29	0.06328453	0.2479	0.9655	0.6552	3,5,6,8,13,55,76,98,102,112,115,134,148,155,168	ذ ك ر س ف ل س م و س و ي ص ب ر ع ل و م ت ع ن ب و ن ج و	kw:elevation(58.9962); kw:honor(57.3531); kw:height(49.3724); kw:rise(43.4363); kw:ascent(39.4154); kw:topography(39.2775); kw:reputation(36.1582); kw:overhead(34.884)	س م و:B001:العلو والارتفاع → ع ل و:B001:السمو والارتفاع
C672	0.6579	priority / time_measure_quantity/sequence_cycle / justice / precedence	30	14	15	16	0.05976069	0.1538	1.0	0.875	11,17,21,27,44,50,59,63,66,67,70,71,77,91,94,96,98,101,112,117,125,126,150,154,157,158,168,171,175,179	ء ث ر ء ك ل ء و ل ب ش ر ب ص ر ج ع ل ح ك م ح ل م ح م م خ ل ق س ب ق ف ص ل ق ب ل ك ت ب	kw:priority(56.8924); theme:time_measure_quantity/sequence_cycle(50.378); kw:justice(44.8955); kw:precedence(41.1882); kw:verdict(34.884); kw:decree(34.1547); kw:initiative(33.5381); kw:judgment(31.722)	ف ص ل:B002:قضاء يفصل الحق من الباطل → ح ك م:B002:الحكم والقضاء بين الناس
C673	0.6579	recall / honor / guardianship / retention	38	10	13	13	0.06141624	0.1806	1.0	0.7692	3,7,9,13,22,26,30,31,33,36,37,38,45,48,59,63,69,71,78,79,84,85,103,108,109,113,115,118,119,120,124,129,130,155,164,168,176,181	ت ر ك ح ف ظ ح ق ق ذ ك ر س ل م ض ل ل ظ ل م ع ذ ب ع ي ن ق و م	kw:recall(52.326); kw:honor(45.8825); kw:guardianship(45.3471); kw:retention(41.3787); kw:care(37.2198); kw:memory(34.9837); kw:governance(33.7797); kw:protection(29.8431)	س ل م:B012:تسليم الشيء وتخليته → ت ر ك:B001:التخلية عن الشيء
C674	0.6579	kinship_society/social_relations / relation / slander / conflict	18	10	11	10	0.05619663	0.1852	1.0	0.9	5,15,34,62,64,66,91,97,100,102,106,112,113,117,146,147,156,158	ء ك ل ء م ر ب ي ن س ع ي ش ج ر ص ل ح ف ع ل ل ق ي م ء ي ن س ب	theme:kinship_society/social_relations(65.3332); kw:relation(57.3531); kw:slander(52.0143); kw:conflict(51.8889); kw:discord(33.004); kw:gossip(29.7602); kw:connection(27.8525); kw:prosperity(25.5944)	ء ك ل:B009:الإفساد والنميمة بين الناس → م ء ي:B001:النميمة التي تفسد ما بين القوم
C675	0.6578	sustenance / agriculture_food/food_nutrition / nourishment / economy_property/provision_resource	12	8	12	16	0.05463004	0.2857	0.9375	0.6875	15,31,38,41,46,66,91,97,102,148,149,153	ء ك ل ب ل غ ب ن ي ذ و ق ر ز ق س ح ر ش ر ب م ت ع	kw:sustenance(67.4691); theme:agriculture_food/food_nutrition(53.7779); kw:nourishment(38.6317); theme:economy_property/provision_resource(37.3056); kw:provision(34.002); kw:ration(31.3821); kw:cuisine(29.1436); kw:subsistence(28.7797)	ر ز ق:B002:القوت المتغذى به → ء ك ل:B003:النصيب والرزق المطعوم
C676	0.6576	elevation / rise / height / endpoint	28	12	17	24	0.06070674	0.1846	1.0	0.75	5,6,8,11,23,40,48,55,74,76,90,91,94,99,100,102,112,115,128,134,140,144,147,148,160,169,174,178	ء ل ي ب ل غ خ ل ص س م و س و ي ش د د ع ل و ق ص ر ن ب و ن ج و و ل ي و ه ب	kw:elevation(58.9962); kw:rise(57.9151); kw:height(49.3724); kw:endpoint(47.5952); kw:destination(43.1696); kw:attainment(42.434); kw:limit(40.3171); kw:ascent(39.4154)	س م و:B001:العلو والارتفاع → ع ل و:B001:السمو والارتفاع
C677	0.6576	protection / shield / screen / concealment	15	11	15	21	0.05942291	0.21	1.0	0.7619	7,8,36,43,49,64,69,75,102,107,140,158,170,175,179	ب ص ر ج ن ب ج ن ن ج و ب خ ر ج ذ ب ح ف ل ك ك ف ر ك ل ل ك ن ن ل ف ي	kw:protection(69.6338); kw:shield(62.1239); kw:screen(57.5595); kw:concealment(54.629); kw:cover(51.0335); kw:armor(41.7788); theme:land_water_sky/sky_astronomy(36.275); kw:covering(34.7228)	ج ن ن:B001:الستر والاستتار → ك ن ن:B001:السَّتر الصائن
C678	0.6575	vegetation / agriculture / ecology / plant	29	15	17	36	0.05909225	0.2687	0.8056	0.5	5,8,16,22,31,36,43,48,53,57,62,63,64,66,75,84,87,91,99,100,104,113,126,146,149,158,176,180,182	ء ر ض ء ص ل ء ك ل ت ر ب ج ن ب ج ن ن ر ب ب ش ج ر ش ع ر ظ ل م ع ج ل ق ص ر ق ل ب ن ب ت ن د ي	kw:vegetation(80.1537); kw:agriculture(73.9414); kw:ecology(71.6169); kw:plant(70.3103); theme:agriculture_food/plant_vegetation(62.3856); kw:tree(45.2608); kw:shrub(40.8244); kw:origin(38.3916)	ش ع ر:B002:نبات كثيف كالشَّعر → ش ج ر:B001:الشجر ذو الساق
C679	0.6575	group / society / kinship_society/household_community / community	34	14	16	28	0.05627997	0.2393	0.8929	0.6071	5,7,8,23,27,31,44,45,50,55,57,64,65,66,68,69,71,83,84,87,91,94,97,99,100,126,127,134,144,149,158,163,180,182	ء ك ل ب ط ن ج ح م ج م ع ح ض ر ر ء س ر ب ب س و ي ش ي ع ط و ف ق ب ل ك ل ل ل ف ي م ل ء	kw:group(72.813); kw:society(72.7249); theme:kinship_society/household_community(61.9789); kw:community(44.9672); kw:clan(39.4154); kw:head(35.9982); kw:tribe(35.6904); theme:law_governance/authority_governance(30.3268)	س و ي:B013:سِيّ الرأس وقدر يوازي الرأس من مال أو نعمة → ر ء س:B001:الرأس والأعلى
C680	0.6575	reproduction / body_health_life/reproduction_birth / offspring / kinship	26	14	17	27	0.05851358	0.203	0.963	0.7037	3,13,16,22,36,43,53,57,58,59,63,75,77,87,98,101,102,112,113,134,150,152,155,158,168,176	ء م ر ء ن ث ب ش ر ج ع ل ج م ع ج ن ن ذ ك ر ظ ل م ظ ن ن ع ج ل م و ت ن ع م ن ف س و ل د	kw:reproduction(81.5892); theme:body_health_life/reproduction_birth(80.2653); kw:offspring(49.7565); kw:kinship(47.6209); kw:bird(46.9162); kw:ostrich(45.3471); kw:birth(37.1238); theme:animal_life/wildlife(35.8489)	ذ ك ر:B001:الذكر خلاف الأنثى → ء ن ث:B001:الأنثى خلاف الذكر
C681	0.6574	release / abandonment / desertion / abstention	37	13	15	20	0.06062653	0.1942	1.0	0.6	3,9,12,14,22,24,26,33,36,38,40,59,63,74,77,78,79,84,93,98,103,108,109,113,119,120,125,128,129,130,145,154,158,160,169,176,181	ت ر ك ت ل و ج ع ل ح ك م خ ل ص س خ ر س ل م ض ر ب ظ ل م ع ذ ب ع ر ي و ذ ر و ق ف	kw:release(71.6847); kw:abandonment(67.7508); kw:desertion(49.5059); kw:abstention(45.7343); theme:condition_force_change/control_restraint(40.9884); kw:withdrawal(39.7012); theme:condition_force_change/loss_absence(39.0718); kw:prevention(38.8817)	ع ذ ب:B003:الكف والمنع والفطام عن الشيء → ض ر ب:B004:القبض عن الشيء والكف
C682	0.6574	arrow / archery / visibility / overshoot	22	11	14	17	0.06255814	0.2	1.0	0.7647	5,6,8,31,49,54,55,57,65,83,84,87,88,90,99,100,112,126,141,149,180,182	د ب ر ر ء س ر ب ب س م و س ه م ش ي ع ط ل ع ق ذ ف ك ن ن ن ب ء ن ج م	kw:arrow(75.8772); kw:archery(41.1882); kw:visibility(37.9386); kw:overshoot(34.1547); kw:gambling(31.0619); kw:partnership(30.7655); kw:target(29.7602); kw:projectile(29.3388)	ط ل ع:B010:سهم يطلع فوق الغرض → د ب ر:B018:دبر السهم الهدف
C683	0.6573	slave / birth / body_health_life/reproduction_birth / childhood	41	15	17	26	0.05630081	0.1955	1.0	0.6538	7,8,9,11,20,22,27,33,38,40,44,50,53,59,71,74,81,85,90,94,95,101,111,113,122,128,132,140,145,149,150,152,159,160,161,169,171,174,176,178,180	ء ب ق د ي ن ش ه د ع ب د ع ذ ب غ ل م ف ت ي ق ب ل ك ل ل م ل ك ن ب ذ ن ف س و ص ف و ل د و ل ي	kw:slave(62.7642); kw:birth(61.873); theme:body_health_life/reproduction_birth(52.1725); kw:childhood(41.3787); kw:inheritance(39.5566); kw:ownership(37.8305); theme:kinship_society/hierarchy_status(35.879); kw:afterbirth(35.7766)	ع ب د:B001:الرق والملك → م ل ك:B002:المِلْك والتصرف
C684	0.6573	sleep / rest / slumber / dawn	17	11	16	20	0.06622643	0.1835	1.0	0.85	14,15,16,20,35,44,46,53,55,58,59,101,102,105,113,137,177	ح ل م د ي ن ر ء ي س ح ر س ر ر ص ب ح ك ب ر ل ذ ذ م و ت ن ف س ن و م	kw:sleep(131.3846); kw:rest(93.3362); kw:slumber(65.0657); kw:dawn(56.5787); kw:dream(50.3071); kw:night(46.9162); kw:morning(43.7155); kw:dormancy(36.9273)	ر ء ي:B003:الرؤيا في المنام → ح ل م:B002:رؤية المنام والاحتلام
C685	0.6573	land / smoothness / terrain / openness	34	14	14	15	0.05585933	0.1648	1.0	0.8	1,5,8,9,11,15,16,30,33,38,53,55,58,59,69,76,86,96,106,113,115,117,125,134,145,150,151,153,156,158,165,175,176,179	ء ف ك ب ص ر ب ي ن خ ل ق س م ع س و ي ص ف ف ص ف و ط غ و ع ذ ب ع ر ي ل ف ي م و ت ن ج و	kw:land(56.957); kw:smoothness(51.8423); kw:terrain(43.1677); kw:openness(42.434); kw:landscape(41.4171); kw:plain(40.8244); theme:land_water_sky/terrain_desert(39.4019); kw:barrenness(39.1426)	م و ت:B003:أرض موات ومتاع لا روح فيه → ء ف ك:B005:أرض مأفوكة صرف عنها المطر
C686	0.6572	basin / defense / city / land_water_sky/water_hydrology	36	15	17	19	0.05813765	0.1418	1.0	0.8947	11,20,21,25,28,37,41,45,48,53,79,84,87,96,97,100,101,102,116,117,125,136,138,143,149,150,153,157,158,159,164,166,170,172,180,182	ء ت ي ب ن ي ج ي ء خ ل ق د م ر د ي ن س ب ح ط و ف ع ق ل ع ل م غ ل م ف ص ل ق ص ر ن ص ر و ه ب	kw:basin(63.4145); kw:defense(63.4145); kw:city(60.4627); theme:land_water_sky/water_hydrology(59.0908); kw:town(45.7343); kw:pool(42.9143); kw:construction(37.6199); kw:rampart(36.9273)	خ ل ق:B011:نقرة أو بئر تمسك الماء → و ه ب:B003:نقرة في الصخر تمسك الماء
C687	0.6571	knowledge / cognition_perception/knowledge_learning / reason / judgment	33	17	17	27	0.0533311	0.1985	1.0	0.6667	5,7,14,31,36,41,55,57,64,70,79,84,86,87,99,100,101,102,105,112,113,126,138,141,149,150,151,154,158,164,170,180,182	ء ث ر ء ف ك ح ف ظ ح ك م ح ل م خ ر ج ر ء ي ر ب ب س ه م ش ع ر ش ه د ص ب ر ع ق ل ع ل م ق ل ب ن ب ء ن ف س	kw:knowledge(123.267); theme:cognition_perception/knowledge_learning(68.3784); kw:reason(59.5205); kw:judgment(52.8701); kw:cognition(49.2775); kw:wisdom(43.7155); kw:mind(42.2076); kw:epistemology(41.5754)	ع ق ل:B001:العَقْل الحابس عن الجهل → ح ك م:B003:الحكمة والعلم المصيب
C688	0.6571	blood / land_water_sky/water_hydrology / flood / tear	19	14	14	20	0.05548149	0.2198	1.0	0.65	8,14,28,30,45,47,48,55,67,70,82,102,105,113,117,157,168,175,179	ء ت ي ب ص ر ح م م ر ء ي ط غ و ط غ ي ط و ف ع ل و ع ن د ع ي ن غ ر ق ن ز ف ن ف س ه ر ع	kw:blood(62.3609); theme:land_water_sky/water_hydrology(48.0113); kw:flood(45.3471); kw:tear(41.9894); kw:irrigation(38.3916); kw:fluid(35.8423); kw:disaster(35.6904); kw:inundation(34.884)	ط غ ي:B002:علو الماء والقوة الجارفة → ط غ و:B002:طغيان الماء وما يجري مجراه
C689	0.657	suffering / pain / chastisement / torment	29	11	11	9	0.06117752	0.1636	1.0	0.7778	8,9,20,23,26,33,38,59,63,73,79,84,91,93,94,99,103,109,120,130,140,142,144,147,148,162,171,176,181	ء ل م ء ل ي س ل م ض ر ب ع ذ ب ع ق ب ف ت ن ك ل م ل و م و ص ب و ي ل	kw:suffering(56.7647); kw:pain(36.9363); kw:chastisement(34.884); kw:torment(32.5328); kw:trial(28.9576); kw:contact(24.4437); kw:punishment(23.1913); kw:justice(22.4477)	ع ذ ب:B005:العذاب إيلام وعقوبة → ع ق ب:B007:العقوبة بعد الذنب
C690	0.6569	offspring / child / body_health_life/reproduction_birth / calf	20	13	15	26	0.0541066	0.2524	0.9615	0.5769	3,9,10,16,21,32,33,36,38,43,53,58,59,73,135,140,145,152,158,176	ت ب ع ت ل و ج ن ن ع ج ز ع ج ل ع ذ ب ع ق ب غ و ي ف ص ل ف ل ك م و ت ن ب ذ و ل د	kw:offspring(87.0738); kw:child(70.7234); theme:body_health_life/reproduction_birth(60.199); kw:calf(56.5787); kw:weaning(51.232); kw:reproduction(40.7946); kw:kinship(38.0967); kw:descendant(34.884)	ع ق ب:B004:العَقِب من الولد → ع ج ز:B007:آخر الولد عند كبر الأبوين
C691	0.6569	proximity / nearness / adjacency / relation	28	13	15	21	0.06069268	0.2039	1.0	0.619	5,6,8,23,31,48,56,57,67,76,84,86,87,90,99,100,115,126,127,148,149,150,158,168,174,178,180,182	ج ن ب ح ض ر ح م م ح ي ن د ن و د و ن ر ب ب ش ه د ع ن د ك ر ب ك و د و ل ي و ه ب	kw:proximity(96.4219); kw:nearness(65.2377); kw:adjacency(62.7642); kw:relation(57.3531); kw:presence(54.2007); kw:space(42.0421); kw:approach(36.9363); kw:approximation(34.884)	د ن و:B001:القرب والمقاربة → و ل ي:B001:قرب ودنو بلا فاصل
C692	0.6568	withdrawal / prevention / return / release	42	15	17	22	0.06066917	0.1654	1.0	0.7273	8,9,12,17,22,23,26,33,34,36,38,59,63,68,71,73,78,79,84,91,93,94,99,103,108,109,113,119,120,126,129,130,140,144,145,147,148,154,163,168,176,181	ء ل ي ء و ل ت ر ك ج ر م ح ك م ر ج ع س ل م ص ل ي ض ر ب ظ ل م ع ج ب ع ذ ب ع ر ي ع ق ب ق ل ب	kw:withdrawal(52.9349); kw:prevention(51.8423); kw:return(35.9982); kw:release(35.8423); kw:reform(33.004); kw:renunciation(32.1114); kw:destiny(31.0619); kw:outcome(30.7655)	ع ذ ب:B003:الكف والمنع والفطام عن الشيء → ض ر ب:B004:القبض عن الشيء والكف
C693	0.6568	knowledge / soul / cognition_perception/cognition / thought	32	9	14	20	0.05306713	0.2632	1.0	0.6	7,15,18,20,21,28,29,31,35,36,49,51,52,54,56,76,85,89,91,95,97,98,99,102,113,115,124,127,138,151,152,167	ح ف ظ ص ب ر ع ق ل ق و ل ك ذ ب ك ر ب ك ن ن ك ي د ن ف س	kw:knowledge(44.8244); kw:soul(44.0082); theme:cognition_perception/cognition(37.4564); kw:thought(30.4895); kw:reason(29.7602); kw:mind(28.1384); kw:life(27.3357); theme:emotion_ethics/suffering_hardship(27.2376)	ك ر ب:B001:الكرب غم شديد آخذ بالنفس → ن ف س:B002:توسيع الكربة بالتنفيس
C694	0.6568	orientation / consent / reception / opposition	13	7	11	11	0.05947918	0.2292	1.0	0.9091	27,44,45,48,50,55,71,84,90,94,97,174,178	د ب ر س و ي ع ي ن ق ب ل ق ل ب ل ق ي و ل ي	kw:orientation(85.9937); kw:consent(48.7992); kw:reception(48.1671); kw:opposition(40.6505); kw:direction(35.6904); kw:acceptance(30.2314); kw:encounter(26.4674); kw:worship(25.08)	ق ب ل:B001:مواجهة الشيء للشيء → ل ق ي:B004:توافي شيئين متقابلين
C695	0.6567	body_health_life/reproduction_birth / pregnancy / reproduction / husbandry	26	17	17	36	0.0552009	0.2647	0.8056	0.5556	3,6,14,16,21,31,36,37,42,43,53,55,58,59,68,93,97,102,105,113,127,134,135,152,158,176	ب ر ك ت ل و ج م ع ج ن ن ح ق ق د ن و ر ء ي ر ج ع ض ر ب ع ج ز ع ج ل ف ص ل ف ك ه ك ذ ب ل ق ي م و ت و ل د	theme:body_health_life/reproduction_birth(140.4643); kw:pregnancy(90.724); kw:reproduction(81.5892); kw:husbandry(56.483); kw:offspring(49.7565); kw:birth(49.4984); kw:fertility(42.5584); kw:child(42.434)	ر ء ي:B010:ظهور حمل الناقة أو الشاة → ر ج ع:B013:راجع الناقة وحملها
C696	0.6567	lie / confirmation / emotion_ethics/deception_corruption / fabrication	27	10	16	25	0.06044344	0.2252	0.96	0.64	3,11,20,21,24,29,31,37,43,52,53,57,75,81,86,96,105,111,122,125,127,132,148,150,151,152,157	ء ف ك ء م ن ت ل و ح ق ق خ ل ق د ي ن ص د ق ك ذ ب ن ع م و ق ف	kw:lie(59.0879); kw:confirmation(50.3071); theme:emotion_ethics/deception_corruption(45.6564); kw:fabrication(44.6404); kw:testimony(39.8493); kw:falsehood(39.2775); kw:trust(37.4165); kw:verification(31.7301)	ك ذ ب:B001:خلاف الصدق → ص د ق:B001:صدق القول
C697	0.6567	agriculture_food/plant_vegetation / palm / sapling / fruit	21	12	13	19	0.05355313	0.2468	0.9474	0.6316	7,34,40,54,55,63,65,74,76,77,95,98,102,107,115,128,134,145,158,160,169	ج ر م ج ع ل ج م ع خ ل ص ش ي ء ص ب ر ط ل ع ف د ي ك ر ب م ر د ن ب ذ ن ح ت	theme:agriculture_food/plant_vegetation(81.8811); kw:palm(68.2325); kw:sapling(49.5059); kw:fruit(46.4691); kw:growth(42.1427); kw:plant(40.1773); kw:date(37.4165); kw:seedling(34.884)	ج ع ل:B006:النخل الصغار أو القصار → ش ي ء:B006:صغار النخل
C698	0.6565	cover / protection / conflict_security/protection_security / concealment	17	10	13	15	0.05649783	0.2	1.0	0.8	1,7,8,27,36,43,48,49,50,97,102,124,149,153,158,165,170	ب ع ض ب ن ي ج ن ن ح ف ظ ص ف ف ق ص ر ك ف ر ك ل ل ك ن ن و ق ي	kw:cover(51.0335); kw:protection(49.7385); theme:conflict_security/protection_security(46.3528); kw:concealment(43.7032); kw:shelter(43.4013); kw:screen(43.1696); kw:awning(34.1547); theme:craft_material_built/architecture_construction(31.6025)	ج ن ن:B001:الستر والاستتار → ك ن ن:B001:السَّتر الصائن
C699	0.6564	death / offspring / birth / killing	27	14	17	20	0.06161506	0.1515	1.0	0.9	16,23,27,44,50,53,55,58,59,63,64,68,71,73,82,94,97,102,107,113,135,149,150,152,153,162,163	ب ن ي ج ح م ذ ب ح ش ه د ع ج ز ع ق ب غ ر ق ف ت ن ق ب ل م ع ع م و ت ن ف س ن و م و ل د	kw:death(78.3193); kw:offspring(49.7565); kw:birth(49.4984); kw:killing(44.316); kw:mortality(43.1677); kw:war(42.6693); kw:child(42.434); kw:violence(37.5938)	ع ق ب:B004:العَقِب من الولد → ع ج ز:B007:آخر الولد عند كبر الأبوين
C700	0.6564	oldness / magnitude / antiquity / senescence	13	8	11	12	0.0562588	0.2449	0.8333	0.9167	8,16,35,53,60,76,102,107,115,135,138,176,180	ء م ر ع ج ز ع ج ل ع ز ز ع ظ م ع ل و ك ب ر ل ي ل	kw:oldness(33.5381); kw:magnitude(32.5328); kw:antiquity(30.2314); kw:senescence(29.9889); kw:size(29.1436); kw:transgression(27.8525); theme:body_health_life/life_stage_aging(26.9737); kw:age(24.9444)	ك ب ر:B004:كبر السن والقدم → ع ج ز:B003:كبر وقدم حتى يسمى عجوزا
C701	0.6562	tribute / work / worker / labor	19	11	17	23	0.0634901	0.1811	1.0	0.8261	12,14,34,39,61,63,64,77,80,93,96,98,102,105,110,121,131,141,158	ء ص ل ج ز ي ج ع ل خ ر ج س خ ر س ع ي س ه م ض ر ب ع م ل ف ع ل م ع ع	kw:tribute(65.0657); kw:work(59.5205); kw:worker(52.326); kw:labor(52.0647); kw:tax(49.5059); kw:levy(47.0731); kw:taxation(45.7343); kw:action(43.4363)	ف ع ل:B003:فَعلة العمل → ع م ل:B006:العملة العاملون بالأيدي
C702	0.6562	bird / ostrich / animal_life/wildlife / egg	20	10	14	18	0.06103409	0.2143	1.0	0.7222	22,27,36,43,46,49,50,57,63,67,73,75,78,97,108,113,119,127,129,158	ب ر ك ب ع ض ب ي ض ت ر ك ح ض ر ح م م ظ ل م ع ق ب ل ق ي ن ع م	kw:bird(93.8324); kw:ostrich(60.4627); theme:animal_life/wildlife(49.2922); kw:egg(46.1482); kw:desert(45.1864); kw:helmet(34.1547); kw:warfare(31.7609); kw:refuse(29.9889)	ظ ل م:B006:الظليم ذكر النعام → ن ع م:B006:النعام والنعامة الطائر
C703	0.6561	shadow / redress / strength / posture	32	11	13	12	0.057199	0.16	1.0	0.9167	8,22,25,30,40,61,63,66,74,81,85,95,111,113,114,115,116,118,122,124,128,132,138,142,144,146,160,161,164,169,171,172	ب ط ن ظ ل م ع ب د ع ق ل ع ل و ق ط ن ق و م ل ق م م ث ل م ن ن ن ص ر	kw:shadow(44.6404); kw:redress(34.884); kw:strength(34.002); kw:posture(33.7797); kw:noon(31.3821); kw:standing(31.0619); kw:uprightness(30.7655); kw:solidity(27.8525)	ظ ل م:B003:الظلامة وطلب الإنصاف → ن ص ر:B002:انتصاف المظلوم
C704	0.656	body_health_life/reproduction_birth / child / offspring / reproduction	32	15	17	34	0.05452552	0.2556	0.9118	0.5294	3,5,16,21,28,31,36,43,53,57,58,59,68,73,84,87,93,97,99,100,102,126,134,135,149,150,152,153,158,176,180,182	ء ن ث ب ن ي ت ل و ج م ع ج ن ن ر ب ب ر ج ع ع ج ز ع ج ل ع ق ب ف ص ل م و ت ن و م و ل د ي م ن	theme:body_health_life/reproduction_birth(76.2521); kw:child(70.7234); kw:offspring(62.1956); kw:reproduction(61.1919); kw:mother(60.9791); kw:parent(48.7992); kw:kinship(47.6209); kw:pregnancy(38.8817)	ع ق ب:B004:العَقِب من الولد → ع ج ز:B007:آخر الولد عند كبر الأبوين
C705	0.656	welfare / firmness / kinship_society/hospitality_welfare / generosity	56	15	16	23	0.05773558	0.1933	0.7826	0.6957	5,8,9,11,22,23,31,33,37,38,40,42,43,44,51,57,59,63,72,74,75,76,81,84,85,87,91,94,95,99,100,111,113,115,122,123,126,128,132,133,137,139,140,144,147,148,149,160,161,162,169,171,176,180,181,182	ء ل ي ر ب ب ر س ل س ر ر ش د د ع ب د ع ذ ب ع ز ز ف ت ن ف ك ه ق ر ن ك ر ب م ر ر ن ع م ن ف س	kw:welfare(52.9349); kw:firmness(39.1426); theme:kinship_society/hospitality_welfare(37.3537); kw:generosity(36.4916); kw:suffering(34.0588); kw:strength(34.002); kw:delight(30.2314); kw:dignity(29.7602)	ش د د:B002:شدة القوة والصلابة → ع ب د:B007:القوة والصلابة
C706	0.656	arrival / coming / presentation / approach	23	9	13	16	0.05749613	0.2192	1.0	0.6875	3,8,14,23,25,28,37,41,84,91,94,99,112,116,117,137,140,144,147,148,157,172,177	ء ت ي ء ل ي ء ي ي ت ل و ج ي ء ر ز ق ص ب ح ن ب ء ن ص ر	kw:arrival(61.7155); kw:coming(50.3071); kw:presentation(49.5059); kw:approach(49.2484); kw:grant(42.2076); kw:bestowal(31.3821); kw:occurrence(31.0619); kw:giving(30.4895)	ء ت ي:B001:الإتيان والمجيء → ج ي ء:B001:المجيء والحصول
C707	0.6558	construction / action / aspect / cognition	44	14	17	22	0.05639191	0.1654	1.0	0.7273	11,15,18,20,21,28,29,31,34,35,36,39,41,51,52,54,56,61,63,64,70,77,79,85,87,89,91,95,96,97,98,99,102,124,127,149,151,152,153,158,164,167,170,182	ء ث ر ء ص ل ء م ر ب ن ي ج ع ل ش ع ر ط ي ن ع ل م ع م ل ف ع ل ق و ل ك ذ ب ك و د م ث ل	kw:construction(62.6999); kw:action(57.9151); kw:aspect(45.7343); kw:cognition(39.422); kw:commencement(34.1547); kw:knowledge(33.6183); kw:imitation(31.3821); kw:deed(31.0619)	ج ع ل:B004:الشروع في الفعل أو ملازمته → ء ص ل:B006:أصل يفعل
C708	0.6558	bounty / charity / allotment / share	28	14	14	15	0.06726345	0.1648	0.8667	0.8	12,25,26,29,30,37,39,41,43,46,57,61,62,63,66,75,77,83,91,96,98,104,116,117,141,157,158,172	ء ك ل ب ل ل ج ع ل خ ي ر ر ز ق س ه م ش ر ب ش ي ع ع م ل ك ت ب ن د و ن د ي ن ص ر ن ع م	kw:bounty(85.8285); kw:charity(62.033); kw:allotment(55.7051); kw:share(51.1888); kw:gift(50.4406); theme:kinship_society/hospitality_welfare(49.805); kw:giving(45.7343); kw:provision(45.3359)	ن د و:B004:ندى الجود والسخاء → ن د ي:B008:جود وسخاء وعطاء
C709	0.6557	udder / pregnancy / body_health_life/reproduction_birth / camel	28	16	16	24	0.05494417	0.2	0.9167	0.75	1,6,8,11,14,21,31,37,39,42,51,54,55,61,64,65,68,96,102,105,113,125,127,140,150,152,165,180	ب ر ك ح ق ق خ ر ج خ ل ق د ن و ر ء ي ر ج ع ص ف ف ط ل ع ع ز ز ع ل و ع م ل ف ك ه ف ل ك ق ر ن ك ذ ب	kw:udder(52.9349); kw:pregnancy(51.8423); theme:body_health_life/reproduction_birth(48.1592); kw:camel(46.3334); kw:milk(45.9637); kw:husbandry(45.1864); kw:dairy(36.6655); kw:fertility(31.9188)	ر ء ي:B010:ظهور حمل الناقة أو الشاة → ر ج ع:B013:راجع الناقة وحملها
C710	0.6557	liability / sustenance / surety / guarantee	37	11	15	17	0.06127738	0.1683	1.0	0.7059	3,15,16,21,22,27,28,29,30,32,35,39,41,44,48,50,51,53,57,66,71,73,85,91,94,102,115,116,118,124,141,143,148,157,164,167,169	ء ك ل ب ل غ ت ل و ر ز ق س ح ر ص ب ر ق ب ل ق ص ر ق و م ك و ن م ت ع	kw:liability(65.4624); kw:sustenance(53.9753); kw:surety(47.5952); kw:guarantee(46.1482); kw:provision(45.3359); theme:economy_property/provision_resource(44.7667); kw:livelihood(38.2751); kw:trust(37.4165)	ق ب ل:B008:ضمان الشيء والتكفل به → ص ب ر:B003:تحمل الكفالة والملازمة
C711	0.6556	sky / land_water_sky/weather_climate / rain / cloud	26	13	15	19	0.05964783	0.1845	1.0	0.7368	5,6,8,9,31,33,38,41,45,48,57,59,64,68,69,84,87,88,99,100,102,126,149,176,180,182	ء ر ض خ ر ج ر ب ب ر ج ع ر ز ق س م و ص ب ر ع ذ ب ع ل و ع ي ن ل ف ي ن ج م ن و م	kw:sky(83.8128); theme:land_water_sky/weather_climate(71.1056); kw:rain(71.0845); kw:cloud(62.3609); kw:weather(47.4318); kw:meteorology(43.1696); kw:water(42.3686); kw:overhead(34.884)	ر ب ب:B008:رباب السحاب → ص ب ر:B010:سحاب أبيض متراكم
C712	0.6555	watering / drink / draught / dawn	21	11	17	29	0.05698647	0.2302	1.0	0.6552	27,44,45,46,50,57,66,71,75,82,91,94,101,104,112,113,125,127,137,158,177	ء ك ل ب ش ر ب ع ل ح ض ر ش ر ب ص ب ح غ ر ق ق ب ل ك ء س ن د ي ن ف س	kw:watering(55.1716); kw:drink(52.9349); kw:draught(49.5059); kw:dawn(42.434); kw:nourishment(38.6317); kw:irrigation(38.3916); kw:liquid(37.8305); kw:emergence(37.4165)	ش ر ب:B001:تناول المائع → ن ف س:B006:نفس الشرب وجرعته
C713	0.6555	deliberation / decision / consultation / cognition_perception/reasoning_decision	42	14	16	18	0.05857583	0.1525	1.0	0.7778	8,9,14,15,18,19,20,28,29,30,31,35,36,51,52,54,55,56,62,66,73,85,86,88,89,90,91,95,97,98,99,102,105,115,117,118,124,134,151,157,164,167	ء ت ي ء م ر ج م ع خ ي ر د ب ر ر ء ي ر و د ش ي ء ق و ل ق و م م ل ء ن ج م ن ظ ر و ص ب	kw:deliberation(58.2873); kw:decision(53.7561); kw:consultation(48.7992); theme:cognition_perception/reasoning_decision(44.2241); kw:commitment(42.2076); kw:planning(41.9894); kw:resolve(40.8244); kw:alliance(40.3171)	م ل ء:B003:ممالأة على الأمر → ج م ع:B013:ممالأة واجتماع مع غيرك على أمر
C714	0.6555	orientation / organ / ear / direction	23	9	12	11	0.05723472	0.1774	1.0	0.9091	5,8,15,19,27,44,45,48,50,55,71,73,88,90,94,102,106,113,117,156,158,174,178	ب ي ن د ب ر س م ع س و ي ش ر ق ع ي ن ق ب ل ن ظ ر و ل ي	kw:orientation(85.9937); kw:organ(52.0143); kw:ear(41.9894); kw:direction(35.6904); kw:slit(33.004); kw:rear(28.4462); kw:hearing(28.1384); kw:opposition(27.1003)	ق ب ل:B001:مواجهة الشيء للشيء → د ب ر:B001:خلف الشيء ودبره
C715	0.6554	running / speed / alliance / athletics	34	13	14	12	0.06078717	0.1333	1.0	0.9167	3,8,11,17,22,40,42,56,57,59,66,71,74,76,81,85,95,102,111,113,115,122,126,127,128,132,134,140,158,160,161,168,169,171	ء و ل ب ر ك ب ل غ ت ل و ج م ع ح ض ر ر د ي ش ح ن ش د د ع ب د ك ر ب ك ر م م ل ء	kw:running(54.6714); kw:speed(45.4883); kw:alliance(40.3171); kw:athletics(34.1547); kw:gallop(29.3388); kw:cooperation(28.6095); kw:urgency(28.1384); kw:rivalry(27.7169)	م ل ء:B003:ممالأة على الأمر → ج م ع:B013:ممالأة واجتماع مع غيرك على أمر
C716	0.6554	tool / craft_material_built/tools_equipment / rotation / roundness	38	10	11	9	0.05098687	0.1667	1.0	0.8889	8,10,15,18,20,23,24,28,29,30,31,35,36,42,51,52,54,56,85,86,89,91,94,95,97,98,99,102,115,118,124,140,144,147,148,151,164,167	ء ل ي خ ط ف ر و د س م ع ع ل و ف ل ك ق و ل ق و م ك ر م و ق ف	kw:tool(63.5999); theme:craft_material_built/tools_equipment(54.3195); kw:rotation(42.6693); kw:roundness(31.0619); kw:handle(30.7655); kw:rod(30.4895); kw:stick(28.9576); kw:wood(25.2924)	و ق ف:B011:عود تسكين القدر → ر و د:B006:أدوات الإدارة والدوران
C717	0.6553	orientation / diversion / observation / opposition	29	15	17	23	0.06060915	0.1729	1.0	0.7826	14,15,19,23,27,44,45,48,50,55,62,64,68,71,73,84,86,88,90,93,94,97,102,105,146,151,163,174,178	ء ف ك ج ح م د ب ر ر ء ي س ح ر ش ج ر ض ر ب ط ر ف ع ي ن ق ب ل ق ل ب ل ق ي ن ج م ن ظ ر و ل ي	kw:orientation(64.4953); kw:diversion(53.9753); kw:observation(44.0082); kw:opposition(40.6505); kw:encounter(39.7012); theme:cognition_perception/reasoning_decision(33.1681); kw:reception(32.1114); kw:cognition(29.5665)	ق ل ب:B004:رد الشيء عن وجهه → ء ف ك:B001:قلب الشيء وصرفه عن وجهته
C718	0.6553	belly / cavity / digestion / fluid	20	14	15	21	0.05518966	0.2019	0.9524	0.8095	8,15,22,44,45,54,55,62,65,66,68,76,93,113,115,134,138,144,146,177	ب ط ن ح ش ر ر ج ع س ح ر س ر ر ض ر ب ط ل ع ط و ف ع ق ل ق ذ ف ق ط ن ن ج و ن ز ل ن ف س	kw:belly(50.8811); kw:cavity(43.7155); kw:digestion(38.8817); kw:fluid(35.8423); kw:vomit(34.884); kw:stool(34.884); kw:feces(33.004); kw:excrement(31.3821)	ب ط ن:B005:حال البطن من امتلاء أو علة → ع ق ل:B006:العُقول يمسك البطن
C719	0.6553	substitution / deliverance / rescue / escape	33	9	13	12	0.06037121	0.1644	1.0	0.8333	4,5,15,19,30,39,40,60,62,64,74,76,80,85,105,106,107,110,113,115,117,118,121,124,128,131,134,146,156,158,160,164,169	ب ي ن ج ز ي خ ل ص ش ج ر ف د ي ف و ز ق و م ن ج و و ح د	kw:substitution(76.9137); kw:deliverance(47.0731); kw:rescue(43.7155); kw:escape(41.5754); kw:solitude(31.0619); kw:separation(30.8249); kw:replacement(29.9889); kw:wilderness(25.7544)	خ ل ص:B002:خروج ونجاة من نشب → ن ج و:B001:الخلاص بالانفصال
C720	0.6552	wealth / prosperity / friendship / affection	39	14	15	15	0.06171173	0.1442	1.0	0.8	15,16,18,20,28,29,31,35,36,37,40,42,51,52,53,54,56,62,67,71,74,85,89,90,91,95,97,99,102,105,124,128,151,153,157,160,167,169,182	ء م ر ت ر ب ح م د ح م م خ ل ص خ ي ر د ب ر ص د ق ص ف و ق و ل ك ث ر ك ر م م ع ع ن و م	kw:wealth(64.5801); kw:prosperity(51.1888); kw:friendship(46.1482); kw:affection(42.9143); theme:emotion_ethics/trust_loyalty(42.3903); kw:abundance(41.1892); kw:virtue(37.4165); kw:trust(37.4165)	خ ل ص:B007:صفاء مودة وخاصّة → ص ف و:B004:مصافاة المودة والإخاء
C721	0.6552	tension / mechanics / bow / division	26	13	14	13	0.06080636	0.1444	1.0	0.9231	1,4,5,6,15,19,21,28,31,38,45,48,51,68,97,102,106,112,113,117,149,153,156,157,158,165	ء ت ي ب ن ي ب ي ن د ن و ذ و ق ر ج ع ص ف ف ط ر ف ط و ف ف ص ل ق ر ن ن ب و و ح د	kw:tension(44.316); kw:mechanics(43.4363); kw:bow(40.3171); kw:division(36.4916); kw:foreleg(32.5328); kw:solitude(31.0619); kw:string(30.7655); kw:coordination(30.2314)	ب ي ن:B008:انفراج العضو أو الشيء عن ملاصقه → ب ن ي:B005:قوس بانية تلصق بوترها
C722	0.6551	trial / examination / test / benefaction	16	8	17	29	0.06260201	0.2417	1.0	0.5517	12,26,29,30,37,43,57,63,75,90,104,106,114,162,174,178	ب ل ل ب ل و ب ل ي ف ت ن م ن ن ن د ي ن ع م و ل ي	kw:trial(72.3939); kw:examination(49.5059); kw:test(49.5059); kw:benefaction(43.7155); theme:kinship_society/hospitality_welfare(41.5042); kw:ordeal(40.8244); kw:service(40.6505); kw:decay(35.3977)	ب ل و:B001:البلى والاهتراء → ب ل ي:B001:البلى والخلق من الاستعمال
C723	0.655	justice / entitlement / property / right	24	12	14	16	0.05988228	0.1818	1.0	0.8125	3,10,13,22,31,33,37,40,63,70,74,76,90,113,128,134,150,153,155,160,168,169,174,178	ء ث ر ء ه ل ت ب ع ت ل و ح ق ق خ ل ص ذ ك ر ش ر ك ص ف و ظ ل م م ل ك و ل ي	kw:justice(56.1193); kw:entitlement(50.3071); kw:property(42.7746); kw:right(41.9894); kw:ownership(37.8305); kw:possession(36.6655); kw:eligibility(35.7766); kw:worthiness(33.5381)	ت ل و:B004:ذمة أو حق يتبع صاحبه → ت ب ع:B005:المطالبة والطالب بالحق
C724	0.655	pleasure / enjoyment / cognition_perception/perception / flavor	17	10	11	11	0.05440242	0.2037	1.0	0.8182	8,9,15,31,33,38,42,43,46,57,59,66,75,91,137,148,176	ء ك ل ذ و ق س ح ر س م ع ع ذ ب ف ك ه ل ذ ذ م ت ع م ر ر ن ع م	kw:pleasure(55.9858); kw:enjoyment(48.7992); theme:cognition_perception/perception(32.9428); kw:flavor(31.7301); kw:utility(30.4895); kw:delight(30.2314); kw:taste(28.6095); kw:sensation(28.4462)	ع ذ ب:B001:العذوبة والطيب في الماء والمطعوم → م ر ر:B003:المرارة ضد الحلاوة
C725	0.655	wealth / capacity / prosperity / obligation	14	10	11	9	0.05626322	0.1667	1.0	1.0	8,10,16,53,54,55,65,66,71,76,90,102,115,150	ت ب ع ت ر ب د ب ر ش ي ء ط ل ع ك ث ر ك ر ب م ل ء م ل ك و ج د	kw:wealth(64.5801); kw:capacity(49.0059); kw:prosperity(38.3916); kw:obligation(33.8345); kw:abundance(30.8919); kw:finance(24.7492); kw:containment(24.7492); kw:fullness(23.5511)	م ل ء:B001:امتلاء يساوي الوعاء → ط ل ع:B007:امتلاء مستوعب
C726	0.6548	edge / side / boundary / orientation	23	15	15	18	0.05574658	0.1714	1.0	0.8333	5,8,15,27,28,44,45,48,50,66,90,93,101,102,106,112,113,117,144,156,158,175,179	ب ش ر ب ص ر ب ط ن ب ع ض ب ي ن ج ن ب د ب ر س ح ر س ر ر ص ب ر ط ر ف ط و ف ع ل و ق ذ ف ي م ن	kw:edge(69.193); kw:side(67.2365); kw:boundary(38.6008); kw:orientation(32.2476); kw:top(29.7602); kw:contrast(28.6095); kw:extremity(27.7169); theme:space_form_boundary/space(25.4756)	ق ذ ف:B004:حافة مشرفة وناحية → ط ر ف:B001:حافة الشيء ومنتهاه
C727	0.6547	war / violence / battle / combat	28	11	11	9	0.0529281	0.1636	1.0	0.8889	5,10,11,12,15,23,26,29,30,37,55,62,63,64,68,82,97,98,102,106,113,117,146,149,156,158,162,163	ب ل ل ب ي ن ج ح م خ ط ف ش ج ر ش ه ب غ ر ق ف ت ن ف ت ي ك ي د م ع ع	kw:war(56.8924); kw:violence(46.9922); kw:battle(43.1696); kw:combat(38.0487); kw:death(33.5654); kw:killing(29.544); kw:crime(28.7797); kw:politics(26.2769)	ف ت ن:B006:قتل وحروب واختلاف → م ع ع:B001:جلبة النار والحرب
C728	0.6546	basin / pool / hydrology / reservoir	40	14	15	16	0.06096004	0.1538	1.0	0.75	5,11,22,30,37,40,41,46,63,74,76,77,79,81,84,85,87,95,96,98,100,111,113,115,118,122,124,125,128,132,134,150,158,160,161,164,169,170,171,182	ء ر ض ء ه ل ب ر ك ج ع ل ج ي ء ح ش ر خ ل ق ش ر ب ط غ و ط غ ي ع ب د ع ل م ق و م و ه ب	kw:basin(76.0974); kw:pool(57.219); kw:hydrology(53.8167); kw:reservoir(44.9833); kw:insect(41.5754); kw:settlement(41.2343); theme:animal_life/wildlife(35.8489); kw:storage(32.5956)	ط غ ي:B002:علو الماء والقوة الجارفة → ط غ و:B002:طغيان الماء وما يجري مجراه
C729	0.6544	milk / remainder / residue / mixture	31	15	15	20	0.05713734	0.1905	1.0	0.65	3,10,16,17,32,36,37,53,58,59,71,72,77,78,82,93,103,108,119,123,125,126,129,133,135,139,147,153,168,171,181	ء و ل ب ق ي ت ر ك ت ل ل ت ل و ج ب ن د ع و ر س ل ش ه ب ص ف و ض ر ب غ ب ر غ ر ق غ و ي م و ت	kw:milk(91.9274); kw:remainder(56.2768); kw:residue(50.5848); kw:mixture(49.6264); theme:agriculture_food/food_nutrition(43.0223); kw:balance(39.5566); kw:nourishment(38.6317); kw:remnant(38.1608)	ت ل و:B003:بقية تتلو ما قبلها → ت ل ل:B010:التلة بقية دين
C730	0.6544	rear / remnant / residue / posterior	12	7	13	18	0.06053727	0.2647	1.0	0.6667	45,48,70,73,78,82,90,108,119,129,135,136	ء ث ر ء خ ر د ب ر ع ج ز ع ق ب ع ي ن غ ب ر	kw:rear(71.1156); kw:remnant(50.8811); kw:residue(50.5848); kw:posterior(48.1671); kw:end(43.4363); kw:trace(37.1238); kw:sequence(35.2565); kw:aftermath(33.5381)	ع ق ب:B006:آخر الشيء وعاقبته → د ب ر:B002:آخر الشيء ومضي عاقبته
C731	0.6542	cycle / time / height / shadow	25	16	16	25	0.05744316	0.2083	0.96	0.64	5,6,8,11,15,20,21,26,30,35,44,85,90,101,113,115,118,124,137,138,144,148,149,164,177	د ب ر س ح ر س ر ر س م و ش د د ص ب ح ع ق ل ع ل و غ ل م ف ت ي ق و م ك ب ر ل ي ل م ت ع ن ف س ي و م	kw:cycle(73.1559); kw:time(63.1034); kw:height(61.7155); kw:shadow(59.5205); kw:dawn(56.5787); kw:ascent(52.5539); kw:daylight(48.7992); kw:noon(47.0731)	س م و:B001:العلو والارتفاع → ع ل و:B001:السمو والارتفاع
C732	0.6541	price / sale / economy_property/commerce_exchange / credit	27	13	14	13	0.05968257	0.1444	1.0	0.9231	26,30,45,48,55,68,79,84,85,90,102,103,109,115,118,120,124,130,145,147,148,159,164,174,178,180,181	ب ل غ ر ج ع ز ي د س ع ي س ل م س و ي ع ي ن ق و م م ت ع ن ب ذ و ص ف و ق ي و ل ي	kw:price(73.8599); kw:sale(68.9644); theme:economy_property/commerce_exchange(67.9516); kw:credit(66.0079); kw:exchange(43.6419); kw:contract(36.9363); theme:economy_property/finance_debt(34.1558); kw:purchase(33.004)	س ل م:B005:السلم في البيع والسلف → ع ي ن:B012:العينة والسلف
C733	0.6541	release / abandonment / renunciation / knowledge	37	13	14	13	0.05943714	0.1444	1.0	0.8462	9,26,33,34,36,38,40,41,59,64,66,68,73,74,78,79,84,87,103,108,109,119,120,125,128,129,130,144,145,158,160,164,169,170,176,181,182	ب ط ن ت ر ك ج ر م خ ر ج خ ل ص ر ج ع س ل م ع ذ ب ع ر ي ع ق ب ع ل م ك ف ر و ذ ر	kw:release(83.6321); kw:abandonment(54.2007); kw:renunciation(48.1671); kw:knowledge(33.6183); kw:desertion(33.004); theme:condition_force_change/loss_absence(31.2575); kw:omission(31.0619); theme:condition_force_change/control_restraint(27.3256)	س ل م:B012:تسليم الشيء وتخليته → ت ر ك:B001:التخلية عن الشيء
C734	0.6541	distance / remoteness / wilderness / crossing	15	8	10	8	0.06095685	0.1905	1.0	0.875	5,7,9,15,47,60,64,65,75,106,113,117,137,156,158	ب ي ن ج و ب خ ر ج ش ط ن غ و ل ف و ز م ر ر و ص ب	kw:distance(60.5377); kw:remoteness(55.7051); kw:wilderness(51.5089); kw:crossing(45.3471); kw:traversal(30.7655); kw:depth(27.8525); kw:expanse(27.2163); kw:geography(26.5504)	ب ي ن:B006:بعد المسافة واتساع الفجوة → ش ط ن:B001:البعد والانقطاع
C735	0.654	severity / suffering / adversity / calamity	36	14	17	26	0.0545672	0.1955	0.9615	0.6923	10,14,16,20,21,22,26,28,29,30,32,35,39,51,53,57,62,67,73,85,102,115,116,118,124,137,141,143,144,153,157,164,167,169,177,180	ء م ر ء ي ي ح م م ش ه ب ص ب ر ص ف و ع ز ز ق و م ك ب ر ك و ن م ر ر م ع ع ن ز ل ي و م	kw:severity(59.3598); kw:suffering(56.7647); kw:adversity(50.5848); kw:calamity(47.9976); kw:judgment(42.2961); kw:cold(41.3787); kw:event(41.1882); kw:time(36.0591)	ك و ن:B001:وقوع الشيء وحضوره في زمان → ي و م:B003:كائنة اليوم وشدته
C736	0.654	family / belly / household / knowledge	24	10	15	16	0.06013072	0.1702	1.0	0.9375	11,17,21,36,40,43,44,54,55,59,65,66,67,71,74,76,126,128,134,144,158,160,168,169	ء ه ل ء و ل ب ط ن ج ن ن ح م م خ ل ص س ر ر ط ل ع ط ي ن ف ص ل	kw:family(45.6437); kw:belly(38.1608); kw:household(35.8423); kw:knowledge(33.6183); kw:secret(31.7301); theme:cognition_perception/knowledge_learning(29.9155); kw:belonging(28.6095); kw:interior(26.9877)	ط ل ع:B003:الإشراف والكشف على الأمر → ب ط ن:B002:باطن الأمر وخفاؤه
C737	0.6539	plant / ecology / agriculture / vegetation	27	14	17	28	0.0619713	0.2121	0.8929	0.6786	5,7,31,36,43,46,48,56,57,62,64,66,84,87,88,91,99,100,102,107,126,145,146,149,158,180,182	ء ك ل ج ن ن ذ ب ح ر ب ب ر د ي ش ج ر ش ر ب ش ع ر ط ر ف ع ر ي ق ل ب م ر د ن ب ت ن ج م	kw:plant(80.3546); kw:ecology(71.6169); kw:agriculture(49.2943); kw:vegetation(45.8021); kw:grove(42.9143); theme:agriculture_food/plant_vegetation(38.991); kw:herb(37.9386); kw:tree(33.9456)	ش ع ر:B002:نبات كثيف كالشَّعر → ش ج ر:B001:الشجر ذو الساق
C738	0.6539	power / victory / conquest / dominance	25	14	16	19	0.06208436	0.1624	1.0	0.8421	8,12,16,28,30,35,53,55,58,59,60,70,76,90,102,107,115,116,117,156,157,173,174,178,180	ء ت ي ء ث ر ب ل غ س ل ط س و ي ع ج ب ع ز ز ع ظ م ع ل و غ ل ب ف و ز ك ب ر م و ت و ل ي	kw:power(76.4806); kw:victory(69.2923); kw:conquest(60.9791); kw:dominance(54.4326); kw:death(44.7539); kw:crisis(38.7554); kw:competition(34.5343); kw:control(33.2078)	غ ل ب:B001:قوة تقهر وتغلب → ع ز ز:B002:الغلبة والقهر
C739	0.6538	ecology / plant / representation / agriculture_food/plant_vegetation	26	13	17	26	0.06410934	0.1985	0.9615	0.6538	1,5,8,21,22,31,36,46,57,61,62,64,84,87,88,93,99,100,126,127,146,149,152,165,180,182	ج ن ب ر ب ب ز و ج ش ج ر ش ر ب ش ع ر ص ف ف ض ر ب ق ل ب ك ذ ب م ث ل ن ب ت ن ج م	kw:ecology(71.6169); kw:plant(70.3103); kw:representation(46.1482); theme:agriculture_food/plant_vegetation(38.991); kw:parable(36.9273); kw:vegetation(34.3516); kw:type(33.004); kw:agriculture(32.8628)	ش ع ر:B002:نبات كثيف كالشَّعر → ش ج ر:B001:الشجر ذو الساق
C740	0.6538	tribe / companion / clan / group	37	14	17	22	0.06132928	0.1667	0.9545	0.7727	5,14,20,21,22,26,27,30,31,44,50,51,53,57,71,76,84,85,87,94,99,100,102,115,118,124,126,134,144,148,149,164,170,174,178,180,182	ء م ر ء ه ل ء ي ي ج م ع ح ي ن د ي ن ر ب ب ز و ج ف ص ل ق ب ل ق ر ن ق و م ك ف ر ي و م	kw:tribe(47.5872); kw:companion(44.0082); kw:clan(39.4154); kw:group(36.4065); kw:epoch(34.884); kw:circumstance(33.004); kw:partner(33.004); kw:cohort(33.004)	ي و م:B002:مدة من الزمان → ح ي ن:B001:وقت الشيء وأوانه
C741	0.6538	family / inheritance / household / kinship	42	14	17	21	0.05656163	0.1579	0.9524	0.8095	5,7,8,17,23,25,31,43,57,59,67,71,73,75,76,84,87,90,91,94,97,99,100,102,116,126,134,140,141,144,147,148,149,152,153,158,168,172,174,178,180,182	ء ل ي ء ه ل ء و ل ب ن ي ح م م ر ب ب س ه م ع ق ب ك ل ل ن س ب ن ص ر ن ع م و ل د و ل ي	kw:family(79.8764); kw:inheritance(65.9276); kw:household(47.7898); kw:kinship(47.6209); kw:lineage(43.3422); kw:genealogy(36.9363); kw:heir(35.7766); theme:kinship_society/marriage_genealogy(35.3571)	ء و ل:B003:آل الرجل من يرجع إليهم ويرجعون إليه → ء ه ل:B001:جماعة القرب والانتماء
C742	0.6538	removal / diversion / separation / distance	23	16	16	19	0.05886703	0.1583	1.0	0.8421	7,8,9,15,27,33,38,48,50,59,62,63,64,65,84,86,112,140,145,146,151,162,176	ء ص ل ء ف ك ب ع ض ج ن ب د ح ر س ح ر ش ج ر ش ح ن ش ط ن ط ر ف ع ذ ب ف ت ن ق ذ ف ق ل ب ن ب ذ ن ب و	kw:removal(58.0864); kw:diversion(53.9753); kw:separation(51.3748); kw:distance(48.4301); kw:exclusion(41.7788); theme:movement_travel/migration_displacement(34.0366); kw:banishment(30.7655); kw:projectile(29.3388)	د ح ر:B001:الطرد والإبعاد → ش ح ن:B003:الطرد والإبعاد
C743	0.6537	summons / call / language_communication/communication / address	32	13	17	21	0.06561191	0.1628	1.0	0.7619	4,5,6,8,14,23,35,36,40,54,55,56,57,65,74,75,86,91,96,102,104,112,125,126,127,128,152,158,159,160,169,182	ء ل ه ء ي ي ج و ب ح ض ر د ع و س م و س و ي ط ل ع ع ل و ن ب ء ن ب و ن د و ن د ي	kw:summons(89.9666); kw:call(68.3392); theme:language_communication/communication(55.9929); kw:address(47.0731); kw:rise(43.4363); kw:ascent(39.4154); kw:voice(37.4165); kw:height(37.0293)	س م و:B001:العلو والارتفاع → ع ل و:B001:السمو والارتفاع
C744	0.6537	oath / side / pledge / province	23	13	14	14	0.05750293	0.1556	1.0	0.9286	8,23,28,36,43,44,45,48,66,91,93,94,99,101,103,106,112,140,144,147,148,158,173	ء ل ي ب ش ر ب ط ن ب ل و ب ل ي ج ب ن ج ن ب ج ن د ج ن ن س ر ر ط ر ف ع ي ن ي م ن	kw:oath(54.6714); kw:side(44.8244); kw:pledge(42.2076); kw:province(34.884); kw:swearing(32.1114); kw:vow(32.1114); kw:forehead(30.4895); kw:womb(26.6675)	ب ل و:B004:إبلاء العذر واليمين → ب ل ي:B005:إبلاء اليمين عرضها للاطمئنان أو الاختبار
C745	0.6536	girl / body_health_life/life_stage_aging / boy / slave	26	11	12	11	0.05356638	0.1692	1.0	0.9091	11,22,40,74,81,85,86,95,98,101,102,111,122,128,132,145,146,149,152,153,159,160,161,169,171,180	ب ل غ ح ل م ر و د ص ف و ع ب د غ ل م ف ت ي ن ب ت ن ب ذ و ص ف و ل د	kw:girl(63.4603); theme:body_health_life/life_stage_aging(49.4518); kw:boy(48.1671); kw:slave(47.0731); kw:childhood(41.3787); kw:maturity(39.2775); kw:maiden(34.1547); kw:juvenile(31.7301)	ح ل م:B003:بلوغ الحلم → ب ل غ:B001:الوصول إلى الغاية
C746	0.6535	rain / weather / land_water_sky/weather_climate / climate	22	15	17	35	0.05874257	0.2612	0.9429	0.4286	10,12,26,29,30,37,41,67,68,75,86,88,90,93,102,104,141,145,151,174,178,180	ء ف ك ب ل ل ح م م ر ج ع ر ز ق س ه م ش ه ب ض ر ب ع ر ي ع ز ز م ع ع ن ج م ن د و ن د ي و ل ي	kw:rain(118.4742); kw:weather(85.3773); theme:land_water_sky/weather_climate(59.2546); kw:climate(59.2371); kw:fertility(53.198); kw:dampness(52.326); kw:moisture(52.0143); kw:water(50.8423)	ن د و:B003:بلل الندى والمطر → ن د ي:B005:بلل ومطر ورطوبة
C747	0.6535	confirmation / trust / belief / testimony	42	11	17	23	0.06126924	0.1811	1.0	0.6522	14,15,18,20,21,28,29,31,35,36,37,43,51,52,53,54,55,56,57,75,81,84,85,86,89,91,95,97,99,102,105,111,122,124,127,132,148,151,152,153,157,167	ء ف ك ء م ن ح ق ق د ي ن ر ء ي ص د ق ص ف و ق ل ب ق و ل ك ذ ب ن ع م	kw:confirmation(50.3071); kw:trust(49.8887); kw:belief(42.434); kw:testimony(39.8493); theme:emotion_ethics/trust_loyalty(32.9702); kw:verification(31.7301); kw:friendship(30.7655); kw:promise(30.4895)	ك ذ ب:B001:خلاف الصدق → ص د ق:B001:صدق القول
C748	0.6535	perseverance / commitment / resolve / alliance	26	11	14	17	0.05807371	0.1932	1.0	0.7059	1,5,7,8,9,30,31,57,66,84,85,87,99,100,102,113,115,118,124,126,134,149,164,165,180,182	ء م ر ب ر ك ج م ع ح ف ظ ر ب ب ش ي ء ص ف ف ق و م م ل ء و ص ب و ه ب	kw:perseverance(47.5952); kw:commitment(42.2076); kw:resolve(40.8244); kw:alliance(40.3171); kw:decision(40.3171); kw:persistence(38.2751); kw:governance(33.7797); kw:circumstance(33.004)	م ل ء:B003:ممالأة على الأمر → ج م ع:B013:ممالأة واجتماع مع غيرك على أمر
C749	0.6532	knowledge / secret / privacy / concealment	16	9	15	13	0.06808485	0.1368	1.0	1.0	36,43,44,49,54,55,65,66,76,102,115,134,144,158,170,176	ب ط ن ج ن ن س ر ر ش ي ء ط ل ع ع ج ل ك ف ر ك ن ن ن ج و	kw:knowledge(67.2365); kw:secret(63.4603); kw:privacy(54.9176); kw:concealment(54.629); kw:interior(40.4815); kw:secrecy(38.5105); kw:trust(37.4165); kw:counsel(30.4895)	س ر ر:B001:إخفاء الشيء في الباطن → ن ج و:B005:السر والمناجاة
C750	0.653	precedence / time_measure_quantity/sequence_cycle / priority / speed	35	16	17	27	0.05715169	0.2	1.0	0.5926	8,10,17,23,27,36,43,44,50,59,70,71,76,78,82,94,97,99,108,115,118,119,126,129,134,135,136,143,158,159,166,168,171,176,180	ء ث ر ء خ ر ء و ل ت ب ع ج ن ن خ ط ف س ب ح س ب ق ع ج ز ع ج ل ق ب ل ق ذ ف ل ق ي ن ج و ه د ي ه ر ع	kw:precedence(68.647); theme:time_measure_quantity/sequence_cycle(58.1285); kw:priority(56.8924); kw:speed(45.4883); kw:urgency(42.2076); kw:escape(41.5754); kw:beginning(40.4815); kw:haste(39.5566)	ع ج ز:B002:فوت وسبق وإفلات من الطلب → س ب ق:B004:الفوت عن الطالب
C751	0.653	knowledge / heart / reason / judgment	26	12	14	21	0.05565685	0.236	1.0	0.5238	14,16,36,41,43,53,55,58,59,79,84,86,87,102,105,113,138,150,151,154,158,164,170,175,179,182	ء ف ك ب ص ر ج ن ن ح ك م ر ء ي ص ب ر ع ق ل ع ل م ق ل ب م ل ك م و ت ن ف س	kw:knowledge(67.2365); kw:heart(49.7565); kw:reason(44.6404); kw:judgment(42.2961); kw:understanding(31.7301); kw:discernment(31.0619); kw:spirit(29.7602); kw:cognition(29.5665)	ع ق ل:B001:العَقْل الحابس عن الجهل → ح ك م:B003:الحكمة والعلم المصيب
C752	0.6529	calamity / ordeal / adversity / crisis	20	13	14	17	0.05452929	0.1889	1.0	0.8235	20,21,23,26,30,32,47,55,64,68,87,95,97,102,135,136,137,144,156,163	ء م ر ب ل غ ج ح م د م ر س ل ط ص ب ر ظ ن ن غ ب ر غ و ل غ و ي م ر ر ن ح ت ي و م	kw:calamity(71.9964); kw:ordeal(54.4326); kw:adversity(50.5848); kw:crisis(38.7554); kw:darkness(37.7243); kw:severity(35.6159); kw:conflict(34.5926); kw:suffering(34.0588)	ص ب ر:B006:الوقوع في شدة لا منفذ منها → م ر ر:B004:الشدة المرة والداهية
C753	0.6529	color / contrast / whiteness / appearance	14	10	13	16	0.05892631	0.2222	1.0	0.75	6,10,15,46,48,49,57,64,113,127,135,137,158,177	ب ر ك ب ي ض ح ض ر خ ر ج س ح ر ش ه ب ص ب ح ط ر ف غ ب ر ك و ك ب	kw:color(133.1446); kw:contrast(71.5238); kw:whiteness(59.997); kw:appearance(32.3327); kw:extremity(27.7169); kw:metal(26.5662); kw:pattern(24.503); kw:bird(23.4581)	ش ه ب:B001:بياض تخالطه ظلمة → ب ي ض:B001:البَياض والابيضاض
C754	0.6528	palm / agriculture_food/plant_vegetation / growth / sapling	24	15	17	31	0.05541255	0.2313	0.9677	0.5806	21,28,48,54,55,63,64,65,66,71,77,84,91,98,101,102,103,112,117,134,153,157,158,170	ء ت ي ء ص ل ء ك ل ب ش ر ت ل ل ج ع ل ج م ع ش ي ء ص ف و ط ل ع ف ص ل ق ص ر ق ل ب ك ث ر ك ف ر	kw:palm(113.7208); theme:agriculture_food/plant_vegetation(74.0829); kw:growth(73.7497); kw:sapling(66.0079); kw:shoot(57.5595); kw:botany(47.5448); kw:fruit(46.4691); kw:yield(45.7343)	ء ت ي:B007:خروج النماء والنتاج → ء ك ل:B002:غلة الشجر والزرع
C755	0.6528	abundance / fortune / wealth / virtue	45	14	17	20	0.05776245	0.1504	1.0	0.75	5,8,15,16,18,20,28,29,31,34,35,36,41,51,52,53,54,56,57,60,61,62,71,79,84,85,87,89,90,91,95,97,99,100,102,124,126,149,151,158,164,167,170,180,182	ء م ر ت ر ب ج ن ب خ ي ر د ب ر ر ب ب ع ل م ف ع ل ف و ز ق و ل ك ث ر ل ق ي م ث ل ن و م	kw:abundance(72.0811); kw:fortune(66.1686); kw:wealth(64.5801); kw:virtue(62.3609); kw:prosperity(51.1888); kw:plenty(31.3821); kw:experience(28.9576); kw:increase(26.6675)	ر ب ب:B013:ماء رَبَب كثير → ع ل م:B005:ماء كثير مجتمع في عيلم
C756	0.6528	agriculture_food/food_nutrition / nourishment / morsel / ingestion	36	13	14	12	0.06385979	0.1333	1.0	0.8333	5,17,31,38,40,57,59,62,63,66,70,71,74,77,84,87,91,93,97,98,99,100,102,126,128,141,142,144,149,153,158,160,168,169,180,182	ء ث ر ء ك ل ء و ل ب ط ن ب ن ي ج ع ل خ ل ص ذ و ق ر ب ب ر و غ ز ق م س ه م ل ق م	theme:agriculture_food/food_nutrition(60.9483); kw:nourishment(51.5089); kw:morsel(48.1671); kw:ingestion(46.5929); kw:ghee(32.1114); kw:cuisine(29.1436); theme:craft_material_built/substance_texture(28.8336); kw:sustenance(26.9877)	ز ق م:B002:الابتلاع والتلقم → ل ق م:B002:تناول الطعام بالفم
C757	0.6527	resource / water / alliance / assembly	32	14	15	17	0.06002906	0.1635	1.0	0.7647	1,5,7,8,9,28,31,33,38,46,57,59,66,83,84,87,99,100,102,117,126,127,134,149,150,153,157,158,165,176,180,182	ء ت ي ج م ع ح ض ر ح ف ظ ر ب ب ش ر ب ش ي ء ش ي ع ص ف ف ص ف و ع ذ ب م ل ء م ل ك و ص ب	kw:resource(60.1294); kw:water(59.3161); kw:alliance(53.7561); kw:assembly(39.5566); theme:emotion_ethics/trust_loyalty(37.6802); kw:survival(35.7659); kw:constancy(32.5328); kw:perseverance(31.7301)	م ل ء:B003:ممالأة على الأمر → ج م ع:B013:ممالأة واجتماع مع غيرك على أمر
C758	0.6527	companion / allocation / coupling / pairing	19	9	14	17	0.05912223	0.2073	1.0	0.7647	3,4,13,19,22,33,40,43,51,57,74,75,128,150,152,155,160,168,169	ء ن ث خ ل ص ذ ك ر ز و ج ش ر ك ق ر ن ن ع م و ح د و ل د	kw:companion(44.0082); kw:allocation(42.6693); kw:coupling(35.7766); kw:pairing(34.1547); kw:partner(33.004); kw:cohort(33.004); kw:solitude(31.0619); kw:joining(28.1384)	ذ ك ر:B001:الذكر خلاف الأنثى → ء ن ث:B001:الأنثى خلاف الذكر
C759	0.6527	knowledge / cognition_perception/knowledge_learning / secret / circumstance	30	11	13	11	0.05863401	0.1447	1.0	0.9091	5,7,21,28,31,41,44,54,55,57,64,65,66,79,84,87,99,100,102,117,126,144,149,154,157,158,164,170,180,182	ء ت ي ء م ر ب ط ن ح ف ظ ح ك م خ ر ج ر ب ب س ر ر ط ل ع ع ل م ف ص ل	kw:knowledge(89.6487); theme:cognition_perception/knowledge_learning(72.652); kw:secret(47.5952); kw:circumstance(33.004); kw:reason(29.7602); kw:wisdom(29.1436); kw:epistemology(27.7169); kw:penetration(27.7169)	ط ل ع:B003:الإشراف والكشف على الأمر → ب ط ن:B002:باطن الأمر وخفاؤه
C760	0.6527	sword / weaponry / quiver / blade	20	12	13	11	0.05852005	0.1429	1.0	1.0	23,27,28,44,46,49,50,51,65,68,70,71,93,94,112,117,118,157,175,179	ء ت ي ء ث ر ب ص ر ب ي ض ر ء س ر ج ع ص ر ط ض ر ب ق ب ل ق ر ن ك ن ن ن ب و	kw:sword(65.0179); kw:weaponry(64.1841); kw:quiver(48.1671); kw:blade(39.8493); kw:arrow(37.9386); kw:weapon(34.5965); kw:case(31.0619); theme:conflict_security/violence_warfare(29.1167)	ك ن ن:B004:الكِنانة للسهام → ق ر ن:B007:جعبة تقرن بالقوس وسلاح معها
C761	0.6526	selection / time_measure_quantity/sequence_cycle / priority / beginning	31	13	16	18	0.06110922	0.1552	1.0	0.8333	10,11,17,23,27,36,43,44,50,59,62,70,71,73,78,82,94,96,99,108,118,119,125,126,129,136,150,153,158,168,171	ء ث ر ء خ ر ء و ل ت ب ع ت ر ك ج ن ن خ ل ق خ ي ر س ب ق ص ف و ع ق ب ق ب ل ه د ي	kw:selection(68.9644); theme:time_measure_quantity/sequence_cycle(62.0037); kw:priority(56.8924); kw:beginning(53.9753); kw:preference(43.7155); kw:precedence(41.1882); kw:agency(40.924); kw:choice(40.8244)	ء ث ر:B005:تفضيل الغير أو الشيء بالاختيار → ص ف و:B002:اصطفاء الصفوة واختيارها
C762	0.6525	travel / passage / roaming / oscillation	17	11	12	12	0.05215643	0.1846	1.0	0.9167	37,69,71,84,86,93,98,99,102,103,135,137,140,143,159,166,180	ت ل ل ج ي ء ذ ه ب ر و د س ب ح س ع ي ض ر ب ض ل ل غ ب ر ف ل ك م ر ر	kw:travel(44.1154); kw:passage(35.6904); kw:roaming(30.7655); kw:oscillation(30.4895); kw:motion(26.7838); kw:livelihood(25.5168); kw:return(23.9988); kw:departure(22.9412)	ذ ه ب:B006:الذَّهَاب والمُضِيّ → م ر ر:B001:المضي والاجتياز
C763	0.6525	comfort / hospitality / settlement / familiarity	34	13	13	11	0.06026893	0.141	1.0	0.8182	28,30,37,42,43,57,62,69,72,75,76,85,102,112,113,115,117,118,123,124,133,134,139,143,145,147,157,159,164,166,171,177,180,181	ء ت ي ء ه ل ر س ل س ب ح ع ر ي ق و م ك ر م ل ف ي ن ب و ن ز ل ن ع م ن ف س و ج د	kw:comfort(52.9349); kw:hospitality(49.0059); kw:settlement(30.9257); kw:familiarity(30.7655); kw:abode(30.4895); kw:discovery(29.7602); kw:station(27.8525); kw:presence(27.1003)	ء ت ي:B003:مأتى الأمر وتهيؤه → ن ع م:B011:موافقة المكان وطيب المقام
C764	0.6524	gait / speed / travel / transport	21	15	17	26	0.0618452	0.1955	1.0	0.6923	1,8,10,28,51,68,70,75,76,94,97,104,115,117,134,157,159,165,171,176,180	ء ت ي خ ط ف ر ج ع ز ف ف س ب ق ص ف ف ع ج ل ق ذ ف ق ر ن ل ق ي ن ج و ن د و ن د ي ه ر ع و ص ف	kw:gait(73.8725); kw:speed(68.2325); kw:travel(61.7615); kw:transport(50.7816); kw:haste(39.5566); kw:foreleg(32.5328); kw:conception(30.7655); kw:coordination(30.2314)	ن د و:B007:تنزع الناقة في النسب إلى أصل كريم → ن د ي:B010:نزوع في النسب إلى أصل كريم
C765	0.6524	reason / cognition_perception/cognition / knowledge / soul	42	14	16	25	0.05374592	0.2137	1.0	0.56	7,15,18,20,21,28,29,31,35,36,41,48,51,52,54,56,79,84,85,86,87,89,91,95,97,98,99,101,102,113,124,127,135,138,151,152,154,158,164,167,170,182	ء ف ك ح ف ظ ح ك م ح ل م ص ب ر ع ج ز ع ق ل ع ل م ق ص ر ق ل ب ق و ل ك ذ ب ك ي د ن ف س	kw:reason(59.5205); theme:cognition_perception/cognition(48.6933); kw:knowledge(44.8244); kw:soul(44.0082); kw:restraint(43.7032); kw:mind(42.2076); kw:breath(40.8244); kw:cognition(39.422)	ق و ل:B012:قول في النفس لم يظهر → ن ف س:B013:ما في النفس من عقل وروع
C766	0.6523	time_measure_quantity/sequence_cycle / priority / beginning / sequence	37	15	17	22	0.05866908	0.1642	1.0	0.7273	11,17,20,21,23,26,27,36,43,44,48,50,59,70,71,73,78,82,90,94,99,108,118,119,126,129,136,138,144,148,149,158,168,171,174,176,178	ء ث ر ء خ ر ء و ل ج ن ن ح ي ن د ب ر س ب ق ع ج ل ع ق ب ع ن د ف ت ي ق ب ل ل ي ل ه د ي ي و م	theme:time_measure_quantity/sequence_cycle(89.1304); kw:priority(71.1156); kw:beginning(53.9753); kw:sequence(47.0087); kw:precedence(41.1882); kw:time(36.0591); kw:initiative(33.5381); kw:period(29.3388)	ي و م:B002:مدة من الزمان → ح ي ن:B001:وقت الشيء وأوانه
C767	0.6523	exclusion / separation / distance / removal	23	12	13	15	0.05718246	0.1948	1.0	0.7333	7,8,9,22,33,34,38,48,59,62,63,64,65,76,86,112,113,115,134,140,146,151,176	ء ف ك ج ر م ج ن ب د ح ر ش ج ر ش ح ن ش ط ن ط ر ف ظ ل م ع ذ ب ن ب و ن ج و	kw:exclusion(55.7051); kw:separation(51.3748); kw:distance(48.4301); kw:removal(46.4691); kw:diversion(40.4815); theme:movement_travel/migration_displacement(34.0366); kw:banishment(30.7655); kw:deflection(29.1436)	د ح ر:B001:الطرد والإبعاد → ش ح ن:B003:الطرد والإبعاد
C768	0.6523	suffering / pain / chastisement / torment	38	11	12	10	0.05890611	0.1538	1.0	0.8	4,9,20,22,23,30,33,35,36,38,40,56,59,63,66,73,74,85,86,91,96,102,113,115,118,124,126,128,142,144,152,159,160,164,169,171,176,182	ء ل م ء ل ه ب ط ن ظ ل م ع ذ ب ع ق ب ق و م ك ل م ل و م و ص ب و ي ل	kw:suffering(79.4706); kw:pain(61.5604); kw:chastisement(34.884); kw:torment(32.5328); kw:ache(30.2314); kw:sensation(28.4462); theme:body_health_life/disease_injury(26.8992); kw:emaciation(26.185)	ع ذ ب:B005:العذاب إيلام وعقوبة → ع ق ب:B007:العقوبة بعد الذنب
C769	0.6522	withdrawal / prevention / retreat / refusal	38	13	14	15	0.05795198	0.1667	1.0	0.7333	8,9,17,22,23,25,33,38,59,63,68,71,73,84,86,90,91,93,94,99,113,116,126,140,143,144,147,148,151,154,159,166,168,172,174,176,178,180	ء ف ك ء ل ي ء و ل ح ك م ر ج ع س ب ح ض ر ب ظ ل م ع ذ ب ع ق ب ق ل ب ن ص ر و ل ي	kw:withdrawal(52.9349); kw:prevention(51.8423); kw:retreat(44.0082); kw:refusal(42.9143); kw:justice(33.6716); kw:reform(33.004); kw:renunciation(32.1114); kw:destiny(31.0619)	ع ذ ب:B003:الكف والمنع والفطام عن الشيء → ض ر ب:B004:القبض عن الشيء والكف
C770	0.6521	bird / calf / animal_life/wildlife / offspring	31	15	17	24	0.05806318	0.1791	0.9583	0.75	2,10,17,19,21,22,30,41,43,57,59,63,71,75,77,79,87,94,98,101,102,113,126,150,152,158,164,168,170,176,182	ء م ر ء ن ث ء و ل ت ب ع ج ع ل ز ج ر ز ف ف ط غ و ظ ل م ع ج ل ع ل م غ ل م ف ص ل ن ع م و ل د	kw:bird(58.6452); kw:calf(56.5787); theme:animal_life/wildlife(53.7733); kw:offspring(49.7565); kw:ostrich(45.3471); kw:wildlife(40.8244); kw:softness(37.0293); kw:taxonomy(33.8345)	ظ ل م:B006:الظليم ذكر النعام → ن ع م:B006:النعام والنعامة الطائر
C771	0.6521	worship / ritual_belief/religion_worship / increase / blessing	22	11	15	17	0.06593671	0.17	1.0	0.7647	27,28,44,50,62,71,75,93,94,102,104,113,117,125,143,147,157,159,163,166,177,180	ء ت ي ء م ر ب ر ك د ع و ز ي د س ب ح ص ل ي ق ب ل ن د ي ن ز ل ي م ن	kw:worship(62.6999); theme:ritual_belief/religion_worship(59.7657); kw:increase(53.335); kw:blessing(51.1888); kw:prosperity(51.1888); kw:growth(42.1427); kw:prayer(41.1882); kw:fortune(39.7012)	ء م ر:B004:النماء والبركة → ب ر ك:B004:خير ثابت نام وبركة
C772	0.6521	conflict / dispute / combat / kinship_society/social_relations	31	13	13	12	0.05634305	0.1538	1.0	0.8333	12,26,29,30,37,47,57,60,62,64,79,84,85,97,98,100,103,109,112,115,118,120,124,127,130,145,146,158,164,177,181	ب ل ل ح ض ر س ل م ش ج ر ص ل ح ف و ز ق و م ك ي د ل ق ي ن ب ذ ن ب و ن ز ف ن ز ل	kw:conflict(60.5371); kw:dispute(42.6693); kw:combat(38.0487); theme:kinship_society/social_relations(35.6363); kw:reconciliation(29.9889); kw:confrontation(29.7602); theme:conflict_security/conflict(29.2067); kw:battle(28.7797)	س ل م:B004:الصلح والمسالمة ضد الحرب → ص ل ح:B002:الصلح إزالة النفار بين الناس
C773	0.652	rain / climate / weather / fertility	31	17	17	34	0.05541011	0.25	0.9118	0.4412	20,21,23,25,26,28,34,51,55,64,67,68,75,86,90,93,97,102,104,116,117,135,141,144,151,157,163,172,174,178,180	ء ت ي ء ف ك ج ح م ج ر م ح م م ر ج ع س ه م ض ر ب ع ز ز غ ب ر ق ر ن م ع ع ن د و ن د ي ن ص ر و ل ي ي و م	kw:rain(106.6268); kw:climate(82.932); kw:weather(56.9182); kw:fertility(42.5584); kw:environment(41.9894); kw:moisture(39.0107); kw:dampness(34.884); kw:water(33.8949)	ن د و:B003:بلل الندى والمطر → ن د ي:B005:بلل ومطر ورطوبة
C774	0.652	death / condition / mortality / body_health_life/mortality_death	41	13	17	22	0.05771192	0.1746	1.0	0.7727	3,16,17,21,22,28,29,30,32,35,36,39,51,53,57,58,59,60,62,67,71,73,78,93,102,103,108,116,119,126,129,141,143,148,157,167,168,169,174,177,178	ء و ل ت ر ك ت ل ل ت ل و ح م م ح ي ن س و ء ف و ز ك و ن م و ت ن ز ل ن و م ي م ن	kw:death(111.8847); kw:condition(66.9285); kw:mortality(64.7515); theme:body_health_life/mortality_death(50.0466); kw:misfortune(39.1426); kw:adversity(37.9386); kw:plight(36.9273); kw:loss(33.6183)	م و ت:B008:ميتة الحال وواحدة الموت → ن و م:B008:الموت والإماتة
C775	0.652	permanence / persistence / continuance / condition_force_change/stability_endurance	29	13	15	15	0.06040175	0.1456	1.0	0.8667	5,9,11,16,31,33,37,38,39,53,57,58,59,61,77,84,87,96,99,100,102,113,126,146,147,149,176,180,182	ء ل ف ب ر ك ب ق ي ح ق ق ر ب ب ع ذ ب ع م ل ق ط ن ل ز ب م و ت ن و م و ص ب و ه ب	kw:permanence(82.3764); kw:persistence(51.0335); kw:continuance(46.5929); theme:condition_force_change/stability_endurance(37.4857); kw:habitation(37.0293); kw:obligation(33.8345); kw:fixity(33.004); kw:duty(32.5328)	و ص ب:B001:دوام الشيء ولزومه → و ه ب:B007:دوام الشيء وثباته
C776	0.652	anger / tremor / illness / heat	35	13	13	11	0.05944199	0.141	1.0	0.8182	5,7,22,23,40,55,64,66,67,68,70,74,81,85,91,93,95,97,99,102,111,122,128,132,140,143,145,159,160,161,163,166,169,171,180	ء ر ض ء ك ل ج ح م ح ف ظ ح م م ذ ه ب س ب ح ض ر ب ع ب د ع ر ي ف ل ك ه ر ع و ج د	kw:anger(51.5089); kw:tremor(44.0082); kw:illness(37.9386); kw:heat(33.0609); kw:indignation(33.004); kw:zeal(33.004); kw:fever(29.3388); kw:blaze(28.6095)	ح ف ظ:B005:حفيظة الغضب والحمية → ع ب د:B008:الأنفة والغضب
C777	0.6519	worthiness / entitlement / readiness / configuration	45	13	15	18	0.05910172	0.1748	1.0	0.6111	5,11,15,18,20,28,29,31,34,35,36,37,51,52,54,56,63,70,76,77,78,84,85,89,90,91,95,96,97,98,99,100,102,108,119,124,125,129,134,150,151,158,167,174,178	ء ث ر ء ر ض ء ه ل ت ر ك ج ع ل ج ي ء ح ق ق خ ل ق ش ي ء ف ع ل ق و ل و ل ي و ه ب	kw:worthiness(67.0762); kw:entitlement(50.3071); kw:readiness(39.4154); kw:configuration(38.5491); kw:eligibility(35.7766); theme:condition_force_change/capacity_ability(34.3024); kw:aptitude(34.1547); kw:presentation(33.004)	ء ر ض:B003:الخليق بالخير كالأرض الأريضة → خ ل ق:B005:الجدارة والتهيؤ للشيء
C778	0.6518	milk / pregnancy / body_health_life/reproduction_birth / husbandry	21	15	16	26	0.05661809	0.2185	0.9231	0.6923	5,6,8,10,14,21,22,31,37,42,55,68,70,97,101,102,105,113,127,152,153	ء ث ر ب ر ك ث ق ب ج ن ب ح ش ر ح ق ق ح ل م د ن و ر ء ي ر ج ع س م و ص ف و ف ك ه ك ذ ب ل ق ي	kw:milk(80.4365); kw:pregnancy(64.8028); theme:body_health_life/reproduction_birth(64.2123); kw:husbandry(56.483); kw:yield(45.7343); kw:lactation(42.6693); kw:fertility(42.5584); kw:udder(39.7012)	ر ء ي:B010:ظهور حمل الناقة أو الشاة → ر ج ع:B013:راجع الناقة وحملها
C779	0.6518	sunrise / light / drying / incision	18	9	11	10	0.05843691	0.1887	1.0	0.8	1,5,20,21,26,54,55,65,75,77,102,104,107,113,125,144,163,165	ذ ب ح ذ ر ر ش ر ق ص ف ف ص ل ي ط ل ع ن د ي و ذ ر ي و م	kw:sunrise(68.3094); kw:light(44.7539); kw:drying(33.004); kw:incision(29.1436); kw:sacrifice(28.4462); kw:dawn(28.2893); kw:preservation(25.8369); kw:meat(25.6736)	ص ف ف:B003:الصَّفيف من اللحم → ش ر ق:B002:تعريض اللحم للشمس
C780	0.6517	night / cold / cycle / calendar	19	15	17	26	0.05780049	0.194	0.9615	0.7692	10,11,15,20,21,26,44,55,93,102,135,137,138,144,145,149,153,177,180	س ح ر س ر ر س و ي ش ه ب ص ب ح ص ب ر ص ف و ض ر ب ع ر ي ع ز ز غ ب ر ف ت ي ل ي ل م ع ع ي و م	kw:night(70.3743); kw:cold(55.1716); kw:cycle(48.7706); kw:calendar(48.4301); kw:frost(46.1482); kw:time(45.0739); kw:color(40.9676); kw:day(40.0012)	س ر ر:B004:استتار الهلال آخر الشهر → س و ي:B012:ليلة استواء القمر
C781	0.6517	spirit / ritual_belief/belief_revelation / supernatural / madness	22	13	16	24	0.05651372	0.2069	1.0	0.7083	7,10,14,16,30,36,43,45,53,55,57,58,59,63,65,84,102,105,127,145,158,162	ت ب ع ج ن ن ح ض ر خ ط ف ر ء ي ش ط ن ط غ ي ط و ف ع ر ي ف ت ن ق ل ب م ر د م و ت	kw:spirit(59.5205); theme:ritual_belief/belief_revelation(58.1285); kw:supernatural(50.3071); kw:madness(44.6404); kw:evil(40.0012); kw:haunting(38.5491); kw:illness(37.9386); kw:wickedness(35.7766)	ج ن ن:B006:ستر العقل بالجنون → ف ت ن:B007:ذهاب عقل ومال
C782	0.6517	disease / face / body_health_life/disease_injury / leg	22	11	13	12	0.05186057	0.1579	1.0	1.0	7,8,23,30,46,49,55,64,65,68,84,85,97,102,107,115,118,124,138,141,163,164	ب ي ض ج ح م ج ن ب ذ ب ح س ه م ش ط ن ش ي ء ع ق ل ق ل ب ق و م ل ق ي	kw:disease(80.5801); kw:face(47.9976); theme:body_health_life/disease_injury(46.113); kw:leg(39.5566); kw:stance(33.004); kw:lameness(32.1114); kw:knee(31.7301); kw:ailment(29.3388)	ب ي ض:B012:البَيَض داء وورم → ع ق ل:B009:العَقَل في الرجلين
C783	0.6516	fertility / reproduction / husbandry / mating	29	17	17	29	0.05763142	0.2132	0.8966	0.6207	1,6,14,21,28,31,37,42,51,55,63,66,67,68,77,93,98,102,105,113,117,127,144,150,152,153,157,158,165	ء ت ي ب ر ك ب ط ن ج ع ل ح ق ق ح م م د ن و ر ء ي ر ج ع ش ه د ش ي ء ص ف ف ص ف و ض ر ب ف ك ه ق ر ن ك ذ ب	kw:fertility(63.8376); kw:reproduction(61.1919); kw:husbandry(56.483); kw:mating(55.7051); kw:udder(52.9349); kw:pregnancy(51.8423); theme:body_health_life/reproduction_birth(48.1592); kw:milk(45.9637)	ر ء ي:B010:ظهور حمل الناقة أو الشاة → ر ج ع:B013:راجع الناقة وحملها
C784	0.6516	color / contrast / appearance / extremity	20	13	15	17	0.05747646	0.165	1.0	0.8824	6,8,9,10,15,33,38,44,46,48,49,59,64,66,102,137,138,144,176,177	ب ط ن ب ي ض خ ر ج س ح ر س ر ر ش ه ب ص ب ح ص ب ر ط ر ف ع ذ ب ع ق ل ع ل و ك و ك ب	kw:color(92.177); kw:contrast(85.8285); kw:appearance(43.1103); kw:extremity(41.5754); kw:whiteness(35.9982); kw:edge(34.5965); kw:top(29.7602); kw:end(28.9576)	ش ه ب:B001:بياض تخالطه ظلمة → ب ي ض:B001:البَياض والابيضاض
C785	0.6516	container / waterskin / bucket / tool	23	10	11	10	0.05003581	0.1852	1.0	0.9	8,17,26,45,46,47,48,49,59,71,76,79,84,103,109,115,120,126,130,147,168,176,181	ء و ل ز ي د س ل م س م ع ش ر ب ع ج ل ع ي ن ك ر ب ك ن ن ن ز ف	kw:container(73.1428); kw:waterskin(66.9285); kw:bucket(43.4363); kw:tool(42.4); kw:technology(42.2076); kw:transport(40.6253); kw:provisioning(34.884); kw:water(33.8949)	ء و ل:B008:الآلة الحاملة أو الأداة → ع ج ل:B003:العَجَلة للسقي والحمل
C786	0.6515	smoothness / geology / hardness / rock	23	15	17	22	0.05970185	0.1642	1.0	0.8182	1,5,7,11,30,37,46,49,52,54,55,65,75,96,102,105,125,145,150,153,157,165,173	ء ر ض ب ي ض ج ن د ج و ب خ ل ق س و ي ص ب ر ص د ق ص ف ف ص ف و ط غ و ط غ ي ط ل ع ع ر ي م ر د	kw:smoothness(90.724); kw:geology(70.513); kw:hardness(61.873); kw:rock(56.5787); kw:surface(56.1193); kw:plain(54.4326); kw:terrain(53.9596); theme:land_water_sky/terrain_desert(51.2225)	ط غ ي:B005:الطغية الصفاة الملساء → ط غ و:B006:الطغية الصفاة أو الموضع المرتفع
C787	0.6515	mating / waterskin / sexuality / fertility	33	15	16	19	0.05807222	0.1597	1.0	0.7895	5,6,8,28,31,45,46,48,57,63,66,68,75,76,77,82,84,87,93,98,99,100,104,115,117,126,144,149,157,158,176,180,182	ء ت ي ب ط ن ج ع ل ر ب ب ر ج ع س م و ش ر ب ض ر ب ع ج ل ع ي ن غ ر ق ك ر ب م ل ء ن د و ن د ي	kw:mating(55.7051); kw:waterskin(53.5428); kw:sexuality(53.2649); kw:fertility(53.198); kw:breeding(43.4363); kw:reproduction(40.7946); kw:provisioning(34.884); kw:estrus(31.3821)	ن د و:B007:تنزع الناقة في النسب إلى أصل كريم → ن د ي:B010:نزوع في النسب إلى أصل كريم
C788	0.6515	bird / prosperity / fortune / blessing	24	10	14	19	0.06196096	0.2262	1.0	0.5789	28,36,41,43,46,49,57,67,75,78,79,87,93,102,108,113,119,127,129,140,158,164,170,182	ء م ر ب ر ك ب ي ض ت ر ك ح ض ر ح م م ع ل م ف ل ك ن ع م ي م ن	kw:bird(70.3743); kw:prosperity(51.1888); kw:fortune(39.7012); kw:blessing(38.3916); kw:abundance(30.8919); kw:egg(30.7655); kw:ostrich(30.2314); kw:increase(26.6675)	ء م ر:B004:النماء والبركة → ب ر ك:B004:خير ثابت نام وبركة
C789	0.6515	contrast / color / gait / limb	19	13	16	16	0.06160355	0.1379	1.0	1.0	10,15,24,28,39,46,48,49,51,61,64,68,96,117,124,138,157,159,180	ء ت ي ب ي ض خ ر ج ر ج ع س ح ر ش ه ب ط ر ف ع ق ل ع م ل ق ر ن و ص ف و ق ف و ق ي	kw:contrast(71.5238); kw:color(61.4513); kw:gait(49.2484); kw:limb(37.4165); kw:travel(35.2923); kw:disease(34.5343); kw:appearance(32.3327); kw:knee(31.7301)	ء ت ي:B009:رجع يدي الناقة في السير → ر ج ع:B008:رجع الدابة في السير
C790	0.6515	girl / quality / mixture / body_health_life/life_stage_aging	24	12	14	13	0.05930486	0.1461	1.0	0.9231	10,11,12,15,26,29,30,37,40,67,74,76,84,86,98,101,115,128,149,153,159,160,169,180	ب ل ل خ ل ص ر و د س ح ر ش ه ب ش و ب ص ف و غ ل م ف ت ي ق ل ب ك ر ب و ص ف	kw:girl(47.5952); kw:quality(37.3173); kw:mixture(37.2198); theme:body_health_life/life_stage_aging(35.965); kw:purity(35.6904); kw:maiden(34.1547); kw:boy(32.1114); kw:juvenile(31.7301)	ش ه ب:B006:لبن أرقه الماء → ش و ب:B001:خلط شيء بشيء
C791	0.6514	calamity / adversity / ordeal / disaster	20	12	13	15	0.05829755	0.1948	1.0	0.7333	9,16,20,21,26,32,53,60,62,70,73,76,90,102,107,115,135,137,144,177	ء ث ر ء م ر د ب ر ص ب ر ع ظ م ع ق ب غ ب ر غ و ي م ر ر ن ز ل و ص ب ي و م	kw:calamity(83.9958); kw:adversity(63.231); kw:ordeal(54.4326); kw:disaster(47.5872); kw:severity(47.4879); kw:suffering(45.4118); kw:crisis(38.7554); kw:remnant(38.1608)	ء ث ر:B003:علامة باقية تدل على ما كان → ع ق ب:B011:بقية الشيء وأثره
C792	0.6514	armor / shield / warfare / protection	21	11	11	10	0.06155264	0.1818	1.0	0.7	8,11,24,36,43,46,49,56,75,78,96,108,119,125,129,145,150,158,170,175,179	ب ص ر ب ي ض ت ر ك ج ن ب ج ن ن ج و ب خ ل ق ر د ي ع ر ي ك ف ر و ق ف	kw:armor(69.6314); kw:shield(62.1239); kw:warfare(52.9348); kw:protection(49.7385); kw:covering(34.7228); kw:helmet(34.1547); kw:guard(30.7655); kw:screen(28.7797)	ج ن ب:B011:المجنب وقاء إلى الجنب → ج ن ن:B008:الجُنّة الواقية
C793	0.6513	husbandry / watering / drink / draught	18	12	17	26	0.05910232	0.2149	0.9615	0.8077	22,27,44,46,50,63,66,71,75,82,91,94,103,104,113,125,137,177	ء ك ل ب ر ك ب ع ل ت ل ل ش ر ب ص ب ح ظ ل م غ ر ق ق ب ل ن د و ن د ي ن ف س	kw:husbandry(56.483); kw:watering(55.1716); kw:drink(52.9349); kw:draught(49.5059); kw:water(42.3686); kw:irrigation(38.3916); kw:vessel(32.29); kw:container(31.3469)	ن د و:B006:تندية الإبل والخيل بين الماء والمرعى → ن د ي:B004:تندية الإبل والخيل بين الماء والمرعى
C794	0.6513	liability / surety / guarantee / trust	35	11	12	10	0.05998472	0.1538	1.0	0.8	3,16,21,22,27,28,29,30,32,33,35,39,42,44,50,51,53,57,71,73,76,94,99,102,115,116,127,141,143,152,157,158,167,169,170	ت ل و ح ض ر ذ ه ب ش ر ك ص ب ر ق ب ل ك ذ ب ك ر ب ك ر م ك ف ر ك و ن	kw:liability(65.4624); kw:surety(47.5952); kw:guarantee(46.1482); kw:trust(37.4165); kw:contract(36.9363); kw:athletics(34.1547); kw:denial(28.4462); kw:responsibility(27.9929)	ق ب ل:B008:ضمان الشيء والتكفل به → ص ب ر:B003:تحمل الكفالة والملازمة
C795	0.6512	body_health_life/reproduction_birth / reproduction / child / offspring	21	12	14	26	0.05301527	0.2921	0.8462	0.4615	3,10,16,21,27,36,43,44,50,53,58,59,68,71,94,134,135,145,152,158,176	ت ب ع ت ل و ج م ع ج ن ن ر ج ع ع ج ز ع ج ل ف ص ل ق ب ل م و ت ن ب ذ و ل د	theme:body_health_life/reproduction_birth(88.2919); kw:reproduction(61.1919); kw:child(56.5787); kw:offspring(49.7565); kw:mother(45.7343); kw:calf(42.434); kw:pregnancy(38.8817); kw:kinship(38.0967)	م و ت:B005:موت الولد للوالد أو الناقة → ج م ع:B007:حال المرأة أو الأنثى التي بقي حملها أو عذرها معها
C796	0.6511	evidence / condition / description / language	64	13	17	18	0.05916939	0.1374	1.0	0.6667	3,5,8,13,15,16,17,18,19,20,21,22,28,29,30,31,32,35,36,37,39,51,52,53,54,56,57,59,61,66,71,73,78,85,88,89,91,93,95,97,99,102,105,106,108,113,116,117,119,124,126,129,141,143,151,155,156,157,158,159,167,168,169,180	ء و ل ب ي ن ت ر ك ذ ك ر ش ي ء ص د ق ض ر ب ق و ل ك و ن م ث ل م ل ء ن ظ ر و ص ف	kw:evidence(54.2007); kw:condition(53.5428); kw:description(42.2076); kw:language(40.4595); kw:configuration(38.5491); kw:quality(37.3173); kw:parable(36.9273); kw:circumstance(33.004)	م ث ل:B003:المثل المضروب → ض ر ب:B003:تصوير المثل وإظهاره
C797	0.6511	observation / deliberation / gaze / cognition_perception/reasoning_decision	21	13	15	18	0.0591001	0.1765	0.9444	0.8889	6,10,14,19,45,46,48,54,55,65,73,77,83,88,90,102,104,105,109,175,179	ء م ر ب ر ه م ب ص ر ب ق ي ث ق ب د ب ر ر ء ي ش ر ب ط ل ع ع ي ن ك و ك ب ن ج م ن ظ ر	kw:observation(73.347); kw:deliberation(72.8591); kw:gaze(54.9176); theme:cognition_perception/reasoning_decision(44.2241); kw:planning(41.9894); kw:eye(35.9198); kw:attention(35.5423); kw:knowledge(33.6183)	ن ظ ر:B002:ترقب الوقت وإمهال الطالب → ب ق ي:B005:ترقب الشيء وانتظاره بالبصر
C798	0.651	decay / death / wear / mortality	19	10	17	23	0.06268754	0.1917	1.0	0.7826	11,16,23,28,53,58,59,60,93,96,99,100,102,106,118,125,137,150,177	ب ل و ب ل ي خ ل ق ص ب ح ف و ز م و ت ن و م ه د ي و ه ب ي م ن	kw:decay(82.5946); kw:death(78.3193); kw:wear(55.7051); kw:mortality(53.9596); kw:rest(53.335); kw:sleep(52.5539); theme:body_health_life/mortality_death(45.4969); kw:fraying(34.1547)	ب ل و:B001:البلى والاهتراء → ب ل ي:B001:البلى والخلق من الاستعمال
C799	0.651	grain / agriculture_food/plant_vegetation / sapling / palm	15	9	15	19	0.05582419	0.1939	1.0	0.8421	22,36,48,63,76,77,90,98,102,113,115,146,158,174,178	ج ع ل ح ش ر ذ ر ر ش ع ر ش ي ء ق ص ر ق ط ن ك ر ب و ل ي	kw:grain(65.6923); theme:agriculture_food/plant_vegetation(50.6883); kw:sapling(49.5059); kw:palm(45.4883); kw:botany(38.0359); kw:food(35.644); kw:seedling(34.884); kw:agriculture(32.8628)	ح ش ر:B007:قشرة داخلية للحبة → ق ص ر:B012:بقايا الحب والقشر
C800	0.651	horse / increase / speed / control	16	12	13	13	0.06140886	0.1688	1.0	0.8462	8,43,46,56,57,64,75,90,92,102,127,142,147,158,174,178	ب ل غ ج ن ب ح ض ر خ ر ج ر د ي ز ي د ش ر ب ك و د ل ق م ن ط ق ن ع م و ل ي	kw:horse(57.8714); kw:increase(53.335); kw:speed(45.4883); kw:control(44.2771); kw:horsemanship(36.9273); kw:animal(34.439); theme:movement_travel/transport(34.0591); kw:rein(32.5328)	ر د ي:B005:الزيادة على القدر → ز ي د:B001:الزيادة والنمو
C801	0.651	sound / grammar / audition / attention	50	10	13	12	0.05242024	0.16	1.0	0.75	5,8,12,15,16,20,21,23,26,29,30,31,34,36,37,39,53,57,58,59,60,61,62,78,80,84,85,87,91,94,96,99,100,102,105,106,108,110,119,121,126,129,131,140,144,147,148,149,180,182	ء ل ي ب ل ل ت ر ك ذ و و ر ب ب س م ع ش ي ء ع م ل م و ت ي و م	kw:sound(51.3748); kw:grammar(51.0335); kw:audition(50.3071); kw:attention(47.3897); kw:listening(47.0731); kw:hearing(42.2076); kw:particle(29.7602); theme:cognition_perception/perception(29.6486)	ر ب ب:B015:حرف رب وربما → ب ل ل:B008:بَل حرف الإضراب والتدارك
C802	0.6509	girl / body_health_life/life_stage_aging / boy / childhood	32	13	16	21	0.05343894	0.1795	1.0	0.7619	5,11,12,26,27,29,30,31,37,44,50,57,71,84,86,87,94,98,99,100,101,113,116,126,146,149,150,152,159,173,180,182	ب ل ل ر ب ب ر و د ش ه د ع ز ز غ ل ب غ ل م ف ت ي ق ب ل ن ب ت ن ف س و ص ف و ل د	kw:girl(63.4603); theme:body_health_life/life_stage_aging(53.9475); kw:boy(48.1671); kw:childhood(41.3787); kw:youth(39.5566); kw:birth(37.1238); kw:household(35.8423); kw:maiden(34.1547)	غ ل ب:B001:قوة تقهر وتغلب → ع ز ز:B002:الغلبة والقهر
C803	0.6508	water / resource / heat / land_water_sky/fire_heat	30	12	15	18	0.05719694	0.1782	1.0	0.7778	1,5,23,31,45,46,48,55,57,64,67,68,70,82,84,87,97,99,100,102,126,127,141,149,150,158,163,165,180,182	ج ح م ح ض ر ح م م ر ب ب س ه م ش ر ب ص ف ف ع ي ن غ ر ق م ع ع م ل ك ه ر ع	kw:water(76.2635); kw:resource(60.1294); kw:heat(44.0812); theme:land_water_sky/fire_heat(37.797); kw:survival(35.7659); kw:glare(33.004); kw:smoke(30.7655); kw:summer(29.544)	ح م م:B004:العرق وأثر الحر → س ه م:B006:حر السهام
C804	0.6508	partnership / ritual_belief/belief_revelation / monotheism / investment	13	8	12	10	0.06037891	0.1695	1.0	1.0	4,19,21,33,36,69,78,83,93,108,119,129,170	ت ر ك ش ر ك ش ي ع ض ر ب ف ص ل ك ف ر ل ف ي و ح د	kw:partnership(76.9137); theme:ritual_belief/belief_revelation(54.2533); kw:monotheism(35.7766); kw:investment(34.884); kw:separation(30.8249); kw:command(28.1384); theme:economy_property/wealth_property(26.8356); kw:share(25.5944)	ف ص ل:B014:مفاصلة شريك في أمر مشترك → ش ر ك:B001:الشَّرِكة والمشاركة
C805	0.6507	pride / admiration / delight / arrogance	36	11	17	25	0.0606783	0.1984	0.92	0.68	12,15,16,18,20,28,29,31,35,36,42,51,52,53,54,56,60,70,72,73,76,85,89,91,95,97,98,99,102,107,113,115,124,151,167,177	ء ث ر ء م ر ش ي ء ع ج ب ع ظ م ف ك ه ق و ل ك ب ر ك ي د ن ذ ر ن ف س	kw:pride(54.2007); kw:admiration(46.5929); kw:delight(45.3471); kw:arrogance(41.9894); kw:morality(35.1186); kw:conceit(33.5381); kw:awe(33.5381); kw:greatness(33.5381)	ع ج ب:B001:التعجب من أمر غير مألوف → ء م ر:B006:الأمر العظيم المنكر
C806	0.6507	arrow / projectile / conflict_security/weaponry / archery	13	11	13	14	0.06439486	0.1867	1.0	0.7857	8,21,49,54,55,56,65,83,90,112,127,141,152	د ب ر ر ء س ر د ي س ه م ش ي ع ط ل ع ق ذ ف ك ذ ب ك ن ن ن ب ء ن ب و	kw:arrow(75.8772); kw:projectile(58.6776); theme:conflict_security/weaponry(49.0415); kw:archery(41.1882); kw:overshoot(34.1547); kw:partnership(30.7655); kw:target(29.7602); kw:fall(27.1003)	ق ذ ف:B001:رمي وطرح بعيد → ر د ي:B001:الرمي بالحجر والصخرة
C807	0.6507	credit / loan / alliance / transaction	39	14	14	12	0.05838705	0.1319	1.0	0.8333	1,8,20,26,28,37,39,45,48,53,61,66,72,79,80,83,84,96,102,103,105,109,110,117,120,121,123,130,131,133,134,138,139,147,154,157,165,171,181	ء ت ي ج ز ي ج م ع ح ك م د ي ن ر س ل س ل م ش ي ء ش ي ع ص ف ف ع م ل ع ي ن ل ي ل م ل ء	kw:credit(82.5099); kw:loan(48.1671); kw:alliance(40.3171); kw:transaction(31.3821); theme:economy_property/finance_debt(29.2764); kw:cooperation(28.6095); kw:debt(28.2893); kw:assembly(26.371)	م ل ء:B003:ممالأة على الأمر → ج م ع:B013:ممالأة واجتماع مع غيرك على أمر
C808	0.6506	majority / honor / time_measure_quantity/measurement / greatness	26	9	17	28	0.0618742	0.2393	0.8929	0.6429	6,12,16,22,35,40,53,60,65,74,76,81,85,95,102,107,111,113,115,122,128,132,160,161,169,171	ء م ر ر ء س ص ب ر ع ب د ع ج ب ع ظ م ك ب ر ك و ك ب ن ف س	kw:majority(52.326); kw:honor(45.8825); theme:time_measure_quantity/measurement(33.8108); kw:greatness(33.5381); kw:circumstance(33.004); kw:hierarchy(32.5956); kw:magnitude(32.5328); kw:marvel(32.1114)	ع ج ب:B001:التعجب من أمر غير مألوف → ء م ر:B006:الأمر العظيم المنكر
C809	0.6506	hardness / geology / stone / rock	22	13	16	18	0.06491824	0.1552	1.0	0.8333	1,8,11,26,30,64,79,84,96,102,103,109,120,125,130,150,153,165,173,175,179,181	ء ن ث ب ص ر ج ن د خ ر ج خ ل ق س ل م ش ي ء ص ب ر ص ف ف ص ف و ط غ و ط غ ي ع ل و	kw:hardness(98.9968); kw:geology(82.2652); kw:stone(71.5318); kw:rock(70.7234); kw:terrain(53.9596); kw:slab(48.7992); kw:closure(39.5566); kw:smoothness(38.8817)	ط غ ي:B005:الطغية الصفاة الملساء → ط غ و:B006:الطغية الصفاة أو الموضع المرتفع
C810	0.6503	darkness / cycle / night / flood	17	15	17	21	0.06220252	0.1567	1.0	0.8571	5,11,15,30,36,43,44,45,48,54,55,65,138,149,158,170,180	ج ن ن س ح ر س ر ر س و ي ش ر ق ط غ و ط غ ي ط ل ع ط و ف ع ز ز ع ق ل ف ت ي ق ص ر ك ف ر ل ي ل	kw:darkness(88.0233); kw:cycle(73.1559); kw:night(70.3743); kw:flood(60.4627); kw:disaster(59.4841); kw:dawn(56.5787); kw:torrent(47.0731); kw:time(45.0739)	ط غ ي:B002:علو الماء والقوة الجارفة → ط غ و:B002:طغيان الماء وما يجري مجراه
C811	0.6502	plant / ecology / draught / growth	35	16	17	28	0.05938798	0.2074	0.8929	0.6071	5,22,27,28,31,36,44,46,50,57,62,63,64,71,75,76,82,84,87,88,94,99,100,104,113,115,117,125,126,134,146,149,157,180,182	ء ت ي ء ر ض ب ع ل ر ب ب ش ج ر ش ر ب ش ع ر ظ ل م غ ر ق ق ب ل ق ط ن ن ب ت ن ج م ن ج و ن د ي ن ف س	kw:plant(60.266); kw:ecology(51.155); kw:draught(49.5059); kw:growth(42.1427); theme:agriculture_food/plant_vegetation(38.991); kw:irrigation(38.3916); kw:vegetation(34.3516); kw:husbandry(33.8898)	ش ع ر:B002:نبات كثيف كالشَّعر → ش ج ر:B001:الشجر ذو الساق
C812	0.6502	affection / purity / friendship / emotion_ethics/trust_loyalty	20	9	12	13	0.05972855	0.2097	1.0	0.6923	1,23,34,37,40,52,74,84,99,105,118,128,153,157,159,160,165,169,180,182	ج ر م ح م د خ ل ص ص د ق ص ف ف ص ف و ق ل ب ه د ي و ص ف	kw:affection(57.219); kw:purity(47.5872); kw:friendship(46.1482); theme:emotion_ethics/trust_loyalty(42.3903); kw:clarity(39.1426); kw:trust(37.4165); kw:quality(37.3173); kw:sincerity(34.884)	خ ل ص:B007:صفاء مودة وخاصّة → ص ف و:B004:مصافاة المودة والإخاء
C813	0.65	reason / mind / understanding / madness	21	13	17	23	0.05898562	0.1742	1.0	0.7826	8,10,16,36,43,46,47,53,58,59,63,86,113,137,138,145,151,154,158,162,177	ء ف ك ج ن ن ح ك م خ ط ف س م ع ش ر ب ص ب ح ع ر ي ع ق ل ف ت ن م و ت ن ز ف ن ف س	kw:reason(74.4006); kw:mind(70.346); kw:understanding(63.4603); kw:madness(59.5205); kw:knowledge(44.8244); kw:drink(39.7012); kw:seizure(39.2775); kw:illness(37.9386)	ج ن ن:B006:ستر العقل بالجنون → ف ت ن:B007:ذهاب عقل ومال
C814	0.65	bird / banner / ostrich / flag	36	14	15	15	0.06050043	0.1442	1.0	0.8	2,14,19,22,30,32,36,41,43,55,57,63,67,73,75,78,79,85,87,94,97,102,105,108,113,115,118,119,124,129,135,158,164,170,171,182	ت ر ك ح م م ر ء ي ز ج ر ز ف ف س ب ق ظ ل م ع ق ب ع ل م غ ب ر غ و ي ق و م ل ق ي ن ع م	kw:bird(82.1033); kw:banner(66.0079); kw:ostrich(60.4627); kw:flag(50.3071); kw:standard(44.6404); theme:space_form_boundary/pattern_marking(33.0211); theme:animal_life/wildlife(31.3677); kw:artifact(29.544)	ظ ل م:B006:الظليم ذكر النعام → ن ع م:B006:النعام والنعامة الطائر
C815	0.65	bird / animal_life/wildlife / gait / speed	24	13	13	12	0.05898767	0.1538	1.0	0.8333	8,12,26,29,30,37,41,43,51,56,57,67,73,75,79,87,90,94,138,158,164,170,171,182	ب ل ل ح م م د ب ر ر د ي ز ف ف س ب ق س م ع ع ق ب ع ق ل ع ل م ق ذ ف ق ر ن ن ع م	kw:bird(58.6452); theme:animal_life/wildlife(40.33); kw:gait(36.9363); kw:speed(34.1162); kw:raptor(32.1114); kw:coordination(30.2314); kw:animal(27.5512); kw:flight(25.2924)	ق ذ ف:B005:اندفاع سريع في السير → ز ف ف:B001:الخفة والسرعة في الزفيف
C816	0.6499	following / succession / pursuit / order	14	10	16	23	0.0612388	0.2054	0.913	0.7826	3,8,10,57,66,70,73,83,90,103,127,158,174,178	ء ث ر ت ب ع ت ل ل ت ل و ح ض ر س م ع ش ي ع ع ق ب م ل ء و ل ي	kw:following(87.4309); kw:succession(50.299); kw:pursuit(49.8887); kw:order(38.6317); kw:continuity(37.6199); kw:sequence(35.2565); kw:aftermath(33.5381); kw:follower(31.3821)	ت ل و:B001:اتباع وتتابع → ت ب ع:B001:التلو والقفو
C817	0.6498	wilderness / distance / remoteness / geography	17	9	11	9	0.05824933	0.1698	1.0	0.8889	5,8,9,15,32,47,60,76,106,113,115,117,134,145,156,158,176	ب ي ن ع ج ل ع ل و غ و ل غ و ي ف و ز ن ب ذ ن ج و و ص ب	kw:wilderness(51.5089); kw:distance(48.4301); kw:remoteness(41.7788); kw:geography(35.4006); kw:deliverance(31.3821); kw:rescue(29.1436); kw:expanse(27.2163); kw:danger(23.8949)	و ص ب:B002:مفازة لا تنتهي → ف و ز:B003:المفازة بين النجاة والمهلكة
C818	0.6498	vessel / drink / containment / capacity	12	8	9	7	0.05471547	0.2	1.0	0.8571	8,45,54,55,65,66,76,82,102,115,140,145	ش ح ن ص ب ر ط ل ع غ ر ق ك ء س ك ر ب م ل ء ن ب ذ	kw:vessel(43.0534); kw:drink(26.4674); kw:containment(24.7492); kw:capacity(24.503); kw:fullness(23.5511); kw:storage(21.7304); kw:container(20.8979); kw:loading(19.2746)	م ل ء:B001:امتلاء يساوي الوعاء → ط ل ع:B007:امتلاء مستوعب
C819	0.6497	drink / vessel / cup / draught	15	12	17	33	0.05514854	0.2578	0.9394	0.6061	8,11,45,46,47,66,82,91,103,113,125,137,145,149,177	ء ك ل ب ع ل ت ل ل ش ر ب ص ب ح غ ر ق ف ت ي ك ء س م ل ء ن ب ذ ن ز ف ن ف س	kw:drink(92.636); kw:vessel(64.5801); kw:cup(59.0879); kw:draught(49.5059); kw:consumption(48.3198); kw:measure(44.684); kw:wine(42.6693); theme:agriculture_food/cooking_drink(42.1967)	ش ر ب:B001:تناول المائع → ن ف س:B006:نفس الشرب وجرعته
C820	0.6497	archery / arrow / conflict_security/weaponry / tension	23	15	17	26	0.05974296	0.194	0.9615	0.6923	8,28,31,32,38,45,54,55,65,66,71,82,84,90,91,97,102,112,117,141,149,153,157	ء ت ي ء ك ل ب ن ي د ب ر ذ و ق س ه م ش ي ء ط ل ع ط و ف غ ر ق غ و ي ق ل ب ك ث ر م ل ء ن ب ء	kw:archery(68.647); kw:arrow(63.231); theme:conflict_security/weaponry(62.4164); kw:tension(59.0879); kw:palm(56.8604); kw:bow(53.7561); kw:shoot(43.1696); kw:growth(42.1427)	ء ت ي:B007:خروج النماء والنتاج → ء ك ل:B002:غلة الشجر والزرع
C821	0.6497	clan / family / lineage / household	34	13	13	14	0.0575642	0.1795	1.0	0.6429	6,7,8,17,21,23,27,30,40,44,50,59,66,67,71,74,75,76,85,86,94,98,104,115,118,124,126,128,134,144,160,164,168,169	ء ه ل ء و ل ب ط ن ح م م خ ل ص د ن و د و ن س ف ل ف ص ل ق ب ل ق و م ك ل ل ن د ي	kw:clan(52.5539); kw:family(45.6437); kw:lineage(43.3422); kw:household(35.8423); kw:tribe(35.6904); kw:society(31.1678); kw:baseness(29.544); kw:belonging(28.6095)	ء و ل:B003:آل الرجل من يرجع إليهم ويرجعون إليه → ء ه ل:B001:جماعة القرب والانتماء
C822	0.6496	terrain / stone / edge / side	22	13	15	17	0.0617214	0.1667	1.0	0.8235	5,8,15,19,45,48,66,73,88,101,102,106,112,113,117,144,156,157,158,173,175,179	ب ش ر ب ص ر ب ط ن ب ي ن ج ن ب ج ن د ح ل م ص ب ر ط ر ف ع ي ن ق ذ ف ك ت ب ن ظ ر	kw:terrain(53.9596); kw:stone(47.6879); kw:edge(46.1287); kw:side(44.8244); kw:hardness(37.1238); kw:skin(36.2398); kw:boundary(28.9506); kw:geology(23.5043)	ص ب ر:B005:حجر غليظ وأرض حصباء → ج ن د:B002:الأرض الغليظة ذات الحجارة
C823	0.6496	horse / chin / jaw / gait	21	13	14	16	0.05670174	0.1778	1.0	0.8125	8,27,44,46,50,56,57,62,64,68,71,82,92,94,102,107,124,127,146,154,158	ب ل غ ج ن ب ح ض ر ح ك م ذ ب ح ر ج ع ر د ي ش ج ر ش ر ب غ ر ق ق ب ل ن ط ق و ق ي	kw:horse(46.2971); kw:chin(45.7343); kw:jaw(45.3471); kw:gait(36.9363); kw:animal(34.439); kw:speed(34.1162); kw:bridle(32.5328); kw:transport(30.469)	ج ن ب:B005:التجنيب قيادة شيء إلى الجنب → ن ط ق:B005:انتطاق الفرس
C824	0.6495	attainment / escape / precedence / pursuit	32	14	15	16	0.05829527	0.1538	1.0	0.8125	8,10,20,23,27,39,44,48,50,53,70,71,80,90,91,94,99,102,105,110,121,131,135,140,144,147,148,154,171,174,176,178	ء ث ر ء ل ي ب ل غ ت ب ع ج ز ي ح ك م د ي ن س ب ق ع ج ز ع ج ل ع ل و ق ب ل ق ص ر و ل ي	kw:attainment(56.5787); kw:escape(41.5754); kw:precedence(41.1882); kw:pursuit(37.4165); kw:elusion(34.884); kw:delegation(33.5381); kw:achievement(32.1114); theme:time_measure_quantity/sequence_cycle(31.0019)	ع ج ز:B002:فوت وسبق وإفلات من الطلب → س ب ق:B004:الفوت عن الطالب
C825	0.6492	beauty / aesthetics / appearance / radiance	33	15	17	25	0.05479358	0.1866	0.96	0.72	6,8,10,12,14,19,23,24,45,46,48,49,54,55,65,66,73,80,88,99,101,102,105,110,112,113,118,121,125,131,137,141,177	ب ش ر ب ي ض ح س ن ر ء ي ز ي ن س ه م ش ه ب ص ب ح ط ل ع ع ج ب ع ي ن م ل ء ن ظ ر ه د ي و ق ف	kw:beauty(91.765); kw:aesthetics(89.042); kw:appearance(86.2206); kw:radiance(42.6693); kw:perception(38.0967); kw:view(36.9273); kw:face(35.9982); kw:reflection(31.7301)	ر ء ي:B006:مرأى ومنظر ومرآة → ن ظ ر:B004:ظهور الشيء للناظر أو حسن مرآه
C826	0.6492	permanence / sky / continuance / land_water_sky/weather_climate	29	13	14	13	0.06108504	0.1444	1.0	0.8462	5,6,9,16,30,31,53,57,58,59,64,77,84,85,87,88,99,100,102,115,118,124,126,140,149,150,164,180,182	ء ر ض ب ق ي خ ر ج ر ب ب س م و ف ل ك ق و م م ل ك م و ت ن ج م ن و م و ص ب و ه ب	kw:permanence(68.647); kw:sky(47.893); kw:continuance(46.5929); theme:land_water_sky/weather_climate(39.5031); kw:motion(35.7117); kw:clearing(31.0619); theme:condition_force_change/stability_endurance(30.6701); kw:stillness(27.4588)	و ص ب:B001:دوام الشيء ولزومه → و ه ب:B007:دوام الشيء وثباته
C827	0.6491	weakness / belief / frailty / ideology	44	13	16	19	0.06051402	0.1624	1.0	0.6316	5,14,15,18,20,23,28,29,31,35,36,37,51,52,54,55,56,70,81,85,87,89,91,95,97,99,102,105,106,111,113,114,117,118,122,124,132,148,150,151,156,157,158,167	ء م ر ء م ن ء ن ث ب ي ن ح ق ق ر ء ي ص د ق ظ ن ن ق و ل م ع ع م ن ن ه د ي ه ر ع	kw:weakness(57.4546); kw:belief(42.434); kw:frailty(41.9894); kw:ideology(36.9273); theme:cognition_perception/proof_uncertainty(33.6285); kw:confirmation(33.5381); kw:doctrine(33.004); kw:moderation(32.5328)	ه د ي:B009:الهداء البليد الضعيف → ه ر ع:B006:جبن وضعف خفيف
C828	0.6491	thickness / strength / stoutness / severity	15	12	13	17	0.05679689	0.2208	0.9412	0.7059	7,8,11,39,48,61,76,96,101,102,103,115,116,173,180	ت ل ل ج ب ن ش د د ع ز ز ع م ل غ ل ب غ ل م ق ص ر ك ر ب ك ل ل ل ز ب م ع ع	kw:thickness(67.1951); kw:strength(56.6699); kw:stoutness(48.1671); kw:severity(35.6159); kw:environment(27.9929); kw:spear(27.8525); kw:pressure(25.08); theme:space_form_boundary/form_structure(18.592)	ل ز ب:B003:الشدة والضيق والقحط → ع ز ز:B008:الشدة في السنة والمطر والسيل
C829	0.6491	identity / soul / self / cognition_perception/cognition	32	9	13	14	0.05313047	0.1972	1.0	0.7857	12,15,18,20,21,28,29,31,35,36,42,51,52,54,56,64,76,85,89,91,95,97,98,99,102,113,115,124,127,151,152,167	خ ر ج ص ب ر ع ج ب ف ك ه ق و ل ك ذ ب ك ر ب ك ي د ن ف س	kw:identity(46.134); kw:soul(44.0082); kw:self(43.7155); theme:cognition_perception/cognition(37.4564); kw:morality(35.1186); kw:thought(30.4895); kw:substance(27.7169); kw:life(27.3357)	ق و ل:B012:قول في النفس لم يظهر → ن ف س:B013:ما في النفس من عقل وروع
C830	0.649	arrival / approach / fertility / ecology	23	14	17	33	0.0586103	0.25	0.9394	0.4848	5,21,25,28,36,37,42,46,54,55,65,84,86,112,116,117,137,146,150,151,157,172,177	ء ت ي ء ر ض ء ف ك ء ن ث ج ي ء ش ر ب ش ع ر ص ب ح ط ل ع ف ص ل ك ر م ن ب ء ن ب ت ن ص ر	kw:arrival(74.0586); kw:approach(61.5604); kw:fertility(53.198); kw:ecology(51.155); kw:coming(50.3071); kw:growth(42.1427); kw:movement(39.8286); kw:transfer(38.2751)	ء ت ي:B001:الإتيان والمجيء → ج ي ء:B001:المجيء والحصول
C831	0.649	water / resource / survival / sustenance	32	10	16	24	0.05770655	0.2162	0.875	0.7083	1,5,9,10,30,31,33,38,46,57,59,66,84,85,87,91,99,100,113,115,118,124,126,127,149,150,158,164,165,176,180,182	ء ك ل ت ب ع ح ض ر ر ب ب ش ر ب ص ف ف ع ذ ب ق و م م ل ك ن ف س	kw:water(84.7372); kw:resource(60.1294); kw:survival(59.6098); kw:sustenance(40.4815); kw:nourishment(38.6317); theme:law_governance/authority_governance(37.9085); kw:consumption(36.2398); kw:palatability(33.5381)	ش ر ب:B001:تناول المائع → ن ف س:B006:نفس الشرب وجرعته
C832	0.649	color / appearance / redness / complexion	13	12	12	13	0.05446068	0.197	1.0	0.7692	5,10,46,67,75,84,99,104,135,137,141,148,177	ث ق ب ح م م ذ ه ب س ه م ش ر ب ش ر ق ش ه ب ص ب ح غ ب ر ق ل ب م ت ع ن د ي	kw:color(122.9027); kw:appearance(53.8879); kw:redness(53.335); kw:complexion(43.7155); theme:space_form_boundary/visual_appearance(41.1582); kw:smoke(30.7655); kw:intensity(26.5662); kw:quality(24.8782)	ش ر ق:B003:اشتداد اللون وامتلاؤه → ص ب ح:B006:الصُّبْحة والصباحة
C833	0.649	transport / gait / horse / travel	18	12	12	12	0.05814835	0.1818	1.0	0.75	8,36,39,43,46,56,57,61,68,92,96,102,124,127,154,158,159,180	ب ل غ ج ن ب ج ن ن ح ض ر ح ك م ر ج ع ر د ي ش ر ب ع م ل ن ط ق و ص ف و ق ي	kw:transport(50.7816); kw:gait(49.2484); kw:horse(46.2971); kw:travel(44.1154); kw:animal(41.3268); kw:speed(34.1162); kw:control(33.2078); theme:movement_travel/transport(29.8017)	ج ن ب:B005:التجنيب قيادة شيء إلى الجنب → ن ط ق:B005:انتطاق الفرس
C834	0.6489	separation / crowd / dispersion / scattering	37	13	14	13	0.06178499	0.1444	0.9231	0.8462	6,16,22,27,40,50,53,60,69,74,76,81,83,85,95,97,102,106,107,111,115,117,122,128,132,134,143,149,153,157,159,160,161,166,169,171,180	ب ع ض ب ل و ب ل ي ب ن ي ج م ع ح ش ر س ب ح ش ي ع ع ب د ع ظ م ك ت ب ك و ك ب ل ف ي	kw:separation(51.3748); kw:crowd(51.0335); kw:dispersion(43.4363); kw:scattering(42.2076); kw:distribution(39.8493); theme:time_measure_quantity/quantity_number(29.9649); kw:joining(28.1384); kw:spread(27.9929)	ب ل و:B009:التفرق في الجهات → ب ل ي:B008:بذي بلي تفرق وتشعث
C835	0.6488	belly / cavity / body / womb	16	11	15	22	0.05514233	0.2316	0.9545	0.7727	8,10,15,22,36,43,44,66,76,93,115,125,134,138,144,158	ب ط ن ج ن ن ح ش ر خ ط ف س ح ر س ر ر ض ر ب ع ق ل ق ذ ف ن ج و و ذ ر	kw:belly(76.3217); kw:cavity(29.1436); kw:body(29.0672); kw:womb(26.6675); kw:swelling(26.371); kw:cutting(24.9444); kw:flesh(24.6242); theme:body_health_life/reproduction_birth(24.0796)	ب ط ن:B005:حال البطن من امتلاء أو علة → ع ق ل:B006:العُقول يمسك البطن
C836	0.6487	firmness / reinforcement / strength / resilience	44	15	17	19	0.06336545	0.1418	0.8947	0.7895	5,11,16,22,31,40,43,53,57,60,67,74,75,76,81,84,85,86,87,95,98,99,100,101,107,111,113,114,115,122,126,128,132,137,149,150,154,160,161,169,170,171,180,182	ح ك م ح ل م ح م م ر ب ب ر و د ش د د ع ب د ع ز ز ع ظ م ك ف ر م ر ر م ل ك م ن ن ن ع م ن ف س	kw:firmness(52.1902); kw:reinforcement(45.3471); kw:strength(45.3359); kw:resilience(41.7788); kw:reciprocity(38.8817); kw:blessing(38.3916); theme:emotion_ethics/ethics_morality(36.1985); kw:reason(29.7602)	ش د د:B002:شدة القوة والصلابة → ع ب د:B007:القوة والصلابة
C837	0.6486	knowledge / judgment / discernment / justice	45	16	17	21	0.06252851	0.1556	1.0	0.619	5,8,14,15,19,21,31,36,37,41,55,57,72,73,79,84,87,88,99,100,102,105,106,113,117,123,126,127,133,138,139,147,149,150,154,156,158,164,170,171,175,179,180,181,182	ب ص ر ب ل غ ب ي ن ح ض ر ح ك م ر ء ي ر ب ب ر س ل س م ع ش ع ر ش ه د ع ق ل ع ل م ف ص ل ق ل ب ن ظ ر	kw:knowledge(112.0609); kw:judgment(52.8701); kw:discernment(46.5929); kw:justice(44.8955); kw:reason(44.6404); kw:wisdom(43.7155); theme:cognition_perception/knowledge_learning(42.7365); kw:epistemology(41.5754)	ف ص ل:B002:قضاء يفصل الحق من الباطل → ح ك م:B002:الحكم والقضاء بين الناس
C838	0.6486	leather / tree / agriculture_food/plant_vegetation / instance	35	14	14	12	0.05938199	0.1319	0.9167	0.9167	8,10,11,23,26,62,64,66,68,76,79,84,91,94,96,99,101,102,103,109,112,113,115,120,125,130,134,137,140,144,146,147,148,150,181	ء ك ل ء ل ي ب ش ر ب ل غ ح ل م خ ل ق ر ج ع ز ف ف س ل م ش ج ر ش ه ب م ر ر ن ج و ن ف س	kw:leather(52.0143); kw:tree(45.2608); theme:agriculture_food/plant_vegetation(35.0919); kw:instance(34.884); theme:time_measure_quantity/sequence_cycle(34.8771); kw:tanning(32.5328); kw:peeling(31.3821); kw:occurrence(31.0619)	ء ك ل:B006:التآكل والفساد والحكة → ح ل م:B004:تثقب الجلد وفساده بالحلم
C839	0.6486	waterskin / provisioning / clay / drink	28	11	11	9	0.04958134	0.1636	1.0	0.8889	5,8,11,31,33,40,45,46,48,57,66,74,76,84,87,99,100,113,115,126,128,145,149,160,169,176,180,182	خ ل ص ر ب ب ش ر ب ش ر ك ط ي ن ع ج ل ع ي ن ك ر ب م ل ء ن ب ذ ن ف س	kw:waterskin(53.5428); kw:provisioning(34.884); kw:clay(29.1436); kw:drink(26.4674); theme:craft_material_built/storage_vessels(21.1394); kw:container(20.8979); kw:authentication(19.2746); kw:loading(19.2746)	ر ب ب:B006:رُبّ خاثر وإصلاح به → خ ل ص:B008:استخلاص السمن والطعام
C840	0.6485	color / mixture / purity / liquid	18	13	17	29	0.05769021	0.2197	0.9655	0.6207	5,10,15,34,40,46,49,67,74,84,93,128,135,137,153,160,169,177	ب ي ض ج ر م خ ل ص س ح ر ش ر ب ش ر ق ش ه ب ش و ب ص ب ح ص ف و ض ر ب غ ب ر ق ل ب	kw:color(122.9027); kw:mixture(74.4396); kw:purity(59.4841); kw:liquid(50.4406); kw:appearance(43.1103); kw:clarity(39.1426); kw:admixture(34.884); kw:refinement(30.4895)	ش ه ب:B001:بياض تخالطه ظلمة → ب ي ض:B001:البَياض والابيضاض
C841	0.6485	elevation / sand / geology / mound	19	11	11	10	0.05432397	0.1818	1.0	0.8	8,12,21,44,76,80,102,105,107,110,113,115,121,125,131,134,135,140,180	ح س ن ذ ب ح س ر ر ص ب ر ع ج ب ع ج ز ع ز ز ع ل و ف ص ل ف ل ك ن ج و	kw:elevation(70.7954); kw:sand(53.335); kw:geology(47.0087); kw:mound(42.2076); theme:land_water_sky/water_hydrology(33.2386); kw:terrain(32.3757); kw:landscape(31.0628); kw:dune(29.7602)	ح س ن:B004:أسماء الحسن للمواضع والأجسام → ع ج ز:B005:رملة أو حبل مرتفع يشبه العجيزة
C842	0.6484	hardness / earth / stone / geology	45	14	15	13	0.05808825	0.125	1.0	0.8462	5,11,15,18,20,22,26,28,29,31,35,36,46,49,51,52,54,56,63,66,77,79,84,85,89,91,93,95,97,98,99,102,103,109,120,124,130,149,151,153,158,163,167,173,181	ء ر ض ء ك ل ب ن ي ب ي ض ج ع ل ج ن د ح ش ر س ل م ص ف و ص ل ي ض ر ب ط ي ن ق و ل ن ح ت	kw:hardness(61.873); kw:earth(56.957); kw:stone(47.6879); kw:geology(47.0087); kw:insect(41.5754); kw:wood(37.9386); theme:animal_life/wildlife(35.8489); theme:land_water_sky/earth_geology(34.6321)	ح ش ر:B004:دواب الأرض الصغار المتكاثرة → ج ع ل:B008:دويبة الجعلان
C843	0.6483	education / repair / upbringing / nurture	30	11	14	20	0.05443186	0.2299	1.0	0.55	5,16,17,31,39,47,53,57,59,61,69,71,84,85,87,96,97,99,100,102,112,125,126,146,149,152,153,168,180,182	ء ب و ء و ل ب ع ل ب ن ي ت ر ب ر ب ب ص ل ح ع م ل غ و ل ن ب ت و ل د	kw:education(40.3171); kw:repair(37.6199); kw:upbringing(34.884); kw:nurture(33.5381); kw:reform(33.004); kw:cohort(33.004); kw:equal(33.004); kw:peer(30.4895)	ت ر ب:B004:التساوي في السن والصحبة → و ل د:B006:قرين في سن الولادة
C844	0.6482	production / firmness / reinforcement / strength	37	14	17	20	0.06291274	0.1504	0.95	0.75	4,11,16,19,22,40,53,60,63,74,76,77,81,83,85,95,96,98,107,111,113,115,122,124,125,128,132,137,147,150,154,158,160,161,169,171,180	ج ع ل ح ك م خ ل ق ز ي د ش د د ش ي ع ع ب د ع ز ز ع ظ م م ر ر م ل ك ن ف س و ح د و ق ي	kw:production(58.2873); kw:firmness(52.1902); kw:reinforcement(45.3471); kw:strength(45.3359); kw:solidity(41.7788); kw:resilience(41.7788); kw:creation(41.3787); kw:courage(39.2775)	ش د د:B002:شدة القوة والصلابة → ع ب د:B007:القوة والصلابة
C845	0.6482	worship / sunrise / light / place	27	12	13	13	0.05906309	0.1688	0.9231	0.8462	5,20,27,30,44,45,46,48,50,53,54,55,65,71,77,85,88,94,101,102,107,113,115,118,124,163,164	د ي ن ذ ب ح ذ ر ر ش ر ب ش ر ق ص ل ي ط ل ع ع ي ن غ ل م ق ب ل ق و م ن ج م	kw:worship(75.2399); kw:sunrise(51.232); kw:light(44.7539); kw:place(41.2343); kw:city(30.2314); theme:space_form_boundary/place_location(29.9762); kw:dawn(28.2893); kw:emergence(24.9444)	ط ل ع:B001:طلوع النير وموضعه → ن ج م:B002:الطالع الظاهر
C846	0.6482	binding / rope / fastening / cord	15	12	12	10	0.05942178	0.1515	1.0	0.9	7,11,16,46,51,65,73,76,90,92,101,115,137,138,144	ب ع ث ح ل م د ب ر ش د د ش ر ب ش ط ن ع ق ب ع ق ل ق ر ن ك ر ب م ر ر ن ط ق	kw:binding(76.7833); kw:rope(63.0508); kw:fastening(42.434); kw:cord(39.8493); kw:pairing(34.1547); kw:tether(29.3388); kw:knot(28.4462); theme:condition_force_change/control_restraint(27.3256)	ش ط ن:B002:الحبل الطويل والشد → م ر ر:B005:إحكام فتل الحبل
C847	0.6481	virtue / generosity / nobility / charity	15	12	17	32	0.05639489	0.256	0.9062	0.6562	8,11,25,34,41,42,48,62,100,102,116,146,149,172,182	ج ن ب ح م د خ ي ر ر ز ق س ع ي ط ر ف ف ت ي ف ع ل ق ط ن ك ر م ن ص ر و ه ب	kw:virtue(87.3052); kw:generosity(85.1471); kw:nobility(51.3473); kw:charity(49.6264); kw:honor(45.8825); theme:emotion_ethics/ethics_morality(42.78); theme:kinship_society/hospitality_welfare(41.5042); kw:welfare(39.7012)	ف ع ل:B002:فَعال الخلق → خ ي ر:B005:الكرم والهبة
C848	0.6481	land_water_sky/fire_heat / color / blaze / fire	26	14	17	28	0.05691884	0.2121	0.9643	0.6429	5,10,20,21,23,26,36,43,46,55,63,64,66,67,68,91,97,102,137,141,144,158,162,163,177,180	ء ك ل ج ح م ج ن ن ح م م س ه م ش ر ب ش ر ق ش ه ب ص ب ح ص ل ي ع ز ز ف ت ن م ع ع ي و م	theme:land_water_sky/fire_heat(70.8694); kw:color(61.4513); kw:blaze(57.219); kw:fire(56.957); kw:heat(55.1015); kw:punishment(34.787); kw:burning(31.0619); kw:smoke(30.7655)	ش ر ق:B003:اشتداد اللون وامتلاؤه → ص ب ح:B006:الصُّبْحة والصباحة
C849	0.6481	remnant / residue / outcome / end	21	9	17	23	0.06185797	0.187	1.0	0.7391	17,39,59,71,73,77,78,80,82,90,105,108,110,119,121,126,129,131,135,136,168	ء خ ر ء و ل ب ق ي ج ز ي د ب ر د م ر ع ج ز ع ق ب غ ب ر	kw:remnant(50.8811); kw:residue(50.5848); kw:outcome(46.1482); kw:end(43.4363); kw:rear(42.6693); kw:remainder(42.2076); kw:sequence(35.2565); kw:eradication(34.1547)	د ب ر:B004:قطع الدابر واستئصال الأثر → د م ر:B002:الهلاك المستأصل
C850	0.6481	action / aspect / configuration / condemnation	45	13	16	19	0.0581992	0.1638	1.0	0.6842	11,15,18,20,21,28,29,31,34,35,36,39,51,52,54,56,61,63,64,70,76,77,78,85,89,91,95,96,97,98,99,102,108,115,119,124,125,127,129,150,151,152,158,167,177	ء ث ر ء ص ل ت ر ك ج ع ل خ ل ق س و ء ع م ل ف ع ل ق و ل ك ذ ب ك ر ب ك و د م ث ل	kw:action(57.9151); kw:aspect(45.7343); kw:configuration(38.5491); kw:condemnation(34.884); kw:commencement(34.1547); kw:imminence(33.5381); kw:modality(32.1114); kw:imitation(31.3821)	ج ع ل:B004:الشروع في الفعل أو ملازمته → ء ص ل:B006:أصل يفعل
C851	0.648	pride / emotion_ethics/ethics_morality / arrogance / authority	29	11	17	26	0.0611084	0.2167	0.8846	0.7308	8,12,16,22,34,35,40,53,60,73,74,76,81,85,95,102,107,111,113,115,122,128,132,135,160,161,169,170,171	ء م ر ج ر م ع ب د ع ج ب ع ج ز ع ظ م ع ق ب ع ل و ك ب ر ك ف ر ن ف س	kw:pride(54.2007); theme:emotion_ethics/ethics_morality(42.78); kw:arrogance(41.9894); kw:authority(41.9427); kw:transgression(41.7788); kw:sin(41.0035); kw:honor(34.4119); kw:oldness(33.5381)	ك ب ر:B004:كبر السن والقدم → ع ج ز:B003:كبر وقدم حتى يسمى عجوزا
C852	0.648	land_water_sky/sky_astronomy / star / mansion / constellation	19	13	15	21	0.06072587	0.2039	1.0	0.619	6,9,33,38,45,48,59,84,86,88,90,98,102,107,117,140,141,157,176	د ب ر د ح ض ذ ب ح ر و د ط و ف ع ذ ب ع ي ن ف ل ك ق ل ب ك ت ب ك و ك ب ن ج م ن و م	theme:land_water_sky/sky_astronomy(77.0844); kw:star(77.0209); kw:mansion(62.1239); kw:constellation(58.2873); kw:rotation(56.8924); kw:planet(50.3071); kw:sky(47.893); kw:calendar(36.3226)	ك و ك ب:B001:الكوكب نجم في السماء → ن ج م:B001:الكوكب الطالع
C853	0.648	worthiness / readiness / eligibility / condition_force_change/capacity_ability	41	14	14	12	0.06141843	0.1319	1.0	0.75	5,11,22,27,31,37,40,44,50,63,71,74,76,77,81,84,85,90,94,95,96,98,100,102,111,122,125,128,132,134,137,148,150,158,160,161,169,171,174,177,178	ء ر ض ء ه ل ب ق ي ج ع ل ج ي ء ح ق ق خ ل ق ش ي ء ص ب ح ع ب د ق ب ل م ت ع و ل ي و ه ب	kw:worthiness(67.0762); kw:readiness(39.4154); kw:eligibility(35.7766); theme:condition_force_change/capacity_ability(34.3024); kw:aptitude(34.1547); kw:entitlement(33.5381); kw:presentation(33.004); kw:availability(33.004)	ء ر ض:B003:الخليق بالخير كالأرض الأريضة → خ ل ق:B005:الجدارة والتهيؤ للشيء
C854	0.6479	reputation / honor / virtue / nobility	22	12	17	33	0.05706469	0.264	0.8788	0.5758	3,5,6,8,11,13,16,34,42,48,53,60,62,64,76,102,107,115,149,155,168,182	ح م د خ ر ج خ ي ر ذ ك ر س ع ي س م و ط ر ف ع ظ م ع ل و ف ت ي ف ع ل ك ر م	kw:reputation(96.4219); kw:honor(91.765); kw:virtue(87.3052); kw:nobility(77.0209); kw:generosity(72.9832); kw:praise(55.7051); kw:prestige(47.0731); theme:emotion_ethics/honor_shame(46.8059)	ذ ك ر:B007:ذكر المرء شرف وصيت → ع ل و:B002:الرفعة والشرف
C855	0.6478	honor / generosity / virtue / dialogue	25	12	17	28	0.06100931	0.224	0.9286	0.6429	11,14,15,17,20,21,34,42,43,45,48,55,57,60,61,62,68,69,75,85,102,105,106,126,149	ء ب و ج و ب خ ي ر ر ء ي ر ج ع س ع ي ع ي ن ف ت ي ف ع ل ك ر م ن ع م ه ا ء	kw:honor(91.765); kw:generosity(72.9832); kw:virtue(62.3609); kw:dialogue(48.7992); kw:answer(46.5929); kw:nobility(38.5105); kw:blessing(38.3916); kw:magnanimity(35.7766)	ر ج ع:B005:رد الجواب والكلام → ج و ب:B003:رَدّ الكلام والإجابة
C856	0.6476	dampness / dew / wetness / language_communication/communication	13	5	17	34	0.06392336	0.3434	0.9118	0.6176	12,26,29,30,37,75,85,104,115,118,124,125,164	ب ل ل د ع و ق و م ن د و ن د ي	kw:dampness(52.326); kw:dew(48.1671); kw:wetness(46.5929); theme:language_communication/communication(45.4942); kw:summons(44.9833); kw:call(41.0035); kw:assembly(39.5566); kw:moisture(39.0107)	ن د و:B001:اجتماع القوم في النادي والندوة → ن د ي:B003:مجلس القوم واجتماعهم
C857	0.6475	wind / direction / land_water_sky/weather_climate / climate	21	13	17	22	0.06304868	0.1679	1.0	0.7727	5,6,8,27,33,43,44,50,55,57,71,75,86,90,94,98,102,151,163,174,178	ء ف ك ج ن ب د ب ر س ف ل س م و س و ي ش ر ك ص ب ر ص ل ي ع ل و ق ب ل ن ع م و ل ي	kw:wind(78.0215); kw:direction(71.3809); theme:land_water_sky/weather_climate(59.2546); kw:climate(59.2371); kw:hunting(48.3198); kw:breeze(47.5952); kw:weather(37.9455); kw:south(36.9273)	ق ب ل:B012:ريح تقابل الدبور → د ب ر:B012:الدبور ريح من خلف الكعبة
C858	0.6475	orientation / ear / side / opposition	19	14	17	19	0.06043229	0.1439	1.0	0.9474	5,8,27,44,48,50,66,71,84,86,90,94,97,102,144,150,151,174,178	ء ف ك ء ن ث ب ط ن ج ن ب د ب ر س م ع ش ر ق ص ب ر ط ر ف ع ل و ق ب ل ق ل ب ل ق ي و ل ي	kw:orientation(64.4953); kw:ear(55.9858); kw:side(44.8244); kw:opposition(40.6505); kw:edge(34.5965); kw:slit(33.004); kw:duality(32.5328); kw:reception(32.1114)	ق ل ب:B004:رد الشيء عن وجهه → ء ف ك:B001:قلب الشيء وصرفه عن وجهته
C859	0.6475	justice / darkness / shadow / blame	19	10	12	13	0.05723504	0.2031	1.0	0.6923	22,25,30,32,48,61,63,85,87,113,115,116,118,124,138,142,154,164,172	ح ك م ظ ل م ظ ن ن ع ق ل غ و ي ق ص ر ق و م ل و م م ث ل ن ص ر	kw:justice(56.1193); kw:darkness(50.299); kw:shadow(44.6404); kw:blame(40.4815); kw:redress(34.884); kw:reform(33.004); kw:noon(31.3821); kw:accusation(27.7169)	ظ ل م:B003:الظلامة وطلب الإنصاف → ن ص ر:B002:انتصاف المظلوم
C860	0.6474	rain / weather / climate / shower	24	15	17	32	0.05529471	0.2388	1.0	0.4688	25,28,41,45,48,67,68,75,86,90,93,99,104,112,116,117,150,151,157,168,172,174,178,180	ء ت ي ء ف ك ء ن ث ح م م ذ ه ب ر ج ع ر ز ق ض ر ب ع ز ز ع ن د ع ي ن ن ب ء ن د ي ن ص ر و ل ي	kw:rain(154.0165); kw:weather(66.4046); kw:climate(59.2371); kw:shower(58.2873); kw:fertility(53.198); theme:land_water_sky/weather_climate(51.354); kw:downpour(43.4363); kw:water(42.3686)	ر ز ق:B003:الغيث النازل رزقا → ر ج ع:B006:المطر والماء الراجع
C861	0.6474	cycle / time / darkness / calendar	30	15	17	25	0.05758512	0.188	0.96	0.72	11,20,21,26,27,30,35,36,43,44,50,55,63,71,73,85,90,94,115,118,124,127,138,144,149,152,158,162,164,170	ج ن ن د ب ر س ر ر س و ي ش د د ع ق ب ف ت ن ف ت ي ق ب ل ق و م ك ب ر ك ذ ب ك ف ر ل ي ل ي و م	kw:cycle(85.3486); kw:time(63.1034); kw:darkness(62.8738); kw:calendar(48.4301); kw:night(46.9162); kw:shadow(44.6404); kw:daytime(35.7766); kw:zenith(35.7766)	ش د د:B005:شد النهار وارتفاعه → ك ب ر:B013:أكبر النهار
C862	0.6474	language / speech / wealth / repetition	37	11	12	11	0.05037891	0.1692	1.0	0.8182	15,18,20,24,27,28,29,30,31,35,36,37,50,51,52,54,56,66,71,85,89,90,91,95,97,99,102,105,114,115,118,124,151,157,164,167,171	ء ك ل د ب ر س ء ل ص د ق ق و ل ق و م ك ث ر ك ل م م ع ع م ن ن ن و م	kw:language(40.4595); kw:speech(37.5366); kw:wealth(32.29); kw:repetition(27.9929); kw:writing(26.5662); kw:utterance(26.371); kw:communication(25.8565); theme:language_communication/language_speech(24.7509)	ق و ل:B003:كثرة القول في صاحبه → ك ث ر:B003:كثرة في صاحب أو كلام أو مطالب
C863	0.6472	description / quality / condition_force_change/value_quality / classification	25	12	17	26	0.05836964	0.1985	0.9615	0.6538	1,17,19,40,59,61,67,71,73,74,83,84,88,93,95,102,126,128,153,159,160,165,168,169,180	ء و ل خ ل ص ش و ب ش ي ع ص ف ف ص ف و ض ر ب ق ل ب م ث ل ن ح ت ن ظ ر و ص ف	kw:description(56.2768); kw:quality(49.7565); theme:condition_force_change/value_quality(45.1651); kw:classification(37.1238); kw:purity(35.6904); kw:sincerity(34.884); kw:example(33.5381); kw:circumstance(33.004)	خ ل ص:B007:صفاء مودة وخاصّة → ص ف و:B004:مصافاة المودة والإخاء
C864	0.6472	strength / hardness / condition_force_change/stability_endurance / power	39	16	17	25	0.05902089	0.1852	0.92	0.64	3,11,13,22,28,37,40,52,55,72,74,81,85,93,95,100,102,105,111,113,122,123,128,132,133,137,139,147,150,155,157,160,161,163,168,169,171,180,181	ذ ك ر ر س ل س و ي ش د د ص ب ر ص د ق ص ل ي ع ب د ع ز ز ل ز ب م ر ر م ل ك ن ح ت ن ف س و ه ب ي م ن	kw:strength(79.3379); kw:hardness(74.2476); theme:condition_force_change/stability_endurance(44.3012); kw:power(43.7032); kw:solidity(41.7788); kw:firmness(39.1426); kw:material(37.6513); kw:stability(37.0293)	ش د د:B002:شدة القوة والصلابة → ع ب د:B007:القوة والصلابة
C865	0.6471	earth / soil / dust / geology	14	10	11	11	0.05172001	0.2037	1.0	0.8182	11,16,31,38,44,47,48,53,77,91,93,113,135,170	ت ر ب ذ ر ر ذ و ق ر و غ س ر ر ط ي ن غ ب ر غ و ل ق ص ر ك ف ر	kw:earth(102.5227); kw:soil(75.661); kw:dust(52.3699); kw:geology(35.2565); kw:covering(34.7228); kw:dirt(31.3821); kw:husk(29.9889); kw:grain(26.2769)	ت ر ب:B001:التراب والأرض والغبار → غ ب ر:B004:الغبار والغبرة وما صار بلون التراب
C866	0.647	character / virtue / generosity / disposition	21	12	14	19	0.05780727	0.2159	0.9474	0.6842	11,17,34,42,59,62,71,93,95,96,97,102,125,126,146,149,150,153,159,168,180	ء و ل ب ن ي خ ل ق خ ي ر س ع ي ض ر ب ف ت ي ف ع ل ك ر م ن ب ت ن ح ت و ص ف	kw:character(81.1697); kw:virtue(74.8331); kw:generosity(60.8194); kw:disposition(57.9151); kw:nature(46.2124); kw:temperament(38.0487); kw:honor(34.4119); kw:psychology(33.4095)	خ ل ق:B004:السجية والطبيعة الباطنة → ض ر ب:B009:السجية المضروبة
C867	0.6469	color / contrast / whiteness / appearance	12	10	12	12	0.05648453	0.1875	1.0	0.8333	6,7,10,15,24,46,48,49,64,65,137,177	ب ي ض خ ر ج س ح ر ش ر ب ش ط ن ش ه ب ص ب ح ط ر ف ك و ك ب و ق ف	kw:color(133.1446); kw:contrast(71.5238); kw:whiteness(35.9982); kw:appearance(32.3327); kw:dye(27.9929); kw:extremity(27.7169); kw:pattern(24.503); kw:bleaching(18.4636)	ش ه ب:B001:بياض تخالطه ظلمة → ب ي ض:B001:البَياض والابيضاض
C868	0.6468	neck / collar / craft_material_built/ornament_beauty / necklace	16	12	15	16	0.05851106	0.1584	1.0	0.9375	21,34,42,46,48,62,63,64,77,98,102,103,134,138,146,158	ت ل ل ج ع ل ج م ع خ ر ج خ ي ر ش ر ب ع ق ل ف ص ل ف ع ل ق ص ر ق ط ن ك ر م	kw:neck(59.8663); kw:collar(57.5595); theme:craft_material_built/ornament_beauty(47.457); kw:necklace(46.5929); kw:generosity(36.4916); kw:vine(30.7655); theme:condition_force_change/control_restraint(30.7413); kw:shortness(28.6095)	ف ع ل:B002:فَعال الخلق → خ ي ر:B005:الكرم والهبة
C869	0.6466	palm / agriculture_food/plant_vegetation / plant / sapling	24	14	17	30	0.05496448	0.2256	0.9333	0.6	7,8,22,42,48,54,55,62,63,64,65,66,71,76,77,84,91,98,102,103,113,115,146,158	ء ك ل ت ل ل ج ع ل ح ش ر ذ ر ر ش ج ر ش ي ء ط ل ع ق ص ر ق ل ب ك ث ر ك ر ب ك ر م ك ل ل	kw:palm(79.6046); theme:agriculture_food/plant_vegetation(77.982); kw:plant(60.266); kw:sapling(49.5059); kw:botany(47.5448); kw:tree(45.2608); kw:shoot(43.1696); kw:shortness(42.9143)	ح ش ر:B007:قشرة داخلية للحبة → ق ص ر:B012:بقايا الحب والقشر
C870	0.6466	thickness / stoutness / strength / shortness	18	10	11	12	0.05326324	0.2222	1.0	0.6667	7,8,11,12,26,29,30,37,48,63,76,77,98,103,115,116,158,173	ب ل ل ت ل ل ج ب ن ج ع ل ش د د ع ل و غ ل ب ق ص ر ك ر ب ك ل ل	kw:thickness(67.1951); kw:stoutness(64.2228); kw:strength(56.6699); kw:shortness(42.9143); kw:physique(30.4895); theme:time_measure_quantity/measurement(30.054); kw:body(29.0672); kw:stature(27.3357)	ك ل ل:B008:الكُلْكُل قصر وغلظ → ج ع ل:B012:قصر مع سمن ولجاج
C871	0.6462	permanence / persistence / stability / condition_force_change/stability_endurance	21	10	12	13	0.05809212	0.2063	1.0	0.6923	5,9,11,24,31,37,52,57,61,84,87,99,100,105,113,126,144,149,157,180,182	ب ر ك ح ق ق ر ب ب ص د ق ل ب ث ل ز ب م ث ل و ص ب و ق ف و ه ب	kw:permanence(54.9176); kw:persistence(38.2751); kw:stability(37.0293); theme:condition_force_change/stability_endurance(34.0779); kw:obligation(33.8345); kw:fixity(33.004); kw:duty(32.5328); kw:perseverance(31.7301)	و ص ب:B001:دوام الشيء ولزومه → و ه ب:B007:دوام الشيء وثباته
C872	0.6461	elevation / conquest / rise / dominance	19	10	17	25	0.06514787	0.2049	0.96	0.68	5,6,8,30,55,85,90,97,98,102,112,115,116,118,124,164,173,174,178	س ف ل س م و س و ي ص ب ر ع ل و غ ل ب ق و م ل ق ي ن ب و و ل ي	kw:elevation(47.1969); kw:conquest(45.7343); kw:rise(43.4363); kw:dominance(40.8244); kw:ascent(39.4154); kw:height(37.0293); kw:overhead(34.884); kw:posture(33.7797)	س م و:B001:العلو والارتفاع → ع ل و:B001:السمو والارتفاع
C873	0.646	encounter / observation / sight / gaze	30	13	17	22	0.06653744	0.1679	0.9545	0.6818	14,19,24,27,28,44,45,48,50,55,57,71,73,77,88,90,94,97,102,105,113,117,127,148,157,158,174,175,178,179	ء ت ي ب ص ر ب ق ي ح ض ر ح ي ن ر ء ي س ء ل ع ي ن ق ب ل ل ق ي ن ظ ر ن ف س و ل ي	kw:encounter(79.4023); kw:observation(73.347); kw:sight(56.8924); kw:gaze(54.9176); kw:opposition(54.2007); kw:visibility(50.5848); theme:cognition_perception/perception(49.4142); kw:facing(48.1671)	ر ء ي:B001:رؤية العين والبصيرة → ب ص ر:B001:إبصار العين
C874	0.6459	display / death / illness / madness	18	9	14	15	0.05625776	0.1765	1.0	0.8667	10,14,16,28,36,43,53,55,57,58,59,70,93,102,105,127,145,158	ج ن ن ح ض ر خ ط ف ر ء ي ع ر ي م و ت ن و م ه ر ع ي م ن	kw:display(69.6314); kw:death(67.1308); kw:illness(63.231); kw:madness(59.5205); kw:seizure(52.3699); kw:corpse(47.5952); kw:pretense(47.5952); theme:body_health_life/mortality_death(45.4969)	خ ط ف:B006:اختطاف العقل → ج ن ن:B006:ستر العقل بالجنون
C875	0.6459	decay / wear / textile / fraying	25	11	14	15	0.06477794	0.1705	1.0	0.6667	11,12,16,26,29,30,37,48,53,58,59,66,85,96,102,106,115,118,124,125,141,144,145,150,164	ب ط ن ب ل ل ب ل و ب ل ي خ ل ق س ه م ق ص ر ق و م م و ت ن ب ذ ن و م	kw:decay(82.5946); kw:wear(55.7051); kw:textile(39.5309); kw:fraying(34.1547); kw:demand(32.1114); kw:market(29.1436); kw:stillness(27.4588); kw:water(25.4212)	ب ل و:B001:البلى والاهتراء → ب ل ي:B001:البلى والخلق من الاستعمال
C876	0.6458	road / path / guidance / vision	29	16	17	25	0.0609561	0.1852	1.0	0.6	7,14,19,23,24,33,39,41,43,45,48,55,57,61,73,75,79,87,88,96,102,105,112,118,158,164,170,180,182	ح ف ظ ر ء ي ش ر ك ش ي ء ص ر ط ع ز ز ع ل م ع م ل ع ي ن ن ب ء ن ب و ن ج م ن س ب ن ظ ر ن ع م و ق ف	kw:road(91.6474); kw:path(74.8331); kw:guidance(53.5428); kw:vision(46.8248); kw:journey(36.2398); kw:banner(33.004); kw:navigation(32.081); kw:track(29.7602)	ن ب ء:B007:الطريق الواضح والأرض السهلة → ن ب و:B005:الطريق والطريق الهادي
C877	0.6458	arrival / migration / approach / alien	16	8	13	17	0.05371834	0.2537	1.0	0.6471	5,25,28,43,57,75,86,112,116,117,136,137,151,157,172,177	ء ت ي ء ر ض ء ف ك د م ر ص ب ح ن ب ء ن ص ر ن ع م	kw:arrival(49.3724); kw:migration(49.2484); kw:approach(36.9363); kw:alien(35.7766); kw:foreigner(34.884); kw:coming(33.5381); kw:stranger(33.004); kw:outsider(31.3821)	ء ت ي:B003:مأتى الأمر وتهيؤه → ن ع م:B011:موافقة المكان وطيب المقام
C878	0.6457	decay / production / wear / creation	25	10	15	19	0.05880003	0.1919	1.0	0.6842	8,11,12,16,21,26,29,30,37,53,58,59,63,66,77,96,98,99,102,106,125,127,150,152,158	ب ل ل ب ل و ب ل ي ج ع ل خ ل ق ذ ه ب ك ذ ب م ل ء م و ت ن و م	kw:decay(82.5946); kw:production(58.2873); kw:wear(55.7051); kw:creation(41.3787); kw:textile(39.5309); kw:making(34.884); kw:fraying(34.1547); kw:origination(31.7301)	ب ل و:B001:البلى والاهتراء → ب ل ي:B001:البلى والخلق من الاستعمال
C879	0.6457	household / presence / burden / availability	22	11	12	11	0.05756648	0.1692	1.0	0.8182	7,8,17,55,59,61,71,76,90,97,100,102,125,126,134,137,149,153,168,174,177,178	ء ه ل ء و ل ب ع ل ب ن ي س و ي ص ب ح ع ل و ك ل ل م ث ل و ل ي و ه ب	kw:household(71.6847); kw:presence(40.6505); kw:burden(35.1871); kw:availability(33.004); kw:dependent(31.3821); kw:settlement(30.9257); kw:conquest(30.4895); kw:kinship(28.5725)	ع ل و:B004:الغلبة والاستيلاء → س و ي:B003:علو واستقرار على شيء
C880	0.6456	reproduction / sexuality / body_health_life/reproduction_birth / pregnancy	29	17	17	22	0.06058221	0.1618	0.9091	0.7727	5,6,10,14,28,31,37,55,63,66,68,76,77,93,97,98,101,102,105,106,115,117,134,137,144,157,158,176,177	ء ت ي ب ط ن ب ل و ب ل ي ث ق ب ج ع ل ج م ع ح ق ق ر ء ي ر ج ع س م و ص ب ح ض ر ب ع ج ل غ ل م ك ر ب ل ق ي	kw:reproduction(81.5892); kw:sexuality(74.5708); theme:body_health_life/reproduction_birth(68.2255); kw:pregnancy(64.8028); kw:fertility(63.8376); kw:mating(55.7051); kw:husbandry(45.1864); kw:camel(37.0667)	ب ل و:B005:بلية القبر والراحلة → ب ل ي:B006:البلية ناقة القبر الجاهلية
C881	0.6456	oath / pledge / swearing / testimony	17	8	11	9	0.05942616	0.1837	1.0	0.8889	8,14,23,28,48,63,91,93,94,99,102,106,140,144,147,148,162	ء ل ي ء ي ي ب ل و ب ل ي ص ب ر ف ت ن ق ص ر ي م ن	kw:oath(82.0071); kw:pledge(56.2768); kw:swearing(48.1671); kw:testimony(39.8493); kw:vow(32.1114); kw:ritual(29.3803); kw:commitment(28.1384); kw:burial(27.1003)	ب ل و:B004:إبلاء العذر واليمين → ب ل ي:B005:إبلاء اليمين عرضها للاطمئنان أو الاختبار
C882	0.6455	sanctity / honor / conflict_security/protection_security / governance	21	8	10	8	0.05298055	0.1905	1.0	0.875	7,14,16,23,30,31,37,53,55,60,76,85,99,102,105,106,107,115,118,124,164	ب ل و ح ف ظ ح ق ق ر ء ي ع ظ م ق و م ه د ي و ق ي	kw:sanctity(46.5929); kw:honor(45.8825); theme:conflict_security/protection_security(42.4901); kw:governance(33.7797); kw:guardianship(30.2314); kw:stewardship(28.9576); kw:covenant(27.5858); kw:preservation(25.8369)	ح ف ظ:B001:مراعاة الشيء وحراسته → ق و م:B004:رعاية وحفظ وولاية
C883	0.6454	relation / space / comparison / similarity	17	10	13	14	0.0558442	0.1867	1.0	0.7857	5,15,21,24,34,55,61,90,97,102,106,113,117,156,158,174,178	ب ي ن س و ي ف ص ل ف ع ل ل ق ي م ث ل ن س ب ن ف س و ق ف و ل ي	kw:relation(68.8237); kw:space(42.0421); kw:comparison(38.3916); kw:similarity(30.7655); kw:mathematics(30.4895); kw:middle(30.2314); theme:kinship_society/social_relations(29.6969); kw:equivalence(29.1436)	س و ي:B001:مساواة ومعادلة بين شيئين → م ث ل:B001:المماثلة والنظير
C884	0.6453	ugliness / ethics / virtue / forgery	21	12	16	20	0.05684987	0.177	1.0	0.85	5,7,8,11,30,34,55,61,64,65,66,85,96,102,115,118,124,125,150,164,177	ء ر ض خ ر ج خ ل ق س م ع س و ء س و ي ش ط ن ش ي ء ف ع ل ق و م م ث ل م ل ء	kw:ugliness(60.4627); kw:ethics(43.9026); kw:virtue(37.4165); kw:forgery(35.7766); kw:disfigurement(34.884); kw:invention(33.004); kw:representation(30.7655); theme:emotion_ethics/deception_corruption(30.4376)	خ ل ق:B007:اختلاق الكذب والكلام → ف ع ل:B004:افتعال مختلق
C885	0.6453	binding / rope / fastening / strength	13	12	14	12	0.06050784	0.1348	1.0	1.0	7,11,46,65,76,90,92,102,115,137,138,148,150	ء م ر د ب ر ش د د ش ر ب ش ط ن ع ق ل ك ر ب م ت ع م ر د م ر ر م ل ك ن ط ق	kw:binding(63.9861); kw:rope(63.0508); kw:fastening(42.434); kw:strength(34.002); kw:twisting(32.5328); kw:reinforcement(30.2314); kw:tether(29.3388); kw:knot(28.4462)	ش ط ن:B002:الحبل الطويل والشد → م ر ر:B005:إحكام فتل الحبل
C886	0.6452	bird / animal_life/wildlife / egg / ostrich	22	11	15	20	0.05880797	0.2105	1.0	0.7	27,36,43,46,49,50,57,63,67,75,77,78,98,108,113,119,127,129,150,153,158,176	ء ن ث ب ر ك ب ع ض ب ي ض ت ر ك ج ع ل ح ض ر ح م م ص ف و ع ج ل ن ع م	kw:bird(70.3743); theme:animal_life/wildlife(49.2922); kw:egg(46.1482); kw:ostrich(45.3471); kw:reproduction(40.7946); theme:body_health_life/reproduction_birth(36.1194); kw:whiteness(35.9982); kw:helmet(34.1547)	ت ر ك:B008:بيضة متروكة وما يشبهها → ب ي ض:B003:البَيْضة وبيض الطائر
C887	0.6452	knowledge / epistemology / cognition_perception/knowledge_learning / discernment	41	14	16	19	0.05692467	0.161	1.0	0.6842	8,14,15,18,20,28,29,31,35,36,37,41,51,52,54,55,56,70,79,85,87,89,91,95,97,99,102,105,112,124,138,151,154,157,158,164,167,170,175,179,182	ء ث ر ء م ر ب ص ر ح ق ق ح ك م ر ء ي س م ع ش ع ر ص د ق ظ ن ن ع ق ل ع ل م ق و ل ن ب ء	kw:knowledge(100.8548); kw:epistemology(83.1508); theme:cognition_perception/knowledge_learning(47.0101); kw:discernment(46.5929); kw:reason(44.6404); kw:belief(42.434); kw:judgment(42.2961); theme:cognition_perception/proof_uncertainty(33.6285)	ع ل م:B002:أثر يميز الشيء ويهدي إليه → ء م ر:B005:العلامة والموعد
C888	0.6452	plain / smoothness / land_water_sky/terrain_desert / geology	37	15	16	18	0.05604551	0.1513	1.0	0.7778	1,5,8,11,15,30,31,55,57,66,75,76,84,87,96,99,100,102,103,106,113,115,117,125,126,134,144,145,149,150,153,156,158,165,170,180,182	ب ط ن ب ي ن ج ب ن ج و ب خ ل ق ر ب ب س و ي ص ب ر ص ف ف ص ف و ط غ و ع ر ي ق ذ ف ك ف ر ن ج و	kw:plain(54.4326); kw:smoothness(51.8423); theme:land_water_sky/terrain_desert(51.2225); kw:geology(47.0087); kw:geography(44.2507); kw:terrain(43.1677); kw:landscape(41.4171); kw:expanse(40.8244)	ر ب ب:B008:رباب السحاب → ص ب ر:B010:سحاب أبيض متراكم
C889	0.6452	decay / textile / wear / shortness	28	12	15	15	0.06126409	0.1515	1.0	0.8667	7,8,11,16,23,48,53,58,59,63,66,77,90,91,94,96,98,99,102,106,125,140,144,146,147,148,150,158	ء ل ي ب ط ن ب ل و ب ل ي ج ع ل خ ل ق د ب ر ق ص ر ق ط ن ك ل ل م و ت ن و م	kw:decay(82.5946); kw:textile(59.2963); kw:wear(55.7051); kw:shortness(42.9143); kw:cloth(36.3226); kw:fraying(34.1547); kw:material(28.2385); kw:thickness(26.8781)	ب ل و:B001:البلى والاهتراء → ب ل ي:B001:البلى والخلق من الاستعمال
C890	0.6452	fatigue / enjoyment / slave / slavery	37	10	13	11	0.05282605	0.1486	1.0	0.9091	4,22,23,30,35,36,40,46,56,70,74,81,85,86,90,91,95,96,102,111,115,118,122,124,126,128,132,140,148,152,159,160,161,164,169,171,182	ء ب ق ء ث ر ء ل ه ب ل غ د ب ر ش ر ب ع ب د ق و م م ت ع ن ح ت	kw:fatigue(39.0107); kw:enjoyment(32.5328); kw:slave(31.3821); kw:slavery(31.0619); kw:freedom(28.2893); kw:exhaustion(26.2769); kw:erosion(26.185); kw:possession(24.4437)	ء ل ه:B001:التعبد والمعبود → ع ب د:B004:التعبيد والاستعباد
C891	0.6451	body_health_life/reproduction_birth / reproduction / birth / womb	23	15	17	32	0.05665869	0.2406	0.9062	0.5625	3,9,15,16,21,33,36,38,43,44,53,58,59,66,68,113,134,138,144,150,152,158,176	ء ن ث ب ط ن ت ل و ج م ع ج ن ن ر ج ع س ح ر س ر ر ش ه د ع ذ ب ع ق ل ف ص ل م و ت ن ف س و ل د	theme:body_health_life/reproduction_birth(116.3847); kw:reproduction(101.9865); kw:birth(74.2476); kw:womb(53.335); kw:mother(45.7343); kw:pregnancy(38.8817); kw:belly(38.1608); kw:afterbirth(35.7766)	ن ف س:B005:خروج الولد ودم النفاس → ش ه د:B006:الخارج عند الولادة والإدراك
C892	0.645	sound / voice / disaster / tyranny	13	13	17	24	0.0612554	0.186	1.0	0.7917	2,5,6,8,19,30,34,67,68,75,95,104,112	ج ر م ح م م ر ج ع ز ج ر س م ع س م و ط غ و ط غ ي ع ل و ن ب ء ن ح ت ن د و ن د ي	kw:sound(82.1996); kw:voice(62.3609); kw:disaster(35.6904); kw:tyranny(34.884); theme:cognition_perception/perception(32.9428); kw:disobedience(32.1114); theme:language_communication/communication(31.496); kw:surge(31.3821)	ط غ ي:B001:مجاوزة الحد في العصيان → ط غ و:B001:مجاوزة الحد في العصيان
C893	0.6449	victory / power / conquest / dominance	25	12	17	25	0.06289775	0.2	0.96	0.68	5,6,8,28,30,35,39,54,55,65,80,90,105,110,116,117,121,125,131,156,157,173,174,178,180	ء ت ي ب ع ل ج ز ي س ل ط س م و س و ي ط ل ع ع ز ز ع ل و غ ل ب ك ب ر و ل ي	kw:victory(83.1508); kw:power(65.5548); kw:conquest(60.9791); kw:dominance(54.4326); kw:ascent(52.5539); kw:competition(46.0458); kw:elevation(35.3977); kw:burden(35.1871)	س م و:B001:العلو والارتفاع → ع ل و:B001:السمو والارتفاع
C894	0.6449	description / circumstance / attribute / craft_material_built/architecture_construction	22	10	14	15	0.05424958	0.1744	1.0	0.8667	1,7,8,17,48,49,59,61,62,64,71,93,97,102,126,146,149,153,159,165,168,180	ء و ل ب ن ي ش ج ر ص ف ف ض ر ب ق ص ر ك ل ل ك ن ن م ث ل و ص ف	kw:description(56.2768); kw:circumstance(33.004); kw:attribute(32.1114); theme:craft_material_built/architecture_construction(31.6025); kw:canopy(31.0619); kw:representation(30.7655); kw:design(29.9889); kw:building(28.7797)	م ث ل:B004:المثل صفة وخبر → و ص ف:B001:إظهار الشيء بحليته ونعته وصفته
C895	0.6448	agriculture_food/food_nutrition / sustenance / swelling / nourishment	17	10	13	15	0.05414334	0.2083	1.0	0.8	15,22,31,38,39,41,61,66,91,96,97,102,112,142,144,149,153	ء ك ل ب ط ن ب ن ي ح ش ر ذ و ق ر ز ق س ح ر ع م ل ل ق م ن ب و	theme:agriculture_food/food_nutrition(71.7039); kw:sustenance(53.9753); kw:swelling(39.5566); kw:nourishment(38.6317); kw:morsel(32.1114); kw:cuisine(29.1436); kw:eating(29.1436); kw:meal(28.4462)	ر ز ق:B002:القوت المتغذى به → ء ك ل:B003:النصيب والرزق المطعوم
C896	0.6447	eye / sunrise / envy / light	21	11	17	29	0.05946201	0.2339	0.8621	0.6897	5,14,30,45,48,54,55,65,77,82,85,86,98,102,105,113,115,118,124,141,164	د ح ض ذ ر ر ر ء ي ر و د ش ر ق ط ر ف ط ل ع ع ي ن غ ر ق ق و م ن ف س	kw:eye(83.8128); kw:sunrise(51.232); kw:envy(50.3071); kw:light(44.7539); kw:sight(42.6693); theme:cognition_perception/perception(39.5314); kw:vision(35.1186); theme:land_water_sky/sky_astronomy(31.7406)	ع ي ن:B004:الإصابة بالعين → ن ف س:B003:إصابة العين بالنفس
C897	0.6447	body_health_life/reproduction_birth / birth / afterbirth / reception	22	11	15	20	0.05608613	0.2	1.0	0.7	9,27,33,36,38,43,44,50,57,59,71,90,94,97,101,113,127,145,150,152,158,176	ج ن ن ح ض ر د ب ر ش ه د ع ذ ب غ ل م ق ب ل ل ق ي ن ب ذ ن ف س و ل د	theme:body_health_life/reproduction_birth(68.2255); kw:birth(61.873); kw:afterbirth(53.6648); kw:reception(48.1671); kw:child(42.434); kw:childhood(41.3787); kw:reproduction(40.7946); kw:opposition(40.6505)	ق ب ل:B001:مواجهة الشيء للشيء → ل ق ي:B004:توافي شيئين متقابلين
C898	0.6447	cognition_perception/cognition / secret / admiration / knowledge	34	12	14	14	0.06044668	0.1573	1.0	0.7143	12,15,18,20,21,28,29,31,35,36,43,44,49,51,52,54,56,66,85,89,91,95,97,99,102,113,124,127,135,144,151,152,158,167	ب ط ن ج ن ن س ر ر ش ي ء ص ب ر ع ج ب غ ب ر ق و ل ك ب ر ك ذ ب ك ن ن ن ف س	theme:cognition_perception/cognition(48.6933); kw:secret(47.5952); kw:admiration(46.5929); kw:knowledge(44.8244); kw:interior(40.4815); kw:secrecy(38.5105); kw:psychology(33.4095); kw:concealment(32.7774)	ع ج ب:B003:حسن الشيء في العين → ش ي ء:B005:انجذاب النفس إلى الشيء
C899	0.6447	benefaction / oath / favor / service	44	11	14	14	0.05441933	0.1591	1.0	0.7143	8,12,15,17,18,20,23,26,28,29,30,31,35,36,37,51,52,54,56,59,69,71,85,89,90,91,94,95,97,99,102,106,114,124,126,140,144,147,148,151,167,168,174,178	ء ل ي ء و ل ب ل ل ب ل و ب ل ي ج ن ب ق و ل ل ف ي ل ق ي م ن ن و ل ي	kw:benefaction(43.7155); kw:oath(41.0035); kw:favor(40.8244); kw:service(40.6505); kw:swearing(32.1114); kw:discovery(29.7602); kw:experience(28.9576); kw:priority(28.4462)	ب ل و:B003:البلاء بالحسن والصنيع الجميل → ب ل ي:B003:الإبلاء الحسن صنيع مشهود
C900	0.6447	color / cooking / grease / fat	21	12	13	12	0.06047655	0.1558	1.0	0.8333	1,5,34,40,67,70,74,75,76,101,104,112,128,134,137,141,160,163,165,169,177	ء ث ر ء ه ل ب ش ر ج ر م ح م م خ ل ص س ه م ش ر ق ص ب ح ص ف ف ص ل ي ن د ي	kw:color(61.4513); kw:cooking(50.8811); kw:grease(43.1696); kw:fat(40.1571); kw:drying(33.004); kw:tallow(32.5328); kw:complexion(29.1436); theme:craft_material_built/substance_texture(28.8336)	ح م م:B003:ذوبان الإهالة والشحم → ء ه ل:B006:الإهالة المذابة
C901	0.6446	creation / ugliness / existence / production	36	12	16	21	0.05453108	0.1858	1.0	0.7143	7,8,11,16,21,22,28,29,30,32,35,39,51,53,57,61,63,65,66,73,77,96,98,102,113,116,125,141,143,150,152,157,158,167,169,177	ج ع ل خ ل ق س م ع س و ء ش ط ن ش ي ء ك و ن م ث ل م ل ء ن ف س و ج د و ل د	kw:creation(68.9644); kw:ugliness(60.4627); kw:existence(60.4627); kw:production(58.2873); kw:virtue(49.8887); kw:disfigurement(34.884); kw:making(34.884); kw:character(34.787)	ج ع ل:B001:إحداث الشيء وصنعه → و ج د:B002:ثبوت الشيء في الوجود
C902	0.6446	disease / body_health_life/health_medicine / recovery / health	23	14	14	13	0.05395272	0.1429	1.0	0.9231	12,26,29,30,37,49,61,67,68,84,85,89,95,97,98,106,115,118,124,138,141,145,164	ب ل ل ب ل ي ح م م ر ج ع س ف ل س ق م س ه م ع ق ل ق ل ب ق و م ك ن ن ل ق ي م ث ل ن ح ت	kw:disease(92.0915); theme:body_health_life/health_medicine(61.4352); kw:recovery(53.9753); kw:health(47.893); kw:ailment(44.0082); theme:body_health_life/disease_injury(42.2702); kw:leg(39.5566); kw:erosion(39.2775)	م ث ل:B012:التماثل من العلة → ب ل ل:B003:الإبلال من المرض
C903	0.6446	hostility / physiology / sample / signification	14	10	10	8	0.05156149	0.1778	1.0	0.875	6,23,30,55,61,64,68,87,95,97,98,135,156,163	ج ح م س ف ل س ل ط ط غ و ظ ن ن غ ب ر ك و ك ب ك ي د م ث ل ن ح ت	kw:hostility(27.2163); kw:physiology(23.4124); kw:sample(19.2746); kw:signification(19.2746); kw:brazenness(19.2746); kw:immodesty(19.2746); kw:emesis(18.4636); kw:shamelessness(18.4636)	ظ ن ن:B007:ظنين معاد → غ ب ر:B008:الحقد
C904	0.6445	selection / eye / choice / excellence	20	11	17	28	0.05895814	0.2333	0.8929	0.7143	14,30,45,48,55,61,62,67,70,85,86,98,102,105,113,115,118,124,138,164	ء ث ر ح م م خ ي ر ر ء ي ر و د ط ر ف ع ق ل ع ي ن ق و م م ث ل ن ف س	kw:selection(68.9644); kw:eye(59.8663); kw:choice(54.4326); kw:excellence(53.5428); kw:elite(44.6404); theme:cognition_perception/perception(42.8257); kw:sight(42.6693); kw:gaze(41.1882)	ع ي ن:B013:عين الشيء نفسه → ن ف س:B012:عين الشيء وذاته
C905	0.6445	mixture / milk / agriculture_food/food_nutrition / food	36	16	17	24	0.05727875	0.1778	1.0	0.625	5,10,11,17,31,37,46,49,57,59,62,67,71,72,82,84,87,93,99,100,103,123,126,127,133,139,147,149,150,158,168,171,177,180,181,182	ء و ل ب ي ض ج ب ن ح ض ر ذ ه ب ر ب ب ر س ل ش ر ب ش ه ب ش ه د ش و ب ض ر ب ع ز ز غ ر ق ل ز ب ن ز ل	kw:mixture(62.033); kw:milk(57.4546); theme:agriculture_food/food_nutrition(50.1927); kw:food(44.555); kw:honey(44.0082); kw:sweetness(41.5754); kw:dairy(36.6655); kw:admixture(34.884)	ل ز ب:B003:الشدة والضيق والقحط → ع ز ز:B008:الشدة في السنة والمطر والسيل
C906	0.6444	summons / call / voice / language_communication/communication	14	9	14	16	0.0572877	0.1882	1.0	0.8125	12,14,16,46,53,60,75,76,102,103,104,107,115,125	ء ي ي ت ل ل د ع و ش ر ب ش ي ء ع ج ب ع ظ م ن د و ن د ي	kw:summons(59.9777); kw:call(41.0035); kw:voice(37.4165); theme:language_communication/communication(34.9956); kw:exclamation(33.5381); kw:lament(33.004); kw:astonishment(33.004); kw:deixis(31.7301)	ن د و:B002:الصوت المرفوع والنداء → ن د ي:B001:رفع الصوت والنداء
C907	0.6444	ritual_belief/belief_revelation / theology / revelation / monotheism	41	14	15	16	0.0548516	0.1538	1.0	0.75	4,16,19,21,22,26,28,29,30,32,33,35,39,51,53,57,62,73,79,84,87,103,109,112,113,116,120,125,130,141,143,157,159,163,166,167,169,170,177,180,181	ب ر ك د ع و س ب ح س ل م س و ء ش ر ك ص ل ي ظ ن ن ك ف ر ك و ن ن ب ء ن ز ل ن ف س و ح د	theme:ritual_belief/belief_revelation(73.6294); kw:theology(44.0082); kw:revelation(41.7788); kw:monotheism(35.7766); kw:transcendence(35.7766); kw:purity(35.6904); kw:religion(32.5067); kw:judgment(31.722)	ب ر ك:B004:خير ثابت نام وبركة → ص ل ي:B002:الدعاء والبركة والرحمة
C908	0.6443	virtue / nobility / generosity / honor	32	13	17	28	0.05826742	0.2222	0.8929	0.6429	9,11,22,33,34,38,40,42,48,59,61,62,70,74,75,81,85,90,95,102,104,111,122,128,132,138,149,160,161,169,171,176	ء ث ر خ ي ر د ب ر ط ر ف ع ب د ع ذ ب ع ق ل ف ت ي ف ع ل ك ر م م ث ل ن د و ن د ي	kw:virtue(99.7774); kw:nobility(89.8577); kw:generosity(72.9832); kw:honor(57.3531); kw:status(52.7419); kw:kinship(47.6209); kw:lineage(43.3422); kw:magnanimity(35.7766)	ن د و:B007:تنزع الناقة في النسب إلى أصل كريم → ن د ي:B010:نزوع في النسب إلى أصل كريم
C909	0.6443	joining / assembly / time_measure_quantity/quantity_number / binding	22	12	15	22	0.06180532	0.2222	0.9091	0.6364	7,8,22,23,27,46,50,51,66,69,91,94,99,117,134,140,144,147,148,157,175,179	ء ل ف ء ل ي ب ص ر ب ع ض ج م ع ح ش ر ش ر ب ق ر ن ك ت ب ك ل ل ل ف ي م ل ء	kw:joining(70.346); kw:assembly(52.7421); theme:time_measure_quantity/quantity_number(47.0877); kw:binding(38.3916); kw:crowd(38.2751); kw:attachment(37.1238); kw:pairing(34.1547); kw:community(33.7254)	ج م ع:B001:ضم المتفرق حتى يصير شيئا مجموعا → ء ل ف:B002:ضم الشيء إلى الشيء والتأليف
C910	0.6443	time_measure_quantity/sequence_cycle / priority / beginning / precedence	36	15	17	21	0.05824299	0.1567	1.0	0.7143	5,6,15,17,23,27,36,43,44,48,50,59,70,71,73,78,82,90,94,99,106,108,113,117,118,119,126,129,135,136,156,158,168,171,174,178	ء ث ر ء خ ر ء و ل ب ي ن ج ن ن د ب ر د ن و س ب ق ع ج ز ع ق ب ع ن د غ ب ر ق ب ل ه د ي و ل ي	theme:time_measure_quantity/sequence_cycle(62.0037); kw:priority(56.8924); kw:beginning(53.9753); kw:precedence(41.1882); kw:proximity(36.1582); kw:sequence(35.2565); kw:relation(34.4119); kw:initiative(33.5381)	ع ق ب:B006:آخر الشيء وعاقبته → د ب ر:B002:آخر الشيء ومضي عاقبته
C911	0.644	darkness / cycle / time / night	24	13	17	24	0.05871034	0.1832	1.0	0.7083	11,15,27,36,43,44,50,71,73,78,82,90,94,108,119,129,135,136,137,138,149,158,170,177	ء خ ر ج ن ن د ب ر س ح ر س ر ر ص ب ح ع ج ز ع ق ب غ ب ر ف ت ي ق ب ل ك ف ر ل ي ل	kw:darkness(62.8738); kw:cycle(60.9633); kw:time(54.0886); kw:night(46.9162); kw:end(43.4363); kw:dawn(42.434); kw:residue(37.9386); kw:sequence(35.2565)	ع ق ب:B006:آخر الشيء وعاقبته → د ب ر:B002:آخر الشيء ومضي عاقبته
C912	0.6439	limit / abstention / restraint / attainment	36	13	17	25	0.05960004	0.1984	1.0	0.6	8,9,23,24,26,33,36,38,48,59,78,79,84,86,91,93,94,99,102,103,108,109,119,120,129,130,135,140,144,147,148,151,154,176,181,182	ء ف ك ء ل ي ب ل غ ت ر ك ح ك م ح م د د و ن س ل م ض ر ب ع ج ز ع ذ ب ق ص ر و ق ف	kw:limit(53.7561); kw:abstention(45.7343); kw:restraint(43.7032); kw:attainment(42.434); kw:withdrawal(39.7012); kw:prevention(38.8817); theme:condition_force_change/capacity_ability(38.5902); kw:completion(37.7243)	ق ص ر:B006:الغاية وما يقتصر عليه → ح م د:B004:حماداك الغاية المحمودة
C913	0.6438	spirit / ritual_belief/belief_revelation / kinship_society/household_community / haunting	32	13	15	17	0.06257564	0.165	0.9412	0.7059	5,7,10,14,27,28,31,36,43,44,50,55,57,65,71,83,84,87,93,94,99,100,102,105,126,127,134,149,158,173,180,182	ء ر ض ت ب ع ج م ع ج ن د ج ن ن ح ض ر ر ء ي ر ب ب ش ط ن ش ي ع ق ب ل م ر د ي م ن	kw:spirit(59.5205); theme:ritual_belief/belief_revelation(46.5028); theme:kinship_society/household_community(43.7498); kw:haunting(38.5491); kw:wickedness(35.7766); kw:demonology(34.884); kw:supernatural(33.5381); kw:defiance(33.004)	ش ط ن:B004:الشيطان العاتي المتمرد → م ر د:B003:تجرد من الخير حتى عتا
C914	0.6438	bone / skeleton / body_health_life/anatomy / reptile	29	14	15	14	0.06027968	0.1346	1.0	0.8571	2,16,19,21,22,26,34,36,43,53,60,62,64,76,77,79,84,94,103,107,109,113,115,120,130,142,146,158,181	ء ص ل ت ر ب ج ر م ج ن ن ح ش ر ح و ت ذ ر ر ز ج ر ز ف ف س ل م ش ج ر ع ظ م ف ص ل ق ط ن	kw:bone(64.3861); kw:skeleton(57.219); theme:body_health_life/anatomy(43.4343); kw:reptile(42.9143); kw:joint(41.0035); theme:animal_life/wildlife(40.33); kw:whale(35.7766); kw:sternum(32.5328)	ز ج ر:B003:الزجر من السمك → ح و ت:B001:الحوت من السمك
C915	0.6436	strength / power / firmness / disaster	30	14	17	28	0.05950055	0.2121	0.8929	0.6071	10,11,22,28,40,62,74,76,81,85,93,95,102,103,111,113,115,116,122,128,132,137,150,160,161,169,171,173,177,180	ت ل ل ش د د ش ه ب ع ب د ع ز ز غ ل ب ك ر ب ل ز ب م ر ر م ع ع م ل ك ن ز ل ن ف س ي م ن	kw:strength(79.3379); kw:power(43.7032); kw:firmness(39.1426); kw:disaster(35.6904); kw:severity(35.6159); kw:scarcity(32.7774); kw:stoutness(32.1114); kw:dignity(29.7602)	ش د د:B002:شدة القوة والصلابة → ع ب د:B007:القوة والصلابة
C916	0.6435	ascent / topography / overhead / orientation	10	8	13	18	0.05603075	0.2609	0.8889	0.6667	5,6,8,54,55,62,65,98,141,177	ء ر ض د ح ض س ف ل س م و س و ي ط ل ع ع ل و ن ز ل	kw:ascent(39.4154); kw:topography(39.2775); kw:overhead(34.884); kw:orientation(32.2476); kw:position(30.7655); kw:dominance(27.2163); theme:land_water_sky/sky_astronomy(27.2062); kw:descent(24.271)	ع ل و:B004:الغلبة والاستيلاء → س و ي:B003:علو واستقرار على شيء
C917	0.6435	release / abandonment / configuration / disposal	25	11	14	15	0.06152696	0.1724	1.0	0.7333	9,26,33,36,38,59,77,78,79,84,97,100,103,108,109,113,119,120,125,129,130,135,145,176,181	ب ق ي ت ر ك ذ ر ر س ل م ع ذ ب ع ر ي غ ب ر ل ق ي ن ب ذ و ذ ر و ه ب	kw:release(59.7372); kw:abandonment(54.2007); kw:configuration(38.5491); kw:disposal(33.5381); kw:throwing(33.004); kw:desertion(33.004); kw:calculation(31.7301); theme:condition_force_change/loss_absence(31.2575)	س ل م:B012:تسليم الشيء وتخليته → ت ر ك:B001:التخلية عن الشيء
C918	0.6435	sand / terrain / elevation / mound	17	11	11	9	0.05278977	0.1636	1.0	0.8889	12,21,44,47,73,80,102,105,110,113,121,125,131,135,138,140,170	ء م ر ح س ن س ر ر ع ج ب ع ج ز ع ق ب ع ق ل غ و ل ف ص ل ف ل ك ك ف ر	kw:sand(66.6687); kw:terrain(53.9596); kw:elevation(47.1969); kw:mound(42.2076); kw:geology(35.2565); kw:desert(33.8898); kw:circumstance(33.004); kw:dune(29.7602)	ح س ن:B004:أسماء الحسن للمواضع والأجسام → ع ج ز:B005:رملة أو حبل مرتفع يشبه العجيزة
C919	0.6434	mountain / defense / reason / wall	28	13	15	16	0.05661889	0.1553	0.9375	0.875	8,17,21,43,45,54,55,57,59,65,71,73,75,80,86,102,105,110,113,121,125,126,131,138,151,154,168,170	ء ف ك ء و ل ح س ن ح ك م ص ب ر ط ل ع ط و ف ع ق ب ع ق ل ف ص ل ق ذ ف ك ف ر ن ع م	kw:mountain(61.4078); kw:defense(50.7316); kw:reason(44.6404); kw:wall(44.6404); kw:refuge(39.7012); kw:rampart(36.9273); kw:knowledge(33.6183); kw:terrain(32.3757)	ص ب ر:B017:الجبل ووسطه → ك ف ر:B013:ثنية مستورة
C920	0.6433	knowledge / alliance / cognition_perception/knowledge_learning / secret	30	13	15	13	0.05782318	0.1262	1.0	0.9231	8,21,24,28,30,41,46,54,55,65,66,70,79,85,87,102,112,115,117,118,124,127,134,144,152,157,158,164,170,182	ء ت ي ء ث ر ب ط ن ج م ع ش ر ب ش ي ء ط ل ع ع ل م ق و م ك ذ ب م ل ء ن ب ء و ق ف	kw:knowledge(56.0304); kw:alliance(40.3171); theme:cognition_perception/knowledge_learning(38.4628); kw:secret(31.7301); kw:report(29.1436); kw:cooperation(28.6095); kw:education(26.8781); kw:disclosure(25.4406)	م ل ء:B003:ممالأة على الأمر → ج م ع:B013:ممالأة واجتماع مع غيرك على أمر
C921	0.6433	maturity / attainment / misfortune / completion	18	12	14	13	0.06071448	0.1477	1.0	0.9231	8,11,23,36,55,69,70,78,91,93,99,101,102,108,118,119,129,182	ء م ر ب ل غ ت ر ك ح ل م ح م د ر و غ س م ع س و ي ش د د ل ف ي ه د ي ه ر ع	kw:maturity(52.3699); kw:attainment(42.434); kw:misfortune(39.1426); kw:completion(37.7243); kw:adulthood(34.1547); kw:desire(33.8898); kw:goal(32.1114); theme:body_health_life/life_stage_aging(31.4693)	س م ع:B011:سَمْع لا بَلَغ → ب ل غ:B009:سماع المكروه بلا بلوغ
C922	0.643	misguidance / evil / deviation / rebellion	17	14	17	25	0.05957044	0.188	1.0	0.68	7,15,30,32,48,63,65,69,71,84,86,91,93,103,151,162,168	ء ف ك ت ل ل ر و غ س ح ر ش ط ن ض ل ل ط ر ف ط غ و ط غ ي ع ن د غ و ي ف ت ن ق ل ب م ر د	kw:misguidance(68.3094); kw:evil(66.6687); kw:deviation(53.9753); kw:rebellion(46.5929); kw:error(40.6505); kw:diversion(40.4815); kw:wickedness(35.7766); kw:direction(35.6904)	ط غ ي:B003:الطاغوت رأس الضلالة → ط غ و:B003:الطاغوت رأس الضلالة والطغيان
C923	0.6429	land_water_sky/fire_heat / ignition / fire / worthiness	45	16	17	19	0.05998078	0.1407	0.9474	0.7368	7,11,15,16,18,20,23,28,29,31,35,36,51,52,53,54,55,56,60,64,66,68,76,83,85,89,91,95,96,97,98,99,102,107,113,115,124,125,134,137,150,151,163,167,180	ء ك ل ء ه ل ج ح م ح ف ظ خ ل ق ش ي ع ص ب ر ص ل ي ع ز ز ع ظ م ف د ي ق و ل ك ي د م ر ر ن ف س و ق ي	theme:land_water_sky/fire_heat(56.6956); kw:ignition(43.4363); kw:fire(34.1742); kw:worthiness(33.5381); kw:psychology(33.4095); kw:friction(31.3821); kw:fitness(30.4895); kw:thought(30.4895)	ء ك ل:B005:إطعام النار واشتعالها → ش ي ع:B005:تذكية النار بالحطب
C924	0.6429	container / provision / waterskin / supply	19	11	12	13	0.05060046	0.2	1.0	0.7692	8,26,45,46,48,62,79,84,102,103,109,120,130,140,147,148,176,177,181	ب ل غ ز ي د س ل م س م ع ش ح ن ش ر ب ع ج ل ع ل و ع ي ن م ت ع ن ز ل	kw:container(73.1428); kw:provision(56.6699); kw:waterskin(53.5428); kw:supply(45.3471); kw:hospitality(36.7544); kw:handle(30.7655); kw:bucket(28.9576); kw:sustenance(26.9877)	ب ل غ:B003:الكفاية التي يتبلغ بها → م ت ع:B003:شيء ينتفع به في الحوائج والبلاغ
C925	0.6427	body_health_life/reproduction_birth / fertility / pregnancy / reproduction	27	16	17	29	0.05824415	0.2148	0.8276	0.6552	1,3,5,6,10,14,28,31,37,42,43,55,57,66,67,68,75,93,97,102,105,117,144,153,157,165,176	ء ت ي ب ط ن ت ل و ث ق ب ح ق ق ح م م ر ء ي ر ج ع س م و ص ف ف ص ف و ض ر ب ع ج ل ف ك ه ل ق ي ن ع م	theme:body_health_life/reproduction_birth(76.2521); kw:fertility(74.4772); kw:pregnancy(64.8028); kw:reproduction(61.1919); kw:sexuality(53.2649); kw:livestock(47.6591); kw:husbandry(45.1864); kw:mating(41.7788)	ر ء ي:B010:ظهور حمل الناقة أو الشاة → ر ج ع:B013:راجع الناقة وحملها
C926	0.6427	virtue / generosity / reputation / honor	17	14	17	24	0.06005959	0.1805	0.9583	0.75	3,5,6,8,11,13,30,34,42,60,62,95,102,149,155,168,182	ب ل غ ج ن ب ح م د خ ي ر ذ ك ر س ع ي س م ع س م و ط غ و ف ت ي ف ع ل ف و ز ك ر م ن ح ت	kw:virtue(74.8331); kw:generosity(60.8194); kw:reputation(60.2637); kw:honor(57.3531); kw:praise(55.7051); kw:ethics(43.9026); theme:emotion_ethics/ethics_morality(42.78); kw:misfortune(39.1426)	س م ع:B011:سَمْع لا بَلَغ → ب ل غ:B009:سماع المكروه بلا بلوغ
C927	0.6418	separation / division / space_form_boundary/boundary / relation	25	10	12	12	0.05496332	0.1905	1.0	0.75	4,5,15,19,21,22,33,40,48,51,55,74,97,102,106,113,117,128,149,153,156,158,160,168,169	ب ن ي ب ي ن خ ل ص ز و ج س و ي ش ر ك ع ن د ف ص ل ق ر ن و ح د	kw:separation(41.0998); kw:division(36.4916); theme:space_form_boundary/boundary(34.8455); kw:relation(34.4119); kw:distinction(32.5328); kw:solitude(31.0619); kw:detachment(29.3388); kw:isolation(28.6095)	ب ي ن:B001:انفصال الشيء وافتراقه → ف ص ل:B001:إبانة شيء من شيء حتى يظهر الحد بينهما
C928	0.6417	nourishment / ingestion / consumption / water	21	14	17	23	0.06074916	0.1729	0.913	0.7826	5,9,23,31,33,38,46,57,59,62,66,82,91,102,113,118,127,137,142,158,176	ء ك ل ء م ر ح ض ر ذ و ق ز ق م ش ر ب ش ر ق ص ب ر ص ر ط ع ذ ب غ ر ق ل ق م م ر ر ن ف س	kw:nourishment(77.2633); kw:ingestion(62.1239); kw:consumption(60.3997); kw:water(50.8423); theme:agriculture_food/food_nutrition(50.1927); kw:draught(49.5059); kw:bitterness(47.0731); kw:taste(42.9143)	ز ق م:B002:الابتلاع والتلقم → ل ق م:B002:تناول الطعام بالفم
C929	0.6416	mind / knowledge / reason / judgment	31	16	17	26	0.05663649	0.1926	0.9615	0.6154	11,14,23,36,41,43,55,63,70,79,84,86,87,96,99,102,105,113,118,125,138,150,151,154,158,162,164,170,175,179,182	ء ف ك ء م ر ب ص ر ج ن ن ح ك م خ ل ق ر ء ي ص ب ر ظ ن ن ع ق ل ع ل م ف ت ن ق ل ب ن ف س ه د ي ه ر ع	kw:mind(70.346); kw:knowledge(67.2365); kw:reason(59.5205); kw:judgment(52.8701); kw:derangement(50.3071); kw:madness(44.6404); kw:cognition(39.422); theme:cognition_perception/cognition(37.4564)	ج ن ن:B006:ستر العقل بالجنون → ف ت ن:B007:ذهاب عقل ومال
C930	0.6416	emotion_ethics/trust_loyalty / power / creed / community	29	12	13	11	0.05985917	0.1429	1.0	0.8182	8,20,23,25,28,30,37,52,53,83,90,91,93,94,99,102,105,116,140,144,147,148,152,156,157,172,173,174,178	ء ل ي ء م ر ج ن ب ج ن د د ي ن س ل ط ش ي ع ص د ق ن ص ر و ل د و ل ي ي م ن	theme:emotion_ethics/trust_loyalty(47.1003); kw:power(43.7032); kw:creed(34.1547); kw:community(33.7254); kw:support(33.3585); kw:conversion(33.004); kw:authority(31.457); kw:friendship(30.7655)	ن ص ر:B001:النصرة عون وإظهار → و ل ي:B004:محبة ونصرة وموالاة
C931	0.6415	protection / shield / conflict_security/protection_security / screen	12	10	14	16	0.05925831	0.1839	1.0	0.75	7,8,31,36,37,43,49,97,107,124,158,170	ج ن ب ج ن ن ح ف ظ ح ق ق ف د ي ك ف ر ك ل ل ك ن ن ل ق ي و ق ي	kw:protection(79.5815); kw:shield(62.1239); theme:conflict_security/protection_security(57.941); kw:screen(57.5595); kw:cover(51.0335); kw:concealment(43.7032); kw:defense(38.0487); kw:canopy(31.0619)	ج ن ن:B001:الستر والاستتار → ك ن ن:B001:السَّتر الصائن
C932	0.6414	sound / hearing / language_communication/communication / cognition_perception/perception	24	12	17	25	0.05503697	0.1953	1.0	0.72	2,5,6,8,16,19,23,30,34,53,58,59,68,75,91,94,99,102,104,112,140,144,147,148	ء ل ي ب ل غ ج ر م ر ج ع ز ج ر س م ع س م و ش ي ء ط غ و م و ت ن ب ء ن د ي	kw:sound(102.7495); kw:hearing(70.346); theme:language_communication/communication(62.992); theme:cognition_perception/perception(62.5914); kw:audition(50.3071); kw:voice(49.8887); kw:attention(47.3897); kw:listening(47.0731)	س م ع:B011:سَمْع لا بَلَغ → ب ل غ:B009:سماع المكروه بلا بلوغ
C933	0.6414	call / summons / sound / language_communication/communication	17	14	17	18	0.0661461	0.1353	1.0	0.8333	8,11,14,45,68,70,75,83,86,96,98,102,104,112,125,150,177	ء ي ي خ ل ق د ع و ر ج ع ر و د س م ع س و ء ش ي ء ش ي ع ط و ف ن ب ء ن د و ن د ي ه ر ع	kw:call(68.3392); kw:summons(59.9777); kw:sound(51.3748); theme:language_communication/communication(48.9938); kw:ugliness(45.3471); kw:music(41.9894); theme:cognition_perception/perception(39.5314); kw:voice(37.4165)	ن د و:B002:الصوت المرفوع والنداء → ن د ي:B001:رفع الصوت والنداء
C934	0.6413	climate / land_water_sky/weather_climate / weather / cold	23	16	16	23	0.05648901	0.1917	0.9565	0.6522	5,8,10,14,23,34,43,55,57,64,67,68,70,75,93,97,102,105,141,145,153,163,180	ء ر ض ج ح م ج ر م ج ن ب ح م م ر ء ي س ه م ش ه ب ص ب ر ص ف و ض ر ب ع ر ي ع ز ز م ع ع ن ع م ه ر ع	kw:climate(94.7794); theme:land_water_sky/weather_climate(67.1553); kw:weather(56.9182); kw:cold(55.1716); theme:land_water_sky/fire_heat(47.2463); kw:frost(46.1482); kw:temperature(44.9833); kw:tremor(44.0082)	ج ن ب:B006:الجنوب ريح من جهة مخصوصة → ن ع م:B009:النعامى ريح لينة
C935	0.6413	navigation / hardness / transport / land_water_sky/earth_geology	40	12	13	11	0.05372892	0.1429	1.0	0.8182	7,12,14,22,26,40,41,74,79,81,84,85,87,95,102,103,109,111,113,120,122,128,130,132,140,143,152,158,159,160,161,164,166,169,170,171,173,180,181,182	ء م ر ب ر ك ج ن د س ب ح س خ ر س ل م ش ح ن ع ب د ع ل م ف ل ك م ر د و ل د	kw:navigation(42.7746); kw:hardness(37.1238); kw:transport(30.469); theme:land_water_sky/earth_geology(30.3031); kw:infrastructure(26.5662); kw:prosperity(25.5944); kw:stone(23.8439); kw:geology(23.5043)	س ل م:B007:السلام حجارة صلبة → ج ن د:B002:الأرض الغليظة ذات الحجارة
C936	0.6412	sunrise / light / cold / daylight	26	15	17	26	0.05603773	0.194	0.9615	0.6538	5,10,20,21,26,30,35,54,55,65,77,85,102,113,115,118,124,137,138,141,144,145,153,164,177,180	د ح ض ذ ر ر ش ر ق ش ه ب ص ب ح ص ب ر ص ف و ط ل ع ع ر ي ع ز ز ق و م ك ب ر ل ي ل م ع ع ي و م	kw:sunrise(85.3867); kw:light(55.9423); kw:cold(55.1716); kw:daylight(48.7992); kw:severity(47.4879); kw:time(45.0739); kw:dawn(42.434); kw:cycle(36.578)	ش ر ق:B001:طلوع النور من جهة الشرق → ط ل ع:B001:طلوع النير وموضعه
C937	0.6411	suffering / crisis / severity / hardship	16	11	17	26	0.05837671	0.2031	0.9615	0.6923	12,14,16,20,21,26,35,53,60,70,76,102,107,115,144,180	ء ث ر ء م ر ء ي ي ب ل غ ش ي ء ص ب ر ع ج ب ع ز ز ع ظ م ك ب ر ي و م	kw:suffering(56.7647); kw:crisis(51.6738); kw:severity(47.4879); kw:hardship(34.9174); kw:awe(33.5381); kw:greatness(33.5381); kw:astonishment(33.004); kw:marvel(32.1114)	ع ج ب:B001:التعجب من أمر غير مألوف → ء م ر:B006:الأمر العظيم المنكر
C938	0.641	nobility / breeding / kinship / lineage	21	15	17	22	0.05809994	0.1642	0.9091	0.8636	2,6,14,19,28,42,48,51,55,68,75,76,90,93,102,104,105,115,117,157,158	ء ت ي د ب ر د ن و ر ء ي ر ج ع ز ج ر ض ر ب ط ر ف ف ك ه ق ر ن ك ر ب ك ر م ن د و ن د ي ن س ب	kw:nobility(64.1841); kw:breeding(57.9151); kw:kinship(57.145); kw:lineage(54.1778); kw:husbandry(45.1864); theme:body_health_life/reproduction_birth(44.1459); kw:ancestry(43.4363); kw:fertility(42.5584)	ن د و:B007:تنزع الناقة في النسب إلى أصل كريم → ن د ي:B010:نزوع في النسب إلى أصل كريم
C939	0.641	evil / rebellion / worship / wickedness	28	13	14	15	0.0572568	0.1667	1.0	0.7333	7,10,22,30,32,40,45,48,57,62,65,74,81,85,95,103,111,122,127,128,132,137,158,160,161,168,169,171	ت ل ل ح ض ر خ ط ف خ ي ر ش ط ن ط غ و ط غ ي ط و ف ع ب د ع ن د غ و ي م ر د م ر ر	kw:evil(66.6687); kw:rebellion(46.5929); kw:worship(37.6199); kw:wickedness(35.7766); kw:morality(35.1186); kw:devil(34.884); kw:supernatural(33.5381); kw:defiance(33.004)	ط غ ي:B003:الطاغوت رأس الضلالة → ط غ و:B003:الطاغوت رأس الضلالة والطغيان
C940	0.6409	disaster / flood / land_water_sky/water_hydrology / torrent	12	11	17	26	0.05835514	0.2097	1.0	0.7308	8,28,30,45,48,68,70,82,117,157,168,180	ء ت ي ر ج ع ط غ و ط غ ي ط و ف ع ز ز ع ل و ع ن د ع ي ن غ ر ق ه ر ع	kw:disaster(71.3809); kw:flood(60.4627); theme:land_water_sky/water_hydrology(48.0113); kw:torrent(47.0731); kw:rebellion(46.5929); kw:water(42.3686); kw:rain(35.5423); kw:tyranny(34.884)	ط غ ي:B001:مجاوزة الحد في العصيان → ط غ و:B001:مجاوزة الحد في العصيان
C941	0.6409	power / victory / dominance / livestock	27	16	17	24	0.05452215	0.1778	0.9583	0.75	2,7,8,12,19,26,29,30,35,37,43,47,57,67,69,71,75,84,101,106,116,127,141,158,173,176,180	ب ل ل ب ل ي ج ي ء ح ض ر ح م م د ح ض ز ج ر ض ل ل ع ج ل ع ز ز غ ل ب غ ل م ك ب ر ك ل ل ن ز ف ن ع م	kw:power(54.629); kw:victory(41.5754); kw:dominance(40.8244); kw:livestock(38.1273); kw:proof(31.7301); kw:conquest(30.4895); kw:defeat(29.544); kw:argument(28.4462)	غ ل ب:B001:قوة تقهر وتغلب → ع ز ز:B002:الغلبة والقهر
C942	0.6409	increase / economy_property/commerce_exchange / excellence / market	24	10	13	11	0.06087187	0.1467	1.0	0.8182	30,43,56,57,71,75,80,85,90,102,105,110,113,115,118,121,124,125,131,147,148,164,174,178	ء م ر ب ل غ ح س ن ر د ي ز ي د ق و م ك ث ر م ت ع ن ع م و ل ي	kw:increase(80.0024); theme:economy_property/commerce_exchange(67.9516); kw:excellence(53.5428); kw:market(43.7155); kw:prosperity(38.3916); kw:demand(32.1114); kw:addition(30.4895); kw:price(29.544)	ر د ي:B005:الزيادة على القدر → ز ي د:B001:الزيادة والنمو
C943	0.6406	ecology / fertility / growth / plant	30	16	17	31	0.05910415	0.2296	0.8065	0.5484	5,8,19,22,31,36,42,48,57,66,73,75,84,87,88,99,100,101,102,104,112,113,126,144,145,146,149,150,180,182	ء ر ض ء ن ث ب ش ر ب ط ن ج ن ب ح ش ر ر ب ب ش ع ر ط ر ف ع ر ي ك ر م ن ب ت ن ج م ن د ي ن ظ ر ن ف س	kw:ecology(71.6169); kw:fertility(53.198); kw:growth(52.6784); kw:plant(50.2216); kw:vegetation(45.8021); kw:landscape(41.4171); kw:agriculture(41.0786); kw:life(41.0035)	ء ر ض:B002:الأرض اللينة المنبتة → ء ن ث:B004:الأرض السهلة الخصبة
C944	0.6406	pride / majority / arrogance / time_measure_quantity/measurement	15	10	17	26	0.06578371	0.2131	0.8846	0.6923	6,8,16,35,51,53,60,73,76,107,113,115,134,135,141	ج م ع س ه م ع ج ز ع ظ م ع ق ب ع ل و ق ر ن ك ب ر ك و ك ب ن ف س	kw:pride(54.2007); kw:majority(52.326); kw:arrogance(41.9894); theme:time_measure_quantity/measurement(33.8108); kw:oldness(33.5381); kw:greatness(33.5381); kw:haughtiness(33.004); kw:magnitude(32.5328)	ك ب ر:B004:كبر السن والقدم → ع ج ز:B003:كبر وقدم حتى يسمى عجوزا
C945	0.6406	joining / aggregation / commitment / resolve	28	15	17	21	0.06280921	0.1579	0.9524	0.7619	7,8,9,23,28,30,31,37,51,66,71,85,91,94,99,102,115,117,118,124,134,140,144,147,148,154,157,164	ء ت ي ء ل ف ء ل ي ء م ر ج م ع ح ف ظ ح ق ق ح ك م ش ي ء ق ر ن ق و م ك ت ب ك ث ر م ل ء و ص ب	kw:joining(56.2768); kw:aggregation(55.7051); kw:commitment(42.2076); kw:resolve(40.8244); kw:collection(40.6505); kw:alliance(40.3171); kw:decision(40.3171); kw:gathering(38.5105)	م ل ء:B003:ممالأة على الأمر → ج م ع:B013:ممالأة واجتماع مع غيرك على أمر
C946	0.6406	protection / conflict_security/protection_security / recall / honor	25	12	14	16	0.05562957	0.1818	1.0	0.75	3,7,13,30,31,36,37,43,45,48,49,69,71,85,115,118,124,150,155,158,159,164,168,170,180	ء ن ث ج ن ن ح ف ظ ح ق ق ذ ك ر ض ل ل ع ي ن ق و م ك ف ر ك ن ن و ص ف و ق ي	kw:protection(69.6338); theme:conflict_security/protection_security(54.0783); kw:recall(52.326); kw:honor(45.8825); kw:guardianship(45.3471); kw:retention(41.3787); kw:preservation(38.7554); kw:care(37.2198)	ذ ك ر:B003:استحضار الشيء بعد النسيان أو مع الحفظ → ح ف ظ:B002:ثبوت المحفوظ في النفس
C947	0.6406	pursuit / condition_force_change/capacity_ability / escape / elusion	23	10	13	12	0.06135439	0.16	0.9167	0.8333	3,8,10,16,23,24,27,48,50,53,58,59,73,91,94,99,135,140,144,147,148,171,176	ء ل ي ت ب ع ت ل و س ء ل س ب ق ع ج ز ع ج ل ع ق ب ق ص ر م و ت	kw:pursuit(49.8887); theme:condition_force_change/capacity_ability(47.1658); kw:escape(41.5754); kw:elusion(34.884); kw:goal(32.1114); kw:evasion(30.4895); kw:attainment(28.2893); kw:urgency(28.1384)	ق ص ر:B002:النقص عن المدى → ع ج ز:B001:ضعف وقصور عن الفعل
C948	0.6405	body_health_life/reproduction_birth / reproduction / pregnancy / husbandry	32	17	17	28	0.05594638	0.2059	0.8214	0.6429	2,3,5,6,14,16,19,21,28,31,37,42,51,53,55,63,66,68,76,77,93,98,102,105,115,117,127,134,144,152,157,158	ء ت ي ب ط ن ت ر ب ت ل و ج ع ل ج م ع ح ق ق د ن و ر ء ي ر ج ع ز ج ر س م و ض ر ب ف ك ه ق ر ن ك ذ ب ك ر ب	theme:body_health_life/reproduction_birth(76.2521); kw:reproduction(71.3905); kw:pregnancy(64.8028); kw:husbandry(56.483); kw:mating(55.7051); kw:sexuality(53.2649); kw:fertility(53.198); kw:estrus(31.3821)	ر ء ي:B010:ظهور حمل الناقة أو الشاة → ر ج ع:B013:راجع الناقة وحملها
C949	0.6405	family / kinship_society/social_relations / inheritance / relation	33	11	12	10	0.05516989	0.1538	1.0	0.8	5,6,7,8,9,15,31,33,38,57,59,67,76,84,87,90,99,100,101,106,113,117,126,134,141,149,156,158,174,176,178,180,182	ء ه ل ب ي ن ح ل م ح م م د ن و ر ب ب س ه م ع ذ ب ك ل ل ن س ب و ل ي	kw:family(68.4655); theme:kinship_society/social_relations(41.5757); kw:inheritance(39.5566); kw:relation(34.4119); kw:lineage(32.5067); kw:affinity(31.7301); kw:gambling(31.0619); kw:kinship(28.5725)	ك ل ل:B004:الكَلالة قرابة عارضة → و ل ي:B005:ولاء قرابة وعتق وجوار
C950	0.6404	speed / running / pursuit / athletics	19	13	14	14	0.05719637	0.1556	1.0	0.8571	9,11,25,56,57,76,87,90,98,102,113,115,116,127,140,158,172,174,178	ب ر ك ب ل غ ح ض ر د ح ر ر د ي س ع ي ش ح ن ش د د ظ ن ن ك ر ب ك ي د ن ص ر و ل ي	kw:speed(45.4883); kw:running(41.0035); kw:pursuit(37.4165); kw:athletics(34.1547); theme:conflict_security/conflict(32.8575); kw:warfare(31.7609); kw:enmity(29.544); kw:gallop(29.3388)	ن ص ر:B001:النصرة عون وإظهار → و ل ي:B004:محبة ونصرة وموالاة
C951	0.6403	disease / leg / anatomy / body_health_life/health_medicine	18	13	16	18	0.05157156	0.1538	1.0	0.9444	8,10,24,30,46,48,49,64,84,85,90,97,98,115,118,124,138,164	ب ي ض ج ن ب خ ر ج د ب ر س ف ل ش ه ب ط ر ف ع ق ل ق ل ب ق و م ل ق ي و ق ف و ق ي	kw:disease(69.0687); kw:leg(52.7421); kw:anatomy(47.0826); theme:body_health_life/health_medicine(43.366); kw:contrast(42.9143); kw:veterinary(41.1882); theme:body_health_life/disease_injury(38.4275); kw:limb(37.4165)	ش ه ب:B001:بياض تخالطه ظلمة → خ ر ج:B007:اختلاف لونين في الشيء
C952	0.64	rain / weather / climate / land_water_sky/weather_climate	23	16	17	31	0.05603666	0.2296	0.9677	0.4839	25,28,41,45,67,68,70,75,86,88,90,93,99,100,104,116,117,151,157,172,174,178,180	ء ت ي ء ف ك ح م م ذ ه ب ر ج ع ر ز ق ض ر ب ط و ف ع ز ز ن ج م ن د و ن د ي ن ص ر ه ر ع و ل ي و ه ب	kw:rain(154.0165); kw:weather(66.4046); kw:climate(59.2371); theme:land_water_sky/weather_climate(55.3043); kw:fertility(53.198); kw:flood(45.3471); kw:shower(43.7155); kw:downpour(43.4363)	ن د و:B003:بلل الندى والمطر → ن د ي:B005:بلل ومطر ورطوبة
C953	0.6398	kinship / offspring / livestock / milk	26	17	17	27	0.05515013	0.1985	0.963	0.5926	2,3,10,16,19,21,36,53,58,59,69,71,78,87,108,113,119,129,134,135,137,138,145,153,176,177	ب ر ك ت ب ع ت ر ك ت ل و ث ق ب ج م ع ز ج ر ص ب ح ص ف و ض ل ل ظ ن ن ع ج ز ع ج ل ع ق ل ف ص ل م و ت ن ب ذ	kw:kinship(57.145); kw:offspring(49.7565); kw:livestock(47.6591); kw:milk(45.9637); kw:mother(45.7343); kw:yield(45.7343); kw:calf(42.434); kw:child(42.434)	ت ر ك:B007:امرأة تركت بلا زواج → ظ ن ن:B009:امرأة يرجى ولدها
C954	0.6398	awe / exclamation / greatness / astonishment	13	9	16	23	0.06008847	0.211	0.9565	0.6957	12,16,35,48,53,60,76,102,103,107,115,135,152	ء م ر ت ل ل ش ي ء ط ر ف ع ج ب ع ج ز ع ظ م ك ب ر و ل د	kw:awe(33.5381); kw:exclamation(33.5381); kw:greatness(33.5381); kw:astonishment(33.004); kw:lament(33.004); kw:marvel(32.1114); kw:surprise(30.2314); kw:wonder(30.2314)	ع ج ب:B001:التعجب من أمر غير مألوف → ء م ر:B006:الأمر العظيم المنكر
C955	0.6398	residue / remainder / remnant / obedience	22	12	15	17	0.0612943	0.1667	1.0	0.7059	3,8,10,20,23,28,53,64,70,73,77,91,93,94,99,103,125,135,140,144,147,148	ء ث ر ء ص ل ء ل ي ب ق ي ت ب ع ت ل ل ت ل و د ع و د ي ن ع ق ب غ ب ر ي م ن	kw:residue(75.8772); kw:remainder(70.346); kw:remnant(63.6014); kw:obedience(39.8493); kw:balance(39.5566); kw:continuity(37.6199); theme:economy_property/finance_debt(34.1558); kw:power(32.7774)	ت ل و:B003:بقية تتلو ما قبلها → ت ل ل:B010:التلة بقية دين
C956	0.6398	throat / respiration / mouth / choking	17	11	12	10	0.05668676	0.1538	1.0	0.9	5,15,16,46,48,53,58,59,62,64,66,82,97,102,107,144,146	ب ط ن خ ر ج ذ ب ح س ح ر ش ج ر ش ر ب ش ر ق غ ر ق ق ص ر ل ق ي م و ت	kw:throat(61.873); kw:respiration(41.5754); kw:mouth(35.6159); kw:choking(32.5328); kw:ulcer(31.3821); kw:chin(30.4895); kw:jaw(30.2314); kw:cavity(29.1436)	س ح ر:B001:السَّحَر العضو → ب ط ن:B001:بطن الشيء وداخله
C957	0.6397	virtue / deliverance / rescue / escape	22	10	15	15	0.06044749	0.1546	1.0	0.8667	8,12,26,29,30,34,37,40,60,61,62,64,74,76,90,102,115,128,134,146,160,169	ب ل ل ج ن ب خ ل ص خ ي ر د ب ر ش ج ر ف ع ل ف و ز م ث ل ن ج و	kw:virtue(62.3609); kw:deliverance(47.0731); kw:rescue(43.7155); kw:escape(41.5754); kw:welfare(26.4674); kw:wilderness(25.7544); kw:generosity(24.3277); kw:release(23.8949)	خ ل ص:B002:خروج ونجاة من نشب → ن ج و:B001:الخلاص بالانفصال
C958	0.6396	prosperity / increase / wealth / fortune	11	10	15	23	0.05799144	0.2396	0.9565	0.6087	16,28,53,71,93,102,113,117,147,157,163	ء ت ي ء م ر ب ر ك ت ر ب ز ي د ص ل ي ك ث ر م ء ي ن و م ي م ن	kw:prosperity(76.7833); kw:increase(66.6687); kw:wealth(53.8167); kw:fortune(52.9349); kw:growth(52.6784); kw:blessing(51.1888); kw:abundance(41.1892); kw:number(41.0035)	ء م ر:B004:النماء والبركة → ب ر ك:B004:خير ثابت نام وبركة
C959	0.6396	partnership / share / afterbirth / birth	23	14	16	17	0.05995531	0.1441	1.0	0.8235	9,21,27,33,38,44,46,50,57,59,64,71,83,93,94,113,127,141,145,150,152,158,176	ح ض ر خ ر ج س ه م ش ر ب ش ر ك ش ه د ش ي ع ض ر ب ع ذ ب ف ص ل ق ب ل ن ب ذ ن ف س و ل د	kw:partnership(76.9137); kw:share(63.9861); kw:afterbirth(53.6648); kw:birth(49.4984); theme:economy_property/wealth_property(38.3366); kw:portion(36.7544); kw:investment(34.884); kw:quota(33.004)	ش ر ب:B002:نصيب الماء → س ه م:B002:النصيب والمقدار
C960	0.6396	color / earth / dust / soil	17	14	14	17	0.05429403	0.1868	1.0	0.7059	5,11,15,16,34,44,46,49,53,71,73,91,93,135,137,141,177	ب ي ض ت ر ب ج ر م ر و غ س ح ر س ر ر س ه م ش ر ب ش ر ق ص ب ح ط ي ن ع ق ب غ ب ر ك ث ر	kw:color(102.4189); kw:earth(79.7398); kw:dust(52.3699); kw:soil(50.4406); kw:appearance(32.3327); kw:dirt(31.3821); kw:complexion(29.1436); kw:brightness(28.6095)	ش ر ق:B003:اشتداد اللون وامتلاؤه → ص ب ح:B006:الصُّبْحة والصباحة
C961	0.6396	increase / blessing / prosperity / growth	23	10	14	16	0.06069953	0.1905	1.0	0.6875	8,16,23,28,91,93,94,99,101,102,112,113,117,140,143,144,147,148,157,159,163,166,180	ء ت ي ء ل ي ء م ر ب ر ك ب ش ر ب ع ث ز ي د س ب ح ص ل ي ي م ن	kw:increase(53.335); kw:blessing(51.1888); kw:prosperity(51.1888); kw:growth(42.1427); kw:fortune(39.7012); kw:grace(28.7797); kw:fertility(21.2792); kw:abundance(20.5946)	ء م ر:B004:النماء والبركة → ب ر ك:B004:خير ثابت نام وبركة
C962	0.6395	blood / fluid / tear / body_health_life/health_medicine	14	12	13	13	0.06137276	0.1688	1.0	0.7692	8,30,47,48,62,64,70,82,113,150,168,175,177,179	ب ص ر خ ر ج ش ه د ط ر ف ط غ ي ع ل و ع ن د غ ر ق ن ز ف ن ز ل ن ف س ه ر ع	kw:blood(87.3052); kw:fluid(59.7372); kw:tear(55.9858); theme:body_health_life/health_medicine(39.7522); kw:birth(37.1238); kw:bleeding(33.004); kw:reproduction(30.5959); kw:discharge(27.5858)	ن ز ف:B002:خروج الدم أو الدمع حتى يستنفد → ه ر ع:B003:جريان الدم والدمع والماء
C963	0.6393	land_water_sky/water_hydrology / hydrology / pool / water	34	14	17	27	0.05380163	0.2045	1.0	0.5556	5,19,25,28,31,37,41,45,48,57,67,70,73,79,82,84,87,88,99,100,102,107,113,116,117,126,149,157,158,164,170,172,180,182	ء ت ي ب ر ك ج ي ء ح م م ذ ب ح ر ب ب ط ر ف ع ل م ع ي ن غ ر ق ن ج م ن ص ر ن ظ ر ه ر ع	theme:land_water_sky/water_hydrology(88.6362); kw:hydrology(64.5801); kw:pool(57.219); kw:water(50.8423); kw:eye(47.893); kw:source(43.1696); kw:spring(42.434); kw:tear(41.9894)	ر ب ب:B013:ماء رَبَب كثير → ع ل م:B005:ماء كثير مجتمع في عيلم
C964	0.6393	elevation / rise / ascent / height	13	10	17	26	0.06096344	0.2131	0.9615	0.6923	5,6,8,39,55,61,62,96,98,100,102,112,177	ء ر ض س ف ل س م و س و ي ص ب ر ص ل ح ع ل و ع م ل ن ب و ن ز ل	kw:elevation(47.1969); kw:rise(43.4363); kw:ascent(39.4154); kw:height(37.0293); kw:overhead(34.884); kw:honor(34.4119); kw:eminence(33.5381); kw:loftiness(33.004)	س م و:B001:العلو والارتفاع → ع ل و:B001:السمو والارتفاع
C965	0.6393	trial / suffering / ordeal / examination	46	14	17	22	0.06160411	0.1654	0.9091	0.5909	9,11,12,22,26,29,30,31,33,37,38,40,44,59,63,66,72,74,79,81,84,85,91,95,103,106,109,111,113,120,122,123,128,130,132,133,137,139,147,160,161,162,169,171,176,181	ء ك ل ب ل ل ب ل و ب ل ي ذ و ق ر س ل س ر ر س ل م ش د د ع ب د ع ذ ب ف ت ن م ر ر ن ف س	kw:trial(86.8727); kw:suffering(68.1177); kw:ordeal(54.4326); kw:examination(49.5059); kw:test(49.5059); kw:health(47.893); kw:affliction(36.578); kw:generosity(36.4916)	ف ت ن:B004:بلية ومحنة وعذاب → ب ل ي:B002:البلاء امتحان يظهر الحال
C966	0.6392	lineage / kinship / nobility / inheritance	30	16	17	22	0.05876487	0.163	0.9545	0.7273	7,8,16,27,28,42,44,45,48,50,53,58,59,71,75,76,90,93,94,97,102,104,125,134,149,152,153,158,174,178	ء ه ل ب ن ي د ب ر د ع و ط ر ف ع ي ن ق ب ل ك ر م ك ل ل م و ت ن د و ن د ي ن س ب و ل د و ل ي ي م ن	kw:lineage(108.3555); kw:kinship(85.7176); kw:nobility(77.0209); kw:inheritance(65.9276); kw:ancestry(57.9151); kw:genealogy(49.2484); kw:family(45.6437); kw:affiliation(43.7155)	ن د و:B007:تنزع الناقة في النسب إلى أصل كريم → ن د ي:B010:نزوع في النسب إلى أصل كريم
C967	0.6391	work / action / aspect / labor	16	11	17	24	0.05979337	0.2	1.0	0.75	10,21,34,39,56,61,63,64,70,77,96,98,102,127,152,158	ء ث ر ء ص ل ب ق ي ت ب ع ج ع ل س ع ي ع م ل ف ع ل ك ذ ب ك و د م ع ع	kw:work(59.5205); kw:action(57.9151); kw:aspect(45.7343); kw:labor(41.6517); theme:economy_property/labor_work(41.5249); kw:livelihood(38.2751); kw:construction(37.6199); kw:laborer(34.884)	ف ع ل:B003:فَعلة العمل → ع م ل:B006:العملة العاملون بالأيدي
C968	0.6391	action / aspect / configuration / commencement	24	11	14	16	0.05889452	0.1839	1.0	0.6875	6,21,34,36,39,56,61,63,64,70,76,77,78,96,98,102,108,115,119,127,129,145,152,158	ء ث ر ء ص ل ت ر ك ج ع ل ز ي ن ع م ل ف ع ل ك ذ ب ك ر ب ك و د ن ب ذ	kw:action(57.9151); kw:aspect(45.7343); kw:configuration(38.5491); kw:commencement(34.1547); kw:imminence(33.5381); kw:deed(31.0619); kw:work(29.7602); kw:production(29.1436)	ج ع ل:B004:الشروع في الفعل أو ملازمته → ء ص ل:B006:أصل يفعل
C969	0.6391	discovery / emotion_ethics/emotion / encounter / finding	21	6	10	8	0.06410569	0.2105	1.0	0.875	21,22,40,69,74,81,85,95,97,102,111,122,127,128,132,147,152,160,161,169,171	ء ل ف ع ب د ك ذ ب ل ف ي ل ق ي و ج د	kw:discovery(44.6404); theme:emotion_ethics/emotion(40.9023); kw:encounter(39.7012); kw:finding(34.1547); kw:meeting(29.9889); kw:perception(28.5725); kw:anger(25.7544); kw:relation(22.9412)	ل ف ي:B002:الوجدان والمصادفة → و ج د:B001:إلفاء الشيء وإصابته
C970	0.639	water / drink / nourishment / resource	31	13	17	23	0.05632001	0.1742	0.9565	0.6957	5,7,8,9,22,31,33,38,45,46,48,57,59,63,66,82,84,87,91,99,100,101,113,126,127,137,149,158,176,180,182	ء ك ل ح ض ر ح ل م ر ب ب ش ر ب ش ر ق ظ ل م ع ذ ب ع ي ن غ ر ق ك ل ل م ر ر ن ف س	kw:water(110.1584); kw:drink(39.7012); kw:nourishment(38.6317); kw:resource(36.0777); kw:survival(35.7659); kw:palatability(33.5381); kw:draught(33.004); kw:bitterness(31.3821)	ع ذ ب:B001:العذوبة والطيب في الماء والمطعوم → م ر ر:B003:المرارة ضد الحلاوة
C971	0.639	nobility / kinship / ancestry / lineage	17	13	14	20	0.05574526	0.2222	0.85	0.7	9,11,33,35,38,42,48,59,62,75,90,104,135,149,152,158,176	خ ي ر د ب ر ط ر ف ع ج ز ع ذ ب ف ت ي ق ص ر ك ب ر ك ر م ن د و ن د ي ن س ب و ل د	kw:nobility(89.8577); kw:kinship(66.6692); kw:ancestry(57.9151); kw:lineage(54.1778); kw:virtue(49.8887); kw:generosity(48.6555); kw:origin(38.3916); kw:magnanimity(35.7766)	ن د و:B007:تنزع الناقة في النسب إلى أصل كريم → ن د ي:B010:نزوع في النسب إلى أصل كريم
C972	0.6388	eye / gaze / vision / cognition_perception/perception	26	12	17	34	0.05359032	0.2656	0.8824	0.4706	5,8,19,23,43,45,48,54,55,57,64,65,66,68,73,75,76,82,88,97,102,113,115,163,175,179	ب ص ر ج ح م ش ر ق ط ر ف ط ل ع ع ي ن غ ر ق ك ر ب م ل ء ن ظ ر ن ع م ن ف س	kw:eye(107.7593); kw:gaze(54.9176); kw:vision(46.8248); theme:cognition_perception/perception(39.5314); kw:beauty(34.4119); kw:honor(34.4119); kw:source(28.7797); kw:perception(28.5725)	م ل ء:B001:امتلاء يساوي الوعاء → ط ل ع:B007:امتلاء مستوعب
C973	0.6386	alliance / emotion_ethics/trust_loyalty / community / support	27	12	15	14	0.06242307	0.1373	0.9286	0.8571	5,7,8,11,25,31,57,60,66,76,83,84,87,90,99,100,115,116,126,134,149,172,173,174,178,180,182	ج م ع ج ن د ر ب ب ش د د ش ي ع ف و ز ق ل ب ك ل ل م ل ء ن ج و ن ص ر و ل ي	kw:alliance(67.1951); theme:emotion_ethics/trust_loyalty(47.1003); kw:community(44.9672); kw:support(44.478); kw:solidarity(43.4363); kw:inheritance(39.5566); kw:conversion(33.004); theme:kinship_society/household_community(32.8124)	م ل ء:B003:ممالأة على الأمر → ج م ع:B013:ممالأة واجتماع مع غيرك على أمر
C974	0.6385	death / mortality / destruction / body_health_life/mortality_death	24	13	17	23	0.05617807	0.1825	1.0	0.7826	3,6,16,20,23,28,53,55,58,59,60,64,68,93,97,102,117,136,148,157,163,174,178,180	ء ت ي ء ص ل ت ل و ج ح م ح ي ن د م ر د ن و ع ز ز ف و ز م و ت ن و م و ي ل ي م ن	kw:death(145.4501); kw:mortality(86.3353); kw:destruction(71.9964); theme:body_health_life/mortality_death(68.2453); kw:ruin(61.1092); kw:disaster(47.5872); kw:loss(44.8244); kw:annihilation(33.5381)	ء ص ل:B005:الأصيل الهلاك → د م ر:B002:الهلاك المستأصل
C975	0.6385	knowledge / cognition_perception/knowledge_learning / interior / secret	29	12	16	14	0.05895994	0.1228	1.0	0.9286	5,24,31,36,41,43,44,49,54,55,57,65,66,70,79,84,87,99,100,101,112,126,144,149,158,164,170,180,182	ء ث ر ب ش ر ب ط ن ج ن ن ر ب ب س ر ر ش ع ر ط ل ع ع ل م ق ل ب ك ن ن و ق ف	kw:knowledge(112.0609); theme:cognition_perception/knowledge_learning(81.1993); kw:interior(67.4691); kw:secret(63.4603); kw:secrecy(51.3473); kw:expertise(30.2314); kw:awareness(29.9889); kw:cognition(29.5665)	ط ل ع:B003:الإشراف والكشف على الأمر → ب ط ن:B002:باطن الأمر وخفاؤه
C976	0.6385	arrow / archery / pattern / decay	19	11	13	12	0.06019924	0.16	1.0	0.8333	10,11,21,54,55,65,68,83,90,91,93,96,102,112,125,127,141,150,152	خ ل ق د ب ر ر ج ع ر و غ س ه م ش ه ب ش ي ع ط ل ع ك ذ ب ن ب ء ن و م	kw:arrow(63.231); kw:archery(41.1882); kw:pattern(36.7544); kw:decay(35.3977); kw:overshoot(34.1547); kw:partnership(30.7655); kw:target(29.7602); kw:projectile(29.3388)	ط ل ع:B010:سهم يطلع فوق الغرض → د ب ر:B018:دبر السهم الهدف
C977	0.6385	presence / economy_property/finance_debt / debt / finance	18	9	13	11	0.05806201	0.1528	1.0	0.9091	20,39,45,48,53,57,80,99,103,105,110,121,125,127,131,150,158,168	ت ل ل ج ز ي ح ض ر د ي ن ذ ه ب ش ه د ع ن د ع ي ن و ذ ر	kw:presence(54.2007); theme:economy_property/finance_debt(53.6733); kw:debt(42.434); kw:finance(37.1238); kw:witness(33.004); kw:attendance(31.3821); kw:gold(29.7602); kw:proximity(24.1055)	ح ض ر:B001:حضور ومشاهدة وقرب → ش ه د:B001:الحضور مع المشاهدة
C978	0.6385	travel / surge / oscillation / disturbance	14	9	10	8	0.05136807	0.1818	1.0	0.875	30,37,70,84,86,93,98,99,102,140,143,159,166,180	ج ي ء ذ ه ب ر و د س ب ح س ع ي ض ر ب ط غ و ف ل ك ه ر ع	kw:travel(35.2923); kw:surge(31.3821); kw:oscillation(30.4895); kw:disturbance(27.9929); kw:motion(26.7838); kw:agitation(26.371); kw:return(23.9988); kw:pulsation(19.2746)	ض ر ب:B012:الحركة المضطربة والخفق → ف ل ك:B007:الموج المضطرب ذهابا وجيئة
C979	0.6384	water / liquid / nourishment / draught	37	15	17	27	0.05755074	0.2015	0.9259	0.5185	5,7,9,15,31,33,38,41,45,46,47,57,59,62,65,67,79,82,84,87,99,100,106,113,117,126,127,149,153,156,158,164,170,176,177,180,182	ب ي ن ح ض ر ر ب ب ش ر ب ش ط ن ش و ب ص ف و ظ ن ن ع ذ ب ع ل م غ ر ق ك ء س ن ز ف ن ز ل ن ف س	kw:water(76.2635); kw:liquid(63.0508); kw:nourishment(51.5089); kw:draught(49.5059); kw:consumption(48.3198); kw:drink(39.7012); theme:agriculture_food/cooking_drink(37.5082); kw:resource(36.0777)	ر ب ب:B013:ماء رَبَب كثير → ع ل م:B005:ماء كثير مجتمع في عيلم
C980	0.6384	flood / disaster / rain / severity	27	16	17	26	0.05706544	0.1926	0.8846	0.6923	11,20,21,23,26,28,30,34,45,55,62,64,67,68,90,97,99,102,103,117,144,157,163,174,177,178,180	ء ت ي ت ل ل ج ح م ج ر م ح م م ذ ه ب ر ج ع ش د د ط غ و ط و ف ع ز ز ل ز ب م ع ع ن ز ل و ل ي ي و م	kw:flood(60.4627); kw:disaster(59.4841); kw:rain(59.2371); kw:severity(47.4879); kw:climate(47.3897); kw:torrent(47.0731); kw:environment(41.9894); kw:weather(37.9455)	ل ز ب:B003:الشدة والضيق والقحط → ع ز ز:B008:الشدة في السنة والمطر والسيل
C981	0.6384	group / society / crowd / tribe	34	15	17	25	0.05860561	0.188	0.88	0.68	5,7,8,22,27,30,31,44,45,50,57,66,69,71,84,85,87,91,94,95,99,100,102,115,118,124,126,134,144,149,164,173,180,182	ء ك ل ب ط ن ب ل غ ج م ع ج ن د ح ش ر ر ب ب ط و ف ق ب ل ق و م ك ث ر ك ل ل ل ف ي م ل ء ن ح ت	kw:group(72.813); kw:society(51.9463); kw:crowd(51.0335); kw:tribe(47.5872); theme:kinship_society/household_community(47.3957); kw:community(44.9672); kw:band(43.1696); theme:time_measure_quantity/quantity_number(42.807)	ر ب ب:B004:ربة وجماعات كثيرة → ق ب ل:B009:جماعة يقبل بعضها على بعض
C982	0.6384	remnant / residue / waiting / time_measure_quantity/time	23	14	17	21	0.06162619	0.1579	1.0	0.7143	14,18,19,55,70,73,77,78,82,88,90,102,105,108,119,129,135,136,148,171,174,176,178	ء ث ر ء خ ر ء ي ي ب ق ي ح ي ن د ب ر د خ ر ر ء ي س ب ق ع ج ل ع ق ب غ ب ر غ ر ق ن ظ ر	kw:remnant(50.8811); kw:residue(50.5848); kw:waiting(43.4363); theme:time_measure_quantity/time(40.6249); kw:delay(37.8305); kw:trace(37.1238); kw:deferment(35.7766); kw:watching(34.884)	ن ظ ر:B002:ترقب الوقت وإمهال الطالب → ب ق ي:B005:ترقب الشيء وانتظاره بالبصر
C983	0.6384	affiliation / lineage / kinship / community	22	13	15	15	0.06122451	0.1456	0.9333	0.8667	7,8,25,28,83,90,93,97,102,106,116,125,134,149,153,158,163,170,172,173,174,178	ب ل و ب ن ي ج م ع ج ن د د ع و ش ي ع ص ل ي ك ف ر ك ل ل ن س ب ن ص ر و ل ي ي م ن	kw:affiliation(72.8591); kw:lineage(65.0133); kw:kinship(47.6209); kw:community(33.7254); kw:support(33.3585); kw:conversion(33.004); theme:emotion_ethics/trust_loyalty(32.9702); theme:kinship_society/household_community(32.8124)	ن ص ر:B001:النصرة عون وإظهار → و ل ي:B004:محبة ونصرة وموالاة
C984	0.6381	succession / order / pursuit / sequence	23	13	16	16	0.06233485	0.1368	0.9375	0.875	3,10,12,21,26,29,30,33,36,37,69,70,73,78,83,90,102,103,108,119,129,174,178	ء ث ر ب ل غ ب ل ل ت ب ع ت ر ك ت ل ل ت ل و ش ر ك ش ي ع ع ق ب ف ص ل ل ف ي و ل ي	kw:succession(62.8738); kw:order(51.5089); kw:pursuit(49.8887); kw:sequence(47.0087); kw:following(43.7155); kw:continuity(37.6199); kw:trail(31.0619); kw:separation(30.8249)	ت ب ع:B003:التقصي أثرا بعد أثر → ع ق ب:B008:التعقب والمراجعة
C985	0.6381	contest / conflict_security/conflict / kinship_society/social_relations / wrestling	24	10	11	10	0.05556454	0.1852	1.0	0.7	24,26,30,31,37,48,62,79,84,85,91,93,97,103,109,113,115,118,120,124,130,164,177,181	ب ر ك ح ق ق ر و غ س ل م ط ر ف ق و م ل ق ي ن ز ل ن ف س و ق ف	kw:contest(41.1882); theme:conflict_security/conflict(40.1592); theme:kinship_society/social_relations(35.6363); kw:wrestling(32.5328); kw:convergence(30.7655); kw:confrontation(29.7602); kw:alignment(27.4588); kw:opposition(27.1003)	ق و م:B014:مقاومة ومنازلة → ن ز ل:B007:النزول للمبارزة
C986	0.6378	torment / punishment / justice / blame	23	14	14	14	0.0606179	0.1538	1.0	0.7143	9,22,26,30,33,34,38,59,61,63,73,79,84,103,106,109,113,120,130,142,171,176,181	ء ل م ب ل و ب ل ي ج ر م ح و ت س ل م ط غ و ظ ل م ع ذ ب ع ق ب ك ل م ل و م م ث ل و ص ب	kw:torment(48.7992); kw:punishment(46.3827); kw:justice(44.8955); kw:blame(40.4815); kw:accountability(40.0012); kw:pain(36.9363); kw:chastisement(34.884); kw:suffering(34.0588)	ع ذ ب:B005:العذاب إيلام وعقوبة → ع ق ب:B007:العقوبة بعد الذنب
C987	0.6377	prosperity / fortune / camel / animal_life/husbandry	21	11	14	13	0.06066195	0.1494	1.0	0.8462	10,16,28,37,46,70,72,93,101,102,113,123,133,137,138,139,144,147,171,177,181	ء ث ر ء م ر ب ر ك ب ع ث ث ق ب ح ل م ر س ل ش ر ب ص ب ح ع ق ل ي م ن	kw:prosperity(51.1888); kw:fortune(39.7012); kw:camel(37.0667); theme:animal_life/husbandry(36.1846); kw:milk(34.4728); kw:husbandry(33.8898); kw:yield(30.4895); kw:blessing(25.5944)	ي م ن:B001:اليمن والبركة → ء م ر:B004:النماء والبركة
C988	0.6376	capacity / ability / companion / coupling	20	8	14	13	0.06176265	0.1667	1.0	0.8462	8,12,14,22,23,27,33,44,50,51,71,91,94,97,99,100,140,144,147,148	ء ل ي ز و ج س خ ر ش ر ك ق ب ل ق ر ن ل ق ي و ه ب	kw:capacity(61.2574); kw:ability(46.1482); kw:companion(44.0082); kw:coupling(35.7766); kw:pairing(34.1547); kw:availability(33.004); kw:partner(33.004); kw:cohort(33.004)	ز و ج:B001:قرين يضم إلى قرينه → ق ر ن:B002:صاحب مقترن بصاحبه
C989	0.6375	livestock / kinship / bird / camel	29	15	16	14	0.05733627	0.1176	1.0	0.9286	2,3,10,12,13,19,22,26,29,30,31,37,43,57,63,67,68,69,71,75,113,127,134,150,152,155,158,168,176	ء ن ث ب ل ل ت ب ع ج م ع ح ض ر ح ق ق ح م م ذ ك ر ر ج ع ز ج ر ض ل ل ظ ل م ع ج ل ن ع م و ل د	kw:livestock(57.1909); kw:kinship(47.6209); kw:bird(46.9162); kw:camel(37.0667); kw:pastoralism(36.8447); kw:desert(33.8898); kw:property(32.081); kw:gender(31.722)	ذ ك ر:B001:الذكر خلاف الأنثى → ء ن ث:B001:الأنثى خلاف الذكر
C990	0.6375	substitution / outcome / escape / diversion	42	14	15	13	0.06415395	0.125	1.0	0.6923	9,17,30,33,36,38,39,40,48,59,62,64,71,73,74,76,78,80,85,86,90,105,107,108,110,115,118,119,121,124,126,128,129,131,134,146,151,160,164,168,169,176	ء ف ك ء و ل ت ر ك ج ز ي خ ل ص د ب ر ش ج ر ط ر ف ع ذ ب ع ق ب ف د ي ق و م ن ج و و ق ي	kw:substitution(76.9137); kw:outcome(46.1482); kw:escape(41.5754); kw:diversion(40.4815); kw:defense(38.0487); kw:release(35.8423); kw:deliverance(31.3821); kw:shield(31.0619)	خ ل ص:B002:خروج ونجاة من نشب → ن ج و:B001:الخلاص بالانفصال
C991	0.6375	definition / cognition_perception/proof_uncertainty / belief / ideology	36	9	12	11	0.05590644	0.1746	0.9091	0.7273	14,15,18,20,21,28,29,31,35,36,37,51,52,54,55,56,81,85,87,89,91,95,97,99,102,105,111,122,124,127,132,148,151,152,157,167	ء م ن ء ي ي ح ق ق س و ي ص د ق ظ ن ن ق و ل ك ذ ب م ع ع	kw:definition(55.3909); theme:cognition_perception/proof_uncertainty(50.4428); kw:belief(42.434); kw:ideology(36.9273); kw:inference(34.884); kw:conviction(34.1547); kw:doctrine(33.004); kw:certainty(31.7301)	ك ذ ب:B001:خلاف الصدق → ص د ق:B001:صدق القول
C992	0.6375	horse / hip / rump / haunch	13	12	12	10	0.05465096	0.1515	1.0	0.9	8,12,24,42,62,64,67,90,102,107,146,163,180	ج ن ب ح م م د ب ر ذ ب ح ش ج ر ش ي ء ص ل ي ع ج ب ع ز ز ق ط ن ك ر م و ق ف	kw:horse(46.2971); kw:hip(45.7343); kw:rump(44.6404); kw:haunch(32.1114); kw:anatomy(31.3884); kw:chin(30.4895); kw:jaw(30.2314); kw:skeleton(28.6095)	ع ج ب:B004:أصل الذنب بين الوركين → ق ط ن:B006:القَطَن من المؤخر وأصل الذنب
C993	0.6374	work / livelihood / ethics / economy_property/labor_work	23	11	14	18	0.05211958	0.2069	1.0	0.6667	5,10,31,34,39,57,61,84,87,93,96,97,99,100,102,112,126,143,149,159,166,180,182	ت ب ع ج ر م ر ب ب س ب ح س ع ي ص ل ح ض ر ب ع م ل ف ع ل ل ق ي م ع ع	kw:work(44.6404); kw:livelihood(38.2751); kw:ethics(35.1221); theme:economy_property/labor_work(33.2199); kw:roaming(30.7655); kw:agency(30.693); kw:economy(29.9286); kw:earning(29.3388)	ع م ل:B001:الفعل المقصود والعمل → س ع ي:B002:عمل وكسب وتصرف
C994	0.6374	decision / perseverance / commitment / resolve	23	9	12	14	0.05379066	0.2258	1.0	0.5714	7,8,9,23,30,61,85,86,91,94,98,99,102,113,115,118,124,134,140,144,147,148,164	ء ل ي ء م ر ب ر ك ج م ع ح ف ظ ر و د ق و م م ث ل و ص ب	kw:decision(53.7561); kw:perseverance(47.5952); kw:commitment(42.2076); kw:resolve(40.8244); kw:governance(33.7797); kw:circumstance(33.004); kw:constancy(32.5328); kw:diligence(31.3821)	ح ف ظ:B003:ملازمة الأمر والمواظبة عليه → ق و م:B004:رعاية وحفظ وولاية
C995	0.6374	drying / abundance / color / preservation	11	9	10	8	0.05241824	0.1818	1.0	0.875	1,5,8,34,75,104,125,141,153,163,165	ج ر م س ه م ش ر ق ص ف ف ص ف و ص ل ي ق ذ ف ن د ي و ذ ر	kw:drying(33.004); kw:abundance(30.8919); kw:color(30.7257); kw:preservation(25.8369); kw:meat(25.6736); kw:cooking(25.4406); kw:transformation(25.1495); kw:heat(22.0406)	ص ف ف:B003:الصَّفيف من اللحم → ش ر ق:B002:تعريض اللحم للشمس
C996	0.6373	language_communication/writing_text / writing / alphabet / language	36	12	13	11	0.0536875	0.1429	1.0	0.8182	7,8,11,15,18,20,21,28,29,31,35,36,51,52,54,56,60,61,68,85,89,91,92,95,97,99,102,106,113,117,124,147,151,157,167,171	ء ل ف ر ج ع ط ي ن ق و ل ك ت ب ك ل ل ك ل م ل ق ي م ع ع ن ط ق ن ف س ه ا ء	theme:language_communication/writing_text(110.9276); kw:writing(53.1324); kw:alphabet(52.326); kw:language(40.4595); kw:document(31.3821); kw:letter(29.544); kw:articulation(29.544); kw:scripture(29.544)	ء ل ف:B006:الألف حرف من حروف الهجاء → ه ا ء:B006:الهاء حرف هجاء
C997	0.6372	purity / essence / selection / relation	25	12	16	21	0.05794523	0.1826	1.0	0.6667	4,5,15,19,22,33,40,44,48,67,70,74,76,84,106,113,115,117,128,134,153,156,158,160,169	ء ث ر ب ي ن خ ل ص ز و ج س ر ر ش ر ك ش و ب ص ف و ق ص ر ق ل ب ن ج و و ح د	kw:purity(47.5872); kw:essence(42.2076); kw:selection(41.3787); kw:relation(34.4119); kw:exclusivity(32.5328); kw:solitude(31.0619); kw:refinement(30.4895); theme:condition_force_change/value_quality(30.1101)	س ر ر:B005:خالص الشيء وأكرم موضعه → ق ل ب:B002:خالص الشيء ولبه
C998	0.6372	livestock / calf / offspring / body_health_life/reproduction_birth	30	14	14	16	0.05508845	0.1758	0.9375	0.6875	3,8,10,16,21,23,43,53,57,58,59,67,75,76,90,91,94,98,99,115,140,144,145,147,148,152,170,174,176,178	ء ل ي ت ب ع ت ل و ح م م س ف ل ع ج ل ف ص ل ك ر ب ك ف ر م و ت ن ب ذ ن ع م و ل د و ل ي	kw:livestock(66.7228); kw:calf(56.5787); kw:offspring(49.7565); theme:body_health_life/reproduction_birth(44.1459); kw:weaning(34.1547); kw:young(32.5328); kw:gratitude(31.7301); kw:separation(30.8249)	ن ع م:B005:مال الأنعام والإبل → ح م م:B014:كرائم المال والإبل
C999	0.6372	camel / equipment / pad / craft_material_built/tools_equipment	19	11	12	11	0.05454871	0.1692	1.0	0.8182	10,16,36,41,55,66,70,79,87,90,98,142,144,158,164,170,174,178,182	ء ث ر ب ط ن ب ع ث خ ط ف د ب ر س ف ل س و ي ش ع ر ع ل م ل ق م و ل ي	kw:camel(37.0667); kw:equipment(36.4065); kw:pad(31.0619); theme:craft_material_built/tools_equipment(23.2798); kw:knowledge(22.4122); kw:tool(21.2); kw:animal(20.6634); kw:transport(20.3126)	س و ي:B010:السَّويّة على ظهر البعير → و ل ي:B011:ولية تحت الرحل
C1000	0.6371	deviation / excess / rebellion / direction	19	12	15	19	0.05862223	0.1881	1.0	0.6842	8,30,48,63,69,71,85,86,91,93,115,118,124,147,151,162,164,168,180	ء ف ك ر و غ ز ي د ض ل ل ط ر ف ط غ و ط غ ي ع ز ز ع ل و ع ن د ف ت ن ق و م	kw:deviation(53.9753); kw:excess(51.6738); kw:rebellion(46.5929); kw:direction(35.6904); kw:tyranny(34.884); kw:misguidance(34.1547); kw:power(32.7774); kw:disobedience(32.1114)	ط غ ي:B001:مجاوزة الحد في العصيان → ط غ و:B001:مجاوزة الحد في العصيان
C1001	0.6371	assembly / gathering / presence / forum	20	10	12	13	0.05618624	0.2031	0.9231	0.6923	16,20,21,22,26,30,57,71,75,85,104,115,118,124,127,134,144,150,158,164	ب ع ث ج م ع ح ش ر ح ض ر ش ه د ق و م ك ث ر ن د و ن د ي ي و م	kw:assembly(65.9276); kw:gathering(51.3473); kw:presence(40.6505); kw:forum(36.9273); kw:council(35.7766); kw:judgment(31.722); kw:meeting(29.9889); kw:aggregation(27.8525)	ن د و:B001:اجتماع القوم في النادي والندوة → ن د ي:B003:مجلس القوم واجتماعهم
C1002	0.6369	baseness / meanness / kinship_society/hierarchy_status / descent	16	10	15	16	0.0598851	0.1633	0.9375	0.875	5,6,8,23,36,55,62,69,78,86,98,108,119,129,146,177	ء ر ض ت ر ك د ن و د و ن س ف ل س و ي ع ل و ل ف ي ن ب ت ن ز ل	kw:baseness(59.0879); kw:meanness(48.7992); theme:kinship_society/hierarchy_status(39.8655); kw:descent(36.4065); kw:nation(34.884); kw:vileness(34.1547); kw:insignificance(32.5328); kw:contempt(29.544)	د ن و:B003:الدناءة والضعة → د و ن:B002:الخسة والحقارة
C1003	0.6369	container / waterskin / bucket / tool	25	12	14	12	0.05498509	0.1348	1.0	0.9167	5,8,17,26,39,45,46,47,48,59,61,71,79,84,90,96,103,109,120,126,130,147,168,176,181	ء و ل د ب ر ز ي د س ل م س م ع ش ر ب ش ر ق ع ج ل ع ل و ع م ل ع ي ن ن ز ف	kw:container(73.1428); kw:waterskin(53.5428); kw:bucket(43.4363); kw:tool(42.4); kw:technology(42.2076); kw:ear(41.9894); kw:water(33.8949); kw:slit(33.004)	ش ر ق:B004:شق الأذن وفتحها → س م ع:B002:الأذن وموضع السمع
C1004	0.6368	abandonment / release / configuration / remnant	28	13	17	17	0.06645481	0.1308	1.0	0.7647	7,8,26,27,31,36,37,48,50,70,77,78,79,84,103,108,109,117,119,120,125,129,130,134,145,147,157,181	ء ث ر ء ل ف ب ع ض ب ق ي ت ر ك ج م ع ح ق ق س ل م ع ر ي ق ص ر ك ت ب ك ل ل و ذ ر	kw:abandonment(54.2007); kw:release(47.7898); kw:configuration(38.5491); kw:remnant(38.1608); theme:time_measure_quantity/quantity_number(34.2456); kw:legacy(34.1547); kw:desertion(33.004); theme:condition_force_change/loss_absence(31.2575)	ج م ع:B001:ضم المتفرق حتى يصير شيئا مجموعا → ء ل ف:B002:ضم الشيء إلى الشيء والتأليف
C1005	0.6368	envy / affliction / heart / organ	18	12	14	14	0.05779313	0.1591	1.0	0.8571	14,16,36,45,46,48,53,55,58,59,84,86,102,105,113,145,150,151	ء ف ك ب ل غ ر ء ي ش ر ب ش ع ر ط ر ف ع ر ي ع ي ن ق ل ب م ل ك م و ت ن ف س	kw:envy(50.3071); kw:affliction(48.7706); kw:heart(37.3173); kw:organ(26.0072); kw:emotion(25.7268); kw:illness(25.2924); kw:harm(24.8782); kw:eye(23.9465)	ع ي ن:B004:الإصابة بالعين → ن ف س:B003:إصابة العين بالنفس
C1006	0.6367	decay / trial / wear / fraying	14	8	17	25	0.0611452	0.2174	1.0	0.64	11,12,26,29,30,37,63,96,102,106,125,150,162,177	ب ل ل ب ل و ب ل ي خ ل ق س و ء ط ي ن ف ت ن ن و م	kw:decay(70.7954); kw:trial(57.9151); kw:wear(55.7051); kw:fraying(34.1547); kw:excuse(33.5381); kw:examination(33.004); kw:test(33.004); kw:material(28.2385)	ب ل و:B001:البلى والاهتراء → ب ل ي:B001:البلى والخلق من الاستعمال
C1007	0.6365	ugliness / curse / hearing / sound	11	11	16	21	0.05608221	0.1892	1.0	0.8095	7,8,11,61,65,66,96,102,125,150,177	ب ل غ خ ل ق د ع و س م ع س و ء ش ط ن ش ي ء ق ذ ف م ث ل م ل ء و ذ ر	kw:ugliness(60.4627); kw:curse(44.316); kw:hearing(42.2076); kw:sound(41.0998); kw:insult(39.2775); kw:misfortune(39.1426); kw:ethics(35.1221); kw:disfigurement(34.884)	س م ع:B011:سَمْع لا بَلَغ → ب ل غ:B009:سماع المكروه بلا بلوغ
C1008	0.6363	water / collection / nourishment / pool	33	14	17	25	0.05481175	0.1894	0.92	0.68	5,9,10,16,22,31,33,37,38,41,46,47,53,57,59,63,71,79,82,84,87,90,99,100,113,126,149,158,164,170,176,180,182	ت ر ب ج ي ء د ب ر ر ب ب ش ر ب ش ه ب ظ ل م ع ذ ب ع ل م غ ر ق غ و ل ك ث ر ن ز ف ن ف س	kw:water(84.7372); kw:collection(54.2007); kw:nourishment(51.5089); kw:pool(42.9143); kw:abundance(41.1892); kw:drink(39.7012); kw:palatability(33.5381); kw:draught(33.004)	ر ب ب:B013:ماء رَبَب كثير → ع ل م:B005:ماء كثير مجتمع في عيلم
C1009	0.6363	gift / coming / presentation / giving	28	11	14	12	0.06379426	0.1364	0.9167	0.8333	8,12,23,25,26,28,29,30,37,41,62,84,90,91,94,99,116,117,137,140,144,147,148,157,172,174,177,178	ء ت ي ء ل ي ب ل ل ج ي ء خ ي ر ر ز ق ص ب ح ق ل ب م ت ع ن ص ر و ل ي	kw:gift(50.4406); kw:coming(50.3071); kw:presentation(49.5059); kw:giving(45.7343); kw:grant(42.2076); theme:kinship_society/hospitality_welfare(37.3537); kw:charity(37.2198); kw:arrival(37.0293)	ء ت ي:B001:الإتيان والمجيء → ج ي ء:B001:المجيء والحصول
C1010	0.6362	trial / knowledge / ordeal / cognition_perception/knowledge_learning	28	14	16	15	0.06267599	0.1271	1.0	0.8	12,24,26,29,30,31,36,37,38,41,46,54,55,63,65,66,70,79,87,102,106,125,144,158,162,164,170,182	ء ث ر ب ط ن ب ل ل ب ل و ب ل ي د ع و ذ و ق ش ع ر ش ي ء ط ل ع ع ل م ف ت ن ل ذ ذ و ق ف	kw:trial(86.8727); kw:knowledge(78.4426); kw:ordeal(54.4326); theme:cognition_perception/knowledge_learning(51.2838); kw:examination(49.5059); kw:test(49.5059); kw:affliction(48.7706); kw:disclosure(38.1608)	ف ت ن:B004:بلية ومحنة وعذاب → ب ل ي:B002:البلاء امتحان يظهر الحال
C1011	0.6361	land_water_sky/fire_heat / star / fire / light	29	16	17	23	0.05711391	0.1704	0.9565	0.6957	3,6,10,13,22,23,46,47,49,55,57,63,64,66,68,70,83,88,91,97,98,99,113,127,150,155,158,163,168	ء ث ر ء ك ل ء ن ث ب ي ض ث ق ب ج ح م ح ض ر ذ ك ر ذ ه ب ش ه ب ش ي ع ظ ل م غ و ل ك و ك ب ك ي د ن ج م	theme:land_water_sky/fire_heat(61.4202); kw:star(51.3473); kw:fire(45.5656); kw:light(44.7539); kw:ignition(43.4363); kw:astronomy(42.8296); kw:flame(41.7788); kw:metal(39.8493)	ك و ك ب:B001:الكوكب نجم في السماء → ن ج م:B001:الكوكب الطالع
C1012	0.6361	chest / prosperity / belly / fortune	19	12	17	23	0.06173419	0.1797	0.913	0.7826	7,8,15,16,22,28,36,43,44,55,66,90,93,102,113,144,158,174,178	ء م ر ب ر ك ب ط ن ب ع ث ج ن ن ح ش ر س ح ر س ر ر س و ي ك ل ل و ل ي ي م ن	kw:chest(52.3699); kw:prosperity(51.1888); kw:belly(50.8811); kw:fortune(39.7012); kw:blessing(38.3916); kw:equipment(36.4065); kw:thorax(34.1547); kw:pad(31.0619)	ء م ر:B004:النماء والبركة → ب ر ك:B004:خير ثابت نام وبركة
C1013	0.6361	agitation / belly / disturbance / tremor	21	13	14	15	0.05387023	0.1667	1.0	0.8	10,12,22,26,29,30,37,44,66,68,70,93,99,103,138,140,143,144,159,166,180	ب ط ن ب ل ل ت ل ل ح ش ر خ ط ف ذ ه ب ر ج ع س ب ح س ر ر ض ر ب ع ق ل ف ل ك ه ر ع	kw:agitation(52.7421); kw:belly(50.8811); kw:disturbance(41.9894); kw:tremor(29.3388); kw:motion(26.7838); kw:swelling(26.371); kw:digestion(25.9211); kw:health(23.9465)	ب ط ن:B005:حال البطن من امتلاء أو علة → ع ق ل:B006:العُقول يمسك البطن
C1014	0.6359	waterskin / container / provisioning / perforation	20	12	12	13	0.0486504	0.197	1.0	0.6923	8,10,26,45,46,48,66,76,79,82,84,101,103,109,115,120,130,147,176,181	ث ق ب ح ل م س ل م س م ع ش ر ب ط ر ف ع ج ل ع ي ن غ ر ق ك ر ب م ء ي م ل ء	kw:waterskin(66.9285); kw:container(52.2449); kw:provisioning(34.884); kw:perforation(30.7655); kw:handle(30.7655); kw:hole(29.1436); kw:bucket(28.9576); kw:tear(27.9929)	ط ر ف:B003:عين أصابها طرف فأدمعها → غ ر ق:B003:امتلاء العين أو الأرض بالماء
C1015	0.6358	weakness / frailty / alphabet / moderation	20	10	13	14	0.05861273	0.1867	1.0	0.6429	5,15,20,21,23,60,61,70,87,97,99,102,106,113,114,117,118,150,156,158	ء م ر ء ن ث ب ي ن ظ ن ن ل ق ي م ن ن ن س ب ه ا ء ه د ي ه ر ع	kw:weakness(57.4546); kw:frailty(41.9894); kw:alphabet(34.884); kw:moderation(32.5328); kw:resilience(27.8525); kw:vulnerability(26.7714); kw:uncertainty(26.0072); kw:relation(22.9412)	ه د ي:B009:الهداء البليد الضعيف → ه ر ع:B006:جبن وضعف خفيف
C1016	0.6357	agriculture_food/food_nutrition / sustenance / swelling / nourishment	24	11	14	16	0.05701945	0.1839	1.0	0.6875	5,22,31,38,41,57,64,66,84,87,91,97,99,100,101,102,112,126,142,144,149,153,180,182	ء ك ل ب ط ن ب ن ي ح ش ر ح ل م خ ر ج ذ و ق ر ب ب ر ز ق ل ق م ن ب و	theme:agriculture_food/food_nutrition(57.3631); kw:sustenance(53.9753); kw:swelling(52.7421); kw:nourishment(38.6317); kw:pathology(36.4916); kw:fullness(35.3267); kw:morsel(32.1114); kw:growth(31.607)	ء ك ل:B006:التآكل والفساد والحكة → ح ل م:B004:تثقب الجلد وفساده بالحلم
C1017	0.6357	beauty / excellence / emotion_ethics/ethics_morality / ethics	31	12	15	15	0.05891666	0.1471	1.0	0.7333	5,6,8,11,14,31,43,55,57,66,75,80,84,87,99,100,102,105,110,112,113,114,121,125,126,131,147,149,177,180,182	ح س ن ر ء ي ر ب ب ز ي د ز ي ن س و ء ص ل ح ط ي ن ظ ن ن م ل ء م ن ن ن ع م	kw:beauty(45.8825); kw:excellence(40.1571); theme:emotion_ethics/ethics_morality(36.1985); kw:ethics(35.1221); kw:reflection(31.7301); kw:goodness(30.4895); kw:development(28.9576); kw:grace(28.7797)	ن ع م:B001:حسن الحال والنعمة → م ن ن:B003:إثقال المنعم عليه بنعمة أو تذكيرها
C1018	0.6356	elevation / terrain / landscape / mound	33	16	17	20	0.05216275	0.1481	1.0	0.8	5,8,15,21,27,30,42,44,50,71,76,80,92,94,103,105,106,110,113,115,117,121,125,131,134,135,138,140,145,156,158,175,179	ب ص ر ب ي ن ت ل ل ح س ن س ر ر ط غ و ع ج ز ع ر ي ع ق ل ع ل و ف ص ل ف ل ك ق ب ل ك ر م ن ج و ن ط ق	kw:elevation(94.3938); kw:terrain(75.5434); kw:landscape(62.1257); kw:mound(56.2768); kw:geography(53.1008); kw:sand(40.0012); kw:geology(35.2565); kw:roundness(31.0619)	ح س ن:B004:أسماء الحسن للمواضع والأجسام → ع ج ز:B005:رملة أو حبل مرتفع يشبه العجيزة
C1019	0.6352	purity / heart / essence / color	19	11	17	23	0.05812295	0.1811	1.0	0.6957	34,36,40,43,44,46,48,67,74,84,86,128,151,153,158,159,160,169,180	ء ف ك ج ر م ج ن ن خ ل ص س ر ر ش ر ب ش و ب ص ف و ق ص ر ق ل ب و ص ف	kw:purity(59.4841); kw:heart(49.7565); kw:essence(42.2076); kw:color(40.9676); kw:clarity(39.1426); kw:quality(37.3173); kw:sincerity(34.884); kw:friendship(30.7655)	خ ل ص:B007:صفاء مودة وخاصّة → ص ف و:B004:مصافاة المودة والإخاء
C1020	0.6352	pleasure / welfare / enjoyment / provision	29	11	13	11	0.05567431	0.1447	1.0	0.8182	7,16,30,37,41,42,43,46,53,57,58,59,66,72,75,85,91,102,115,118,123,124,133,139,147,148,164,171,181	ء ك ل ب ل غ ح ف ظ ر ز ق ر س ل ف ك ه ق و م ل ذ ذ م ت ع م و ت ن ع م	kw:pleasure(55.9858); kw:welfare(52.9349); kw:enjoyment(48.7992); kw:provision(45.3359); theme:economy_property/provision_resource(44.7667); kw:comfort(39.7012); kw:ration(31.3821); kw:utility(30.4895)	ر ز ق:B001:العطاء المقسوم → ء ك ل:B003:النصيب والرزق المطعوم
C1021	0.6346	herb / ecology / flora / pasture	29	13	17	20	0.06504412	0.1527	0.95	0.7	5,8,16,17,31,53,57,69,75,77,84,85,87,88,90,99,100,101,102,103,104,113,126,146,149,152,176,180,182	ء ب و ت ر ب ت ل ل ج ن ب ح ل م د ب ر ذ ر ر ر ب ب ع ج ل ن ب ت ن ج م ن د ي و ل د	kw:herb(63.231); kw:ecology(61.386); kw:flora(59.0879); kw:pasture(57.6608); kw:plant(50.2216); kw:agriculture(49.2943); kw:vegetation(45.8021); theme:agriculture_food/plant_vegetation(42.8901)	ت ر ب:B004:التساوي في السن والصحبة → و ل د:B006:قرين في سن الولادة
C1022	0.6345	hearing / sound / audition / attention	17	9	14	16	0.05612259	0.1928	1.0	0.75	8,16,23,53,58,59,60,91,94,99,101,102,125,140,144,147,148	ء ل ي ب ل غ د ع و س م ع ش ي ء غ ل م ف و ز م و ت ن و م	kw:hearing(56.2768); kw:sound(51.3748); kw:audition(50.3071); kw:attention(47.3897); kw:listening(47.0731); kw:death(44.7539); kw:misfortune(39.1426); kw:mortality(32.3757)	س م ع:B011:سَمْع لا بَلَغ → ب ل غ:B009:سماع المكروه بلا بلوغ
C1023	0.6344	penetration / humility / fortune / courage	14	9	10	9	0.0480293	0.2045	1.0	0.7778	3,10,16,28,31,37,41,53,58,59,60,103,117,157	ء ت ي ت ل و ث ق ب ج ب ن ح ق ق ر ز ق ش ه ب ف و ز م و ت	kw:penetration(41.5754); kw:humility(29.3388); kw:fortune(26.4674); kw:courage(26.185); theme:body_health_life/mortality_death(22.7484); kw:death(22.3769); kw:boring(19.2746); kw:decisiveness(19.2746)	م و ت:B013:الخضوع للحق → ف و ز:B002:الفوز بالموت والهلاك
C1024	0.6343	peer / counterpart / equal / likeness	28	11	17	24	0.05981541	0.1905	0.9583	0.625	5,16,17,19,22,31,51,53,57,69,73,83,84,85,87,88,93,97,99,100,102,126,146,149,152,153,180,182	ء ب و ب ن ي ت ر ب ر ب ب ز و ج ش ي ع ض ر ب ق ر ن ن ب ت ن ظ ر و ل د	kw:peer(106.7133); kw:counterpart(83.5576); kw:equal(66.0079); kw:likeness(56.5787); kw:cohort(49.5059); kw:companion(44.0082); kw:education(40.3171); kw:comparison(38.3916)	ت ر ب:B004:التساوي في السن والصحبة → و ل د:B006:قرين في سن الولادة
C1025	0.6338	family / inheritance / parent / child	27	14	17	21	0.06014307	0.1579	0.9524	0.7143	7,8,17,23,30,59,69,70,71,85,87,90,97,99,102,114,118,125,126,135,149,152,153,156,168,174,178	ء ب و ء م ر ء و ل ب ع ل ب ن ي س ل ط ظ ن ن ع ج ز ك ل ل م ن ن ه د ي ه ر ع و ل د و ل ي	kw:family(57.0546); kw:inheritance(52.7421); kw:parent(48.7992); kw:child(42.434); kw:frailty(41.9894); kw:household(35.8423); kw:burden(35.1871); kw:weakness(34.4728)	ه د ي:B009:الهداء البليد الضعيف → ه ر ع:B006:جبن وضعف خفيف
C1026	0.6338	death / mortality / audition / hunting	25	11	17	21	0.05641721	0.175	1.0	0.8095	5,6,8,16,23,33,36,53,58,59,60,78,84,91,94,99,102,108,119,129,140,144,147,148,163	ء ل ي ت ر ك س م ع س م و ش ر ك ش ي ء ص ل ي ف و ز ق ل ب م و ت ن و م	kw:death(78.3193); kw:mortality(64.7515); kw:audition(50.3071); kw:hunting(48.3198); kw:attention(47.3897); kw:listening(47.0731); kw:hearing(42.2076); kw:sound(41.0998)	ش ر ك:B006:شَرَك الصائد → ص ل ي:B005:المَصالي أشراك وفخوخ
C1027	0.6338	fruit / food / harvest / date	17	12	12	13	0.04912723	0.197	1.0	0.6923	34,36,40,42,66,71,74,91,102,107,114,128,134,160,169,170,176	ء ك ل ج ر م ج م ع خ ل ص ش ع ر ص ب ر ع ج ل ف د ي ف ك ه ك ث ر ك ف ر م ن ن	kw:fruit(46.4691); kw:food(44.555); kw:harvest(37.6199); kw:date(37.4165); theme:agriculture_food/plant_vegetation(35.0919); kw:barley(34.884); kw:produce(30.7655); kw:kernel(29.3388)	ج ر م:B002:مخلفات الصرام وثمره اليابس → ف د ي:B004:الفِداء لطعام مجتمع
C1028	0.6338	protection / honor / guardianship / care	32	10	13	11	0.05545303	0.1486	1.0	0.8182	5,7,8,19,25,30,31,37,45,48,57,73,84,85,87,88,90,99,100,102,115,116,118,124,126,149,164,172,174,178,180,182	ح ف ظ ح ق ق ر ب ب ع ي ن ق ذ ف ق و م ن ص ر ن ظ ر و ق ي و ل ي	kw:protection(49.7385); kw:honor(45.8825); kw:guardianship(45.3471); kw:care(37.2198); theme:conflict_security/protection_security(34.7646); kw:governance(33.7797); kw:sanctity(31.0619); kw:stewardship(28.9576)	ن ص ر:B001:النصرة عون وإظهار → و ل ي:B004:محبة ونصرة وموالاة
C1029	0.6337	trial / test / ordeal / examination	13	8	13	12	0.06421823	0.1667	1.0	0.75	12,26,29,30,31,37,38,63,88,99,102,106,162	ب ل ل ب ل و ب ل ي ذ ه ب ذ و ق ف ت ن م ع ع ن ج م	kw:trial(86.8727); kw:test(66.0079); kw:ordeal(54.4326); kw:examination(49.5059); kw:gold(44.6404); kw:affliction(36.578); kw:suffering(34.0588); kw:testing(33.004)	ف ت ن:B004:بلية ومحنة وعذاب → ب ل ي:B002:البلاء امتحان يظهر الحال
C1030	0.6336	following / succession / abandonment / pursuit	26	11	17	24	0.05938463	0.186	0.9167	0.6667	3,10,16,26,31,36,38,53,58,59,60,70,73,78,79,83,84,103,108,109,119,120,129,130,145,181	ء ث ر ت ب ع ت ر ك ت ل و ذ و ق س ل م ش ي ع ع ر ي ع ق ب ف و ز م و ت	kw:following(72.8591); kw:succession(62.8738); kw:abandonment(54.2007); kw:pursuit(49.8887); kw:death(44.7539); kw:release(35.8423); kw:sequence(35.2565); kw:aftermath(33.5381)	ت ل و:B001:اتباع وتتابع → ت ب ع:B001:التلو والقفو
C1031	0.6335	marriage / family / reproduction / woman	38	15	17	26	0.05567129	0.194	0.8462	0.6154	3,5,9,15,16,22,33,36,37,38,48,53,58,59,68,70,72,78,86,87,98,106,108,113,117,119,123,125,129,133,134,139,147,156,158,171,176,181	ب ع ل ب ي ن ت ر ك ت ل و ج م ع ر ج ع ر س ل ر و د ز و ج ش ر ك ط ر ف ظ ن ن ع ذ ب م و ت ه ر ع	kw:marriage(79.4706); kw:family(57.0546); kw:reproduction(50.9932); kw:woman(46.9162); kw:gender(42.2961); theme:body_health_life/reproduction_birth(40.1327); kw:kinship(38.0967); kw:household(35.8423)	ز و ج:B002:زوج النكاح → ر ج ع:B004:رجعة المرأة في النكاح والأهل
C1032	0.6335	summons / command / call / representation	31	14	15	13	0.06270786	0.125	1.0	0.7692	8,14,19,23,36,57,61,62,73,75,78,83,88,91,93,94,99,100,102,104,108,119,125,127,129,140,144,147,148,158,177	ء ل ي ء ي ي ت ر ك ح ض ر ش ي ع ض ر ب ع ل و م ث ل ن د و ن د ي ن ز ل ن ظ ر و ذ ر و ه ب	kw:summons(74.9722); kw:command(70.346); kw:call(54.6714); kw:representation(46.1482); kw:likeness(42.434); theme:language_communication/communication(38.4951); kw:imperative(34.884); kw:relation(34.4119)	ن د و:B002:الصوت المرفوع والنداء → ن د ي:B001:رفع الصوت والنداء
C1033	0.6335	grammar / time_measure_quantity/quantity_number / syntax / reference	46	12	14	13	0.05309698	0.1461	1.0	0.6923	4,5,7,8,14,15,17,19,20,21,23,31,34,57,59,60,61,62,71,80,84,85,87,90,91,94,99,100,102,105,106,110,121,126,131,140,144,147,148,149,168,171,174,178,180,182	ء ل ف ء ل ي ء و ل ء ي ي ذ و و ر ب ب ع ل و ك ل ل ك ل م ه ا ء و ح د و ل ي	kw:grammar(76.5503); theme:time_measure_quantity/quantity_number(64.2105); kw:syntax(45.3471); kw:reference(43.7155); kw:priority(42.6693); kw:number(41.0035); kw:preposition(36.9273); kw:alphabet(34.884)	ء ي ي:B004:أي للسؤال والتعيين → ذ و و:B004:ماذا للسؤال أو الموصول
C1034	0.6334	disaster / flood / torrent / water	12	12	15	19	0.05802605	0.1863	1.0	0.6842	5,6,7,8,30,45,68,70,82,99,142,180	ح و ت ذ ه ب ر ج ع س م و ط غ و ط غ ي ط و ف ع ز ز ع ل و غ ر ق ك ل ل ه ر ع	kw:disaster(71.3809); kw:flood(60.4627); kw:torrent(47.0731); kw:water(42.3686); kw:rain(35.5423); kw:tyranny(34.884); kw:inundation(34.884); kw:orbit(32.5328)	ط غ ي:B002:علو الماء والقوة الجارفة → ط غ و:B002:طغيان الماء وما يجري مجراه
C1035	0.6334	food / supply / provision / mixture	33	15	15	17	0.05436958	0.1619	1.0	0.6471	5,15,17,31,34,40,41,57,59,62,67,71,74,84,87,93,99,100,107,126,128,135,140,147,148,149,160,168,169,176,177,180,182	ء و ل ج ر م خ ل ص ر ب ب ر ز ق ز ي د س ح ر ش ح ن ش و ب ض ر ب ع ج ز ع ج ل ف د ي م ت ع ن ز ل	kw:food(53.466); kw:supply(45.3471); kw:provision(45.3359); kw:mixture(37.2198); kw:hospitality(36.7544); theme:agriculture_food/food_nutrition(35.852); kw:milk(34.4728); theme:craft_material_built/substance_texture(28.8336)	ر ب ب:B006:رُبّ خاثر وإصلاح به → ء و ل:B005:خثور السائل وانعقاده في آخر أمره
C1036	0.6333	offspring / body_health_life/reproduction_birth / calf / livestock	39	15	17	24	0.05463999	0.1791	0.9167	0.625	3,5,10,16,21,30,31,36,37,43,53,57,58,59,63,68,72,77,84,87,98,99,100,102,123,126,133,139,145,147,149,150,152,158,171,176,180,181,182	ء م ر ت ب ع ت ل و ج ع ل ج ن ن ر ب ب ر ج ع ر س ل ط غ و ع ج ل ف ص ل م ل ك م و ت ن ب ذ و ل د	kw:offspring(74.6347); theme:body_health_life/reproduction_birth(72.2388); kw:calf(70.7234); kw:livestock(57.1909); kw:child(56.5787); kw:reproduction(50.9932); kw:herd(38.6317); kw:kinship(38.0967)	ء م ر:B009:ولد الضأن الصغير → ط غ و:B009:الطغيا الصغير من بقر الوحش
C1037	0.6333	water / liquid / consumption / hardship	14	11	17	23	0.06099638	0.1855	0.9565	0.7391	11,21,45,46,62,76,102,103,113,115,127,152,177,180	ت ل ل ش د د ش ر ب ع ز ز ك ء س ك ذ ب ك ر ب ل ز ب م ع ع ن ز ل ن ف س	kw:water(42.3686); kw:liquid(37.8305); kw:consumption(36.2398); kw:hardship(34.9174); kw:draught(33.004); kw:environment(27.9929); theme:emotion_ethics/suffering_hardship(27.2376); kw:distress(26.8781)	ك ر ب:B001:الكرب غم شديد آخذ بالنفس → ن ف س:B002:توسيع الكربة بالتنفيس
C1038	0.6333	abandonment / release / desertion / condition_force_change/loss_absence	26	10	13	13	0.05778307	0.1757	1.0	0.6923	3,9,26,33,36,38,59,69,71,77,78,79,84,90,103,108,109,119,120,125,129,130,140,145,176,181	ب ق ي ت ر ك ت ل و د ب ر س ل م ش ح ن ض ل ل ع ذ ب ع ر ي و ذ ر	kw:abandonment(81.301); kw:release(59.7372); kw:desertion(49.5059); theme:condition_force_change/loss_absence(39.0718); kw:configuration(38.5491); kw:omission(31.0619); kw:loyalty(28.4462); kw:neglect(28.2893)	س ل م:B012:تسليم الشيء وتخليته → ت ر ك:B001:التخلية عن الشيء
C1039	0.6331	severity / calamity / adversity / disaster	25	14	16	20	0.05843722	0.1695	0.9	0.75	11,16,19,20,21,26,53,60,62,63,70,73,76,77,88,98,102,107,115,125,137,144,158,177,180	ء م ر ج ع ل د ع و ش د د ص ب ر ع ز ز ع ظ م ل ز ب م ر ر م ع ع ن ز ل ن ظ ر ه ر ع ي و م	kw:severity(83.1038); kw:calamity(59.997); kw:adversity(50.5848); kw:disaster(47.5872); kw:suffering(45.4118); kw:ordeal(40.8244); kw:crisis(38.7554); kw:environment(27.9929)	ل ز ب:B003:الشدة والضيق والقحط → ع ز ز:B008:الشدة في السنة والمطر والسيل
C1040	0.633	palm / agriculture_food/plant_vegetation / livestock / sapling	24	15	16	21	0.05543569	0.1765	1.0	0.6667	8,28,43,57,63,67,75,76,77,84,90,94,98,102,113,115,117,127,134,146,157,158,174,178	ء ت ي ج ع ل ج م ع ج ن ب ح ض ر ح م م ذ ر ر ز ف ف س ف ل ش ي ء ق ل ب ك ر ب ن ب ت ن ع م و ل ي	kw:palm(68.2325); theme:agriculture_food/plant_vegetation(58.4865); kw:livestock(57.1909); kw:sapling(49.5059); kw:pastoralism(49.1262); kw:growth(42.1427); kw:herd(38.6317); kw:seedling(34.884)	ج ع ل:B006:النخل الصغار أو القصار → ش ي ء:B006:صغار النخل
C1041	0.6327	health / recovery / body_health_life/health_medicine / wear	22	13	17	22	0.06050566	0.1679	1.0	0.6818	8,12,26,29,30,37,61,68,73,75,79,84,95,102,103,104,106,109,120,130,141,181	ب ل غ ب ل ل ب ل و ب ل ي ر ج ع س ل م س ه م ع ق ب ع ل و م ث ل ن ح ت ن د و ن د ي	kw:health(71.8395); kw:recovery(67.4691); theme:body_health_life/health_medicine(54.2076); kw:wear(41.7788); kw:erosion(39.2775); kw:change(38.1608); kw:decay(35.3977); kw:travel(35.2923)	ن د و:B006:تندية الإبل والخيل بين الماء والمرعى → ن د ي:B004:تندية الإبل والخيل بين الماء والمرعى
C1042	0.6325	perception / observation / reflection / waiting	26	12	17	20	0.0602039	0.1562	1.0	0.75	14,19,45,46,48,54,55,57,65,73,77,78,82,88,102,105,108,119,127,129,136,148,150,158,174,178	ء خ ر ء ي ي ب ق ي ح ض ر ح ي ن ر ء ي ش ر ب ش ه د ط ل ع ع ي ن ن ج م ن ظ ر	kw:perception(66.6692); kw:observation(58.6776); kw:reflection(47.5952); kw:waiting(43.4363); kw:appearance(43.1103); theme:time_measure_quantity/time(40.6249); kw:delay(37.8305); kw:view(36.9273)	ر ء ي:B006:مرأى ومنظر ومرآة → ن ظ ر:B004:ظهور الشيء للناظر أو حسن مرآه
C1043	0.6324	restraint / prevention / condition_force_change/control_restraint / abstention	20	11	15	17	0.06014692	0.17	1.0	0.7059	7,8,9,24,33,36,38,48,59,77,78,93,102,108,119,129,134,135,154,176	ب ق ي ت ر ك ج م ع ح ك م ص ب ر ض ر ب ع ج ز ع ذ ب ق ص ر ك ل ل و ق ف	kw:restraint(76.4806); kw:prevention(51.8423); theme:condition_force_change/control_restraint(47.8198); kw:abstention(45.7343); kw:withdrawal(39.7012); kw:discipline(37.6199); kw:reform(33.004); theme:condition_force_change/capacity_ability(30.0146)	ع ذ ب:B003:الكف والمنع والفطام عن الشيء → ض ر ب:B004:القبض عن الشيء والكف
C1044	0.6324	suffering / pain / space_form_boundary/place_location / settlement	27	10	13	13	0.05929637	0.1733	1.0	0.6154	9,16,21,30,33,36,38,43,46,49,53,57,59,60,75,76,85,107,115,118,124,148,158,164,174,176,178	ء ل م ب ي ض ج ن ن ح ي ن ع ذ ب ع ظ م ف ص ل ق و م ن ع م و ص ب	kw:suffering(68.1177); kw:pain(61.5604); theme:space_form_boundary/place_location(52.4583); kw:settlement(51.5428); kw:residence(50.4406); kw:bone(38.6317); kw:torment(32.5328); kw:place(30.9257)	ع ذ ب:B005:العذاب إيلام وعقوبة → ء ل م:B002:الإيلام والوصف بالموجع
C1045	0.6323	sunrise / eye / light / beauty	17	10	13	14	0.05831844	0.1867	0.9286	0.7143	5,8,11,45,48,54,55,65,66,77,82,96,113,125,134,140,150	ج م ع خ ل ق ذ ر ر ش ح ن ش ر ق ط ر ف ط ل ع ع ي ن غ ر ق م ل ء	kw:sunrise(51.232); kw:eye(47.893); kw:light(44.7539); kw:beauty(34.4119); kw:radiance(28.4462); kw:dawn(28.2893); kw:tear(27.9929); kw:emotion(25.7268)	م ل ء:B001:امتلاء يساوي الوعاء → ط ل ع:B007:امتلاء مستوعب
C1046	0.6319	belly / tribe / cavity / womb	16	11	16	21	0.05605165	0.2	0.9524	0.8095	11,15,22,36,43,44,66,76,93,102,115,134,138,144,146,158	ب ط ن ج ن ن ح ش ر س ح ر س ر ر ص ب ر ض ر ب ط ي ن ع ق ل ق ط ن ن ج و	kw:belly(50.8811); kw:tribe(35.6904); kw:cavity(29.1436); kw:womb(26.6675); kw:swelling(26.371); kw:clan(26.2769); theme:body_health_life/reproduction_birth(24.0796); kw:health(23.9465)	ب ط ن:B005:حال البطن من امتلاء أو علة → ع ق ل:B006:العُقول يمسك البطن
C1047	0.6317	sequence / following / wealth / debt	20	11	17	25	0.05816871	0.2083	0.96	0.68	3,8,10,16,20,31,37,39,53,66,71,73,80,83,86,98,105,110,121,131	ت ب ع ت ر ب ت ل و ج ز ي ح ق ق د ي ن ر و د ش ي ع ع ق ب ك ث ر م ل ء	kw:sequence(47.0087); kw:following(43.7155); kw:wealth(43.0534); kw:debt(42.434); kw:claim(41.9894); kw:order(38.6317); kw:succession(37.7243); kw:continuity(37.6199)	ت ل و:B001:اتباع وتتابع → ت ب ع:B001:التلو والقفو
C1048	0.6317	plant / herb / botany / agriculture_food/plant_vegetation	31	16	17	24	0.06138949	0.1778	0.8333	0.6667	5,7,8,9,16,31,33,38,46,53,57,59,75,77,84,87,88,99,100,101,102,104,107,113,126,135,137,149,176,180,182	ت ر ب ج ن ب ح ل م ذ ب ح ذ ر ر ر ب ب ش ر ب ص ب ر ع ج ل ع ذ ب غ ب ر ق ل ب م ر د م ر ر ن ج م ن د ي	kw:plant(90.399); kw:herb(75.8772); kw:botany(66.5628); theme:agriculture_food/plant_vegetation(66.2847); kw:ecology(61.386); kw:flora(59.0879); kw:fruit(58.0864); kw:pasture(57.6608)	ت ر ب:B007:نبت التُّرْبَة → ع ج ل:B009:النبت المسمى عجلة
C1049	0.6317	elevation / geography / terrain / land_water_sky/terrain_desert	16	13	17	22	0.05709821	0.1679	1.0	0.7727	1,5,6,8,30,55,60,75,76,103,112,115,134,140,145,165	ت ل ل ج و ب س م و س و ي ص ف ف ط غ و ط غ ي ع ر ي ع ل و ف ل ك ف و ز ن ب و ن ج و	kw:elevation(117.9923); kw:geography(61.951); kw:terrain(53.9596); theme:land_water_sky/terrain_desert(51.2225); kw:rise(43.4363); kw:landscape(41.4171); kw:plain(40.8244); kw:smoothness(38.8817)	س م و:B001:العلو والارتفاع → ع ل و:B001:السمو والارتفاع
C1050	0.6317	elevation / posture / top / ascent	15	9	14	18	0.06036685	0.2368	0.9444	0.6111	5,6,8,41,46,55,65,79,87,98,102,158,164,170,182	د ن و ر ء س س ف ل س م و س و ي ش ر ب ص ب ر ع ل م ع ل و	kw:elevation(47.1969); kw:posture(45.0396); kw:top(44.6404); kw:ascent(39.4154); kw:eminence(33.5381); kw:summit(30.2314); kw:rise(28.9576); kw:dominance(27.2163)	س م و:B001:العلو والارتفاع → ع ل و:B001:السمو والارتفاع
C1051	0.6315	ugliness / virtue / disfigurement / character	14	10	13	16	0.05417978	0.2162	1.0	0.625	7,8,11,61,64,65,66,83,96,102,113,125,150,177	خ ر ج خ ل ق س م ع س و ء ش ط ن ش ي ء ش ي ع م ث ل م ل ء ن ف س	kw:ugliness(60.4627); kw:virtue(49.8887); kw:disfigurement(34.884); kw:character(34.787); kw:representation(30.7655); kw:production(29.1436); kw:creation(27.5858); kw:ethics(26.3416)	م ل ء:B005:ملأ حسن الخلق → خ ل ق:B004:السجية والطبيعة الباطنة
C1052	0.6315	color / contrast / mixture / earth	15	14	14	15	0.06101955	0.1648	1.0	0.6667	5,10,11,22,34,46,49,64,93,125,135,137,146,150,177	ء ن ث ب ع ل ب ي ض ج ر م خ ر ج ز و ج ش ر ب ش ر ق ش ه ب ص ب ح ض ر ب ط ي ن غ ب ر ق ط ن	kw:color(133.1446); kw:contrast(42.9143); kw:mixture(37.2198); kw:earth(34.1742); kw:type(33.004); kw:appearance(32.3327); kw:class(32.1114); theme:craft_material_built/ornament_beauty(30.1999)	ز و ج:B004:لون أو صنف من أصناف الشيء → ض ر ب:B007:الصنف والصيغة
C1053	0.6314	sequence / following / presence / succession	26	13	16	14	0.06435044	0.1228	0.9286	0.9286	3,8,10,14,22,30,33,36,55,57,70,78,83,85,102,105,108,115,118,119,124,127,129,150,158,164	ت ب ع ت ر ك ت ل و ح ض ر ر ء ي ز و ج س ع ي س م ع ش ر ك ش ه د ش ي ع ق و م ه ر ع	kw:sequence(47.0087); kw:following(43.7155); kw:presence(40.6505); kw:succession(37.7243); kw:continuity(37.6199); kw:pursuit(37.4165); kw:reputation(36.1582); kw:proximity(36.1582)	ت ل و:B001:اتباع وتتابع → ت ب ع:B001:التلو والقفو
C1054	0.6309	meaning / evidence / division / communication	26	10	14	14	0.06050786	0.1667	0.9286	0.7857	5,15,21,23,41,69,75,79,87,92,97,99,102,104,106,112,113,117,118,149,153,156,158,164,170,182	ب ن ي ب ي ن ع ل م ف ص ل ل ف ي ن ب و ن د و ن د ي ن ط ق ه د ي	kw:meaning(44.0082); kw:evidence(40.6505); kw:division(36.4916); kw:communication(34.4753); kw:appearance(32.3327); kw:explanation(31.0619); kw:manifestation(29.9889); kw:cognition(29.5665)	ن د و:B008:ظهور الشيء كأنه ينادي → ن د ي:B011:ظهور وإعلام كمناداة
C1055	0.6304	star / land_water_sky/sky_astronomy / mansion / night	22	14	17	19	0.0636292	0.1439	1.0	0.7368	6,10,11,17,22,36,43,57,59,71,84,88,90,94,102,107,126,127,138,149,158,168	ء و ل ث ق ب ج ن ن ح ش ر ح ض ر د ب ر ذ ب ح ز ف ف ش ه ب ف ت ي ق ل ب ك و ك ب ل ي ل ن ج م	kw:star(89.8577); theme:land_water_sky/sky_astronomy(68.0156); kw:mansion(62.1239); kw:night(58.6452); kw:constellation(58.2873); kw:astronomy(53.537); kw:darkness(50.299); kw:calendar(48.4301)	ك و ك ب:B001:الكوكب نجم في السماء → ن ج م:B001:الكوكب الطالع
C1056	0.6303	sky / ascent / cloud / elevation	28	12	17	24	0.05862211	0.1875	0.875	0.7083	5,6,8,9,31,33,38,55,57,59,62,64,66,84,87,97,98,99,100,102,126,144,149,153,176,177,180,182	ء ر ض ب ط ن ب ن ي خ ر ج ر ب ب س ف ل س م و س و ي ص ب ر ع ذ ب ع ل و ن ز ل	kw:sky(71.8395); kw:ascent(39.4154); kw:cloud(37.4165); kw:elevation(35.3977); kw:overhead(34.884); kw:rise(28.9576); kw:meteorology(28.7797); theme:kinship_society/hierarchy_status(27.9059)	س م و:B001:العلو والارتفاع → ع ل و:B001:السمو والارتفاع
C1057	0.6303	arrow / conflict_security/weaponry / ear / point	24	13	17	15	0.06367845	0.1145	0.9333	0.9333	5,8,10,22,30,31,47,49,54,55,57,65,84,87,90,99,100,126,141,149,150,156,180,182	ء ن ث ح ش ر خ ط ف د ب ر ر ب ب س ل ط س م ع س ه م ش ر ق ط ل ع ع ل و غ و ل ك ن ن	kw:arrow(63.231); theme:conflict_security/weaponry(57.9581); kw:ear(55.9858); kw:point(42.9143); kw:overshoot(34.1547); kw:slit(33.004); kw:duality(32.5328); kw:anatomy(31.3884)	ط ل ع:B010:سهم يطلع فوق الغرض → د ب ر:B018:دبر السهم الهدف
C1058	0.6303	basin / land_water_sky/water_hydrology / hydrology / pool	24	11	14	12	0.057035	0.1364	1.0	0.8333	11,25,28,33,37,41,79,84,87,96,100,102,116,117,125,134,137,150,157,158,164,170,172,182	ء ت ي ء م ر ج م ع ج ي ء خ ل ق ش ر ك ص ب ر ع ل م م ر ر ن ص ر و ه ب	kw:basin(63.4145); theme:land_water_sky/water_hydrology(59.0908); kw:hydrology(43.0534); kw:pool(42.9143); kw:circumstance(33.004); kw:conduit(31.7301); kw:reservoir(29.9889); kw:cooperation(28.6095)	خ ل ق:B011:نقرة أو بئر تمسك الماء → و ه ب:B003:نقرة في الصخر تمسك الماء
C1059	0.6302	space / language_communication/writing_text / breadth / alignment	23	11	12	10	0.05490961	0.1538	1.0	0.8	5,15,21,24,43,57,62,75,76,97,106,113,117,134,143,148,156,157,158,159,166,177,180	ء ه ل ب ي ن س ب ح ف ص ل ك ت ب ل ق ي م ت ع ن ز ل ن ع م ن ف س و ق ف	kw:space(42.0421); theme:language_communication/writing_text(30.253); kw:breadth(28.1384); kw:alignment(27.4588); kw:gap(26.5662); kw:comfort(26.4674); theme:time_measure_quantity/measurement(26.2973); kw:hospitality(24.503)	ن ع م:B011:موافقة المكان وطيب المقام → ء ه ل:B005:تحية السعة والأنس
C1060	0.6301	death / mortality / body_health_life/mortality_death / loss	20	11	17	22	0.05671413	0.1913	1.0	0.7727	11,16,23,28,30,53,55,58,59,60,64,68,93,97,102,113,117,157,163,180	ء ت ي ب ر ك ج ح م ش د د ش ي ء ط غ و ع ز ز ف و ز م و ت ن و م ي م ن	kw:death(123.0731); kw:mortality(86.3353); theme:body_health_life/mortality_death(54.5963); kw:loss(33.6183); kw:warfare(31.7609); kw:corpse(31.7301); kw:burial(27.1003); kw:persistence(25.5168)	م و ت:B008:ميتة الحال وواحدة الموت → ن و م:B008:الموت والإماتة
C1061	0.63	ostrich / bird / banner / anatomy	32	10	11	9	0.05531102	0.1667	1.0	0.6667	7,8,14,22,30,36,41,43,55,57,63,73,75,78,79,85,87,88,101,102,105,108,113,115,118,119,124,129,158,164,170,182	ت ر ك ح ل م ر ء ي ظ ل م ع ق ب ع ل م ق و م ك ل ل ن ج م ن ع م	kw:ostrich(60.4627); kw:bird(46.9162); kw:banner(33.004); kw:anatomy(31.3884); kw:landmark(27.5858); kw:desert(22.5932); theme:animal_life/wildlife(22.4055); kw:support(22.239)	ظ ل م:B006:الظليم ذكر النعام → ن ع م:B006:النعام والنعامة الطائر
C1062	0.6299	horse / locomotion / animal / transport	16	13	14	14	0.05308681	0.1556	1.0	0.8571	5,6,8,31,37,46,51,57,68,92,102,112,124,127,158,180	ء ر ض ب ل غ ج ن ب ح ض ر ح ق ق د ن و ر ج ع ش ر ب ع ز ز ق ر ن ن ب و ن ط ق و ق ي	kw:horse(81.0199); kw:locomotion(47.6879); kw:animal(41.3268); kw:transport(40.6253); kw:speed(34.1162); kw:coordination(30.2314); theme:movement_travel/transport(29.8017); kw:gallop(29.3388)	ج ن ب:B005:التجنيب قيادة شيء إلى الجنب → ن ط ق:B005:انتطاق الفرس
C1063	0.6298	plant / herb / ecology / vegetation	31	16	17	25	0.05916731	0.1852	0.84	0.64	5,16,31,36,43,48,53,57,73,75,76,84,87,88,99,100,101,102,103,104,107,115,126,140,146,149,158,163,176,180,182	ء ب ق ت ر ب ت ل ل ج ن ن ح ل م ذ ب ح ر ب ب ش ع ر ص ل ي ع ج ل ع ق ب ق ص ر ك ر ب ن ب ت ن ج م ن د ي	kw:plant(100.4433); kw:herb(75.8772); kw:ecology(71.6169); kw:vegetation(68.7031); kw:flora(59.0879); theme:agriculture_food/plant_vegetation(50.6883); kw:botany(47.5448); kw:agriculture(41.0786)	ت ر ب:B007:نبت التُّرْبَة → ع ج ل:B009:النبت المسمى عجلة
C1064	0.6294	meaning / division / explanation / composition	28	12	17	19	0.05739624	0.1484	0.9474	0.8421	5,7,8,14,15,21,23,27,50,69,91,92,94,97,99,102,106,113,117,134,140,144,147,148,149,153,156,158	ء ل ف ء ل ي ء ي ي ب ع ض ب ن ي ب ي ن ج م ع ش ي ء ف ص ل ك ل ل ل ف ي ن ط ق	kw:meaning(58.6776); kw:division(48.6555); kw:explanation(46.5929); kw:composition(44.6404); kw:evidence(40.6505); theme:kinship_society/social_relations(38.606); theme:time_measure_quantity/quantity_number(38.5263); kw:relation(34.4119)	ج م ع:B001:ضم المتفرق حتى يصير شيئا مجموعا → ء ل ف:B002:ضم الشيء إلى الشيء والتأليف
C1065	0.6294	throat / chin / jaw / tree	20	13	15	18	0.0565462	0.1748	0.9444	0.7222	15,36,43,46,48,62,64,66,83,84,91,102,103,104,107,109,146,154,158,180	ء ك ل ب ر ه م ج ب ن ج ن ن ح ك م ذ ب ح س ح ر ش ج ر ش ر ب ع ز ز ق ص ر ق ل ب ن ب ت	kw:throat(49.4984); kw:chin(45.7343); kw:jaw(45.3471); kw:tree(45.2608); kw:face(35.9982); kw:agriculture(32.8628); kw:trunk(29.9889); kw:grove(28.6095)	ج ن ن:B003:البستان المستور بالشجر → ء ك ل:B002:غلة الشجر والزرع
C1066	0.6294	terrain / migration / stone / landscape	20	12	13	12	0.05261258	0.1558	1.0	0.8333	5,8,15,25,55,93,102,106,113,116,117,125,145,156,158,172,173,175,177,179	ء ر ض ب ص ر ب ل غ ب ي ن ج ن د د ع و س م ع س و ح س و ي ض ر ب ع ر ي ن ص ر	kw:terrain(43.1677); kw:migration(36.9363); kw:stone(35.7659); kw:landscape(31.0628); kw:courtyard(30.7655); kw:house(28.2893); kw:openness(28.2893); kw:expanse(27.2163)	ج ن د:B002:الأرض الغليظة ذات الحجارة → ب ص ر:B007:حجارة بصرة رخوة
C1067	0.6293	color / face / appearance / aesthetics	24	15	15	17	0.05301035	0.1619	1.0	0.7059	1,5,6,10,23,34,46,49,54,55,64,65,68,75,97,101,104,112,135,137,141,163,165,177	ب ش ر ب ي ض ج ح م ج ر م ز ي ن س ه م ش ر ق ش ه ب ص ب ح ص ف ف ط ل ع غ ب ر ل ق ي ن ب ء ن د ي	kw:color(81.9351); kw:face(59.997); kw:appearance(43.1103); kw:aesthetics(38.1608); kw:purity(35.6904); kw:beauty(34.4119); kw:complexion(29.1436); kw:brightness(28.6095)	ش ر ق:B003:اشتداد اللون وامتلاؤه → ص ب ح:B006:الصُّبْحة والصباحة
C1068	0.6292	vessel / drink / container / draught	21	14	17	27	0.05527561	0.2045	0.9259	0.6296	11,17,45,46,47,59,66,71,82,91,99,100,112,113,125,126,137,141,149,168,177	ء ك ل ء و ل ب ع ل ذ ه ب س ه م ش ر ب ص ب ح ص ل ح غ ر ق ف ت و ف ت ي ك ء س ن ز ف ن ف س	kw:vessel(53.8167); kw:drink(52.9349); kw:container(52.2449); kw:draught(49.5059); kw:consumption(48.3198); kw:measure(44.684); kw:cup(44.316); kw:beverage(42.2076)	ش ر ب:B001:تناول المائع → ن ف س:B006:نفس الشرب وجرعته
C1069	0.629	earth / dust / soil / geology	25	11	12	13	0.05524515	0.2	1.0	0.5385	5,11,16,17,31,44,47,53,57,69,75,84,85,87,91,93,99,100,102,104,126,135,149,180,182	ء ب و ت ر ب ر ب ب ر و غ س ر ر ض ر ب ط ي ن غ ب ر غ و ل ل ف ي ن د ي	kw:earth(91.1312); kw:dust(65.4624); kw:soil(63.0508); kw:geology(35.2565); kw:nurture(33.5381); kw:dirt(31.3821); kw:education(26.8781); kw:prosperity(25.5944)	ر ب ب:B002:إصلاح وتربية وإتمام → ء ب و:B001:الأبوة والتربية
C1070	0.6289	drink / nourishment / draught / consumption	17	10	17	26	0.05789839	0.2063	0.9231	0.6538	9,33,38,45,46,54,55,59,65,82,88,103,113,137,145,176,177	ت ل ل ش ر ب ص ب ح ط ل ع ع ذ ب غ ر ق ك ء س ن ب ذ ن ج م ن ف س	kw:drink(105.8698); kw:nourishment(51.5089); kw:draught(49.5059); kw:consumption(48.3198); kw:cup(44.316); kw:vessel(43.0534); kw:liquid(37.8305); theme:agriculture_food/cooking_drink(37.5082)	ش ر ب:B001:تناول المائع → ن ف س:B006:نفس الشرب وجرعته
C1071	0.6284	remnant / trace / passage / eradication	22	13	16	19	0.05986445	0.1638	1.0	0.6842	20,21,26,64,70,73,77,78,82,90,99,108,119,125,129,135,136,137,144,148,174,178	ء ث ر ء خ ر ء ص ل ب ق ي ح ي ن د ب ر د م ر ذ ه ب ع ق ب غ ب ر م ر ر و ذ ر ي و م	kw:remnant(38.1608); kw:trace(37.1238); kw:passage(35.6904); kw:eradication(34.1547); kw:aftermath(33.5381); theme:time_measure_quantity/time(33.2386); kw:period(29.3388); kw:end(28.9576)	د ب ر:B004:قطع الدابر واستئصال الأثر → د م ر:B002:الهلاك المستأصل
C1072	0.6281	mating / sexuality / reproduction / fertility	31	15	15	13	0.06236214	0.1238	0.9231	0.7692	5,6,8,16,28,37,53,58,59,63,66,68,72,77,90,93,98,113,117,123,133,137,138,139,144,147,157,158,171,177,181	ء ت ي ب ر ك ب ط ن ب ع ث ت ر ب ج ع ل د ب ر ر ج ع ر س ل س م و ص ب ح ض ر ب ع ق ل ع ل و م و ت	kw:mating(55.7051); kw:sexuality(53.2649); kw:reproduction(50.9932); kw:fertility(42.5584); kw:camel(37.0667); kw:husbandry(33.8898); kw:estrus(31.3821); kw:breeding(28.9576)	ء ت ي:B012:استئتاء الناقة → ج ع ل:B009:اشتهاء الأنثى للفحل
C1073	0.6279	sunrise / emergence / sprout / growth	21	11	13	11	0.06499197	0.1467	1.0	0.7273	5,24,30,54,55,57,65,77,78,82,88,108,112,113,119,125,127,129,136,146,158	ء خ ر ب ع ل ح ض ر ذ ر ر ش ر ق ط غ و ط ل ع ن ب ء ن ب ت ن ج م و ق ف	kw:sunrise(51.232); kw:emergence(49.8887); kw:sprout(42.6693); kw:growth(42.1427); kw:arrival(37.0293); kw:light(33.5654); kw:dawn(28.2893); kw:presence(27.1003)	ط ل ع:B001:طلوع النير وموضعه → ن ج م:B002:الطالع الظاهر
C1074	0.6277	kinship_society/household_community / group / society / crowd	31	14	16	21	0.05783437	0.178	0.9048	0.619	5,8,10,22,27,31,44,45,50,57,66,71,77,83,84,87,90,94,98,99,100,113,126,127,134,140,149,150,158,180,182	ت ب ع ج م ع ح ش ر ح ض ر د ب ر ذ ر ر ر ب ب س ف ل ش ي ع ط و ف ف ل ك ق ب ل م ل ء م ل ك	theme:kinship_society/household_community(51.0415); kw:group(48.542); kw:society(41.5571); kw:crowd(38.2751); kw:community(33.7254); kw:swarm(30.7655); kw:insect(27.7169); kw:animal(27.5512)	ر ب ب:B004:ربة وجماعات كثيرة → ق ب ل:B009:جماعة يقبل بعضها على بعض
C1075	0.6275	torrent / flood / blood / fluid	18	15	15	16	0.05977371	0.1524	1.0	0.6875	28,30,45,47,48,51,67,70,90,98,113,117,135,157,168,174,178,180	ء ت ي ح م م ط ر ف ط غ و ط غ ي ع ز ز ع ن د ع ي ن غ ب ر ق ر ن ك ي د ن ز ف ن ف س ه ر ع و ل ي	kw:torrent(62.7642); kw:flood(60.4627); kw:blood(49.8887); kw:fluid(47.7898); kw:disaster(47.5872); kw:rain(47.3897); kw:tear(41.9894); kw:flow(35.8423)	ط غ ي:B002:علو الماء والقوة الجارفة → ط غ و:B002:طغيان الماء وما يجري مجراه
C1076	0.6275	earth / deprivation / dust / soil	27	8	11	9	0.05158612	0.1837	1.0	0.7778	5,16,30,31,36,47,53,57,76,78,84,87,91,93,99,100,108,115,119,126,129,134,135,149,156,180,182	ت ر ب ت ر ك ر ب ب ر و غ س ل ط غ ب ر غ و ل ن ج و	kw:earth(45.5656); kw:deprivation(40.3171); kw:dust(39.2775); kw:soil(37.8305); kw:dirt(31.3821); kw:flora(29.544); kw:command(28.1384); kw:prosperity(25.5944)	غ و ل:B005:كثرة الرمل والتراب → ر و غ:B005:الرِّياغ التراب
C1077	0.6273	hardness / reptile / fertility / barrenness	25	14	17	19	0.06385013	0.1439	0.9474	0.7368	1,5,10,36,42,43,46,49,78,80,84,102,105,108,110,113,119,121,125,129,131,153,158,165,173	ء ر ض ب ي ض ت ر ك ج ن د ج ن ن ح س ن ش ر ب ش ع ر ش ه ب ص ب ر ص ف ف ص ف و ق ل ب ك ر م	kw:hardness(61.873); kw:reptile(42.9143); kw:fertility(42.5584); kw:barrenness(39.1426); kw:smoothness(38.8817); kw:whiteness(35.9982); kw:stone(35.7659); kw:geology(35.2565)	ص ب ر:B005:حجر غليظ وأرض حصباء → ج ن د:B002:الأرض الغليظة ذات الحجارة
C1078	0.627	space_form_boundary/place_location / concealment / refuge / place	27	13	15	13	0.05829674	0.1275	1.0	0.8462	5,8,20,30,36,43,45,49,53,63,77,85,98,101,115,118,124,140,143,148,158,159,164,166,174,178,180	ء ب ق ج ع ل ج ن ب ج ن ن ح ل م ح ي ن د ي ن س ب ح ش ر ق ط و ف غ ل م ق و م ك ن ن	theme:space_form_boundary/place_location(56.2053); kw:concealment(54.629); kw:refuge(52.9349); kw:place(51.5428); kw:shelter(43.4013); kw:location(41.1882); theme:conflict_security/protection_security(34.7646); kw:hiding(34.1547)	ج ن ب:B011:المجنب وقاء إلى الجنب → ج ن ن:B008:الجُنّة الواقية
C1079	0.627	textile / bird / whiteness / garment	29	11	13	12	0.05971084	0.16	1.0	0.6667	5,8,31,36,41,43,46,49,57,66,75,78,84,87,99,100,102,108,113,119,126,127,129,138,146,149,158,180,182	ب ر ك ب ي ض ت ر ك ح ض ر ر ب ب ر ز ق ص ب ر ع ق ل ق ط ن م ل ء ن ع م	kw:textile(49.4136); kw:bird(46.9162); kw:whiteness(35.9982); kw:garment(34.2919); kw:helmet(34.1547); kw:clothing(32.5509); kw:egg(30.7655); kw:color(30.7257)	ت ر ك:B008:بيضة متروكة وما يشبهها → ب ي ض:B003:البَيْضة وبيض الطائر
C1080	0.6265	agriculture_food/food_nutrition / sustenance / nourishment / drink	17	13	17	27	0.05495241	0.2077	0.963	0.5926	15,41,42,45,46,66,82,91,97,102,103,113,137,148,149,153,177	ء ك ل ب ل غ ب ن ي ج ب ن ر ز ق س ح ر ش ر ب ص ب ح غ ر ق ك ء س ك ر م م ت ع ن ف س	theme:agriculture_food/food_nutrition(78.8743); kw:sustenance(67.4691); kw:nourishment(64.3861); kw:drink(52.9349); kw:draught(49.5059); kw:liquid(37.8305); kw:consumption(36.2398); kw:food(35.644)	ش ر ب:B001:تناول المائع → ن ف س:B006:نفس الشرب وجرعته
C1081	0.6261	horse / disease / leg / locomotion	22	14	14	14	0.0498891	0.1538	1.0	0.7857	6,8,24,30,31,37,46,49,51,56,57,85,98,102,115,118,124,127,138,158,164,180	ب ي ض ج ن ب ح ض ر ح ق ق د ن و ر د ي س ف ل ش ي ء ع ز ز ع ق ل ق ر ن ق و م و ق ف و ق ي	kw:horse(69.4456); kw:disease(57.5572); kw:leg(52.7421); kw:locomotion(47.6879); kw:anatomy(39.2355); kw:limb(37.4165); kw:stance(33.004); kw:lameness(32.1114)	ب ي ض:B012:البَيَض داء وورم → ع ق ل:B009:العَقَل في الرجلين
C1082	0.6261	earth / clay / soil / geology	12	11	13	13	0.05436098	0.1711	1.0	0.7692	11,16,44,53,75,91,93,104,135,146,173,180	ت ر ب ج ن د ر و غ س ر ر ض ر ب ط ي ن ع ز ز غ ب ر ق ط ن ل ز ب ن د ي	kw:earth(91.1312); kw:clay(58.2873); kw:soil(50.4406); kw:geology(47.0087); kw:dust(39.2775); kw:texture(34.5343); kw:dirt(31.3821); kw:coating(28.6095)	ت ر ب:B001:التراب والأرض والغبار → غ ب ر:B004:الغبار والغبرة وما صار بلون التراب
C1083	0.626	bone / skeleton / joint / pride	40	14	17	24	0.05746178	0.1818	0.875	0.5833	8,16,21,22,26,34,35,36,40,43,53,60,64,74,76,79,81,84,85,89,95,103,107,109,111,113,115,120,122,128,130,132,137,145,158,160,161,169,171,181	ج ر م ج ن ب ج ن ن خ ر ج س ق م س ل م ع ب د ع ظ م ع ل و ف ص ل ك ب ر ك ل م م ر ر ن ف س	kw:bone(64.3861); kw:skeleton(42.9143); kw:joint(41.0035); kw:pride(40.6505); theme:body_health_life/health_medicine(36.1384); kw:majority(34.884); kw:lesion(31.0619); theme:body_health_life/anatomy(30.0699)	ع ظ م:B005:العَظْم الصلب → ف ص ل:B005:مفصل بين عضوين أو قطعتين
C1084	0.626	kinship_society/hospitality_welfare / welfare / reciprocity / blessing	33	11	17	18	0.05773406	0.1395	0.9444	0.7778	5,6,31,37,42,43,57,72,75,80,84,87,99,100,105,110,112,113,114,121,123,125,126,131,133,139,147,149,170,171,180,181,182	ح س ن ح م د ر ب ب ر س ل ز ي ن ص ل ح ف ك ه ك ف ر م ن ن ن ع م ن ف س	theme:kinship_society/hospitality_welfare(53.9554); kw:welfare(52.9349); kw:reciprocity(51.8423); kw:blessing(51.1888); theme:emotion_ethics/ethics_morality(49.3616); kw:gratitude(47.5952); kw:benefaction(43.7155); kw:favor(40.8244)	ن ع م:B001:حسن الحال والنعمة → م ن ن:B003:إثقال المنعم عليه بنعمة أو تذكيرها
C1085	0.626	labor / economy_property/labor_work / pedestrian / laborer	37	11	15	14	0.05568493	0.1474	1.0	0.7857	11,15,18,20,28,29,31,34,35,36,39,43,45,48,51,52,54,56,57,61,75,85,89,91,95,96,97,99,102,124,138,141,149,151,152,153,167	ب ن ي س ه م ط ي ن ع ق ل ع م ل ع ي ن ف ع ل ق و ل م ع ع ن ع م و ل د	kw:labor(52.0647); theme:economy_property/labor_work(45.6774); kw:pedestrian(35.7766); kw:laborer(34.884); kw:worker(34.884); kw:work(29.7602); kw:excellence(26.7714); kw:travel(26.4692)	ف ع ل:B003:فَعلة العمل → ع م ل:B006:العملة العاملون بالأيدي
C1086	0.626	leg / gait / travel / eye	27	11	13	11	0.05455629	0.1467	1.0	0.8182	8,12,14,30,37,39,45,48,61,68,72,85,96,98,115,118,123,124,133,139,147,150,159,164,171,180,181	ر ج ع ر س ل س خ ر س ف ل ش ه د ع م ل ع ي ن ق ذ ف ق و م م ل ك و ص ف	kw:leg(52.7421); kw:gait(49.2484); kw:travel(44.1154); kw:eye(35.9198); kw:pace(28.4462); kw:sight(28.4462); kw:organ(26.0072); kw:limb(24.9444)	ر ج ع:B008:رجع الدابة في السير → و ص ف:B003:دابة ظهر حسن سيرها حتى توصف مشيتها
C1087	0.6259	sunrise / growth / emergence / dawn	19	11	15	20	0.0591781	0.2041	0.85	0.7	5,28,36,43,54,55,65,77,88,101,112,113,117,137,146,150,157,158,177	ء ت ي ب ش ر ج ن ن ذ ر ر ش ر ق ش ه د ص ب ح ط ل ع ن ب ء ن ب ت ن ج م	kw:sunrise(68.3094); kw:growth(63.214); kw:emergence(62.3609); kw:dawn(56.5787); kw:light(44.7539); kw:sprout(42.6693); kw:daybreak(31.3821); kw:plant(30.133)	ط ل ع:B001:طلوع النير وموضعه → ن ج م:B002:الطالع الظاهر
C1088	0.6259	hardness / stone / terrain / land_water_sky/terrain_desert	23	13	14	12	0.05618831	0.1333	1.0	0.8333	5,7,8,15,36,43,55,66,75,101,106,112,113,117,144,145,153,156,158,173,175,179,180	ء ر ض ب ش ر ب ص ر ب ط ن ب ي ن ج ن د ج ن ن ج و ب س و ي ص ف و ع ر ي ع ز ز ك ل ل	kw:hardness(49.4984); kw:stone(47.6879); kw:terrain(43.1677); theme:land_water_sky/terrain_desert(35.4617); kw:geology(35.2565); kw:openness(28.2893); kw:expanse(27.2163); kw:plain(27.2163)	ج ن د:B002:الأرض الغليظة ذات الحجارة → ب ص ر:B007:حجارة بصرة رخوة
C1089	0.6259	outcome / consequence / return / destiny	10	6	10	9	0.0604819	0.2368	1.0	0.7778	14,17,59,68,71,73,84,90,126,168	ء و ل ء ي ي د ب ر ر ج ع ع ق ب ق ل ب	kw:outcome(61.531); kw:consequence(44.6404); kw:return(35.9982); kw:destiny(31.0619); kw:end(28.9576); kw:withdrawal(26.4674); kw:gloss(19.2746); kw:paraphrase(19.2746)	ء و ل:B002:رجوع الشيء إلى مآله وعاقبته → ر ج ع:B001:العود والرد إلى ما كان
C1090	0.6258	envy / identity / description / quality	14	10	17	21	0.06343834	0.178	1.0	0.7143	1,43,45,48,57,61,64,75,93,113,140,159,165,180	خ ر ج ص ف ف ض ر ب ط ر ف ع ي ن ف ل ك م ث ل ن ع م ن ف س و ص ف	kw:envy(50.3071); kw:identity(46.134); kw:description(42.2076); kw:quality(37.3173); kw:eye(35.9198); kw:attribute(32.1114); kw:representation(30.7655); kw:self(29.1436)	ع ي ن:B004:الإصابة بالعين → ن ف س:B003:إصابة العين بالنفس
C1091	0.6255	strength / stoutness / tallness / physique	25	9	10	8	0.04672081	0.1818	1.0	0.75	7,8,22,39,40,54,55,61,64,65,74,81,85,95,96,102,111,122,128,132,135,160,161,169,171	خ ر ج س م ع ط ل ع ع ب د ع ج ز ع ل و ع م ل ك ل ل م ع ع	kw:strength(45.3359); kw:stoutness(32.1114); kw:tallness(31.7301); kw:physique(30.4895); kw:solidity(27.8525); kw:stature(27.3357); kw:length(24.9444); kw:labor(20.8259)	ع ل و:B010:الطول والضخامة → ع ب د:B007:القوة والصلابة
C1092	0.6254	group / zoology / sequence / bird	39	13	15	14	0.05876952	0.1359	0.7857	0.8571	3,5,10,17,22,27,30,37,41,44,50,59,63,71,72,73,79,85,87,90,94,113,115,118,123,124,126,133,134,139,147,150,158,164,168,170,171,181,182	ء ر ض ء و ل ت ب ع ت ل و ج م ع د ب ر ر س ل ظ ل م ع ق ب ع ل م ق ب ل ق و م م ل ك	kw:group(48.542); kw:zoology(47.3897); kw:sequence(47.0087); kw:bird(35.1871); kw:wildlife(27.2163); kw:refuge(26.4674); kw:clan(26.2769); kw:herd(25.7544)	ق ب ل:B009:جماعة يقبل بعضها على بعض → ج م ع:B002:جماعة اجتمعت أو أخلاط ضمتها الجهة
C1093	0.6249	construction / clay / hardness / geology	15	11	12	10	0.05634974	0.1538	1.0	0.8	7,11,34,39,61,66,70,96,97,102,144,149,153,173,180	ء ث ر ب ط ن ب ن ي ج ن د ص ف و ط ي ن ع ز ز ع م ل ف ع ل ل ز ب م ر د	kw:construction(75.2399); kw:clay(58.2873); kw:hardness(49.4984); kw:geology(47.0087); kw:texture(34.5343); kw:coating(28.6095); theme:craft_material_built/architecture_construction(27.6522); kw:craft(26.6827)	ف ع ل:B003:فَعلة العمل → ع م ل:B002:إعمال الشيء واستعماله
C1094	0.6246	maturity / body_health_life/life_stage_aging / attainment / strength	15	13	17	21	0.06204724	0.1628	1.0	0.7143	8,11,32,48,55,90,94,101,102,148,149,159,174,178,180	ب ل غ ح ل م ز ف ف س م ع س و ي ش د د غ ل م غ و ي ف ت ي ق ص ر م ت ع و ص ف و ل ي	kw:maturity(65.4624); theme:body_health_life/life_stage_aging(58.4431); kw:attainment(56.5787); kw:strength(45.3359); kw:limit(40.3171); kw:excellence(40.1571); kw:misfortune(39.1426); kw:completion(37.7243)	س م ع:B011:سَمْع لا بَلَغ → ب ل غ:B009:سماع المكروه بلا بلوغ
C1095	0.6245	death / mortality / apathy / body_health_life/mortality_death	19	10	17	17	0.06091304	0.1574	1.0	0.8824	16,28,36,53,58,59,66,78,83,91,93,102,103,106,108,117,119,129,157	ء ت ي ء ك ل ب ل و ب ل ي ت ر ك ج ب ن ش ي ع م و ت ن و م ي م ن	kw:death(78.3193); kw:mortality(53.9596); kw:apathy(36.9273); theme:body_health_life/mortality_death(36.3975); kw:indifference(33.004); kw:corpse(31.7301); kw:disregard(30.7655); kw:killing(29.544)	ب ل و:B007:عدم المبالاة وعدم الاكتراث → ب ل ي:B009:لا أبالي ترك الاكتراث
C1096	0.6242	agitation / exclamation / lament / surprise	17	13	16	15	0.05510322	0.1293	1.0	0.9333	3,8,11,12,14,26,29,30,37,62,66,93,102,103,144,177,180	ء ي ي ب ط ن ب ل ل ت ل ل ت ل و ش د د ش ي ء ض ر ب ع ج ب ع ز ز ل ز ب م ل ء ن ز ل	kw:agitation(39.5566); kw:exclamation(33.5381); kw:lament(33.004); kw:surprise(30.2314); kw:wonder(30.2314); kw:remainder(28.1384); kw:disturbance(27.9929); kw:balance(26.371)	ت ل و:B003:بقية تتلو ما قبلها → ت ل ل:B010:التلة بقية دين
C1097	0.6241	time_measure_quantity/quantity_number / description / classification / ontology	50	16	17	17	0.05447518	0.1259	0.8824	0.7647	4,7,8,15,18,19,20,23,27,28,29,31,35,36,37,41,50,51,52,54,56,61,79,83,85,87,89,91,93,94,95,97,99,102,105,124,134,140,144,147,148,151,157,158,159,164,167,170,180,182	ء ل ف ء ل ي ء م ر ب ع ض ج م ع ش ي ء ش ي ع ص د ق ض ر ب ظ ن ن ع ل م ق و ل ك ل ل م ث ل و ح د و ص ف	theme:time_measure_quantity/quantity_number(64.2105); kw:description(56.2768); kw:classification(49.4984); kw:ontology(42.9143); kw:definition(36.9273); kw:circumstance(33.004); kw:attribute(32.1114); kw:unit(32.1114)	ج م ع:B001:ضم المتفرق حتى يصير شيئا مجموعا → ء ل ف:B002:ضم الشيء إلى الشيء والتأليف
C1098	0.6239	liquid / agriculture_food/cooking_drink / vessel / container	26	14	17	24	0.05549124	0.1818	0.9167	0.6667	8,11,17,23,24,42,45,46,47,59,66,67,71,82,91,94,99,101,113,126,140,144,147,148,149,168	ء ك ل ء ل ي ء و ل ش ر ب ش و ب غ ر ق غ ل م ف ت ي ك ء س ك ر م م ء ي ن ز ف ن ف س و ق ف	kw:liquid(63.0508); theme:agriculture_food/cooking_drink(60.9508); kw:vessel(53.8167); kw:container(52.2449); kw:draught(49.5059); kw:consumption(48.3198); kw:cup(44.316); kw:beverage(42.2076)	ش ر ب:B001:تناول المائع → ن ف س:B006:نفس الشرب وجرعته
C1099	0.6239	throat / neck / chin / jaw	16	14	17	17	0.05466442	0.1288	1.0	0.9412	8,15,36,42,46,48,62,64,66,92,102,103,107,144,146,154	ب ط ن ت ل ل ج ب ن ج ن ب ح ك م خ ر ج ذ ب ح س ح ر ش ج ر ش ر ب ش ع ر ق ص ر ك ر م ن ط ق	kw:throat(61.873); kw:neck(59.8663); kw:chin(45.7343); kw:jaw(45.3471); kw:control(44.2771); kw:hair(36.3226); kw:face(35.9982); kw:side(33.6183)	س ح ر:B001:السَّحَر العضو → ب ط ن:B001:بطن الشيء وداخله
C1100	0.6239	calf / offspring / livestock / animal_life/wildlife	25	12	12	10	0.05419763	0.1515	0.9	0.8	5,6,10,21,30,31,32,45,48,57,63,77,84,87,98,99,100,102,126,149,152,158,176,180,182	ء م ر ت ب ع ج ع ل ر ب ب س م و ط غ و ط غ ي ع ج ل ع ي ن غ و ي ف ص ل و ل د	kw:calf(56.5787); kw:offspring(49.7565); kw:livestock(38.1273); theme:animal_life/wildlife(35.8489); kw:cattle(30.4895); kw:wildlife(27.2163); kw:hunger(26.5662); kw:youth(26.371)	ء م ر:B009:ولد الضأن الصغير → ط غ و:B009:الطغيا الصغير من بقر الوحش
C1101	0.6234	armor / warfare / whiteness / egg	23	12	16	16	0.05973324	0.1455	1.0	0.8125	3,6,10,13,36,46,47,49,57,70,75,78,108,119,125,127,129,150,155,158,168,175,179	ء ث ر ء ن ث ب ص ر ب ع ل ب ي ض ت ر ك ج و ب ح ض ر ذ ك ر ش ه ب غ و ل ك و ك ب	kw:armor(55.7051); kw:warfare(52.9348); kw:whiteness(47.9976); kw:egg(46.1482); kw:weapon(34.5965); kw:helmet(34.1547); kw:shield(31.0619); kw:color(30.7257)	ش ه ب:B001:بياض تخالطه ظلمة → ب ي ض:B001:البَياض والابيضاض
C1102	0.6232	ugliness / production / creation / ethics	23	12	17	21	0.05460071	0.168	1.0	0.7619	5,7,8,11,61,63,64,65,66,77,80,96,98,102,105,110,113,121,125,131,150,158,177	ء ر ض ج ع ل ح س ن خ ر ج خ ل ق س م ع س و ء ش ط ن ش ي ء ط ي ن م ث ل م ل ء	kw:ugliness(60.4627); kw:production(58.2873); kw:creation(55.1716); kw:ethics(43.9026); kw:excellence(40.1571); kw:virtue(37.4165); kw:disfigurement(34.884); kw:making(34.884)	م ل ء:B005:ملأ حسن الخلق → خ ل ق:B004:السجية والطبيعة الباطنة
C1103	0.6232	proximity / side / top / height	15	12	17	20	0.06262658	0.1538	1.0	0.7	5,6,8,21,23,55,65,76,86,90,98,102,115,174,178	د ن و د و ن ر ء س س ف ل س م و س و ي ص ب ر ع ل و ف ص ل ق ذ ف ك ر ب و ل ي	kw:proximity(60.2637); kw:side(44.8244); kw:top(44.6404); kw:height(37.0293); kw:elevation(35.3977); kw:approximation(34.884); kw:relation(34.4119); kw:posture(33.7797)	د ن و:B001:القرب والمقاربة → و ل ي:B001:قرب ودنو بلا فاصل
C1104	0.6232	dampness / dew / wetness / moisture	11	6	15	20	0.06308445	0.2299	0.95	0.75	12,26,29,30,31,37,38,75,104,125,171	ب ل ل د ع و ذ و ق ك ل م ن د و ن د ي	kw:dampness(52.326); kw:dew(48.1671); kw:wetness(46.5929); kw:moisture(39.0107); kw:charity(37.2198); kw:disgrace(30.2314); kw:bounty(28.6095); kw:speech(28.1525)	ن د و:B003:بلل الندى والمطر → ن د ي:B005:بلل ومطر ورطوبة
C1105	0.6232	flood / torrent / height / disaster	17	14	16	15	0.06600281	0.1271	0.9333	0.8	5,6,8,11,27,28,30,50,64,65,112,117,134,147,148,157,180	ء ت ي ء ص ل ء ل ف ب ع ض ج م ع ر ء س س م و ش د د ط غ و ط غ ي ع ز ز ع ل و م ت ع ن ب و	kw:flood(75.5784); kw:torrent(62.7642); kw:height(61.7155); kw:disaster(47.5872); kw:elevation(47.1969); kw:rise(43.4363); kw:hydrology(43.0534); kw:aggregation(41.7788)	س م و:B001:العلو والارتفاع → ع ل و:B001:السمو والارتفاع
C1106	0.6231	ecology / disaster / plant / drought	26	15	17	24	0.06176985	0.1791	0.875	0.5833	5,10,11,28,31,36,46,48,49,57,62,64,84,86,87,99,100,117,126,146,149,151,157,177,180,182	ء ت ي ء ر ض ء ف ك ب ي ض ر ب ب ش ج ر ش د د ش ر ب ش ع ر ش ه ب ط ر ف ع ز ز ل ز ب ن ب ت ن ز ل	kw:ecology(51.155); kw:disaster(47.5872); kw:plant(40.1773); kw:drought(39.8493); kw:barrenness(39.1426); kw:whiteness(35.9982); kw:severity(35.6159); kw:climate(35.5423)	ش ع ر:B002:نبات كثيف كالشَّعر → ش ج ر:B001:الشجر ذو الساق
C1107	0.623	suffering / severity / crisis / intensification	34	12	15	15	0.06182573	0.1485	0.9333	0.6667	11,16,20,21,22,26,35,40,43,53,57,60,64,74,75,76,81,85,95,102,107,111,115,122,127,128,132,144,152,160,161,169,171,180	ء ص ل ء م ر ب ل غ ش د د ص ب ر ع ب د ع ز ز ع ظ م ك ب ر ك ذ ب ن ع م ي و م	kw:suffering(56.7647); kw:severity(47.4879); kw:crisis(38.7554); kw:intensification(35.7766); kw:hardship(34.9174); kw:majority(34.884); kw:difficulty(28.9576); kw:running(27.3357)	ع ظ م:B002:معظم الشيء → ك ب ر:B002:معظم الأمر
C1108	0.6226	allotment / economy_property/provision_resource / share / charity	19	12	14	14	0.06613068	0.1573	0.8571	0.7143	12,26,28,29,30,37,41,42,46,62,66,75,83,91,102,104,117,141,157	ء ت ي ء ك ل ب ل ل خ ي ر ر ز ق س ه م ش ر ب ش ي ع ك ر م ن د و ن د ي و ج د	kw:allotment(55.7051); theme:economy_property/provision_resource(52.2279); kw:share(51.1888); kw:charity(49.6264); kw:generosity(48.6555); kw:bounty(42.9143); kw:patronage(39.8493); kw:gift(37.8305)	ن د و:B004:ندى الجود والسخاء → ن د ي:B008:جود وسخاء وعطاء
C1109	0.6224	calamity / adversity / ordeal / disaster	20	13	17	26	0.05691937	0.2016	0.9231	0.6154	16,20,21,26,32,35,53,60,62,67,76,102,107,113,115,134,135,137,144,177	ء م ر ج م ع ش و ب ص ب ر ع ظ م غ ب ر غ و ي ك ب ر م ر ر م ع ع ن ز ل ن ف س ي و م	kw:calamity(83.9958); kw:adversity(63.231); kw:ordeal(54.4326); kw:disaster(47.5872); kw:severity(47.4879); kw:suffering(45.4118); kw:crisis(38.7554); kw:darkness(37.7243)	ع ظ م:B004:العظيمة النازلة → ن ز ل:B006:الشدة النازلة
C1110	0.6224	wilderness / arrival / migration / distance	15	11	12	11	0.0546966	0.1692	1.0	0.7273	9,25,28,34,47,60,75,93,112,116,117,140,157,172,180	ء ت ي ج ر م ج و ب ش ح ن ض ر ب ع ز ز غ و ل ف و ز ن ب ء ن ص ر و ص ب	kw:wilderness(51.5089); kw:arrival(37.0293); kw:migration(36.9363); kw:distance(36.3226); kw:geography(35.4006); kw:crossing(30.2314); kw:movement(29.8714); kw:remoteness(27.8525)	و ص ب:B002:مفازة لا تنتهي → ف و ز:B003:المفازة بين النجاة والمهلكة
C1111	0.6221	plant / agriculture_food/plant_vegetation / tree / vegetation	24	14	17	27	0.0576341	0.203	0.8148	0.5926	10,15,22,26,36,43,48,62,63,64,66,79,84,88,91,103,109,113,120,130,138,146,158,181	ء ك ل ج ن ن س ح ر س ل م ش ج ر ش ع ر ش ه ب ظ ل م ق ص ر ق ط ن ق ل ب ل ي ل ن ب ت ن ج م	kw:plant(70.3103); theme:agriculture_food/plant_vegetation(70.1838); kw:tree(67.8912); kw:vegetation(57.2526); kw:ecology(51.155); kw:darkness(50.299); kw:agriculture(41.0786); kw:night(35.1871)	ش ع ر:B002:نبات كثيف كالشَّعر → ش ج ر:B001:الشجر ذو الساق
C1112	0.622	ecology / vegetation / growth / life	28	13	17	24	0.06085453	0.1846	0.9167	0.5417	5,7,16,17,31,36,46,53,57,69,84,85,87,97,99,100,101,102,112,126,146,149,150,152,153,159,180,182	ء ب و ء ن ث ب ن ي ت ر ب ر ب ب ش ر ب ش ع ر غ ل م م ر د ن ب ء ن ب ت و ص ف و ل د	kw:ecology(61.386); kw:vegetation(57.2526); kw:growth(42.1427); kw:life(41.0035); kw:education(40.3171); kw:upbringing(34.884); kw:family(34.2328); kw:nurture(33.5381)	ر ب ب:B012:ربة نبات → ت ر ب:B007:نبت التُّرْبَة
C1113	0.6217	heart / chest / organ / medicine	18	10	14	13	0.05293509	0.1512	1.0	0.8462	8,14,15,21,36,43,55,84,86,90,102,105,113,127,150,151,152,158	ء ف ك ج ن ب ج ن ن د ب ر ر ء ي س ح ر ق ل ب ك ذ ب م ل ك ن ف س	kw:heart(49.7565); kw:chest(39.2775); kw:organ(39.0107); kw:medicine(37.3676); kw:lung(33.5381); kw:spirit(29.7602); kw:soul(29.3388); kw:ailment(29.3388)	ر ء ي:B009:الرئة وما يصيبها → س ح ر:B001:السَّحَر العضو
C1114	0.6216	land / migration / arrival / alien	30	14	16	18	0.05637896	0.1538	1.0	0.6667	5,8,15,16,25,28,53,58,59,86,93,97,102,106,112,113,116,117,149,150,151,153,156,157,158,172,173,175,179,180	ء ت ي ء ر ض ء ف ك ء ن ث ب ص ر ب ن ي ب ي ن ج ن د س م ع ض ر ب ع ز ز م و ت ن ب ء ن ص ر	kw:land(56.957); kw:migration(49.2484); kw:arrival(37.0293); kw:alien(35.7766); kw:stone(35.7659); kw:foreigner(34.884); kw:stranger(33.004); kw:terrain(32.3757)	ج ن د:B002:الأرض الغليظة ذات الحجارة → ب ص ر:B007:حجارة بصرة رخوة
C1115	0.6214	flood / disaster / torrent / chastisement	10	7	17	23	0.06210516	0.2091	1.0	0.7391	8,9,30,33,38,45,59,73,176,180	ط غ و ط غ ي ط و ف ع ذ ب ع ز ز ع ق ب ع ل و	kw:flood(60.4627); kw:disaster(59.4841); kw:torrent(47.0731); kw:chastisement(34.884); kw:tyranny(34.884); kw:inundation(34.884); kw:punishment(34.787); kw:power(32.7774)	ط غ ي:B001:مجاوزة الحد في العصيان → ط غ و:B001:مجاوزة الحد في العصيان
C1116	0.6211	lineage / clan / ancestry / society	30	13	13	11	0.05745264	0.141	0.9091	0.7273	21,23,27,30,36,39,44,45,48,50,61,64,71,76,78,85,86,92,94,96,108,115,118,119,124,129,134,152,158,164	ء ه ل ت ر ك خ ر ج د و ن ط ر ف ع م ل ع ي ن ف ص ل ق ب ل ق و م ن س ب ن ط ق و ل د	kw:lineage(65.0133); kw:clan(52.5539); kw:ancestry(43.4363); kw:society(41.5571); kw:kinship(38.0967); kw:tribe(35.6904); kw:nation(34.884); kw:family(34.2328)	ق و م:B001:جماعة الناس والرجال → ء ه ل:B001:جماعة القرب والانتماء
C1117	0.6211	earth / dust / soil / geology	20	9	12	10	0.05474893	0.1667	1.0	0.8	5,11,16,31,47,53,57,69,84,87,91,93,99,100,126,140,149,152,180,182	ء ب ق ت ر ب ر ب ب ر و غ ط ي ن غ و ل ل ز ب ل ف ي و ل د	kw:earth(56.957); kw:dust(52.3699); kw:soil(50.4406); kw:geology(35.2565); kw:cohort(33.004); kw:equal(33.004); kw:dirt(31.3821); kw:peer(30.4895)	ت ر ب:B004:التساوي في السن والصحبة → و ل د:B006:قرين في سن الولادة
C1118	0.6209	palm / growth / sapling / agriculture_food/plant_vegetation	24	15	17	29	0.05434613	0.2164	0.8621	0.5172	7,8,21,28,36,43,46,48,54,55,63,64,65,66,71,77,84,91,98,102,117,146,157,158	ء ت ي ء ك ل ج ع ل ج ن ن خ ر ج ش ر ب ش ط ن ش ي ء ط ل ع ع ل و ف ص ل ق ص ر ق ل ب ك ث ر ن ب ت	kw:palm(90.9767); kw:growth(84.2854); kw:sapling(66.0079); theme:agriculture_food/plant_vegetation(62.3856); kw:shoot(57.5595); kw:plant(50.2216); kw:crop(40.3171); kw:botany(38.0359)	ء ت ي:B007:خروج النماء والنتاج → ء ك ل:B002:غلة الشجر والزرع
C1119	0.6208	agriculture_food/food_nutrition / sustenance / food / nourishment	19	13	16	16	0.05742239	0.1379	1.0	0.8125	15,31,38,41,46,66,77,91,97,102,103,113,138,142,144,148,149,153,176	ء ك ل ب ط ن ب ن ي ج ب ن ذ ر ر ذ و ق ر ز ق س ح ر ع ج ل ع ق ل ل ذ ذ ل ق م م ت ع	theme:agriculture_food/food_nutrition(93.2151); kw:sustenance(80.963); kw:food(53.466); kw:nourishment(51.5089); kw:magic(43.4363); kw:meal(42.6693); kw:enchantment(35.7766); kw:milk(34.4728)	ر ز ق:B002:القوت المتغذى به → ء ك ل:B003:النصيب والرزق المطعوم
C1120	0.6207	worthiness / merit / selection / readiness	19	13	16	16	0.05936071	0.1404	1.0	0.8125	5,8,11,31,37,55,61,62,66,76,90,96,100,102,125,134,150,174,178	ء ر ض ء ن ث ء ه ل ح ق ق خ ل ق خ ي ر س و ي ش ي ء ط ي ن م ث ل م ل ء و ل ي و ه ب	kw:worthiness(67.0762); kw:merit(44.6404); kw:selection(41.3787); kw:readiness(39.4154); kw:virtue(37.4165); kw:eligibility(35.7766); theme:condition_force_change/capacity_ability(34.3024); kw:aptitude(34.1547)	ء ر ض:B003:الخليق بالخير كالأرض الأريضة → خ ل ق:B005:الجدارة والتهيؤ للشيء
C1121	0.6203	honor / reputation / rank / courage	25	14	16	18	0.06212991	0.1538	0.9444	0.6667	3,5,6,8,10,13,14,16,35,46,53,54,55,60,65,76,88,102,105,107,112,113,115,155,168	ث ق ب ذ ك ر ر ء ي س م و ش ر ب ش ه ب ط ل ع ع ظ م ع ل و ك ب ر ك و ك ب ن ب و ن ج م ن ف س	kw:honor(91.765); kw:reputation(60.2637); kw:rank(51.5089); kw:courage(39.2775); kw:nobility(38.5105); kw:elevation(35.3977); kw:knowledge(33.6183); kw:eminence(33.5381)	ع ل و:B002:الرفعة والشرف → ك ب ر:B005:رفعة الشرف والرئاسة
C1122	0.6203	waterskin / container / vessel / drink	28	12	16	18	0.05204832	0.1565	1.0	0.7222	5,8,31,40,45,46,48,57,66,74,76,82,84,87,97,99,100,103,115,126,128,145,149,160,169,176,180,182	ت ل ل خ ل ص ر ب ب ش ر ب ع ج ل ع ي ن غ ر ق ك ء س ك ر ب ل ق ي م ل ء ن ب ذ	kw:waterskin(53.5428); kw:container(52.2449); kw:vessel(43.0534); kw:drink(39.7012); kw:liquid(37.8305); kw:provisioning(34.884); kw:disposal(33.5381); kw:throwing(33.004)	ل ق ي:B005:طرح الشيء حتى يلقى → ن ب ذ:B001:الطرح والإلقاء
C1123	0.6202	essence / quality / condition_force_change/value_quality / purity	22	12	14	14	0.06096973	0.1591	0.9286	0.7143	15,16,40,44,45,48,53,60,64,67,74,76,84,107,113,115,128,142,150,153,160,169	ء ص ل خ ل ص س ح ر س ر ر ش و ب ص ف و ع ظ م ع ي ن ق ل ب ل ق م م ل ك ن ف س	kw:essence(56.2768); kw:quality(49.7565); theme:condition_force_change/value_quality(48.9289); kw:purity(47.5872); kw:excellence(40.1571); kw:refinement(30.4895); kw:substance(27.7169); kw:identity(27.6804)	س ر ر:B005:خالص الشيء وأكرم موضعه → ق ل ب:B002:خالص الشيء ولبه
C1124	0.6199	edge / boundary / side / geography	20	15	16	18	0.05515328	0.1513	1.0	0.7222	1,8,15,21,30,48,55,66,75,76,102,104,115,134,144,145,165,170,175,179	ب ص ر ب ط ن ج ن ب س ح ر س و ي ص ب ر ص ف ف ط ر ف ط غ و ع ر ي ف ص ل ق ذ ف ك ف ر ن ج و ن د ي	kw:edge(69.193); kw:boundary(57.9012); kw:side(56.0304); kw:geography(53.1008); kw:terrain(43.1677); kw:plain(40.8244); theme:land_water_sky/terrain_desert(39.4019); kw:mountain(36.8447)	ص ب ر:B017:الجبل ووسطه → ك ف ر:B013:ثنية مستورة
C1125	0.6188	climate / land_water_sky/fire_heat / rain / frost	24	15	17	24	0.05422455	0.1805	0.9583	0.625	10,23,28,34,55,64,67,68,75,86,90,93,97,102,124,141,143,151,159,163,166,174,178,180	ء ف ك ج ح م ج ر م ج و ب ح م م س ب ح س ه م ش ه ب ص ب ر ض ر ب ع ز ز م ع ع و ق ي و ل ي ي م ن	kw:climate(82.932); theme:land_water_sky/fire_heat(61.4202); kw:rain(59.2371); kw:frost(46.1482); kw:heat(44.0812); kw:environment(41.9894); kw:weather(37.9455); kw:season(36.4916)	ح م م:B004:العرق وأثر الحر → س ه م:B006:حر السهام
C1126	0.6182	reform / selection / repair / compatibility	36	11	13	15	0.05110966	0.2	1.0	0.4667	5,17,26,31,37,39,52,57,59,61,62,71,76,79,84,87,96,99,100,102,103,105,109,112,120,126,130,134,149,153,154,157,168,180,181,182	ء ه ل ء و ل ح ك م خ ي ر ر ب ب س ع ي س ل م ص د ق ص ف و ص ل ح ع م ل	kw:reform(66.0079); kw:selection(41.3787); kw:repair(37.6199); kw:compatibility(33.004); kw:soundness(31.7301); kw:fitness(30.4895); kw:reconciliation(29.9889); kw:merit(29.7602)	س ل م:B004:الصلح والمسالمة ضد الحرب → ص ل ح:B002:الصلح إزالة النفار بين الناس
C1127	0.6178	coming / arrival / approach / presentation	22	12	17	17	0.06086583	0.1339	1.0	0.7647	8,23,28,37,67,84,86,90,91,93,98,99,102,117,118,137,145,157,174,177,178,180	ء ت ي ج ي ء ح م م ر و د ر و غ ش ي ء ص ب ح ع ر ي ع ز ز ع ل و ه د ي و ل ي	kw:coming(67.0762); kw:arrival(61.7155); kw:approach(61.5604); kw:presentation(49.5059); kw:advent(35.7766); kw:desire(33.8898); kw:quest(33.004); kw:conveyance(32.1114)	ء ت ي:B001:الإتيان والمجيء → ج ي ء:B001:المجيء والحصول
C1128	0.6178	ruin / destruction / mortality / aggregation	18	15	16	15	0.05835397	0.1261	1.0	0.8	19,20,27,44,48,50,56,64,65,70,73,77,88,90,98,102,134,136	ء ث ر ء ص ل ب ع ض ب ق ي ج م ع د ب ر د م ر ر ء س ر د ي س ر ر ع ق ب ق ص ر ك ي د ن ظ ر و ي ل	kw:ruin(61.1092); kw:destruction(59.997); kw:mortality(43.1677); kw:aggregation(41.7788); kw:remnant(38.1608); kw:trace(37.1238); kw:disaster(35.6904); kw:eradication(34.1547)	د ب ر:B004:قطع الدابر واستئصال الأثر → د م ر:B002:الهلاك المستأصل
C1129	0.6178	death / mortality / loss / body_health_life/mortality_death	15	9	15	14	0.05778201	0.1667	1.0	0.8571	16,28,32,46,53,58,59,67,93,101,102,112,117,142,157	ء ت ي ب ش ر ح م م ح و ت ش ر ب غ و ي م و ت ن و م ي م ن	kw:death(100.6962); kw:mortality(64.7515); kw:loss(44.8244); theme:body_health_life/mortality_death(36.3975); kw:corpse(31.7301); kw:livestock(28.5955); kw:burial(27.1003); kw:fate(25.8369)	م و ت:B008:ميتة الحال وواحدة الموت → ن و م:B008:الموت والإماتة
C1130	0.6177	drink / agriculture_food/food_nutrition / nourishment / liquid	17	11	17	25	0.05721577	0.1938	0.88	0.64	9,10,31,32,33,38,46,47,59,66,67,82,91,113,137,176,177	ء ك ل ذ و ق ش ر ب ش ه ب ش و ب ص ب ح ع ذ ب غ ر ق غ و ي ن ز ف ن ف س	kw:drink(79.4023); theme:agriculture_food/food_nutrition(64.5335); kw:nourishment(64.3861); kw:liquid(50.4406); kw:draught(49.5059); kw:consumption(48.3198); kw:hunger(39.8493); kw:mixture(37.2198)	ش ه ب:B006:لبن أرقه الماء → ش و ب:B001:خلط شيء بشيء
C1131	0.6177	severity / thickness / stoutness / strength	22	15	17	24	0.05533819	0.1791	0.875	0.6667	7,8,11,12,20,21,26,29,30,37,62,67,76,102,103,115,116,140,144,173,177,180	ء ب ق ب ل ل ت ل ل ج ب ن ح م م ش د د ص ب ر ع ز ز غ ل ب ك ر ب ك ل ل ل ز ب م ع ع ن ز ل ي و م	kw:severity(71.2318); kw:thickness(53.7561); kw:stoutness(48.1671); kw:strength(45.3359); kw:crisis(38.7554); kw:environment(27.9929); kw:firmness(26.0951); kw:adversity(25.2924)	ل ز ب:B003:الشدة والضيق والقحط → ع ز ز:B008:الشدة في السنة والمطر والسيل
C1132	0.6176	horse / animal / gait / horsemanship	14	12	14	15	0.05138211	0.1685	1.0	0.7333	8,31,37,46,49,51,56,64,68,77,92,102,124,138	ب ق ي ب ل غ ب ي ض ج ن ب ح ق ق خ ر ج ر ج ع ر د ي ع ق ل ق ر ن ن ط ق و ق ي	kw:horse(81.0199); kw:animal(41.3268); kw:gait(36.9363); kw:horsemanship(36.9273); kw:locomotion(35.7659); kw:disease(34.5343); kw:rein(32.5328); kw:knee(31.7301)	ج ن ب:B005:التجنيب قيادة شيء إلى الجنب → ن ط ق:B005:انتطاق الفرس
C1133	0.6175	herb / ecology / plant / flora	27	14	15	18	0.06181645	0.1731	0.8333	0.6111	5,8,16,31,53,57,58,59,68,75,84,87,88,90,93,99,100,101,102,104,107,126,138,149,176,180,182	ت ر ب ج ن ب ح ل م د ب ر ذ ب ح ر ب ب ر ج ع ض ر ب ع ج ل ع ق ل ق ل ب م و ت ن ج م ن د ي	kw:herb(75.8772); kw:ecology(61.386); kw:plant(60.266); kw:flora(59.0879); kw:pasture(57.6608); kw:vegetation(45.8021); theme:agriculture_food/plant_vegetation(42.8901); kw:agriculture(41.0786)	ت ر ب:B007:نبت التُّرْبَة → ع ج ل:B009:النبت المسمى عجلة
C1134	0.6174	ear / reproduction / organ / testicle	15	11	13	11	0.05966804	0.1447	0.9091	0.8182	3,5,8,13,46,49,90,102,103,125,137,150,152,155,168	ء م ر ء ن ث ب ي ض ج ب ن د ب ر ذ ك ر س م ع ش ر ق م ر ر و ذ ر و ل د	kw:ear(55.9858); kw:reproduction(40.7946); kw:organ(39.0107); kw:testicle(34.884); kw:slit(33.004); kw:duality(32.5328); kw:anatomy(31.3884); kw:rear(28.4462)	ذ ك ر:B001:الذكر خلاف الأنثى → ء ن ث:B001:الأنثى خلاف الذكر
C1135	0.6168	knowledge / spirit / secret / reason	27	14	17	23	0.05480789	0.1742	1.0	0.5652	7,8,10,14,16,36,43,45,53,54,55,58,59,65,66,84,86,102,105,138,144,150,151,154,158,175,179	ء ف ك ب ص ر ب ط ن ت ب ع ج ن ن ح ك م ر ء ي ط ل ع ط و ف ع ق ل ق ل ب ك ل ل م ل ك م و ت	kw:knowledge(89.6487); kw:spirit(59.5205); kw:secret(47.5952); kw:reason(44.6404); theme:ritual_belief/belief_revelation(42.6276); kw:haunting(38.5491); kw:heart(37.3173); theme:cognition_perception/knowledge_learning(34.1892)	ط ل ع:B003:الإشراف والكشف على الأمر → ب ط ن:B002:باطن الأمر وخفاؤه
C1136	0.6168	height / elevation / cognition_perception/reasoning_decision / rise	17	12	17	20	0.05649098	0.1562	1.0	0.75	5,6,8,10,14,19,46,47,54,55,65,73,88,102,105,112,148	ث ق ب ر ء س ر ء ي س م و ش ر ب ط ل ع ع ل و م ت ع ن ب و ن ج م ن ز ف ن ظ ر	kw:height(49.3724); kw:elevation(47.1969); theme:cognition_perception/reasoning_decision(44.2241); kw:rise(43.4363); kw:rank(38.6317); kw:altitude(34.884); kw:honor(34.4119); kw:knowledge(33.6183)	س م و:B001:العلو والارتفاع → ع ل و:B001:السمو والارتفاع
C1137	0.6168	fruit / agriculture_food/plant_vegetation / tree / shrub	34	16	17	19	0.05521422	0.1407	0.8947	0.7368	7,8,10,22,23,26,28,34,42,62,63,64,66,79,84,91,94,99,101,102,103,107,109,113,117,120,130,140,144,146,147,148,157,181	ء ت ي ء ك ل ء ل ي ج ر م ح ل م س ل م ش ج ر ش ه ب ص ب ر ظ ل م ف د ي ف ك ه ق ط ن ق ل ب م ر د ن ب ت	kw:fruit(104.5556); theme:agriculture_food/plant_vegetation(101.3766); kw:tree(67.8912); kw:shrub(54.4326); kw:plant(50.2216); kw:harvest(50.1599); kw:produce(46.1482); kw:crop(40.3171)	ء ت ي:B007:خروج النماء والنتاج → ء ك ل:B002:غلة الشجر والزرع
C1138	0.6167	punishment / suffering / torment / pain	16	12	14	14	0.05969716	0.1573	0.9286	0.7143	9,11,20,30,32,33,38,41,59,63,69,71,73,101,162,176	ء ل م ح ل م ر ز ق ش د د ض ل ل ط غ و ع ذ ب ع ق ب غ و ي ف ت ن و ص ب و ي ل	kw:punishment(57.9783); kw:suffering(56.7647); kw:torment(48.7992); kw:pain(36.9363); kw:chastisement(34.884); kw:misguidance(34.1547); kw:trial(28.9576); kw:error(27.1003)	ع ذ ب:B005:العذاب إيلام وعقوبة → ع ق ب:B007:العقوبة بعد الذنب
C1139	0.6164	increase / growth / blessing / prosperity	22	13	17	23	0.06227248	0.1769	0.8696	0.6087	12,26,28,29,30,37,41,62,71,75,93,102,104,113,117,143,147,157,159,163,166,180	ء ت ي ء م ر ب ر ك ب ل ل خ ي ر ر ز ق ز ي د س ب ح ص ل ي ك ث ر ن د و ن د ي ي م ن	kw:increase(66.6687); kw:growth(52.6784); kw:blessing(51.1888); kw:prosperity(51.1888); kw:charity(49.6264); kw:wealth(43.0534); kw:bounty(42.9143); kw:patronage(39.8493)	ن د و:B004:ندى الجود والسخاء → ن د ي:B008:جود وسخاء وعطاء
C1140	0.6162	construction / labor / livelihood / economy_property/labor_work	26	12	17	21	0.05636727	0.1736	1.0	0.6667	5,10,11,31,34,39,46,57,61,66,70,84,87,91,96,97,99,100,102,112,126,141,149,153,180,182	ء ث ر ء ك ل ب ن ي ت ب ع ر ب ب س ع ي س ه م ش ر ب ص ل ح ط ي ن ع م ل ف ع ل	kw:construction(62.6999); kw:labor(41.6517); kw:livelihood(38.2751); theme:economy_property/labor_work(37.3724); kw:ethics(35.1221); kw:laborer(34.884); kw:worker(34.884); kw:work(29.7602)	ف ع ل:B003:فَعلة العمل → ع م ل:B006:العملة العاملون بالأيدي
C1141	0.6162	fruit / harvest / agriculture_food/plant_vegetation / plant	18	15	17	19	0.0561158	0.1418	1.0	0.7368	5,7,34,42,54,55,65,66,73,76,84,91,102,107,115,134,137,170	ء ر ض ء ك ل ج ر م ج م ع ص ب ر ط ل ع ع ق ب ف د ي ف ك ه ق ل ب ك ر ب ك ر م ك ف ر م ر د م ر ر	kw:fruit(104.5556); kw:harvest(75.2399); theme:agriculture_food/plant_vegetation(66.2847); kw:plant(60.266); kw:palm(45.4883); kw:agriculture(41.0786); kw:crop(40.3171); kw:date(37.4165)	ص ب ر:B008:الصبر المر وعصارته → م ر ر:B003:المرارة ضد الحلاوة
C1142	0.6162	perseverance / commitment / decision / governance	18	10	12	13	0.05618775	0.2031	1.0	0.4615	7,9,30,85,86,90,98,102,113,115,118,124,134,154,163,164,174,178	ء م ر ب ر ك ج م ع ح ف ظ ح ك م ر و د ص ل ي ق و م و ص ب و ل ي	kw:perseverance(47.5952); kw:commitment(42.2076); kw:decision(40.3171); kw:governance(33.7797); kw:circumstance(33.004); kw:constancy(32.5328); kw:diligence(31.3821); kw:guardianship(30.2314)	ح ف ظ:B003:ملازمة الأمر والمواظبة عليه → ق و م:B004:رعاية وحفظ وولاية
C1143	0.616	heart / compatibility / circumstance / pillar	17	9	12	10	0.05357464	0.1667	1.0	0.8	30,36,43,46,84,85,86,100,102,112,115,118,124,150,151,158,164	ء ف ك ء م ر ج ن ن ش ر ب ش ع ر ص ل ح ق ل ب ق و م م ل ك	kw:heart(37.3173); kw:compatibility(33.004); kw:circumstance(33.004); kw:pillar(31.7301); kw:foundation(28.9576); kw:turning(27.5858); theme:space_form_boundary/form_structure(22.3103); kw:support(22.239)	ق و م:B009:قوام وعماد ومعاش → م ل ك:B005:مِلاك الأمر وعِماده
C1144	0.6159	beauty / aesthetics / perception / sleep	20	12	17	25	0.05621304	0.1969	0.8	0.72	6,8,12,14,19,45,48,54,55,65,66,73,86,88,98,101,102,105,112,150	ب ش ر ح ل م ر ء ي ر و د ز ي ن ش ه د ط ل ع ع ج ب ع ي ن ك و ك ب م ل ء ن ظ ر	kw:beauty(103.2356); kw:aesthetics(76.3217); kw:perception(66.6692); kw:sleep(52.5539); kw:dream(50.3071); kw:eye(47.893); kw:vision(46.8248); kw:appearance(43.1103)	ر ء ي:B003:الرؤيا في المنام → ح ل م:B002:رؤية المنام والاحتلام
C1145	0.6155	occurrence / arrival / time_measure_quantity/sequence_cycle / presentation	19	9	14	16	0.05726517	0.1928	1.0	0.5625	17,25,28,37,59,71,84,86,94,98,112,116,117,126,137,145,157,168,172	ء ت ي ء و ل ج ي ء ر و د ز ف ف ع ر ي م ر ر ن ب ء ن ص ر	kw:occurrence(62.1239); kw:arrival(61.7155); theme:time_measure_quantity/sequence_cycle(54.2533); kw:presentation(49.5059); kw:approach(49.2484); kw:instance(34.884); kw:coming(33.5381); kw:visitation(30.4895)	ء ت ي:B001:الإتيان والمجيء → ج ي ء:B001:المجيء والحصول
C1146	0.615	proof / argument / dispute / truth	29	13	16	15	0.05703442	0.1293	1.0	0.7333	12,21,26,29,30,31,37,47,52,57,62,64,85,90,105,115,117,118,124,127,141,146,154,156,157,158,164,174,178	ب ل ل ح ض ر ح ق ق ح ك م د ح ض س ل ط ش ج ر ص د ق ف ص ل ق و م ك ت ب ن ز ف و ل ي	kw:proof(63.4603); kw:argument(56.8924); kw:dispute(56.8924); kw:truth(53.9753); kw:justice(44.8955); theme:language_communication/rhetoric_discourse(37.0903); kw:law(35.8719); kw:litigation(34.1547)	ح ق ق:B001:ثبات مطابق للواقع ضد الباطل → ص د ق:B001:صدق القول
C1147	0.6147	time_measure_quantity/sequence_cycle / time / sequence / cycle	31	16	17	21	0.05475217	0.1556	0.9524	0.619	14,20,21,23,26,27,35,44,50,51,53,71,73,78,82,86,90,94,102,108,119,129,135,136,137,138,144,148,174,177,178	ء خ ر ء م ر ء ي ي ح ي ن د ب ر د و ن د ي ن ص ب ح ع ق ب غ ب ر ق ب ل ق ر ن ك ب ر ل ي ل م ر ر ي و م	theme:time_measure_quantity/sequence_cycle(65.879); kw:time(63.1034); kw:sequence(47.0087); kw:cycle(36.578); kw:daytime(35.7766); kw:epoch(34.884); kw:sunrise(34.1547); theme:time_measure_quantity/time(33.2386)	ي و م:B002:مدة من الزمان → ح ي ن:B001:وقت الشيء وأوانه
C1148	0.6147	thickness / strength / binding / rope	14	14	17	19	0.05772472	0.1462	1.0	0.7895	7,8,11,48,65,76,92,103,115,116,137,138,150,173	ت ل ل ج ب ن س م ع ش د د ش ط ن ع ق ل غ ل ب ق ص ر ك ر ب ك ل ل ل ز ب م ر ر م ل ك ن ط ق	kw:thickness(67.1951); kw:strength(56.6699); kw:binding(51.1888); kw:rope(50.4406); kw:stoutness(48.1671); kw:fastening(42.434); kw:restraint(32.7774); kw:reinforcement(30.2314)	ش ط ن:B002:الحبل الطويل والشد → م ر ر:B005:إحكام فتل الحبل
C1149	0.6132	plant / ecology / agriculture_food/plant_vegetation / fruit	45	17	17	20	0.06147281	0.1471	0.75	0.6	5,7,8,16,23,26,28,31,36,43,48,53,54,55,57,65,66,73,79,83,84,87,91,94,99,100,103,104,109,117,120,126,130,140,144,146,147,148,149,157,158,176,180,181,182	ء ب ق ء ت ي ء ك ل ء ل ي ب ر ه م ت ر ب ج ن ب ج ن ن ذ ه ب ر ب ب س ل م ط ر ف ط ل ع ع ج ل ع ق ب م ر د ن ب ت	kw:plant(110.4876); kw:ecology(61.386); theme:agriculture_food/plant_vegetation(58.4865); kw:fruit(58.0864); kw:vegetation(57.2526); kw:growth(52.6784); kw:leaf(43.4363); kw:sprout(42.6693)	ء ت ي:B007:خروج النماء والنتاج → ء ك ل:B002:غلة الشجر والزرع
C1150	0.612	number / time_measure_quantity/quantity_number / wealth / increase	15	11	13	14	0.05653281	0.1867	1.0	0.5714	4,14,16,19,35,53,60,71,76,102,107,113,115,134,147	ء م ر ء ي ي ب ر ك ت ر ب ج م ع ز ي د ع ظ م ك ب ر ك ث ر ن و م و ح د	kw:number(82.0071); theme:time_measure_quantity/quantity_number(72.7719); kw:wealth(53.8167); kw:increase(53.335); kw:prosperity(51.1888); kw:quantity(46.3827); kw:growth(42.1427); kw:abundance(41.1892)	ء م ر:B004:النماء والبركة → ب ر ك:B004:خير ثابت نام وبركة
C1151	0.6116	recovery / decay / marriage / examination	15	10	15	16	0.0597591	0.1616	0.9375	0.6875	12,22,26,29,30,37,46,48,49,68,76,99,106,125,134	ء ه ل ب ع ل ب ل ل ب ل و ب ل ي ب ي ض ذ ه ب ر ج ع ز و ج ط ر ف	kw:recovery(40.4815); kw:decay(35.3977); kw:marriage(34.0588); kw:examination(33.004); kw:test(33.004); kw:astonishment(33.004); kw:wife(30.2314); kw:trial(28.9576)	ب ل و:B001:البلى والاهتراء → ب ل ي:B001:البلى والخلق من الاستعمال
C1152	0.6115	provision / economy_property/provision_resource / sustenance / ration	15	11	15	15	0.05829015	0.1531	1.0	0.7333	41,43,46,57,62,66,75,91,102,125,140,147,148,176,177	ء ك ل ب ل غ د ع و ر ز ق ز ي د ش ح ن ش ر ب ع ج ل م ت ع ن ز ل ن ع م	kw:provision(79.3379); theme:economy_property/provision_resource(67.1501); kw:sustenance(53.9753); kw:ration(47.0731); kw:supply(45.3471); kw:allotment(41.7788); kw:hospitality(36.7544); kw:food(35.644)	ر ز ق:B001:العطاء المقسوم → ء ك ل:B003:النصيب والرزق المطعوم
C1153	0.6114	reproduction / body_health_life/reproduction_birth / kinship / camel	20	13	16	17	0.05756083	0.1453	0.8824	0.7647	2,3,16,19,20,53,58,59,68,69,71,90,93,106,134,137,174,176,177,178	ب ل و ب ل ي ت ل و ج م ع ر ج ع ز ج ر ص ب ح ض ر ب ض ل ل ع ج ل م و ت و ل ي و ي ل	kw:reproduction(40.7946); theme:body_health_life/reproduction_birth(40.1327); kw:kinship(38.0967); kw:camel(37.0667); kw:decay(35.3977); kw:husbandry(33.8898); kw:death(33.5654); kw:bereavement(33.004)	ب ل و:B001:البلى والاهتراء → ب ل ي:B001:البلى والخلق من الاستعمال
C1154	0.6099	emotion_ethics/honor_shame / abscess / lesion / disgrace	10	9	16	14	0.06196733	0.1373	1.0	0.8571	10,34,37,64,75,84,104,125,146,171	ت ب ع ج ر م ج ي ء خ ر ج د ع و ك ل م ن ب ت ن د و ن د ي	theme:emotion_ethics/honor_shame(42.5509); kw:abscess(33.004); kw:lesion(31.0619); kw:disgrace(30.2314); kw:bounty(28.6095); kw:shame(27.8525); kw:watering(27.5858); kw:virtue(24.9444)	ن د و:B004:ندى الجود والسخاء → ن د ي:B008:جود وسخاء وعطاء
C1155	0.609	arrow / partnership / archery / share	13	11	14	12	0.06171545	0.1412	1.0	0.75	31,33,37,54,55,64,65,83,90,112,141,146,147	ح ق ق خ ر ج د ب ر د ح ض س ه م ش ر ك ش ي ع ط ل ع ق ط ن م ء ي ن ب ء	kw:arrow(50.5848); kw:partnership(46.1482); kw:archery(41.1882); kw:share(38.3916); theme:economy_property/wealth_property(38.3366); kw:overshoot(34.1547); kw:target(29.7602); kw:projectile(29.3388)	ط ل ع:B010:سهم يطلع فوق الغرض → د ب ر:B018:دبر السهم الهدف
C1156	0.6087	language / language_communication/writing_text / writing / speech	31	11	15	14	0.05077835	0.14	1.0	0.7143	8,15,18,20,28,29,31,35,36,37,51,52,54,56,71,85,89,90,91,95,97,99,102,105,117,124,134,151,157,167,171	ج م ع ج ن ب د ب ر س م ع ص د ق ق و ل ك ت ب ك ث ر ك ل م م ع ع ن و م	kw:language(40.4595); theme:language_communication/writing_text(40.3373); kw:writing(39.8493); kw:speech(37.5366); kw:communication(34.4753); kw:wealth(32.29); kw:repetition(27.9929); kw:alliance(26.8781)	ق و ل:B003:كثرة القول في صاحبه → ك ث ر:B003:كثرة في صاحب أو كلام أو مطالب
C1157	0.6087	knowledge / cognition / understanding / discernment	24	13	13	12	0.0588063	0.1538	1.0	0.5	6,8,10,14,20,36,41,46,53,55,61,79,87,92,102,105,138,154,158,164,170,175,179,182	ب ص ر ت ب ع ح ك م د ن و د ي ن ر ء ي س م ع ش ر ب ش ع ر ع ق ل ع ل م م ث ل ن ط ق	kw:knowledge(89.6487); kw:cognition(49.2775); kw:understanding(47.5952); kw:discernment(46.5929); kw:reason(44.6404); kw:epistemology(41.5754); kw:judgment(31.722); kw:imitation(31.3821)	ع ق ل:B001:العَقْل الحابس عن الجهل → ح ك م:B003:الحكمة والعلم المصيب
C1158	0.6086	eye / aesthetics / hip / coordination	14	11	14	15	0.05480687	0.1705	1.0	0.6	12,19,24,45,48,51,73,82,88,101,102,112,163,180	ب ش ر ص ل ي ط ر ف ع ج ب ع ز ز ع ي ن غ ر ق ق ر ن ن ج م ن ظ ر و ق ف	kw:eye(47.893); kw:aesthetics(38.1608); kw:hip(30.4895); kw:coordination(30.2314); kw:rump(29.7602); kw:perception(28.5725); kw:tear(27.9929); kw:organ(26.0072)	ط ر ف:B003:عين أصابها طرف فأدمعها → غ ر ق:B003:امتلاء العين أو الأرض بالماء
C1159	0.6085	gift / kinship_society/hospitality_welfare / charity / generosity	26	12	17	18	0.06168656	0.1406	0.8333	0.7778	12,14,23,26,29,30,37,42,52,62,72,75,99,100,104,105,112,118,123,133,139,147,153,157,171,181	ء ي ي ب ل ل خ ي ر ر س ل ص د ق ص ف و ك ر م ن ب و ن د و ن د ي ه د ي و ه ب	kw:gift(75.661); theme:kinship_society/hospitality_welfare(62.2562); kw:charity(62.033); kw:generosity(60.8194); kw:bounty(42.9143); kw:affection(42.9143); kw:patronage(39.8493); kw:address(31.3821)	ن د و:B004:ندى الجود والسخاء → ن د ي:B008:جود وسخاء وعطاء
C1160	0.6083	trial / suffering / death / examination	17	10	14	13	0.06107815	0.1529	1.0	0.6154	8,12,20,26,29,30,37,47,63,82,90,106,137,162,174,177,178	ب ل ل ب ل و ب ل ي س م ع ص ب ح غ ر ق غ و ل ف ت ن و ل ي و ي ل	kw:trial(57.9151); kw:suffering(34.0588); kw:death(33.5654); kw:examination(33.004); kw:test(33.004); kw:immersion(32.5328); kw:grave(30.2314); kw:tether(29.3388)	ب ل و:B005:بلية القبر والراحلة → ب ل ي:B006:البلية ناقة القبر الجاهلية
C1161	0.6082	soul / self / breath / cognition_perception/cognition	36	9	17	17	0.05784757	0.1518	0.8824	0.7647	15,16,18,20,21,22,28,29,31,35,36,45,48,51,52,53,54,56,60,76,85,89,91,95,97,98,99,102,107,113,115,124,127,151,152,167	ز و ج ع ظ م ع ي ن ق ر ن ق و ل ك ذ ب ك ر ب ك ي د ن ف س	kw:soul(58.6776); kw:self(58.2873); kw:breath(40.8244); theme:cognition_perception/cognition(37.4564); kw:identity(36.9072); kw:psychology(33.4095); kw:thought(30.4895); kw:ontology(28.6095)	ع ي ن:B013:عين الشيء نفسه → ن ف س:B012:عين الشيء وذاته
C1162	0.608	hearing / language_communication/communication / sound / misfortune	10	7	14	14	0.05668672	0.1867	1.0	0.7857	5,6,8,17,69,85,102,112,125,126	ء ب و ب ل غ د ع و س م ع س م و ش ي ء ن ب ء	kw:hearing(42.2076); theme:language_communication/communication(41.9947); kw:sound(41.0998); kw:misfortune(39.1426); kw:reputation(36.1582); kw:communication(34.4753); kw:audition(33.5381); kw:notification(33.5381)	س م ع:B011:سَمْع لا بَلَغ → ب ل غ:B009:سماع المكروه بلا بلوغ
C1163	0.6078	summons / call / sound / voice	21	16	17	19	0.06088051	0.1407	0.9474	0.6316	8,11,14,20,21,25,26,53,68,75,102,104,112,116,125,137,144,153,172,177,180	ء ي ي د ع و د ي ن ر ج ع س م ع ش د د ص ب ح ص ب ر ص ف و ع ز ز م ع ع ن ب ء ن د و ن د ي ن ص ر ي و م	kw:summons(59.9777); kw:call(54.6714); kw:sound(41.0998); kw:voice(37.4165); kw:severity(35.6159); theme:language_communication/communication(34.9956); theme:cognition_perception/perception(32.9428); kw:judgment(31.722)	ن د و:B002:الصوت المرفوع والنداء → ن د ي:B001:رفع الصوت والنداء
C1164	0.6074	edge / side / top / orientation	13	14	17	20	0.05693808	0.1504	1.0	0.65	5,6,8,15,35,48,55,65,66,90,98,102,144	ب ط ن ج ن ب د ب ر ر ء س س ح ر س ف ل س م و س و ي ص ب ر ط ر ف ع ل و ق ذ ف ك ب ر م ل ء	kw:edge(57.6608); kw:side(56.0304); kw:top(44.6404); kw:orientation(42.9968); kw:overhead(34.884); kw:summit(30.2314); kw:boundary(28.9506); kw:contrast(28.6095)	ع ل و:B005:الجهة العليا ومن فوق → س ف ل:B003:سفالة الريح بإزاء علاوتها
C1165	0.6071	judgment / severity / ordeal / day	22	12	13	14	0.05301506	0.1818	0.9286	0.5714	11,16,20,21,22,26,30,53,85,96,102,115,118,124,125,134,144,150,153,163,164,180	ب ع ث ج م ع ح ش ر خ ل ق د ي ن ص ب ر ص ف و ص ل ي ع ز ز ق و م م ع ع ي و م	kw:judgment(52.8701); kw:severity(35.6159); kw:ordeal(27.2163); kw:day(26.6675); kw:assembly(26.371); kw:crowd(25.5168); kw:worship(25.08); kw:virtue(24.9444)	ح ش ر:B001:سوق الجماعة وجمعها إلى مقصد → ج م ع:B004:موضع أو يوم أو نداء يجمع الناس
C1166	0.6056	body_health_life/reproduction_birth / body_health_life/life_stage_aging / youth / equal	33	14	17	16	0.05507511	0.1212	0.9375	0.75	3,5,10,11,14,16,27,31,36,42,43,44,50,51,53,55,57,71,84,87,94,99,100,101,102,105,113,126,149,152,158,180,182	ت ر ب ت ل و ج ن ن ر ء ي ر ب ب س و ي ش ه ب غ ل م ف ت ي ف ك ه ق ب ل ق ر ن ن ف س و ل د	theme:body_health_life/reproduction_birth(80.2653); theme:body_health_life/life_stage_aging(67.4343); kw:youth(52.7421); kw:equal(49.5059); kw:birth(49.4984); kw:boy(48.1671); kw:girl(47.5952); kw:peer(45.7343)	ت ر ب:B004:التساوي في السن والصحبة → و ل د:B006:قرين في سن الولادة
C1167	0.6042	volition / intention / decision / will	20	13	15	13	0.057398	0.1262	1.0	0.6923	7,16,30,51,53,58,59,85,86,98,102,113,115,117,118,124,134,154,157,164	ء م ر ج م ع ح ف ظ ح ك م ر و د س ع ي ش ي ء ق ر ن ق و م ك ت ب ك ي د م و ت ن ف س	kw:volition(64.2228); kw:intention(62.6999); kw:decision(53.7561); kw:will(49.5059); kw:soul(44.0082); kw:motivation(40.4815); kw:death(33.5654); kw:circumstance(33.004)	ر و د:B001:الإرادة والمشيئة → ش ي ء:B002:المشيئة المتعلّقة بالشيء
C1168	0.6037	land_water_sky/water_hydrology / terrain / channel / road	29	16	17	18	0.05460954	0.1333	1.0	0.6111	10,21,25,28,33,37,39,55,61,73,76,84,96,102,107,112,115,116,117,134,135,143,145,157,158,159,166,172,180	ء ت ي ث ق ب ج ي ء ذ ب ح س ب ح س و ي ش ر ك ع ج ز ع ر ي ع ق ب ع م ل ف ص ل ن ب ء ن ج و ن س ب ن ص ر	theme:land_water_sky/water_hydrology(66.4771); kw:terrain(53.9596); kw:channel(53.1324); kw:road(52.3699); kw:path(49.8887); kw:elevation(35.3977); kw:hydrology(32.29); kw:conduit(31.7301)	ن ب ء:B007:الطريق الواضح والأرض السهلة → ن س ب:B004:النَّيسَب طريق واضح
C1169	0.603	pride / honor / dough / bread	18	10	16	17	0.06238831	0.1574	0.9412	0.6471	12,16,35,37,52,53,60,67,76,92,105,107,113,115,134,135,145,157	ج م ع ش و ب ص د ق ع ج ب ع ج ز ع ظ م ك ب ر ن ب ذ ن ط ق ن ف س	kw:pride(40.6505); kw:honor(34.4119); kw:dough(34.1547); kw:bread(33.5381); kw:greatness(33.5381); kw:cushion(30.7655); kw:buttock(29.7602); kw:arrogance(27.9929)	ع ظ م:B008:عظامة الردف → ع ج ز:B004:مؤخر الشيء وعقبه
C1170	0.6028	leadership / law_governance/authority_governance / governance / purity	30	11	16	14	0.05979236	0.1261	1.0	0.6429	1,5,31,35,37,39,40,48,52,57,61,65,74,84,87,96,99,100,102,105,126,128,149,153,157,160,165,169,180,182	خ ل ص ر ء س ر ب ب س ع ي ص د ق ص ف ف ص ف و ع م ل ق ص ر ق ل ب ك ب ر	kw:leadership(51.6738); theme:law_governance/authority_governance(49.281); kw:governance(45.0396); kw:purity(35.6904); kw:sincerity(34.884); kw:office(31.3821); kw:friendship(30.7655); theme:condition_force_change/value_quality(30.1101)	ع م ل:B003:ولاية العمل والقيام عليه → س ع ي:B003:ولاية وسعاية على القوم
C1171	0.6022	order / continuity / pursuit / contract	13	9	15	15	0.05953466	0.1685	0.9333	0.7333	3,10,73,75,83,90,104,107,159,171,174,178,180	ت ب ع ت ل و س ب ق ش ي ع ع ق ب ف د ي ن د ي و ص ف و ل ي	kw:order(38.6317); kw:continuity(37.6199); kw:pursuit(37.4165); kw:contract(36.9363); kw:sequence(35.2565); kw:follower(31.3821); kw:evasion(30.4895); kw:following(29.1436)	ت ل و:B001:اتباع وتتابع → ت ب ع:B001:التلو والقفو
C1172	0.6022	tremor / hardness / egg / frost	17	13	14	12	0.05765357	0.1333	1.0	0.6667	5,10,36,46,49,64,67,70,78,84,93,108,119,129,145,153,173	ء ر ض ء ص ل ب ي ض ت ر ك ج ن د ح م م ش ه ب ص ف و ض ر ب ع ر ي ق ل ب ن ب ذ ه ر ع	kw:tremor(44.0082); kw:hardness(37.1238); kw:egg(30.7655); kw:frost(30.7655); kw:reptile(28.6095); kw:weather(28.4591); kw:snake(28.4462); kw:cold(27.5858)	ء ص ل:B004:الأصلة الحية → ق ل ب:B009:الحية البيضاء المشبهة بالقلب
C1173	0.6016	morning / dawn / rest / sleep	13	11	13	11	0.06104335	0.1467	0.9091	0.7273	15,35,48,64,90,102,113,137,148,150,174,177,178	ء ص ل ح ي ن خ ر ج د ب ر س ح ر ش ه د ص ب ح ق ص ر ك ب ر ن ف س ن و م	kw:morning(58.2873); kw:dawn(56.5787); kw:rest(40.0012); kw:sleep(39.4154); kw:cycle(36.578); kw:night(35.1871); kw:twilight(33.004); kw:daylight(32.5328)	ن و م:B001:النوم والرُّقاد → ص ب ح:B007:الصُّبْحة نوما
C1174	0.6009	selection / compatibility / soundness / fitness	22	9	14	16	0.05265237	0.2	1.0	0.5	7,8,11,21,29,37,52,62,76,81,100,105,111,112,122,127,132,134,148,149,152,157	ء م ن ء ه ل خ ي ر ص د ق ص ل ح ف ت ي ك ذ ب ك ل ل ل ز ب	kw:selection(41.3787); kw:compatibility(33.004); kw:soundness(31.7301); kw:fitness(30.4895); kw:merit(29.7602); kw:covenant(27.5858); kw:testimony(26.5662); kw:welfare(26.4674)	ك ذ ب:B001:خلاف الصدق → ص د ق:B001:صدق القول
C1175	0.6004	land_water_sky/sky_astronomy / sky / overhead / planet	18	11	13	13	0.05258716	0.1711	0.8462	0.6923	5,6,8,30,45,48,61,62,66,85,115,118,124,140,141,144,164,177	ء ر ض ب ط ن د ح ض س م و ع ل و ع ي ن ف ل ك ق و م ك و ك ب م ث ل ن ز ل	theme:land_water_sky/sky_astronomy(68.0156); kw:sky(47.893); kw:overhead(34.884); kw:planet(33.5381); kw:position(30.7655); kw:shadow(29.7602); kw:sun(28.6095); kw:cosmology(27.7169)	ك و ك ب:B001:الكوكب نجم في السماء → ف ل ك:B002:فلك السماء ومجرى الكواكب
C1176	0.6	arrival / destruction / death / mortality	23	13	16	19	0.05272409	0.1667	1.0	0.5789	8,16,20,25,28,37,47,53,58,59,60,84,90,112,116,117,145,148,157,172,174,178,180	ء ت ي ج ي ء ح ي ن ع ر ي ع ز ز ع ل و غ و ل ف و ز م و ت ن ب ء ن ص ر و ل ي و ي ل	kw:arrival(61.7155); kw:destruction(59.997); kw:death(55.9423); kw:mortality(53.9596); kw:approach(49.2484); kw:ruin(36.6655); kw:coming(33.5381); theme:body_health_life/mortality_death(31.8478)	ء ت ي:B001:الإتيان والمجيء → ج ي ء:B001:المجيء والحصول
C1177	0.6	majority / slab / disobedience / rebellion	16	10	15	13	0.06215102	0.1383	0.9231	0.7692	6,16,30,36,43,53,60,76,107,113,115,134,135,145,156,158	ج ن ن س ل ط ط غ و ط غ ي ع ظ م غ ب ر ك و ك ب ن ب ذ ن ج و ن ف س	kw:majority(34.884); kw:slab(32.5328); kw:disobedience(32.1114); kw:rebellion(31.0619); kw:rock(28.2893); kw:fragment(27.9929); kw:transgression(27.8525); kw:substance(27.7169)	ط غ ي:B001:مجاوزة الحد في العصيان → ط غ و:B001:مجاوزة الحد في العصيان
C1178	0.5986	ascent / elevation / overhead / foundation	12	10	15	17	0.05726974	0.1717	0.8235	0.7059	5,6,8,12,14,55,62,64,65,98,170,177	ء ر ض ء ص ل ر ء س س خ ر س ف ل س م و س و ي ع ل و ك ف ر ن ز ل	kw:ascent(39.4154); kw:elevation(35.3977); kw:overhead(34.884); kw:foundation(28.9576); kw:rise(28.9576); kw:base(28.2893); theme:kinship_society/hierarchy_status(27.9059); kw:motion(26.7838)	س م و:B001:العلو والارتفاع → ع ل و:B001:السمو والارتفاع
C1179	0.5964	sustenance / nourishment / agriculture_food/food_nutrition / ingestion	14	12	14	12	0.05833566	0.1364	1.0	0.6667	5,7,15,31,38,41,42,62,66,91,102,107,142,148	ء ك ل ذ و ق ر ز ق ز ق م س ح ر ش ر ق ص ب ر ف د ي ك ر م ل ق م م ت ع م ر د	kw:sustenance(67.4691); kw:nourishment(51.5089); theme:agriculture_food/food_nutrition(50.1927); kw:ingestion(46.5929); kw:food(44.555); kw:morsel(32.1114); theme:economy_property/provision_resource(29.8445); kw:cuisine(29.1436)	ز ق م:B002:الابتلاع والتلقم → ل ق م:B002:تناول الطعام بالفم
C1180	0.5958	palm / agriculture_food/plant_vegetation / sapling / shoot	26	14	15	15	0.05416498	0.1442	0.9333	0.6	9,17,33,38,42,46,49,54,55,59,63,64,65,71,76,77,98,102,115,126,134,142,147,158,168,176	ء ل ف ء و ل ب ي ض ج ع ل ج م ع خ ر ج س ف ل ش ي ء ط ل ع ع ذ ب ك ث ر ك ر ب ك ر م ل ق م	kw:palm(79.6046); theme:agriculture_food/plant_vegetation(74.0829); kw:sapling(49.5059); kw:shoot(43.1696); kw:growth(42.1427); kw:botany(38.0359); kw:seedling(34.884); kw:container(31.3469)	ج ع ل:B006:النخل الصغار أو القصار → ش ي ء:B006:صغار النخل
C1181	0.5944	sleep / rest / power / dominance	22	13	16	14	0.05607625	0.1197	1.0	0.6429	5,6,7,8,12,26,29,30,37,46,57,93,101,102,116,127,137,150,158,173,177,180	ب ل ل ح ض ر ح ل م س م و ش ه د ص ب ح ض ر ب ع ز ز غ ل ب غ ل م ك ل ل ل ذ ذ ن و م	kw:sleep(78.8308); kw:rest(53.335); kw:power(43.7032); kw:dominance(40.8244); kw:slumber(32.5328); kw:sexuality(31.9589); kw:conquest(30.4895); kw:breeding(28.9576)	غ ل ب:B001:قوة تقهر وتغلب → ع ز ز:B002:الغلبة والقهر
C1182	0.5924	presentation / intention / conveyance / delivery	23	12	14	13	0.05607426	0.1477	1.0	0.5385	3,5,6,13,14,23,25,28,37,55,67,84,99,102,116,117,118,147,150,155,157,168,172	ء ت ي ء ن ث ء ي ي ج ي ء ح م م ذ ك ر س م و س و ي ش ي ء م ء ي ن ص ر ه د ي	kw:presentation(49.5059); kw:intention(37.6199); kw:conveyance(32.1114); kw:delivery(27.4588); kw:presence(27.1003); kw:transfer(25.5168); kw:visibility(25.2924); kw:arrival(24.6862)	ء ت ي:B002:الإيتاء والإعطاء → ج ي ء:B004:الإتيان بالشيء واستحضاره
C1183	0.5896	disaster / flood / surge / torrent	16	13	15	15	0.05374572	0.1471	1.0	0.6	5,12,26,29,30,32,37,45,56,82,106,140,143,159,166,180	ب ل ل ب ل و ب ل ي ر د ي س ب ح ش ر ق ط غ و ط غ ي ط و ف ع ز ز غ ر ق غ و ي ف ل ك	kw:disaster(71.3809); kw:flood(60.4627); kw:surge(47.0731); kw:torrent(47.0731); kw:inundation(34.884); kw:immersion(32.5328); kw:overflow(30.4895); kw:water(25.4212)	ط غ ي:B002:علو الماء والقوة الجارفة → ط غ و:B002:طغيان الماء وما يجري مجراه
C1184	0.5882	sustenance / agriculture_food/food_nutrition / economy_property/provision_resource / cuisine	15	9	14	14	0.05309624	0.175	0.9286	0.6429	10,31,38,39,41,46,61,66,91,96,97,102,149,150,153	ء ك ل ب ن ي ت ب ع ذ و ق ر ز ق ش ر ب ش ي ء ع م ل م ل ك	kw:sustenance(53.9753); theme:agriculture_food/food_nutrition(53.7779); theme:economy_property/provision_resource(33.5751); kw:cuisine(29.1436); kw:allotment(27.8525); kw:nourishment(25.7544); kw:water(25.4212); kw:resource(24.0518)	ر ز ق:B002:القوت المتغذى به → ء ك ل:B003:النصيب والرزق المطعوم
C1185	0.5849	water / throat / nourishment / consumption	18	9	15	15	0.05279136	0.1613	0.8667	0.6667	5,9,22,23,33,38,45,46,48,59,63,82,102,107,113,118,137,176	ذ ب ح ش ر ب ش ر ق ص ر ط ظ ل م ع ذ ب ع ي ن غ ر ق م ر ر	kw:water(84.7372); kw:throat(49.4984); kw:nourishment(38.6317); kw:consumption(36.2398); kw:palatability(33.5381); kw:draught(33.004); kw:choking(32.5328); kw:immersion(32.5328)	ع ذ ب:B001:العذوبة والطيب في الماء والمطعوم → م ر ر:B003:المرارة ضد الحلاوة
C1186	0.5716	nobility / virtue / generosity / magnanimity	18	12	12	10	0.04954911	0.1515	0.7	0.7	9,11,21,33,38,42,48,59,64,75,88,98,104,149,150,168,171,176	خ ر ج س ب ق ش ه د ط ر ف ع ذ ب ع ن د ف ت ي ف ص ل ك ر م ك ي د ن ج م ن د ي	kw:nobility(64.1841); kw:virtue(49.8887); kw:generosity(36.4916); kw:magnanimity(35.7766); kw:honor(34.4119); theme:emotion_ethics/ethics_morality(32.9077); kw:breath(27.2163); kw:blood(24.9444)	ك ر م:B001:الشرف والجود المحمود → ط ر ف:B004:كرم الطرفين وشرف الأصل
