morpheme_id	word_id	qac_ref	morpheme_index	surface_ar	stem_ar	lemma_ar	root	root_join_key	pos	morpheme_role	morph_features	aspect	mood	voice	measure	person	gender	number	grammatical_case
m-w-s023-a000-w001-01	w-s023-a000-w001	1:1:1:1	1	بِ					P	PREFIX	PREFIX|bi+								
m-w-s023-a000-w001-02	w-s023-a000-w001	1:1:1:2	2	سْمِ	سْمِ	ٱسْم	س م و	سمو	N	STEM	STEM|POS:N|LEM:{som|ROOT:smw|M|GEN								GEN
m-w-s023-a000-w002-01	w-s023-a000-w002	1:1:2:1	1	ٱللَّهِ	ٱللَّهِ	ٱللَّه	ء ل ه	ءله	PN	STEM	STEM|POS:PN|LEM:{ll~ah|ROOT:Alh|GEN								GEN
m-w-s023-a000-w003-01	w-s023-a000-w003	1:1:3:1	1	ٱل					DET	PREFIX	PREFIX|Al+								
m-w-s023-a000-w003-02	w-s023-a000-w003	1:1:3:2	2	رَّحْمَٰنِ	رَّحْمَٰنِ	رَّحْمَٰن	ر ح م	رحم	ADJ	STEM	STEM|POS:ADJ|LEM:r~aHoma`n|ROOT:rHm|MS|GEN						M	singular	GEN
m-w-s023-a000-w004-01	w-s023-a000-w004	1:1:4:1	1	ٱل					DET	PREFIX	PREFIX|Al+								
m-w-s023-a000-w004-02	w-s023-a000-w004	1:1:4:2	2	رَّحِيمِ	رَّحِيمِ	رَّحِيم	ر ح م	رحم	ADJ	STEM	STEM|POS:ADJ|LEM:r~aHiym|ROOT:rHm|MS|GEN						M	singular	GEN
m-w-s023-a001-w001-01	w-s023-a001-w001	23:1:1:1	1	قَدْ	قَدْ	قَد			CERT	STEM	STEM|POS:CERT|LEM:qad								
m-w-s023-a001-w002-01	w-s023-a001-w002	23:1:2:1	1	أَفْلَحَ	أَفْلَحَ	أَفْلَحَ	ف ل ح	فلح	V	STEM	STEM|POS:V|PERF|(IV)|LEM:>afolaHa|ROOT:flH|3MS	PERF			IV	3	M	singular	
m-w-s023-a001-w003-01	w-s023-a001-w003	23:1:3:1	1	ٱلْ					DET	PREFIX	PREFIX|Al+								
m-w-s023-a001-w003-02	w-s023-a001-w003	23:1:3:2	2	مُؤْمِنُونَ	مُؤْمِنُونَ	مُؤْمِن	ء م ن	ءمن	N	STEM	STEM|POS:N|ACT|PCPL|(IV)|LEM:mu&omin|ROOT:Amn|MP|NOM			ACT	IV		M	plural	NOM
m-w-s023-a002-w001-01	w-s023-a002-w001	23:2:1:1	1	ٱلَّذِينَ	ٱلَّذِينَ	ٱلَّذِى			REL	STEM	STEM|POS:REL|LEM:{l~a*iY|MP						M	plural	
m-w-s023-a002-w002-01	w-s023-a002-w002	23:2:2:1	1	هُمْ	هُمْ				PRON	STEM	STEM|POS:PRON|3MP					3	M	plural	
m-w-s023-a002-w003-01	w-s023-a002-w003	23:2:3:1	1	فِى	فِى	فِى			P	STEM	STEM|POS:P|LEM:fiY								
m-w-s023-a002-w004-01	w-s023-a002-w004	23:2:4:1	1	صَلَاتِ	صَلَاتِ	صَلَوٰة	ص ل و	صلو	N	STEM	STEM|POS:N|LEM:Salaw`p|ROOT:Slw|F|GEN								GEN
m-w-s023-a002-w004-02	w-s023-a002-w004	23:2:4:2	2	هِمْ					PRON	SUFFIX	SUFFIX|PRON:3MP					3	M	plural	
m-w-s023-a002-w005-01	w-s023-a002-w005	23:2:5:1	1	خَٰشِعُونَ	خَٰشِعُونَ	خَاشِع	خ ش ع	خشع	N	STEM	STEM|POS:N|ACT|PCPL|LEM:xaA$iE|ROOT:x$E|MP|NOM			ACT			M	plural	NOM
m-w-s023-a003-w001-01	w-s023-a003-w001	23:3:1:1	1	وَ					CONJ	PREFIX	PREFIX|w:CONJ+								
m-w-s023-a003-w001-02	w-s023-a003-w001	23:3:1:2	2	ٱلَّذِينَ	ٱلَّذِينَ	ٱلَّذِى			REL	STEM	STEM|POS:REL|LEM:{l~a*iY|MP						M	plural	
m-w-s023-a003-w002-01	w-s023-a003-w002	23:3:2:1	1	هُمْ	هُمْ				PRON	STEM	STEM|POS:PRON|3MP					3	M	plural	
m-w-s023-a003-w003-01	w-s023-a003-w003	23:3:3:1	1	عَنِ	عَنِ	عَن			P	STEM	STEM|POS:P|LEM:Ean								
m-w-s023-a003-w004-01	w-s023-a003-w004	23:3:4:1	1	ٱل					DET	PREFIX	PREFIX|Al+								
m-w-s023-a003-w004-02	w-s023-a003-w004	23:3:4:2	2	لَّغْوِ	لَّغْوِ	لَغْو	ل غ و	لغو	N	STEM	STEM|POS:N|LEM:lagow|ROOT:lgw|M|GEN								GEN
m-w-s023-a003-w005-01	w-s023-a003-w005	23:3:5:1	1	مُعْرِضُونَ	مُعْرِضُونَ	مُّعْرِضُون	ع ر ض	عرض	N	STEM	STEM|POS:N|ACT|PCPL|(IV)|LEM:m~uEoriDuwn|ROOT:ErD|MP|NOM			ACT	IV		M	plural	NOM
m-w-s023-a004-w001-01	w-s023-a004-w001	23:4:1:1	1	وَ					CONJ	PREFIX	PREFIX|w:CONJ+								
m-w-s023-a004-w001-02	w-s023-a004-w001	23:4:1:2	2	ٱلَّذِينَ	ٱلَّذِينَ	ٱلَّذِى			REL	STEM	STEM|POS:REL|LEM:{l~a*iY|MP						M	plural	
m-w-s023-a004-w002-01	w-s023-a004-w002	23:4:2:1	1	هُمْ	هُمْ				PRON	STEM	STEM|POS:PRON|3MP					3	M	plural	
m-w-s023-a004-w003-01	w-s023-a004-w003	23:4:3:1	1	لِ					P	PREFIX	PREFIX|l:P+								
m-w-s023-a004-w003-02	w-s023-a004-w003	23:4:3:2	2	ل					DET	PREFIX	PREFIX|Al+								
m-w-s023-a004-w003-03	w-s023-a004-w003	23:4:3:3	3	زَّكَوٰةِ	زَّكَوٰةِ	زَكَوٰة	ز ك و	زكو	N	STEM	STEM|POS:N|LEM:zakaw`p|ROOT:zkw|F|GEN								GEN
m-w-s023-a004-w004-01	w-s023-a004-w004	23:4:4:1	1	فَٰعِلُونَ	فَٰعِلُونَ	فَاعِل	ف ع ل	فعل	N	STEM	STEM|POS:N|ACT|PCPL|LEM:faAEil|ROOT:fEl|MP|NOM			ACT			M	plural	NOM
m-w-s023-a005-w001-01	w-s023-a005-w001	23:5:1:1	1	وَ					CONJ	PREFIX	PREFIX|w:CONJ+								
m-w-s023-a005-w001-02	w-s023-a005-w001	23:5:1:2	2	ٱلَّذِينَ	ٱلَّذِينَ	ٱلَّذِى			REL	STEM	STEM|POS:REL|LEM:{l~a*iY|MP						M	plural	
m-w-s023-a005-w002-01	w-s023-a005-w002	23:5:2:1	1	هُمْ	هُمْ				PRON	STEM	STEM|POS:PRON|3MP					3	M	plural	
m-w-s023-a005-w003-01	w-s023-a005-w003	23:5:3:1	1	لِ					P	PREFIX	PREFIX|l:P+								
m-w-s023-a005-w003-02	w-s023-a005-w003	23:5:3:2	2	فُرُوجِ	فُرُوجِ	فَرْج	ف ر ج	فرج	N	STEM	STEM|POS:N|LEM:faroj|ROOT:frj|MP|GEN						M	plural	GEN
m-w-s023-a005-w003-03	w-s023-a005-w003	23:5:3:3	3	هِمْ					PRON	SUFFIX	SUFFIX|PRON:3MP					3	M	plural	
m-w-s023-a005-w004-01	w-s023-a005-w004	23:5:4:1	1	حَٰفِظُونَ	حَٰفِظُونَ	حَٰفِظ	ح ف ظ	حفظ	N	STEM	STEM|POS:N|ACT|PCPL|LEM:Ha`fiZ|ROOT:HfZ|MP|NOM			ACT			M	plural	NOM
m-w-s023-a006-w001-01	w-s023-a006-w001	23:6:1:1	1	إِلَّا	إِلَّا	إِلَّا			RES	STEM	STEM|POS:RES|LEM:<il~aA								
m-w-s023-a006-w002-01	w-s023-a006-w002	23:6:2:1	1	عَلَىٰٓ	عَلَىٰٓ	عَلَىٰ			P	STEM	STEM|POS:P|LEM:EalaY`								
m-w-s023-a006-w003-01	w-s023-a006-w003	23:6:3:1	1	أَزْوَٰجِ	أَزْوَٰجِ	زَوْج	ز و ج	زوج	N	STEM	STEM|POS:N|LEM:zawoj|ROOT:zwj|MP|GEN						M	plural	GEN
m-w-s023-a006-w003-02	w-s023-a006-w003	23:6:3:2	2	هِمْ					PRON	SUFFIX	SUFFIX|PRON:3MP					3	M	plural	
m-w-s023-a006-w004-01	w-s023-a006-w004	23:6:4:1	1	أَوْ	أَوْ	أَو			CONJ	STEM	STEM|POS:CONJ|LEM:>aw								
m-w-s023-a006-w005-01	w-s023-a006-w005	23:6:5:1	1	مَا	مَا	مَا			REL	STEM	STEM|POS:REL|LEM:maA								
m-w-s023-a006-w006-01	w-s023-a006-w006	23:6:6:1	1	مَلَكَتْ	مَلَكَتْ	مَلَكَتْ	م ل ك	ملك	V	STEM	STEM|POS:V|PERF|LEM:malakato|ROOT:mlk|3FS	PERF				3	F	singular	
m-w-s023-a006-w007-01	w-s023-a006-w007	23:6:7:1	1	أَيْمَٰنُ	أَيْمَٰنُ	يَمِين	ي م ن	يمن	N	STEM	STEM|POS:N|LEM:yamiyn|ROOT:ymn|MP|NOM						M	plural	NOM
m-w-s023-a006-w007-02	w-s023-a006-w007	23:6:7:2	2	هُمْ					PRON	SUFFIX	SUFFIX|PRON:3MP					3	M	plural	
m-w-s023-a006-w008-01	w-s023-a006-w008	23:6:8:1	1	فَ					REM	PREFIX	PREFIX|f:REM+								
m-w-s023-a006-w008-02	w-s023-a006-w008	23:6:8:2	2	إِنَّ	إِنَّ	إِنّ			ACC	STEM	STEM|POS:ACC|LEM:<in~|SP:<in~								ACC
m-w-s023-a006-w008-03	w-s023-a006-w008	23:6:8:3	3	هُمْ					PRON	SUFFIX	SUFFIX|PRON:3MP					3	M	plural	
m-w-s023-a006-w009-01	w-s023-a006-w009	23:6:9:1	1	غَيْرُ	غَيْرُ	غَيْر	غ ي ر	غير	N	STEM	STEM|POS:N|LEM:gayor|ROOT:gyr|M|NOM								NOM
m-w-s023-a006-w010-01	w-s023-a006-w010	23:6:10:1	1	مَلُومِينَ	مَلُومِينَ	مَلُوم	ل و م	لوم	N	STEM	STEM|POS:N|PASS|PCPL|LEM:maluwm|ROOT:lwm|MP|GEN			PASS			M	plural	GEN
m-w-s023-a007-w001-01	w-s023-a007-w001	23:7:1:1	1	فَ					REM	PREFIX	PREFIX|f:REM+								
m-w-s023-a007-w001-02	w-s023-a007-w001	23:7:1:2	2	مَنِ	مَنِ	مَن			REL	STEM	STEM|POS:REL|LEM:man								
m-w-s023-a007-w002-01	w-s023-a007-w002	23:7:2:1	1	ٱبْتَغَىٰ	ٱبْتَغَىٰ	ٱبْتَغَىٰ	ب غ ي	بغي	V	STEM	STEM|POS:V|PERF|(VIII)|LEM:{botagaY`|ROOT:bgy|3MS	PERF			VIII	3	M	singular	
m-w-s023-a007-w003-01	w-s023-a007-w003	23:7:3:1	1	وَرَآءَ	وَرَآءَ	وَرَآء	و ر ي	وري	LOC	STEM	STEM|POS:LOC|LEM:waraA^'|ROOT:wry|ACC								ACC
m-w-s023-a007-w004-01	w-s023-a007-w004	23:7:4:1	1	ذَٰلِكَ	ذَٰلِكَ	ذَٰلِك			DEM	STEM	STEM|POS:DEM|LEM:*a`lik|MS						M	singular	
m-w-s023-a007-w005-01	w-s023-a007-w005	23:7:5:1	1	فَ					REM	PREFIX	PREFIX|f:REM+								
m-w-s023-a007-w005-02	w-s023-a007-w005	23:7:5:2	2	أُو۟لَٰٓئِكَ	أُو۟لَٰٓئِكَ	أُولَٰٓئِك			DEM	STEM	STEM|POS:DEM|LEM:>uwla`^}ik|P								
m-w-s023-a007-w006-01	w-s023-a007-w006	23:7:6:1	1	هُمُ	هُمُ				PRON	STEM	STEM|POS:PRON|3MP					3	M	plural	
m-w-s023-a007-w007-01	w-s023-a007-w007	23:7:7:1	1	ٱلْ					DET	PREFIX	PREFIX|Al+								
m-w-s023-a007-w007-02	w-s023-a007-w007	23:7:7:2	2	عَادُونَ	عَادُونَ	عَاد	ع د و	عدو	N	STEM	STEM|POS:N|ACT|PCPL|LEM:EaAd|ROOT:Edw|MP|NOM			ACT			M	plural	NOM
m-w-s023-a008-w001-01	w-s023-a008-w001	23:8:1:1	1	وَ					CONJ	PREFIX	PREFIX|w:CONJ+								
m-w-s023-a008-w001-02	w-s023-a008-w001	23:8:1:2	2	ٱلَّذِينَ	ٱلَّذِينَ	ٱلَّذِى			REL	STEM	STEM|POS:REL|LEM:{l~a*iY|MP						M	plural	
m-w-s023-a008-w002-01	w-s023-a008-w002	23:8:2:1	1	هُمْ	هُمْ				PRON	STEM	STEM|POS:PRON|3MP					3	M	plural	
m-w-s023-a008-w003-01	w-s023-a008-w003	23:8:3:1	1	لِ					P	PREFIX	PREFIX|l:P+								
m-w-s023-a008-w003-02	w-s023-a008-w003	23:8:3:2	2	أَمَٰنَٰتِ	أَمَٰنَٰتِ	أَمَٰنَٰت	ء م ن	ءمن	N	STEM	STEM|POS:N|LEM:>ama`na`t|ROOT:Amn|FP|GEN						F	plural	GEN
m-w-s023-a008-w003-03	w-s023-a008-w003	23:8:3:3	3	هِمْ					PRON	SUFFIX	SUFFIX|PRON:3MP					3	M	plural	
m-w-s023-a008-w004-01	w-s023-a008-w004	23:8:4:1	1	وَ					CONJ	PREFIX	PREFIX|w:CONJ+								
m-w-s023-a008-w004-02	w-s023-a008-w004	23:8:4:2	2	عَهْدِ	عَهْدِ	عَهْد	ع ه د	عهد	N	STEM	STEM|POS:N|LEM:Eahod|ROOT:Ehd|M|GEN								GEN
m-w-s023-a008-w004-03	w-s023-a008-w004	23:8:4:3	3	هِمْ					PRON	SUFFIX	SUFFIX|PRON:3MP					3	M	plural	
m-w-s023-a008-w005-01	w-s023-a008-w005	23:8:5:1	1	رَٰعُونَ	رَٰعُونَ	رَٰعُون	ر ع ي	رعي	N	STEM	STEM|POS:N|ACT|PCPL|LEM:ra`Euwn|ROOT:rEy|MP|NOM			ACT			M	plural	NOM
m-w-s023-a009-w001-01	w-s023-a009-w001	23:9:1:1	1	وَ					CONJ	PREFIX	PREFIX|w:CONJ+								
m-w-s023-a009-w001-02	w-s023-a009-w001	23:9:1:2	2	ٱلَّذِينَ	ٱلَّذِينَ	ٱلَّذِى			REL	STEM	STEM|POS:REL|LEM:{l~a*iY|MP						M	plural	
m-w-s023-a009-w002-01	w-s023-a009-w002	23:9:2:1	1	هُمْ	هُمْ				PRON	STEM	STEM|POS:PRON|3MP					3	M	plural	
m-w-s023-a009-w003-01	w-s023-a009-w003	23:9:3:1	1	عَلَىٰ	عَلَىٰ	عَلَىٰ			P	STEM	STEM|POS:P|LEM:EalaY`								
m-w-s023-a009-w004-01	w-s023-a009-w004	23:9:4:1	1	صَلَوَٰتِ	صَلَوَٰتِ	صَلَوٰة	ص ل و	صلو	N	STEM	STEM|POS:N|LEM:Salaw`p|ROOT:Slw|FP|GEN						F	plural	GEN
m-w-s023-a009-w004-02	w-s023-a009-w004	23:9:4:2	2	هِمْ					PRON	SUFFIX	SUFFIX|PRON:3MP					3	M	plural	
m-w-s023-a009-w005-01	w-s023-a009-w005	23:9:5:1	1	يُحَافِظُ	يُحَافِظُ	يُحَافِظُ	ح ف ظ	حفظ	V	STEM	STEM|POS:V|IMPF|(III)|LEM:yuHaAfiZu|ROOT:HfZ|3MP	IMPF			III	3	M	plural	
m-w-s023-a009-w005-02	w-s023-a009-w005	23:9:5:2	2	ونَ					PRON	SUFFIX	SUFFIX|PRON:3MP					3	M	plural	
m-w-s023-a010-w001-01	w-s023-a010-w001	23:10:1:1	1	أُو۟لَٰٓئِكَ	أُو۟لَٰٓئِكَ	أُولَٰٓئِك			DEM	STEM	STEM|POS:DEM|LEM:>uwla`^}ik|P								
m-w-s023-a010-w002-01	w-s023-a010-w002	23:10:2:1	1	هُمُ	هُمُ				PRON	STEM	STEM|POS:PRON|3MP					3	M	plural	
m-w-s023-a010-w003-01	w-s023-a010-w003	23:10:3:1	1	ٱلْ					DET	PREFIX	PREFIX|Al+								
m-w-s023-a010-w003-02	w-s023-a010-w003	23:10:3:2	2	وَٰرِثُونَ	وَٰرِثُونَ	وَارِث	و ر ث	ورث	N	STEM	STEM|POS:N|ACT|PCPL|LEM:waAriv|ROOT:wrv|MP|NOM			ACT			M	plural	NOM
m-w-s023-a011-w001-01	w-s023-a011-w001	23:11:1:1	1	ٱلَّذِينَ	ٱلَّذِينَ	ٱلَّذِى			REL	STEM	STEM|POS:REL|LEM:{l~a*iY|MP						M	plural	
m-w-s023-a011-w002-01	w-s023-a011-w002	23:11:2:1	1	يَرِثُ	يَرِثُ	وَرِثَ	و ر ث	ورث	V	STEM	STEM|POS:V|IMPF|LEM:wariva|ROOT:wrv|3MP	IMPF				3	M	plural	
m-w-s023-a011-w002-02	w-s023-a011-w002	23:11:2:2	2	ونَ					PRON	SUFFIX	SUFFIX|PRON:3MP					3	M	plural	
m-w-s023-a011-w003-01	w-s023-a011-w003	23:11:3:1	1	ٱلْ					DET	PREFIX	PREFIX|Al+								
m-w-s023-a011-w003-02	w-s023-a011-w003	23:11:3:2	2	فِرْدَوْسَ	فِرْدَوْسَ	فِرْدَوْس			PN	STEM	STEM|POS:PN|LEM:firodawos|ACC								ACC
m-w-s023-a011-w004-01	w-s023-a011-w004	23:11:4:1	1	هُمْ	هُمْ				PRON	STEM	STEM|POS:PRON|3MP					3	M	plural	
m-w-s023-a011-w005-01	w-s023-a011-w005	23:11:5:1	1	فِي	فِي	فِى			P	STEM	STEM|POS:P|LEM:fiY								
m-w-s023-a011-w005-02	w-s023-a011-w005	23:11:5:2	2	هَا					PRON	SUFFIX	SUFFIX|PRON:3FS					3	F	singular	
m-w-s023-a011-w006-01	w-s023-a011-w006	23:11:6:1	1	خَٰلِدُونَ	خَٰلِدُونَ	خَٰلِد	خ ل د	خلد	N	STEM	STEM|POS:N|ACT|PCPL|LEM:xa`lid|ROOT:xld|MP|NOM			ACT			M	plural	NOM
m-w-s023-a012-w001-01	w-s023-a012-w001	23:12:1:1	1	وَ					CONJ	PREFIX	PREFIX|w:CONJ+								
m-w-s023-a012-w001-02	w-s023-a012-w001	23:12:1:2	2	لَ					EMPH	PREFIX	PREFIX|l:EMPH+								
m-w-s023-a012-w001-03	w-s023-a012-w001	23:12:1:3	3	قَدْ	قَدْ	قَد			CERT	STEM	STEM|POS:CERT|LEM:qad								
m-w-s023-a012-w002-01	w-s023-a012-w002	23:12:2:1	1	خَلَقْ	خَلَقْ	خَلَقَ	خ ل ق	خلق	V	STEM	STEM|POS:V|PERF|LEM:xalaqa|ROOT:xlq|1P	PERF				1		plural	
m-w-s023-a012-w002-02	w-s023-a012-w002	23:12:2:2	2	نَا					PRON	SUFFIX	SUFFIX|PRON:1P					1		plural	
m-w-s023-a012-w003-01	w-s023-a012-w003	23:12:3:1	1	ٱلْ					DET	PREFIX	PREFIX|Al+								
m-w-s023-a012-w003-02	w-s023-a012-w003	23:12:3:2	2	إِنسَٰنَ	إِنسَٰنَ	إِنسَٰن	ء ن س	ءنس	N	STEM	STEM|POS:N|LEM:<insa`n|ROOT:Ans|M|ACC								ACC
m-w-s023-a012-w004-01	w-s023-a012-w004	23:12:4:1	1	مِن	مِن	مِن			P	STEM	STEM|POS:P|LEM:min								
m-w-s023-a012-w005-01	w-s023-a012-w005	23:12:5:1	1	سُلَٰلَةٍ	سُلَٰلَةٍ	سُلَٰلَة	س ل ل	سلل	N	STEM	STEM|POS:N|LEM:sula`lap|ROOT:sll|F|INDEF|GEN								GEN
m-w-s023-a012-w006-01	w-s023-a012-w006	23:12:6:1	1	مِّن	مِّن	مِن			P	STEM	STEM|POS:P|LEM:min								
m-w-s023-a012-w007-01	w-s023-a012-w007	23:12:7:1	1	طِينٍ	طِينٍ	طِين	ط ي ن	طين	N	STEM	STEM|POS:N|LEM:Tiyn|ROOT:Tyn|M|INDEF|GEN								GEN
m-w-s023-a013-w001-01	w-s023-a013-w001	23:13:1:1	1	ثُمَّ	ثُمَّ	ثُمّ			CONJ	STEM	STEM|POS:CONJ|LEM:vum~								
m-w-s023-a013-w002-01	w-s023-a013-w002	23:13:2:1	1	جَعَلْ	جَعَلْ	جَعَلَ	ج ع ل	جعل	V	STEM	STEM|POS:V|PERF|LEM:jaEala|ROOT:jEl|1P	PERF				1		plural	
m-w-s023-a013-w002-02	w-s023-a013-w002	23:13:2:2	2	نَٰ					PRON	SUFFIX	SUFFIX|PRON:1P					1		plural	
m-w-s023-a013-w002-03	w-s023-a013-w002	23:13:2:3	3	هُ					PRON	SUFFIX	SUFFIX|PRON:3MS					3	M	singular	
m-w-s023-a013-w003-01	w-s023-a013-w003	23:13:3:1	1	نُطْفَةً	نُطْفَةً	نُّطْفَة	ن ط ف	نطف	N	STEM	STEM|POS:N|LEM:n~uTofap|ROOT:nTf|F|INDEF|ACC								ACC
m-w-s023-a013-w004-01	w-s023-a013-w004	23:13:4:1	1	فِى	فِى	فِى			P	STEM	STEM|POS:P|LEM:fiY								
m-w-s023-a013-w005-01	w-s023-a013-w005	23:13:5:1	1	قَرَارٍ	قَرَارٍ	قَرَار	ق ر ر	قرر	N	STEM	STEM|POS:N|LEM:qaraAr|ROOT:qrr|M|INDEF|GEN								GEN
m-w-s023-a013-w006-01	w-s023-a013-w006	23:13:6:1	1	مَّكِينٍ	مَّكِينٍ	مَّكِين	م ك ن	مكن	ADJ	STEM	STEM|POS:ADJ|LEM:m~akiyn|ROOT:mkn|MS|INDEF|GEN						M	singular	GEN
m-w-s023-a014-w001-01	w-s023-a014-w001	23:14:1:1	1	ثُمَّ	ثُمَّ	ثُمّ			CONJ	STEM	STEM|POS:CONJ|LEM:vum~								
m-w-s023-a014-w002-01	w-s023-a014-w002	23:14:2:1	1	خَلَقْ	خَلَقْ	خَلَقَ	خ ل ق	خلق	V	STEM	STEM|POS:V|PERF|LEM:xalaqa|ROOT:xlq|1P	PERF				1		plural	
m-w-s023-a014-w002-02	w-s023-a014-w002	23:14:2:2	2	نَا					PRON	SUFFIX	SUFFIX|PRON:1P					1		plural	
m-w-s023-a014-w003-01	w-s023-a014-w003	23:14:3:1	1	ٱل					DET	PREFIX	PREFIX|Al+								
m-w-s023-a014-w003-02	w-s023-a014-w003	23:14:3:2	2	نُّطْفَةَ	نُّطْفَةَ	نُّطْفَة	ن ط ف	نطف	N	STEM	STEM|POS:N|LEM:n~uTofap|ROOT:nTf|F|ACC								ACC
m-w-s023-a014-w004-01	w-s023-a014-w004	23:14:4:1	1	عَلَقَةً	عَلَقَةً	عَلَقَة	ع ل ق	علق	N	STEM	STEM|POS:N|LEM:Ealaqap|ROOT:Elq|F|INDEF|ACC								ACC
m-w-s023-a014-w005-01	w-s023-a014-w005	23:14:5:1	1	فَ					REM	PREFIX	PREFIX|f:REM+								
m-w-s023-a014-w005-02	w-s023-a014-w005	23:14:5:2	2	خَلَقْ	خَلَقْ	خَلَقَ	خ ل ق	خلق	V	STEM	STEM|POS:V|PERF|LEM:xalaqa|ROOT:xlq|1P	PERF				1		plural	
m-w-s023-a014-w005-03	w-s023-a014-w005	23:14:5:3	3	نَا					PRON	SUFFIX	SUFFIX|PRON:1P					1		plural	
m-w-s023-a014-w006-01	w-s023-a014-w006	23:14:6:1	1	ٱلْ					DET	PREFIX	PREFIX|Al+								
m-w-s023-a014-w006-02	w-s023-a014-w006	23:14:6:2	2	عَلَقَةَ	عَلَقَةَ	عَلَقَة	ع ل ق	علق	N	STEM	STEM|POS:N|LEM:Ealaqap|ROOT:Elq|F|ACC								ACC
m-w-s023-a014-w007-01	w-s023-a014-w007	23:14:7:1	1	مُضْغَةً	مُضْغَةً	مُضْغَة	م ض غ	مضغ	N	STEM	STEM|POS:N|LEM:muDogap|ROOT:mDg|F|INDEF|ACC								ACC
m-w-s023-a014-w008-01	w-s023-a014-w008	23:14:8:1	1	فَ					REM	PREFIX	PREFIX|f:REM+								
m-w-s023-a014-w008-02	w-s023-a014-w008	23:14:8:2	2	خَلَقْ	خَلَقْ	خَلَقَ	خ ل ق	خلق	V	STEM	STEM|POS:V|PERF|LEM:xalaqa|ROOT:xlq|1P	PERF				1		plural	
m-w-s023-a014-w008-03	w-s023-a014-w008	23:14:8:3	3	نَا					PRON	SUFFIX	SUFFIX|PRON:1P					1		plural	
m-w-s023-a014-w009-01	w-s023-a014-w009	23:14:9:1	1	ٱلْ					DET	PREFIX	PREFIX|Al+								
m-w-s023-a014-w009-02	w-s023-a014-w009	23:14:9:2	2	مُضْغَةَ	مُضْغَةَ	مُضْغَة	م ض غ	مضغ	N	STEM	STEM|POS:N|LEM:muDogap|ROOT:mDg|F|ACC								ACC
m-w-s023-a014-w010-01	w-s023-a014-w010	23:14:10:1	1	عِظَٰمًا	عِظَٰمًا	عَظِيم	ع ظ م	عظم	N	STEM	STEM|POS:N|LEM:EaZiym|ROOT:EZm|MP|INDEF|ACC						M	plural	ACC
m-w-s023-a014-w011-01	w-s023-a014-w011	23:14:11:1	1	فَ					REM	PREFIX	PREFIX|f:REM+								
m-w-s023-a014-w011-02	w-s023-a014-w011	23:14:11:2	2	كَسَوْ	كَسَوْ	كَسَوْ	ك س و	كسو	V	STEM	STEM|POS:V|PERF|LEM:kasawo|ROOT:ksw|1P	PERF				1		plural	
m-w-s023-a014-w011-03	w-s023-a014-w011	23:14:11:3	3	نَا					PRON	SUFFIX	SUFFIX|PRON:1P					1		plural	
m-w-s023-a014-w012-01	w-s023-a014-w012	23:14:12:1	1	ٱلْ					DET	PREFIX	PREFIX|Al+								
m-w-s023-a014-w012-02	w-s023-a014-w012	23:14:12:2	2	عِظَٰمَ	عِظَٰمَ	عَظِيم	ع ظ م	عظم	N	STEM	STEM|POS:N|LEM:EaZiym|ROOT:EZm|MP|ACC						M	plural	ACC
m-w-s023-a014-w013-01	w-s023-a014-w013	23:14:13:1	1	لَحْمًا	لَحْمًا	لَحْم	ل ح م	لحم	N	STEM	STEM|POS:N|LEM:laHom|ROOT:lHm|M|INDEF|ACC								ACC
m-w-s023-a014-w014-01	w-s023-a014-w014	23:14:14:1	1	ثُمَّ	ثُمَّ	ثُمّ			CONJ	STEM	STEM|POS:CONJ|LEM:vum~								
m-w-s023-a014-w015-01	w-s023-a014-w015	23:14:15:1	1	أَنشَأْ	أَنشَأْ	أَنشَأَ	ن ش ء	نشء	V	STEM	STEM|POS:V|PERF|(IV)|LEM:>an$a>a|ROOT:n$A|1P	PERF			IV	1		plural	
m-w-s023-a014-w015-02	w-s023-a014-w015	23:14:15:2	2	نَٰ					PRON	SUFFIX	SUFFIX|PRON:1P					1		plural	
m-w-s023-a014-w015-03	w-s023-a014-w015	23:14:15:3	3	هُ					PRON	SUFFIX	SUFFIX|PRON:3MS					3	M	singular	
m-w-s023-a014-w016-01	w-s023-a014-w016	23:14:16:1	1	خَلْقًا	خَلْقًا	خَلْق	خ ل ق	خلق	N	STEM	STEM|POS:N|LEM:xaloq|ROOT:xlq|M|INDEF|ACC								ACC
m-w-s023-a014-w017-01	w-s023-a014-w017	23:14:17:1	1	ءَاخَرَ	ءَاخَرَ	آخَر	ء خ ر	ءخر	ADJ	STEM	STEM|POS:ADJ|LEM:A^xar|ROOT:Axr|MS|ACC						M	singular	ACC
m-w-s023-a014-w018-01	w-s023-a014-w018	23:14:18:1	1	فَ					REM	PREFIX	PREFIX|f:REM+								
m-w-s023-a014-w018-02	w-s023-a014-w018	23:14:18:2	2	تَبَارَكَ	تَبَارَكَ	تَبَارَكَ	ب ر ك	برك	V	STEM	STEM|POS:V|PERF|(VI)|LEM:tabaAraka|ROOT:brk|3MS	PERF			VI	3	M	singular	
m-w-s023-a014-w019-01	w-s023-a014-w019	23:14:19:1	1	ٱللَّهُ	ٱللَّهُ	ٱللَّه	ء ل ه	ءله	PN	STEM	STEM|POS:PN|LEM:{ll~ah|ROOT:Alh|NOM								NOM
m-w-s023-a014-w020-01	w-s023-a014-w020	23:14:20:1	1	أَحْسَنُ	أَحْسَنُ	أَحْسَن	ح س ن	حسن	ADJ	STEM	STEM|POS:ADJ|LEM:>aHosan|ROOT:Hsn|MS|NOM						M	singular	NOM
m-w-s023-a014-w021-01	w-s023-a014-w021	23:14:21:1	1	ٱلْ					DET	PREFIX	PREFIX|Al+								
m-w-s023-a014-w021-02	w-s023-a014-w021	23:14:21:2	2	خَٰلِقِينَ	خَٰلِقِينَ	خَٰلِق	خ ل ق	خلق	N	STEM	STEM|POS:N|ACT|PCPL|LEM:xa`liq|ROOT:xlq|MP|GEN			ACT			M	plural	GEN
m-w-s023-a015-w001-01	w-s023-a015-w001	23:15:1:1	1	ثُمَّ	ثُمَّ	ثُمّ			CONJ	STEM	STEM|POS:CONJ|LEM:vum~								
m-w-s023-a015-w002-01	w-s023-a015-w002	23:15:2:1	1	إِنَّ	إِنَّ	إِنّ			ACC	STEM	STEM|POS:ACC|LEM:<in~|SP:<in~								ACC
m-w-s023-a015-w002-02	w-s023-a015-w002	23:15:2:2	2	كُم					PRON	SUFFIX	SUFFIX|PRON:2MP					2	M	plural	
m-w-s023-a015-w003-01	w-s023-a015-w003	23:15:3:1	1	بَعْدَ	بَعْدَ	بَعْد	ب ع د	بعد	T	STEM	STEM|POS:T|LEM:baEod|ROOT:bEd|ACC								ACC
m-w-s023-a015-w004-01	w-s023-a015-w004	23:15:4:1	1	ذَٰلِكَ	ذَٰلِكَ	ذَٰلِك			DEM	STEM	STEM|POS:DEM|LEM:*a`lik|MS						M	singular	
m-w-s023-a015-w005-01	w-s023-a015-w005	23:15:5:1	1	لَ					EMPH	PREFIX	PREFIX|l:EMPH+								
m-w-s023-a015-w005-02	w-s023-a015-w005	23:15:5:2	2	مَيِّتُونَ	مَيِّتُونَ	مَّيِّت	م و ت	موت	N	STEM	STEM|POS:N|LEM:m~ay~it|ROOT:mwt|MP|NOM						M	plural	NOM
m-w-s023-a016-w001-01	w-s023-a016-w001	23:16:1:1	1	ثُمَّ	ثُمَّ	ثُمّ			CONJ	STEM	STEM|POS:CONJ|LEM:vum~								
m-w-s023-a016-w002-01	w-s023-a016-w002	23:16:2:1	1	إِنَّ	إِنَّ	إِنّ			ACC	STEM	STEM|POS:ACC|LEM:<in~|SP:<in~								ACC
m-w-s023-a016-w002-02	w-s023-a016-w002	23:16:2:2	2	كُمْ					PRON	SUFFIX	SUFFIX|PRON:2MP					2	M	plural	
m-w-s023-a016-w003-01	w-s023-a016-w003	23:16:3:1	1	يَوْمَ	يَوْمَ	يَوْم	ي و م	يوم	N	STEM	STEM|POS:N|LEM:yawom|ROOT:ywm|M|ACC								ACC
m-w-s023-a016-w004-01	w-s023-a016-w004	23:16:4:1	1	ٱلْ					DET	PREFIX	PREFIX|Al+								
m-w-s023-a016-w004-02	w-s023-a016-w004	23:16:4:2	2	قِيَٰمَةِ	قِيَٰمَةِ	قِيَٰمَة	ق و م	قوم	N	STEM	STEM|POS:N|LEM:qiya`map|ROOT:qwm|F|GEN								GEN
m-w-s023-a016-w005-01	w-s023-a016-w005	23:16:5:1	1	تُبْعَثُ	تُبْعَثُ	بَعَثَ	ب ع ث	بعث	V	STEM	STEM|POS:V|IMPF|PASS|LEM:baEava|ROOT:bEv|2MP	IMPF		PASS		2	M	plural	
m-w-s023-a016-w005-02	w-s023-a016-w005	23:16:5:2	2	ونَ					PRON	SUFFIX	SUFFIX|PRON:2MP					2	M	plural	
m-w-s023-a017-w001-01	w-s023-a017-w001	23:17:1:1	1	وَ					CONJ	PREFIX	PREFIX|w:CONJ+								
m-w-s023-a017-w001-02	w-s023-a017-w001	23:17:1:2	2	لَ					EMPH	PREFIX	PREFIX|l:EMPH+								
m-w-s023-a017-w001-03	w-s023-a017-w001	23:17:1:3	3	قَدْ	قَدْ	قَد			CERT	STEM	STEM|POS:CERT|LEM:qad								
m-w-s023-a017-w002-01	w-s023-a017-w002	23:17:2:1	1	خَلَقْ	خَلَقْ	خَلَقَ	خ ل ق	خلق	V	STEM	STEM|POS:V|PERF|LEM:xalaqa|ROOT:xlq|1P	PERF				1		plural	
m-w-s023-a017-w002-02	w-s023-a017-w002	23:17:2:2	2	نَا					PRON	SUFFIX	SUFFIX|PRON:1P					1		plural	
m-w-s023-a017-w003-01	w-s023-a017-w003	23:17:3:1	1	فَوْقَ	فَوْقَ	فَوْق	ف و ق	فوق	N	STEM	STEM|POS:N|LEM:fawoq|ROOT:fwq|M|ACC								ACC
m-w-s023-a017-w003-02	w-s023-a017-w003	23:17:3:2	2	كُمْ					PRON	SUFFIX	SUFFIX|PRON:2MP					2	M	plural	
m-w-s023-a017-w004-01	w-s023-a017-w004	23:17:4:1	1	سَبْعَ	سَبْعَ	سَبْع	س ب ع	سبع	N	STEM	STEM|POS:N|LEM:saboE|ROOT:sbE|M|ACC								ACC
m-w-s023-a017-w005-01	w-s023-a017-w005	23:17:5:1	1	طَرَآئِقَ	طَرَآئِقَ	طَرِيقَة	ط ر ق	طرق	N	STEM	STEM|POS:N|LEM:Tariyqap|ROOT:Trq|MP|ACC						M	plural	ACC
m-w-s023-a017-w006-01	w-s023-a017-w006	23:17:6:1	1	وَ					CONJ	PREFIX	PREFIX|w:CONJ+								
m-w-s023-a017-w006-02	w-s023-a017-w006	23:17:6:2	2	مَا	مَا	مَا			NEG	STEM	STEM|POS:NEG|LEM:maA								
m-w-s023-a017-w007-01	w-s023-a017-w007	23:17:7:1	1	كُ	كُ	كَانَ	ك و ن	كون	V	STEM	STEM|POS:V|PERF|LEM:kaAna|ROOT:kwn|SP:kaAn|1P	PERF				1		plural	
m-w-s023-a017-w007-02	w-s023-a017-w007	23:17:7:2	2	نَّا					PRON	SUFFIX	SUFFIX|PRON:1P					1		plural	
m-w-s023-a017-w008-01	w-s023-a017-w008	23:17:8:1	1	عَنِ	عَنِ	عَن			P	STEM	STEM|POS:P|LEM:Ean								
m-w-s023-a017-w009-01	w-s023-a017-w009	23:17:9:1	1	ٱلْ					DET	PREFIX	PREFIX|Al+								
m-w-s023-a017-w009-02	w-s023-a017-w009	23:17:9:2	2	خَلْقِ	خَلْقِ	خَلْق	خ ل ق	خلق	N	STEM	STEM|POS:N|LEM:xaloq|ROOT:xlq|M|GEN								GEN
m-w-s023-a017-w010-01	w-s023-a017-w010	23:17:10:1	1	غَٰفِلِينَ	غَٰفِلِينَ	غَٰفِل	غ ف ل	غفل	N	STEM	STEM|POS:N|ACT|PCPL|LEM:ga`fil|ROOT:gfl|MP|ACC			ACT			M	plural	ACC
m-w-s023-a018-w001-01	w-s023-a018-w001	23:18:1:1	1	وَ					CONJ	PREFIX	PREFIX|w:CONJ+								
m-w-s023-a018-w001-02	w-s023-a018-w001	23:18:1:2	2	أَنزَلْ	أَنزَلْ	أَنزَلَ	ن ز ل	نزل	V	STEM	STEM|POS:V|PERF|(IV)|LEM:>anzala|ROOT:nzl|1P	PERF			IV	1		plural	
m-w-s023-a018-w001-03	w-s023-a018-w001	23:18:1:3	3	نَا					PRON	SUFFIX	SUFFIX|PRON:1P					1		plural	
m-w-s023-a018-w002-01	w-s023-a018-w002	23:18:2:1	1	مِنَ	مِنَ	مِن			P	STEM	STEM|POS:P|LEM:min								
m-w-s023-a018-w003-01	w-s023-a018-w003	23:18:3:1	1	ٱل					DET	PREFIX	PREFIX|Al+								
m-w-s023-a018-w003-02	w-s023-a018-w003	23:18:3:2	2	سَّمَآءِ	سَّمَآءِ	سَمَآء	س م و	سمو	N	STEM	STEM|POS:N|LEM:samaA^'|ROOT:smw|F|GEN								GEN
m-w-s023-a018-w004-01	w-s023-a018-w004	23:18:4:1	1	مَآءًۢ	مَآءًۢ	مَآء	م و ه	موه	N	STEM	STEM|POS:N|LEM:maA^'|ROOT:mwh|M|INDEF|ACC								ACC
m-w-s023-a018-w005-01	w-s023-a018-w005	23:18:5:1	1	بِ					P	PREFIX	PREFIX|bi+								
m-w-s023-a018-w005-02	w-s023-a018-w005	23:18:5:2	2	قَدَرٍ	قَدَرٍ	قَدَر	ق د ر	قدر	N	STEM	STEM|POS:N|LEM:qadar|ROOT:qdr|M|INDEF|GEN								GEN
m-w-s023-a018-w006-01	w-s023-a018-w006	23:18:6:1	1	فَ					REM	PREFIX	PREFIX|f:REM+								
m-w-s023-a018-w006-02	w-s023-a018-w006	23:18:6:2	2	أَسْكَ	أَسْكَ	أَسْكَن	س ك ن	سكن	V	STEM	STEM|POS:V|PERF|(IV)|LEM:>asokan|ROOT:skn|1P	PERF			IV	1		plural	
m-w-s023-a018-w006-03	w-s023-a018-w006	23:18:6:3	3	نَّٰ					PRON	SUFFIX	SUFFIX|PRON:1P					1		plural	
m-w-s023-a018-w006-04	w-s023-a018-w006	23:18:6:4	4	هُ					PRON	SUFFIX	SUFFIX|PRON:3MS					3	M	singular	
m-w-s023-a018-w007-01	w-s023-a018-w007	23:18:7:1	1	فِى	فِى	فِى			P	STEM	STEM|POS:P|LEM:fiY								
m-w-s023-a018-w008-01	w-s023-a018-w008	23:18:8:1	1	ٱلْ					DET	PREFIX	PREFIX|Al+								
m-w-s023-a018-w008-02	w-s023-a018-w008	23:18:8:2	2	أَرْضِ	أَرْضِ	أَرْض	ء ر ض	ءرض	N	STEM	STEM|POS:N|LEM:>aroD|ROOT:ArD|F|GEN								GEN
m-w-s023-a018-w009-01	w-s023-a018-w009	23:18:9:1	1	وَ					CONJ	PREFIX	PREFIX|w:CONJ+								
m-w-s023-a018-w009-02	w-s023-a018-w009	23:18:9:2	2	إِنَّ	إِنَّ	إِنّ			ACC	STEM	STEM|POS:ACC|LEM:<in~|SP:<in~								ACC
m-w-s023-a018-w009-03	w-s023-a018-w009	23:18:9:3	3	ا					PRON	SUFFIX	SUFFIX|PRON:1P					1		plural	
m-w-s023-a018-w010-01	w-s023-a018-w010	23:18:10:1	1	عَلَىٰ	عَلَىٰ	عَلَىٰ			P	STEM	STEM|POS:P|LEM:EalaY`								
m-w-s023-a018-w011-01	w-s023-a018-w011	23:18:11:1	1	ذَهَابٍۭ	ذَهَابٍۭ	ذَهَاب	ذ ه ب	ذهب	N	STEM	STEM|POS:N|VN|LEM:*ahaAb|ROOT:*hb|M|INDEF|GEN								GEN
m-w-s023-a018-w012-01	w-s023-a018-w012	23:18:12:1	1	بِ					P	PREFIX	PREFIX|bi+								
m-w-s023-a018-w012-02	w-s023-a018-w012	23:18:12:2	2	هِۦ	هِۦ				PRON	STEM	STEM|POS:PRON|3MS					3	M	singular	
m-w-s023-a018-w013-01	w-s023-a018-w013	23:18:13:1	1	لَ					EMPH	PREFIX	PREFIX|l:EMPH+								
m-w-s023-a018-w013-02	w-s023-a018-w013	23:18:13:2	2	قَٰدِرُونَ	قَٰدِرُونَ	قَادِر	ق د ر	قدر	N	STEM	STEM|POS:N|ACT|PCPL|LEM:qaAdir|ROOT:qdr|MP|NOM			ACT			M	plural	NOM
m-w-s023-a019-w001-01	w-s023-a019-w001	23:19:1:1	1	فَ					REM	PREFIX	PREFIX|f:REM+								
m-w-s023-a019-w001-02	w-s023-a019-w001	23:19:1:2	2	أَنشَأْ	أَنشَأْ	أَنشَأَ	ن ش ء	نشء	V	STEM	STEM|POS:V|PERF|(IV)|LEM:>an$a>a|ROOT:n$A|1P	PERF			IV	1		plural	
m-w-s023-a019-w001-03	w-s023-a019-w001	23:19:1:3	3	نَا					PRON	SUFFIX	SUFFIX|PRON:1P					1		plural	
m-w-s023-a019-w002-01	w-s023-a019-w002	23:19:2:1	1	لَ					P	PREFIX	PREFIX|l:P+								
m-w-s023-a019-w002-02	w-s023-a019-w002	23:19:2:2	2	كُم	كُم				PRON	STEM	STEM|POS:PRON|2MP					2	M	plural	
m-w-s023-a019-w003-01	w-s023-a019-w003	23:19:3:1	1	بِ					P	PREFIX	PREFIX|bi+								
m-w-s023-a019-w003-02	w-s023-a019-w003	23:19:3:2	2	هِۦ	هِۦ				PRON	STEM	STEM|POS:PRON|3MS					3	M	singular	
m-w-s023-a019-w004-01	w-s023-a019-w004	23:19:4:1	1	جَنَّٰتٍ	جَنَّٰتٍ	جَنَّة	ج ن ن	جنن	N	STEM	STEM|POS:N|LEM:jan~ap|ROOT:jnn|FP|INDEF|ACC						F	plural	ACC
m-w-s023-a019-w005-01	w-s023-a019-w005	23:19:5:1	1	مِّن	مِّن	مِن			P	STEM	STEM|POS:P|LEM:min								
m-w-s023-a019-w006-01	w-s023-a019-w006	23:19:6:1	1	نَّخِيلٍ	نَّخِيلٍ	نَّخِيل	ن خ ل	نخل	N	STEM	STEM|POS:N|LEM:n~axiyl|ROOT:nxl|MP|INDEF|GEN						M	plural	GEN
m-w-s023-a019-w007-01	w-s023-a019-w007	23:19:7:1	1	وَ					CONJ	PREFIX	PREFIX|w:CONJ+								
m-w-s023-a019-w007-02	w-s023-a019-w007	23:19:7:2	2	أَعْنَٰبٍ	أَعْنَٰبٍ	عِنَب	ع ن ب	عنب	N	STEM	STEM|POS:N|LEM:Einab|ROOT:Enb|MP|INDEF|GEN						M	plural	GEN
m-w-s023-a019-w008-01	w-s023-a019-w008	23:19:8:1	1	لَّ					P	PREFIX	PREFIX|l:P+								
m-w-s023-a019-w008-02	w-s023-a019-w008	23:19:8:2	2	كُمْ	كُمْ				PRON	STEM	STEM|POS:PRON|2MP					2	M	plural	
m-w-s023-a019-w009-01	w-s023-a019-w009	23:19:9:1	1	فِي	فِي	فِى			P	STEM	STEM|POS:P|LEM:fiY								
m-w-s023-a019-w009-02	w-s023-a019-w009	23:19:9:2	2	هَا					PRON	SUFFIX	SUFFIX|PRON:3FS					3	F	singular	
m-w-s023-a019-w010-01	w-s023-a019-w010	23:19:10:1	1	فَوَٰكِهُ	فَوَٰكِهُ	فَوَٰكِه	ف ك ه	فكه	N	STEM	STEM|POS:N|LEM:fawa`kih|ROOT:fkh|MP|NOM						M	plural	NOM
m-w-s023-a019-w011-01	w-s023-a019-w011	23:19:11:1	1	كَثِيرَةٌ	كَثِيرَةٌ	كَثِيرَة	ك ث ر	كثر	ADJ	STEM	STEM|POS:ADJ|LEM:kaviyrap|ROOT:kvr|FS|INDEF|NOM						F	singular	NOM
m-w-s023-a019-w012-01	w-s023-a019-w012	23:19:12:1	1	وَ					CONJ	PREFIX	PREFIX|w:CONJ+								
m-w-s023-a019-w012-02	w-s023-a019-w012	23:19:12:2	2	مِنْ	مِنْ	مِن			P	STEM	STEM|POS:P|LEM:min								
m-w-s023-a019-w012-03	w-s023-a019-w012	23:19:12:3	3	هَا					PRON	SUFFIX	SUFFIX|PRON:3FS					3	F	singular	
m-w-s023-a019-w013-01	w-s023-a019-w013	23:19:13:1	1	تَأْكُلُ	تَأْكُلُ	أَكَلَ	ء ك ل	ءكل	V	STEM	STEM|POS:V|IMPF|LEM:>akala|ROOT:Akl|2MP	IMPF				2	M	plural	
m-w-s023-a019-w013-02	w-s023-a019-w013	23:19:13:2	2	ونَ					PRON	SUFFIX	SUFFIX|PRON:2MP					2	M	plural	
m-w-s023-a020-w001-01	w-s023-a020-w001	23:20:1:1	1	وَ					CONJ	PREFIX	PREFIX|w:CONJ+								
m-w-s023-a020-w001-02	w-s023-a020-w001	23:20:1:2	2	شَجَرَةً	شَجَرَةً	شَجَرَة	ش ج ر	شجر	N	STEM	STEM|POS:N|LEM:$ajarap|ROOT:$jr|F|INDEF|ACC								ACC
m-w-s023-a020-w002-01	w-s023-a020-w002	23:20:2:1	1	تَخْرُجُ	تَخْرُجُ	خَرَجَ	خ ر ج	خرج	V	STEM	STEM|POS:V|IMPF|LEM:xaraja|ROOT:xrj|3FS	IMPF				3	F	singular	
m-w-s023-a020-w003-01	w-s023-a020-w003	23:20:3:1	1	مِن	مِن	مِن			P	STEM	STEM|POS:P|LEM:min								
m-w-s023-a020-w004-01	w-s023-a020-w004	23:20:4:1	1	طُورِ	طُورِ	طُور	ط و ر	طور	N	STEM	STEM|POS:N|LEM:Tuwr|ROOT:Twr|M|GEN								GEN
m-w-s023-a020-w005-01	w-s023-a020-w005	23:20:5:1	1	سَيْنَآءَ	سَيْنَآءَ	سَيْنَآء			PN	STEM	STEM|POS:PN|LEM:sayonaA^'|GEN								GEN
m-w-s023-a020-w006-01	w-s023-a020-w006	23:20:6:1	1	تَنۢبُتُ	تَنۢبُتُ	تَنۢبُتُ	ن ب ت	نبت	V	STEM	STEM|POS:V|IMPF|LEM:tan[butu|ROOT:nbt|3FS	IMPF				3	F	singular	
m-w-s023-a020-w007-01	w-s023-a020-w007	23:20:7:1	1	بِ					P	PREFIX	PREFIX|bi+								
m-w-s023-a020-w007-02	w-s023-a020-w007	23:20:7:2	2	ٱل					DET	PREFIX	PREFIX|Al+								
m-w-s023-a020-w007-03	w-s023-a020-w007	23:20:7:3	3	دُّهْنِ	دُّهْنِ	دُّهْن	د ه ن	دهن	N	STEM	STEM|POS:N|LEM:d~uhon|ROOT:dhn|M|GEN								GEN
m-w-s023-a020-w008-01	w-s023-a020-w008	23:20:8:1	1	وَ					CONJ	PREFIX	PREFIX|w:CONJ+								
m-w-s023-a020-w008-02	w-s023-a020-w008	23:20:8:2	2	صِبْغٍ	صِبْغٍ	صِبْغ	ص ب غ	صبغ	N	STEM	STEM|POS:N|LEM:Sibog|ROOT:Sbg|M|INDEF|GEN								GEN
m-w-s023-a020-w009-01	w-s023-a020-w009	23:20:9:1	1	لِّ					P	PREFIX	PREFIX|l:P+								
m-w-s023-a020-w009-02	w-s023-a020-w009	23:20:9:2	2	لْ					DET	PREFIX	PREFIX|Al+								
m-w-s023-a020-w009-03	w-s023-a020-w009	23:20:9:3	3	ءَاكِلِينَ	ءَاكِلِينَ	ءَاكِلُون	ء ك ل	ءكل	N	STEM	STEM|POS:N|ACT|PCPL|LEM:'aAkiluwn|ROOT:Akl|MP|GEN			ACT			M	plural	GEN
m-w-s023-a021-w001-01	w-s023-a021-w001	23:21:1:1	1	وَ					CONJ	PREFIX	PREFIX|w:CONJ+								
m-w-s023-a021-w001-02	w-s023-a021-w001	23:21:1:2	2	إِنَّ	إِنَّ	إِنّ			ACC	STEM	STEM|POS:ACC|LEM:<in~|SP:<in~								ACC
m-w-s023-a021-w002-01	w-s023-a021-w002	23:21:2:1	1	لَ					P	PREFIX	PREFIX|l:P+								
m-w-s023-a021-w002-02	w-s023-a021-w002	23:21:2:2	2	كُمْ	كُمْ				PRON	STEM	STEM|POS:PRON|2MP					2	M	plural	
m-w-s023-a021-w003-01	w-s023-a021-w003	23:21:3:1	1	فِى	فِى	فِى			P	STEM	STEM|POS:P|LEM:fiY								
m-w-s023-a021-w004-01	w-s023-a021-w004	23:21:4:1	1	ٱلْ					DET	PREFIX	PREFIX|Al+								
m-w-s023-a021-w004-02	w-s023-a021-w004	23:21:4:2	2	أَنْعَٰمِ	أَنْعَٰمِ	نَّعَم	ن ع م	نعم	N	STEM	STEM|POS:N|LEM:n~aEam|ROOT:nEm|MP|GEN						M	plural	GEN
m-w-s023-a021-w005-01	w-s023-a021-w005	23:21:5:1	1	لَ					EMPH	PREFIX	PREFIX|l:EMPH+								
m-w-s023-a021-w005-02	w-s023-a021-w005	23:21:5:2	2	عِبْرَةً	عِبْرَةً	عِبْرَة	ع ب ر	عبر	N	STEM	STEM|POS:N|LEM:Eiborap|ROOT:Ebr|F|INDEF|ACC								ACC
m-w-s023-a021-w006-01	w-s023-a021-w006	23:21:6:1	1	نُّسْقِي	نُّسْقِي	أَسْقَيْ	س ق ي	سقي	V	STEM	STEM|POS:V|IMPF|(IV)|LEM:>asoqayo|ROOT:sqy|1P	IMPF			IV	1		plural	
m-w-s023-a021-w006-02	w-s023-a021-w006	23:21:6:2	2	كُم					PRON	SUFFIX	SUFFIX|PRON:2MP					2	M	plural	
m-w-s023-a021-w007-01	w-s023-a021-w007	23:21:7:1	1	مِّ	مِّ	مِن			P	STEM	STEM|POS:P|LEM:min								
m-w-s023-a021-w007-02	w-s023-a021-w007	23:21:7:2	2	مَّا	مَّا	مَا			REL	STEM	STEM|POS:REL|LEM:maA								
m-w-s023-a021-w008-01	w-s023-a021-w008	23:21:8:1	1	فِى	فِى	فِى			P	STEM	STEM|POS:P|LEM:fiY								
m-w-s023-a021-w009-01	w-s023-a021-w009	23:21:9:1	1	بُطُونِ	بُطُونِ	بَطْن	ب ط ن	بطن	N	STEM	STEM|POS:N|LEM:baTon|ROOT:bTn|MP|GEN						M	plural	GEN
m-w-s023-a021-w009-02	w-s023-a021-w009	23:21:9:2	2	هَا					PRON	SUFFIX	SUFFIX|PRON:3FS					3	F	singular	
m-w-s023-a021-w010-01	w-s023-a021-w010	23:21:10:1	1	وَ					CONJ	PREFIX	PREFIX|w:CONJ+								
m-w-s023-a021-w010-02	w-s023-a021-w010	23:21:10:2	2	لَ					P	PREFIX	PREFIX|l:P+								
m-w-s023-a021-w010-03	w-s023-a021-w010	23:21:10:3	3	كُمْ	كُمْ				PRON	STEM	STEM|POS:PRON|2MP					2	M	plural	
m-w-s023-a021-w011-01	w-s023-a021-w011	23:21:11:1	1	فِي	فِي	فِى			P	STEM	STEM|POS:P|LEM:fiY								
m-w-s023-a021-w011-02	w-s023-a021-w011	23:21:11:2	2	هَا					PRON	SUFFIX	SUFFIX|PRON:3FS					3	F	singular	
m-w-s023-a021-w012-01	w-s023-a021-w012	23:21:12:1	1	مَنَٰفِعُ	مَنَٰفِعُ	مَنَٰفِع	ن ف ع	نفع	N	STEM	STEM|POS:N|LEM:mana`fiE|ROOT:nfE|FP|NOM						F	plural	NOM
m-w-s023-a021-w013-01	w-s023-a021-w013	23:21:13:1	1	كَثِيرَةٌ	كَثِيرَةٌ	كَثِيرَة	ك ث ر	كثر	ADJ	STEM	STEM|POS:ADJ|LEM:kaviyrap|ROOT:kvr|FS|INDEF|NOM						F	singular	NOM
m-w-s023-a021-w014-01	w-s023-a021-w014	23:21:14:1	1	وَ					CONJ	PREFIX	PREFIX|w:CONJ+								
m-w-s023-a021-w014-02	w-s023-a021-w014	23:21:14:2	2	مِنْ	مِنْ	مِن			P	STEM	STEM|POS:P|LEM:min								
m-w-s023-a021-w014-03	w-s023-a021-w014	23:21:14:3	3	هَا					PRON	SUFFIX	SUFFIX|PRON:3FS					3	F	singular	
m-w-s023-a021-w015-01	w-s023-a021-w015	23:21:15:1	1	تَأْكُلُ	تَأْكُلُ	أَكَلَ	ء ك ل	ءكل	V	STEM	STEM|POS:V|IMPF|LEM:>akala|ROOT:Akl|2MP	IMPF				2	M	plural	
m-w-s023-a021-w015-02	w-s023-a021-w015	23:21:15:2	2	ونَ					PRON	SUFFIX	SUFFIX|PRON:2MP					2	M	plural	
m-w-s023-a022-w001-01	w-s023-a022-w001	23:22:1:1	1	وَ					CONJ	PREFIX	PREFIX|w:CONJ+								
m-w-s023-a022-w001-02	w-s023-a022-w001	23:22:1:2	2	عَلَيْ	عَلَيْ	عَلَىٰ			P	STEM	STEM|POS:P|LEM:EalaY`								
m-w-s023-a022-w001-03	w-s023-a022-w001	23:22:1:3	3	هَا					PRON	SUFFIX	SUFFIX|PRON:3FS					3	F	singular	
m-w-s023-a022-w002-01	w-s023-a022-w002	23:22:2:1	1	وَ					CONJ	PREFIX	PREFIX|w:CONJ+								
m-w-s023-a022-w002-02	w-s023-a022-w002	23:22:2:2	2	عَلَى	عَلَى	عَلَىٰ			P	STEM	STEM|POS:P|LEM:EalaY`								
m-w-s023-a022-w003-01	w-s023-a022-w003	23:22:3:1	1	ٱلْ					DET	PREFIX	PREFIX|Al+								
m-w-s023-a022-w003-02	w-s023-a022-w003	23:22:3:2	2	فُلْكِ	فُلْكِ	فُلْك	ف ل ك	فلك	N	STEM	STEM|POS:N|LEM:fulok|ROOT:flk|M|GEN								GEN
m-w-s023-a022-w004-01	w-s023-a022-w004	23:22:4:1	1	تُحْمَلُ	تُحْمَلُ	حَمَلَ	ح م ل	حمل	V	STEM	STEM|POS:V|IMPF|PASS|LEM:Hamala|ROOT:Hml|2MP	IMPF		PASS		2	M	plural	
m-w-s023-a022-w004-02	w-s023-a022-w004	23:22:4:2	2	ونَ					PRON	SUFFIX	SUFFIX|PRON:2MP					2	M	plural	
m-w-s023-a023-w001-01	w-s023-a023-w001	23:23:1:1	1	وَ					CONJ	PREFIX	PREFIX|w:CONJ+								
m-w-s023-a023-w001-02	w-s023-a023-w001	23:23:1:2	2	لَ					EMPH	PREFIX	PREFIX|l:EMPH+								
m-w-s023-a023-w001-03	w-s023-a023-w001	23:23:1:3	3	قَدْ	قَدْ	قَد			CERT	STEM	STEM|POS:CERT|LEM:qad								
m-w-s023-a023-w002-01	w-s023-a023-w002	23:23:2:1	1	أَرْسَلْ	أَرْسَلْ	أَرْسَلَ	ر س ل	رسل	V	STEM	STEM|POS:V|PERF|(IV)|LEM:>arosala|ROOT:rsl|1P	PERF			IV	1		plural	
m-w-s023-a023-w002-02	w-s023-a023-w002	23:23:2:2	2	نَا					PRON	SUFFIX	SUFFIX|PRON:1P					1		plural	
m-w-s023-a023-w003-01	w-s023-a023-w003	23:23:3:1	1	نُوحًا	نُوحًا	نُوح			PN	STEM	STEM|POS:PN|LEM:nuwH|M|ACC								ACC
m-w-s023-a023-w004-01	w-s023-a023-w004	23:23:4:1	1	إِلَىٰ	إِلَىٰ	إِلَىٰ			P	STEM	STEM|POS:P|LEM:<ilaY`								
m-w-s023-a023-w005-01	w-s023-a023-w005	23:23:5:1	1	قَوْمِ	قَوْمِ	قَوْم	ق و م	قوم	N	STEM	STEM|POS:N|LEM:qawom|ROOT:qwm|M|GEN								GEN
m-w-s023-a023-w005-02	w-s023-a023-w005	23:23:5:2	2	هِۦ					PRON	SUFFIX	SUFFIX|PRON:3MS					3	M	singular	
m-w-s023-a023-w006-01	w-s023-a023-w006	23:23:6:1	1	فَ					CONJ	PREFIX	PREFIX|f:CONJ+								
m-w-s023-a023-w006-02	w-s023-a023-w006	23:23:6:2	2	قَالَ	قَالَ	قَالَ	ق و ل	قول	V	STEM	STEM|POS:V|PERF|LEM:qaAla|ROOT:qwl|3MS	PERF				3	M	singular	
m-w-s023-a023-w007-01	w-s023-a023-w007	23:23:7:1	1	يَٰ					VOC	PREFIX	PREFIX|ya+								
m-w-s023-a023-w007-02	w-s023-a023-w007	23:23:7:2	2	قَوْمِ	قَوْمِ	قَوْم	ق و م	قوم	N	STEM	STEM|POS:N|LEM:qawom|ROOT:qwm|M|NOM								NOM
m-w-s023-a023-w007-03	w-s023-a023-w007	23:23:7:3	3						PRON	SUFFIX	SUFFIX|PRON:1S					1		singular	
m-w-s023-a023-w008-01	w-s023-a023-w008	23:23:8:1	1	ٱعْبُدُ	ٱعْبُدُ	عَبَدَ	ع ب د	عبد	V	STEM	STEM|POS:V|IMPV|LEM:Eabada|ROOT:Ebd|2MP	IMPV				2	M	plural	
m-w-s023-a023-w008-02	w-s023-a023-w008	23:23:8:2	2	وا۟					PRON	SUFFIX	SUFFIX|PRON:2MP					2	M	plural	
m-w-s023-a023-w009-01	w-s023-a023-w009	23:23:9:1	1	ٱللَّهَ	ٱللَّهَ	ٱللَّه	ء ل ه	ءله	PN	STEM	STEM|POS:PN|LEM:{ll~ah|ROOT:Alh|ACC								ACC
m-w-s023-a023-w010-01	w-s023-a023-w010	23:23:10:1	1	مَا	مَا	مَا			NEG	STEM	STEM|POS:NEG|LEM:maA								
m-w-s023-a023-w011-01	w-s023-a023-w011	23:23:11:1	1	لَ					P	PREFIX	PREFIX|l:P+								
m-w-s023-a023-w011-02	w-s023-a023-w011	23:23:11:2	2	كُم	كُم				PRON	STEM	STEM|POS:PRON|2MP					2	M	plural	
m-w-s023-a023-w012-01	w-s023-a023-w012	23:23:12:1	1	مِّنْ	مِّنْ	مِن			P	STEM	STEM|POS:P|LEM:min								
m-w-s023-a023-w013-01	w-s023-a023-w013	23:23:13:1	1	إِلَٰهٍ	إِلَٰهٍ	إِلَٰه	ء ل ه	ءله	N	STEM	STEM|POS:N|LEM:<ila`h|ROOT:Alh|MS|INDEF|GEN						M	singular	GEN
m-w-s023-a023-w014-01	w-s023-a023-w014	23:23:14:1	1	غَيْرُ	غَيْرُ	غَيْر	غ ي ر	غير	N	STEM	STEM|POS:N|LEM:gayor|ROOT:gyr|M|NOM								NOM
m-w-s023-a023-w014-02	w-s023-a023-w014	23:23:14:2	2	هُۥٓ					PRON	SUFFIX	SUFFIX|PRON:3MS					3	M	singular	
m-w-s023-a023-w015-01	w-s023-a023-w015	23:23:15:1	1	أَ					INTG	PREFIX	PREFIX|A:INTG+								
m-w-s023-a023-w015-02	w-s023-a023-w015	23:23:15:2	2	فَ					SUP	PREFIX	PREFIX|f:SUP+								
m-w-s023-a023-w015-03	w-s023-a023-w015	23:23:15:3	3	لَا	لَا	لَا			NEG	STEM	STEM|POS:NEG|LEM:laA								
m-w-s023-a023-w016-01	w-s023-a023-w016	23:23:16:1	1	تَتَّقُ	تَتَّقُ	ٱتَّقَىٰ	و ق ي	وقي	V	STEM	STEM|POS:V|IMPF|(VIII)|LEM:{t~aqaY`|ROOT:wqy|2MP	IMPF			VIII	2	M	plural	
m-w-s023-a023-w016-02	w-s023-a023-w016	23:23:16:2	2	ونَ					PRON	SUFFIX	SUFFIX|PRON:2MP					2	M	plural	
m-w-s023-a024-w001-01	w-s023-a024-w001	23:24:1:1	1	فَ					REM	PREFIX	PREFIX|f:REM+								
m-w-s023-a024-w001-02	w-s023-a024-w001	23:24:1:2	2	قَالَ	قَالَ	قَالَ	ق و ل	قول	V	STEM	STEM|POS:V|PERF|LEM:qaAla|ROOT:qwl|3MS	PERF				3	M	singular	
m-w-s023-a024-w002-01	w-s023-a024-w002	23:24:2:1	1	ٱلْ					DET	PREFIX	PREFIX|Al+								
m-w-s023-a024-w002-02	w-s023-a024-w002	23:24:2:2	2	مَلَؤُا۟	مَلَؤُا۟	مَلَأ	م ل ء	ملء	N	STEM	STEM|POS:N|LEM:mala>|ROOT:mlA|M|NOM								NOM
m-w-s023-a024-w003-01	w-s023-a024-w003	23:24:3:1	1	ٱلَّذِينَ	ٱلَّذِينَ	ٱلَّذِى			REL	STEM	STEM|POS:REL|LEM:{l~a*iY|MP						M	plural	
m-w-s023-a024-w004-01	w-s023-a024-w004	23:24:4:1	1	كَفَرُ	كَفَرُ	كَفَرَ	ك ف ر	كفر	V	STEM	STEM|POS:V|PERF|LEM:kafara|ROOT:kfr|3MP	PERF				3	M	plural	
m-w-s023-a024-w004-02	w-s023-a024-w004	23:24:4:2	2	وا۟					PRON	SUFFIX	SUFFIX|PRON:3MP					3	M	plural	
m-w-s023-a024-w005-01	w-s023-a024-w005	23:24:5:1	1	مِن	مِن	مِن			P	STEM	STEM|POS:P|LEM:min								
m-w-s023-a024-w006-01	w-s023-a024-w006	23:24:6:1	1	قَوْمِ	قَوْمِ	قَوْم	ق و م	قوم	N	STEM	STEM|POS:N|LEM:qawom|ROOT:qwm|M|GEN								GEN
m-w-s023-a024-w006-02	w-s023-a024-w006	23:24:6:2	2	هِۦ					PRON	SUFFIX	SUFFIX|PRON:3MS					3	M	singular	
m-w-s023-a024-w007-01	w-s023-a024-w007	23:24:7:1	1	مَا	مَا	مَا			NEG	STEM	STEM|POS:NEG|LEM:maA								
m-w-s023-a024-w008-01	w-s023-a024-w008	23:24:8:1	1	هَٰذَآ	هَٰذَآ	هَٰذَا			DEM	STEM	STEM|POS:DEM|LEM:ha`*aA|MS						M	singular	
m-w-s023-a024-w009-01	w-s023-a024-w009	23:24:9:1	1	إِلَّا	إِلَّا	إِلَّا			RES	STEM	STEM|POS:RES|LEM:<il~aA								
m-w-s023-a024-w010-01	w-s023-a024-w010	23:24:10:1	1	بَشَرٌ	بَشَرٌ	بَشَر	ب ش ر	بشر	N	STEM	STEM|POS:N|LEM:ba$ar|ROOT:b$r|M|INDEF|NOM								NOM
m-w-s023-a024-w011-01	w-s023-a024-w011	23:24:11:1	1	مِّثْلُ	مِّثْلُ	مِثْل	م ث ل	مثل	N	STEM	STEM|POS:N|LEM:mivol|ROOT:mvl|M|NOM								NOM
m-w-s023-a024-w011-02	w-s023-a024-w011	23:24:11:2	2	كُمْ					PRON	SUFFIX	SUFFIX|PRON:2MP					2	M	plural	
m-w-s023-a024-w012-01	w-s023-a024-w012	23:24:12:1	1	يُرِيدُ	يُرِيدُ	أَرَادَ	ر و د	رود	V	STEM	STEM|POS:V|IMPF|(IV)|LEM:>araAda|ROOT:rwd|3MS	IMPF			IV	3	M	singular	
m-w-s023-a024-w013-01	w-s023-a024-w013	23:24:13:1	1	أَن	أَن	أَن			SUB	STEM	STEM|POS:SUB|LEM:>an								
m-w-s023-a024-w014-01	w-s023-a024-w014	23:24:14:1	1	يَتَفَضَّلَ	يَتَفَضَّلَ	يَتَفَضَّلَ	ف ض ل	فضل	V	STEM	STEM|POS:V|IMPF|(V)|LEM:yatafaD~ala|ROOT:fDl|3MS|MOOD:SUBJ	IMPF	SUBJ		V	3	M	singular	
m-w-s023-a024-w015-01	w-s023-a024-w015	23:24:15:1	1	عَلَيْ	عَلَيْ	عَلَىٰ			P	STEM	STEM|POS:P|LEM:EalaY`								
m-w-s023-a024-w015-02	w-s023-a024-w015	23:24:15:2	2	كُمْ					PRON	SUFFIX	SUFFIX|PRON:2MP					2	M	plural	
m-w-s023-a024-w016-01	w-s023-a024-w016	23:24:16:1	1	وَ					CONJ	PREFIX	PREFIX|w:CONJ+								
m-w-s023-a024-w016-02	w-s023-a024-w016	23:24:16:2	2	لَوْ	لَوْ	لَو			COND	STEM	STEM|POS:COND|LEM:law								
m-w-s023-a024-w017-01	w-s023-a024-w017	23:24:17:1	1	شَآءَ	شَآءَ	شَآءَ	ش ي ء	شيء	V	STEM	STEM|POS:V|PERF|LEM:$aA^'a|ROOT:$yA|3MS	PERF				3	M	singular	
m-w-s023-a024-w018-01	w-s023-a024-w018	23:24:18:1	1	ٱللَّهُ	ٱللَّهُ	ٱللَّه	ء ل ه	ءله	PN	STEM	STEM|POS:PN|LEM:{ll~ah|ROOT:Alh|NOM								NOM
m-w-s023-a024-w019-01	w-s023-a024-w019	23:24:19:1	1	لَ					EMPH	PREFIX	PREFIX|l:EMPH+								
m-w-s023-a024-w019-02	w-s023-a024-w019	23:24:19:2	2	أَنزَلَ	أَنزَلَ	أَنزَلَ	ن ز ل	نزل	V	STEM	STEM|POS:V|PERF|(IV)|LEM:>anzala|ROOT:nzl|3MS	PERF			IV	3	M	singular	
m-w-s023-a024-w020-01	w-s023-a024-w020	23:24:20:1	1	مَلَٰٓئِكَةً	مَلَٰٓئِكَةً	مَلَك	م ل ك	ملك	N	STEM	STEM|POS:N|LEM:malak|ROOT:mlk|MP|INDEF|ACC						M	plural	ACC
m-w-s023-a024-w021-01	w-s023-a024-w021	23:24:21:1	1	مَّا	مَّا	مَا			NEG	STEM	STEM|POS:NEG|LEM:maA								
m-w-s023-a024-w022-01	w-s023-a024-w022	23:24:22:1	1	سَمِعْ	سَمِعْ	سَمِعَ	س م ع	سمع	V	STEM	STEM|POS:V|PERF|LEM:samiEa|ROOT:smE|1P	PERF				1		plural	
m-w-s023-a024-w022-02	w-s023-a024-w022	23:24:22:2	2	نَا					PRON	SUFFIX	SUFFIX|PRON:1P					1		plural	
m-w-s023-a024-w023-01	w-s023-a024-w023	23:24:23:1	1	بِ					P	PREFIX	PREFIX|bi+								
m-w-s023-a024-w023-02	w-s023-a024-w023	23:24:23:2	2	هَٰذَا	هَٰذَا	هَٰذَا			DEM	STEM	STEM|POS:DEM|LEM:ha`*aA|MS						M	singular	
m-w-s023-a024-w024-01	w-s023-a024-w024	23:24:24:1	1	فِىٓ	فِىٓ	فِى			P	STEM	STEM|POS:P|LEM:fiY								
m-w-s023-a024-w025-01	w-s023-a024-w025	23:24:25:1	1	ءَابَآئِ	ءَابَآئِ	آبَاء	ء ب و	ءبو	N	STEM	STEM|POS:N|LEM:A^baA'|ROOT:Abw|MP|GEN						M	plural	GEN
m-w-s023-a024-w025-02	w-s023-a024-w025	23:24:25:2	2	نَا					PRON	SUFFIX	SUFFIX|PRON:1P					1		plural	
m-w-s023-a024-w026-01	w-s023-a024-w026	23:24:26:1	1	ٱلْ					DET	PREFIX	PREFIX|Al+								
m-w-s023-a024-w026-02	w-s023-a024-w026	23:24:26:2	2	أَوَّلِينَ	أَوَّلِينَ	أَوَّل	ء و ل	ءول	ADJ	STEM	STEM|POS:ADJ|LEM:>aw~al|ROOT:Awl|MP|GEN						M	plural	GEN
m-w-s023-a025-w001-01	w-s023-a025-w001	23:25:1:1	1	إِنْ	إِنْ	إِن			NEG	STEM	STEM|POS:NEG|LEM:<in								
m-w-s023-a025-w002-01	w-s023-a025-w002	23:25:2:1	1	هُوَ	هُوَ				PRON	STEM	STEM|POS:PRON|3MS					3	M	singular	
m-w-s023-a025-w003-01	w-s023-a025-w003	23:25:3:1	1	إِلَّا	إِلَّا	إِلَّا			RES	STEM	STEM|POS:RES|LEM:<il~aA								
m-w-s023-a025-w004-01	w-s023-a025-w004	23:25:4:1	1	رَجُلٌۢ	رَجُلٌۢ	رَجُل	ر ج ل	رجل	N	STEM	STEM|POS:N|LEM:rajul|ROOT:rjl|M|INDEF|NOM								NOM
m-w-s023-a025-w005-01	w-s023-a025-w005	23:25:5:1	1	بِ					P	PREFIX	PREFIX|bi+								
m-w-s023-a025-w005-02	w-s023-a025-w005	23:25:5:2	2	هِۦ	هِۦ				PRON	STEM	STEM|POS:PRON|3MS					3	M	singular	
m-w-s023-a025-w006-01	w-s023-a025-w006	23:25:6:1	1	جِنَّةٌ	جِنَّةٌ	جِنَّة	ج ن ن	جنن	N	STEM	STEM|POS:N|LEM:jin~ap|ROOT:jnn|F|INDEF|NOM								NOM
m-w-s023-a025-w007-01	w-s023-a025-w007	23:25:7:1	1	فَ					REM	PREFIX	PREFIX|f:REM+								
m-w-s023-a025-w007-02	w-s023-a025-w007	23:25:7:2	2	تَرَبَّصُ	تَرَبَّصُ	تَرَبَّصْ	ر ب ص	ربص	V	STEM	STEM|POS:V|IMPV|(V)|LEM:tarab~aSo|ROOT:rbS|2MP	IMPV			V	2	M	plural	
m-w-s023-a025-w007-03	w-s023-a025-w007	23:25:7:3	3	وا۟					PRON	SUFFIX	SUFFIX|PRON:2MP					2	M	plural	
m-w-s023-a025-w008-01	w-s023-a025-w008	23:25:8:1	1	بِ					P	PREFIX	PREFIX|bi+								
m-w-s023-a025-w008-02	w-s023-a025-w008	23:25:8:2	2	هِۦ	هِۦ				PRON	STEM	STEM|POS:PRON|3MS					3	M	singular	
m-w-s023-a025-w009-01	w-s023-a025-w009	23:25:9:1	1	حَتَّىٰ	حَتَّىٰ	حَتَّىٰ			P	STEM	STEM|POS:P|LEM:Hat~aY`								
m-w-s023-a025-w010-01	w-s023-a025-w010	23:25:10:1	1	حِينٍ	حِينٍ	حِين	ح ي ن	حين	N	STEM	STEM|POS:N|LEM:Hiyn|ROOT:Hyn|M|INDEF|GEN								GEN
m-w-s023-a026-w001-01	w-s023-a026-w001	23:26:1:1	1	قَالَ	قَالَ	قَالَ	ق و ل	قول	V	STEM	STEM|POS:V|PERF|LEM:qaAla|ROOT:qwl|3MS	PERF				3	M	singular	
m-w-s023-a026-w002-01	w-s023-a026-w002	23:26:2:1	1	رَبِّ	رَبِّ	رَبّ	ر ب ب	ربب	N	STEM	STEM|POS:N|LEM:rab~|ROOT:rbb|M|NOM								NOM
m-w-s023-a026-w002-02	w-s023-a026-w002	23:26:2:2	2						PRON	SUFFIX	SUFFIX|PRON:1S					1		singular	
m-w-s023-a026-w003-01	w-s023-a026-w003	23:26:3:1	1	ٱنصُرْ	ٱنصُرْ	نَصَرَ	ن ص ر	نصر	V	STEM	STEM|POS:V|IMPV|LEM:naSara|ROOT:nSr|2MS	IMPV				2	M	singular	
m-w-s023-a026-w003-02	w-s023-a026-w003	23:26:3:2	2	نِى					PRON	SUFFIX	SUFFIX|PRON:1S					1		singular	
m-w-s023-a026-w004-01	w-s023-a026-w004	23:26:4:1	1	بِ					P	PREFIX	PREFIX|bi+								
m-w-s023-a026-w004-02	w-s023-a026-w004	23:26:4:2	2	مَا	مَا	مَا			REL	STEM	STEM|POS:REL|LEM:maA								
m-w-s023-a026-w005-01	w-s023-a026-w005	23:26:5:1	1	كَذَّبُ	كَذَّبُ	كَذَّبَ	ك ذ ب	كذب	V	STEM	STEM|POS:V|PERF|(II)|LEM:ka*~aba|ROOT:k*b|3MP	PERF			II	3	M	plural	
m-w-s023-a026-w005-02	w-s023-a026-w005	23:26:5:2	2	و					PRON	SUFFIX	SUFFIX|PRON:3MP					3	M	plural	
m-w-s023-a026-w005-03	w-s023-a026-w005	23:26:5:3	3	نِ					PRON	SUFFIX	SUFFIX|PRON:1S					1		singular	
m-w-s023-a027-w001-01	w-s023-a027-w001	23:27:1:1	1	فَ					REM	PREFIX	PREFIX|f:REM+								
m-w-s023-a027-w001-02	w-s023-a027-w001	23:27:1:2	2	أَوْحَيْ	أَوْحَيْ	أَوْحَىٰٓ	و ح ي	وحي	V	STEM	STEM|POS:V|PERF|(IV)|LEM:>awoHaY`^|ROOT:wHy|1P	PERF			IV	1		plural	
m-w-s023-a027-w001-03	w-s023-a027-w001	23:27:1:3	3	نَآ					PRON	SUFFIX	SUFFIX|PRON:1P					1		plural	
m-w-s023-a027-w002-01	w-s023-a027-w002	23:27:2:1	1	إِلَيْ	إِلَيْ	إِلَىٰ			P	STEM	STEM|POS:P|LEM:<ilaY`								
m-w-s023-a027-w002-02	w-s023-a027-w002	23:27:2:2	2	هِ					PRON	SUFFIX	SUFFIX|PRON:3MS					3	M	singular	
m-w-s023-a027-w003-01	w-s023-a027-w003	23:27:3:1	1	أَنِ	أَنِ	أَن			INT	STEM	STEM|POS:INT|LEM:>an								
m-w-s023-a027-w004-01	w-s023-a027-w004	23:27:4:1	1	ٱصْنَعِ	ٱصْنَعِ	صَنَعُ	ص ن ع	صنع	V	STEM	STEM|POS:V|IMPV|LEM:SanaEu|ROOT:SnE|2MS	IMPV				2	M	singular	
m-w-s023-a027-w005-01	w-s023-a027-w005	23:27:5:1	1	ٱلْ					DET	PREFIX	PREFIX|Al+								
m-w-s023-a027-w005-02	w-s023-a027-w005	23:27:5:2	2	فُلْكَ	فُلْكَ	فُلْك	ف ل ك	فلك	N	STEM	STEM|POS:N|LEM:fulok|ROOT:flk|M|ACC								ACC
m-w-s023-a027-w006-01	w-s023-a027-w006	23:27:6:1	1	بِ					P	PREFIX	PREFIX|bi+								
m-w-s023-a027-w006-02	w-s023-a027-w006	23:27:6:2	2	أَعْيُنِ	أَعْيُنِ	عَيْن	ع ي ن	عين	N	STEM	STEM|POS:N|LEM:Eayon|ROOT:Eyn|FP|GEN						F	plural	GEN
m-w-s023-a027-w006-03	w-s023-a027-w006	23:27:6:3	3	نَا					PRON	SUFFIX	SUFFIX|PRON:1P					1		plural	
m-w-s023-a027-w007-01	w-s023-a027-w007	23:27:7:1	1	وَ					CONJ	PREFIX	PREFIX|w:CONJ+								
m-w-s023-a027-w007-02	w-s023-a027-w007	23:27:7:2	2	وَحْيِ	وَحْيِ	وَحْى	و ح ي	وحي	N	STEM	STEM|POS:N|LEM:waHoY|ROOT:wHy|M|GEN								GEN
m-w-s023-a027-w007-03	w-s023-a027-w007	23:27:7:3	3	نَا					PRON	SUFFIX	SUFFIX|PRON:1P					1		plural	
m-w-s023-a027-w008-01	w-s023-a027-w008	23:27:8:1	1	فَ					REM	PREFIX	PREFIX|f:REM+								
m-w-s023-a027-w008-02	w-s023-a027-w008	23:27:8:2	2	إِذَا	إِذَا	إِذَا			T	STEM	STEM|POS:T|LEM:<i*aA								
m-w-s023-a027-w009-01	w-s023-a027-w009	23:27:9:1	1	جَآءَ	جَآءَ	جَآءَ	ج ي ء	جيء	V	STEM	STEM|POS:V|PERF|LEM:jaA^'a|ROOT:jyA|3MS	PERF				3	M	singular	
m-w-s023-a027-w010-01	w-s023-a027-w010	23:27:10:1	1	أَمْرُ	أَمْرُ	أَمْر	ء م ر	ءمر	N	STEM	STEM|POS:N|LEM:>amor|ROOT:Amr|M|NOM								NOM
m-w-s023-a027-w010-02	w-s023-a027-w010	23:27:10:2	2	نَا					PRON	SUFFIX	SUFFIX|PRON:1P					1		plural	
m-w-s023-a027-w011-01	w-s023-a027-w011	23:27:11:1	1	وَ					CONJ	PREFIX	PREFIX|w:CONJ+								
m-w-s023-a027-w011-02	w-s023-a027-w011	23:27:11:2	2	فَارَ	فَارَ	فَارَ	ف و ر	فور	V	STEM	STEM|POS:V|PERF|LEM:faAra|ROOT:fwr|3MS	PERF				3	M	singular	
m-w-s023-a027-w012-01	w-s023-a027-w012	23:27:12:1	1	ٱل					DET	PREFIX	PREFIX|Al+								
m-w-s023-a027-w012-02	w-s023-a027-w012	23:27:12:2	2	تَّنُّورُ	تَّنُّورُ	تَّنُّور			N	STEM	STEM|POS:N|LEM:t~an~uwr|M|NOM								NOM
m-w-s023-a027-w013-01	w-s023-a027-w013	23:27:13:1	1	فَ					REM	PREFIX	PREFIX|f:REM+								
m-w-s023-a027-w013-02	w-s023-a027-w013	23:27:13:2	2	ٱسْلُكْ	ٱسْلُكْ	سَلَكَ	س ل ك	سلك	V	STEM	STEM|POS:V|IMPV|LEM:salaka|ROOT:slk|2MS	IMPV				2	M	singular	
m-w-s023-a027-w014-01	w-s023-a027-w014	23:27:14:1	1	فِي	فِي	فِى			P	STEM	STEM|POS:P|LEM:fiY								
m-w-s023-a027-w014-02	w-s023-a027-w014	23:27:14:2	2	هَا					PRON	SUFFIX	SUFFIX|PRON:3FS					3	F	singular	
m-w-s023-a027-w015-01	w-s023-a027-w015	23:27:15:1	1	مِن	مِن	مِن			P	STEM	STEM|POS:P|LEM:min								
m-w-s023-a027-w016-01	w-s023-a027-w016	23:27:16:1	1	كُلٍّ	كُلٍّ	كُلّ	ك ل ل	كلل	N	STEM	STEM|POS:N|LEM:kul~|ROOT:kll|M|INDEF|GEN								GEN
m-w-s023-a027-w017-01	w-s023-a027-w017	23:27:17:1	1	زَوْجَيْنِ	زَوْجَيْنِ	زَوْج	ز و ج	زوج	N	STEM	STEM|POS:N|LEM:zawoj|ROOT:zwj|MD|NOM						M	dual	NOM
m-w-s023-a027-w018-01	w-s023-a027-w018	23:27:18:1	1	ٱثْنَيْنِ	ٱثْنَيْنِ	ٱثْنَيْن	ث ن ي	ثني	N	STEM	STEM|POS:N|LEM:{vonayon|ROOT:vny|MD|NOM						M	dual	NOM
m-w-s023-a027-w019-01	w-s023-a027-w019	23:27:19:1	1	وَ					CONJ	PREFIX	PREFIX|w:CONJ+								
m-w-s023-a027-w019-02	w-s023-a027-w019	23:27:19:2	2	أَهْلَ	أَهْلَ	أَهْل	ء ه ل	ءهل	N	STEM	STEM|POS:N|LEM:>ahol|ROOT:Ahl|M|ACC								ACC
m-w-s023-a027-w019-03	w-s023-a027-w019	23:27:19:3	3	كَ					PRON	SUFFIX	SUFFIX|PRON:2MS					2	M	singular	
m-w-s023-a027-w020-01	w-s023-a027-w020	23:27:20:1	1	إِلَّا	إِلَّا	إِلَّا			RES	STEM	STEM|POS:RES|LEM:<il~aA								
m-w-s023-a027-w021-01	w-s023-a027-w021	23:27:21:1	1	مَن	مَن	مَن			REL	STEM	STEM|POS:REL|LEM:man								
m-w-s023-a027-w022-01	w-s023-a027-w022	23:27:22:1	1	سَبَقَ	سَبَقَ	سَبَقَ	س ب ق	سبق	V	STEM	STEM|POS:V|PERF|LEM:sabaqa|ROOT:sbq|3MS	PERF				3	M	singular	
m-w-s023-a027-w023-01	w-s023-a027-w023	23:27:23:1	1	عَلَيْ	عَلَيْ	عَلَىٰ			P	STEM	STEM|POS:P|LEM:EalaY`								
m-w-s023-a027-w023-02	w-s023-a027-w023	23:27:23:2	2	هِ					PRON	SUFFIX	SUFFIX|PRON:3MS					3	M	singular	
m-w-s023-a027-w024-01	w-s023-a027-w024	23:27:24:1	1	ٱلْ					DET	PREFIX	PREFIX|Al+								
m-w-s023-a027-w024-02	w-s023-a027-w024	23:27:24:2	2	قَوْلُ	قَوْلُ	قَوْل	ق و ل	قول	N	STEM	STEM|POS:N|VN|LEM:qawol|ROOT:qwl|M|NOM								NOM
m-w-s023-a027-w025-01	w-s023-a027-w025	23:27:25:1	1	مِنْ	مِنْ	مِن			P	STEM	STEM|POS:P|LEM:min								
m-w-s023-a027-w025-02	w-s023-a027-w025	23:27:25:2	2	هُمْ					PRON	SUFFIX	SUFFIX|PRON:3MP					3	M	plural	
m-w-s023-a027-w026-01	w-s023-a027-w026	23:27:26:1	1	وَ					CONJ	PREFIX	PREFIX|w:CONJ+								
m-w-s023-a027-w026-02	w-s023-a027-w026	23:27:26:2	2	لَا	لَا	لَا			NEG	STEM	STEM|POS:NEG|LEM:laA								
m-w-s023-a027-w027-01	w-s023-a027-w027	23:27:27:1	1	تُخَٰطِبْ	تُخَٰطِبْ	خَاطَبَ	خ ط ب	خطب	V	STEM	STEM|POS:V|IMPF|(III)|LEM:xaATaba|ROOT:xTb|3FS|MOOD:JUS	IMPF	JUS		III	3	F	singular	
m-w-s023-a027-w027-02	w-s023-a027-w027	23:27:27:2	2	نِى					PRON	SUFFIX	SUFFIX|PRON:1S					1		singular	
m-w-s023-a027-w028-01	w-s023-a027-w028	23:27:28:1	1	فِى	فِى	فِى			P	STEM	STEM|POS:P|LEM:fiY								
m-w-s023-a027-w029-01	w-s023-a027-w029	23:27:29:1	1	ٱلَّذِينَ	ٱلَّذِينَ	ٱلَّذِى			REL	STEM	STEM|POS:REL|LEM:{l~a*iY|MP						M	plural	
m-w-s023-a027-w030-01	w-s023-a027-w030	23:27:30:1	1	ظَلَمُ	ظَلَمُ	ظَلَمَ	ظ ل م	ظلم	V	STEM	STEM|POS:V|PERF|LEM:Zalama|ROOT:Zlm|3MP	PERF				3	M	plural	
m-w-s023-a027-w030-02	w-s023-a027-w030	23:27:30:2	2	وٓا۟					PRON	SUFFIX	SUFFIX|PRON:3MP					3	M	plural	
m-w-s023-a027-w031-01	w-s023-a027-w031	23:27:31:1	1	إِنَّ	إِنَّ	إِنّ			ACC	STEM	STEM|POS:ACC|LEM:<in~|SP:<in~								ACC
m-w-s023-a027-w031-02	w-s023-a027-w031	23:27:31:2	2	هُم					PRON	SUFFIX	SUFFIX|PRON:3MP					3	M	plural	
m-w-s023-a027-w032-01	w-s023-a027-w032	23:27:32:1	1	مُّغْرَقُونَ	مُّغْرَقُونَ	مُّغْرَقُون	غ ر ق	غرق	N	STEM	STEM|POS:N|PASS|PCPL|(IV)|LEM:m~ugoraquwn|ROOT:grq|MP|NOM			PASS	IV		M	plural	NOM
m-w-s023-a028-w001-01	w-s023-a028-w001	23:28:1:1	1	فَ					CONJ	PREFIX	PREFIX|f:CONJ+								
m-w-s023-a028-w001-02	w-s023-a028-w001	23:28:1:2	2	إِذَا	إِذَا	إِذَا			T	STEM	STEM|POS:T|LEM:<i*aA								
m-w-s023-a028-w002-01	w-s023-a028-w002	23:28:2:1	1	ٱسْتَوَيْ	ٱسْتَوَيْ	ٱسْتَوَىٰٓ	س و ي	سوي	V	STEM	STEM|POS:V|PERF|(VIII)|LEM:{sotawaY`^|ROOT:swy|2MS	PERF			VIII	2	M	singular	
m-w-s023-a028-w002-02	w-s023-a028-w002	23:28:2:2	2	تَ					PRON	SUFFIX	SUFFIX|PRON:2MS					2	M	singular	
m-w-s023-a028-w003-01	w-s023-a028-w003	23:28:3:1	1	أَنتَ	أَنتَ				PRON	STEM	STEM|POS:PRON|2MS					2	M	singular	
m-w-s023-a028-w004-01	w-s023-a028-w004	23:28:4:1	1	وَ					CONJ	PREFIX	PREFIX|w:CONJ+								
m-w-s023-a028-w004-02	w-s023-a028-w004	23:28:4:2	2	مَن	مَن	مَن			REL	STEM	STEM|POS:REL|LEM:man								
m-w-s023-a028-w005-01	w-s023-a028-w005	23:28:5:1	1	مَّعَ	مَّعَ	مَع			LOC	STEM	STEM|POS:LOC|LEM:maE|ACC								ACC
m-w-s023-a028-w005-02	w-s023-a028-w005	23:28:5:2	2	كَ					PRON	SUFFIX	SUFFIX|PRON:2MS					2	M	singular	
m-w-s023-a028-w006-01	w-s023-a028-w006	23:28:6:1	1	عَلَى	عَلَى	عَلَىٰ			P	STEM	STEM|POS:P|LEM:EalaY`								
m-w-s023-a028-w007-01	w-s023-a028-w007	23:28:7:1	1	ٱلْ					DET	PREFIX	PREFIX|Al+								
m-w-s023-a028-w007-02	w-s023-a028-w007	23:28:7:2	2	فُلْكِ	فُلْكِ	فُلْك	ف ل ك	فلك	N	STEM	STEM|POS:N|LEM:fulok|ROOT:flk|M|GEN								GEN
m-w-s023-a028-w008-01	w-s023-a028-w008	23:28:8:1	1	فَ					REM	PREFIX	PREFIX|f:REM+								
m-w-s023-a028-w008-02	w-s023-a028-w008	23:28:8:2	2	قُلِ	قُلِ	قَالَ	ق و ل	قول	V	STEM	STEM|POS:V|IMPV|LEM:qaAla|ROOT:qwl|2MS	IMPV				2	M	singular	
m-w-s023-a028-w009-01	w-s023-a028-w009	23:28:9:1	1	ٱلْ					DET	PREFIX	PREFIX|Al+								
m-w-s023-a028-w009-02	w-s023-a028-w009	23:28:9:2	2	حَمْدُ	حَمْدُ	حَمْد	ح م د	حمد	N	STEM	STEM|POS:N|LEM:Hamod|ROOT:Hmd|M|NOM								NOM
m-w-s023-a028-w010-01	w-s023-a028-w010	23:28:10:1	1	لِ					P	PREFIX	PREFIX|l:P+								
m-w-s023-a028-w010-02	w-s023-a028-w010	23:28:10:2	2	لَّهِ	لَّهِ	ٱللَّه	ء ل ه	ءله	PN	STEM	STEM|POS:PN|LEM:{ll~ah|ROOT:Alh|GEN								GEN
m-w-s023-a028-w011-01	w-s023-a028-w011	23:28:11:1	1	ٱلَّذِى	ٱلَّذِى	ٱلَّذِى			REL	STEM	STEM|POS:REL|LEM:{l~a*iY|MS						M	singular	
m-w-s023-a028-w012-01	w-s023-a028-w012	23:28:12:1	1	نَجَّىٰ	نَجَّىٰ	نَجَّىٰ	ن ج و	نجو	V	STEM	STEM|POS:V|PERF|(II)|LEM:naj~aY`|ROOT:njw|3MS	PERF			II	3	M	singular	
m-w-s023-a028-w012-02	w-s023-a028-w012	23:28:12:2	2	نَا					PRON	SUFFIX	SUFFIX|PRON:1P					1		plural	
m-w-s023-a028-w013-01	w-s023-a028-w013	23:28:13:1	1	مِنَ	مِنَ	مِن			P	STEM	STEM|POS:P|LEM:min								
m-w-s023-a028-w014-01	w-s023-a028-w014	23:28:14:1	1	ٱلْ					DET	PREFIX	PREFIX|Al+								
m-w-s023-a028-w014-02	w-s023-a028-w014	23:28:14:2	2	قَوْمِ	قَوْمِ	قَوْم	ق و م	قوم	N	STEM	STEM|POS:N|LEM:qawom|ROOT:qwm|M|GEN								GEN
m-w-s023-a028-w015-01	w-s023-a028-w015	23:28:15:1	1	ٱل					DET	PREFIX	PREFIX|Al+								
m-w-s023-a028-w015-02	w-s023-a028-w015	23:28:15:2	2	ظَّٰلِمِينَ	ظَّٰلِمِينَ	ظَالِم	ظ ل م	ظلم	ADJ	STEM	STEM|POS:ADJ|ACT|PCPL|LEM:ZaAlim|ROOT:Zlm|MP|GEN			ACT			M	plural	GEN
m-w-s023-a029-w001-01	w-s023-a029-w001	23:29:1:1	1	وَ					CONJ	PREFIX	PREFIX|w:CONJ+								
m-w-s023-a029-w001-02	w-s023-a029-w001	23:29:1:2	2	قُل	قُل	قَالَ	ق و ل	قول	V	STEM	STEM|POS:V|IMPV|LEM:qaAla|ROOT:qwl|2MS	IMPV				2	M	singular	
m-w-s023-a029-w002-01	w-s023-a029-w002	23:29:2:1	1	رَّبِّ	رَّبِّ	رَبّ	ر ب ب	ربب	N	STEM	STEM|POS:N|LEM:rab~|ROOT:rbb|M|ACC								ACC
m-w-s023-a029-w002-02	w-s023-a029-w002	23:29:2:2	2						PRON	SUFFIX	SUFFIX|PRON:1S					1		singular	
m-w-s023-a029-w003-01	w-s023-a029-w003	23:29:3:1	1	أَنزِلْ	أَنزِلْ	أَنزَلَ	ن ز ل	نزل	V	STEM	STEM|POS:V|IMPV|(IV)|LEM:>anzala|ROOT:nzl|2MS	IMPV			IV	2	M	singular	
m-w-s023-a029-w003-02	w-s023-a029-w003	23:29:3:2	2	نِى					PRON	SUFFIX	SUFFIX|PRON:1S					1		singular	
m-w-s023-a029-w004-01	w-s023-a029-w004	23:29:4:1	1	مُنزَلًا	مُنزَلًا	مُنزَل	ن ز ل	نزل	N	STEM	STEM|POS:N|PASS|PCPL|(IV)|LEM:munzal|ROOT:nzl|M|INDEF|ACC			PASS	IV				ACC
m-w-s023-a029-w005-01	w-s023-a029-w005	23:29:5:1	1	مُّبَارَكًا	مُّبَارَكًا	مُبَارَك	ب ر ك	برك	N	STEM	STEM|POS:N|PASS|PCPL|(III)|LEM:mubaArak|ROOT:brk|M|INDEF|ACC			PASS	III				ACC
m-w-s023-a029-w006-01	w-s023-a029-w006	23:29:6:1	1	وَ					CONJ	PREFIX	PREFIX|w:CONJ+								
m-w-s023-a029-w006-02	w-s023-a029-w006	23:29:6:2	2	أَنتَ	أَنتَ				PRON	STEM	STEM|POS:PRON|2MS					2	M	singular	
m-w-s023-a029-w007-01	w-s023-a029-w007	23:29:7:1	1	خَيْرُ	خَيْرُ	خَيْر	خ ي ر	خير	N	STEM	STEM|POS:N|LEM:xayor|ROOT:xyr|MS|NOM						M	singular	NOM
m-w-s023-a029-w008-01	w-s023-a029-w008	23:29:8:1	1	ٱلْ					DET	PREFIX	PREFIX|Al+								
m-w-s023-a029-w008-02	w-s023-a029-w008	23:29:8:2	2	مُنزِلِينَ	مُنزِلِينَ	مُنزِلِين	ن ز ل	نزل	N	STEM	STEM|POS:N|ACT|PCPL|(IV)|LEM:munziliyn|ROOT:nzl|MP|GEN			ACT	IV		M	plural	GEN
m-w-s023-a030-w001-01	w-s023-a030-w001	23:30:1:1	1	إِنَّ	إِنَّ	إِنّ			ACC	STEM	STEM|POS:ACC|LEM:<in~|SP:<in~								ACC
m-w-s023-a030-w002-01	w-s023-a030-w002	23:30:2:1	1	فِى	فِى	فِى			P	STEM	STEM|POS:P|LEM:fiY								
m-w-s023-a030-w003-01	w-s023-a030-w003	23:30:3:1	1	ذَٰلِكَ	ذَٰلِكَ	ذَٰلِك			DEM	STEM	STEM|POS:DEM|LEM:*a`lik|MS						M	singular	
m-w-s023-a030-w004-01	w-s023-a030-w004	23:30:4:1	1	لَ					EMPH	PREFIX	PREFIX|l:EMPH+								
m-w-s023-a030-w004-02	w-s023-a030-w004	23:30:4:2	2	ءَايَٰتٍ	ءَايَٰتٍ	ءَايَة	ء ي ي	ءيي	N	STEM	STEM|POS:N|LEM:'aAyap|ROOT:Ayy|FP|INDEF|GEN						F	plural	GEN
m-w-s023-a030-w005-01	w-s023-a030-w005	23:30:5:1	1	وَ					CONJ	PREFIX	PREFIX|w:CONJ+								
m-w-s023-a030-w005-02	w-s023-a030-w005	23:30:5:2	2	إِن	إِن	إِن			CERT	STEM	STEM|POS:CERT|LEM:<in								
m-w-s023-a030-w006-01	w-s023-a030-w006	23:30:6:1	1	كُ	كُ	كَانَ	ك و ن	كون	V	STEM	STEM|POS:V|PERF|LEM:kaAna|ROOT:kwn|SP:kaAn|1P	PERF				1		plural	
m-w-s023-a030-w006-02	w-s023-a030-w006	23:30:6:2	2	نَّا					PRON	SUFFIX	SUFFIX|PRON:1P					1		plural	
m-w-s023-a030-w007-01	w-s023-a030-w007	23:30:7:1	1	لَ					EMPH	PREFIX	PREFIX|l:EMPH+								
m-w-s023-a030-w007-02	w-s023-a030-w007	23:30:7:2	2	مُبْتَلِينَ	مُبْتَلِينَ	مُبْتَلِي	ب ل و	بلو	N	STEM	STEM|POS:N|ACT|PCPL|(VIII)|LEM:mubotaliy|ROOT:blw|MP|ACC			ACT	VIII		M	plural	ACC
m-w-s023-a031-w001-01	w-s023-a031-w001	23:31:1:1	1	ثُمَّ	ثُمَّ	ثُمّ			CONJ	STEM	STEM|POS:CONJ|LEM:vum~								
m-w-s023-a031-w002-01	w-s023-a031-w002	23:31:2:1	1	أَنشَأْ	أَنشَأْ	أَنشَأَ	ن ش ء	نشء	V	STEM	STEM|POS:V|PERF|(IV)|LEM:>an$a>a|ROOT:n$A|1P	PERF			IV	1		plural	
m-w-s023-a031-w002-02	w-s023-a031-w002	23:31:2:2	2	نَا					PRON	SUFFIX	SUFFIX|PRON:1P					1		plural	
m-w-s023-a031-w003-01	w-s023-a031-w003	23:31:3:1	1	مِنۢ	مِنۢ	مِن			P	STEM	STEM|POS:P|LEM:min								
m-w-s023-a031-w004-01	w-s023-a031-w004	23:31:4:1	1	بَعْدِ	بَعْدِ	بَعْد	ب ع د	بعد	N	STEM	STEM|POS:N|LEM:baEod|ROOT:bEd|GEN								GEN
m-w-s023-a031-w004-02	w-s023-a031-w004	23:31:4:2	2	هِمْ					PRON	SUFFIX	SUFFIX|PRON:3MP					3	M	plural	
m-w-s023-a031-w005-01	w-s023-a031-w005	23:31:5:1	1	قَرْنًا	قَرْنًا	قَرْن	ق ر ن	قرن	N	STEM	STEM|POS:N|LEM:qaron|ROOT:qrn|M|INDEF|ACC								ACC
m-w-s023-a031-w006-01	w-s023-a031-w006	23:31:6:1	1	ءَاخَرِينَ	ءَاخَرِينَ	آخَر	ء خ ر	ءخر	ADJ	STEM	STEM|POS:ADJ|LEM:A^xar|ROOT:Axr|MP|ACC						M	plural	ACC
m-w-s023-a032-w001-01	w-s023-a032-w001	23:32:1:1	1	فَ					CONJ	PREFIX	PREFIX|f:CONJ+								
m-w-s023-a032-w001-02	w-s023-a032-w001	23:32:1:2	2	أَرْسَلْ	أَرْسَلْ	أَرْسَلَ	ر س ل	رسل	V	STEM	STEM|POS:V|PERF|(IV)|LEM:>arosala|ROOT:rsl|1P	PERF			IV	1		plural	
m-w-s023-a032-w001-03	w-s023-a032-w001	23:32:1:3	3	نَا					PRON	SUFFIX	SUFFIX|PRON:1P					1		plural	
m-w-s023-a032-w002-01	w-s023-a032-w002	23:32:2:1	1	فِي	فِي	فِى			P	STEM	STEM|POS:P|LEM:fiY								
m-w-s023-a032-w002-02	w-s023-a032-w002	23:32:2:2	2	هِمْ					PRON	SUFFIX	SUFFIX|PRON:3MP					3	M	plural	
m-w-s023-a032-w003-01	w-s023-a032-w003	23:32:3:1	1	رَسُولًا	رَسُولًا	رَسُول	ر س ل	رسل	N	STEM	STEM|POS:N|LEM:rasuwl|ROOT:rsl|M|INDEF|ACC								ACC
m-w-s023-a032-w004-01	w-s023-a032-w004	23:32:4:1	1	مِّنْ	مِّنْ	مِن			P	STEM	STEM|POS:P|LEM:min								
m-w-s023-a032-w004-02	w-s023-a032-w004	23:32:4:2	2	هُمْ					PRON	SUFFIX	SUFFIX|PRON:3MP					3	M	plural	
m-w-s023-a032-w005-01	w-s023-a032-w005	23:32:5:1	1	أَنِ	أَنِ	أَن			INT	STEM	STEM|POS:INT|LEM:>an								
m-w-s023-a032-w006-01	w-s023-a032-w006	23:32:6:1	1	ٱعْبُدُ	ٱعْبُدُ	عَبَدَ	ع ب د	عبد	V	STEM	STEM|POS:V|IMPV|LEM:Eabada|ROOT:Ebd|2MP	IMPV				2	M	plural	
m-w-s023-a032-w006-02	w-s023-a032-w006	23:32:6:2	2	وا۟					PRON	SUFFIX	SUFFIX|PRON:2MP					2	M	plural	
m-w-s023-a032-w007-01	w-s023-a032-w007	23:32:7:1	1	ٱللَّهَ	ٱللَّهَ	ٱللَّه	ء ل ه	ءله	PN	STEM	STEM|POS:PN|LEM:{ll~ah|ROOT:Alh|ACC								ACC
m-w-s023-a032-w008-01	w-s023-a032-w008	23:32:8:1	1	مَا	مَا	مَا			NEG	STEM	STEM|POS:NEG|LEM:maA								
m-w-s023-a032-w009-01	w-s023-a032-w009	23:32:9:1	1	لَ					P	PREFIX	PREFIX|l:P+								
m-w-s023-a032-w009-02	w-s023-a032-w009	23:32:9:2	2	كُم	كُم				PRON	STEM	STEM|POS:PRON|2MP					2	M	plural	
m-w-s023-a032-w010-01	w-s023-a032-w010	23:32:10:1	1	مِّنْ	مِّنْ	مِن			P	STEM	STEM|POS:P|LEM:min								
m-w-s023-a032-w011-01	w-s023-a032-w011	23:32:11:1	1	إِلَٰهٍ	إِلَٰهٍ	إِلَٰه	ء ل ه	ءله	N	STEM	STEM|POS:N|LEM:<ila`h|ROOT:Alh|MS|INDEF|GEN						M	singular	GEN
m-w-s023-a032-w012-01	w-s023-a032-w012	23:32:12:1	1	غَيْرُ	غَيْرُ	غَيْر	غ ي ر	غير	N	STEM	STEM|POS:N|LEM:gayor|ROOT:gyr|M|NOM								NOM
m-w-s023-a032-w012-02	w-s023-a032-w012	23:32:12:2	2	هُۥٓ					PRON	SUFFIX	SUFFIX|PRON:3MS					3	M	singular	
m-w-s023-a032-w013-01	w-s023-a032-w013	23:32:13:1	1	أَ					INTG	PREFIX	PREFIX|A:INTG+								
m-w-s023-a032-w013-02	w-s023-a032-w013	23:32:13:2	2	فَ					SUP	PREFIX	PREFIX|f:SUP+								
m-w-s023-a032-w013-03	w-s023-a032-w013	23:32:13:3	3	لَا	لَا	لَا			NEG	STEM	STEM|POS:NEG|LEM:laA								
m-w-s023-a032-w014-01	w-s023-a032-w014	23:32:14:1	1	تَتَّقُ	تَتَّقُ	ٱتَّقَىٰ	و ق ي	وقي	V	STEM	STEM|POS:V|IMPF|(VIII)|LEM:{t~aqaY`|ROOT:wqy|2MP	IMPF			VIII	2	M	plural	
m-w-s023-a032-w014-02	w-s023-a032-w014	23:32:14:2	2	ونَ					PRON	SUFFIX	SUFFIX|PRON:2MP					2	M	plural	
m-w-s023-a033-w001-01	w-s023-a033-w001	23:33:1:1	1	وَ					CONJ	PREFIX	PREFIX|w:CONJ+								
m-w-s023-a033-w001-02	w-s023-a033-w001	23:33:1:2	2	قَالَ	قَالَ	قَالَ	ق و ل	قول	V	STEM	STEM|POS:V|PERF|LEM:qaAla|ROOT:qwl|3MS	PERF				3	M	singular	
m-w-s023-a033-w002-01	w-s023-a033-w002	23:33:2:1	1	ٱلْ					DET	PREFIX	PREFIX|Al+								
m-w-s023-a033-w002-02	w-s023-a033-w002	23:33:2:2	2	مَلَأُ	مَلَأُ	مَلَأ	م ل ء	ملء	N	STEM	STEM|POS:N|LEM:mala>|ROOT:mlA|M|NOM								NOM
m-w-s023-a033-w003-01	w-s023-a033-w003	23:33:3:1	1	مِن	مِن	مِن			P	STEM	STEM|POS:P|LEM:min								
m-w-s023-a033-w004-01	w-s023-a033-w004	23:33:4:1	1	قَوْمِ	قَوْمِ	قَوْم	ق و م	قوم	N	STEM	STEM|POS:N|LEM:qawom|ROOT:qwm|M|GEN								GEN
m-w-s023-a033-w004-02	w-s023-a033-w004	23:33:4:2	2	هِ					PRON	SUFFIX	SUFFIX|PRON:3MS					3	M	singular	
m-w-s023-a033-w005-01	w-s023-a033-w005	23:33:5:1	1	ٱلَّذِينَ	ٱلَّذِينَ	ٱلَّذِى			REL	STEM	STEM|POS:REL|LEM:{l~a*iY|MP						M	plural	
m-w-s023-a033-w006-01	w-s023-a033-w006	23:33:6:1	1	كَفَرُ	كَفَرُ	كَفَرَ	ك ف ر	كفر	V	STEM	STEM|POS:V|PERF|LEM:kafara|ROOT:kfr|3MP	PERF				3	M	plural	
m-w-s023-a033-w006-02	w-s023-a033-w006	23:33:6:2	2	وا۟					PRON	SUFFIX	SUFFIX|PRON:3MP					3	M	plural	
m-w-s023-a033-w007-01	w-s023-a033-w007	23:33:7:1	1	وَ					CONJ	PREFIX	PREFIX|w:CONJ+								
m-w-s023-a033-w007-02	w-s023-a033-w007	23:33:7:2	2	كَذَّبُ	كَذَّبُ	كَذَّبَ	ك ذ ب	كذب	V	STEM	STEM|POS:V|PERF|(II)|LEM:ka*~aba|ROOT:k*b|3MP	PERF			II	3	M	plural	
m-w-s023-a033-w007-03	w-s023-a033-w007	23:33:7:3	3	وا۟					PRON	SUFFIX	SUFFIX|PRON:3MP					3	M	plural	
m-w-s023-a033-w008-01	w-s023-a033-w008	23:33:8:1	1	بِ					P	PREFIX	PREFIX|bi+								
m-w-s023-a033-w008-02	w-s023-a033-w008	23:33:8:2	2	لِقَآءِ	لِقَآءِ	لِقَآء	ل ق ي	لقي	N	STEM	STEM|POS:N|VN|(III)|LEM:liqaA^'|ROOT:lqy|M|GEN				III				GEN
m-w-s023-a033-w009-01	w-s023-a033-w009	23:33:9:1	1	ٱلْ					DET	PREFIX	PREFIX|Al+								
m-w-s023-a033-w009-02	w-s023-a033-w009	23:33:9:2	2	ءَاخِرَةِ	ءَاخِرَةِ	آخِر	ء خ ر	ءخر	N	STEM	STEM|POS:N|LEM:A^xir|ROOT:Axr|FS|GEN						F	singular	GEN
m-w-s023-a033-w010-01	w-s023-a033-w010	23:33:10:1	1	وَ					CIRC	PREFIX	PREFIX|w:CIRC+								
m-w-s023-a033-w010-02	w-s023-a033-w010	23:33:10:2	2	أَتْرَفْ	أَتْرَفْ	أُتْرِفُ	ت ر ف	ترف	V	STEM	STEM|POS:V|PERF|(IV)|LEM:>utorifu|ROOT:trf|1P	PERF			IV	1		plural	
m-w-s023-a033-w010-03	w-s023-a033-w010	23:33:10:3	3	نَٰ					PRON	SUFFIX	SUFFIX|PRON:1P					1		plural	
m-w-s023-a033-w010-04	w-s023-a033-w010	23:33:10:4	4	هُمْ					PRON	SUFFIX	SUFFIX|PRON:3MP					3	M	plural	
m-w-s023-a033-w011-01	w-s023-a033-w011	23:33:11:1	1	فِى	فِى	فِى			P	STEM	STEM|POS:P|LEM:fiY								
m-w-s023-a033-w012-01	w-s023-a033-w012	23:33:12:1	1	ٱلْ					DET	PREFIX	PREFIX|Al+								
m-w-s023-a033-w012-02	w-s023-a033-w012	23:33:12:2	2	حَيَوٰةِ	حَيَوٰةِ	حَيَوٰة	ح ي ي	حيي	N	STEM	STEM|POS:N|LEM:Hayaw`p|ROOT:Hyy|F|GEN								GEN
m-w-s023-a033-w013-01	w-s023-a033-w013	23:33:13:1	1	ٱل					DET	PREFIX	PREFIX|Al+								
m-w-s023-a033-w013-02	w-s023-a033-w013	23:33:13:2	2	دُّنْيَا	دُّنْيَا	دُّنْيَا	د ن و	دنو	ADJ	STEM	STEM|POS:ADJ|LEM:d~unoyaA|ROOT:dnw|FS|GEN						F	singular	GEN
m-w-s023-a033-w014-01	w-s023-a033-w014	23:33:14:1	1	مَا	مَا	مَا			NEG	STEM	STEM|POS:NEG|LEM:maA								
m-w-s023-a033-w015-01	w-s023-a033-w015	23:33:15:1	1	هَٰذَآ	هَٰذَآ	هَٰذَا			DEM	STEM	STEM|POS:DEM|LEM:ha`*aA|MS						M	singular	
m-w-s023-a033-w016-01	w-s023-a033-w016	23:33:16:1	1	إِلَّا	إِلَّا	إِلَّا			RES	STEM	STEM|POS:RES|LEM:<il~aA								
m-w-s023-a033-w017-01	w-s023-a033-w017	23:33:17:1	1	بَشَرٌ	بَشَرٌ	بَشَر	ب ش ر	بشر	N	STEM	STEM|POS:N|LEM:ba$ar|ROOT:b$r|M|INDEF|NOM								NOM
m-w-s023-a033-w018-01	w-s023-a033-w018	23:33:18:1	1	مِّثْلُ	مِّثْلُ	مِثْل	م ث ل	مثل	N	STEM	STEM|POS:N|LEM:mivol|ROOT:mvl|M|NOM								NOM
m-w-s023-a033-w018-02	w-s023-a033-w018	23:33:18:2	2	كُمْ					PRON	SUFFIX	SUFFIX|PRON:2MP					2	M	plural	
m-w-s023-a033-w019-01	w-s023-a033-w019	23:33:19:1	1	يَأْكُلُ	يَأْكُلُ	أَكَلَ	ء ك ل	ءكل	V	STEM	STEM|POS:V|IMPF|LEM:>akala|ROOT:Akl|3MS	IMPF				3	M	singular	
m-w-s023-a033-w020-01	w-s023-a033-w020	23:33:20:1	1	مِ	مِ	مِن			P	STEM	STEM|POS:P|LEM:min								
m-w-s023-a033-w020-02	w-s023-a033-w020	23:33:20:2	2	مَّا	مَّا	مَا			REL	STEM	STEM|POS:REL|LEM:maA								
m-w-s023-a033-w021-01	w-s023-a033-w021	23:33:21:1	1	تَأْكُلُ	تَأْكُلُ	أَكَلَ	ء ك ل	ءكل	V	STEM	STEM|POS:V|IMPF|LEM:>akala|ROOT:Akl|2MP	IMPF				2	M	plural	
m-w-s023-a033-w021-02	w-s023-a033-w021	23:33:21:2	2	ونَ					PRON	SUFFIX	SUFFIX|PRON:2MP					2	M	plural	
m-w-s023-a033-w022-01	w-s023-a033-w022	23:33:22:1	1	مِنْ	مِنْ	مِن			P	STEM	STEM|POS:P|LEM:min								
m-w-s023-a033-w022-02	w-s023-a033-w022	23:33:22:2	2	هُ					PRON	SUFFIX	SUFFIX|PRON:3MS					3	M	singular	
m-w-s023-a033-w023-01	w-s023-a033-w023	23:33:23:1	1	وَ					CONJ	PREFIX	PREFIX|w:CONJ+								
m-w-s023-a033-w023-02	w-s023-a033-w023	23:33:23:2	2	يَشْرَبُ	يَشْرَبُ	شَرِبَ	ش ر ب	شرب	V	STEM	STEM|POS:V|IMPF|LEM:$ariba|ROOT:$rb|3MS	IMPF				3	M	singular	
m-w-s023-a033-w024-01	w-s023-a033-w024	23:33:24:1	1	مِ	مِ	مِن			P	STEM	STEM|POS:P|LEM:min								
m-w-s023-a033-w024-02	w-s023-a033-w024	23:33:24:2	2	مَّا	مَّا	مَا			REL	STEM	STEM|POS:REL|LEM:maA								
m-w-s023-a033-w025-01	w-s023-a033-w025	23:33:25:1	1	تَشْرَبُ	تَشْرَبُ	شَرِبَ	ش ر ب	شرب	V	STEM	STEM|POS:V|IMPF|LEM:$ariba|ROOT:$rb|2MP	IMPF				2	M	plural	
m-w-s023-a033-w025-02	w-s023-a033-w025	23:33:25:2	2	ونَ					PRON	SUFFIX	SUFFIX|PRON:2MP					2	M	plural	
m-w-s023-a034-w001-01	w-s023-a034-w001	23:34:1:1	1	وَ					CONJ	PREFIX	PREFIX|w:CONJ+								
m-w-s023-a034-w001-02	w-s023-a034-w001	23:34:1:2	2	لَ					EMPH	PREFIX	PREFIX|l:EMPH+								
m-w-s023-a034-w001-03	w-s023-a034-w001	23:34:1:3	3	ئِنْ	ئِنْ	إِن			COND	STEM	STEM|POS:COND|LEM:<in								
m-w-s023-a034-w002-01	w-s023-a034-w002	23:34:2:1	1	أَطَعْ	أَطَعْ	أَطَاعَ	ط و ع	طوع	V	STEM	STEM|POS:V|PERF|(IV)|LEM:>aTaAEa|ROOT:TwE|2MP	PERF			IV	2	M	plural	
m-w-s023-a034-w002-02	w-s023-a034-w002	23:34:2:2	2	تُم					PRON	SUFFIX	SUFFIX|PRON:2MP					2	M	plural	
m-w-s023-a034-w003-01	w-s023-a034-w003	23:34:3:1	1	بَشَرًا	بَشَرًا	بَشَر	ب ش ر	بشر	N	STEM	STEM|POS:N|LEM:ba$ar|ROOT:b$r|M|INDEF|ACC								ACC
m-w-s023-a034-w004-01	w-s023-a034-w004	23:34:4:1	1	مِّثْلَ	مِّثْلَ	مِثْل	م ث ل	مثل	N	STEM	STEM|POS:N|LEM:mivol|ROOT:mvl|M|ACC								ACC
m-w-s023-a034-w004-02	w-s023-a034-w004	23:34:4:2	2	كُمْ					PRON	SUFFIX	SUFFIX|PRON:2MP					2	M	plural	
m-w-s023-a034-w005-01	w-s023-a034-w005	23:34:5:1	1	إِنَّ	إِنَّ	إِنّ			ACC	STEM	STEM|POS:ACC|LEM:<in~|SP:<in~								ACC
m-w-s023-a034-w005-02	w-s023-a034-w005	23:34:5:2	2	كُمْ					PRON	SUFFIX	SUFFIX|PRON:2MP					2	M	plural	
m-w-s023-a034-w006-01	w-s023-a034-w006	23:34:6:1	1	إِذًا	إِذًا	إِذًا			SUR	STEM	STEM|POS:SUR|LEM:<i*FA								
m-w-s023-a034-w007-01	w-s023-a034-w007	23:34:7:1	1	لَّ					EMPH	PREFIX	PREFIX|l:EMPH+								
m-w-s023-a034-w007-02	w-s023-a034-w007	23:34:7:2	2	خَٰسِرُونَ	خَٰسِرُونَ	خَٰسِرِين	خ س ر	خسر	N	STEM	STEM|POS:N|ACT|PCPL|LEM:xa`siriyn|ROOT:xsr|MP|NOM			ACT			M	plural	NOM
m-w-s023-a035-w001-01	w-s023-a035-w001	23:35:1:1	1	أَ					INTG	PREFIX	PREFIX|A:INTG+								
m-w-s023-a035-w001-02	w-s023-a035-w001	23:35:1:2	2	يَعِدُ	يَعِدُ	وَعَدَ	و ع د	وعد	V	STEM	STEM|POS:V|IMPF|LEM:waEada|ROOT:wEd|3MS	IMPF				3	M	singular	
m-w-s023-a035-w001-03	w-s023-a035-w001	23:35:1:3	3	كُمْ					PRON	SUFFIX	SUFFIX|PRON:2MP					2	M	plural	
m-w-s023-a035-w002-01	w-s023-a035-w002	23:35:2:1	1	أَنَّ	أَنَّ	أَنّ			ACC	STEM	STEM|POS:ACC|LEM:>an~|SP:<in~								ACC
m-w-s023-a035-w002-02	w-s023-a035-w002	23:35:2:2	2	كُمْ					PRON	SUFFIX	SUFFIX|PRON:2MP					2	M	plural	
m-w-s023-a035-w003-01	w-s023-a035-w003	23:35:3:1	1	إِذَا	إِذَا	إِذَا			T	STEM	STEM|POS:T|LEM:<i*aA								
m-w-s023-a035-w004-01	w-s023-a035-w004	23:35:4:1	1	مِ	مِ	مَّاتَ	م و ت	موت	V	STEM	STEM|POS:V|PERF|PASS|LEM:m~aAta|ROOT:mwt|2MP	PERF		PASS		2	M	plural	
m-w-s023-a035-w004-02	w-s023-a035-w004	23:35:4:2	2	تُّمْ					PRON	SUFFIX	SUFFIX|PRON:2MP					2	M	plural	
m-w-s023-a035-w005-01	w-s023-a035-w005	23:35:5:1	1	وَ					CONJ	PREFIX	PREFIX|w:CONJ+								
m-w-s023-a035-w005-02	w-s023-a035-w005	23:35:5:2	2	كُن	كُن	كَانَ	ك و ن	كون	V	STEM	STEM|POS:V|PERF|LEM:kaAna|ROOT:kwn|SP:kaAn|2MP	PERF				2	M	plural	
m-w-s023-a035-w005-03	w-s023-a035-w005	23:35:5:3	3	تُمْ					PRON	SUFFIX	SUFFIX|PRON:2MP					2	M	plural	
m-w-s023-a035-w006-01	w-s023-a035-w006	23:35:6:1	1	تُرَابًا	تُرَابًا	تُرَاب	ت ر ب	ترب	N	STEM	STEM|POS:N|LEM:turaAb|ROOT:trb|M|INDEF|ACC								ACC
m-w-s023-a035-w007-01	w-s023-a035-w007	23:35:7:1	1	وَ					CONJ	PREFIX	PREFIX|w:CONJ+								
m-w-s023-a035-w007-02	w-s023-a035-w007	23:35:7:2	2	عِظَٰمًا	عِظَٰمًا	عَظِيم	ع ظ م	عظم	N	STEM	STEM|POS:N|LEM:EaZiym|ROOT:EZm|MP|INDEF|ACC						M	plural	ACC
m-w-s023-a035-w008-01	w-s023-a035-w008	23:35:8:1	1	أَنَّ	أَنَّ	أَنّ			ACC	STEM	STEM|POS:ACC|LEM:>an~|SP:<in~								ACC
m-w-s023-a035-w008-02	w-s023-a035-w008	23:35:8:2	2	كُم					PRON	SUFFIX	SUFFIX|PRON:2MP					2	M	plural	
m-w-s023-a035-w009-01	w-s023-a035-w009	23:35:9:1	1	مُّخْرَجُونَ	مُّخْرَجُونَ	مُخْرَج	خ ر ج	خرج	N	STEM	STEM|POS:N|PASS|PCPL|(IV)|LEM:muxoraj|ROOT:xrj|MP|NOM			PASS	IV		M	plural	NOM
m-w-s023-a036-w001-01	w-s023-a036-w001	23:36:1:1	1	هَيْهَاتَ	هَيْهَاتَ	هَيْهَات			N	STEM	STEM|POS:N|LEM:hayohaAt|ACC								ACC
m-w-s023-a036-w002-01	w-s023-a036-w002	23:36:2:1	1	هَيْهَاتَ	هَيْهَاتَ	هَيْهَات			N	STEM	STEM|POS:N|LEM:hayohaAt|ACC								ACC
m-w-s023-a036-w003-01	w-s023-a036-w003	23:36:3:1	1	لِ					P	PREFIX	PREFIX|l:P+								
m-w-s023-a036-w003-02	w-s023-a036-w003	23:36:3:2	2	مَا	مَا	مَا			REL	STEM	STEM|POS:REL|LEM:maA								
m-w-s023-a036-w004-01	w-s023-a036-w004	23:36:4:1	1	تُوعَدُ	تُوعَدُ	وَعَدَ	و ع د	وعد	V	STEM	STEM|POS:V|IMPF|PASS|LEM:waEada|ROOT:wEd|2MP	IMPF		PASS		2	M	plural	
m-w-s023-a036-w004-02	w-s023-a036-w004	23:36:4:2	2	ونَ					PRON	SUFFIX	SUFFIX|PRON:2MP					2	M	plural	
m-w-s023-a037-w001-01	w-s023-a037-w001	23:37:1:1	1	إِنْ	إِنْ	إِن			NEG	STEM	STEM|POS:NEG|LEM:<in								
m-w-s023-a037-w002-01	w-s023-a037-w002	23:37:2:1	1	هِىَ	هِىَ				PRON	STEM	STEM|POS:PRON|3FS					3	F	singular	
m-w-s023-a037-w003-01	w-s023-a037-w003	23:37:3:1	1	إِلَّا	إِلَّا	إِلَّا			RES	STEM	STEM|POS:RES|LEM:<il~aA								
m-w-s023-a037-w004-01	w-s023-a037-w004	23:37:4:1	1	حَيَاتُ	حَيَاتُ	حَيَوٰة	ح ي ي	حيي	N	STEM	STEM|POS:N|LEM:Hayaw`p|ROOT:Hyy|F|NOM								NOM
m-w-s023-a037-w004-02	w-s023-a037-w004	23:37:4:2	2	نَا					PRON	SUFFIX	SUFFIX|PRON:1P					1		plural	
m-w-s023-a037-w005-01	w-s023-a037-w005	23:37:5:1	1	ٱل					DET	PREFIX	PREFIX|Al+								
m-w-s023-a037-w005-02	w-s023-a037-w005	23:37:5:2	2	دُّنْيَا	دُّنْيَا	دُّنْيَا	د ن و	دنو	ADJ	STEM	STEM|POS:ADJ|LEM:d~unoyaA|ROOT:dnw|FS|NOM						F	singular	NOM
m-w-s023-a037-w006-01	w-s023-a037-w006	23:37:6:1	1	نَمُوتُ	نَمُوتُ	مَّاتَ	م و ت	موت	V	STEM	STEM|POS:V|IMPF|LEM:m~aAta|ROOT:mwt|1P	IMPF				1		plural	
m-w-s023-a037-w007-01	w-s023-a037-w007	23:37:7:1	1	وَ					CONJ	PREFIX	PREFIX|w:CONJ+								
m-w-s023-a037-w007-02	w-s023-a037-w007	23:37:7:2	2	نَحْيَا	نَحْيَا	حَىَّ	ح ي ي	حيي	V	STEM	STEM|POS:V|IMPF|LEM:HaY~a|ROOT:Hyy|1P|MOOD:SUBJ	IMPF	SUBJ			1		plural	
m-w-s023-a037-w008-01	w-s023-a037-w008	23:37:8:1	1	وَ					CONJ	PREFIX	PREFIX|w:CONJ+								
m-w-s023-a037-w008-02	w-s023-a037-w008	23:37:8:2	2	مَا	مَا	مَا			NEG	STEM	STEM|POS:NEG|LEM:maA								
m-w-s023-a037-w009-01	w-s023-a037-w009	23:37:9:1	1	نَحْنُ	نَحْنُ				PRON	STEM	STEM|POS:PRON|1P					1		plural	
m-w-s023-a037-w010-01	w-s023-a037-w010	23:37:10:1	1	بِ					P	PREFIX	PREFIX|bi+								
m-w-s023-a037-w010-02	w-s023-a037-w010	23:37:10:2	2	مَبْعُوثِينَ	مَبْعُوثِينَ	مَّبْعُوثُون	ب ع ث	بعث	N	STEM	STEM|POS:N|PASS|PCPL|LEM:m~aboEuwvuwn|ROOT:bEv|MP|GEN			PASS			M	plural	GEN
m-w-s023-a038-w001-01	w-s023-a038-w001	23:38:1:1	1	إِنْ	إِنْ	إِن			NEG	STEM	STEM|POS:NEG|LEM:<in								
m-w-s023-a038-w002-01	w-s023-a038-w002	23:38:2:1	1	هُوَ	هُوَ				PRON	STEM	STEM|POS:PRON|3MS					3	M	singular	
m-w-s023-a038-w003-01	w-s023-a038-w003	23:38:3:1	1	إِلَّا	إِلَّا	إِلَّا			RES	STEM	STEM|POS:RES|LEM:<il~aA								
m-w-s023-a038-w004-01	w-s023-a038-w004	23:38:4:1	1	رَجُلٌ	رَجُلٌ	رَجُل	ر ج ل	رجل	N	STEM	STEM|POS:N|LEM:rajul|ROOT:rjl|M|INDEF|NOM								NOM
m-w-s023-a038-w005-01	w-s023-a038-w005	23:38:5:1	1	ٱفْتَرَىٰ	ٱفْتَرَىٰ	ٱفْتَرَىٰ	ف ر ي	فري	V	STEM	STEM|POS:V|PERF|(VIII)|LEM:{fotaraY`|ROOT:fry|3MS	PERF			VIII	3	M	singular	
m-w-s023-a038-w006-01	w-s023-a038-w006	23:38:6:1	1	عَلَى	عَلَى	عَلَىٰ			P	STEM	STEM|POS:P|LEM:EalaY`								
m-w-s023-a038-w007-01	w-s023-a038-w007	23:38:7:1	1	ٱللَّهِ	ٱللَّهِ	ٱللَّه	ء ل ه	ءله	PN	STEM	STEM|POS:PN|LEM:{ll~ah|ROOT:Alh|GEN								GEN
m-w-s023-a038-w008-01	w-s023-a038-w008	23:38:8:1	1	كَذِبًا	كَذِبًا	كَذِب	ك ذ ب	كذب	N	STEM	STEM|POS:N|LEM:ka*ib|ROOT:k*b|M|INDEF|ACC								ACC
m-w-s023-a038-w009-01	w-s023-a038-w009	23:38:9:1	1	وَ					CONJ	PREFIX	PREFIX|w:CONJ+								
m-w-s023-a038-w009-02	w-s023-a038-w009	23:38:9:2	2	مَا	مَا	مَا			NEG	STEM	STEM|POS:NEG|LEM:maA								
m-w-s023-a038-w010-01	w-s023-a038-w010	23:38:10:1	1	نَحْنُ	نَحْنُ				PRON	STEM	STEM|POS:PRON|1P					1		plural	
m-w-s023-a038-w011-01	w-s023-a038-w011	23:38:11:1	1	لَ					P	PREFIX	PREFIX|l:P+								
m-w-s023-a038-w011-02	w-s023-a038-w011	23:38:11:2	2	هُۥ	هُۥ				PRON	STEM	STEM|POS:PRON|3MS					3	M	singular	
m-w-s023-a038-w012-01	w-s023-a038-w012	23:38:12:1	1	بِ					P	PREFIX	PREFIX|bi+								
m-w-s023-a038-w012-02	w-s023-a038-w012	23:38:12:2	2	مُؤْمِنِينَ	مُؤْمِنِينَ	مُؤْمِن	ء م ن	ءمن	N	STEM	STEM|POS:N|ACT|PCPL|(IV)|LEM:mu&omin|ROOT:Amn|MP|GEN			ACT	IV		M	plural	GEN
m-w-s023-a039-w001-01	w-s023-a039-w001	23:39:1:1	1	قَالَ	قَالَ	قَالَ	ق و ل	قول	V	STEM	STEM|POS:V|PERF|LEM:qaAla|ROOT:qwl|3MS	PERF				3	M	singular	
m-w-s023-a039-w002-01	w-s023-a039-w002	23:39:2:1	1	رَبِّ	رَبِّ	رَبّ	ر ب ب	ربب	N	STEM	STEM|POS:N|LEM:rab~|ROOT:rbb|M|NOM								NOM
m-w-s023-a039-w002-02	w-s023-a039-w002	23:39:2:2	2						PRON	SUFFIX	SUFFIX|PRON:1S					1		singular	
m-w-s023-a039-w003-01	w-s023-a039-w003	23:39:3:1	1	ٱنصُرْ	ٱنصُرْ	نَصَرَ	ن ص ر	نصر	V	STEM	STEM|POS:V|IMPV|LEM:naSara|ROOT:nSr|2MS	IMPV				2	M	singular	
m-w-s023-a039-w003-02	w-s023-a039-w003	23:39:3:2	2	نِى					PRON	SUFFIX	SUFFIX|PRON:1S					1		singular	
m-w-s023-a039-w004-01	w-s023-a039-w004	23:39:4:1	1	بِ					P	PREFIX	PREFIX|bi+								
m-w-s023-a039-w004-02	w-s023-a039-w004	23:39:4:2	2	مَا	مَا	مَا			REL	STEM	STEM|POS:REL|LEM:maA								
m-w-s023-a039-w005-01	w-s023-a039-w005	23:39:5:1	1	كَذَّبُ	كَذَّبُ	كَذَّبَ	ك ذ ب	كذب	V	STEM	STEM|POS:V|PERF|(II)|LEM:ka*~aba|ROOT:k*b|3MP	PERF			II	3	M	plural	
m-w-s023-a039-w005-02	w-s023-a039-w005	23:39:5:2	2	و					PRON	SUFFIX	SUFFIX|PRON:3MP					3	M	plural	
m-w-s023-a039-w005-03	w-s023-a039-w005	23:39:5:3	3	نِ					PRON	SUFFIX	SUFFIX|PRON:1S					1		singular	
m-w-s023-a040-w001-01	w-s023-a040-w001	23:40:1:1	1	قَالَ	قَالَ	قَالَ	ق و ل	قول	V	STEM	STEM|POS:V|PERF|LEM:qaAla|ROOT:qwl|3MS	PERF				3	M	singular	
m-w-s023-a040-w002-01	w-s023-a040-w002	23:40:2:1	1	عَ	عَ	عَن			P	STEM	STEM|POS:P|LEM:Ean								
m-w-s023-a040-w002-02	w-s023-a040-w002	23:40:2:2	2	مَّا	مَّا	مَا			REL	STEM	STEM|POS:REL|LEM:maA								
m-w-s023-a040-w003-01	w-s023-a040-w003	23:40:3:1	1	قَلِيلٍ	قَلِيلٍ	قَلِيل	ق ل ل	قلل	N	STEM	STEM|POS:N|LEM:qaliyl|ROOT:qll|MS|INDEF|GEN						M	singular	GEN
m-w-s023-a040-w004-01	w-s023-a040-w004	23:40:4:1	1	لَّ					EMPH	PREFIX	PREFIX|l:EMPH+								
m-w-s023-a040-w004-02	w-s023-a040-w004	23:40:4:2	2	يُصْبِحُ	يُصْبِحُ	أَصْبَحَ	ص ب ح	صبح	V	STEM	STEM|POS:V|IMPF|(IV)|LEM:>aSobaHa|ROOT:SbH|SP:kaAn|3MP	IMPF			IV	3	M	plural	
m-w-s023-a040-w004-03	w-s023-a040-w004	23:40:4:3	3	نَّ					EMPH	SUFFIX	SUFFIX|+n:EMPH								
m-w-s023-a040-w005-01	w-s023-a040-w005	23:40:5:1	1	نَٰدِمِينَ	نَٰدِمِينَ	نَٰدِمِين	ن د م	ندم	N	STEM	STEM|POS:N|ACT|PCPL|LEM:na`dimiyn|ROOT:ndm|MP|ACC			ACT			M	plural	ACC
m-w-s023-a041-w001-01	w-s023-a041-w001	23:41:1:1	1	فَ					REM	PREFIX	PREFIX|f:REM+								
m-w-s023-a041-w001-02	w-s023-a041-w001	23:41:1:2	2	أَخَذَتْ	أَخَذَتْ	أَخَذَ	ء خ ذ	ءخذ	V	STEM	STEM|POS:V|PERF|LEM:>axa*a|ROOT:Ax*|3FS	PERF				3	F	singular	
m-w-s023-a041-w001-03	w-s023-a041-w001	23:41:1:3	3	هُمُ					PRON	SUFFIX	SUFFIX|PRON:3MP					3	M	plural	
m-w-s023-a041-w002-01	w-s023-a041-w002	23:41:2:1	1	ٱل					DET	PREFIX	PREFIX|Al+								
m-w-s023-a041-w002-02	w-s023-a041-w002	23:41:2:2	2	صَّيْحَةُ	صَّيْحَةُ	صَيْحَة	ص ي ح	صيح	N	STEM	STEM|POS:N|LEM:SayoHap|ROOT:SyH|F|NOM								NOM
m-w-s023-a041-w003-01	w-s023-a041-w003	23:41:3:1	1	بِ					P	PREFIX	PREFIX|bi+								
m-w-s023-a041-w003-02	w-s023-a041-w003	23:41:3:2	2	ٱلْ					DET	PREFIX	PREFIX|Al+								
m-w-s023-a041-w003-03	w-s023-a041-w003	23:41:3:3	3	حَقِّ	حَقِّ	حَقّ	ح ق ق	حقق	N	STEM	STEM|POS:N|LEM:Haq~|ROOT:Hqq|M|GEN								GEN
m-w-s023-a041-w004-01	w-s023-a041-w004	23:41:4:1	1	فَ					CONJ	PREFIX	PREFIX|f:CONJ+								
m-w-s023-a041-w004-02	w-s023-a041-w004	23:41:4:2	2	جَعَلْ	جَعَلْ	جَعَلَ	ج ع ل	جعل	V	STEM	STEM|POS:V|PERF|LEM:jaEala|ROOT:jEl|1P	PERF				1		plural	
m-w-s023-a041-w004-03	w-s023-a041-w004	23:41:4:3	3	نَٰ					PRON	SUFFIX	SUFFIX|PRON:1P					1		plural	
m-w-s023-a041-w004-04	w-s023-a041-w004	23:41:4:4	4	هُمْ					PRON	SUFFIX	SUFFIX|PRON:3MP					3	M	plural	
m-w-s023-a041-w005-01	w-s023-a041-w005	23:41:5:1	1	غُثَآءً	غُثَآءً	غُثَآء	غ ث و	غثو	N	STEM	STEM|POS:N|LEM:guvaA^'|ROOT:gvw|M|INDEF|ACC								ACC
m-w-s023-a041-w006-01	w-s023-a041-w006	23:41:6:1	1	فَ					REM	PREFIX	PREFIX|f:REM+								
m-w-s023-a041-w006-02	w-s023-a041-w006	23:41:6:2	2	بُعْدًا	بُعْدًا	بُعْد	ب ع د	بعد	N	STEM	STEM|POS:N|LEM:buEod|ROOT:bEd|M|INDEF|ACC								ACC
m-w-s023-a041-w007-01	w-s023-a041-w007	23:41:7:1	1	لِّ					P	PREFIX	PREFIX|l:P+								
m-w-s023-a041-w007-02	w-s023-a041-w007	23:41:7:2	2	لْ					DET	PREFIX	PREFIX|Al+								
m-w-s023-a041-w007-03	w-s023-a041-w007	23:41:7:3	3	قَوْمِ	قَوْمِ	قَوْم	ق و م	قوم	N	STEM	STEM|POS:N|LEM:qawom|ROOT:qwm|M|GEN								GEN
m-w-s023-a041-w008-01	w-s023-a041-w008	23:41:8:1	1	ٱل					DET	PREFIX	PREFIX|Al+								
m-w-s023-a041-w008-02	w-s023-a041-w008	23:41:8:2	2	ظَّٰلِمِينَ	ظَّٰلِمِينَ	ظَالِم	ظ ل م	ظلم	ADJ	STEM	STEM|POS:ADJ|ACT|PCPL|LEM:ZaAlim|ROOT:Zlm|MP|GEN			ACT			M	plural	GEN
m-w-s023-a042-w001-01	w-s023-a042-w001	23:42:1:1	1	ثُمَّ	ثُمَّ	ثُمّ			CONJ	STEM	STEM|POS:CONJ|LEM:vum~								
m-w-s023-a042-w002-01	w-s023-a042-w002	23:42:2:1	1	أَنشَأْ	أَنشَأْ	أَنشَأَ	ن ش ء	نشء	V	STEM	STEM|POS:V|PERF|(IV)|LEM:>an$a>a|ROOT:n$A|1P	PERF			IV	1		plural	
m-w-s023-a042-w002-02	w-s023-a042-w002	23:42:2:2	2	نَا					PRON	SUFFIX	SUFFIX|PRON:1P					1		plural	
m-w-s023-a042-w003-01	w-s023-a042-w003	23:42:3:1	1	مِنۢ	مِنۢ	مِن			P	STEM	STEM|POS:P|LEM:min								
m-w-s023-a042-w004-01	w-s023-a042-w004	23:42:4:1	1	بَعْدِ	بَعْدِ	بَعْد	ب ع د	بعد	N	STEM	STEM|POS:N|LEM:baEod|ROOT:bEd|GEN								GEN
m-w-s023-a042-w004-02	w-s023-a042-w004	23:42:4:2	2	هِمْ					PRON	SUFFIX	SUFFIX|PRON:3MP					3	M	plural	
m-w-s023-a042-w005-01	w-s023-a042-w005	23:42:5:1	1	قُرُونًا	قُرُونًا	قَرْن	ق ر ن	قرن	N	STEM	STEM|POS:N|LEM:qaron|ROOT:qrn|MP|INDEF|ACC						M	plural	ACC
m-w-s023-a042-w006-01	w-s023-a042-w006	23:42:6:1	1	ءَاخَرِينَ	ءَاخَرِينَ	آخَر	ء خ ر	ءخر	ADJ	STEM	STEM|POS:ADJ|LEM:A^xar|ROOT:Axr|MP|ACC						M	plural	ACC
m-w-s023-a043-w001-01	w-s023-a043-w001	23:43:1:1	1	مَا	مَا	مَا			NEG	STEM	STEM|POS:NEG|LEM:maA								
m-w-s023-a043-w002-01	w-s023-a043-w002	23:43:2:1	1	تَسْبِقُ	تَسْبِقُ	سَبَقَ	س ب ق	سبق	V	STEM	STEM|POS:V|IMPF|LEM:sabaqa|ROOT:sbq|3FS	IMPF				3	F	singular	
m-w-s023-a043-w003-01	w-s023-a043-w003	23:43:3:1	1	مِنْ	مِنْ	مِن			P	STEM	STEM|POS:P|LEM:min								
m-w-s023-a043-w004-01	w-s023-a043-w004	23:43:4:1	1	أُمَّةٍ	أُمَّةٍ	أُمَّة	ء م م	ءمم	N	STEM	STEM|POS:N|LEM:>um~ap|ROOT:Amm|FS|INDEF|GEN						F	singular	GEN
m-w-s023-a043-w005-01	w-s023-a043-w005	23:43:5:1	1	أَجَلَ	أَجَلَ	أَجَل	ء ج ل	ءجل	N	STEM	STEM|POS:N|LEM:>ajal|ROOT:Ajl|M|ACC								ACC
m-w-s023-a043-w005-02	w-s023-a043-w005	23:43:5:2	2	هَا					PRON	SUFFIX	SUFFIX|PRON:3FS					3	F	singular	
m-w-s023-a043-w006-01	w-s023-a043-w006	23:43:6:1	1	وَ					CONJ	PREFIX	PREFIX|w:CONJ+								
m-w-s023-a043-w006-02	w-s023-a043-w006	23:43:6:2	2	مَا	مَا	مَا			NEG	STEM	STEM|POS:NEG|LEM:maA								
m-w-s023-a043-w007-01	w-s023-a043-w007	23:43:7:1	1	يَسْتَـْٔخِرُ	يَسْتَـْٔخِرُ	يَسْتَأْخِرُ	ء خ ر	ءخر	V	STEM	STEM|POS:V|IMPF|(X)|LEM:yasota>oxiru|ROOT:Axr|3MP	IMPF			X	3	M	plural	
m-w-s023-a043-w007-02	w-s023-a043-w007	23:43:7:2	2	ونَ					PRON	SUFFIX	SUFFIX|PRON:3MP					3	M	plural	
m-w-s023-a044-w001-01	w-s023-a044-w001	23:44:1:1	1	ثُمَّ	ثُمَّ	ثُمّ			CONJ	STEM	STEM|POS:CONJ|LEM:vum~								
m-w-s023-a044-w002-01	w-s023-a044-w002	23:44:2:1	1	أَرْسَلْ	أَرْسَلْ	أَرْسَلَ	ر س ل	رسل	V	STEM	STEM|POS:V|PERF|(IV)|LEM:>arosala|ROOT:rsl|1P	PERF			IV	1		plural	
m-w-s023-a044-w002-02	w-s023-a044-w002	23:44:2:2	2	نَا					PRON	SUFFIX	SUFFIX|PRON:1P					1		plural	
m-w-s023-a044-w003-01	w-s023-a044-w003	23:44:3:1	1	رُسُلَ	رُسُلَ	رَسُول	ر س ل	رسل	N	STEM	STEM|POS:N|LEM:rasuwl|ROOT:rsl|MP|ACC						M	plural	ACC
m-w-s023-a044-w003-02	w-s023-a044-w003	23:44:3:2	2	نَا					PRON	SUFFIX	SUFFIX|PRON:1P					1		plural	
m-w-s023-a044-w004-01	w-s023-a044-w004	23:44:4:1	1	تَتْرَا	تَتْرَا	تَتْرَا	و ت ر	وتر	N	STEM	STEM|POS:N|LEM:tatoraA|ROOT:wtr|F|ACC								ACC
m-w-s023-a044-w005-01	w-s023-a044-w005	23:44:5:1	1	كُلَّ	كُلَّ	كُلّ	ك ل ل	كلل	N	STEM	STEM|POS:N|LEM:kul~|ROOT:kll|M|ACC								ACC
m-w-s023-a044-w006-01	w-s023-a044-w006	23:44:6:1	1	مَا	مَا	مَا			SUB	STEM	STEM|POS:SUB|LEM:maA								
m-w-s023-a044-w007-01	w-s023-a044-w007	23:44:7:1	1	جَآءَ	جَآءَ	جَآءَ	ج ي ء	جيء	V	STEM	STEM|POS:V|PERF|LEM:jaA^'a|ROOT:jyA|3MS	PERF				3	M	singular	
m-w-s023-a044-w008-01	w-s023-a044-w008	23:44:8:1	1	أُمَّةً	أُمَّةً	أُمَّة	ء م م	ءمم	N	STEM	STEM|POS:N|LEM:>um~ap|ROOT:Amm|FS|INDEF|ACC						F	singular	ACC
m-w-s023-a044-w009-01	w-s023-a044-w009	23:44:9:1	1	رَّسُولُ	رَّسُولُ	رَسُول	ر س ل	رسل	N	STEM	STEM|POS:N|LEM:rasuwl|ROOT:rsl|M|NOM								NOM
m-w-s023-a044-w009-02	w-s023-a044-w009	23:44:9:2	2	هَا					PRON	SUFFIX	SUFFIX|PRON:3FS					3	F	singular	
m-w-s023-a044-w010-01	w-s023-a044-w010	23:44:10:1	1	كَذَّبُ	كَذَّبُ	كَذَّبَ	ك ذ ب	كذب	V	STEM	STEM|POS:V|PERF|(II)|LEM:ka*~aba|ROOT:k*b|3MP	PERF			II	3	M	plural	
m-w-s023-a044-w010-02	w-s023-a044-w010	23:44:10:2	2	و					PRON	SUFFIX	SUFFIX|PRON:3MP					3	M	plural	
m-w-s023-a044-w010-03	w-s023-a044-w010	23:44:10:3	3	هُ					PRON	SUFFIX	SUFFIX|PRON:3MS					3	M	singular	
m-w-s023-a044-w011-01	w-s023-a044-w011	23:44:11:1	1	فَ					REM	PREFIX	PREFIX|f:REM+								
m-w-s023-a044-w011-02	w-s023-a044-w011	23:44:11:2	2	أَتْبَعْ	أَتْبَعْ	أَتْبَعَ	ت ب ع	تبع	V	STEM	STEM|POS:V|PERF|(IV)|LEM:>atobaEa|ROOT:tbE|1P	PERF			IV	1		plural	
m-w-s023-a044-w011-03	w-s023-a044-w011	23:44:11:3	3	نَا					PRON	SUFFIX	SUFFIX|PRON:1P					1		plural	
m-w-s023-a044-w012-01	w-s023-a044-w012	23:44:12:1	1	بَعْضَ	بَعْضَ	بَعْض	ب ع ض	بعض	N	STEM	STEM|POS:N|LEM:baEoD|ROOT:bED|M|ACC								ACC
m-w-s023-a044-w012-02	w-s023-a044-w012	23:44:12:2	2	هُم					PRON	SUFFIX	SUFFIX|PRON:3MP					3	M	plural	
m-w-s023-a044-w013-01	w-s023-a044-w013	23:44:13:1	1	بَعْضًا	بَعْضًا	بَعْض	ب ع ض	بعض	N	STEM	STEM|POS:N|LEM:baEoD|ROOT:bED|M|INDEF|ACC								ACC
m-w-s023-a044-w014-01	w-s023-a044-w014	23:44:14:1	1	وَ					CONJ	PREFIX	PREFIX|w:CONJ+								
m-w-s023-a044-w014-02	w-s023-a044-w014	23:44:14:2	2	جَعَلْ	جَعَلْ	جَعَلَ	ج ع ل	جعل	V	STEM	STEM|POS:V|PERF|LEM:jaEala|ROOT:jEl|1P	PERF				1		plural	
m-w-s023-a044-w014-03	w-s023-a044-w014	23:44:14:3	3	نَٰ					PRON	SUFFIX	SUFFIX|PRON:1P					1		plural	
m-w-s023-a044-w014-04	w-s023-a044-w014	23:44:14:4	4	هُمْ					PRON	SUFFIX	SUFFIX|PRON:3MP					3	M	plural	
m-w-s023-a044-w015-01	w-s023-a044-w015	23:44:15:1	1	أَحَادِيثَ	أَحَادِيثَ	حَدِيث	ح د ث	حدث	N	STEM	STEM|POS:N|LEM:Hadiyv|ROOT:Hdv|MP|ACC						M	plural	ACC
m-w-s023-a044-w016-01	w-s023-a044-w016	23:44:16:1	1	فَ					REM	PREFIX	PREFIX|f:REM+								
m-w-s023-a044-w016-02	w-s023-a044-w016	23:44:16:2	2	بُعْدًا	بُعْدًا	بُعْد	ب ع د	بعد	N	STEM	STEM|POS:N|LEM:buEod|ROOT:bEd|M|INDEF|ACC								ACC
m-w-s023-a044-w017-01	w-s023-a044-w017	23:44:17:1	1	لِّ					P	PREFIX	PREFIX|l:P+								
m-w-s023-a044-w017-02	w-s023-a044-w017	23:44:17:2	2	قَوْمٍ	قَوْمٍ	قَوْم	ق و م	قوم	N	STEM	STEM|POS:N|LEM:qawom|ROOT:qwm|M|INDEF|GEN								GEN
m-w-s023-a044-w018-01	w-s023-a044-w018	23:44:18:1	1	لَّا	لَّا	لَا			NEG	STEM	STEM|POS:NEG|LEM:laA								
m-w-s023-a044-w019-01	w-s023-a044-w019	23:44:19:1	1	يُؤْمِنُ	يُؤْمِنُ	ءَامَنَ	ء م ن	ءمن	V	STEM	STEM|POS:V|IMPF|(IV)|LEM:'aAmana|ROOT:Amn|3MP	IMPF			IV	3	M	plural	
m-w-s023-a044-w019-02	w-s023-a044-w019	23:44:19:2	2	ونَ					PRON	SUFFIX	SUFFIX|PRON:3MP					3	M	plural	
m-w-s023-a045-w001-01	w-s023-a045-w001	23:45:1:1	1	ثُمَّ	ثُمَّ	ثُمّ			CONJ	STEM	STEM|POS:CONJ|LEM:vum~								
m-w-s023-a045-w002-01	w-s023-a045-w002	23:45:2:1	1	أَرْسَلْ	أَرْسَلْ	أَرْسَلَ	ر س ل	رسل	V	STEM	STEM|POS:V|PERF|(IV)|LEM:>arosala|ROOT:rsl|1P	PERF			IV	1		plural	
m-w-s023-a045-w002-02	w-s023-a045-w002	23:45:2:2	2	نَا					PRON	SUFFIX	SUFFIX|PRON:1P					1		plural	
m-w-s023-a045-w003-01	w-s023-a045-w003	23:45:3:1	1	مُوسَىٰ	مُوسَىٰ	مُوسَىٰ			PN	STEM	STEM|POS:PN|LEM:muwsaY`|M|NOM								NOM
m-w-s023-a045-w004-01	w-s023-a045-w004	23:45:4:1	1	وَ					CONJ	PREFIX	PREFIX|w:CONJ+								
m-w-s023-a045-w004-02	w-s023-a045-w004	23:45:4:2	2	أَخَا	أَخَا	أَخ	ء خ و	ءخو	N	STEM	STEM|POS:N|LEM:>ax|ROOT:Axw|MS|NOM						M	singular	NOM
m-w-s023-a045-w004-03	w-s023-a045-w004	23:45:4:3	3	هُ					PRON	SUFFIX	SUFFIX|PRON:3MS					3	M	singular	
m-w-s023-a045-w005-01	w-s023-a045-w005	23:45:5:1	1	هَٰرُونَ	هَٰرُونَ	هَٰرُون			PN	STEM	STEM|POS:PN|LEM:ha`ruwn|M|ACC								ACC
m-w-s023-a045-w006-01	w-s023-a045-w006	23:45:6:1	1	بِ					P	PREFIX	PREFIX|bi+								
m-w-s023-a045-w006-02	w-s023-a045-w006	23:45:6:2	2	ـَٔايَٰتِ	ـَٔايَٰتِ	ءَايَة	ء ي ي	ءيي	N	STEM	STEM|POS:N|LEM:'aAyap|ROOT:Ayy|FP|GEN						F	plural	GEN
m-w-s023-a045-w006-03	w-s023-a045-w006	23:45:6:3	3	نَا					PRON	SUFFIX	SUFFIX|PRON:1P					1		plural	
m-w-s023-a045-w007-01	w-s023-a045-w007	23:45:7:1	1	وَ					CONJ	PREFIX	PREFIX|w:CONJ+								
m-w-s023-a045-w007-02	w-s023-a045-w007	23:45:7:2	2	سُلْطَٰنٍ	سُلْطَٰنٍ	سُلْطَٰن	س ل ط	سلط	N	STEM	STEM|POS:N|LEM:suloTa`n|ROOT:slT|M|INDEF|GEN								GEN
m-w-s023-a045-w008-01	w-s023-a045-w008	23:45:8:1	1	مُّبِينٍ	مُّبِينٍ	مُّبِين	ب ي ن	بين	N	STEM	STEM|POS:N|ACT|PCPL|(IV)|LEM:m~ubiyn|ROOT:byn|M|INDEF|GEN			ACT	IV				GEN
m-w-s023-a046-w001-01	w-s023-a046-w001	23:46:1:1	1	إِلَىٰ	إِلَىٰ	إِلَىٰ			P	STEM	STEM|POS:P|LEM:<ilaY`								
m-w-s023-a046-w002-01	w-s023-a046-w002	23:46:2:1	1	فِرْعَوْنَ	فِرْعَوْنَ	فِرْعَوْن			PN	STEM	STEM|POS:PN|LEM:firoEawon|M|GEN								GEN
m-w-s023-a046-w003-01	w-s023-a046-w003	23:46:3:1	1	وَ					CONJ	PREFIX	PREFIX|w:CONJ+								
m-w-s023-a046-w003-02	w-s023-a046-w003	23:46:3:2	2	مَلَإِي۟	مَلَإِي۟	مَلَأ	م ل ء	ملء	N	STEM	STEM|POS:N|LEM:mala>|ROOT:mlA|M|GEN								GEN
m-w-s023-a046-w003-03	w-s023-a046-w003	23:46:3:3	3	هِۦ					PRON	SUFFIX	SUFFIX|PRON:3MS					3	M	singular	
m-w-s023-a046-w004-01	w-s023-a046-w004	23:46:4:1	1	فَ					REM	PREFIX	PREFIX|f:REM+								
m-w-s023-a046-w004-02	w-s023-a046-w004	23:46:4:2	2	ٱسْتَكْبَرُ	ٱسْتَكْبَرُ	ٱسْتَكْبَرَ	ك ب ر	كبر	V	STEM	STEM|POS:V|PERF|(X)|LEM:{sotakobara|ROOT:kbr|3MP	PERF			X	3	M	plural	
m-w-s023-a046-w004-03	w-s023-a046-w004	23:46:4:3	3	وا۟					PRON	SUFFIX	SUFFIX|PRON:3MP					3	M	plural	
m-w-s023-a046-w005-01	w-s023-a046-w005	23:46:5:1	1	وَ					CONJ	PREFIX	PREFIX|w:CONJ+								
m-w-s023-a046-w005-02	w-s023-a046-w005	23:46:5:2	2	كَانُ	كَانُ	كَانَ	ك و ن	كون	V	STEM	STEM|POS:V|PERF|LEM:kaAna|ROOT:kwn|SP:kaAn|3MP	PERF				3	M	plural	
m-w-s023-a046-w005-03	w-s023-a046-w005	23:46:5:3	3	وا۟					PRON	SUFFIX	SUFFIX|PRON:3MP					3	M	plural	
m-w-s023-a046-w006-01	w-s023-a046-w006	23:46:6:1	1	قَوْمًا	قَوْمًا	قَوْم	ق و م	قوم	N	STEM	STEM|POS:N|LEM:qawom|ROOT:qwm|M|INDEF|ACC								ACC
m-w-s023-a046-w007-01	w-s023-a046-w007	23:46:7:1	1	عَالِينَ	عَالِينَ	عَالِين	ع ل و	علو	ADJ	STEM	STEM|POS:ADJ|ACT|PCPL|LEM:EaAliyn|ROOT:Elw|MP|ACC			ACT			M	plural	ACC
m-w-s023-a047-w001-01	w-s023-a047-w001	23:47:1:1	1	فَ					REM	PREFIX	PREFIX|f:REM+								
m-w-s023-a047-w001-02	w-s023-a047-w001	23:47:1:2	2	قَالُ	قَالُ	قَالَ	ق و ل	قول	V	STEM	STEM|POS:V|PERF|LEM:qaAla|ROOT:qwl|3MP	PERF				3	M	plural	
m-w-s023-a047-w001-03	w-s023-a047-w001	23:47:1:3	3	وٓا۟					PRON	SUFFIX	SUFFIX|PRON:3MP					3	M	plural	
m-w-s023-a047-w002-01	w-s023-a047-w002	23:47:2:1	1	أَ					INTG	PREFIX	PREFIX|A:INTG+								
m-w-s023-a047-w002-02	w-s023-a047-w002	23:47:2:2	2	نُؤْمِنُ	نُؤْمِنُ	ءَامَنَ	ء م ن	ءمن	V	STEM	STEM|POS:V|IMPF|(IV)|LEM:'aAmana|ROOT:Amn|1P	IMPF			IV	1		plural	
m-w-s023-a047-w003-01	w-s023-a047-w003	23:47:3:1	1	لِ					P	PREFIX	PREFIX|l:P+								
m-w-s023-a047-w003-02	w-s023-a047-w003	23:47:3:2	2	بَشَرَيْنِ	بَشَرَيْنِ	بَشَر	ب ش ر	بشر	N	STEM	STEM|POS:N|LEM:ba$ar|ROOT:b$r|MD|GEN						M	dual	GEN
m-w-s023-a047-w004-01	w-s023-a047-w004	23:47:4:1	1	مِثْلِ	مِثْلِ	مِثْل	م ث ل	مثل	N	STEM	STEM|POS:N|LEM:mivol|ROOT:mvl|M|GEN								GEN
m-w-s023-a047-w004-02	w-s023-a047-w004	23:47:4:2	2	نَا					PRON	SUFFIX	SUFFIX|PRON:1P					1		plural	
m-w-s023-a047-w005-01	w-s023-a047-w005	23:47:5:1	1	وَ					CIRC	PREFIX	PREFIX|w:CIRC+								
m-w-s023-a047-w005-02	w-s023-a047-w005	23:47:5:2	2	قَوْمُ	قَوْمُ	قَوْم	ق و م	قوم	N	STEM	STEM|POS:N|LEM:qawom|ROOT:qwm|M|NOM								NOM
m-w-s023-a047-w005-03	w-s023-a047-w005	23:47:5:3	3	هُمَا					PRON	SUFFIX	SUFFIX|PRON:3D					3		dual	
m-w-s023-a047-w006-01	w-s023-a047-w006	23:47:6:1	1	لَ					P	PREFIX	PREFIX|l:P+								
m-w-s023-a047-w006-02	w-s023-a047-w006	23:47:6:2	2	نَا	نَا				PRON	STEM	STEM|POS:PRON|1P					1		plural	
m-w-s023-a047-w007-01	w-s023-a047-w007	23:47:7:1	1	عَٰبِدُونَ	عَٰبِدُونَ	عَابِد	ع ب د	عبد	N	STEM	STEM|POS:N|ACT|PCPL|LEM:EaAbid|ROOT:Ebd|MP|NOM			ACT			M	plural	NOM
m-w-s023-a048-w001-01	w-s023-a048-w001	23:48:1:1	1	فَ					REM	PREFIX	PREFIX|f:REM+								
m-w-s023-a048-w001-02	w-s023-a048-w001	23:48:1:2	2	كَذَّبُ	كَذَّبُ	كَذَّبَ	ك ذ ب	كذب	V	STEM	STEM|POS:V|PERF|(II)|LEM:ka*~aba|ROOT:k*b|3MP	PERF			II	3	M	plural	
m-w-s023-a048-w001-03	w-s023-a048-w001	23:48:1:3	3	و					PRON	SUFFIX	SUFFIX|PRON:3MP					3	M	plural	
m-w-s023-a048-w001-04	w-s023-a048-w001	23:48:1:4	4	هُمَا					PRON	SUFFIX	SUFFIX|PRON:3D					3		dual	
m-w-s023-a048-w002-01	w-s023-a048-w002	23:48:2:1	1	فَ					CONJ	PREFIX	PREFIX|f:CONJ+								
m-w-s023-a048-w002-02	w-s023-a048-w002	23:48:2:2	2	كَانُ	كَانُ	كَانَ	ك و ن	كون	V	STEM	STEM|POS:V|PERF|LEM:kaAna|ROOT:kwn|SP:kaAn|3MP	PERF				3	M	plural	
m-w-s023-a048-w002-03	w-s023-a048-w002	23:48:2:3	3	وا۟					PRON	SUFFIX	SUFFIX|PRON:3MP					3	M	plural	
m-w-s023-a048-w003-01	w-s023-a048-w003	23:48:3:1	1	مِنَ	مِنَ	مِن			P	STEM	STEM|POS:P|LEM:min								
m-w-s023-a048-w004-01	w-s023-a048-w004	23:48:4:1	1	ٱلْ					DET	PREFIX	PREFIX|Al+								
m-w-s023-a048-w004-02	w-s023-a048-w004	23:48:4:2	2	مُهْلَكِينَ	مُهْلَكِينَ	مُهْلَكِين	ه ل ك	هلك	N	STEM	STEM|POS:N|PASS|PCPL|(IV)|LEM:muholakiyn|ROOT:hlk|MP|GEN			PASS	IV		M	plural	GEN
m-w-s023-a049-w001-01	w-s023-a049-w001	23:49:1:1	1	وَ					CONJ	PREFIX	PREFIX|w:CONJ+								
m-w-s023-a049-w001-02	w-s023-a049-w001	23:49:1:2	2	لَ					EMPH	PREFIX	PREFIX|l:EMPH+								
m-w-s023-a049-w001-03	w-s023-a049-w001	23:49:1:3	3	قَدْ	قَدْ	قَد			CERT	STEM	STEM|POS:CERT|LEM:qad								
m-w-s023-a049-w002-01	w-s023-a049-w002	23:49:2:1	1	ءَاتَيْ	ءَاتَيْ	آتَى	ء ت ي	ءتي	V	STEM	STEM|POS:V|PERF|(IV)|LEM:A^taY|ROOT:Aty|1P	PERF			IV	1		plural	
m-w-s023-a049-w002-02	w-s023-a049-w002	23:49:2:2	2	نَا					PRON	SUFFIX	SUFFIX|PRON:1P					1		plural	
m-w-s023-a049-w003-01	w-s023-a049-w003	23:49:3:1	1	مُوسَى	مُوسَى	مُوسَىٰ			PN	STEM	STEM|POS:PN|LEM:muwsaY`|M|NOM								NOM
m-w-s023-a049-w004-01	w-s023-a049-w004	23:49:4:1	1	ٱلْ					DET	PREFIX	PREFIX|Al+								
m-w-s023-a049-w004-02	w-s023-a049-w004	23:49:4:2	2	كِتَٰبَ	كِتَٰبَ	كِتَٰب	ك ت ب	كتب	N	STEM	STEM|POS:N|LEM:kita`b|ROOT:ktb|M|ACC								ACC
m-w-s023-a049-w005-01	w-s023-a049-w005	23:49:5:1	1	لَعَلَّ	لَعَلَّ	لَعَلّ			ACC	STEM	STEM|POS:ACC|LEM:laEal~|SP:<in~								ACC
m-w-s023-a049-w005-02	w-s023-a049-w005	23:49:5:2	2	هُمْ					PRON	SUFFIX	SUFFIX|PRON:3MP					3	M	plural	
m-w-s023-a049-w006-01	w-s023-a049-w006	23:49:6:1	1	يَهْتَدُ	يَهْتَدُ	ٱهْتَدَىٰ	ه د ي	هدي	V	STEM	STEM|POS:V|IMPF|(VIII)|LEM:{hotadaY`|ROOT:hdy|3MP	IMPF			VIII	3	M	plural	
m-w-s023-a049-w006-02	w-s023-a049-w006	23:49:6:2	2	ونَ					PRON	SUFFIX	SUFFIX|PRON:3MP					3	M	plural	
m-w-s023-a050-w001-01	w-s023-a050-w001	23:50:1:1	1	وَ					CONJ	PREFIX	PREFIX|w:CONJ+								
m-w-s023-a050-w001-02	w-s023-a050-w001	23:50:1:2	2	جَعَلْ	جَعَلْ	جَعَلَ	ج ع ل	جعل	V	STEM	STEM|POS:V|PERF|LEM:jaEala|ROOT:jEl|1P	PERF				1		plural	
m-w-s023-a050-w001-03	w-s023-a050-w001	23:50:1:3	3	نَا					PRON	SUFFIX	SUFFIX|PRON:1P					1		plural	
m-w-s023-a050-w002-01	w-s023-a050-w002	23:50:2:1	1	ٱبْنَ	ٱبْنَ	ٱبْن	ب ن ي	بني	N	STEM	STEM|POS:N|LEM:{bon|ROOT:bny|M|ACC								ACC
m-w-s023-a050-w003-01	w-s023-a050-w003	23:50:3:1	1	مَرْيَمَ	مَرْيَمَ	مَرْيَم			PN	STEM	STEM|POS:PN|LEM:maroyam|F|ACC								ACC
m-w-s023-a050-w004-01	w-s023-a050-w004	23:50:4:1	1	وَ					CONJ	PREFIX	PREFIX|w:CONJ+								
m-w-s023-a050-w004-02	w-s023-a050-w004	23:50:4:2	2	أُمَّ	أُمَّ	أُمّ	ء م م	ءمم	N	STEM	STEM|POS:N|LEM:>um~|ROOT:Amm|FS|ACC						F	singular	ACC
m-w-s023-a050-w004-03	w-s023-a050-w004	23:50:4:3	3	هُۥٓ					PRON	SUFFIX	SUFFIX|PRON:3MS					3	M	singular	
m-w-s023-a050-w005-01	w-s023-a050-w005	23:50:5:1	1	ءَايَةً	ءَايَةً	ءَايَة	ء ي ي	ءيي	N	STEM	STEM|POS:N|LEM:'aAyap|ROOT:Ayy|FS|INDEF|ACC						F	singular	ACC
m-w-s023-a050-w006-01	w-s023-a050-w006	23:50:6:1	1	وَ					CONJ	PREFIX	PREFIX|w:CONJ+								
m-w-s023-a050-w006-02	w-s023-a050-w006	23:50:6:2	2	ءَاوَيْ	ءَاوَيْ	ءَاوَىٰٓ	ء و ي	ءوي	V	STEM	STEM|POS:V|PERF|(IV)|LEM:'aAwaY`^|ROOT:Awy|1P	PERF			IV	1		plural	
m-w-s023-a050-w006-03	w-s023-a050-w006	23:50:6:3	3	نَٰ					PRON	SUFFIX	SUFFIX|PRON:1P					1		plural	
m-w-s023-a050-w006-04	w-s023-a050-w006	23:50:6:4	4	هُمَآ					PRON	SUFFIX	SUFFIX|PRON:3D					3		dual	
m-w-s023-a050-w007-01	w-s023-a050-w007	23:50:7:1	1	إِلَىٰ	إِلَىٰ	إِلَىٰ			P	STEM	STEM|POS:P|LEM:<ilaY`								
m-w-s023-a050-w008-01	w-s023-a050-w008	23:50:8:1	1	رَبْوَةٍ	رَبْوَةٍ	رَبْوَة	ر ب و	ربو	N	STEM	STEM|POS:N|LEM:rabowap|ROOT:rbw|F|INDEF|GEN								GEN
m-w-s023-a050-w009-01	w-s023-a050-w009	23:50:9:1	1	ذَاتِ	ذَاتِ	ذُو			N	STEM	STEM|POS:N|LEM:*uw|FS|NOM						F	singular	NOM
m-w-s023-a050-w010-01	w-s023-a050-w010	23:50:10:1	1	قَرَارٍ	قَرَارٍ	قَرَار	ق ر ر	قرر	N	STEM	STEM|POS:N|LEM:qaraAr|ROOT:qrr|M|INDEF|GEN								GEN
m-w-s023-a050-w011-01	w-s023-a050-w011	23:50:11:1	1	وَ					CONJ	PREFIX	PREFIX|w:CONJ+								
m-w-s023-a050-w011-02	w-s023-a050-w011	23:50:11:2	2	مَعِينٍ	مَعِينٍ	مَّعِين	ع ي ن	عين	N	STEM	STEM|POS:N|LEM:m~aEiyn|ROOT:Eyn|MS|INDEF|GEN						M	singular	GEN
m-w-s023-a051-w001-01	w-s023-a051-w001	23:51:1:1	1	يَٰٓ					VOC	PREFIX	PREFIX|ya+								
m-w-s023-a051-w001-02	w-s023-a051-w001	23:51:1:2	2	أَيُّهَا	أَيُّهَا	أَيُّهَا			N	STEM	STEM|POS:N|LEM:>ay~uhaA|NOM								NOM
m-w-s023-a051-w002-01	w-s023-a051-w002	23:51:2:1	1	ٱل					DET	PREFIX	PREFIX|Al+								
m-w-s023-a051-w002-02	w-s023-a051-w002	23:51:2:2	2	رُّسُلُ	رُّسُلُ	رَسُول	ر س ل	رسل	N	STEM	STEM|POS:N|LEM:rasuwl|ROOT:rsl|MP|NOM						M	plural	NOM
m-w-s023-a051-w003-01	w-s023-a051-w003	23:51:3:1	1	كُلُ	كُلُ	أَكَلَ	ء ك ل	ءكل	V	STEM	STEM|POS:V|IMPV|LEM:>akala|ROOT:Akl|2MP	IMPV				2	M	plural	
m-w-s023-a051-w003-02	w-s023-a051-w003	23:51:3:2	2	وا۟					PRON	SUFFIX	SUFFIX|PRON:2MP					2	M	plural	
m-w-s023-a051-w004-01	w-s023-a051-w004	23:51:4:1	1	مِنَ	مِنَ	مِن			P	STEM	STEM|POS:P|LEM:min								
m-w-s023-a051-w005-01	w-s023-a051-w005	23:51:5:1	1	ٱل					DET	PREFIX	PREFIX|Al+								
m-w-s023-a051-w005-02	w-s023-a051-w005	23:51:5:2	2	طَّيِّبَٰتِ	طَّيِّبَٰتِ	طَيِّبَٰت	ط ي ب	طيب	N	STEM	STEM|POS:N|LEM:Tay~iba`t|ROOT:Tyb|FP|GEN						F	plural	GEN
m-w-s023-a051-w006-01	w-s023-a051-w006	23:51:6:1	1	وَ					CONJ	PREFIX	PREFIX|w:CONJ+								
m-w-s023-a051-w006-02	w-s023-a051-w006	23:51:6:2	2	ٱعْمَلُ	ٱعْمَلُ	عَمِلَ	ع م ل	عمل	V	STEM	STEM|POS:V|IMPV|LEM:Eamila|ROOT:Eml|2MP	IMPV				2	M	plural	
m-w-s023-a051-w006-03	w-s023-a051-w006	23:51:6:3	3	وا۟					PRON	SUFFIX	SUFFIX|PRON:2MP					2	M	plural	
m-w-s023-a051-w007-01	w-s023-a051-w007	23:51:7:1	1	صَٰلِحًا	صَٰلِحًا	صَٰلِح	ص ل ح	صلح	N	STEM	STEM|POS:N|ACT|PCPL|LEM:Sa`liH|ROOT:SlH|M|INDEF|ACC			ACT					ACC
m-w-s023-a051-w008-01	w-s023-a051-w008	23:51:8:1	1	إِنِّ	إِنِّ	إِنّ			ACC	STEM	STEM|POS:ACC|LEM:<in~|SP:<in~								ACC
m-w-s023-a051-w008-02	w-s023-a051-w008	23:51:8:2	2	ى					PRON	SUFFIX	SUFFIX|PRON:1S					1		singular	
m-w-s023-a051-w009-01	w-s023-a051-w009	23:51:9:1	1	بِ					P	PREFIX	PREFIX|bi+								
m-w-s023-a051-w009-02	w-s023-a051-w009	23:51:9:2	2	مَا	مَا	مَا			REL	STEM	STEM|POS:REL|LEM:maA								
m-w-s023-a051-w010-01	w-s023-a051-w010	23:51:10:1	1	تَعْمَلُ	تَعْمَلُ	عَمِلَ	ع م ل	عمل	V	STEM	STEM|POS:V|IMPF|LEM:Eamila|ROOT:Eml|2MP	IMPF				2	M	plural	
m-w-s023-a051-w010-02	w-s023-a051-w010	23:51:10:2	2	ونَ					PRON	SUFFIX	SUFFIX|PRON:2MP					2	M	plural	
m-w-s023-a051-w011-01	w-s023-a051-w011	23:51:11:1	1	عَلِيمٌ	عَلِيمٌ	عَلِيم	ع ل م	علم	N	STEM	STEM|POS:N|LEM:Ealiym|ROOT:Elm|MS|INDEF|NOM						M	singular	NOM
m-w-s023-a052-w001-01	w-s023-a052-w001	23:52:1:1	1	وَ					CONJ	PREFIX	PREFIX|w:CONJ+								
m-w-s023-a052-w001-02	w-s023-a052-w001	23:52:1:2	2	إِنَّ	إِنَّ	إِنّ			ACC	STEM	STEM|POS:ACC|LEM:<in~|SP:<in~								ACC
m-w-s023-a052-w002-01	w-s023-a052-w002	23:52:2:1	1	هَٰذِهِۦٓ	هَٰذِهِۦٓ	هَٰذَا			DEM	STEM	STEM|POS:DEM|LEM:ha`*aA|FS						F	singular	
m-w-s023-a052-w003-01	w-s023-a052-w003	23:52:3:1	1	أُمَّتُ	أُمَّتُ	أُمَّة	ء م م	ءمم	N	STEM	STEM|POS:N|LEM:>um~ap|ROOT:Amm|FS|NOM						F	singular	NOM
m-w-s023-a052-w003-02	w-s023-a052-w003	23:52:3:2	2	كُمْ					PRON	SUFFIX	SUFFIX|PRON:2MP					2	M	plural	
m-w-s023-a052-w004-01	w-s023-a052-w004	23:52:4:1	1	أُمَّةً	أُمَّةً	أُمَّة	ء م م	ءمم	N	STEM	STEM|POS:N|LEM:>um~ap|ROOT:Amm|FS|INDEF|ACC						F	singular	ACC
m-w-s023-a052-w005-01	w-s023-a052-w005	23:52:5:1	1	وَٰحِدَةً	وَٰحِدَةً	وَٰحِدَة	و ح د	وحد	N	STEM	STEM|POS:N|LEM:wa`Hidap|ROOT:wHd|F|INDEF|ACC								ACC
m-w-s023-a052-w006-01	w-s023-a052-w006	23:52:6:1	1	وَ					CONJ	PREFIX	PREFIX|w:CONJ+								
m-w-s023-a052-w006-02	w-s023-a052-w006	23:52:6:2	2	أَنَا۠	أَنَا۠				PRON	STEM	STEM|POS:PRON|1S					1		singular	
m-w-s023-a052-w007-01	w-s023-a052-w007	23:52:7:1	1	رَبُّ	رَبُّ	رَبّ	ر ب ب	ربب	N	STEM	STEM|POS:N|LEM:rab~|ROOT:rbb|M|NOM								NOM
m-w-s023-a052-w007-02	w-s023-a052-w007	23:52:7:2	2	كُمْ					PRON	SUFFIX	SUFFIX|PRON:2MP					2	M	plural	
m-w-s023-a052-w008-01	w-s023-a052-w008	23:52:8:1	1	فَ					REM	PREFIX	PREFIX|f:REM+								
m-w-s023-a052-w008-02	w-s023-a052-w008	23:52:8:2	2	ٱتَّقُ	ٱتَّقُ	ٱتَّقَىٰ	و ق ي	وقي	V	STEM	STEM|POS:V|IMPV|(VIII)|LEM:{t~aqaY`|ROOT:wqy|2MP	IMPV			VIII	2	M	plural	
m-w-s023-a052-w008-03	w-s023-a052-w008	23:52:8:3	3	و					PRON	SUFFIX	SUFFIX|PRON:2MP					2	M	plural	
m-w-s023-a052-w008-04	w-s023-a052-w008	23:52:8:4	4	نِ					PRON	SUFFIX	SUFFIX|PRON:1S					1		singular	
m-w-s023-a053-w001-01	w-s023-a053-w001	23:53:1:1	1	فَ					REM	PREFIX	PREFIX|f:REM+								
m-w-s023-a053-w001-02	w-s023-a053-w001	23:53:1:2	2	تَقَطَّعُ	تَقَطَّعُ	تَّقَطَّعَ	ق ط ع	قطع	V	STEM	STEM|POS:V|PERF|(V)|LEM:t~aqaT~aEa|ROOT:qTE|3MP	PERF			V	3	M	plural	
m-w-s023-a053-w001-03	w-s023-a053-w001	23:53:1:3	3	وٓا۟					PRON	SUFFIX	SUFFIX|PRON:3MP					3	M	plural	
m-w-s023-a053-w002-01	w-s023-a053-w002	23:53:2:1	1	أَمْرَ	أَمْرَ	أَمْر	ء م ر	ءمر	N	STEM	STEM|POS:N|LEM:>amor|ROOT:Amr|M|ACC								ACC
m-w-s023-a053-w002-02	w-s023-a053-w002	23:53:2:2	2	هُم					PRON	SUFFIX	SUFFIX|PRON:3MP					3	M	plural	
m-w-s023-a053-w003-01	w-s023-a053-w003	23:53:3:1	1	بَيْنَ	بَيْنَ	بَيْن	ب ي ن	بين	LOC	STEM	STEM|POS:LOC|LEM:bayon|ROOT:byn|ACC								ACC
m-w-s023-a053-w003-02	w-s023-a053-w003	23:53:3:2	2	هُمْ					PRON	SUFFIX	SUFFIX|PRON:3MP					3	M	plural	
m-w-s023-a053-w004-01	w-s023-a053-w004	23:53:4:1	1	زُبُرًا	زُبُرًا	زُبُر	ز ب ر	زبر	N	STEM	STEM|POS:N|LEM:zubur|ROOT:zbr|MP|INDEF|ACC						M	plural	ACC
m-w-s023-a053-w005-01	w-s023-a053-w005	23:53:5:1	1	كُلُّ	كُلُّ	كُلّ	ك ل ل	كلل	N	STEM	STEM|POS:N|LEM:kul~|ROOT:kll|M|NOM								NOM
m-w-s023-a053-w006-01	w-s023-a053-w006	23:53:6:1	1	حِزْبٍۭ	حِزْبٍۭ	حِزْب	ح ز ب	حزب	N	STEM	STEM|POS:N|LEM:Hizob|ROOT:Hzb|M|INDEF|GEN								GEN
m-w-s023-a053-w007-01	w-s023-a053-w007	23:53:7:1	1	بِ					P	PREFIX	PREFIX|bi+								
m-w-s023-a053-w007-02	w-s023-a053-w007	23:53:7:2	2	مَا	مَا	مَا			REL	STEM	STEM|POS:REL|LEM:maA								
m-w-s023-a053-w008-01	w-s023-a053-w008	23:53:8:1	1	لَدَيْ	لَدَيْ	لَدَي			LOC	STEM	STEM|POS:LOC|LEM:laday								
m-w-s023-a053-w008-02	w-s023-a053-w008	23:53:8:2	2	هِمْ					PRON	SUFFIX	SUFFIX|PRON:3MP					3	M	plural	
m-w-s023-a053-w009-01	w-s023-a053-w009	23:53:9:1	1	فَرِحُونَ	فَرِحُونَ	فَرِح	ف ر ح	فرح	N	STEM	STEM|POS:N|LEM:fariH|ROOT:frH|MP|NOM						M	plural	NOM
m-w-s023-a054-w001-01	w-s023-a054-w001	23:54:1:1	1	فَ					REM	PREFIX	PREFIX|f:REM+								
m-w-s023-a054-w001-02	w-s023-a054-w001	23:54:1:2	2	ذَرْ	ذَرْ	يَذَرَ	و ذ ر	وذر	V	STEM	STEM|POS:V|IMPV|LEM:ya*ara|ROOT:w*r|2MS	IMPV				2	M	singular	
m-w-s023-a054-w001-03	w-s023-a054-w001	23:54:1:3	3	هُمْ					PRON	SUFFIX	SUFFIX|PRON:3MP					3	M	plural	
m-w-s023-a054-w002-01	w-s023-a054-w002	23:54:2:1	1	فِى	فِى	فِى			P	STEM	STEM|POS:P|LEM:fiY								
m-w-s023-a054-w003-01	w-s023-a054-w003	23:54:3:1	1	غَمْرَتِ	غَمْرَتِ	غَمْرَة	غ م ر	غمر	N	STEM	STEM|POS:N|LEM:gamorap|ROOT:gmr|F|GEN								GEN
m-w-s023-a054-w003-02	w-s023-a054-w003	23:54:3:2	2	هِمْ					PRON	SUFFIX	SUFFIX|PRON:3MP					3	M	plural	
m-w-s023-a054-w004-01	w-s023-a054-w004	23:54:4:1	1	حَتَّىٰ	حَتَّىٰ	حَتَّىٰ			P	STEM	STEM|POS:P|LEM:Hat~aY`								
m-w-s023-a054-w005-01	w-s023-a054-w005	23:54:5:1	1	حِينٍ	حِينٍ	حِين	ح ي ن	حين	N	STEM	STEM|POS:N|LEM:Hiyn|ROOT:Hyn|M|INDEF|GEN								GEN
m-w-s023-a055-w001-01	w-s023-a055-w001	23:55:1:1	1	أَ					INTG	PREFIX	PREFIX|A:INTG+								
m-w-s023-a055-w001-02	w-s023-a055-w001	23:55:1:2	2	يَحْسَبُ	يَحْسَبُ	حَسِبَ	ح س ب	حسب	V	STEM	STEM|POS:V|IMPF|LEM:Hasiba|ROOT:Hsb|3MP	IMPF				3	M	plural	
m-w-s023-a055-w001-03	w-s023-a055-w001	23:55:1:3	3	ونَ					PRON	SUFFIX	SUFFIX|PRON:3MP					3	M	plural	
m-w-s023-a055-w002-01	w-s023-a055-w002	23:55:2:1	1	أَنَّ	أَنَّ	أَنّ			ACC	STEM	STEM|POS:ACC|LEM:>an~|SP:<in~								ACC
m-w-s023-a055-w002-02	w-s023-a055-w002	23:55:2:2	2	مَا	مَا	مَا			REL	STEM	STEM|POS:REL|LEM:maA								
m-w-s023-a055-w003-01	w-s023-a055-w003	23:55:3:1	1	نُمِدُّ	نُمِدُّ	أَمَدَّ	م د د	مدد	V	STEM	STEM|POS:V|IMPF|(IV)|LEM:>amad~a|ROOT:mdd|1P	IMPF			IV	1		plural	
m-w-s023-a055-w003-02	w-s023-a055-w003	23:55:3:2	2	هُم					PRON	SUFFIX	SUFFIX|PRON:3MP					3	M	plural	
m-w-s023-a055-w004-01	w-s023-a055-w004	23:55:4:1	1	بِ					P	PREFIX	PREFIX|bi+								
m-w-s023-a055-w004-02	w-s023-a055-w004	23:55:4:2	2	هِۦ	هِۦ				PRON	STEM	STEM|POS:PRON|3MS					3	M	singular	
m-w-s023-a055-w005-01	w-s023-a055-w005	23:55:5:1	1	مِن	مِن	مِن			P	STEM	STEM|POS:P|LEM:min								
m-w-s023-a055-w006-01	w-s023-a055-w006	23:55:6:1	1	مَّالٍ	مَّالٍ	مَال	م و ل	مول	N	STEM	STEM|POS:N|LEM:maAl|ROOT:mwl|M|INDEF|GEN								GEN
m-w-s023-a055-w007-01	w-s023-a055-w007	23:55:7:1	1	وَ					CONJ	PREFIX	PREFIX|w:CONJ+								
m-w-s023-a055-w007-02	w-s023-a055-w007	23:55:7:2	2	بَنِينَ	بَنِينَ	بُنَىّ	ب ن ي	بني	N	STEM	STEM|POS:N|LEM:bunaY~|ROOT:bny|MP|GEN						M	plural	GEN
m-w-s023-a056-w001-01	w-s023-a056-w001	23:56:1:1	1	نُسَارِعُ	نُسَارِعُ	يُسَٰرِعُ	س ر ع	سرع	V	STEM	STEM|POS:V|IMPF|(III)|LEM:yusa`riEu|ROOT:srE|1P	IMPF			III	1		plural	
m-w-s023-a056-w002-01	w-s023-a056-w002	23:56:2:1	1	لَ					P	PREFIX	PREFIX|l:P+								
m-w-s023-a056-w002-02	w-s023-a056-w002	23:56:2:2	2	هُمْ	هُمْ				PRON	STEM	STEM|POS:PRON|3MP					3	M	plural	
m-w-s023-a056-w003-01	w-s023-a056-w003	23:56:3:1	1	فِى	فِى	فِى			P	STEM	STEM|POS:P|LEM:fiY								
m-w-s023-a056-w004-01	w-s023-a056-w004	23:56:4:1	1	ٱلْ					DET	PREFIX	PREFIX|Al+								
m-w-s023-a056-w004-02	w-s023-a056-w004	23:56:4:2	2	خَيْرَٰتِ	خَيْرَٰتِ	خَيْرَٰت	خ ي ر	خير	N	STEM	STEM|POS:N|LEM:xayora`t|ROOT:xyr|FP|GEN						F	plural	GEN
m-w-s023-a056-w005-01	w-s023-a056-w005	23:56:5:1	1	بَل	بَل	بَل			RET	STEM	STEM|POS:RET|LEM:bal								
m-w-s023-a056-w006-01	w-s023-a056-w006	23:56:6:1	1	لَّا	لَّا	لَا			NEG	STEM	STEM|POS:NEG|LEM:laA								
m-w-s023-a056-w007-01	w-s023-a056-w007	23:56:7:1	1	يَشْعُرُ	يَشْعُرُ	يَشْعُرُ	ش ع ر	شعر	V	STEM	STEM|POS:V|IMPF|LEM:ya$oEuru|ROOT:$Er|3MP	IMPF				3	M	plural	
m-w-s023-a056-w007-02	w-s023-a056-w007	23:56:7:2	2	ونَ					PRON	SUFFIX	SUFFIX|PRON:3MP					3	M	plural	
m-w-s023-a057-w001-01	w-s023-a057-w001	23:57:1:1	1	إِنَّ	إِنَّ	إِنّ			ACC	STEM	STEM|POS:ACC|LEM:<in~|SP:<in~								ACC
m-w-s023-a057-w002-01	w-s023-a057-w002	23:57:2:1	1	ٱلَّذِينَ	ٱلَّذِينَ	ٱلَّذِى			REL	STEM	STEM|POS:REL|LEM:{l~a*iY|MP						M	plural	
m-w-s023-a057-w003-01	w-s023-a057-w003	23:57:3:1	1	هُم	هُم				PRON	STEM	STEM|POS:PRON|3MP					3	M	plural	
m-w-s023-a057-w004-01	w-s023-a057-w004	23:57:4:1	1	مِّنْ	مِّنْ	مِن			P	STEM	STEM|POS:P|LEM:min								
m-w-s023-a057-w005-01	w-s023-a057-w005	23:57:5:1	1	خَشْيَةِ	خَشْيَةِ	خَشْيَة	خ ش ي	خشي	N	STEM	STEM|POS:N|LEM:xa$oyap|ROOT:x$y|F|GEN								GEN
m-w-s023-a057-w006-01	w-s023-a057-w006	23:57:6:1	1	رَبِّ	رَبِّ	رَبّ	ر ب ب	ربب	N	STEM	STEM|POS:N|LEM:rab~|ROOT:rbb|M|GEN								GEN
m-w-s023-a057-w006-02	w-s023-a057-w006	23:57:6:2	2	هِم					PRON	SUFFIX	SUFFIX|PRON:3MP					3	M	plural	
m-w-s023-a057-w007-01	w-s023-a057-w007	23:57:7:1	1	مُّشْفِقُونَ	مُّشْفِقُونَ	مُشْفِقُون	ش ف ق	شفق	N	STEM	STEM|POS:N|ACT|PCPL|(IV)|LEM:mu$ofiquwn|ROOT:$fq|MP|NOM			ACT	IV		M	plural	NOM
m-w-s023-a058-w001-01	w-s023-a058-w001	23:58:1:1	1	وَ					CONJ	PREFIX	PREFIX|w:CONJ+								
m-w-s023-a058-w001-02	w-s023-a058-w001	23:58:1:2	2	ٱلَّذِينَ	ٱلَّذِينَ	ٱلَّذِى			REL	STEM	STEM|POS:REL|LEM:{l~a*iY|MP						M	plural	
m-w-s023-a058-w002-01	w-s023-a058-w002	23:58:2:1	1	هُم	هُم				PRON	STEM	STEM|POS:PRON|3MP					3	M	plural	
m-w-s023-a058-w003-01	w-s023-a058-w003	23:58:3:1	1	بِ					P	PREFIX	PREFIX|bi+								
m-w-s023-a058-w003-02	w-s023-a058-w003	23:58:3:2	2	ـَٔايَٰتِ	ـَٔايَٰتِ	ءَايَة	ء ي ي	ءيي	N	STEM	STEM|POS:N|LEM:'aAyap|ROOT:Ayy|FP|GEN						F	plural	GEN
m-w-s023-a058-w004-01	w-s023-a058-w004	23:58:4:1	1	رَبِّ	رَبِّ	رَبّ	ر ب ب	ربب	N	STEM	STEM|POS:N|LEM:rab~|ROOT:rbb|M|GEN								GEN
m-w-s023-a058-w004-02	w-s023-a058-w004	23:58:4:2	2	هِمْ					PRON	SUFFIX	SUFFIX|PRON:3MP					3	M	plural	
m-w-s023-a058-w005-01	w-s023-a058-w005	23:58:5:1	1	يُؤْمِنُ	يُؤْمِنُ	ءَامَنَ	ء م ن	ءمن	V	STEM	STEM|POS:V|IMPF|(IV)|LEM:'aAmana|ROOT:Amn|3MP	IMPF			IV	3	M	plural	
m-w-s023-a058-w005-02	w-s023-a058-w005	23:58:5:2	2	ونَ					PRON	SUFFIX	SUFFIX|PRON:3MP					3	M	plural	
m-w-s023-a059-w001-01	w-s023-a059-w001	23:59:1:1	1	وَ					CONJ	PREFIX	PREFIX|w:CONJ+								
m-w-s023-a059-w001-02	w-s023-a059-w001	23:59:1:2	2	ٱلَّذِينَ	ٱلَّذِينَ	ٱلَّذِى			REL	STEM	STEM|POS:REL|LEM:{l~a*iY|MP						M	plural	
m-w-s023-a059-w002-01	w-s023-a059-w002	23:59:2:1	1	هُم	هُم				PRON	STEM	STEM|POS:PRON|3MP					3	M	plural	
m-w-s023-a059-w003-01	w-s023-a059-w003	23:59:3:1	1	بِ					P	PREFIX	PREFIX|bi+								
m-w-s023-a059-w003-02	w-s023-a059-w003	23:59:3:2	2	رَبِّ	رَبِّ	رَبّ	ر ب ب	ربب	N	STEM	STEM|POS:N|LEM:rab~|ROOT:rbb|M|GEN								GEN
m-w-s023-a059-w003-03	w-s023-a059-w003	23:59:3:3	3	هِمْ					PRON	SUFFIX	SUFFIX|PRON:3MP					3	M	plural	
m-w-s023-a059-w004-01	w-s023-a059-w004	23:59:4:1	1	لَا	لَا	لَا			NEG	STEM	STEM|POS:NEG|LEM:laA								
m-w-s023-a059-w005-01	w-s023-a059-w005	23:59:5:1	1	يُشْرِكُ	يُشْرِكُ	أَشْرَكَ	ش ر ك	شرك	V	STEM	STEM|POS:V|IMPF|(IV)|LEM:>a$oraka|ROOT:$rk|3MP	IMPF			IV	3	M	plural	
m-w-s023-a059-w005-02	w-s023-a059-w005	23:59:5:2	2	ونَ					PRON	SUFFIX	SUFFIX|PRON:3MP					3	M	plural	
m-w-s023-a060-w001-01	w-s023-a060-w001	23:60:1:1	1	وَ					CONJ	PREFIX	PREFIX|w:CONJ+								
m-w-s023-a060-w001-02	w-s023-a060-w001	23:60:1:2	2	ٱلَّذِينَ	ٱلَّذِينَ	ٱلَّذِى			REL	STEM	STEM|POS:REL|LEM:{l~a*iY|MP						M	plural	
m-w-s023-a060-w002-01	w-s023-a060-w002	23:60:2:1	1	يُؤْتُ	يُؤْتُ	آتَى	ء ت ي	ءتي	V	STEM	STEM|POS:V|IMPF|(IV)|LEM:A^taY|ROOT:Aty|3MP	IMPF			IV	3	M	plural	
m-w-s023-a060-w002-02	w-s023-a060-w002	23:60:2:2	2	ونَ					PRON	SUFFIX	SUFFIX|PRON:3MP					3	M	plural	
m-w-s023-a060-w003-01	w-s023-a060-w003	23:60:3:1	1	مَآ	مَآ	مَا			REL	STEM	STEM|POS:REL|LEM:maA								
m-w-s023-a060-w004-01	w-s023-a060-w004	23:60:4:1	1	ءَاتَ	ءَاتَ	آتَى	ء ت ي	ءتي	V	STEM	STEM|POS:V|PERF|(IV)|LEM:A^taY|ROOT:Aty|3MP	PERF			IV	3	M	plural	
m-w-s023-a060-w004-02	w-s023-a060-w004	23:60:4:2	2	وا۟					PRON	SUFFIX	SUFFIX|PRON:3MP					3	M	plural	
m-w-s023-a060-w005-01	w-s023-a060-w005	23:60:5:1	1	وَّ					CIRC	PREFIX	PREFIX|w:CIRC+								
m-w-s023-a060-w005-02	w-s023-a060-w005	23:60:5:2	2	قُلُوبُ	قُلُوبُ	قَلْب	ق ل ب	قلب	N	STEM	STEM|POS:N|LEM:qalob|ROOT:qlb|FP|NOM						F	plural	NOM
m-w-s023-a060-w005-03	w-s023-a060-w005	23:60:5:3	3	هُمْ					PRON	SUFFIX	SUFFIX|PRON:3MP					3	M	plural	
m-w-s023-a060-w006-01	w-s023-a060-w006	23:60:6:1	1	وَجِلَةٌ	وَجِلَةٌ	وَجِلَة	و ج ل	وجل	ADJ	STEM	STEM|POS:ADJ|LEM:wajilap|ROOT:wjl|FS|INDEF|NOM						F	singular	NOM
m-w-s023-a060-w007-01	w-s023-a060-w007	23:60:7:1	1	أَنَّ	أَنَّ	أَنّ			ACC	STEM	STEM|POS:ACC|LEM:>an~|SP:<in~								ACC
m-w-s023-a060-w007-02	w-s023-a060-w007	23:60:7:2	2	هُمْ					PRON	SUFFIX	SUFFIX|PRON:3MP					3	M	plural	
m-w-s023-a060-w008-01	w-s023-a060-w008	23:60:8:1	1	إِلَىٰ	إِلَىٰ	إِلَىٰ			P	STEM	STEM|POS:P|LEM:<ilaY`								
m-w-s023-a060-w009-01	w-s023-a060-w009	23:60:9:1	1	رَبِّ	رَبِّ	رَبّ	ر ب ب	ربب	N	STEM	STEM|POS:N|LEM:rab~|ROOT:rbb|M|GEN								GEN
m-w-s023-a060-w009-02	w-s023-a060-w009	23:60:9:2	2	هِمْ					PRON	SUFFIX	SUFFIX|PRON:3MP					3	M	plural	
m-w-s023-a060-w010-01	w-s023-a060-w010	23:60:10:1	1	رَٰجِعُونَ	رَٰجِعُونَ	رَٰجِعُون	ر ج ع	رجع	N	STEM	STEM|POS:N|ACT|PCPL|LEM:ra`jiEuwn|ROOT:rjE|MP|NOM			ACT			M	plural	NOM
m-w-s023-a061-w001-01	w-s023-a061-w001	23:61:1:1	1	أُو۟لَٰٓئِكَ	أُو۟لَٰٓئِكَ	أُولَٰٓئِك			DEM	STEM	STEM|POS:DEM|LEM:>uwla`^}ik|P								
m-w-s023-a061-w002-01	w-s023-a061-w002	23:61:2:1	1	يُسَٰرِعُ	يُسَٰرِعُ	يُسَٰرِعُ	س ر ع	سرع	V	STEM	STEM|POS:V|IMPF|(III)|LEM:yusa`riEu|ROOT:srE|3MP	IMPF			III	3	M	plural	
m-w-s023-a061-w002-02	w-s023-a061-w002	23:61:2:2	2	ونَ					PRON	SUFFIX	SUFFIX|PRON:3MP					3	M	plural	
m-w-s023-a061-w003-01	w-s023-a061-w003	23:61:3:1	1	فِى	فِى	فِى			P	STEM	STEM|POS:P|LEM:fiY								
m-w-s023-a061-w004-01	w-s023-a061-w004	23:61:4:1	1	ٱلْ					DET	PREFIX	PREFIX|Al+								
m-w-s023-a061-w004-02	w-s023-a061-w004	23:61:4:2	2	خَيْرَٰتِ	خَيْرَٰتِ	خَيْرَٰت	خ ي ر	خير	N	STEM	STEM|POS:N|LEM:xayora`t|ROOT:xyr|FP|GEN						F	plural	GEN
m-w-s023-a061-w005-01	w-s023-a061-w005	23:61:5:1	1	وَ					CONJ	PREFIX	PREFIX|w:CONJ+								
m-w-s023-a061-w005-02	w-s023-a061-w005	23:61:5:2	2	هُمْ	هُمْ				PRON	STEM	STEM|POS:PRON|3MP					3	M	plural	
m-w-s023-a061-w006-01	w-s023-a061-w006	23:61:6:1	1	لَ					P	PREFIX	PREFIX|l:P+								
m-w-s023-a061-w006-02	w-s023-a061-w006	23:61:6:2	2	هَا	هَا				PRON	STEM	STEM|POS:PRON|3FS					3	F	singular	
m-w-s023-a061-w007-01	w-s023-a061-w007	23:61:7:1	1	سَٰبِقُونَ	سَٰبِقُونَ	سَابِق	س ب ق	سبق	N	STEM	STEM|POS:N|ACT|PCPL|LEM:saAbiq|ROOT:sbq|MP|NOM			ACT			M	plural	NOM
m-w-s023-a062-w001-01	w-s023-a062-w001	23:62:1:1	1	وَ					CONJ	PREFIX	PREFIX|w:CONJ+								
m-w-s023-a062-w001-02	w-s023-a062-w001	23:62:1:2	2	لَا	لَا	لَا			NEG	STEM	STEM|POS:NEG|LEM:laA								
m-w-s023-a062-w002-01	w-s023-a062-w002	23:62:2:1	1	نُكَلِّفُ	نُكَلِّفُ	يُكَلِّفُ	ك ل ف	كلف	V	STEM	STEM|POS:V|IMPF|(II)|LEM:yukal~ifu|ROOT:klf|1P	IMPF			II	1		plural	
m-w-s023-a062-w003-01	w-s023-a062-w003	23:62:3:1	1	نَفْسًا	نَفْسًا	نَفْس	ن ف س	نفس	N	STEM	STEM|POS:N|LEM:nafos|ROOT:nfs|FS|INDEF|ACC						F	singular	ACC
m-w-s023-a062-w004-01	w-s023-a062-w004	23:62:4:1	1	إِلَّا	إِلَّا	إِلَّا			RES	STEM	STEM|POS:RES|LEM:<il~aA								
m-w-s023-a062-w005-01	w-s023-a062-w005	23:62:5:1	1	وُسْعَ	وُسْعَ	وُسْع	و س ع	وسع	N	STEM	STEM|POS:N|LEM:wusoE|ROOT:wsE|M|ACC								ACC
m-w-s023-a062-w005-02	w-s023-a062-w005	23:62:5:2	2	هَا					PRON	SUFFIX	SUFFIX|PRON:3FS					3	F	singular	
m-w-s023-a062-w006-01	w-s023-a062-w006	23:62:6:1	1	وَ					CONJ	PREFIX	PREFIX|w:CONJ+								
m-w-s023-a062-w006-02	w-s023-a062-w006	23:62:6:2	2	لَدَيْ	لَدَيْ	لَدَي			LOC	STEM	STEM|POS:LOC|LEM:laday								
m-w-s023-a062-w006-03	w-s023-a062-w006	23:62:6:3	3	نَا					PRON	SUFFIX	SUFFIX|PRON:1P					1		plural	
m-w-s023-a062-w007-01	w-s023-a062-w007	23:62:7:1	1	كِتَٰبٌ	كِتَٰبٌ	كِتَٰب	ك ت ب	كتب	N	STEM	STEM|POS:N|LEM:kita`b|ROOT:ktb|M|INDEF|NOM								NOM
m-w-s023-a062-w008-01	w-s023-a062-w008	23:62:8:1	1	يَنطِقُ	يَنطِقُ	يَنطِقُ	ن ط ق	نطق	V	STEM	STEM|POS:V|IMPF|LEM:yanTiqu|ROOT:nTq|3MS	IMPF				3	M	singular	
m-w-s023-a062-w009-01	w-s023-a062-w009	23:62:9:1	1	بِ					P	PREFIX	PREFIX|bi+								
m-w-s023-a062-w009-02	w-s023-a062-w009	23:62:9:2	2	ٱلْ					DET	PREFIX	PREFIX|Al+								
m-w-s023-a062-w009-03	w-s023-a062-w009	23:62:9:3	3	حَقِّ	حَقِّ	حَقّ	ح ق ق	حقق	N	STEM	STEM|POS:N|LEM:Haq~|ROOT:Hqq|M|GEN								GEN
m-w-s023-a062-w010-01	w-s023-a062-w010	23:62:10:1	1	وَ					CONJ	PREFIX	PREFIX|w:CONJ+								
m-w-s023-a062-w010-02	w-s023-a062-w010	23:62:10:2	2	هُمْ	هُمْ				PRON	STEM	STEM|POS:PRON|3MP					3	M	plural	
m-w-s023-a062-w011-01	w-s023-a062-w011	23:62:11:1	1	لَا	لَا	لَا			NEG	STEM	STEM|POS:NEG|LEM:laA								
m-w-s023-a062-w012-01	w-s023-a062-w012	23:62:12:1	1	يُظْلَمُ	يُظْلَمُ	ظَلَمَ	ظ ل م	ظلم	V	STEM	STEM|POS:V|IMPF|PASS|LEM:Zalama|ROOT:Zlm|3MP|MOOD:JUS	IMPF	JUS	PASS		3	M	plural	
m-w-s023-a062-w012-02	w-s023-a062-w012	23:62:12:2	2	ونَ					PRON	SUFFIX	SUFFIX|PRON:3MP					3	M	plural	
m-w-s023-a063-w001-01	w-s023-a063-w001	23:63:1:1	1	بَلْ	بَلْ	بَل			RET	STEM	STEM|POS:RET|LEM:bal								
m-w-s023-a063-w002-01	w-s023-a063-w002	23:63:2:1	1	قُلُوبُ	قُلُوبُ	قَلْب	ق ل ب	قلب	N	STEM	STEM|POS:N|LEM:qalob|ROOT:qlb|FP|NOM						F	plural	NOM
m-w-s023-a063-w002-02	w-s023-a063-w002	23:63:2:2	2	هُمْ					PRON	SUFFIX	SUFFIX|PRON:3MP					3	M	plural	
m-w-s023-a063-w003-01	w-s023-a063-w003	23:63:3:1	1	فِى	فِى	فِى			P	STEM	STEM|POS:P|LEM:fiY								
m-w-s023-a063-w004-01	w-s023-a063-w004	23:63:4:1	1	غَمْرَةٍ	غَمْرَةٍ	غَمْرَة	غ م ر	غمر	N	STEM	STEM|POS:N|LEM:gamorap|ROOT:gmr|F|INDEF|GEN								GEN
m-w-s023-a063-w005-01	w-s023-a063-w005	23:63:5:1	1	مِّنْ	مِّنْ	مِن			P	STEM	STEM|POS:P|LEM:min								
m-w-s023-a063-w006-01	w-s023-a063-w006	23:63:6:1	1	هَٰذَا	هَٰذَا	هَٰذَا			DEM	STEM	STEM|POS:DEM|LEM:ha`*aA|MS						M	singular	
m-w-s023-a063-w007-01	w-s023-a063-w007	23:63:7:1	1	وَ					CONJ	PREFIX	PREFIX|w:CONJ+								
m-w-s023-a063-w007-02	w-s023-a063-w007	23:63:7:2	2	لَ					P	PREFIX	PREFIX|l:P+								
m-w-s023-a063-w007-03	w-s023-a063-w007	23:63:7:3	3	هُمْ	هُمْ				PRON	STEM	STEM|POS:PRON|3MP					3	M	plural	
m-w-s023-a063-w008-01	w-s023-a063-w008	23:63:8:1	1	أَعْمَٰلٌ	أَعْمَٰلٌ	عَمَل	ع م ل	عمل	N	STEM	STEM|POS:N|LEM:Eamal|ROOT:Eml|MP|INDEF|NOM						M	plural	NOM
m-w-s023-a063-w009-01	w-s023-a063-w009	23:63:9:1	1	مِّن	مِّن	مِن			P	STEM	STEM|POS:P|LEM:min								
m-w-s023-a063-w010-01	w-s023-a063-w010	23:63:10:1	1	دُونِ	دُونِ	دُون	د و ن	دون	N	STEM	STEM|POS:N|LEM:duwn|ROOT:dwn|GEN								GEN
m-w-s023-a063-w011-01	w-s023-a063-w011	23:63:11:1	1	ذَٰلِكَ	ذَٰلِكَ	ذَٰلِك			DEM	STEM	STEM|POS:DEM|LEM:*a`lik|MS						M	singular	
m-w-s023-a063-w012-01	w-s023-a063-w012	23:63:12:1	1	هُمْ	هُمْ				PRON	STEM	STEM|POS:PRON|3MP					3	M	plural	
m-w-s023-a063-w013-01	w-s023-a063-w013	23:63:13:1	1	لَ					P	PREFIX	PREFIX|l:P+								
m-w-s023-a063-w013-02	w-s023-a063-w013	23:63:13:2	2	هَا	هَا				PRON	STEM	STEM|POS:PRON|3FS					3	F	singular	
m-w-s023-a063-w014-01	w-s023-a063-w014	23:63:14:1	1	عَٰمِلُونَ	عَٰمِلُونَ	عَٰمِل	ع م ل	عمل	N	STEM	STEM|POS:N|ACT|PCPL|LEM:Ea`mil|ROOT:Eml|MP|NOM			ACT			M	plural	NOM
m-w-s023-a064-w001-01	w-s023-a064-w001	23:64:1:1	1	حَتَّىٰٓ	حَتَّىٰٓ	حَتَّىٰ			INC	STEM	STEM|POS:INC|LEM:Hat~aY`								
m-w-s023-a064-w002-01	w-s023-a064-w002	23:64:2:1	1	إِذَآ	إِذَآ	إِذَا			T	STEM	STEM|POS:T|LEM:<i*aA								
m-w-s023-a064-w003-01	w-s023-a064-w003	23:64:3:1	1	أَخَذْ	أَخَذْ	أَخَذَ	ء خ ذ	ءخذ	V	STEM	STEM|POS:V|PERF|LEM:>axa*a|ROOT:Ax*|1P	PERF				1		plural	
m-w-s023-a064-w003-02	w-s023-a064-w003	23:64:3:2	2	نَا					PRON	SUFFIX	SUFFIX|PRON:1P					1		plural	
m-w-s023-a064-w004-01	w-s023-a064-w004	23:64:4:1	1	مُتْرَفِي	مُتْرَفِي	مُتْرَفِين	ت ر ف	ترف	N	STEM	STEM|POS:N|PASS|PCPL|(IV)|LEM:mutorafiyn|ROOT:trf|MP|NOM			PASS	IV		M	plural	NOM
m-w-s023-a064-w004-02	w-s023-a064-w004	23:64:4:2	2	هِم					PRON	SUFFIX	SUFFIX|PRON:3MP					3	M	plural	
m-w-s023-a064-w005-01	w-s023-a064-w005	23:64:5:1	1	بِ					P	PREFIX	PREFIX|bi+								
m-w-s023-a064-w005-02	w-s023-a064-w005	23:64:5:2	2	ٱلْ					DET	PREFIX	PREFIX|Al+								
m-w-s023-a064-w005-03	w-s023-a064-w005	23:64:5:3	3	عَذَابِ	عَذَابِ	عَذَاب	ع ذ ب	عذب	N	STEM	STEM|POS:N|LEM:Ea*aAb|ROOT:E*b|M|GEN								GEN
m-w-s023-a064-w006-01	w-s023-a064-w006	23:64:6:1	1	إِذَا	إِذَا	إِذَا			T	STEM	STEM|POS:T|LEM:<i*aA								
m-w-s023-a064-w007-01	w-s023-a064-w007	23:64:7:1	1	هُمْ	هُمْ				PRON	STEM	STEM|POS:PRON|3MP					3	M	plural	
m-w-s023-a064-w008-01	w-s023-a064-w008	23:64:8:1	1	يَجْـَٔرُ	يَجْـَٔرُ	يَجْـَٔرُ	ج ء ر	جءر	V	STEM	STEM|POS:V|IMPF|LEM:yajo_#aru|ROOT:jAr|3MP	IMPF				3	M	plural	
m-w-s023-a064-w008-02	w-s023-a064-w008	23:64:8:2	2	ونَ					PRON	SUFFIX	SUFFIX|PRON:3MP					3	M	plural	
m-w-s023-a065-w001-01	w-s023-a065-w001	23:65:1:1	1	لَا	لَا	لَا			PRO	STEM	STEM|POS:PRO|LEM:laA								
m-w-s023-a065-w002-01	w-s023-a065-w002	23:65:2:1	1	تَجْـَٔرُ	تَجْـَٔرُ	يَجْـَٔرُ	ج ء ر	جءر	V	STEM	STEM|POS:V|IMPF|LEM:yajo_#aru|ROOT:jAr|2MP|MOOD:JUS	IMPF	JUS			2	M	plural	
m-w-s023-a065-w002-02	w-s023-a065-w002	23:65:2:2	2	وا۟					PRON	SUFFIX	SUFFIX|PRON:2MP					2	M	plural	
m-w-s023-a065-w003-01	w-s023-a065-w003	23:65:3:1	1	ٱلْ					DET	PREFIX	PREFIX|Al+								
m-w-s023-a065-w003-02	w-s023-a065-w003	23:65:3:2	2	يَوْمَ	يَوْمَ	يَوْم	ي و م	يوم	N	STEM	STEM|POS:N|LEM:yawom|ROOT:ywm|M|ACC								ACC
m-w-s023-a065-w004-01	w-s023-a065-w004	23:65:4:1	1	إِنَّ	إِنَّ	إِنّ			ACC	STEM	STEM|POS:ACC|LEM:<in~|SP:<in~								ACC
m-w-s023-a065-w004-02	w-s023-a065-w004	23:65:4:2	2	كُم					PRON	SUFFIX	SUFFIX|PRON:2MP					2	M	plural	
m-w-s023-a065-w005-01	w-s023-a065-w005	23:65:5:1	1	مِّنَّ	مِّنَّ	مِن			P	STEM	STEM|POS:P|LEM:min								
m-w-s023-a065-w005-02	w-s023-a065-w005	23:65:5:2	2	ا					PRON	SUFFIX	SUFFIX|PRON:1P					1		plural	
m-w-s023-a065-w006-01	w-s023-a065-w006	23:65:6:1	1	لَا	لَا	لَا			NEG	STEM	STEM|POS:NEG|LEM:laA								
m-w-s023-a065-w007-01	w-s023-a065-w007	23:65:7:1	1	تُنصَرُ	تُنصَرُ	نَصَرَ	ن ص ر	نصر	V	STEM	STEM|POS:V|IMPF|PASS|LEM:naSara|ROOT:nSr|2MP	IMPF		PASS		2	M	plural	
m-w-s023-a065-w007-02	w-s023-a065-w007	23:65:7:2	2	ونَ					PRON	SUFFIX	SUFFIX|PRON:2MP					2	M	plural	
m-w-s023-a066-w001-01	w-s023-a066-w001	23:66:1:1	1	قَدْ	قَدْ	قَد			CERT	STEM	STEM|POS:CERT|LEM:qad								
m-w-s023-a066-w002-01	w-s023-a066-w002	23:66:2:1	1	كَانَتْ	كَانَتْ	كَانَ	ك و ن	كون	V	STEM	STEM|POS:V|PERF|LEM:kaAna|ROOT:kwn|SP:kaAn|3FS	PERF				3	F	singular	
m-w-s023-a066-w003-01	w-s023-a066-w003	23:66:3:1	1	ءَايَٰتِ	ءَايَٰتِ	ءَايَة	ء ي ي	ءيي	N	STEM	STEM|POS:N|LEM:'aAyap|ROOT:Ayy|FP|NOM						F	plural	NOM
m-w-s023-a066-w003-02	w-s023-a066-w003	23:66:3:2	2	ى					PRON	SUFFIX	SUFFIX|PRON:1S					1		singular	
m-w-s023-a066-w004-01	w-s023-a066-w004	23:66:4:1	1	تُتْلَىٰ	تُتْلَىٰ	تَلَىٰ	ت ل و	تلو	V	STEM	STEM|POS:V|IMPF|PASS|LEM:talaY`|ROOT:tlw|3FS	IMPF		PASS		3	F	singular	
m-w-s023-a066-w005-01	w-s023-a066-w005	23:66:5:1	1	عَلَيْ	عَلَيْ	عَلَىٰ			P	STEM	STEM|POS:P|LEM:EalaY`								
m-w-s023-a066-w005-02	w-s023-a066-w005	23:66:5:2	2	كُمْ					PRON	SUFFIX	SUFFIX|PRON:2MP					2	M	plural	
m-w-s023-a066-w006-01	w-s023-a066-w006	23:66:6:1	1	فَ					REM	PREFIX	PREFIX|f:REM+								
m-w-s023-a066-w006-02	w-s023-a066-w006	23:66:6:2	2	كُن	كُن	كَانَ	ك و ن	كون	V	STEM	STEM|POS:V|PERF|LEM:kaAna|ROOT:kwn|SP:kaAn|2MP	PERF				2	M	plural	
m-w-s023-a066-w006-03	w-s023-a066-w006	23:66:6:3	3	تُمْ					PRON	SUFFIX	SUFFIX|PRON:2MP					2	M	plural	
m-w-s023-a066-w007-01	w-s023-a066-w007	23:66:7:1	1	عَلَىٰٓ	عَلَىٰٓ	عَلَىٰ			P	STEM	STEM|POS:P|LEM:EalaY`								
m-w-s023-a066-w008-01	w-s023-a066-w008	23:66:8:1	1	أَعْقَٰبِ	أَعْقَٰبِ	عَقِب	ع ق ب	عقب	N	STEM	STEM|POS:N|LEM:Eaqib|ROOT:Eqb|MP|GEN						M	plural	GEN
m-w-s023-a066-w008-02	w-s023-a066-w008	23:66:8:2	2	كُمْ					PRON	SUFFIX	SUFFIX|PRON:2MP					2	M	plural	
m-w-s023-a066-w009-01	w-s023-a066-w009	23:66:9:1	1	تَنكِصُ	تَنكِصُ	نَكَصَ	ن ك ص	نكص	V	STEM	STEM|POS:V|IMPF|LEM:nakaSa|ROOT:nkS|2MP	IMPF				2	M	plural	
m-w-s023-a066-w009-02	w-s023-a066-w009	23:66:9:2	2	ونَ					PRON	SUFFIX	SUFFIX|PRON:2MP					2	M	plural	
m-w-s023-a067-w001-01	w-s023-a067-w001	23:67:1:1	1	مُسْتَكْبِرِينَ	مُسْتَكْبِرِينَ	مُسْتَكْبِر	ك ب ر	كبر	N	STEM	STEM|POS:N|ACT|PCPL|(X)|LEM:musotakobir|ROOT:kbr|MP|ACC			ACT	X		M	plural	ACC
m-w-s023-a067-w002-01	w-s023-a067-w002	23:67:2:1	1	بِ					P	PREFIX	PREFIX|bi+								
m-w-s023-a067-w002-02	w-s023-a067-w002	23:67:2:2	2	هِۦ	هِۦ				PRON	STEM	STEM|POS:PRON|3MS					3	M	singular	
m-w-s023-a067-w003-01	w-s023-a067-w003	23:67:3:1	1	سَٰمِرًا	سَٰمِرًا	سَٰمِر	س م ر	سمر	N	STEM	STEM|POS:N|LEM:sa`mir|ROOT:smr|M|INDEF|ACC								ACC
m-w-s023-a067-w004-01	w-s023-a067-w004	23:67:4:1	1	تَهْجُرُ	تَهْجُرُ	ٱهْجُرْ	ه ج ر	هجر	V	STEM	STEM|POS:V|IMPF|LEM:{hojuro|ROOT:hjr|2MP	IMPF				2	M	plural	
m-w-s023-a067-w004-02	w-s023-a067-w004	23:67:4:2	2	ونَ					PRON	SUFFIX	SUFFIX|PRON:2MP					2	M	plural	
m-w-s023-a068-w001-01	w-s023-a068-w001	23:68:1:1	1	أَ					INTG	PREFIX	PREFIX|A:INTG+								
m-w-s023-a068-w001-02	w-s023-a068-w001	23:68:1:2	2	فَ					SUP	PREFIX	PREFIX|f:SUP+								
m-w-s023-a068-w001-03	w-s023-a068-w001	23:68:1:3	3	لَمْ	لَمْ	لَم			NEG	STEM	STEM|POS:NEG|LEM:lam								
m-w-s023-a068-w002-01	w-s023-a068-w002	23:68:2:1	1	يَدَّبَّرُ	يَدَّبَّرُ	يَتَدَبَّرُ	د ب ر	دبر	V	STEM	STEM|POS:V|IMPF|(V)|LEM:yatadab~aru|ROOT:dbr|3MP|MOOD:JUS	IMPF	JUS		V	3	M	plural	
m-w-s023-a068-w002-02	w-s023-a068-w002	23:68:2:2	2	وا۟					PRON	SUFFIX	SUFFIX|PRON:3MP					3	M	plural	
m-w-s023-a068-w003-01	w-s023-a068-w003	23:68:3:1	1	ٱلْ					DET	PREFIX	PREFIX|Al+								
m-w-s023-a068-w003-02	w-s023-a068-w003	23:68:3:2	2	قَوْلَ	قَوْلَ	قَوْل	ق و ل	قول	N	STEM	STEM|POS:N|VN|LEM:qawol|ROOT:qwl|M|ACC								ACC
m-w-s023-a068-w004-01	w-s023-a068-w004	23:68:4:1	1	أَمْ	أَمْ	أَم			CONJ	STEM	STEM|POS:CONJ|LEM:>am								
m-w-s023-a068-w005-01	w-s023-a068-w005	23:68:5:1	1	جَآءَ	جَآءَ	جَآءَ	ج ي ء	جيء	V	STEM	STEM|POS:V|PERF|LEM:jaA^'a|ROOT:jyA|3MS	PERF				3	M	singular	
m-w-s023-a068-w005-02	w-s023-a068-w005	23:68:5:2	2	هُم					PRON	SUFFIX	SUFFIX|PRON:3MP					3	M	plural	
m-w-s023-a068-w006-01	w-s023-a068-w006	23:68:6:1	1	مَّا	مَّا	مَا			REL	STEM	STEM|POS:REL|LEM:maA								
m-w-s023-a068-w007-01	w-s023-a068-w007	23:68:7:1	1	لَمْ	لَمْ	لَم			NEG	STEM	STEM|POS:NEG|LEM:lam								
m-w-s023-a068-w008-01	w-s023-a068-w008	23:68:8:1	1	يَأْتِ	يَأْتِ	أَتَى	ء ت ي	ءتي	V	STEM	STEM|POS:V|IMPF|LEM:>ataY|ROOT:Aty|3MS|MOOD:JUS	IMPF	JUS			3	M	singular	
m-w-s023-a068-w009-01	w-s023-a068-w009	23:68:9:1	1	ءَابَآءَ	ءَابَآءَ	آبَاء	ء ب و	ءبو	N	STEM	STEM|POS:N|LEM:A^baA'|ROOT:Abw|MP|ACC						M	plural	ACC
m-w-s023-a068-w009-02	w-s023-a068-w009	23:68:9:2	2	هُمُ					PRON	SUFFIX	SUFFIX|PRON:3MP					3	M	plural	
m-w-s023-a068-w010-01	w-s023-a068-w010	23:68:10:1	1	ٱلْ					DET	PREFIX	PREFIX|Al+								
m-w-s023-a068-w010-02	w-s023-a068-w010	23:68:10:2	2	أَوَّلِينَ	أَوَّلِينَ	أَوَّل	ء و ل	ءول	ADJ	STEM	STEM|POS:ADJ|LEM:>aw~al|ROOT:Awl|MP|ACC						M	plural	ACC
m-w-s023-a069-w001-01	w-s023-a069-w001	23:69:1:1	1	أَمْ	أَمْ	أَم			CONJ	STEM	STEM|POS:CONJ|LEM:>am								
m-w-s023-a069-w002-01	w-s023-a069-w002	23:69:2:1	1	لَمْ	لَمْ	لَم			NEG	STEM	STEM|POS:NEG|LEM:lam								
m-w-s023-a069-w003-01	w-s023-a069-w003	23:69:3:1	1	يَعْرِفُ	يَعْرِفُ	عَرَفَ	ع ر ف	عرف	V	STEM	STEM|POS:V|IMPF|LEM:Earafa|ROOT:Erf|3MP|MOOD:JUS	IMPF	JUS			3	M	plural	
m-w-s023-a069-w003-02	w-s023-a069-w003	23:69:3:2	2	وا۟					PRON	SUFFIX	SUFFIX|PRON:3MP					3	M	plural	
m-w-s023-a069-w004-01	w-s023-a069-w004	23:69:4:1	1	رَسُولَ	رَسُولَ	رَسُول	ر س ل	رسل	N	STEM	STEM|POS:N|LEM:rasuwl|ROOT:rsl|M|ACC								ACC
m-w-s023-a069-w004-02	w-s023-a069-w004	23:69:4:2	2	هُمْ					PRON	SUFFIX	SUFFIX|PRON:3MP					3	M	plural	
m-w-s023-a069-w005-01	w-s023-a069-w005	23:69:5:1	1	فَ					REM	PREFIX	PREFIX|f:REM+								
m-w-s023-a069-w005-02	w-s023-a069-w005	23:69:5:2	2	هُمْ	هُمْ				PRON	STEM	STEM|POS:PRON|3MP					3	M	plural	
m-w-s023-a069-w006-01	w-s023-a069-w006	23:69:6:1	1	لَ					P	PREFIX	PREFIX|l:P+								
m-w-s023-a069-w006-02	w-s023-a069-w006	23:69:6:2	2	هُۥ	هُۥ				PRON	STEM	STEM|POS:PRON|3MS					3	M	singular	
m-w-s023-a069-w007-01	w-s023-a069-w007	23:69:7:1	1	مُنكِرُونَ	مُنكِرُونَ	مُنكِرُون	ن ك ر	نكر	N	STEM	STEM|POS:N|ACT|PCPL|(IV)|LEM:munkiruwn|ROOT:nkr|MP|NOM			ACT	IV		M	plural	NOM
m-w-s023-a070-w001-01	w-s023-a070-w001	23:70:1:1	1	أَمْ	أَمْ	أَم			CONJ	STEM	STEM|POS:CONJ|LEM:>am								
m-w-s023-a070-w002-01	w-s023-a070-w002	23:70:2:1	1	يَقُولُ	يَقُولُ	قَالَ	ق و ل	قول	V	STEM	STEM|POS:V|IMPF|LEM:qaAla|ROOT:qwl|3MP	IMPF				3	M	plural	
m-w-s023-a070-w002-02	w-s023-a070-w002	23:70:2:2	2	ونَ					PRON	SUFFIX	SUFFIX|PRON:3MP					3	M	plural	
m-w-s023-a070-w003-01	w-s023-a070-w003	23:70:3:1	1	بِ					P	PREFIX	PREFIX|bi+								
m-w-s023-a070-w003-02	w-s023-a070-w003	23:70:3:2	2	هِۦ	هِۦ				PRON	STEM	STEM|POS:PRON|3MS					3	M	singular	
m-w-s023-a070-w004-01	w-s023-a070-w004	23:70:4:1	1	جِنَّةٌۢ	جِنَّةٌۢ	جِنَّة	ج ن ن	جنن	N	STEM	STEM|POS:N|LEM:jin~ap|ROOT:jnn|F|INDEF|NOM								NOM
m-w-s023-a070-w005-01	w-s023-a070-w005	23:70:5:1	1	بَلْ	بَلْ	بَل			RET	STEM	STEM|POS:RET|LEM:bal								
m-w-s023-a070-w006-01	w-s023-a070-w006	23:70:6:1	1	جَآءَ	جَآءَ	جَآءَ	ج ي ء	جيء	V	STEM	STEM|POS:V|PERF|LEM:jaA^'a|ROOT:jyA|3MS	PERF				3	M	singular	
m-w-s023-a070-w006-02	w-s023-a070-w006	23:70:6:2	2	هُم					PRON	SUFFIX	SUFFIX|PRON:3MP					3	M	plural	
m-w-s023-a070-w007-01	w-s023-a070-w007	23:70:7:1	1	بِ					P	PREFIX	PREFIX|bi+								
m-w-s023-a070-w007-02	w-s023-a070-w007	23:70:7:2	2	ٱلْ					DET	PREFIX	PREFIX|Al+								
m-w-s023-a070-w007-03	w-s023-a070-w007	23:70:7:3	3	حَقِّ	حَقِّ	حَقّ	ح ق ق	حقق	N	STEM	STEM|POS:N|LEM:Haq~|ROOT:Hqq|M|GEN								GEN
m-w-s023-a070-w008-01	w-s023-a070-w008	23:70:8:1	1	وَ					CONJ	PREFIX	PREFIX|w:CONJ+								
m-w-s023-a070-w008-02	w-s023-a070-w008	23:70:8:2	2	أَكْثَرُ	أَكْثَرُ	أَكْثَر	ك ث ر	كثر	N	STEM	STEM|POS:N|LEM:>akovar|ROOT:kvr|MS|NOM						M	singular	NOM
m-w-s023-a070-w008-03	w-s023-a070-w008	23:70:8:3	3	هُمْ					PRON	SUFFIX	SUFFIX|PRON:3MP					3	M	plural	
m-w-s023-a070-w009-01	w-s023-a070-w009	23:70:9:1	1	لِ					P	PREFIX	PREFIX|l:P+								
m-w-s023-a070-w009-02	w-s023-a070-w009	23:70:9:2	2	لْ					DET	PREFIX	PREFIX|Al+								
m-w-s023-a070-w009-03	w-s023-a070-w009	23:70:9:3	3	حَقِّ	حَقِّ	حَقّ	ح ق ق	حقق	N	STEM	STEM|POS:N|LEM:Haq~|ROOT:Hqq|M|GEN								GEN
m-w-s023-a070-w010-01	w-s023-a070-w010	23:70:10:1	1	كَٰرِهُونَ	كَٰرِهُونَ	كَٰرِهُون	ك ر ه	كره	N	STEM	STEM|POS:N|ACT|PCPL|LEM:ka`rihuwn|ROOT:krh|MP|NOM			ACT			M	plural	NOM
m-w-s023-a071-w001-01	w-s023-a071-w001	23:71:1:1	1	وَ					CONJ	PREFIX	PREFIX|w:CONJ+								
m-w-s023-a071-w001-02	w-s023-a071-w001	23:71:1:2	2	لَوِ	لَوِ	لَو			COND	STEM	STEM|POS:COND|LEM:law								
m-w-s023-a071-w002-01	w-s023-a071-w002	23:71:2:1	1	ٱتَّبَعَ	ٱتَّبَعَ	ٱتَّبَعَ	ت ب ع	تبع	V	STEM	STEM|POS:V|PERF|(VIII)|LEM:{t~abaEa|ROOT:tbE|3MS	PERF			VIII	3	M	singular	
m-w-s023-a071-w003-01	w-s023-a071-w003	23:71:3:1	1	ٱلْ					DET	PREFIX	PREFIX|Al+								
m-w-s023-a071-w003-02	w-s023-a071-w003	23:71:3:2	2	حَقُّ	حَقُّ	حَقّ	ح ق ق	حقق	N	STEM	STEM|POS:N|LEM:Haq~|ROOT:Hqq|M|NOM								NOM
m-w-s023-a071-w004-01	w-s023-a071-w004	23:71:4:1	1	أَهْوَآءَ	أَهْوَآءَ	أَهْوَآء	ه و ي	هوي	N	STEM	STEM|POS:N|LEM:>ahowaA^'|ROOT:hwy|MP|ACC						M	plural	ACC
m-w-s023-a071-w004-02	w-s023-a071-w004	23:71:4:2	2	هُمْ					PRON	SUFFIX	SUFFIX|PRON:3MP					3	M	plural	
m-w-s023-a071-w005-01	w-s023-a071-w005	23:71:5:1	1	لَ					EMPH	PREFIX	PREFIX|l:EMPH+								
m-w-s023-a071-w005-02	w-s023-a071-w005	23:71:5:2	2	فَسَدَتِ	فَسَدَتِ	فَسَدَتِ	ف س د	فسد	V	STEM	STEM|POS:V|PERF|LEM:fasadati|ROOT:fsd|3FS	PERF				3	F	singular	
m-w-s023-a071-w006-01	w-s023-a071-w006	23:71:6:1	1	ٱل					DET	PREFIX	PREFIX|Al+								
m-w-s023-a071-w006-02	w-s023-a071-w006	23:71:6:2	2	سَّمَٰوَٰتُ	سَّمَٰوَٰتُ	سَمَآء	س م و	سمو	N	STEM	STEM|POS:N|LEM:samaA^'|ROOT:smw|FP|NOM						F	plural	NOM
m-w-s023-a071-w007-01	w-s023-a071-w007	23:71:7:1	1	وَ					CONJ	PREFIX	PREFIX|w:CONJ+								
m-w-s023-a071-w007-02	w-s023-a071-w007	23:71:7:2	2	ٱلْ					DET	PREFIX	PREFIX|Al+								
m-w-s023-a071-w007-03	w-s023-a071-w007	23:71:7:3	3	أَرْضُ	أَرْضُ	أَرْض	ء ر ض	ءرض	N	STEM	STEM|POS:N|LEM:>aroD|ROOT:ArD|F|NOM								NOM
m-w-s023-a071-w008-01	w-s023-a071-w008	23:71:8:1	1	وَ					CONJ	PREFIX	PREFIX|w:CONJ+								
m-w-s023-a071-w008-02	w-s023-a071-w008	23:71:8:2	2	مَن	مَن	مَن			REL	STEM	STEM|POS:REL|LEM:man								
m-w-s023-a071-w009-01	w-s023-a071-w009	23:71:9:1	1	فِي	فِي	فِى			P	STEM	STEM|POS:P|LEM:fiY								
m-w-s023-a071-w009-02	w-s023-a071-w009	23:71:9:2	2	هِنَّ					PRON	SUFFIX	SUFFIX|PRON:3FP					3	F	plural	
m-w-s023-a071-w010-01	w-s023-a071-w010	23:71:10:1	1	بَلْ	بَلْ	بَل			RET	STEM	STEM|POS:RET|LEM:bal								
m-w-s023-a071-w011-01	w-s023-a071-w011	23:71:11:1	1	أَتَيْ	أَتَيْ	أَتَى	ء ت ي	ءتي	V	STEM	STEM|POS:V|PERF|LEM:>ataY|ROOT:Aty|1P	PERF				1		plural	
m-w-s023-a071-w011-02	w-s023-a071-w011	23:71:11:2	2	نَٰ					PRON	SUFFIX	SUFFIX|PRON:1P					1		plural	
m-w-s023-a071-w011-03	w-s023-a071-w011	23:71:11:3	3	هُم					PRON	SUFFIX	SUFFIX|PRON:3MP					3	M	plural	
m-w-s023-a071-w012-01	w-s023-a071-w012	23:71:12:1	1	بِ					P	PREFIX	PREFIX|bi+								
m-w-s023-a071-w012-02	w-s023-a071-w012	23:71:12:2	2	ذِكْرِ	ذِكْرِ	ذِكْر	ذ ك ر	ذكر	N	STEM	STEM|POS:N|VN|LEM:*ikor|ROOT:*kr|M|GEN								GEN
m-w-s023-a071-w012-03	w-s023-a071-w012	23:71:12:3	3	هِمْ					PRON	SUFFIX	SUFFIX|PRON:3MP					3	M	plural	
m-w-s023-a071-w013-01	w-s023-a071-w013	23:71:13:1	1	فَ					REM	PREFIX	PREFIX|f:REM+								
m-w-s023-a071-w013-02	w-s023-a071-w013	23:71:13:2	2	هُمْ	هُمْ				PRON	STEM	STEM|POS:PRON|3MP					3	M	plural	
m-w-s023-a071-w014-01	w-s023-a071-w014	23:71:14:1	1	عَن	عَن	عَن			P	STEM	STEM|POS:P|LEM:Ean								
m-w-s023-a071-w015-01	w-s023-a071-w015	23:71:15:1	1	ذِكْرِ	ذِكْرِ	ذِكْر	ذ ك ر	ذكر	N	STEM	STEM|POS:N|VN|LEM:*ikor|ROOT:*kr|M|GEN								GEN
m-w-s023-a071-w015-02	w-s023-a071-w015	23:71:15:2	2	هِم					PRON	SUFFIX	SUFFIX|PRON:3MP					3	M	plural	
m-w-s023-a071-w016-01	w-s023-a071-w016	23:71:16:1	1	مُّعْرِضُونَ	مُّعْرِضُونَ	مُّعْرِضُون	ع ر ض	عرض	N	STEM	STEM|POS:N|ACT|PCPL|(IV)|LEM:m~uEoriDuwn|ROOT:ErD|MP|NOM			ACT	IV		M	plural	NOM
m-w-s023-a072-w001-01	w-s023-a072-w001	23:72:1:1	1	أَمْ	أَمْ	أَم			CONJ	STEM	STEM|POS:CONJ|LEM:>am								
m-w-s023-a072-w002-01	w-s023-a072-w002	23:72:2:1	1	تَسْـَٔلُ	تَسْـَٔلُ	سَأَلَ	س ء ل	سءل	V	STEM	STEM|POS:V|IMPF|LEM:sa>ala|ROOT:sAl|2MS	IMPF				2	M	singular	
m-w-s023-a072-w002-02	w-s023-a072-w002	23:72:2:2	2	هُمْ					PRON	SUFFIX	SUFFIX|PRON:3MP					3	M	plural	
m-w-s023-a072-w003-01	w-s023-a072-w003	23:72:3:1	1	خَرْجًا	خَرْجًا	خَرْج	خ ر ج	خرج	N	STEM	STEM|POS:N|LEM:xaroj|ROOT:xrj|M|INDEF|ACC								ACC
m-w-s023-a072-w004-01	w-s023-a072-w004	23:72:4:1	1	فَ					REM	PREFIX	PREFIX|f:REM+								
m-w-s023-a072-w004-02	w-s023-a072-w004	23:72:4:2	2	خَرَاجُ	خَرَاجُ	خَرَاج	خ ر ج	خرج	N	STEM	STEM|POS:N|LEM:xaraAj|ROOT:xrj|M|NOM								NOM
m-w-s023-a072-w005-01	w-s023-a072-w005	23:72:5:1	1	رَبِّ	رَبِّ	رَبّ	ر ب ب	ربب	N	STEM	STEM|POS:N|LEM:rab~|ROOT:rbb|M|GEN								GEN
m-w-s023-a072-w005-02	w-s023-a072-w005	23:72:5:2	2	كَ					PRON	SUFFIX	SUFFIX|PRON:2MS					2	M	singular	
m-w-s023-a072-w006-01	w-s023-a072-w006	23:72:6:1	1	خَيْرٌ	خَيْرٌ	خَيْر	خ ي ر	خير	ADJ	STEM	STEM|POS:ADJ|LEM:xayor|ROOT:xyr|MS|INDEF|NOM						M	singular	NOM
m-w-s023-a072-w007-01	w-s023-a072-w007	23:72:7:1	1	وَ					CONJ	PREFIX	PREFIX|w:CONJ+								
m-w-s023-a072-w007-02	w-s023-a072-w007	23:72:7:2	2	هُوَ	هُوَ				PRON	STEM	STEM|POS:PRON|3MS					3	M	singular	
m-w-s023-a072-w008-01	w-s023-a072-w008	23:72:8:1	1	خَيْرُ	خَيْرُ	خَيْر	خ ي ر	خير	N	STEM	STEM|POS:N|LEM:xayor|ROOT:xyr|MS|NOM						M	singular	NOM
m-w-s023-a072-w009-01	w-s023-a072-w009	23:72:9:1	1	ٱل					DET	PREFIX	PREFIX|Al+								
m-w-s023-a072-w009-02	w-s023-a072-w009	23:72:9:2	2	رَّٰزِقِينَ	رَّٰزِقِينَ	رَّٰزِقِين	ر ز ق	رزق	N	STEM	STEM|POS:N|ACT|PCPL|LEM:r~a`ziqiyn|ROOT:rzq|MP|GEN			ACT			M	plural	GEN
m-w-s023-a073-w001-01	w-s023-a073-w001	23:73:1:1	1	وَ					CONJ	PREFIX	PREFIX|w:CONJ+								
m-w-s023-a073-w001-02	w-s023-a073-w001	23:73:1:2	2	إِنَّ	إِنَّ	إِنّ			ACC	STEM	STEM|POS:ACC|LEM:<in~|SP:<in~								ACC
m-w-s023-a073-w001-03	w-s023-a073-w001	23:73:1:3	3	كَ					PRON	SUFFIX	SUFFIX|PRON:2MS					2	M	singular	
m-w-s023-a073-w002-01	w-s023-a073-w002	23:73:2:1	1	لَ					EMPH	PREFIX	PREFIX|l:EMPH+								
m-w-s023-a073-w002-02	w-s023-a073-w002	23:73:2:2	2	تَدْعُو	تَدْعُو	دَعَا	د ع و	دعو	V	STEM	STEM|POS:V|IMPF|LEM:daEaA|ROOT:dEw|2MS	IMPF				2	M	singular	
m-w-s023-a073-w002-03	w-s023-a073-w002	23:73:2:3	3	هُمْ					PRON	SUFFIX	SUFFIX|PRON:3MP					3	M	plural	
m-w-s023-a073-w003-01	w-s023-a073-w003	23:73:3:1	1	إِلَىٰ	إِلَىٰ	إِلَىٰ			P	STEM	STEM|POS:P|LEM:<ilaY`								
m-w-s023-a073-w004-01	w-s023-a073-w004	23:73:4:1	1	صِرَٰطٍ	صِرَٰطٍ	صِرَٰط	ص ر ط	صرط	N	STEM	STEM|POS:N|LEM:Sira`T|ROOT:SrT|M|INDEF|GEN								GEN
m-w-s023-a073-w005-01	w-s023-a073-w005	23:73:5:1	1	مُّسْتَقِيمٍ	مُّسْتَقِيمٍ	مُّسْتَقِيم	ق و م	قوم	N	STEM	STEM|POS:N|ACT|PCPL|(X)|LEM:m~usotaqiym|ROOT:qwm|M|INDEF|GEN			ACT	X				GEN
m-w-s023-a074-w001-01	w-s023-a074-w001	23:74:1:1	1	وَ					CONJ	PREFIX	PREFIX|w:CONJ+								
m-w-s023-a074-w001-02	w-s023-a074-w001	23:74:1:2	2	إِنَّ	إِنَّ	إِنّ			ACC	STEM	STEM|POS:ACC|LEM:<in~|SP:<in~								ACC
m-w-s023-a074-w002-01	w-s023-a074-w002	23:74:2:1	1	ٱلَّذِينَ	ٱلَّذِينَ	ٱلَّذِى			REL	STEM	STEM|POS:REL|LEM:{l~a*iY|MP						M	plural	
m-w-s023-a074-w003-01	w-s023-a074-w003	23:74:3:1	1	لَا	لَا	لَا			NEG	STEM	STEM|POS:NEG|LEM:laA								
m-w-s023-a074-w004-01	w-s023-a074-w004	23:74:4:1	1	يُؤْمِنُ	يُؤْمِنُ	ءَامَنَ	ء م ن	ءمن	V	STEM	STEM|POS:V|IMPF|(IV)|LEM:'aAmana|ROOT:Amn|3MP	IMPF			IV	3	M	plural	
m-w-s023-a074-w004-02	w-s023-a074-w004	23:74:4:2	2	ونَ					PRON	SUFFIX	SUFFIX|PRON:3MP					3	M	plural	
m-w-s023-a074-w005-01	w-s023-a074-w005	23:74:5:1	1	بِ					P	PREFIX	PREFIX|bi+								
m-w-s023-a074-w005-02	w-s023-a074-w005	23:74:5:2	2	ٱلْ					DET	PREFIX	PREFIX|Al+								
m-w-s023-a074-w005-03	w-s023-a074-w005	23:74:5:3	3	ءَاخِرَةِ	ءَاخِرَةِ	آخِر	ء خ ر	ءخر	N	STEM	STEM|POS:N|LEM:A^xir|ROOT:Axr|FS|GEN						F	singular	GEN
m-w-s023-a074-w006-01	w-s023-a074-w006	23:74:6:1	1	عَنِ	عَنِ	عَن			P	STEM	STEM|POS:P|LEM:Ean								
m-w-s023-a074-w007-01	w-s023-a074-w007	23:74:7:1	1	ٱل					DET	PREFIX	PREFIX|Al+								
m-w-s023-a074-w007-02	w-s023-a074-w007	23:74:7:2	2	صِّرَٰطِ	صِّرَٰطِ	صِرَٰط	ص ر ط	صرط	N	STEM	STEM|POS:N|LEM:Sira`T|ROOT:SrT|M|GEN								GEN
m-w-s023-a074-w008-01	w-s023-a074-w008	23:74:8:1	1	لَ					EMPH	PREFIX	PREFIX|l:EMPH+								
m-w-s023-a074-w008-02	w-s023-a074-w008	23:74:8:2	2	نَٰكِبُونَ	نَٰكِبُونَ	نَٰكِبُون	ن ك ب	نكب	N	STEM	STEM|POS:N|ACT|PCPL|LEM:na`kibuwn|ROOT:nkb|MP|NOM			ACT			M	plural	NOM
m-w-s023-a075-w001-01	w-s023-a075-w001	23:75:1:1	1	وَ					CONJ	PREFIX	PREFIX|w:CONJ+								
m-w-s023-a075-w001-02	w-s023-a075-w001	23:75:1:2	2	لَوْ	لَوْ	لَو			COND	STEM	STEM|POS:COND|LEM:law								
m-w-s023-a075-w002-01	w-s023-a075-w002	23:75:2:1	1	رَحِمْ	رَحِمْ	رَّحِمَ	ر ح م	رحم	V	STEM	STEM|POS:V|PERF|LEM:r~aHima|ROOT:rHm|1P	PERF				1		plural	
m-w-s023-a075-w002-02	w-s023-a075-w002	23:75:2:2	2	نَٰ					PRON	SUFFIX	SUFFIX|PRON:1P					1		plural	
m-w-s023-a075-w002-03	w-s023-a075-w002	23:75:2:3	3	هُمْ					PRON	SUFFIX	SUFFIX|PRON:3MP					3	M	plural	
m-w-s023-a075-w003-01	w-s023-a075-w003	23:75:3:1	1	وَ					CONJ	PREFIX	PREFIX|w:CONJ+								
m-w-s023-a075-w003-02	w-s023-a075-w003	23:75:3:2	2	كَشَفْ	كَشَفْ	كَشَفَ	ك ش ف	كشف	V	STEM	STEM|POS:V|PERF|LEM:ka$afa|ROOT:k$f|1P	PERF				1		plural	
m-w-s023-a075-w003-03	w-s023-a075-w003	23:75:3:3	3	نَا					PRON	SUFFIX	SUFFIX|PRON:1P					1		plural	
m-w-s023-a075-w004-01	w-s023-a075-w004	23:75:4:1	1	مَا	مَا	مَا			REL	STEM	STEM|POS:REL|LEM:maA								
m-w-s023-a075-w005-01	w-s023-a075-w005	23:75:5:1	1	بِ					P	PREFIX	PREFIX|bi+								
m-w-s023-a075-w005-02	w-s023-a075-w005	23:75:5:2	2	هِم	هِم				PRON	STEM	STEM|POS:PRON|3MP					3	M	plural	
m-w-s023-a075-w006-01	w-s023-a075-w006	23:75:6:1	1	مِّن	مِّن	مِن			P	STEM	STEM|POS:P|LEM:min								
m-w-s023-a075-w007-01	w-s023-a075-w007	23:75:7:1	1	ضُرٍّ	ضُرٍّ	ضُرّ	ض ر ر	ضرر	N	STEM	STEM|POS:N|LEM:Dur~|ROOT:Drr|M|INDEF|GEN								GEN
m-w-s023-a075-w008-01	w-s023-a075-w008	23:75:8:1	1	لَّ					EMPH	PREFIX	PREFIX|l:EMPH+								
m-w-s023-a075-w008-02	w-s023-a075-w008	23:75:8:2	2	لَجُّ	لَجُّ	لَّجُّ	ل ج ج	لجج	V	STEM	STEM|POS:V|PERF|LEM:l~aj~u|ROOT:ljj|3MP	PERF				3	M	plural	
m-w-s023-a075-w008-03	w-s023-a075-w008	23:75:8:3	3	وا۟					PRON	SUFFIX	SUFFIX|PRON:3MP					3	M	plural	
m-w-s023-a075-w009-01	w-s023-a075-w009	23:75:9:1	1	فِى	فِى	فِى			P	STEM	STEM|POS:P|LEM:fiY								
m-w-s023-a075-w010-01	w-s023-a075-w010	23:75:10:1	1	طُغْيَٰنِ	طُغْيَٰنِ	طُغْيَٰن	ط غ ي	طغي	N	STEM	STEM|POS:N|VN|LEM:Tugoya`n|ROOT:Tgy|M|GEN								GEN
m-w-s023-a075-w010-02	w-s023-a075-w010	23:75:10:2	2	هِمْ					PRON	SUFFIX	SUFFIX|PRON:3MP					3	M	plural	
m-w-s023-a075-w011-01	w-s023-a075-w011	23:75:11:1	1	يَعْمَهُ	يَعْمَهُ	يَعْمَهُ	ع م ه	عمه	V	STEM	STEM|POS:V|IMPF|LEM:yaEomahu|ROOT:Emh|3MP	IMPF				3	M	plural	
m-w-s023-a075-w011-02	w-s023-a075-w011	23:75:11:2	2	ونَ					PRON	SUFFIX	SUFFIX|PRON:3MP					3	M	plural	
m-w-s023-a076-w001-01	w-s023-a076-w001	23:76:1:1	1	وَ					CONJ	PREFIX	PREFIX|w:CONJ+								
m-w-s023-a076-w001-02	w-s023-a076-w001	23:76:1:2	2	لَ					EMPH	PREFIX	PREFIX|l:EMPH+								
m-w-s023-a076-w001-03	w-s023-a076-w001	23:76:1:3	3	قَدْ	قَدْ	قَد			CERT	STEM	STEM|POS:CERT|LEM:qad								
m-w-s023-a076-w002-01	w-s023-a076-w002	23:76:2:1	1	أَخَذْ	أَخَذْ	أَخَذَ	ء خ ذ	ءخذ	V	STEM	STEM|POS:V|PERF|LEM:>axa*a|ROOT:Ax*|1P	PERF				1		plural	
m-w-s023-a076-w002-02	w-s023-a076-w002	23:76:2:2	2	نَٰ					PRON	SUFFIX	SUFFIX|PRON:1P					1		plural	
m-w-s023-a076-w002-03	w-s023-a076-w002	23:76:2:3	3	هُم					PRON	SUFFIX	SUFFIX|PRON:3MP					3	M	plural	
m-w-s023-a076-w003-01	w-s023-a076-w003	23:76:3:1	1	بِ					P	PREFIX	PREFIX|bi+								
m-w-s023-a076-w003-02	w-s023-a076-w003	23:76:3:2	2	ٱلْ					DET	PREFIX	PREFIX|Al+								
m-w-s023-a076-w003-03	w-s023-a076-w003	23:76:3:3	3	عَذَابِ	عَذَابِ	عَذَاب	ع ذ ب	عذب	N	STEM	STEM|POS:N|LEM:Ea*aAb|ROOT:E*b|M|GEN								GEN
m-w-s023-a076-w004-01	w-s023-a076-w004	23:76:4:1	1	فَ					REM	PREFIX	PREFIX|f:REM+								
m-w-s023-a076-w004-02	w-s023-a076-w004	23:76:4:2	2	مَا	مَا	مَا			NEG	STEM	STEM|POS:NEG|LEM:maA								
m-w-s023-a076-w005-01	w-s023-a076-w005	23:76:5:1	1	ٱسْتَكَانُ	ٱسْتَكَانُ	ٱسْتَكَانُ	ك ي ن	كين	V	STEM	STEM|POS:V|PERF|(X)|LEM:{sotakaAnu|ROOT:kyn|3MP	PERF			X	3	M	plural	
m-w-s023-a076-w005-02	w-s023-a076-w005	23:76:5:2	2	وا۟					PRON	SUFFIX	SUFFIX|PRON:3MP					3	M	plural	
m-w-s023-a076-w006-01	w-s023-a076-w006	23:76:6:1	1	لِ					P	PREFIX	PREFIX|l:P+								
m-w-s023-a076-w006-02	w-s023-a076-w006	23:76:6:2	2	رَبِّ	رَبِّ	رَبّ	ر ب ب	ربب	N	STEM	STEM|POS:N|LEM:rab~|ROOT:rbb|M|GEN								GEN
m-w-s023-a076-w006-03	w-s023-a076-w006	23:76:6:3	3	هِمْ					PRON	SUFFIX	SUFFIX|PRON:3MP					3	M	plural	
m-w-s023-a076-w007-01	w-s023-a076-w007	23:76:7:1	1	وَ					CONJ	PREFIX	PREFIX|w:CONJ+								
m-w-s023-a076-w007-02	w-s023-a076-w007	23:76:7:2	2	مَا	مَا	مَا			NEG	STEM	STEM|POS:NEG|LEM:maA								
m-w-s023-a076-w008-01	w-s023-a076-w008	23:76:8:1	1	يَتَضَرَّعُ	يَتَضَرَّعُ	يَتَضَرَّعُ	ض ر ع	ضرع	V	STEM	STEM|POS:V|IMPF|(V)|LEM:yataDar~aEu|ROOT:DrE|3MP	IMPF			V	3	M	plural	
m-w-s023-a076-w008-02	w-s023-a076-w008	23:76:8:2	2	ونَ					PRON	SUFFIX	SUFFIX|PRON:3MP					3	M	plural	
m-w-s023-a077-w001-01	w-s023-a077-w001	23:77:1:1	1	حَتَّىٰٓ	حَتَّىٰٓ	حَتَّىٰ			INC	STEM	STEM|POS:INC|LEM:Hat~aY`								
m-w-s023-a077-w002-01	w-s023-a077-w002	23:77:2:1	1	إِذَا	إِذَا	إِذَا			T	STEM	STEM|POS:T|LEM:<i*aA								
m-w-s023-a077-w003-01	w-s023-a077-w003	23:77:3:1	1	فَتَحْ	فَتَحْ	فَتَحَ	ف ت ح	فتح	V	STEM	STEM|POS:V|PERF|LEM:fataHa|ROOT:ftH|1P	PERF				1		plural	
m-w-s023-a077-w003-02	w-s023-a077-w003	23:77:3:2	2	نَا					PRON	SUFFIX	SUFFIX|PRON:1P					1		plural	
m-w-s023-a077-w004-01	w-s023-a077-w004	23:77:4:1	1	عَلَيْ	عَلَيْ	عَلَىٰ			P	STEM	STEM|POS:P|LEM:EalaY`								
m-w-s023-a077-w004-02	w-s023-a077-w004	23:77:4:2	2	هِم					PRON	SUFFIX	SUFFIX|PRON:3MP					3	M	plural	
m-w-s023-a077-w005-01	w-s023-a077-w005	23:77:5:1	1	بَابًا	بَابًا	بَاب	ب و ب	بوب	N	STEM	STEM|POS:N|LEM:baAb|ROOT:bwb|M|INDEF|ACC								ACC
m-w-s023-a077-w006-01	w-s023-a077-w006	23:77:6:1	1	ذَا	ذَا	ذَا			N	STEM	STEM|POS:N|LEM:*aA|MS|ACC						M	singular	ACC
m-w-s023-a077-w007-01	w-s023-a077-w007	23:77:7:1	1	عَذَابٍ	عَذَابٍ	عَذَاب	ع ذ ب	عذب	N	STEM	STEM|POS:N|LEM:Ea*aAb|ROOT:E*b|M|INDEF|GEN								GEN
m-w-s023-a077-w008-01	w-s023-a077-w008	23:77:8:1	1	شَدِيدٍ	شَدِيدٍ	شَدِيد	ش د د	شدد	ADJ	STEM	STEM|POS:ADJ|LEM:$adiyd|ROOT:$dd|MS|INDEF|GEN						M	singular	GEN
m-w-s023-a077-w009-01	w-s023-a077-w009	23:77:9:1	1	إِذَا	إِذَا	إِذَا			T	STEM	STEM|POS:T|LEM:<i*aA								
m-w-s023-a077-w010-01	w-s023-a077-w010	23:77:10:1	1	هُمْ	هُمْ				PRON	STEM	STEM|POS:PRON|3MP					3	M	plural	
m-w-s023-a077-w011-01	w-s023-a077-w011	23:77:11:1	1	فِي	فِي	فِى			P	STEM	STEM|POS:P|LEM:fiY								
m-w-s023-a077-w011-02	w-s023-a077-w011	23:77:11:2	2	هِ					PRON	SUFFIX	SUFFIX|PRON:3MS					3	M	singular	
m-w-s023-a077-w012-01	w-s023-a077-w012	23:77:12:1	1	مُبْلِسُونَ	مُبْلِسُونَ	مُبْلِسُون	ب ل س	بلس	N	STEM	STEM|POS:N|ACT|PCPL|(IV)|LEM:mubolisuwn|ROOT:bls|MP|NOM			ACT	IV		M	plural	NOM
m-w-s023-a078-w001-01	w-s023-a078-w001	23:78:1:1	1	وَ					CONJ	PREFIX	PREFIX|w:CONJ+								
m-w-s023-a078-w001-02	w-s023-a078-w001	23:78:1:2	2	هُوَ	هُوَ				PRON	STEM	STEM|POS:PRON|3MS					3	M	singular	
m-w-s023-a078-w002-01	w-s023-a078-w002	23:78:2:1	1	ٱلَّذِىٓ	ٱلَّذِىٓ	ٱلَّذِى			REL	STEM	STEM|POS:REL|LEM:{l~a*iY|MS						M	singular	
m-w-s023-a078-w003-01	w-s023-a078-w003	23:78:3:1	1	أَنشَأَ	أَنشَأَ	أَنشَأَ	ن ش ء	نشء	V	STEM	STEM|POS:V|PERF|(IV)|LEM:>an$a>a|ROOT:n$A|3MS	PERF			IV	3	M	singular	
m-w-s023-a078-w004-01	w-s023-a078-w004	23:78:4:1	1	لَ					P	PREFIX	PREFIX|l:P+								
m-w-s023-a078-w004-02	w-s023-a078-w004	23:78:4:2	2	كُمُ	كُمُ				PRON	STEM	STEM|POS:PRON|2MP					2	M	plural	
m-w-s023-a078-w005-01	w-s023-a078-w005	23:78:5:1	1	ٱل					DET	PREFIX	PREFIX|Al+								
m-w-s023-a078-w005-02	w-s023-a078-w005	23:78:5:2	2	سَّمْعَ	سَّمْعَ	سَمْع	س م ع	سمع	N	STEM	STEM|POS:N|LEM:samoE|ROOT:smE|M|ACC								ACC
m-w-s023-a078-w006-01	w-s023-a078-w006	23:78:6:1	1	وَ					CONJ	PREFIX	PREFIX|w:CONJ+								
m-w-s023-a078-w006-02	w-s023-a078-w006	23:78:6:2	2	ٱلْ					DET	PREFIX	PREFIX|Al+								
m-w-s023-a078-w006-03	w-s023-a078-w006	23:78:6:3	3	أَبْصَٰرَ	أَبْصَٰرَ	بَصَر	ب ص ر	بصر	N	STEM	STEM|POS:N|LEM:baSar|ROOT:bSr|MP|ACC						M	plural	ACC
m-w-s023-a078-w007-01	w-s023-a078-w007	23:78:7:1	1	وَ					CONJ	PREFIX	PREFIX|w:CONJ+								
m-w-s023-a078-w007-02	w-s023-a078-w007	23:78:7:2	2	ٱلْ					DET	PREFIX	PREFIX|Al+								
m-w-s023-a078-w007-03	w-s023-a078-w007	23:78:7:3	3	أَفْـِٔدَةَ	أَفْـِٔدَةَ	فُؤَاد	ف ء د	فءد	N	STEM	STEM|POS:N|LEM:fu&aAd|ROOT:fAd|MP|ACC						M	plural	ACC
m-w-s023-a078-w008-01	w-s023-a078-w008	23:78:8:1	1	قَلِيلًا	قَلِيلًا	قَلِيل	ق ل ل	قلل	ADJ	STEM	STEM|POS:ADJ|LEM:qaliyl|ROOT:qll|MS|INDEF|ACC						M	singular	ACC
m-w-s023-a078-w009-01	w-s023-a078-w009	23:78:9:1	1	مَّا	مَّا	مَا			REL	STEM	STEM|POS:REL|LEM:maA								
m-w-s023-a078-w010-01	w-s023-a078-w010	23:78:10:1	1	تَشْكُرُ	تَشْكُرُ	شَكَرَ	ش ك ر	شكر	V	STEM	STEM|POS:V|IMPF|LEM:$akara|ROOT:$kr|2MP	IMPF				2	M	plural	
m-w-s023-a078-w010-02	w-s023-a078-w010	23:78:10:2	2	ونَ					PRON	SUFFIX	SUFFIX|PRON:2MP					2	M	plural	
m-w-s023-a079-w001-01	w-s023-a079-w001	23:79:1:1	1	وَ					CONJ	PREFIX	PREFIX|w:CONJ+								
m-w-s023-a079-w001-02	w-s023-a079-w001	23:79:1:2	2	هُوَ	هُوَ				PRON	STEM	STEM|POS:PRON|3MS					3	M	singular	
m-w-s023-a079-w002-01	w-s023-a079-w002	23:79:2:1	1	ٱلَّذِى	ٱلَّذِى	ٱلَّذِى			REL	STEM	STEM|POS:REL|LEM:{l~a*iY|MS						M	singular	
m-w-s023-a079-w003-01	w-s023-a079-w003	23:79:3:1	1	ذَرَأَ	ذَرَأَ	ذَرَأَ	ذ ر ء	ذرء	V	STEM	STEM|POS:V|PERF|LEM:*ara>a|ROOT:*rA|3MS	PERF				3	M	singular	
m-w-s023-a079-w003-02	w-s023-a079-w003	23:79:3:2	2	كُمْ					PRON	SUFFIX	SUFFIX|PRON:2MP					2	M	plural	
m-w-s023-a079-w004-01	w-s023-a079-w004	23:79:4:1	1	فِى	فِى	فِى			P	STEM	STEM|POS:P|LEM:fiY								
m-w-s023-a079-w005-01	w-s023-a079-w005	23:79:5:1	1	ٱلْ					DET	PREFIX	PREFIX|Al+								
m-w-s023-a079-w005-02	w-s023-a079-w005	23:79:5:2	2	أَرْضِ	أَرْضِ	أَرْض	ء ر ض	ءرض	N	STEM	STEM|POS:N|LEM:>aroD|ROOT:ArD|F|GEN								GEN
m-w-s023-a079-w006-01	w-s023-a079-w006	23:79:6:1	1	وَ					CONJ	PREFIX	PREFIX|w:CONJ+								
m-w-s023-a079-w006-02	w-s023-a079-w006	23:79:6:2	2	إِلَيْ	إِلَيْ	إِلَىٰ			P	STEM	STEM|POS:P|LEM:<ilaY`								
m-w-s023-a079-w006-03	w-s023-a079-w006	23:79:6:3	3	هِ					PRON	SUFFIX	SUFFIX|PRON:3MS					3	M	singular	
m-w-s023-a079-w007-01	w-s023-a079-w007	23:79:7:1	1	تُحْشَرُ	تُحْشَرُ	حَشَرَ	ح ش ر	حشر	V	STEM	STEM|POS:V|IMPF|PASS|LEM:Ha$ara|ROOT:H$r|2MP	IMPF		PASS		2	M	plural	
m-w-s023-a079-w007-02	w-s023-a079-w007	23:79:7:2	2	ونَ					PRON	SUFFIX	SUFFIX|PRON:2MP					2	M	plural	
m-w-s023-a080-w001-01	w-s023-a080-w001	23:80:1:1	1	وَ					CONJ	PREFIX	PREFIX|w:CONJ+								
m-w-s023-a080-w001-02	w-s023-a080-w001	23:80:1:2	2	هُوَ	هُوَ				PRON	STEM	STEM|POS:PRON|3MS					3	M	singular	
m-w-s023-a080-w002-01	w-s023-a080-w002	23:80:2:1	1	ٱلَّذِى	ٱلَّذِى	ٱلَّذِى			REL	STEM	STEM|POS:REL|LEM:{l~a*iY|MS						M	singular	
m-w-s023-a080-w003-01	w-s023-a080-w003	23:80:3:1	1	يُحْىِۦ	يُحْىِۦ	أَحْيَا	ح ي ي	حيي	V	STEM	STEM|POS:V|IMPF|(IV)|LEM:>aHoyaA|ROOT:Hyy|3MS	IMPF			IV	3	M	singular	
m-w-s023-a080-w004-01	w-s023-a080-w004	23:80:4:1	1	وَ					CONJ	PREFIX	PREFIX|w:CONJ+								
m-w-s023-a080-w004-02	w-s023-a080-w004	23:80:4:2	2	يُمِيتُ	يُمِيتُ	أَمَاتَ	م و ت	موت	V	STEM	STEM|POS:V|IMPF|(IV)|LEM:>amaAta|ROOT:mwt|3MS	IMPF			IV	3	M	singular	
m-w-s023-a080-w005-01	w-s023-a080-w005	23:80:5:1	1	وَ					CONJ	PREFIX	PREFIX|w:CONJ+								
m-w-s023-a080-w005-02	w-s023-a080-w005	23:80:5:2	2	لَ					P	PREFIX	PREFIX|l:P+								
m-w-s023-a080-w005-03	w-s023-a080-w005	23:80:5:3	3	هُ	هُ				PRON	STEM	STEM|POS:PRON|3MS					3	M	singular	
m-w-s023-a080-w006-01	w-s023-a080-w006	23:80:6:1	1	ٱخْتِلَٰفُ	ٱخْتِلَٰفُ	ٱخْتِلَٰف	خ ل ف	خلف	N	STEM	STEM|POS:N|VN|(VIII)|LEM:{xotila`f|ROOT:xlf|M|NOM				VIII				NOM
m-w-s023-a080-w007-01	w-s023-a080-w007	23:80:7:1	1	ٱلَّ					DET	PREFIX	PREFIX|Al+								
m-w-s023-a080-w007-02	w-s023-a080-w007	23:80:7:2	2	يْلِ	يْلِ	لَيْل	ل ي ل	ليل	N	STEM	STEM|POS:N|LEM:layol|ROOT:lyl|M|GEN								GEN
m-w-s023-a080-w008-01	w-s023-a080-w008	23:80:8:1	1	وَ					CONJ	PREFIX	PREFIX|w:CONJ+								
m-w-s023-a080-w008-02	w-s023-a080-w008	23:80:8:2	2	ٱل					DET	PREFIX	PREFIX|Al+								
m-w-s023-a080-w008-03	w-s023-a080-w008	23:80:8:3	3	نَّهَارِ	نَّهَارِ	نَهَار	ن ه ر	نهر	N	STEM	STEM|POS:N|LEM:nahaAr|ROOT:nhr|M|GEN								GEN
m-w-s023-a080-w009-01	w-s023-a080-w009	23:80:9:1	1	أَ					INTG	PREFIX	PREFIX|A:INTG+								
m-w-s023-a080-w009-02	w-s023-a080-w009	23:80:9:2	2	فَ					SUP	PREFIX	PREFIX|f:SUP+								
m-w-s023-a080-w009-03	w-s023-a080-w009	23:80:9:3	3	لَا	لَا	لَا			NEG	STEM	STEM|POS:NEG|LEM:laA								
m-w-s023-a080-w010-01	w-s023-a080-w010	23:80:10:1	1	تَعْقِلُ	تَعْقِلُ	عَقَلُ	ع ق ل	عقل	V	STEM	STEM|POS:V|IMPF|LEM:Eaqalu|ROOT:Eql|2MP	IMPF				2	M	plural	
m-w-s023-a080-w010-02	w-s023-a080-w010	23:80:10:2	2	ونَ					PRON	SUFFIX	SUFFIX|PRON:2MP					2	M	plural	
m-w-s023-a081-w001-01	w-s023-a081-w001	23:81:1:1	1	بَلْ	بَلْ	بَل			RET	STEM	STEM|POS:RET|LEM:bal								
m-w-s023-a081-w002-01	w-s023-a081-w002	23:81:2:1	1	قَالُ	قَالُ	قَالَ	ق و ل	قول	V	STEM	STEM|POS:V|PERF|LEM:qaAla|ROOT:qwl|3MP	PERF				3	M	plural	
m-w-s023-a081-w002-02	w-s023-a081-w002	23:81:2:2	2	وا۟					PRON	SUFFIX	SUFFIX|PRON:3MP					3	M	plural	
m-w-s023-a081-w003-01	w-s023-a081-w003	23:81:3:1	1	مِثْلَ	مِثْلَ	مِثْل	م ث ل	مثل	N	STEM	STEM|POS:N|LEM:mivol|ROOT:mvl|M|ACC								ACC
m-w-s023-a081-w004-01	w-s023-a081-w004	23:81:4:1	1	مَا	مَا	مَا			REL	STEM	STEM|POS:REL|LEM:maA								
m-w-s023-a081-w005-01	w-s023-a081-w005	23:81:5:1	1	قَالَ	قَالَ	قَالَ	ق و ل	قول	V	STEM	STEM|POS:V|PERF|LEM:qaAla|ROOT:qwl|3MS	PERF				3	M	singular	
m-w-s023-a081-w006-01	w-s023-a081-w006	23:81:6:1	1	ٱلْ					DET	PREFIX	PREFIX|Al+								
m-w-s023-a081-w006-02	w-s023-a081-w006	23:81:6:2	2	أَوَّلُونَ	أَوَّلُونَ	أَوَّل	ء و ل	ءول	N	STEM	STEM|POS:N|LEM:>aw~al|ROOT:Awl|MP|NOM						M	plural	NOM
m-w-s023-a082-w001-01	w-s023-a082-w001	23:82:1:1	1	قَالُ	قَالُ	قَالَ	ق و ل	قول	V	STEM	STEM|POS:V|PERF|LEM:qaAla|ROOT:qwl|3MP	PERF				3	M	plural	
m-w-s023-a082-w001-02	w-s023-a082-w001	23:82:1:2	2	وٓا۟					PRON	SUFFIX	SUFFIX|PRON:3MP					3	M	plural	
m-w-s023-a082-w002-01	w-s023-a082-w002	23:82:2:1	1	أَ					INTG	PREFIX	PREFIX|A:INTG+								
m-w-s023-a082-w002-02	w-s023-a082-w002	23:82:2:2	2	ءِذَا	ءِذَا	إِذَا			T	STEM	STEM|POS:T|LEM:<i*aA								
m-w-s023-a082-w003-01	w-s023-a082-w003	23:82:3:1	1	مِتْ	مِتْ	مَّاتَ	م و ت	موت	V	STEM	STEM|POS:V|PERF|PASS|LEM:m~aAta|ROOT:mwt|1P	PERF		PASS		1		plural	
m-w-s023-a082-w003-02	w-s023-a082-w003	23:82:3:2	2	نَا					PRON	SUFFIX	SUFFIX|PRON:1P					1		plural	
m-w-s023-a082-w004-01	w-s023-a082-w004	23:82:4:1	1	وَ					CONJ	PREFIX	PREFIX|w:CONJ+								
m-w-s023-a082-w004-02	w-s023-a082-w004	23:82:4:2	2	كُ	كُ	كَانَ	ك و ن	كون	V	STEM	STEM|POS:V|PERF|LEM:kaAna|ROOT:kwn|SP:kaAn|1P	PERF				1		plural	
m-w-s023-a082-w004-03	w-s023-a082-w004	23:82:4:3	3	نَّا					PRON	SUFFIX	SUFFIX|PRON:1P					1		plural	
m-w-s023-a082-w005-01	w-s023-a082-w005	23:82:5:1	1	تُرَابًا	تُرَابًا	تُرَاب	ت ر ب	ترب	N	STEM	STEM|POS:N|LEM:turaAb|ROOT:trb|M|INDEF|ACC								ACC
m-w-s023-a082-w006-01	w-s023-a082-w006	23:82:6:1	1	وَ					CONJ	PREFIX	PREFIX|w:CONJ+								
m-w-s023-a082-w006-02	w-s023-a082-w006	23:82:6:2	2	عِظَٰمًا	عِظَٰمًا	عَظِيم	ع ظ م	عظم	N	STEM	STEM|POS:N|LEM:EaZiym|ROOT:EZm|MP|INDEF|ACC						M	plural	ACC
m-w-s023-a082-w007-01	w-s023-a082-w007	23:82:7:1	1	أَ					INTG	PREFIX	PREFIX|A:INTG+								
m-w-s023-a082-w007-02	w-s023-a082-w007	23:82:7:2	2	ءِنَّ	ءِنَّ	إِنّ			ACC	STEM	STEM|POS:ACC|LEM:<in~|SP:<in~								ACC
m-w-s023-a082-w007-03	w-s023-a082-w007	23:82:7:3	3	ا					PRON	SUFFIX	SUFFIX|PRON:1P					1		plural	
m-w-s023-a082-w008-01	w-s023-a082-w008	23:82:8:1	1	لَ					EMPH	PREFIX	PREFIX|l:EMPH+								
m-w-s023-a082-w008-02	w-s023-a082-w008	23:82:8:2	2	مَبْعُوثُونَ	مَبْعُوثُونَ	مَّبْعُوثُون	ب ع ث	بعث	N	STEM	STEM|POS:N|PASS|PCPL|LEM:m~aboEuwvuwn|ROOT:bEv|MP|NOM			PASS			M	plural	NOM
m-w-s023-a083-w001-01	w-s023-a083-w001	23:83:1:1	1	لَ					EMPH	PREFIX	PREFIX|l:EMPH+								
m-w-s023-a083-w001-02	w-s023-a083-w001	23:83:1:2	2	قَدْ	قَدْ	قَد			CERT	STEM	STEM|POS:CERT|LEM:qad								
m-w-s023-a083-w002-01	w-s023-a083-w002	23:83:2:1	1	وُعِدْ	وُعِدْ	وَعَدَ	و ع د	وعد	V	STEM	STEM|POS:V|PERF|PASS|LEM:waEada|ROOT:wEd|1P	PERF		PASS		1		plural	
m-w-s023-a083-w002-02	w-s023-a083-w002	23:83:2:2	2	نَا					PRON	SUFFIX	SUFFIX|PRON:1P					1		plural	
m-w-s023-a083-w003-01	w-s023-a083-w003	23:83:3:1	1	نَحْنُ	نَحْنُ				PRON	STEM	STEM|POS:PRON|1P					1		plural	
m-w-s023-a083-w004-01	w-s023-a083-w004	23:83:4:1	1	وَ					CONJ	PREFIX	PREFIX|w:CONJ+								
m-w-s023-a083-w004-02	w-s023-a083-w004	23:83:4:2	2	ءَابَآؤُ	ءَابَآؤُ	آبَاء	ء ب و	ءبو	N	STEM	STEM|POS:N|LEM:A^baA'|ROOT:Abw|MP|NOM						M	plural	NOM
m-w-s023-a083-w004-03	w-s023-a083-w004	23:83:4:3	3	نَا					PRON	SUFFIX	SUFFIX|PRON:1P					1		plural	
m-w-s023-a083-w005-01	w-s023-a083-w005	23:83:5:1	1	هَٰذَا	هَٰذَا	هَٰذَا			DEM	STEM	STEM|POS:DEM|LEM:ha`*aA|MS						M	singular	
m-w-s023-a083-w006-01	w-s023-a083-w006	23:83:6:1	1	مِن	مِن	مِن			P	STEM	STEM|POS:P|LEM:min								
m-w-s023-a083-w007-01	w-s023-a083-w007	23:83:7:1	1	قَبْلُ	قَبْلُ	قَبْل	ق ب ل	قبل	N	STEM	STEM|POS:N|LEM:qabol|ROOT:qbl|GEN								GEN
m-w-s023-a083-w008-01	w-s023-a083-w008	23:83:8:1	1	إِنْ	إِنْ	إِن			NEG	STEM	STEM|POS:NEG|LEM:<in								
m-w-s023-a083-w009-01	w-s023-a083-w009	23:83:9:1	1	هَٰذَآ	هَٰذَآ	هَٰذَا			DEM	STEM	STEM|POS:DEM|LEM:ha`*aA|MS						M	singular	
m-w-s023-a083-w010-01	w-s023-a083-w010	23:83:10:1	1	إِلَّآ	إِلَّآ	إِلَّا			RES	STEM	STEM|POS:RES|LEM:<il~aA								
m-w-s023-a083-w011-01	w-s023-a083-w011	23:83:11:1	1	أَسَٰطِيرُ	أَسَٰطِيرُ	أَسَٰطِير	س ط ر	سطر	N	STEM	STEM|POS:N|LEM:>asa`Tiyr|ROOT:sTr|MP|NOM						M	plural	NOM
m-w-s023-a083-w012-01	w-s023-a083-w012	23:83:12:1	1	ٱلْ					DET	PREFIX	PREFIX|Al+								
m-w-s023-a083-w012-02	w-s023-a083-w012	23:83:12:2	2	أَوَّلِينَ	أَوَّلِينَ	أَوَّل	ء و ل	ءول	ADJ	STEM	STEM|POS:ADJ|LEM:>aw~al|ROOT:Awl|MP|GEN						M	plural	GEN
m-w-s023-a084-w001-01	w-s023-a084-w001	23:84:1:1	1	قُل	قُل	قَالَ	ق و ل	قول	V	STEM	STEM|POS:V|IMPV|LEM:qaAla|ROOT:qwl|2MS	IMPV				2	M	singular	
m-w-s023-a084-w002-01	w-s023-a084-w002	23:84:2:1	1	لِّ					P	PREFIX	PREFIX|l:P+								
m-w-s023-a084-w002-02	w-s023-a084-w002	23:84:2:2	2	مَنِ	مَنِ	مَن			REL	STEM	STEM|POS:REL|LEM:man								
m-w-s023-a084-w003-01	w-s023-a084-w003	23:84:3:1	1	ٱلْ					DET	PREFIX	PREFIX|Al+								
m-w-s023-a084-w003-02	w-s023-a084-w003	23:84:3:2	2	أَرْضُ	أَرْضُ	أَرْض	ء ر ض	ءرض	N	STEM	STEM|POS:N|LEM:>aroD|ROOT:ArD|F|NOM								NOM
m-w-s023-a084-w004-01	w-s023-a084-w004	23:84:4:1	1	وَ					CONJ	PREFIX	PREFIX|w:CONJ+								
m-w-s023-a084-w004-02	w-s023-a084-w004	23:84:4:2	2	مَن	مَن	مَن			REL	STEM	STEM|POS:REL|LEM:man								
m-w-s023-a084-w005-01	w-s023-a084-w005	23:84:5:1	1	فِي	فِي	فِى			P	STEM	STEM|POS:P|LEM:fiY								
m-w-s023-a084-w005-02	w-s023-a084-w005	23:84:5:2	2	هَآ					PRON	SUFFIX	SUFFIX|PRON:3FS					3	F	singular	
m-w-s023-a084-w006-01	w-s023-a084-w006	23:84:6:1	1	إِن	إِن	إِن			COND	STEM	STEM|POS:COND|LEM:<in								
m-w-s023-a084-w007-01	w-s023-a084-w007	23:84:7:1	1	كُن	كُن	كَانَ	ك و ن	كون	V	STEM	STEM|POS:V|PERF|LEM:kaAna|ROOT:kwn|SP:kaAn|2MP	PERF				2	M	plural	
m-w-s023-a084-w007-02	w-s023-a084-w007	23:84:7:2	2	تُمْ					PRON	SUFFIX	SUFFIX|PRON:2MP					2	M	plural	
m-w-s023-a084-w008-01	w-s023-a084-w008	23:84:8:1	1	تَعْلَمُ	تَعْلَمُ	عَلِمَ	ع ل م	علم	V	STEM	STEM|POS:V|IMPF|LEM:Ealima|ROOT:Elm|2MP	IMPF				2	M	plural	
m-w-s023-a084-w008-02	w-s023-a084-w008	23:84:8:2	2	ونَ					PRON	SUFFIX	SUFFIX|PRON:2MP					2	M	plural	
m-w-s023-a085-w001-01	w-s023-a085-w001	23:85:1:1	1	سَ					FUT	PREFIX	PREFIX|sa+								
m-w-s023-a085-w001-02	w-s023-a085-w001	23:85:1:2	2	يَقُولُ	يَقُولُ	قَالَ	ق و ل	قول	V	STEM	STEM|POS:V|IMPF|LEM:qaAla|ROOT:qwl|3MP	IMPF				3	M	plural	
m-w-s023-a085-w001-03	w-s023-a085-w001	23:85:1:3	3	ونَ					PRON	SUFFIX	SUFFIX|PRON:3MP					3	M	plural	
m-w-s023-a085-w002-01	w-s023-a085-w002	23:85:2:1	1	لِ					P	PREFIX	PREFIX|l:P+								
m-w-s023-a085-w002-02	w-s023-a085-w002	23:85:2:2	2	لَّهِ	لَّهِ	ٱللَّه	ء ل ه	ءله	PN	STEM	STEM|POS:PN|LEM:{ll~ah|ROOT:Alh|GEN								GEN
m-w-s023-a085-w003-01	w-s023-a085-w003	23:85:3:1	1	قُلْ	قُلْ	قَالَ	ق و ل	قول	V	STEM	STEM|POS:V|IMPV|LEM:qaAla|ROOT:qwl|2MS	IMPV				2	M	singular	
m-w-s023-a085-w004-01	w-s023-a085-w004	23:85:4:1	1	أَ					INTG	PREFIX	PREFIX|A:INTG+								
m-w-s023-a085-w004-02	w-s023-a085-w004	23:85:4:2	2	فَ					SUP	PREFIX	PREFIX|f:SUP+								
m-w-s023-a085-w004-03	w-s023-a085-w004	23:85:4:3	3	لَا	لَا	لَا			NEG	STEM	STEM|POS:NEG|LEM:laA								
m-w-s023-a085-w005-01	w-s023-a085-w005	23:85:5:1	1	تَذَكَّرُ	تَذَكَّرُ	تَذَكَّرَ	ذ ك ر	ذكر	V	STEM	STEM|POS:V|IMPF|(V)|LEM:ta*ak~ara|ROOT:*kr|2MP	IMPF			V	2	M	plural	
m-w-s023-a085-w005-02	w-s023-a085-w005	23:85:5:2	2	ونَ					PRON	SUFFIX	SUFFIX|PRON:2MP					2	M	plural	
m-w-s023-a086-w001-01	w-s023-a086-w001	23:86:1:1	1	قُلْ	قُلْ	قَالَ	ق و ل	قول	V	STEM	STEM|POS:V|IMPV|LEM:qaAla|ROOT:qwl|2MS	IMPV				2	M	singular	
m-w-s023-a086-w002-01	w-s023-a086-w002	23:86:2:1	1	مَن	مَن	مَن			REL	STEM	STEM|POS:REL|LEM:man								
m-w-s023-a086-w003-01	w-s023-a086-w003	23:86:3:1	1	رَّبُّ	رَّبُّ	رَبّ	ر ب ب	ربب	N	STEM	STEM|POS:N|LEM:rab~|ROOT:rbb|M|NOM								NOM
m-w-s023-a086-w004-01	w-s023-a086-w004	23:86:4:1	1	ٱل					DET	PREFIX	PREFIX|Al+								
m-w-s023-a086-w004-02	w-s023-a086-w004	23:86:4:2	2	سَّمَٰوَٰتِ	سَّمَٰوَٰتِ	سَمَآء	س م و	سمو	N	STEM	STEM|POS:N|LEM:samaA^'|ROOT:smw|FP|GEN						F	plural	GEN
m-w-s023-a086-w005-01	w-s023-a086-w005	23:86:5:1	1	ٱل					DET	PREFIX	PREFIX|Al+								
m-w-s023-a086-w005-02	w-s023-a086-w005	23:86:5:2	2	سَّبْعِ	سَّبْعِ	سَبْع	س ب ع	سبع	N	STEM	STEM|POS:N|LEM:saboE|ROOT:sbE|M|GEN								GEN
m-w-s023-a086-w006-01	w-s023-a086-w006	23:86:6:1	1	وَ					CONJ	PREFIX	PREFIX|w:CONJ+								
m-w-s023-a086-w006-02	w-s023-a086-w006	23:86:6:2	2	رَبُّ	رَبُّ	رَبّ	ر ب ب	ربب	N	STEM	STEM|POS:N|LEM:rab~|ROOT:rbb|M|NOM								NOM
m-w-s023-a086-w007-01	w-s023-a086-w007	23:86:7:1	1	ٱلْ					DET	PREFIX	PREFIX|Al+								
m-w-s023-a086-w007-02	w-s023-a086-w007	23:86:7:2	2	عَرْشِ	عَرْشِ	عَرْش	ع ر ش	عرش	N	STEM	STEM|POS:N|LEM:Earo$|ROOT:Er$|M|GEN								GEN
m-w-s023-a086-w008-01	w-s023-a086-w008	23:86:8:1	1	ٱلْ					DET	PREFIX	PREFIX|Al+								
m-w-s023-a086-w008-02	w-s023-a086-w008	23:86:8:2	2	عَظِيمِ	عَظِيمِ	عَظِيم	ع ظ م	عظم	ADJ	STEM	STEM|POS:ADJ|LEM:EaZiym|ROOT:EZm|MS|GEN						M	singular	GEN
m-w-s023-a087-w001-01	w-s023-a087-w001	23:87:1:1	1	سَ					FUT	PREFIX	PREFIX|sa+								
m-w-s023-a087-w001-02	w-s023-a087-w001	23:87:1:2	2	يَقُولُ	يَقُولُ	قَالَ	ق و ل	قول	V	STEM	STEM|POS:V|IMPF|LEM:qaAla|ROOT:qwl|3MP	IMPF				3	M	plural	
m-w-s023-a087-w001-03	w-s023-a087-w001	23:87:1:3	3	ونَ					PRON	SUFFIX	SUFFIX|PRON:3MP					3	M	plural	
m-w-s023-a087-w002-01	w-s023-a087-w002	23:87:2:1	1	لِ					P	PREFIX	PREFIX|l:P+								
m-w-s023-a087-w002-02	w-s023-a087-w002	23:87:2:2	2	لَّهِ	لَّهِ	ٱللَّه	ء ل ه	ءله	PN	STEM	STEM|POS:PN|LEM:{ll~ah|ROOT:Alh|GEN								GEN
m-w-s023-a087-w003-01	w-s023-a087-w003	23:87:3:1	1	قُلْ	قُلْ	قَالَ	ق و ل	قول	V	STEM	STEM|POS:V|IMPV|LEM:qaAla|ROOT:qwl|2MS	IMPV				2	M	singular	
m-w-s023-a087-w004-01	w-s023-a087-w004	23:87:4:1	1	أَ					INTG	PREFIX	PREFIX|A:INTG+								
m-w-s023-a087-w004-02	w-s023-a087-w004	23:87:4:2	2	فَ					SUP	PREFIX	PREFIX|f:SUP+								
m-w-s023-a087-w004-03	w-s023-a087-w004	23:87:4:3	3	لَا	لَا	لَا			NEG	STEM	STEM|POS:NEG|LEM:laA								
m-w-s023-a087-w005-01	w-s023-a087-w005	23:87:5:1	1	تَتَّقُ	تَتَّقُ	ٱتَّقَىٰ	و ق ي	وقي	V	STEM	STEM|POS:V|IMPF|(VIII)|LEM:{t~aqaY`|ROOT:wqy|2MP	IMPF			VIII	2	M	plural	
m-w-s023-a087-w005-02	w-s023-a087-w005	23:87:5:2	2	ونَ					PRON	SUFFIX	SUFFIX|PRON:2MP					2	M	plural	
m-w-s023-a088-w001-01	w-s023-a088-w001	23:88:1:1	1	قُلْ	قُلْ	قَالَ	ق و ل	قول	V	STEM	STEM|POS:V|IMPV|LEM:qaAla|ROOT:qwl|2MS	IMPV				2	M	singular	
m-w-s023-a088-w002-01	w-s023-a088-w002	23:88:2:1	1	مَنۢ	مَنۢ	مَن			REL	STEM	STEM|POS:REL|LEM:man								
m-w-s023-a088-w003-01	w-s023-a088-w003	23:88:3:1	1	بِ					P	PREFIX	PREFIX|bi+								
m-w-s023-a088-w003-02	w-s023-a088-w003	23:88:3:2	2	يَدِ	يَدِ	يَد	ي د ي	يدي	N	STEM	STEM|POS:N|LEM:yad|ROOT:ydy|FS|GEN						F	singular	GEN
m-w-s023-a088-w003-03	w-s023-a088-w003	23:88:3:3	3	هِۦ					PRON	SUFFIX	SUFFIX|PRON:3MS					3	M	singular	
m-w-s023-a088-w004-01	w-s023-a088-w004	23:88:4:1	1	مَلَكُوتُ	مَلَكُوتُ	مَلَكُوت	م ل ك	ملك	N	STEM	STEM|POS:N|LEM:malakuwt|ROOT:mlk|M|NOM								NOM
m-w-s023-a088-w005-01	w-s023-a088-w005	23:88:5:1	1	كُلِّ	كُلِّ	كُلّ	ك ل ل	كلل	N	STEM	STEM|POS:N|LEM:kul~|ROOT:kll|M|GEN								GEN
m-w-s023-a088-w006-01	w-s023-a088-w006	23:88:6:1	1	شَىْءٍ	شَىْءٍ	شَىْء	ش ي ء	شيء	N	STEM	STEM|POS:N|LEM:$aYo'|ROOT:$yA|M|INDEF|GEN								GEN
m-w-s023-a088-w007-01	w-s023-a088-w007	23:88:7:1	1	وَ					CONJ	PREFIX	PREFIX|w:CONJ+								
m-w-s023-a088-w007-02	w-s023-a088-w007	23:88:7:2	2	هُوَ	هُوَ				PRON	STEM	STEM|POS:PRON|3MS					3	M	singular	
m-w-s023-a088-w008-01	w-s023-a088-w008	23:88:8:1	1	يُجِيرُ	يُجِيرُ	يُجِيرُ	ج و ر	جور	V	STEM	STEM|POS:V|IMPF|(IV)|LEM:yujiyru|ROOT:jwr|3MS	IMPF			IV	3	M	singular	
m-w-s023-a088-w009-01	w-s023-a088-w009	23:88:9:1	1	وَ					CONJ	PREFIX	PREFIX|w:CONJ+								
m-w-s023-a088-w009-02	w-s023-a088-w009	23:88:9:2	2	لَا	لَا	لَا			NEG	STEM	STEM|POS:NEG|LEM:laA								
m-w-s023-a088-w010-01	w-s023-a088-w010	23:88:10:1	1	يُجَارُ	يُجَارُ	يُجِيرُ	ج و ر	جور	V	STEM	STEM|POS:V|IMPF|PASS|(IV)|LEM:yujiyru|ROOT:jwr|3MS	IMPF		PASS	IV	3	M	singular	
m-w-s023-a088-w011-01	w-s023-a088-w011	23:88:11:1	1	عَلَيْ	عَلَيْ	عَلَىٰ			P	STEM	STEM|POS:P|LEM:EalaY`								
m-w-s023-a088-w011-02	w-s023-a088-w011	23:88:11:2	2	هِ					PRON	SUFFIX	SUFFIX|PRON:3MS					3	M	singular	
m-w-s023-a088-w012-01	w-s023-a088-w012	23:88:12:1	1	إِن	إِن	إِن			COND	STEM	STEM|POS:COND|LEM:<in								
m-w-s023-a088-w013-01	w-s023-a088-w013	23:88:13:1	1	كُن	كُن	كَانَ	ك و ن	كون	V	STEM	STEM|POS:V|PERF|LEM:kaAna|ROOT:kwn|SP:kaAn|2MP	PERF				2	M	plural	
m-w-s023-a088-w013-02	w-s023-a088-w013	23:88:13:2	2	تُمْ					PRON	SUFFIX	SUFFIX|PRON:2MP					2	M	plural	
m-w-s023-a088-w014-01	w-s023-a088-w014	23:88:14:1	1	تَعْلَمُ	تَعْلَمُ	عَلِمَ	ع ل م	علم	V	STEM	STEM|POS:V|IMPF|LEM:Ealima|ROOT:Elm|2MP	IMPF				2	M	plural	
m-w-s023-a088-w014-02	w-s023-a088-w014	23:88:14:2	2	ونَ					PRON	SUFFIX	SUFFIX|PRON:2MP					2	M	plural	
m-w-s023-a089-w001-01	w-s023-a089-w001	23:89:1:1	1	سَ					FUT	PREFIX	PREFIX|sa+								
m-w-s023-a089-w001-02	w-s023-a089-w001	23:89:1:2	2	يَقُولُ	يَقُولُ	قَالَ	ق و ل	قول	V	STEM	STEM|POS:V|IMPF|LEM:qaAla|ROOT:qwl|3MP	IMPF				3	M	plural	
m-w-s023-a089-w001-03	w-s023-a089-w001	23:89:1:3	3	ونَ					PRON	SUFFIX	SUFFIX|PRON:3MP					3	M	plural	
m-w-s023-a089-w002-01	w-s023-a089-w002	23:89:2:1	1	لِ					P	PREFIX	PREFIX|l:P+								
m-w-s023-a089-w002-02	w-s023-a089-w002	23:89:2:2	2	لَّهِ	لَّهِ	ٱللَّه	ء ل ه	ءله	PN	STEM	STEM|POS:PN|LEM:{ll~ah|ROOT:Alh|GEN								GEN
m-w-s023-a089-w003-01	w-s023-a089-w003	23:89:3:1	1	قُلْ	قُلْ	قَالَ	ق و ل	قول	V	STEM	STEM|POS:V|IMPV|LEM:qaAla|ROOT:qwl|2MS	IMPV				2	M	singular	
m-w-s023-a089-w004-01	w-s023-a089-w004	23:89:4:1	1	فَ					REM	PREFIX	PREFIX|f:REM+								
m-w-s023-a089-w004-02	w-s023-a089-w004	23:89:4:2	2	أَنَّىٰ	أَنَّىٰ	أَنَّىٰ	ء ن ي	ءني	INTG	STEM	STEM|POS:INTG|LEM:>an~aY`|ROOT:Any								
m-w-s023-a089-w005-01	w-s023-a089-w005	23:89:5:1	1	تُسْحَرُ	تُسْحَرُ	سَحَرُ	س ح ر	سحر	V	STEM	STEM|POS:V|IMPF|PASS|LEM:saHaru|ROOT:sHr|2MP	IMPF		PASS		2	M	plural	
m-w-s023-a089-w005-02	w-s023-a089-w005	23:89:5:2	2	ونَ					PRON	SUFFIX	SUFFIX|PRON:2MP					2	M	plural	
m-w-s023-a090-w001-01	w-s023-a090-w001	23:90:1:1	1	بَلْ	بَلْ	بَل			RET	STEM	STEM|POS:RET|LEM:bal								
m-w-s023-a090-w002-01	w-s023-a090-w002	23:90:2:1	1	أَتَيْ	أَتَيْ	أَتَى	ء ت ي	ءتي	V	STEM	STEM|POS:V|PERF|LEM:>ataY|ROOT:Aty|1P	PERF				1		plural	
m-w-s023-a090-w002-02	w-s023-a090-w002	23:90:2:2	2	نَٰ					PRON	SUFFIX	SUFFIX|PRON:1P					1		plural	
m-w-s023-a090-w002-03	w-s023-a090-w002	23:90:2:3	3	هُم					PRON	SUFFIX	SUFFIX|PRON:3MP					3	M	plural	
m-w-s023-a090-w003-01	w-s023-a090-w003	23:90:3:1	1	بِ					P	PREFIX	PREFIX|bi+								
m-w-s023-a090-w003-02	w-s023-a090-w003	23:90:3:2	2	ٱلْ					DET	PREFIX	PREFIX|Al+								
m-w-s023-a090-w003-03	w-s023-a090-w003	23:90:3:3	3	حَقِّ	حَقِّ	حَقّ	ح ق ق	حقق	N	STEM	STEM|POS:N|LEM:Haq~|ROOT:Hqq|M|GEN								GEN
m-w-s023-a090-w004-01	w-s023-a090-w004	23:90:4:1	1	وَ					CONJ	PREFIX	PREFIX|w:CONJ+								
m-w-s023-a090-w004-02	w-s023-a090-w004	23:90:4:2	2	إِنَّ	إِنَّ	إِنّ			ACC	STEM	STEM|POS:ACC|LEM:<in~|SP:<in~								ACC
m-w-s023-a090-w004-03	w-s023-a090-w004	23:90:4:3	3	هُمْ					PRON	SUFFIX	SUFFIX|PRON:3MP					3	M	plural	
m-w-s023-a090-w005-01	w-s023-a090-w005	23:90:5:1	1	لَ					EMPH	PREFIX	PREFIX|l:EMPH+								
m-w-s023-a090-w005-02	w-s023-a090-w005	23:90:5:2	2	كَٰذِبُونَ	كَٰذِبُونَ	كَٰذِب	ك ذ ب	كذب	N	STEM	STEM|POS:N|ACT|PCPL|LEM:ka`*ib|ROOT:k*b|MP|NOM			ACT			M	plural	NOM
m-w-s023-a091-w001-01	w-s023-a091-w001	23:91:1:1	1	مَا	مَا	مَا			NEG	STEM	STEM|POS:NEG|LEM:maA								
m-w-s023-a091-w002-01	w-s023-a091-w002	23:91:2:1	1	ٱتَّخَذَ	ٱتَّخَذَ	ٱتَّخَذَ	ء خ ذ	ءخذ	V	STEM	STEM|POS:V|PERF|(VIII)|LEM:{t~axa*a|ROOT:Ax*|3MS	PERF			VIII	3	M	singular	
m-w-s023-a091-w003-01	w-s023-a091-w003	23:91:3:1	1	ٱللَّهُ	ٱللَّهُ	ٱللَّه	ء ل ه	ءله	PN	STEM	STEM|POS:PN|LEM:{ll~ah|ROOT:Alh|NOM								NOM
m-w-s023-a091-w004-01	w-s023-a091-w004	23:91:4:1	1	مِن	مِن	مِن			P	STEM	STEM|POS:P|LEM:min								
m-w-s023-a091-w005-01	w-s023-a091-w005	23:91:5:1	1	وَلَدٍ	وَلَدٍ	وَلَد	و ل د	ولد	N	STEM	STEM|POS:N|LEM:walad|ROOT:wld|M|INDEF|GEN								GEN
m-w-s023-a091-w006-01	w-s023-a091-w006	23:91:6:1	1	وَ					CONJ	PREFIX	PREFIX|w:CONJ+								
m-w-s023-a091-w006-02	w-s023-a091-w006	23:91:6:2	2	مَا	مَا	مَا			NEG	STEM	STEM|POS:NEG|LEM:maA								
m-w-s023-a091-w007-01	w-s023-a091-w007	23:91:7:1	1	كَانَ	كَانَ	كَانَ	ك و ن	كون	V	STEM	STEM|POS:V|PERF|LEM:kaAna|ROOT:kwn|SP:kaAn|3MS	PERF				3	M	singular	
m-w-s023-a091-w008-01	w-s023-a091-w008	23:91:8:1	1	مَعَ	مَعَ	مَع			LOC	STEM	STEM|POS:LOC|LEM:maE|ACC								ACC
m-w-s023-a091-w008-02	w-s023-a091-w008	23:91:8:2	2	هُۥ					PRON	SUFFIX	SUFFIX|PRON:3MS					3	M	singular	
m-w-s023-a091-w009-01	w-s023-a091-w009	23:91:9:1	1	مِنْ	مِنْ	مِن			P	STEM	STEM|POS:P|LEM:min								
m-w-s023-a091-w010-01	w-s023-a091-w010	23:91:10:1	1	إِلَٰهٍ	إِلَٰهٍ	إِلَٰه	ء ل ه	ءله	N	STEM	STEM|POS:N|LEM:<ila`h|ROOT:Alh|MS|INDEF|GEN						M	singular	GEN
m-w-s023-a091-w011-01	w-s023-a091-w011	23:91:11:1	1	إِذًا	إِذًا	إِذًا			SUR	STEM	STEM|POS:SUR|LEM:<i*FA								
m-w-s023-a091-w012-01	w-s023-a091-w012	23:91:12:1	1	لَّ					EMPH	PREFIX	PREFIX|l:EMPH+								
m-w-s023-a091-w012-02	w-s023-a091-w012	23:91:12:2	2	ذَهَبَ	ذَهَبَ	ذَهَبَ	ذ ه ب	ذهب	V	STEM	STEM|POS:V|PERF|LEM:*ahaba|ROOT:*hb|3MS	PERF				3	M	singular	
m-w-s023-a091-w013-01	w-s023-a091-w013	23:91:13:1	1	كُلُّ	كُلُّ	كُلّ	ك ل ل	كلل	N	STEM	STEM|POS:N|LEM:kul~|ROOT:kll|M|NOM								NOM
m-w-s023-a091-w014-01	w-s023-a091-w014	23:91:14:1	1	إِلَٰهٍۭ	إِلَٰهٍۭ	إِلَٰه	ء ل ه	ءله	N	STEM	STEM|POS:N|LEM:<ila`h|ROOT:Alh|MS|INDEF|GEN						M	singular	GEN
m-w-s023-a091-w015-01	w-s023-a091-w015	23:91:15:1	1	بِ					P	PREFIX	PREFIX|bi+								
m-w-s023-a091-w015-02	w-s023-a091-w015	23:91:15:2	2	مَا	مَا	مَا			REL	STEM	STEM|POS:REL|LEM:maA								
m-w-s023-a091-w016-01	w-s023-a091-w016	23:91:16:1	1	خَلَقَ	خَلَقَ	خَلَقَ	خ ل ق	خلق	V	STEM	STEM|POS:V|PERF|LEM:xalaqa|ROOT:xlq|3MS	PERF				3	M	singular	
m-w-s023-a091-w017-01	w-s023-a091-w017	23:91:17:1	1	وَ					CONJ	PREFIX	PREFIX|w:CONJ+								
m-w-s023-a091-w017-02	w-s023-a091-w017	23:91:17:2	2	لَ					EMPH	PREFIX	PREFIX|l:EMPH+								
m-w-s023-a091-w017-03	w-s023-a091-w017	23:91:17:3	3	عَلَا	عَلَا	تَعَٰلَىٰ	ع ل و	علو	V	STEM	STEM|POS:V|PERF|LEM:taEa`laY`|ROOT:Elw|3MS	PERF				3	M	singular	
m-w-s023-a091-w018-01	w-s023-a091-w018	23:91:18:1	1	بَعْضُ	بَعْضُ	بَعْض	ب ع ض	بعض	N	STEM	STEM|POS:N|LEM:baEoD|ROOT:bED|M|NOM								NOM
m-w-s023-a091-w018-02	w-s023-a091-w018	23:91:18:2	2	هُمْ					PRON	SUFFIX	SUFFIX|PRON:3MP					3	M	plural	
m-w-s023-a091-w019-01	w-s023-a091-w019	23:91:19:1	1	عَلَىٰ	عَلَىٰ	عَلَىٰ			P	STEM	STEM|POS:P|LEM:EalaY`								
m-w-s023-a091-w020-01	w-s023-a091-w020	23:91:20:1	1	بَعْضٍ	بَعْضٍ	بَعْض	ب ع ض	بعض	N	STEM	STEM|POS:N|LEM:baEoD|ROOT:bED|M|INDEF|GEN								GEN
m-w-s023-a091-w021-01	w-s023-a091-w021	23:91:21:1	1	سُبْحَٰنَ	سُبْحَٰنَ	سُبْحَٰن	س ب ح	سبح	N	STEM	STEM|POS:N|LEM:suboHa`n|ROOT:sbH|M|ACC								ACC
m-w-s023-a091-w022-01	w-s023-a091-w022	23:91:22:1	1	ٱللَّهِ	ٱللَّهِ	ٱللَّه	ء ل ه	ءله	PN	STEM	STEM|POS:PN|LEM:{ll~ah|ROOT:Alh|GEN								GEN
m-w-s023-a091-w023-01	w-s023-a091-w023	23:91:23:1	1	عَ	عَ	عَن			P	STEM	STEM|POS:P|LEM:Ean								
m-w-s023-a091-w023-02	w-s023-a091-w023	23:91:23:2	2	مَّا	مَّا	مَا			REL	STEM	STEM|POS:REL|LEM:maA								
m-w-s023-a091-w024-01	w-s023-a091-w024	23:91:24:1	1	يَصِفُ	يَصِفُ	يَصِفُ	و ص ف	وصف	V	STEM	STEM|POS:V|IMPF|LEM:yaSifu|ROOT:wSf|3MP	IMPF				3	M	plural	
m-w-s023-a091-w024-02	w-s023-a091-w024	23:91:24:2	2	ونَ					PRON	SUFFIX	SUFFIX|PRON:3MP					3	M	plural	
m-w-s023-a092-w001-01	w-s023-a092-w001	23:92:1:1	1	عَٰلِمِ	عَٰلِمِ	عَٰلِم	ع ل م	علم	N	STEM	STEM|POS:N|ACT|PCPL|LEM:Ea`lim|ROOT:Elm|M|GEN			ACT					GEN
m-w-s023-a092-w002-01	w-s023-a092-w002	23:92:2:1	1	ٱلْ					DET	PREFIX	PREFIX|Al+								
m-w-s023-a092-w002-02	w-s023-a092-w002	23:92:2:2	2	غَيْبِ	غَيْبِ	غَيْب	غ ي ب	غيب	N	STEM	STEM|POS:N|LEM:gayob|ROOT:gyb|M|GEN								GEN
m-w-s023-a092-w003-01	w-s023-a092-w003	23:92:3:1	1	وَ					CONJ	PREFIX	PREFIX|w:CONJ+								
m-w-s023-a092-w003-02	w-s023-a092-w003	23:92:3:2	2	ٱل					DET	PREFIX	PREFIX|Al+								
m-w-s023-a092-w003-03	w-s023-a092-w003	23:92:3:3	3	شَّهَٰدَةِ	شَّهَٰدَةِ	شَهَٰدَة	ش ه د	شهد	N	STEM	STEM|POS:N|LEM:$aha`dap|ROOT:$hd|F|GEN								GEN
m-w-s023-a092-w004-01	w-s023-a092-w004	23:92:4:1	1	فَ					REM	PREFIX	PREFIX|f:REM+								
m-w-s023-a092-w004-02	w-s023-a092-w004	23:92:4:2	2	تَعَٰلَىٰ	تَعَٰلَىٰ	تَعَٰلَىٰ	ع ل و	علو	V	STEM	STEM|POS:V|PERF|LEM:taEa`laY`|ROOT:Elw|3MS	PERF				3	M	singular	
m-w-s023-a092-w005-01	w-s023-a092-w005	23:92:5:1	1	عَ	عَ	عَن			P	STEM	STEM|POS:P|LEM:Ean								
m-w-s023-a092-w005-02	w-s023-a092-w005	23:92:5:2	2	مَّا	مَّا	مَا			REL	STEM	STEM|POS:REL|LEM:maA								
m-w-s023-a092-w006-01	w-s023-a092-w006	23:92:6:1	1	يُشْرِكُ	يُشْرِكُ	أَشْرَكَ	ش ر ك	شرك	V	STEM	STEM|POS:V|IMPF|(IV)|LEM:>a$oraka|ROOT:$rk|3MP	IMPF			IV	3	M	plural	
m-w-s023-a092-w006-02	w-s023-a092-w006	23:92:6:2	2	ونَ					PRON	SUFFIX	SUFFIX|PRON:3MP					3	M	plural	
m-w-s023-a093-w001-01	w-s023-a093-w001	23:93:1:1	1	قُل	قُل	قَالَ	ق و ل	قول	V	STEM	STEM|POS:V|IMPV|LEM:qaAla|ROOT:qwl|2MS	IMPV				2	M	singular	
m-w-s023-a093-w002-01	w-s023-a093-w002	23:93:2:1	1	رَّبِّ	رَّبِّ	رَبّ	ر ب ب	ربب	N	STEM	STEM|POS:N|LEM:rab~|ROOT:rbb|M|NOM								NOM
m-w-s023-a093-w002-02	w-s023-a093-w002	23:93:2:2	2						PRON	SUFFIX	SUFFIX|PRON:1S					1		singular	
m-w-s023-a093-w003-01	w-s023-a093-w003	23:93:3:1	1	إِمَّا	إِمَّا	إِمَّا			EXL	STEM	STEM|POS:EXL|LEM:<im~aA								
m-w-s023-a093-w004-01	w-s023-a093-w004	23:93:4:1	1	تُرِيَ	تُرِيَ	أَرَيْ	ر ء ي	رءي	V	STEM	STEM|POS:V|IMPF|(IV)|LEM:>arayo|ROOT:rAy|2MS	IMPF			IV	2	M	singular	
m-w-s023-a093-w004-02	w-s023-a093-w004	23:93:4:2	2	نِّ					EMPH	SUFFIX	SUFFIX|+n:EMPH								
m-w-s023-a093-w004-03	w-s023-a093-w004	23:93:4:3	3	ى					PRON	SUFFIX	SUFFIX|PRON:1S					1		singular	
m-w-s023-a093-w005-01	w-s023-a093-w005	23:93:5:1	1	مَا	مَا	مَا			REL	STEM	STEM|POS:REL|LEM:maA								
m-w-s023-a093-w006-01	w-s023-a093-w006	23:93:6:1	1	يُوعَدُ	يُوعَدُ	وَعَدَ	و ع د	وعد	V	STEM	STEM|POS:V|IMPF|PASS|LEM:waEada|ROOT:wEd|3MP	IMPF		PASS		3	M	plural	
m-w-s023-a093-w006-02	w-s023-a093-w006	23:93:6:2	2	ونَ					PRON	SUFFIX	SUFFIX|PRON:3MP					3	M	plural	
m-w-s023-a094-w001-01	w-s023-a094-w001	23:94:1:1	1	رَبِّ	رَبِّ	رَبّ	ر ب ب	ربب	N	STEM	STEM|POS:N|LEM:rab~|ROOT:rbb|M|NOM								NOM
m-w-s023-a094-w001-02	w-s023-a094-w001	23:94:1:2	2						PRON	SUFFIX	SUFFIX|PRON:1S					1		singular	
m-w-s023-a094-w002-01	w-s023-a094-w002	23:94:2:1	1	فَ					REM	PREFIX	PREFIX|f:REM+								
m-w-s023-a094-w002-02	w-s023-a094-w002	23:94:2:2	2	لَا	لَا	لَا			PRO	STEM	STEM|POS:PRO|LEM:laA								
m-w-s023-a094-w003-01	w-s023-a094-w003	23:94:3:1	1	تَجْعَلْ	تَجْعَلْ	جَعَلَ	ج ع ل	جعل	V	STEM	STEM|POS:V|IMPF|LEM:jaEala|ROOT:jEl|2MS|MOOD:JUS	IMPF	JUS			2	M	singular	
m-w-s023-a094-w003-02	w-s023-a094-w003	23:94:3:2	2	نِى					PRON	SUFFIX	SUFFIX|PRON:1S					1		singular	
m-w-s023-a094-w004-01	w-s023-a094-w004	23:94:4:1	1	فِى	فِى	فِى			P	STEM	STEM|POS:P|LEM:fiY								
m-w-s023-a094-w005-01	w-s023-a094-w005	23:94:5:1	1	ٱلْ					DET	PREFIX	PREFIX|Al+								
m-w-s023-a094-w005-02	w-s023-a094-w005	23:94:5:2	2	قَوْمِ	قَوْمِ	قَوْم	ق و م	قوم	N	STEM	STEM|POS:N|LEM:qawom|ROOT:qwm|M|GEN								GEN
m-w-s023-a094-w006-01	w-s023-a094-w006	23:94:6:1	1	ٱل					DET	PREFIX	PREFIX|Al+								
m-w-s023-a094-w006-02	w-s023-a094-w006	23:94:6:2	2	ظَّٰلِمِينَ	ظَّٰلِمِينَ	ظَالِم	ظ ل م	ظلم	ADJ	STEM	STEM|POS:ADJ|ACT|PCPL|LEM:ZaAlim|ROOT:Zlm|MP|GEN			ACT			M	plural	GEN
m-w-s023-a095-w001-01	w-s023-a095-w001	23:95:1:1	1	وَ					CONJ	PREFIX	PREFIX|w:CONJ+								
m-w-s023-a095-w001-02	w-s023-a095-w001	23:95:1:2	2	إِنَّ	إِنَّ	إِنّ			ACC	STEM	STEM|POS:ACC|LEM:<in~|SP:<in~								ACC
m-w-s023-a095-w001-03	w-s023-a095-w001	23:95:1:3	3	ا					PRON	SUFFIX	SUFFIX|PRON:1P					1		plural	
m-w-s023-a095-w002-01	w-s023-a095-w002	23:95:2:1	1	عَلَىٰٓ	عَلَىٰٓ	عَلَىٰ			P	STEM	STEM|POS:P|LEM:EalaY`								
m-w-s023-a095-w003-01	w-s023-a095-w003	23:95:3:1	1	أَن	أَن	أَن			SUB	STEM	STEM|POS:SUB|LEM:>an								
m-w-s023-a095-w004-01	w-s023-a095-w004	23:95:4:1	1	نُّرِيَ	نُّرِيَ	أَرَيْ	ر ء ي	رءي	V	STEM	STEM|POS:V|IMPF|(IV)|LEM:>arayo|ROOT:rAy|1P|MOOD:SUBJ	IMPF	SUBJ		IV	1		plural	
m-w-s023-a095-w004-02	w-s023-a095-w004	23:95:4:2	2	كَ					PRON	SUFFIX	SUFFIX|PRON:2MS					2	M	singular	
m-w-s023-a095-w005-01	w-s023-a095-w005	23:95:5:1	1	مَا	مَا	مَا			REL	STEM	STEM|POS:REL|LEM:maA								
m-w-s023-a095-w006-01	w-s023-a095-w006	23:95:6:1	1	نَعِدُ	نَعِدُ	وَعَدَ	و ع د	وعد	V	STEM	STEM|POS:V|IMPF|LEM:waEada|ROOT:wEd|1P	IMPF				1		plural	
m-w-s023-a095-w006-02	w-s023-a095-w006	23:95:6:2	2	هُمْ					PRON	SUFFIX	SUFFIX|PRON:3MP					3	M	plural	
m-w-s023-a095-w007-01	w-s023-a095-w007	23:95:7:1	1	لَ					EMPH	PREFIX	PREFIX|l:EMPH+								
m-w-s023-a095-w007-02	w-s023-a095-w007	23:95:7:2	2	قَٰدِرُونَ	قَٰدِرُونَ	قَادِر	ق د ر	قدر	N	STEM	STEM|POS:N|ACT|PCPL|LEM:qaAdir|ROOT:qdr|MP|NOM			ACT			M	plural	NOM
m-w-s023-a096-w001-01	w-s023-a096-w001	23:96:1:1	1	ٱدْفَعْ	ٱدْفَعْ	دَفَعْ	د ف ع	دفع	V	STEM	STEM|POS:V|IMPV|LEM:dafaEo|ROOT:dfE|2MS	IMPV				2	M	singular	
m-w-s023-a096-w002-01	w-s023-a096-w002	23:96:2:1	1	بِ					P	PREFIX	PREFIX|bi+								
m-w-s023-a096-w002-02	w-s023-a096-w002	23:96:2:2	2	ٱلَّتِى	ٱلَّتِى	ٱلَّذِى			REL	STEM	STEM|POS:REL|LEM:{l~a*iY|FS						F	singular	
m-w-s023-a096-w003-01	w-s023-a096-w003	23:96:3:1	1	هِىَ	هِىَ				PRON	STEM	STEM|POS:PRON|3FS					3	F	singular	
m-w-s023-a096-w004-01	w-s023-a096-w004	23:96:4:1	1	أَحْسَنُ	أَحْسَنُ	أَحْسَن	ح س ن	حسن	N	STEM	STEM|POS:N|LEM:>aHosan|ROOT:Hsn|MS|NOM						M	singular	NOM
m-w-s023-a096-w005-01	w-s023-a096-w005	23:96:5:1	1	ٱل					DET	PREFIX	PREFIX|Al+								
m-w-s023-a096-w005-02	w-s023-a096-w005	23:96:5:2	2	سَّيِّئَةَ	سَّيِّئَةَ	سَيِّئَة	س و ء	سوء	N	STEM	STEM|POS:N|LEM:say~i}ap|ROOT:swA|F|ACC								ACC
m-w-s023-a096-w006-01	w-s023-a096-w006	23:96:6:1	1	نَحْنُ	نَحْنُ				PRON	STEM	STEM|POS:PRON|1P					1		plural	
m-w-s023-a096-w007-01	w-s023-a096-w007	23:96:7:1	1	أَعْلَمُ	أَعْلَمُ	أَعْلَم	ع ل م	علم	N	STEM	STEM|POS:N|LEM:>aEolam|ROOT:Elm|MS|NOM						M	singular	NOM
m-w-s023-a096-w008-01	w-s023-a096-w008	23:96:8:1	1	بِ					P	PREFIX	PREFIX|bi+								
m-w-s023-a096-w008-02	w-s023-a096-w008	23:96:8:2	2	مَا	مَا	مَا			REL	STEM	STEM|POS:REL|LEM:maA								
m-w-s023-a096-w009-01	w-s023-a096-w009	23:96:9:1	1	يَصِفُ	يَصِفُ	يَصِفُ	و ص ف	وصف	V	STEM	STEM|POS:V|IMPF|LEM:yaSifu|ROOT:wSf|3MP	IMPF				3	M	plural	
m-w-s023-a096-w009-02	w-s023-a096-w009	23:96:9:2	2	ونَ					PRON	SUFFIX	SUFFIX|PRON:3MP					3	M	plural	
m-w-s023-a097-w001-01	w-s023-a097-w001	23:97:1:1	1	وَ					CONJ	PREFIX	PREFIX|w:CONJ+								
m-w-s023-a097-w001-02	w-s023-a097-w001	23:97:1:2	2	قُل	قُل	قَالَ	ق و ل	قول	V	STEM	STEM|POS:V|IMPV|LEM:qaAla|ROOT:qwl|2MS	IMPV				2	M	singular	
m-w-s023-a097-w002-01	w-s023-a097-w002	23:97:2:1	1	رَّبِّ	رَّبِّ	رَبّ	ر ب ب	ربب	N	STEM	STEM|POS:N|LEM:rab~|ROOT:rbb|M|NOM								NOM
m-w-s023-a097-w002-02	w-s023-a097-w002	23:97:2:2	2						PRON	SUFFIX	SUFFIX|PRON:1S					1		singular	
m-w-s023-a097-w003-01	w-s023-a097-w003	23:97:3:1	1	أَعُوذُ	أَعُوذُ	عُذْ	ع و ذ	عوذ	V	STEM	STEM|POS:V|IMPF|LEM:Eu*o|ROOT:Ew*|1S	IMPF				1		singular	
m-w-s023-a097-w004-01	w-s023-a097-w004	23:97:4:1	1	بِ					P	PREFIX	PREFIX|bi+								
m-w-s023-a097-w004-02	w-s023-a097-w004	23:97:4:2	2	كَ	كَ				PRON	STEM	STEM|POS:PRON|2MS					2	M	singular	
m-w-s023-a097-w005-01	w-s023-a097-w005	23:97:5:1	1	مِنْ	مِنْ	مِن			P	STEM	STEM|POS:P|LEM:min								
m-w-s023-a097-w006-01	w-s023-a097-w006	23:97:6:1	1	هَمَزَٰتِ	هَمَزَٰتِ	هَمَزَٰت	ه م ز	همز	N	STEM	STEM|POS:N|LEM:hamaza`t|ROOT:hmz|FP|GEN						F	plural	GEN
m-w-s023-a097-w007-01	w-s023-a097-w007	23:97:7:1	1	ٱل					DET	PREFIX	PREFIX|Al+								
m-w-s023-a097-w007-02	w-s023-a097-w007	23:97:7:2	2	شَّيَٰطِينِ	شَّيَٰطِينِ	شَيْطَٰن	ش ط ن	شطن	PN	STEM	STEM|POS:PN|LEM:$ayoTa`n|ROOT:$Tn|MP|GEN						M	plural	GEN
m-w-s023-a098-w001-01	w-s023-a098-w001	23:98:1:1	1	وَ					CONJ	PREFIX	PREFIX|w:CONJ+								
m-w-s023-a098-w001-02	w-s023-a098-w001	23:98:1:2	2	أَعُوذُ	أَعُوذُ	عُذْ	ع و ذ	عوذ	V	STEM	STEM|POS:V|IMPF|LEM:Eu*o|ROOT:Ew*|1S	IMPF				1		singular	
m-w-s023-a098-w002-01	w-s023-a098-w002	23:98:2:1	1	بِ					P	PREFIX	PREFIX|bi+								
m-w-s023-a098-w002-02	w-s023-a098-w002	23:98:2:2	2	كَ	كَ				PRON	STEM	STEM|POS:PRON|2MS					2	M	singular	
m-w-s023-a098-w003-01	w-s023-a098-w003	23:98:3:1	1	رَبِّ	رَبِّ	رَبّ	ر ب ب	ربب	N	STEM	STEM|POS:N|LEM:rab~|ROOT:rbb|M|NOM								NOM
m-w-s023-a098-w003-02	w-s023-a098-w003	23:98:3:2	2						PRON	SUFFIX	SUFFIX|PRON:1S					1		singular	
m-w-s023-a098-w004-01	w-s023-a098-w004	23:98:4:1	1	أَن	أَن	أَن			SUB	STEM	STEM|POS:SUB|LEM:>an								
m-w-s023-a098-w005-01	w-s023-a098-w005	23:98:5:1	1	يَحْضُرُ	يَحْضُرُ	حَضَرَ	ح ض ر	حضر	V	STEM	STEM|POS:V|IMPF|LEM:HaDara|ROOT:HDr|3MP|MOOD:SUBJ	IMPF	SUBJ			3	M	plural	
m-w-s023-a098-w005-02	w-s023-a098-w005	23:98:5:2	2	و					PRON	SUFFIX	SUFFIX|PRON:3MP					3	M	plural	
m-w-s023-a098-w005-03	w-s023-a098-w005	23:98:5:3	3	نِ					PRON	SUFFIX	SUFFIX|PRON:1S					1		singular	
m-w-s023-a099-w001-01	w-s023-a099-w001	23:99:1:1	1	حَتَّىٰٓ	حَتَّىٰٓ	حَتَّىٰ			INC	STEM	STEM|POS:INC|LEM:Hat~aY`								
m-w-s023-a099-w002-01	w-s023-a099-w002	23:99:2:1	1	إِذَا	إِذَا	إِذَا			T	STEM	STEM|POS:T|LEM:<i*aA								
m-w-s023-a099-w003-01	w-s023-a099-w003	23:99:3:1	1	جَآءَ	جَآءَ	جَآءَ	ج ي ء	جيء	V	STEM	STEM|POS:V|PERF|LEM:jaA^'a|ROOT:jyA|3MS	PERF				3	M	singular	
m-w-s023-a099-w004-01	w-s023-a099-w004	23:99:4:1	1	أَحَدَ	أَحَدَ	أَحَد	ء ح د	ءحد	N	STEM	STEM|POS:N|LEM:>aHad|ROOT:AHd|M|ACC								ACC
m-w-s023-a099-w004-02	w-s023-a099-w004	23:99:4:2	2	هُمُ					PRON	SUFFIX	SUFFIX|PRON:3MP					3	M	plural	
m-w-s023-a099-w005-01	w-s023-a099-w005	23:99:5:1	1	ٱلْ					DET	PREFIX	PREFIX|Al+								
m-w-s023-a099-w005-02	w-s023-a099-w005	23:99:5:2	2	مَوْتُ	مَوْتُ	مَوْت	م و ت	موت	N	STEM	STEM|POS:N|LEM:mawot|ROOT:mwt|M|NOM								NOM
m-w-s023-a099-w006-01	w-s023-a099-w006	23:99:6:1	1	قَالَ	قَالَ	قَالَ	ق و ل	قول	V	STEM	STEM|POS:V|PERF|LEM:qaAla|ROOT:qwl|3MS	PERF				3	M	singular	
m-w-s023-a099-w007-01	w-s023-a099-w007	23:99:7:1	1	رَبِّ	رَبِّ	رَبّ	ر ب ب	ربب	N	STEM	STEM|POS:N|LEM:rab~|ROOT:rbb|M|NOM								NOM
m-w-s023-a099-w007-02	w-s023-a099-w007	23:99:7:2	2						PRON	SUFFIX	SUFFIX|PRON:1S					1		singular	
m-w-s023-a099-w008-01	w-s023-a099-w008	23:99:8:1	1	ٱرْجِعُ	ٱرْجِعُ	رَجَعَ	ر ج ع	رجع	V	STEM	STEM|POS:V|IMPV|LEM:rajaEa|ROOT:rjE|2MP	IMPV				2	M	plural	
m-w-s023-a099-w008-02	w-s023-a099-w008	23:99:8:2	2	و					PRON	SUFFIX	SUFFIX|PRON:2MP					2	M	plural	
m-w-s023-a099-w008-03	w-s023-a099-w008	23:99:8:3	3	نِ					PRON	SUFFIX	SUFFIX|PRON:1S					1		singular	
m-w-s023-a100-w001-01	w-s023-a100-w001	23:100:1:1	1	لَعَلِّ	لَعَلِّ	لَّعَلّ			ACC	STEM	STEM|POS:ACC|LEM:l~aEal~|SP:<in~								ACC
m-w-s023-a100-w001-02	w-s023-a100-w001	23:100:1:2	2	ىٓ					PRON	SUFFIX	SUFFIX|PRON:1S					1		singular	
m-w-s023-a100-w002-01	w-s023-a100-w002	23:100:2:1	1	أَعْمَلُ	أَعْمَلُ	عَمِلَ	ع م ل	عمل	V	STEM	STEM|POS:V|IMPF|LEM:Eamila|ROOT:Eml|1S	IMPF				1		singular	
m-w-s023-a100-w003-01	w-s023-a100-w003	23:100:3:1	1	صَٰلِحًا	صَٰلِحًا	صَٰلِح	ص ل ح	صلح	N	STEM	STEM|POS:N|ACT|PCPL|LEM:Sa`liH|ROOT:SlH|M|INDEF|ACC			ACT					ACC
m-w-s023-a100-w004-01	w-s023-a100-w004	23:100:4:1	1	فِي	فِي	فِى			P	STEM	STEM|POS:P|LEM:fiY								
m-w-s023-a100-w004-02	w-s023-a100-w004	23:100:4:2	2	مَا	مَا	مَا			REL	STEM	STEM|POS:REL|LEM:maA								
m-w-s023-a100-w005-01	w-s023-a100-w005	23:100:5:1	1	تَرَكْ	تَرَكْ	تَرَكَ	ت ر ك	ترك	V	STEM	STEM|POS:V|PERF|LEM:taraka|ROOT:trk|1S	PERF				1		singular	
m-w-s023-a100-w005-02	w-s023-a100-w005	23:100:5:2	2	تُ					PRON	SUFFIX	SUFFIX|PRON:1S					1		singular	
m-w-s023-a100-w006-01	w-s023-a100-w006	23:100:6:1	1	كَلَّآ	كَلَّآ	كَلَّا			AVR	STEM	STEM|POS:AVR|LEM:kal~aA								
m-w-s023-a100-w007-01	w-s023-a100-w007	23:100:7:1	1	إِنَّ	إِنَّ	إِنّ			ACC	STEM	STEM|POS:ACC|LEM:<in~|SP:<in~								ACC
m-w-s023-a100-w007-02	w-s023-a100-w007	23:100:7:2	2	هَا					PRON	SUFFIX	SUFFIX|PRON:3FS					3	F	singular	
m-w-s023-a100-w008-01	w-s023-a100-w008	23:100:8:1	1	كَلِمَةٌ	كَلِمَةٌ	كَلِمَة	ك ل م	كلم	N	STEM	STEM|POS:N|LEM:kalimap|ROOT:klm|F|INDEF|NOM								NOM
m-w-s023-a100-w009-01	w-s023-a100-w009	23:100:9:1	1	هُوَ	هُوَ				PRON	STEM	STEM|POS:PRON|3MS					3	M	singular	
m-w-s023-a100-w010-01	w-s023-a100-w010	23:100:10:1	1	قَآئِلُ	قَآئِلُ	قَآئِل	ق و ل	قول	N	STEM	STEM|POS:N|ACT|PCPL|LEM:qaA^}il|ROOT:qwl|M|NOM			ACT					NOM
m-w-s023-a100-w010-02	w-s023-a100-w010	23:100:10:2	2	هَا					PRON	SUFFIX	SUFFIX|PRON:3FS					3	F	singular	
m-w-s023-a100-w011-01	w-s023-a100-w011	23:100:11:1	1	وَ					CONJ	PREFIX	PREFIX|w:CONJ+								
m-w-s023-a100-w011-02	w-s023-a100-w011	23:100:11:2	2	مِن	مِن	مِن			P	STEM	STEM|POS:P|LEM:min								
m-w-s023-a100-w012-01	w-s023-a100-w012	23:100:12:1	1	وَرَآئِ	وَرَآئِ	وَرَآء	و ر ي	وري	N	STEM	STEM|POS:N|LEM:waraA^'|ROOT:wry|GEN								GEN
m-w-s023-a100-w012-02	w-s023-a100-w012	23:100:12:2	2	هِم					PRON	SUFFIX	SUFFIX|PRON:3MP					3	M	plural	
m-w-s023-a100-w013-01	w-s023-a100-w013	23:100:13:1	1	بَرْزَخٌ	بَرْزَخٌ	بَرْزَخ			N	STEM	STEM|POS:N|LEM:barozax|M|INDEF|NOM								NOM
m-w-s023-a100-w014-01	w-s023-a100-w014	23:100:14:1	1	إِلَىٰ	إِلَىٰ	إِلَىٰ			P	STEM	STEM|POS:P|LEM:<ilaY`								
m-w-s023-a100-w015-01	w-s023-a100-w015	23:100:15:1	1	يَوْمِ	يَوْمِ	يَوْم	ي و م	يوم	N	STEM	STEM|POS:N|LEM:yawom|ROOT:ywm|M|GEN								GEN
m-w-s023-a100-w016-01	w-s023-a100-w016	23:100:16:1	1	يُبْعَثُ	يُبْعَثُ	بَعَثَ	ب ع ث	بعث	V	STEM	STEM|POS:V|IMPF|PASS|LEM:baEava|ROOT:bEv|3MP	IMPF		PASS		3	M	plural	
m-w-s023-a100-w016-02	w-s023-a100-w016	23:100:16:2	2	ونَ					PRON	SUFFIX	SUFFIX|PRON:3MP					3	M	plural	
m-w-s023-a101-w001-01	w-s023-a101-w001	23:101:1:1	1	فَ					REM	PREFIX	PREFIX|f:REM+								
m-w-s023-a101-w001-02	w-s023-a101-w001	23:101:1:2	2	إِذَا	إِذَا	إِذَا			T	STEM	STEM|POS:T|LEM:<i*aA								
m-w-s023-a101-w002-01	w-s023-a101-w002	23:101:2:1	1	نُفِخَ	نُفِخَ	نَفَخَ	ن ف خ	نفخ	V	STEM	STEM|POS:V|PERF|PASS|LEM:nafaxa|ROOT:nfx|3MS	PERF		PASS		3	M	singular	
m-w-s023-a101-w003-01	w-s023-a101-w003	23:101:3:1	1	فِى	فِى	فِى			P	STEM	STEM|POS:P|LEM:fiY								
m-w-s023-a101-w004-01	w-s023-a101-w004	23:101:4:1	1	ٱل					DET	PREFIX	PREFIX|Al+								
m-w-s023-a101-w004-02	w-s023-a101-w004	23:101:4:2	2	صُّورِ	صُّورِ	صُّور	ص و ر	صور	N	STEM	STEM|POS:N|LEM:S~uwr|ROOT:Swr|M|GEN								GEN
m-w-s023-a101-w005-01	w-s023-a101-w005	23:101:5:1	1	فَ					REM	PREFIX	PREFIX|f:REM+								
m-w-s023-a101-w005-02	w-s023-a101-w005	23:101:5:2	2	لَآ	لَآ	لَا			NEG	STEM	STEM|POS:NEG|LEM:laA								
m-w-s023-a101-w006-01	w-s023-a101-w006	23:101:6:1	1	أَنسَابَ	أَنسَابَ	نَسَب	ن س ب	نسب	N	STEM	STEM|POS:N|LEM:nasab|ROOT:nsb|MP|ACC						M	plural	ACC
m-w-s023-a101-w007-01	w-s023-a101-w007	23:101:7:1	1	بَيْنَ	بَيْنَ	بَيْن	ب ي ن	بين	LOC	STEM	STEM|POS:LOC|LEM:bayon|ROOT:byn|ACC								ACC
m-w-s023-a101-w007-02	w-s023-a101-w007	23:101:7:2	2	هُمْ					PRON	SUFFIX	SUFFIX|PRON:3MP					3	M	plural	
m-w-s023-a101-w008-01	w-s023-a101-w008	23:101:8:1	1	يَوْمَئِذٍ	يَوْمَئِذٍ	يَوْمَئِذ			T	STEM	STEM|POS:T|LEM:yawoma}i*								
m-w-s023-a101-w009-01	w-s023-a101-w009	23:101:9:1	1	وَ					CONJ	PREFIX	PREFIX|w:CONJ+								
m-w-s023-a101-w009-02	w-s023-a101-w009	23:101:9:2	2	لَا	لَا	لَا			NEG	STEM	STEM|POS:NEG|LEM:laA								
m-w-s023-a101-w010-01	w-s023-a101-w010	23:101:10:1	1	يَتَسَآءَلُ	يَتَسَآءَلُ	يَتَسَآءَلُ	س ء ل	سءل	V	STEM	STEM|POS:V|IMPF|(VI)|LEM:yatasaA^'alu|ROOT:sAl|3MP	IMPF			VI	3	M	plural	
m-w-s023-a101-w010-02	w-s023-a101-w010	23:101:10:2	2	ونَ					PRON	SUFFIX	SUFFIX|PRON:3MP					3	M	plural	
m-w-s023-a102-w001-01	w-s023-a102-w001	23:102:1:1	1	فَ					REM	PREFIX	PREFIX|f:REM+								
m-w-s023-a102-w001-02	w-s023-a102-w001	23:102:1:2	2	مَن	مَن	مَن			REL	STEM	STEM|POS:REL|LEM:man								
m-w-s023-a102-w002-01	w-s023-a102-w002	23:102:2:1	1	ثَقُلَتْ	ثَقُلَتْ	ثَقُلَتْ	ث ق ل	ثقل	V	STEM	STEM|POS:V|PERF|LEM:vaqulato|ROOT:vql|3FS	PERF				3	F	singular	
m-w-s023-a102-w003-01	w-s023-a102-w003	23:102:3:1	1	مَوَٰزِينُ	مَوَٰزِينُ	مِيزَان	و ز ن	وزن	N	STEM	STEM|POS:N|LEM:miyzaAn|ROOT:wzn|MP|NOM						M	plural	NOM
m-w-s023-a102-w003-02	w-s023-a102-w003	23:102:3:2	2	هُۥ					PRON	SUFFIX	SUFFIX|PRON:3MS					3	M	singular	
m-w-s023-a102-w004-01	w-s023-a102-w004	23:102:4:1	1	فَ					REM	PREFIX	PREFIX|f:REM+								
m-w-s023-a102-w004-02	w-s023-a102-w004	23:102:4:2	2	أُو۟لَٰٓئِكَ	أُو۟لَٰٓئِكَ	أُولَٰٓئِك			DEM	STEM	STEM|POS:DEM|LEM:>uwla`^}ik|P								
m-w-s023-a102-w005-01	w-s023-a102-w005	23:102:5:1	1	هُمُ	هُمُ				PRON	STEM	STEM|POS:PRON|3MP					3	M	plural	
m-w-s023-a102-w006-01	w-s023-a102-w006	23:102:6:1	1	ٱلْ					DET	PREFIX	PREFIX|Al+								
m-w-s023-a102-w006-02	w-s023-a102-w006	23:102:6:2	2	مُفْلِحُونَ	مُفْلِحُونَ	مُفْلِحُون	ف ل ح	فلح	N	STEM	STEM|POS:N|ACT|PCPL|(IV)|LEM:mufoliHuwn|ROOT:flH|MP|NOM			ACT	IV		M	plural	NOM
m-w-s023-a103-w001-01	w-s023-a103-w001	23:103:1:1	1	وَ					CONJ	PREFIX	PREFIX|w:CONJ+								
m-w-s023-a103-w001-02	w-s023-a103-w001	23:103:1:2	2	مَنْ	مَنْ	مَن			REL	STEM	STEM|POS:REL|LEM:man								
m-w-s023-a103-w002-01	w-s023-a103-w002	23:103:2:1	1	خَفَّتْ	خَفَّتْ	خَفَّتْ	خ ف ف	خفف	V	STEM	STEM|POS:V|PERF|LEM:xaf~ato|ROOT:xff|3FS	PERF				3	F	singular	
m-w-s023-a103-w003-01	w-s023-a103-w003	23:103:3:1	1	مَوَٰزِينُ	مَوَٰزِينُ	مِيزَان	و ز ن	وزن	N	STEM	STEM|POS:N|LEM:miyzaAn|ROOT:wzn|MP|NOM						M	plural	NOM
m-w-s023-a103-w003-02	w-s023-a103-w003	23:103:3:2	2	هُۥ					PRON	SUFFIX	SUFFIX|PRON:3MS					3	M	singular	
m-w-s023-a103-w004-01	w-s023-a103-w004	23:103:4:1	1	فَ					REM	PREFIX	PREFIX|f:REM+								
m-w-s023-a103-w004-02	w-s023-a103-w004	23:103:4:2	2	أُو۟لَٰٓئِكَ	أُو۟لَٰٓئِكَ	أُولَٰٓئِك			DEM	STEM	STEM|POS:DEM|LEM:>uwla`^}ik|P								
m-w-s023-a103-w005-01	w-s023-a103-w005	23:103:5:1	1	ٱلَّذِينَ	ٱلَّذِينَ	ٱلَّذِى			REL	STEM	STEM|POS:REL|LEM:{l~a*iY|MP						M	plural	
m-w-s023-a103-w006-01	w-s023-a103-w006	23:103:6:1	1	خَسِرُ	خَسِرُ	خَسِرَ	خ س ر	خسر	V	STEM	STEM|POS:V|PERF|LEM:xasira|ROOT:xsr|3MP	PERF				3	M	plural	
m-w-s023-a103-w006-02	w-s023-a103-w006	23:103:6:2	2	وٓا۟					PRON	SUFFIX	SUFFIX|PRON:3MP					3	M	plural	
m-w-s023-a103-w007-01	w-s023-a103-w007	23:103:7:1	1	أَنفُسَ	أَنفُسَ	نَفْس	ن ف س	نفس	N	STEM	STEM|POS:N|LEM:nafos|ROOT:nfs|FP|ACC						F	plural	ACC
m-w-s023-a103-w007-02	w-s023-a103-w007	23:103:7:2	2	هُمْ					PRON	SUFFIX	SUFFIX|PRON:3MP					3	M	plural	
m-w-s023-a103-w008-01	w-s023-a103-w008	23:103:8:1	1	فِى	فِى	فِى			P	STEM	STEM|POS:P|LEM:fiY								
m-w-s023-a103-w009-01	w-s023-a103-w009	23:103:9:1	1	جَهَنَّمَ	جَهَنَّمَ	جَهَنَّم			PN	STEM	STEM|POS:PN|LEM:jahan~am|GEN								GEN
m-w-s023-a103-w010-01	w-s023-a103-w010	23:103:10:1	1	خَٰلِدُونَ	خَٰلِدُونَ	خَٰلِد	خ ل د	خلد	N	STEM	STEM|POS:N|ACT|PCPL|LEM:xa`lid|ROOT:xld|MP|NOM			ACT			M	plural	NOM
m-w-s023-a104-w001-01	w-s023-a104-w001	23:104:1:1	1	تَلْفَحُ	تَلْفَحُ	تَلْفَحُ	ل ف ح	لفح	V	STEM	STEM|POS:V|IMPF|LEM:talofaHu|ROOT:lfH|3FS	IMPF				3	F	singular	
m-w-s023-a104-w002-01	w-s023-a104-w002	23:104:2:1	1	وُجُوهَ	وُجُوهَ	وَجْه	و ج ه	وجه	N	STEM	STEM|POS:N|LEM:wajoh|ROOT:wjh|MP|ACC						M	plural	ACC
m-w-s023-a104-w002-02	w-s023-a104-w002	23:104:2:2	2	هُمُ					PRON	SUFFIX	SUFFIX|PRON:3MP					3	M	plural	
m-w-s023-a104-w003-01	w-s023-a104-w003	23:104:3:1	1	ٱل					DET	PREFIX	PREFIX|Al+								
m-w-s023-a104-w003-02	w-s023-a104-w003	23:104:3:2	2	نَّارُ	نَّارُ	نَار	ن و ر	نور	N	STEM	STEM|POS:N|LEM:naAr|ROOT:nwr|F|NOM								NOM
m-w-s023-a104-w004-01	w-s023-a104-w004	23:104:4:1	1	وَ					CONJ	PREFIX	PREFIX|w:CONJ+								
m-w-s023-a104-w004-02	w-s023-a104-w004	23:104:4:2	2	هُمْ	هُمْ				PRON	STEM	STEM|POS:PRON|3MP					3	M	plural	
m-w-s023-a104-w005-01	w-s023-a104-w005	23:104:5:1	1	فِي	فِي	فِى			P	STEM	STEM|POS:P|LEM:fiY								
m-w-s023-a104-w005-02	w-s023-a104-w005	23:104:5:2	2	هَا					PRON	SUFFIX	SUFFIX|PRON:3FS					3	F	singular	
m-w-s023-a104-w006-01	w-s023-a104-w006	23:104:6:1	1	كَٰلِحُونَ	كَٰلِحُونَ	كَٰلِحُون	ك ل ح	كلح	N	STEM	STEM|POS:N|ACT|PCPL|LEM:ka`liHuwn|ROOT:klH|MP|NOM			ACT			M	plural	NOM
m-w-s023-a105-w001-01	w-s023-a105-w001	23:105:1:1	1	أَ					INTG	PREFIX	PREFIX|A:INTG+								
m-w-s023-a105-w001-02	w-s023-a105-w001	23:105:1:2	2	لَمْ	لَمْ	لَم			NEG	STEM	STEM|POS:NEG|LEM:lam								
m-w-s023-a105-w002-01	w-s023-a105-w002	23:105:2:1	1	تَكُنْ	تَكُنْ	كَانَ	ك و ن	كون	V	STEM	STEM|POS:V|IMPF|LEM:kaAna|ROOT:kwn|SP:kaAn|3FS|MOOD:JUS	IMPF	JUS			3	F	singular	
m-w-s023-a105-w003-01	w-s023-a105-w003	23:105:3:1	1	ءَايَٰتِ	ءَايَٰتِ	ءَايَة	ء ي ي	ءيي	N	STEM	STEM|POS:N|LEM:'aAyap|ROOT:Ayy|FP|NOM						F	plural	NOM
m-w-s023-a105-w003-02	w-s023-a105-w003	23:105:3:2	2	ى					PRON	SUFFIX	SUFFIX|PRON:1S					1		singular	
m-w-s023-a105-w004-01	w-s023-a105-w004	23:105:4:1	1	تُتْلَىٰ	تُتْلَىٰ	تَلَىٰ	ت ل و	تلو	V	STEM	STEM|POS:V|IMPF|PASS|LEM:talaY`|ROOT:tlw|3FS	IMPF		PASS		3	F	singular	
m-w-s023-a105-w005-01	w-s023-a105-w005	23:105:5:1	1	عَلَيْ	عَلَيْ	عَلَىٰ			P	STEM	STEM|POS:P|LEM:EalaY`								
m-w-s023-a105-w005-02	w-s023-a105-w005	23:105:5:2	2	كُمْ					PRON	SUFFIX	SUFFIX|PRON:2MP					2	M	plural	
m-w-s023-a105-w006-01	w-s023-a105-w006	23:105:6:1	1	فَ					CONJ	PREFIX	PREFIX|f:CONJ+								
m-w-s023-a105-w006-02	w-s023-a105-w006	23:105:6:2	2	كُن	كُن	كَانَ	ك و ن	كون	V	STEM	STEM|POS:V|PERF|LEM:kaAna|ROOT:kwn|SP:kaAn|2MP	PERF				2	M	plural	
m-w-s023-a105-w006-03	w-s023-a105-w006	23:105:6:3	3	تُم					PRON	SUFFIX	SUFFIX|PRON:2MP					2	M	plural	
m-w-s023-a105-w007-01	w-s023-a105-w007	23:105:7:1	1	بِ					P	PREFIX	PREFIX|bi+								
m-w-s023-a105-w007-02	w-s023-a105-w007	23:105:7:2	2	هَا	هَا				PRON	STEM	STEM|POS:PRON|3FS					3	F	singular	
m-w-s023-a105-w008-01	w-s023-a105-w008	23:105:8:1	1	تُكَذِّبُ	تُكَذِّبُ	كَذَّبَ	ك ذ ب	كذب	V	STEM	STEM|POS:V|IMPF|(II)|LEM:ka*~aba|ROOT:k*b|2MP	IMPF			II	2	M	plural	
m-w-s023-a105-w008-02	w-s023-a105-w008	23:105:8:2	2	ونَ					PRON	SUFFIX	SUFFIX|PRON:2MP					2	M	plural	
m-w-s023-a106-w001-01	w-s023-a106-w001	23:106:1:1	1	قَالُ	قَالُ	قَالَ	ق و ل	قول	V	STEM	STEM|POS:V|PERF|LEM:qaAla|ROOT:qwl|3MP	PERF				3	M	plural	
m-w-s023-a106-w001-02	w-s023-a106-w001	23:106:1:2	2	وا۟					PRON	SUFFIX	SUFFIX|PRON:3MP					3	M	plural	
m-w-s023-a106-w002-01	w-s023-a106-w002	23:106:2:1	1	رَبَّ	رَبَّ	رَبّ	ر ب ب	ربب	N	STEM	STEM|POS:N|LEM:rab~|ROOT:rbb|M|ACC								ACC
m-w-s023-a106-w002-02	w-s023-a106-w002	23:106:2:2	2	نَا					PRON	SUFFIX	SUFFIX|PRON:1P					1		plural	
m-w-s023-a106-w003-01	w-s023-a106-w003	23:106:3:1	1	غَلَبَتْ	غَلَبَتْ	غَلَبُ	غ ل ب	غلب	V	STEM	STEM|POS:V|PERF|LEM:galabu|ROOT:glb|3FS	PERF				3	F	singular	
m-w-s023-a106-w004-01	w-s023-a106-w004	23:106:4:1	1	عَلَيْ	عَلَيْ	عَلَىٰ			P	STEM	STEM|POS:P|LEM:EalaY`								
m-w-s023-a106-w004-02	w-s023-a106-w004	23:106:4:2	2	نَا					PRON	SUFFIX	SUFFIX|PRON:1P					1		plural	
m-w-s023-a106-w005-01	w-s023-a106-w005	23:106:5:1	1	شِقْوَتُ	شِقْوَتُ	شِقْوَت	ش ق و	شقو	N	STEM	STEM|POS:N|LEM:$iqowat|ROOT:$qw|F|NOM								NOM
m-w-s023-a106-w005-02	w-s023-a106-w005	23:106:5:2	2	نَا					PRON	SUFFIX	SUFFIX|PRON:1P					1		plural	
m-w-s023-a106-w006-01	w-s023-a106-w006	23:106:6:1	1	وَ					CONJ	PREFIX	PREFIX|w:CONJ+								
m-w-s023-a106-w006-02	w-s023-a106-w006	23:106:6:2	2	كُ	كُ	كَانَ	ك و ن	كون	V	STEM	STEM|POS:V|PERF|LEM:kaAna|ROOT:kwn|SP:kaAn|1P	PERF				1		plural	
m-w-s023-a106-w006-03	w-s023-a106-w006	23:106:6:3	3	نَّا					PRON	SUFFIX	SUFFIX|PRON:1P					1		plural	
m-w-s023-a106-w007-01	w-s023-a106-w007	23:106:7:1	1	قَوْمًا	قَوْمًا	قَوْم	ق و م	قوم	N	STEM	STEM|POS:N|LEM:qawom|ROOT:qwm|M|INDEF|ACC								ACC
m-w-s023-a106-w008-01	w-s023-a106-w008	23:106:8:1	1	ضَآلِّينَ	ضَآلِّينَ	ضَآلّ	ض ل ل	ضلل	ADJ	STEM	STEM|POS:ADJ|ACT|PCPL|LEM:DaA^l~|ROOT:Dll|MP|ACC			ACT			M	plural	ACC
m-w-s023-a107-w001-01	w-s023-a107-w001	23:107:1:1	1	رَبَّ	رَبَّ	رَبّ	ر ب ب	ربب	N	STEM	STEM|POS:N|LEM:rab~|ROOT:rbb|M|ACC								ACC
m-w-s023-a107-w001-02	w-s023-a107-w001	23:107:1:2	2	نَآ					PRON	SUFFIX	SUFFIX|PRON:1P					1		plural	
m-w-s023-a107-w002-01	w-s023-a107-w002	23:107:2:1	1	أَخْرِجْ	أَخْرِجْ	أَخْرَجَ	خ ر ج	خرج	V	STEM	STEM|POS:V|IMPV|(IV)|LEM:>axoraja|ROOT:xrj|2MS	IMPV			IV	2	M	singular	
m-w-s023-a107-w002-02	w-s023-a107-w002	23:107:2:2	2	نَا					PRON	SUFFIX	SUFFIX|PRON:1P					1		plural	
m-w-s023-a107-w003-01	w-s023-a107-w003	23:107:3:1	1	مِنْ	مِنْ	مِن			P	STEM	STEM|POS:P|LEM:min								
m-w-s023-a107-w003-02	w-s023-a107-w003	23:107:3:2	2	هَا					PRON	SUFFIX	SUFFIX|PRON:3FS					3	F	singular	
m-w-s023-a107-w004-01	w-s023-a107-w004	23:107:4:1	1	فَ					REM	PREFIX	PREFIX|f:REM+								
m-w-s023-a107-w004-02	w-s023-a107-w004	23:107:4:2	2	إِنْ	إِنْ	إِن			COND	STEM	STEM|POS:COND|LEM:<in								
m-w-s023-a107-w005-01	w-s023-a107-w005	23:107:5:1	1	عُدْ	عُدْ	عَادَ	ع و د	عود	V	STEM	STEM|POS:V|PERF|LEM:EaAda|ROOT:Ewd|1P	PERF				1		plural	
m-w-s023-a107-w005-02	w-s023-a107-w005	23:107:5:2	2	نَا					PRON	SUFFIX	SUFFIX|PRON:1P					1		plural	
m-w-s023-a107-w006-01	w-s023-a107-w006	23:107:6:1	1	فَ					REM	PREFIX	PREFIX|f:REM+								
m-w-s023-a107-w006-02	w-s023-a107-w006	23:107:6:2	2	إِنَّ	إِنَّ	إِنّ			ACC	STEM	STEM|POS:ACC|LEM:<in~|SP:<in~								ACC
m-w-s023-a107-w006-03	w-s023-a107-w006	23:107:6:3	3	ا					PRON	SUFFIX	SUFFIX|PRON:1P					1		plural	
m-w-s023-a107-w007-01	w-s023-a107-w007	23:107:7:1	1	ظَٰلِمُونَ	ظَٰلِمُونَ	ظَالِم	ظ ل م	ظلم	N	STEM	STEM|POS:N|ACT|PCPL|LEM:ZaAlim|ROOT:Zlm|MP|NOM			ACT			M	plural	NOM
m-w-s023-a108-w001-01	w-s023-a108-w001	23:108:1:1	1	قَالَ	قَالَ	قَالَ	ق و ل	قول	V	STEM	STEM|POS:V|PERF|LEM:qaAla|ROOT:qwl|3MS	PERF				3	M	singular	
m-w-s023-a108-w002-01	w-s023-a108-w002	23:108:2:1	1	ٱخْسَـُٔ	ٱخْسَـُٔ	ٱخْسَـُٔ	خ س ء	خسء	V	STEM	STEM|POS:V|IMPV|LEM:{xosa_#u|ROOT:xsA|2MP	IMPV				2	M	plural	
m-w-s023-a108-w002-02	w-s023-a108-w002	23:108:2:2	2	وا۟					PRON	SUFFIX	SUFFIX|PRON:2MP					2	M	plural	
m-w-s023-a108-w003-01	w-s023-a108-w003	23:108:3:1	1	فِي	فِي	فِى			P	STEM	STEM|POS:P|LEM:fiY								
m-w-s023-a108-w003-02	w-s023-a108-w003	23:108:3:2	2	هَا					PRON	SUFFIX	SUFFIX|PRON:3FS					3	F	singular	
m-w-s023-a108-w004-01	w-s023-a108-w004	23:108:4:1	1	وَ					CONJ	PREFIX	PREFIX|w:CONJ+								
m-w-s023-a108-w004-02	w-s023-a108-w004	23:108:4:2	2	لَا	لَا	لَا			PRO	STEM	STEM|POS:PRO|LEM:laA								
m-w-s023-a108-w005-01	w-s023-a108-w005	23:108:5:1	1	تُكَلِّمُ	تُكَلِّمُ	كَلَّمَ	ك ل م	كلم	V	STEM	STEM|POS:V|IMPF|(II)|LEM:kal~ama|ROOT:klm|2MP|MOOD:JUS	IMPF	JUS		II	2	M	plural	
m-w-s023-a108-w005-02	w-s023-a108-w005	23:108:5:2	2	و					PRON	SUFFIX	SUFFIX|PRON:2MP					2	M	plural	
m-w-s023-a108-w005-03	w-s023-a108-w005	23:108:5:3	3	نِ					PRON	SUFFIX	SUFFIX|PRON:1S					1		singular	
m-w-s023-a109-w001-01	w-s023-a109-w001	23:109:1:1	1	إِنَّ	إِنَّ	إِنّ			ACC	STEM	STEM|POS:ACC|LEM:<in~|SP:<in~								ACC
m-w-s023-a109-w001-02	w-s023-a109-w001	23:109:1:2	2	هُۥ					PRON	SUFFIX	SUFFIX|PRON:3MS					3	M	singular	
m-w-s023-a109-w002-01	w-s023-a109-w002	23:109:2:1	1	كَانَ	كَانَ	كَانَ	ك و ن	كون	V	STEM	STEM|POS:V|PERF|LEM:kaAna|ROOT:kwn|SP:kaAn|3MS	PERF				3	M	singular	
m-w-s023-a109-w003-01	w-s023-a109-w003	23:109:3:1	1	فَرِيقٌ	فَرِيقٌ	فَرِيق	ف ر ق	فرق	N	STEM	STEM|POS:N|LEM:fariyq|ROOT:frq|M|INDEF|NOM								NOM
m-w-s023-a109-w004-01	w-s023-a109-w004	23:109:4:1	1	مِّنْ	مِّنْ	مِن			P	STEM	STEM|POS:P|LEM:min								
m-w-s023-a109-w005-01	w-s023-a109-w005	23:109:5:1	1	عِبَادِ	عِبَادِ	عَبْد	ع ب د	عبد	N	STEM	STEM|POS:N|LEM:Eabod|ROOT:Ebd|MP|GEN						M	plural	GEN
m-w-s023-a109-w005-02	w-s023-a109-w005	23:109:5:2	2	ى					PRON	SUFFIX	SUFFIX|PRON:1S					1		singular	
m-w-s023-a109-w006-01	w-s023-a109-w006	23:109:6:1	1	يَقُولُ	يَقُولُ	قَالَ	ق و ل	قول	V	STEM	STEM|POS:V|IMPF|LEM:qaAla|ROOT:qwl|3MP	IMPF				3	M	plural	
m-w-s023-a109-w006-02	w-s023-a109-w006	23:109:6:2	2	ونَ					PRON	SUFFIX	SUFFIX|PRON:3MP					3	M	plural	
m-w-s023-a109-w007-01	w-s023-a109-w007	23:109:7:1	1	رَبَّ	رَبَّ	رَبّ	ر ب ب	ربب	N	STEM	STEM|POS:N|LEM:rab~|ROOT:rbb|M|ACC								ACC
m-w-s023-a109-w007-02	w-s023-a109-w007	23:109:7:2	2	نَآ					PRON	SUFFIX	SUFFIX|PRON:1P					1		plural	
m-w-s023-a109-w008-01	w-s023-a109-w008	23:109:8:1	1	ءَامَ	ءَامَ	ءَامَنَ	ء م ن	ءمن	V	STEM	STEM|POS:V|PERF|(IV)|LEM:'aAmana|ROOT:Amn|1P	PERF			IV	1		plural	
m-w-s023-a109-w008-02	w-s023-a109-w008	23:109:8:2	2	نَّا					PRON	SUFFIX	SUFFIX|PRON:1P					1		plural	
m-w-s023-a109-w009-01	w-s023-a109-w009	23:109:9:1	1	فَ					REM	PREFIX	PREFIX|f:REM+								
m-w-s023-a109-w009-02	w-s023-a109-w009	23:109:9:2	2	ٱغْفِرْ	ٱغْفِرْ	غَفَرَ	غ ف ر	غفر	V	STEM	STEM|POS:V|IMPV|LEM:gafara|ROOT:gfr|2MS	IMPV				2	M	singular	
m-w-s023-a109-w010-01	w-s023-a109-w010	23:109:10:1	1	لَ					P	PREFIX	PREFIX|l:P+								
m-w-s023-a109-w010-02	w-s023-a109-w010	23:109:10:2	2	نَا	نَا				PRON	STEM	STEM|POS:PRON|1P					1		plural	
m-w-s023-a109-w011-01	w-s023-a109-w011	23:109:11:1	1	وَ					CONJ	PREFIX	PREFIX|w:CONJ+								
m-w-s023-a109-w011-02	w-s023-a109-w011	23:109:11:2	2	ٱرْحَمْ	ٱرْحَمْ	رَّحِمَ	ر ح م	رحم	V	STEM	STEM|POS:V|IMPV|LEM:r~aHima|ROOT:rHm|2MS	IMPV				2	M	singular	
m-w-s023-a109-w011-03	w-s023-a109-w011	23:109:11:3	3	نَا					PRON	SUFFIX	SUFFIX|PRON:1P					1		plural	
m-w-s023-a109-w012-01	w-s023-a109-w012	23:109:12:1	1	وَ					CONJ	PREFIX	PREFIX|w:CONJ+								
m-w-s023-a109-w012-02	w-s023-a109-w012	23:109:12:2	2	أَنتَ	أَنتَ				PRON	STEM	STEM|POS:PRON|2MS					2	M	singular	
m-w-s023-a109-w013-01	w-s023-a109-w013	23:109:13:1	1	خَيْرُ	خَيْرُ	خَيْر	خ ي ر	خير	N	STEM	STEM|POS:N|LEM:xayor|ROOT:xyr|MS|NOM						M	singular	NOM
m-w-s023-a109-w014-01	w-s023-a109-w014	23:109:14:1	1	ٱل					DET	PREFIX	PREFIX|Al+								
m-w-s023-a109-w014-02	w-s023-a109-w014	23:109:14:2	2	رَّٰحِمِينَ	رَّٰحِمِينَ	رَّٰحِمِين	ر ح م	رحم	N	STEM	STEM|POS:N|ACT|PCPL|LEM:r~a`Himiyn|ROOT:rHm|MP|GEN			ACT			M	plural	GEN
m-w-s023-a110-w001-01	w-s023-a110-w001	23:110:1:1	1	فَ					REM	PREFIX	PREFIX|f:REM+								
m-w-s023-a110-w001-02	w-s023-a110-w001	23:110:1:2	2	ٱتَّخَذْ	ٱتَّخَذْ	ٱتَّخَذَ	ء خ ذ	ءخذ	V	STEM	STEM|POS:V|PERF|(VIII)|LEM:{t~axa*a|ROOT:Ax*|2MP	PERF			VIII	2	M	plural	
m-w-s023-a110-w001-03	w-s023-a110-w001	23:110:1:3	3	تُمُو					PRON	SUFFIX	SUFFIX|PRON:2MP					2	M	plural	
m-w-s023-a110-w001-04	w-s023-a110-w001	23:110:1:4	4	هُمْ					PRON	SUFFIX	SUFFIX|PRON:3MP					3	M	plural	
m-w-s023-a110-w002-01	w-s023-a110-w002	23:110:2:1	1	سِخْرِيًّا	سِخْرِيًّا	سِخْرِيّ	س خ ر	سخر	N	STEM	STEM|POS:N|LEM:sixoriy~|ROOT:sxr|MS|INDEF|ACC						M	singular	ACC
m-w-s023-a110-w003-01	w-s023-a110-w003	23:110:3:1	1	حَتَّىٰٓ	حَتَّىٰٓ	حَتَّىٰ			P	STEM	STEM|POS:P|LEM:Hat~aY`								
m-w-s023-a110-w004-01	w-s023-a110-w004	23:110:4:1	1	أَنسَ	أَنسَ	أَنسَىٰ	ن س ي	نسي	V	STEM	STEM|POS:V|PERF|(IV)|LEM:>ansaY`|ROOT:nsy|3MP	PERF			IV	3	M	plural	
m-w-s023-a110-w004-02	w-s023-a110-w004	23:110:4:2	2	وْ					PRON	SUFFIX	SUFFIX|PRON:3MP					3	M	plural	
m-w-s023-a110-w004-03	w-s023-a110-w004	23:110:4:3	3	كُمْ					PRON	SUFFIX	SUFFIX|PRON:2MP					2	M	plural	
m-w-s023-a110-w005-01	w-s023-a110-w005	23:110:5:1	1	ذِكْرِ	ذِكْرِ	ذِكْر	ذ ك ر	ذكر	N	STEM	STEM|POS:N|VN|LEM:*ikor|ROOT:*kr|M|NOM								NOM
m-w-s023-a110-w005-02	w-s023-a110-w005	23:110:5:2	2	ى					PRON	SUFFIX	SUFFIX|PRON:1S					1		singular	
m-w-s023-a110-w006-01	w-s023-a110-w006	23:110:6:1	1	وَ					CONJ	PREFIX	PREFIX|w:CONJ+								
m-w-s023-a110-w006-02	w-s023-a110-w006	23:110:6:2	2	كُن	كُن	كَانَ	ك و ن	كون	V	STEM	STEM|POS:V|PERF|LEM:kaAna|ROOT:kwn|SP:kaAn|2MP	PERF				2	M	plural	
m-w-s023-a110-w006-03	w-s023-a110-w006	23:110:6:3	3	تُم					PRON	SUFFIX	SUFFIX|PRON:2MP					2	M	plural	
m-w-s023-a110-w007-01	w-s023-a110-w007	23:110:7:1	1	مِّنْ	مِّنْ	مِن			P	STEM	STEM|POS:P|LEM:min								
m-w-s023-a110-w007-02	w-s023-a110-w007	23:110:7:2	2	هُمْ					PRON	SUFFIX	SUFFIX|PRON:3MP					3	M	plural	
m-w-s023-a110-w008-01	w-s023-a110-w008	23:110:8:1	1	تَضْحَكُ	تَضْحَكُ	ضَحِكَتْ	ض ح ك	ضحك	V	STEM	STEM|POS:V|IMPF|LEM:DaHikato|ROOT:DHk|2MP	IMPF				2	M	plural	
m-w-s023-a110-w008-02	w-s023-a110-w008	23:110:8:2	2	ونَ					PRON	SUFFIX	SUFFIX|PRON:2MP					2	M	plural	
m-w-s023-a111-w001-01	w-s023-a111-w001	23:111:1:1	1	إِنِّ	إِنِّ	إِنّ			ACC	STEM	STEM|POS:ACC|LEM:<in~|SP:<in~								ACC
m-w-s023-a111-w001-02	w-s023-a111-w001	23:111:1:2	2	ى					PRON	SUFFIX	SUFFIX|PRON:1S					1		singular	
m-w-s023-a111-w002-01	w-s023-a111-w002	23:111:2:1	1	جَزَيْ	جَزَيْ	جَزَىٰ	ج ز ي	جزي	V	STEM	STEM|POS:V|PERF|LEM:jazaY`|ROOT:jzy|1S	PERF				1		singular	
m-w-s023-a111-w002-02	w-s023-a111-w002	23:111:2:2	2	تُ					PRON	SUFFIX	SUFFIX|PRON:1S					1		singular	
m-w-s023-a111-w002-03	w-s023-a111-w002	23:111:2:3	3	هُمُ					PRON	SUFFIX	SUFFIX|PRON:3MP					3	M	plural	
m-w-s023-a111-w003-01	w-s023-a111-w003	23:111:3:1	1	ٱلْ					DET	PREFIX	PREFIX|Al+								
m-w-s023-a111-w003-02	w-s023-a111-w003	23:111:3:2	2	يَوْمَ	يَوْمَ	يَوْم	ي و م	يوم	N	STEM	STEM|POS:N|LEM:yawom|ROOT:ywm|M|ACC								ACC
m-w-s023-a111-w004-01	w-s023-a111-w004	23:111:4:1	1	بِ					P	PREFIX	PREFIX|bi+								
m-w-s023-a111-w004-02	w-s023-a111-w004	23:111:4:2	2	مَا	مَا	مَا			REL	STEM	STEM|POS:REL|LEM:maA								
m-w-s023-a111-w005-01	w-s023-a111-w005	23:111:5:1	1	صَبَرُ	صَبَرُ	صَبَرَ	ص ب ر	صبر	V	STEM	STEM|POS:V|PERF|LEM:Sabara|ROOT:Sbr|3MP	PERF				3	M	plural	
m-w-s023-a111-w005-02	w-s023-a111-w005	23:111:5:2	2	وٓا۟					PRON	SUFFIX	SUFFIX|PRON:3MP					3	M	plural	
m-w-s023-a111-w006-01	w-s023-a111-w006	23:111:6:1	1	أَنَّ	أَنَّ	أَنّ			ACC	STEM	STEM|POS:ACC|LEM:>an~|SP:<in~								ACC
m-w-s023-a111-w006-02	w-s023-a111-w006	23:111:6:2	2	هُمْ					PRON	SUFFIX	SUFFIX|PRON:3MP					3	M	plural	
m-w-s023-a111-w007-01	w-s023-a111-w007	23:111:7:1	1	هُمُ	هُمُ				PRON	STEM	STEM|POS:PRON|3MP					3	M	plural	
m-w-s023-a111-w008-01	w-s023-a111-w008	23:111:8:1	1	ٱلْ					DET	PREFIX	PREFIX|Al+								
m-w-s023-a111-w008-02	w-s023-a111-w008	23:111:8:2	2	فَآئِزُونَ	فَآئِزُونَ	فَآئِزُون	ف و ز	فوز	N	STEM	STEM|POS:N|ACT|PCPL|LEM:faA^}izuwn|ROOT:fwz|MP|NOM			ACT			M	plural	NOM
m-w-s023-a112-w001-01	w-s023-a112-w001	23:112:1:1	1	قَٰلَ	قَٰلَ	قَالَ	ق و ل	قول	V	STEM	STEM|POS:V|PERF|LEM:qaAla|ROOT:qwl|3MS	PERF				3	M	singular	
m-w-s023-a112-w002-01	w-s023-a112-w002	23:112:2:1	1	كَمْ	كَمْ	كَم			INTG	STEM	STEM|POS:INTG|LEM:kam								
m-w-s023-a112-w003-01	w-s023-a112-w003	23:112:3:1	1	لَبِثْ	لَبِثْ	لَبِثَ	ل ب ث	لبث	V	STEM	STEM|POS:V|PERF|LEM:labiva|ROOT:lbv|2MP	PERF				2	M	plural	
m-w-s023-a112-w003-02	w-s023-a112-w003	23:112:3:2	2	تُمْ					PRON	SUFFIX	SUFFIX|PRON:2MP					2	M	plural	
m-w-s023-a112-w004-01	w-s023-a112-w004	23:112:4:1	1	فِى	فِى	فِى			P	STEM	STEM|POS:P|LEM:fiY								
m-w-s023-a112-w005-01	w-s023-a112-w005	23:112:5:1	1	ٱلْ					DET	PREFIX	PREFIX|Al+								
m-w-s023-a112-w005-02	w-s023-a112-w005	23:112:5:2	2	أَرْضِ	أَرْضِ	أَرْض	ء ر ض	ءرض	N	STEM	STEM|POS:N|LEM:>aroD|ROOT:ArD|F|GEN								GEN
m-w-s023-a112-w006-01	w-s023-a112-w006	23:112:6:1	1	عَدَدَ	عَدَدَ	عَدَد	ع د د	عدد	N	STEM	STEM|POS:N|LEM:Eadad|ROOT:Edd|M|ACC								ACC
m-w-s023-a112-w007-01	w-s023-a112-w007	23:112:7:1	1	سِنِينَ	سِنِينَ	سِنِين	س ن و	سنو	N	STEM	STEM|POS:N|LEM:siniyn|ROOT:snw|MP|GEN						M	plural	GEN
m-w-s023-a113-w001-01	w-s023-a113-w001	23:113:1:1	1	قَالُ	قَالُ	قَالَ	ق و ل	قول	V	STEM	STEM|POS:V|PERF|LEM:qaAla|ROOT:qwl|3MP	PERF				3	M	plural	
m-w-s023-a113-w001-02	w-s023-a113-w001	23:113:1:2	2	وا۟					PRON	SUFFIX	SUFFIX|PRON:3MP					3	M	plural	
m-w-s023-a113-w002-01	w-s023-a113-w002	23:113:2:1	1	لَبِثْ	لَبِثْ	لَبِثَ	ل ب ث	لبث	V	STEM	STEM|POS:V|PERF|LEM:labiva|ROOT:lbv|1P	PERF				1		plural	
m-w-s023-a113-w002-02	w-s023-a113-w002	23:113:2:2	2	نَا					PRON	SUFFIX	SUFFIX|PRON:1P					1		plural	
m-w-s023-a113-w003-01	w-s023-a113-w003	23:113:3:1	1	يَوْمًا	يَوْمًا	يَوْم	ي و م	يوم	N	STEM	STEM|POS:N|LEM:yawom|ROOT:ywm|M|INDEF|ACC								ACC
m-w-s023-a113-w004-01	w-s023-a113-w004	23:113:4:1	1	أَوْ	أَوْ	أَو			CONJ	STEM	STEM|POS:CONJ|LEM:>aw								
m-w-s023-a113-w005-01	w-s023-a113-w005	23:113:5:1	1	بَعْضَ	بَعْضَ	بَعْض	ب ع ض	بعض	N	STEM	STEM|POS:N|LEM:baEoD|ROOT:bED|M|ACC								ACC
m-w-s023-a113-w006-01	w-s023-a113-w006	23:113:6:1	1	يَوْمٍ	يَوْمٍ	يَوْم	ي و م	يوم	N	STEM	STEM|POS:N|LEM:yawom|ROOT:ywm|M|INDEF|GEN								GEN
m-w-s023-a113-w007-01	w-s023-a113-w007	23:113:7:1	1	فَ					REM	PREFIX	PREFIX|f:REM+								
m-w-s023-a113-w007-02	w-s023-a113-w007	23:113:7:2	2	سْـَٔلِ	سْـَٔلِ	سَأَلَ	س ء ل	سءل	V	STEM	STEM|POS:V|IMPV|LEM:sa>ala|ROOT:sAl|2MS	IMPV				2	M	singular	
m-w-s023-a113-w008-01	w-s023-a113-w008	23:113:8:1	1	ٱلْ					DET	PREFIX	PREFIX|Al+								
m-w-s023-a113-w008-02	w-s023-a113-w008	23:113:8:2	2	عَآدِّينَ	عَآدِّينَ	عَآدِّين	ع د د	عدد	N	STEM	STEM|POS:N|ACT|PCPL|LEM:EaA^d~iyn|ROOT:Edd|MP|ACC			ACT			M	plural	ACC
m-w-s023-a114-w001-01	w-s023-a114-w001	23:114:1:1	1	قَٰلَ	قَٰلَ	قَالَ	ق و ل	قول	V	STEM	STEM|POS:V|PERF|LEM:qaAla|ROOT:qwl|3MS	PERF				3	M	singular	
m-w-s023-a114-w002-01	w-s023-a114-w002	23:114:2:1	1	إِن	إِن	إِن			NEG	STEM	STEM|POS:NEG|LEM:<in								
m-w-s023-a114-w003-01	w-s023-a114-w003	23:114:3:1	1	لَّبِثْ	لَّبِثْ	لَبِثَ	ل ب ث	لبث	V	STEM	STEM|POS:V|PERF|LEM:labiva|ROOT:lbv|2MP	PERF				2	M	plural	
m-w-s023-a114-w003-02	w-s023-a114-w003	23:114:3:2	2	تُمْ					PRON	SUFFIX	SUFFIX|PRON:2MP					2	M	plural	
m-w-s023-a114-w004-01	w-s023-a114-w004	23:114:4:1	1	إِلَّا	إِلَّا	إِلَّا			RES	STEM	STEM|POS:RES|LEM:<il~aA								
m-w-s023-a114-w005-01	w-s023-a114-w005	23:114:5:1	1	قَلِيلًا	قَلِيلًا	قَلِيل	ق ل ل	قلل	N	STEM	STEM|POS:N|LEM:qaliyl|ROOT:qll|MS|INDEF|ACC						M	singular	ACC
m-w-s023-a114-w006-01	w-s023-a114-w006	23:114:6:1	1	لَّوْ	لَّوْ	لَو			COND	STEM	STEM|POS:COND|LEM:law								
m-w-s023-a114-w007-01	w-s023-a114-w007	23:114:7:1	1	أَنَّ	أَنَّ	أَنّ			ACC	STEM	STEM|POS:ACC|LEM:>an~|SP:<in~								ACC
m-w-s023-a114-w007-02	w-s023-a114-w007	23:114:7:2	2	كُمْ					PRON	SUFFIX	SUFFIX|PRON:2MP					2	M	plural	
m-w-s023-a114-w008-01	w-s023-a114-w008	23:114:8:1	1	كُن	كُن	كَانَ	ك و ن	كون	V	STEM	STEM|POS:V|PERF|LEM:kaAna|ROOT:kwn|SP:kaAn|2MP	PERF				2	M	plural	
m-w-s023-a114-w008-02	w-s023-a114-w008	23:114:8:2	2	تُمْ					PRON	SUFFIX	SUFFIX|PRON:2MP					2	M	plural	
m-w-s023-a114-w009-01	w-s023-a114-w009	23:114:9:1	1	تَعْلَمُ	تَعْلَمُ	عَلِمَ	ع ل م	علم	V	STEM	STEM|POS:V|IMPF|LEM:Ealima|ROOT:Elm|2MP	IMPF				2	M	plural	
m-w-s023-a114-w009-02	w-s023-a114-w009	23:114:9:2	2	ونَ					PRON	SUFFIX	SUFFIX|PRON:2MP					2	M	plural	
m-w-s023-a115-w001-01	w-s023-a115-w001	23:115:1:1	1	أَ					INTG	PREFIX	PREFIX|A:INTG+								
m-w-s023-a115-w001-02	w-s023-a115-w001	23:115:1:2	2	فَ					SUP	PREFIX	PREFIX|f:SUP+								
m-w-s023-a115-w001-03	w-s023-a115-w001	23:115:1:3	3	حَسِبْ	حَسِبْ	حَسِبَ	ح س ب	حسب	V	STEM	STEM|POS:V|PERF|LEM:Hasiba|ROOT:Hsb|2MP	PERF				2	M	plural	
m-w-s023-a115-w001-04	w-s023-a115-w001	23:115:1:4	4	تُمْ					PRON	SUFFIX	SUFFIX|PRON:2MP					2	M	plural	
m-w-s023-a115-w002-01	w-s023-a115-w002	23:115:2:1	1	أَنَّ	أَنَّ	أَنّ			ACC	STEM	STEM|POS:ACC|LEM:>an~|SP:<in~								ACC
m-w-s023-a115-w002-02	w-s023-a115-w002	23:115:2:2	2	مَا	مَا	مَا			SUB	STEM	STEM|POS:SUB|LEM:maA								
m-w-s023-a115-w003-01	w-s023-a115-w003	23:115:3:1	1	خَلَقْ	خَلَقْ	خَلَقَ	خ ل ق	خلق	V	STEM	STEM|POS:V|PERF|LEM:xalaqa|ROOT:xlq|1P	PERF				1		plural	
m-w-s023-a115-w003-02	w-s023-a115-w003	23:115:3:2	2	نَٰ					PRON	SUFFIX	SUFFIX|PRON:1P					1		plural	
m-w-s023-a115-w003-03	w-s023-a115-w003	23:115:3:3	3	كُمْ					PRON	SUFFIX	SUFFIX|PRON:2MP					2	M	plural	
m-w-s023-a115-w004-01	w-s023-a115-w004	23:115:4:1	1	عَبَثًا	عَبَثًا	عَبَث	ع ب ث	عبث	N	STEM	STEM|POS:N|LEM:Eabav|ROOT:Ebv|M|INDEF|ACC								ACC
m-w-s023-a115-w005-01	w-s023-a115-w005	23:115:5:1	1	وَ					CONJ	PREFIX	PREFIX|w:CONJ+								
m-w-s023-a115-w005-02	w-s023-a115-w005	23:115:5:2	2	أَنَّ	أَنَّ	أَنّ			ACC	STEM	STEM|POS:ACC|LEM:>an~|SP:<in~								ACC
m-w-s023-a115-w005-03	w-s023-a115-w005	23:115:5:3	3	كُمْ					PRON	SUFFIX	SUFFIX|PRON:2MP					2	M	plural	
m-w-s023-a115-w006-01	w-s023-a115-w006	23:115:6:1	1	إِلَيْ	إِلَيْ	إِلَىٰ			P	STEM	STEM|POS:P|LEM:<ilaY`								
m-w-s023-a115-w006-02	w-s023-a115-w006	23:115:6:2	2	نَا					PRON	SUFFIX	SUFFIX|PRON:1P					1		plural	
m-w-s023-a115-w007-01	w-s023-a115-w007	23:115:7:1	1	لَا	لَا	لَا			NEG	STEM	STEM|POS:NEG|LEM:laA								
m-w-s023-a115-w008-01	w-s023-a115-w008	23:115:8:1	1	تُرْجَعُ	تُرْجَعُ	رَجَعَ	ر ج ع	رجع	V	STEM	STEM|POS:V|IMPF|PASS|LEM:rajaEa|ROOT:rjE|2MP	IMPF		PASS		2	M	plural	
m-w-s023-a115-w008-02	w-s023-a115-w008	23:115:8:2	2	ونَ					PRON	SUFFIX	SUFFIX|PRON:2MP					2	M	plural	
m-w-s023-a116-w001-01	w-s023-a116-w001	23:116:1:1	1	فَ					REM	PREFIX	PREFIX|f:REM+								
m-w-s023-a116-w001-02	w-s023-a116-w001	23:116:1:2	2	تَعَٰلَى	تَعَٰلَى	تَعَٰلَىٰ	ع ل و	علو	V	STEM	STEM|POS:V|PERF|LEM:taEa`laY`|ROOT:Elw|3MS	PERF				3	M	singular	
m-w-s023-a116-w002-01	w-s023-a116-w002	23:116:2:1	1	ٱللَّهُ	ٱللَّهُ	ٱللَّه	ء ل ه	ءله	PN	STEM	STEM|POS:PN|LEM:{ll~ah|ROOT:Alh|NOM								NOM
m-w-s023-a116-w003-01	w-s023-a116-w003	23:116:3:1	1	ٱلْ					DET	PREFIX	PREFIX|Al+								
m-w-s023-a116-w003-02	w-s023-a116-w003	23:116:3:2	2	مَلِكُ	مَلِكُ	مَلِك	م ل ك	ملك	N	STEM	STEM|POS:N|LEM:malik|ROOT:mlk|MS|NOM						M	singular	NOM
m-w-s023-a116-w004-01	w-s023-a116-w004	23:116:4:1	1	ٱلْ					DET	PREFIX	PREFIX|Al+								
m-w-s023-a116-w004-02	w-s023-a116-w004	23:116:4:2	2	حَقُّ	حَقُّ	حَقّ	ح ق ق	حقق	N	STEM	STEM|POS:N|LEM:Haq~|ROOT:Hqq|M|NOM								NOM
m-w-s023-a116-w005-01	w-s023-a116-w005	23:116:5:1	1	لَآ	لَآ	لَا			NEG	STEM	STEM|POS:NEG|LEM:laA								
m-w-s023-a116-w006-01	w-s023-a116-w006	23:116:6:1	1	إِلَٰهَ	إِلَٰهَ	إِلَٰه	ء ل ه	ءله	N	STEM	STEM|POS:N|LEM:<ila`h|ROOT:Alh|MS|ACC						M	singular	ACC
m-w-s023-a116-w007-01	w-s023-a116-w007	23:116:7:1	1	إِلَّا	إِلَّا	إِلَّا			RES	STEM	STEM|POS:RES|LEM:<il~aA								
m-w-s023-a116-w008-01	w-s023-a116-w008	23:116:8:1	1	هُوَ	هُوَ				PRON	STEM	STEM|POS:PRON|3MS					3	M	singular	
m-w-s023-a116-w009-01	w-s023-a116-w009	23:116:9:1	1	رَبُّ	رَبُّ	رَبّ	ر ب ب	ربب	N	STEM	STEM|POS:N|LEM:rab~|ROOT:rbb|M|NOM								NOM
m-w-s023-a116-w010-01	w-s023-a116-w010	23:116:10:1	1	ٱلْ					DET	PREFIX	PREFIX|Al+								
m-w-s023-a116-w010-02	w-s023-a116-w010	23:116:10:2	2	عَرْشِ	عَرْشِ	عَرْش	ع ر ش	عرش	N	STEM	STEM|POS:N|LEM:Earo$|ROOT:Er$|M|GEN								GEN
m-w-s023-a116-w011-01	w-s023-a116-w011	23:116:11:1	1	ٱلْ					DET	PREFIX	PREFIX|Al+								
m-w-s023-a116-w011-02	w-s023-a116-w011	23:116:11:2	2	كَرِيمِ	كَرِيمِ	كَرِيم	ك ر م	كرم	ADJ	STEM	STEM|POS:ADJ|LEM:kariym|ROOT:krm|MS|GEN						M	singular	GEN
m-w-s023-a117-w001-01	w-s023-a117-w001	23:117:1:1	1	وَ					CONJ	PREFIX	PREFIX|w:CONJ+								
m-w-s023-a117-w001-02	w-s023-a117-w001	23:117:1:2	2	مَن	مَن	مَن			REL	STEM	STEM|POS:REL|LEM:man								
m-w-s023-a117-w002-01	w-s023-a117-w002	23:117:2:1	1	يَدْعُ	يَدْعُ	دَعَا	د ع و	دعو	V	STEM	STEM|POS:V|IMPF|LEM:daEaA|ROOT:dEw|3MS|MOOD:JUS	IMPF	JUS			3	M	singular	
m-w-s023-a117-w003-01	w-s023-a117-w003	23:117:3:1	1	مَعَ	مَعَ	مَع			LOC	STEM	STEM|POS:LOC|LEM:maE|ACC								ACC
m-w-s023-a117-w004-01	w-s023-a117-w004	23:117:4:1	1	ٱللَّهِ	ٱللَّهِ	ٱللَّه	ء ل ه	ءله	PN	STEM	STEM|POS:PN|LEM:{ll~ah|ROOT:Alh|GEN								GEN
m-w-s023-a117-w005-01	w-s023-a117-w005	23:117:5:1	1	إِلَٰهًا	إِلَٰهًا	إِلَٰه	ء ل ه	ءله	N	STEM	STEM|POS:N|LEM:<ila`h|ROOT:Alh|MS|INDEF|ACC						M	singular	ACC
m-w-s023-a117-w006-01	w-s023-a117-w006	23:117:6:1	1	ءَاخَرَ	ءَاخَرَ	آخَر	ء خ ر	ءخر	ADJ	STEM	STEM|POS:ADJ|LEM:A^xar|ROOT:Axr|MS|ACC						M	singular	ACC
m-w-s023-a117-w007-01	w-s023-a117-w007	23:117:7:1	1	لَا	لَا	لَا			NEG	STEM	STEM|POS:NEG|LEM:laA								
m-w-s023-a117-w008-01	w-s023-a117-w008	23:117:8:1	1	بُرْهَٰنَ	بُرْهَٰنَ	بُرْهَٰن	ب ر ه ن	برهن	N	STEM	STEM|POS:N|LEM:buroha`n|ROOT:brhn|M|ACC								ACC
m-w-s023-a117-w009-01	w-s023-a117-w009	23:117:9:1	1	لَ					P	PREFIX	PREFIX|l:P+								
m-w-s023-a117-w009-02	w-s023-a117-w009	23:117:9:2	2	هُۥ	هُۥ				PRON	STEM	STEM|POS:PRON|3MS					3	M	singular	
m-w-s023-a117-w010-01	w-s023-a117-w010	23:117:10:1	1	بِ					P	PREFIX	PREFIX|bi+								
m-w-s023-a117-w010-02	w-s023-a117-w010	23:117:10:2	2	هِۦ	هِۦ				PRON	STEM	STEM|POS:PRON|3MS					3	M	singular	
m-w-s023-a117-w011-01	w-s023-a117-w011	23:117:11:1	1	فَ					REM	PREFIX	PREFIX|f:REM+								
m-w-s023-a117-w011-02	w-s023-a117-w011	23:117:11:2	2	إِنَّ	إِنَّ	إِنّ			ACC	STEM	STEM|POS:ACC|LEM:<in~|SP:<in~								ACC
m-w-s023-a117-w011-03	w-s023-a117-w011	23:117:11:3	3	مَا	مَا	مَا			PREV	STEM	STEM|POS:PREV|LEM:maA								
m-w-s023-a117-w012-01	w-s023-a117-w012	23:117:12:1	1	حِسَابُ	حِسَابُ	حِسَاب	ح س ب	حسب	N	STEM	STEM|POS:N|VN|(III)|LEM:HisaAb|ROOT:Hsb|M|NOM				III				NOM
m-w-s023-a117-w012-02	w-s023-a117-w012	23:117:12:2	2	هُۥ					PRON	SUFFIX	SUFFIX|PRON:3MS					3	M	singular	
m-w-s023-a117-w013-01	w-s023-a117-w013	23:117:13:1	1	عِندَ	عِندَ	عِند	ع ن د	عند	LOC	STEM	STEM|POS:LOC|LEM:Eind|ROOT:End|ACC								ACC
m-w-s023-a117-w014-01	w-s023-a117-w014	23:117:14:1	1	رَبِّ	رَبِّ	رَبّ	ر ب ب	ربب	N	STEM	STEM|POS:N|LEM:rab~|ROOT:rbb|M|GEN								GEN
m-w-s023-a117-w014-02	w-s023-a117-w014	23:117:14:2	2	هِۦٓ					PRON	SUFFIX	SUFFIX|PRON:3MS					3	M	singular	
m-w-s023-a117-w015-01	w-s023-a117-w015	23:117:15:1	1	إِنَّ	إِنَّ	إِنّ			ACC	STEM	STEM|POS:ACC|LEM:<in~|SP:<in~								ACC
m-w-s023-a117-w015-02	w-s023-a117-w015	23:117:15:2	2	هُۥ					PRON	SUFFIX	SUFFIX|PRON:3MS					3	M	singular	
m-w-s023-a117-w016-01	w-s023-a117-w016	23:117:16:1	1	لَا	لَا	لَا			NEG	STEM	STEM|POS:NEG|LEM:laA								
m-w-s023-a117-w017-01	w-s023-a117-w017	23:117:17:1	1	يُفْلِحُ	يُفْلِحُ	أَفْلَحَ	ف ل ح	فلح	V	STEM	STEM|POS:V|IMPF|(IV)|LEM:>afolaHa|ROOT:flH|3MS	IMPF			IV	3	M	singular	
m-w-s023-a117-w018-01	w-s023-a117-w018	23:117:18:1	1	ٱلْ					DET	PREFIX	PREFIX|Al+								
m-w-s023-a117-w018-02	w-s023-a117-w018	23:117:18:2	2	كَٰفِرُونَ	كَٰفِرُونَ	كَٰفِرُون	ك ف ر	كفر	N	STEM	STEM|POS:N|ACT|PCPL|LEM:ka`firuwn|ROOT:kfr|MP|NOM			ACT			M	plural	NOM
m-w-s023-a118-w001-01	w-s023-a118-w001	23:118:1:1	1	وَ					CONJ	PREFIX	PREFIX|w:CONJ+								
m-w-s023-a118-w001-02	w-s023-a118-w001	23:118:1:2	2	قُل	قُل	قَالَ	ق و ل	قول	V	STEM	STEM|POS:V|IMPV|LEM:qaAla|ROOT:qwl|2MS	IMPV				2	M	singular	
m-w-s023-a118-w002-01	w-s023-a118-w002	23:118:2:1	1	رَّبِّ	رَّبِّ	رَبّ	ر ب ب	ربب	N	STEM	STEM|POS:N|LEM:rab~|ROOT:rbb|M|NOM								NOM
m-w-s023-a118-w002-02	w-s023-a118-w002	23:118:2:2	2						PRON	SUFFIX	SUFFIX|PRON:1S					1		singular	
m-w-s023-a118-w003-01	w-s023-a118-w003	23:118:3:1	1	ٱغْفِرْ	ٱغْفِرْ	غَفَرَ	غ ف ر	غفر	V	STEM	STEM|POS:V|IMPV|LEM:gafara|ROOT:gfr|2MS	IMPV				2	M	singular	
m-w-s023-a118-w004-01	w-s023-a118-w004	23:118:4:1	1	وَ					CONJ	PREFIX	PREFIX|w:CONJ+								
m-w-s023-a118-w004-02	w-s023-a118-w004	23:118:4:2	2	ٱرْحَمْ	ٱرْحَمْ	رَّحِمَ	ر ح م	رحم	V	STEM	STEM|POS:V|IMPV|LEM:r~aHima|ROOT:rHm|2MS	IMPV				2	M	singular	
m-w-s023-a118-w005-01	w-s023-a118-w005	23:118:5:1	1	وَ					CONJ	PREFIX	PREFIX|w:CONJ+								
m-w-s023-a118-w005-02	w-s023-a118-w005	23:118:5:2	2	أَنتَ	أَنتَ				PRON	STEM	STEM|POS:PRON|2MS					2	M	singular	
m-w-s023-a118-w006-01	w-s023-a118-w006	23:118:6:1	1	خَيْرُ	خَيْرُ	خَيْر	خ ي ر	خير	N	STEM	STEM|POS:N|LEM:xayor|ROOT:xyr|MS|NOM						M	singular	NOM
m-w-s023-a118-w007-01	w-s023-a118-w007	23:118:7:1	1	ٱل					DET	PREFIX	PREFIX|Al+								
m-w-s023-a118-w007-02	w-s023-a118-w007	23:118:7:2	2	رَّٰحِمِينَ	رَّٰحِمِينَ	رَّٰحِمِين	ر ح م	رحم	N	STEM	STEM|POS:N|ACT|PCPL|LEM:r~a`Himiyn|ROOT:rHm|MP|GEN			ACT			M	plural	GEN
