record_type	focus_ref	target_ref	focus_direction_label	source_direction_label	source_focus_ref	source_target_ref	source_target_component_ref	relation_scope	source_column_order	source_row_role	source_note	source_file	source_line	source_row_sha256
directional_review	3:134	2:195	strong	strong	3:134	2:195	2:195	cross_surah	label_target_note	ranked_review	Joins spending, beneficent action, and divine love; directly frames the closing descriptor in 3:134.	focus_3_134_cutoff_100.tsv	1	fee1e6b26a27d95137bdb2ba4af4eba95e4245f5a7465cf99f946c11df4e3e28
directional_review	3:134	33:25	medium	medium	3:134	33:25	33:25	cross_surah	label_target_note	ranked_review	Shows rage turned back without attaining its object, a parallel to restraint rather than personal retaliation.	focus_3_134_cutoff_100.tsv	2	3501d4451dcf480b7c5c37d5f4c6e2170440437470d0e4ec33fb6ecb602de616
directional_review	3:134	8:3	strong	strong	3:134	8:3	8:3	cross_surah	label_target_note	ranked_review	Places expenditure among the marks of believers, supporting the outward-flow element of 3:134.	focus_3_134_cutoff_100.tsv	3	7085fcda5b220b782154cb6532a43e65b1fa9f83259c179e34af6c7f70c63747
directional_review	3:134	2:177	strong	strong	3:134	2:177	2:177	cross_surah	label_target_note	ranked_review	Combines giving with endurance in hardship, strongly expanding the paired ease-and-pressure setting.	focus_3_134_cutoff_100.tsv	4	c50ac858b764cc23e9866e9b19d03ea3a40b4dd217a682d1398a15c57bbd86e8
directional_review	3:134	3:135	medium	medium	3:134	3:135	3:135	same_surah	label_target_note	ranked_review	The next ayah turns wrongdoing toward remembrance and forgiveness, extending the sequence after pardon.	focus_3_134_cutoff_100.tsv	5	76d2a215ff6d01a6381d4735af59683ed1c1fe70eebf9ebc69bec09367a56130
directional_review	3:134	3:117	medium	medium	3:134	3:117	3:117	same_surah	label_target_note	ranked_review	A contrary case: expenditure can be ruined by self-wronging, qualifying praise of outflow.	focus_3_134_cutoff_100.tsv	6	396464b4ee16a64f6ebaf0666ee8355ade1a9ac1b0d847ce5f7f59dc5fa6ac6e
directional_review	3:134	4:38	strong	strong	3:134	4:38	4:38	cross_surah	label_target_note	ranked_review	Contrasts praised giving with spending for display and without faith, sharpening the ethical condition.	focus_3_134_cutoff_100.tsv	7	3919d3b4f70f6a43690786892aae61ee854b0c925327374b8f24687d9ee9f0b5
directional_review	3:134	13:26	medium	medium	3:134	13:26	13:26	cross_surah	label_target_note	ranked_review	Allotment can widen or constrict; this supports giving across the two conditions named in 3:134.	focus_3_134_cutoff_100.tsv	8	2b97937bed3ef597d8e4990d5266653278dd4ba7e7190b66ef361301a22bfe44
directional_review	3:134	3:167	weak	weak	3:134	3:167	3:167	same_surah	label_target_note	ranked_review	A crisis exposes speech unlike what hearts conceal; only a distant contrast to inward self-command.	focus_3_134_cutoff_100.tsv	9	c458c9621cff2288beb2234ef71b4f88f611d586449c8f5976eb7f33f2433fc6
directional_review	3:134	9:91	medium	medium	3:134	9:91	9:91	cross_surah	label_target_note	ranked_review	Removes blame from those unable to spend while retaining beneficent conduct, qualifying capacity.	focus_3_134_cutoff_100.tsv	10	dc0ad6ac20933e6265f5bfcb20300e66319083f2fbac95b60c452e130025c258
directional_review	3:134	3:130	medium	medium	3:134	3:130	3:130	same_surah	label_target_note	ranked_review	Its warning against compounded gain precedes 3:134 and contrasts acquisitive increase with open-handed conduct.	focus_3_134_cutoff_100.tsv	11	b991cd270e73e438c92f25deb2d7edd2b53a1b0177788794680a7a7ca9cb2f5d
directional_review	3:134	12:84	strong	strong	3:134	12:84	12:84	cross_surah	label_target_note	ranked_review	Portrays contained inner grief, showing that holding an intense interior state need not erase it.	focus_3_134_cutoff_100.tsv	12	c4edbd1326d5be107a2c681b96f0dd83c38e3348837ff22c92cb70513106467d
directional_review	3:134	7:95	weak	weak	3:134	7:95	7:95	cross_surah	label_target_note	ranked_review	Uses hardship and ease as a historical alternation, but does not address conduct within them.	focus_3_134_cutoff_100.tsv	13	a26f25cfdf20577d3870177ee98c0a90e88c1b2548a77809a59d8887fcd04fd7
directional_review	3:134	7:94	medium	medium	3:134	7:94	7:94	cross_surah	label_target_note	ranked_review	Names adversity as a condition meant to elicit humility, giving a distinct setting for pressure.	focus_3_134_cutoff_100.tsv	14	6c0bf1d1de98159d36ee196958c5828fbfd8baf87f2c91a69998e8781df80ffe
directional_review	3:134	40:18	medium	medium	3:134	40:18	40:18	cross_surah	label_target_note	ranked_review	Depicts beings as kadhimin under overwhelming fear; a parallel image of inward containment, not moral restraint.	focus_3_134_cutoff_100.tsv	15	5711755eed18abe0102eb2a7d60faca1d532e73aa89cda523079c65401c78774
directional_review	3:134	2:274	medium	medium	3:134	2:274	2:274	cross_surah	label_target_note	ranked_review	Gives across night/day and concealment/publicity, broadening 3:134's constancy of spending.	focus_3_134_cutoff_100.tsv	16	91f2ddfa80bf4d454a0d04dc43dc53c32adbab140d7e156d92dc0edb1428d9c2
directional_review	3:134	3:136	medium	medium	3:134	3:136	3:136	same_surah	label_target_note	ranked_review	States the reward for the immediately preceding described people, including those in 3:134.	focus_3_134_cutoff_100.tsv	17	4d0c8e2ab451184b570243a4dca824bd6a6942343c94145dbc5f7b8b5a043bcc
directional_review	3:134	43:17	weak	weak	3:134	43:17	43:17	cross_surah	label_target_note	ranked_review	Shows a blameworthy anger held inside and visible on the face, a contrary instance of kadhim.	focus_3_134_cutoff_100.tsv	18	67959753439438ea51675d5453b529ba7a8384e7bd5ce72297f71e8c38cda075
directional_review	3:134	2:261	medium	medium	3:134	2:261	2:261	cross_surah	label_target_note	ranked_review	Portrays spending in God's way as multiplied yield, complementing 3:134's beneficent outflow.	focus_3_134_cutoff_100.tsv	19	b2e5b26756b580a91f431906d9886e978efa5fdde8e7a8178e1c61ad25a38633
directional_review	3:134	5:95	weak	weak	3:134	5:95	5:95	cross_surah	label_target_note	ranked_review	Pardon after a violation occurs beside recurring consequence; only a limited contrast to forgiving people.	focus_3_134_cutoff_100.tsv	20	fe0aa20d85ad277b18bdac38ba43230ba2766b9855cdb70c9f0030edf91f7e57
directional_review	3:134	28:54	strong	strong	3:134	28:54	28:54	cross_surah	label_target_note	ranked_review	Couples patience, repelling wrong with what is better, and spending: a close multi-part parallel.	focus_3_134_cutoff_100.tsv	21	af75eb56e0b690442b97e60dc9614eeea495bbd8e5a704f2a0e19a7ef3058c1e
directional_review	3:134	6:42	medium	medium	3:134	6:42	6:42	cross_surah	label_target_note	ranked_review	Hardship is sent to induce humility; it supplies a pressure-context rather than the response of 3:134.	focus_3_134_cutoff_100.tsv	22	d8a074a15aa284975f52aa12979a10a1ff81941e12fe132d7ce91be099abeeea
directional_review	3:134	29:69	medium	medium	3:134	29:69	29:69	cross_surah	label_target_note	ranked_review	Links striving and divine companionship with the muhsinin, illuminating the concluding identity.	focus_3_134_cutoff_100.tsv	23	5e0a2a439cfd58a68fb35f6748b8b46d3f0ce1f349d9f0f590366ef4df4ca9b5
directional_review	3:134	16:58	weak	weak	3:134	16:58	16:58	cross_surah	label_target_note	ranked_review	A blameworthy contained rage; useful chiefly as a contrary case to the commendable restraint in 3:134.	focus_3_134_cutoff_100.tsv	24	5b43b96c0a744c726fe9ba4d7fcbce7e4b4753b6047eb6cd2f98710f18fae102
directional_review	3:134	2:219	strong	strong	3:134	2:219	2:219	cross_surah	label_target_note	ranked_review	Pairs the question of what to spend with al-'afw, creating a direct lexical and ethical bridge to giving and pardon.	focus_3_134_cutoff_100.tsv	25	6b32941e140e60890f074e90898c9abc3792edc9b5a9d02314dbd5aecc037f68
directional_review	3:134	41:34	strong	strong	3:134	41:34	41:34	cross_surah	label_target_note	ranked_review	Commands answering evil with what is better so hostility may change, a strong parallel to rage restraint and pardon.	focus_3_134_cutoff_100.tsv	26	6a51a37f76cfe76e7a3b55b1af91ee536218cd5bb09fe8cf5729f069eb57009e
directional_review	3:134	65:7	strong	strong	3:134	65:7	65:7	cross_surah	label_target_note	ranked_review	Explicitly commands spending according to abundance and constriction, directly clarifying 3:134's paired conditions.	focus_3_134_cutoff_100.tsv	27	6ed59ab6424ccb91627d6133703689b35a0f7c65f820c507b6d4a0e52143f430
directional_review	3:134	3:140	medium	medium	3:134	3:140	3:140	same_surah	label_target_note	ranked_review	Frames injury within alternating days and rejects wrongdoers, supplying the nearby pressure context.	focus_3_134_cutoff_100.tsv	28	39f5cce8f801cd42470571a73c5d37922c68369ef8e03ad17cc92c8e85b2cca3
directional_review	3:134	9:15	medium	medium	3:134	9:15	9:15	cross_surah	label_target_note	ranked_review	Describes hearts' rage being removed, contrasting healing of anger with 3:134's human containment of it.	focus_3_134_cutoff_100.tsv	29	5c1d924d53f2c0306c294a748003f5386a791db15e6f9ad46aa97f42cf6825a8
directional_review	3:134	68:48	medium	medium	3:134	68:48	68:48	cross_surah	label_target_note	ranked_review	Warns through the distressed, makzum figure; a contrary pressure image that distinguishes patient restraint.	focus_3_134_cutoff_100.tsv	30	4b0d64145973cea318bd843a364e77f41e753fb7323210a320679a8b1b91c5b9
directional_review	3:134	2:214	medium	medium	3:134	2:214	2:214	cross_surah	label_target_note	ranked_review	Names severe hardship as part of the believers' testing, giving depth to al-darra'.	focus_3_134_cutoff_100.tsv	31	db46a2f57ba9fc2c91009ee8ff5c4a22f42c9b43446b05483d9f210dd6fc9f34
directional_review	3:134	24:22	strong	strong	3:134	24:22	24:22	cross_surah	label_target_note	ranked_review	Combines material giving from abundance with pardon and overlooking, an especially close parallel.	focus_3_134_cutoff_100.tsv	32	645a4aa7385f88cf6836c5582bbb8cfed95ffacec8ea6aff593e31482c2e096d
directional_review	3:134	8:36	medium	medium	3:134	8:36	8:36	cross_surah	label_target_note	ranked_review	Contrasts spending used to bar God's way with the praised giving of 3:134.	focus_3_134_cutoff_100.tsv	33	03da5550d40fb644b4061386ff909aa217c285c501481c722bbc553b70e11cab
directional_review	3:134	5:13	strong	strong	3:134	5:13	5:13	cross_surah	label_target_note	ranked_review	Commands pardon and forbearance despite repeated betrayal, then names divine love for muhsinin.	focus_3_134_cutoff_100.tsv	34	1f6184ed4b69321f2e5ec41cead75d70cd495de9561600f767846004190ebd03
directional_review	3:134	9:98	medium	medium	3:134	9:98	9:98	cross_surah	label_target_note	ranked_review	Presents spending regarded as a burdensome loss, a contrary disposition to willing outflow.	focus_3_134_cutoff_100.tsv	35	3e75777509c06605bc2f64a79490037396f518a6e2e7228852474cb03e622703
directional_review	3:134	57:7	strong	strong	3:134	57:7	57:7	cross_surah	label_target_note	ranked_review	Frames wealth as a temporary trust and commands spending from it, deepening the logic of release.	focus_3_134_cutoff_100.tsv	36	4bdb56b02d648ebda55c145533ff6e5e2926249f5c6febeb1ae131061e7d3e46
directional_review	3:134	67:8	weak	weak	3:134	67:8	67:8	cross_surah	label_target_note	ranked_review	Rage here is destructive and near bursting; it functions as a contrary image to kadhim al-ghayz.	focus_3_134_cutoff_100.tsv	37	412f8a3b2217fa11b2add00b09e3dc3a9a78143d9bc35c47d0c517cfa579e72d
directional_review	3:134	13:22	strong	strong	3:134	13:22	13:22	cross_surah	label_target_note	ranked_review	Unites patience, hidden/public spending, and repelling evil with good, a close composite parallel.	focus_3_134_cutoff_100.tsv	38	f9faba2de923e5f29594e0f47ed520d578ae07a09ddcfa9318947de1b3aaea6f
directional_review	3:134	63:7	medium	medium	3:134	63:7	63:7	cross_surah	label_target_note	ranked_review	Condemns attempts to stop others' support, a clear contrary to sustaining beneficial outflow.	focus_3_134_cutoff_100.tsv	39	db9d9fbba236f4571f4dd7602ef54fc462b2dee7d53c500b711b1542f886729c
directional_review	3:134	5:93	medium	medium	3:134	5:93	5:93	cross_surah	label_target_note	ranked_review	Ends a progression of taqwa and good action with divine love for muhsinin, reinforcing the final predicate.	focus_3_134_cutoff_100.tsv	40	6647dc0129d5f87b215b4ddcc3d0e59fdfcaa840e431b4af59bff392c7192ffc
directional_review	3:134	64:4	weak	weak	3:134	64:4	64:4	cross_surah	label_target_note	ranked_review	God knows hidden and public states; it indirectly situates the inward dimension of restrained anger.	focus_3_134_cutoff_100.tsv	41	15958affc4500655338943fa3dc2bae3eb43e523aaa7d2af5b2bfc8b4274c383
directional_review	3:134	63:10	medium	medium	3:134	63:10	63:10	cross_surah	label_target_note	ranked_review	Makes spending urgent before death ends one's ability to act, sharpening the value of present outflow.	focus_3_134_cutoff_100.tsv	42	066a9d31880a21dfc3b7be64f7075537819b4f0ed832fc834fbab25ec2ac327f
directional_review	3:134	3:119	weak	weak	3:134	3:119	3:119	same_surah	label_target_note	ranked_review	Shows enemies consumed by rage; a contrast to believers who contain rage.	focus_3_134_cutoff_100.tsv	43	e947d6b0698c88438ccedc7e272edb98a94aedb8a38b31771928d4d2cde0360b
directional_review	3:134	9:14	weak	weak	3:134	9:14	9:14	cross_surah	label_target_note	ranked_review	Healing believers' chests in combat is not the self-restraint or pardon enjoined in 3:134.	focus_3_134_cutoff_100.tsv	44	efb055b9f032597389936966fe643d78d0a1c66543a19f8f933664188e6243d4
directional_review	3:134	8:47	weak	weak	3:134	8:47	8:47	cross_surah	label_target_note	ranked_review	Rejects arrogant, showy departure; only indirectly parallels the contrast to sincere beneficence.	focus_3_134_cutoff_100.tsv	45	30df16934862def227bf74350535378f7e88b2d478541fdb895f448549afaa45
directional_review	3:134	4:152	weak	weak	3:134	4:152	4:152	cross_surah	label_target_note	ranked_review	Divine forgiveness and mercy appear, but without a human act of pardoning or the other elements.	focus_3_134_cutoff_100.tsv	46	cdbe5bc7cbf6fd991fcd7ef63168193a0afa0ae4054eadbcbe964088506e5bbc
directional_review	3:134	9:120	weak	weak	3:134	9:120	9:120	cross_surah	label_target_note	ranked_review	Endurance under hardship is rewarded and linked to muhsinin, but it lacks giving, restraint, or pardon.	focus_3_134_cutoff_100.tsv	47	194094e8641a0c7bb670662b933a79b0057d23c594addb8deb202f4fa7ca954c
directional_review	3:134	64:16	medium	medium	3:134	64:16	64:16	cross_surah	label_target_note	ranked_review	Commands spending and identifies protection from inner avarice with success, directly opposing withheld outflow.	focus_3_134_cutoff_100.tsv	48	a2fe4eec828c976568de9366ab8400aa352458f0339b0eac94632423e1206ad5
directional_review	3:134	114:3	no value	no value	3:134	114:3	114:3	cross_surah	label_target_note	ranked_review	Names God as Lord of people without adding a relevant action or condition.	focus_3_134_cutoff_100.tsv	49	bda6875763a59fe143ebd24fe6a1b411393a2b50bcaf8dbc3670dd2eb79e4856
directional_review	3:134	57:10	medium	medium	3:134	57:10	57:10	cross_surah	label_target_note	ranked_review	Compares spending before and after a decisive time while promising al-husna to both, adding temporal nuance.	focus_3_134_cutoff_100.tsv	50	b4c0b773ca13167e1cd34a32b26135f6bd0c5efc2539d4139f61a75026f75054
directional_review	3:134	16:23	medium	medium	3:134	16:23	16:23	cross_surah	label_target_note	ranked_review	God knows hidden and public states and does not love the arrogant; only a broad ethical contrast.	focus_3_134_cutoff_100.tsv	51	e494eda041593986d6cfc070b53e6ba0799b17c1d9c3dc31c4c98eb04927cadf
directional_review	3:134	9:99	medium	medium	3:134	9:99	9:99	cross_surah	label_target_note	ranked_review	Presents spending as a means of nearness rather than burden, directly contrasting 9:98's view.	focus_3_134_cutoff_100.tsv	52	5b6071d0583a6da0315abd6c7a688b46e192873dbf210d04895d23928eb4c559
directional_review	3:134	42:40	strong	strong	3:134	42:40	42:40	cross_surah	label_target_note	ranked_review	Sets equal retaliation as an option but commends pardon joined to repair, clarifying forgiveness as active goodness.	focus_3_134_cutoff_100.tsv	53	e184c07b201b8c5ffb4a1e436746c7752d11260140b283120de59c9dd7bd9e8e
directional_review	3:134	4:170	weak	weak	3:134	4:170	4:170	cross_surah	label_target_note	ranked_review	Calls to faith and identifies the good, but offers no focused connection to 3:134's conduct.	focus_3_134_cutoff_100.tsv	54	14995166c1b5e07feaf652b81525a8b9c6c82b888938cb772cbee33bc1666104
directional_review	3:134	38:26	weak	weak	3:134	38:26	38:26	cross_surah	label_target_note	ranked_review	Justice and resisting desire govern judgment; it only broadly resembles disciplined conduct toward people.	focus_3_134_cutoff_100.tsv	55	17c79f36e094c8b108da4cbb70b00e2cb44eadfb07337d6c3fe771d45175a1be
directional_review	3:134	4:149	strong	strong	3:134	4:149	4:149	cross_surah	label_target_note	ranked_review	Places doing good openly or secretly beside pardoning evil, strongly supporting the good-and-pardon sequence.	focus_3_134_cutoff_100.tsv	56	8f4fb2a09a4d3a17f28d5db46e3dc155ca2fa6d47b41022d0a3856b8209d20f9
directional_review	3:134	4:99	weak	weak	3:134	4:99	4:99	cross_surah	label_target_note	ranked_review	Divine pardon of the excused does not directly explain human pardoning in 3:134.	focus_3_134_cutoff_100.tsv	57	1de7ecb8aa610179fa3e15a3cc9e8ef1c7b5d6208a7f5dc0019f110d3e8dcb6c
directional_review	3:134	9:8	weak	weak	3:134	9:8	9:8	cross_surah	label_target_note	ranked_review	Contrasts words of approval with resistant hearts; no direct guidance on restraint, giving, or pardon.	focus_3_134_cutoff_100.tsv	58	28f6a1ccec1f496a013cf69e7cc61946a85def54b01d1028b8f1c851b12ef107
directional_review	3:134	2:77	weak	weak	3:134	2:77	2:77	cross_surah	label_target_note	ranked_review	Hidden and public knowledge is too general to add to the specified practices.	focus_3_134_cutoff_100.tsv	59	bc904a3934527347f89cbde30fba87addab90c82d354e63481226e72a7584abd
directional_review	3:134	4:153	weak	weak	3:134	4:153	4:153	cross_surah	label_target_note	ranked_review	Mentions a past divine pardon, but its surrounding demand and idolatry are remote from 3:134.	focus_3_134_cutoff_100.tsv	60	b476bdca79811ecf8e6d69039143851dd916b75ce7c2997a3a9bf038427d3fe4
directional_review	3:134	37:44	no value	no value	3:134	37:44	37:44	cross_surah	label_target_note	ranked_review	The seating description adds no relevant ethical or situational connection.	focus_3_134_cutoff_100.tsv	61	b5e4059fdaacb3d0653107b252aaaf079f87af15dceb3a36b8427cfb06df3cab
directional_review	3:134	4:171	no value	no value	3:134	4:171	4:171	cross_surah	label_target_note	ranked_review	Its doctrinal correction is unrelated to spending, anger restraint, pardon, or beneficence.	focus_3_134_cutoff_100.tsv	62	a72d41d1f4a724d8c198bcdf6504134d1a57dcb6a44e81d715c4e4294358b64d
directional_review	3:134	26:55	weak	weak	3:134	26:55	26:55	cross_surah	label_target_note	ranked_review	Reports Pharaoh's group's anger; it is merely another hostile rage, not a model of containment.	focus_3_134_cutoff_100.tsv	63	674bd73a2da741439872043662f9dea4246aa5ea34852efae994c13ea543a0fd
directional_review	3:134	9:110	no value	no value	3:134	9:110	9:110	cross_surah	label_target_note	ranked_review	The collapsing structure and inner doubt do not clarify the focus ayah.	focus_3_134_cutoff_100.tsv	64	f2fe1bd58dcb2bfbfec1d8650bd41c773072a416340bd3677732bfce09ce918e
directional_review	3:134	3:148	medium	medium	3:134	3:148	3:148	same_surah	label_target_note	ranked_review	Within the same passage, God grants beautiful reward and loves the muhsinin, reinforcing 3:134's conclusion.	focus_3_134_cutoff_100.tsv	65	9651dbcfc3bb2c8395c6e6e9b5129463ddfab9d4880952ba26df74ebf74c81ac
directional_review	3:134	9:5	weak	weak	3:134	9:5	9:5	cross_surah	label_target_note	ranked_review	Release after repentance has a limited formal parallel to letting go, but is not interpersonal pardon.	focus_3_134_cutoff_100.tsv	66	4e8fed6ad3d182fe8ba4427cb52efad45b3ace208e38e4b1aca9662f0da9fc35
directional_review	3:134	33:73	weak	weak	3:134	33:73	33:73	cross_surah	label_target_note	ranked_review	Contrasts punishment and repentance/forgiveness at a general level; little specific contribution.	focus_3_134_cutoff_100.tsv	67	0e8d6ea3c5804b15a93bb9d9c4cbf6b6cb33dc8a3bf09251461578cc45c408ac
directional_review	3:134	9:107	no value	no value	3:134	9:107	9:107	cross_surah	label_target_note	ranked_review	Its false mosque and claims of good do not address the focus practices.	focus_3_134_cutoff_100.tsv	68	f96e6b5a2811465d60d9ffe25244032aa2fc169a4bee18601780604954595a5c
directional_review	3:134	48:6	weak	weak	3:134	48:6	48:6	cross_surah	label_target_note	ranked_review	Attributes divine anger to hostile groups; this is not an instance of human rage control.	focus_3_134_cutoff_100.tsv	69	e03a6166cbcdf478493f67b34254da4b2a52b1159d310403854d592244aa15bb
directional_review	3:134	25:12	weak	weak	3:134	25:12	25:12	cross_surah	label_target_note	ranked_review	The Fire's audible fury is a contrary, impersonal image of rage escaping rather than being held.	focus_3_134_cutoff_100.tsv	70	499dae723f151ac16029eebf1b49408c200895e881e5e40ce44bb0aefc18794d
directional_review	3:134	9:60	strong	strong	3:134	9:60	9:60	cross_surah	label_target_note	ranked_review	Specifies recipients and channels for obligatory alms, concretizing the social direction of spending.	focus_3_134_cutoff_100.tsv	71	bba96ef1185e52b79f2cc026ed136072889fae335a5a09e9bf8609de1c621a4a
directional_review	3:134	9:109	no value	no value	3:134	9:109	9:109	cross_surah	label_target_note	ranked_review	The image of a collapsing foundation does not clarify giving, rage restraint, pardon, or ihsan.	focus_3_134_cutoff_100.tsv	72	5aa27412d63bc1990053239aa6059766e83ab846cd590149fc5947e674704b1c
directional_review	3:134	30:38	strong	strong	3:134	30:38	30:38	cross_surah	label_target_note	ranked_review	Commands giving close kin, the needy, and the traveler their due, providing concrete beneficent outflow.	focus_3_134_cutoff_100.tsv	73	5610b9c1b333d1f5869ff3e74c4e6d4caa2bfa23529c8c88f9cec8444d813a53
directional_review	3:134	59:23	weak	weak	3:134	59:23	59:23	cross_surah	label_target_note	ranked_review	Divine names alone do not materially explain the practices in 3:134.	focus_3_134_cutoff_100.tsv	74	1631bbbff6b91bb7ee69226a36636826cbb253ad5b8ededab8f1c4d71c252aa1
directional_review	3:134	86:9	weak	weak	3:134	86:9	86:9	cross_surah	label_target_note	ranked_review	Disclosure of secrets only loosely contrasts with inwardly held rage.	focus_3_134_cutoff_100.tsv	75	15c1b76ca1dd7f96cd200e7542386dccf6aad0f60701d8f50adcc7108537f3da
directional_review	3:134	9:34	medium	medium	3:134	9:34	9:34	cross_surah	label_target_note	ranked_review	Condemns hoarding and failure to spend in God's way, a strong contrary pressure against withholding.	focus_3_134_cutoff_100.tsv	76	cd1189acc2b95080f8634c49799afed9e0074957ab9328013a2df478885b4524
directional_review	3:134	37:110	weak	weak	3:134	37:110	37:110	cross_surah	label_target_note	ranked_review	Names reward for muhsinin but gives no additional content beyond the repeated conclusion.	focus_3_134_cutoff_100.tsv	77	969cba4d0c2e1ab2d8c6ab40690f2555900d3ae4989f3ad86386a5ae870304a2
directional_review	3:134	2:222	weak	weak	3:134	2:222	2:222	cross_surah	label_target_note	ranked_review	Divine love for repentant and purified people is a different loved disposition.	focus_3_134_cutoff_100.tsv	78	e81144d64e56c18c887fdab2f9052eabb99f4ee5db949d92336e5c4818386f21
directional_review	3:134	3:14	medium	medium	3:134	3:14	3:14	same_surah	label_target_note	ranked_review	Attachment to accumulated wealth forms a counterpressure against spending in ease.	focus_3_134_cutoff_100.tsv	79	2146723e2f6eb24991c0a248fd5f764bbd2546767577f833da91ecb780cada81
directional_review	3:134	2:262	medium	medium	3:134	2:262	2:262	cross_surah	label_target_note	ranked_review	Forbids following spending with reminder or hurt, directly guarding beneficence toward recipients.	focus_3_134_cutoff_100.tsv	80	8ecbc432c1b56a389a522a180810ea65b75f61a800a18224886dcca6fbece5c7
directional_review	3:134	60:8	medium	medium	3:134	60:8	60:8	cross_surah	label_target_note	ranked_review	Commands equitable kindness to non-hostile others and links it to divine love, expanding interpersonal ihsan.	focus_3_134_cutoff_100.tsv	81	69ec36c8b82d3c1403204e9d26f922d871c77bc648ca03bf5a4a269fdf20661f
directional_review	3:134	3:57	weak	weak	3:134	3:57	3:57	same_surah	label_target_note	ranked_review	Denies divine love for wrongdoers, a general negative frame without the focus actions.	focus_3_134_cutoff_100.tsv	82	70c7def1ea93a1be337ea13979f429550cbd2f5f0b299a65f6fbf7ddc3b1a280
directional_review	3:134	5:54	medium	medium	3:134	5:54	5:54	cross_surah	label_target_note	ranked_review	Describes a people loved by God who strive without fear of blame, adding a broader lived profile of divine love.	focus_3_134_cutoff_100.tsv	83	224899d0c2fd13af78714ba4fd05f913d52a505b7f645a4511e38328ac05fd8c
directional_review	3:134	2:265	strong	strong	3:134	2:265	2:265	cross_surah	label_target_note	ranked_review	Depicts spending seeking God's pleasure and inner steadiness, supplying motive and durable fruitfulness.	focus_3_134_cutoff_100.tsv	84	856147452106da10bdaa8abed9987c45a136e05d96b9022e7cec774265228fa5
directional_review	3:134	4:95	weak	weak	3:134	4:95	4:95	cross_surah	label_target_note	ranked_review	Includes wealth in striving and promises al-husna, but its combat comparison is only indirectly related.	focus_3_134_cutoff_100.tsv	85	ba6af367ab395c175c50f7f919d6d6893e4561c1273582f989f3bc01724ce58a
directional_review	3:134	3:159	strong	strong	3:134	3:159	3:159	same_surah	label_target_note	ranked_review	Commands pardon, seeking forgiveness for others, consultation, and gentleness; a close nearby expansion of interpersonal ihsan.	focus_3_134_cutoff_100.tsv	86	7ca143b829cb271a5a8b5b72c8904a16cc337b770dd288a9f7b77d4b81c08e4d
directional_review	3:134	2:205	weak	weak	3:134	2:205	2:205	cross_surah	label_target_note	ranked_review	God does not love corruption; only a broad opposite to the beloved beneficent person.	focus_3_134_cutoff_100.tsv	87	5733c2d3dcf2b21e71edaf3cf7d3f71bc31cf42e8b425a34eae58b07e51a5f57
directional_review	3:134	22:38	weak	weak	3:134	22:38	22:38	cross_surah	label_target_note	ranked_review	God does not love betrayal and ingratitude; a general contrast with 3:134's positive identity.	focus_3_134_cutoff_100.tsv	88	43400da3e4e660e434fd9255e9f0556c3acc7a6b14c8bf0c8e4c7d59d564fa12
directional_review	3:134	5:64	weak	weak	3:134	5:64	5:64	cross_surah	label_target_note	ranked_review	Divine giving and rejection of corruption occur in a polemical context, only distantly related to human spending.	focus_3_134_cutoff_100.tsv	89	0ec59c4dea9b3feadcef1721b581b27764e72b9ed1c260778bef2689cde390b9
directional_review	3:134	3:146	medium	medium	3:134	3:146	3:146	same_surah	label_target_note	ranked_review	Steadfastness after injury and divine love for the patient add a nearby resilience parallel.	focus_3_134_cutoff_100.tsv	90	9ce2e7f5a618ec3e3e3966de37b9efd1eb80a1de3f6117b4be126cf239d1edaa
directional_review	3:134	2:164	no value	no value	3:134	2:164	2:164	cross_surah	label_target_note	ranked_review	Cosmic signs and benefit to people do not explain the focus conduct.	focus_3_134_cutoff_100.tsv	91	4fc63dfe00d68bcf87c6474e49924146d6a8a58349f87668228338e9acfe9047
directional_review	3:134	19:76	weak	weak	3:134	19:76	19:76	cross_surah	label_target_note	ranked_review	Lasting righteous deeds are better in reward, a very general background to the listed practices.	focus_3_134_cutoff_100.tsv	92	5bc27ba1d10200a126bca9c44d65b83ef92bd35ada5d8ccbf3c7e612b33a7d47
directional_review	3:134	58:9	weak	weak	3:134	58:9	58:9	cross_surah	label_target_note	ranked_review	Redirects private talk from sin to righteousness and taqwa, only broadly parallel to choosing good conduct.	focus_3_134_cutoff_100.tsv	93	22f47e80d552e4500f79d036e269584880f6ca329eef6f8baca7dc71537e8b08
directional_review	3:134	5:4	no value	no value	3:134	5:4	5:4	cross_surah	label_target_note	ranked_review	Dietary and hunting rules do not add to the focus ayah.	focus_3_134_cutoff_100.tsv	94	f5734e0cd980dabd86643cf582e4e597aee32c6100724b11491d3ca2fd96be75
directional_review	3:134	8:6	no value	no value	3:134	8:6	8:6	cross_surah	label_target_note	ranked_review	Disputing about an already-clear truth is unrelated to the specified virtues.	focus_3_134_cutoff_100.tsv	95	53a3b4db0b991c3a0297983e43b5afcd8dcbecfd8c4bac1ada3c3361b481dbcf
directional_review	3:134	95:4	weak	weak	3:134	95:4	95:4	cross_surah	label_target_note	ranked_review	The human's excellent formation is not the ethical ihsan named in 3:134.	focus_3_134_cutoff_100.tsv	96	3ddfec3942dd68035de531d0a29d017c1fab0c7242fcbf4e728703319ecfd91e
directional_review	3:134	3:150	weak	weak	3:134	3:150	3:150	same_surah	label_target_note	ranked_review	God's protection provides nearby passage context but no direct clarification of the practices.	focus_3_134_cutoff_100.tsv	97	35b01a30db418b8cf6f324303f070005704c9e097e215d162ab15ab4e1c47b6d
directional_review	3:134	4:11	no value	no value	3:134	4:11	4:11	cross_surah	label_target_note	ranked_review	Inheritance apportionment does not clarify voluntary giving, anger restraint, pardon, or ihsan.	focus_3_134_cutoff_100.tsv	98	58a2934f886648e278973a68f879d3fdb4b7cdfd82c91bb0a66c9bfc06e32951
directional_review	3:134	4:12	no value	no value	3:134	4:12	4:12	cross_surah	label_target_note	ranked_review	Inheritance rules and harm prohibition do not materially illuminate the focus ayah.	focus_3_134_cutoff_100.tsv	99	cdd501a7d5d451a9d80f963c6b4f82b8c8ad030fc8dc0c555cf6f1dd86eaa55d
directional_review	3:134	56:78	no value	no value	3:134	56:78	56:78	cross_surah	label_target_note	ranked_review	The concealed book has no relevant connection to the focus conduct.	focus_3_134_cutoff_100.tsv	100	98e33590d75cb782abf4f85b50d1fed23fc1116e650df05fdb35e98ebb017c35
directional_review	3:134	2:215	strong	strong	3:134	2:215	2:215	cross_surah	label_target_note	missing_ayah_suggestion	Directs what is spent toward parents, kin, orphans, the needy, and the traveler, specifying beneficent outflow.	focus_3_134_cutoff_100.tsv	101	2df3a77250008d08894f4366c07103f0706c7b5c24172692cca1a57398605e95
directional_review	3:134	2:237	medium	medium	3:134	2:237	2:237	cross_surah	label_target_note	missing_ayah_suggestion	States that pardoning is nearer to taqwa, directly strengthening the forgiveness element.	focus_3_134_cutoff_100.tsv	102	dd2db185d7acb770e5d16b4c9ff3188810439104857053eea631704bd1effd10
directional_review	3:134	2:245	medium	medium	3:134	2:245	2:245	cross_surah	label_target_note	missing_ayah_suggestion	Frames giving as a goodly loan with multiplied return, supporting voluntary material outflow.	focus_3_134_cutoff_100.tsv	103	b80ae11f0294ba458fb80329f9a8d5be833e17f13e6bedaa1732a64f89933e37
directional_review	3:134	2:254	medium	medium	3:134	2:254	2:254	cross_surah	label_target_note	missing_ayah_suggestion	Urgently commands spending before a day when exchange and intercession fail.	focus_3_134_cutoff_100.tsv	104	5ff1744888b5020ab46bfee9773592fb19ce7411c937663357207310b3534b3f
directional_review	3:134	2:263	strong	strong	3:134	2:263	2:263	cross_surah	label_target_note	missing_ayah_suggestion	Ranks kind speech and pardon above charity followed by injury, tightly joining giving and forgiveness.	focus_3_134_cutoff_100.tsv	105	62021ac26fb7260135d86fb52f71048fc36c12174b233e5f8fde26f3235cad43
directional_review	3:134	2:264	strong	strong	3:134	2:264	2:264	cross_surah	label_target_note	missing_ayah_suggestion	Warns that reminder and injury can nullify charity, defining a contrary to beneficent giving.	focus_3_134_cutoff_100.tsv	106	a42150a7bf1a4759d51e56de8df5a570779ac2bed088a3515e8ece2a01c05998
directional_review	3:134	2:266	medium	medium	3:134	2:266	2:266	cross_surah	label_target_note	missing_ayah_suggestion	Its ruined-garden parable warns of the vulnerability of prior spending, adding a durability concern.	focus_3_134_cutoff_100.tsv	107	5f8a2e604569dc04f1e2d3baa063142f31eba0f853904329772bfe854829072f
directional_review	3:134	2:267	strong	strong	3:134	2:267	2:267	cross_surah	label_target_note	missing_ayah_suggestion	Commands spending from good earnings and rejects choosing inferior goods for others.	focus_3_134_cutoff_100.tsv	108	cd926c84cfa1030eef90d7ecc1613f6ec110746e48cce242a960c8e6756046c9
directional_review	3:134	2:268	medium	medium	3:134	2:268	2:268	cross_surah	label_target_note	missing_ayah_suggestion	Names fear of poverty as a pressure against spending, exposing an inward obstacle to outflow.	focus_3_134_cutoff_100.tsv	109	2224a90be620dacb917494e2c3f2e3363efbfaf09020c650efccb9d08e16c328
directional_review	3:134	2:271	strong	strong	3:134	2:271	2:271	cross_surah	label_target_note	missing_ayah_suggestion	Distinguishes disclosed from concealed charity and commends concealment for the needy.	focus_3_134_cutoff_100.tsv	110	aa580214e13c0049b0b9a282b9871722b4851f475f4caff8badaceb97b71f345
directional_review	3:134	2:272	medium	medium	3:134	2:272	2:272	cross_surah	label_target_note	missing_ayah_suggestion	States that the benefit of spending returns to the giver, while directing its aim toward God.	focus_3_134_cutoff_100.tsv	111	c18f6a96447e0675642297248e94481aaf79caae37ee994fd8072cd939508fd6
directional_review	3:134	2:280	strong	strong	3:134	2:280	2:280	cross_surah	label_target_note	missing_ayah_suggestion	Commands respite for debtors in hardship and commends remitting the debt as charity.	focus_3_134_cutoff_100.tsv	112	b542ab908ecc5e7a8c4a7a2a6a31244c74c966575c809deed4d6e426e8df256f
directional_review	3:134	3:17	medium	medium	3:134	3:17	3:17	same_surah	label_target_note	missing_ayah_suggestion	Lists patience, truthfulness, obedience, spending, and seeking forgiveness together.	focus_3_134_cutoff_100.tsv	113	f972211cfd5c16f48bef120c3a6e84b506f42ed5a6ecd86457bd444517b4118c
directional_review	3:134	3:92	strong	strong	3:134	3:92	3:92	same_surah	label_target_note	missing_ayah_suggestion	Makes giving from what one loves the threshold of birr, deepening the cost of beneficent outflow.	focus_3_134_cutoff_100.tsv	114	8d4a70b7f9f53919bd4a63b1d63425f93cd53eeabe275e482db4d0855e59bd4f
directional_review	3:134	3:133	strong	strong	3:134	3:133	3:133	same_surah	label_target_note	missing_ayah_suggestion	Immediately introduces the forgiveness and garden for the godfearing whom 3:134 then describes.	focus_3_134_cutoff_100.tsv	115	0a18d82ef6a78f2fdc026a3c0f9fbe034d6660b5f3c8e8fde77696486420223f
directional_review	3:134	3:200	medium	medium	3:134	3:200	3:200	same_surah	label_target_note	missing_ayah_suggestion	Commands patience, mutual endurance, steadfastness, and taqwa, extending the passage's pressure ethic.	focus_3_134_cutoff_100.tsv	116	aad519d724de9c7ca91bed5aa12110c024b1327f32170e20b256fb44f75f0c68
directional_review	3:134	4:8	medium	medium	3:134	4:8	4:8	cross_surah	label_target_note	missing_ayah_suggestion	Commands provision and kind speech for kin, orphans, and the needy at distribution.	focus_3_134_cutoff_100.tsv	117	628ea43d517771e7bb01d8719df3c7ac85617606d2b98263f571cb66d1da5cbc
directional_review	3:134	4:36	strong	strong	3:134	4:36	4:36	cross_surah	label_target_note	missing_ayah_suggestion	Commands ihsan toward close relations and vulnerable neighbors while naming charitable social obligations.	focus_3_134_cutoff_100.tsv	118	d86b8b765efdfc3776154d52eb0c811a2b91282184ea3cd595b7bb014c09322f
directional_review	3:134	4:114	strong	strong	3:134	4:114	4:114	cross_surah	label_target_note	missing_ayah_suggestion	Commends private counsel that enjoins charity, recognized good, or reconciliation between people.	focus_3_134_cutoff_100.tsv	119	8c5d8459fc54dbd65d37e6effd4b44955ea3384534096af3c54acd3223c99eb5
directional_review	3:134	4:128	medium	medium	3:134	4:128	4:128	cross_surah	label_target_note	missing_ayah_suggestion	Names reconciliation as good while acknowledging the soul's avarice, linking repair with inner resistance.	focus_3_134_cutoff_100.tsv	120	ef7a40577b9fd45ecf1b2b8c88c48263e6189b1fae5e9efd307d9a9e991b27d7
directional_review	3:134	5:2	medium	medium	3:134	5:2	5:2	cross_surah	label_target_note	missing_ayah_suggestion	Commands cooperation in birr and taqwa rather than sin and aggression, framing communal beneficence.	focus_3_134_cutoff_100.tsv	121	80e7581bdb62ce71d648cd8cf88bc9c56f80801443b6e852729d401cb8273836
directional_review	3:134	5:8	medium	medium	3:134	5:8	5:8	cross_surah	label_target_note	missing_ayah_suggestion	Commands justice even amid animosity and identifies it as nearer to taqwa.	focus_3_134_cutoff_100.tsv	122	b4f30774fad49c61d7d5dd1fc41f9a2b8256fb548a340243bd1fff62d94c71b6
directional_review	3:134	5:45	strong	strong	3:134	5:45	5:45	cross_surah	label_target_note	missing_ayah_suggestion	Commends pardoning an injury as expiation, giving a close alternative to retaliation.	focus_3_134_cutoff_100.tsv	123	e1d5f133a4ddd798240db72d81f1d09b803340ad19667e77c4a626e602cf1644
directional_review	3:134	5:89	medium	medium	3:134	5:89	5:89	cross_surah	label_target_note	missing_ayah_suggestion	Requires feeding or clothing needy people as expiation, giving a concrete channel of material repair.	focus_3_134_cutoff_100.tsv	124	53d3ddde842ee2da2016fdf20e37cf6ca6790946ab420d7575701adaaf924b2c
directional_review	3:134	6:141	strong	strong	3:134	6:141	6:141	cross_surah	label_target_note	missing_ayah_suggestion	Commands giving the due of produce at harvest and forbids excess.	focus_3_134_cutoff_100.tsv	125	186f5a496bdf6bee537a90fe81fe6aa37f00b51df2acd8b4380dac0cb8b63a41
directional_review	3:134	7:199	strong	strong	3:134	7:199	7:199	cross_surah	label_target_note	missing_ayah_suggestion	Commands taking pardon, enjoining recognized good, and turning away from the ignorant.	focus_3_134_cutoff_100.tsv	126	b0983b000db5dc0eedacd46e26b33f37eabae57da716d656617bed918ef05605
directional_review	3:134	9:104	medium	medium	3:134	9:104	9:104	cross_surah	label_target_note	missing_ayah_suggestion	Links accepted repentance with the taking of charities and divine mercy.	focus_3_134_cutoff_100.tsv	127	0e6896af5c990e20b3ef34374f1df1195dd3239535c43c5a02938e6e183f9cc3
directional_review	3:134	9:121	medium	medium	3:134	9:121	9:121	cross_surah	label_target_note	missing_ayah_suggestion	Counts every small or great expenditure in God's way as a recorded righteous deed.	focus_3_134_cutoff_100.tsv	128	6db1160fafce408f80edc258493ab963a4e4e93c11c9d0c3ddb87ad93a047924
directional_review	3:134	10:26	medium	medium	3:134	10:26	10:26	cross_surah	label_target_note	missing_ayah_suggestion	Promises the best and more to those who do good, extending the reward horizon for ihsan.	focus_3_134_cutoff_100.tsv	129	a561953997074e7fa187f0b863452d9392e784aebfbd55879c401d7ff1c128f4
directional_review	3:134	12:90	medium	medium	3:134	12:90	12:90	cross_surah	label_target_note	missing_ayah_suggestion	Pairs taqwa and patience with the statement that the reward of muhsinin is not lost.	focus_3_134_cutoff_100.tsv	130	51b21aba1a26a22e403fe5859e291d609ba0e3eb9b6e9ed22462ce16562408b5
directional_review	3:134	13:18	strong	strong	3:134	13:18	13:18	cross_surah	label_target_note	missing_ayah_suggestion	Combines secret and public spending with repelling evil by good, a close composite parallel.	focus_3_134_cutoff_100.tsv	131	f937763597dd1e3056c8606fba5d37acb2806afd0ab50d6f6ac6811e699a7221
directional_review	3:134	14:31	strong	strong	3:134	14:31	14:31	cross_surah	label_target_note	missing_ayah_suggestion	Commands believing servants to establish prayer and spend secretly and publicly before the final day.	focus_3_134_cutoff_100.tsv	132	bf72359f6ecbd891603795e2fe1683052dfe2a91c4400f7a7a8abf6462f0fcc7
directional_review	3:134	16:90	strong	strong	3:134	16:90	16:90	cross_surah	label_target_note	missing_ayah_suggestion	Joins justice, ihsan, and giving to relatives in a foundational command.	focus_3_134_cutoff_100.tsv	133	b4600d2efa87cbbfd9e2c6100ba3321b316539b323b3eace4a8a351ee8dfc942
directional_review	3:134	16:126	medium	medium	3:134	16:126	16:126	cross_surah	label_target_note	missing_ayah_suggestion	Permits proportionate response but identifies patience as better, constraining retaliation.	focus_3_134_cutoff_100.tsv	134	cce10005b62e757bb9a8f71aca186df40b8b4e34f39d7525820a0d55c42d61de
directional_review	3:134	16:128	medium	medium	3:134	16:128	16:128	cross_surah	label_target_note	missing_ayah_suggestion	Places divine companionship with the godfearing and muhsinin, reinforcing the focus identity.	focus_3_134_cutoff_100.tsv	135	6570e8373e489c4db778debbd91b3b48aaddb9d0808e06202bc9d0a4a897bdd5
directional_review	3:134	17:26	strong	strong	3:134	17:26	17:26	cross_surah	label_target_note	missing_ayah_suggestion	Commands giving kin, the needy, and the traveler their due and forbids waste.	focus_3_134_cutoff_100.tsv	136	0fb1da2e961ca1c161ec415b0b454aff6a2b425f4cf92c86c0e3f87ea6a571be
directional_review	3:134	17:29	medium	medium	3:134	17:29	17:29	cross_surah	label_target_note	missing_ayah_suggestion	Forbids both tightfisted withholding and reckless overextension, giving balance to spending.	focus_3_134_cutoff_100.tsv	137	630551a7464e728cb1d3d2133dbfbb82ad331cf387c1389051ffc50e5cc3a11e
directional_review	3:134	17:53	medium	medium	3:134	17:53	17:53	cross_surah	label_target_note	missing_ayah_suggestion	Commands servants to speak what is best, an interpersonal form of redirecting harm.	focus_3_134_cutoff_100.tsv	138	582f1776c234ffa52fe77814c45667ea7787960943d7dcc2dfb39b932b625d01
directional_review	3:134	22:35	medium	medium	3:134	22:35	22:35	cross_surah	label_target_note	missing_ayah_suggestion	Describes the devoted as patient in affliction and as spending from what they are provided.	focus_3_134_cutoff_100.tsv	139	74b2de7d97f30a8cef43db25d893f1c71d5085412f0c1e67a25dd0cc6d524eaf
directional_review	3:134	23:96	strong	strong	3:134	23:96	23:96	cross_surah	label_target_note	missing_ayah_suggestion	Commands repelling evil with what is better, a direct behavioral parallel to restraining anger and pardon.	focus_3_134_cutoff_100.tsv	140	20802f4458381cafbe05c0ebc252358d470843f4924ea16f609fd27d5ce35f00
directional_review	3:134	25:63	strong	strong	3:134	25:63	25:63	cross_surah	label_target_note	missing_ayah_suggestion	Describes servants of the Merciful as answering ignorant provocation with peace.	focus_3_134_cutoff_100.tsv	141	8cc4be0729bdd596df7cdb6f890d3b1b4fe4f179bd3d815bf00c5322593ce91c
directional_review	3:134	25:67	strong	strong	3:134	25:67	25:67	cross_surah	label_target_note	missing_ayah_suggestion	Praises spending that is neither excessive nor miserly, defining a measured middle course.	focus_3_134_cutoff_100.tsv	142	1b479c22ed8a311dea0275a2d44758c761b2a6446454a11fefa546f36c4f244f
directional_review	3:134	30:39	strong	strong	3:134	30:39	30:39	cross_surah	label_target_note	missing_ayah_suggestion	Distinguishes usurious increase from spending sought for God's favor, which is multiplied.	focus_3_134_cutoff_100.tsv	143	73ba9895ad6b7b6f1d1e9ec487acb1161d26373853973d7f2039f96bc197119e
directional_review	3:134	31:17	medium	medium	3:134	31:17	31:17	cross_surah	label_target_note	missing_ayah_suggestion	Combines enjoining good, forbidding wrong, and patience over what befalls one.	focus_3_134_cutoff_100.tsv	144	9eec7438ac94af223dc63f69b55b18e9296629e9b9051a882f5917328c4879d5
directional_review	3:134	31:22	medium	medium	3:134	31:22	31:22	cross_surah	label_target_note	missing_ayah_suggestion	Links surrender to God with being a muhsin and holding the firmest handhold.	focus_3_134_cutoff_100.tsv	145	0f09e43ffa630c5877766b24458d01ce2c76e7ac1ed1f3dbd87dd12c01cd07e4
directional_review	3:134	32:16	medium	medium	3:134	32:16	32:16	cross_surah	label_target_note	missing_ayah_suggestion	Pairs hope and fear with spending from provision, adding a devotional setting for outflow.	focus_3_134_cutoff_100.tsv	146	5b42f7970c2718095f027db894812e8f62e5355bcfd79ef92ab751aa2f6c545d
directional_review	3:134	34:39	strong	strong	3:134	34:39	34:39	cross_surah	label_target_note	missing_ayah_suggestion	States that whatever is spent is replaced by God, directly answering scarcity anxiety.	focus_3_134_cutoff_100.tsv	147	8487b4f336ede80c4025053a405e87d0d1ca43850e8c1df877259c8fae7a304d
directional_review	3:134	35:29	strong	strong	3:134	35:29	35:29	cross_surah	label_target_note	missing_ayah_suggestion	Joins prayer with secret and public spending in hope of an unfailing gain.	focus_3_134_cutoff_100.tsv	148	ff552d403343076235b1729c957af61855c01a70b784fe766eaa8da31b706a37
directional_review	3:134	36:47	medium	medium	3:134	36:47	36:47	cross_surah	label_target_note	missing_ayah_suggestion	Records the dismissive refusal to spend on those whom God could feed, a clear contrary posture.	focus_3_134_cutoff_100.tsv	149	a64d51c4befaf7465443deeb5fc28708b3c608827c8a13dd6b975118de200864
directional_review	3:134	39:10	medium	medium	3:134	39:10	39:10	cross_surah	label_target_note	missing_ayah_suggestion	Promises the patient their reward without measure, supporting endurance under al-darra'.	focus_3_134_cutoff_100.tsv	150	e4bb7f3585b94a7d39e59be1cb55aded38dc79806af92e5923a9c72de2976047
directional_review	3:134	41:35	strong	strong	3:134	41:35	41:35	cross_surah	label_target_note	missing_ayah_suggestion	States that repelling evil with what is better requires patience and a great share.	focus_3_134_cutoff_100.tsv	151	af15c632d88f199e32a1bb0427655abe7a44361f4cc58a41f08a324329a296ae
directional_review	3:134	42:37	strong	strong	3:134	42:37	42:37	cross_surah	label_target_note	missing_ayah_suggestion	Describes believers who, when angered, forgive, directly matching the focus sequence.	focus_3_134_cutoff_100.tsv	152	18651b330ca715259039fc0d81cfc70baf7bbe9a8711b13bde544597a0ae5612
directional_review	3:134	42:43	strong	strong	3:134	42:43	42:43	cross_surah	label_target_note	missing_ayah_suggestion	Calls patience and forgiveness matters of firm resolve.	focus_3_134_cutoff_100.tsv	153	85eb78172cc63f1fe91c7670cdc1db231fd14143c3e4476ab74dce79ac92bf34
directional_review	3:134	47:38	medium	medium	3:134	47:38	47:38	cross_surah	label_target_note	missing_ayah_suggestion	Contrasts answering the call to spend with stinginess that ultimately harms its possessor.	focus_3_134_cutoff_100.tsv	154	1b19133bf1fc03db584299617c9eec7d5f3e96b8ba1c538145afc1ce700c969f
directional_review	3:134	49:10	medium	medium	3:134	49:10	49:10	cross_surah	label_target_note	missing_ayah_suggestion	Commands reconciliation between believers, extending pardon toward restored social relation.	focus_3_134_cutoff_100.tsv	155	e0245fc6f89a910ffff57de8fc12e1dced833908f26d2527f5e0df390e6a29f7
directional_review	3:134	51:19	strong	strong	3:134	51:19	51:19	cross_surah	label_target_note	missing_ayah_suggestion	Assigns a known right in wealth to the petitioner and deprived person.	focus_3_134_cutoff_100.tsv	156	2e13f0621369957cb90f67f0862c6e130922864414b838148dd07021cafab363
directional_review	3:134	57:11	medium	medium	3:134	57:11	57:11	cross_surah	label_target_note	missing_ayah_suggestion	Frames a goodly loan to God as multiplied and generously rewarded outflow.	focus_3_134_cutoff_100.tsv	157	b59690138f9f9ee9f3856932ecb388caf403522884117d71be560175c7d4e56a
directional_review	3:134	57:18	medium	medium	3:134	57:18	57:18	cross_surah	label_target_note	missing_ayah_suggestion	Promises multiplied reward to charitable men and women who lend a goodly loan.	focus_3_134_cutoff_100.tsv	158	cbcad6b87cce772fb074cd8ad9e9ebbbd34d53c24a2b94cbf68cc15e8dd87a8e
directional_review	3:134	59:9	strong	strong	3:134	59:9	59:9	cross_surah	label_target_note	missing_ayah_suggestion	Praises preferring others over oneself even amid personal need, a peak case of giving under pressure.	focus_3_134_cutoff_100.tsv	159	1b13abf503df4811793ce99ad0d369449f39e93c70ad59a8bc34aac129d86b9c
directional_review	3:134	64:17	medium	medium	3:134	64:17	64:17	cross_surah	label_target_note	missing_ayah_suggestion	Frames a goodly loan as multiplied, forgiven, and met by gratitude from God.	focus_3_134_cutoff_100.tsv	160	a87a1876caa11b6185c9dc647c7568611dd5db1fc9380b03983f5944dabfb940
directional_review	3:134	70:24	strong	strong	3:134	70:24	70:24	cross_surah	label_target_note	missing_ayah_suggestion	Identifies a known right in believers' wealth for the petitioner and deprived.	focus_3_134_cutoff_100.tsv	161	a67c376ecc32839d5739ffb969453614e152fc17c125aff44276c29bc391fcd8
directional_review	3:134	73:20	medium	medium	3:134	73:20	73:20	cross_surah	label_target_note	missing_ayah_suggestion	Commands giving a goodly loan alongside prayer and zakat in a context of difficulty.	focus_3_134_cutoff_100.tsv	162	d10c2f667b2b39c1216dc7ab5de0aa90321ea8bd0d47ad0681a10129c3dc3b26
directional_review	3:134	76:8	strong	strong	3:134	76:8	76:8	cross_surah	label_target_note	missing_ayah_suggestion	Praises feeding the needy, orphan, and captive despite attachment to the food.	focus_3_134_cutoff_100.tsv	163	f6de7d4eddd1bd8725147158150913f0da25dd2832d4d01e8673ca5f971f23b1
directional_review	3:134	90:14	medium	medium	3:134	90:14	90:14	cross_surah	label_target_note	missing_ayah_suggestion	Names feeding in a day of severe hunger as the difficult ascent.	focus_3_134_cutoff_100.tsv	164	8446323b37433528e3f08c73c0070bcb6bb983649c06d28c201686d38388316b
directional_review	3:134	92:5	medium	medium	3:134	92:5	92:5	cross_surah	label_target_note	missing_ayah_suggestion	Connects giving and taqwa with being eased toward ease.	focus_3_134_cutoff_100.tsv	165	25f8b55a4dde8fe7d8df623a5db0e0e370383a838df41e1c3a6f224921e2c652
directional_review	3:134	92:18	strong	strong	3:134	92:18	92:18	cross_surah	label_target_note	missing_ayah_suggestion	Describes the one who gives wealth for purification, a focused motive for outflow.	focus_3_134_cutoff_100.tsv	166	d93135eedc16a006f5070ad6241e2ce0daacc1262a3ea9936b2063fa19d1991d
directional_review	3:134	93:10	medium	medium	3:134	93:10	93:10	cross_surah	label_target_note	missing_ayah_suggestion	Forbids rebuking the petitioner, protecting the interpersonal ethic around need.	focus_3_134_cutoff_100.tsv	167	2c6d05e4ab3764c70d07a484ac974db4de4e4433f7f82bceb5d846811b21f95a
directional_review	3:134	107:3	medium	medium	3:134	107:3	107:3	cross_surah	label_target_note	missing_ayah_suggestion	Condemns failure to encourage feeding the needy, a contrary to beneficent care.	focus_3_134_cutoff_100.tsv	168	e41c8395fa0a0221c7e29f0c22b43e84d667fad6b9bc9426d9a3c3536eb725ec
reciprocal_nomination	3:134	2:2		strong	2:2	3:134	3:134	cross_surah	label_target_note	missing_ayah_suggestion	Develops practical traits of the muttaqin.	focus_2_2_cutoff_100.tsv	108	49538009c44bfb5c2e5bf4db2b0a7773a121cb4caa65d6b69907b47638b08723
reciprocal_nomination	3:134	2:3		medium	2:3	3:134	3:134	cross_surah	label_target_note	ranked_review	Extends outflow across ease and hardship and links it with restraint and pardon.	focus_2_3_cutoff_100.tsv	68	96297b5b5485d221f0b8162c1fb48e05aaa8d93b60a4e79ce21dec6e959b564b
reciprocal_nomination	3:134	2:110		weak	2:110	3:134	3:134	cross_surah	label_target_note	missing_ayah_suggestion	Spending in ease and hardship extends good action beyond favorable circumstances.	focus_2_110_cutoff_100.tsv	116	425130b5a9c7cf7e6b91da6c52befc45135ecded5d884f3f73b4ff86234166e5
reciprocal_nomination	3:134	2:177		strong	2:177	3:134	3:134	cross_surah	label_target_note	missing_ayah_suggestion	Names spending in ease and hardship among the God-conscious.	focus_2_177_cutoff_100.tsv	117	0fa57a6cc998c9dd1a67f297e5a355206709b5400b7b649e845e46adf45bb65b
reciprocal_nomination	3:134	2:182		medium	2:182	3:134	3:134	cross_surah	label_target_note	missing_ayah_suggestion	Pardon and goodness toward people provide a direct ethical complement to corrective إصلاح.	focus_2_182_cutoff_100.tsv	106	7994b0770c3d1ba6959cc9d007a91aab9f6f3224ee15199ae2ad0c837df15961
reciprocal_nomination	3:134	2:183		medium	2:183	3:134	3:134	cross_surah	label_target_note	missing_ayah_suggestion	It characterizes the muttaqun by giving, restraining anger, and forgiving, expanding taqwa beyond abstinence.	focus_2_183_cutoff_100.tsv	105	28064ba93efe9bfd670f67ed462554303cd1db0a31fd7e1f5fdfd55b77075fbc
reciprocal_nomination	3:134	2:192		medium	2:192	3:134	3:134	cross_surah	label_target_note	missing_ayah_suggestion	Praising those who restrain anger and pardon people supports mercy over retaliation.	focus_2_192_cutoff_100.tsv	103	9da890d7d155461edf1b2f9bdc9211f8c35ed2ba2aaf881397336c5e5b52365f
reciprocal_nomination	3:134	2:193		weak	2:193	3:134	3:134	cross_surah	label_target_note	missing_ayah_suggestion	Praises restraining anger and pardoning people, a general ethical check on retaliatory conduct.	focus_2_193_cutoff_100.tsv	104	6a123cb7bb138fe89f07d7f3d0d7b972eff94e98b6b54410e750faba39d8e028
reciprocal_nomination	3:134	2:194		medium	2:194	3:134	3:134	cross_surah	label_target_note	missing_ayah_suggestion	Commends restraining anger and pardoning, an alternative to retaliatory excess.	focus_2_194_cutoff_100.tsv	103	6e96feb26f8afd34281206a7dc99cf9a63b758026c58a7c9aabaca94ac56b25d
reciprocal_nomination	3:134	2:195		strong	2:195	3:134	3:134	cross_surah	label_target_note	ranked_review	Joins spending in ease and hardship with restraint, pardon, and God's love for beneficent people.	focus_2_195_cutoff_100.tsv	7	5fc04a64e052af0a4f2bc3ae1cd6ca4d072a5b75b41bcf220bb000deb957209d
reciprocal_nomination	3:134	2:205		weak	2:205	3:134	3:134	cross_surah	label_target_note	ranked_review	Restraint and pardon provide only a general opposite to harmful conduct.	focus_2_205_cutoff_100.tsv	51	d5ae808c3e5dec5fdcd6821c837ae5b1dad0cdd6c372eab47662d9cff2a09cf5
reciprocal_nomination	3:134	2:214		medium	2:214	3:134	3:134	cross_surah	label_target_note	ranked_review	Counts patience in hardship and distress among the qualities of the mindful.	focus_2_214_cutoff_100.tsv	37	35d62c5a4a1d1851ab58d408aa2add803526a25ed96f2e8fcc3847204335b6e1
reciprocal_nomination	3:134	2:215		medium	2:215	3:134	3:134	cross_surah	label_target_note	missing_ayah_suggestion	Names spending in ease and hardship among the qualities of the mindful.	focus_2_215_cutoff_100.tsv	116	88da276321eeb94de73010ccc43dfc9b2b85db07b8de66663bc4070d48f213f4
reciprocal_counterevidence	3:134	2:217		no value	2:217	3:134	3:134	cross_surah	label_target_note	ranked_review	No material addition to 2:217.	focus_2_217_cutoff_100.tsv	95	c3b67e7df7a18ac768c6e76a56ffc4320b16bd974ef9ac27f0efa0f1440be238
reciprocal_nomination	3:134	2:219		strong	2:219	3:134	3:134	cross_surah	label_target_note	ranked_review	It pairs spending in ease and hardship with restraint and pardon.	focus_2_219_cutoff_100.tsv	46	7421265ad59f5b8b9a968b60d92902dcfa8ad1b881a2b32a0240d48bd488b462
reciprocal_nomination	3:134	2:224		medium	2:224	3:134	3:134	cross_surah	label_target_note	missing_ayah_suggestion	It makes pardon and restraint of anger marks of the doers of good.	focus_2_224_cutoff_100.tsv	104	1641fe5719863f4fd5576eef864f6a88527ba8cc428bc1f7c7e4d0723fd40a1a
reciprocal_nomination	3:134	2:245		medium	2:245	3:134	3:134	cross_surah	label_target_note	missing_ayah_suggestion	Counts spending in ease and hardship among the traits of the God-conscious.	focus_2_245_cutoff_100.tsv	122	990931fea39402d87945d066009e03f9702ac48828a8bf7878cb29ed075d4ddd
reciprocal_nomination	3:134	2:254		strong	2:254	3:134	3:134	cross_surah	label_target_note	missing_ayah_suggestion	Commends those who spend in ease and hardship.	focus_2_254_cutoff_100.tsv	115	5c81d10c953b9c70e76d6de5fffa91bd8e741e29c6a29ea934fd7a252c143877
reciprocal_nomination	3:134	2:261		strong	2:261	3:134	3:134	cross_surah	label_target_note	missing_ayah_suggestion	Counts spending in ease and hardship among the God-conscious.	focus_2_261_cutoff_100.tsv	113	3123116546caf463b29e7daccd0ac8dc1b045013b41fd325d762a7060914fce6
reciprocal_nomination	3:134	2:262		strong	2:262	3:134	3:134	cross_surah	label_target_note	missing_ayah_suggestion	Praises those who spend in ease and hardship, restrain anger, and pardon.	focus_2_262_cutoff_100.tsv	120	81a655445c4a11ac6aadf19ff3b9bdf3d8b8d8fc76d532ea6658bb969a795280
reciprocal_nomination	3:134	2:263		strong	2:263	3:134	3:134	cross_surah	label_target_note	missing_ayah_suggestion	Joins spending, restraining anger, and pardoning people.	focus_2_263_cutoff_100.tsv	113	f0fded0efcccd353952908b8ec84837319b2212f50574dc5f022da1048e4fc38
reciprocal_nomination	3:134	2:264		medium	2:264	3:134	3:134	cross_surah	label_target_note	missing_ayah_suggestion	Pairs spending in ease and hardship with restraint and forgiveness.	focus_2_264_cutoff_100.tsv	113	89d91ea5c5d6175c6909ff868329ae75f771b49d35b341d3ee6293a43e55cf89
reciprocal_nomination	3:134	2:265		medium	2:265	3:134	3:134	cross_surah	label_target_note	missing_ayah_suggestion	It commends spending in ease and hardship, extending the garden parable across changing capacity.	focus_2_265_cutoff_100.tsv	110	de5d3b28bea3bcf31e9d3889c279e803acecfe052b7a4487e0aa84268d2882f0
reciprocal_nomination	3:134	2:267		strong	2:267	3:134	3:134	cross_surah	label_target_note	missing_ayah_suggestion	Commends spending in ease and hardship.	focus_2_267_cutoff_100.tsv	116	3f89d32f7f668ef0ceac6c21a45492addbdb523fb9a9227478876f5bff75c3a7
reciprocal_nomination	3:134	2:268		strong	2:268	3:134	3:134	cross_surah	label_target_note	missing_ayah_suggestion	It praises those who spend in ease and hardship, directly rejecting poverty as a reason to cease giving.	focus_2_268_cutoff_100.tsv	113	12c19fff19498b7033fc497f1bda92ef8d7ea8fbd94862792164f25857c85fe7
reciprocal_nomination	3:134	2:270		medium	2:270	3:134	3:134	cross_surah	label_target_note	missing_ayah_suggestion	It includes spending in ease and hardship among the God-conscious.	focus_2_270_cutoff_100.tsv	112	2238c69eb70984b95d9942629d92e629fd4cdce41a894b4c225d6e6b02355421
reciprocal_nomination	3:134	2:271		strong	2:271	3:134	3:134	cross_surah	label_target_note	missing_ayah_suggestion	It praises those who spend in ease and hardship.	focus_2_271_cutoff_100.tsv	112	51670664cf6c80a1c0407939a228d778c68e93635a01db895f5042d03aad7435
reciprocal_nomination	3:134	2:272		medium	2:272	3:134	3:134	cross_surah	label_target_note	missing_ayah_suggestion	Spending in ease and hardship broadens the giver's commitment beyond surplus conditions.	focus_2_272_cutoff_100.tsv	111	75d964d6b27f1a3664b1ffe88af5ab94964d5791e45c3cf9e93836a57c9c66bd
reciprocal_nomination	3:134	2:273		strong	2:273	3:134	3:134	cross_surah	label_target_note	missing_ayah_suggestion	Commends those who spend in ease and hardship, extending giving beyond surplus.	focus_2_273_cutoff_100.tsv	112	fe512712966a2c68adb20b05ec1647d0569e0d75f98fcb9a49a647431136a511
reciprocal_nomination	3:134	2:274		strong	2:274	3:134	3:134	cross_surah	label_target_note	missing_ayah_suggestion	Names spending in ease and hardship as a mark of the God-conscious.	focus_2_274_cutoff_100.tsv	110	f90bbfcd065d99f9aa4a418a22f52e17a5d9f41cf9a1a500727f5fae9486d848
reciprocal_nomination	3:134	2:275		medium	2:275	3:134	3:134	cross_surah	label_target_note	missing_ayah_suggestion	Names spending in ease and hardship as a mark of the God-conscious.	focus_2_275_cutoff_100.tsv	111	0b8a2e3a8015123bb230d6a4eea667d3ae297c608c9af5ba592ebb0c3f560dc1
reciprocal_nomination	3:134	2:276		strong	2:276	3:134	3:134	cross_surah	label_target_note	missing_ayah_suggestion	It praises those who spend in ease and hardship as doers of good whom Allah loves.	focus_2_276_cutoff_100.tsv	110	b1b00ec44961e3056c1485162a737a594553d3a85107eff417ef106a385fc993
reciprocal_nomination	3:134	2:277		medium	2:277	3:134	3:134	cross_surah	label_target_note	missing_ayah_suggestion	Counts spending in ease and hardship among the qualities of the Godfearing.	focus_2_277_cutoff_100.tsv	114	52b33aab67c2435f420e95835c813857ef23bdf70fd0c5a4ef787141c8f43238
reciprocal_nomination	3:134	2:278		medium	2:278	3:134	3:134	cross_surah	label_target_note	missing_ayah_suggestion	Names spending in ease and hardship among traits of the God-fearing.	focus_2_278_cutoff_100.tsv	114	a46ae37afbaa9f4178fe18b859643ea67282c884531be87f60bba135543f9aab
reciprocal_nomination	3:134	2:280		strong	2:280	3:134	3:134	cross_surah	label_target_note	missing_ayah_suggestion	It praises those who spend in ease and hardship and pardon people, combining both sides of 2:280.	focus_2_280_cutoff_100.tsv	113	d871c6deaa9af1e316a0c49b5662b84701443790f3fd8b1948356f6a7fe5f824
reciprocal_nomination	3:134	3:17		medium	3:17	3:134	3:134	same_surah	label_target_note	missing_ayah_suggestion	Joins spending in ease and hardship with pardoning others.	focus_3_17_cutoff_100.tsv	107	aba9fa8da29dbe561b28de383819d2d0da79ad067a954e28552948ac196c303d
reciprocal_nomination	3:134	3:31		strong	3:31	3:134	3:134	same_surah	label_target_note	missing_ayah_suggestion	محبة الله للمحسنين تأتي بعد الإنفاق وكظم الغيظ والعفو.	focus_3_31_cutoff_100.tsv	109	b1a58acc105ee6625e7884188cc0b69abc8393a1acc09e81bcdbd15cc5de1cdb
reciprocal_nomination	3:134	3:32		medium	3:32	3:134	3:134	same_surah	label_target_note	missing_ayah_suggestion	Names beneficence as a quality Allah loves, adding a positive counterpart to the love-boundary in 3:32.	focus_3_32_cutoff_100.tsv	103	fec37b0f352bf0a4c87a72366fff2a29ae18fd58f57493281e46bb805bf36c18
reciprocal_nomination	3:134	3:92		strong	3:92	3:134	3:134	same_surah	label_target_note	missing_ayah_suggestion	It explicitly identifies the God-conscious as those who spend in ease and hardship.	focus_3_92_cutoff_100.tsv	109	c1fa937e540d52637200144e98f3b10e2ecdea45fd7a8c8f58e3d918951e63c3
reciprocal_nomination	3:134	3:102		strong	3:102	3:134	3:134	same_surah	label_target_note	missing_ayah_suggestion	It specifies the muttaqun through giving, restraint of anger, and forgiveness.	focus_3_102_cutoff_100.tsv	103	fb295e4db638186d25ed05b1b870ebd3ca1f14292193818d7aa9091789110099
reciprocal_nomination	3:134	3:114		strong	3:114	3:134	3:134	same_surah	label_target_note	missing_ayah_suggestion	Unfolds haste toward forgiveness through generosity, restraint of anger, pardon, and doing good.	focus_3_114_cutoff_100.tsv	102	6220ec3f0cc0fc0a49ec6ec2aa380e5b99f6bda24b39b276168fd0de778e68fe
reciprocal_nomination	3:134	3:117		medium	3:117	3:134	3:134	same_surah	label_target_note	ranked_review	Shows spending integrated with disciplined moral character, not as an isolated material act.	focus_3_117_cutoff_100.tsv	6	7901755744e3d65f4b44d03d243b2fa1ba47bae347284d46ca7432486684018f
reciprocal_nomination	3:134	3:119		strong	3:119	3:134	3:134	same_surah	label_target_note	ranked_review	Restraining rage and pardoning others give the ethical contrary to rage that leaks into bodily expression.	focus_3_119_cutoff_100.tsv	52	47120b2b47f7fe61545e2335d48838f7e9bb6989d583e851db0213345eb9c1d0
reciprocal_nomination	3:134	3:130		medium	3:130	3:134	3:134	same_surah	label_target_note	ranked_review	The parent-context ethic of spending and self-restraint gives positive conduct around 3:130.	focus_3_130_cutoff_100.tsv	11	b33004a348ba2fc6d50b09fe0935a2c776c0a56289dc144baf37e19a0e17a070
reciprocal_nomination	3:134	3:133		strong	3:133	3:134	3:134	same_surah	label_target_note	missing_ayah_suggestion	Immediate continuation: gives concrete traits of the muttaqin for whom the garden is prepared.	focus_3_133_cutoff_100.tsv	101	20fb6e8982e1d457deb2faa4c3e04feb30747d7ef137655cfe78cceed9b7e24b
reciprocal_nomination	3:134	3:135		strong	3:135	3:134	3:134	same_surah	label_target_note	ranked_review	The preceding verse supplies the ethical setting of restraint, pardon, and excellence.	focus_3_135_cutoff_100.tsv	5	ba9550b2c7935d29741e1a4f17c5410b2f15fda1ebb4f6b61f75b1371c6eb2a9
reciprocal_nomination	3:134	3:136		strong	3:136	3:134	3:134	same_surah	label_target_note	ranked_review	Immediate antecedent: identifies generous, self-restrained, forgiving doers as the muhsinun loved by Allah.	focus_3_136_cutoff_100.tsv	14	d1274e8a12514fd95194d7aedbb1626772c7a841bd381ac31a8c2424d9c4e3a5
reciprocal_nomination	3:134	3:148		strong	3:148	3:134	3:134	same_surah	label_target_note	ranked_review	Supplies a concrete profile of المحسنين immediately before the focus passage.	focus_3_148_cutoff_100.tsv	4	72f3c822ee7cd47e0a28c42a2ad93db2e73d7d8e4962ae0dd7649f4c1a682354
reciprocal_nomination	3:134	3:155		medium	3:155	3:134	3:134	same_surah	label_target_note	missing_ayah_suggestion	Pardoning others in the same surah reinforces the ethical horizon of divine pardon.	focus_3_155_cutoff_100.tsv	122	d126cf5f4c80b1fc4d7b7c30543f57f297c1b8a133989a77ffaa2767e74e3138
reciprocal_nomination	3:134	3:159		strong	3:159	3:134	3:134	same_surah	label_target_note	ranked_review	The nearby call to restrain anger and forgive supplies a direct ethical ground for 3:159's forbearance.	focus_3_159_cutoff_100.tsv	55	90e1dc1c358c851654f959d771cb294bcb576fab447c6db9d1dfb2b1b2538f22
reciprocal_nomination	3:134	3:167		weak	3:167	3:134	3:134	same_surah	label_target_note	ranked_review	Positive generosity and self-restraint offer a broad contrast to divided conduct, but do not diagnose 3:167.	focus_3_167_cutoff_100.tsv	6	0590bd8eeb5dd478b7c58058a9fa09afaa01fd0ebad6a3bc662657fa7103b501
reciprocal_nomination	3:134	3:180		medium	3:180	3:134	3:134	same_surah	label_target_note	missing_ayah_suggestion	Giving in ease and hardship broadens the practice beyond surplus.	focus_3_180_cutoff_100.tsv	120	a774972a59129a4fac1aaebd36564e61ca4b372390e55d583d688529754df5d1
reciprocal_nomination	3:134	4:5		weak	4:5	3:134	3:134	cross_surah	label_target_note	missing_ayah_suggestion	Spending in ease and hardship supports generosity as a disposition but is not specific to vulnerable dependents.	focus_4_5_cutoff_100.tsv	109	45552b643d34bbfc30fd86225463a4ac09e4ada3acd52b6e84a0fd5dae7a5288
reciprocal_nomination	3:134	4:31		strong	4:31	3:134	3:134	cross_surah	label_target_note	missing_ayah_suggestion	Restraining anger and pardoning provide concrete self-restraint practices relevant to the focus's avoidance condition.	focus_4_31_cutoff_100.tsv	109	701493d4f26cbd348728f00e77128dc03065b0645671169a78de7d8ed62c8df5
reciprocal_nomination	3:134	4:39		strong	4:39	3:134	3:134	cross_surah	label_target_note	missing_ayah_suggestion	Directly identifies spending in ease and hardship as a quality of the reverent.	focus_4_39_cutoff_100.tsv	115	3a6c313162bc6e625c0aeeebd52d68ca26e1b24860c2f74dace9dd8dd87d4988
reciprocal_nomination	3:134	4:53		medium	4:53	3:134	3:134	cross_surah	label_target_note	missing_ayah_suggestion	Its spending in ease and hardship supplies a broad counterpoint to the focus's imagined refusal.	focus_4_53_cutoff_100.tsv	146	6f2b6c909092b524aaef1dd1f6c7ceb3828f13a9762def6ddb49f2c7ab6e1c97
reciprocal_nomination	3:134	4:86		medium	4:86	3:134	3:134	cross_surah	label_target_note	missing_ayah_suggestion	Adds restraint and pardon as beneficent responses to injury.	focus_4_86_cutoff_100.tsv	103	8a9c4ed76d59aac75c5a8c9666a4ebf25f6b69e3f0f59a8345476fe6779fb13b
reciprocal_nomination	3:134	4:99		medium	4:99	3:134	3:134	cross_surah	label_target_note	missing_ayah_suggestion	Adds active human pardon after restraint, distinct from the divine exception.	focus_4_99_cutoff_100.tsv	106	e8b3de3e05e3bd4fa0a2c11e1480bb316b7dfb43bbdd8edc97fd0d96fa5d1e81
reciprocal_nomination	3:134	4:114		strong	4:114	3:134	3:134	cross_surah	label_target_note	missing_ayah_suggestion	Combines expenditure, anger-restraint, and pardon as constructive social conduct.	focus_4_114_cutoff_100.tsv	111	01da04147a52d48a02cbb0b8a773a5065fdeae0ba8566d09f05ae2bbca704bba
reciprocal_nomination	3:134	4:128		medium	4:128	3:134	3:134	cross_surah	label_target_note	missing_ayah_suggestion	Adds restraint of anger and pardon as interpersonal disciplines compatible with ihsan.	focus_4_128_cutoff_100.tsv	120	40fc9f5bdcb6255bd0baca25d7ee86ba9dd018e85648b592cca1fd8bbf273a74
reciprocal_nomination	3:134	4:148		strong	4:148	3:134	3:134	cross_surah	label_target_note	missing_ayah_suggestion	Provides pardon and anger-restraint as a direct alternative response to injury.	focus_4_148_cutoff_100.tsv	108	57cd279b27ef6853905f62773b1fab4027d5fa6bb38c4c8aecd6edff646059bc
reciprocal_nomination	3:134	4:149		strong	4:149	3:134	3:134	cross_surah	label_target_note	ranked_review	Adds restraint of ghayz and afw from people as a concrete human response to harm.	focus_4_149_cutoff_100.tsv	11	8338738e0924ff1c9188323aa782119591f2c7c396c6e3e8f80e9f5b72bf2d2c
reciprocal_nomination	3:134	4:152		weak	4:152	3:134	3:134	cross_surah	label_target_note	ranked_review	Pardon here concerns conduct toward people, only loosely parallel to the closing mercy.	focus_4_152_cutoff_100.tsv	11	c9fd5ad69db351f0cb4af2ba291812f7cc5e3b9c561fddb30e6a3af091f5b42d
reciprocal_nomination	3:134	4:153		weak	4:153	3:134	3:134	cross_surah	label_target_note	ranked_review	General pardon ethic adds little beyond the adjacent pardon cards.	focus_4_153_cutoff_100.tsv	20	bc4a85e2e16db6967f88396d3327b060db7b66754bd14ea33f1fe6e2af83e4cd
reciprocal_counterevidence	3:134	4:170		no value	4:170	3:134	3:134	cross_surah	label_target_note	ranked_review	Its channel resonance concerns a different ethical scene and adds no focused support.	focus_4_170_cutoff_100.tsv	11	0a5ab9b51412136496771b5923c5c6b6889b0d11d5184b0672a9d65220709a5b
reciprocal_counterevidence	3:134	4:171		no value	4:171	3:134	3:134	cross_surah	label_target_note	ranked_review	The anger-and-pardon channel is unrelated to the focus's claims.	focus_4_171_cutoff_100.tsv	26	79ee715e7d9a8926e0a083bb1ed35c5ace5475862d3c82865ee6f817a06f5f90
reciprocal_nomination	3:134	5:2		strong	5:2	3:134	3:134	cross_surah	label_target_note	missing_ayah_suggestion	Restraining anger and pardoning provides a direct counterweight to hate-driven transgression.	focus_5_2_cutoff_100.tsv	112	fcbbabc22ebd2b8b49dd12c118e07646f80268a84eb853a814f2698ec3f9d677
reciprocal_nomination	3:134	5:8		strong	5:8	3:134	3:134	cross_surah	label_target_note	missing_ayah_suggestion	Adds restraint of anger and pardon as responses that prevent hostility from governing conduct.	focus_5_8_cutoff_100.tsv	109	fb8ea5c8f31458c1d8a74a8280128cf9a3eba4c28379c45045a4a14a076148a8
reciprocal_nomination	3:134	5:11		strong	5:11	3:134	3:134	cross_surah	label_target_note	missing_ayah_suggestion	Makes anger-restraint and pardon marks of those who practice excellence.	focus_5_11_cutoff_100.tsv	133	6e0178e6b3879ff8c38b1d45be442a9deeec9329be875f84f7323602ff2af766
reciprocal_nomination	3:134	5:13		strong	5:13	3:134	3:134	cross_surah	label_target_note	ranked_review	Explicitly joins pardoning people with being among those loved for doing good.	focus_5_13_cutoff_100.tsv	49	dcc0faf28298d81f8ebe18cebf727a29d22295b29f67d41a3c2113cba1697e56
reciprocal_nomination	3:134	5:28		strong	5:28	3:134	3:134	cross_surah	label_target_note	missing_ayah_suggestion	Restraining anger and pardoning directly parallel refusal to mirror an aggressor's act.	focus_5_28_cutoff_100.tsv	107	17b9347ffc89574894c8f3c8c7d73f50089f8af0061b7f7c6c3a9591b84ac972
reciprocal_nomination	3:134	5:45		weak	5:45	3:134	3:134	cross_surah	label_target_note	missing_ayah_suggestion	Anger restraint and pardon are broad, nonprocedural mercy evidence.	focus_5_45_cutoff_100.tsv	139	d2d1a71aef6a87281b9071ecc2e4567066c23543523063dccd95399465398533
reciprocal_nomination	3:134	5:64		medium	5:64	3:134	3:134	cross_surah	label_target_note	missing_ayah_suggestion	Adds spending in both ease and hardship as an alternative to constriction.	focus_5_64_cutoff_100.tsv	107	f6dcbbc8c87d0cd90f06c29bea098831b23a32c4395f60868e097ccf1f818401
reciprocal_nomination	3:134	5:85		medium	5:85	3:134	3:134	cross_surah	label_target_note	missing_ayah_suggestion	Names المحسنين within concrete ethical conduct immediately before 3:136.	focus_5_85_cutoff_100.tsv	110	e8814bd479b900865387b610afac7526f652ba49bc79e0e1e931f6faec728a4b
reciprocal_nomination	3:134	5:93		medium	5:93	3:134	3:134	cross_surah	label_target_note	ranked_review	Links divine love with المحسنين, adding enacted qualities but not 5:93's sequence.	focus_5_93_cutoff_100.tsv	37	b90fbe47e72ddda2754dd73cb66e777f78f1a7e0181648cf7cceee664d7c5e62
reciprocal_nomination	3:134	5:95		weak	5:95	3:134	3:134	cross_surah	label_target_note	ranked_review	Puts restraint and pardon alongside wrongdoing, without the repair structure.	focus_5_95_cutoff_100.tsv	20	743095aff0904dd493252ff9a0288362e2f69bd9c1b9bc0bb5b8712348862da2
reciprocal_nomination	3:134	6:42		weak	6:42	3:134	3:134	cross_surah	label_target_note	ranked_review	Uses darraa in a distinct ethical setting.	focus_6_42_cutoff_100.tsv	34	23ad77d3545eab815ad42d0084983f54c1bfe1aec98698f3d52439dc0bd0ff5d
reciprocal_nomination	3:134	6:84		medium	6:84	3:134	3:134	cross_surah	label_target_note	missing_ayah_suggestion	Divine love for beneficence supports the focus's positive moral designation.	focus_6_84_cutoff_100.tsv	109	5455fcbc7993a519248fda84708a4406db2939531119074ed2ac30fe854f8134
reciprocal_nomination	3:134	6:108		medium	6:108	3:134	3:134	cross_surah	label_target_note	missing_ayah_suggestion	Restraining anger and pardoning supplies a non-escalatory response pattern.	focus_6_108_cutoff_100.tsv	104	58883281c9cac5ee55745a22ba1f9430e635202d98e5281fc3e707c23d895234
reciprocal_nomination	3:134	7:56		weak	7:56	3:134	3:134	cross_surah	label_target_note	missing_ayah_suggestion	Supplies a personal ihsan profile through generosity and forgiveness.	focus_7_56_cutoff_100.tsv	107	bfcec1c305de272705a7c232102124a0a0e560b89423c35c3729fcf10574eba8
reciprocal_nomination	3:134	7:94		medium	7:94	3:134	3:134	cross_surah	label_target_note	ranked_review	Sets a constructive response in ease and hardship: giving and self-restraint.	focus_7_94_cutoff_100.tsv	2	0809fddae4525765d6d43ed6670bda8cb8bd4a1f465bcea1d3f9be800849f127
reciprocal_nomination	3:134	7:95		weak	7:95	3:134	3:134	cross_surah	label_target_note	ranked_review	Shares sarra and darra but recasts them as settings for conduct, not a causal sequence.	focus_7_95_cutoff_100.tsv	14	38980ee7da5a8b6c92a111813085666af8132989675b543f45e915074432dfa6
reciprocal_nomination	3:134	7:156		strong	7:156	3:134	3:134	cross_surah	label_target_note	missing_ayah_suggestion	Spending, pardon, and restraint provide concrete conduct within the muttaqun profile.	focus_7_156_cutoff_100.tsv	112	07c79eeb3b9cdb1ea99e903d6d025d81bc120b7d3ee688b6e9dc6fa38b37b7ff
reciprocal_nomination	3:134	7:199		strong	7:199	3:134	3:134	cross_surah	label_target_note	missing_ayah_suggestion	Places pardon among active restraint in anger and beneficence toward others.	focus_7_199_cutoff_100.tsv	104	67a00332796bbafb4579ddfff0c45f3d5a04ccfbb80a6a0b81f6f83e5c36c96d
reciprocal_nomination	3:134	8:3		medium	8:3	3:134	3:134	cross_surah	label_target_note	ranked_review	F02 geçici: bolluk/darlıkta harcamayı öfke tutma ve af ile birlikte nitelendirir.	focus_8_3_cutoff_100.tsv	36	6a130d143987d4fa52f16e0af8e11f3abe00674e9e18771511584ffefcc3fbe0
reciprocal_nomination	3:134	8:4		medium	8:4	3:134	3:134	cross_surah	label_target_note	missing_ayah_suggestion	Forgiveness of others is embedded in a pious moral profile.	focus_8_4_cutoff_100.tsv	209	adfeeb80ebc45efc32d50d6c098ca746fe994d0bac89d8fb2fe435773e5503a4
reciprocal_nomination	3:134	8:36		medium	8:36	3:134	3:134	cross_surah	label_target_note	ranked_review	Shows outflow under ease and hardship within a forgiveness-oriented pattern, contrasting hostile spending.	focus_8_36_cutoff_100.tsv	66	90dfe0441c7af9753351afe3084395ba8d17c1d703641853382e0c853d263291
reciprocal_nomination	3:134	8:41		medium	8:41	3:134	3:134	cross_surah	label_target_note	missing_ayah_suggestion	Missing expenditure in ease and hardship as an ethic of social repair.	focus_8_41_cutoff_100.tsv	134	c7a7eb066ee26b4d4ba728f4d105ddfcd0db34ba87e13dffe11befc77542496a
reciprocal_nomination	3:134	8:61		medium	8:61	3:134	3:134	cross_surah	label_target_note	missing_ayah_suggestion	Öfkeyi tutma ve bağışlama, barış teklifine verilecek tepkinin iç disiplinini destekler.	focus_8_61_cutoff_100.tsv	105	9581302dec089249c400226e9efac407842f72f89cfc0ee6321b2a587bee73a1
reciprocal_nomination	3:134	9:5		weak	9:5	3:134	3:134	cross_surah	label_target_note	ranked_review	Restrained ghayz offers a distant counterpoint, not a condition of 9:5.	focus_9_5_cutoff_100.tsv	56	f13c003678a053c6fee1787d15cdeb91cac7d081f3e858e0c64aabc67c933a26
reciprocal_nomination	3:134	9:8		weak	9:8	3:134	3:134	cross_surah	label_target_note	ranked_review	Controlled rage supplies a contrary ethical posture, not evidence about the opponents of 9:8.	focus_9_8_cutoff_100.tsv	23	03b985c035f3d0f0eac31dd0101ef07a56b66348ab0a7e1a3601dbe252aab177
reciprocal_nomination	3:134	9:14		medium	9:14	3:134	3:134	cross_surah	label_target_note	ranked_review	Rage is actively restrained by believers, a counter-practice to the focus’s healing outcome.	focus_9_14_cutoff_100.tsv	47	cd17a8e97007ea7c4fedaf14c8c94fa5a98f2009e8b569306d256d7b64c9877b
reciprocal_nomination	3:134	9:15		medium	9:15	3:134	3:134	cross_surah	label_target_note	ranked_review	Provides a contrary anger practice: rage is restrained rather than removed.	focus_9_15_cutoff_100.tsv	26	3c12a94efb61233fe975fc0cb794cca32cde1ff8896ac88a1fc08ec32564384d
reciprocal_nomination	3:134	9:34		strong	9:34	3:134	3:134	cross_surah	label_target_note	missing_ayah_suggestion	Places spending in ease and hardship within a broader practice of self-restraint and repair.	focus_9_34_cutoff_100.tsv	111	54322d56347f1e3f5559d6c6b82ca4922e851a86acd3a48b0034f37b2a94058b
reciprocal_nomination	3:134	9:53		medium	9:53	3:134	3:134	cross_surah	label_target_note	missing_ayah_suggestion	Places spending in ease and hardship within a wider taqwa pattern.	focus_9_53_cutoff_100.tsv	111	55ab4c21490986f1855faee02d16442cd73cc88619974f4f3a970b9836a66b2a
reciprocal_nomination	3:134	9:54		medium	9:54	3:134	3:134	cross_surah	label_target_note	missing_ayah_suggestion	Adds willing spending in ease and hardship within a disciplined moral disposition.	focus_9_54_cutoff_100.tsv	103	ea67c2c97bfc35bb690e2bbe8d53c738190326da5a508a5931c7399fbe1b0234
reciprocal_nomination	3:134	9:58		medium	9:58	3:134	3:134	cross_surah	label_target_note	missing_ayah_suggestion	Adds spending alongside anger-restraint as a contrary disposition.	focus_9_58_cutoff_100.tsv	108	181bde5114aa17ffde3eda0569e0a48b6256f4aa5738f860f0d73627a412fff1
reciprocal_nomination	3:134	9:59		medium	9:59	3:134	3:134	cross_surah	label_target_note	ranked_review	Connects spending with restraint and pardon, extending the disposition needed for healthy transfer.	focus_9_59_cutoff_100.tsv	93	bc35545535d343fc0c02729604a3dce683d83d484f8c7c55a8febf830e269fb6
reciprocal_nomination	3:134	9:60		medium	9:60	3:134	3:134	cross_surah	label_target_note	missing_ayah_suggestion	Includes spending in ease and hardship within a wider ethic of restraint and forgiveness.	focus_9_60_cutoff_100.tsv	113	af5c87ec48a9b977eafcd7081654e1fa80dd813042a02ed5cebba37668b90cd7
reciprocal_nomination	3:134	9:76		medium	9:76	3:134	3:134	cross_surah	label_target_note	missing_ayah_suggestion	Supplies a contrary practice of spending in both ease and hardship.	focus_9_76_cutoff_100.tsv	122	bbb1d2754db3ee3ad284f0832ae11b4aa03c9ad5393b10e8e32465b464817ab5
reciprocal_nomination	3:134	9:79		medium	9:79	3:134	3:134	cross_surah	label_target_note	missing_ayah_suggestion	Places giving in ease and hardship within a wider moral profile.	focus_9_79_cutoff_100.tsv	116	cd47390a30a27f46d0b4fed2d8c5a740b2b0967bf799d501069dcdcf5d15ecf4
reciprocal_nomination	3:134	9:91		medium	9:91	3:134	3:134	cross_surah	label_target_note	ranked_review	Shows ihsan through giving across ease and hardship, without defining exemption.	focus_9_91_cutoff_100.tsv	13	259233abf473ab1042c51db63ac99841fc144e9bbe8389457c7e0f3de44c3a8a
reciprocal_nomination	3:134	9:98		medium	9:98	3:134	3:134	cross_surah	label_target_note	ranked_review	Supplies a positive pattern of continued spending under ease and pressure.	focus_9_98_cutoff_100.tsv	11	0d44f1a993d08f62b7ddd37bcf4fdc481ecc83729ce2d4e97aced13f2463ff04
reciprocal_nomination	3:134	9:99		medium	9:99	3:134	3:134	cross_surah	label_target_note	ranked_review	Adds resilient expenditure as a dispositional pattern.	focus_9_99_cutoff_100.tsv	11	a9949abda0b52e42ece0487c63a2162012c6739d0a163e1d17af96afe7470f7b
reciprocal_nomination	3:134	9:103		medium	9:103	3:134	3:134	cross_surah	label_target_note	missing_ayah_suggestion	Extends righteous giving to both ease and hardship, not merely surplus.	focus_9_103_cutoff_100.tsv	140	14d54fe7cdee415e3ffaeda242f472f16c290b8a0c61319443a0363ffa17f8ae
reciprocal_nomination	3:134	9:104		medium	9:104	3:134	3:134	cross_surah	label_target_note	missing_ayah_suggestion	Places spending in ease and hardship alongside forgiveness and self-restraint.	focus_9_104_cutoff_100.tsv	114	de93549f507da5ff6208691ca7dc0e9d761089597e787dff418baccbe09e1139
reciprocal_counterevidence	3:134	9:107		no value	9:107	3:134	3:134	cross_surah	label_target_note	ranked_review	Its virtues of beneficence do not materially clarify the focus.	focus_9_107_cutoff_100.tsv	77	a9939479fa03e7a48bc38f9a37b9b2e07003fb7fc11bd806b64b1ea1e209cca0
reciprocal_nomination	3:134	9:109		weak	9:109	3:134	3:134	cross_surah	label_target_note	ranked_review	Positive conduct describes character, but adds little to the foundation comparison.	focus_9_109_cutoff_100.tsv	37	c72e5b689e8f8b97bc3951b544b3ad8eeb0cd8873664b6113248e03921c27a3c
reciprocal_nomination	3:134	9:110		weak	9:110	3:134	3:134	cross_surah	label_target_note	ranked_review	Channel-level outflow evidence offers only a remote contrast to the harmful structure.	focus_9_110_cutoff_100.tsv	26	036d5f00ebfe7aa2cf19640bd15018084cf268c9f304466f230a4c913370fc56
reciprocal_nomination	3:134	9:112		strong	9:112	3:134	3:134	cross_surah	label_target_note	missing_ayah_suggestion	Makes spending, anger restraint, forgiveness, and good-doing practical marks of the God-conscious.	focus_9_112_cutoff_100.tsv	111	3712717ccd37c33dbdc8c6cc7eb4cf44b280dedd785ce0de9e5ab83e3f5940d0
reciprocal_nomination	3:134	10:26		medium	10:26	3:134	3:134	cross_surah	label_target_note	missing_ayah_suggestion	Characterizes muhsinin through restraint and forgiveness.	focus_10_26_cutoff_100.tsv	110	f7e2e630e745d74d80e19b2ca908b3235e342d45e80c2c0ba4fb24d9ccc30919
reciprocal_nomination	3:134	11:115		strong	11:115	3:134	3:134	cross_surah	label_target_note	missing_ayah_suggestion	Öfkeyi yutma ve bağışlama, Allah'ın sevdiği muhsinliğin somut bir yüzünü verir.	focus_11_115_cutoff_100.tsv	107	55139dd0a50535c2b29ae68551282cbc42451b59b322c75a2d621fe675e1de61
reciprocal_nomination	3:134	12:29		strong	12:29	3:134	3:134	cross_surah	label_target_note	missing_ayah_suggestion	Öfkeyi yutma ve insanları affetme, 12:29'daki sınırlı kınama ile bağışlanma çağrısına kişilerarası paralel sağlar.	focus_12_29_cutoff_100.tsv	104	d6b9100a37c7a61e3de6aa23b901921c888070e36a7d48eaae7d270ab9c1ec52
reciprocal_nomination	3:134	12:57		medium	12:57	3:134	3:134	cross_surah	label_target_note	missing_ayah_suggestion	Öfkeyi tutma ve affetmeyi sakınanların özellikleri sayarak sakınmanın davranışsal yönünü açar.	focus_12_57_cutoff_100.tsv	103	17e0718ce2b9b0aa4ac5d008090d52dfb3aea4c26cb4fd969809c2cf75cc90aa
reciprocal_nomination	3:134	12:84		medium	12:84	3:134	3:134	cross_surah	label_target_note	ranked_review	Öfkeyi tutma ile onu affa dönüştürme arasındaki ayrımı göstererek kâẓim hâlinin tek sonucu olmadığını açar.	focus_12_84_cutoff_100.tsv	6	b7a93744c48908562ee7e90abe039eb62c43ce058cefe4defbaf9bcb8031de6d
reciprocal_nomination	3:134	12:88		medium	12:88	3:134	3:134	cross_surah	label_target_note	missing_ayah_suggestion	Includes spending in both ease and hardship among the traits of the God-conscious.	focus_12_88_cutoff_100.tsv	115	9f96a95522ef1eebec865ba34e6986bcbdccccde16435c31fec3c357965b3ee1
reciprocal_nomination	3:134	12:89		strong	12:89	3:134	3:134	cross_surah	label_target_note	missing_ayah_suggestion	Pairs restraint and pardon with doing good, strengthening the response embodied in 12:92.	focus_12_89_cutoff_100.tsv	139	3d8989f58885e37d239ff163f36c4d49974931648aca7ca6960bbed1eda6fb6b
reciprocal_nomination	3:134	12:90		strong	12:90	3:134	3:134	cross_surah	label_target_note	missing_ayah_suggestion	Restraining anger and pardoning wrongdoing directly illuminate the repair that follows recognition.	focus_12_90_cutoff_100.tsv	128	63f760f212178ade984593ef4bef5c65e282f90813f2582d819cbe827471d4d2
reciprocal_nomination	3:134	12:91		strong	12:91	3:134	3:134	cross_surah	label_target_note	missing_ayah_suggestion	Restraining anger and pardoning wrongdoers directly illuminates Joseph's non-reproach in the next ayah.	focus_12_91_cutoff_100.tsv	114	b6c35c1bef17d1b785e2cd41c83c960149a5dec74687e2284400a231cc207b20
reciprocal_nomination	3:134	12:92		strong	12:92	3:134	3:134	cross_surah	label_target_note	missing_ayah_suggestion	Restraining anger and pardoning people sharply illuminate Joseph's response.	focus_12_92_cutoff_100.tsv	110	5cd5f051784fc866d2012948dde13c3631cfc8d8b43224c0f13b04be64a1df4f
reciprocal_nomination	3:134	12:100		strong	12:100	3:134	3:134	cross_surah	label_target_note	missing_ayah_suggestion	Öfkeyi yutma ve insanları bağışlama, 12:100'de tamamlanan kardeşlik onarımının 12:92'deki bağış boyutunu belirginleştirir.	focus_12_100_cutoff_100.tsv	101	a2a122baee83039893f85df16395d8c7f2a1dc404e29fa22df04b4673eaa6aed
reciprocal_nomination	3:134	13:22		strong	13:22	3:134	3:134	cross_surah	label_target_note	ranked_review	Bollukta-darlıkta harcama, öfkeyi tutma ve bağışlama; savma ve sabrın toplumsal işleyişini açar.	focus_13_22_cutoff_100.tsv	38	d14d07fb688b6dd2b4e4e289a526640265ba9cf9dd606215ea1edf6213951162
reciprocal_nomination	3:134	13:26		medium	13:26	3:134	3:134	cross_surah	label_target_note	ranked_review	Adds expenditure through both ease and pressure to the allied allotment channel.	focus_13_26_cutoff_100.tsv	20	f0585c9adeeb8320d3097cf03e5c52ffdff3ba3be3d23c75819c60bc742dd59b
reciprocal_nomination	3:134	14:31		medium	14:31	3:134	3:134	cross_surah	label_target_note	missing_ayah_suggestion	Bollukta ve darlıkta harcamayı, sürekli ahlaki tutum olarak ekler.	focus_14_31_cutoff_100.tsv	118	49a99d088a87e2728d3bfc94c2d8073e49e86456421f7eec47a5be14ab617917
reciprocal_nomination	3:134	15:47		medium	15:47	3:134	3:134	cross_surah	label_target_note	missing_ayah_suggestion	Öfkeyi tutma ve bağışlama, kin-siz ilişkiye dünyevi bir hazırlık yolu sunar.	focus_15_47_cutoff_100.tsv	107	856544be972823ee49bb6fc5a388ff5b235c14d6b7e5279e605c4d6f26ca9294
reciprocal_nomination	3:134	15:85		medium	15:85	3:134	3:134	cross_surah	label_target_note	missing_ayah_suggestion	كظم الغيظ and عفو provide a close non-retaliation parallel.	focus_15_85_cutoff_100.tsv	108	6502860d1555f6cb791c76bc58d745abfe4bb888be253695136bfacafdcb9c60
reciprocal_nomination	3:134	16:23		medium	16:23	3:134	3:134	cross_surah	label_target_note	ranked_review	Divine love of beneficent conduct offers a positive f02 contrast.	focus_16_23_cutoff_100.tsv	89	dd82f207bb682b1c9b19ec9068bad2c751b5c10ba34e0c1b93550330692bb8e3
reciprocal_nomination	3:134	16:30		strong	16:30	3:134	3:134	cross_surah	label_target_note	missing_ayah_suggestion	Gives concrete traits of the muttaqun and confirms divine love for muhsinun.	focus_16_30_cutoff_100.tsv	120	cb5c002bc8f055a3da5aed65213de39b93dd0d4e24b41d970ca802abf34a2698
reciprocal_nomination	3:134	16:58		medium	16:58	3:134	3:134	cross_surah	label_target_note	ranked_review	Öfkeyi tutmayı ihsan ve affın parçası yapar; 16:58'deki kâzimliğe normatif bir karşı okuma verir.	focus_16_58_cutoff_100.tsv	21	dcd923bcc4a7dbadd779830de1f9aa3420a62aaba13e63d57713e129f53d4249
reciprocal_nomination	3:134	16:75		medium	16:75	3:134	3:134	cross_surah	label_target_note	missing_ayah_suggestion	Bollukta ve darlıkta harcama, 65:7 ile birlikte imkâna göre süreklilik çizgisini destekler.	focus_16_75_cutoff_100.tsv	124	13aa0bd9ded53e6a52a4b96e6f0e41fb5078a21a05de6e423624027f7c2b00c4
reciprocal_nomination	3:134	16:90		strong	16:90	3:134	3:134	cross_surah	label_target_note	missing_ayah_suggestion	Bollukta ve darlıkta verme, öfkeyi yutma ve affetme ile muhsinleri birleştirir.	focus_16_90_cutoff_100.tsv	106	85fc81f6b521e76f85378f44c3461f7708564a913eda815e7baf833ba65937ef
reciprocal_nomination	3:134	16:126		medium	16:126	3:134	3:134	cross_surah	label_target_note	missing_ayah_suggestion	Names restraint of anger and pardon as qualities of those who do good.	focus_16_126_cutoff_100.tsv	106	5ff0bee8b8867ccb0c2f21ab54b81eb142348bfd504140c542a5b7ef8cc94964
reciprocal_nomination	3:134	16:128		strong	16:128	3:134	3:134	cross_surah	label_target_note	ranked_review	Describes muhsinun through generosity, restraining anger, and pardoning people, supplying concrete conduct.	focus_16_128_cutoff_100.tsv	79	14acee9ecf5a608ea9a69ca5aea4116ca59c188651d83706096472de7073d2e0
reciprocal_nomination	3:134	17:26		medium	17:26	3:134	3:134	cross_surah	label_target_note	missing_ayah_suggestion	Places spending in ease and hardship within a wider discipline of self-restraint.	focus_17_26_cutoff_100.tsv	113	54b9729b81b08858cbfb2504f2af4f71cb66555f62a72ac2d5a2bbf94c273fa3
reciprocal_nomination	3:134	17:27		medium	17:27	3:134	3:134	cross_surah	label_target_note	missing_ayah_suggestion	Includes spending in ease and hardship within disciplined moral action.	focus_17_27_cutoff_100.tsv	116	1208414b530bcb593f731a4eed15ab22aaf8853ec7b0feb1065780f537dc8af0
reciprocal_nomination	3:134	17:29		strong	17:29	3:134	3:134	cross_surah	label_target_note	missing_ayah_suggestion	Spending in ease and hardship directly rejects both hoarding and capacity denial.	focus_17_29_cutoff_100.tsv	120	e833a8c4aee967fdd85abdf353dd2aed476ed58180c6e17506f6988d05c94a2d
reciprocal_nomination	3:134	17:38		medium	17:38	3:134	3:134	cross_surah	label_target_note	missing_ayah_suggestion	Adds a measured spending pattern and repair through restraint and pardon.	focus_17_38_cutoff_100.tsv	129	9d4a14bd9e985f457204d78b16ecef10821721cdb7d230dd60f0e239fc09b0e1
reciprocal_nomination	3:134	17:53		strong	17:53	3:134	3:134	cross_surah	label_target_note	missing_ayah_suggestion	Restraining anger and pardoning supplies a behavioral path by which better speech can prevent escalation.	focus_17_53_cutoff_100.tsv	103	4b1ffea5d5af26e9a31c056c9ae5fbd200f04fa3f02ba3824fa8aa3dc990a3a8
reciprocal_nomination	3:134	17:100		strong	17:100	3:134	3:134	cross_surah	label_target_note	missing_ayah_suggestion	Spending in ease and hardship shows that release is not limited to surplus, correcting a depletion-based rationale.	focus_17_100_cutoff_100.tsv	119	6e5f05d996aef775b31ebf52cad5030c27846a4f8a856d0437a82106b8926a65
reciprocal_nomination	3:134	19:47		strong	19:47	3:134	3:134	cross_surah	label_target_note	missing_ayah_suggestion	Praises those who restrain anger and pardon people.	focus_19_47_cutoff_100.tsv	122	aea1720941e2610529962fdb07bf9b3ca1a84d9a796e1686e1b7350bc9b63a25
reciprocal_nomination	3:134	19:55		weak	19:55	3:134	3:134	cross_surah	label_target_note	missing_ayah_suggestion	Spending in ease and hardship adds a broad generosity dimension but no direct prayer or household link.	focus_19_55_cutoff_100.tsv	106	34f7f9445bb27a7581c9b65d9e289c7ccac7412a89b0424a21a7633654193925
reciprocal_nomination	3:134	19:63		medium	19:63	3:134	3:134	cross_surah	label_target_note	missing_ayah_suggestion	It describes the pious through generosity, restraint, and forgiveness, giving ethical content to taqwa.	focus_19_63_cutoff_100.tsv	127	b07824f47de5ce617a08ec0a47bcb21d160eb422ac2174f93c95c64d62507a6b
reciprocal_nomination	3:134	19:96		medium	19:96	3:134	3:134	cross_surah	label_target_note	missing_ayah_suggestion	Identifies those who spend, restrain anger, and pardon as recipients of divine love through ihsan.	focus_19_96_cutoff_100.tsv	111	7c34f0d40deb5cae07db3fecaf47b7e98ef3011d59e78248e830fd559b7083cc
reciprocal_nomination	3:134	20:132		medium	20:132	3:134	3:134	cross_surah	label_target_note	missing_ayah_suggestion	It describes concrete conduct of the God-fearing, helping specify the character named in the focus's final clause.	focus_20_132_cutoff_100.tsv	107	de7a818f25e6c72923fb8655541de7465d2165bc684ebd8418729d9b35e356f4
reciprocal_nomination	3:134	22:35		medium	22:35	3:134	3:134	cross_surah	label_target_note	missing_ayah_suggestion	It makes spending persist through ease and hardship and adds restraint of anger as a tested disposition.	focus_22_35_cutoff_100.tsv	107	effacf98e22908f4c1d8d390b6eb218a3b80e0628bd6fffaafc3bd7dcf683475
reciprocal_nomination	3:134	22:60		strong	22:60	3:134	3:134	cross_surah	label_target_note	missing_ayah_suggestion	It pairs restraining anger with pardoning people, directly supporting forgiveness in the face of injury.	focus_22_60_cutoff_100.tsv	123	7e16162a273e2f36595c481289b12f4346af49381ebb0809cfc3a942d9ad7524
reciprocal_nomination	3:134	22:77		medium	22:77	3:134	3:134	cross_surah	label_target_note	missing_ayah_suggestion	It defines God-conscious good conduct through generosity, restraint of anger, and forgiveness.	focus_22_77_cutoff_100.tsv	106	ca92aed0d8f60008b6e5aa73d278bbbfdb90be952371f0eaee88e5c20fcd4741
reciprocal_nomination	3:134	23:1		medium	23:1	3:134	3:134	cross_surah	label_target_note	missing_ayah_suggestion	Specifies generosity, restraint of anger, and pardon among the God-conscious qualities.	focus_23_1_cutoff_100.tsv	130	3dd3b0d0781bbd5e54ccdac53851d7cca20bcb3681525ae5ca25235a5d8469c6
reciprocal_nomination	3:134	23:60		medium	23:60	3:134	3:134	cross_surah	label_target_note	missing_ayah_suggestion	Spending in ease and hardship gives a concrete extension of the focus's giving.	focus_23_60_cutoff_100.tsv	112	757ce2441a52b821e2f02fcff68070fd18ea947381435422959263b1e08fb87a
reciprocal_nomination	3:134	23:96		medium	23:96	3:134	3:134	cross_surah	label_target_note	missing_ayah_suggestion	Restraining anger and pardoning people gives a practical form of doing what is best after harm.	focus_23_96_cutoff_100.tsv	112	65023ad72d9159cce86c1678153b176eb51d7359987a40fb3140c23fe83bf0a4
reciprocal_nomination	3:134	24:20		strong	24:20	3:134	3:134	cross_surah	label_target_note	missing_ayah_suggestion	Restraining anger and pardoning others supplies a concrete human counterpart to mercy interrupting escalation.	focus_24_20_cutoff_100.tsv	108	dd39fc50232bd19bcdef72c2c9460030f477c82fcec13341ef0c558b50019d78
reciprocal_nomination	3:134	24:22		strong	24:22	3:134	3:134	cross_surah	label_target_note	ranked_review	Unites spending, restraining anger, and pardoning others in one ethic of excellence.	focus_24_22_cutoff_100.tsv	11	04befe601b813f1d85b235d84398cf61499bb17c05090e2006b13f0db6aa76e2
reciprocal_nomination	3:134	25:12		medium	25:12	3:134	3:134	cross_surah	label_target_note	ranked_review	Restraining rage and pardoning people sharply contrasts with the Fire's unrestrained rage.	focus_25_12_cutoff_100.tsv	53	8a220ecc7cdec2e0572173a73308ebde9953dc8528c32de1d07ffbd5e64dd27c
reciprocal_nomination	3:134	25:63		strong	25:63	3:134	3:134	cross_surah	label_target_note	missing_ayah_suggestion	Restraining anger and pardoning others gives the focus's non-escalation an explicit ethical discipline.	focus_25_63_cutoff_100.tsv	103	d1a7fcef1ccc38dc3402915ab5d64c4fe900bf7ddd4291928c05fd4091597994
reciprocal_nomination	3:134	25:67		medium	25:67	3:134	3:134	cross_surah	label_target_note	missing_ayah_suggestion	Spending in ease and hardship shows generosity sustained across changing capacity.	focus_25_67_cutoff_100.tsv	105	c6b161adead125bea82eea8fef7a25d8fe9e3f4302a3b5ef7241dceba86ce187
reciprocal_nomination	3:134	26:55		medium	26:55	3:134	3:134	cross_surah	label_target_note	ranked_review	Restraining anger supplies a direct ethical counterpoint to Pharaoh's declared rage.	focus_26_55_cutoff_100.tsv	26	2e15bbb97e72f840739dee5c3e152fbea485d9dc31d73b771a961ecd8355026f
reciprocal_nomination	3:134	26:215		medium	26:215	3:134	3:134	cross_surah	label_target_note	missing_ayah_suggestion	Öfkeyi yutma ve insanları bağışlama, 26:215'teki şefkatli yönelişin ahlaki pratiğini verir.	focus_26_215_cutoff_100.tsv	119	d6ebb24a1e4dd8bf722b44ae748e6b6b578e558eb857a5e999e1f36d7a1a8cf0
reciprocal_nomination	3:134	28:54		medium	28:54	3:134	3:134	cross_surah	label_target_note	ranked_review	Bollukta ve darlıkta harcama, öfkeyi tutma ve bağışlama, kötülüğe iyilikle karşılık verme tutumunu açar.	focus_28_54_cutoff_100.tsv	12	b9e3248b53c49e22ba9739c5928ee05f57e36ac54726000e925b72331e17cb20
reciprocal_nomination	3:134	28:55		medium	28:55	3:134	3:134	cross_surah	label_target_note	missing_ayah_suggestion	Öfkeyi yutma ve insanları bağışlama, cahilce çatışmayı tırmandırmayan ahlaki zemini verir.	focus_28_55_cutoff_100.tsv	101	abf07bc159d8a458b2abc6a94e166874c44ea7ed79e4d8796568029c3d8e367a
reciprocal_nomination	3:134	28:77		strong	28:77	3:134	3:134	cross_surah	label_target_note	missing_ayah_suggestion	Defines the God-conscious as those who spend in ease and hardship and do good.	focus_28_77_cutoff_100.tsv	107	670cf8068e8d2c4bab0224fcf9622e8b9f2e87a16b992ccefc986f7867a8ef56
reciprocal_nomination	3:134	29:69		medium	29:69	3:134	3:134	cross_surah	label_target_note	ranked_review	Its practices of generosity, restraint, and forgiveness concretize the character of the doers of good.	focus_29_69_cutoff_100.tsv	20	19d954a9fd6d10de0c522cd3e4b4e535e8c20030ef6e14ec4cec0b11c5847301
reciprocal_nomination	3:134	30:38		strong	30:38	3:134	3:134	cross_surah	label_target_note	missing_ayah_suggestion	Commends those who spend in ease and hardship, making generosity independent of changing personal abundance.	focus_30_38_cutoff_100.tsv	157	030d4f6f4b9ea85044da5ce956efd71be5e32a8c6d681b4c839ceca349dc3075
reciprocal_nomination	3:134	31:3		medium	31:3	3:134	3:134	cross_surah	label_target_note	missing_ayah_suggestion	The muhsinin are concretely marked by generosity, restraint of anger, and pardon.	focus_31_3_cutoff_100.tsv	103	66d8f8a10b1124e3eacee9153c3fe8ac85718ca038b83bd03aceef7b41f96141
reciprocal_nomination	3:134	31:22		medium	31:22	3:134	3:134	cross_surah	label_target_note	missing_ayah_suggestion	It defines beneficence through giving, restraining anger, and pardoning people, supplying concrete practices for the focus's ihsan.	focus_31_22_cutoff_100.tsv	117	c8c0e4f34396144e6e91a5dbe452d79841f0b1164d03dfccb22dbfaf728ec12a
reciprocal_nomination	3:134	32:16		medium	32:16	3:134	3:134	cross_surah	label_target_note	ranked_review	Spending in prosperity and hardship is a close ethical parallel to giving from provision.	focus_32_16_cutoff_100.tsv	84	7204ec6dce28559b76cbca89d761005a48c0a6f93a997fb6b0cd59dede63426c
reciprocal_nomination	3:134	33:25		medium	33:25	3:134	3:134	cross_surah	label_target_note	ranked_review	Adds the ethical counterpoint of restraining rage, while the focus depicts hostile rage frustrated.	focus_33_25_cutoff_100.tsv	2	606a281970d153af0e136f667e686c345cdff42667830a3fd61e82382d4bf649
reciprocal_nomination	3:134	33:35		medium	33:35	3:134	3:134	cross_surah	label_target_note	missing_ayah_suggestion	Spending, restraining anger, and pardoning people extend the focus's moral catalogue through active self-control.	focus_33_35_cutoff_100.tsv	137	1f6f42ff5b1f8b39aeb65b539743703f681586b66563e31862d4c15be477168a
reciprocal_nomination	3:134	33:73		medium	33:73	3:134	3:134	cross_surah	label_target_note	ranked_review	Forgiving people and restraining anger offer an ethical human parallel to mercy, not the focus's divine judgment.	focus_33_73_cutoff_100.tsv	73	1c54371d5dc05de9abcc4444b825b5691f40c90128b8f00072191a43c6ce6acb
reciprocal_nomination	3:134	34:39		medium	34:39	3:134	3:134	cross_surah	label_target_note	missing_ayah_suggestion	It commends those who spend in both ease and hardship, directly spanning ample and constrained circumstances.	focus_34_39_cutoff_100.tsv	109	c9e3d7ca5b32d66f5cdcacd960636fa29cdbfc0a725baf78cfa7ab4e2b686165
reciprocal_nomination	3:134	35:29		strong	35:29	3:134	3:134	cross_surah	label_target_note	missing_ayah_suggestion	It praises those who spend in ease and hardship as part of active righteousness.	focus_35_29_cutoff_100.tsv	111	8c4944415011fb3c617f0d8b00f122a06e7334ea0f6ea4d102852957a1c4c4c9
reciprocal_nomination	3:134	36:47		medium	36:47	3:134	3:134	cross_surah	label_target_note	missing_ayah_suggestion	It identifies spending in ease and hardship as a trait of the God-conscious.	focus_36_47_cutoff_100.tsv	112	455402a7f6d8637f3479f048cd32cea4d2ae9598398502b496d8dd12ee32238f
reciprocal_nomination	3:134	37:80		medium	37:80	3:134	3:134	cross_surah	label_target_note	missing_ayah_suggestion	It closes the portrait of those who forgive and restrain anger by affirming that God loves the doers of good.	focus_37_80_cutoff_100.tsv	101	9450ff2b6051038aa0106d92a2903505f783f587f99ec20458fc79d1bba4aada
reciprocal_nomination	3:134	37:110		medium	37:110	3:134	3:134	cross_surah	label_target_note	ranked_review	It concretely describes charitable and forgiving conduct as marks of good-doers.	focus_37_110_cutoff_100.tsv	52	b95e07a9d4243dd301e1dec054235d00a1092d4f3a7fd5fe7b5f87304aba1310
reciprocal_nomination	3:134	38:24		medium	38:24	3:134	3:134	cross_surah	label_target_note	missing_ayah_suggestion	Restraining anger and pardoning while able gives a disciplined alternative response to being wronged.	focus_38_24_cutoff_100.tsv	180	6a21c75a3997d78ba4ff324659de5f95e48212e8ec1d85f44223a26503b66557
reciprocal_nomination	3:134	39:20		medium	39:20	3:134	3:134	cross_surah	label_target_note	missing_ayah_suggestion	Supplies the practical moral profile of the pious named as paradise's recipients.	focus_39_20_cutoff_100.tsv	110	c96d0d06a118a979bce7db98a5537175d19c7da83a640308fc09bad580978c9b
reciprocal_counterevidence	3:134	39:27		no value	39:27	3:134	3:134	cross_surah	label_target_note	ranked_review	İyilik yapanların nitelikleri, örneklerin hatırlatma amacıyla doğrudan ilgili değildir.	focus_39_27_cutoff_100.tsv	97	2c7a96de755ee01a4bfdb0b35e263ef93a96941da711473b9a50fca41a6f7351
reciprocal_nomination	3:134	39:34		medium	39:34	3:134	3:134	cross_surah	label_target_note	missing_ayah_suggestion	It defines doers of good through generosity, restraint of anger, and forgiveness.	focus_39_34_cutoff_100.tsv	110	db2ea230f4c9113f8ac6f13a4c33e000b9473b7ee6eb3fe2c973b1d95f8eb504
reciprocal_nomination	3:134	40:18		medium	40:18	3:134	3:134	cross_surah	label_target_note	ranked_review	Uses restrained inner emotion for ethical self-control, a distinct but limited parallel to containment.	focus_40_18_cutoff_100.tsv	3	9de2e7c93ab3bcb97da66e885c1eacdc0b34e0d983071201f7dee6df575d8368
reciprocal_nomination	3:134	41:34		strong	41:34	3:134	3:134	cross_surah	label_target_note	ranked_review	Restraining anger and pardoning people concretely enact the better response.	focus_41_34_cutoff_100.tsv	50	257ae435abc78e95e565b9f9521980e4b3cbab53b418649dda2f1dbb06d79012
reciprocal_nomination	3:134	41:35		strong	41:35	3:134	3:134	cross_surah	label_target_note	missing_ayah_suggestion	Restraining anger and pardoning others directly supplies the inward discipline that enables the focus's better answer to hostility.	focus_41_35_cutoff_100.tsv	101	6665a07d95227e048bcf6b79451d34eb03d53a7eaaaf9b4626f497d75c5c15b2
reciprocal_nomination	3:134	42:23		medium	42:23	3:134	3:134	cross_surah	label_target_note	missing_ayah_suggestion	Bollukta ve darlıkta veren, öfkesini yutan ve affedenlerin muhsin sayılması, meveddetin ihsan ve bağışlama yönünü destekler.	focus_42_23_cutoff_100.tsv	146	e43cacc5fd34a992c560cd9a356bf7e2b9e841d1868fe1f50e6f63d6b5151a83
reciprocal_nomination	3:134	42:37		strong	42:37	3:134	3:134	cross_surah	label_target_note	missing_ayah_suggestion	Explicitly joins restraining anger with pardoning people, the clearest direct parallel to f02.	focus_42_37_cutoff_100.tsv	106	4adead8efa84460cd8809de369d8beb5b6031370dccd3cb60f4b38c6825a84d8
reciprocal_nomination	3:134	42:39		medium	42:39	3:134	3:134	cross_surah	label_target_note	missing_ayah_suggestion	It praises those who restrain anger and forgive, a complementary alternative to the focus's permitted redress.	focus_42_39_cutoff_100.tsv	105	8d4efef0186637ed028f6505a4fff2871c0021cc233f7294033dc886a66613d6
reciprocal_nomination	3:134	42:40		medium	42:40	3:134	3:134	cross_surah	label_target_note	missing_ayah_suggestion	Praises restraining anger and pardoning people, with divine love for beneficence.	focus_42_40_cutoff_100.tsv	106	56809211c313338fdec5a1dafe8a7181a2788f625367c0dcefb82cd17837ef6a
reciprocal_nomination	3:134	42:41		medium	42:41	3:134	3:134	cross_surah	label_target_note	missing_ayah_suggestion	Restraining anger and forgiving supply a complementary voluntary alternative once redress is available.	focus_42_41_cutoff_100.tsv	106	364457e97ddb74dc5fb36bfb596392acbd6792967fa02ed6e36118786f5d30c1
reciprocal_nomination	3:134	42:43		strong	42:43	3:134	3:134	cross_surah	label_target_note	missing_ayah_suggestion	It explicitly praises those who restrain anger and pardon people, closely matching the focus's chosen response to injury.	focus_42_43_cutoff_100.tsv	104	b02ac9b86d090779c99d45ec07c2e6e1df36bbc4264c8111a48e36ddc777c4dd
reciprocal_nomination	3:134	43:17		medium	43:17	3:134	3:134	cross_surah	label_target_note	ranked_review	It supplies the ethical counterpart to kazim: restraining anger rather than being trapped by it.	focus_43_17_cutoff_100.tsv	21	bbdf4afeba6570a8c725e3203571183ec9055ada1f84094f1e2e973b04fca665
reciprocal_nomination	3:134	43:89		medium	43:89	3:134	3:134	cross_surah	label_target_note	missing_ayah_suggestion	Pardoning people is a direct ethical counterpart to the focus command to overlook.	focus_43_89_cutoff_100.tsv	102	76aa7b97e6fa5474d6a9c52df0dc306ea3d9199d9c578388ded4aa97112fd77b
reciprocal_nomination	3:134	45:14		strong	45:14	3:134	3:134	cross_surah	label_target_note	missing_ayah_suggestion	Makes pardoning people a marked trait of the God-conscious, directly supporting the commanded restraint.	focus_45_14_cutoff_100.tsv	103	8516a3a9da84efddf6bdcea3c6847b8809a1323ab81d9538c0801978843275d6
reciprocal_nomination	3:134	47:38		medium	47:38	3:134	3:134	cross_surah	label_target_note	missing_ayah_suggestion	Places spending in ease and hardship within a broader disciplined disposition.	focus_47_38_cutoff_100.tsv	113	3f8ed973b404cf781971eb1142c59e75220f4899231ba137cbace7e8c37319af
reciprocal_nomination	3:134	48:24		medium	48:24	3:134	3:134	cross_surah	label_target_note	missing_ayah_suggestion	Anger is actively restrained, offering a non-military restraint analogue.	focus_48_24_cutoff_100.tsv	111	781e14c2852d0fcbad0713de7edcaf0b1dac597332902651ad75e5288234f58e
reciprocal_nomination	3:134	48:26		strong	48:26	3:134	3:134	cross_surah	label_target_note	missing_ayah_suggestion	Restraining anger and pardoning gives a direct ethical counterpoint to hamiyyah-driven reaction.	focus_48_26_cutoff_100.tsv	105	10ce4be86e75f2088d5bedddf4d589796e29335438092555ca7f618d3794d14a
reciprocal_nomination	3:134	49:3		strong	49:3	3:134	3:134	cross_surah	label_target_note	missing_ayah_suggestion	Makes anger-restraint and pardon defining conduct of the muttaqun.	focus_49_3_cutoff_100.tsv	103	2ce77102d6afce337a9890067eeb1aaac8fa12837a180334bb191071c87c20fa
reciprocal_nomination	3:134	49:9		medium	49:9	3:134	3:134	cross_surah	label_target_note	missing_ayah_suggestion	Restraining anger and pardoning give a secondary restorative ethic.	focus_49_9_cutoff_100.tsv	108	c233cd2d8034b45f7bb33738974b2d24e0752e41d7fc20d290ff0f8de1e30d48
reciprocal_nomination	3:134	49:10		strong	49:10	3:134	3:134	cross_surah	label_target_note	missing_ayah_suggestion	Pairs restraint of anger and pardon with beneficence, directly furnishing practices for mending injury.	focus_49_10_cutoff_100.tsv	106	08c6d098b3bcb82dd6ab1a696972128aee15ec1fbb65fbf8186e3c08adb17bc6
reciprocal_nomination	3:134	49:11		medium	49:11	3:134	3:134	cross_surah	label_target_note	missing_ayah_suggestion	Restraining anger and pardoning offer a constructive alternative to contemptuous escalation.	focus_49_11_cutoff_100.tsv	103	1eea77776017669e42ace7313228f6902c84863ac0758a36f8bcffe498818ccc
reciprocal_nomination	3:134	49:12		medium	49:12	3:134	3:134	cross_surah	label_target_note	missing_ayah_suggestion	Pairs restraint of anger with pardon, a constructive response where social resentment might otherwise feed harmful speech.	focus_49_12_cutoff_100.tsv	103	10ec43530ab7b37a56dd33aa366310f8384603e4a22a753b4f56567c84936114
reciprocal_nomination	3:134	51:16		medium	51:16	3:134	3:134	cross_surah	label_target_note	missing_ayah_suggestion	Spending, restraint, and pardon supply a concrete portrait of muhsinin.	focus_51_16_cutoff_100.tsv	104	889a5a6587e6d848313366e1548d5366c267534a81b96e0ec6373d79e503faa4
reciprocal_nomination	3:134	51:19		medium	51:19	3:134	3:134	cross_surah	label_target_note	missing_ayah_suggestion	Outlay across abundance and constraint broadens the focus practice.	focus_51_19_cutoff_100.tsv	116	fb1bbf584598b471eb80a619ca17a2bd0e778afe82b6502b7935c06998ae9687
reciprocal_counterevidence	3:134	52:6		no value	52:6	3:134	3:134	cross_surah	label_target_note	ranked_review	No identifiable contribution to the focus phrase.	focus_52_6_cutoff_100.tsv	91	01900ee076ad15a18b68be1ca23751935f07a2d7d3af607627dd6608df803a10
reciprocal_nomination	3:134	53:34		medium	53:34	3:134	3:134	cross_surah	label_target_note	missing_ayah_suggestion	Giving in both ease and hardship supplies a strong counter-pattern of persistence under pressure.	focus_53_34_cutoff_100.tsv	117	27e7f85ea23e78f9c76e96ccbfd2202d7868d8451f90b65076b2e98c72b57f05
reciprocal_counterevidence	3:134	54:20		no value	54:20	3:134	3:134	cross_surah	label_target_note	ranked_review	No clear addition to the wind, extraction, or palm image.	focus_54_20_cutoff_100.tsv	97	adfc45b4ee0417bb280d83981ebba85c669a260f27147e640592cd65c06b2f28
reciprocal_nomination	3:134	55:70		medium	55:70	3:134	3:134	cross_surah	label_target_note	missing_ayah_suggestion	محسنين is embodied in restraint and pardon, adding a social ethical dimension.	focus_55_70_cutoff_100.tsv	106	0580497906ce502f24cf6749e9977f967043f7fdd413cb249d996b27e7dfe676
reciprocal_nomination	3:134	57:7		medium	57:7	3:134	3:134	cross_surah	label_target_note	ranked_review	Extends giving across ease and hardship, though it is redundant with closer cards.	focus_57_7_cutoff_100.tsv	26	ff2b8907389ffafdb746bd14baad70e29d94a0abbe652a0d92430faef878c2cf
reciprocal_nomination	3:134	57:10		medium	57:10	3:134	3:134	cross_surah	label_target_note	ranked_review	Adds spending in ease and pressure, a distinct condition range but redundant with the main outflow evidence.	focus_57_10_cutoff_100.tsv	26	6192b379f198ed3a5981279c37a1d8689751c146c8181e8a211c4b2b4ecc229c
reciprocal_nomination	3:134	57:11		strong	57:11	3:134	3:134	cross_surah	label_target_note	missing_ayah_suggestion	Adds spending in ease and hardship to the profile of the God-conscious.	focus_57_11_cutoff_100.tsv	118	a5af2e187643df27f40ef8d5969992fc265efd7016477d61bf6222fe4815dd2f
reciprocal_nomination	3:134	57:18		medium	57:18	3:134	3:134	cross_surah	label_target_note	missing_ayah_suggestion	Includes release in ease and hardship within the profile of the God-conscious.	focus_57_18_cutoff_100.tsv	115	41dd8f84abfec6a1109f1c4ff3e0d86067d63cd62250a2e77cf7c2dc84b1c1e2
reciprocal_nomination	3:134	57:24		medium	57:24	3:134	3:134	cross_surah	label_target_note	missing_ayah_suggestion	Names spending in ease and hardship within an active ethic of restraint and pardon.	focus_57_24_cutoff_100.tsv	125	0bb632284ad4ba07a2fc7a7d72f80e836f07c685cbb6ff7473818695dc83838a
reciprocal_nomination	3:134	58:12		strong	58:12	3:134	3:134	cross_surah	label_target_note	missing_ayah_suggestion	Spending in ease and hardship, alongside restraint and pardon, broadens the moral discipline of giving.	focus_58_12_cutoff_100.tsv	121	efdd6aa17d928f2bc359b6c34b1febb6224e0125005ae33186fedf3c210f23d9
reciprocal_nomination	3:134	58:13		medium	58:13	3:134	3:134	cross_surah	label_target_note	missing_ayah_suggestion	Adds spending in ease and hardship to the focus's resistance-through-giving theme.	focus_58_13_cutoff_100.tsv	114	23ba9f0dbf82180e564c117e55355241df1ab005cb902cd55ad5400a1b5e7fad
reciprocal_nomination	3:134	59:7		weak	59:7	3:134	3:134	cross_surah	label_target_note	missing_ayah_suggestion	Includes expenditure in ease and hardship within a wider ethical pattern.	focus_59_7_cutoff_100.tsv	119	abae223de674a433df111eb273201e7d3e233acf8b6ecdc69863714d9d971493
reciprocal_nomination	3:134	59:8		medium	59:8	3:134	3:134	cross_surah	label_target_note	missing_ayah_suggestion	Extends spending across ease and hardship, relevant to support despite need.	focus_59_8_cutoff_100.tsv	108	5ade799ede862b2f6bb76a8ca63d4fc33a820ff2fb6cbdc7514075d8a4243181
reciprocal_nomination	3:134	59:9		medium	59:9	3:134	3:134	cross_surah	label_target_note	missing_ayah_suggestion	Spending in ease and hardship supports generosity under constrained conditions.	focus_59_9_cutoff_100.tsv	108	71d082bb360c0bc8674c767922fedc117059574e0639eb9ca3f8953610d7dee4
reciprocal_nomination	3:134	59:10		strong	59:10	3:134	3:134	cross_surah	label_target_note	missing_ayah_suggestion	Restraining anger and pardoning people directly addresses dispositions that can feed rancor.	focus_59_10_cutoff_100.tsv	106	1b30c991ae74f9f603ee70d85da7650acaa3117ec240f7697fd390b764c70576
reciprocal_nomination	3:134	60:6		medium	60:6	3:134	3:134	cross_surah	label_target_note	missing_ayah_suggestion	Restraint of anger and pardon are a relevant conduct pattern for the focus's good exemplar.	focus_60_6_cutoff_100.tsv	123	d3dcacdd8bbea8b1d1d49855a87808305751ac521b86b8bdf0ecc4b792217580
reciprocal_nomination	3:134	60:7		medium	60:7	3:134	3:134	cross_surah	label_target_note	missing_ayah_suggestion	Adds restraint of anger and pardon as practices that interrupt escalation.	focus_60_7_cutoff_100.tsv	112	1d680b94b28be4c7940df970af7ceba07a33dbb4ddf607853b2b2804fdfb4fd1
reciprocal_nomination	3:134	60:8		strong	60:8	3:134	3:134	cross_surah	label_target_note	missing_ayah_suggestion	Links goodness to restraining anger and pardoning people, an important active dimension of 60:8.	focus_60_8_cutoff_100.tsv	110	a108132abb098016710c0c435098716a79600f81f3678ef2de2a70224d21f266
reciprocal_nomination	3:134	61:11		weak	61:11	3:134	3:134	cross_surah	label_target_note	missing_ayah_suggestion	Adds expenditure in ease and adversity as a durable practice of the God-conscious.	focus_61_11_cutoff_100.tsv	151	9216a3aa4bb46b0ccac4ec8d88027c5bda892045d69ca70c2633f60129f2864c
reciprocal_nomination	3:134	63:7		medium	63:7	3:134	3:134	cross_surah	label_target_note	missing_ayah_suggestion	Names spending in ease and hardship as a restraint on destructive response.	focus_63_7_cutoff_100.tsv	115	15ff7fb15cb056a8bf9d90598f230663d35727fb79d110c6aa655ceda220dbd3
reciprocal_nomination	3:134	63:10		medium	63:10	3:134	3:134	cross_surah	label_target_note	missing_ayah_suggestion	Includes spending in ease and hardship among qualities of the guarded.	focus_63_10_cutoff_100.tsv	114	f82fa21d6fc4f3af63651df3ac3e4a65716c48bb2385e2d1dd556998a317acfc
reciprocal_nomination	3:134	64:4		medium	64:4	3:134	3:134	cross_surah	label_target_note	ranked_review	Connects inward restraint and pardon with outward conduct.	focus_64_4_cutoff_100.tsv	2	e6213777595f962da3cc648b8f8d1f92793ecb20cc443ccaf651120be50b25ac
reciprocal_nomination	3:134	64:14		strong	64:14	3:134	3:134	cross_surah	label_target_note	missing_ayah_suggestion	Pairs restraining anger with pardoning people, directly supporting repair as an active response rather than denial of injury.	focus_64_14_cutoff_100.tsv	105	4942875370001ecfe00aba8a0a9da30cd2d381f416364cf7b23f4f4edf0fb27f
reciprocal_nomination	3:134	64:15		medium	64:15	3:134	3:134	cross_surah	label_target_note	missing_ayah_suggestion	Names spending in ease and hardship as a practice of the God-conscious.	focus_64_15_cutoff_100.tsv	114	1538b258d162437b774c2d9428046ff62768e4937d7baa35f5df036bb79df94c
reciprocal_nomination	3:134	64:16		strong	64:16	3:134	3:134	cross_surah	label_target_note	ranked_review	Adds spending across ease and hardship, testing outflow under capacity.	focus_64_16_cutoff_100.tsv	2	0fe1083b3cef14cbfe0d945dbcf7b8a1d52e20e5da5ba5abc0074b7a8ed83cdf
reciprocal_nomination	3:134	64:17		medium	64:17	3:134	3:134	cross_surah	label_target_note	missing_ayah_suggestion	Combines spending in ease and hardship with restraint and pardon, connecting giving and relational repair.	focus_64_17_cutoff_100.tsv	115	511b78ccb245fce2df6818bde47bae94717ce9dfe7610d8cea5b7a7c366c5b9d
reciprocal_nomination	3:134	65:5		medium	65:5	3:134	3:134	cross_surah	label_target_note	missing_ayah_suggestion	Describes the mindful through giving, restraint, and pardon, specifying repair-oriented conduct rather than a single inward state.	focus_65_5_cutoff_100.tsv	104	d0d66a929422600f9f634baff4138a52c724441ea641c37b01671cb896e6ce64
reciprocal_nomination	3:134	65:7		strong	65:7	3:134	3:134	cross_surah	label_target_note	ranked_review	Extends spending to both ease and hardship, preserving action across unequal conditions.	focus_65_7_cutoff_100.tsv	75	339c808b7731cb813cc4eb77c96bd9ba4cad1c2c70ba97374a0a7864a00b1c1e
reciprocal_nomination	3:134	67:8		medium	67:8	3:134	3:134	cross_surah	label_target_note	ranked_review	Restraining rage provides a contrary human disposition to the focus's unrestrained rage.	focus_67_8_cutoff_100.tsv	37	3c9cce30129f298526b94f308ccc0cf995fcd0b2d3f4d7c6e5dca18303af0459
reciprocal_nomination	3:134	68:4		strong	68:4	3:134	3:134	cross_surah	label_target_note	missing_ayah_suggestion	Links generosity, anger restraint, and pardon as an integrated moral disposition.	focus_68_4_cutoff_100.tsv	104	3b8f0661fc3b616ebf601a2226b133c25cbd892e0823f135a2c2edcb576f2c2a
reciprocal_nomination	3:134	68:12		strong	68:12	3:134	3:134	cross_surah	label_target_note	missing_ayah_suggestion	Spending in ease and hardship joins open-handedness to restraint of aggression.	focus_68_12_cutoff_100.tsv	107	fabdc3596b671e2a4ef8c61636ada745231a440a1c7974eb2278a99b428e9002
reciprocal_nomination	3:134	68:24		medium	68:24	3:134	3:134	cross_surah	label_target_note	missing_ayah_suggestion	Connects giving in ease and hardship with restraint and forgiveness.	focus_68_24_cutoff_100.tsv	142	496e689c25fbf2dfbeecc9aa475b7b420252bcf9d9980a7cc6766cf121552638
reciprocal_nomination	3:134	68:48		medium	68:48	3:134	3:134	cross_surah	label_target_note	ranked_review	Restraining anger offers a comparative form of controlled restraint, distinct from being مَكْظُوم.	focus_68_48_cutoff_100.tsv	76	c0074c185df0bf08898c12a14de5e57e9645d1a82d044d9983c76252a474a835
reciprocal_nomination	3:134	69:28		medium	69:28	3:134	3:134	cross_surah	label_target_note	missing_ayah_suggestion	Places spending in ease and hardship within restraint and pardon.	focus_69_28_cutoff_100.tsv	118	555d9138ee377491823a695e8290ef760349503257972c852745b6bdb84454bf
reciprocal_nomination	3:134	70:5		strong	70:5	3:134	3:134	cross_surah	label_target_note	missing_ayah_suggestion	Restraining anger and pardoning supplies a direct active-restraint parallel.	focus_70_5_cutoff_100.tsv	103	1228ed41cba055cac4bd68ad6348e00eb5ac906825e446be5f2c9fa372088a59
reciprocal_nomination	3:134	70:21		medium	70:21	3:134	3:134	cross_surah	label_target_note	missing_ayah_suggestion	إنفاق in ease and hardship gives a stable contrary disposition beyond changing conditions.	focus_70_21_cutoff_100.tsv	120	22c077a2f63a3126e5afe009596cd5638d99d4e71068e29c75f527c3c1aeed8a
reciprocal_nomination	3:134	70:24		medium	70:24	3:134	3:134	cross_surah	label_target_note	missing_ayah_suggestion	Spending in ease and hardship supports a stable disposition rather than occasional giving.	focus_70_24_cutoff_100.tsv	117	510dc943d126e816e82a942ce816e0e83649eca8030359a27cb34e48fad50506
reciprocal_nomination	3:134	70:25		medium	70:25	3:134	3:134	cross_surah	label_target_note	missing_ayah_suggestion	Extends spending across ease and constriction.	focus_70_25_cutoff_100.tsv	117	8253bb5de6800cf98c319db1b4ceb079a7ae2372d57c4511fe46e4bae7ee7d0a
reciprocal_nomination	3:134	70:35		strong	70:35	3:134	3:134	cross_surah	label_target_note	missing_ayah_suggestion	Spending in ease and hardship gives a direct ethical parallel to the known due in wealth.	focus_70_35_cutoff_100.tsv	142	b832cdfba9e3aaaf4d5dca1ee9e255331bb264bbec2d2b03eb52f3e45cd6edd7
reciprocal_nomination	3:134	73:10		medium	73:10	3:134	3:134	cross_surah	label_target_note	missing_ayah_suggestion	Those who restrain anger and pardon people model the grace dimension.	focus_73_10_cutoff_100.tsv	140	8b9d9c1acf7f85e094f1a9d016de481976fc10ff69c8ef864f320bdfeac35f78
reciprocal_nomination	3:134	74:44		medium	74:44	3:134	3:134	cross_surah	label_target_note	missing_ayah_suggestion	Names spending in ease and hardship, preserving provision when resources or circumstances are not favorable.	focus_74_44_cutoff_100.tsv	111	a21858ddcc87a51c49ed440be63c7344f775b96140b801fbac2bac956d25dfb9
reciprocal_nomination	3:134	75:20		medium	75:20	3:134	3:134	cross_surah	label_target_note	ranked_review	Love of good is expressed through generosity and restraint, offering a contrary formed disposition.	focus_75_20_cutoff_100.tsv	95	742c2555e532fe9bfc82b578fe768e640665a85c9968621960058f879b065dce
reciprocal_nomination	3:134	76:9		medium	76:9	3:134	3:134	cross_surah	label_target_note	missing_ayah_suggestion	Includes spending in ease and hardship among the traits of the God-conscious.	focus_76_9_cutoff_100.tsv	117	8fbbd47648ba9c8218e5012687ae3301e5b3af2ea65ef080b808a2034d5e56bf
reciprocal_nomination	3:134	82:13		medium	82:13	3:134	3:134	cross_surah	label_target_note	missing_ayah_suggestion	Concrete conduct of the protected supplies a secondary profile for moral qualification.	focus_82_13_cutoff_100.tsv	124	b842a60fad293329b01051c37efe24a36ab4a1d92e8ebbf3fcba4ca4706021ec
reciprocal_nomination	3:134	83:18		medium	83:18	3:134	3:134	cross_surah	label_target_note	missing_ayah_suggestion	Adds recognizable traits of those prepared for forgiveness and garden reward.	focus_83_18_cutoff_100.tsv	130	b101cbc2f71650e326f955e3211dbf42e47c2d5515dcb9e2cbace21ed1903e84
reciprocal_nomination	3:134	83:22		medium	83:22	3:134	3:134	cross_surah	label_target_note	missing_ayah_suggestion	Supplies conduct associated with the muttaqin garden horizon.	focus_83_22_cutoff_100.tsv	109	db821ca35bb081c886f9b20f1508a966deb5d1eef333dca5f08ed438c344ad4a
reciprocal_nomination	3:134	84:19		weak	84:19	3:134	3:134	cross_surah	label_target_note	ranked_review	Conduct across conditions suggests ethical continuity, but remains remote.	focus_84_19_cutoff_100.tsv	62	e3aaca3b155f0087c8c8fe4783296512f73bc88991f6d4d6b0f8012cbfc5e153
reciprocal_nomination	3:134	85:14		medium	85:14	3:134	3:134	cross_surah	label_target_note	missing_ayah_suggestion	Forgiving others is joined to divine love, extending the pair into ethical action.	focus_85_14_cutoff_100.tsv	104	86f8211fbe650b0378d8ae4d966082ea8a7701c8f6ea2a77c59b474c32a8f6a2
reciprocal_nomination	3:134	86:9		weak	86:9	3:134	3:134	cross_surah	label_target_note	ranked_review	Restrained anger suggests interior quality but lacks testing or disclosure.	focus_86_9_cutoff_100.tsv	49	10ea93fada87f2ed5cc09f1e51d150bc98e91fcd3ab49e608689d437caba39bc
reciprocal_nomination	3:134	89:16		medium	89:16	3:134	3:134	cross_surah	label_target_note	missing_ayah_suggestion	Includes giving in ease and hardship, so restriction does not cancel moral agency.	focus_89_16_cutoff_100.tsv	113	d00348d352e22660e69b848b4d47d62c777e512be7176f637754af5e16ed932e
reciprocal_nomination	3:134	90:6		medium	90:6	3:134	3:134	cross_surah	label_target_note	missing_ayah_suggestion	Pairs generosity in ease and hardship with moral self-restraint.	focus_90_6_cutoff_100.tsv	119	fa39054f4267b970f4258381286539b937013596481cd957eecd4ee3a7c9595f
reciprocal_nomination	3:134	90:11		medium	90:11	3:134	3:134	cross_surah	label_target_note	missing_ayah_suggestion	Infaq in al-sarra and al-darra adds a sustained-practice parallel.	focus_90_11_cutoff_100.tsv	111	62deb446ca7cc98a252189bce9e00abe2a61f402cd3f51fdee737ed00e589c0a
reciprocal_nomination	3:134	90:17		medium	90:17	3:134	3:134	cross_surah	label_target_note	missing_ayah_suggestion	Links restraint, pardon, and beneficence, a secondary relational form of mercy.	focus_90_17_cutoff_100.tsv	106	9e7478d0bf50ebd0e763980718b8bd5051d3fa75724e3f35ecead22da0093a0b
reciprocal_nomination	3:134	91:8		medium	91:8	3:134	3:134	cross_surah	label_target_note	missing_ayah_suggestion	Within the muttaqin description, it gives restraint and forbearance as concrete public enactments.	focus_91_8_cutoff_100.tsv	111	0194c2fe7e6b241d8e59d02a0ff66d17066fea2d10cf9cff614ffafb7dff7d30
reciprocal_nomination	3:134	92:5		strong	92:5	3:134	3:134	cross_surah	label_target_note	missing_ayah_suggestion	Defines the God-conscious as those who spend in ease and hardship and restrain anger.	focus_92_5_cutoff_100.tsv	117	2897c1447523c3f6bed264908ecca7162f0eb19985f9ef7b01a9e007049fef08
reciprocal_nomination	3:134	92:6		strong	92:6	3:134	3:134	cross_surah	label_target_note	missing_ayah_suggestion	Spending in ease and hardship is joined to forgiveness and ihsan, a close virtue cluster.	focus_92_6_cutoff_100.tsv	113	f9716abc9914970f4fe18cf1029af53fc927063f3bbfa6a7fa9b2cf5fade0b56
reciprocal_nomination	3:134	92:8		medium	92:8	3:134	3:134	cross_surah	label_target_note	missing_ayah_suggestion	Spending in ease and hardship gives a durable behavioral alternative to withholding.	focus_92_8_cutoff_100.tsv	106	c726c8b26f23f462a38f80b967fa5b31769bab406ea983bd5f76071c95c6658f
reciprocal_nomination	3:134	92:9		strong	92:9	3:134	3:134	cross_surah	label_target_note	ranked_review	Spending in ease and hardship concretely depicts enduring beneficence.	focus_92_9_cutoff_100.tsv	73	3ecd30f0da9bd2c43f495f0bba01c42527d2b8ded79c5e474fc82d8acefdd1d3
reciprocal_nomination	3:134	92:18		medium	92:18	3:134	3:134	cross_surah	label_target_note	missing_ayah_suggestion	Extends spending beyond abundance to constraint, testing its dependence on surplus.	focus_92_18_cutoff_100.tsv	110	770c44417c3e5d8fcad6bda17c29e537fedddbb694015af25cbd7f3ccd1dbc0b
reciprocal_nomination	3:134	93:1		weak	93:1	3:134	3:134	cross_surah	label_target_note	ranked_review	Giving in changing conditions loosely echoes later surah care, without a route to the focus oath.	focus_93_1_cutoff_100.tsv	24	a4ceddac68b2ae5ec7aa136a081bca2a76afe79c05302101ca47505b7cd21dd3
reciprocal_nomination	3:134	93:8		strong	93:8	3:134	3:134	cross_surah	label_target_note	missing_ayah_suggestion	Commands spending in ease and hardship, making care independent of surplus alone.	focus_93_8_cutoff_100.tsv	209	2c23120358c6d1b6b3ba6c2f7c191ac49dc6af16ce262cd0a3fe272216c8b609
reciprocal_nomination	3:134	100:8		medium	100:8	3:134	3:134	cross_surah	label_target_note	missing_ayah_suggestion	Giving in ease and constraint provides a durable f02 counter-pattern.	focus_100_8_cutoff_100.tsv	112	015234a36efc4a1357528f33b13def770ae546ddba1bf086e7be9603f8dc0742
reciprocal_nomination	3:134	103:3		medium	103:3	3:134	3:134	cross_surah	label_target_note	missing_ayah_suggestion	Giving, restraint, forgiveness, and ihsan provide repair-oriented righteous action.	focus_103_3_cutoff_100.tsv	112	fc474c91963d5570a7558c5c30a75c89d7326cb90d9f5896fcf3e3fbb9129d63
reciprocal_nomination	3:134	107:3		medium	107:3	3:134	3:134	cross_surah	label_target_note	missing_ayah_suggestion	Bollukta ve darlıkta harcama, teşvikin koşula bağlı olmaması gerektiğini ekler.	focus_107_3_cutoff_100.tsv	116	f9952d448e23ecacfa0138cb219f664d534094e29216e3609c6b4ede71774d7e
reciprocal_nomination	3:134	107:5		weak	107:5	3:134	3:134	cross_surah	label_target_note	ranked_review	Generosity and forbearance are ethical parallels but lack a prayer-specific connection.	focus_107_5_cutoff_100.tsv	80	a3785bd712ed7c3adf47744ffa1b02294f7b03c8f9dbd29be3d4d4df10edf9c0
reciprocal_nomination	3:134	107:7		strong	107:7	3:134	3:134	cross_surah	label_target_note	missing_ayah_suggestion	Giving in ease and hardship counters discretionary withholding.	focus_107_7_cutoff_100.tsv	122	ac084201df550adc96fe2520cf1d4d19f502e386c442574bffc63eff801e0787
reciprocal_nomination	3:134	108:1		medium	108:1	3:134	3:134	cross_surah	label_target_note	missing_ayah_suggestion	Giving in ease and hardship makes release independent of surplus comfort.	focus_108_1_cutoff_100.tsv	107	1696c8a1d9f7eaadae74540654882c1a1fcda67f3ccd1a99e34eb9106d915c04
reciprocal_nomination	3:134	114:5		weak	114:5	3:134	3:134	cross_surah	label_target_note	ranked_review	Restraining anger is only a loose inner-affect parallel.	focus_114_5_cutoff_100.tsv	61	4e1d78fa241557869cb6fec0c7ab0ef42d215df4898e3fb17015cb86dc329631
