record_type	focus_ref	target_ref	focus_direction_label	source_direction_label	source_focus_ref	source_target_ref	source_target_component_ref	relation_scope	source_column_order	source_row_role	source_note	source_file	source_line	source_row_sha256
directional_review	4:113	3:69	strong	strong	4:113	3:69	3:69	cross_surah	label_target_note	ranked_review	Saptırma niyeti ile faillerin yalnız kendilerini saptırması, odak ayetin en yakın paralelidir.	focus_4_113_cutoff_100.tsv	1	6be6256fa1b72ab232f15dc7b8b11c7f906790c41c599783fa9220de828e8d97
directional_review	4:113	20:7	medium	medium	4:113	20:7	20:7	cross_surah	label_target_note	ranked_review	Açık söz ile gizlinin ilahi bilgi altında oluşu, gizli saptırma planının sınırını aydınlatır.	focus_4_113_cutoff_100.tsv	2	e493795a6e7ff4f680ba381ff8b9d0ae3536f3e578644cb5b13418c616178f66
directional_review	4:113	76:30	medium	medium	4:113	76:30	76:30	cross_surah	label_target_note	ranked_review	İlahi dileme, bilgi ve hikmet ekseni odaktaki hikmetli öğretimin daha geniş çerçevesini verir.	focus_4_113_cutoff_100.tsv	3	c646b691f56fffd9313b6036a8f545f7973723f0c613ccf3d0486ae58c7af461
directional_review	4:113	3:164	strong	strong	4:113	3:164	3:164	cross_surah	label_target_note	ranked_review	Elçiyle birlikte kitap ve hikmet öğretimi ile nimeti, odaktaki ihsan ve eğitim dizisini paraleller.	focus_4_113_cutoff_100.tsv	4	19b2b1f7fa927458fa9e2a31026a39a02d3f54dcc762c81aa845fc345147c235
directional_review	4:113	4:101	medium	medium	4:113	4:101	4:101	same_surah	label_target_note	ranked_review	Açık düşman tehdidi, odaktaki saptırma teşebbüsünün koruma bağlamını somutlaştırır.	focus_4_113_cutoff_100.tsv	5	ae459aeabdcb2401a95fe1ab8c30212c6bea167f92b584f4cd886c8626a72e7f
directional_review	4:113	49:8	medium	medium	4:113	49:8	49:8	cross_surah	label_target_note	ranked_review	Lütuf, nimet, bilgi ve hikmet birlikteliği odaktaki büyük ihsanın işlevine paralel bir boyut ekler.	focus_4_113_cutoff_100.tsv	6	eb5984c94fd6aeed77777298470eb8514f3ad81099938e081025aa93dc1d403d
directional_review	4:113	24:14	strong	strong	4:113	24:14	24:14	cross_surah	label_target_note	ranked_review	Lütuf ve rahmetin ağır sonucu engellemesi, odaktaki koruyucu şart yapısını doğrudan paraleller.	focus_4_113_cutoff_100.tsv	7	db40b9868872eb041600ed28df503ba239a4d93cabc9badf28d35ae5308006cb
directional_review	4:113	4:126	weak	weak	4:113	4:126	4:126	same_surah	label_target_note	ranked_review	Her şeyi kuşatma, faillerin zarar verememesinin genel ilahi ufkunu verir.	focus_4_113_cutoff_100.tsv	8	318c8427434ef42ad2c912fbe8f6aad40499dbc50c727d975ccf8e7e1601193f
directional_review	4:113	9:66	medium	medium	4:113	9:66	9:66	cross_surah	label_target_note	ranked_review	Bir topluluk içindeki ayrışık hüküm, odaktaki bir taifenin ayrı sorumluluğunu destekler.	focus_4_113_cutoff_100.tsv	9	d4e3c5ace5aa33c2d75bb56fd307a8d65926f536fbb380ecb4c56bc33bee4802
directional_review	4:113	2:231	medium	medium	4:113	2:231	2:231	cross_surah	label_target_note	ranked_review	Nimet ile kitap ve hikmetin öğüt işlevi, odaktaki öğretim lütfuna paralel bir kullanım gösterir.	focus_4_113_cutoff_100.tsv	10	36c10ba77a29300074cc1877ea4bbf573d22f9cf4bd0178b3621611595b2c433
directional_review	4:113	3:5	weak	weak	4:113	3:5	3:5	cross_surah	label_target_note	ranked_review	Hiçbir şeyin gizli kalmaması, gizli niyetlerin bilindiği arka planı verir.	focus_4_113_cutoff_100.tsv	11	b0b46a7555f955f6b152343938c1c4325d5786ee079d73b8639f60319e083a1e
directional_review	4:113	4:102	medium	medium	4:113	4:102	4:102	same_surah	label_target_note	ranked_review	Taife, düşman niyeti ve tedbir, odaktaki toplu tehdit boyutuna bağlamsal destek verir.	focus_4_113_cutoff_100.tsv	12	68437c09797595c51456379e35cf5768cfe42d6c1e21e7c7a07c1cb7542956f4
directional_review	4:113	24:10	medium	medium	4:113	24:10	24:10	cross_surah	label_target_note	ranked_review	Lütuf ve rahmetin olumsuz sonucu durdurması, odaktaki korunma koşulunu yineler.	focus_4_113_cutoff_100.tsv	13	32a6309448ae751cc9bcf2e6e751c5daae0e03f5952b83ffd96c1cd3717d48c4
directional_review	4:113	4:108	strong	strong	4:113	4:108	4:108	same_surah	label_target_note	ranked_review	İnsanlardan saklanan gece sözünün kuşatılmış bilgi içinde olması, odaktaki gizli planı doğrudan açıklar.	focus_4_113_cutoff_100.tsv	14	7b287a956aae90efa70a5f4c3896012e3f391f46dbda3f9b7ed64a13e56d17c5
directional_review	4:113	67:29	medium	medium	4:113	67:29	67:29	cross_surah	label_target_note	ranked_review	Açık sapma ve güven, saptırma ile koruma temasına ikincil bir karşılık verir.	focus_4_113_cutoff_100.tsv	15	72b2cf092db2b87ee52ebada70a8baf642836c2f5c080f9a9d6ccf10aa9dd203
directional_review	4:113	24:20	medium	medium	4:113	24:20	24:20	cross_surah	label_target_note	ranked_review	Lütuf ve rahmetin koruyucu etkisi, önceki benzer kartlardan sonra sınırlı ek değer taşır.	focus_4_113_cutoff_100.tsv	16	86eaa233b79be61dbd7863f185bcd543a14864731bbb4aa81ed2a7455656883d
directional_review	4:113	10:39	weak	weak	4:113	10:39	10:39	cross_surah	label_target_note	ranked_review	Bilgi kuşatılmadan inkâr, odaktaki öğretilen bilginin karşıt sınırını gösterir.	focus_4_113_cutoff_100.tsv	17	eab74977c0d59ef7f92c654f9323e8a1e170c494501e0e68d74b4c7f61662f50
directional_review	4:113	12:8	weak	weak	4:113	12:8	12:8	cross_surah	label_target_note	ranked_review	Karşıt okuma, sapma ithamının itham edene dönebileceği sınırı verir; olumlu destek değildir.	focus_4_113_cutoff_100.tsv	18	a4d9d9c19b4f785fc304c749e335ef6b9221af283382fe187aefcdc95b2b4c8a
directional_review	4:113	4:83	strong	strong	4:113	4:83	4:83	same_surah	label_target_note	ranked_review	Lütuf ve rahmetin şeytana uymayı önlemesi, odaktaki korunma ifadesine en yakın bağlamlardan biridir.	focus_4_113_cutoff_100.tsv	19	8e44ac181726f6365e5c9e3684b732128e2f049b99afcf289ddcda237db637f5
directional_review	4:113	4:103	no value	no value	4:113	4:103	4:103	same_surah	label_target_note	ranked_review	Namazın vakit düzeni, odaktaki saptırma, öğretim veya lütuf ilişkisine ek açıklama getirmez.	focus_4_113_cutoff_100.tsv	20	9f83e2e5b009439ecad62f620996dec3441e4d7716161b30c9cdaf7681f5b06b
directional_review	4:113	29:42	medium	medium	4:113	29:42	29:42	cross_surah	label_target_note	ranked_review	İlahi bilginin çağrı ve bağlılık iddialarını kuşatması, faillerin gizli yönelimleri için genel çerçeve verir.	focus_4_113_cutoff_100.tsv	21	dcbcb2421785e7a9bc784a21f0bfa680c6bd434f95ff353102814e841b65dc99
directional_review	4:113	4:54	medium	medium	4:113	4:54	4:54	same_surah	label_target_note	ranked_review	Kitap, hikmet ve ilahi lütuf bağının tarihsel örneği, odaktaki bağışın boyutunu açar.	focus_4_113_cutoff_100.tsv	22	b945cc4c9973e6fe013a470471c00c27815aac44ec2f42641236219ec56e54bd
directional_review	4:113	10:40	weak	weak	4:113	10:40	10:40	cross_surah	label_target_note	ranked_review	Görünen inanma ayrımının iç yönelişi tüketmemesi, ilahi bilginin üstünlüğüne ikincil destek verir.	focus_4_113_cutoff_100.tsv	23	c4a5ba06445dcc05f77c12feed4588d2686b506592d206bf125ed905a8928e0c
directional_review	4:113	43:84	medium	medium	4:113	43:84	43:84	cross_surah	label_target_note	ranked_review	Tek ilahi hikmet ve bilginin yetkiyi kuşatması, odaktaki hikmet ve öğretimin kaynağını genişletir.	focus_4_113_cutoff_100.tsv	24	d23737f29c8101ed2166ac40371f2ceb5118c2c10b34339436414dcb48dc3c1e
directional_review	4:113	3:154	medium	medium	4:113	3:154	3:154	cross_surah	label_target_note	ranked_review	Taifelerin gizli içeriği ve ilahi bilgi, odaktaki niyet ve koruma temasına bağlamsal paraleldir.	focus_4_113_cutoff_100.tsv	25	f9f7ef7f8324eba0c0526b9370e087612b774f07a4d639853fd2c7919043abe9
directional_review	4:113	4:104	weak	weak	4:113	4:104	4:104	same_surah	label_target_note	ranked_review	Bilgi ve hikmet sıfatları, odaktaki öğretimin genel niteliğini ancak dolaylı biçimde destekler.	focus_4_113_cutoff_100.tsv	26	7ea30cc23c5ec32f2efda571af4c873f650d0f5a78635ecec9b030db5c3cd11e
directional_review	4:113	4:70	weak	weak	4:113	4:70	4:70	same_surah	label_target_note	ranked_review	İlahi lütuf zikri odakla ortak olsa da özel bağlamı yeni bir açıklama eklemez.	focus_4_113_cutoff_100.tsv	27	9f9f92192e6bfc5fb757d47a21f9f8d369c3d9b8603e1fa9da457eb58130f7b0
directional_review	4:113	4:81	strong	strong	4:113	4:81	4:81	same_surah	label_target_note	ranked_review	Bir taifenin geceleyin kurduğu aykırı sözün yazılması, odaktaki saptırma tasarısına yakın paraleldir.	focus_4_113_cutoff_100.tsv	28	ad05b1336fd27fbc02e792667906a72e8ca5cf0e70aff81012851511a9076d42
directional_review	4:113	21:110	medium	medium	4:113	21:110	21:110	cross_surah	label_target_note	ranked_review	Açık ve gizli sözün bilinişi, gizli planların etkisizliği için genel bir dayanak verir.	focus_4_113_cutoff_100.tsv	29	ee8bf3c69f526788e9027d5bb4a95616f04c41f70b6842c15fc3e4da611e64bd
directional_review	4:113	42:18	weak	weak	4:113	42:18	42:18	cross_surah	label_target_note	ranked_review	Karşıt bağlantı, sapma dilinin odaktaki saptırma teşebbüsüyle özdeşleştirilemeyeceği sınırı verir.	focus_4_113_cutoff_100.tsv	30	db08e405ba22a94b4c4790cbfb11dba5ebc2eebf306ebef25eda58dc1c34c9d8
directional_review	4:113	33:50	no value	no value	4:113	33:50	33:50	cross_surah	label_target_note	ranked_review	Özel aile hükümleri odaktaki saptırma, lütuf veya öğretim temasını açıklamaz.	focus_4_113_cutoff_100.tsv	31	bc45644631926c794da48053c533052222f3fd07e6ebb1eae20bf7215501bb0a
directional_review	4:113	4:105	strong	strong	4:113	4:105	4:105	same_surah	label_target_note	ranked_review	Kitabın hak ile indirilmesi ve Allah'ın gösterdiğiyle hüküm, odaktaki kitap ve öğretimi doğrudan bağlama yerleştirir.	focus_4_113_cutoff_100.tsv	32	be1ea1e3e7d36bf1d128cf541d379da95bb27f90ebc8d285cf2cb4be5b82d673
directional_review	4:113	4:158	weak	weak	4:113	4:158	4:158	same_surah	label_target_note	ranked_review	Güç ve hikmet sıfatları, odaktaki koruma ve hikmete yalnız genel destek verir.	focus_4_113_cutoff_100.tsv	33	be7bb782ac4e5f1cf7fce349d06a1aa60cf543b42dab7cf760d4dff9ec5bbc23
directional_review	4:113	24:21	medium	medium	4:113	24:21	24:21	cross_surah	label_target_note	ranked_review	Şeytan adımlarından sakınma ile lütuf ve rahmetin arıtması, odaktaki korunma yönünü açar.	focus_4_113_cutoff_100.tsv	34	b7f43b603d7c7bdc5541ab8a204410e289516eb2983b701ed0a80d1ef516706f
directional_review	4:113	3:29	medium	medium	4:113	3:29	3:29	cross_surah	label_target_note	ranked_review	Gizli ve açık olanın bilinişi, saptırma niyetinin görünmez kalamayacağını destekler.	focus_4_113_cutoff_100.tsv	35	e2f372c80ded2a0bb508d39d986f4087b1e44d9e111cfcce123e496323ea0448
directional_review	4:113	9:115	medium	medium	4:113	9:115	9:115	cross_surah	label_target_note	ranked_review	Açıklamadan sonra sapmaya izin verilmemesi, öğretim ile yön kaybı arasındaki bağı ikincil olarak gösterir.	focus_4_113_cutoff_100.tsv	36	ea4458655ff895fe8978ccefb5a79646cd820649bdfc1997d0bb10c7a51962ea
directional_review	4:113	4:73	weak	weak	4:113	4:73	4:73	same_surah	label_target_note	ranked_review	Lütfa karşı fırsatçı tepki, odaktaki büyük lütfun tehdit altındaki değerini ancak dolaylı yansıtır.	focus_4_113_cutoff_100.tsv	37	c958b53e0b1bda5501450f35c7cbefe36260819bea6e85c28848a2896b5b965b
directional_review	4:113	4:106	medium	medium	4:113	4:106	4:106	same_surah	label_target_note	ranked_review	Bağışlanma ve rahmet, odaktaki koruyucu lütufla aynı yakın bağlamda tamamlayıcıdır.	focus_4_113_cutoff_100.tsv	38	20f13be8b08d63f25f8426a2c7431e9fa145410d778c579c1c12222395125b35
directional_review	4:113	29:43	weak	weak	4:113	29:43	29:43	cross_surah	label_target_note	ranked_review	Karşıt bağlantı, bilenlerin kavrayışının genelleştirilemeyeceği sınırı verir; odak için dolaylıdır.	focus_4_113_cutoff_100.tsv	39	e38068d5bbe4d167fee950a331237580d8eb74c10bd11e86e17b7719fc4d4171
directional_review	4:113	6:116	medium	medium	4:113	6:116	6:116	cross_surah	label_target_note	ranked_review	Çoğunluğa itaatin saptırması, dış kaynaklı saptırma teşebbüsünün genel bir biçimini verir.	focus_4_113_cutoff_100.tsv	40	1f3d2c925e1a3c776d38cecf88b3196aaba44f82b795eae62784382c5b51e8d5
directional_review	4:113	3:25	weak	weak	4:113	3:25	3:25	cross_surah	label_target_note	ranked_review	Her benliğin kazancıyla karşılaşması, faillerin kendilerine dönük sonucuna uzaktan destek verir.	focus_4_113_cutoff_100.tsv	41	51286c53b1b030c22cb736c1a7a295a6ca9674480e1788ab97fd4af966b8514d
directional_review	4:113	15:3	weak	weak	4:113	15:3	15:3	cross_surah	label_target_note	ranked_review	Sonraki bilme vurgusu odaktaki öğretimle yalnız çok genel bir bilgi bağı kurar.	focus_4_113_cutoff_100.tsv	42	b8f266fd842f001fa6fd1a40e0e266901d8622f39b58b42466319745b013d2a3
directional_review	4:113	16:89	strong	strong	4:113	16:89	16:89	cross_surah	label_target_note	ranked_review	İndirilen kitabın açıklama, hidayet ve rahmet oluşu, odaktaki kitap öğretiminin işlevini belirginleştirir.	focus_4_113_cutoff_100.tsv	43	cbe41576b903735d0e6869b8616f319ecf849a1ba9ed244714a43c6f723973b9
directional_review	4:113	4:107	strong	strong	4:113	4:107	4:107	same_surah	label_target_note	ranked_review	Kendilerine ihanet edenleri savunmama buyruğu, odaktaki itham ve gizli plan bağlamını doğrudan sürdürür.	focus_4_113_cutoff_100.tsv	44	ed1a8270f0e76c82bd024375e8e4c0056d35f96daf52f60edf901d7fb266eee5
directional_review	4:113	28:14	medium	medium	4:113	28:14	28:14	cross_surah	label_target_note	ranked_review	Verilen hüküm ve bilginin gücü doğruya yöneltmesi, odaktaki hikmet öğretimine işlevsel paraleldir.	focus_4_113_cutoff_100.tsv	45	9b53bc90464b6bae7f82f29fa6682e88223f36e6ea1299f62ec80766d46ad96a
directional_review	4:113	3:48	medium	medium	4:113	3:48	3:48	cross_surah	label_target_note	ranked_review	Kitap ve hikmet öğretimi açık paraleldir, ancak önceki öğretim kartlarına göre ek ayrıntısı sınırlıdır.	focus_4_113_cutoff_100.tsv	46	c3817c8a53945912903f20c9220c18f9f30acae28db85dfa3073cf78969a99dd
directional_review	4:113	25:64	no value	no value	4:113	25:64	25:64	cross_surah	label_target_note	ranked_review	Gece ibadeti odaktaki saptırma ve öğretim eksenine anlamlı ek yapmaz.	focus_4_113_cutoff_100.tsv	47	91faab1810ae4f3e83dc0fcb3fd833162f2e387c039c7cfa267edcee707312c6
directional_review	4:113	52:47	weak	weak	4:113	52:47	52:47	cross_surah	label_target_note	ranked_review	Bilgisizlik ve sonuçların aşamalılığı, odaktaki ilahi bilgi temasına uzak bir arka plan verir.	focus_4_113_cutoff_100.tsv	48	d5940c2d56e5d4ac81b5593bb07e28c4a41ff1c0941b1788152a8f8d7005c0ce
directional_review	4:113	7:87	medium	medium	4:113	7:87	7:87	cross_surah	label_target_note	ranked_review	Taifeler arasındaki ayrışmanın hükme bırakılması, odaktaki taifenin sorumluluğunu ayırmaya ikincil destek verir.	focus_4_113_cutoff_100.tsv	49	b5a6d9a8169ba5026dd32694048a91041e059e0913fdb2c74e0b4d823ba6aad8
directional_review	4:113	4:109	strong	strong	4:113	4:109	4:109	same_surah	label_target_note	ranked_review	Dünyevi savunmanın ilahi huzurda geçersiz kalması, odaktaki faillerin kendilerine zarar vermesini yakın bağlamda derinleştirir.	focus_4_113_cutoff_100.tsv	50	15a14523d1d30ced1f470c2c112b686d84aac724ee5ea63f998806baf2a4b6a6
directional_review	4:113	4:166	strong	strong	4:113	4:166	4:166	same_surah	label_target_note	ranked_review	Vahyin ilahi bilgiyle indirilmesi ve tanıklık, odaktaki kitap ve öğretimin kaynağını güçlendirir.	focus_4_113_cutoff_100.tsv	51	b84cc4bb2be1cd036a13e584fd3d0ab5da90907bda0557a5014798aec2fec16a
directional_review	4:113	5:110	medium	medium	4:113	5:110	5:110	cross_surah	label_target_note	ranked_review	Kitap ve hikmet öğretimi ile ilahi destek, odaktaki peygambere yönelik ihsanı paraleller.	focus_4_113_cutoff_100.tsv	52	faab65e3031a2d766a1c01bc46b2e3a3f1abcc352ff4f7ef1d712b8074553fd1
directional_review	4:113	27:25	medium	medium	4:113	27:25	27:25	cross_surah	label_target_note	ranked_review	Gizli ve açığın bilinmesi, gizli saptırma niyetinin ilahi bilgi altında oluşuna genel destek verir.	focus_4_113_cutoff_100.tsv	53	4908b90777b3976bb2a8a39357575dfc9a5bae899709c39f911819fe6daf6e57
directional_review	4:113	22:5	weak	weak	4:113	22:5	22:5	cross_surah	label_target_note	ranked_review	Bilginin hayat döngüsünde kazanılıp yitirilmesi, odaktaki öğretilen bilgiyle yalnız dolaylı ilişkilidir.	focus_4_113_cutoff_100.tsv	54	f10a986a2759322c46ffaea400385bdc18ab5d5806ec160bfd483da2c0c9558f
directional_review	4:113	4:95	weak	weak	4:113	4:95	4:95	same_surah	label_target_note	ranked_review	İlahi üstün kılma, odaktaki lütfun niteliğine yalnız genel bir karşılık verir.	focus_4_113_cutoff_100.tsv	55	8ae3fa350e4888d62d6c351dd67fe6363d8e75e7194f8839f378771344596d29
directional_review	4:113	4:110	medium	medium	4:113	4:110	4:110	same_surah	label_target_note	ranked_review	Kötülük ve nefse zulümden sonra bağışlanma, odaktaki faillerin kendilerine dönük sonucuna yakın bağlam ekler.	focus_4_113_cutoff_100.tsv	56	0dc464bbfc3f877de84a64d7b429e564f8bc835c8513cbfe82c9f069a377a0cd
directional_review	4:113	36:76	medium	medium	4:113	36:76	36:76	cross_surah	label_target_note	ranked_review	İncitici sözün gizli ve açık kaynaklarıyla bilinmesi, odaktaki zarar verememe güvencesini destekler.	focus_4_113_cutoff_100.tsv	57	b94bbb39465eedae0408d00829e8861c457e2ab0ac702907109992f34c3394cd
directional_review	4:113	3:3	medium	medium	4:113	3:3	3:3	cross_surah	label_target_note	ranked_review	Kitabın hak ile indirilmesi odaktaki indirilmiş kitap temasını yineler, fakat öğretim ayrıntısı vermez.	focus_4_113_cutoff_100.tsv	58	5fcfb7e43bb38394401c80afa4a3d85be0093b5aead8a1045782a19b8467b5aa
directional_review	4:113	3:30	weak	weak	4:113	3:30	3:30	cross_surah	label_target_note	ranked_review	Benliğin yaptığıyla karşılaşması, saptırma girişiminin kendine dönmesi için genel sonuç çerçevesidir.	focus_4_113_cutoff_100.tsv	59	87ef9495658247170a96f33d3593c55c4800109da5dc48587f17d036477950c5
directional_review	4:113	9:97	weak	weak	4:113	9:97	9:97	cross_surah	label_target_note	ranked_review	Karşıt bağlantı, sınır bilgisizliğinin sabit toplumsal hükme çevrilemeyeceğini gösterir.	focus_4_113_cutoff_100.tsv	60	2d55593c43d8d05fc06ae7ce0d5ab12fe4d066b74b14cfb7806bd74b224be441
directional_review	4:113	29:46	weak	weak	4:113	29:46	29:46	cross_surah	label_target_note	ranked_review	İndirilen vahiy ortaklığı ve tartışma adabı, odaktaki kitap temasına uzak bir bağ sunar.	focus_4_113_cutoff_100.tsv	61	1f6648597f301cd16e598b40e20bb77a0838865bf44b2d75bee8b546f6a85765
directional_review	4:113	4:111	strong	strong	4:113	4:111	4:111	same_surah	label_target_note	ranked_review	Günahın yalnız onu kazanana dönmesi, odaktaki kendilerini saptırma sonucunu hemen önceki ayette açıklar.	focus_4_113_cutoff_100.tsv	62	8497e1daf26c64f3ac7471efcd07e8cd7df062f9e931bb328dbb2ff5c17c4002
directional_review	4:113	18:19	medium	medium	4:113	18:19	18:19	cross_surah	label_target_note	ranked_review	Bilinmeyeni Rabbe bırakıp tedbirli eyleme geçmek, odaktaki öğretilen bilgiye ölçülü bir kullanım boyutu ekler.	focus_4_113_cutoff_100.tsv	63	70e23ab298dafd8992135aa6664b733844c639c7ef80161a3b141f8744c97bc8
directional_review	4:113	40:78	weak	weak	4:113	40:78	40:78	cross_surah	label_target_note	ranked_review	Elçilerin ayet getirmesinin ilahi izne bağlılığı, odaktaki vahiy için genel yetki çerçevesidir.	focus_4_113_cutoff_100.tsv	64	b08b4a7621fe20b00566d2cfc6f82c455739048a409033e56ca1b7b6435a33b0
directional_review	4:113	20:110	medium	medium	4:113	20:110	20:110	cross_surah	label_target_note	ranked_review	İlahi bilginin insanı her yönden kuşatması ve insanın kuşatamaması, odaktaki öğretilen bilinmeyeni açıklar.	focus_4_113_cutoff_100.tsv	65	96cf289d06b572d69df55bbacd4b67920b5eb4dcf6b7a2fe9a29bbb5f5af6956
directional_review	4:113	51:28	no value	no value	4:113	51:28	51:28	cross_surah	label_target_note	ranked_review	Bilgili çocuk müjdesi, odaktaki saptırma veya kitap-hikmet temasına ek değer taşımaz.	focus_4_113_cutoff_100.tsv	66	14dd49ec9ca23b9b1ea29bb0375532c7f4a39a7b0f2f064875c9d24973349d6c
directional_review	4:113	2:213	medium	medium	4:113	2:213	2:213	cross_surah	label_target_note	ranked_review	Kitabın insanlar arasındaki ihtilafı hükme bağlaması, odaktaki kitap ve hikmetin koruyucu işlevini genişletir.	focus_4_113_cutoff_100.tsv	67	747de9408899bfab86f7a1b34f35e04d47f59de7fb705f75a2eebe3d8c559ced
directional_review	4:113	4:112	strong	strong	4:113	4:112	4:112	same_surah	label_target_note	ranked_review	Suçun masuma atılması, odaktaki olayın iftira ve saptırma bağlamını doğrudan tamamlar.	focus_4_113_cutoff_100.tsv	68	aa3b65cbe0ce792a0f52a05881efff6801611a0e165545ec248f4084aadff1d6
directional_review	4:113	29:26	no value	no value	4:113	29:26	29:26	cross_surah	label_target_note	ranked_review	Hicretin güç ve hikmet sahibine yönelmesi, odak için belirgin bir ek açıklama vermez.	focus_4_113_cutoff_100.tsv	69	4673492dd248a44bf8ee56061357bc5fe1a3e7b6f7613af4c4329505b37b30e6
directional_review	4:113	38:26	medium	medium	4:113	38:26	38:26	cross_surah	label_target_note	ranked_review	Hevaya uymanın Allah yolundan saptırması, saptırmanın ahlaki ve yargısal karşıtını gösterir.	focus_4_113_cutoff_100.tsv	70	4363ff063740172c6433ee134071a70b98de98d6906a6a55de8d3149990e715d
directional_review	4:113	20:111	weak	weak	4:113	20:111	20:111	cross_surah	label_target_note	ranked_review	Zulüm taşıyanın başarısızlığı, faillerin akıbetine genel fakat uzak bir paraleldir.	focus_4_113_cutoff_100.tsv	71	b65d2a01dbfc56fdcdadb3f6d7b92cf7b3d80200ba62553f185a8e3acfa4fe2c
directional_review	4:113	53:30	medium	medium	4:113	53:30	53:30	cross_surah	label_target_note	ranked_review	Sınırlı bilgi ve ilahi bilginin sapmış ile hidayettekini ayırması, odaktaki saptırma ve öğretim eksenini genişletir.	focus_4_113_cutoff_100.tsv	72	867e980c884ffc3cb33fdbeedeb748c410864d2a37848caeb6dfabda3ad97baf
directional_review	4:113	14:38	medium	medium	4:113	14:38	14:38	cross_surah	label_target_note	ranked_review	Gizli ve açık olanın Allah tarafından bilinmesi, odaktaki gizli niyetler için tekrar eden genel destektir.	focus_4_113_cutoff_100.tsv	73	7d6345592d204508ff4a1284acc9f84baa83de994a856c5e3fa254ca1368c5ce
directional_review	4:113	27:83	no value	no value	4:113	27:83	27:83	cross_surah	label_target_note	ranked_review	Toplulukların toplanması, odaktaki saptırma, lütuf veya öğretim temasını aydınlatmaz.	focus_4_113_cutoff_100.tsv	74	c69180c02d23c4b04f38bf8321ac1e7fb314e5b02fc84006a14b74189bd02dc6
directional_review	4:113	78:5	weak	weak	4:113	78:5	78:5	cross_surah	label_target_note	ranked_review	Bilmenin aşamalı oluşu, odaktaki öğretilmiş bilgiye çok genel bir çağrışım yapar.	focus_4_113_cutoff_100.tsv	75	d17eff4a9b1ed0b772bb8f6829ca3460f5e5b245098b3b6026f7ec727044a773
directional_review	4:113	25:55	weak	weak	4:113	25:55	25:55	cross_surah	label_target_note	ranked_review	Yararı ve zararı olmayan çağrı, odaktaki zarar verememe ifadesine yalnız yüzeysel paraleldir.	focus_4_113_cutoff_100.tsv	76	e02a1ee86c66b79ff32e871409d83041f8d7264e62d2f13ec56ad2d00d26145a
directional_review	4:113	27:84	weak	weak	4:113	27:84	27:84	cross_surah	label_target_note	ranked_review	Bilgi kuşatılmadan ayetleri yalanlama, odaktaki öğretimin karşıt sınırına dolaylı destek verir.	focus_4_113_cutoff_100.tsv	77	bd2dd0f1375ead7d067c95365d07feda16dd12bd1a1a5cfd718b0a473e4e3554
directional_review	4:113	49:9	weak	weak	4:113	49:9	49:9	cross_surah	label_target_note	ranked_review	İki taife arasındaki adaletli düzeltme, odaktaki taife terimine rağmen farklı bir ihtilaf bağlamındadır.	focus_4_113_cutoff_100.tsv	78	411e926fb9d76929934c691810beb8efb96ba01dee8ebc600578e83c5184036a
directional_review	4:113	5:40	weak	weak	4:113	5:40	5:40	cross_surah	label_target_note	ranked_review	İlahi mülk, bağışlama ve ceza kudreti odaktaki lütfa yalnız genel zemin sağlar.	focus_4_113_cutoff_100.tsv	79	8614200fb25a0eba235ddbf8b765e3eb227a334ae7690ad9de6d8c82b2b0cd93
directional_review	4:113	27:48	weak	weak	4:113	27:48	27:48	cross_surah	label_target_note	ranked_review	Dokuz kişilik bozucu grup, gizli toplu tasarıya uzak ama sınırlı bir topluluk paraleli verir.	focus_4_113_cutoff_100.tsv	80	da300e6a3867c49536ff98fe22f0820636288d70bb08fda9b61dce7b3aedfeb6
directional_review	4:113	81:14	weak	weak	4:113	81:14	81:14	cross_surah	label_target_note	ranked_review	Benliğin getirdiğini bilmesi, kendine dönen sonuç temasına genel destek verir.	focus_4_113_cutoff_100.tsv	81	3598f2b103e20f2043b88e48e61466f612d6e253e3f2314beea54b2ee37f4e51
directional_review	4:113	6:23	weak	weak	4:113	6:23	6:23	cross_surah	label_target_note	ranked_review	Yalan inkâr beyanı, odaktaki gizli sapma planıyla yalnız dolaylı biçimde ilişkilidir.	focus_4_113_cutoff_100.tsv	82	4857119ac5c9ee74a6f50d34e2c0ea8a111e6943face117896bf6714edee9c3b
directional_review	4:113	27:85	weak	weak	4:113	27:85	27:85	cross_surah	label_target_note	ranked_review	Zulüm nedeniyle hükmün gerçekleşmesi, faillerin akıbeti için uzak bir paraleldir.	focus_4_113_cutoff_100.tsv	83	7f46065d26bc33497a9c59974c8791efcd040c7b9215891d13ce7a3b516c384a
directional_review	4:113	102:3	weak	weak	4:113	102:3	102:3	cross_surah	label_target_note	ranked_review	Bilmenin eşiği, odaktaki öğretilmiş bilgiye tekrar eden ancak belirsiz bir bağ sunar.	focus_4_113_cutoff_100.tsv	84	1f89847ef4807d567e892f39a532b442ad5d9c2187d4d7a6f1cd6b5fbfa02602
directional_review	4:113	2:106	no value	no value	4:113	2:106	2:106	cross_surah	label_target_note	ranked_review	Ayetlerin değiştirilmesi hükmü, odaktaki saptırma veya koruma temasına ek açıklama getirmez.	focus_4_113_cutoff_100.tsv	85	f1de0e573e316dd6f21763dfd39a9347294932fa464fc5da16973531e7b12795
directional_review	4:113	26:64	no value	no value	4:113	26:64	26:64	cross_surah	label_target_note	ranked_review	Bu kısa anlatı kesiti odaktaki temalara anlamlı bağ kurmaz.	focus_4_113_cutoff_100.tsv	86	78b6ec710c6c38ca539e47835a5c15c417dacbafef6d0070d444db21519846b2
directional_review	4:113	28:15	weak	weak	4:113	28:15	28:15	cross_surah	label_target_note	ranked_review	Şeytanın apaçık saptırıcı oluşu, odaktaki saptırma girişimine genel fakat uzak bir karşılık verir.	focus_4_113_cutoff_100.tsv	87	60bcb6def258f030df389df61985d247ba9ad1bdc97cdc673c90d6c6a15a10a9
directional_review	4:113	2:107	weak	weak	4:113	2:107	2:107	cross_surah	label_target_note	ranked_review	İlahi velilik ve yardım, odaktaki zarar verememe güvencesine genel destek verir.	focus_4_113_cutoff_100.tsv	88	e724ae297f7b70ff48375b7b280dcb24720eb450c2f86accb01fa07e2553e1fc
directional_review	4:113	26:27	weak	weak	4:113	26:27	26:27	cross_surah	label_target_note	ranked_review	Elçiye yönelik delilik ithamı, düşmanca söz temasına sınırlı bir paraleldir.	focus_4_113_cutoff_100.tsv	89	5695a23cf3cb1578745fb75a2644b2d436068e80f40396ed288d86f64c77666d
directional_review	4:113	49:18	medium	medium	4:113	49:18	49:18	cross_surah	label_target_note	ranked_review	Gizli iç durum ve eylemin eksiksiz bilinmesi, odaktaki niyetlerin ilahi değerlendirmesini destekler.	focus_4_113_cutoff_100.tsv	90	f0750f244c3071b47081965cf4210d13751160951fb1eac37cde53319ee38a8d
directional_review	4:113	11:101	medium	medium	4:113	11:101	11:101	cross_surah	label_target_note	ranked_review	Kişilerin kendilerine zulmetmesi ve çağrılarının yarar vermemesi, kendine dönen zarar temasına ikincil paraleldir.	focus_4_113_cutoff_100.tsv	91	62308a06398a6093492d46da71c4bdb32ed6209e501f71764e56b479374e045f
directional_review	4:113	2:169	weak	weak	4:113	2:169	2:169	cross_surah	label_target_note	ranked_review	Şeytanın bilgisizce Allah hakkında söz söylemeye yöneltmesi, saptırmanın bilgi karşıtı yönünü gösterir.	focus_4_113_cutoff_100.tsv	92	fdcea364deba05acf806170cb7e1f1073fccc7d051d4690ddbbe709a52580af1
directional_review	4:113	5:41	strong	strong	4:113	5:41	5:41	cross_surah	label_target_note	ranked_review	Elçiye yönelik incitici söz, gizli inançsızlık ve kelimeleri saptırma, odaktaki tehdit bağlamını genişletir.	focus_4_113_cutoff_100.tsv	93	cbf1eb0242649545226b4c94d9eb2a2893bc0a3fda007df3a2b7ca8718e08c00
directional_review	4:113	25:9	medium	medium	4:113	25:9	25:9	cross_surah	label_target_note	ranked_review	Yanlış tasvirlerin yol bulmayı bozması, odaktaki saptırma teşebbüsünün bir yöntemini gösterir.	focus_4_113_cutoff_100.tsv	94	4cfbbef2057b82d5fe3708fe8edd141dc57b62822093e5649dd7dfcef4dde716
directional_review	4:113	24:61	no value	no value	4:113	24:61	24:61	cross_surah	label_target_note	ranked_review	Ev içi yeme ve selamlaşma hükümleri odaktaki temalara ek açıklama sağlamaz.	focus_4_113_cutoff_100.tsv	95	61c842657ba9037654af1e6678dbcb7dc87964741e0b544718cef538ae1a9c37
directional_review	4:113	4:143	medium	medium	4:113	4:143	4:143	same_surah	label_target_note	ranked_review	Kararsız yönelişin yol bırakmaması, saptırma temasına aynı sure içinde ikincil destek verir.	focus_4_113_cutoff_100.tsv	96	25798e99a0f396a36f6829c539e76a20dcd0e01fd393420db704d012a601bca2
directional_review	4:113	2:196	no value	no value	4:113	2:196	2:196	cross_surah	label_target_note	ranked_review	Hac ve umre ayrıntıları odaktaki saptırma, lütuf veya öğretimle bağlantı kurmaz.	focus_4_113_cutoff_100.tsv	97	fe530709dee2c43d4ea16b31662a5db5d5d536ea8cab9e395945ef0880b144ed
directional_review	4:113	19:43	weak	weak	4:113	19:43	19:43	cross_surah	label_target_note	ranked_review	Fazla bilginin nazikçe yol göstermesi, odaktaki öğretim temasına uzak bir uygulama örneğidir.	focus_4_113_cutoff_100.tsv	98	8c3275caadce25601aa74ad209e4cb8bbd2946241443e025e02e03334e875895
directional_review	4:113	93:8	weak	weak	4:113	93:8	93:8	cross_surah	label_target_note	ranked_review	Peygambere verilen bolluk, odaktaki büyük lütfa genel fakat ayrıntısız bir paraleldir.	focus_4_113_cutoff_100.tsv	99	fe58d19024799da602756d68e632d4d8b7e5c6817782a4cad56dfef9b29c7580
directional_review	4:113	10:65	medium	medium	4:113	10:65	10:65	cross_surah	label_target_note	ranked_review	Düşmanca sözün üzmemesi ve bütünüyle işitilip bilinmesi, odaktaki zarar verememe güvencesini destekler.	focus_4_113_cutoff_100.tsv	100	eb5bd3f37e3b9d30440f9fff4f58692fbc9c457611d18cf3c6dc6a183b7a66bb
directional_review	4:113	2:102	strong	strong	4:113	2:102	2:102	cross_surah	label_target_note	missing_ayah_suggestion	Zararın ancak ilahi izin çerçevesinde gerçekleşebilmesi, odaktaki zarar verememe güvencesine doğrudan paraleldir.	focus_4_113_cutoff_100.tsv	101	a9b009211ece9b2a343adae81ea116c9249b7ed5a8128dd5f24cc0285b2c8fc1
directional_review	4:113	2:109	medium	medium	4:113	2:109	2:109	cross_surah	label_target_note	missing_ayah_suggestion	Ehl-i kitaptan bir kesimin geri döndürme isteği, odaktaki taifenin saptırma niyetiyle paraleldir.	focus_4_113_cutoff_100.tsv	102	cb6ed9321832ad695af5b9585da11db9ac17c5a9d15a477386288b419962d59b
directional_review	4:113	2:159	medium	medium	4:113	2:159	2:159	cross_surah	label_target_note	missing_ayah_suggestion	Açıklayıcı delili gizleme, indirilen kitabın öğretici işlevine karşıt bir bilgi tutumunu gösterir.	focus_4_113_cutoff_100.tsv	103	f7917d751cdc7bd19c75c936199aa88d50a4b30b242ae695c2ce24ad1024efd1
directional_review	4:113	2:169	medium	medium	4:113	2:169	2:169	cross_surah	label_target_note	missing_ayah_suggestion	Şeytanın bilgisiz söz telkini, saptırmanın bilgi karşıtı işleyişini ek olarak belirginleştirir.	focus_4_113_cutoff_100.tsv	104	2e4eb644c2ca76186cf2c96f29ab1bd0c17d36b6dfb48591e979a85bbcec4328
directional_review	4:113	3:7	medium	medium	4:113	3:7	3:7	cross_surah	label_target_note	missing_ayah_suggestion	Eğrilik taşıyanların kitabın belirsiz yanını izlemeleri, kitap üzerinden saptırma riskini doğrudan açar.	focus_4_113_cutoff_100.tsv	105	3771b126a3ca27362bf31d2ae7c911bc00bf384442dc1238aa5f0fc07473d36e
directional_review	4:113	3:78	strong	strong	4:113	3:78	3:78	cross_surah	label_target_note	missing_ayah_suggestion	Dili kitapla eğip bükme ve bunu ilahi kaynağa bağlama, odaktaki saptırma girişimine güçlü bir yöntem paraleli verir.	focus_4_113_cutoff_100.tsv	106	41ad32ff0390cb61fe6a219ffbe054e9312f48408400b896253a8514c9da536c
directional_review	4:113	3:79	strong	strong	4:113	3:79	3:79	cross_surah	label_target_note	missing_ayah_suggestion	Kitap ve hikmeti öğrenip öğretme, odaktaki kitap-hikmet öğretiminin yakın paralelidir.	focus_4_113_cutoff_100.tsv	107	cb4d8c70e308d89d27fdda410a8ae8e9782894a626d78286a3cb63faf2a318df
directional_review	4:113	3:187	medium	medium	4:113	3:187	3:187	cross_surah	label_target_note	missing_ayah_suggestion	Kitaptan alınan bilginin açıklanması yerine gizlenmesi, odaktaki öğretilen bilgiyle karşıt bir sınır kurar.	focus_4_113_cutoff_100.tsv	108	eaa5d8435deebaa4a66ad6a9e285fa4cd8dab4cc5e24854eac166264e3fc6a2d
directional_review	4:113	4:82	medium	medium	4:113	4:82	4:82	same_surah	label_target_note	missing_ayah_suggestion	Kitabın tutarlılığına yönelen inceleme, odaktaki indirilen kitabın saptırmayı kesen yönünü destekler.	focus_4_113_cutoff_100.tsv	109	1e481b3a9d2c9b0ecaed4fedaa240a89ea3eaac265eb054ea2961bd7a3197890
directional_review	4:113	4:94	medium	medium	4:113	4:94	4:94	same_surah	label_target_note	missing_ayah_suggestion	Açıklamayı araştırma buyruğu, odak bağlamındaki suçlama ve yönlendirmeye karşı usulî bir güvence verir.	focus_4_113_cutoff_100.tsv	110	537a20ded9a810ce009708e6caca2ce06806f7fa5d7bc266f0fb7b0bd1d926e8
directional_review	4:113	4:135	medium	medium	4:113	4:135	4:135	same_surah	label_target_note	missing_ayah_suggestion	Adalet tanıklığı ve Allah'ın haberdarlığı, odak perikopundaki hüküm ve suçlama düzenini tamamlar.	focus_4_113_cutoff_100.tsv	111	5087109520d234f4b327d9488f56f96d8a9feef14e89b72ed2b25bc1a0c0665a
directional_review	4:113	4:162	medium	medium	4:113	4:162	4:162	same_surah	label_target_note	missing_ayah_suggestion	İlimde kökleşenlerin indirilen vahye iman etmesi, kitapla ilişkide olumlu bilgi tutumunu gösterir.	focus_4_113_cutoff_100.tsv	112	dc785f2fb2098681a70a58ef5986c8afdea21227145cb6c7301e7afa262e6c7d
directional_review	4:113	5:13	strong	strong	4:113	5:13	5:13	cross_surah	label_target_note	missing_ayah_suggestion	Kelimeleri yerlerinden oynatma ve sürekli ihanet, odaktaki gizli tasarı ile saptırma için güçlü paralel bağlamdır.	focus_4_113_cutoff_100.tsv	113	ceb402d7d040ce2f09baaa7801d0fb37313d9652fb8700c0316e3617db4633ca
directional_review	4:113	5:15	strong	strong	4:113	5:15	5:15	cross_surah	label_target_note	missing_ayah_suggestion	Kitabın açıklığa çıkaran ve çok şeyi bağışlayan işlevi, odaktaki kitap ve rahmet dizisini destekler.	focus_4_113_cutoff_100.tsv	114	511933c67e854cec6eced1a3112379d9485b30d20a5bb1f3ffe64a81cf4baa36
directional_review	4:113	5:48	strong	strong	4:113	5:48	5:48	cross_surah	label_target_note	missing_ayah_suggestion	Hak ile indirilen kitap, hüküm verme ve hevaya uymama, odaktaki öğretim ile korumayı birleştirir.	focus_4_113_cutoff_100.tsv	115	486ef3cbfcc9f35cdffa96a19bed949e76abe49ea943e33e91a41496c149036b
directional_review	4:113	5:49	strong	strong	4:113	5:49	5:49	cross_surah	label_target_note	missing_ayah_suggestion	İndirilene göre hükmedip saptırılmaya karşı sakınma, odaktaki planlanan yönlendirmeye yakın paraleldir.	focus_4_113_cutoff_100.tsv	116	651611e24ce7220ae6d700a807143e6a9148af4a58aa85c190f1db3cc4cc7317
directional_review	4:113	6:112	strong	strong	4:113	6:112	6:112	cross_surah	label_target_note	missing_ayah_suggestion	Süslü sözle aldatma için kurulan düşmanlık, odaktaki saptırma girişiminin açık bir biçimini verir.	focus_4_113_cutoff_100.tsv	117	e70aa39e598f04463993e0627785d7273546239d5c62a89f8f855fa714b1e364
directional_review	4:113	6:113	medium	medium	4:113	6:113	6:113	cross_surah	label_target_note	missing_ayah_suggestion	Aldatıcı söze kalplerin yönelmesi, saptırma teşebbüsünün alıcı tarafını ekler.	focus_4_113_cutoff_100.tsv	118	a568e0189fd7354a1c18580299b5fb9f66fc044c35db7230c38034299a0f8aea
directional_review	4:113	6:121	medium	medium	4:113	6:121	6:121	cross_surah	label_target_note	missing_ayah_suggestion	Şeytanların tartışma telkini, odaktaki saptırmanın söz ve akıl yürütme yolunu gösterir.	focus_4_113_cutoff_100.tsv	119	156a7810cb8b64fd57de4b964d3a7847cc173bdc803e28e8471f984056430fc3
directional_review	4:113	7:20	medium	medium	4:113	7:20	7:20	cross_surah	label_target_note	missing_ayah_suggestion	Gizli fısıltıyla yönlendirme, odaktaki taifenin örtük saptırma niyetine paraleldir.	focus_4_113_cutoff_100.tsv	120	20bc5daed39b9f3a7ee982b05208115d46f5025e4f84a4b128490c6ade708449
directional_review	4:113	7:27	medium	medium	4:113	7:27	7:27	cross_surah	label_target_note	missing_ayah_suggestion	Şeytanın fitnesi ve görünmeyen yerden yaklaşması, korumanın gerekliliğine genel destek verir.	focus_4_113_cutoff_100.tsv	121	2765d50424e136fe86d256fceef0e69f4e1370f4b693732cb2657de777b65a89
directional_review	4:113	7:146	weak	weak	4:113	7:146	7:146	cross_surah	label_target_note	missing_ayah_suggestion	Kibir nedeniyle ayetlerden çevrilme, saptırma ile bilgi arasındaki karşıtlığı ikincil olarak gösterir.	focus_4_113_cutoff_100.tsv	122	f336fbfbf4d22164144f15e02dfdd9a19e9b685c9adef16f9dee8ef811cbd177
directional_review	4:113	9:48	strong	strong	4:113	9:48	9:48	cross_surah	label_target_note	missing_ayah_suggestion	Fitne arayışı ve işlerin tersyüz edilmesi, odaktaki saptırma planına doğrudan paralel bir örgü sunar.	focus_4_113_cutoff_100.tsv	123	dd57f89755a8c81a8c73d5df510e60e3352615686795c27c923d3331d83016bc
directional_review	4:113	9:47	medium	medium	4:113	9:47	9:47	cross_surah	label_target_note	missing_ayah_suggestion	Topluluk içinde fitne arayanların bulunması, odaktaki içten gelen tehdide bağlamsal destek verir.	focus_4_113_cutoff_100.tsv	124	ace11bdfc4301c0e19e8a9e5c06636dde63fc8c9c1feac8706bbc3a5cabe043b
directional_review	4:113	9:107	medium	medium	4:113	9:107	9:107	cross_surah	label_target_note	missing_ayah_suggestion	Zarar ve ayrılık amacıyla kurulan düzen, gizli zararlı tasarının somut bir paralelidir.	focus_4_113_cutoff_100.tsv	125	a02b701b91b4604fc11bb193250e30ee2d681e97eed7f476318f86b22b6d1857
directional_review	4:113	9:122	medium	medium	4:113	9:122	9:122	cross_surah	label_target_note	missing_ayah_suggestion	Dinde derin kavrayış için ayrılan bir grubun öğretimi, odaktaki ilahi öğretimin toplumsal uzantısını verir.	focus_4_113_cutoff_100.tsv	126	0ea49c1c29f77867a1f943867be355f3de93b53867ff74fc620d18e0ac500fb3
directional_review	4:113	10:57	medium	medium	4:113	10:57	10:57	cross_surah	label_target_note	missing_ayah_suggestion	Rabden gelen öğüt, şifa, hidayet ve rahmet, odaktaki kitapla gelen lütuf ve öğretimi genişletir.	focus_4_113_cutoff_100.tsv	127	6b11b916fdbecf9543a274e296abf160e0f5ae90e09ac2d5d3ba18638a7d218f
directional_review	4:113	10:108	medium	medium	4:113	10:108	10:108	cross_surah	label_target_note	missing_ayah_suggestion	Hidayetin kişinin kendisine, sapmanın da kendi aleyhine dönmesi, odaktaki sonuç yapısına paraleldir.	focus_4_113_cutoff_100.tsv	128	cd4b89a27801001c9d7a59d1349aa976f414c567fa81307292aea0b81e3b3a4d
directional_review	4:113	11:34	medium	medium	4:113	11:34	11:34	cross_surah	label_target_note	missing_ayah_suggestion	Öğüdün yarar vermemesi ile ilahi saptırma bağının ayrımı, saptırma dilinin sınırını ekler.	focus_4_113_cutoff_100.tsv	129	d869f94b7e45956c08de4bd3d07a07e32122d1d9a5bcc6d48e82f63375e9c728
directional_review	4:113	14:1	strong	strong	4:113	14:1	14:1	cross_surah	label_target_note	missing_ayah_suggestion	Kitabın karanlıktan aydınlığa çıkarma işlevi, odaktaki indirilmiş kitabın koruyucu yönünü belirginleştirir.	focus_4_113_cutoff_100.tsv	130	9f22a4f908fef082f06a91651fb7497bc5978bbc96db9f6af668f3ef1841de23
directional_review	4:113	15:9	strong	strong	4:113	15:9	15:9	cross_surah	label_target_note	missing_ayah_suggestion	İndirilen zikrin korunması, odaktaki kitap üzerinden gelen ilahi güvenceyi doğrudan destekler.	focus_4_113_cutoff_100.tsv	131	d8a88c477534b4f917d7d97337294a584ef46c44b3f4ade21e09a1f816e0517e
directional_review	4:113	16:44	medium	medium	4:113	16:44	16:44	cross_surah	label_target_note	missing_ayah_suggestion	İndirilmiş açıklama ile tebyin görevi, odaktaki kitap ve öğretim ilişkisinin işlevsel paralelidir.	focus_4_113_cutoff_100.tsv	132	b7706fcd7522fa027bd991528919c8db7721f3a9e0c03d8f25ff443068af0808
directional_review	4:113	16:64	medium	medium	4:113	16:64	16:64	cross_surah	label_target_note	missing_ayah_suggestion	Kitabın ihtilafı açıklaması, odaktaki ilahi öğretimin ayırt edici rolünü gösterir.	focus_4_113_cutoff_100.tsv	133	675b9c9188a95109828a8e95f19a879bb5b28f8920d95d6078391694a838eb75
directional_review	4:113	17:9	strong	strong	4:113	17:9	17:9	cross_surah	label_target_note	missing_ayah_suggestion	Kur'anın en doğru yola yöneltmesi, odaktaki saptırmaya karşı kitap aracılı korumayı açıklar.	focus_4_113_cutoff_100.tsv	134	64285da966addcd3595dbf0627bfeda1b86370b84eaf37e813ea790715e33fe7
directional_review	4:113	17:73	strong	strong	4:113	17:73	17:73	cross_surah	label_target_note	missing_ayah_suggestion	Vahiyden uzaklaştırma girişimi, odaktaki taifenin saptırma niyetine çok yakın bir paraleldir.	focus_4_113_cutoff_100.tsv	135	024db5642d4dc1c48f65c6b28173af56ffe2ee7be574a17ff95351f234243c12
directional_review	4:113	17:74	strong	strong	4:113	17:74	17:74	cross_surah	label_target_note	missing_ayah_suggestion	İlahi sağlamlaştırma olmadan meyletme ihtimali, odaktaki lütuf ve rahmetin koruyucu işlevini doğrudan açar.	focus_4_113_cutoff_100.tsv	136	7fd9235cd296ac42a70f07c5fcda302587285daf83c2b163b225f80734bc0405
directional_review	4:113	18:27	medium	medium	4:113	18:27	18:27	cross_surah	label_target_note	missing_ayah_suggestion	Rabbin sözlerinin değiştirilemezliği, saptırıcı müdahaleye karşı kitap merkezli sınırı destekler.	focus_4_113_cutoff_100.tsv	137	c42c0f59396a5888dd22ab1bc80dca8cf5abebf34837d8373e6f2f738fb35e71
directional_review	4:113	20:114	medium	medium	4:113	20:114	20:114	cross_surah	label_target_note	missing_ayah_suggestion	Bilgide artış istemi, odaktaki öğretilen bilinmeyen temasını tamamlar.	focus_4_113_cutoff_100.tsv	138	7d774e0e9a86146c9b4f8172c50f1c5641fa535f2996c0a64563ef8fb52a5634
directional_review	4:113	25:30	medium	medium	4:113	25:30	25:30	cross_surah	label_target_note	missing_ayah_suggestion	Kur'anın terk edilmesi, odaktaki kitabın saptırmayı önleyen işlevinin karşıt sınırını verir.	focus_4_113_cutoff_100.tsv	139	fd061144a384c7bddc092e4bee20b4b5b0f7a6ed9fd83bb391adf769387a739f
directional_review	4:113	25:31	strong	strong	4:113	25:31	25:31	cross_surah	label_target_note	missing_ayah_suggestion	Her peygambere düşmanlık karşısında Rabbin hidayet ve yardımının yeterliği, odaktaki koruma güvencesine paraleldir.	focus_4_113_cutoff_100.tsv	140	e9967beda25a95b9b9e850dcb0f5cdb44f81dfa5acbbf9356fc3b4dbbfd96c93
directional_review	4:113	25:32	strong	strong	4:113	25:32	25:32	cross_surah	label_target_note	missing_ayah_suggestion	Kitabın kalbi sağlamlaştıracak biçimde indirilmesi, odaktaki vahyin saptırmayı kesen etkisini destekler.	focus_4_113_cutoff_100.tsv	141	3ed8c51347e29be3e8fa40b9f87d6ec0d8f97bbed87d55553368a56253eba9a6
directional_review	4:113	28:50	medium	medium	4:113	28:50	28:50	cross_surah	label_target_note	missing_ayah_suggestion	İlahi hidayet olmadan hevaya uymanın sapması, odaktaki yönlendirme temasına güçlü bir karşıt örnektir.	focus_4_113_cutoff_100.tsv	142	a3f5a90c7f0fe0409f9485c45ad92347a737c033e9a4a34706efb7f85ab6d663
directional_review	4:113	29:45	medium	medium	4:113	29:45	29:45	cross_surah	label_target_note	missing_ayah_suggestion	Kitabın tilaveti ve salatın kötülüğü engellemesi, odaktaki öğretimin koruyucu pratiğine ikincil destek verir.	focus_4_113_cutoff_100.tsv	143	3c054e4d69f7f77d01ad8d98882430a60295138b5003701e9dea5383cb3dcbc5
directional_review	4:113	29:51	medium	medium	4:113	29:51	29:51	cross_surah	label_target_note	missing_ayah_suggestion	İndirilen kitabın okunmasının yeterliği, odaktaki kitap lütfunun yeterlilik boyutunu vurgular.	focus_4_113_cutoff_100.tsv	144	49a1c86029fd2cc42da020ab4101e3ff89e12bca4d0a90af3a9a4778336217d1
directional_review	4:113	39:23	medium	medium	4:113	39:23	39:23	cross_surah	label_target_note	missing_ayah_suggestion	Kitabın en güzel söz olarak indirilmesi, odaktaki kitabın ikna ve öğretim boyutuna genel destek verir.	focus_4_113_cutoff_100.tsv	145	d46800e9e3edca99e66627f76da1821f6929e794707fdf2d63380b475b74066f
directional_review	4:113	41:26	strong	strong	4:113	41:26	41:26	cross_surah	label_target_note	missing_ayah_suggestion	Kur'an dinlenmesin diye gürültü çıkarılması, vahyin etkisini kesmeye çalışan açık bir saptırma karşıtlığıdır.	focus_4_113_cutoff_100.tsv	146	becdceb18e9116d64d837b1cf951236f4ab64a187ec5180170a287429e740498
directional_review	4:113	41:42	strong	strong	4:113	41:42	41:42	cross_surah	label_target_note	missing_ayah_suggestion	Kitaba batılın yaklaşamaması, odaktaki kitabın saptırmaya karşı güvenilirliğini doğrudan destekler.	focus_4_113_cutoff_100.tsv	147	a6bfbf99e9189979e8c83f37a1fc917b3a7a1f4c026a4d8db7b03204dd05df2a
directional_review	4:113	43:36	medium	medium	4:113	43:36	43:36	cross_surah	label_target_note	missing_ayah_suggestion	Zikre yüz çevirmenin şeytani eşlik doğurması, odaktaki korunmanın karşıt sonucunu gösterir.	focus_4_113_cutoff_100.tsv	148	54151c2f6786944910c4cd3e69ceaf7ba4c6a416460d3fe765bf4e609b6f9a4f
directional_review	4:113	47:24	medium	medium	4:113	47:24	47:24	cross_surah	label_target_note	missing_ayah_suggestion	Kur'an üzerinde düşünmeye çağrı, odaktaki kitapla öğretimin alımlanma yönünü destekler.	focus_4_113_cutoff_100.tsv	149	e39b2331d87ea6853823442b6038b439c267ae717d3231b479f62941b4e991e8
directional_review	4:113	47:25	medium	medium	4:113	47:25	47:25	cross_surah	label_target_note	missing_ayah_suggestion	Geri dönüşün şeytanca süslenmesi, odaktaki saptırma girişimi için tamamlayıcı karşıt örnektir.	focus_4_113_cutoff_100.tsv	150	28a35f2598a12452904dd8670b30e8c6c44f62ae332cae30a77a7f78d68d8683
directional_review	4:113	49:6	medium	medium	4:113	49:6	49:6	cross_surah	label_target_note	missing_ayah_suggestion	Fasık haberinin araştırılması, odak perikopundaki haksız isnada karşı temel usulî bağlamdır.	focus_4_113_cutoff_100.tsv	151	c017d30c08f5fad3c11a1e903819488a85b3fd6f33043a9a6a3c9b27593407e6
directional_review	4:113	62:2	strong	strong	4:113	62:2	62:2	cross_surah	label_target_note	missing_ayah_suggestion	Elçinin ayetleri okuması, arıtması ve kitap-hikmeti öğretmesi, odaktaki öğretim dizisinin en yakın paralellerindendir.	focus_4_113_cutoff_100.tsv	152	9638cba272ccd0bfaaaf33605e440aabea3a9f1b0270facc088bfab14e7ab2dd
reciprocal_nomination	4:113	1:3		medium	1:3	4:113	4:113	cross_surah	label_target_note	missing_ayah_suggestion	Places protecting knowledge and mercy together as an unearned gift.	focus_1_3_cutoff_100.tsv	103	1cc43e7098a013ae0e793ff67ef0627159bbe0122093bc92bd6d910f31fbeb8a
reciprocal_nomination	4:113	2:9		strong	2:9	4:113	4:113	cross_surah	label_target_note	ranked_review	An intended misdirection that harms only its agents closely supports the return-to-self dimension.	focus_2_9_cutoff_100.tsv	25	b98a783608e4c86874fab4476db8212b1b35fd8b6bf222043cf1a0d8e0048e8f
reciprocal_nomination	4:113	2:31		strong	2:31	4:113	4:113	cross_surah	label_target_note	missing_ayah_suggestion	God teaches the Messenger what he did not know, a direct human recipient-of-teaching parallel.	focus_2_31_cutoff_100.tsv	110	80dcf218c9e8a35c00d67b32075f903b6bfc9734230a25e27a6e1c1743524c58
reciprocal_nomination	4:113	2:32		strong	2:32	4:113	4:113	cross_surah	label_target_note	missing_ayah_suggestion	God teaches what was not previously known and joins that teaching with Book and wisdom, closely paralleling 2:32.	focus_2_32_cutoff_100.tsv	104	d1bcbf145fa449a65f53a89a8b83066f112a0f3e5dfb186d0bb87109d8c3e586
reciprocal_nomination	4:113	2:33		medium	2:33	4:113	4:113	cross_surah	label_target_note	missing_ayah_suggestion	Attributes teaching of previously unknown knowledge to God, a secondary parallel to Adam's instruction.	focus_2_33_cutoff_100.tsv	132	abe8776dee4ef00f91e000c057cf06eaa03bcb0ce005b183ec0ae4800be3f252
reciprocal_nomination	4:113	2:53		medium	2:53	4:113	4:113	cross_surah	label_target_note	ranked_review	Pairs a revealed Book with wisdom and teaching in another messenger setting.	focus_2_53_cutoff_100.tsv	95	147fc758290682ce021ae0f2e01667647cdb6933571e8e7b5603c74941fe74e4
reciprocal_nomination	4:113	2:64		strong	2:64	4:113	4:113	cross_surah	label_target_note	ranked_review	Uses the exact formula to show grace as protection through teaching and revelation.	focus_2_64_cutoff_100.tsv	61	814899f469b1936d24bc62ac595f4b9db26382de897ef0dec1959431fa91745a
reciprocal_nomination	4:113	2:106		weak	2:106	4:113	4:113	cross_surah	label_target_note	ranked_review	Book, wisdom, and teaching support revelatory source, but only indirectly touch the focus.	focus_2_106_cutoff_100.tsv	46	e2f3dcbaaef208f72a894a80f91e5ec9e869b2e129540665067f4e95afe3fd23
reciprocal_nomination	4:113	2:129		weak	2:129	4:113	4:113	cross_surah	label_target_note	ranked_review	Book-and-hikmah teaching appears in a distinct protective context.	focus_2_129_cutoff_100.tsv	37	81295fed5685ca64b331db13b9021ef846ac6d29e717436ff79459d736c61edb
reciprocal_nomination	4:113	2:151		medium	2:151	4:113	4:113	cross_surah	label_target_note	ranked_review	Pairs Book, wisdom, and previously unknown teaching with protection from attempted misguidance.	focus_2_151_cutoff_100.tsv	19	66ca10e29244ca70df2f50c1615cb63ab5427db67afbd96c1db2602563674134
reciprocal_nomination	4:113	2:231		medium	2:231	4:113	4:113	cross_surah	label_target_note	ranked_review	Pairs the revealed Book and wisdom with divine teaching, echoing the basis of 2:231's admonition.	focus_2_231_cutoff_100.tsv	22	7ff16697f7a463e49d61087086cbb5940272bd26087b3bbef264a48575860fac
reciprocal_nomination	4:113	2:251		medium	2:251	4:113	4:113	cross_surah	label_target_note	ranked_review	God's bounty prevents an intended harm, paralleling preservation through divine favor.	focus_2_251_cutoff_100.tsv	16	37707c30bd018821cf866f3502c2abb7f1d1a14339056d044bdbd84865e602c2
reciprocal_nomination	4:113	2:252		medium	2:252	4:113	4:113	cross_surah	label_target_note	missing_ayah_suggestion	Joins revelation of the Book and wisdom to divine teaching of the addressee.	focus_2_252_cutoff_100.tsv	102	869e3a1f7f868de8e6f82fded8f3923527fe2cc92f3ae56124a2358b07dff0e2
reciprocal_nomination	4:113	2:265		weak	2:265	4:113	4:113	cross_surah	label_target_note	ranked_review	Allah's great bounty is only a broad background for the provision spent in 2:265.	focus_2_265_cutoff_100.tsv	73	650dddfb82f39236c7e5580affe715b4a78b6991c4bd6335cd34116d90e048c2
reciprocal_nomination	4:113	2:269		strong	2:269	4:113	4:113	cross_surah	label_target_note	missing_ayah_suggestion	It explicitly says Allah taught the Prophet the Book and wisdom, calling the favor immense.	focus_2_269_cutoff_100.tsv	112	b1b50ea617aa8ea4081a11917a239f62b6502944ca2aabcc54e1e784557c6a86
reciprocal_nomination	4:113	3:3		medium	3:3	4:113	4:113	cross_surah	label_target_note	ranked_review	It pairs the Book sent down to Muhammad with wisdom and divine teaching.	focus_3_3_cutoff_100.tsv	43	9ede760956bcd95ec9e504031e6f438bbbad643394607354a46bb57c267d151f
reciprocal_nomination	4:113	3:4		medium	3:4	4:113	4:113	cross_surah	label_target_note	ranked_review	Names the Book and wisdom sent down as divine teaching.	focus_3_4_cutoff_100.tsv	74	27bea8102f1f34556fcc57747b27207ade63dbde2c1c03735d5241a3c4ef8ab6
reciprocal_nomination	4:113	3:5		weak	3:5	4:113	4:113	cross_surah	label_target_note	ranked_review	Allah's teaching of what was previously unknown supports knowledge generally, not the focus claim's scope.	focus_3_5_cutoff_100.tsv	8	3d892d1701166753c555b1a7a808b03bec5261d6739ed36ddf63d70d3d9b890a
reciprocal_counterevidence	4:113	3:25		no value	3:25	4:113	4:113	cross_surah	label_target_note	ranked_review	The channel-level hidden-knowledge parallel is not localized to final settlement.	focus_3_25_cutoff_100.tsv	20	32ae6ca540031b7030fc566dd844b01491276f6dd678f8d6588549e1e4bd502e
reciprocal_nomination	4:113	3:29		weak	3:29	4:113	4:113	cross_surah	label_target_note	ranked_review	Divinely given knowledge is present, but no concealed-versus-disclosed structure.	focus_3_29_cutoff_100.tsv	11	e09956c0c135d31f1cf8214dc023bd6563bce576800779ed83c5ecf2209ec92f
reciprocal_nomination	4:113	3:30		weak	3:30	4:113	4:113	cross_surah	label_target_note	ranked_review	Channel evidence concerns hidden plotting under encompassing knowledge; it is an indirect interior parallel.	focus_3_30_cutoff_100.tsv	26	83077fc7fc72d5571196d167e09e95967fbd12304d2854797d5962ad0109c4a2
reciprocal_nomination	4:113	3:44		strong	3:44	4:113	4:113	cross_surah	label_target_note	missing_ayah_suggestion	Revelation of the Book and teaching what the addressee did not know directly clarifies the epistemic basis of the focus's report.	focus_3_44_cutoff_100.tsv	104	6758ba4aaf3a35ec69f6f065a51909d7572eae362954c8f77fa3e1a17adb60e1
reciprocal_nomination	4:113	3:48		medium	3:48	4:113	4:113	cross_surah	label_target_note	ranked_review	Pairs sent-down ٱلْكِتَٰبَ and ٱلْحِكْمَةَ with direct teaching to a messenger.	focus_3_48_cutoff_100.tsv	57	9d17b7cbadca82fa945a4dcf07dfcfbc3711048e0829d4c970f2196964f0a7f3
reciprocal_nomination	4:113	3:69		strong	3:69	4:113	4:113	cross_surah	label_target_note	ranked_review	Closest parallel: a party seeks to mislead, but the harm returns to itself.	focus_3_69_cutoff_100.tsv	1	33c1a6769be1395977ccfa1d49aa4aa7d52c55259c3f6a2583f27cffa70888a2
reciprocal_nomination	4:113	3:73		strong	3:73	4:113	4:113	cross_surah	label_target_note	missing_ayah_suggestion	Favor protects against a group's attempted misguidance and accompanies Book and wisdom.	focus_3_73_cutoff_100.tsv	110	2980d09cbeb4d59417c6585c7f6f206f2deed8bb27f3244a8c7d693f451c3ad1
reciprocal_nomination	4:113	3:74		strong	3:74	4:113	4:113	cross_surah	label_target_note	ranked_review	Favor and mercy are tied to book, wisdom, and teaching, and called great.	focus_3_74_cutoff_100.tsv	54	b4097bab95da2cd1a99cc33d2b62d39a50071a00ad7a854130b000f1806795fa
reciprocal_nomination	4:113	3:78		medium	3:78	4:113	4:113	cross_surah	label_target_note	ranked_review	Divine revelation of Book and wisdom contrasts with a group's attempt to mislead.	focus_3_78_cutoff_100.tsv	78	8d146b0f0f55ae831ab5c971de2243633744c205e1fc4f2c7e051b3606c15959
reciprocal_nomination	4:113	3:79		strong	3:79	4:113	4:113	cross_surah	label_target_note	missing_ayah_suggestion	God sends down the Book and wisdom to the prophet and teaches what he did not know.	focus_3_79_cutoff_100.tsv	114	8089c9091d05ef2aba018593b1eb160e741c9e05db168c43afccf242bb028fad
reciprocal_nomination	4:113	3:122		medium	3:122	4:113	4:113	cross_surah	label_target_note	ranked_review	A group intends misguidance, yet divine favor prevents harm; parallel intent, different setting.	focus_3_122_cutoff_100.tsv	17	3d57c029467c791e096707ca3cd6b776872e980199474ef6b748d7abe7d5229a
reciprocal_nomination	4:113	3:154		weak	3:154	4:113	4:113	cross_surah	label_target_note	ranked_review	Adds a group's harmful intention but not the focus's central sequence.	focus_3_154_cutoff_100.tsv	25	60ca9569cff429dcf93263f2111155729ecb5acbd3f220b3a7f000c61d54c86a
reciprocal_nomination	4:113	3:164		medium	3:164	4:113	4:113	cross_surah	label_target_note	ranked_review	Links Book, wisdom, and previously unknown teaching to divine favor, though addressed to the messenger.	focus_3_164_cutoff_100.tsv	10	252d91bafb24ce769514ef37e03ddd9ebc2771a43dd022fc87e1e8571acf7680
reciprocal_nomination	4:113	3:176		medium	3:176	4:113	4:113	cross_surah	label_target_note	ranked_review	Reassures that attempted misguidance and harm turn back upon their authors.	focus_3_176_cutoff_100.tsv	69	3d6e2a7e85e56ab8adb83ce42c4b1880d2e1a37014ef017fb8c6003ae56e7c01
reciprocal_counterevidence	4:113	4:48		no value	4:48	4:113	4:113	same_surah	label_target_note	ranked_review	Divine favor, protection, and teaching do not clearly develop the focus.	focus_4_48_cutoff_100.tsv	70	d87a9b31a7e9e9711aee35c7b437bc0bd402a7772f010f0e6078d62f5a042e0e
reciprocal_nomination	4:113	4:54		strong	4:54	4:113	4:113	same_surah	label_target_note	ranked_review	Divine favor, the Book, and wisdom occur together, providing a close local parallel to the focus's sequence of gifts.	focus_4_54_cutoff_100.tsv	10	25ee0b4fbf9d427f7e654648a76f705403c0f1a91d037b7e34eb3870c8f3100a
reciprocal_nomination	4:113	4:70		strong	4:70	4:113	4:113	same_surah	label_target_note	ranked_review	Explicitly names God's immense favor and links it with revealed teaching, a close neighboring parallel.	focus_4_70_cutoff_100.tsv	87	576235f67ea9c6f2bac1fbe60b6b4d8b63e27506830c0f1209eed9560760a3a7
reciprocal_nomination	4:113	4:73		medium	4:73	4:113	4:113	same_surah	label_target_note	ranked_review	Strong lexical and semantic overlap around favor/greatness, but no routed catalog evidence.	focus_4_73_cutoff_100.tsv	22	745a66034e02426248abb5cf6657d03f51157c1db7d2be9545016fd2179525ad
reciprocal_nomination	4:113	4:81		medium	4:81	4:113	4:113	same_surah	label_target_note	ranked_review	A طائفة's intended misdirection supplies a nearby group-against-addressee pattern.	focus_4_81_cutoff_100.tsv	22	39ef759da2573a376c4b65fbc3c483e805e344521fbe4a4ae16bd2a939043dde
reciprocal_nomination	4:113	4:83		strong	4:83	4:113	4:113	same_surah	label_target_note	ranked_review	Connects grace, mercy, and taught knowledge with protection from misleading counsel.	focus_4_83_cutoff_100.tsv	19	91282366c6dbc6f8712f8a37ca1655c195d7c57fcf6ed6bc1982ba23505eb3d5
reciprocal_nomination	4:113	4:95		weak	4:95	4:113	4:113	same_surah	label_target_note	ranked_review	Protection from misdirection and grace are not a close analogue.	focus_4_95_cutoff_100.tsv	43	59ee1ad4c5d172adab0bbef57f1a75fff48f6a107e6a3c03a9bfc945016a16cf
reciprocal_nomination	4:113	4:96		strong	4:96	4:113	4:113	same_surah	label_target_note	missing_ayah_suggestion	Supplies the nearby preservation through divine favor and mercy.	focus_4_96_cutoff_100.tsv	108	bfe181af4e479b86ec2d938caaf88c9cc736ce16539607fe0815294dc2cdb85a
reciprocal_counterevidence	4:113	4:101		no value	4:101	4:113	4:113	same_surah	label_target_note	ranked_review	The adjacent protection from misleading counsel does not clarify the focus.	focus_4_101_cutoff_100.tsv	77	e9902476ba065ae5f7ff5a82259e49c113a3e4d645f9f988900e1bb5b0791cb3
reciprocal_nomination	4:113	4:102		weak	4:102	4:113	4:113	same_surah	label_target_note	ranked_review	A group's intended misguidance provides a nearby but redundant threat motif.	focus_4_102_cutoff_100.tsv	78	e64403423abea526b63cc77bbe118c2125f778b94da44c8e13e3fe19ead17bee
reciprocal_counterevidence	4:113	4:103		no value	4:103	4:113	4:113	same_surah	label_target_note	ranked_review	Kanal köprüleri ayet düzeyinde odak yapısına katkı kurmaz.	focus_4_103_cutoff_100.tsv	62	02ee03354227665607887c408077dfdfe01bfd095c23dec238dbe891c30fe0ad
reciprocal_nomination	4:113	4:104		weak	4:104	4:113	4:113	same_surah	label_target_note	ranked_review	Channel bridge and protective favor nearby do not directly illuminate the shared-pain rationale.	focus_4_104_cutoff_100.tsv	29	59b0f610985d17632c85a82df8a0ec27b4facc9c528aa7056bce957124b25f84
reciprocal_nomination	4:113	4:105		strong	4:105	4:113	4:113	same_surah	label_target_note	ranked_review	Names the Book, wisdom, and divine teaching as protection from a group's attempt to mislead.	focus_4_105_cutoff_100.tsv	46	de82df636661ff8578bc89e96a9caf5d05737e02e886fcee8125de663404fefd
reciprocal_nomination	4:113	4:106		strong	4:106	4:113	4:113	same_surah	label_target_note	ranked_review	Attributes protection from misleading plots to grace, mercy, and taught judgment.	focus_4_106_cutoff_100.tsv	35	dc272c30ac298a2eff0331b5765d9a98285faba7093de8c78f74d9a84b577b6b
reciprocal_nomination	4:113	4:107		strong	4:107	4:113	4:113	same_surah	label_target_note	ranked_review	Says the attempted misdirection harms only its agents, in the immediate continuation.	focus_4_107_cutoff_100.tsv	62	7ebf812f6373a8c0288887a46b5b2c5f0053664ed323f41b63b8fdbcc69ec946
reciprocal_nomination	4:113	4:108		medium	4:108	4:113	4:113	same_surah	label_target_note	ranked_review	Extends the local dispute with attempted misdirection and divinely given knowledge.	focus_4_108_cutoff_100.tsv	11	ca33de7acb9a4693c54ced8a3ae5143727cc1e2a35c801fe16265039f6873ded
reciprocal_nomination	4:113	4:109		medium	4:109	4:113	4:113	same_surah	label_target_note	ranked_review	The attempted deception harms only its agents, reinforcing self-directed consequence in the same passage.	focus_4_109_cutoff_100.tsv	68	bb929819cf63cf176930b66d2f43b8b7d661772e272e60631de9432fa05764bf
reciprocal_nomination	4:113	4:110		medium	4:110	4:113	4:113	same_surah	label_target_note	ranked_review	Local context says attempted misguidance returns upon the plotters themselves.	focus_4_110_cutoff_100.tsv	62	ecfe45bf63e7bea26c0b42f08e068d03681585b57ac7bb911fe5ca1979db7089
reciprocal_nomination	4:113	4:111		medium	4:111	4:113	4:113	same_surah	label_target_note	ranked_review	Immediate context says attempted misguidance ultimately harms its own agents.	focus_4_111_cutoff_100.tsv	56	3dbfdc053e789c668bc888dc63dd5ceaf372d6ec111941b04e92b207356e46e6
reciprocal_nomination	4:113	4:112		medium	4:112	4:113	4:113	same_surah	label_target_note	ranked_review	Saptırma girişiminin faile dönmesini hemen sonraki ayette destekler.	focus_4_112_cutoff_100.tsv	56	e7f624e438b58c0779153e4db5b151dd45c452646e9a083380a6b68dc8b757b7
reciprocal_nomination	4:113	4:114		strong	4:114	4:113	4:113	same_surah	label_target_note	missing_ayah_suggestion	The immediate pre-focus context concerns a group arranging misleading speech.	focus_4_114_cutoff_100.tsv	116	488b4c1e0fd2cd0a3bf472a10c2d65441fa2b1bb863721fd14593ac1feb2c787
reciprocal_nomination	4:113	4:126		medium	4:126	4:113	4:113	same_surah	label_target_note	ranked_review	Nearby teaching and protection frame the divine knowledge behind the sequence.	focus_4_126_cutoff_100.tsv	8	30e6e70394cae664e5bb7fece51a40419fe03118a13f08168224265d10ea7ed9
reciprocal_nomination	4:113	4:147		medium	4:147	4:113	4:113	same_surah	label_target_note	ranked_review	Fazıl ve rahmetin koruması ile sapmanın kişinin kendine dönmesi, ilahi yarar-sızlık temasını dolaylı destekler.	focus_4_147_cutoff_100.tsv	89	f6e05ee151f24b451a8e0387c664de41939f823d08dad100ea4e11571d2a2607
reciprocal_nomination	4:113	4:148		strong	4:148	4:113	4:113	same_surah	label_target_note	missing_ayah_suggestion	Immediate context exposes covert speech aimed at leading another astray.	focus_4_148_cutoff_100.tsv	105	22227c77db46931454664e79a4fa30d97b3e420d350f27fbbc1955d2eb211625
reciprocal_nomination	4:113	4:158		weak	4:158	4:113	4:113	same_surah	label_target_note	ranked_review	Positively relates divine wisdom to protection from distortion, without linking to elevation.	focus_4_158_cutoff_100.tsv	42	23ac140fd1d5956cf89edfb5dff0d8378dc9214c1a25e71a7c68c29955e17fd7
reciprocal_nomination	4:113	4:164		weak	4:164	4:113	4:113	same_surah	label_target_note	ranked_review	Nearby descent of book and wisdom, secondary to direct parallels.	focus_4_164_cutoff_100.tsv	79	69d0dc4bc89c320057570109b62539d943c629d2e819aaf1d90ecfd739a0372d
reciprocal_nomination	4:113	4:174		medium	4:174	4:113	4:113	same_surah	label_target_note	missing_ayah_suggestion	Anzala al-kitab wal-hikma gives a close local descent formulation.	focus_4_174_cutoff_100.tsv	107	1fd54f9df1d0c6aacd2f43f4428eb2a8aa19fdc2ea3fcd2842b4dc053bfab899
reciprocal_nomination	4:113	5:4		medium	5:4	4:113	4:113	cross_surah	label_target_note	missing_ayah_suggestion	Explicitly attributes previously unavailable knowledge to Allah's teaching.	focus_5_4_cutoff_100.tsv	167	a965d087041654e80831031a75d2cd39d7c2c495823def554296352d156e3840
reciprocal_nomination	4:113	5:11		medium	5:11	4:113	4:113	cross_surah	label_target_note	ranked_review	An intended harmful course fails through divine favor, structurally paralleling protection.	focus_5_11_cutoff_100.tsv	79	e1c960981885d9fb4a373d0e58ae3b44279cf6000bb724be3c027eb079a033f9
reciprocal_nomination	4:113	5:15		medium	5:15	4:113	4:113	cross_surah	label_target_note	missing_ayah_suggestion	Connects revealed Book and wisdom with teaching what was previously unknown.	focus_5_15_cutoff_100.tsv	116	f074b002d2a6c3c1c4dffcf9590953eb0a5f0708864d2ddca0f276586a2a2672
reciprocal_nomination	4:113	5:47		medium	5:47	4:113	4:113	cross_surah	label_target_note	ranked_review	Adds a sent Book and wisdom to the messenger, but not the focal judgment formula.	focus_5_47_cutoff_100.tsv	70	5cdad101fe8c5d0d812d6b23fb918a5506cc3c56950504c6f0f1133bab07e87c
reciprocal_nomination	4:113	5:49		medium	5:49	4:113	4:113	cross_surah	label_target_note	missing_ayah_suggestion	Records an attempt to lead the messenger astray alongside the given Book and wisdom.	focus_5_49_cutoff_100.tsv	107	ec80781ba427c69e51f38a248e0ea82eb1153ac597cb8deb48496680b2983e5a
reciprocal_nomination	4:113	5:50		medium	5:50	4:113	4:113	cross_surah	label_target_note	ranked_review	Book and wisdom protect against attempted misguidance, but judgment is not explicit.	focus_5_50_cutoff_100.tsv	95	e1a429b71d2e6f29ec96845668d75e651050c762a3b40f1f1bfd69ab71efe172
reciprocal_nomination	4:113	5:110		medium	5:110	4:113	4:113	cross_surah	label_target_note	ranked_review	Divine grace includes teaching book and wisdom, a general parallel to the given instruction.	focus_5_110_cutoff_100.tsv	43	fae39d4b38c27f28a4e2cc694598cc17c7ab973bd3fff01861f7346b086567e7
reciprocal_counterevidence	4:113	6:6		no value	6:6	4:113	4:113	cross_surah	label_target_note	ranked_review	Tail-audit entry without a focused connection to the argument.	focus_6_6_cutoff_100.tsv	95	bdc3b56e63ad0d23a9321af38f3f0d13fcfdac4eec5cb1e1063f2cc26bb7c93b
reciprocal_nomination	4:113	6:23		weak	6:23	4:113	4:113	cross_surah	label_target_note	ranked_review	Deceptive intent and instruction are too general for the focus.	focus_6_23_cutoff_100.tsv	37	2d77dc17d53257c699d4547087a7adc6db1b61c990f9c7d26b6ce43448334e87
reciprocal_nomination	4:113	6:26		strong	6:26	4:113	4:113	cross_surah	label_target_note	ranked_review	Direct parallel: attempted misguidance harms its agents, not its target.	focus_6_26_cutoff_100.tsv	85	7778598f9cb152ece3e1239582844dfdc05d01fa07a4741d28d9cbef010f6302
reciprocal_nomination	4:113	6:83		medium	6:83	4:113	4:113	cross_surah	label_target_note	ranked_review	Links bestowed book, wisdom, and teaching to resisting misleading claims.	focus_6_83_cutoff_100.tsv	54	2a203d657a4c916e6379dade74959865eabf67320c9776b4dd751685a8082d05
reciprocal_nomination	4:113	6:91		medium	6:91	4:113	4:113	cross_surah	label_target_note	missing_ayah_suggestion	Pairs the sent book with wisdom and divinely taught knowledge.	focus_6_91_cutoff_100.tsv	113	53bdbf4bf8998d65cfe30c4886c367aa2782965eac9646fc5e54230508a0f14b
reciprocal_nomination	4:113	6:114		medium	6:114	4:113	4:113	cross_surah	label_target_note	missing_ayah_suggestion	Pairs the Book and wisdom with divine teaching, secondary to the adjudicative focus.	focus_6_114_cutoff_100.tsv	109	85ff43fa3f3027a6e36dd5a9a62144edba8427a79d31f1a7564edd516b124d2e
reciprocal_nomination	4:113	6:116		medium	6:116	4:113	4:113	cross_surah	label_target_note	ranked_review	Adds that attempted misdirection can rebound on its planners under revealed instruction.	focus_6_116_cutoff_100.tsv	19	f06bc11641afba04e9d7f873f134ebe53c9d3985ec972873915f9b681f7024f7
reciprocal_nomination	4:113	6:120		weak	6:120	4:113	4:113	cross_surah	label_target_note	ranked_review	Self-directed misguidance is only a remote responsibility parallel.	focus_6_120_cutoff_100.tsv	99	bc1f744e84148a8e5ffcb53045545bca1e4a986b5c80439539cd4c44e7f94dbb
reciprocal_nomination	4:113	6:133		weak	6:133	4:113	4:113	cross_surah	label_target_note	ranked_review	Grace and mercy here do not develop divine independence or replacement.	focus_6_133_cutoff_100.tsv	97	e8101c259ac977ecf0ea5eda7fff9d065a3f8cb1ff1d3ae605fa28db76b255d8
reciprocal_nomination	4:113	6:144		medium	6:144	4:113	4:113	cross_surah	label_target_note	ranked_review	Connects revealed knowledge with resisting attempts to mislead.	focus_6_144_cutoff_100.tsv	18	0666fc3523e67ab388369eafb84e013cf359eb02b5369996d0e91de5544f6ea8
reciprocal_nomination	4:113	6:154		medium	6:154	4:113	4:113	cross_surah	label_target_note	missing_ayah_suggestion	The Book and wisdom are taught as a divine gift, a secondary account of Scripture's instructive role.	focus_6_154_cutoff_100.tsv	121	3ab4210dfc353d71859592bf289a53a7420bce1694471bfc9857c74dbeb7e408
reciprocal_nomination	4:113	6:155		medium	6:155	4:113	4:113	cross_surah	label_target_note	missing_ayah_suggestion	The book and wisdom supply a related instructional frame.	focus_6_155_cutoff_100.tsv	112	70716a95339ea0e74e2c73c4a13dedb90d571ba5b8350699ebdf665202b935c0
reciprocal_nomination	4:113	6:156		medium	6:156	4:113	4:113	cross_surah	label_target_note	ranked_review	Kitap ve hikmetle öğretilen bilinmeyen, sapıtma girişimine karşı aydınlatma işlevi gösterir.	focus_6_156_cutoff_100.tsv	42	11ddcfe182f5ae76a8ee02393e1629cf0d9eaeff0abbdef77adca9dea805b2d7
reciprocal_nomination	4:113	7:2		weak	7:2	4:113	4:113	cross_surah	label_target_note	missing_ayah_suggestion	Adds kitab and wisdom teaching but no warning or dhikra function.	focus_7_2_cutoff_100.tsv	108	6a2d260732d3a0af8c24e01999f10e398ebe363c05f5a18ec45a81d168010a11
reciprocal_nomination	4:113	7:62		medium	7:62	4:113	4:113	cross_surah	label_target_note	missing_ayah_suggestion	Attributes teaching of previously unknown knowledge directly to Allah.	focus_7_62_cutoff_100.tsv	102	730a9f32886c8448cc9ede8c528303841fcb9e695fe9c436253fe89846ee2314
reciprocal_nomination	4:113	7:87		medium	7:87	4:113	4:113	cross_surah	label_target_note	ranked_review	A faction's attempted misdirection is checked through revealed guidance and wisdom.	focus_7_87_cutoff_100.tsv	37	75bb10ff5f078f5bf18285103213441a2fb938e5ecf68f86379b777633e1d607
reciprocal_nomination	4:113	7:178		medium	7:178	4:113	4:113	cross_surah	label_target_note	missing_ayah_suggestion	Attempted misguidance returns upon the perpetrators themselves.	focus_7_178_cutoff_100.tsv	110	309c9dce4174979c7ba963b91d90a966b38d1069293fe3ee78cddb78e429fe9b
reciprocal_nomination	4:113	7:186		medium	7:186	4:113	4:113	cross_surah	label_target_note	missing_ayah_suggestion	Misleading effort returns upon its authors, reinforcing self-directed loss.	focus_7_186_cutoff_100.tsv	103	9fbc349dcf9163a73ed489d70a2bbdff9ccac1cadb25429420d22a21dc3cbfba
reciprocal_nomination	4:113	8:18		strong	8:18	4:113	4:113	cross_surah	label_target_note	missing_ayah_suggestion	Describes an attempted misdirection that rebounds only upon its planners.	focus_8_18_cutoff_100.tsv	105	5726bf23a55e0420fd4f8a2732f61eae8654f740089a8ee58c760222d6f67b00
reciprocal_counterevidence	4:113	8:57		no value	8:57	4:113	4:113	cross_surah	label_target_note	ranked_review	Thwarted misguidance and bestowed teaching do not add to the focus.	focus_8_57_cutoff_100.tsv	97	1e9338fd5b68ca67e6343a6f5bca429aec9712276b8a9f64293752c4e1afdc3c
reciprocal_nomination	4:113	8:62		strong	8:62	4:113	4:113	cross_surah	label_target_note	missing_ayah_suggestion	Shows attempted misdirection failing and returning upon its agents.	focus_8_62_cutoff_100.tsv	112	363c9fe2df3f26b54d0c949521f2ba3696449f825852feaca0d8d89669c80176
reciprocal_nomination	4:113	9:26		weak	9:26	4:113	4:113	cross_surah	label_target_note	ranked_review	Divine descent here concerns scripture and teaching, not conflict support.	focus_9_26_cutoff_100.tsv	34	bc02970f295cec0dc330038412ad0619c3c656df14cea926346d80a348312c7f
reciprocal_nomination	4:113	9:44		weak	9:44	4:113	4:113	cross_surah	label_target_note	ranked_review	A hostile group's attempt to mislead is only a broad contextual parallel.	focus_9_44_cutoff_100.tsv	92	6681da65b87072b7d1ddeea7d40e8dc5ecd2bb6516639192388c49be1161b261
reciprocal_nomination	4:113	9:47		medium	9:47	4:113	4:113	cross_surah	label_target_note	missing_ayah_suggestion	A plotting party seeking to mislead is a related internal-threat pattern.	focus_9_47_cutoff_100.tsv	118	3ca0c7869c3766afa184b5934d0ce213d37d3d8f6533490ba8b786f7afc1ce57
reciprocal_nomination	4:113	9:66		medium	9:66	4:113	4:113	cross_surah	label_target_note	ranked_review	A subgroup's attempted misdirection recoils on itself, preserving differentiated responsibility.	focus_9_66_cutoff_100.tsv	45	fc44f0d3163e08e42f3fde978314d92bc3fb095919c2729b5a5965ee88998469
reciprocal_nomination	4:113	9:97		medium	9:97	4:113	4:113	cross_surah	label_target_note	missing_ayah_suggestion	Links the messenger to taught kitab and hikmah, supplying a teaching-side parallel to received hudud.	focus_9_97_cutoff_100.tsv	103	83f1a7c0a74d5a139b404c7b7aeaa22ddb270b4b11063dd75d6977d4eda3e7bb
reciprocal_counterevidence	4:113	9:108		no value	9:108	4:113	4:113	cross_surah	label_target_note	ranked_review	No retained route gives the protection-from-misdirection context a specific focus contribution.	focus_9_108_cutoff_100.tsv	95	e932f2024860005038cb65977921de11d64bdfbb2a8344dacefe3db1814e912d
reciprocal_nomination	4:113	9:122		medium	9:122	4:113	4:113	cross_surah	label_target_note	ranked_review	Book and learned wisdom counter a طائفة's distortion attempt.	focus_9_122_cutoff_100.tsv	57	cbbe3f6b0c9c87b571770895f5eac5b6e4426c3022208e3df93ce0dd95f7ed40
reciprocal_nomination	4:113	9:128		medium	9:128	4:113	4:113	cross_surah	label_target_note	missing_ayah_suggestion	Mercy, scripture, and teaching given to the messenger complement his caring mission.	focus_9_128_cutoff_100.tsv	109	d9e89210c061405a04fedc774557813588c91f13983255b2438729b2d8de8049
reciprocal_nomination	4:113	10:16		medium	10:16	4:113	4:113	cross_surah	label_target_note	missing_ayah_suggestion	أنزل الله عليك الكتاب والحكمة gives a general descent-and-teaching frame.	focus_10_16_cutoff_100.tsv	105	492b4f7b00bcf857c4a4e5d2bba88d3d8c4c9b48db0eca9f754871697fe38e4c
reciprocal_counterevidence	4:113	10:19		no value	10:19	4:113	4:113	cross_surah	label_target_note	ranked_review	No material connection to the focus.	focus_10_19_cutoff_100.tsv	55	701b1c26292ce89f3f1b645ba3d792c8c57824fea2997e66145d7e1ff5a35d33
reciprocal_nomination	4:113	10:39		weak	10:39	4:113	4:113	cross_surah	label_target_note	ranked_review	Only indirectly contrasts received teaching with incomplete human knowledge.	focus_10_39_cutoff_100.tsv	11	e57f558e8779871127b2dc12f0b3c658b01ef43a2d5631cac8201ac053b21cd7
reciprocal_nomination	4:113	10:40		medium	10:40	4:113	4:113	cross_surah	label_target_note	ranked_review	Revelation and taught knowledge frame resistance to misleading influence.	focus_10_40_cutoff_100.tsv	11	e035ea1835accb2c98dd8563612df46ae8f9079858bedef00cb747c54ed73f5c
reciprocal_nomination	4:113	10:58		medium	10:58	4:113	4:113	cross_surah	label_target_note	ranked_review	Grace, mercy, and taught wisdom protect against misdirection, adding an epistemic role.	focus_10_58_cutoff_100.tsv	85	67b5ba9bdc5bd5385df4dfff44e000f8e384a8ba6cd1819b48e2f7024f489bf6
reciprocal_counterevidence	4:113	11:42		no value	11:42	4:113	4:113	cross_surah	label_target_note	ranked_review	No material connection beyond generic wording.	focus_11_42_cutoff_100.tsv	60	55bd6d967333a3a7003195e86fafcaa8e6615bd05b57757186eaa4bcdcbdd9a9
reciprocal_counterevidence	4:113	11:100		no value	11:100	4:113	4:113	cross_surah	label_target_note	ranked_review	No material connection is established.	focus_11_100_cutoff_100.tsv	61	cee0048744eabc23d689a35e6ca2ea4d9acea0bedfc7824df52e184da72fd165
reciprocal_nomination	4:113	11:101		weak	11:101	4:113	4:113	cross_surah	label_target_note	ranked_review	Misleaders harm only themselves, a limited self-consequence parallel.	focus_11_101_cutoff_100.tsv	76	acc4d7e4cf8ec21c2187b55f6badb34122404c19eba5c091d3e6bbe70cf82857
reciprocal_nomination	4:113	12:3		strong	12:3	4:113	4:113	cross_surah	label_target_note	missing_ayah_suggestion	Kitap, hikmet ve bilinmeyenin öğretilmesi, 12:3'teki önceki bilmezliği doğrudan açıklar.	focus_12_3_cutoff_100.tsv	117	95975bf5a443dc61389aadb24e69c7fc87f66c4355eb7563eba3615c02d4f3b2
reciprocal_nomination	4:113	12:5		medium	12:5	4:113	4:113	cross_surah	label_target_note	missing_ayah_suggestion	Describes a faction resolving to mislead, with protection from their scheme.	focus_12_5_cutoff_100.tsv	144	6f3cf894bda13de1951208e177d665f95c2f0d816ee975693e2a8e4a19ba2b23
reciprocal_nomination	4:113	12:8		strong	12:8	4:113	4:113	cross_surah	label_target_note	ranked_review	Bir grubun saptırma tasarısının kendilerine dönmesi, kardeşlerin baba hakkındaki hükmünün tersine dönüş ihtimalini güçlendirir.	focus_12_8_cutoff_100.tsv	96	05aae6508db22f4511090ffe63373e9861f514977d3eb645c6ce31fd55d40fd5
reciprocal_nomination	4:113	12:22		medium	12:22	4:113	4:113	cross_surah	label_target_note	missing_ayah_suggestion	Gift of كتاب and حكمة plus taught unknown knowledge reinforces endowment as divine instruction.	focus_12_22_cutoff_100.tsv	106	8691b0ecd419719da1eb393cbedb6167cb3ed88b39174324020603112cbc6d36
reciprocal_nomination	4:113	12:24		strong	12:24	4:113	4:113	cross_surah	label_target_note	missing_ayah_suggestion	A scheme to mislead is rendered ineffective through divine grace and mercy.	focus_12_24_cutoff_100.tsv	110	d878e1128ff7b2611be0b75ee73bc91c68254554bf0bd3be02c772a3b1ce4eac
reciprocal_nomination	4:113	13:43		medium	13:43	4:113	4:113	cross_surah	label_target_note	missing_ayah_suggestion	Book and wisdom teaching develops the messenger's knowledge basis.	focus_13_43_cutoff_100.tsv	109	98f50c2d9a1db0c5dac2ad2c67c31d9c038e0c31b3fca9239acea0f5fee52c17
reciprocal_nomination	4:113	14:1		medium	14:1	4:113	4:113	cross_surah	label_target_note	missing_ayah_suggestion	The descent of book and wisdom to the messenger supports the enabled-receiver side of the commission.	focus_14_1_cutoff_100.tsv	109	0a11e6937eede7f72bdbe521fe462402a7ef976bb32ebe4b7efc52fcac5674ac
reciprocal_nomination	4:113	14:11		medium	14:11	4:113	4:113	cross_surah	label_target_note	missing_ayah_suggestion	Allah'ın lütfunu elçiye kitap ve hikmet öğretimiyle bağlar.	focus_14_11_cutoff_100.tsv	108	4a6a0a4a7d70ddbf1d15f402300291402cbb34d662a196888a86ff41a3f2027b
reciprocal_nomination	4:113	15:87		medium	15:87	4:113	4:113	cross_surah	label_target_note	ranked_review	Kitap, hikmet ve öğretimin büyük lütuf oluşu, 15:87'deki verilen Kur'an'a yakın bir armağan paraleli sunar.	focus_15_87_cutoff_100.tsv	93	f79a77335658ca644cf0a7c14998774fea841607e78116c9306fe9eb4f51fbbd
reciprocal_nomination	4:113	16:33		weak	16:33	4:113	4:113	cross_surah	label_target_note	ranked_review	Self-directed misguidance is present, but its local interpersonal setting is distant.	focus_16_33_cutoff_100.tsv	76	12fc6e3a463020c7502f546be1f78fb0f96256535a148968b194af249e575a0d
reciprocal_nomination	4:113	16:43		strong	16:43	4:113	4:113	cross_surah	label_target_note	missing_ayah_suggestion	Kitap ve hikmetin indirilmesiyle bilinmeyenin öğretilmesini ekler; vahiy yoluyla bilginin kaynaklandığını doğrudan gösterir.	focus_16_43_cutoff_100.tsv	114	693b3262303063b12e526e11de6f7110b3b8c85688f9524e27f0a9a58a9484c2
reciprocal_nomination	4:113	16:44		medium	16:44	4:113	4:113	cross_surah	label_target_note	missing_ayah_suggestion	Kitap ve hikmet öğretimini peygambere verilen bilgiyle bağlar.	focus_16_44_cutoff_100.tsv	116	37eeed808588c64bf3dbc5d9b43ac7a903fba114318919465540f7565cbbac45
reciprocal_nomination	4:113	16:64		medium	16:64	4:113	4:113	cross_surah	label_target_note	missing_ayah_suggestion	Connects the taught book and wisdom to the Messenger's discernment.	focus_16_64_cutoff_100.tsv	105	4e190e7e5feb90111b64e9a941ed989b993e97c3908bb1b197397d559cb72345
reciprocal_nomination	4:113	16:70		medium	16:70	4:113	4:113	cross_surah	label_target_note	missing_ayah_suggestion	States direct teaching of what was previously unknown.	focus_16_70_cutoff_100.tsv	103	0d0f15801639a94c9f34954531f2940b84d82d89d5d422bc4178d9c78732d584
reciprocal_nomination	4:113	16:89		medium	16:89	4:113	4:113	cross_surah	label_target_note	ranked_review	Adds book, wisdom, and taught knowledge to the messenger's reception.	focus_16_89_cutoff_100.tsv	46	d955b29a530219c2d2a8bec34896543bc5756449ae22b493e6e588668a208c05
reciprocal_nomination	4:113	16:103		medium	16:103	4:113	4:113	cross_surah	label_target_note	missing_ayah_suggestion	The Book's sending and divine teaching supply a secondary source-and-instruction frame.	focus_16_103_cutoff_100.tsv	167	26c7e41e6fa9a1c5048e344691b5c652b2ce790ea5396d0602f97b73014c76c8
reciprocal_nomination	4:113	16:118		weak	16:118	4:113	4:113	cross_surah	label_target_note	ranked_review	Self-directed misguidance offers a limited agency parallel.	focus_16_118_cutoff_100.tsv	71	f568fdb615532a0a08196a19075961e2357b6f91dad0ac3a995a2ca3f76b3928
reciprocal_nomination	4:113	17:2		medium	17:2	4:113	4:113	cross_surah	label_target_note	missing_ayah_suggestion	Pairs Book and wisdom with divine teaching, supporting the instructional role of revelation.	focus_17_2_cutoff_100.tsv	107	23f49948e693c45fdbf0269ddd8fcf496351be6d75d11a0b0677cc0cf8b78cfb
reciprocal_nomination	4:113	17:39		strong	17:39	4:113	4:113	cross_surah	label_target_note	missing_ayah_suggestion	States that the Book and wisdom were sent down and taught to the addressee.	focus_17_39_cutoff_100.tsv	105	5567e33651a0b2e69652dcd003142dfbd69855f37b5d16b8b579aa2a94281f97
reciprocal_nomination	4:113	17:55		medium	17:55	4:113	4:113	cross_surah	label_target_note	missing_ayah_suggestion	Kitab and hikmah given to the Prophet add a direct bestowal parallel.	focus_17_55_cutoff_100.tsv	109	16fc4cdab29c29c9598e43178d27d82a7d55484a91f44ca92fc0e42e023f8b17
reciprocal_nomination	4:113	17:73		strong	17:73	4:113	4:113	cross_surah	label_target_note	missing_ayah_suggestion	Bir grubun elçiyi saptırma tasarısı ile ilahi koruma karşı karşıya gelir; 17:73-74 dizisini doğrudan yankılar.	focus_17_73_cutoff_100.tsv	110	6763fb9182cb533cc2c2886dfd1521243914749270b8669438c0cdf39ce713d7
reciprocal_nomination	4:113	17:74		strong	17:74	4:113	4:113	cross_surah	label_target_note	missing_ayah_suggestion	Divine grace blocks a group's attempt to mislead the addressee.	focus_17_74_cutoff_100.tsv	110	36fe3e00bbbf08237582f99c7abcd76111fd498474a36d1fe9e322a08eb65d87
reciprocal_nomination	4:113	17:82		medium	17:82	4:113	4:113	cross_surah	label_target_note	ranked_review	Mercy and a revealed book counter deceptive self-misdirection.	focus_17_82_cutoff_100.tsv	93	9d79100c142c437e7bd4be5c80db956372225ef85efe43d00907956e51e6b903
reciprocal_nomination	4:113	17:86		strong	17:86	4:113	4:113	cross_surah	label_target_note	missing_ayah_suggestion	Grace, protection from pressure, bestowed Book-and-wisdom, and prior unknowing closely parallel 17:73-87.	focus_17_86_cutoff_100.tsv	104	541bafcff2cec939db90a553a8d63f7d6bbb710913adb44d6c469a04a98b45ad
reciprocal_nomination	4:113	17:87		strong	17:87	4:113	4:113	cross_surah	label_target_note	ranked_review	Directly combines favor upon the recipient, Book, wisdom, protection, and great favor.	focus_17_87_cutoff_100.tsv	69	c38d785e3c3c50e6da1a3a77d448709ee70e8f0821cfa2c54a6eea5db96612d2
reciprocal_nomination	4:113	17:100		medium	17:100	4:113	4:113	cross_surah	label_target_note	ranked_review	Mercy and favor prevent harm and enable knowledge, a secondary protective form of divine giving.	focus_17_100_cutoff_100.tsv	93	5895505f37e4b112603ea30cff4db6ce472edae65d7c238bfb321c94ebbccf28
reciprocal_nomination	4:113	17:105		medium	17:105	4:113	4:113	cross_surah	label_target_note	missing_ayah_suggestion	Links the descent of the Book and wisdom to the messenger's divinely taught knowledge.	focus_17_105_cutoff_100.tsv	105	25d8620457be0c81c84203fcfb8cdaf0b63bfe0d1febf68d48b8c9214846433c
reciprocal_nomination	4:113	18:19		medium	18:19	4:113	4:113	cross_surah	label_target_note	ranked_review	Granted knowledge and protection from a plot support a secondary guarded-care reading.	focus_18_19_cutoff_100.tsv	95	e18976345003341032d787e31133b26201aa7935c916be72d26fb6f60859874b
reciprocal_nomination	4:113	18:51		medium	18:51	4:113	4:113	cross_surah	label_target_note	ranked_review	God teaches the Prophet what he did not know and frustrates those seeking to mislead him.	focus_18_51_cutoff_100.tsv	31	01964eaba175460cfb94cc9bd2d41ec9197808dd941c14cf06b660ee07b1f9e5
reciprocal_nomination	4:113	18:65		strong	18:65	4:113	4:113	cross_surah	label_target_note	missing_ayah_suggestion	God teaches the Prophet the Book and wisdom and describes His favor as immense.	focus_18_65_cutoff_100.tsv	108	85c9a52d05b5f4864f7c5ae394af1326136a47d38a362b2eaf8843c819959659
reciprocal_nomination	4:113	18:66		medium	18:66	4:113	4:113	cross_surah	label_target_note	missing_ayah_suggestion	God teaches the Prophet what he did not know, closely supporting knowledge as divinely bestowed rather than self-generated.	focus_18_66_cutoff_100.tsv	104	74fae82d42980a3ad0bebe1a89700cf32ed40fe723687a4c05e7de45f4dc74c2
reciprocal_nomination	4:113	19:12		medium	19:12	4:113	4:113	cross_surah	label_target_note	missing_ayah_suggestion	God teaches a messenger the Book and wisdom, a personal-prophetic parallel to Yahya's divinely given judgment.	focus_19_12_cutoff_100.tsv	104	6799f0146a0467b13fca51611267a9188ef838ec727f8699a736158dc5fb7b1e
reciprocal_counterevidence	4:113	19:25		no value	19:25	4:113	4:113	cross_surah	label_target_note	ranked_review	Concerns favor and teaching to the Prophet, not the palm scene.	focus_19_25_cutoff_100.tsv	75	504d3b66fc131baebd26f23c7d0376f06e25761d9a52b956cfa1672741ef5e21
reciprocal_counterevidence	4:113	19:65		no value	19:65	4:113	4:113	cross_surah	label_target_note	ranked_review	Divine favor, teaching, and protection of the Prophet lack a specific neighbour relation here.	focus_19_65_cutoff_100.tsv	52	68395421ee5cde86ec67da8be809af7f5ab1ea3e0db9ae5f192c1fea13b5ec22
reciprocal_nomination	4:113	20:2		strong	20:2	4:113	4:113	cross_surah	label_target_note	missing_ayah_suggestion	God's favor to the Prophet includes sending down the Book and wisdom and teaching what he did not know, directly opposing a harmful purpose.	focus_20_2_cutoff_100.tsv	104	43ab71ba8aae3db97d893120302807f9239aab370c4792d3f266513dc8387941
reciprocal_nomination	4:113	20:4		medium	20:4	4:113	4:113	cross_surah	label_target_note	missing_ayah_suggestion	God's sending down of the Book and wisdom directly supports the focus's revelatory claim.	focus_20_4_cutoff_100.tsv	169	114d7db5dc33045c69237a6c22d0347d574589a36251de7bd9403a636221c069
reciprocal_counterevidence	4:113	20:7		no value	20:7	4:113	4:113	cross_surah	label_target_note	ranked_review	Instruction and protection of the Prophet do not specifically concern hidden speech.	focus_20_7_cutoff_100.tsv	26	bf4a5f54c9af97256bb757e8d99f43b0d20bdf9f4bb36a2f786ee671051945ce
reciprocal_nomination	4:113	20:38		medium	20:38	4:113	4:113	cross_surah	label_target_note	missing_ayah_suggestion	Links revealed book and wisdom with knowledge the messenger could not otherwise possess.	focus_20_38_cutoff_100.tsv	114	972c46b9f907f64b7cdb0e651a9f8e8971e560f74ac763c84d08f9bbc7bc5d23
reciprocal_nomination	4:113	20:85		weak	20:85	4:113	4:113	cross_surah	label_target_note	ranked_review	An attempted misguidance that cannot harm the Prophet offers a limited contrast to the Samiri's effect on Musa's people.	focus_20_85_cutoff_100.tsv	96	133802bd45a7d3e30024bea756440949ec0e1d0b6d884f14a62f9552bdf96d91
reciprocal_nomination	4:113	20:110		weak	20:110	4:113	4:113	cross_surah	label_target_note	ranked_review	Knowledge granted to the Prophet is a particular gift, not comprehensive divine knowledge.	focus_20_110_cutoff_100.tsv	38	766b431cd04a48d11764cef061e984f23e14812c399fcb49a62b3b44d3b3503e
reciprocal_nomination	4:113	20:111		weak	20:111	4:113	4:113	cross_surah	label_target_note	ranked_review	Divine teaching and protection from misguidance relate only broadly to the knowledge surrounding the focus's scene.	focus_20_111_cutoff_100.tsv	65	e1a369d7448109d7ee98a8a0d39a301b34ce931b02981b77bec79bd313d28a89
reciprocal_counterevidence	4:113	20:129		no value	20:129	4:113	4:113	cross_surah	label_target_note	ranked_review	Divine favor, revelation, and instruction to the Prophet do not clarify the appointed delay.	focus_20_129_cutoff_100.tsv	85	4f2e67d0bbc6c12f83f3ac4140d17a1dba6ee96afe8e8d06eb1424d9d2d7797f
reciprocal_nomination	4:113	21:10		medium	21:10	4:113	4:113	cross_surah	label_target_note	missing_ayah_suggestion	The gift of the Book and wisdom to the messenger supplies a broad source-and-teaching frame for the focus.	focus_21_10_cutoff_100.tsv	106	b5c9c6ac57929dc510501026da8f2341ed8279656205547c96aad295d2b43555
reciprocal_counterevidence	4:113	21:77		no value	21:77	4:113	4:113	cross_surah	label_target_note	ranked_review	Protection from a hostile group's plot does not illuminate the Noah-specific judgment pattern.	focus_21_77_cutoff_100.tsv	95	970932bd92cf3e6ebdebbe6ac36e4e8b75518296060564ce503ad97dd2cf234f
reciprocal_nomination	4:113	21:82		medium	21:82	4:113	4:113	cross_surah	label_target_note	ranked_review	Allah'ın peygambere lütufla koruması ve öğretmesi, ilahi himaye temasını dolaylı biçimde paylaşır.	focus_21_82_cutoff_100.tsv	92	67157c681f2857c5e2ef68e205e56b301904cb59849a0c7dd39a9f30f7c51e99
reciprocal_counterevidence	4:113	21:110		no value	21:110	4:113	4:113	cross_surah	label_target_note	ranked_review	The teaching of the messenger does not clarify the open-hidden knowledge contrast.	focus_21_110_cutoff_100.tsv	38	e2416c9bd77c0e83405f8e0b698c3e03df2eb7e13e1f8cd49c58789c0b2f6cb6
reciprocal_nomination	4:113	22:16		medium	22:16	4:113	4:113	cross_surah	label_target_note	missing_ayah_suggestion	It joins the sending down of Book and wisdom with teaching what was previously unknown.	focus_22_16_cutoff_100.tsv	108	7f2822304a5af1a126e2c7ddb724d8f9ea1aed45322fce0da2fee1659b485332
reciprocal_counterevidence	4:113	24:2		no value	24:2	4:113	4:113	cross_surah	label_target_note	ranked_review	Protection from deception through revelation does not materially clarify the fixed penalty or its witnesses.	focus_24_2_cutoff_100.tsv	48	9bdfc890b33c4e5a3c3d1797e3772375497d1b00ec770eadbf2bc36b1155832a
reciprocal_nomination	4:113	24:10		strong	24:10	4:113	4:113	cross_surah	label_target_note	ranked_review	فضل/رحمة interrupt a planned misguidance, while book and حكمة provide the protective discernment.	focus_24_10_cutoff_100.tsv	10	e1eafccf0cca3165538576f2982f0ad206df426c3bf58a79618ee07d76c510e7
reciprocal_nomination	4:113	24:12		medium	24:12	4:113	4:113	cross_surah	label_target_note	missing_ayah_suggestion	Describes a group trying to mislead through a case while ultimately harming only themselves, a relevant consequence for false accusers.	focus_24_12_cutoff_100.tsv	114	35499a12dec8e7182d37fd58e1d7e32efffec5428ec654ac0fa4229122683847
reciprocal_nomination	4:113	24:14		strong	24:14	4:113	4:113	cross_surah	label_target_note	ranked_review	Lutuf ve rahmetin bir zarar verici girisimi engellemesi, 24:14'teki koruyucu kosullu yapinin yakin paralelidir.	focus_24_14_cutoff_100.tsv	13	7f28131936beea9f39f56050aa036b2935dd813c894432ad2c0ad59ade4613d2
reciprocal_nomination	4:113	24:20		strong	24:20	4:113	4:113	cross_surah	label_target_note	ranked_review	The same formula identifies favor and mercy as preventing a harmful social misdirection.	focus_24_20_cutoff_100.tsv	7	b73d87223e22ee2a9580c006daebe79c48f7c1e1e4ac1dfa60598e93ef641fee
reciprocal_nomination	4:113	24:21		medium	24:21	4:113	4:113	cross_surah	label_target_note	ranked_review	God's grace and mercy prevent attempted misguidance, a close protective parallel.	focus_24_21_cutoff_100.tsv	31	5037c4fe625206c95ed71865e5630404a2c96576f85cc4d35c6521c8143b9665
reciprocal_nomination	4:113	24:54		weak	24:54	4:113	4:113	cross_surah	label_target_note	ranked_review	Mentions the Book and wisdom given to the Messenger, but not his delivery duty.	focus_24_54_cutoff_100.tsv	97	562187cd987c2f32dee6433e0d403f4bd621316a16e2ee417fa5efe19285defa
reciprocal_nomination	4:113	25:6		strong	25:6	4:113	4:113	cross_surah	label_target_note	missing_ayah_suggestion	God sent down the Book and wisdom and taught the messenger what he did not know.	focus_25_6_cutoff_100.tsv	104	dd872585252249bc19e059eecf2b76fe0240c959dddd1e88db034bdf34e4e4e4
reciprocal_nomination	4:113	25:58		medium	25:58	4:113	4:113	cross_surah	label_target_note	missing_ayah_suggestion	It explicitly declares God sufficient as guardian, directly paralleling the focus's sufficient-guardian language.	focus_25_58_cutoff_100.tsv	104	da9bacc15ec4fa98a2cbb4a29f95367e8cca2fe0d44ab659b6991f79683ad209
reciprocal_counterevidence	4:113	25:64		no value	25:64	4:113	4:113	cross_surah	label_target_note	ranked_review	Its protection from a plot does not materially clarify night standing or prostration.	focus_25_64_cutoff_100.tsv	11	316281f2fc6db7a734d805ef23ff4a332e587098c348326bfee0034017a0ec66
reciprocal_nomination	4:113	26:27		weak	26:27	4:113	4:113	cross_surah	label_target_note	ranked_review	The attempt to mislead the Prophet and the gift of revelation offer only a distant contrast.	focus_26_27_cutoff_100.tsv	83	9610a8b366e20ea0dd7621857e9d9fdfc512308d1ea909dc5961e8664ae6942a
reciprocal_counterevidence	4:113	26:64		no value	26:64	4:113	4:113	cross_surah	label_target_note	ranked_review	The attempted misguidance and divine teaching do not clarify the sea-side reversal.	focus_26_64_cutoff_100.tsv	44	e8451b5b08e7ad9816577e0bf3e53d40c97a6540237d0fd49edb81d6ff7beda1
reciprocal_nomination	4:113	26:136		weak	26:136	4:113	4:113	cross_surah	label_target_note	ranked_review	No direct warning-equality or denial-ending contribution.	focus_26_136_cutoff_100.tsv	77	c2679f3ba2a467a4b0e57e93c9105f5c50d6e4bf3da4cefb33d518bf225a9604
reciprocal_nomination	4:113	26:194		medium	26:194	4:113	4:113	cross_surah	label_target_note	missing_ayah_suggestion	God's sending down of the Book and wisdom to the Prophet gives a direct revelation-to-recipient parallel.	focus_26_194_cutoff_100.tsv	117	3861c35ef26af1bb3b0dec5092d1598bc022f457fe9a3cb745905cf55d92bd55
reciprocal_nomination	4:113	26:210		strong	26:210	4:113	4:113	cross_surah	label_target_note	missing_ayah_suggestion	God's sending down of the Book and wisdom to the messenger directly establishes divine origin.	focus_26_210_cutoff_100.tsv	104	2be65f7f745e769bd4860889649d20cdad21481f0835a0ef772ace9384460e75
reciprocal_nomination	4:113	27:6		strong	27:6	4:113	4:113	cross_surah	label_target_note	missing_ayah_suggestion	It explicitly joins God's sending of the Book and wisdom to the Prophet's divinely given knowledge.	focus_27_6_cutoff_100.tsv	103	317b2b920236210b78af13c7c934dae70db3248d9cb79f697740424663324973
reciprocal_nomination	4:113	27:14		weak	27:14	4:113	4:113	cross_surah	label_target_note	ranked_review	Those seeking to mislead harm only themselves, with a distant self-wronging link.	focus_27_14_cutoff_100.tsv	97	85e2efbffc49686cf0b6024f4a1bf3d7945fbaaab5a1281267329746184de008
reciprocal_nomination	4:113	27:15		strong	27:15	4:113	4:113	cross_surah	label_target_note	missing_ayah_suggestion	Allah'ın Peygambere kitap ve hikmet öğretmesiyle fazlını anması, bilgi bağışı ile ilahî lütfu doğrudan birleştirir.	focus_27_15_cutoff_100.tsv	107	361a1fa32eca5727a54233a7addc0a1faddca15651ed9dd10a376601bfdb0e8e
reciprocal_nomination	4:113	27:25		weak	27:25	4:113	4:113	cross_surah	label_target_note	ranked_review	The concealed plotting context is only a remote parallel to the focus's hidden-public axis.	focus_27_25_cutoff_100.tsv	29	4684fdf8b1aabc6e93f7264a134f2091e76c7e0f1fcb1d553abc5fc7b15a1fc9
reciprocal_nomination	4:113	27:40		strong	27:40	4:113	4:113	cross_surah	label_target_note	missing_ayah_suggestion	God's favor includes teaching from the Book and wisdom, directly framing knowledge as an unowed gift.	focus_27_40_cutoff_100.tsv	112	93401445d8e876ad36b6af3a201fbe8368cd8e6b75bea63cbe0ff0c318746680
reciprocal_nomination	4:113	27:48		weak	27:48	4:113	4:113	cross_surah	label_target_note	ranked_review	A group's attempted deception offers a loose conspiracy parallel.	focus_27_48_cutoff_100.tsv	35	73da11677c5471dc4311ef7d48a1d46e7a43d2d5ff1cf17f770cbf4525562bf4
reciprocal_counterevidence	4:113	27:83		no value	27:83	4:113	4:113	cross_surah	label_target_note	ranked_review	Its attempted deception and instruction to the Prophet do not materially clarify the focus's final mustering.	focus_27_83_cutoff_100.tsv	32	6c63286609daa5f3c11f5faf8da5fb8920dcbc1f62addd990fee94f25f677f5b
reciprocal_nomination	4:113	27:84		medium	27:84	4:113	4:113	cross_surah	label_target_note	ranked_review	God teaches the Messenger what he did not know, emphasizing that knowledge is granted rather than presumed.	focus_27_84_cutoff_100.tsv	35	ae2142ac4be91171b3f6d08ee824de3806b3cc87f4d5606d9eb3a031a3fb8468
reciprocal_nomination	4:113	27:85		weak	27:85	4:113	4:113	cross_surah	label_target_note	ranked_review	Divine teaching and protection from a misleading group only remotely concern the focus's final interrogation.	focus_27_85_cutoff_100.tsv	38	81f5eb8111e560341f4cd9bf3e6c26680c66656a6130cb87769b66dd18059680
reciprocal_nomination	4:113	28:14		medium	28:14	4:113	4:113	cross_surah	label_target_note	ranked_review	Links the Book, wisdom, and taught knowledge with protection from attempted misguidance.	focus_28_14_cutoff_100.tsv	69	1afbdd7ff83fe23d896f379cae012b74752ce19fefa60643db2fc785d98c7a6b
reciprocal_nomination	4:113	28:17		medium	28:17	4:113	4:113	cross_surah	label_target_note	missing_ayah_suggestion	God's favor protects the Messenger from a group's attempted misguidance, linking received mercy to resistance against wrongful pressure.	focus_28_17_cutoff_100.tsv	105	17e191f9049965a714b950c16adf4ec749db9c78cf619b285a420c53651b0e70
reciprocal_nomination	4:113	28:49		medium	28:49	4:113	4:113	cross_surah	label_target_note	missing_ayah_suggestion	God teaches the messenger the Book and wisdom, supporting revelation as an authoritative knowledge source.	focus_28_49_cutoff_100.tsv	168	b64c7dc13e0f8ed8d20b82f3c8ee85c20a52c920cef0d9c4db808a7e43394d2f
reciprocal_counterevidence	4:113	28:61		no value	28:61	4:113	4:113	cross_surah	label_target_note	ranked_review	Divine protection and teaching of the Prophet do not clarify the promised meeting or worldly enjoyment.	focus_28_61_cutoff_100.tsv	97	04cc367f77bc292160a8494f65cb98e45563ae8afffc838dc171be4cb00e72c8
reciprocal_nomination	4:113	28:69		weak	28:69	4:113	4:113	cross_surah	label_target_note	ranked_review	Ilahi ogretim, insanlari saptirma niyetlerine karsi korur; gizli-acik bilgiyle ancak dolayli bag kurar.	focus_28_69_cutoff_100.tsv	34	d243569bfa5fb170ed8e2cd8d4f8b0b905e6015c053c535d893aa1b03cfd8731
reciprocal_nomination	4:113	28:86		strong	28:86	4:113	4:113	cross_surah	label_target_note	missing_ayah_suggestion	God's favor includes sending down the Book and wisdom and teaching what the recipient did not know.	focus_28_86_cutoff_100.tsv	118	09bd772aa3bdd1f812093ab747e9200b96fe1d47803e3c24dee5e660ae38f03a
reciprocal_counterevidence	4:113	29:18		no value	29:18	4:113	4:113	cross_surah	label_target_note	ranked_review	The teaching and protection granted to the Prophet do not address prior nations or the delivery limit.	focus_29_18_cutoff_100.tsv	91	7fc8e2e0af9b0dcad365bf546852a821f7ea922d932ab67ef181f7ed8435e7da
reciprocal_nomination	4:113	29:46		weak	29:46	4:113	4:113	cross_surah	label_target_note	ranked_review	The Book and wisdom given to the Prophet are relevant to revelation, but not to dialogue with the People of the Book.	focus_29_46_cutoff_100.tsv	70	5ee464c22a9eb86f80c035960266124c4c26c67ff39659612c508cb3122ee7f1
reciprocal_nomination	4:113	29:48		medium	29:48	4:113	4:113	cross_surah	label_target_note	missing_ayah_suggestion	God's sending down of the Book and wisdom, together with teaching what was not known, supports revelation as bestowed knowledge.	focus_29_48_cutoff_100.tsv	142	f30032a1697578083d56ed6ebfb416162d0ecdb28b47da9c8c5206456aaa9c1a
reciprocal_nomination	4:113	30:53		weak	30:53	4:113	4:113	cross_surah	label_target_note	ranked_review	The attempted misguidance of the Prophet and divine instruction are only a broad parallel to guidance and error.	focus_30_53_cutoff_100.tsv	95	6327a5538475eb86d17f429ffcfb1c06f3511b216d76dd0237a232883bfb7577
reciprocal_nomination	4:113	31:2		strong	31:2	4:113	4:113	cross_surah	label_target_note	missing_ayah_suggestion	The Book and wisdom are revealed together and teach what was not known, directly developing the focus's paired terms.	focus_31_2_cutoff_100.tsv	104	c89baa6b698d434a35fd18ec552278a4f23f453c7ec9dbd2e072110114acda0a
reciprocal_nomination	4:113	31:6		medium	31:6	4:113	4:113	cross_surah	label_target_note	missing_ayah_suggestion	Reports an attempted effort to lead the messenger astray, preserving the agency of would-be misleaders.	focus_31_6_cutoff_100.tsv	106	290ec73130c420af009c9dcb7898db463a0eb21cc67cab90416015db1c115c58
reciprocal_nomination	4:113	31:12		medium	31:12	4:113	4:113	cross_surah	label_target_note	missing_ayah_suggestion	God's favor includes teaching the Book and wisdom, directly supporting wisdom as received grace.	focus_31_12_cutoff_100.tsv	110	af18f317d52f8eb7b6e25983c9e09ba93454af62b43f3872b35a9af1ad7a20fd
reciprocal_nomination	4:113	32:17		weak	32:17	4:113	4:113	cross_surah	label_target_note	ranked_review	God teaching what was unknown gives only a broad contrast with the unknown reward.	focus_32_17_cutoff_100.tsv	85	d2d3ee068385ed17f2f03d4a5b67c6b095316c1f429529b56ab953e3114cca30
reciprocal_nomination	4:113	33:26		weak	33:26	4:113	4:113	cross_surah	label_target_note	ranked_review	A plotting party cannot mislead the Prophet and God sends him the Book; it gives broad opposition context only.	focus_33_26_cutoff_100.tsv	79	88a3c3c76455d861b6ccc09d1676d6062de7694f08fefab73921da3db5cc7bee
reciprocal_nomination	4:113	33:34		strong	33:34	4:113	4:113	cross_surah	label_target_note	missing_ayah_suggestion	It directly states that God revealed the Book and wisdom and taught them to the Messenger.	focus_33_34_cutoff_100.tsv	105	8aa8f83d782ebe7876a99ebb0c8c7c7c66fa3e4d24d1b5df2a2545dc3c0c146b
reciprocal_nomination	4:113	33:48		strong	33:48	4:113	4:113	cross_surah	label_target_note	missing_ayah_suggestion	It describes an attempted misguidance of the Prophet and God's protection, directly paralleling resistance to hostile influence.	focus_33_48_cutoff_100.tsv	111	56dfab1818ce001cd8d54a7c204acfd77088c9fc7f29cb4758db5c7a97c3154a
reciprocal_nomination	4:113	35:32		strong	35:32	4:113	4:113	cross_surah	label_target_note	missing_ayah_suggestion	Describes Allah's favor in sending down the Book and wisdom and teaching what was previously unknown.	focus_35_32_cutoff_100.tsv	111	4fdb4cf48aa957adc5f4057e5c1610c4d1bfd6e4eb14e63f02ef65dc6a60883c
reciprocal_nomination	4:113	36:2		medium	36:2	4:113	4:113	cross_surah	label_target_note	missing_ayah_suggestion	God sends down the Book and wisdom to the messenger, directly pairing revelation and wisdom.	focus_36_2_cutoff_100.tsv	112	250e883ef1b8a8074a9fa8dea337f35d15309b9c0905d86c7e2adfacdddf3971
reciprocal_nomination	4:113	37:32		medium	37:32	4:113	4:113	cross_surah	label_target_note	missing_ayah_suggestion	It states that a scheming group seeks to mislead the Prophet but ultimately misleads only itself.	focus_37_32_cutoff_100.tsv	105	92d0cd44a04822024b2abefc9d25a074be24e2312242b7003c99b83a63a7b080
reciprocal_nomination	4:113	37:161		medium	37:161	4:113	4:113	cross_surah	label_target_note	ranked_review	The attempted misguidance that harms only its agents gives a limited parallel to failed seduction.	focus_37_161_cutoff_100.tsv	99	1ea2603bbb6e52cd0f77d8cbb5af1923ee20a1915f467117b9dc0fa9e0d10930
reciprocal_nomination	4:113	37:182		weak	37:182	4:113	4:113	cross_surah	label_target_note	ranked_review	God's grace, revelation, and teaching support divine beneficence but do not develop praise.	focus_37_182_cutoff_100.tsv	100	90da88efcd4618649d700ff5875b1c6078011214f2305d0e58d358202182f7ae
reciprocal_nomination	4:113	38:9		strong	38:9	4:113	4:113	cross_surah	label_target_note	ranked_review	Divine favor and mercy grant the Messenger the Book, wisdom, and previously unknown knowledge, directly answering objections to his selection.	focus_38_9_cutoff_100.tsv	97	e02cb231f3514b61e1bdcfe99b916004464a384c6f7d6422955acdb00a2e758c
reciprocal_nomination	4:113	38:22		medium	38:22	4:113	4:113	cross_surah	label_target_note	missing_ayah_suggestion	God's teaching of the Book and wisdom to the Messenger provides a broad basis for sound judgment.	focus_38_22_cutoff_100.tsv	130	ec08e88ec72d76c398e75899e2d97944160151cc2bc15e759cd4c52d91b4ebf1
reciprocal_nomination	4:113	38:26		strong	38:26	4:113	4:113	cross_surah	label_target_note	ranked_review	An attempt to mislead is defeated by the book and wisdom granted for sound judgment.	focus_38_26_cutoff_100.tsv	61	c190410e9b9107e6d50e5f22add65d1c2ff8e062df6de9889d4e1f6ed338150b
reciprocal_nomination	4:113	38:29		medium	38:29	4:113	4:113	cross_surah	label_target_note	missing_ayah_suggestion	The Book and wisdom are sent down as divinely taught understanding.	focus_38_29_cutoff_100.tsv	107	7a83093a8d77e423ae46ba571b544af7b4a83c270f3500814637d2a1ddc783f7
reciprocal_nomination	4:113	38:70		medium	38:70	4:113	4:113	cross_surah	label_target_note	ranked_review	Divine teaching through book and wisdom supplies a broader instance of received knowledge.	focus_38_70_cutoff_100.tsv	99	f1b8a93d21b7b8bfa66fcdc4955e705067d1f97d9ba41b89776b993c7fb80cd3
reciprocal_nomination	4:113	40:2		medium	40:2	4:113	4:113	cross_surah	label_target_note	missing_ayah_suggestion	Allah's teaching of the Book and wisdom gives revelation an operative judicial role.	focus_40_2_cutoff_100.tsv	112	3679dca534de7820af370a9f211fb1379f7eb631aaaaa8aeec73276a114583c8
reciprocal_nomination	4:113	40:25		medium	40:25	4:113	4:113	cross_surah	label_target_note	missing_ayah_suggestion	A party intends to lead the messenger astray but only misleads itself, closely echoing f02's recoil.	focus_40_25_cutoff_100.tsv	104	52b3e9af9e80a2da836b6efa19068ce2da47f63f44b335a0bf21e58f65f7a3b5
reciprocal_nomination	4:113	40:54		strong	40:54	4:113	4:113	cross_surah	label_target_note	missing_ayah_suggestion	Pairs the sent Book and wisdom with teaching what was previously unknown.	focus_40_54_cutoff_100.tsv	106	b7916caf7567c7a3fba45bdc6f3bf1142ab07c47f82ee6632e8eeea9f2d2da10
reciprocal_nomination	4:113	41:2		medium	41:2	4:113	4:113	cross_surah	label_target_note	missing_ayah_suggestion	It states that God sent down the Book and wisdom to the messenger and taught what he did not know.	focus_41_2_cutoff_100.tsv	107	98bde4df55b7166d8b22265526b1bfefda26c33659ac544e35584a66c0864307
reciprocal_nomination	4:113	42:14		medium	42:14	4:113	4:113	cross_surah	label_target_note	ranked_review	Book and wisdom protect against attempted misguidance, broadly countering the focus's doubtful inheritance.	focus_42_14_cutoff_100.tsv	100	6a65db420eba41b806b6f01e244772b92205832f9594b24f5089abcf48b2b7e3
reciprocal_counterevidence	4:113	42:50		no value	42:50	4:113	4:113	cross_surah	label_target_note	ranked_review	Revelation, wisdom, and protection from deception do not clarify reproductive capacity.	focus_42_50_cutoff_100.tsv	93	01f38a62709398be24ee364cb8a24205112a780d9f31e599b7e3c85f1a6d948d
reciprocal_nomination	4:113	42:51		strong	42:51	4:113	4:113	cross_surah	label_target_note	missing_ayah_suggestion	God sends down the Book and wisdom to the Prophet and teaches what he did not know.	focus_42_51_cutoff_100.tsv	105	0bdc3ac3f56dc0a64e0e95721dfada826682c114a9dfa41d90884c44b8c0cace
reciprocal_nomination	4:113	42:52		strong	42:52	4:113	4:113	cross_surah	label_target_note	missing_ayah_suggestion	God teaches the prophet the Book and wisdom, including what he did not previously know.	focus_42_52_cutoff_100.tsv	101	24832fc03838e7aec95901bc28ff1729a30cbab68eb218334e082b3814304406
reciprocal_nomination	4:113	43:41		weak	43:41	4:113	4:113	cross_surah	label_target_note	ranked_review	God's protection and instruction of the messenger provide only a distant background to his continued mission.	focus_43_41_cutoff_100.tsv	95	2206d4ecc70e81bcebf920d890e10c40142aab0e50b9cc79272df020a23dd40e
reciprocal_nomination	4:113	43:63		medium	43:63	4:113	4:113	cross_surah	label_target_note	missing_ayah_suggestion	God teaches the messenger the Book and wisdom, supplying a direct wisdom parallel.	focus_43_63_cutoff_100.tsv	107	75b8095404437ea92747033369593972dc75655ce7c2c648140ca1be28bfe2df
reciprocal_nomination	4:113	43:76		medium	43:76	4:113	4:113	cross_surah	label_target_note	ranked_review	Those who plan to mislead the Prophet mislead only themselves, closely paralleling self-directed harm.	focus_43_76_cutoff_100.tsv	91	4d91b2ef8a1e90492a3f3751c8b55c11fc07d784ee6dd72195127760c3d9bbde
reciprocal_nomination	4:113	43:79		medium	43:79	4:113	4:113	cross_surah	label_target_note	missing_ayah_suggestion	A group intends to mislead the messenger, but their scheme ultimately harms only themselves under divine protection.	focus_43_79_cutoff_100.tsv	105	2dbe9c1a9229b3c963fbe79e01b05486a88a38285f0303b9464250d5b6cb50c6
reciprocal_nomination	4:113	43:84		weak	43:84	4:113	4:113	cross_surah	label_target_note	ranked_review	Divinely given wisdom and knowledge support those attributes only indirectly, without the focus's cosmic divinity.	focus_43_84_cutoff_100.tsv	33	49bd2dbb62f22647ad82ae3c26c3df23a10ae083981a32eb55de64098cee0bcb
reciprocal_nomination	4:113	43:89		weak	43:89	4:113	4:113	cross_surah	label_target_note	ranked_review	Protection through revelation against attempted misguidance only indirectly supports the focus stance.	focus_43_89_cutoff_100.tsv	96	1213d3c591a472ed12a5cb1cf37fe72ab531ceec55079d999d7ce1eaf81c1c6a
reciprocal_nomination	4:113	45:2		strong	45:2	4:113	4:113	cross_surah	label_target_note	missing_ayah_suggestion	Explicitly joins divine descent, الكتاب, and الحكمة for the addressee.	focus_45_2_cutoff_100.tsv	103	cf1fdc8b67ef2e1f35f04cbbaa9c7b02f1f9ca635b6aaa239153b21a70638a1f
reciprocal_nomination	4:113	45:16		strong	45:16	4:113	4:113	cross_surah	label_target_note	missing_ayah_suggestion	The Book and wisdom are bestowed and taught as previously unknown knowledge, a close positive support for f01.	focus_45_16_cutoff_100.tsv	110	aff11637e354bf7bbfd283006a96d331c48707f1968407d919e8b07e9cfed717
reciprocal_nomination	4:113	46:2		strong	46:2	4:113	4:113	cross_surah	label_target_note	missing_ayah_suggestion	Allah's sending of الكتاب والحكمة directly joins book and ordered judgment.	focus_46_2_cutoff_100.tsv	107	b71d2d51b5c9be545aaca5781a9930537faa1eb064b21efdaf92d5094ed00ff5
reciprocal_nomination	4:113	46:9		strong	46:9	4:113	4:113	cross_surah	label_target_note	missing_ayah_suggestion	States that revelation and teaching gave the addressee knowledge he had not known.	focus_46_9_cutoff_100.tsv	197	b4b89ac1fb3925f4c134dfef2d1ea064c0237a43c17ce43fdc7ea9ff103d8041
reciprocal_nomination	4:113	48:2		weak	48:2	4:113	4:113	cross_surah	label_target_note	ranked_review	Favor and protection from misguidance are present but no exact interpretive route is supplied.	focus_48_2_cutoff_100.tsv	85	1fbc80e65c3c171d6602049ae04e5f19eb0c4feeb16860db3ed778522e6a5b62
reciprocal_nomination	4:113	48:5		weak	48:5	4:113	4:113	cross_surah	label_target_note	ranked_review	Divine favor and protection are too general to clarify the focus's composite outcome.	focus_48_5_cutoff_100.tsv	58	40770f6449381d19411212557656af07e2d8eb406754dc3975227ee3891b6fba
reciprocal_nomination	4:113	48:21		weak	48:21	4:113	4:113	cross_surah	label_target_note	ranked_review	Protection and knowledge are related but do not specify the promised other gain.	focus_48_21_cutoff_100.tsv	34	3570e4628c4562f03d0ade80ec8a58dd8fb2d4a2fd306783da62117d37342412
reciprocal_nomination	4:113	49:8		strong	49:8	4:113	4:113	cross_surah	label_target_note	missing_ayah_suggestion	Directly joins favor, mercy, teaching, wisdom, and knowledge received beyond prior possession.	focus_49_8_cutoff_100.tsv	107	5906831bcae0b1b03980c66f5c372ff5b70bc022bd255e2c29b93ee2e26dae35
reciprocal_counterevidence	4:113	52:24		no value	52:24	4:113	4:113	cross_surah	label_target_note	ranked_review	Group wording does not provide a material connection.	focus_52_24_cutoff_100.tsv	95	5a8ac38ec55da332acc40ba1ca81863219bbd6718349431d13345807ff6fb666
reciprocal_nomination	4:113	53:5		strong	53:5	4:113	4:113	cross_surah	label_target_note	missing_ayah_suggestion	Explicit divine teaching of previously unknown material is a particularly close teaching-source parallel.	focus_53_5_cutoff_100.tsv	110	588290f2e53aadf86dd17158ada276bfb717edef39fda824eed56eac28d72a3b
reciprocal_nomination	4:113	53:6		weak	53:6	4:113	4:113	cross_surah	label_target_note	ranked_review	Teaching and protection offer only a broad parallel to divinely given knowledge.	focus_53_6_cutoff_100.tsv	96	f96a98d8e72b62db039d10aeb77f5046a81d08e308bb3c006e5a2d309efe2d2b
reciprocal_nomination	4:113	53:10		strong	53:10	4:113	4:113	cross_surah	label_target_note	missing_ayah_suggestion	Combines divine descent of Book and wisdom with teaching directed to the recipient.	focus_53_10_cutoff_100.tsv	106	79087b756c6e1a777be48c7193a8c77d756de53c0290500358e068008e701617
reciprocal_nomination	4:113	54:24		medium	54:24	4:113	4:113	cross_surah	label_target_note	ranked_review	Attempted misguidance returning upon its planners extends the reversal of an accusation of error.	focus_54_24_cutoff_100.tsv	96	7cdee46d5b7c8d72ccb0a11dba961ffbcba4f7235bd98a56ece76e53de6e2ce2
reciprocal_nomination	4:113	55:2		strong	55:2	4:113	4:113	cross_surah	label_target_note	missing_ayah_suggestion	Explicit teaching of the Book and wisdom adds source-given knowledge.	focus_55_2_cutoff_100.tsv	107	56d2d071673636a1e3d368a03dd37b0749291f78fd23ae7b500e01bfbfa75385
reciprocal_nomination	4:113	56:41		weak	56:41	4:113	4:113	cross_surah	label_target_note	ranked_review	A faction seeking to mislead offers only a general contrary community pattern.	focus_56_41_cutoff_100.tsv	98	498ddcd1eed3236911225a18dd4f24f3226227329ec57ee8d7b72160c75ac60e
reciprocal_nomination	4:113	56:80		medium	56:80	4:113	4:113	cross_surah	label_target_note	missing_ayah_suggestion	Pairs the descended Book with wisdom granted to the recipient.	focus_56_80_cutoff_100.tsv	105	5e077c4bb4bf84c947bf211b215bd91762ceef5987a853d97dbf28831c490f93
reciprocal_nomination	4:113	57:29		medium	57:29	4:113	4:113	cross_surah	label_target_note	ranked_review	Joins divine favor with revealed Book and teaching, though not communal entitlement.	focus_57_29_cutoff_100.tsv	13	7f4bf044ca730100147d6d50fe6da65a2072eaf1b10adda0f72ba33d3a5bb064
reciprocal_nomination	4:113	58:9		medium	58:9	4:113	4:113	cross_surah	label_target_note	missing_ayah_suggestion	A group planning deception offers a secondary covert-counsel counterpart.	focus_58_9_cutoff_100.tsv	109	418a75677a168892e84f9c2cc85efc95cb32f8a824cd2f753567967e009904a5
reciprocal_nomination	4:113	58:11		medium	58:11	4:113	4:113	cross_surah	label_target_note	missing_ayah_suggestion	God's teaching of scripture and wisdom gives a secondary account of knowledge as bestowed, not self-authorized.	focus_58_11_cutoff_100.tsv	122	68a0dbcc3154936a1a661460c21a89098e5b53cf6d04adc992499b8456ebdbc5
reciprocal_counterevidence	4:113	60:2		no value	60:2	4:113	4:113	cross_surah	label_target_note	ranked_review	No material addition to hostile hands, tongues, or the wish for denial.	focus_60_2_cutoff_100.tsv	97	c5b8e3bef4d1d2585ab7b1862575a9d64614f208ddfd4f81f72dea8768bbd604
reciprocal_nomination	4:113	62:2		medium	62:2	4:113	4:113	cross_surah	label_target_note	ranked_review	Combines الكتاب والحكمة and teaching, while shifting to a singular addressee and another setting.	focus_62_2_cutoff_100.tsv	13	08c67162a0baef66dd62e01ebfcbeef4dbeaad927eff59451a551c2f103e18b6
reciprocal_nomination	4:113	62:4		strong	62:4	4:113	4:113	cross_surah	label_target_note	ranked_review	Explicit فضل, Book, wisdom, and teaching closely parallel the mission setting of 62:2-4.	focus_62_4_cutoff_100.tsv	66	10f0c7c6b6bda6477318ff7536e79a7700f24180c7f76d8ff5aba99de1f0109f
reciprocal_nomination	4:113	68:48		weak	68:48	4:113	4:113	cross_surah	label_target_note	ranked_review	Protection from attempted misguidance is only indirectly parallel.	focus_68_48_cutoff_100.tsv	67	3a08fdd63c5f2e2861ae0d17187e77ae0860e50d0e2a33a13b3adf1d1d8ce0d1
reciprocal_nomination	4:113	68:49		medium	68:49	4:113	4:113	cross_surah	label_target_note	missing_ayah_suggestion	لولا فضل الله عليك ورحمته presents timely divine favor against an intended harmful turn.	focus_68_49_cutoff_100.tsv	112	ae212a7d9e1b925da7b43bc8513bd8acafd6ed23b2255e9f975a4fd96e51b532
reciprocal_nomination	4:113	69:43		medium	69:43	4:113	4:113	cross_surah	label_target_note	missing_ayah_suggestion	Adds Book and wisdom sent to the messenger with divine teaching.	focus_69_43_cutoff_100.tsv	149	da11371b39418768c0c544b150415765febecddd40d9c1c60f9fffa52c4ace4c
reciprocal_nomination	4:113	72:26		medium	72:26	4:113	4:113	cross_surah	label_target_note	missing_ayah_suggestion	The messenger is taught what he did not know, supporting received rather than autonomous knowledge.	focus_72_26_cutoff_100.tsv	104	d2d82ea0304f4f36fd3e807e979da19e7f6ff5b75708955ee8b1cc28e5e2b51d
reciprocal_nomination	4:113	76:23		strong	76:23	4:113	4:113	cross_surah	label_target_note	missing_ayah_suggestion	Says God sent down upon the addressee the Book and wisdom and taught what was not known.	focus_76_23_cutoff_100.tsv	106	85ba161208759aeae723e02b91436a8f0f0b0640f9c137213c6c85a095ded181
reciprocal_nomination	4:113	76:30		medium	76:30	4:113	4:113	cross_surah	label_target_note	missing_ayah_suggestion	Allah's favor, teaching, and protection surround the messenger, portraying knowledge and wisdom as enabling rather than self-owned.	focus_76_30_cutoff_100.tsv	110	1a594c439b380d2927b866edd8c3f93863d08cbf19519559e310b72e333c557d
reciprocal_nomination	4:113	79:11		weak	79:11	4:113	4:113	cross_surah	label_target_note	ranked_review	Adds divine teaching and great favor, not the return question.	focus_79_11_cutoff_100.tsv	82	4677fcde1e8b7681074cfe54a0b000ecdf0478c8e40a2457eb9316881ad32312
reciprocal_nomination	4:113	80:7		weak	80:7	4:113	4:113	cross_surah	label_target_note	ranked_review	Protects the messenger from others' misguidance; indirect and nonparallel.	focus_80_7_cutoff_100.tsv	13	b64f8baa89ea18ddd436a2a911df54bfdd39a026fa390f43f9b09f256db1a355
reciprocal_nomination	4:113	81:19		medium	81:19	4:113	4:113	cross_surah	label_target_note	missing_ayah_suggestion	Sent-down Book and wisdom give a general revelation-source parallel.	focus_81_19_cutoff_100.tsv	169	d85d80843d470265a7829e722f4e4372e977f6e23757ba5b734cb16d3b8ae708
reciprocal_nomination	4:113	86:2		medium	86:2	4:113	4:113	cross_surah	label_target_note	missing_ayah_suggestion	Being taught what was not known supports the focus reading of given knowledge.	focus_86_2_cutoff_100.tsv	103	c062304b2fcce40a23c0e0badf196e22a1e042be4c92f22f09913a09c7a013b2
reciprocal_nomination	4:113	90:12		weak	90:12	4:113	4:113	cross_surah	label_target_note	ranked_review	Teaching what was unknown is too general after stronger question parallels.	focus_90_12_cutoff_100.tsv	91	032b4682bf2fbd19596abafa25c59a72af9477762f8cbf5f003f1acacc0c1610
reciprocal_nomination	4:113	93:11		strong	93:11	4:113	4:113	cross_surah	label_target_note	missing_ayah_suggestion	Favor, mercy, and imparted teaching tightly join care, guidance, and source attribution.	focus_93_11_cutoff_100.tsv	110	746eebabe050777cb99c729dc9bf03abc72c5c6a43691a940efe596f1ef026a6
reciprocal_nomination	4:113	96:1		medium	96:1	4:113	4:113	cross_surah	label_target_note	missing_ayah_suggestion	Divine teaching of book and wisdom strengthens the Rabb-led instruction reading.	focus_96_1_cutoff_100.tsv	144	d2c38376ccdd23ecdba40c37a501582ba8abb74e6cc838d8d36368f3eafc2c7a
reciprocal_nomination	4:113	96:4		strong	96:4	4:113	4:113	cross_surah	label_target_note	missing_ayah_suggestion	Teaching of Book, wisdom, and what was not known is a major parallel to 96:4-5.	focus_96_4_cutoff_100.tsv	110	a9dcff5cdefe40d483b6ab69acae3345b878fb263fd7e189dfc13449199b3a76
reciprocal_nomination	4:113	96:5		strong	96:5	4:113	4:113	cross_surah	label_target_note	missing_ayah_suggestion	Directly states that God taught the recipient what was not previously known.	focus_96_5_cutoff_100.tsv	109	deb9f69fbc1c9adbc300713fc6a2d906aac4fcf4387a185544e0841d5f567aeb
reciprocal_nomination	4:113	98:2		weak	98:2	4:113	4:113	cross_surah	label_target_note	ranked_review	Book and wisdom revealed to the addressee lacks the focus's messenger-recitation structure.	focus_98_2_cutoff_100.tsv	93	33f34180594c527dfe96feccd4434cdd750da093aa008ec1921fa09efee2da86
