record_type	focus_ref	target_ref	focus_direction_label	source_direction_label	source_focus_ref	source_target_ref	source_target_component_ref	relation_scope	source_column_order	source_row_role	source_note	source_file	source_line	source_row_sha256
directional_review	54:24	12:14	medium	medium	54:24	12:14	12:14	cross_surah	label_target_note	ranked_review	Collective self-description sharpens the focus ayah's tension between a group and following one person.	focus_54_24_cutoff_100.tsv	1	be01c3893d4e6a5c59cee6725cb727e187b1086f78d22f1ad87db4a98df5cb22
directional_review	54:24	22:4	strong	strong	54:24	22:4	22:4	cross_surah	label_target_note	ranked_review	Shows a route that misleads its follower toward blazing punishment, extending the reversal of error and burning.	focus_54_24_cutoff_100.tsv	2	09da17d49efb1585e0985c12622134fe7ee45e9f41640a40ec66c120f5df927a
directional_review	54:24	3:69	medium	medium	54:24	3:69	3:69	cross_surah	label_target_note	ranked_review	Adds that intending to mislead others can return as loss upon the misleaders themselves.	focus_54_24_cutoff_100.tsv	3	b102e1402c904d1e3b3180dc4c11989318cd829f8bf635820054340541eadd16
directional_review	54:24	36:24	strong	strong	54:24	36:24	36:24	cross_surah	label_target_note	ranked_review	Places the focus ayah's error-language in a contrasting first-person conditional of accountable reasoning.	focus_54_24_cutoff_100.tsv	4	84a5907dc279ea49ef803cfcb198d25f4ba76194743ef4a55445ecbdd9acf363
directional_review	54:24	54:31	strong	strong	54:24	54:31	54:31	same_surah	label_target_note	ranked_review	Its one cry ending the collective directly develops the surah's contested one-versus-many pattern.	focus_54_24_cutoff_100.tsv	5	386d324520906b4e2ccab040dae9c8231b351bbaa60808f56ec712e387ab67f6
directional_review	54:24	18:110	medium	medium	54:24	18:110	18:110	cross_surah	label_target_note	ranked_review	Keeps human likeness and received revelation together, challenging the focus speakers' exclusion of a human messenger.	focus_54_24_cutoff_100.tsv	6	cbeca7dada44bd5a886d978146be8852a6a930caacad24e5d7ce5965f4eb1147
directional_review	54:24	12:8	weak	weak	54:24	12:8	12:8	cross_surah	label_target_note	ranked_review	Offers only a boundary parallel: a group calls another mistaken while its own judgment remains in question.	focus_54_24_cutoff_100.tsv	7	a62ccf30703547cddff93f7d4532c441bb651b11a697544bc3baa6eb437ddda3
directional_review	54:24	54:25	strong	strong	54:24	54:25	54:25	same_surah	label_target_note	ranked_review	Immediately continues the rejection of one selected from among the group as liar and arrogant.	focus_54_24_cutoff_100.tsv	8	b045533488b41ba6a1ce45d519d404543935e77e4511f40e5e0f5b4c9c5c28fd
directional_review	54:24	37:4	weak	weak	54:24	37:4	37:4	cross_surah	label_target_note	ranked_review	The oneness here concerns divinity, only distantly paralleling the disputed singularity in the focus ayah.	focus_54_24_cutoff_100.tsv	9	9443de73b7c69e81ec72da771948d24c85fa907dcaeebe8a9c6a583d062da04c
directional_review	54:24	26:97	medium	medium	54:24	26:97	26:97	cross_surah	label_target_note	ranked_review	Supplies a later admission of manifest error, but adds little beyond the stronger surah reversal.	focus_54_24_cutoff_100.tsv	10	4bb83a79e4a885839bcec04be79f3f7d36a81eaa39c367f5cdf22f2381cf037f
directional_review	54:24	54:47	strong	strong	54:24	54:47	54:47	same_surah	label_target_note	ranked_review	Explicitly returns the paired error-and-burning description to the criminals within the same surah.	focus_54_24_cutoff_100.tsv	11	bf68b728bbded3122c6351ee84aca2fcfbb0014a1aadf52b7184390c768b8420
directional_review	54:24	69:13	medium	medium	54:24	69:13	69:13	cross_surah	label_target_note	ranked_review	Develops one act with comprehensive effect, supporting the surah's singular efficacy pattern.	focus_54_24_cutoff_100.tsv	12	e11fc0c064fc55d93093b43e56581457cc16feb16329f97b358649c8c33677e5
directional_review	54:24	12:79	no value	no value	54:24	12:79	12:79	cross_surah	label_target_note	ranked_review	The conditional refusal and injustice claim do not materially illuminate the focus ayah.	focus_54_24_cutoff_100.tsv	13	1e061e7a31d745b988fa2e61c5649ec5f8af3187e2a36345853b8e9f79bf2679
directional_review	54:24	17:72	medium	medium	54:24	17:72	17:72	cross_surah	label_target_note	ranked_review	Extends error into intensified path-loss, giving the focus charge a later directional consequence.	focus_54_24_cutoff_100.tsv	14	d03d2dc063284dd40b35f98ae136549c948e82a283cd76158c89e21ad9067c1f
directional_review	54:24	67:10	weak	weak	54:24	67:10	67:10	cross_surah	label_target_note	ranked_review	Links refusal to the companions of the blaze, but without the focus ayah's accusation-and-reversal structure.	focus_54_24_cutoff_100.tsv	15	4ea457b9fdd2718db31577dd1c5203ec01fc68fefdbcf62c5db2cf2549d2678c
directional_review	54:24	23:47	strong	strong	54:24	23:47	23:47	cross_surah	label_target_note	ranked_review	Directly parallels refusal to believe in human messengers from within a socially subordinate people.	focus_54_24_cutoff_100.tsv	16	8ef5505aa9e60feafafbde35d3c72c26e0e882d4328b961d035d681fc1cf21c7
directional_review	54:24	54:44	strong	strong	54:24	54:44	54:44	same_surah	label_target_note	ranked_review	The group's confidence in collective victory directly counters the rejected singular authority in the focus scene.	focus_54_24_cutoff_100.tsv	17	82e733be5aa75b08dbc612175f9e9c8835ea60f517506b2daa2513ec93ac3a20
directional_review	54:24	74:11	medium	medium	54:24	74:11	74:11	cross_surah	label_target_note	ranked_review	Its solitary origin qualifies claims based on social accumulation, though it is not a messenger scene.	focus_54_24_cutoff_100.tsv	18	d9e81b906beb4f6f0c34ec224cd6cc32b8d11831ec7ddbda96443f6126f16bb2
directional_review	54:24	38:5	medium	medium	54:24	38:5	38:5	cross_surah	label_target_note	ranked_review	Shows a community treating a singular call as disruption of established attachments.	focus_54_24_cutoff_100.tsv	19	d611be747d7b0f3b063af2768fbfba4b49cf3696ce266e0c1dc9208f67a26009
directional_review	54:24	54:26	strong	strong	54:24	54:26	54:26	same_surah	label_target_note	ranked_review	Immediately suspends the focus accusation and announces that the true liar and arrogant one will be known.	focus_54_24_cutoff_100.tsv	20	952870e7eaffc1c4f72b188b1bd9b86ca1aec929a4871e88606b6b3317351009
directional_review	54:24	74:25	strong	strong	54:24	74:25	74:25	cross_surah	label_target_note	ranked_review	Parallels reducing a message to merely human speech by judging source from its visible bearer.	focus_54_24_cutoff_100.tsv	21	b635529d993e6cfa026981a936b1934d412f811eb2988cd9cd52af93ed87b356
directional_review	54:24	25:14	weak	weak	54:24	25:14	25:14	cross_surah	label_target_note	ranked_review	The contrast between one and many cries is too detached from the focus dispute.	focus_54_24_cutoff_100.tsv	22	51f90303250add79a1956c5c871def5155cf3f73928b1c91b81707d427eba11f
directional_review	54:24	54:33	medium	medium	54:24	54:33	54:33	same_surah	label_target_note	ranked_review	Keeps the surrounding surah pattern of communities rejecting warnings in view.	focus_54_24_cutoff_100.tsv	23	ff6ba714e2f45b7e7bf46958476b9d994df56686ef70dcb81800e22ab19df764
directional_review	54:24	41:6	medium	medium	54:24	41:6	41:6	cross_surah	label_target_note	ranked_review	Human likeness and revelation coexist, providing a direct counterexample to the focus objection.	focus_54_24_cutoff_100.tsv	24	f0b7e179b312aa47b15c5839fd259a67f20b49bb479c76d35fedf998510592db
directional_review	54:24	64:6	strong	strong	54:24	64:6	64:6	cross_surah	label_target_note	ranked_review	Explicitly identifies dismissing guiding messengers as merely human as the ground of disbelief.	focus_54_24_cutoff_100.tsv	25	e2ed7c907193f981d8f81a2267dbb93937bd29239a0ec0ce655c2e842e419423
directional_review	54:24	40:49	weak	weak	54:24	40:49	40:49	cross_surah	label_target_note	ranked_review	The fire-dwellers' plea offers only a remote consequence of the focus ayah's error-and-burning language.	focus_54_24_cutoff_100.tsv	26	1e136dd0ea78f3d54f8ca18d4b90ddcef6188f4f60ea858d025715585507f464
directional_review	54:24	14:36	medium	medium	54:24	14:36	14:36	cross_surah	label_target_note	ranked_review	Frames misguidance as redirected allegiance, a useful extension of the question of whom to follow.	focus_54_24_cutoff_100.tsv	27	f3cca8b8921e51424cc6ba305b8748cce525b7e85beb2a8b09e011248a8064ce
directional_review	54:24	36:18	medium	medium	54:24	36:18	36:18	cross_surah	label_target_note	ranked_review	Shows a community responding to messengers with hostile blame, but not the specific human objection.	focus_54_24_cutoff_100.tsv	28	569bb5e80c9f0876a965a657a54073fb007687135dc1d76760c3b1cfb9677c56
directional_review	54:24	54:45	medium	medium	54:24	54:45	54:45	same_surah	label_target_note	ranked_review	The predicted defeat of the collective completes the surah's reversal of their boast.	focus_54_24_cutoff_100.tsv	29	a37e4972800722efe134c261d721a9e628aedbb73204b8caeed0ebdb84fd079f
directional_review	54:24	36:15	strong	strong	54:24	36:15	36:15	cross_surah	label_target_note	ranked_review	Directly exposes the inference from human likeness to denial of divine sending.	focus_54_24_cutoff_100.tsv	30	6f3207170b652bd4771f6f940d89332306c4ec3c388e1810785468550a7f4f4d
directional_review	54:24	2:167	weak	weak	54:24	2:167	2:167	cross_surah	label_target_note	ranked_review	A later attempt to disown those followed is only a broad consequence of misplaced following.	focus_54_24_cutoff_100.tsv	31	334884f5d97e510b707b46e82421696eb03ba88e58a47614c8e9f7da4018b3aa
directional_review	54:24	54:3	medium	medium	54:24	54:3	54:3	same_surah	label_target_note	ranked_review	The surah's rejection and following of desires gives a nearby contrary pattern to rightful following.	focus_54_24_cutoff_100.tsv	32	ecfd09bb330a31daa8f370e4cc68d26818e5d33739a4680e679103f66175b5b5
directional_review	54:24	84:12	weak	weak	54:24	84:12	84:12	cross_surah	label_target_note	ranked_review	Adds burning imagery without clarifying the focus speakers' charge.	focus_54_24_cutoff_100.tsv	33	e42e391fba70acfa165a25d8c19d0eef9ce8626e22ee55f708d9f29c3d6b11e1
directional_review	54:24	42:18	no value	no value	54:24	42:18	42:18	cross_surah	label_target_note	ranked_review	Its dispute over the Hour is boundary evidence, not support for the focus reading.	focus_54_24_cutoff_100.tsv	34	478cc3306187f7509f64874aaa849f61b6c4623a0a57216683c59023d02fc205
directional_review	54:24	54:40	weak	weak	54:24	54:40	54:40	same_surah	label_target_note	ranked_review	The call to remember does not specifically add to the objection against one human.	focus_54_24_cutoff_100.tsv	35	456f7e683e21f76b9a0d4d0ca44542bb5897bd310e1ace248749712a8d3f9138
directional_review	54:24	67:9	strong	strong	54:24	67:9	67:9	cross_surah	label_target_note	ranked_review	Strongly parallels accusing warners of great error before the accusation returns to its speakers.	focus_54_24_cutoff_100.tsv	36	73f8fd985c8c080acbff80d872df7c0bf87ae7a232edce054dd48b9ca4fe92d0
directional_review	54:24	15:52	no value	no value	54:24	15:52	15:52	cross_surah	label_target_note	ranked_review	This scene's fear statement has no material connection beyond incidental wording.	focus_54_24_cutoff_100.tsv	37	c995941d8a52e95ce2483613f52d3020a936fb24d5fb9b794418160cabfd8954
directional_review	54:24	20:85	medium	medium	54:24	20:85	20:85	cross_surah	label_target_note	ranked_review	Shows a people's misdirection after a leader's absence without making the leader the moral cause.	focus_54_24_cutoff_100.tsv	38	5e591bdd0d97efade04882fc31ee8c1a1a086c75df2415a31e2d6479a0fefd66
directional_review	54:24	20:79	medium	medium	54:24	20:79	20:79	cross_surah	label_target_note	ranked_review	Tests a claimed leader by where his people are led, extending the focus issue of following authority.	focus_54_24_cutoff_100.tsv	39	439e1a2913b2fdce34d995c11e3b5984e2f87f88eb5323596a476d35bc910c6b
directional_review	54:24	31:21	medium	medium	54:24	31:21	31:21	cross_surah	label_target_note	ranked_review	Opposes commanded following with inherited following that leads toward the blaze.	focus_54_24_cutoff_100.tsv	40	2247c3cd02ab7085215d1a66093e534af667456703ec061ac6cbc5f86479c3fd
directional_review	54:24	54:50	strong	strong	54:24	54:50	54:50	same_surah	label_target_note	ranked_review	A single command with immediate comprehensive effect advances the surah's singular-versus-collective reversal.	focus_54_24_cutoff_100.tsv	41	728677d72ebeb9664f6f404f73af4b59f704c31d53759317d48f74a6c78738ac
directional_review	54:24	26:154	strong	strong	54:24	26:154	26:154	cross_surah	label_target_note	ranked_review	Directly joins the human-like-messenger objection to a demand for a sign.	focus_54_24_cutoff_100.tsv	42	6e5865a6eeec778efcd7113b32aec30e58e5b68a5e383bfd1c2288d951ecb327
directional_review	54:24	18:14	weak	weak	54:24	18:14	18:14	cross_surah	label_target_note	ranked_review	Its conditional declaration of excess is only a lexical parallel to the focus conditional.	focus_54_24_cutoff_100.tsv	43	a41a1d37f5277eb3589dec7799bb4e627be60c559c8d62ede18c0e429e080621
directional_review	54:24	54:2	medium	medium	54:24	54:2	54:2	same_surah	label_target_note	ranked_review	Shows the same audience dismissing a sign, supplying the surrounding posture of rejection.	focus_54_24_cutoff_100.tsv	44	50d0c4c9b0ac53bb89730237efed6936c1e5fab31dffd9be0cd71cd29bd9a537
directional_review	54:24	28:15	weak	weak	54:24	28:15	28:15	cross_surah	label_target_note	ranked_review	Misdirection here concerns a hostile act rather than the focus dispute over prophetic following.	focus_54_24_cutoff_100.tsv	45	0fbf86591c065625c3743d805fb660abb4c78e0121294438e2a93fa79c3e40f1
directional_review	54:24	2:133	weak	weak	54:24	2:133	2:133	cross_surah	label_target_note	ranked_review	Its singular deity confession is too distant from the focus ayah's singular human authority.	focus_54_24_cutoff_100.tsv	46	a30bb92f548852f70825c9b20d97f7d83b29387bf3224b30dc4f1ab229dca080
directional_review	54:24	54:36	medium	medium	54:24	54:36	54:36	same_surah	label_target_note	ranked_review	Within the surah, warnings are contested, reinforcing the community's resistant response.	focus_54_24_cutoff_100.tsv	47	7966fe7d31fbe48e66ecac936527a4c92955f9f442fea06c1a4961dbe1cd8230
directional_review	54:24	74:29	weak	weak	54:24	74:29	74:29	cross_surah	label_target_note	ranked_review	The human surface and burning image is ancillary rather than an account of why the messenger is rejected.	focus_54_24_cutoff_100.tsv	48	2b7ee9b7e0b4e8413cd971c629c43a4ade7e7b5ce75bef867c95172f113f84fb
directional_review	54:24	36:14	weak	weak	54:24	36:14	36:14	cross_surah	label_target_note	ranked_review	The move from two to three messengers contrasts with, but does not explain, rejection of one.	focus_54_24_cutoff_100.tsv	49	11d3643bc68edcb54ddc9030fcb9f3c8bb9edffc801f0d85e6370973aea88955
directional_review	54:24	31:11	weak	weak	54:24	31:11	31:11	cross_surah	label_target_note	ranked_review	Creation and fabricated rivals offer only an indirect background for misplaced judgment.	focus_54_24_cutoff_100.tsv	50	8974c02f0f15d88a01734560cdbd3ec5bb37a7cbc348a5a78303fcc835230f33
directional_review	54:24	17:93	medium	medium	54:24	17:93	17:93	cross_surah	label_target_note	ranked_review	The human-messenger response rejects the demand that the messenger perform the demanded spectacle.	focus_54_24_cutoff_100.tsv	51	b40c41a6350e1674021b3b29023735d3ab781199bded7b50030f176860ecc7e8
directional_review	54:24	81:12	medium	medium	54:24	81:12	81:12	cross_surah	label_target_note	ranked_review	Makes blazing punishment active, adding consequence imagery to the returned burning charge.	focus_54_24_cutoff_100.tsv	52	14f78ee5bd42fe6df8545e4b85ab96631c04e2c640e160b484a97e7b70b669f2
directional_review	54:24	54:19	weak	weak	54:24	54:19	54:19	same_surah	label_target_note	ranked_review	The prior punishment scene contributes little to the focus ayah itself.	focus_54_24_cutoff_100.tsv	53	ddf6bcf1e634f39292a5e79e00e0189d6a24005fe7f722bd9a81590efdaa971d
directional_review	54:24	30:29	medium	medium	54:24	30:29	30:29	cross_surah	label_target_note	ranked_review	Following unexamined desires supplies a contrary account of how direction is lost.	focus_54_24_cutoff_100.tsv	54	c7e55fa016175d4bec3520133fc90023f9c47e0302f239710a35cbec6019279e
directional_review	54:24	76:4	medium	medium	54:24	76:4	76:4	cross_surah	label_target_note	ranked_review	Adds the enclosing instruments of fiery punishment, though it remains general.	focus_54_24_cutoff_100.tsv	55	7a6f084ff7cc8259016b747d7968611508b700d607c081a7ffec4358e2d2742b
directional_review	54:24	54:22	weak	weak	54:24	54:22	54:22	same_surah	label_target_note	ranked_review	The repeated invitation to remember is not specifically tied to the focus objection.	focus_54_24_cutoff_100.tsv	56	6198b09846242e1bd09d2dade160c4abb7445301c5467753ca0414755eaf3484
directional_review	54:24	74:36	weak	weak	54:24	74:36	74:36	cross_surah	label_target_note	ranked_review	Its warning directed to humans is an auxiliary bodily parallel only.	focus_54_24_cutoff_100.tsv	57	dd61a9901551ba4acc0be065e11a17eae3d53d734543fdcd018396ae751ef5d0
directional_review	54:24	9:31	weak	weak	54:24	9:31	9:31	cross_surah	label_target_note	ranked_review	Misplaced lordship and a single deity are too indirect for the focus's human-messenger dispute.	focus_54_24_cutoff_100.tsv	58	40ad1f9cb1dba21bd84e00b2679fc78cc51c6678458fa1637ac089cf4e2b05f0
directional_review	54:24	36:47	weak	weak	54:24	36:47	36:47	cross_surah	label_target_note	ranked_review	Repeats the charge of manifest error against believers, but adds little after earlier reversals.	focus_54_24_cutoff_100.tsv	59	fd89797d1b19ef85b2f8dd11a1925f5d5bf71e5fd5e4a18cc56fce0817630b70
directional_review	54:24	53:30	medium	medium	54:24	53:30	53:30	cross_surah	label_target_note	ranked_review	Connects limited desire-driven knowledge with losing the way, extending the error term.	focus_54_24_cutoff_100.tsv	60	7816d1e2b67606c9ad107ede2d3e3fd054e52fde49146f9985d6ccafc87e6565
directional_review	54:24	11:27	strong	strong	54:24	11:27	11:27	cross_surah	label_target_note	ranked_review	Closely parallels elites rejecting a human like themselves and devaluing those who follow him.	focus_54_24_cutoff_100.tsv	61	97993ea87adeee42bb0624e798f1435ef4cf068406db6f4ab564a30ae0e32777
directional_review	54:24	54:38	weak	weak	54:24	54:38	54:38	same_surah	label_target_note	ranked_review	The settled morning punishment is a broad surah consequence rather than focus-specific evidence.	focus_54_24_cutoff_100.tsv	62	ed1f1489cc4af04fda7cd40b00b4f7081ad7b570e45b36cc53e9e98b3ff99049
directional_review	54:24	79:13	medium	medium	54:24	79:13	79:13	cross_surah	label_target_note	ranked_review	One command-like cry producing a total event supports the singular efficacy motif.	focus_54_24_cutoff_100.tsv	63	579d5996673137df1d53e3c08f2596e757cf3f316d155971a81b70da69478737
directional_review	54:24	4:157	no value	no value	54:24	4:157	4:157	cross_surah	label_target_note	ranked_review	The dispute and uncertainty here do not clarify the focus ayah.	focus_54_24_cutoff_100.tsv	64	1bc69c13bb79ed383dff18ed743ba849534e77be32f45c1401088772e3d988e6
directional_review	54:24	54:43	weak	weak	54:24	54:43	54:43	same_surah	label_target_note	ranked_review	Its comparison with earlier disbelievers provides only general warning context.	focus_54_24_cutoff_100.tsv	65	183579a13c1c3934af89ff27e098f36e3a4650e3097127275e1907a7dfef4997
directional_review	54:24	5:105	weak	weak	54:24	5:105	5:105	cross_surah	label_target_note	ranked_review	Individual right direction amid others' error is a limited, secondary contrast.	focus_54_24_cutoff_100.tsv	66	9b439e4e37b54c882e4584f9059d942e95a803718f2d8984ebbcfbc5c8abc392
directional_review	54:24	39:49	no value	no value	54:24	39:49	39:49	cross_surah	label_target_note	ranked_review	The human's reading of prosperity as knowledge does not address the focus scene.	focus_54_24_cutoff_100.tsv	67	8f681f4a3e2363ec984bd99f9de94af042b7725880f3b07fc40502acf143809c
directional_review	54:24	41:29	medium	medium	54:24	41:29	41:29	cross_surah	label_target_note	ranked_review	Gives a later reversal in which followers seek to lower those who misled them.	focus_54_24_cutoff_100.tsv	68	62f0a40d7c2a32da97d9c252b5ea80f09ba7ceb5eb38d8c8b8b345616b6e4e17
directional_review	54:24	19:20	weak	weak	54:24	19:20	19:20	cross_surah	label_target_note	ranked_review	Its human reference is not about evaluating a messenger's authority.	focus_54_24_cutoff_100.tsv	69	44b5c42d4928480ced76630cee638542db3661f785ee2dea52b695be8a7b869f
directional_review	54:24	2:262	no value	no value	54:24	2:262	2:262	cross_surah	label_target_note	ranked_review	The instruction on charitable giving does not add to the focus ayah.	focus_54_24_cutoff_100.tsv	70	1ffcdd1812602dca0bdb18dfe953b80da963c237f0689ce7df3a6090edc3f429
directional_review	54:24	54:52	no value	no value	54:24	54:52	54:52	same_surah	label_target_note	ranked_review	The record of deeds does not materially illuminate the dispute in 54:24.	focus_54_24_cutoff_100.tsv	71	68eb2dc5e31a7b3a57f3cb35cdaf1e7b195d34d2b3bdf6f916f24602db1d92cd
directional_review	54:24	37:19	medium	medium	54:24	37:19	37:19	cross_surah	label_target_note	ranked_review	Another single cry coordinating all bodies supports the same singular efficacy pattern, redundantly.	focus_54_24_cutoff_100.tsv	72	5b25d32de1bf614f380670b396db19aaed1d1937f145db7b5dd5761e2ea5215b
directional_review	54:24	12:95	medium	medium	54:24	12:95	12:95	cross_surah	label_target_note	ranked_review	Shows an inherited error-label preventing renewed evidence from being considered.	focus_54_24_cutoff_100.tsv	73	b7b9a8b5110a28841d941c7c0160fe66e331db8d6ed2eef300de2b92d07f3a38
directional_review	54:24	41:52	medium	medium	54:24	41:52	41:52	cross_surah	label_target_note	ranked_review	Portrays error as widening separation, extending the focus speakers' claim of deviation.	focus_54_24_cutoff_100.tsv	74	1f7f62b5e31ce2c4abce453d5cbb68ee8a4095b359a0334afcecb1c7b6d16e37
directional_review	54:24	26:186	strong	strong	54:24	26:186	26:186	cross_surah	label_target_note	ranked_review	Directly pairs the human-like-messenger objection with an unsupported accusation of lying.	focus_54_24_cutoff_100.tsv	75	f086f1955a124f3df2f74ae85460dc9fd4cf0a53795e8f700194baf513c44f54
directional_review	54:24	12:91	medium	medium	54:24	12:91	12:91	cross_surah	label_target_note	ranked_review	A group's admission of fault supplies a general counterpoint to its prior judgment, but is not close.	focus_54_24_cutoff_100.tsv	76	1618aa952eeefee1094edab19b80e97cd4ac9ee05fefd254fe7bbbb86a408556
directional_review	54:24	54:6	weak	weak	54:24	54:6	54:6	same_surah	label_target_note	ranked_review	The surah's summons to a dreadful matter is contextual rather than an explanation of 54:24.	focus_54_24_cutoff_100.tsv	77	e370b7d8310c2210a4031b722fbf167ea397e99515c38db69ffae5ac2dd30b0e
directional_review	54:24	37:69	medium	medium	54:24	37:69	37:69	cross_surah	label_target_note	ranked_review	Shows inherited misdirection becoming an accepted pattern of following.	focus_54_24_cutoff_100.tsv	78	4135f8b4f799fc8ac16d3701b1b61f5a76ac9603874fd041c0f6b0ce83d29dd2
directional_review	54:24	7:60	medium	medium	54:24	7:60	7:60	cross_surah	label_target_note	ranked_review	Parallels prominent communal figures projecting manifest error onto a messenger.	focus_54_24_cutoff_100.tsv	79	e3e132ed6d508883be7f0bfb9fb1c9863fb24e96f28387dc091626b6e5f86a84
directional_review	54:24	5:26	medium	medium	54:24	5:26	5:26	cross_surah	label_target_note	ranked_review	Wandering gives a concrete consequence-image for loss of direction, but is otherwise distant.	focus_54_24_cutoff_100.tsv	80	ecafdf0344fa2d3fe71f8c9affcfc8ff44b9fb05b49a6dfcb8f59a1c4f444b22
directional_review	54:24	2:198	no value	no value	54:24	2:198	2:198	cross_surah	label_target_note	ranked_review	The pilgrimage instruction does not add to the focus dispute.	focus_54_24_cutoff_100.tsv	81	1b15388639cfa0c656e1026539b7e15165c6bde1c11a7748da436bcb09b6da32
directional_review	54:24	46:22	medium	medium	54:24	46:22	46:22	cross_surah	label_target_note	ranked_review	A people accuse a messenger of diverting them from inherited gods and demand the threatened outcome.	focus_54_24_cutoff_100.tsv	82	30600092aa740b4c0124ae155952455eba85602a6cfeefc3875712063e319640
directional_review	54:24	54:32	weak	weak	54:24	54:32	54:32	same_surah	label_target_note	ranked_review	The repeated invitation to remember remains peripheral to the focus objection.	focus_54_24_cutoff_100.tsv	83	83892cd0e882de5343809dce049351d1ba0b6143eef32ae834909d36bd5ce2a5
directional_review	54:24	26:20	medium	medium	54:24	26:20	26:20	cross_surah	label_target_note	ranked_review	Limits a past state of error rather than treating it as a fixed identity, qualifying accusatory labels.	focus_54_24_cutoff_100.tsv	84	4526753ca05abae018cbaabe9316973ff67c72ff636b239c413b1fad89424eff
directional_review	54:24	11:32	medium	medium	54:24	11:32	11:32	cross_surah	label_target_note	ranked_review	The challenge to Noah reflects resistant demand for threatened consequences, but lacks the human-likeness issue.	focus_54_24_cutoff_100.tsv	85	6634f573c9c766404f88bcfd69f8a716105c7168029d2e7a0e60010fcc7604dd
directional_review	54:24	40:50	medium	medium	54:24	40:50	40:50	cross_surah	label_target_note	ranked_review	Rejected messengers leave later calls without a route, extending the consequence of refusing guidance.	focus_54_24_cutoff_100.tsv	86	a7c130ead408426c987078a6796d4d687bfb855e8404802445f106b6691e5c61
directional_review	54:24	38:23	medium	medium	54:24	38:23	38:23	cross_surah	label_target_note	ranked_review	Numerical excess presses against the claim of one, showing that many do not themselves establish right.	focus_54_24_cutoff_100.tsv	87	7dff321dfd07ddd9f1be79fc120287a67a54e4662bc7c456b46a0c4429f6989f
directional_review	54:24	23:106	medium	medium	54:24	23:106	23:106	cross_surah	label_target_note	ranked_review	A later confession of being astray complicates self-exculpating accounts of how error arose.	focus_54_24_cutoff_100.tsv	88	d65947c3f66aaa09520c8e663bf2eeb8c32a2021c94d48f2c952e9e8356c5d96
directional_review	54:24	54:14	no value	no value	54:24	54:14	54:14	same_surah	label_target_note	ranked_review	The preservation scene does not illuminate the claim about following one human.	focus_54_24_cutoff_100.tsv	89	7f86e8570218f23854664ea8a90adfc8bfb7a633896ea18af128f6ff001ce019
directional_review	54:24	38:71	weak	weak	54:24	38:71	38:71	cross_surah	label_target_note	ranked_review	Human material origin offers only distant background to the focus speakers' human criterion.	focus_54_24_cutoff_100.tsv	90	d40d0de113fabfe47555e2f8a1a350971c5022a44ce71a9fd894c1908a8476d5
directional_review	54:24	34:24	weak	weak	54:24	34:24	34:24	cross_surah	label_target_note	ranked_review	A balanced guidance-or-error alternative is tail-audit context, not a focused parallel.	focus_54_24_cutoff_100.tsv	91	328f30f6cc7fcd31d9088102841a671e9ac55037df0e5f79fc0a5bf35f8858a3
directional_review	54:24	39:37	weak	weak	54:24	39:37	39:37	cross_surah	label_target_note	ranked_review	The security of divinely guided direction is a general inverse of the focus accusation.	focus_54_24_cutoff_100.tsv	92	252faee5769ba9a2156dc8f499970427f135d2c0dca6ae4e73f9845f341acf8e
directional_review	54:24	89:15	no value	no value	54:24	89:15	89:15	cross_surah	label_target_note	ranked_review	Its reading of prosperity as honor does not materially bear on 54:24.	focus_54_24_cutoff_100.tsv	93	93a8f014b177f7c9cfeea86107d764cf694408b05be165197947f2107b8cb480
directional_review	54:24	56:51	weak	weak	54:24	56:51	56:51	cross_surah	label_target_note	ranked_review	The joint address to the astray and deniers is redundant general consequence language.	focus_54_24_cutoff_100.tsv	94	aa01fa28a12802bb80b4f09069ec01286ffeda69530d02468cfaa168691ba312
directional_review	54:24	16:54	no value	no value	54:24	16:54	16:54	cross_surah	label_target_note	ranked_review	The return to association after relief does not clarify the focus ayah.	focus_54_24_cutoff_100.tsv	95	6960ffd34ef6eee526c8c8973445b42eda68900e8140ee9bab1c93c94258cb6d
directional_review	54:24	4:113	medium	medium	54:24	4:113	4:113	cross_surah	label_target_note	ranked_review	Attempted misguidance returning upon its planners extends the reversal of an accusation of error.	focus_54_24_cutoff_100.tsv	96	7cdee46d5b7c8d72ccb0a11dba961ffbcba4f7235bd98a56ece76e53de6e2ce2
directional_review	54:24	34:31	weak	weak	54:24	34:31	34:31	cross_surah	label_target_note	ranked_review	Collective refusal of revelation and later dispute are too broad to add much here.	focus_54_24_cutoff_100.tsv	97	19919dc7b055c329fc01c24b2b362acf91afc2654c042e9fbd4ce6df9e916e36
directional_review	54:24	17:97	medium	medium	54:24	17:97	17:97	cross_surah	label_target_note	ranked_review	Embodies lost direction and renewed blaze as a consequence, though later cards already establish this strongly.	focus_54_24_cutoff_100.tsv	98	c03a2805e18f8d3b5d4f97e6c34182c3641d27583dca2a0e81f8fbccd3122ae2
directional_review	54:24	2:196	no value	no value	54:24	2:196	2:196	cross_surah	label_target_note	ranked_review	The pilgrimage regulations have no material link to the focus ayah.	focus_54_24_cutoff_100.tsv	99	10c4fe15d93705cce99f7f9dbf210d7cf628fe0c9034a594ae3a183b8a34a6a8
directional_review	54:24	4:116	medium	medium	54:24	4:116	4:116	cross_surah	label_target_note	ranked_review	Associating others with ultimate allegiance yields far error, extending the structural stakes of whom one follows.	focus_54_24_cutoff_100.tsv	100	2b5648772b717a944e7d0c16e6d46b3aec45c46091e0c1c14121cdd12c3f3330
directional_review	54:24	2:247	medium	medium	54:24	2:247	2:247	cross_surah	label_target_note	missing_ayah_suggestion	A people's resistance to one appointed leader invokes their own collective worth, sharpening the one-versus-many tension.	focus_54_24_cutoff_100.tsv	101	acf0dacb1bcad836d073b2eab574f4809c39f446097e7e49de86d27a57699c05
directional_review	54:24	6:8	medium	medium	54:24	6:8	6:8	cross_surah	label_target_note	missing_ayah_suggestion	The demand for an angel discloses a criterion that refuses an ordinary human bearer.	focus_54_24_cutoff_100.tsv	102	6c8fd31116f2beeaf9d0830d53bdd004d073ee4b89ad41ab9d839fe94e635400
directional_review	54:24	6:9	medium	medium	54:24	6:9	6:9	cross_surah	label_target_note	missing_ayah_suggestion	The hypothetical angel would appear in human form, qualifying the assumption that a nonhuman appearance would settle authority.	focus_54_24_cutoff_100.tsv	103	89385e3da91e6e40cfb404e73a3e6115ac3d883f941c9f9506be76f2b822b3b0
directional_review	54:24	6:50	medium	medium	54:24	6:50	6:50	cross_surah	label_target_note	missing_ayah_suggestion	The messenger's refusal to claim angelic status separates his authority from a demand for a different visible nature.	focus_54_24_cutoff_100.tsv	104	c0df2d07afb0329aa79307c1919787a00f0a784a0c062a10a77bf4ab9506e7a6
directional_review	54:24	6:91	strong	strong	54:24	6:91	6:91	cross_surah	label_target_note	missing_ayah_suggestion	Directly records denial that anything could be sent down to a human being.	focus_54_24_cutoff_100.tsv	105	2db0acc4e4aa9152e449e9d7df1c0217befd93d8b125ee60666180a141ca12ab
directional_review	54:24	7:63	medium	medium	54:24	7:63	7:63	cross_surah	label_target_note	missing_ayah_suggestion	Questions the surprise at a reminder arriving through a man from among the community.	focus_54_24_cutoff_100.tsv	106	7b97882e533e13a6d58a4540715e98865310f5c23cc242c97e5fe80e43c86e38
directional_review	54:24	7:66	medium	medium	54:24	7:66	7:66	cross_surah	label_target_note	missing_ayah_suggestion	Parallels elite figures assigning deficiency to a messenger rather than receiving his warning.	focus_54_24_cutoff_100.tsv	107	94ac3a1a5ca217e34e851918ba152af593dc5c5b4a9efed6754b202406eb8da3
directional_review	54:24	7:69	medium	medium	54:24	7:69	7:69	cross_surah	label_target_note	missing_ayah_suggestion	Again frames a warning through a man from among the people as the object of communal surprise.	focus_54_24_cutoff_100.tsv	108	40d03ad92055edaf3d6ba5ccaafad428e8788ffdc965c3f267097b1017bb6be0
directional_review	54:24	7:75	medium	medium	54:24	7:75	7:75	cross_surah	label_target_note	missing_ayah_suggestion	Contrasts arrogant rejection with the weak group's commitment to what was sent with the messenger.	focus_54_24_cutoff_100.tsv	109	87962ee962be2bc91cf1395227c2fd4f5de0b52340743f0f7e6743dfa2c57d4a
directional_review	54:24	7:88	medium	medium	54:24	7:88	7:88	cross_surah	label_target_note	missing_ayah_suggestion	Shows chiefs answering a prophetic call with coercive exclusion rather than engagement.	focus_54_24_cutoff_100.tsv	110	d22d603efaa397e2276f5228932742e325ceab871b5d9eba233798bf6d3d0426
directional_review	54:24	7:184	strong	strong	54:24	7:184	7:184	cross_surah	label_target_note	missing_ayah_suggestion	Explicitly rejects the charge of madness against the community's companion and recasts him as a clear warner.	focus_54_24_cutoff_100.tsv	111	5cbc22552a73d8cf0e53954d3ee2759c8b5798143eefad38d392e9ad6238c6d0
directional_review	54:24	10:2	strong	strong	54:24	10:2	10:2	cross_surah	label_target_note	missing_ayah_suggestion	Directly treats revelation to a man from among the people as the very matter they find astonishing.	focus_54_24_cutoff_100.tsv	112	8e5bf555779eb85de42394bccc4d0eb68facedad6cb3e98788f87f3a6ca9d47a
directional_review	54:24	11:12	medium	medium	54:24	11:12	11:12	cross_surah	label_target_note	missing_ayah_suggestion	The demand for treasure or an angel shows how visible expectations are imposed on the messenger.	focus_54_24_cutoff_100.tsv	113	b64abe154c5a2b9a7d4bbe4462fe0bebf949d077c919e53fc72e9264419959f1
directional_review	54:24	11:31	medium	medium	54:24	11:31	11:31	cross_surah	label_target_note	missing_ayah_suggestion	The messenger disavows angelic claims while maintaining the force of his warning.	focus_54_24_cutoff_100.tsv	114	bef1e265b35aaaf814015b3d54a827c74bdf4fed3e6ffbd98d877790ce4e6791
directional_review	54:24	12:109	medium	medium	54:24	12:109	12:109	cross_surah	label_target_note	missing_ayah_suggestion	States that the messengers sent before were men from settled communities, providing a broad counterpattern.	focus_54_24_cutoff_100.tsv	115	37ec34699b7fbf2bb6313bd1cc48136edb26863a82bc0d7b4a8cf37f051ec695
directional_review	54:24	14:10	strong	strong	54:24	14:10	14:10	cross_surah	label_target_note	missing_ayah_suggestion	Records the objection that the messengers are only humans like their hearers.	focus_54_24_cutoff_100.tsv	116	c5e0a66c8f8d02c72cc3a7d46c501b313a3329ae8d506b1302d39b528511cf7b
directional_review	54:24	14:11	strong	strong	54:24	14:11	14:11	cross_surah	label_target_note	missing_ayah_suggestion	Answers that shared humanity does not negate differentiated favor and mission.	focus_54_24_cutoff_100.tsv	117	adaff2cbb0c59d55ad6a0e5c67571937c32872ccf500b2202e55b69d63514599
directional_review	54:24	15:6	strong	strong	54:24	15:6	15:6	cross_surah	label_target_note	missing_ayah_suggestion	Pairs being addressed as recipient of the Reminder with the accusation of madness.	focus_54_24_cutoff_100.tsv	118	7236236b8638ec4f43ffe69b03592b0a14d98ad05e2807455457fa8656cce278
directional_review	54:24	15:7	medium	medium	54:24	15:7	15:7	cross_surah	label_target_note	missing_ayah_suggestion	The demand that angels be brought supplies a secondary visible-proof objection.	focus_54_24_cutoff_100.tsv	119	e2ce44d340dfa2390c1251dfbd3d1ff8e015bdf71d1eb913e9215dfdae729dd3
directional_review	54:24	16:43	strong	strong	54:24	16:43	16:43	cross_surah	label_target_note	missing_ayah_suggestion	States that prior recipients of sending were men, not a separate visible order.	focus_54_24_cutoff_100.tsv	120	7188446a82cc2a5e31c31299a7e3dad71b063bca6e3d4c6f426378e99810788d
directional_review	54:24	16:103	medium	medium	54:24	16:103	16:103	cross_surah	label_target_note	missing_ayah_suggestion	Reduces the message to human instruction, a source-level version of judging by visible human agency.	focus_54_24_cutoff_100.tsv	121	941e726a5e122bab186bd820be5ca6b47927a451773377e776bb28f06df09f3f
directional_review	54:24	17:47	strong	strong	54:24	17:47	17:47	cross_surah	label_target_note	missing_ayah_suggestion	Directly joins the act of following with the accusation that the followed man is bewitched.	focus_54_24_cutoff_100.tsv	122	2c804b98f2dccee20315dec6535a32ff017a5f538f99c76590576ad9a01baf55
directional_review	54:24	17:94	strong	strong	54:24	17:94	17:94	cross_surah	label_target_note	missing_ayah_suggestion	Explicitly identifies the human messenger as the stumbling block in people's refusal to believe.	focus_54_24_cutoff_100.tsv	123	97c1dae4aaf4c515968f0b88cf197716e8b49fec4b32196b25ea72c401b3e712
directional_review	54:24	17:95	medium	medium	54:24	17:95	17:95	cross_surah	label_target_note	missing_ayah_suggestion	Uses earthly human habitation to explain why a human messenger is the fitting form there.	focus_54_24_cutoff_100.tsv	124	a4de71d257d2fef127a22ea003ff6a333b88b83a0e163b1a91842c16604ec739
directional_review	54:24	21:3	strong	strong	54:24	21:3	21:3	cross_surah	label_target_note	missing_ayah_suggestion	Has wrongdoers dismiss the message as magic because its bearer is a human like themselves.	focus_54_24_cutoff_100.tsv	125	09cb92d68ac8a76df2cef92c431c93d1a34ad452cb5cf74326acfa664373226a
directional_review	54:24	21:7	strong	strong	54:24	21:7	21:7	cross_surah	label_target_note	missing_ayah_suggestion	States that those sent before were men who received revelation.	focus_54_24_cutoff_100.tsv	126	63d5a850499ed160162cc44967d70c15bd07efe5688991371bf92e9884d4fdce
directional_review	54:24	21:8	medium	medium	54:24	21:8	21:8	cross_surah	label_target_note	missing_ayah_suggestion	Clarifies that prior messengers possessed ordinary bodily needs and were not immortal bodies.	focus_54_24_cutoff_100.tsv	127	279156103a77896012d39aec8cee61945a0063f1865516d9df3497fc6a71e679
directional_review	54:24	21:36	medium	medium	54:24	21:36	21:36	cross_surah	label_target_note	missing_ayah_suggestion	Shows the messenger being made an object of mockery when he mentions other objects of devotion.	focus_54_24_cutoff_100.tsv	128	4536d2cbb017ca74675b02e925745c8c8cbbc49db8230c11074d103d3a3b6af9
directional_review	54:24	23:24	strong	strong	54:24	23:24	23:24	cross_surah	label_target_note	missing_ayah_suggestion	Closely parallels the objection to a human like the audience, joined to fear that he seeks superiority over them.	focus_54_24_cutoff_100.tsv	129	01ca3e14fa201e7da71de06f4054e09d10994d937c39f3c709e47839aee3ec4a
directional_review	54:24	23:25	strong	strong	54:24	23:25	23:25	cross_surah	label_target_note	missing_ayah_suggestion	Calls the messenger a man affected by madness, making the disqualifying label explicit.	focus_54_24_cutoff_100.tsv	130	56fedd12d08533c3a954296fac94540c29dda82b741e2efa1ffcf896892ad654
directional_review	54:24	23:33	strong	strong	54:24	23:33	23:33	cross_surah	label_target_note	missing_ayah_suggestion	Repeats the human-like-us objection while making the messenger's social elevation a point of resistance.	focus_54_24_cutoff_100.tsv	131	5d035d798aca89f320f42b5e91ab67059ec63951ee7dd18ec05f816789463453
directional_review	54:24	23:34	strong	strong	54:24	23:34	23:34	cross_surah	label_target_note	missing_ayah_suggestion	Directly says that following a human like the audience would make them losers.	focus_54_24_cutoff_100.tsv	132	b0bb28805651afb8896eeae90b19e0fb0ed55526c32761e1432565d5746b05db
directional_review	54:24	23:38	medium	medium	54:24	23:38	23:38	cross_surah	label_target_note	missing_ayah_suggestion	Labels a messenger a fabricator, extending the recurrent reclassification of a warning as personal invention.	focus_54_24_cutoff_100.tsv	133	1a82425c872df441f478cae2dcb35f9f13885fd8e4505236b11302e4e3e94daa
directional_review	54:24	25:7	strong	strong	54:24	25:7	25:7	cross_surah	label_target_note	missing_ayah_suggestion	Treats eating food and moving through markets as objections to the messenger's authority.	focus_54_24_cutoff_100.tsv	134	e849eaa3d9bd5e8c1eed9a1e7e23622a9e8f9790f7dcaaadeaceb885a880ff42
directional_review	54:24	25:8	strong	strong	54:24	25:8	25:8	cross_surah	label_target_note	missing_ayah_suggestion	Directly connects following the messenger with the allegation that he is a bewitched man.	focus_54_24_cutoff_100.tsv	135	8f460b4aa785bf07fb9e7734c750125f2f8062cc0466d0a00ef8f5ef1794c23f
directional_review	54:24	25:20	medium	medium	54:24	25:20	25:20	cross_surah	label_target_note	missing_ayah_suggestion	Makes ordinary human life, food, and markets a shared feature of earlier messengers.	focus_54_24_cutoff_100.tsv	136	59898a1fbff5ff328d2269ae82731144d101c3ffb521b88a1f4bcb27d14a4abe
directional_review	54:24	25:41	medium	medium	54:24	25:41	25:41	cross_surah	label_target_note	missing_ayah_suggestion	Shows mockery of the one whom God sent as messenger.	focus_54_24_cutoff_100.tsv	137	d1d5f661e63e48f961afebeae55d3dfd1ea6cbd78fb0aa45a4a42aef8b21b1d8
directional_review	54:24	26:27	strong	strong	54:24	26:27	26:27	cross_surah	label_target_note	missing_ayah_suggestion	Records the messenger being called mad by the ruler's audience.	focus_54_24_cutoff_100.tsv	138	0f6a897a5de0884a66b6f1ed09baecb7ca57bd19dbcdd8f1d839b5ad90e9e246
directional_review	54:24	26:153	strong	strong	54:24	26:153	26:153	cross_surah	label_target_note	missing_ayah_suggestion	Uses a discrediting label before the same community's human-like-us objection in the next verse.	focus_54_24_cutoff_100.tsv	139	e499643666f3c529aa9e4fbf53d483b02781cf041efb679db821d7177c164774
directional_review	54:24	34:7	medium	medium	54:24	34:7	34:7	cross_surah	label_target_note	missing_ayah_suggestion	A man's warning of restoration after disintegration is met with derision, extending resistance to a human warning-bearer.	focus_54_24_cutoff_100.tsv	140	7c16bd459ed0f47113a95f3998225a23efc73a26275919829c044428f2f6f09a
directional_review	54:24	34:8	strong	strong	54:24	34:8	34:8	cross_surah	label_target_note	missing_ayah_suggestion	Places the alternatives of fabrication and madness on the messenger, then reverses the far-error judgment onto the opponents.	focus_54_24_cutoff_100.tsv	141	9846a36e9301670d07efa9fc84135e9ca000f06b9c659231c6fd7c95b7cfd93e
directional_review	54:24	34:43	medium	medium	54:24	34:43	34:43	cross_surah	label_target_note	missing_ayah_suggestion	Dismisses the message as the work of an ordinary man seeking to divert people from inherited worship.	focus_54_24_cutoff_100.tsv	142	77a2c45d7e5423f07576ae16dd5759cc0cfd2d3ed3e0c12ffafbbb92515378ef
directional_review	54:24	37:36	medium	medium	54:24	37:36	37:36	cross_surah	label_target_note	missing_ayah_suggestion	Links abandonment of inherited gods to the accusation that the messenger is a mad poet.	focus_54_24_cutoff_100.tsv	143	f4c5fa45978457bf38a6eafb96854762a200a242d338ca8471f6b4176a1c7071
directional_review	54:24	38:4	strong	strong	54:24	38:4	38:4	cross_surah	label_target_note	missing_ayah_suggestion	The leaders marvel that a warner has arisen from among them, closely echoing disputed selection within the group.	focus_54_24_cutoff_100.tsv	144	096134382ee1fcf89134400c14f2425bc9e9ac8f591ade025dcf1d499f947f9c
directional_review	54:24	43:31	strong	strong	54:24	43:31	43:31	cross_surah	label_target_note	missing_ayah_suggestion	Challenges why the message was not given to a socially greater man, exposing status as a rival criterion of selection.	focus_54_24_cutoff_100.tsv	145	7b75f53ddc246df78232496ea0373e266ec25d91246efc228fde07febe21f254
directional_review	54:24	44:14	medium	medium	54:24	44:14	44:14	cross_surah	label_target_note	missing_ayah_suggestion	Restates the paired claim that the messenger is taught and mad.	focus_54_24_cutoff_100.tsv	146	1a329944b6452500102e82334fc58c445d0c98e5bddca87c954762ff2664dfe4
directional_review	54:24	46:9	medium	medium	54:24	46:9	46:9	cross_surah	label_target_note	missing_ayah_suggestion	The messenger's refusal to claim novelty among messengers provides a modest counter to exceptionalist demands.	focus_54_24_cutoff_100.tsv	147	325796310fc272836bcb6ec76420b9806555535fff212915de877a384d6f14b0
directional_review	54:24	51:52	medium	medium	54:24	51:52	51:52	cross_surah	label_target_note	missing_ayah_suggestion	Generalizes the recurrent naming of every messenger as magician or mad.	focus_54_24_cutoff_100.tsv	148	b907852f07a4afe663e18cd062b14aa690b72421ffe78c5d5d520d16effc0447
directional_review	54:24	52:29	medium	medium	54:24	52:29	52:29	cross_surah	label_target_note	missing_ayah_suggestion	Explicitly denies that the messenger is a soothsayer or mad, preserving both rejected readings as accusations.	focus_54_24_cutoff_100.tsv	149	ce28a9854031c0e3240247b41b3a92da29b5fec4ff34df40fea95e84c5a30693
directional_review	54:24	54:9	strong	strong	54:24	54:9	54:9	same_surah	label_target_note	missing_ayah_suggestion	The people of Noah deny a servant and call him mad, furnishing a close earlier-surah precedent.	focus_54_24_cutoff_100.tsv	150	98505f2f71528ab5142003bff68e1e9202a66b2053c76f543ec717d3605008ff
directional_review	54:24	68:2	medium	medium	54:24	68:2	68:2	cross_surah	label_target_note	missing_ayah_suggestion	Directly denies madness of the messenger by grace, a concise counter to the recurring label.	focus_54_24_cutoff_100.tsv	151	c74c130730e35fb233e5ca932aa905a74ba68ced959f202afd79f651e7f3ba86
directional_review	54:24	81:22	medium	medium	54:24	81:22	81:22	cross_surah	label_target_note	missing_ayah_suggestion	Directly denies madness of the companion, reinforcing the rejected accusation without collapsing it into the focus scene.	focus_54_24_cutoff_100.tsv	152	93b2a62751610dc2f9af4239b8983502c63bc604b8541d66490c35d71de99914
reciprocal_nomination	54:24	2:13		strong	2:13	54:24	54:24	cross_surah	label_target_note	missing_ayah_suggestion	Rejects following a single human as error and madness.	focus_2_13_cutoff_100.tsv	194	c8ce6fffb3f7a19def7d4f4ffd5938bcf3557d8f3be46be92c5c1c356ebe9741
reciprocal_counterevidence	54:24	2:133		no value	2:133	54:24	54:24	cross_surah	label_target_note	ranked_review	Following one human figure is unrelated to the focus's one deity.	focus_2_133_cutoff_100.tsv	70	94d270f0d984859e3d48aecfe11570b2a9f8b5fa4b4add0292c18e4917960f9f
reciprocal_nomination	54:24	3:74		weak	3:74	54:24	54:24	cross_surah	label_target_note	ranked_review	Channel preserves a rejected-singular-human parallel, but it is indirect.	focus_3_74_cutoff_100.tsv	44	4b13082788513a1e33be7178e8b2dc0aaabbeba6986b8afb47f7db9b1c45aa67
reciprocal_nomination	54:24	3:80		weak	3:80	54:24	54:24	cross_surah	label_target_note	ranked_review	The objection to following one human records a dispute but does not itself clarify proper authority.	focus_3_80_cutoff_100.tsv	50	c4e9e560ee759743fc9202536cabed372f2b97ea5f88941748eee4ed958c3b50
reciprocal_nomination	54:24	3:99		weak	3:99	54:24	54:24	cross_surah	label_target_note	ranked_review	The speakers label following a human as error, a remote contrary resonance.	focus_3_99_cutoff_100.tsv	53	ec4da34180f7a8052c59bc27ef763e8230b284c2b9cb42bfae9a2932eaf6fc20
reciprocal_counterevidence	54:24	4:102		no value	4:102	54:24	54:24	cross_surah	label_target_note	ranked_review	The objection to following one person does not illuminate group rotation or vigilance.	focus_4_102_cutoff_100.tsv	48	0ea1206bfb78459d044f2d3987c92ba8f86163bf4ba1b8e7f86349e8048feac3
reciprocal_nomination	54:24	4:116		weak	4:116	54:24	54:24	cross_surah	label_target_note	ranked_review	Role reversal in accusations of straying is a secondary parallel, not a direct explanation.	focus_4_116_cutoff_100.tsv	80	8345c202b0610c75f93687707da8ff4987aca7408181a5f6ca26810b8c4f4c97
reciprocal_nomination	54:24	4:120		weak	4:120	54:24	54:24	cross_surah	label_target_note	ranked_review	Channel-level resonance preserves the paired error-and-burning reading.	focus_4_120_cutoff_100.tsv	74	eb84d0813eef6068344678df19d3310c5ec78dd9da32735366d5e576236f88ec
reciprocal_nomination	54:24	4:136		weak	4:136	54:24	54:24	cross_surah	label_target_note	ranked_review	A rejected messenger-following claim offers only a broad contrary response pattern.	focus_4_136_cutoff_100.tsv	98	ae9824ed0cb28a69b1c265ac489291fc7fce6b89733f1d5662a37c3e449932d1
reciprocal_nomination	54:24	5:18		strong	5:18	54:24	54:24	cross_surah	label_target_note	ranked_review	Human appearance is wrongly made a reason to reject divinely sent guidance.	focus_5_18_cutoff_100.tsv	27	47b6db57f192ad947d529b112e6411445e4133547d48c3dfc8a60a1b1648f140
reciprocal_nomination	54:24	5:26		medium	5:26	54:24	54:24	cross_surah	label_target_note	ranked_review	Branch resonance preserves refusal to follow as a parallel route into deviation.	focus_5_26_cutoff_100.tsv	45	2f33762e0ee5fbaa05c1710682e3eb7b4e051902fbe1237f48ef90ea57ab3d57
reciprocal_nomination	54:24	5:70		strong	5:70	54:24	54:24	cross_surah	label_target_note	missing_ayah_suggestion	A messenger is rejected through objection to following one human from among them.	focus_5_70_cutoff_100.tsv	166	f43ba6f60d4e5efb5ef2cfe59b53937130f6d7b932a667501755ed0ff85c9897
reciprocal_nomination	54:24	5:115		strong	5:115	54:24	54:24	cross_surah	label_target_note	missing_ayah_suggestion	Denial around the singled-out ayah provides a close counterpart to post-sign kufr.	focus_5_115_cutoff_100.tsv	148	45fb91e9ee00997c2e7ce432af39168d0ec7052837dd9e1453c6205854fb5674
reciprocal_nomination	54:24	6:9		strong	6:9	54:24	54:24	cross_surah	label_target_note	missing_ayah_suggestion	Makes following a single human the explicit point of resistance.	focus_6_9_cutoff_100.tsv	139	982d6e018df660d8dd46857ebc13c1171027e2d17d6071555e221abbaaf0aa38
reciprocal_nomination	54:24	7:75		strong	7:75	54:24	54:24	cross_surah	label_target_note	missing_ayah_suggestion	Their objection centers on following a single human from among themselves.	focus_7_75_cutoff_100.tsv	125	8be0cf789ec5354ac8fbaf4cf0ac0439c67aaa85b8243963b3d368d47e45e777
reciprocal_nomination	54:24	7:77		medium	7:77	54:24	54:24	cross_surah	label_target_note	missing_ayah_suggestion	Shows their resistance to following a human messenger from among themselves.	focus_7_77_cutoff_100.tsv	125	d01cfaac641cedb187a008314f3e7ffc68ac2a403cbe77f609200fe1da77745d
reciprocal_nomination	54:24	7:78		medium	7:78	54:24	54:24	cross_surah	label_target_note	missing_ayah_suggestion	Thamud reject the human messenger and his warning.	focus_7_78_cutoff_100.tsv	165	d325be1c3804f80713b1c551a386925016d91cdd22b6e92576634a9bfcb65798
reciprocal_nomination	54:24	7:132		medium	7:132	54:24	54:24	cross_surah	label_target_note	missing_ayah_suggestion	Human status and madness charges support the broader mechanism of rejecting a messenger before his evidence.	focus_7_132_cutoff_100.tsv	171	dcebfdfd1f3741f3f2135f5ab2129e79aa26fad1ca0eb16a4ce1e3bd31c8a62f
reciprocal_nomination	54:24	7:178		weak	7:178	54:24	54:24	cross_surah	label_target_note	missing_ayah_suggestion	A group labels following a human as error; speaker-bound context.	focus_7_178_cutoff_100.tsv	205	84de421fdb59245cc037bb295567abc803cf2ee223e4d59550928480c38c4532
reciprocal_counterevidence	54:24	9:31		no value	9:31	54:24	54:24	cross_surah	label_target_note	ranked_review	Objection to following a human messenger lacks a usable focus link.	focus_9_31_cutoff_100.tsv	79	e4fd8bf651be2cf6d7c43cc35274303235f20863f82f86ffaa02774339747a48
reciprocal_counterevidence	54:24	9:36		no value	9:36	54:24	54:24	cross_surah	label_target_note	ranked_review	The branch resonance is unlocalized and unrelated to the focal content.	focus_9_36_cutoff_100.tsv	86	0b302d5a3f823dd83a2ec57615c49b41936ba26fc4c1a10ce7856a74280d1f33
reciprocal_nomination	54:24	11:12		medium	11:12	54:24	54:24	cross_surah	label_target_note	missing_ayah_suggestion	Objects to following a lone human from among the people.	focus_11_12_cutoff_100.tsv	165	f1222a9f41966f642619071225830aa5e28e24a850fd0af806de693702d26bd8
reciprocal_nomination	54:24	11:27		strong	11:27	54:24	54:24	cross_surah	label_target_note	missing_ayah_suggestion	Refusal to follow a human messenger is framed as an appraisal error.	focus_11_27_cutoff_100.tsv	114	871e08f175d5636a50c91210641f5add481843665798ad6ca448279f0678c9d7
reciprocal_nomination	54:24	11:91		medium	11:91	54:24	54:24	cross_surah	label_target_note	missing_ayah_suggestion	Following a single human is presented as an unacceptable loss of status.	focus_11_91_cutoff_100.tsv	170	eb84184cf478db4d98dd7b9106e608928478e60c5481800a892fce33f11438d6
reciprocal_nomination	54:24	12:8		strong	12:8	54:24	54:24	cross_surah	label_target_note	ranked_review	Konuşanların bir kişiyi izlemeyi sapkınlık sayması, 12:8'deki baba hakkındaki suçlamanın karşıt imkânını belirginleştirir.	focus_12_8_cutoff_100.tsv	4	f32fa6f43e1fe4f3228a5b0ebd05d55d6e29fbd76e3c46b0e209e1ee1cbf9d22
reciprocal_nomination	54:24	12:14		medium	12:14	54:24	54:24	cross_surah	label_target_note	ranked_review	Parallels the formula that frames a chosen response as loss, showing interested loss-language.	focus_12_14_cutoff_100.tsv	4	7dfa62ffe2f67cd75d70954a45521df03c4f617b5e36e6c155faeb1eb07ffe21
reciprocal_counterevidence	54:24	12:67		no value	12:67	54:24	54:24	cross_surah	label_target_note	ranked_review	Tek kişiye uyma tartışması, 12:67’ye belirgin bir katkı vermez.	focus_12_67_cutoff_100.tsv	30	c2c6f4462f03b7e90bb9873d8f0ccededee312013fcca0b2761b5bf9357d4d40
reciprocal_counterevidence	54:24	12:79		no value	12:79	54:24	54:24	cross_surah	label_target_note	ranked_review	Tek kişiye uyma itirazı, buluntuya bağlı alma veya ikame sorununu açmaz.	focus_12_79_cutoff_100.tsv	73	fa1ae7b9c29d1a61b9949b3f888d3e35248ddd18854ecb6e681470c8e607759a
reciprocal_nomination	54:24	12:91		weak	12:91	54:24	54:24	cross_surah	label_target_note	ranked_review	The speakers characterize following as error, but remain in refusal rather than confession.	focus_12_91_cutoff_100.tsv	60	76a1d7535362c0050ccdbccf1cabc0af492c1b8a44315ef5f25fb87fd701718b
reciprocal_nomination	54:24	12:95		medium	12:95	54:24	54:24	cross_surah	label_target_note	ranked_review	يحفظ اتهامَ متّبعٍ بالضلال ثم انقلابَه على المتهمين أنفسهم في السياق.	focus_12_95_cutoff_100.tsv	10	5b8b74fff2c40356c86643eeada9e83f40545fa74071036812343f95a267823a
reciprocal_nomination	54:24	14:10		strong	14:10	54:24	54:24	cross_surah	label_target_note	missing_ayah_suggestion	Directly rejects following a single human from among the hearers.	focus_14_10_cutoff_100.tsv	166	4a418de20efc5230c83d90a7b9ee95bf54aed078a6262903c29c5509dae1667a
reciprocal_nomination	54:24	14:11		strong	14:11	54:24	54:24	cross_surah	label_target_note	missing_ayah_suggestion	Bir beşere uyma itirazını ve bununla bağlantılı sapma suçlamasını açıkça verir.	focus_14_11_cutoff_100.tsv	145	a7d2eaa64ac35c104e8647cf27659a6db6fcfd820b8960ee349ee40b01731232
reciprocal_nomination	54:24	15:6		medium	15:6	54:24	54:24	cross_surah	label_target_note	missing_ayah_suggestion	Adds rejection of following one human individual and frames the issue as a contested guidance claim.	focus_15_6_cutoff_100.tsv	135	211f3f9c40df97a53a06b94204c8a1361e0340158c45ce0e16818a968882e7f0
reciprocal_nomination	54:24	15:11		medium	15:11	54:24	54:24	cross_surah	label_target_note	missing_ayah_suggestion	Kendileri gibi tek bir beşere uyma itirazı, elçi taşıyıcısına indirgenmiş reddi tekrarlar.	focus_15_11_cutoff_100.tsv	151	32b4c9fbd87a67a4adb9533d1316fb8565c26ea5797f880e200cb6adc6ad05f7
reciprocal_nomination	54:24	15:28		medium	15:28	54:24	54:24	cross_surah	label_target_note	ranked_review	Tek bir beşere uymayı küçümseyen itirazı gösterir; görünür insanlığı yetkiyi reddetme ölçüsü yapma eğilimine paralel bir karşıt okuma sunar.	focus_15_28_cutoff_100.tsv	21	fc52e5b4761157912323b4223374c74ec61cdfc9433913fdbee4f4b303d62aa6
reciprocal_counterevidence	54:24	15:52		no value	15:52	54:24	54:24	cross_surah	label_target_note	ranked_review	Rejection of a human messenger is unrelated to the household encounter.	focus_15_52_cutoff_100.tsv	46	88d7e5ec5e3e7f5e7de9bc2d131aba216b7498b9b63e6dd3e4ee1aa814a0921a
reciprocal_nomination	54:24	15:56		medium	15:56	54:24	54:24	cross_surah	label_target_note	ranked_review	The reversal of a dalal accusation supports the focus term's polemical complexity.	focus_15_56_cutoff_100.tsv	83	4b668b9ea93c3757fca948d10c67e1af512b24cd58bfb933d139060cf113f25a
reciprocal_nomination	54:24	15:80		strong	15:80	54:24	54:24	cross_surah	label_target_note	missing_ayah_suggestion	Beşer elçiye itiraz ve sapma iddiası, 15:80'deki ret söyleminin içeriğini açar.	focus_15_80_cutoff_100.tsv	157	cc025c5c016609d0f787695a6c8a3685bb26335dd5e3eef1eb82049aa10af74d
reciprocal_nomination	54:24	15:82		strong	15:82	54:24	54:24	cross_surah	label_target_note	missing_ayah_suggestion	Their rejection of the human messenger supplies the central refusal behind the outcome.	focus_15_82_cutoff_100.tsv	151	954d666299b1b226a41c72d919cac3b563da10b371dede9e00d4a9f711a4ff71
reciprocal_nomination	54:24	17:16		medium	17:16	54:24	54:24	cross_surah	label_target_note	missing_ayah_suggestion	Shows elite-like self-exception and rejection within the Thamud narrative.	focus_17_16_cutoff_100.tsv	211	1f30c17d0a324e82062b49a917c36a7d7b91ec177b65364c077d19048fe4d205
reciprocal_nomination	54:24	17:37		medium	17:37	54:24	54:24	cross_surah	label_target_note	missing_ayah_suggestion	Refusal to follow one human from among them exposes status pride against a messenger.	focus_17_37_cutoff_100.tsv	249	28a064a5d878b2a43e300ccbceb3bd1a33f8391a68d605ba1f1fefcf4ec6ab33
reciprocal_nomination	54:24	17:47		strong	17:47	54:24	54:24	cross_surah	label_target_note	missing_ayah_suggestion	Questions following a single human and calls that following manifest error and madness.	focus_17_47_cutoff_100.tsv	156	cc0fd14064176a66a6edb1af45f0397c1e832e0db7b988e20f886f9f08d4ee38
reciprocal_nomination	54:24	17:59		medium	17:59	54:24	54:24	cross_surah	label_target_note	missing_ayah_suggestion	Records Thamud's rejection of a human messenger and his warning.	focus_17_59_cutoff_100.tsv	156	d32e5c009d96ab6013170f2e242a4d5feba13f05ae8e7af2684c1df01d56ad02
reciprocal_nomination	54:24	17:72		weak	17:72	54:24	54:24	cross_surah	label_target_note	ranked_review	Preserves the reversal in which an accusation of ضلال returns to speakers.	focus_17_72_cutoff_100.tsv	65	070481b01f7ebbb3f132e0e13924ec091d5b2f29ff5e2341ef803933bfc6ce99
reciprocal_nomination	54:24	17:93		strong	17:93	54:24	54:24	cross_surah	label_target_note	missing_ayah_suggestion	Makes the prospect of following a single human the explicit ground for rejection.	focus_17_93_cutoff_100.tsv	148	1b0cf80fcf46751d65ef1dba20ecd8f7681c369d4579092285d7b018d0763485
reciprocal_nomination	54:24	17:94		strong	17:94	54:24	54:24	cross_surah	label_target_note	ranked_review	Direct parallel: being a human like the audience is made grounds for refusal.	focus_17_94_cutoff_100.tsv	24	237feb247778df1d91e9f2019bcb8c345d1d90364c97a91ef65516b857340f26
reciprocal_nomination	54:24	17:95		strong	17:95	54:24	54:24	cross_surah	label_target_note	missing_ayah_suggestion	The refusal to follow a single human shows the same status-based barrier to receiving guidance.	focus_17_95_cutoff_100.tsv	155	b97281411f6b6ea41fee0b6e512c8348f3f0cbca160b66301e994679b7df6403
reciprocal_nomination	54:24	17:97		medium	17:97	54:24	54:24	cross_surah	label_target_note	ranked_review	Frames rejected following as alleged loss and burning, later reversed upon its speakers.	focus_17_97_cutoff_100.tsv	18	15824c98da6483b961bd1d3cd4b6f85c62d88e9e8635708e995e815c98911d80
reciprocal_counterevidence	54:24	18:14		no value	18:14	54:24	54:24	cross_surah	label_target_note	ranked_review	Topluluğun bir kişiyi izlemeyi reddi, ayete özgü kalp-rabt bağını açmaz.	focus_18_14_cutoff_100.tsv	49	aabdb935793bddf2a821507380d33fdde93bbd618c4e9a1a0bf9d24fef22ecbe
reciprocal_nomination	54:24	18:56		strong	18:56	54:24	54:24	cross_surah	label_target_note	missing_ayah_suggestion	Thamud reject the possibility that guidance could come through a single human messenger.	focus_18_56_cutoff_100.tsv	198	b1ba62de494d6100f2beca7c76e82d0394ba567580861dde48f2186804949ca2
reciprocal_nomination	54:24	18:110		strong	18:110	54:24	54:24	cross_surah	label_target_note	ranked_review	Shows rejection of a messenger precisely because he is a human like his hearers, the claim affirmed in the focus.	focus_18_110_cutoff_100.tsv	9	9f08f09fc68da007420fce1721a004711f1556dccf560ca1bcc51ae3ac552ac9
reciprocal_nomination	54:24	19:20		medium	19:20	54:24	54:24	cross_surah	label_target_note	ranked_review	Rejecting a lone human messenger parallels treating human appearance as grounds to deny divine commission.	focus_19_20_cutoff_100.tsv	43	07e9af9119b8f1620846ee6758574fa21fd7067b2c897b3db3b8e507e40e57cc
reciprocal_counterevidence	54:24	20:45		no value	20:45	54:24	54:24	cross_surah	label_target_note	ranked_review	A people's refusal to follow a single human messenger is not a focused parallel to Pharaoh's threatened action.	focus_20_45_cutoff_100.tsv	79	fb11d7bfdd71e276027ec92caeedee01057f4e5cbc6d74b726748918a9e81b4a
reciprocal_nomination	54:24	20:85		weak	20:85	54:24	54:24	cross_surah	label_target_note	ranked_review	The accusation that following a human would be misguidance is a remote reversal of the focus's actual misleading.	focus_20_85_cutoff_100.tsv	56	541fb9ce1ae24b0b0988ef7d9029aa8ef2d4b0147abe97186269f59ad88a0b8d
reciprocal_nomination	54:24	20:87		weak	20:87	54:24	54:24	cross_surah	label_target_note	ranked_review	The rejection of following one human as error faintly resonates with claims of misleading leadership, but remains distant.	focus_20_87_cutoff_100.tsv	77	f8a2ca3450a3070bd7872c44b3f9b8d7fb6eb8842a2d268516eecb7f82d4116c
reciprocal_nomination	54:24	21:3		medium	21:3	54:24	54:24	cross_surah	label_target_note	missing_ayah_suggestion	The rejection asks whether a human among them should be followed, a concentrated form of the focus objection.	focus_21_3_cutoff_100.tsv	116	3c02d779825f079b114803a0adda176816f4255f515e31058d5c6cb67b8e5309
reciprocal_nomination	54:24	21:36		strong	21:36	54:24	54:24	cross_surah	label_target_note	missing_ayah_suggestion	Thamud reject following a human from among themselves, a close human-messenger objection.	focus_21_36_cutoff_100.tsv	157	02b1c3303b00b872afb07483e1556b74ece083edd1e9737dc664b1de0cbe2aaa
reciprocal_nomination	54:24	22:4		weak	22:4	54:24	54:24	cross_surah	label_target_note	ranked_review	Its polemical use of misguidance and blazing frenzy is secondary to the focus's Satanic follower relation.	focus_22_4_cutoff_100.tsv	53	775464191a7f3178063aadcbbf7593a0597dd55b137c796b24dc85c868f09a72
reciprocal_nomination	54:24	22:53		medium	22:53	54:24	54:24	cross_surah	label_target_note	missing_ayah_suggestion	It portrays rejection of a messenger as a claimed departure into error and madness.	focus_22_53_cutoff_100.tsv	218	ee4bc265ec019d1d3eeeb854218d0e9fb4d0dc0c017f6269f8ca6d4d2a61b36c
reciprocal_nomination	54:24	23:24		strong	23:24	54:24	54:24	cross_surah	label_target_note	missing_ayah_suggestion	Rejects following a single human from among the people as error and madness.	focus_23_24_cutoff_100.tsv	137	69a795c5d0516611ce013eb084ebb5170600bb14830de75f9f0778d34b1d831c
reciprocal_nomination	54:24	23:25		strong	23:25	54:24	54:24	cross_surah	label_target_note	missing_ayah_suggestion	Thamud reject following a single human from among themselves, directly restating resistance to human messengers.	focus_23_25_cutoff_100.tsv	135	cf3b1746f068de2902480352d14516aa513732d48691d41dc795c1e91ded258e
reciprocal_nomination	54:24	23:33		strong	23:33	54:24	54:24	cross_surah	label_target_note	missing_ayah_suggestion	The people reject following a single human from among themselves, treating his humanity as disqualifying.	focus_23_33_cutoff_100.tsv	148	10013e0073ab7cab099864b72aaf87fe5fa452d173ece47e9fb87bc6c3da4f1b
reciprocal_nomination	54:24	23:34		strong	23:34	54:24	54:24	cross_surah	label_target_note	missing_ayah_suggestion	It directly frames following a single human from among the people as error and loss, making it the closest omitted parallel to the focus.	focus_23_34_cutoff_100.tsv	101	2829045ffafb9f8c29e45b93b50340ef3f8ee169f633d306fded4dd6e5398c54
reciprocal_nomination	54:24	23:38		strong	23:38	54:24	54:24	cross_surah	label_target_note	missing_ayah_suggestion	Rejects following a single human from among them and calls the resulting claim error and madness.	focus_23_38_cutoff_100.tsv	131	f862a62c99a2008e2415498e0b29182df0dd6f8dbf770aedacef7f1175ff0c64
reciprocal_nomination	54:24	23:47		strong	23:47	54:24	54:24	cross_surah	label_target_note	missing_ayah_suggestion	Bir tek insanı izlemeyi sapıklık saymaları, insan ortaklığını peygamberliğe karşı kanıt yapan aynı reddi kurar.	focus_23_47_cutoff_100.tsv	153	b6d51087e778bd16efd358ccc3109ab17393ed897effa9b1c95025555a286436
reciprocal_nomination	54:24	23:69		strong	23:69	54:24	54:24	cross_surah	label_target_note	missing_ayah_suggestion	Thamud reject following a single human from among themselves, closely echoing the objection to familiar human guidance.	focus_23_69_cutoff_100.tsv	144	c9886408ec6c899d0dd20cdf2ed6acc28e2d44afc9500ef400148a0db8c0adda
reciprocal_nomination	54:24	25:7		strong	25:7	54:24	54:24	cross_surah	label_target_note	missing_ayah_suggestion	Thamud ask whether they should follow a single human from among themselves, a close historical instance of the same objection.	focus_25_7_cutoff_100.tsv	161	f0e99e885a52025ecf510b3e7811159db1b53603e47aee4ec0ecdbd09e83b29f
reciprocal_nomination	54:24	25:8		strong	25:8	54:24	54:24	cross_surah	label_target_note	ranked_review	Directly voices refusal to follow one human, treating that following as error and burning.	focus_25_8_cutoff_100.tsv	74	0e7a66fed0a9c4b758d929b6e04bea61a6843b2e3892faf7c7fb09d6d68f8ca7
reciprocal_nomination	54:24	25:11		medium	25:11	54:24	54:24	cross_surah	label_target_note	ranked_review	The people reject following a human messenger by assigning error and burning affliction, a related reversal pattern.	focus_25_11_cutoff_100.tsv	65	1419c7623555007fb565977bfbf1f52fb88846d55e539a1bab3b90e528a9d996
reciprocal_nomination	54:24	25:14		weak	25:14	54:24	54:24	cross_surah	label_target_note	ranked_review	Its rejection of following one person only weakly echoes the focus's one-versus-many formulation.	focus_25_14_cutoff_100.tsv	25	b4c5bb11b8e708584aa79d10f6db7828604164144d52384ce1f856de0c71c377
reciprocal_nomination	54:24	25:33		strong	25:33	54:24	54:24	cross_surah	label_target_note	missing_ayah_suggestion	The objection to following a lone human messenger supplies a recurrent adversarial template.	focus_25_33_cutoff_100.tsv	162	99d71620340652bb17d3a99d1521cdd134759ebccd38d04abcbc4a52ea596dd9
reciprocal_nomination	54:24	25:41		strong	25:41	54:24	54:24	cross_surah	label_target_note	missing_ayah_suggestion	Thamud reject following a human from among themselves and question whether the reminder was sent to him, closely matching the focus's wording and logic.	focus_25_41_cutoff_100.tsv	163	789b46f9a2b64a62f729aa5c903ee2b808fbcaaa051dd5fb56112eb3153dfaf8
reciprocal_counterevidence	54:24	25:54		no value	25:54	54:24	54:24	cross_surah	label_target_note	ranked_review	A single human in a reception dispute does not clarify kinship or marriage.	focus_25_54_cutoff_100.tsv	68	2769b3e0b1e2cad374ce0702036cb441d7f61444897ab9bdaecaf455ef071b18
reciprocal_nomination	54:24	26:20		medium	26:20	54:24	54:24	cross_surah	label_target_note	ranked_review	Opponents call following a lone messenger error, contrasting with Musa's personal and temporally bounded admission.	focus_26_20_cutoff_100.tsv	100	5c5169f0e024a10cc78b466d58593ad6e3e5f43c64c3e5d191fa82adce632593
reciprocal_nomination	54:24	26:96		strong	26:96	54:24	54:24	cross_surah	label_target_note	ranked_review	The speakers call following one man error and burning, a phrase later turned back on the criminals in the linked judgment reading.	focus_26_96_cutoff_100.tsv	56	49f6f50d1f061e43c4ba89e2b635779fc16a55bb4ee2b825f2da85384ce0024b
reciprocal_nomination	54:24	26:97		strong	26:97	54:24	54:24	cross_surah	label_target_note	ranked_review	An accusation that following a human would be error and burning is later reversed upon its speakers in the same judgment pattern.	focus_26_97_cutoff_100.tsv	40	6c4d3d36ce264bb8d4c6801a26768eeacfffd5fcbe666a730066cd38e0064f90
reciprocal_nomination	54:24	26:99		medium	26:99	54:24	54:24	cross_surah	label_target_note	ranked_review	Bir elçiyi izlemenin sapma sayılması, 26:99'daki saptırılma suçlamasına önceden kurulmuş yanlış hüküm örneği verir.	focus_26_99_cutoff_100.tsv	56	55a2648abf035edb28ed48af8d8ece5f81b22a8c69b7e3a53395a1bcae0c0080
reciprocal_nomination	54:24	26:102		medium	26:102	54:24	54:24	cross_surah	label_target_note	ranked_review	Rejecting a human guide is named error and burning, a close counterpart to the focus confession.	focus_26_102_cutoff_100.tsv	62	5bbf9eae4d208bd14688100071d12cca50515091c01fa5f6772ed0ce586953d8
reciprocal_nomination	54:24	26:111		strong	26:111	54:24	54:24	cross_surah	label_target_note	missing_ayah_suggestion	Thamud ask whether they should follow one human from among them, making the social unacceptability of following a human messenger explicit.	focus_26_111_cutoff_100.tsv	115	55f9e9247771e5d99fdf131f91569fa00026f9e891347ef64b2b5552178063ee
reciprocal_nomination	54:24	26:141		strong	26:141	54:24	54:24	cross_surah	label_target_note	missing_ayah_suggestion	Thamud rejects following Salih as a lone human and calls his claim error and madness.	focus_26_141_cutoff_100.tsv	161	17a9e0fbf79bf08b307862689205247f62b694402c109a7067082f58b83f7b0b
reciprocal_nomination	54:24	26:142		strong	26:142	54:24	54:24	cross_surah	label_target_note	missing_ayah_suggestion	Semud'un kendi içlerinden bir beşere uyma itirazı, kardeşleri Sâlih'in elçiliğine karşı çıkışlarını gösterir.	focus_26_142_cutoff_100.tsv	173	9b9889585a2135aea932776b25df66eb4f92f44a09bef739c9dcd12795a37094
reciprocal_nomination	54:24	26:149		medium	26:149	54:24	54:24	cross_surah	label_target_note	missing_ayah_suggestion	Bir beşere uyma itirazı, Salih'in çağrısına karşı kavmin üstünlükçi tepkisini gösterir.	focus_26_149_cutoff_100.tsv	157	2820676fb566d27edd0bf03c98334fa1d624d2a62961cdbdeec3619c474372fc
reciprocal_nomination	54:24	26:150		strong	26:150	54:24	54:24	cross_surah	label_target_note	missing_ayah_suggestion	They reject following a single human messenger and call that obedience error.	focus_26_150_cutoff_100.tsv	168	99c5ff3b122f2c66814a918cbdcd7514a3c8fb01043022f30ae03f51964a4c9e
reciprocal_nomination	54:24	26:152		medium	26:152	54:24	54:24	cross_surah	label_target_note	missing_ayah_suggestion	Semud'un Salih'i reddetmesi, onarıcı uyarıyı kabul etmeyen topluluğun tutumunu gösterir.	focus_26_152_cutoff_100.tsv	126	7911e392f17373ac23399d3fd2b2536626e9107e22a62af471d9783ba061887d
reciprocal_nomination	54:24	26:154		strong	26:154	54:24	54:24	cross_surah	label_target_note	missing_ayah_suggestion	Thamud explicitly reject following a single human from among themselves, very closely matching the focus objection.	focus_26_154_cutoff_100.tsv	164	e27c0f2792df71f64b1d75804eb6044943883c8af2de05ed042a5b057557d8b8
reciprocal_nomination	54:24	26:157		medium	26:157	54:24	54:24	cross_surah	label_target_note	missing_ayah_suggestion	Their rejection of a human messenger explains the stance that leads into the camel test.	focus_26_157_cutoff_100.tsv	151	e3345a3a59e2fcaa07ff77f4178b32a85d0d6d6be2219c956b47c11686382754
reciprocal_nomination	54:24	26:186		strong	26:186	54:24	54:24	cross_surah	label_target_note	ranked_review	Bir insanı izlemeyi sapkınlık saymaları, insanlık ortaklığını elçilik reddine çeviren doğrudan paraleldir.	focus_26_186_cutoff_100.tsv	66	4cf87291f55d2d94201020fa40e1214f5e4bc9fe92e499523593ebf4405827dc
reciprocal_nomination	54:24	26:196		medium	26:196	54:24	54:24	cross_surah	label_target_note	ranked_review	The rejection of a single human messenger echoes the recurring opposition faced by earlier revelation.	focus_26_196_cutoff_100.tsv	99	385b71a84b85a715ce55b062c647d7248a9882f4a1d4f8451bf7be481b2bd26d
reciprocal_nomination	54:24	27:45		strong	27:45	54:24	54:24	cross_surah	label_target_note	missing_ayah_suggestion	Thamud reject following a single man from among them, directly voicing the conflict over Salih.	focus_27_45_cutoff_100.tsv	147	328d2b4c10684ca321d58e4dae9a042d72c1bb89232ff3c70e7cf7f8c566b4e0
reciprocal_nomination	54:24	27:47		medium	27:47	54:24	54:24	cross_surah	label_target_note	missing_ayah_suggestion	Tek bir beşere uyma itirazı, Salih'e karşı kurulan küçümseyici ithamı gösterir.	focus_27_47_cutoff_100.tsv	167	cb4ab4bfbb191392f51bebcd18e8e9db17f3e83b5de19c691319eec83527230c
reciprocal_nomination	54:24	31:11		weak	31:11	54:24	54:24	cross_surah	label_target_note	ranked_review	The deniers' fear of being in error by following one man is a contrast without creation evidence.	focus_31_11_cutoff_100.tsv	71	70979ae487c8eb82d12d604dd1338b27b7dfadc3bd2a21867ffbfd6207745c5b
reciprocal_nomination	54:24	31:21		weak	31:21	54:24	54:24	cross_surah	label_target_note	ranked_review	The people reject following one human and associate it with error and burning, without ancestral imitation.	focus_31_21_cutoff_100.tsv	15	e17a6ac92198d4fa70a3f827213cccf3b8f2ac514fd6987c117d80f4a932ad10
reciprocal_nomination	54:24	33:67		weak	33:67	54:24	54:24	cross_surah	label_target_note	ranked_review	The people's refusal to follow a messenger calls that following misguidance, but does not concern following chiefs.	focus_33_67_cutoff_100.tsv	13	5e257bee4f60dd803e90c5666d1d7caafa54f118077806ab614ee50c99f2f081
reciprocal_nomination	54:24	34:7		weak	34:7	54:24	54:24	cross_surah	label_target_note	ranked_review	The rejection of following a single human messenger resembles the focus's derisive rhetoric only generally.	focus_34_7_cutoff_100.tsv	54	6aace75d5a7aa053ed6afbff3169c00b220ecc9a14469a19f7f57f065f0b0eae
reciprocal_nomination	54:24	34:43		medium	34:43	54:24	54:24	cross_surah	label_target_note	missing_ayah_suggestion	Thamud reject following a single human among them and call the message error and madness.	focus_34_43_cutoff_100.tsv	153	2b31647108aee279663529c43bc9183d5d5e1b22f6c92f2e41f4f8870efbcba4
reciprocal_nomination	54:24	34:46		weak	34:46	54:24	54:24	cross_surah	label_target_note	ranked_review	It records rejection of following a single human messenger, a narrower contrast to the focus.	focus_34_46_cutoff_100.tsv	42	f29ca8854f0bf76649e3f99f40af54d6b0ef33b18917f221416ac2d0085be458
reciprocal_nomination	54:24	36:14		medium	36:14	54:24	54:24	cross_surah	label_target_note	ranked_review	The rejection of following a single human messenger closely parallels the town's objection to human envoys.	focus_36_14_cutoff_100.tsv	40	b20563227446c2a18df66f43489d60707133e1115e041f8d3574dd790d4580d4
reciprocal_nomination	54:24	36:18		medium	36:18	54:24	54:24	cross_surah	label_target_note	ranked_review	It shows another people rejecting a lone human messenger as a reason not to follow him.	focus_36_18_cutoff_100.tsv	31	d3afd31767efa598e27c1849c3d8a04b61681663bfe7f1848e9177dcfbc98297
reciprocal_nomination	54:24	36:24		medium	36:24	54:24	54:24	cross_surah	label_target_note	ranked_review	It preserves the conditional claim that following a lone messenger would be misguidance, a hostile counterclaim to 36:24.	focus_36_24_cutoff_100.tsv	4	9b4421cc4ef2f81e28cbc7ce2f629feb9a055c3222b70a39663dd153b2bf4d65
reciprocal_nomination	54:24	36:29		weak	36:29	54:24	54:24	cross_surah	label_target_note	ranked_review	The rejection of one human messenger is a remote antecedent pattern to rejecting messengers and punishment.	focus_36_29_cutoff_100.tsv	30	035d8ea15417d5cf949276c84921c3653d267e6aa104c47e8c64d316a546adac
reciprocal_nomination	54:24	36:30		strong	36:30	54:24	54:24	cross_surah	label_target_note	missing_ayah_suggestion	Thamud reject following a single human from among them and call his claim error and madness.	focus_36_30_cutoff_100.tsv	208	26cd80cc61530429e73c555256b98468facf991523e7c92a84375d094136f19e
reciprocal_nomination	54:24	36:47		weak	36:47	54:24	54:24	cross_surah	label_target_note	ranked_review	Deniers say following a human would put them in error, loosely echoing the focus's refusal formula.	focus_36_47_cutoff_100.tsv	80	3668cc9bd112f3a789a4829e74dc84257d914b3ece78faf7786687351fc50728
reciprocal_counterevidence	54:24	37:4		no value	37:4	54:24	54:24	cross_surah	label_target_note	ranked_review	Its reference to one human follower does not clarify divine oneness.	focus_37_4_cutoff_100.tsv	15	1c9ec3c21efaf7cca7bd21e98422c290f5779965476b85d2073a13d31d233e6b
reciprocal_counterevidence	54:24	37:19		no value	37:19	54:24	54:24	cross_surah	label_target_note	ranked_review	Its disputed single human messenger does not illuminate the focus's one cry.	focus_37_19_cutoff_100.tsv	69	40e0086b3b180a49533e640f2762b82bcd9c9506d342ada9cb0a2ba5f79f682b
reciprocal_nomination	54:24	38:4		strong	38:4	54:24	54:24	cross_surah	label_target_note	missing_ayah_suggestion	Thamud object to following one human from among them and characterize the claim as error and madness.	focus_38_4_cutoff_100.tsv	152	79242cc1a4a524bca15e31bdabfa63e0e0688c58d58ea560b5189d89e6ba9309
reciprocal_nomination	54:24	38:5		medium	38:5	54:24	54:24	cross_surah	label_target_note	ranked_review	A community rejects following one human as implausible, structurally paralleling rejection based on perceived singularity.	focus_38_5_cutoff_100.tsv	22	bc77d7c78e36fa0bc4da5897051ef1f00ad22eb36c72b4a2d719e18d1ea5bddc
reciprocal_nomination	54:24	38:8		strong	38:8	54:24	54:24	cross_surah	label_target_note	missing_ayah_suggestion	They reject following a single human from among themselves and call him a liar and madman.	focus_38_8_cutoff_100.tsv	136	cbf3a7f2eaf26c0f111caf191701db563a90ab6106c5b7b91aec7fd7493d4831
reciprocal_nomination	54:24	38:23		medium	38:23	54:24	54:24	cross_surah	label_target_note	ranked_review	A community rejects following one person because of his singularity, showing how a numerical majority can turn one-versus-many into a rhetorical objection.	focus_38_23_cutoff_100.tsv	69	914ce5d576f71521a7d37cd5ea02a502114dc9351156fedcb6733dd7511df818
reciprocal_nomination	54:24	38:65		medium	38:65	54:24	54:24	cross_surah	label_target_note	ranked_review	The rejection of following one human parallels resistance to a single messenger, but not the deity claim.	focus_38_65_cutoff_100.tsv	15	04c2020fb0d6390ef4994df593e40516f3a584a508290a3eea1b037fed8dff9e
reciprocal_nomination	54:24	38:71		strong	38:71	54:24	54:24	cross_surah	label_target_note	ranked_review	The people reject following a single human from among themselves, a close parallel to judging a messenger by human status rather than divine appointment.	focus_38_71_cutoff_100.tsv	41	ca0391a73ab3772148f40b501d42f50a112b200523e82ba91e095442494854ad
reciprocal_counterevidence	54:24	38:75		no value	38:75	54:24	54:24	cross_surah	label_target_note	ranked_review	Rejecting a human messenger as one of themselves does not clarify Iblis's refusal to prostrate.	focus_38_75_cutoff_100.tsv	68	732a4b5a938bfabb96766b0e5437b48c73bafffed19794e5126c96544bad5bc6
reciprocal_nomination	54:24	38:76		medium	38:76	54:24	54:24	cross_surah	label_target_note	ranked_review	Rejecting a human messenger because he is a human parallels wrongful status judgment.	focus_38_76_cutoff_100.tsv	41	31844c0788e7e06332649659fa0046707dbf23ef8b6fe0649c07d4f386d2c2b0
reciprocal_counterevidence	54:24	39:6		no value	39:6	54:24	54:24	cross_surah	label_target_note	ranked_review	One human messenger is not the one self of creation.	focus_39_6_cutoff_100.tsv	42	15f238f576cca096cbbcdca2ad03ff1acbc4e8ac122499b78c8f24c34fb0568d
reciprocal_counterevidence	54:24	40:49		no value	40:49	54:24	54:24	cross_surah	label_target_note	ranked_review	The deniers' claim that following one man is error and burning does not develop the later Fire appeal.	focus_40_49_cutoff_100.tsv	20	0695ad33261c0ea158a74027e7c29633379fcf92daf713877062827f92008918
reciprocal_nomination	54:24	40:50		weak	40:50	54:24	54:24	cross_surah	label_target_note	ranked_review	Rejecting a human messenger as error supplies a limited analogue of the focus's earlier denial.	focus_40_50_cutoff_100.tsv	44	b118b4ed508b01225ea37fe634f8865cd5fbb95636f2ed8056a93e6d379b3702
reciprocal_nomination	54:24	41:5		medium	41:5	54:24	54:24	cross_surah	label_target_note	missing_ayah_suggestion	Refusing to follow one human from among us closely parallels the focus speakers' rejection of the messenger.	focus_41_5_cutoff_100.tsv	138	2ae3fb59ce7fdea7d5cee830a17ab816d8903f7f511c64b1b7b3ab12dc16f2cd
reciprocal_nomination	54:24	41:6		strong	41:6	54:24	54:24	cross_surah	label_target_note	ranked_review	It exposes the rejection of a messenger precisely because he is a human like his hearers.	focus_41_6_cutoff_100.tsv	12	037f21988a36b408fca23cb80a75b826daa9d70717fabc3835c2f0890c87174a
reciprocal_nomination	54:24	41:13		medium	41:13	54:24	54:24	cross_surah	label_target_note	missing_ayah_suggestion	It records Thamud's rejection of a human messenger from among themselves and their claim that following him would be error.	focus_41_13_cutoff_100.tsv	157	a86ba7635ef96c75b1774626f497151c623574ec4fc3475f91dcb6466ae214e0
reciprocal_nomination	54:24	41:14		medium	41:14	54:24	54:24	cross_surah	label_target_note	missing_ayah_suggestion	It rejects following a single human from among the people, closely paralleling resistance to human messengership.	focus_41_14_cutoff_100.tsv	121	c7d9f6d99d1cb16b7bb4f92e8f85e4eb337669e1019c9ab3cf61c26e9fc5d706
reciprocal_nomination	54:24	41:17		strong	41:17	54:24	54:24	cross_surah	label_target_note	missing_ayah_suggestion	Thamud reject Salih as one human among them and choose error, exposing the refusal behind the focus's preference of blindness.	focus_41_17_cutoff_100.tsv	122	98bca16239acd7375b7fcab4782e73dd9391b2d44cdae7df3d6ce6ed005c7930
reciprocal_nomination	54:24	41:29		weak	41:29	54:24	54:24	cross_surah	label_target_note	ranked_review	The rejecters call following a messenger misguidance, a reversed accusation without the focus's judgment or leaders.	focus_41_29_cutoff_100.tsv	56	30fff19893d184c461b79adcb654a5b68af2e19b17ba43ead062e1b28c79cc02
reciprocal_nomination	54:24	41:52		medium	41:52	54:24	54:24	cross_surah	label_target_note	ranked_review	Rejecting a messenger as merely human and naming the result misguidance parallels the focus's refusal pattern.	focus_41_52_cutoff_100.tsv	32	72c1833a464460bf331f3a8bc2a8b0f47863bc1629905a274a0e2a4260826655
reciprocal_nomination	54:24	43:29		strong	43:29	54:24	54:24	cross_surah	label_target_note	missing_ayah_suggestion	It objects to following a single human messenger from among the people.	focus_43_29_cutoff_100.tsv	153	857b69f33273dfad70455010aca9e9ca1f865368b21ec84147494d35c2aac8ec
reciprocal_nomination	54:24	43:31		medium	43:31	54:24	54:24	cross_surah	label_target_note	missing_ayah_suggestion	It rejects following a single human from among the people, emphasizing the objection to an ordinary chosen bearer.	focus_43_31_cutoff_100.tsv	116	927ae16b9d40030048d087d5b2faf8ed5bf4cff5580ba086cb2643764916fb1b
reciprocal_nomination	54:24	43:40		weak	43:40	54:24	54:24	cross_surah	label_target_note	ranked_review	It records deniers assigning error to following a messenger, rather than the focus's incapacity theme.	focus_43_40_cutoff_100.tsv	94	bec73a5be98c5e387e6341c27cafe7aa33a67ac064df5c1ed3b75b46ea3d7a19
reciprocal_nomination	54:24	43:52		strong	43:52	54:24	54:24	cross_surah	label_target_note	missing_ayah_suggestion	The refusal to follow a single human from among them directly makes ordinary human standing a reason to reject guidance.	focus_43_52_cutoff_100.tsv	137	28d1ef193b218426f1ff8a4e8624c3f80071c6cac4621a9dec6c7f1bc8856d52
reciprocal_nomination	54:24	46:11		strong	46:11	54:24	54:24	cross_surah	label_target_note	missing_ayah_suggestion	Rejects following a single human from among the group, joining status and guidance resistance.	focus_46_11_cutoff_100.tsv	148	d946685fbfb0b4e5af9f399892209b49717c5e1000b95d2b9f4ae4ba14004e49
reciprocal_nomination	54:24	47:13		medium	47:13	54:24	54:24	cross_surah	label_target_note	missing_ayah_suggestion	Adds a people's refusal to follow a single human messenger.	focus_47_13_cutoff_100.tsv	245	e2b73913397238543b31a4a1328c41c37b8ed910c4af614df3e1b60bcb112eff
reciprocal_nomination	54:24	51:43		medium	51:43	54:24	54:24	cross_surah	label_target_note	missing_ayah_suggestion	Thamud's rejection of a human messenger adds a direct motive-side counterpart.	focus_51_43_cutoff_100.tsv	171	7f823c49a94296217b4b96de7bfe520b3ef13920f3cf3aa048b6f7ea461a2a31
reciprocal_nomination	54:24	51:44		medium	51:44	54:24	54:24	cross_surah	label_target_note	missing_ayah_suggestion	Adds their rejection and threatened counter-reading of the messenger.	focus_51_44_cutoff_100.tsv	137	6cf3635c3d95e8a51d67416402e5f498e7ad4e70b48729568770fbe799e97e32
reciprocal_nomination	54:24	51:52		strong	51:52	54:24	54:24	cross_surah	label_target_note	missing_ayah_suggestion	Rejects following a single human messenger as error and madness.	focus_51_52_cutoff_100.tsv	152	f69a560135a87ef9f0c642ac3177f5f7192e1ef47edff9ca51b09f13f8a1b4ed
reciprocal_nomination	54:24	51:53		strong	51:53	54:24	54:24	cross_surah	label_target_note	missing_ayah_suggestion	Thamud reject following a lone human among themselves.	focus_51_53_cutoff_100.tsv	170	8bfb1f341400b04e741cac6ae93a7e93c84f2a4d11c3ae8297cc7b49727cf151
reciprocal_nomination	54:24	52:29		medium	52:29	54:24	54:24	cross_surah	label_target_note	missing_ayah_suggestion	Preserves the objection to following a single human from among the audience.	focus_52_29_cutoff_100.tsv	218	d621dcec8a9a29e38c664ab2edc76055a8c09103f8d2ce3555352c9ad5569865
reciprocal_nomination	54:24	54:2		medium	54:2	54:24	54:24	same_surah	label_target_note	ranked_review	Nearby rejection and desire-following reinforce the continuation immediately after the focus.	focus_54_2_cutoff_100.tsv	50	9b5e4d57b00af0ebdc68f52401840cb508cb41b5b54c94add33333103a61851c
reciprocal_nomination	54:24	54:3		medium	54:3	54:24	54:24	same_surah	label_target_note	ranked_review	Same-surah refusal to نَّتَّبِعُهُ adds a contrary following scene.	focus_54_3_cutoff_100.tsv	11	7a1e8f516b64174aef6b23732256b6c8fb2b8d2b77cb748dea3597985bde53da
reciprocal_nomination	54:24	54:4		medium	54:4	54:24	54:24	same_surah	label_target_note	missing_ayah_suggestion	Shows resistance to a human messenger and its singular claim.	focus_54_4_cutoff_100.tsv	114	1a5b54636a90b3958c62c6e052bead81c161a5a084693a7472a2bd015875757d
reciprocal_counterevidence	54:24	54:14		no value	54:14	54:24	54:24	same_surah	label_target_note	ranked_review	Its channel memberships do not add a localized reading of the vessel or its recipient.	focus_54_14_cutoff_100.tsv	83	99719191a864036f5f9df4a146389a90cf419f08efd6856ed59e726c35f8a685
reciprocal_nomination	54:24	54:16		medium	54:16	54:24	54:24	same_surah	label_target_note	missing_ayah_suggestion	Develops the community's rejection of the messenger, supplying an antecedent to the later completed consequence.	focus_54_16_cutoff_100.tsv	109	5ed0cb6ea8f8cffcd1b283584d65cd831cb76de3c37fc066ea7522361d7a3eb3
reciprocal_nomination	54:24	54:19		weak	54:19	54:24	54:24	same_surah	label_target_note	ranked_review	Denial before the Thamud punishment gives only repeated-surah judgment context.	focus_54_19_cutoff_100.tsv	32	b0835e3b9df80e7cbb1e6bbd2630a111b2291933528d954494286148bf510f3a
reciprocal_nomination	54:24	54:21		medium	54:21	54:24	54:24	same_surah	label_target_note	missing_ayah_suggestion	Records Thamud's refusal of its messenger before the focus's retrospective outcome.	focus_54_21_cutoff_100.tsv	107	0a4e46cb123676e2f7fbe6b688a78928e63036f9408cc227ec16e0d82b63cab7
reciprocal_nomination	54:24	54:22		weak	54:22	54:24	54:24	same_surah	label_target_note	ranked_review	Preserves the secondary dispute over why remembrance is given to one person.	focus_54_22_cutoff_100.tsv	74	084f2088be05be3a7b3b469cacc569942cd4e06dd54de727037ee0040b3b4e73
reciprocal_nomination	54:24	54:23		strong	54:23	54:24	54:24	same_surah	label_target_note	missing_ayah_suggestion	Directly gives Thamud's objection to following a single human from among them.	focus_54_23_cutoff_100.tsv	154	e1859d5b7ab223ee7c5ca6427d23bdac353a6bdad1397768505d860bb0c7c1a6
reciprocal_nomination	54:24	54:25		strong	54:25	54:24	54:24	same_surah	label_target_note	ranked_review	The preceding objection to following one human from among the group supplies 54:25's immediate frame.	focus_54_25_cutoff_100.tsv	14	4f2c386a7a21f3063b4f1cd73ce0b4ac24a317ab457737e71b51cc5d58d48769
reciprocal_nomination	54:24	54:26		strong	54:26	54:24	54:24	same_surah	label_target_note	ranked_review	Immediate context states the rejected following and competing claim before 54:26.	focus_54_26_cutoff_100.tsv	14	378a1e4edcab166312fdb8560f9bb1670d3bb3988c5d38e6ca2ede5f35ec92f2
reciprocal_nomination	54:24	54:27		medium	54:27	54:24	54:24	same_surah	label_target_note	missing_ayah_suggestion	Adds the community's objection immediately before the designation.	focus_54_27_cutoff_100.tsv	102	d93777670c311eb3f64dac2723c340ec38651cf38bf1312eedfa2b98bef6644e
reciprocal_nomination	54:24	54:28		medium	54:28	54:24	54:24	same_surah	label_target_note	missing_ayah_suggestion	The objection to a human messenger directly precedes the dispute over distinction and shares.	focus_54_28_cutoff_100.tsv	102	ffb3abe001e7404ca3d53185233ca5728fdc01c412aab487316c76a6cd9a7981
reciprocal_nomination	54:24	54:29		strong	54:29	54:24	54:24	same_surah	label_target_note	missing_ayah_suggestion	Makes the group's objection to following one man explicit before its summons.	focus_54_29_cutoff_100.tsv	102	372d7af511de71cb6c0f12ee172377cd7487372cdccc2a21e1aad6100a743e0d
reciprocal_nomination	54:24	54:30		strong	54:30	54:24	54:24	same_surah	label_target_note	missing_ayah_suggestion	Earlier Thamud resistance to following a single human sharpens the collective-versus-individual setting.	focus_54_30_cutoff_100.tsv	101	8491284371f4b5207fc83cc725a23abb5e757419bd3e1d9ea9eba8b967d47829
reciprocal_nomination	54:24	54:31		strong	54:31	54:24	54:24	same_surah	label_target_note	ranked_review	The rejected واحد forms the immediate f02 precondition for the later single-agent and single-cry symmetry.	focus_54_31_cutoff_100.tsv	5	21f56b66855b4bf3776d7fb6666849b6a1f5c64b9264ffb921ed94765d4140db
reciprocal_nomination	54:24	54:32		medium	54:32	54:24	54:24	same_surah	label_target_note	ranked_review	Rejection of the messenger contributes the immediate denial pattern through the same-surah channel.	focus_54_32_cutoff_100.tsv	89	4ae89f8cfae20d6f54a192c62e462082556dffcf1bc8d77863f7107813ad155c
reciprocal_nomination	54:24	54:33		medium	54:33	54:24	54:24	same_surah	label_target_note	ranked_review	Supplies the next episode's voiced communal refusal, clarifying the recurrent denial pattern.	focus_54_33_cutoff_100.tsv	59	85d8ce20788445dd9cdb87bb0b8e37f915f414c40658d23c90fcf1d678313d04
reciprocal_counterevidence	54:24	54:36		no value	54:36	54:24	54:24	same_surah	label_target_note	ranked_review	The Thamud objection does not add to Lot's warning and dispute.	focus_54_36_cutoff_100.tsv	38	78bf63ecc257de580a0d7a3ef22343efa31540cad09eb2ae26877422016132b6
reciprocal_nomination	54:24	54:38		medium	54:38	54:24	54:24	same_surah	label_target_note	ranked_review	Earlier denial within the surah supplies antecedent resistance, though it does not localize 54:38.	focus_54_38_cutoff_100.tsv	38	d9a3991a472d4695e41588940c59626145b715cfde0de684ca42c0f9e65372b8
reciprocal_nomination	54:24	54:40		medium	54:40	54:24	54:24	same_surah	label_target_note	ranked_review	Local rejection of a human messenger clarifies the response setting around the refrain.	focus_54_40_cutoff_100.tsv	77	09be428ae5a4a8ce7cb1a400c279459cd8c87d3b6a44dfb25917791008a619ad
reciprocal_nomination	54:24	54:43		weak	54:43	54:24	54:24	same_surah	label_target_note	ranked_review	Same-surah objection to following one person gives broad audience context only.	focus_54_43_cutoff_100.tsv	65	d507889093d289e872801c2e4b23d343d4c98514906bc3aefd69d6f39d189896
reciprocal_nomination	54:24	54:44		strong	54:44	54:24	54:24	same_surah	label_target_note	ranked_review	Within the bridge, the rejection of one human sharpens the singular-versus-collective contrast.	focus_54_44_cutoff_100.tsv	5	d0a87027b565fdc9c5a605dd226d330c7813387e39c5c995e03ca0cabfb40041
reciprocal_nomination	54:24	54:45		medium	54:45	54:24	54:24	same_surah	label_target_note	ranked_review	Sets the surah's rejected singular messenger against a collective response.	focus_54_45_cutoff_100.tsv	5	4b6bcdc29463ee7051d91db8658d67b2caa9418153ef44db3dc6ff7dd5f7a7c2
reciprocal_nomination	54:24	54:47		strong	54:47	54:24	54:24	same_surah	label_target_note	ranked_review	The identical pair is first projected onto followers, then returns to the speakers in f02/f03.	focus_54_47_cutoff_100.tsv	7	4eba81e79c1810c432dff76085cc37fa8bdb3c17b04322250f77c2fb1d5c773f
reciprocal_nomination	54:24	54:50		medium	54:50	54:24	54:24	same_surah	label_target_note	ranked_review	Local wahid opposition supplies a contrary singularity frame; f01 positive route remains parallel.	focus_54_50_cutoff_100.tsv	5	2d8bdce5be7ecd9f2bac948ef9343e12d4a1d0bad1b5138662633dd3097027a6
reciprocal_nomination	54:24	54:51		weak	54:51	54:24	54:24	same_surah	label_target_note	ranked_review	A local refusal scene that only indirectly prepares the later destruction warning.	focus_54_51_cutoff_100.tsv	53	f78764d1404b93d52a226e7dbd5347c5f525ddf4cf6181231fc28b53ee8aae7c
reciprocal_counterevidence	54:24	54:52		no value	54:52	54:24	54:24	same_surah	label_target_note	ranked_review	The local rejection statement does not clarify 54:52.	focus_54_52_cutoff_100.tsv	62	6590ad0007b0e0faebff5267b6ac5bc91749b68b4224e96fb68bbc214995de1a
reciprocal_nomination	54:24	56:51		strong	56:51	54:24	54:24	cross_surah	label_target_note	missing_ayah_suggestion	Combines refusal of the messenger with a first-person dallun claim.	focus_56_51_cutoff_100.tsv	115	0d7b78b48622099516b0d42662cf3f8699246e9ccbcb9f14a4eb5d496c35f5e7
reciprocal_nomination	54:24	56:92		medium	56:92	54:24	54:24	cross_surah	label_target_note	missing_ayah_suggestion	Shows the deniers' own characterization of following a human messenger as misguidance.	focus_56_92_cutoff_100.tsv	140	4ea0ce668fb8649bd57fa7e9c189639a0781da62908b675ecabef93ed749892a
reciprocal_nomination	54:24	64:6		strong	64:6	54:24	54:24	cross_surah	label_target_note	ranked_review	Directly records rejection of following a single human as guide.	focus_64_6_cutoff_100.tsv	25	949d9a4436625865d938f2799852b59f6eeb976ed09c73058819bd5dd265ec2e
reciprocal_nomination	54:24	67:10		weak	67:10	54:24	54:24	cross_surah	label_target_note	ranked_review	Rejection of a human messenger joins error and sa'ur, a secondary parallel to warning denial.	focus_67_10_cutoff_100.tsv	30	21dd2d4bed22367d4f963db43b47a1332fc8cc497d5981c150b458735e781833
reciprocal_nomination	54:24	67:11		weak	67:11	54:24	54:24	cross_surah	label_target_note	ranked_review	Rejection's self-description of error and fire offers only a limited denial parallel.	focus_67_11_cutoff_100.tsv	79	1c667401476669697984f0d69b8f3fc406c1f28b0297fe157194fbf1a3f5e7fc
reciprocal_nomination	54:24	69:4		strong	69:4	54:24	54:24	cross_surah	label_target_note	missing_ayah_suggestion	Records Thamud's refusal of the messenger's warning.	focus_69_4_cutoff_100.tsv	147	4913ae66379a45fe2d65a3277a3a68f01940612641c97ed26c68a898a58fb231
reciprocal_nomination	54:24	69:5		medium	69:5	54:24	54:24	cross_surah	label_target_note	missing_ayah_suggestion	Gives Thamud's rejection of the human messenger and its threatened consequence.	focus_69_5_cutoff_100.tsv	134	2ecc7e68d053f890e71f08c73f1a65e9566c6fe9f60755d0a98125622c653939
reciprocal_nomination	54:24	69:13		weak	69:13	54:24	54:24	cross_surah	label_target_note	ranked_review	واحدا describes a person, not a singular blast or its consequences.	focus_69_13_cutoff_100.tsv	15	7c611755de757b9e7e391e653fec7a550838ae1968bed5e27c82860ea1d608f0
reciprocal_counterevidence	54:24	72:1		no value	72:1	54:24	54:24	cross_surah	label_target_note	ranked_review	No distinct link to revelation, listening, or testimony.	focus_72_1_cutoff_100.tsv	61	20d6282877f032939512a30a907116753e8af8e6661ec843934126d1a9c14f00
reciprocal_nomination	54:24	74:11		weak	74:11	54:24	54:24	cross_surah	label_target_note	ranked_review	Shows a community rejecting guidance because it comes through one person, a secondary singularity parallel.	focus_74_11_cutoff_100.tsv	9	708b2c86e79e9049db2116a39a5226e60017517845b2bb1e19614b60543e6bab
reciprocal_nomination	54:24	74:25		strong	74:25	54:24	54:24	cross_surah	label_target_note	ranked_review	Human sameness is made a reason to reject following one person, paralleling surface-based dismissal.	focus_74_25_cutoff_100.tsv	12	4e8060a2d8728e8bb7fc986bde1dc242277ed929d0239c07568dc992d2a62446
reciprocal_nomination	54:24	74:29		medium	74:29	54:24	54:24	cross_surah	label_target_note	ranked_review	Opponents reject following one human; it parallels limiting authority by visible human sameness.	focus_74_29_cutoff_100.tsv	12	c47ddbcb58c4544706d429f29c56ff2406339b6e08def18ae61e6e06c5736de9
reciprocal_nomination	54:24	74:36		strong	74:36	54:24	54:24	cross_surah	label_target_note	ranked_review	Shows a contrary response that makes ordinary human likeness a reason to reject a messenger.	focus_74_36_cutoff_100.tsv	18	3395e4d753cbdad204c035ba2c6ac65c0005c1f79469f54b04572fe1967d69f9
reciprocal_nomination	54:24	76:4		strong	76:4	54:24	54:24	cross_surah	label_target_note	ranked_review	Returns claimed misguidance and su'ur to its speakers, preserving a reversal reading of sa'ir.	focus_76_4_cutoff_100.tsv	15	dc0495e893823f7ad38547a12891fa44bb9cd3b1ca39ba96e19147ad91b91da3
reciprocal_nomination	54:24	77:19		medium	77:19	54:24	54:24	cross_surah	label_target_note	missing_ayah_suggestion	Records Thamud's rejection of a human messenger, complementing the Thamud reference already present.	focus_77_19_cutoff_100.tsv	144	1441fce85a77b86f2e78bd6b60002bef2e008a7f17c1f3a9839470eb40206ef5
reciprocal_nomination	54:24	79:13		weak	79:13	54:24	54:24	cross_surah	label_target_note	ranked_review	The dispute over one human follower gives a distinct, contrary use of "wahid," not a singular event.	focus_79_13_cutoff_100.tsv	30	d5a3361f39f4c1804eb70901d0f7cc976eedbf1c54ce83af16bb473590bab3b9
reciprocal_counterevidence	54:24	80:30		no value	80:30	54:24	54:24	cross_surah	label_target_note	ranked_review	No lexical, channel, or V12 route bears on 80:30.	focus_80_30_cutoff_100.tsv	84	35a6c24b1e8b6fb58b50a5a74c59c92f58eeae79c528edd32151ae2cb613b957
reciprocal_counterevidence	54:24	80:39		no value	80:39	54:24	54:24	cross_surah	label_target_note	ranked_review	The objection to following a human messenger does not add to the focus reading.	focus_80_39_cutoff_100.tsv	30	4df36177065c6bec276548c617ac897212118a60018399d984f08315b67fcb40
reciprocal_nomination	54:24	81:12		medium	81:12	54:24	54:24	cross_surah	label_target_note	ranked_review	ضلال and سعر preserve a secondary heat/escalation parallel, without selecting it.	focus_81_12_cutoff_100.tsv	62	5bbd04656f8b3e69cebe2b77673c61ee855513b1582c3c5f39ad8020cfd0bfdc
reciprocal_counterevidence	54:24	82:14		no value	82:14	54:24	54:24	cross_surah	label_target_note	ranked_review	Shared formulaic wording; no focused contribution.	focus_82_14_cutoff_100.tsv	61	e645d2845c13b119e1b71463241b2f51f3b60e15cf12089aed9b57474e2b3324
reciprocal_nomination	54:24	83:32		medium	83:32	54:24	54:24	cross_surah	label_target_note	missing_ayah_suggestion	A community calls following one man a path into error and madness.	focus_83_32_cutoff_100.tsv	134	b16548fdef6e68d651044044c79670446814aee2863ea5637862be06301f271a
reciprocal_nomination	54:24	84:12		medium	84:12	54:24	54:24	cross_surah	label_target_note	ranked_review	V12 f01 mixed route preserves the parallel accusation of ضلال/سعر before its reversal.	focus_84_12_cutoff_100.tsv	15	818fed673901817de33b996d6f00f78a64f8e9d469fd22c82c52eca8306b7efc
reciprocal_nomination	54:24	89:9		medium	89:9	54:24	54:24	cross_surah	label_target_note	missing_ayah_suggestion	Shows the community's rejection of its messenger.	focus_89_9_cutoff_100.tsv	135	5c12fd7445acf9a9fd6ee7ec62d169996e0abce2175079131840bab3b3cebb2f
reciprocal_nomination	54:24	91:11		strong	91:11	54:24	54:24	cross_surah	label_target_note	missing_ayah_suggestion	Records the community's refusal to follow its human messenger.	focus_91_11_cutoff_100.tsv	154	45449361da1a69d6d9328aa26d0340507532508c5c04f5d9b7970da70b096e3e
reciprocal_nomination	54:24	91:12		medium	91:12	54:24	54:24	cross_surah	label_target_note	missing_ayah_suggestion	Thamud's refusal of a messenger from among them clarifies rejected authority.	focus_91_12_cutoff_100.tsv	138	00013e98e7179c85fa4148a2192c5ee24cc5b1fcf78bc29fed5561453729f23c
reciprocal_nomination	54:24	91:14		medium	91:14	54:24	54:24	cross_surah	label_target_note	missing_ayah_suggestion	Refusal of the human messenger supplies the denial before the camel test.	focus_91_14_cutoff_100.tsv	133	4c02c645df386cf855f41153107b41ffcbe1379bb60cc08d9260f17ac000df7a
reciprocal_nomination	54:24	93:7		weak	93:7	54:24	54:24	cross_surah	label_target_note	ranked_review	Opponents call following one human ضلال; branch evidence is indirect and contested.	focus_93_7_cutoff_100.tsv	80	38766fa8b829bbfe0c57a035b1c9e1c97e8a356065ddf0a8e817afce601f65ef
