record_type	focus_ref	target_ref	focus_direction_label	source_direction_label	source_focus_ref	source_target_ref	source_target_component_ref	relation_scope	source_column_order	source_row_role	source_note	source_file	source_line	source_row_sha256
directional_review	13:33	35:40	strong	strong	13:33	35:40	35:40	cross_surah	label_target_note	ranked_review	Directly tests partner claims by demanding evidence of their real agency.	focus_13_33_cutoff_100.tsv	1	85aa1dda01cb20c5d7858ea5f18d6d67b1147f8845a134af73eb4a4e4da3667a
directional_review	13:33	33:3	medium	medium	13:33	33:3	33:3	cross_surah	label_target_note	ranked_review	Extends the standing-custodian reading through entrusted sufficiency.	focus_13_33_cutoff_100.tsv	2	10455df35b3de80a2a49afeed035801d9c2361574e75934961e355a6c2173c3e
directional_review	13:33	2:31	medium	medium	13:33	2:31	2:31	cross_surah	label_target_note	ranked_review	Frames naming as accountable disclosure rather than empty labels.	focus_13_33_cutoff_100.tsv	3	501d87582e307d902821708efd4083fbc81bcf4941e5f97442fe716d9ca91348
directional_review	13:33	9:109	medium	medium	13:33	9:109	9:109	cross_surah	label_target_note	ranked_review	Contrasts a sound basis with a collapsing one and withheld guidance.	focus_13_33_cutoff_100.tsv	4	6ea9fe8bab8c50d378c75980c4ddcc72fba402f2cda7bcfedba20d2af12943bc
directional_review	13:33	13:14	medium	medium	13:33	13:14	13:14	same_surah	label_target_note	ranked_review	Contrasts the true call with futile appeals that cannot answer.	focus_13_33_cutoff_100.tsv	5	19ac164d6b46eb6fe0141324e6aa475a9630fc74470c4eeb85b4f9d1eb8c33c3
directional_review	13:33	2:33	medium	medium	13:33	2:33	2:33	cross_surah	label_target_note	ranked_review	Links correct names to making hidden reality publicly knowable.	focus_13_33_cutoff_100.tsv	6	ddccf73a199a483556dacf60f91f0c51f00c07dc6435fc00e8d67ce604bc8322
directional_review	13:33	13:16	strong	strong	13:33	13:16	13:16	same_surah	label_target_note	ranked_review	Directly challenges associates through the question of comparable creation.	focus_13_33_cutoff_100.tsv	7	5df1c5c3e32b8a93f07f61d9305149250cf7060c7cef3d3e463519a7bcc8cf7b
directional_review	13:33	13:43	medium	medium	13:33	13:43	13:43	same_surah	label_target_note	ranked_review	Sets divine witness and knowledge against a denied public claim.	focus_13_33_cutoff_100.tsv	8	8ef1f11ab546876b2ac7d691e16a1b80d2f322e6f9051d4740e3b7418f221f4d
directional_review	13:33	63:2	strong	strong	13:33	63:2	63:2	cross_surah	label_target_note	ranked_review	Shows deceptive protection becoming a social barrier from God's way.	focus_13_33_cutoff_100.tsv	9	9cca60f8766eccc1289eb6b5af5f9f3b1510ba9353d0091ab71a5afad88534e5
directional_review	13:33	35:8	strong	strong	13:33	35:8	35:8	cross_surah	label_target_note	ranked_review	Directly explains how evil action becomes seen as good and misguiding.	focus_13_33_cutoff_100.tsv	10	323322105ef1791b33791ba53be4fb0df4bdf1e8edf76fb3cd949b206833f17b
directional_review	13:33	13:36	strong	strong	13:33	13:36	13:36	same_surah	label_target_note	ranked_review	Immediately continues with exclusive worship, calling, and return.	focus_13_33_cutoff_100.tsv	11	69819ea491308c96890483f832fdf395cfbe26ebab838a58ffaef07e0368b9d6
directional_review	13:33	61:6	weak	weak	13:33	61:6	61:6	cross_surah	label_target_note	ranked_review	A specified name makes a future claimant recognizable, but remains secondary.	focus_13_33_cutoff_100.tsv	12	6caec692333e5c2d3265e59da7ecd7a990d367394e678b58713194060890d782
directional_review	13:33	6:70	strong	strong	13:33	6:70	6:70	cross_surah	label_target_note	ranked_review	Makes each self answerable for what it has earned without substitute.	focus_13_33_cutoff_100.tsv	13	fd0e3a3a4d852090174d5cc6be829a370fd731ca435aeb9c63c24045c2183682
directional_review	13:33	28:87	strong	strong	13:33	28:87	28:87	cross_surah	label_target_note	ranked_review	Joins no-partnership with resisting diversion after signs arrive.	focus_13_33_cutoff_100.tsv	14	9db79272e5a0ae4fd5203cfe35520587c718ca39b8e87ae0b1184cd47691d4d5
directional_review	13:33	3:75	medium	medium	13:33	3:75	3:75	cross_surah	label_target_note	ranked_review	Pairs standing over a trust with false claims that excuse wrongdoing.	focus_13_33_cutoff_100.tsv	15	db7343c1d280d51e50c011721a3d9e8c297693bfbb244d20af42a06c8839af49
directional_review	13:33	39:36	strong	strong	13:33	39:36	39:36	cross_surah	label_target_note	ranked_review	Repeats the final no-guide formula while opposing fear of substitutes.	focus_13_33_cutoff_100.tsv	16	56edf0a6465f5c883e255571f5b3b78cf16209281ae9d882e3d40f98d6ca3f03
directional_review	13:33	13:7	medium	medium	13:33	13:7	13:7	same_surah	label_target_note	ranked_review	Supplies the nearby distinction between warning and a guide.	focus_13_33_cutoff_100.tsv	17	d77c264ba3a8e4243c23c43e6e25d5a4d4c5265530356d383d1574796c2d6b56
directional_review	13:33	27:24	strong	strong	13:33	27:24	27:24	cross_surah	label_target_note	ranked_review	Unites associate worship, beautified deeds, blocked way, and lost guidance.	focus_13_33_cutoff_100.tsv	18	13f6757c883ea6a9be795747f6ea910dfec99b19a07bba1d92e59a08897c10ba
directional_review	13:33	4:88	medium	medium	13:33	4:88	4:88	cross_surah	label_target_note	ranked_review	Connects earned action, misguidance, and the loss of a way.	focus_13_33_cutoff_100.tsv	19	a7622f468d64747bcaa37e6387b442378172067d91803657759892fb941f8166
directional_review	13:33	13:42	strong	strong	13:33	13:42	13:42	same_surah	label_target_note	ranked_review	Immediately pairs concealed plotting with knowledge of every self's earning.	focus_13_33_cutoff_100.tsv	20	7161ba6cbad666c67fbafbdd2f5959ee9e834f6e7fac1fe3d7739c2d2165322f
directional_review	13:33	29:38	strong	strong	13:33	29:38	29:38	cross_surah	label_target_note	ranked_review	Shows adorned deeds blocking the way even where insight and evidence exist.	focus_13_33_cutoff_100.tsv	21	93f32df86bce66fc07b52871ce0b89897f4e2ed9632974ef4a914fb6df785d1e
directional_review	13:33	40:33	strong	strong	13:33	40:33	40:33	cross_surah	label_target_note	ranked_review	Restates that one whom God leaves astray has no guide.	focus_13_33_cutoff_100.tsv	22	8d260cdd4ef27e25950cbf73e88d3272d47866a30658b6c0111a94092f91f317
directional_review	13:33	13:35	medium	medium	13:33	13:35	13:35	same_surah	label_target_note	ranked_review	Adds the nearby contrast between lasting good outcome and fire.	focus_13_33_cutoff_100.tsv	23	6a7ed215459b76f43020d6dfb1630cfa229231c72f2434915790f21033226df3
directional_review	13:33	57:13	weak	weak	13:33	57:13	57:13	cross_surah	label_target_note	ranked_review	Offers a boundary-and-light scene only indirectly related to the blocked way.	focus_13_33_cutoff_100.tsv	24	130d3d23da3991582c508278887647f862dc03a73fd4cf729b4917a9ada9292a
directional_review	13:33	6:100	strong	strong	13:33	6:100	6:100	cross_surah	label_target_note	ranked_review	Directly exposes unsupported partner-making and knowledge-free attribution.	focus_13_33_cutoff_100.tsv	25	f979baf242264fab7e94243e485aad2d086662b63bb94d857c3e1c83ccce9b92
directional_review	13:33	7:180	strong	strong	13:33	7:180	7:180	cross_surah	label_target_note	ranked_review	Makes divine names a proper mode of calling and rejects their distortion.	focus_13_33_cutoff_100.tsv	26	6b2c8861b60a763bee743a42478049dc411019e48abd017dd49e012b6f2adb58
directional_review	13:33	6:120	strong	strong	13:33	6:120	6:120	cross_surah	label_target_note	ranked_review	Joins hidden and open wrongdoing to acquired consequence.	focus_13_33_cutoff_100.tsv	27	5d45c45496c3db932efccce9d0abc81e1f7108a887b92e20d77ecb42956b781f
directional_review	13:33	6:136	strong	strong	13:33	6:136	6:136	cross_surah	label_target_note	ranked_review	Shows associates sustained by an invented allocation and defective judgment.	focus_13_33_cutoff_100.tsv	28	9fa1a49dd9d8207c4dc3b6fd853a3a8e896fea880277e64e0dac2c79c4297f11
directional_review	13:33	13:27	strong	strong	13:33	13:27	13:27	same_surah	label_target_note	ranked_review	Closely qualifies guidance and misguidance by turning back to God.	focus_13_33_cutoff_100.tsv	29	1faae614ad1ae6b224a2fe5d24cd8d3541cdd74b14290c206a0e04ba428ff48d
directional_review	13:33	31:34	medium	medium	13:33	31:34	31:34	cross_surah	label_target_note	ranked_review	Contrasts a self's uncertain future earning with exhaustive divine knowledge.	focus_13_33_cutoff_100.tsv	30	8fe9139e76f36ba325b2dd18be3c85a5083176dc54719ec575b5412f2d974526
directional_review	13:33	74:38	strong	strong	13:33	74:38	74:38	cross_surah	label_target_note	ranked_review	States the self is held by what it has earned.	focus_13_33_cutoff_100.tsv	31	208e79b8f406e6140da659c848406b2abf87a16be530bc9d35b1564592586c8c
directional_review	13:33	13:40	strong	strong	13:33	13:40	13:40	same_surah	label_target_note	ranked_review	Immediately distinguishes the messenger's delivery from divine accounting.	focus_13_33_cutoff_100.tsv	32	7734bc17c07b4b774f1447045d19c4956b4a2c6d5b9b79542a1b70325671c035
directional_review	13:33	14:16	no value	no value	13:33	14:16	14:16	cross_surah	label_target_note	ranked_review	The rejected bodily image adds no reliable reading of 13:33.	focus_13_33_cutoff_100.tsv	33	7acd72b457878ac90eb7850a5480ae02ddfd012ae7f76b281fc52ae8b59be96f
directional_review	13:33	45:22	strong	strong	13:33	45:22	45:22	cross_surah	label_target_note	ranked_review	States exact recompense for each self's earning without injustice.	focus_13_33_cutoff_100.tsv	34	6879186520fa7e0482f5bf6ac68a821b4ebf0d6d96bd5c56898f1bdb66d3e603
directional_review	13:33	13:41	medium	medium	13:33	13:41	13:41	same_surah	label_target_note	ranked_review	Adds decisive judgment and swift accounting in the immediate context.	focus_13_33_cutoff_100.tsv	35	80141b2be51153a6e51f91d42a47e3bb26d98a902738ae4e733f5de8c7476055
directional_review	13:33	37:6	weak	weak	13:33	37:6	37:6	cross_surah	label_target_note	ranked_review	Provides a functional, non-deceptive counterexample to surface adornment.	focus_13_33_cutoff_100.tsv	36	91d72c82b6f2e88b163745986ba391744d9341f84f48602e508b5e4029b7aab4
directional_review	13:33	3:161	strong	strong	13:33	3:161	3:161	cross_surah	label_target_note	ranked_review	States each self receives its earned due without injustice.	focus_13_33_cutoff_100.tsv	37	a2daab8e6176c9b9982fc1c88e1a8ece311c5e924736a0efa8f69b627c316190
directional_review	13:33	10:104	medium	medium	13:33	10:104	10:104	cross_surah	label_target_note	ranked_review	Restates exclusive worship as the response to competing objects of worship.	focus_13_33_cutoff_100.tsv	38	261de5dc782ae5744c204d0ddbb77d0f52ab42022b627fb4f4104d92139b2850
directional_review	13:33	41:50	no value	no value	13:33	41:50	41:50	cross_surah	label_target_note	ranked_review	The rejected self-narration link adds no reliable interpretive value.	focus_13_33_cutoff_100.tsv	39	74d70aecfa9047c4b081a702d4d287bc3922dfea7c4fad6de28b8a25f7c0e8e8
directional_review	13:33	34:27	strong	strong	13:33	34:27	34:27	cross_surah	label_target_note	ranked_review	Directly demands that the alleged associates be shown.	focus_13_33_cutoff_100.tsv	40	171e4c4e4daf96d80457377ed52f29852fba57b0c205d009b003ed19ad4c2910
directional_review	13:33	13:31	medium	medium	13:33	13:31	13:31	same_surah	label_target_note	ranked_review	Nearby context joins divine command, guidance, and consequences of deeds.	focus_13_33_cutoff_100.tsv	41	8d521b0b9e6ed32e9d208c3d31c1318c19e5611d1b86d6693c3e7c0f4ca055ba
directional_review	13:33	56:74	medium	medium	13:33	56:74	56:74	cross_surah	label_target_note	ranked_review	Supports proper invocation of the divine name, but only secondarily.	focus_13_33_cutoff_100.tsv	42	d43647d41011600e2e9683adb1309d3a314490a27b35a5bafc2e5963a52d90cf
directional_review	13:33	14:46	medium	medium	13:33	14:46	14:46	cross_surah	label_target_note	ranked_review	Places even far-reaching plotting within divine knowledge and control.	focus_13_33_cutoff_100.tsv	43	218d1beece04037cc006568a0785f2d0c6cbb1bf3eac933f8be7795fc522dea4
directional_review	13:33	13:23	weak	weak	13:33	13:23	13:23	same_surah	label_target_note	ranked_review	Adds a nearby final outcome without clarifying the focal mechanisms.	focus_13_33_cutoff_100.tsv	44	15809f0503c46021d75af9520eee4d01dc70378b437b277f8b62734f8a7f1dfb
directional_review	13:33	3:99	strong	strong	13:33	3:99	3:99	cross_surah	label_target_note	ranked_review	Defines obstruction as trying to make God's way appear crooked.	focus_13_33_cutoff_100.tsv	45	fcb9b04038c95378d8bf1e6430c1fc43c61e0e2071877a3474e1b6a4a8612032
directional_review	13:33	47:1	strong	strong	13:33	47:1	47:1	cross_surah	label_target_note	ranked_review	Shows blocking God's way nullifying the obstructers' own works.	focus_13_33_cutoff_100.tsv	46	46ef1196e68802cdebda752dfb610de9d5aeeb033e92d064ae4a44ac8e99ceb8
directional_review	13:33	10:105	strong	strong	13:33	10:105	10:105	cross_surah	label_target_note	ranked_review	Directly opposes association through upright, fixed orientation.	focus_13_33_cutoff_100.tsv	47	e0faeb980b8de39be2f6e3d6f007607b08e6ff59c32a6f16c7dc955ab78f0fad
directional_review	13:33	36:54	medium	medium	13:33	36:54	36:54	cross_surah	label_target_note	ranked_review	Reinforces exact action-based recompense, though less specifically than earning.	focus_13_33_cutoff_100.tsv	48	0abe52b9694b20e650142e0079bd94b9ca1943775cd26d4ebd1dc1454d86066a
directional_review	13:33	39:23	medium	medium	13:33	39:23	39:23	cross_surah	label_target_note	ranked_review	Relates divine guidance to revealed discourse and repeats the no-guide closure.	focus_13_33_cutoff_100.tsv	49	6dc24dbb1e277932576958864cd383b8a73c8a661fe7319e7e22d025ced9130a
directional_review	13:33	13:29	medium	medium	13:33	13:29	13:29	same_surah	label_target_note	ranked_review	Adds the nearby favorable outcome for faithful, righteous action.	focus_13_33_cutoff_100.tsv	50	e898b8af68a9fa25dcd5be07011c92e8460d4633ee2ffcfb04f1cfb9c04fc2a6
directional_review	13:33	49:11	medium	medium	13:33	49:11	49:11	cross_surah	label_target_note	ranked_review	Shows a label being made to stand in for a person's whole identity.	focus_13_33_cutoff_100.tsv	51	71d8b9e7d465ae8153350776f11b259ca100d26f0d18f393a4c24547ba8c63a3
directional_review	13:33	14:30	strong	strong	13:33	14:30	14:30	cross_surah	label_target_note	ranked_review	Links fabricated equals to leading others away from God's way.	focus_13_33_cutoff_100.tsv	52	87da97ffa1a9299794c1773941697ac60fcf64940dac4e95957716d2dee7d95e
directional_review	13:33	33:25	medium	medium	13:33	33:25	33:25	cross_surah	label_target_note	ranked_review	Extends the custodian reading through divine sufficiency against aggression.	focus_13_33_cutoff_100.tsv	53	1f42e0dbd5c2dbd7564049cd549db6955af45a9b48c2c954e58ac62d5efa0e0a
directional_review	13:33	56:96	medium	medium	13:33	56:96	56:96	cross_surah	label_target_note	ranked_review	Supports proper invocation of the divine name, but only secondarily.	focus_13_33_cutoff_100.tsv	54	ae4f3613f887309026972b600d45ef75c7d90a2b119bac31e197d8ff9e23648b
directional_review	13:33	34:33	strong	strong	13:33	34:33	34:33	cross_surah	label_target_note	ranked_review	Joins plotting, made equals, concealed regret, and recompense for deeds.	focus_13_33_cutoff_100.tsv	55	280959ad05738993f8e17297a639b078f78cfd828c66a212aa6e010cdbff282e
directional_review	13:33	13:37	medium	medium	13:33	13:37	13:37	same_surah	label_target_note	ranked_review	Nearby warning against following desires after knowledge supports the path contrast.	focus_13_33_cutoff_100.tsv	56	1ad2822e5c84dd1da0c3156b6f3deb141d14dcf97db773514f86620d0655daff
directional_review	13:33	9:9	strong	strong	13:33	9:9	9:9	cross_surah	label_target_note	ranked_review	Shows trading signs for little becoming public obstruction from God's way.	focus_13_33_cutoff_100.tsv	57	f96f9e9f017014949e6c37107e5755f632a67589d8c510dcd08a0a623afc13e1
directional_review	13:33	4:167	strong	strong	13:33	4:167	4:167	cross_surah	label_target_note	ranked_review	Connects disbelief plus obstruction with deepened personal misguidance.	focus_13_33_cutoff_100.tsv	58	1bda4ff5e2f2331d67fdf437028e91f926e63b1da38819f178063b6b87009873
directional_review	13:33	40:56	weak	weak	13:33	40:56	40:56	cross_surah	label_target_note	ranked_review	Only indirectly supports unsupported-claim critique through disputing without authority.	focus_13_33_cutoff_100.tsv	59	3f512910deeac7ae38c79bea375acc6dd0877872dfb0c2fb09e9a472eb20b237
directional_review	13:33	16:63	strong	strong	13:33	16:63	16:63	cross_surah	label_target_note	ranked_review	Shows beautified deeds becoming an accepted governing allegiance.	focus_13_33_cutoff_100.tsv	60	c6c62b00a9b427d45a642473e0f7a70a9d929cd85977a3a7d92f13f1a377ad64
directional_review	13:33	16:88	strong	strong	13:33	16:88	16:88	cross_surah	label_target_note	ranked_review	Shows obstruction spreading corruption and carrying an added consequence.	focus_13_33_cutoff_100.tsv	61	da861effdf2fc0ead04870a0a9fb61c9606c109589294c0feb2a17e134c2cdf6
directional_review	13:33	13:39	medium	medium	13:33	13:39	13:39	same_surah	label_target_note	ranked_review	Adds the nearby divine authority to erase and establish from the source record.	focus_13_33_cutoff_100.tsv	62	c84f438804fbb10ddde07d4699d2da1380980f71a6a49b2d73001bebc72fcab8
directional_review	13:33	78:2	weak	weak	13:33	78:2	78:2	cross_surah	label_target_note	ranked_review	Treats report as consequential knowledge but does not address the focal claim.	focus_13_33_cutoff_100.tsv	63	fc9821a677fc31f3adaff8a0cccd997a8e115175b077a44d22ba449f651d9640
directional_review	13:33	39:29	strong	strong	13:33	39:29	39:29	cross_surah	label_target_note	ranked_review	Uses rival masters to expose the incoherence of shared association.	focus_13_33_cutoff_100.tsv	64	19ba069340a37ec9afc6036ccb7b3e11f6fa0c2123cf31dfb8e1cc8cd2409362
directional_review	13:33	5:16	medium	medium	13:33	5:16	5:16	cross_surah	label_target_note	ranked_review	Supplies a positive route from darkness to a straight path.	focus_13_33_cutoff_100.tsv	65	d8930454b0c3885be7f2b7e8ba5ea51d0c47070593dfbe98aec3a135f7c3c23e
directional_review	13:33	6:123	medium	medium	13:33	6:123	6:123	cross_surah	label_target_note	ranked_review	Retains the secondary reading that plotting recoils upon its makers.	focus_13_33_cutoff_100.tsv	66	56aa7a1f09faa547b8eb7a77a66704f7a2e6007e6528166659a0f617a79f080f
directional_review	13:33	47:32	strong	strong	13:33	47:32	47:32	cross_surah	label_target_note	ranked_review	Joins clear guidance, blocking God's way, and the collapse of deeds.	focus_13_33_cutoff_100.tsv	67	52bb722780ca0cc54d4a0b3f2104663e6566ca239387a9e5ffbee6f0c8c1a384
directional_review	13:33	13:12	no value	no value	13:33	13:12	13:12	same_surah	label_target_note	ranked_review	The weather image does not clarify the focal readings.	focus_13_33_cutoff_100.tsv	68	2bec004f4aa7b878d171bda3c50b72b2d6f27afb4a61c693c16f3cb08dac76fb
directional_review	13:33	7:45	strong	strong	13:33	7:45	7:45	cross_surah	label_target_note	ranked_review	Directly joins blocking God's way with making it seem crooked.	focus_13_33_cutoff_100.tsv	69	d71ee68ff2faf510389f14a07adbf49d3f0657463b5c97d7bd223b068b1df7e0
directional_review	13:33	47:14	strong	strong	13:33	47:14	47:14	cross_surah	label_target_note	ranked_review	Explains the reinforcing cycle of adorned evil action and desire.	focus_13_33_cutoff_100.tsv	70	1b34d6ad4f83d3f09fc952ac37ed0736e6ee79328fc49804c217a8581235349a
directional_review	13:33	29:26	weak	weak	13:33	29:26	29:26	cross_surah	label_target_note	ranked_review	The migration route is only a remote parallel to focal guidance.	focus_13_33_cutoff_100.tsv	71	fb707c16144db6aa168c1633be81453f8354e37410c50cb6980a1451eab9b155
directional_review	13:33	9:37	medium	medium	13:33	9:37	9:37	cross_surah	label_target_note	ranked_review	Shows technical rearrangement made attractive despite its wrongness.	focus_13_33_cutoff_100.tsv	72	e84ff7fc2af5177cb4454ee0525211667ebf86ec2d80545270a51c8810238872
directional_review	13:33	2:212	medium	medium	13:33	2:212	2:212	cross_surah	label_target_note	ranked_review	Provides a secondary case of worldly appearance distorting judgment.	focus_13_33_cutoff_100.tsv	73	ea5ddd916dd1a312b550f672f591bf39b473dbe5d646626cf606e470de37b1c8
directional_review	13:33	13:8	medium	medium	13:33	13:8	13:8	same_surah	label_target_note	ranked_review	Supports comprehensive, measured knowledge over hidden individual processes.	focus_13_33_cutoff_100.tsv	74	2ec4243e2c42202d265ffb847571985ade806f0215dedc01ce9c296ae7f73dfd
directional_review	13:33	19:7	weak	weak	13:33	19:7	19:7	cross_surah	label_target_note	ranked_review	A distinctive divinely given name is only a limited contrast to unsupported naming.	focus_13_33_cutoff_100.tsv	75	c18de5630c56f9a4c959e6bfbff1192f50cc26a626342e22d628aad8fa690920
directional_review	13:33	41:40	medium	medium	13:33	41:40	41:40	cross_surah	label_target_note	ranked_review	Connects visible divine awareness of deeds with a final evaluative contrast.	focus_13_33_cutoff_100.tsv	76	434094d7d7da7bbae0bc6eef48c1dafda6f91e26f6ee8a6ed745c954538c0106
directional_review	13:33	30:10	weak	weak	13:33	30:10	30:10	cross_surah	label_target_note	ranked_review	The channel resonance is remote from the focal naming and accounting claims.	focus_13_33_cutoff_100.tsv	77	2d883a75053d37be9444958b97f3a92c7ddf864c2ff003c81b608e84e1075e75
directional_review	13:33	6:3	strong	strong	13:33	6:3	6:3	cross_surah	label_target_note	ranked_review	Directly extends knowledge from secret and open conduct to earnings.	focus_13_33_cutoff_100.tsv	78	867caf60ca1417de5eb98cb659b26d64f1346ed108d81e77a4de345c02b19d37
directional_review	13:33	40:37	strong	strong	13:33	40:37	40:37	cross_surah	label_target_note	ranked_review	Directly combines beautified evil, blocked way, and failed plotting.	focus_13_33_cutoff_100.tsv	79	e32fc2967414f35e89376904b245151df562fa8e6ab0a1232b690928af9989e6
directional_review	13:33	13:38	weak	weak	13:33	13:38	13:38	same_surah	label_target_note	ranked_review	Nearby limits signs to divine permission but adds little to 13:33.	focus_13_33_cutoff_100.tsv	80	38e7341598793fcf7c1aadebad8a925895f8f0b7c117cb2311f240e73d7c2736
directional_review	13:33	10:53	medium	medium	13:33	10:53	10:53	cross_surah	label_target_note	ranked_review	Treats disputed report as an inescapable reality under divine authority.	focus_13_33_cutoff_100.tsv	81	09bfcd43f17af5a998e6f72427e10e8712853cf801c0a9ff71573e5ce9aa1e58
directional_review	13:33	5:17	strong	strong	13:33	5:17	5:17	cross_surah	label_target_note	ranked_review	Counters a divinizing claim through God's sole dominion and creative power.	focus_13_33_cutoff_100.tsv	82	85fdbdbd9f901777703ff0ffa6ca2c978ce36ff650e0c2339cf9199b51baee7a
directional_review	13:33	43:10	weak	weak	13:33	43:10	43:10	cross_surah	label_target_note	ranked_review	The physical-route analogy is a distant secondary aid to the way reading.	focus_13_33_cutoff_100.tsv	83	245d7cdafa188257caa7a9816e91c69445b217426a7c74ed9ea3b5f41fbdb7f5
directional_review	13:33	22:40	medium	medium	13:33	22:40	22:40	cross_surah	label_target_note	ranked_review	Connects being expelled for naming God with protection of named worship.	focus_13_33_cutoff_100.tsv	84	7bbe1bebc542f44ba8f329b30fe9482f5fe848541109a1e4c2c8c38a75b341fe
directional_review	13:33	13:19	medium	medium	13:33	13:19	13:19	same_surah	label_target_note	ranked_review	Nearby contrast between knowing truth and blindness supports the knowledge challenge.	focus_13_33_cutoff_100.tsv	85	e4abd8fc9cb71b98a6d53f05f49fb5e7c659fe15a561b727f27c1ab251135876
directional_review	13:33	27:4	strong	strong	13:33	27:4	27:4	cross_surah	label_target_note	ranked_review	Directly ties beautified deeds to bewilderment and loss of direction.	focus_13_33_cutoff_100.tsv	86	e9bd97230957b5777baa0c756f7f4877169a381dc490a1d5c2be41bec4952ae3
directional_review	13:33	27:30	medium	medium	13:33	27:30	27:30	cross_surah	label_target_note	ranked_review	Shows a human sender subordinated to the higher divine name.	focus_13_33_cutoff_100.tsv	87	88c9c0705d1914201f7cbd24623ccde9040d9476e97cf4121ec4e3a4843eed52
directional_review	13:33	60:1	medium	medium	13:33	60:1	60:1	cross_surah	label_target_note	ranked_review	Adds hidden allegiance as a cause of deviating from the even way.	focus_13_33_cutoff_100.tsv	88	5f00b44cf115e5e1ab483dc73a91a1f717c680536ff8215dd0f7f43f4c2803e6
directional_review	13:33	13:22	medium	medium	13:33	13:22	13:22	same_surah	label_target_note	ranked_review	Adds nearby practices oriented to the Lord's face and good final outcome.	focus_13_33_cutoff_100.tsv	89	4e27a224b026b57fb5784447ae06ce0e9a35c3c2bcc239f6c9b46b0df4331b07
directional_review	13:33	58:6	medium	medium	13:33	58:6	58:6	cross_surah	label_target_note	ranked_review	Links complete divine accounting with a later report of forgotten deeds.	focus_13_33_cutoff_100.tsv	90	d65ffddc66901268eee4d7039986e42f3ad664f6a9baadae8ba93e318aa3e4b4
directional_review	13:33	30:42	medium	medium	13:33	30:42	30:42	cross_surah	label_target_note	ranked_review	Offers historical outcomes of association as a confirming perspective.	focus_13_33_cutoff_100.tsv	91	5e5368f8b456d521b154315cbd4b2d1bdbde2149be905d3105561c61000b443c
directional_review	13:33	14:9	medium	medium	13:33	14:9	14:9	cross_surah	label_target_note	ranked_review	Sets transmitted report and clear signs against a doubtful rejecting response.	focus_13_33_cutoff_100.tsv	92	9b91adb32baffd6eb842a83fe08451816b5c83db567bea99ba91484b4cbc987f
directional_review	13:33	6:52	strong	strong	13:33	6:52	6:52	cross_surah	label_target_note	ranked_review	Directly separates one person's accounting from another's and forbids wrongful exclusion.	focus_13_33_cutoff_100.tsv	93	8cc346779a3edde80d84109fb90bf8a2d81b8d4df150c369cf1930398af03a1a
directional_review	13:33	42:34	medium	medium	13:33	42:34	42:34	cross_surah	label_target_note	ranked_review	Shows acquired deeds bringing a fitting destructive consequence.	focus_13_33_cutoff_100.tsv	94	1c42eee68cfc6be5a4bf3f0c2afeeb165d12ec07d5c791cf1c6a48bd66e43677
directional_review	13:33	2:259	weak	weak	13:33	2:259	2:259	cross_surah	label_target_note	ranked_review	Affirms divine power and clarified knowledge without engaging the focal mechanisms.	focus_13_33_cutoff_100.tsv	95	923e304f6a6257a79777e714a87ece7528c280fc9babe17ff1441df0a2fafa05
directional_review	13:33	50:16	strong	strong	13:33	50:16	50:16	cross_surah	label_target_note	ranked_review	Extends oversight of the self to its concealed inner prompting.	focus_13_33_cutoff_100.tsv	96	09ab43db328ef5994007918d8b431b5ee5a8e3e938ee0498f2c9594699b07fbf
directional_review	13:33	3:147	weak	weak	13:33	3:147	3:147	cross_surah	label_target_note	ranked_review	The request for steadiness offers only a distant path parallel.	focus_13_33_cutoff_100.tsv	97	23888eaae90790d911467a3aed3c9ebbcd6ad64313ce3192911789cdcb26e31f
directional_review	13:33	41:12	weak	weak	13:33	41:12	41:12	cross_surah	label_target_note	ranked_review	Provides another functional, non-deceptive counterexample to adornment.	focus_13_33_cutoff_100.tsv	98	3092360ec6cec4618f15340ad8a86eb4000e6928a97d43a786e2119e7a901bfe
directional_review	13:33	56:40	no value	no value	13:33	56:40	56:40	cross_surah	label_target_note	ranked_review	The isolated phrase adds no interpretable connection.	focus_13_33_cutoff_100.tsv	99	0ea331b34a6235aa62247fdc44bb7733d4186625c6ab0bad50527493e90112a1
directional_review	13:33	6:159	medium	medium	13:33	6:159	6:159	cross_surah	label_target_note	ranked_review	Relativizes group labels by returning deeds to divine report and judgment.	focus_13_33_cutoff_100.tsv	100	dc7eb743b6fcdf892e02cd42be440064491613ea276f9b5cf9c388d778974f23
directional_review	13:33	6:22	strong	strong	13:33	6:22	6:22	cross_surah	label_target_note	missing_ayah_suggestion	Directly stages the absence of the alleged associates when they are summoned.	focus_13_33_cutoff_100.tsv	101	84c641cd152a0a84b18832738357b27347e2016090b1b61f554fff0cafbc8dba
directional_review	13:33	6:71	strong	strong	13:33	6:71	6:71	cross_surah	label_target_note	missing_ayah_suggestion	Contrasts calling what cannot benefit or harm with guidance received from God.	focus_13_33_cutoff_100.tsv	102	20265a130feb93e51512381c9af3998adc77ae579163d6742046b3143a36af64
directional_review	13:33	7:70	strong	strong	13:33	7:70	7:70	cross_surah	label_target_note	missing_ayah_suggestion	Directly rejects inherited names for which no authority has been sent down.	focus_13_33_cutoff_100.tsv	103	56ed14d9c82b7c82ea490bf2f53e04a2d9f63292f878f6e12e9b4dc10e11d5ee
directional_review	13:33	7:71	strong	strong	13:33	7:71	7:71	cross_surah	label_target_note	missing_ayah_suggestion	Directly links disputed names to the absence of divine authorization.	focus_13_33_cutoff_100.tsv	104	0fe8cf823c58a9bac1ff14605303c37d3df0fc422e2783609afbbefc16cb31c9
directional_review	13:33	7:16	strong	strong	13:33	7:16	7:16	cross_surah	label_target_note	missing_ayah_suggestion	Supplies the explicit hostile posture of sitting on the straight path to obstruct it.	focus_13_33_cutoff_100.tsv	105	5eb0ec7c1733a209e8074965937ba60e6320c602f952beb1da6d68fc1d6a477f
directional_review	13:33	7:146	medium	medium	13:33	7:146	7:146	cross_surah	label_target_note	missing_ayah_suggestion	Shows arrogant rejection producing diversion from divine signs and the right way.	focus_13_33_cutoff_100.tsv	106	916e5d72d069f6eed0253ed0141103e5dc0d37590cd7bb590bef047d4b0d7ef8
directional_review	13:33	8:36	strong	strong	13:33	8:36	8:36	cross_surah	label_target_note	missing_ayah_suggestion	Shows resources spent to block God's way becoming a self-defeating burden.	focus_13_33_cutoff_100.tsv	107	74d2f664b68732b4720c3c0eee1d9bcdc252e021f24ea692d839fa73a67ba135
directional_review	13:33	10:18	strong	strong	13:33	10:18	10:18	cross_surah	label_target_note	missing_ayah_suggestion	Nearly restates the focal challenge by asking whether God is told what He does not know.	focus_13_33_cutoff_100.tsv	108	b000c61e65896b5396945596c083e0bdebd8a4cdac291cbbef58f97672476ef0
directional_review	13:33	10:28	strong	strong	13:33	10:28	10:28	cross_surah	label_target_note	missing_ayah_suggestion	Depicts associates separating from their claimants and disowning their worship.	focus_13_33_cutoff_100.tsv	109	086dfb885424515ed204618a198fe365a344a372de85ad2efb1856ac63a95328
directional_review	13:33	10:35	strong	strong	13:33	10:35	10:35	cross_surah	label_target_note	missing_ayah_suggestion	Frames guidance as a criterion distinguishing the true object of following.	focus_13_33_cutoff_100.tsv	110	b72a0c2b8c87e05241a00a0010671ae2b872a7623d7ef1763d32d2a6c1441e4b
directional_review	13:33	12:40	strong	strong	13:33	12:40	12:40	cross_surah	label_target_note	missing_ayah_suggestion	Directly identifies rival objects as names without divinely granted authority.	focus_13_33_cutoff_100.tsv	111	832cf8920b30888780384821e3223a493351de41dd5b5e6743f8377635d10a17
directional_review	13:33	13:18	strong	strong	13:33	13:18	13:18	same_surah	label_target_note	missing_ayah_suggestion	Complements focal accounting with answerable calling, bad account, and no ransom.	focus_13_33_cutoff_100.tsv	112	04ffe7737fcc245de737e672ba81cd1d9a1b8fa481e3d27ea4b9d4cbed83b276
directional_review	13:33	14:3	strong	strong	13:33	14:3	14:3	cross_surah	label_target_note	missing_ayah_suggestion	Directly joins preferring worldly appearance with blocking and bending God's way.	focus_13_33_cutoff_100.tsv	113	ad21610993fb6e4ecfb5c09fa53f70a1263e0a4fd56971ae14ef8a3cd3e22972
directional_review	13:33	15:39	strong	strong	13:33	15:39	15:39	cross_surah	label_target_note	missing_ayah_suggestion	Supplies an explicit adornment-to-misguidance sequence.	focus_13_33_cutoff_100.tsv	114	33b6961f4fff77746632196ed6a0f023bbfaf4ba088a92b2b12e39660a3c7d35
directional_review	13:33	16:20	strong	strong	13:33	16:20	16:20	cross_surah	label_target_note	missing_ayah_suggestion	Denies creative agency to the invoked beings and describes them as unresponsive.	focus_13_33_cutoff_100.tsv	115	3ce0f20d96415113bfc5f8330f94833fb4e784b6353053af89f028baefb8fbe1
directional_review	13:33	16:35	medium	medium	13:33	16:35	16:35	cross_surah	label_target_note	missing_ayah_suggestion	Preserves the contrary claim that association is attributed to divine will.	focus_13_33_cutoff_100.tsv	116	b5b779ac470b4eb0dc47d4c269662a8bde27faf6aae82003ff25d243c3920b68
directional_review	13:33	16:86	strong	strong	13:33	16:86	16:86	cross_surah	label_target_note	missing_ayah_suggestion	Shows claimed associates disowning those who associated them with God.	focus_13_33_cutoff_100.tsv	117	45292cd05d5ead1e4a6a4b273ae8ef5956b7cabf9189e70b73b2551bafacc38c
directional_review	13:33	17:13	strong	strong	13:33	17:13	17:13	cross_surah	label_target_note	missing_ayah_suggestion	Makes a person's own acquired record inseparable and publicly disclosed.	focus_13_33_cutoff_100.tsv	118	8ccb5cc47be8c6716366001a39c5d704bdcf3fc5ca92ababe56c04530edb0b06
directional_review	13:33	17:14	strong	strong	13:33	17:14	17:14	cross_surah	label_target_note	missing_ayah_suggestion	Makes the self sufficient as accountant over its own record.	focus_13_33_cutoff_100.tsv	119	81c4265a1369e56864e94bd725c7fb3f8aa74678270259506fca853689133ded
directional_review	13:33	17:22	strong	strong	13:33	17:22	17:22	cross_surah	label_target_note	missing_ayah_suggestion	Prohibits setting another object alongside God because the result is blame and abandonment.	focus_13_33_cutoff_100.tsv	120	207ae3a38b1d00596ce860dbda712dbee0d864dec1ca1a71f7a979e629cc410d
directional_review	13:33	17:39	strong	strong	13:33	17:39	17:39	cross_surah	label_target_note	missing_ayah_suggestion	Closes a sequence of wisdom by forbidding another god alongside God.	focus_13_33_cutoff_100.tsv	121	2374e37666aa8f01c48edb86b151be8db9bb5614c98daf664ccfd5523b840036
directional_review	13:33	18:15	strong	strong	13:33	18:15	18:15	cross_surah	label_target_note	missing_ayah_suggestion	Challenges adopted gods for lacking any clear supporting authority.	focus_13_33_cutoff_100.tsv	122	44d6928472f7535d517bd97b1f6ee5a6740d6f75dbd4332b6f1af903cba044cd
directional_review	13:33	18:49	medium	medium	13:33	18:49	18:49	cross_surah	label_target_note	missing_ayah_suggestion	Supplies exhaustive recording and the finding of every deed present.	focus_13_33_cutoff_100.tsv	123	1ae118f87da81eaa3d5e5175d9bdf8ab77f00ff16dd89be5eb8f83245d78c774
directional_review	13:33	20:15	strong	strong	13:33	20:15	20:15	cross_surah	label_target_note	missing_ayah_suggestion	States that every self is repaid for what it strives toward.	focus_13_33_cutoff_100.tsv	124	7fc13195dd458e0174ee92a75fcfe8087fb94e01a4b92f1cb39c6c1af9d4c844
directional_review	13:33	21:22	strong	strong	13:33	21:22	21:22	cross_surah	label_target_note	missing_ayah_suggestion	Uses the incoherence of multiple gods to establish undivided divine rule.	focus_13_33_cutoff_100.tsv	125	3fb4f7fea62badb088d354c5a5e5cfae9e55dc240e76aa648e44cbc6e42ca6c0
directional_review	13:33	21:24	strong	strong	13:33	21:24	21:24	cross_surah	label_target_note	missing_ayah_suggestion	Demands proof for gods besides God and contrasts unsupported assertion with remembrance.	focus_13_33_cutoff_100.tsv	126	b61c0a4b59c584916a2dbc3c801f71512b0bb52df0657d402514093fef0316fc
directional_review	13:33	21:47	strong	strong	13:33	21:47	21:47	cross_surah	label_target_note	missing_ayah_suggestion	Supplies exact, non-wrongful weighing of even the smallest deed.	focus_13_33_cutoff_100.tsv	127	c703df845129c163fe26d2399fbca00d19fa5fa3abdce29be5e0b00c5036900b
directional_review	13:33	22:8	strong	strong	13:33	22:8	22:8	cross_surah	label_target_note	missing_ayah_suggestion	Targets disputation about God without knowledge, guidance, or an illuminating record.	focus_13_33_cutoff_100.tsv	128	1af70358de4efe9da72863a359e1ac61a97ebc8a7f8278e9cde463f8b68f1ccc
directional_review	13:33	22:12	strong	strong	13:33	22:12	22:12	cross_surah	label_target_note	missing_ayah_suggestion	Characterizes calling another besides God as seeking neither benefit nor harm.	focus_13_33_cutoff_100.tsv	129	cf1cc1b95ea15729ba76e83aefc9867786cae812f494ef028e82102eba3e8275
directional_review	13:33	22:13	strong	strong	13:33	22:13	22:13	cross_surah	label_target_note	missing_ayah_suggestion	Shows the invoked alternative as nearer to harm than benefit.	focus_13_33_cutoff_100.tsv	130	b789d7a5daeaefedede48579843a28a537ae311b947396d11ea16d4fa4e37ce0
directional_review	13:33	22:25	strong	strong	13:33	22:25	22:25	cross_surah	label_target_note	missing_ayah_suggestion	Directly treats obstruction from God's way as a culpable public act.	focus_13_33_cutoff_100.tsv	131	2291b5da24be8eb6f2cfb22c2ff814c878e1e09f31ed4912f182f156d25ee640
directional_review	13:33	22:71	strong	strong	13:33	22:71	22:71	cross_surah	label_target_note	missing_ayah_suggestion	Rejects worship of associates for which God has sent no authority or knowledge.	focus_13_33_cutoff_100.tsv	132	e4445524410bd27ac6bdfc6a955f639465a7db4ecba13726fc4868a85f12c45c
directional_review	13:33	23:91	strong	strong	13:33	23:91	23:91	cross_surah	label_target_note	missing_ayah_suggestion	Argues that multiple gods would yield competing possession and domination.	focus_13_33_cutoff_100.tsv	133	45d0b596b641725320ccd772e97286bacefb7cc5dfdae7033d467566dc10dde8
directional_review	13:33	23:117	strong	strong	13:33	23:117	23:117	cross_surah	label_target_note	missing_ayah_suggestion	Condemns calling another god while having no proof for that claim.	focus_13_33_cutoff_100.tsv	134	ff52233ffffd3fcd6b370f26bc8bb7d0dbca5ffa331a4e6ee780737c63538a66
directional_review	13:33	23:62	strong	strong	13:33	23:62	23:62	cross_surah	label_target_note	missing_ayah_suggestion	Sets a truthful record and non-wrongful judgment over each self's capacity.	focus_13_33_cutoff_100.tsv	135	3f3381b3fcf6d43e6db02f968c4fef89d8ee146a868091b23d72c3be1c13f050
directional_review	13:33	25:3	strong	strong	13:33	25:3	25:3	cross_surah	label_target_note	missing_ayah_suggestion	Denies the alleged gods power to create, benefit, harm, death, life, or resurrection.	focus_13_33_cutoff_100.tsv	136	fbe4dc1fc30b5fa6b4a57c52db1ed3274b483ae86123125b64ecb9c099b2a17b
directional_review	13:33	25:29	strong	strong	13:33	25:29	25:29	cross_surah	label_target_note	missing_ayah_suggestion	Shows a misleading companion turning someone away after remembrance came.	focus_13_33_cutoff_100.tsv	137	43c2a814958b1342dcd4f3c1193254521810a74672ff9ff397e0948f7b513d07
directional_review	13:33	27:60	strong	strong	13:33	27:60	27:60	cross_surah	label_target_note	missing_ayah_suggestion	Directly asks whether any god is alongside God after creative provision.	focus_13_33_cutoff_100.tsv	138	e424df6f1ad130be8e5baacf8fa6cd0f67a858ee27f95eca99e8ca447c2bb3d7
directional_review	13:33	27:61	strong	strong	13:33	27:61	27:61	cross_surah	label_target_note	missing_ayah_suggestion	Continues the direct challenge to imagined gods alongside God through ordered creation.	focus_13_33_cutoff_100.tsv	139	9d205379053d646dee0180702841b4bb76c77113e94f1a65b3b4e8baac4de310
directional_review	13:33	27:62	strong	strong	13:33	27:62	27:62	cross_surah	label_target_note	missing_ayah_suggestion	Connects answering the distressed to the question of any god alongside God.	focus_13_33_cutoff_100.tsv	140	b5fcc5b3fcdaa56764df12a5f11c08013eb0184106a9ae1176c7f7803dea20fa
directional_review	13:33	27:63	strong	strong	13:33	27:63	27:63	cross_surah	label_target_note	missing_ayah_suggestion	Connects guidance through darkness to the question of any god alongside God.	focus_13_33_cutoff_100.tsv	141	1086638af22617e6d3d97007dc51d38b9f186e4569917198877fd79a680d6231
directional_review	13:33	27:64	strong	strong	13:33	27:64	27:64	cross_surah	label_target_note	missing_ayah_suggestion	Combines origination and provision with the question of any god alongside God.	focus_13_33_cutoff_100.tsv	142	364329481d6ef31fc3dcc868258bfc637c44b77969f6e0c9fae9727466f8d23e
directional_review	13:33	28:62	strong	strong	13:33	28:62	28:62	cross_surah	label_target_note	missing_ayah_suggestion	Makes the alleged associates answerable when God calls for them.	focus_13_33_cutoff_100.tsv	143	479c364116d364063806687ef7d819908f5bd59d0e8f08d65565d16afc09bb12
directional_review	13:33	28:64	strong	strong	13:33	28:64	28:64	cross_surah	label_target_note	missing_ayah_suggestion	Shows claimed associates unable to answer when they are summoned.	focus_13_33_cutoff_100.tsv	144	6d62ee324d2675c22c45dad0540991005b27edffe688926b4f9c417573bfad48
directional_review	13:33	29:17	strong	strong	13:33	29:17	29:17	cross_surah	label_target_note	missing_ayah_suggestion	Denies that worshiped alternatives control provision and redirects worship and thanks.	focus_13_33_cutoff_100.tsv	145	6a65c21c498e8e6928350029c38ec737ccba438210b2cd29c6bc7581c80c28ba
directional_review	13:33	29:41	strong	strong	13:33	29:41	29:41	cross_surah	label_target_note	missing_ayah_suggestion	Uses the fragile protector image to expose reliance on others besides God.	focus_13_33_cutoff_100.tsv	146	3d108561de73fcac074f32abf9b91ca69532fc55fab064646703efd39f8c7a6e
directional_review	13:33	30:28	strong	strong	13:33	30:28	30:28	cross_surah	label_target_note	missing_ayah_suggestion	Tests association against whether people accept equals in what they themselves possess.	focus_13_33_cutoff_100.tsv	147	4c6975da36cd1ae1358f3bf754f8c75391d16342c60303a85c5c17638bde8a79
directional_review	13:33	31:13	strong	strong	13:33	31:13	31:13	cross_surah	label_target_note	missing_ayah_suggestion	Names association as a grave wrong, sharpening the focal ethical verdict.	focus_13_33_cutoff_100.tsv	148	4d860188a5717395582e4d4fc43be1a2841e8b9edf35679bc7cd6b62577cae64
directional_review	13:33	34:22	strong	strong	13:33	34:22	34:22	cross_surah	label_target_note	missing_ayah_suggestion	Denies that invoked alternatives possess any share or support in heaven or earth.	focus_13_33_cutoff_100.tsv	149	ac1fc552540a4e0b567832722eed4b74fe43fea95b3234ab93cfa2486535b32a
directional_review	13:33	36:23	strong	strong	13:33	36:23	36:23	cross_surah	label_target_note	missing_ayah_suggestion	Rejects taking gods whose intercession and protection cannot avail.	focus_13_33_cutoff_100.tsv	150	2070b95452f91c9c9a52921df056f0082cc849e9ffd08632cadddde15e7b27c7
directional_review	13:33	36:12	strong	strong	13:33	36:12	36:12	cross_surah	label_target_note	missing_ayah_suggestion	Adds exhaustive preservation of prior acts and their enduring traces.	focus_13_33_cutoff_100.tsv	151	01aad182fedc2a83a4b567e04f9430516e1defc3c539ec67fd827fe4642f44d5
directional_review	13:33	37:86	strong	strong	13:33	37:86	37:86	cross_surah	label_target_note	missing_ayah_suggestion	Directly frames false divinities as a fabricated claim beside God.	focus_13_33_cutoff_100.tsv	152	76573d46ff3266cef8aa6133fbb9581bd16a08c128b853d9ecce902bb7eb5fa2
directional_review	13:33	38:26	strong	strong	13:33	38:26	38:26	cross_surah	label_target_note	missing_ayah_suggestion	Shows desire following as a cause of diversion from God's way.	focus_13_33_cutoff_100.tsv	153	c1fd985f8d938fc4cc79cb57f54102a9f0f0b2c18efa87354bb3bc7f69040c90
directional_review	13:33	39:3	strong	strong	13:33	39:3	39:3	cross_surah	label_target_note	missing_ayah_suggestion	Preserves the intermediary-proximity rationale offered for taking protectors besides God.	focus_13_33_cutoff_100.tsv	154	17092a5932d223717b44d52ed4b1e797fb49efef30767469ef73048c0a8242f6
directional_review	13:33	39:38	strong	strong	13:33	39:38	39:38	cross_surah	label_target_note	missing_ayah_suggestion	Shows acknowledged divine creation coexisting with calling on others besides God.	focus_13_33_cutoff_100.tsv	155	4d14c0e2552275afdfdbb5e3db9555d5622550d974f33b96f6365deeabeeb659
directional_review	13:33	39:43	strong	strong	13:33	39:43	39:43	cross_surah	label_target_note	missing_ayah_suggestion	Challenges the resort to intercessors other than God.	focus_13_33_cutoff_100.tsv	156	a851e19264970910aed1e4e7349a646eae9a6444f541eab691c332102f06288c
directional_review	13:33	39:70	strong	strong	13:33	39:70	39:70	cross_surah	label_target_note	missing_ayah_suggestion	States full repayment for every self's deed under comprehensive knowledge.	focus_13_33_cutoff_100.tsv	157	85c12ec5e1fc2840d6476534ed7b29755106808c8115ede838b9ac01d0efc23c
directional_review	13:33	40:17	strong	strong	13:33	40:17	40:17	cross_surah	label_target_note	missing_ayah_suggestion	States each self's exact recompense and the absence of injustice in the account.	focus_13_33_cutoff_100.tsv	158	73bc897aa3a35430caf2fd533ac3e63391ae27c1179c4844c2bba12942aad1df
directional_review	13:33	40:42	strong	strong	13:33	40:42	40:42	cross_surah	label_target_note	missing_ayah_suggestion	Contrasts a call toward God with a call toward what is neither known nor answerable.	focus_13_33_cutoff_100.tsv	159	5e975d6233f171696982fbc6b6303129987a4cbc14fdd7a281bb592da69b430f
directional_review	13:33	41:6	strong	strong	13:33	41:6	41:6	cross_surah	label_target_note	missing_ayah_suggestion	Rejects worship of another god while asserting the oneness of the one God.	focus_13_33_cutoff_100.tsv	160	624d33126da58404e1412f5f409120e65405053085d336193faed0e65ecea5e1
directional_review	13:33	43:36	strong	strong	13:33	43:36	43:36	cross_surah	label_target_note	missing_ayah_suggestion	Shows turning from remembrance resulting in a misleading close companion.	focus_13_33_cutoff_100.tsv	161	8d5b5fcfe5ef62bce20ce1521b64e56d9c70a2a3cc5225943dc10aec36c6252b
directional_review	13:33	43:37	strong	strong	13:33	43:37	43:37	cross_surah	label_target_note	missing_ayah_suggestion	Directly says such companions block the way while their followers think themselves guided.	focus_13_33_cutoff_100.tsv	162	d7d3f037be1d2dff7e510a9f66d06fc8c5297396a84aed88734d60ce24b3b77d
directional_review	13:33	43:45	strong	strong	13:33	43:45	43:45	cross_surah	label_target_note	missing_ayah_suggestion	Demands examination of whether any gods besides the Merciful were authorized for worship.	focus_13_33_cutoff_100.tsv	163	803a618e12a24f10ff6710050aa9afed273b40e955fa010ddbe9480cdd7cee80
directional_review	13:33	43:87	strong	strong	13:33	43:87	43:87	cross_surah	label_target_note	missing_ayah_suggestion	Uses acknowledged divine creation to expose subsequent diversion.	focus_13_33_cutoff_100.tsv	164	e00bb3f2955600c9ccbb2fe8bbc8cf5f849b008bb21094b9126a57250e1cbc62
directional_review	13:33	45:23	strong	strong	13:33	45:23	45:23	cross_surah	label_target_note	missing_ayah_suggestion	Shows desire made into a god alongside sealing and loss of guidance.	focus_13_33_cutoff_100.tsv	165	57aed14cb7a5d2f4934f0582daa036e263e45ad7b034e7f089b587255e5f9357
directional_review	13:33	45:28	strong	strong	13:33	45:28	45:28	cross_surah	label_target_note	missing_ayah_suggestion	Adds a written communal record and repayment for all that was done.	focus_13_33_cutoff_100.tsv	166	c7f099bc59fc2abd194da039d6ebcb301cd52e59a058aa6b3404eb5bafc2931c
directional_review	13:33	46:4	strong	strong	13:33	46:4	46:4	cross_surah	label_target_note	missing_ayah_suggestion	Directly repeats the demand to show what alleged associates created or share.	focus_13_33_cutoff_100.tsv	167	65890717c0fbb390bfe5cb6bb8299391c5e586a8ff63dd2fa10532b1c3a64422
directional_review	13:33	47:25	strong	strong	13:33	47:25	47:25	cross_surah	label_target_note	missing_ayah_suggestion	Connects retreat after guidance with beautification and extended false hope.	focus_13_33_cutoff_100.tsv	168	f7900ac5c4cf79b63b912b7ba7e4a881b03090075fa5b6c8f350a8305afe64de
directional_review	13:33	51:51	strong	strong	13:33	51:51	51:51	cross_surah	label_target_note	missing_ayah_suggestion	Explicitly forbids setting another god alongside God.	focus_13_33_cutoff_100.tsv	169	69fdda6bc253e5f0cc9017e3428c427fbde362fc36d55fe221113dc2e317cf3a
directional_review	13:33	52:43	strong	strong	13:33	52:43	52:43	cross_surah	label_target_note	missing_ayah_suggestion	Directly asks whether they have a god other than God.	focus_13_33_cutoff_100.tsv	170	24276d6fa60bcba662b2266f80d9ff203eca4d93cc0a14a33bcab5b0b11dd8d2
directional_review	13:33	53:23	strong	strong	13:33	53:23	53:23	cross_surah	label_target_note	missing_ayah_suggestion	Directly reduces the claimed objects to names without authority and conjectural following.	focus_13_33_cutoff_100.tsv	171	0b3624ac3f282be2e6bee044dbc5b849b7a59d767f5e26862c8a654d22e96102
directional_review	13:33	53:38	strong	strong	13:33	53:38	53:38	cross_surah	label_target_note	missing_ayah_suggestion	Reinforces non-transferable responsibility by denying that any bearer carries another's burden.	focus_13_33_cutoff_100.tsv	172	f505475340c31a5f2e6167c2ac80369090fccba66c93a6bd6b3974b6dfef29c3
directional_review	13:33	53:39	strong	strong	13:33	53:39	53:39	cross_surah	label_target_note	missing_ayah_suggestion	Limits each person to what that person has striven for.	focus_13_33_cutoff_100.tsv	173	b54a0232bd71f5223f5d1e9a915860b6f88d7f8dd97b19adb3d38ca607b9569b
directional_review	13:33	58:19	strong	strong	13:33	58:19	58:19	cross_surah	label_target_note	missing_ayah_suggestion	Shows a misleading force causing forgetfulness of God's remembrance.	focus_13_33_cutoff_100.tsv	174	8d54187acb11a2545cae81d8a5e3500f0ce4683e1ade1d53f69bbd68acb48e90
directional_review	13:33	72:18	strong	strong	13:33	72:18	72:18	cross_surah	label_target_note	missing_ayah_suggestion	Forbids calling anyone together with God in places devoted to worship.	focus_13_33_cutoff_100.tsv	175	f617d300803b2bbac226ed4319279f1996f5d491a778fd5f5a14e55841b86bf5
directional_review	13:33	75:13	strong	strong	13:33	75:13	75:13	cross_surah	label_target_note	missing_ayah_suggestion	Makes a person informed of what it sent ahead and left behind.	focus_13_33_cutoff_100.tsv	176	ed1687109657d20fa64f05ce895b2bb96edd7a5456ca605982e2ca384283eb27
directional_review	13:33	81:14	strong	strong	13:33	81:14	81:14	cross_surah	label_target_note	missing_ayah_suggestion	Compresses the accounting principle into every self knowing what it brought forward.	focus_13_33_cutoff_100.tsv	177	233a0decf8defba99db701c17fc6e461d6e51d3e4723cad5b2b6f0e3d3aa3533
directional_review	13:33	82:10	strong	strong	13:33	82:10	82:10	cross_surah	label_target_note	missing_ayah_suggestion	Adds preserving overseers to the focal image of standing over each self.	focus_13_33_cutoff_100.tsv	178	b4b06b29575e4ed0c35bd17c4a0d774b5ad894d9bb3b61a2050e408bbfff1573
directional_review	13:33	82:12	strong	strong	13:33	82:12	82:12	cross_surah	label_target_note	missing_ayah_suggestion	Defines those overseers as knowing what people do.	focus_13_33_cutoff_100.tsv	179	bdcaf0a005b1fd9435065b22689cdb0139396f40e7c0464f2c1acafc8f937088
directional_review	13:33	99:7	strong	strong	13:33	99:7	99:7	cross_surah	label_target_note	missing_ayah_suggestion	States that even the smallest good is encountered as consequence.	focus_13_33_cutoff_100.tsv	180	8903109548ca5b81f91c19c037f2d369570fda9d5dfa2b13afb382812bd8091b
directional_review	13:33	99:8	strong	strong	13:33	99:8	99:8	cross_surah	label_target_note	missing_ayah_suggestion	States that even the smallest evil is encountered as consequence.	focus_13_33_cutoff_100.tsv	181	8fe7ed8965914adc5b9375cdfb7b9d03361d6c3404c6b418e483ec15c6c78878
reciprocal_nomination	13:33	2:31		strong	2:31	13:33	13:33	cross_surah	label_target_note	ranked_review	Its commands to name alleged partners and to inform God of unknown things sharply contrast false naming with 2:31.	focus_2_31_cutoff_100.tsv	6	ba336abd432f97439cb538d2be0dca0be803dc663a2611a4a6a95a0111426362
reciprocal_nomination	13:33	2:33		medium	2:33	13:33	13:33	cross_surah	label_target_note	ranked_review	Uses naming as a test of whether a claimed designation has real content.	focus_2_33_cutoff_100.tsv	6	4e9829f6f503c96b84cde884c402ce866a38db3be42b03c1ecc4fb864c78629c
reciprocal_nomination	13:33	2:77		medium	2:77	13:33	13:33	cross_surah	label_target_note	missing_ayah_suggestion	Standing over every self's acquisition adds accountability to comprehensive knowledge.	focus_2_77_cutoff_100.tsv	116	b4fa688859759172cdca3e5f598ee79734b5be6cbee40f46273fa4095a13b610
reciprocal_nomination	13:33	2:96		strong	2:96	13:33	13:33	cross_surah	label_target_note	ranked_review	God stands over every self and what it earns while false partners are challenged, joining association to personal accountability.	focus_2_96_cutoff_100.tsv	66	8dee82cc23fbcf6666f89c221825850bd03806bc545cf64ae8d7e09259ca7b8f
reciprocal_nomination	13:33	2:108		medium	2:108	13:33	13:33	cross_surah	label_target_note	ranked_review	Links embellished plotting, association, and being turned from the path, but not the asking scene.	focus_2_108_cutoff_100.tsv	49	0be865a5fbf4e77295d81fdc5f7f41545476eef80fa8b46d540edb7d14ea526f
reciprocal_nomination	13:33	2:165		strong	2:165	13:33	13:33	cross_surah	label_target_note	missing_ayah_suggestion	Asks whether partners have been assigned to Allah and exposes false naming.	focus_2_165_cutoff_100.tsv	123	836ca720e2835a081d7c7af1082adcabe2c80766466817a2d0cffa996b5fb41a
reciprocal_nomination	13:33	2:168		weak	2:168	13:33	13:33	cross_surah	label_target_note	ranked_review	Depicts disbelievers' deeds as adorned and their path blocked.	focus_2_168_cutoff_100.tsv	93	7148fe2cca829a58d72a8503b21264acacb4693c4779913ff96bc04d632201f4
reciprocal_nomination	13:33	2:212		strong	2:212	13:33	13:33	cross_surah	label_target_note	ranked_review	Shows the plotting of disbelievers being beautified and leading them from the way.	focus_2_212_cutoff_100.tsv	51	798625c17ff20c5eb5245a0b8056ea7812efdbcf247375e46bd8159aae703052
reciprocal_nomination	13:33	2:225		strong	2:225	13:33	13:33	cross_surah	label_target_note	ranked_review	God stands over every soul in relation to what it earned, directly reinforcing individual accountability.	focus_2_225_cutoff_100.tsv	58	fb222d898c0e455ddca14168b4454a45f2e7f00320d8d432792502dccfb3bd0f
reciprocal_nomination	13:33	2:233		weak	2:233	13:33	13:33	cross_surah	label_target_note	ranked_review	Affirms Allah's oversight of each soul's earnings, only broadly supporting accountability.	focus_2_233_cutoff_100.tsv	86	ad38bc825cd4326eaf69ab3101fcfa09bb106aac18f21748acbb293644ff7b48
reciprocal_nomination	13:33	2:281		strong	2:281	13:33	13:33	cross_surah	label_target_note	ranked_review	Portrays God as standing over every soul for what it earned.	focus_2_281_cutoff_100.tsv	71	629a53a9ec7bdc27e0c6f0c902eeeaf1694b49c82e8198d3bdf47b6eb3baaab5
reciprocal_nomination	13:33	3:7		weak	3:7	13:33	13:33	cross_surah	label_target_note	ranked_review	Critiques false attributions and outward speech, providing only a distant warning against unsupported claims.	focus_3_7_cutoff_100.tsv	90	39df5d8a81616b47e7bb73bf1d14a702cf1fb8b4d0c1ea7cf2f3346b9a642535
reciprocal_nomination	13:33	3:12		weak	3:12	13:33	13:33	cross_surah	label_target_note	ranked_review	Names those who disbelieve and are turned from the path, without the stated outcome.	focus_3_12_cutoff_100.tsv	27	565a448081aa568e1504b2e8fafca6188a7d8efbf037e85ab6771c4ae52470b0
reciprocal_nomination	13:33	3:14		strong	3:14	13:33	13:33	cross_surah	label_target_note	ranked_review	The disbelievers' scheming is made attractive and bars them from the way.	focus_3_14_cutoff_100.tsv	60	454b532c2c0e67cd4e3d632d407849248ef6fe405b482c3582ca2e255695cbdf
reciprocal_nomination	13:33	3:25		medium	3:25	13:33	13:33	cross_surah	label_target_note	ranked_review	Adds standing over every self in relation to what it earned.	focus_3_25_cutoff_100.tsv	89	1be99a612d0420a9b652c2fe9a88b8c642fe31743596a1aae1f693b55a2aeafb
reciprocal_nomination	13:33	3:39		weak	3:39	13:33	13:33	cross_surah	label_target_note	ranked_review	The word قائم has a different predicative use and does not explain the prayer posture.	focus_3_39_cutoff_100.tsv	40	40a749d49aae248a31fc4b3a36cd2c95f8d0a3b99dfb97ae5d8d8c58cc9d0d3d
reciprocal_nomination	13:33	3:54		weak	3:54	13:33	13:33	cross_surah	label_target_note	ranked_review	Their مكر is named amid diversion; no divine counter-plan is stated here.	focus_3_54_cutoff_100.tsv	72	87cd904ed55a1bfc2b2060c9f6eed2c051a0af0b6f1714d1a18fd4863d437464
reciprocal_nomination	13:33	3:99		medium	3:99	13:33	13:33	cross_surah	label_target_note	ranked_review	Those whose plotting is adorned are turned from the way and lack a guide.	focus_3_99_cutoff_100.tsv	57	48b5c5c67962edb735a63dc0fdf4a9e75ef79a7dc64a38817271a1fd7b5bb07b
reciprocal_nomination	13:33	3:161		medium	3:161	13:33	13:33	cross_surah	label_target_note	ranked_review	Adds standing over every self in relation to what it acquires.	focus_3_161_cutoff_100.tsv	13	aa658b3fbf76b0e13948fb69cc8a8efd07ef42c6314626b036779c6858ae813a
reciprocal_nomination	13:33	3:162		medium	3:162	13:33	13:33	cross_surah	label_target_note	ranked_review	Contrasts the One accounting for each soul's earning with devised partners and being barred from the path, supporting responsibility and misdirection.	focus_3_162_cutoff_100.tsv	81	2bffebd33faf8a220fada4ca9cc266e3be3e5ffad559f7270901817aca948f92
reciprocal_nomination	13:33	4:41		medium	4:41	13:33	13:33	cross_surah	label_target_note	ranked_review	Comprehensive standing over each self's earnings closely supports the accountability frame.	focus_4_41_cutoff_100.tsv	94	8ffe205cad918ad279397ecd37bb64d13755ae9732424f5ffbc69efcb1d3e3c6
reciprocal_nomination	13:33	4:48		strong	4:48	13:33	13:33	cross_surah	label_target_note	missing_ayah_suggestion	Questions whether those made partners can stand beside Allah's comprehensive guardianship.	focus_4_48_cutoff_100.tsv	129	05ca6f216a8b88d6038a0e85fdbbf9282f405097bddea2634e2bcb0ba82749f0
reciprocal_nomination	13:33	4:49		medium	4:49	13:33	13:33	cross_surah	label_target_note	ranked_review	God's standing over every self's earning and the challenge to asserted partners support accountable evaluation.	focus_4_49_cutoff_100.tsv	94	2937bdad31c603208c1775b9fa6c48b21077887f58be31f92e5b87bfc25c730e
reciprocal_nomination	13:33	4:88		strong	4:88	13:33	13:33	cross_surah	label_target_note	ranked_review	Connects acquired action, obstruction of the way, and loss of guidance.	focus_4_88_cutoff_100.tsv	22	2a1f544ef4769737ec1e86bdbcaa4eff4373a0d3000eb9bb7a223b25c9514421
reciprocal_nomination	13:33	4:142		medium	4:142	13:33	13:33	cross_surah	label_target_note	ranked_review	Contrasts God's watch over every soul with surface speech and devised plotting.	focus_4_142_cutoff_100.tsv	95	81867df646f4e45c28b80f22bfb3664601fcea512d79f9701dea536aa2d8b645
reciprocal_nomination	13:33	4:167		strong	4:167	13:33	13:33	cross_surah	label_target_note	ranked_review	Combines disbelief, obstruction from the way, deceptive embellishment, and lack of a guide.	focus_4_167_cutoff_100.tsv	31	a7be71d0a8ed0d2e44e6ad10f95d708972b5ce28d9cb885677e3a318da9fad3a
reciprocal_nomination	13:33	5:30		strong	5:30	13:33	13:33	cross_surah	label_target_note	ranked_review	A strong route links beautified plotting with continuing accountability for what each self acquires.	focus_5_30_cutoff_100.tsv	100	6f0a840fc25393a54ed9305c7506a578b156ce933ff21b0d37d1b0547da3b9cc
reciprocal_nomination	13:33	5:60		medium	5:60	13:33	13:33	cross_surah	label_target_note	ranked_review	Relates invented partners to obstruction from the path and loss of guidance.	focus_5_60_cutoff_100.tsv	64	f4204020c8d5c1b22521e1aab6bd13d6bda85a97011a36583fe8b9f0161175b7
reciprocal_nomination	13:33	6:5		medium	6:5	13:33	13:33	cross_surah	label_target_note	ranked_review	Challenges unsupported names and claims; a secondary disclosure-reading tests asserted partners.	focus_6_5_cutoff_100.tsv	96	9b50c9161d90bb52fcbca429d44680411fb4d69b1bf2a3ff8913981f242eb188
reciprocal_nomination	13:33	6:22		strong	6:22	13:33	13:33	cross_surah	label_target_note	missing_ayah_suggestion	Allah'a ortak yakıştırma sorusu, isimlendirmenin gerçek bir karşılığı olup olmadığını sınar.	focus_6_22_cutoff_100.tsv	118	cf409dba356101a78aaeea37244a2859deb46926a9a2c10ea52e937370bf20af
reciprocal_nomination	13:33	6:43		medium	6:43	13:33	13:33	cross_surah	label_target_note	missing_ayah_suggestion	زُيّن للذين كفروا ما مكروا supports the made-attractive wrongdoing pattern.	focus_6_43_cutoff_100.tsv	130	f2ba56b2504dd3cabc724f23ad6d59a9cb98327fb469a8ef70e03e77fb45fec1
reciprocal_nomination	13:33	6:51		medium	6:51	13:33	13:33	cross_surah	label_target_note	ranked_review	Places every self's earning under divine watch while challenging alleged partners.	focus_6_51_cutoff_100.tsv	97	6da1953e58ad5c8604d8338ca111c81382ce0dc680f1e058837f20f3b51f74f9
reciprocal_nomination	13:33	6:64		medium	6:64	13:33	13:33	cross_surah	label_target_note	ranked_review	Allah's standing over every nafs exposes the unsupported naming of shuraka' and their false authority.	focus_6_64_cutoff_100.tsv	55	2d08785f3a97e2ace17a07283f025be910ce19fd4f3dddc23d9e857e478d9242
reciprocal_nomination	13:33	6:80		medium	6:80	13:33	13:33	cross_surah	label_target_note	missing_ayah_suggestion	Challenges the naming of alleged partners before God.	focus_6_80_cutoff_100.tsv	132	e9b0312e7b0511a863e636c5714c331c1e1095e68be74c6832966080e25b199f
reciprocal_nomination	13:33	6:100		strong	6:100	13:33	13:33	cross_surah	label_target_note	ranked_review	Challenges named partners as assertions lacking known reality.	focus_6_100_cutoff_100.tsv	22	806d6428b9c9b325cb91d3d1654483d7ed757aa58ae129789252820bd23284e3
reciprocal_nomination	13:33	6:108		strong	6:108	13:33	13:33	cross_surah	label_target_note	missing_ayah_suggestion	Evil deeds made fair directly develops the focus's adorned-deeds motif.	focus_6_108_cutoff_100.tsv	121	36e352b11d62ba30895433fef888f7b9452e948bbaf3d958284df68e5548abb0
reciprocal_nomination	13:33	6:110		strong	6:110	13:33	13:33	cross_surah	label_target_note	missing_ayah_suggestion	Deeds made fair to disbelievers and their being barred from the path closely parallels 6:110.	focus_6_110_cutoff_100.tsv	150	7f2c5146c1ee1ab42226c506cc692ae65774acbe78e7d444e4422e7d172dfee6
reciprocal_nomination	13:33	6:116		medium	6:116	13:33	13:33	cross_surah	label_target_note	ranked_review	Parallel f01 adds decorative distortion that turns a system into path-blocking misguidance.	focus_6_116_cutoff_100.tsv	89	02433e2024c73b70ebe243be8d10c679692a4a4ca37c77fde3459fbaf47fa79b
reciprocal_nomination	13:33	6:120		strong	6:120	13:33	13:33	cross_surah	label_target_note	missing_ayah_suggestion	Places every self and its acquisition under continual oversight.	focus_6_120_cutoff_100.tsv	119	7b8f710839642829393953f316efced0ba7660cdc7822e975c55820198133441
reciprocal_nomination	13:33	6:136		medium	6:136	13:33	13:33	cross_surah	label_target_note	ranked_review	Challenges the naming of partners beside comprehensive divine oversight.	focus_6_136_cutoff_100.tsv	16	2ec4c42af7bcaf44d8509591128ad0ec5b9ce07367f0b7f84be11d9d6394567b
reciprocal_nomination	13:33	6:137		strong	6:137	13:33	13:33	cross_surah	label_target_note	ranked_review	Joins assigning partners with beautified plotting and diversion from the path.	focus_6_137_cutoff_100.tsv	46	103dd3b47d810d805913a6bdaf554a0b93f08126b024a9375c515961f30cf440
reciprocal_nomination	13:33	7:39		strong	7:39	13:33	13:33	cross_surah	label_target_note	missing_ayah_suggestion	Allah's standing over every nafs by its kasb anchors individual settlement.	focus_7_39_cutoff_100.tsv	111	e6e9c1a8be6cd12a4dd17ace4792280ca70cb60298293a372c8dc014f1d87548
reciprocal_nomination	13:33	7:43		weak	7:43	13:33	13:33	cross_surah	label_target_note	ranked_review	Lack of a guide after misguidance is a broad contrary case only.	focus_7_43_cutoff_100.tsv	99	e63c27c4fc3eb48472867c122acf0873f6a29e99a822e9519a1277a5fe3f3887
reciprocal_nomination	13:33	7:45		medium	7:45	13:33	13:33	cross_surah	label_target_note	ranked_review	Adds adorned makr, kufr, and sadd from al-sabil; supports the deceptive process.	focus_7_45_cutoff_100.tsv	81	14a2cd560c97501e3497e77b497e6ad85233372487a3779361d10637bcb2d010
reciprocal_nomination	13:33	7:99		medium	7:99	13:33	13:33	cross_surah	label_target_note	ranked_review	Accountability over every self joins human مكر and blocked guidance.	focus_7_99_cutoff_100.tsv	85	5f7bf3ad9aaf160c7d2d34279c653a4425374317adf35a07f5692b7f633eabaa
reciprocal_nomination	13:33	7:178		strong	7:178	13:33	13:33	cross_surah	label_target_note	missing_ayah_suggestion	Contains the direct misled/no-guide formula.	focus_7_178_cutoff_100.tsv	143	05e8fb430afa05c1deaefea218849617ace6a1f6e6606fab61379c3d40ba7b60
reciprocal_nomination	13:33	7:186		medium	7:186	13:33	13:33	cross_surah	label_target_note	ranked_review	Decorated plotting and being barred from the path lead to no guide.	focus_7_186_cutoff_100.tsv	57	0f23784487295b5bcd8c8c508ddd9ba56b2442a0ee903d32fb136f3981d2a6b6
reciprocal_nomination	13:33	7:190		strong	7:190	13:33	13:33	cross_surah	label_target_note	ranked_review	Challenges naming partners before the all-accounting sovereign.	focus_7_190_cutoff_100.tsv	31	9a13c92f640810c61e53c7ed03994f74233bde0f2fc3ee9655229f3c1791b6d0
reciprocal_nomination	13:33	9:5		weak	9:5	13:33	13:33	cross_surah	label_target_note	ranked_review	Blocking the sabil is relevant but duplicates stronger obstruction cards.	focus_9_5_cutoff_100.tsv	82	41a8e5dea813d675278ab054ee00ccb484a1112d951cf17f4d48e0950c34f649
reciprocal_nomination	13:33	9:16		medium	9:16	13:33	13:33	cross_surah	label_target_note	ranked_review	Divine oversight of each self's earnings and false associates supports accountability boundaries.	focus_9_16_cutoff_100.tsv	88	710b0cb0e79958e73e62c3281d76eaf9e8ff0e5e7b626dd7df2e1a75de1dece1
reciprocal_nomination	13:33	9:31		medium	9:31	13:33	13:33	cross_surah	label_target_note	missing_ayah_suggestion	Questions whether those associated with God can stand alongside His comprehensive oversight.	focus_9_31_cutoff_100.tsv	163	ff4c33f26c2ed59ca79b8939425e361819b78989afb8d37868be8546277f7fb9
reciprocal_nomination	13:33	9:33		weak	9:33	13:33	13:33	cross_surah	label_target_note	ranked_review	Associating and obstruction occur, but the channel relation is indirect.	focus_9_33_cutoff_100.tsv	67	c340692c9e2b997ffc4e6cbed117b5287beace536222305972ddfa4edd8920dc
reciprocal_nomination	13:33	9:37		strong	9:37	13:33	13:33	cross_surah	label_target_note	ranked_review	Beautified scheming and being turned from the path directly extends the focus's deceptive-adornment route.	focus_9_37_cutoff_100.tsv	67	7b874556a23058980e18492f5d5a1a6eda153db5b80ae1defb0fce0d699adc45
reciprocal_nomination	13:33	9:109		medium	9:109	13:33	13:33	cross_surah	label_target_note	ranked_review	Accountability exposes associative claims; it indirectly tests the basis behind visible claims.	focus_9_109_cutoff_100.tsv	7	42f22db0c193f0486eb01209eed198be52a36f4adc01943fc159ec77bfd196a2
reciprocal_nomination	13:33	10:17		medium	10:17	13:33	13:33	cross_surah	label_target_note	missing_ayah_suggestion	Parallels 10:18 by challenging claims that purport to inform God of what He does not know.	focus_10_17_cutoff_100.tsv	117	2730d0d4cc6241865ed7d96518f8d0571106e8182b25cf648e89d8a25d14d32f
reciprocal_nomination	13:33	10:18		strong	10:18	13:33	13:33	cross_surah	label_target_note	ranked_review	Closely parallels the challenge of informing God through mere assertion.	focus_10_18_cutoff_100.tsv	13	bbb3925cf5bcd98aa556c9a14973c86eea7ca97436539b64c41b123d8eed8ecc
reciprocal_nomination	13:33	10:28		medium	10:28	13:33	13:33	cross_surah	label_target_note	missing_ayah_suggestion	The challenge to name asserted associates adds an epistemic boundary to the claim.	focus_10_28_cutoff_100.tsv	114	fb8ef3f8bdd4bbb0a06067e36c619aab3a62f17742d4b6adb0e3a03f69e9607f
reciprocal_nomination	13:33	10:35		strong	10:35	13:33	13:33	cross_surah	label_target_note	ranked_review	Combines partner attribution, diversion from the path, and absence of a guide in one polemical frame.	focus_10_35_cutoff_100.tsv	19	e5aa970a9a14fa16a0d5d03f33fe3804c4ff89fc8c6b5d5c25d9f9f56c75222a
reciprocal_nomination	13:33	10:39		weak	10:39	13:33	13:33	cross_surah	label_target_note	ranked_review	Challenges claims against comprehensive accountability, but remains indirect.	focus_10_39_cutoff_100.tsv	97	8f21548f1784dcab2d18fa1b9fc9cc590f5f5535e0ea4874e3d4a514129f0e4b
reciprocal_nomination	13:33	10:53		weak	10:53	13:33	13:33	cross_surah	label_target_note	ranked_review	Adds accountability and a challenge to unsupported partners, indirectly.	focus_10_53_cutoff_100.tsv	94	35e6937a960d12b44958212c4fc28c87b962f54568af9999d00420cd475f1acd
reciprocal_nomination	13:33	10:66		medium	10:66	13:33	13:33	cross_surah	label_target_note	ranked_review	Challenges the naming of partners before the all-knowing overseer and exposes mere outward speech.	focus_10_66_cutoff_100.tsv	31	e2a9e16eb80c4aed53a32f801d91825623289bccba56bd779c86f54cf54fef48
reciprocal_nomination	13:33	10:71		medium	10:71	13:33	13:33	cross_surah	label_target_note	ranked_review	Naming alleged associates and exposing plotted obstruction supports scrutiny of Noah's opponents and partners.	focus_10_71_cutoff_100.tsv	98	434a535731839769e29de30166440ecec5339a679dda481ec602bc8439cc9c36
reciprocal_nomination	13:33	10:104		medium	10:104	13:33	13:33	cross_surah	label_target_note	ranked_review	Contrasts God's standing over every self with assigning partners to Him.	focus_10_104_cutoff_100.tsv	44	1f28339776af43eae5f9b5f2b33363222646dfc09213d5915fc79cd55599118d
reciprocal_nomination	13:33	10:105		medium	10:105	13:33	13:33	cross_surah	label_target_note	ranked_review	Challenges shirk through Allah's standing over every self and unsupported names.	focus_10_105_cutoff_100.tsv	41	78306a48bca7aba8297c77922a8f52da7f35330fc087a07325b59259fb75e4d8
reciprocal_nomination	13:33	11:19		medium	11:19	13:33	13:33	cross_surah	label_target_note	ranked_review	Combines deceptive adornment, being barred from the path, and lack of guide.	focus_11_19_cutoff_100.tsv	71	d294e5c0f0d76fc8b73517e6c22ba00bdc6e7352eb666abe5551b1ed69675a00
reciprocal_nomination	13:33	11:100		weak	11:100	13:33	13:33	cross_surah	label_target_note	ranked_review	Standing and informing occur in distinct senses; this preserves a weak parallel.	focus_11_100_cutoff_100.tsv	39	d217967308890149b2c497004bc47f773ec480b530eea8d4803e3227664f2968
reciprocal_counterevidence	13:33	12:21		no value	12:21	13:33	13:33	cross_surah	label_target_note	ranked_review	The accountability and association scene adds no focused relation.	focus_12_21_cutoff_100.tsv	95	2ccbe877b0ae6815dc9f0bdbae734275721e541337b6f98f5e0cdd97fefb26ad
reciprocal_nomination	13:33	12:81		medium	12:81	13:33	13:33	cross_surah	label_target_note	missing_ayah_suggestion	God's watch over every self contrasts with human inability to guard what is absent.	focus_12_81_cutoff_100.tsv	134	92cf7241add06d9d08201304b9c8ab743c9cd3024196733eb3f791daccc9fbf4
reciprocal_nomination	13:33	12:106		strong	12:106	13:33	13:33	cross_surah	label_target_note	missing_ayah_suggestion	Allah’a ortaklar isnat edilmesini ve bunun süslü gösterilmesini birlikte açıklar.	focus_12_106_cutoff_100.tsv	142	499d9116c9cc6e490c5f8d80197f03aabe0661f25c0f3f3622b4f97f97d7c18a
reciprocal_nomination	13:33	12:108		medium	12:108	13:33	13:33	cross_surah	label_target_note	missing_ayah_suggestion	Contrasts partner-naming with God's knowledge and guarded paths.	focus_12_108_cutoff_100.tsv	152	258a7079b7b0669b336dae5e647c0c24a4bc55c4f781a745b7ece8c872197ec8
reciprocal_nomination	13:33	13:7		medium	13:7	13:33	13:33	same_surah	label_target_note	ranked_review	Sapıtılan kimse için hidayet eden bulunmamasını yolun kapanışı olarak verir.	focus_13_7_cutoff_100.tsv	17	8cff5698839ccaac8c1ab71997b337cb8b1a62824adacc5efbe8f2a36344f7ce
reciprocal_nomination	13:33	13:9		medium	13:9	13:33	13:33	same_surah	label_target_note	missing_ayah_suggestion	Her nefsin kazandığı üzerinde kaim oluş, görünen ve saklı fiillerin hesap yönünü destekler.	focus_13_9_cutoff_100.tsv	120	56a7d133ab4c6525864ff88572cdc3ed1d0697a612c8f0893d0130a094ff1ac2
reciprocal_nomination	13:33	13:10		medium	13:10	13:33	13:33	same_surah	label_target_note	ranked_review	Accountability and outward speech add a nearby contrary visibility frame.	focus_13_10_cutoff_100.tsv	31	4a40ac22e120368cdd3c5a61411a88d9f59df93d0c0af2e0b544a9d328c31280
reciprocal_counterevidence	13:33	13:12		no value	13:12	13:33	13:33	same_surah	label_target_note	ranked_review	The decoy channel does not clarify lightning, fear-hope, or heavy cloud.	focus_13_12_cutoff_100.tsv	56	896c27c7447f9a972de225435402449da68b885b03ed5a617378e84739ecdc68
reciprocal_nomination	13:33	13:14		medium	13:14	13:33	13:33	same_surah	label_target_note	ranked_review	Extends the surah's challenge to named partners under comprehensive accountability.	focus_13_14_cutoff_100.tsv	5	52914c4bf59eb5f94fed3f2f4730fa6354ee4c16b13a1d219dadc1a5c1994d03
reciprocal_nomination	13:33	13:16		medium	13:16	13:33	13:33	same_surah	label_target_note	ranked_review	Adds a challenge to name alleged partners before the all-accounting authority.	focus_13_16_cutoff_100.tsv	16	7b1bb6e8c0e1e210c713a15a0ec56980bf1457facd845c24e10877cb89ae0437
reciprocal_nomination	13:33	13:19		medium	13:19	13:33	13:33	same_surah	label_target_note	ranked_review	Same-surah: contrasts comprehensive awareness with unsupported naming and deception.	focus_13_19_cutoff_100.tsv	58	b5401a7a333811f4400c0d883d609a48f1e3c2949bee2c2991103bc467481bf3
reciprocal_nomination	13:33	13:23		weak	13:23	13:33	13:33	same_surah	label_target_note	ranked_review	Same-surah accountability is too indirect for the household entrance.	focus_13_23_cutoff_100.tsv	59	70d056b34759041ec83c31867c6c297cca9458e414b8b24dfabb9f8a474c268a
reciprocal_nomination	13:33	13:25		weak	13:25	13:33	13:33	same_surah	label_target_note	ranked_review	Mentions blocked guidance and deceptive action, only indirectly related to severance.	focus_13_25_cutoff_100.tsv	56	61463c798ef0ec6e09439ba5ceb74c5e7d227ee4f8e1905b1e6d24ba614e234c
reciprocal_nomination	13:33	13:27		strong	13:27	13:33	13:33	same_surah	label_target_note	ranked_review	Ortak koşma, yoldan alıkonma ve hidayetsizlikle 13:27’nin yakın sure içi karşıt sonucunu açar.	focus_13_27_cutoff_100.tsv	17	770ef6621cf772e5b9576576963706093bca50fd7791db34ee992dcf3c0fb7bf
reciprocal_nomination	13:33	13:29		weak	13:29	13:33	13:33	same_surah	label_target_note	ranked_review	Adds accountability for what each self earns but little direct focus-specific content.	focus_13_29_cutoff_100.tsv	59	600a85a8dfb5cf30945c658f48e7037477a27478303d0cf5cc82db38c47c4cd8
reciprocal_nomination	13:33	13:31		strong	13:31	13:33	13:33	same_surah	label_target_note	ranked_review	The immediate post-31 divine accounting and blocked guidance sharpen its authority claim.	focus_13_31_cutoff_100.tsv	26	e71e747fd55c3811edfc59baef5b980fc94aebb14d51da3b618e377ce8da099a
reciprocal_nomination	13:33	13:35		weak	13:35	13:33	13:33	same_surah	label_target_note	ranked_review	Supplies only the surah's unbelief contrast, without developing the garden image.	focus_13_35_cutoff_100.tsv	26	4a7cede6955dc2de4367339d754e902c192fab51dbbdee4377b14ad57e3ae5e6
reciprocal_nomination	13:33	13:36		medium	13:36	13:33	13:33	same_surah	label_target_note	ranked_review	Ortaklar yakıştırma ve yoldan çevirme, inkâr ile şirkin yakın sure içi zeminini verir.	focus_13_36_cutoff_100.tsv	14	2203a5baf9fc5fb2033e7ab316bda0ce93e976e82572287a234bc330782dc19a
reciprocal_nomination	13:33	13:37		medium	13:37	13:33	13:33	same_surah	label_target_note	ranked_review	The nearby contrast of divine custody, false association, and being barred from the way adds context.	focus_13_37_cutoff_100.tsv	59	e3d8902c55f22c50d77fb8df1de7c6bfa14784b5ab67341d937013da79270f14
reciprocal_nomination	13:33	13:39		medium	13:39	13:33	13:33	same_surah	label_target_note	ranked_review	Immediate-surah comprehensive oversight and human acquisition support the accountable-order context.	focus_13_39_cutoff_100.tsv	47	b9ce926002a6ae892dfe652197c1c6770b9d0cfab94105c793b34b4268367e6a
reciprocal_nomination	13:33	13:40		strong	13:40	13:33	13:33	same_surah	label_target_note	ranked_review	Her nefsin kazancı üzerinde gözetimi, hesabın ilahi sahipliğini yakın bağlamda kurar.	focus_13_40_cutoff_100.tsv	26	a6244d2001956d426cf8aff87320fcbc42097b8e5f7dc715656ce951b91c2bd4
reciprocal_nomination	13:33	13:41		strong	13:41	13:33	13:33	same_surah	label_target_note	ranked_review	Same-surah supervision of each self's acquisition grounds the accounting frame.	focus_13_41_cutoff_100.tsv	32	d935e201413259983f3a0160daeaed0e608082fbb4023f92b77328130989b561
reciprocal_nomination	13:33	13:42		strong	13:42	13:33	13:33	same_surah	label_target_note	ranked_review	Directly joins standing over each self, its earning, adorned plotting, and disbelief.	focus_13_42_cutoff_100.tsv	20	320e6ae826dee1c64336796f9ea8ed8c6396205e93364ec1db4decf3cf227dae
reciprocal_nomination	13:33	13:43		medium	13:43	13:33	13:33	same_surah	label_target_note	ranked_review	Immediate context: standing over every self and knowing exposes unsupported naming.	focus_13_43_cutoff_100.tsv	5	5a93efcf2964e92cc6369547c61836f8544d66598f619ba27c702bede5b716f6
reciprocal_nomination	13:33	14:30		strong	14:30	13:33	13:33	cross_surah	label_target_note	ranked_review	Ortaklar kılma ile yoldan alıkonmayı ve süslenmiş düzeni aynı ayette birleştirir.	focus_14_30_cutoff_100.tsv	25	1cacc83a0f6ac268b1961a75f9ea641efb88324136644b4d9ee461e832c2aba7
reciprocal_nomination	13:33	14:46		strong	14:46	13:33	13:33	cross_surah	label_target_note	ranked_review	Connects embellished plotting, comprehensive oversight, and loss of guidance.	focus_14_46_cutoff_100.tsv	7	ddb46e45649b96023575317434e2a6fde34e8f183dac4d1929d47b0cd013e019
reciprocal_nomination	13:33	14:51		strong	14:51	13:33	13:33	cross_surah	label_target_note	ranked_review	Standing over every soul in relation to its earning gives continuous individualized oversight.	focus_14_51_cutoff_100.tsv	79	fe20fff21c26aa4197bbdd8243a60dc23fdfa2bca2c917e6e8ed7289c68055eb
reciprocal_nomination	13:33	15:16		medium	15:16	13:33	13:33	cross_surah	label_target_note	missing_ayah_suggestion	Contrary زُيِّنَ use: hostile planning is made to appear fitting.	focus_15_16_cutoff_100.tsv	107	4975185eccc57a369280b6d91cb48055aba7d5f6721c5bad1e6e5ce1365eec9d
reciprocal_nomination	13:33	15:39		strong	15:39	13:33	13:33	cross_surah	label_target_note	ranked_review	Bad deeds are beautified and people are barred from the path, closely matching both elements.	focus_15_39_cutoff_100.tsv	52	3eb457ee288047f7ea387d1a858ba9b39cce7aec7d9f0b90304e4a704fb2b758
reciprocal_counterevidence	13:33	15:51		no value	15:51	13:33	13:33	cross_surah	label_target_note	ranked_review	A polemic over claims of knowledge, not this narrative report.	focus_15_51_cutoff_100.tsv	84	8656c3c7433b2c35637018f43cdb4371f32ca966191dd2af531505335f654897
reciprocal_nomination	13:33	15:76		medium	15:76	13:33	13:33	cross_surah	label_target_note	ranked_review	Positive b003 link adds misleading obstruction, with standing oversight as a secondary parallel.	focus_15_76_cutoff_100.tsv	100	f2a98ccd9a9184156791025534200037342b34a13311215889be0f6afd7aa510
reciprocal_nomination	13:33	15:94		medium	15:94	13:33	13:33	cross_surah	label_target_note	ranked_review	Challenges asserted partners and obstruction from the path, supporting the anti-association boundary without the action pair.	focus_15_94_cutoff_100.tsv	34	c51340808c4593d5b0228d2ddaf31a0381283bbb6ed20a524f5c9c3fbf21f8a2
reciprocal_nomination	13:33	16:15		weak	16:15	13:33	13:33	cross_surah	label_target_note	ranked_review	Being turned from ٱلسَّبِيل and lacking a guide is a general contrary guidance echo.	focus_16_15_cutoff_100.tsv	89	da3be3a8a4b7ae31f70b7680789d138c36ba8a0e452430d83c0a774042dba034
reciprocal_nomination	13:33	16:17		strong	16:17	13:33	13:33	cross_surah	label_target_note	ranked_review	Opposes comprehensive divine oversight to asserted partners.	focus_16_17_cutoff_100.tsv	73	9b82ffe269afe50ecc6e5c05570918d087a661f401d92373f75363618517eb63
reciprocal_nomination	13:33	16:22		strong	16:22	13:33	13:33	cross_surah	label_target_note	ranked_review	Challenges assigned partners and links them with beautified plotting and being turned from the way.	focus_16_22_cutoff_100.tsv	95	3fbcc3be0b0cbc083afc6f98bcb11616e2ea44c7848bd28ca4d34f898d571b95
reciprocal_nomination	13:33	16:27		medium	16:27	13:33	13:33	cross_surah	label_target_note	ranked_review	Ortakların adlandırılmasının istenmesi, 16:27'deki ortak iddiasının dünyadaki sorgulama biçimini verir.	focus_16_27_cutoff_100.tsv	90	5b3df25a88708e5e5eeaf2b1b239f6871fb8b2d678f25c8ba9a0b52fcb028648
reciprocal_nomination	13:33	16:37		strong	16:37	13:33	13:33	cross_surah	label_target_note	ranked_review	States that one God misguides has no guide, amid obstruction from the path.	focus_16_37_cutoff_100.tsv	50	714caf9ed6d0a19935d8d8b4c10510418674d3eb8d3a3552d89f5f935cef3866
reciprocal_nomination	13:33	16:59		medium	16:59	13:33	13:33	cross_surah	label_target_note	ranked_review	False partners and unsupported naming extend the focus passage's polemic against corrupt attribution.	focus_16_59_cutoff_100.tsv	83	a8e738d4df1743d9306ae514618e05377c8602bbdc64f9dee26a4d496ceb8432
reciprocal_nomination	13:33	16:63		strong	16:63	13:33	13:33	cross_surah	label_target_note	missing_ayah_suggestion	Directly joins fair-seeming plotting to being barred from the path.	focus_16_63_cutoff_100.tsv	111	e3ba58f2ac752896ccdd51591f1f9738604bc766a9bb2d086ea5eac8f5a6013e
reciprocal_nomination	13:33	16:74		strong	16:74	13:33	13:33	cross_surah	label_target_note	ranked_review	Challenges unsupported partners and claims about God.	focus_16_74_cutoff_100.tsv	23	0fcf3d79cbb1845b3c7bdea29cd939e7c5b79d63f6a4b9323bb95aae6229f950
reciprocal_nomination	13:33	16:76		medium	16:76	13:33	13:33	cross_surah	label_target_note	ranked_review	Being turned from the way and lacking a guide supplies a contrary reading.	focus_16_76_cutoff_100.tsv	83	fe25b36fa5890279e0b3a76e30fa73eb2b64d2a24d2af66ae9d7a4a9b6aca3c3
reciprocal_nomination	13:33	16:84		medium	16:84	13:33	13:33	cross_surah	label_target_note	ranked_review	Adds oversight of every soul's earnings and exposes unsupported associate claims.	focus_16_84_cutoff_100.tsv	43	5a6878d60863603cbb88db4b529e9004c11492bbdbd5202203c751478a6c8b33
reciprocal_nomination	13:33	16:86		medium	16:86	13:33	13:33	cross_surah	label_target_note	missing_ayah_suggestion	Demands that alleged partners be named, exposing the unsupported designation.	focus_16_86_cutoff_100.tsv	120	e877337cda10ec5825141cfa8f918d3dc0a6e327c3dcb72ceb4ee140d4056644
reciprocal_nomination	13:33	16:88		strong	16:88	13:33	13:33	cross_surah	label_target_note	ranked_review	Links deceptive beautification, obstruction, and absence of a guide.	focus_16_88_cutoff_100.tsv	31	63ed902a2b6a18ab49b0f7613212d5b65a16bde4c733b7b021b71f5379cbeed0
reciprocal_nomination	13:33	16:111		medium	16:111	13:33	13:33	cross_surah	label_target_note	ranked_review	Adds standing oversight of every self and what it earned.	focus_16_111_cutoff_100.tsv	79	ea8164c6800285133123ad5e592c4ba20a9e5c8775fa85ebbaedb69b2e77201c
reciprocal_nomination	13:33	17:2		medium	17:2	13:33	13:33	cross_surah	label_target_note	missing_ayah_suggestion	Contrasts Allah's standing over every soul with invented associates, strengthening the exclusive-custody boundary.	focus_17_2_cutoff_100.tsv	132	c0ee56ab56e1b2d009abbb98a5226b630c06ce2a936a6d5c59ef94f503d19fd3
reciprocal_nomination	13:33	17:15		strong	17:15	13:33	13:33	cross_surah	label_target_note	missing_ayah_suggestion	Each self stands over what it earned, making personal acquisition central to the judgment relation.	focus_17_15_cutoff_100.tsv	121	bbc0b86e5b9ed0264aca6dac20ccfee25f9cafb933d84fe9bf51556da18c258d
reciprocal_nomination	13:33	17:42		medium	17:42	13:33	13:33	cross_surah	label_target_note	missing_ayah_suggestion	Questions partners set beside the One who oversees every soul.	focus_17_42_cutoff_100.tsv	139	f6eacd7310716eee7f1f747f6de69d85082a51d5234a69ef89d0e29f1a14f84f
reciprocal_nomination	13:33	17:55		medium	17:55	13:33	13:33	cross_surah	label_target_note	ranked_review	All-knowing divine oversight and partner challenge parallel the surrounding polemic.	focus_17_55_cutoff_100.tsv	96	da260a43b1e03a12d174925070615f648ee172fcd507f30495fc61cbd4c0c0eb
reciprocal_nomination	13:33	17:72		medium	17:72	13:33	13:33	cross_surah	label_target_note	ranked_review	Connects deceptive beautification, obstruction of السبيل, and no guide.	focus_17_72_cutoff_100.tsv	96	24dba84d8354977c5d517415b6f877e98ce73e2e65038e113b255c7e3ac6db06
reciprocal_nomination	13:33	17:84		medium	17:84	13:33	13:33	cross_surah	label_target_note	ranked_review	Links adorned plotting, accountable acquisition, and being turned from the سبيل.	focus_17_84_cutoff_100.tsv	37	ce52c1a356b3272b590f64d42d9babb7bb7ce8565b82112b83b00f52db99d553
reciprocal_nomination	13:33	17:97		strong	17:97	13:33	13:33	cross_surah	label_target_note	missing_ayah_suggestion	Pairs loss of guidance with the absence of any guide and failed associates.	focus_17_97_cutoff_100.tsv	102	8655c8cdc70bf12c8ad87b3f86ff71d74f190d195ffac9c9a0691195b3328c62
reciprocal_nomination	13:33	18:7		medium	18:7	13:33	13:33	cross_surah	label_target_note	missing_ayah_suggestion	Kötü işin süslü gösterilmesi, görünüş ile doğru yol ayrımını pekiştirir.	focus_18_7_cutoff_100.tsv	122	82b8e7fe0b2bca55cc537978eacac072f066eb9adcd335e66f8e72d3a60799e2
reciprocal_counterevidence	13:33	18:97		no value	18:97	13:33	13:33	cross_surah	label_target_note	ranked_review	The lack of a guide for one led astray is unrelated to the constructed obstruction.	focus_18_97_cutoff_100.tsv	31	f0d79de8ccc7703e3c3e31ecc64d640592d6fcfebf3eeebfd1f803356c1e065a
reciprocal_nomination	13:33	19:83		weak	19:83	13:33	13:33	cross_surah	label_target_note	missing_ayah_suggestion	Evil deeds being made fair to disbelievers is relevant in effect, though Satan is not named.	focus_19_83_cutoff_100.tsv	126	71eae48733a51412671663fae682926f38ae32798818993654593ebe0f553bf7
reciprocal_nomination	13:33	20:52		weak	20:52	13:33	13:33	cross_surah	label_target_note	ranked_review	God's standing over every soul supports comprehensive knowledge, but the verse does not develop the book or earlier generations.	focus_20_52_cutoff_100.tsv	93	a8da70f297285f6990d55a15aa1730b3cfbfb5a2a5f3c4f30bc3d6d6c5ce89e6
reciprocal_nomination	13:33	20:128		weak	20:128	13:33	13:33	cross_surah	label_target_note	ranked_review	Its contrast between divine oversight and being turned from the path is too general to clarify the historical scene.	focus_20_128_cutoff_100.tsv	96	99cf3392aefc7ee7895a29656ca1cdf6b24808a86f53f4b5a154ff83a77a5c23
reciprocal_nomination	13:33	20:135		medium	20:135	13:33	13:33	cross_surah	label_target_note	ranked_review	Being turned from God's way and lacking a guide presents the negative condition opposite to the focus's guided companions.	focus_20_135_cutoff_100.tsv	58	92a0ab62c9bb0fea6c5f05f11fa6993515eabd9dc835cc41d33e5c6403980a10
reciprocal_nomination	13:33	21:4		medium	21:4	13:33	13:33	cross_surah	label_target_note	ranked_review	It contrasts Allah's comprehensive oversight with partners and unsupported public speech, supporting the focus's rebuttal of false claims.	focus_21_4_cutoff_100.tsv	43	1359833ea33dd934295875db476604db1c03c90d60fd70c6dfc291384859139d
reciprocal_nomination	13:33	21:15		weak	21:15	13:33	13:33	cross_surah	label_target_note	ranked_review	Universal accountability alongside invented partners provides a broad judgment frame, without a close narrative link.	focus_21_15_cutoff_100.tsv	98	d00a833968e9e090f350d0f5feb99e62144c91ffe08b4336584cd18c57e4b2d8
reciprocal_counterevidence	13:33	21:18		no value	21:18	13:33	13:33	cross_surah	label_target_note	ranked_review	The challenge to associates and their misguidance is too indirect to add beyond the stronger nearby refutations.	focus_21_18_cutoff_100.tsv	85	936e047f4be93d68d4f2ad54b06af178255766153445723c78987a065127c2a4
reciprocal_nomination	13:33	21:21		medium	21:21	13:33	13:33	cross_surah	label_target_note	ranked_review	God's oversight of every soul contrasts with unnamed partners asserted without grounded knowledge.	focus_21_21_cutoff_100.tsv	74	f378d7ef5f8d1f568c17321ae48ecc82e6febda785aa1e0b79b409d61886f30a
reciprocal_nomination	13:33	21:39		weak	21:39	13:33	13:33	cross_surah	label_target_note	ranked_review	It contrasts divine watchfulness with the disbelievers' misguidance, without clarifying their inability to fend off Fire.	focus_21_39_cutoff_100.tsv	42	724cf19e404ca39e0a45d635bd59af944cd29a302e88899f0079dc754d75aaf6
reciprocal_nomination	13:33	21:42		medium	21:42	13:33	13:33	cross_surah	label_target_note	ranked_review	God's standing over every soul and the futility of associates provide a sovereignty counterpart.	focus_21_42_cutoff_100.tsv	73	61a0a68f54b8cd8d89a62028ccf2a8005e30240974c44e796f5a812103180b65
reciprocal_nomination	13:33	21:110		weak	21:110	13:33	13:33	cross_surah	label_target_note	ranked_review	God's standing over every soul and apparent speech offers only a broad accountability link.	focus_21_110_cutoff_100.tsv	37	538059bf9141e1e90d00d11549914f7f0cc6130181c6b0e49f0650c41cf2d355
reciprocal_nomination	13:33	22:3		weak	22:3	13:33	13:33	cross_surah	label_target_note	ranked_review	False partners, embellished plotting, and being barred from the path are only a general related context.	focus_22_3_cutoff_100.tsv	78	3ef3b62ba6978f37f71380930170ae2deda036d5936fab1d0b5e7bc7c4b3dce3
reciprocal_nomination	13:33	22:63		weak	22:63	13:33	13:33	cross_surah	label_target_note	ranked_review	God's standing over every soul and the critique of false partners only broadly support divine comprehensive knowledge.	focus_22_63_cutoff_100.tsv	99	6a33de4fa9bcfd1230f7744222c69dab4fa3eb7e701fec85c8c78d78e4779f12
reciprocal_counterevidence	13:33	23:68		no value	23:68	13:33	13:33	cross_surah	label_target_note	ranked_review	Divine oversight, false partners, and diversion from the way do not specifically illuminate the focus.	focus_23_68_cutoff_100.tsv	61	e3f895064eff00ff38c38ef432d6b9cff548248ea7455855174845fea9fd22bf
reciprocal_nomination	13:33	23:71		medium	23:71	13:33	13:33	cross_surah	label_target_note	ranked_review	God's watch over every soul and exposure of false partners support truth's authority over invented claims.	focus_23_71_cutoff_100.tsv	76	14c92875bb46e178c23769d2f4e8d2000f01cf8595384a7151f7e79c8859c17c
reciprocal_nomination	13:33	23:112		weak	23:112	13:33	13:33	cross_surah	label_target_note	ranked_review	God stands over every soul's earning, giving a judgment context but no account of time spent on earth.	focus_23_112_cutoff_100.tsv	90	a379e04a7772767919eef0fb625b2a6515a2ea801a4b14a9bc05264e5d25c063
reciprocal_nomination	13:33	24:64		strong	24:64	13:33	13:33	cross_surah	label_target_note	missing_ayah_suggestion	God stands over every soul and what it earns, directly developing personal accountability for deeds.	focus_24_64_cutoff_100.tsv	119	dda5d1375c4cb9f4a8deebc9e933c1efce2c0b76d1d46c5938aef0fe16336124
reciprocal_nomination	13:33	26:202		medium	26:202	13:33	13:33	cross_surah	label_target_note	ranked_review	Allah's standing over every soul and what it earns supplies a broad accountability frame.	focus_26_202_cutoff_100.tsv	97	7c4b04a90e2d70688437e7598b238733389ef82a6ab63ca864f0219ab4f3398c
reciprocal_nomination	13:33	27:4		strong	27:4	13:33	13:33	cross_surah	label_target_note	missing_ayah_suggestion	The plotting of disbelievers is made attractive to them and they are turned from the path, directly uniting beautification with blocked guidance.	focus_27_4_cutoff_100.tsv	110	dca89dfb9090247422f4d8531afb4fdbb9724be78b1eea73604010cd6b206f81
reciprocal_nomination	13:33	27:24		strong	27:24	13:33	13:33	cross_surah	label_target_note	ranked_review	Associating partners accompanies an adorned plot and being diverted from the path, closely matching the focus's idolatry and misdirection.	focus_27_24_cutoff_100.tsv	15	fad6ee2866d58375fa5dd9b2ce0ae0aa6dc4e273d3b94b7cf4f6286d6ad93ff2
reciprocal_nomination	13:33	27:30		medium	27:30	13:33	13:33	cross_surah	label_target_note	ranked_review	Ortaklara ad verme sorgusu, geçerli ilahi ad ile kanıtsız yetki iddialarını ayıran ölçüyü destekler.	focus_27_30_cutoff_100.tsv	79	8a002edc918b8766e252c9816ba3d5550a09d95d166c944adbab2a1fa530405e
reciprocal_counterevidence	13:33	27:36		no value	27:36	13:33	13:33	cross_surah	label_target_note	ranked_review	Şirk ve ilahi gözetim, malın teklif edilmesi veya karşılaştırılmasıyla somut bağ kurmaz.	focus_27_36_cutoff_100.tsv	76	23faf4f816927e039a29e21995e25be6542380e5f7df1445a094defe65a5fb24
reciprocal_nomination	13:33	27:50		medium	27:50	13:33	13:33	cross_surah	label_target_note	ranked_review	It depicts disbelievers' plotting as made attractive and contrasts it with Allah's comprehensive oversight.	focus_27_50_cutoff_100.tsv	50	da939938ff1fe0c80b2ca44b511831c7437b2d85d12a96fc9b47f8e6b67d7901
reciprocal_nomination	13:33	27:51		medium	27:51	13:33	13:33	cross_surah	label_target_note	ranked_review	Their plot is made attractive and they are barred from the path, supporting the self-defeating course of schemers.	focus_27_51_cutoff_100.tsv	52	72ea93ea25a15657122bf017594245fe41664b44cdbf151206894d4ab118b2d2
reciprocal_nomination	13:33	27:85		medium	27:85	13:33	13:33	cross_surah	label_target_note	ranked_review	God's standing over every soul's earnings and the exposure of baseless claims support accountability for words and deeds.	focus_27_85_cutoff_100.tsv	46	2155d759ff54385446d0ba06be509a79b8370249059cfc758d9f51fe9756af4a
reciprocal_nomination	13:33	28:74		medium	28:74	13:33	13:33	cross_surah	label_target_note	missing_ayah_suggestion	Allah'a ortaklar yakıştıranlara bunların adlarının ve gerçekliklerinin sorulması, 28:74'ün sorgu mantığına yakındır.	focus_28_74_cutoff_100.tsv	128	bfbd5b0a873d008b48f43f9adb181603678a6982fd9e00947afb0801822888b2
reciprocal_nomination	13:33	28:78		weak	28:78	13:33	13:33	cross_surah	label_target_note	ranked_review	Allah's oversight of each earning and challenge to unsupported claims are only broadly related.	focus_28_78_cutoff_100.tsv	73	9e6b101d7b61544d6d7bf15fb641956300b95edeb1c83a0d564cf1cb7eb68865
reciprocal_nomination	13:33	28:83		weak	28:83	13:33	13:33	cross_surah	label_target_note	ranked_review	Divine knowledge of every soul's earning supports accountability but not the focus verse's specific contrast.	focus_28_83_cutoff_100.tsv	70	691cff6fec01f1b83fc05ce2d9da97044d380430f4a6189c17003c15e19e0b2e
reciprocal_nomination	13:33	28:87		medium	28:87	13:33	13:33	cross_surah	label_target_note	ranked_review	It combines association, deceptive beautification, and being barred from the way.	focus_28_87_cutoff_100.tsv	47	e9f30b35f6bb1fcb30d83c29fe8cf858369a9b2b25d09141068727059d08207c
reciprocal_counterevidence	13:33	29:26		no value	29:26	13:33	13:33	cross_surah	label_target_note	ranked_review	Her nefis uzerindeki ilahi gozetim, muhacirlik olayini belirginlestirmez.	focus_29_26_cutoff_100.tsv	62	06ebee89ad9b369036a8ab6f6f1b334a87989e426bfeb37c2ee9541442152971
reciprocal_nomination	13:33	29:38		strong	29:38	13:33	13:33	cross_surah	label_target_note	ranked_review	Kafirlerin hilesinin suslenmesini ve yoldan cevrilmelerini, ilahi bilginin onunde sorumlulugu silmeyen yakin bir paralel olarak verir.	focus_29_38_cutoff_100.tsv	18	6e45f5342f108b11e2313b71199f28e428ce1d56c785804c6d88838be525acc7
reciprocal_nomination	13:33	30:7		weak	30:7	13:33	13:33	cross_surah	label_target_note	ranked_review	Its challenge to unsupported names tests appearances, but it is only an indirect parallel to superficial knowledge.	focus_30_7_cutoff_100.tsv	15	22493ef6dc781f8ca9eb60ef30c41553a1ffeb989718f580275e2ea72390d231
reciprocal_nomination	13:33	30:10		weak	30:10	13:33	13:33	cross_surah	label_target_note	ranked_review	Embellished plotting and being turned from the way loosely resemble a distorted moral perception.	focus_30_10_cutoff_100.tsv	65	a5d1561bc24bc2a3db397ea6598b55200325c79d992cb40e24c67b8efc11ed1f
reciprocal_nomination	13:33	30:28		strong	30:28	13:33	13:33	cross_surah	label_target_note	ranked_review	It rebukes appointing partners to God under His all-encompassing oversight, directly supplying the doctrine demonstrated by the focus's parable.	focus_30_28_cutoff_100.tsv	88	094e1d4fa65f1099ca8e2b33a4850cf024cbcf8dcab8e390864c16bfa4e4b07d
reciprocal_nomination	13:33	30:29		strong	30:29	13:33	13:33	cross_surah	label_target_note	missing_ayah_suggestion	When evil is made attractive, the one God leaves astray is declared to have no guide.	focus_30_29_cutoff_100.tsv	120	82ad52d47133df6d68d7f505987fa0b1cddf5b49db5488e0d6ff2e5684a4cfbe
reciprocal_nomination	13:33	30:41		weak	30:41	13:33	13:33	cross_surah	label_target_note	ranked_review	Divine oversight of each soul's earnings and the critique of associates offer a secondary accountability and theology link.	focus_30_41_cutoff_100.tsv	67	ceba29c68ce0c42033bde669ff09164c3191c4d7668e2cdd5e4964c3af8e6b95
reciprocal_nomination	13:33	31:6		medium	31:6	13:33	13:33	cross_surah	label_target_note	missing_ayah_suggestion	Presents false associates as a cause of being led away, a secondary contrast to truthful direction.	focus_31_6_cutoff_100.tsv	118	c0a3739111efed6bbdd11f2c6b8ea5eda85052fa8464fb3d098372c504b6e7ce
reciprocal_nomination	13:33	31:16		strong	31:16	13:33	13:33	cross_surah	label_target_note	missing_ayah_suggestion	God's guardianship over every soul and what it earns provides a direct deed-accounting parallel.	focus_31_16_cutoff_100.tsv	165	f86f189d6d7e19c589c6677aaabce2dff1ba9d3c519aa0b8ad70e12cc1a900b6
reciprocal_nomination	13:33	31:25		strong	31:25	13:33	13:33	cross_surah	label_target_note	ranked_review	The challenge to name alleged partners exposes claims based on what Allah does not know in the earth or on empty speech.	focus_31_25_cutoff_100.tsv	85	66b8a6c40caa857ba87d087f279ebc1a6d7c482ed363eda1612cc39c0e724344
reciprocal_nomination	13:33	32:10		medium	32:10	13:33	13:33	cross_surah	label_target_note	ranked_review	God stands over every soul for what it earns, directly supporting personal accountability before Him.	focus_32_10_cutoff_100.tsv	73	80124e37de9a8f1877e3ef51a21f95f71ad4e9208a62bc989322b24a2bbb0ece
reciprocal_nomination	13:33	32:13		strong	32:13	13:33	13:33	cross_surah	label_target_note	ranked_review	God's standing over every soul for what it earns directly supports individual accountability within the focus's total.	focus_32_13_cutoff_100.tsv	70	8becba781b8ae09dc252705ec8465321547e3e6525a22a28d36b6da3d4eaabf2
reciprocal_nomination	13:33	33:3		weak	33:3	13:33	13:33	cross_surah	label_target_note	ranked_review	Allah standing over every soul's earning gives a broad custodial attribute.	focus_33_3_cutoff_100.tsv	89	09172976138b9a0f600baf6cb24dcc9a66b1915202e9baf45632442c7819b648
reciprocal_nomination	13:33	33:20		medium	33:20	13:33	13:33	cross_surah	label_target_note	ranked_review	False claims are exposed before the One who oversees every soul, a general corrective to mistaken confidence.	focus_33_20_cutoff_100.tsv	92	4506074dde3c44041dc0a3da0a5797b163478b95befb2e3ad0c29a0fd4741d8f
reciprocal_nomination	13:33	33:25		weak	33:25	13:33	13:33	cross_surah	label_target_note	ranked_review	Affirms God's oversight of every soul and rejects associates, a broad divine-sovereignty connection.	focus_33_25_cutoff_100.tsv	89	35a87390e1125421faf3280c9bef0b8b4ae6719e0e6f237fbbd1086ee670a6c5
reciprocal_nomination	13:33	33:48		weak	33:48	13:33	13:33	cross_surah	label_target_note	ranked_review	God's oversight of every soul and disbelievers' plotting are only broad background for the focus.	focus_33_48_cutoff_100.tsv	97	cf24ad787fa6d5f7b6b57a9d69fab3db66eacd85786e022994a8839ec7da963f
reciprocal_nomination	13:33	34:8		strong	34:8	13:33	13:33	cross_surah	label_target_note	ranked_review	Connects false partners, embellished plotting, and being turned from the way.	focus_34_8_cutoff_100.tsv	28	62f2173ba4bd9bb738f49b6e5c415707032a45f11c268fc15786c7f538e1a451
reciprocal_nomination	13:33	34:17		medium	34:17	13:33	13:33	cross_surah	label_target_note	ranked_review	God's oversight of every soul's earnings, contrasted with associating partners, grounds accountable disbelief.	focus_34_17_cutoff_100.tsv	73	50f365dca028a3b379941d6e8737350baf4610742c0600033ba45996e3fc4e85
reciprocal_nomination	13:33	34:22		strong	34:22	13:33	13:33	cross_surah	label_target_note	ranked_review	Challenges people to name God's alleged partners and exposes their claim as empty speech.	focus_34_22_cutoff_100.tsv	43	d43ca8eeffa1a327602156a34daae51c412589c8ec79fa840eaef7e0698238d6
reciprocal_nomination	13:33	34:27		strong	34:27	13:33	13:33	cross_surah	label_target_note	ranked_review	The command to name alleged partners closely matches the focus's demand to produce them.	focus_34_27_cutoff_100.tsv	13	cfce1a120913b744eafec2574fd9a7cea48b8379f14c6ebf3c70e06418134730
reciprocal_nomination	13:33	34:33		strong	34:33	13:33	13:33	cross_surah	label_target_note	ranked_review	It combines accountable deeds, invented partners, embellished plotting, and being turned from the way.	focus_34_33_cutoff_100.tsv	45	a8864709ec55d0597189249128f7258fa5daa4c6120c71cbef456abf7ef76bf2
reciprocal_nomination	13:33	35:8		strong	35:8	13:33	13:33	cross_surah	label_target_note	ranked_review	It joins beautified plotting, obstruction from the path, and the lack of a guide for one God misguides.	focus_35_8_cutoff_100.tsv	7	3ea3d47784428a87b13526b748e6f12ff7768c4acd5cf54ee62fee29695802e0
reciprocal_nomination	13:33	35:14		strong	35:14	13:33	13:33	cross_surah	label_target_note	ranked_review	It challenges the naming of alleged partners and exposes their lack of real standing before God's knowledge.	focus_35_14_cutoff_100.tsv	79	b9bc81750b916b5ccba34ee7761f36495fcfcee6123dd617168f6a7aaddbe181
reciprocal_nomination	13:33	35:45		strong	35:45	13:33	13:33	cross_surah	label_target_note	ranked_review	God stands over every soul in relation to what it earns, directly expressing comprehensive accountability.	focus_35_45_cutoff_100.tsv	36	c67c072f1679977592356c7a2b7a4278417484145a5ea927228f7b49fb18e839
reciprocal_nomination	13:33	36:7		weak	36:7	13:33	13:33	cross_surah	label_target_note	ranked_review	Adorned disbelief and being turned from the path are related but lack the focus's binding-word structure.	focus_36_7_cutoff_100.tsv	41	607021f8ec1a4eddacb5a281b3aeb52c0888e0465b9338c55bfbff7d9ea99abe
reciprocal_nomination	13:33	36:23		medium	36:23	13:33	13:33	cross_surah	label_target_note	missing_ayah_suggestion	The challenge to name God’s alleged partners exposes the absence of a warrant for rival devotion.	focus_36_23_cutoff_100.tsv	136	d801385870f6e54441f7619c7cf607e367853b3800de8a69ae580b2e864de368
reciprocal_nomination	13:33	36:70		weak	36:70	13:33	13:33	cross_surah	label_target_note	ranked_review	Deceptive speech and being barred from the way offer only a distant rejection parallel.	focus_36_70_cutoff_100.tsv	61	89e75f1c2249d170ac20cb6c82f322fd7cd601060f9eb59cb37b1419fe35b0d3
reciprocal_nomination	13:33	36:72		weak	36:72	13:33	13:33	cross_surah	label_target_note	ranked_review	God's oversight of every soul contrasts broadly with invented partners but not with animal provision.	focus_36_72_cutoff_100.tsv	97	59882e88c3d13c86b8fcd60f8f72bbd21e8fb042028b62fca6cea11cc4850b30
reciprocal_nomination	13:33	38:5		strong	38:5	13:33	13:33	cross_surah	label_target_note	missing_ayah_suggestion	The command to name alleged partners exposes the unsupported attribution of associates to God.	focus_38_5_cutoff_100.tsv	116	0b98ff07678766ed73847c896a901b7a1fc7bf401961ca3f6e7890ac32165b71
reciprocal_nomination	13:33	39:3		strong	39:3	13:33	13:33	cross_surah	label_target_note	missing_ayah_suggestion	It challenges the naming of partners for God, who knows and sustains every soul.	focus_39_3_cutoff_100.tsv	119	4b5669103dcfbfea414a59c07e72ceba545775d8121307ada47c3ac5a82a3470
reciprocal_nomination	13:33	39:14		medium	39:14	13:33	13:33	cross_surah	label_target_note	ranked_review	Her nefis üzerindeki gözetim karşısında ortaklar koşmayı sorgular; tek yönelişin hesap sorumluluğunu ekler.	focus_39_14_cutoff_100.tsv	75	ffeb0086d16bdda857e1e29a3e806c83319f6fc68181ede88818a37b2c0e8fa3
reciprocal_nomination	13:33	39:18		strong	39:18	13:33	13:33	cross_surah	label_target_note	missing_ayah_suggestion	Following desires without knowledge is an inverse of discerning and following the best word.	focus_39_18_cutoff_100.tsv	116	cdbbfcb0d5ff8f5514910d5614a00ec8041b7fff0de073f3ff1c59c0b9e58e89
reciprocal_nomination	13:33	39:19		medium	39:19	13:33	13:33	cross_surah	label_target_note	ranked_review	God stands over every soul and what it earns, supporting individual accountability before the focus's consequence.	focus_39_19_cutoff_100.tsv	90	8a4073921d6a007ea53eddd3d931bde562f292e958cbb1e956d8d3a52cf31509
reciprocal_nomination	13:33	39:23		strong	39:23	13:33	13:33	cross_surah	label_target_note	ranked_review	Exact misguidance-without-guide formula supplies the contrary endpoint.	focus_39_23_cutoff_100.tsv	28	c42bf7bdfbbb1edd235ba04c81609f1a493edbab9204e964247cdc5af65615cd
reciprocal_nomination	13:33	39:29		strong	39:29	13:33	13:33	cross_surah	label_target_note	ranked_review	It contrasts God who watches every soul with named alleged partners, challenging their supposed share in authority.	focus_39_29_cutoff_100.tsv	40	3096c8a2b07cf54127e1a9233e8796cabf36d871e2af975aa0785aeeae981e9f
reciprocal_nomination	13:33	39:36		strong	39:36	13:33	13:33	cross_surah	label_target_note	ranked_review	It contrasts God's standing custody over every soul with false partners and repeats that the God-misguided have no guide.	focus_39_36_cutoff_100.tsv	16	c9f382490866ecc5e2baae1cda0232ca79c71146faa3c854b048b3df380c8618
reciprocal_nomination	13:33	39:70		strong	39:70	13:33	13:33	cross_surah	label_target_note	ranked_review	God stands over every soul for what it earned; direct accountability and knowledge parallel.	focus_39_70_cutoff_100.tsv	82	285f03b0e0849d604b483aaae8cd3419509040651c06ec86ba4aad6113b1ba1c
reciprocal_nomination	13:33	40:33		medium	40:33	13:33	13:33	cross_surah	label_target_note	ranked_review	It links being turned from the way with the exact declaration that none can guide whom God lets stray.	focus_40_33_cutoff_100.tsv	13	801a50fa06d10b08164de87f4fc417921ae9275b5ed3fc5e79243ef2871f7f5b
reciprocal_nomination	13:33	40:37		strong	40:37	13:33	13:33	cross_surah	label_target_note	ranked_review	It combines false associates, adorned plotting, and obstruction from the path, strongly clarifying the focus's causal sequence.	focus_40_37_cutoff_100.tsv	55	7b7efe24504e71b12ec549d8a62189265d6285393aa3659507fc186eb031893e
reciprocal_counterevidence	13:33	40:56		no value	40:56	13:33	13:33	cross_surah	label_target_note	ranked_review	Allah'ın her nefis üzerindeki gözetimi ve ortak koşma tartışması odaktaki özgül düğüme yeni bir unsur eklemez.	focus_40_56_cutoff_100.tsv	68	763cb3d541fb7998c63ccd9ccc5a38b1199a6c9d37fb428e714c6e9f36faf0b0
reciprocal_nomination	13:33	40:69		strong	40:69	13:33	13:33	cross_surah	label_target_note	missing_ayah_suggestion	For those led astray by Allah there is no guide, after false partners and their deception are exposed.	focus_40_69_cutoff_100.tsv	129	5b592903c67378f76ed0e5f5373d5bd94a119d9c569566892b8d35835b31ee01
reciprocal_nomination	13:33	41:25		strong	41:25	13:33	13:33	cross_surah	label_target_note	ranked_review	v12:tr:f-13_33-002 links beautified plotting with being barred from the way.	focus_41_25_cutoff_100.tsv	79	6af0d06b46afbc139aa76d8afce174cca6a977525e9bc866c742e77d2d239727
reciprocal_nomination	13:33	42:6		strong	42:6	13:33	13:33	cross_surah	label_target_note	missing_ayah_suggestion	Allah stands over every soul according to what it earns, directly affirming comprehensive oversight.	focus_42_6_cutoff_100.tsv	112	33d1510497d1ec421c85c0b570c0132afbe2a1c01f35edfb1b2fd803c0ff595d
reciprocal_nomination	13:33	42:9		medium	42:9	13:33	13:33	cross_surah	label_target_note	ranked_review	Allah's standing over every soul contrasts with invented partners that lack reality.	focus_42_9_cutoff_100.tsv	46	6e94703aa64b63f7cc269174211c68414c7d5d25fe0b6c88dd334f750d116d7d
reciprocal_nomination	13:33	42:30		medium	42:30	13:33	13:33	cross_surah	label_target_note	ranked_review	God's standing over every soul for what it acquired supports comprehensive personal accountability.	focus_42_30_cutoff_100.tsv	61	29aa52d477c6e91196bbfc9d93dc91611009d86574a6e4e07537ca0d18883537
reciprocal_nomination	13:33	42:34		medium	42:34	13:33	13:33	cross_surah	label_target_note	ranked_review	It portrays God as watching over every soul's earnings and contrasts this with false associates.	focus_42_34_cutoff_100.tsv	82	ab14b26c8b48d5ffc02236ac1749479d55a1f7f8e4aaa28bc5cd49a35bb7bc15
reciprocal_nomination	13:33	42:36		weak	42:36	13:33	13:33	cross_surah	label_target_note	ranked_review	God's standing over every soul and its earnings broadly supports accountability, not the focus's particular themes.	focus_42_36_cutoff_100.tsv	79	a5e7d7b298fa53752f0b85c064a928002fab9c2679bca97b8f0e786f4c228199
reciprocal_nomination	13:33	42:44		strong	42:44	13:33	13:33	cross_surah	label_target_note	ranked_review	It ends with the same misguidance formula and no guide, while situating it within accountable deeds and diversion from the path.	focus_42_44_cutoff_100.tsv	19	3080fb9a5c78a8f318c1ae29121273d3dbb371afdb5a5968f191c0baf0400532
reciprocal_nomination	13:33	42:46		weak	42:46	13:33	13:33	cross_surah	label_target_note	ranked_review	Accountability, false partners, being barred from the way, and no guide form a broad parallel already covered more directly.	focus_42_46_cutoff_100.tsv	25	5ab1bc746b467e0c4c70c00181de7bbd963460b3546ade7c2b171a9e19c45a25
reciprocal_nomination	13:33	43:15		medium	43:15	13:33	13:33	cross_surah	label_target_note	ranked_review	Assigning partners to the One overseeing every soul and naming what God does not know closely challenges unwarranted attribution.	focus_43_15_cutoff_100.tsv	28	ffa7af18163d43c1559241b38ffc8ba9b0cd5102ff397890aa648f412cca03cf
reciprocal_nomination	13:33	43:37		medium	43:37	13:33	13:33	cross_surah	label_target_note	ranked_review	It combines accountability for every soul with beautified plotting and blockage from the path.	focus_43_37_cutoff_100.tsv	49	37e35df4f735c98d66520730774826420580165f45636a04d556bc21d6ffa125
reciprocal_nomination	13:33	43:57		strong	43:57	13:33	13:33	cross_surah	label_target_note	ranked_review	Adorned scheming and being turned from the way connect false presentation with religious misdirection.	focus_43_57_cutoff_100.tsv	81	198afce962babb387b31e8ed237b03ec6c9f328e34a6f914398e7509812c34bb
reciprocal_nomination	13:33	44:9		medium	44:9	13:33	13:33	cross_surah	label_target_note	ranked_review	Divine standing over every soul's earning adds an accountability horizon to the focus's evasive conduct.	focus_44_9_cutoff_100.tsv	85	57cf710832f8a6b84df6e8e7f07407a342ed6f1143aca8f44d5d05de9154914a
reciprocal_nomination	13:33	44:32		medium	44:32	13:33	13:33	cross_surah	label_target_note	ranked_review	God's standing over every soul and its earning supports knowledge-based accountability.	focus_44_32_cutoff_100.tsv	99	1815ed47ff2f7a9c5c5ee98642a8bb68141d434d2799c0e2ede7b2676598b56c
reciprocal_nomination	13:33	45:14		medium	45:14	13:33	13:33	cross_surah	label_target_note	ranked_review	Affirms comprehensive oversight of each self's acquisition, supporting the basis for later settlement.	focus_45_14_cutoff_100.tsv	40	2d5d53d27fd0e4c849bbad5c645ca0d7f2a2d048d94b3a6b535bb8fe9215495e
reciprocal_nomination	13:33	45:22		strong	45:22	13:33	13:33	cross_surah	label_target_note	ranked_review	Her nefsin kazandigi uzerinde kaim olus, bireysel hesabin ilahi bilgisini acikca verir.	focus_45_22_cutoff_100.tsv	37	1959947584c42ae10f163937a56381a60fca346423731d3a33828b6514a1f21a
reciprocal_nomination	13:33	46:4		strong	46:4	13:33	13:33	cross_surah	label_target_note	missing_ayah_suggestion	ينكر تسمية الشركاء بما لا يعلمه الله.	focus_46_4_cutoff_100.tsv	132	8e2bed61a7bf2ba3cfaa9c531467a4159a5c4cc6d30a8da577e8ed6ba538417a
reciprocal_nomination	13:33	47:1		strong	47:1	13:33	13:33	cross_surah	label_target_note	ranked_review	Joins disbelief, obstruction from the way, and lack of a guide after embellished plotting.	focus_47_1_cutoff_100.tsv	19	fd883290c3ec4bb3d7deb11c71a417abcfda17399de5a3d6e50394fc01354f28
reciprocal_nomination	13:33	47:8		strong	47:8	13:33	13:33	cross_surah	label_target_note	missing_ayah_suggestion	Embellished works, disbelief, and lack of guidance combine in a close pattern.	focus_47_8_cutoff_100.tsv	111	c2fa8dc03bd35c04441f745d9219033d139ac245ce38da90512a63fa905bdab9
reciprocal_nomination	13:33	47:14		medium	47:14	13:33	13:33	cross_surah	label_target_note	ranked_review	Connects adorned plotting, turning from the path, and continuing accountability for acquired acts.	focus_47_14_cutoff_100.tsv	43	2581daec8941d509610b28d88003e8a3a19d16a003b2ebc8eecfcbc657119ca1
reciprocal_nomination	13:33	47:26		medium	47:26	13:33	13:33	cross_surah	label_target_note	ranked_review	Opposes invented partners and outward speech to comprehensive accounting and exposes obstructive plotting.	focus_47_26_cutoff_100.tsv	52	ca067c023172338410538d88f996bef15b3b30c62bc0906c8e8338064ccc01cf
reciprocal_nomination	13:33	47:30		medium	47:30	13:33	13:33	cross_surah	label_target_note	ranked_review	Contrasts divine knowledge of each self with merely outward speech.	focus_47_30_cutoff_100.tsv	49	e4b07b5452d4224f86ad44c89a575174841b87df0fbd8a3b570b08b2acf2fa46
reciprocal_nomination	13:33	47:32		medium	47:32	13:33	13:33	cross_surah	label_target_note	ranked_review	Pairs disbelief, deceptive adornment, and obstruction of the path.	focus_47_32_cutoff_100.tsv	49	e05662cce69b18327a58fffb53ffff3023b86a6c05d40fbd2873eef11de62db2
reciprocal_nomination	13:33	47:34		medium	47:34	13:33	13:33	cross_surah	label_target_note	ranked_review	Combines كفر, صدد, and no guide; adds adorned conduct but is a later redundant parallel.	focus_47_34_cutoff_100.tsv	34	955d96932a82e28206073681df2566b3a59f4804d5c4afb8fad32f03fb747286
reciprocal_nomination	13:33	49:17		weak	49:17	13:33	13:33	cross_surah	label_target_note	ranked_review	False associates and misguidance are too distant from the addressed Islam claim.	focus_49_17_cutoff_100.tsv	73	3e24fc16e238d180f1751cfabfdafc031185c2b21f4f8eef1e907534d25fc1bb
reciprocal_nomination	13:33	52:39		medium	52:39	13:33	13:33	cross_surah	label_target_note	ranked_review	Challenges invented partners and unsupported naming, supporting the broader rejection.	focus_52_39_cutoff_100.tsv	34	8ff1bec3d14ca5e4e8e96204fde90a27aef3d22853e689802394599ddc79f552
reciprocal_nomination	13:33	52:41		medium	52:41	13:33	13:33	cross_surah	label_target_note	ranked_review	Challenges claims that attribute knowledge to God without warrant.	focus_52_41_cutoff_100.tsv	93	5e533a86ad40c1f36fd082aa1d5ecd21af656ebbb7da6132895b811a7762944e
reciprocal_nomination	13:33	52:42		medium	52:42	13:33	13:33	cross_surah	label_target_note	ranked_review	Mentions the rejectors' مكر and their diversion, a related but broader pattern.	focus_52_42_cutoff_100.tsv	55	fee73bec0e2a1071701d99fc5a8f493e2d7b47c71376ab98699696efff66b9d6
reciprocal_nomination	13:33	53:23		medium	53:23	13:33	13:33	cross_surah	label_target_note	missing_ayah_suggestion	Challenges claimed partners to identify their reality rather than merely name them.	focus_53_23_cutoff_100.tsv	112	a4752484df1775303ff80ccea072f997ecb4755c49e11d66a539b3c03dd8abe2
reciprocal_nomination	13:33	53:36		medium	53:36	13:33	13:33	cross_surah	label_target_note	ranked_review	Tests whether asserted names have reportable reality, supporting scrutiny of claims of knowledge.	focus_53_36_cutoff_100.tsv	40	c610933d2d3780c9ca2a836349125e2e00c19cca63c3e4aaf39fddbe528d1af5
reciprocal_counterevidence	13:33	53:51		no value	53:51	13:33	13:33	cross_surah	label_target_note	ranked_review	No clear addition to the focus reading.	focus_53_51_cutoff_100.tsv	95	26f04b97ec3288deeb1eb88a5f5d081871f6346460ec3321ad4ff98bb93b7180
reciprocal_nomination	13:33	53:59		weak	53:59	13:33	13:33	cross_surah	label_target_note	ranked_review	False naming and diverted speech offer only a general resistance setting.	focus_53_59_cutoff_100.tsv	75	4db8dccf5c3e8dcd024a9e15744abf2cb2c44f10de40e519cf2f7b8d06b2746e
reciprocal_counterevidence	13:33	54:5		no value	54:5	13:33	13:33	cross_surah	label_target_note	ranked_review	Formulaic فما occurrence lacks a focused relation.	focus_54_5_cutoff_100.tsv	95	42db203c66289e0b25dd51027bd669c1a459bf5a4c86acf29235ba825e5e887f
reciprocal_counterevidence	13:33	56:59		no value	56:59	13:33	13:33	cross_surah	label_target_note	ranked_review	Rhetorical alternatives here do not concern creation.	focus_56_59_cutoff_100.tsv	97	696e6c811a501306b4757bc2b2e7291d0b6b0b436be35f49699a3da516d5cdae
reciprocal_counterevidence	13:33	56:67		no value	56:67	13:33	13:33	cross_surah	label_target_note	ranked_review	Tail-audit shared بل has no substantive link to deprivation.	focus_56_67_cutoff_100.tsv	94	65fc112687533c906fb3dd731b3af28f72c27bfcc9eb428bd5ec4165f24bd8e1
reciprocal_nomination	13:33	58:2		medium	58:2	13:33	13:33	cross_surah	label_target_note	ranked_review	Tests whether names or labels have substantive referents, relevant to verbal reclassification.	focus_58_2_cutoff_100.tsv	42	5f492595e0394bb332ed41425c08d2550250c0a5491fa342ef9ecc14e0cb4044
reciprocal_nomination	13:33	60:1		medium	60:1	13:33	13:33	cross_surah	label_target_note	ranked_review	Shows deceptive ordering and obstruction from the path, a secondary counterpart to misdirected allegiance.	focus_60_1_cutoff_100.tsv	67	5aa35431f4f551b1b4872472ed8bee95d4f6adcbed9e713e9027e990eb235e79
reciprocal_nomination	13:33	61:9		weak	61:9	13:33	13:33	cross_surah	label_target_note	ranked_review	Associates shirk with apparent speech and blocked guidance only indirectly.	focus_61_9_cutoff_100.tsv	64	8930a352edb1117d206b73ebf66d07fce232afe2fd75186aaae73965dc07000e
reciprocal_nomination	13:33	63:2		medium	63:2	13:33	13:33	cross_surah	label_target_note	ranked_review	Direct obstruction is joined to embellished plotting and accountability.	focus_63_2_cutoff_100.tsv	33	da1c6e31c0fea0b5acd611e5f8de228bb32f9b0256c739fa98839949c5058bf6
reciprocal_nomination	13:33	64:13		weak	64:13	13:33	13:33	cross_surah	label_target_note	ranked_review	Tail-audit card: accountability and rival claims broadly reinforce sole authority without clarifying reliance.	focus_64_13_cutoff_100.tsv	99	1649002299bad60d1b82243fc59969786fdaa3497713de4fa52bfb596fa5356b
reciprocal_nomination	13:33	65:3		weak	65:3	13:33	13:33	cross_surah	label_target_note	ranked_review	Standing over every self and its earning provides a broad accountability backdrop only.	focus_65_3_cutoff_100.tsv	91	17dbf2c2d542a030467b277e5d081365df02f98fd6e830105f1ef32b316ef05b
reciprocal_counterevidence	13:33	67:24		no value	67:24	13:33	13:33	cross_surah	label_target_note	ranked_review	Its earthly polemic does not add to the focus trajectory.	focus_67_24_cutoff_100.tsv	34	f34bd8b182ddfa62d33d6bd31dc64a33e71d46ba724cef93fce274da6f62105e
reciprocal_nomination	13:33	67:28		weak	67:28	13:33	13:33	cross_surah	label_target_note	ranked_review	Supports singular divine authority, but only indirectly.	focus_67_28_cutoff_100.tsv	93	83ebb440e9b4c2b11eeff0d1c41f75ad107f2f3e0d8b7e4d806af8e8ce22acd8
reciprocal_nomination	13:33	68:41		strong	68:41	13:33	13:33	cross_surah	label_target_note	ranked_review	It asks that alleged partners be named and exposes unsupported speech, closely matching the inquiry.	focus_68_41_cutoff_100.tsv	25	e1403745aca3907841911fc24f59af5750625297a3596dfee3753eae997c4ec2
reciprocal_nomination	13:33	71:19		medium	71:19	13:33	13:33	cross_surah	label_target_note	ranked_review	Named partners and being barred from the way provide a direct caution about false designation and lost guidance after routes are available.	focus_71_19_cutoff_100.tsv	88	e9ccecb1efe9d1f95db66df899f979960a07fbd7959557e374d0b6bc815add0f
reciprocal_nomination	13:33	71:22		strong	71:22	13:33	13:33	cross_surah	label_target_note	ranked_review	Links adorned plotting, obstructed way, and surface-level deception.	focus_71_22_cutoff_100.tsv	53	2cc2a3ad131ffe8e710cdcc75838a6f3eb1c32c588a95a43b5253bfdb6a9156d
reciprocal_nomination	13:33	72:10		weak	72:10	13:33	13:33	cross_surah	label_target_note	ranked_review	Affirms exhaustive divine awareness without a close link to the focal unknown intention.	focus_72_10_cutoff_100.tsv	58	5f6e402806eece3e199396234a98110968aa3fc95146c327c9416c13ada8bd8d
reciprocal_nomination	13:33	72:20		medium	72:20	13:33	13:33	cross_surah	label_target_note	missing_ayah_suggestion	Questions the claimed partners set beside God's knowledge and guardianship.	focus_72_20_cutoff_100.tsv	137	8b81f30dbf4dae814680cf64837b5e35622100ba1862592465c5303a0cea38c8
reciprocal_counterevidence	13:33	74:12		no value	74:12	13:33	13:33	cross_surah	label_target_note	ranked_review	No discernible relation to the focus beyond broad shared wording.	focus_74_12_cutoff_100.tsv	92	4011e6979da58aa48cad7c3a63bb5c0c600c5e6978561af620aea390026a5375
reciprocal_nomination	13:33	74:38		strong	74:38	13:33	13:33	cross_surah	label_target_note	ranked_review	Places every self under standing oversight for what it acquired, while retaining both visible speech and inward deception lines.	focus_74_38_cutoff_100.tsv	13	93c9bf8f860c4e53f407422e24e5dddb6479641af6f5a0a24b1a4159485c7de6
reciprocal_nomination	13:33	74:48		weak	74:48	13:33	13:33	cross_surah	label_target_note	ranked_review	Individual accountability and lack of a guide are only indirectly related to 74:48.	focus_74_48_cutoff_100.tsv	96	ef75e104b591810e82e089cdd8fead41a5c3d2003bcab5c8a7592eb3d6bde5a9
reciprocal_nomination	13:33	74:49		weak	74:49	13:33	13:33	cross_surah	label_target_note	ranked_review	Contains formulaic عن and فما only; its setting is different.	focus_74_49_cutoff_100.tsv	31	798407185b77bc2e869a0ee0d8b3a68254b6032e59df837589ecdfc0fd2ea661
reciprocal_nomination	13:33	75:13		strong	75:13	13:33	13:33	cross_surah	label_target_note	ranked_review	The one standing over every soul's earning strongly supports individual surveillance and accountability.	focus_75_13_cutoff_100.tsv	92	0663118aee638a65fb3733f0aea21e509423f1fd6be19928866720212c948bed
reciprocal_nomination	13:33	76:3		medium	76:3	13:33	13:33	cross_surah	label_target_note	ranked_review	Shows k-f-r linked to being turned from the path; the mechanism of attractive distortion is a secondary warning.	focus_76_3_cutoff_100.tsv	55	f905d05832b531fa03be53f8fe1d4e0cdc85a35a1ce83beee32dcf67e13ba874
reciprocal_nomination	13:33	76:18		weak	76:18	13:33	13:33	cross_surah	label_target_note	ranked_review	Calling alleged partners by names tests their reality, a different naming discourse with no direct source parallel.	focus_76_18_cutoff_100.tsv	94	ce296bab59f1483e8f9f9a1d47c60140c6cb19631484451fa2c07834aac79c8f
reciprocal_nomination	13:33	78:2		medium	78:2	13:33	13:33	cross_surah	label_target_note	ranked_review	Tests whether asserted partners have reportable reality, adding a truth-versus-labels question.	focus_78_2_cutoff_100.tsv	22	84fffc6d6f3723c92bc480af433847ac69556290f6b4ba6278ce399c166e2739
reciprocal_counterevidence	13:33	78:11		no value	78:11	13:33	13:33	cross_surah	label_target_note	ranked_review	Ortak koşma ve hesap, 78:11'in gündüz ve geçim anlamına belirgin katkı yapmaz.	focus_78_11_cutoff_100.tsv	96	01d9cf81cbd442b5ae96416199d7475f4c82370ae13b0aaa41f60ae1f129c10f
reciprocal_nomination	13:33	80:20		weak	80:20	13:33	13:33	cross_surah	label_target_note	ranked_review	Being turned from the route is a remote contrary parallel.	focus_80_20_cutoff_100.tsv	71	c782c48456a2af5c6165c0adb0a5d7e7fb033858158072517ab353e5e99a91e9
reciprocal_nomination	13:33	82:19		strong	82:19	13:33	13:33	cross_surah	label_target_note	ranked_review	God stands over every soul in relation to what it earned, strengthening individual accountability.	focus_82_19_cutoff_100.tsv	51	702f1744bc7ad744ecc6fef35cad86039e79e66bf2a177fe250f4ddb31c2f6ab
reciprocal_nomination	13:33	83:14		medium	83:14	13:33	13:33	cross_surah	label_target_note	missing_ayah_suggestion	Knowledge of what every نفس earns broadens the accountability side of كسب.	focus_83_14_cutoff_100.tsv	123	d8501c180dd2409c4156c5c51146bc73cb2a89df01a28a5c2d5202efff7001d1
reciprocal_nomination	13:33	86:4		strong	86:4	13:33	13:33	cross_surah	label_target_note	missing_ayah_suggestion	Places God over every self in relation to what it earns.	focus_86_4_cutoff_100.tsv	120	6f197205ee65e46872e9e2c537c771a6688d4dce1eab15f197fe03c990a3d01c
reciprocal_nomination	13:33	87:8		weak	87:8	13:33	13:33	cross_surah	label_target_note	ranked_review	The blocked path is a distant contrary image, not positive support.	focus_87_8_cutoff_100.tsv	95	d0e0f9ae49876abbad1e00b4364bbbd25c9a1ebfd07573322c1ab047f0658c45
reciprocal_nomination	13:33	89:14		strong	89:14	13:33	13:33	cross_surah	label_target_note	missing_ayah_suggestion	Directly presents God as standing over every soul and what it earns.	focus_89_14_cutoff_100.tsv	110	cea41ddfd844578bb820bb0150b23ab340a1fb0259dbedc04058565ff416d42e
reciprocal_nomination	13:33	96:9		medium	96:9	13:33	13:33	cross_surah	label_target_note	missing_ayah_suggestion	Barring from Allah's path is directly named within a challenge to false authority.	focus_96_9_cutoff_100.tsv	125	6278185fca3dbc49a1444c744bcf8a8f0dd872a9fe9b267cb2d7e68e4d65eb52
reciprocal_nomination	13:33	96:14		strong	96:14	13:33	13:33	cross_surah	label_target_note	missing_ayah_suggestion	Allah is watcher over every self and what it earns.	focus_96_14_cutoff_100.tsv	176	0acdd91d4f08166b21cfe2040e6bbc2da5511d131f29de46f2d52b08347875cb
reciprocal_counterevidence	13:33	106:2		no value	106:2	13:33	13:33	cross_surah	label_target_note	ranked_review	Tail audit: accountability and association add no clear bearing on the itinerary.	focus_106_2_cutoff_100.tsv	99	8fae9650425eaf83bf5bf89d2b1991c2fb2c3f634e42942d9239c4a0d809b009
reciprocal_nomination	13:33	114:3		strong	114:3	13:33	13:33	cross_surah	label_target_note	missing_ayah_suggestion	Questions the naming of alleged partners for Allah.	focus_114_3_cutoff_100.tsv	138	c9199a1092242a675ba359be28e7757a93e2b9de525d916fcfe8ec7298378a56
