record_type	focus_ref	target_ref	focus_direction_label	source_direction_label	source_focus_ref	source_target_ref	source_target_component_ref	relation_scope	source_column_order	source_row_role	source_note	source_file	source_line	source_row_sha256
directional_review	12:1	26:2	strong	strong	12:1	26:2	26:2	cross_surah	label_target_note	ranked_review	Doğrudan paralel: açıklık, ayetlerin kitapta düzenli birleşiminden doğar.	focus_12_1_cutoff_100.tsv	1	de5f9b8394f41792c98de10e5b457c892a30c9062f6ab6690f5019f337800e59
directional_review	12:1	11:96	medium	medium	12:1	11:96	11:96	cross_surah	label_target_note	ranked_review	Ayet ve açık otoritenin birlikteliği, açıklığın kanıtlayıcı yönünü ikincil olarak gösterir.	focus_12_1_cutoff_100.tsv	2	d60aabfa71fc6fa9b588f08e925020c5de55d3aa0c0d52c59f1d5e3dd6cdea9c
directional_review	12:1	4:50	weak	weak	12:1	4:50	4:50	cross_surah	label_target_note	ranked_review	Uydurma iddiayı görünür kılan karşıt bir inceleme çerçevesi sunar.	focus_12_1_cutoff_100.tsv	3	bb68e35f489f56a3d729675af6c96b28639e1c2c8697be575fee72191c8e8e22
directional_review	12:1	28:2	strong	strong	12:1	28:2	28:2	cross_surah	label_target_note	ranked_review	Doğrudan paralel; ayrıca açıklığın ayrımları ve gizli tersine dönüşleri açtığı ikinci okumasını korur.	focus_12_1_cutoff_100.tsv	4	4323472409308a93a230ffa291c44ab1ab270c8c191e5a6b403e4111a061559f
directional_review	12:1	12:25	weak	weak	12:1	12:25	12:25	same_surah	label_target_note	ranked_review	Aynı suredeki somut belirti ve karşı-iddia, delilin bağlamını ancak dolaylı biçimde açar.	focus_12_1_cutoff_100.tsv	5	3de26bd5932e317930d62af67236653c36c86c4f4ea029d5ccbd672ccbecc8f9
directional_review	12:1	5:15	strong	strong	12:1	5:15	5:15	cross_surah	label_target_note	ranked_review	Açıklığın her gizliyi açmak değil, gizlenmiş ayrımları seçerek onarmak olduğunu gösterir.	focus_12_1_cutoff_100.tsv	6	fa4fa7ebd006920c467544e23423f79cce137acecebd522a01f8f1e78f913110
directional_review	12:1	10:1	strong	strong	12:1	10:1	10:1	cross_surah	label_target_note	ranked_review	Ayetlerin tek kitapta toplanması, düzenli bütünlük ve hikmet okumasını güçlendirir.	focus_12_1_cutoff_100.tsv	7	fb5d35f464fe3f588ec2395799759ca3f63fe9706e9f51287eeb42f191c5bec8
directional_review	12:1	12:2	strong	strong	12:1	12:2	12:2	same_surah	label_target_note	ranked_review	Açık kitabın hemen ardından Arapça Kur'an ve akletme bağı gelir.	focus_12_1_cutoff_100.tsv	8	4f74d9596bcecc76a719103aebacfc6897fd4847d923d6a901ba8cfc5339b759
directional_review	12:1	49:6	medium	medium	12:1	49:6	49:6	cross_surah	label_target_note	ranked_review	Açıklığı, ulaşmış haberden ayrı olarak doğrulama ve yeterli kanıt disipliniyle sınırlar.	focus_12_1_cutoff_100.tsv	9	7746053caed47438435eac85d2717c3426743b2f872f9984c2187be9eb147f9f
directional_review	12:1	15:1	strong	strong	12:1	15:1	15:1	cross_surah	label_target_note	ranked_review	Ayet, kitap ve Kur'anın yazı ile okuyuşta birlikte düzenlenmesi en yakın paraleldir.	focus_12_1_cutoff_100.tsv	10	3ebca6e472d028f7f285828f9ba615e8df3d823a3d87557ca13f68ece84b40ce
directional_review	12:1	12:3	medium	medium	12:1	12:3	12:3	same_surah	label_target_note	ranked_review	Aynı surede kıssanın vahyedilmiş Kur'an olarak anlatılması, düzenli okunuş boyutunu ekler.	focus_12_1_cutoff_100.tsv	11	6c33b1ff2ec49bae4f37fa6611447f37cdaa61c87b2be1f3cf9fe09df34d173b
directional_review	12:1	6:157	medium	medium	12:1	6:157	6:157	cross_surah	label_target_note	ranked_review	Açık kanıtın gelmesi, varsayımsal iddiayı davranışta sınanan bir açıklığa çevirir.	focus_12_1_cutoff_100.tsv	12	a4e61c2190ebca04d6d4bec5ed90003ee90f9b07646a9ac6abf990fee831afea
directional_review	12:1	31:2	strong	strong	12:1	31:2	31:2	cross_surah	label_target_note	ranked_review	Kitaptaki düzenli ayetler, dağınıklığı düzelten işleyen bütünlük okumasını destekler.	focus_12_1_cutoff_100.tsv	13	90b64406c0202304431dd8069e563d5a9ae8a60303ac8a2614df9f909e6ae326
directional_review	12:1	12:84	weak	weak	12:1	12:84	12:84	same_surah	label_target_note	ranked_review	Aynı sure bağlamında görünürleşen iç hâl vardır, fakat 12:1in metinsel açıklığını az açar.	focus_12_1_cutoff_100.tsv	14	1ec8a3982ed40e561e38ae971a16a297a909a98b3aab70d3b1ab3e420d84298f
directional_review	12:1	44:2	strong	strong	12:1	44:2	44:2	cross_surah	label_target_note	ranked_review	Açık kitabın eklemlenmiş yazı ve ayrımları görünür kılan zemin oluşu doğrudan paraleldir.	focus_12_1_cutoff_100.tsv	15	2af740f4604441dec4e8ec7dda8a7a83908a36f678a23026b6e1cbfeb57fc2f6
directional_review	12:1	43:2	strong	strong	12:1	43:2	43:2	cross_surah	label_target_note	ranked_review	Açıklığın yazı işaretlerini doğru ayırma ve hesap verilebilir kılma yönünü pekiştirir.	focus_12_1_cutoff_100.tsv	16	ff00d58315946ac72c91686d754d39568c8e77e534aa8f4924d5b115a23ea208
directional_review	12:1	16:103	medium	medium	12:1	16:103	16:103	cross_surah	label_target_note	ranked_review	Açık Arapça dil, açıklığın anlaşılır dilde sınanabilir oluşuna destek verir.	focus_12_1_cutoff_100.tsv	17	7f6e533b4d75dfd947cb3a6d19515ce27fe040d1f058be1b02a44b471aaf639a
directional_review	12:1	27:1	strong	strong	12:1	27:1	27:1	cross_surah	label_target_note	ranked_review	Ayetlerin Kur'an ve açık kitap olarak birlikte anılması, yazı-okuyuş bütünlüğünü doğrular.	focus_12_1_cutoff_100.tsv	18	455b1d0a2331c98e78ab4648c9bef7da4571881071e2cee8b5f692f24a9026d3
directional_review	12:1	11:1	strong	strong	12:1	11:1	11:1	cross_surah	label_target_note	ranked_review	Ayetlerin sağlamlaştırılıp ayrıntılandırılması, 12:1deki açıklığın yapısal bir karşılığıdır.	focus_12_1_cutoff_100.tsv	19	1599ecf7a822e975055f9ec14e8bdfadfc8dcf5b8d28da7e1adcc27927fc8ec3
directional_review	12:1	12:24	weak	weak	12:1	12:24	12:24	same_surah	label_target_note	ranked_review	Aynı suredeki burhan, görünür delil boyutuna dolaylı bir örnek verir.	focus_12_1_cutoff_100.tsv	20	774ca7ae16e7f0caef2a594ea5fd7f1077eefb37ef975eda8c3da77701155f6d
directional_review	12:1	41:28	no value	no value	12:1	41:28	41:28	cross_surah	label_target_note	ranked_review	Bağlantı yalnız karşıt ve reddedilmiş bir yola dayanır; 12:1e açıklayıcı katkı yoktur.	focus_12_1_cutoff_100.tsv	21	af95f2868f3836e481a4692b799d97f44d897f889f31dcf2c8e0ae20158127f4
directional_review	12:1	36:17	strong	strong	12:1	36:17	36:17	cross_surah	label_target_note	ranked_review	Açık bildirim, açıklığın kabul üretmekten ayrı bir ulaştırma görevi olduğunu gösterir.	focus_12_1_cutoff_100.tsv	22	beed0ae3b49a3120c438295d5e42939865289585537f11ff84984450b6ff1aa1
directional_review	12:1	41:3	strong	strong	12:1	41:3	41:3	cross_surah	label_target_note	ranked_review	Ayetlerin ayrıntılandırılması ve Arapça okuyuşta yeniden birleşmesi doğrudan açıklayıcıdır.	focus_12_1_cutoff_100.tsv	23	1c1cf53886a176486df784cb938500af49664f15a3fed67b1a93c41989c54917
directional_review	12:1	74:31	weak	weak	12:1	74:31	74:31	cross_surah	label_target_note	ranked_review	Önceki yazılı mirasla tanınan bağ, 12:1in açıklığını ancak uzak bir ikincil yoldan destekler.	focus_12_1_cutoff_100.tsv	24	453a7e753c19f78504b467952b8963bdf3b13734850b27bd7279438403cf3716
directional_review	12:1	14:1	medium	medium	12:1	14:1	14:1	cross_surah	label_target_note	ranked_review	İndirilmiş kitabın bağlı söz olarak karanlıktan aydınlığa geçiş sağlaması işlevsel bir ek okuma sunar.	focus_12_1_cutoff_100.tsv	25	719094ecd21206af9924d1a6f72abe63edffd04c0e4592b26d1e821bbfa6a484
directional_review	12:1	12:10	weak	weak	12:1	12:10	12:10	same_surah	label_target_note	ranked_review	Aynı suredeki sıralı olay örgüsü vardır; metinsel açıklık hakkında doğrudan ek vermez.	focus_12_1_cutoff_100.tsv	26	637dc408ca5e945dbbb9c546f813a30cb9a061228c73d9f9ab6876d30a753937
directional_review	12:1	26:97	medium	medium	12:1	26:97	26:97	cross_surah	label_target_note	ranked_review	Açık sapma, başlangıçta değil sonuçta görünürleşen yön kaybı olarak açıklığın semantik sınırını genişletir.	focus_12_1_cutoff_100.tsv	27	5b94c2887fdb80f55769aea922ebdd903943967940eb2ed8cfb431945dd315e5
directional_review	12:1	13:1	strong	strong	12:1	13:1	13:1	cross_surah	label_target_note	ranked_review	Ayetleri birbirini tutan bağlı bütün sayması, kitap açıklığının ana okumasını destekler.	focus_12_1_cutoff_100.tsv	28	ceb79ad14a2a9296f336fd3da8eda115e8c0d661fec62fdfb60d0064ee866710
directional_review	12:1	44:32	no value	no value	12:1	44:32	44:32	cross_surah	label_target_note	ranked_review	Seçilme ve bilgi ifadesi, 12:1in ayet-kitap ilişkisine belirgin katkı vermez.	focus_12_1_cutoff_100.tsv	29	d902000152cd2f69be1532fab89101d7d5da3073732f9e2762c0b2618aeeda25
directional_review	12:1	26:103	weak	weak	12:1	26:103	26:103	cross_surah	label_target_note	ranked_review	Kıssadan elde edilen işaret, ayetlerin geriye dönük anlam kazanmasına uzak bir örnek sağlar.	focus_12_1_cutoff_100.tsv	30	857641c2b375b1d9e1639da229501eb98d1c43ccebb753ff00b531d6f8a68e7a
directional_review	12:1	2:252	medium	medium	12:1	2:252	2:252	cross_surah	label_target_note	ranked_review	Ayetlerin hak ile okunması, 12:1deki ayetlerin bildirim ve elçilik bağını destekler.	focus_12_1_cutoff_100.tsv	31	635d0c9f68444cfaf79c62b3af1b0d61276a63a9bc65c6c35eefcd9dbd548a65
directional_review	12:1	24:1	medium	medium	12:1	24:1	24:1	cross_surah	label_target_note	ranked_review	Açık ayetlerin sınır belirleyen işlevi, açıklığın düzenleyici yönünü gösterir.	focus_12_1_cutoff_100.tsv	32	0aca2464c68e4ccd4ff7b596c5710e708d19dfe18ba27c5526840b72bd5118dd
directional_review	12:1	29:44	weak	weak	12:1	29:44	29:44	cross_surah	label_target_note	ranked_review	Yaratılıştaki işaretler, dış düzen ile kavrayış ilişkisine yalnız genel bir paralel sunar.	focus_12_1_cutoff_100.tsv	33	8f4246adbbefff3ef464214046e454c97831fe7db6723d245c9f7f5657f9011e
directional_review	12:1	45:6	medium	medium	12:1	45:6	45:6	cross_surah	label_target_note	ranked_review	Ayetlerin hak ile tilaveti, 12:1deki ayetlerin otoriter okuyuş boyutuna katkı verir.	focus_12_1_cutoff_100.tsv	34	516d0687ec1c5e949f94c6ae59518370090d965afd15d79c0bf2a4ab378a8f02
directional_review	12:1	10:42	weak	weak	12:1	10:42	10:42	cross_surah	label_target_note	ranked_review	İşitme ile akletme arasındaki engel, açıklığın alımlanmasını dolaylı biçimde sınırlar.	focus_12_1_cutoff_100.tsv	35	2b8f84f2bf3b9c71f18a8198f64e82868533eac7c67f5a488f8080307002a6f9
directional_review	12:1	68:47	no value	no value	12:1	68:47	68:47	cross_surah	label_target_note	ranked_review	Bağlantı reddedilmiş benzetmeye dayanır; metinsel açıklık için değer taşımaz.	focus_12_1_cutoff_100.tsv	36	96770453939e9b4ef050e4488985268535f06314d7743b6f6e1508e6423c4c32
directional_review	12:1	3:108	medium	medium	12:1	3:108	3:108	cross_surah	label_target_note	ranked_review	Ayetlerin hak ile okunması ve adalet bağı, bildirim çerçevesini ikincil olarak destekler.	focus_12_1_cutoff_100.tsv	37	c124409b466f41dddbe8b92827123a355a9b6d4e058c21813e7e907a8b59269e
directional_review	12:1	20:113	strong	strong	12:1	20:113	20:113	cross_surah	label_target_note	ranked_review	Arapça Kur'an, yöneltilmiş uyarı ve hatırlatma ile açıklığın sıralı okuyuş yönünü açar.	focus_12_1_cutoff_100.tsv	38	74b47d08c8326e9caea061dedf7d58c86d50a236b3cd8afe95d865a14a6331d2
directional_review	12:1	2:99	weak	weak	12:1	2:99	2:99	cross_surah	label_target_note	ranked_review	Açık ayetlerin reddi, açıklığın reddedene rağmen işlemesi açısından sınırlı katkı verir.	focus_12_1_cutoff_100.tsv	39	48256b2119cfa1fa6ca7c507ed12b9c704cc96b6ce221211b7c92e712481e618
directional_review	12:1	3:113	weak	weak	12:1	3:113	3:113	cross_surah	label_target_note	ranked_review	Gece ayet okuması, kitaptaki ayetlerin alımlanmasına yalnız genel bir örnek sunar.	focus_12_1_cutoff_100.tsv	40	40d19f3c57e050ad9f3fb11c162b1e2c3e6110c1660c2a91a341a7a3fa52761f
directional_review	12:1	26:195	strong	strong	12:1	26:195	26:195	cross_surah	label_target_note	ranked_review	Açık Arapça dil, 12:1-2deki dilsel açıklık bağını doğrudan güçlendirir.	focus_12_1_cutoff_100.tsv	41	f6842c8ea66b23c37608f4e1dbc169b5c808984d7c5abf159233724a6f7ed33c
directional_review	12:1	36:24	medium	medium	12:1	36:24	36:24	cross_surah	label_target_note	ranked_review	Açık sapma, nedenleri görünür olan yön kaybı olarak ikinci bir anlam alanı ekler.	focus_12_1_cutoff_100.tsv	42	35900944d3869e46a582997181ab05e15a08775f37af335feec3c2f882da2224
directional_review	12:1	15:89	medium	medium	12:1	15:89	15:89	cross_surah	label_target_note	ranked_review	Açık uyarıcılık, açıklığın kamusal rol bildirimi olabileceğini gösterir.	focus_12_1_cutoff_100.tsv	43	a549969dd23bf7e435aa011aa15dc61c938a39079661006ab0bdaaadca992e16
directional_review	12:1	46:10	medium	medium	12:1	46:10	46:10	cross_surah	label_target_note	ranked_review	Tanıklık ve önceki örnek, kaynağın tanınması için ikincil bir doğrulama yolu sunar.	focus_12_1_cutoff_100.tsv	44	e942f59b6c5ad6b79cd8cf395d9827217a4b23394895a9a1d53dd5a40a310f3d
directional_review	12:1	51:50	no value	no value	12:1	51:50	51:50	cross_surah	label_target_note	ranked_review	Bağlantı yalnız karşıt ve reddedilmiş içsel inceleme varsayımına dayanır.	focus_12_1_cutoff_100.tsv	45	34b9af33c70d0398c1aeccf80814a63036e22d711330c15c7d543c404dbebe74
directional_review	12:1	3:70	weak	weak	12:1	3:70	3:70	cross_surah	label_target_note	ranked_review	Ayetlere tanıklık ederken reddetme, alımlama karşıtlığını gösterir ama 12:1i az açar.	focus_12_1_cutoff_100.tsv	46	72fbe49de2e4f436004f7c0750593b8d54ca6e23f57311ab8d8f81a58a1c4a9f
directional_review	12:1	46:12	medium	medium	12:1	46:12	46:12	cross_surah	label_target_note	ranked_review	Önceki kitapla doğrulama, açık Arapça kitabın süreklilik ve ölçü boyutunu ekler.	focus_12_1_cutoff_100.tsv	47	d01f4d441cd280cb83afab2a86b45219c2709fa9776234488a6f18a74f06f9e4
directional_review	12:1	2:209	weak	weak	12:1	2:209	2:209	cross_surah	label_target_note	ranked_review	Açık kanıttan sonraki kayma, açıklığın reddi hakkında sınırlı bir karşıt örnektir.	focus_12_1_cutoff_100.tsv	48	a935d57eedceee75f3c85cf52aeba94742f828b8a59f4f39017e1d653f0ac184
directional_review	12:1	16:82	strong	strong	12:1	16:82	16:82	cross_surah	label_target_note	ranked_review	Açık bildirim, elçinin görevi ile muhatabın kabulünü birbirinden ayıran doğrudan paraleldir.	focus_12_1_cutoff_100.tsv	49	2e4f68269c46f32eb15f9f9b67af0c8f87ce6b6ad714ab067c28ce81ea1665b4
directional_review	12:1	43:4	medium	medium	12:1	43:4	43:4	cross_surah	label_target_note	ranked_review	Kitabın ana kaynaktaki yüksek ve hikmetli konumu, katmanlı kitap ilişkisine ikincil destek verir.	focus_12_1_cutoff_100.tsv	50	349af2490d4021da0d5adedbe4d9a41fd46166f03473fe943b4987e1814f3a7c
directional_review	12:1	22:16	medium	medium	12:1	22:16	22:16	cross_surah	label_target_note	ranked_review	Açık ayetlerin indirilmesi, açıklığın rehberlik ile ilişkisini destekler.	focus_12_1_cutoff_100.tsv	51	6ec84df8fb0e2f0a0ddc9ab22a29279e5d7629a68514a3e1279bbaa2d3cd7678
directional_review	12:1	3:98	weak	weak	12:1	3:98	3:98	cross_surah	label_target_note	ranked_review	Ayetlerin reddi ve tanıklık, açıklığın karşısındaki tutuma dair sınırlı bağlam verir.	focus_12_1_cutoff_100.tsv	52	22287e0582f91007d168163d8f325191ad7ae5e07688ffade21f0c696a47b442
directional_review	12:1	44:33	medium	medium	12:1	44:33	44:33	cross_surah	label_target_note	ranked_review	İşaretin alıcının durumunu da açığa çıkarması, açıklığın çift yönlü işleyişini ekler.	focus_12_1_cutoff_100.tsv	53	5f917b4367e8d9d7a8c9ac30fef0b2540a6244826d7ee1e54ccc8ba3db4ff4fb
directional_review	12:1	32:22	medium	medium	12:1	32:22	32:22	cross_surah	label_target_note	ranked_review	Hatırlatmadan sonra yüz çevirme, açık işaret ile alımlama arasındaki yönsel karşıtlığı gösterir.	focus_12_1_cutoff_100.tsv	54	34b639ed274220b96adcd5e1a3d30345ffe05090325cedf7e4c1ed9a6ff39774
directional_review	12:1	3:7	strong	strong	12:1	3:7	3:7	cross_surah	label_target_note	ranked_review	Muhkem ve müteşabih ayrımı, kitabın açıklığını tekdüze zorunlu açıklık saymayan temel bir sınırdır.	focus_12_1_cutoff_100.tsv	55	176ffff1ee15acf86a196d142d18c27e84f569317a201a5adde9fd0d973e7369
directional_review	12:1	46:8	weak	weak	12:1	46:8	46:8	cross_surah	label_target_note	ranked_review	Uydurma ithamı, metnin kaynağına dair karşıt bir tartışma sunar.	focus_12_1_cutoff_100.tsv	56	70ca033f5b26aba1caaa82422232469afa6091838cee0c5e1bf760ef4348ab43
directional_review	12:1	10:5	weak	weak	12:1	10:5	10:5	cross_surah	label_target_note	ranked_review	Ayetlerin ayrıntılandırılması, kozmik düzende ilişkisel ayrıştırmaya uzak bir paraleldir.	focus_12_1_cutoff_100.tsv	57	b947c892457febc7d837e7d8c7ae408c970f8eaab0fcff49c4a86b1b310e7a73
directional_review	12:1	4:140	weak	weak	12:1	4:140	4:140	cross_surah	label_target_note	ranked_review	Ayetlerle alay edilmesi, metnin alımlanma etiğine dair dolaylı bir karşıt örnektir.	focus_12_1_cutoff_100.tsv	58	25d87f4c61ae4b75fa601fda356592b55a8bac8a0adeece783d71f3f0623c4e8
directional_review	12:1	41:44	strong	strong	12:1	41:44	41:44	cross_surah	label_target_note	ranked_review	Ayetlerin ayrıntılandırılması, Arapça oluş ve işitme engeli 12:1in açıklık sınırlarını doğrudan açar.	focus_12_1_cutoff_100.tsv	59	efa55c78d8107acbfb242136e20562e9c74d574ee391902faa1173d0fe2d494b
directional_review	12:1	11:53	medium	medium	12:1	11:53	11:53	cross_surah	label_target_note	ranked_review	Kanıt talebinin önceden verilmiş retle koşullanması, açıklığın tek başına kabul olmadığını gösterir.	focus_12_1_cutoff_100.tsv	60	6bcd116bdd9340293437be8cd6ade1ab8c7d9a9bd3355085d289aa31a7e91191
directional_review	12:1	24:25	weak	weak	12:1	24:25	24:25	cross_surah	label_target_note	ranked_review	Açık hakikat ifadesi, 12:1deki açık kitapla yalnız geniş bir anlam alanını paylaşır.	focus_12_1_cutoff_100.tsv	61	1b0f122d8a44ddd061bcff8a8afaf0edc13b3abdedce1185dac6711e2c60ba53
directional_review	12:1	5:90	no value	no value	12:1	5:90	5:90	cross_surah	label_target_note	ranked_review	Bu ayet, 12:1in ayet-kitap-açıklık ilişkisine belirgin katkı sağlamaz.	focus_12_1_cutoff_100.tsv	62	51c846dda5a89802af9fde5eaac692f6ee952468218a74b73de4aa9a104b06fd
directional_review	12:1	24:12	medium	medium	12:1	24:12	24:12	cross_surah	label_target_note	ranked_review	Açıklığın iddia doğruluğundan çok çarpık dolaşımın görünmesi olabileceği karşıt okumayı korur.	focus_12_1_cutoff_100.tsv	63	21b44239067abeb017d5a12688ab2cc9cf17cf89c7353e84e5c3934a1c1baa6e
directional_review	12:1	3:19	weak	weak	12:1	3:19	3:19	cross_surah	label_target_note	ranked_review	Kitap ehlinin bilgiden sonra ayrışması, bütünlüğün reddine uzak bir bağlam sunar.	focus_12_1_cutoff_100.tsv	64	55a04e8311789150315acdb003572a1ef2aba9b3d2e9e6266992f8cc81ad3cb5
directional_review	12:1	39:44	no value	no value	12:1	39:44	39:44	cross_surah	label_target_note	ranked_review	Şefaat ve mülk ifadesi, 12:1e açıklayıcı bir bağ kurmaz.	focus_12_1_cutoff_100.tsv	65	7e34638d24510ea6e6e135204bbe8a29c85001288542a04547dac7b57f154de7
directional_review	12:1	26:30	medium	medium	12:1	26:30	26:30	cross_surah	label_target_note	ranked_review	Açıkça bilinebilir bir şey istemi, baskı karşısında kanıtın sınanabilirliğini öne çıkarır.	focus_12_1_cutoff_100.tsv	66	da97e4c11d69117697a0ceafdd3207abb49722344a270a82505b03a3e33848f7
directional_review	12:1	6:16	no value	no value	12:1	6:16	6:16	cross_surah	label_target_note	ranked_review	Açık başarı ifadesi, metinsel açıklıkla yeterli bir bağ taşımaz.	focus_12_1_cutoff_100.tsv	67	ca67efba3a80603aef271413c4090aed6e5238cae2ae9a8258f4d48689915bee
directional_review	12:1	43:3	strong	strong	12:1	43:3	43:3	cross_surah	label_target_note	ranked_review	Arapça Kur'an ve akletme, 12:2 ile birlikte 12:1in dilsel açıklık bağını doğrudan pekiştirir.	focus_12_1_cutoff_100.tsv	68	08a7fa15904c6615d2c22fef6a1a36acacde5ce3c190c1f6eebf35dd8e2742bc
directional_review	12:1	24:46	medium	medium	12:1	24:46	24:46	cross_surah	label_target_note	ranked_review	Açıklayıcı ayetlerin doğru yola bağlanması, açıklığın rehberlik yönünü ekler.	focus_12_1_cutoff_100.tsv	69	3622cbeced2a37c5774efe846d5a136b42cacd824452718b1579cb9479f643d9
directional_review	12:1	62:2	medium	medium	12:1	62:2	62:2	cross_surah	label_target_note	ranked_review	Tilavet, arınma ve kitap öğretimi, ayetlerin düzenli dönüşüm sürecindeki yerini gösterir.	focus_12_1_cutoff_100.tsv	70	02a73bef183f3392bf4985e44b7473c524b2935016a19fde8bfc27a93785de0a
directional_review	12:1	13:36	medium	medium	12:1	13:36	13:36	cross_surah	label_target_note	ranked_review	Bir kısmı inkâr etmenin bağlı kitap bütünlüğünü kırması, parça-bütün okumasını destekler.	focus_12_1_cutoff_100.tsv	71	8a61747c8ad077a544a605e78b391466659aba90a73f296ea1ffb2de9dad4b8c
directional_review	12:1	28:15	weak	weak	12:1	28:15	28:15	cross_surah	label_target_note	ranked_review	Açık saptırıcılık, görünür yön kaybının sosyal bir örneğidir.	focus_12_1_cutoff_100.tsv	72	f059a70734cd84be9ada72925742ad347f602616cd9bae90911841bdfeb6d17e
directional_review	12:1	2:129	weak	weak	12:1	2:129	2:129	cross_surah	label_target_note	ranked_review	Tilavet, kitap ve hikmet öğretimi, açıklığın sürdürülen öğretim boyutuna genel destek verir.	focus_12_1_cutoff_100.tsv	73	223db48c27f8a3f582d1a454b21a8ca92a589490c8b793295ea9c4fa4f16a246
directional_review	12:1	49:14	weak	weak	12:1	49:14	49:14	cross_surah	label_target_note	ranked_review	Sözlü iddia ile içteki durum ayrımı, metinsel açıklığa ancak dolaylı karşıtlık sağlar.	focus_12_1_cutoff_100.tsv	74	111f35c56803c0542fd62b63059086ab0edd3d7fe9527a1124737719f040efc3
directional_review	12:1	39:42	weak	weak	12:1	39:42	39:42	cross_surah	label_target_note	ranked_review	Tekrarlanan yaşantının işaret oluşu, ayetlerin okunabilirliği için genel bir örnektir.	focus_12_1_cutoff_100.tsv	75	cc7019d50b853f362e6650fc992cc74e2622fd6a18c7117a9c0a031b53bd570d
directional_review	12:1	3:164	weak	weak	12:1	3:164	3:164	cross_surah	label_target_note	ranked_review	Tilavet, arınma ve öğretim dizisi, önceki öğretim paralellerine sınırlı ek yapar.	focus_12_1_cutoff_100.tsv	76	95038d510c1e7e05c6f12519727526c1633766faf9f2084116c79e905ec8c7af
directional_review	12:1	13:38	medium	medium	12:1	13:38	13:38	cross_surah	label_target_note	ranked_review	Her süre için kitap kaydı, kitabın zamanla düzenlenmiş katmanlı bütünlüğüne ikincil destek verir.	focus_12_1_cutoff_100.tsv	77	b5d493588fcb5b7c4d5384be73c82c456eb52c8abaee29bf9c8da738c4559876
directional_review	12:1	15:77	weak	weak	12:1	15:77	15:77	cross_surah	label_target_note	ranked_review	Maddi izlerin işarete dönüşmesi, alıcının kavrayışına dair genel bir paraleldir.	focus_12_1_cutoff_100.tsv	78	b3d7a61daade6155c8c14fb75b9f409e2cb6b40085917362a2974181c410ceb7
directional_review	12:1	5:92	strong	strong	12:1	5:92	5:92	cross_surah	label_target_note	ranked_review	Açık bildirim, elçilik görevinin kabulden ayrılığını yeniden ve doğrudan doğrular.	focus_12_1_cutoff_100.tsv	79	7925fddc49971bb1ad8789962abe998fa8ad74168c7bba79fc6540572e6163f8
directional_review	12:1	22:49	medium	medium	12:1	22:49	22:49	cross_surah	label_target_note	ranked_review	Açık uyarıcı rolü, açıklığın kamusal bildirim yönünü destekler.	focus_12_1_cutoff_100.tsv	80	d11faf4f64323352f2e79977e337b5c3b6180c6cc3e4d255596845adf9c5390b
directional_review	12:1	27:16	weak	weak	12:1	27:16	27:16	cross_surah	label_target_note	ranked_review	Açık lütuf ifadesi, 12:1deki kitap açıklığına yalnız semantik bir uzaklık taşır.	focus_12_1_cutoff_100.tsv	81	cb88b45c074be6dd2a31f52f4ea108ddb7fa586bcb3e78afaabab3c1c4112213
directional_review	12:1	2:230	weak	weak	12:1	2:230	2:230	cross_surah	label_target_note	ranked_review	Açıklanan sınırlar, açıklığın hukukî ayrım yapma işlevine dolaylı örnektir.	focus_12_1_cutoff_100.tsv	82	90d2b0558841fba9916e9b17783a5de05667c0e819999c6404a9df54a9125d9d
directional_review	12:1	3:199	weak	weak	12:1	3:199	3:199	cross_surah	label_target_note	ranked_review	İndirilmiş olanlara iman, kitaplar arası tanımaya genel bir bağ sağlar.	focus_12_1_cutoff_100.tsv	83	75856eca950f8b9c23af20870007e706b4f727c4da16eda747a321ea331b6d8e
directional_review	12:1	10:75	weak	weak	12:1	10:75	10:75	cross_surah	label_target_note	ranked_review	Ayetlere karşı kibir, işaretlerin iktidar tarafından reddedilmesine dair sınırlı bağlam verir.	focus_12_1_cutoff_100.tsv	84	2c99bd139db149a305780d2d2ab6aae2f529fd5ae28038a60332ed71498b7bd0
directional_review	12:1	24:54	strong	strong	12:1	24:54	24:54	cross_surah	label_target_note	ranked_review	Açık bildirim, elçi ile dinleyenin ayrı sorumluluklarını doğrudan ayırır.	focus_12_1_cutoff_100.tsv	85	41f4e753869d342a6e44e13db934157fc4ff48c3dcf4feecc57638d6d873dc44
directional_review	12:1	37:106	medium	medium	12:1	37:106	37:106	cross_surah	label_target_note	ranked_review	Açık sınamanın iç durumu eylemde görünür kılması, açıklığın görünürleştirme yönünü ekler.	focus_12_1_cutoff_100.tsv	86	c42566527d531da33b3f2c63b88d9c27dae7e6b4939b30cc1ca67bca97ca936e
directional_review	12:1	2:151	weak	weak	12:1	2:151	2:151	cross_surah	label_target_note	ranked_review	Tilavet, arınma ve öğretim döngüsü, kitapla öğrenme ilişkisinin tekrar eden bir örneğidir.	focus_12_1_cutoff_100.tsv	87	530927ae1e274f8dd1bfacaf03586ac6616ba00663f835d3e0dcb76b5921c6e9
directional_review	12:1	39:52	weak	weak	12:1	39:52	39:52	cross_surah	label_target_note	ranked_review	Değişken rızkın işaret oluşu, ayetlerin gözlenebilirliğine genel bir paraleldir.	focus_12_1_cutoff_100.tsv	88	7544a4cecf7d4bcce8d3aab825d1f809f4cd12499a9797af5c9f00f543677b9f
directional_review	12:1	2:231	weak	weak	12:1	2:231	2:231	cross_surah	label_target_note	ranked_review	Ayetleri alaya almama ve kitapla öğüt, metnin etik alımlanmasına dolaylı katkı verir.	focus_12_1_cutoff_100.tsv	89	e1afed1ab9d68a8d88efeb98db0ffe633cfc6c2f3eae8669d5851a05e9fa47c4
directional_review	12:1	2:242	medium	medium	12:1	2:242	2:242	cross_surah	label_target_note	ranked_review	Ayetlerin açıklanmasının akletmeye yönelmesi, 12:2deki akletme ile tamamlayıcıdır.	focus_12_1_cutoff_100.tsv	90	f5595fe6f3edf882b122e55b8a7db7b1d510971d7baeaccd4f3c4115232cee21
directional_review	12:1	16:64	strong	strong	12:1	16:64	16:64	cross_surah	label_target_note	ranked_review	Kitabın anlaşmazlığı ayırıp açıklaması, 12:1deki açıklığın doğrudan işlevsel paralelidir.	focus_12_1_cutoff_100.tsv	91	f0d34e76b618254deb5635c359c0b7f56118d7df42ed7077002d11d3b9c0cfb5
directional_review	12:1	24:18	strong	strong	12:1	24:18	24:18	cross_surah	label_target_note	ranked_review	Ayetlerin açıklanması, karışmış alanları yeniden ayıran sınır çizimi olarak 12:1i aydınlatır.	focus_12_1_cutoff_100.tsv	92	0ff3550d09fe7eaf6ef155b27a5e4432a4f18380cb1cd1cd3ce9f216a5661114
directional_review	12:1	19:54	no value	no value	12:1	19:54	19:54	cross_surah	label_target_note	ranked_review	Kitapta anma ifadesi, 12:1in açıklık ilişkisine belirgin katkı yapmaz.	focus_12_1_cutoff_100.tsv	93	8e44f67a9f2d2a758270a35deaebb0c81ba2154a82a292f3e8ed7c9cae3b122e
directional_review	12:1	84:7	weak	weak	12:1	84:7	84:7	cross_surah	label_target_note	ranked_review	Kitabın dağınık izleri kayda toplaması, birleşim fikrine uzak bir paralel sağlar.	focus_12_1_cutoff_100.tsv	94	fdab60ec9e8a56c983b0f2b52813c659342eb234991390c4fef9d6794c2165b0
directional_review	12:1	3:65	weak	weak	12:1	3:65	3:65	cross_surah	label_target_note	ranked_review	Zamansal tutarsızlığı sorgulamak, kitap okumasına genel ama zayıf bir muhakeme örneğidir.	focus_12_1_cutoff_100.tsv	95	f47c750fe5390bcb2abc8dd09bc8ec210ddfb673ce13d909a0ae669b05f06a52
directional_review	12:1	51:51	medium	medium	12:1	51:51	51:51	cross_surah	label_target_note	ranked_review	Açık uyarı, yönelişin nesnesini ayıran bildirim olarak açıklığın kamusal yönünü destekler.	focus_12_1_cutoff_100.tsv	96	f2fae8864a51f6c3489294ea8ab895cdca2550a841e137506ddae5ebddd12d50
directional_review	12:1	6:20	medium	medium	12:1	6:20	6:20	cross_surah	label_target_note	ranked_review	Kitap verilenlerin tanıması, metnin tanınabilirliği ve inkârın karşıtlığına ikincil katkı verir.	focus_12_1_cutoff_100.tsv	97	ed3d3ccba36029173ae419bc90e95cbcfd5ad3b1f1ef1ae1ca29deda62d625c9
directional_review	12:1	64:10	weak	weak	12:1	64:10	64:10	cross_surah	label_target_note	ranked_review	Ayetleri yalanlama, işaretlerin reddedilmesine dair genel karşıt bağlam sunar.	focus_12_1_cutoff_100.tsv	98	187f66e357cd2234cd409e01dbd11a22fda50afbc7929de2b1cbeeba20671bdd
directional_review	12:1	98:6	weak	weak	12:1	98:6	98:6	cross_surah	label_target_note	ranked_review	Kitap ehli adının yeterli olmaması, bağlayıcı metne verilen karşılığı dolaylı biçimde gündeme getirir.	focus_12_1_cutoff_100.tsv	99	ed7ba9ece4066ba0d953655d09269d6b36ce31280e55bb9436310fbcdebfd6b0
directional_review	12:1	31:31	weak	weak	12:1	31:31	31:31	cross_surah	label_target_note	ranked_review	İşaretlerin bakış değişimiyle görülmesi, 12:1e yalnız genel bir görünürleşme paraleli sunar.	focus_12_1_cutoff_100.tsv	100	7cece0956dc6cfd2a65eaae8755cc7e5f53ca3f79ebdf292c93c01d34066fbf6
directional_review	12:1	2:2	strong	strong	12:1	2:2	2:2	cross_surah	label_target_note	missing_ayah_suggestion	Kitap, kuşku dışı rehberlik olarak sunulur; 12:1deki açıklığın yönlendirici ufkunu doğrudan tamamlar.	focus_12_1_cutoff_100.tsv	101	d203d773c05486f385b919fe5cd1438ed871dbedbdaa7d83e0f42d3c7813da00
directional_review	12:1	2:121	medium	medium	12:1	2:121	2:121	cross_surah	label_target_note	missing_ayah_suggestion	Kitabın hakkıyla tilaveti, ayetlerin düzenli ve sorumlu okunması için gerekli alımlama boyutunu ekler.	focus_12_1_cutoff_100.tsv	102	30f036499984cd347d48cfff572bf497e2f40635b71f7393e0fe1743f791cbf6
directional_review	12:1	2:185	strong	strong	12:1	2:185	2:185	cross_surah	label_target_note	missing_ayah_suggestion	Kur'anın rehberlik ve açık kanıtlarla birlikte anılması, 12:1in açıklık iddiasına doğrudan paraleldir.	focus_12_1_cutoff_100.tsv	103	7d08e4c1dabcac9a14c021c3609054788085637963f501f98b81315eaed50669
directional_review	12:1	3:138	medium	medium	12:1	3:138	3:138	cross_surah	label_target_note	missing_ayah_suggestion	Beyan, rehberlik ve öğüt birlikteliği, açıklığın muhataba dönük işlevini destekler.	focus_12_1_cutoff_100.tsv	104	87f3553e543529e57276ee17671dc5a8655b0bf97dcbd37cb048c04c42968900
directional_review	12:1	4:82	strong	strong	12:1	4:82	4:82	cross_surah	label_target_note	missing_ayah_suggestion	Kur'an üzerinde tedebbür ve iç tutarlılık çağrısı, gizli ilişkilerin okunması yorumuna doğrudan katkıdır.	focus_12_1_cutoff_100.tsv	105	4802fdb5f3908a8c30700e0cd226be5cdf958b9ecc1a4de6820e0599d6d301cb
directional_review	12:1	4:174	medium	medium	12:1	4:174	4:174	cross_surah	label_target_note	missing_ayah_suggestion	Burhan ve açık nurun birlikteliği, açıklığın kanıt ve yön bulma boyutunu destekler.	focus_12_1_cutoff_100.tsv	106	8d3069e120c9096bc1eb5516be13e0aa04636a559a1f04519f0880947ffa5875
directional_review	12:1	5:16	strong	strong	12:1	5:16	5:16	cross_surah	label_target_note	missing_ayah_suggestion	Açık kitapla karanlıklardan nura çıkış ve yolların açıklanması, 12:1in işlevsel devamıdır.	focus_12_1_cutoff_100.tsv	107	0e0810f15504d448f74c8d0906b8a14395b0b38338c6f3760546de3c40eee375
directional_review	12:1	6:92	medium	medium	12:1	6:92	6:92	cross_surah	label_target_note	missing_ayah_suggestion	İndirilmiş mübarek kitabın önceki olanı doğrulaması, kitap bütünlüğü ve sürekliliği için ek bağlamdır.	focus_12_1_cutoff_100.tsv	108	4b3977baca14182e7ae8c1f5980a034e2da6587d4440af024bf06b49cf887b0a
directional_review	12:1	6:104	medium	medium	12:1	6:104	6:104	cross_surah	label_target_note	missing_ayah_suggestion	Basiret, hidayet ve rahmet dizisi, ayetlerin görünür kılma işlevine ikincil destek verir.	focus_12_1_cutoff_100.tsv	109	0f7aa9c5b35f669ad59a99f26a4c20a3f0ad6b31888b2c898b0e9889a7190470
directional_review	12:1	6:155	medium	medium	12:1	6:155	6:155	cross_surah	label_target_note	missing_ayah_suggestion	Mübarek kitap ve ona uyma buyruğu, kitabın bağlı ve yönlendirici niteliğini ekler.	focus_12_1_cutoff_100.tsv	110	b7562e305e0f22ebc04775cb5f456af96f22c5015371989660dd703a7cd00e67
directional_review	12:1	7:2	medium	medium	12:1	7:2	7:2	cross_surah	label_target_note	missing_ayah_suggestion	İndirilen kitapla uyarma ve hatırlatma, 12:1deki ayetlerin bildirici işlevini destekler.	focus_12_1_cutoff_100.tsv	111	2bc096fd946bbd6ff6cb74a9dddc6fd0bfebcddf4959e249ee5cf7e789d5fc9c
directional_review	12:1	7:52	strong	strong	12:1	7:52	7:52	cross_surah	label_target_note	missing_ayah_suggestion	Bilgi üzere ayrıntılandırılmış kitap, rehberlik ve rahmet ile 12:1e çok yakın bir paraleldir.	focus_12_1_cutoff_100.tsv	112	53c1907775aaa12329aa6f30f9c008f8a5c55537cd2c43529335d28f912e3f79
directional_review	12:1	10:37	strong	strong	12:1	10:37	10:37	cross_surah	label_target_note	missing_ayah_suggestion	Kur'anın doğrulama ve kitabın ayrıntılandırılması olarak sunulması, açıklık için temel bir karşılıktır.	focus_12_1_cutoff_100.tsv	113	d9727f5054746c39ed2fb400c78ab9553e9bae4b375b7138d3009007c868f776
directional_review	12:1	12:111	strong	strong	12:1	12:111	12:111	same_surah	label_target_note	missing_ayah_suggestion	Sure sonundaki kıssaların ibret, doğrulama ve her şeyin ayrıntılandırılması oluşu 12:1i doğrudan açar.	focus_12_1_cutoff_100.tsv	114	2310ab2d916fb48dba8587af2e25bc2722142a799aed4f11ef0b79aa054de5ae
directional_review	12:1	13:37	strong	strong	12:1	13:37	13:37	cross_surah	label_target_note	missing_ayah_suggestion	Arapça hüküm olarak indiriliş, 12:1-2deki dil, düzen ve bağlayıcılık ilişkisini güçlendirir.	focus_12_1_cutoff_100.tsv	115	9ee9ff39eb8dd9b82155794ea489a3296c06f80a1ffdad930d4de8120d4d7c5e
directional_review	12:1	14:52	medium	medium	12:1	14:52	14:52	cross_surah	label_target_note	missing_ayah_suggestion	Bu bildirimin insanlara ulaşması, uyarı ve tevhid bilgisi için oluşu açıklığın kamusal yönünü ekler.	focus_12_1_cutoff_100.tsv	116	5448e380b8d4e84deb21c84c9f45d4fb8fe7bc2b7406ce4373f7f5a55de48f77
directional_review	12:1	15:9	medium	medium	12:1	15:9	15:9	cross_surah	label_target_note	missing_ayah_suggestion	Zikrin indirilmesi ve korunması, açık metnin sürekliliği hakkında ikincil bir temel sağlar.	focus_12_1_cutoff_100.tsv	117	809182f448c0f0b000530fecada7b05194f2bfd264aa2a6e2efd39aa28bc7fdd
directional_review	12:1	16:44	strong	strong	12:1	16:44	16:44	cross_surah	label_target_note	missing_ayah_suggestion	Zikrin insanlara açıklanması, 12:1deki açıklık ile beyan görevi arasındaki doğrudan bağdır.	focus_12_1_cutoff_100.tsv	118	66b4a2190353998a035bcea56495db345093be451f0fe73609fefc95bcfb95c4
directional_review	12:1	16:89	strong	strong	12:1	16:89	16:89	cross_surah	label_target_note	missing_ayah_suggestion	Kitabın açıklama, rehberlik, rahmet ve teslimiyetle birlikte anılması en güçlü tamamlayıcı paralellerdendir.	focus_12_1_cutoff_100.tsv	119	dcac0f6175d2c6a8da46f0a83a41a433ef5bfd37763690049b32b2c39090b90f
directional_review	12:1	17:9	strong	strong	12:1	17:9	17:9	cross_surah	label_target_note	missing_ayah_suggestion	Kur'anın en doğru olana rehberlik etmesi, açık kitabın yönlendirici işlevini doğrudan tamamlar.	focus_12_1_cutoff_100.tsv	120	2eb6f3d2e8a95c804481a9c676fb09925cdf1256924a008917ae4e008dfb7896
directional_review	12:1	17:41	medium	medium	12:1	17:41	17:41	cross_surah	label_target_note	missing_ayah_suggestion	Kur'anda farklı biçimlerde açıklama yapılması, uygun sırayla okunur kılma yorumuna destek verir.	focus_12_1_cutoff_100.tsv	121	db6529fd020db38ab55f763a51c9c01c10b8e983b309b6f53b6f35dc03cce1e7
directional_review	12:1	17:82	medium	medium	12:1	17:82	17:82	cross_surah	label_target_note	missing_ayah_suggestion	Kur'anın şifa ve rahmet oluşu, açıklığın dönüştürücü sonucuna ikincil katkı sağlar.	focus_12_1_cutoff_100.tsv	122	b45c091509a7de033dbd2cc7287d19af905052a80d205f7fcbe10a850f98839e
directional_review	12:1	17:89	medium	medium	12:1	17:89	17:89	cross_surah	label_target_note	missing_ayah_suggestion	Kur'anda türlü örneklerin çevrilmesi, açıklığın çeşitlenen bildirim biçimlerini gösterir.	focus_12_1_cutoff_100.tsv	123	f061f52b414d08d304a429adf9182d5d008a4ef45e534f7967d86f08670f9951
directional_review	12:1	17:105	medium	medium	12:1	17:105	17:105	cross_surah	label_target_note	missing_ayah_suggestion	Hak ile iniş ve hak ile geliş, ayetlerin güvenilir bildirim zeminine katkı verir.	focus_12_1_cutoff_100.tsv	124	e72c470f24eda2f31c21de27eb3fcdfa013c81b2f4970c936c7cdd63f4608ab6
directional_review	12:1	17:106	strong	strong	12:1	17:106	17:106	cross_surah	label_target_note	missing_ayah_suggestion	Kur'anın ayrılmış olarak insanlara ağır ağır okunması, sıralı ve uygun okuyuş yorumunu doğrudan destekler.	focus_12_1_cutoff_100.tsv	125	2680fd89d0a992a9bc602613c53c72be0507b83fc95a05d125183bbf6202251f
directional_review	12:1	18:1	strong	strong	12:1	18:1	18:1	cross_surah	label_target_note	missing_ayah_suggestion	Kitabın eğrilik içermeden indirilmesi, açıklığın düzen ve tutarlılık boyutuna doğrudan paraleldir.	focus_12_1_cutoff_100.tsv	126	fe27fbb5ff4807da7bc7fc456bfffd2c95011e111457289251b5687c3266d9f8
directional_review	12:1	18:54	medium	medium	12:1	18:54	18:54	cross_surah	label_target_note	missing_ayah_suggestion	Kur'anda çeşitli örneklerin açıklanması, ayetlerin farklı bağlarda açılma yönünü destekler.	focus_12_1_cutoff_100.tsv	127	52174ba9f9d46caca8bc90e7ea90c8948269cdb56ccaa564a7f1cdccbcaf943c
directional_review	12:1	19:97	strong	strong	12:1	19:97	19:97	cross_surah	label_target_note	missing_ayah_suggestion	Kur'anın dilde kolaylaştırılması, 12:1-2deki açıklık ve Arapça bağını doğrudan tamamlar.	focus_12_1_cutoff_100.tsv	128	0f3d66159aeb59cd1d9a704f8646863812a7771418e8e6ba49db447abcb0bd61
directional_review	12:1	20:99	medium	medium	12:1	20:99	20:99	cross_surah	label_target_note	missing_ayah_suggestion	Geçmiş haberlerin kıssa olarak aktarılması ve zikir verilmesi, 12:3ün anlatı düzeniyle bağlantı kurar.	focus_12_1_cutoff_100.tsv	129	590ce7a03d10e0b8102669d14394f1fa9865641223404b6e23e92a1c9ea697c1
directional_review	12:1	20:114	medium	medium	12:1	20:114	20:114	cross_surah	label_target_note	missing_ayah_suggestion	Vahiy tamamlanmadan Kur'anı acele okumama buyruğu, alımlamanın sırası ve ölçüsünü ekler.	focus_12_1_cutoff_100.tsv	130	6c236058da68c4b4dafc7483814067a9fe23f137e0c003d74b7f7a6d10f564f3
directional_review	12:1	21:10	medium	medium	12:1	21:10	21:10	cross_surah	label_target_note	missing_ayah_suggestion	İnsanlar için zikir içeren kitap ve akletme çağrısı, 12:1-2ye tamamlayıcı bir paraleldir.	focus_12_1_cutoff_100.tsv	131	73afeb6106f78658cf8b527abb9d080a5ae63741bdc383fcafb8c56b4482ac25
directional_review	12:1	23:68	strong	strong	12:1	23:68	23:68	cross_surah	label_target_note	missing_ayah_suggestion	Söz üzerinde tedebbür çağrısı, metindeki ilişkilerin dikkatle okunması için doğrudan bir destek sunar.	focus_12_1_cutoff_100.tsv	132	e9dfbf21635de68533947744b158d22903e222559ffbb596e2d4fd3b71978add
directional_review	12:1	24:34	medium	medium	12:1	24:34	24:34	cross_surah	label_target_note	missing_ayah_suggestion	Açık ayetler, önceki örnekler ve sakınanlara öğüt birlikteliği açıklığın uygulamalı yönünü ekler.	focus_12_1_cutoff_100.tsv	133	9690d328a8c6471d992375084bcc5ce1076576c39304f16b233044a01a6b7f55
directional_review	12:1	25:32	strong	strong	12:1	25:32	25:32	cross_surah	label_target_note	missing_ayah_suggestion	Kur'anın tertil ile düzenlenmesi ve kalbi sağlamlaştıracak biçimde inişi, sıralı örüntü okumasını doğrudan destekler.	focus_12_1_cutoff_100.tsv	134	9f57ba4abdb29958e1fcc4dc7c89e33122a242fd7866aabe4fed7da561816231
directional_review	12:1	25:33	medium	medium	12:1	25:33	25:33	cross_surah	label_target_note	missing_ayah_suggestion	Her itiraza hak ve daha güzel açıklama ile karşılık verilmesi, açıklığın tartışma içindeki işlevini gösterir.	focus_12_1_cutoff_100.tsv	135	06c6a050db2d37678769153f3d53d268c2c0f681f579d95cf1741b48c0f041c3
directional_review	12:1	26:192	medium	medium	12:1	26:192	26:192	cross_surah	label_target_note	missing_ayah_suggestion	Kur'anın alemlerin Rabbi katından indirilişi, 26:195teki açık dilin kaynak çerçevesini tamamlar.	focus_12_1_cutoff_100.tsv	136	b5d0dd7ded92ec39b9bcb7e9af898b07885dde9219db49259ec58dad679452ee
directional_review	12:1	26:193	medium	medium	12:1	26:193	26:193	cross_surah	label_target_note	missing_ayah_suggestion	Emin ruhun inişi, bildirim zincirinin aktarım boyutuna katkı verir.	focus_12_1_cutoff_100.tsv	137	14e0808180e72c01726d5a1470713677368725a924ca69ee8874c2b35b3bd20a
directional_review	12:1	26:194	medium	medium	12:1	26:194	26:194	cross_surah	label_target_note	missing_ayah_suggestion	İnişin kalbe ve uyarıcılık görevine yönelmesi, açık dilin amaçlanan ulaştırma işlevini tamamlar.	focus_12_1_cutoff_100.tsv	138	27a25fc1e8ab39926dbcc4e966736f3f26a5978f7f6fdf8f0418841588808147
directional_review	12:1	29:49	strong	strong	12:1	29:49	29:49	cross_surah	label_target_note	missing_ayah_suggestion	Ayatın bilgi verilenlerin göğüslerinde açık ayetler oluşu, yazı ile içsel kavrayış arasındaki ilişkiyi ekler.	focus_12_1_cutoff_100.tsv	139	8ae2c9a4e411fac1a752bb3ed449bacd0e1110ef30b765311789ee8fc031c564
directional_review	12:1	29:51	strong	strong	12:1	29:51	29:51	cross_surah	label_target_note	missing_ayah_suggestion	Kitabın tilavet edilerek indirilmesinin yeterli oluşu, metnin kendi bildirici varlığına güçlü destek verir.	focus_12_1_cutoff_100.tsv	140	2f851662e626fb72efaee50b4aab9fc32435f2b8b755953a63a81923ecadaff0
directional_review	12:1	30:58	medium	medium	12:1	30:58	30:58	cross_surah	label_target_note	missing_ayah_suggestion	Kur'anda her tür örneğin verilmesi, açıklığın çok biçimli düzenlenişine destek sağlar.	focus_12_1_cutoff_100.tsv	141	a27e2cc69091f6c996f48d87408975cc5639de34e3977884857e1e96f75bf63e
directional_review	12:1	32:2	medium	medium	12:1	32:2	32:2	cross_surah	label_target_note	missing_ayah_suggestion	Kitabın kuşku dışı indirilmesi, 12:1deki kitabın güvenilirlik zeminini tamamlar.	focus_12_1_cutoff_100.tsv	142	ade68aa777b07b84956f038b49c11c3c232af60b3cc76651aa71b299504a02b4
directional_review	12:1	36:2	medium	medium	12:1	36:2	36:2	cross_surah	label_target_note	missing_ayah_suggestion	Hikmetli Kur'ana yemin, 10:1 ve 31:2deki hikmetli kitap okumasını destekler.	focus_12_1_cutoff_100.tsv	143	a27081b3887c6410bd39547439c78a6c1153e900960a6f201c9b673060995ea6
directional_review	12:1	36:5	medium	medium	12:1	36:5	36:5	cross_surah	label_target_note	missing_ayah_suggestion	Kur'anın güçlü ve merhametli olandan indirilmesi, bildirim kaynağına ikincil bağlam sağlar.	focus_12_1_cutoff_100.tsv	144	0cb7505e31112a0c7ff2918eb37bbdaf45643117fc032d02e6b49556faf89e34
directional_review	12:1	36:69	strong	strong	12:1	36:69	36:69	cross_surah	label_target_note	missing_ayah_suggestion	Zikir ve açık Kur'an birlikteliği, 12:1deki açık kitapla doğrudan paralel bir adlandırmadır.	focus_12_1_cutoff_100.tsv	145	163894ae86a6db73a8d1052c64a0213067660bcfed5eb29e9e92a30288f057cd
directional_review	12:1	38:29	strong	strong	12:1	38:29	38:29	cross_surah	label_target_note	missing_ayah_suggestion	Mübarek kitabın ayetleri üzerinde tedebbür için indirilmesi, ayetler arası ilişkilerin okunmasına temel destek verir.	focus_12_1_cutoff_100.tsv	146	0c88e3766b787966941b5e7ffa95bace638ec8efe816a78cca683f34086b6cb9
directional_review	12:1	39:23	strong	strong	12:1	39:23	39:23	cross_surah	label_target_note	missing_ayah_suggestion	Kitabın birbirine benzeşen ve tekrar eden en güzel söz oluşu, bütünsel ve ilişkisel okumanın güçlü paralelidir.	focus_12_1_cutoff_100.tsv	147	7f35f0144fa3dde9118bc937a58e4e7882d6810f8a8bc163e494e64fc6eb3aed
directional_review	12:1	39:27	medium	medium	12:1	39:27	39:27	cross_surah	label_target_note	missing_ayah_suggestion	Kur'anda insanlara her örneğin verilmesi, açıklığın örneklerle açılma boyutunu destekler.	focus_12_1_cutoff_100.tsv	148	f8afa7d3d7b5f2f460ad59393d2ce1440dc36ef29367124469a67849f532ea23
directional_review	12:1	39:28	strong	strong	12:1	39:28	39:28	cross_surah	label_target_note	missing_ayah_suggestion	Eğriliksiz Arapça Kur'an, 12:1-2deki açıklık, dil ve tutarlılık eksenini doğrudan güçlendirir.	focus_12_1_cutoff_100.tsv	149	6b804f9fc4908345758cdcfde4df3a21903d2187276b44dcb11d4daae6a9988b
directional_review	12:1	39:41	medium	medium	12:1	39:41	39:41	cross_surah	label_target_note	missing_ayah_suggestion	Kitabın insanlar için hak ile indirilmesi, açık kitabın kamusal sorumluluk zeminini ekler.	focus_12_1_cutoff_100.tsv	150	e5da5b01471ea2ee364c86f267c85722568a43fa0a656ef9674d3544dba96fc7
directional_review	12:1	41:41	medium	medium	12:1	41:41	41:41	cross_surah	label_target_note	missing_ayah_suggestion	Zikrin güçlü ve erişilmez kitap oluşu, metnin bütünlüğüne ikincil destek verir.	focus_12_1_cutoff_100.tsv	151	11670510c2d99a5d0b99a3d1869dc863ea1e163a0f4a91fcf4b233ed462a0a67
directional_review	12:1	41:42	medium	medium	12:1	41:42	41:42	cross_surah	label_target_note	missing_ayah_suggestion	Batılın kitaba yaklaşamaması, 12:1deki açık metnin güvenilirlik çerçevesini tamamlar.	focus_12_1_cutoff_100.tsv	152	e0a92d7760c8e8d331cd493419ec7631022505da34ea3e57755890a4655e76c3
directional_review	12:1	42:7	strong	strong	12:1	42:7	42:7	cross_surah	label_target_note	missing_ayah_suggestion	Arapça Kur'anla uyarma, 12:1-2deki dilsel açıklık ve bildirim görevi için doğrudan paraleldir.	focus_12_1_cutoff_100.tsv	153	7f3c76bd3eec766aff3237a9f561a3f1be89bdf94147ae2c9bea73defe244713
directional_review	12:1	42:52	strong	strong	12:1	42:52	42:52	cross_surah	label_target_note	missing_ayah_suggestion	Vahyin nur yapılması ve onunla yol gösterilmesi, açık kitabın rehberlik yönünü güçlü biçimde açar.	focus_12_1_cutoff_100.tsv	154	2255f3b6e33b1be1795fe495672cd3745c99276d9e84b857ab17b3199f3c39ae
directional_review	12:1	44:58	strong	strong	12:1	44:58	44:58	cross_surah	label_target_note	missing_ayah_suggestion	Kur'anın dilde kolaylaştırılması, 12:1in açıklığını hatırlatma için erişilebilirlikle bağlar.	focus_12_1_cutoff_100.tsv	155	a2bbc4e2e25858cce7888738b2adfc26fc2b0c10015d54c5ac36e11d1190fffc
directional_review	12:1	45:29	medium	medium	12:1	45:29	45:29	cross_surah	label_target_note	missing_ayah_suggestion	Kitabın hak ile konuşması, metnin kayıt ve açıklama işlevine ikincil bir paralel sunar.	focus_12_1_cutoff_100.tsv	156	fe2bb3a6d2c8d8151700c1392d7ffbb17c7dc725ae80245dac2345d119bbf78c
directional_review	12:1	46:30	medium	medium	12:1	46:30	46:30	cross_surah	label_target_note	missing_ayah_suggestion	Öncekini doğrulayan kitaptan söz edilmesi, kitaplar arası süreklilik ve doğrulama bağını ekler.	focus_12_1_cutoff_100.tsv	157	82b725f5d64d806cb7c8b8bbaaa5e3852833e9674a0c7e372af27595172e743c
directional_review	12:1	47:24	strong	strong	12:1	47:24	47:24	cross_surah	label_target_note	missing_ayah_suggestion	Kur'an üzerinde tedebbür ile kapalı kalplerin karşıtlığı, açıklığın alımlanma şartını doğrudan gösterir.	focus_12_1_cutoff_100.tsv	158	581a405b976cf6586f7b21dd7e5bdb3b0fa6ad032f53ab41073014d5b836b44e
directional_review	12:1	54:17	strong	strong	12:1	54:17	54:17	cross_surah	label_target_note	missing_ayah_suggestion	Kur'anın zikir için kolaylaştırılması, açıklığın erişilebilir ve hatırlatıcı yönünü doğrudan destekler.	focus_12_1_cutoff_100.tsv	159	f080623e0a17a2666f14d7f53ce9bab2111c07b2ffe6c27bd162551ac6df398d
directional_review	12:1	54:22	strong	strong	12:1	54:22	54:22	cross_surah	label_target_note	missing_ayah_suggestion	Kur'anın zikir için kolaylaştırılmasının tekrarı, bu erişilebilirlik vurgusunu bağımsız biçimde pekiştirir.	focus_12_1_cutoff_100.tsv	160	999eae4f74bc7d9993dfe532164d18ee9b58c4d3e143cbbc18719ebb3be2b187
directional_review	12:1	54:32	strong	strong	12:1	54:32	54:32	cross_surah	label_target_note	missing_ayah_suggestion	Kur'anın zikir için kolaylaştırılmasının tekrarı, düzenli hatırlatma boyutuna ek tanıklık verir.	focus_12_1_cutoff_100.tsv	161	0463e227654a5dc988ffc92e463aa9e5491a4b0fcc0ee37c89ffbf2037087d81
directional_review	12:1	54:40	strong	strong	12:1	54:40	54:40	cross_surah	label_target_note	missing_ayah_suggestion	Kur'anın zikir için kolaylaştırılmasının tekrarı, açıklığın tekrarlanan davetini tamamlar.	focus_12_1_cutoff_100.tsv	162	dc75ee4b6136a5ce48925ceda9763dc433f1ba5f86bd9ee28700a316f890b6d0
directional_review	12:1	55:2	medium	medium	12:1	55:2	55:2	cross_surah	label_target_note	missing_ayah_suggestion	Kur'anın öğretilmesi, ayetlerin öğretilebilir bir bildirim oluşuna genel destek sağlar.	focus_12_1_cutoff_100.tsv	163	3f423eb7527d8d4227e392d038fed5dbc05ec32c594781d2f820c22b35487c3f
directional_review	12:1	55:4	medium	medium	12:1	55:4	55:4	cross_surah	label_target_note	missing_ayah_suggestion	Beyanın öğretilmesi, açıklık ve ifade imkanı arasındaki ikincil ilişkiyi ekler.	focus_12_1_cutoff_100.tsv	164	4f4e1ca80630cd0c9b33b3a02084838d950f8f0b535fef214df99b76e170101b
directional_review	12:1	56:77	medium	medium	12:1	56:77	56:77	cross_surah	label_target_note	missing_ayah_suggestion	Kerim Kur'an ifadesi, metnin yüksek ve korunmuş niteliğine ikincil bağlam verir.	focus_12_1_cutoff_100.tsv	165	84aee764005bc67e8a9583b67f591981c34aefe0485789f1032e4c1a06b330ff
directional_review	12:1	56:78	medium	medium	12:1	56:78	56:78	cross_surah	label_target_note	missing_ayah_suggestion	Kur'anın gizli bir kitapta oluşu, 43:4teki ana kitap ile birlikte katmanlı kitap okumasını destekler.	focus_12_1_cutoff_100.tsv	166	547e22fb5481cbcd5b9e63620b4b7d91db791fb7f7d2b801b1b9fc56d10345ad
directional_review	12:1	57:9	medium	medium	12:1	57:9	57:9	cross_surah	label_target_note	missing_ayah_suggestion	Açık ayetlerle karanlıklardan aydınlığa çıkarma, açıklığın rehberlik işlevini tamamlar.	focus_12_1_cutoff_100.tsv	167	9097e0d3935254cd4d6414b879adef4d8b24ed94502e5e440dc750681437eccd
directional_review	12:1	57:25	strong	strong	12:1	57:25	57:25	cross_surah	label_target_note	missing_ayah_suggestion	Açık deliller, kitap ve ölçünün birlikte indirilmesi, açıklığın adalet kuran yönüne güçlü katkıdır.	focus_12_1_cutoff_100.tsv	168	d0952c1c72432aa8c712597b93e058cfd465d6b3b28c9f2bfdd23051f165fa86
directional_review	12:1	65:11	strong	strong	12:1	65:11	65:11	cross_surah	label_target_note	missing_ayah_suggestion	Elçinin açık ayetleri tilavet etmesi, açıklığın kamusal ulaştırma ve dönüşüm işlevini doğrudan destekler.	focus_12_1_cutoff_100.tsv	169	fd52f82c2638d7c23871f08e2d2fe0d693c60520358ae827745682b6a5d047f5
directional_review	12:1	73:4	medium	medium	12:1	73:4	73:4	cross_surah	label_target_note	missing_ayah_suggestion	Kur'anın tertil ile okunması, sıralı ve ölçülü okuyuş boyutuna doğrudan olmayan destek verir.	focus_12_1_cutoff_100.tsv	170	4d01dfd869bbc7c88823face6dc57931093927f27b48ee3350f85a2bda48b0b4
directional_review	12:1	75:17	strong	strong	12:1	75:17	75:17	cross_surah	label_target_note	missing_ayah_suggestion	Kur'anın toplanması ve okuyuşu, 12:1deki düzenli birleşim okumasının temel paralelidir.	focus_12_1_cutoff_100.tsv	171	5359feac1999c21687487239db078bbacbbc57510017ac1b066e3ca0ceb4fde9
directional_review	12:1	75:18	strong	strong	12:1	75:18	75:18	cross_surah	label_target_note	missing_ayah_suggestion	İlahi okuyuşun izlenmesi, metnin sıralı alımlanma düzenini doğrudan destekler.	focus_12_1_cutoff_100.tsv	172	2e41f4f6f0d601252ef552eaf8882deeb55f8c877614b8ef6be695be7011bae2
directional_review	12:1	75:19	strong	strong	12:1	75:19	75:19	cross_surah	label_target_note	missing_ayah_suggestion	Beyanın ilahi sorumluluk oluşu, 12:1deki açıklık için en doğrudan tamamlayıcı ayetlerden biridir.	focus_12_1_cutoff_100.tsv	173	9bffe9ff1c78e1663d89ea1a95c94f503c3563637d7783b6d4a7037211551dec
directional_review	12:1	76:23	medium	medium	12:1	76:23	76:23	cross_surah	label_target_note	missing_ayah_suggestion	Kur'anın belirli bir indirişle verilmesi, metnin düzenlenmiş iniş bağlamına ikincil katkı sağlar.	focus_12_1_cutoff_100.tsv	174	bb8e31702bd34a102a199326fd68b42bf7b39512a7d9a348fec047b91a827c23
directional_review	12:1	85:21	strong	strong	12:1	85:21	85:21	cross_surah	label_target_note	missing_ayah_suggestion	Yüce Kur'an ifadesi, 12:1deki kitabın metinsel kimliğini güçlü biçimde tamamlar.	focus_12_1_cutoff_100.tsv	175	a7e93f53e56a49b495a9f7de54977cee089637d137b5c2faca9416d04c579b67
directional_review	12:1	85:22	strong	strong	12:1	85:22	85:22	cross_surah	label_target_note	missing_ayah_suggestion	Korunmuş levha, 43:4 ve 56:78le birlikte kitabın katmanlı kaynağına doğrudan destek verir.	focus_12_1_cutoff_100.tsv	176	d5cd8aae23c486e45e4aa23ee21a7e58d4bca940e0fb67bd48c7682c105d4056
directional_review	12:1	98:2	medium	medium	12:1	98:2	98:2	cross_surah	label_target_note	missing_ayah_suggestion	Arınmış sayfaları okuyan elçi, yazı ile tilavet birlikteliğine destek sağlar.	focus_12_1_cutoff_100.tsv	177	c0041ce8bdd2bc0fd948dcc1eb0597512d5e87cb030bba3f518bf35dd0297656
directional_review	12:1	98:3	medium	medium	12:1	98:3	98:3	cross_surah	label_target_note	missing_ayah_suggestion	Değerli yazıların arınmış sayfalarda oluşu, kitaplaşmış metin boyutunu ikincil olarak destekler.	focus_12_1_cutoff_100.tsv	178	3cb3b040ceb85ead6977a7815aa9d80c449fc31a3f19de009f936056b42ad52a
reciprocal_nomination	12:1	2:1		weak	2:1	12:1	12:1	cross_surah	label_target_note	missing_ayah_suggestion	Repeats the detached-letter form introduced by 10:1.	focus_2_1_cutoff_100.tsv	103	6a87c7e9c787a5ce0f79a896ce8b832605f8e1994173fdce487b8bba25e28329
reciprocal_nomination	12:1	2:2		weak	2:2	12:1	12:1	cross_surah	label_target_note	ranked_review	Reiterates the clear-Book formula already supplied by 26:2.	focus_2_2_cutoff_100.tsv	52	d79deee97f66e0a2ad874ad7afe730ccd7839573c279fb7db22b9a6f211f190a
reciprocal_nomination	12:1	2:68		medium	2:68	12:1	12:1	cross_surah	label_target_note	ranked_review	The clear-book formulation supports ordered readability, though it is more general than the focus.	focus_2_68_cutoff_100.tsv	27	4237f3a8a7661608a0e9c5f03e111ab6b2171e52a82519436819d5a901fc205b
reciprocal_counterevidence	12:1	2:87		no value	2:87	12:1	12:1	cross_surah	label_target_note	ranked_review	The bare designation of a clear Book is redundant and does not clarify the focus.	focus_2_87_cutoff_100.tsv	82	a4c786018de33ce0418ca26b23cea80a82a7fee23d8177d7448ae25c900e7b6b
reciprocal_nomination	12:1	2:99		medium	2:99	12:1	12:1	cross_surah	label_target_note	ranked_review	Names the signs as those of a clear Book, but adds little after earlier parallels.	focus_2_99_cutoff_100.tsv	24	666bda06cea3ca0b029729f667b524c6ad33d5d89be73eab4e7cb219b4386260
reciprocal_nomination	12:1	2:109		weak	2:109	12:1	12:1	cross_surah	label_target_note	ranked_review	The clear Book motif is too general after stronger clarification parallels.	focus_2_109_cutoff_100.tsv	39	793c8e62a4328398afec175f305b724c10477121e311a2664f5b1f20117df61b
reciprocal_nomination	12:1	2:113		weak	2:113	12:1	12:1	cross_surah	label_target_note	ranked_review	Calls its signs the clear Book, but adds little after direct Book-and-dispute parallels.	focus_2_113_cutoff_100.tsv	98	e32d69c5a91c8677346471a04a389860061ab963cbab527c439c57217dd0f5a0
reciprocal_nomination	12:1	2:118		medium	2:118	12:1	12:1	cross_surah	label_target_note	ranked_review	A manifest Book supplies a general counterpoint of textual clarity.	focus_2_118_cutoff_100.tsv	53	603a812bbd35153e2781234bc98e58ff839ee59d31657cccd64305d1bf904907
reciprocal_nomination	12:1	2:129		weak	2:129	12:1	12:1	cross_surah	label_target_note	ranked_review	Secondary Book designation without messenger, teaching, or purification.	focus_2_129_cutoff_100.tsv	48	ce9215141d95d887e923e31f1d24b74e6ef9eb8b08c5b9c739c9392da05d8435
reciprocal_nomination	12:1	2:151		weak	2:151	12:1	12:1	cross_surah	label_target_note	ranked_review	Clear-Book framing is secondary and redundant after earlier Book cards.	focus_2_151_cutoff_100.tsv	27	7da3fce7a10009d40f87e0b51786ae06c504530805166ba6a5031b070048f746
reciprocal_nomination	12:1	2:159		weak	2:159	12:1	12:1	cross_surah	label_target_note	ranked_review	The clear-Book formula repeats already-covered background.	focus_2_159_cutoff_100.tsv	73	eaaf0069e7b157449f7a3363f97458b9a98f2830d69413592eb6b54a65a191f7
reciprocal_counterevidence	12:1	2:187		no value	2:187	12:1	12:1	cross_surah	label_target_note	ranked_review	The opening description of a clear book adds nothing specific.	focus_2_187_cutoff_100.tsv	57	1fc7192b55f2dcae9118489bd220fe99b3aeceecf0a685c9e6eec17ff87cd64f
reciprocal_counterevidence	12:1	2:208		no value	2:208	12:1	12:1	cross_surah	label_target_note	ranked_review	The description of a clear book adds no specific light to peace, entry, or Satanic steps.	focus_2_208_cutoff_100.tsv	36	1be077a76e6a4aed67b8f8fdfc106e8269c11baf526b1b64bee3478f70b9c958
reciprocal_nomination	12:1	2:209		weak	2:209	12:1	12:1	cross_surah	label_target_note	ranked_review	It names the Book as clear but adds no post-proof warning.	focus_2_209_cutoff_100.tsv	12	cbe6860cfe457bf3d8a2fc1c48f15c1ad528a7be19bc3f14984f9f2119f2c5c7
reciprocal_nomination	12:1	2:211		weak	2:211	12:1	12:1	cross_surah	label_target_note	ranked_review	Calls the Book's ayat mubin, echoing the clarity of 2:211's signs.	focus_2_211_cutoff_100.tsv	15	f5213410d15e08b25a4766f85e4047eb300ab1cf27ff7966b2b2fe2d92261f6a
reciprocal_counterevidence	12:1	2:219		no value	2:219	12:1	12:1	cross_surah	label_target_note	ranked_review	No material bearing on 2:219.	focus_2_219_cutoff_100.tsv	49	a8201ed24c6b75c07f42100b71e5200c8177ea642dc2157c69017efb6a55eec4
reciprocal_nomination	12:1	2:221		weak	2:221	12:1	12:1	cross_surah	label_target_note	ranked_review	Only identifies the verses as those of the clear Book.	focus_2_221_cutoff_100.tsv	36	8eb0852bd1b5b73ae72392be3acccd2e3a6df5d3d40299b415494a2218a14d18
reciprocal_counterevidence	12:1	2:230		no value	2:230	12:1	12:1	cross_surah	label_target_note	ranked_review	The designation of clear Book signs adds no relevant ruling.	focus_2_230_cutoff_100.tsv	24	2b6bfd6f7efcfc979701c718f55b9235991424a38e34b15b728b1da0c281af14
reciprocal_nomination	12:1	2:242		medium	2:242	12:1	12:1	cross_surah	label_target_note	ranked_review	Identifies the revealed material as signs of a clear Book.	focus_2_242_cutoff_100.tsv	36	3fe932d323e2662c98c347ae9f3004f0d6c2f152b2df25ec9c293ae4a29248b1
reciprocal_nomination	12:1	2:252		weak	2:252	12:1	12:1	cross_surah	label_target_note	ranked_review	Names verses of the clear Book without a direct focus relation.	focus_2_252_cutoff_100.tsv	67	d8f3effe6a7867e64ca8351b2beb7c86adc8f964eb6161f2296a501d9ff41be1
reciprocal_nomination	12:1	2:256		weak	2:256	12:1	12:1	cross_surah	label_target_note	ranked_review	The description of a clear Book lightly supports the verse's emphasis on clarification.	focus_2_256_cutoff_100.tsv	24	e5e9b5e44651b7e398879e73dba6c55f98ad0280b1485c4b31bcbb1f8efe9ca7
reciprocal_nomination	12:1	2:259		weak	2:259	12:1	12:1	cross_surah	label_target_note	ranked_review	The designation of verses as clear signs is too general to explain 2:259.	focus_2_259_cutoff_100.tsv	27	f70df9c82e67dc8cf10fd791334a440705182fd63525fb828db223cdeabce0c5
reciprocal_nomination	12:1	3:1		weak	3:1	12:1	12:1	cross_surah	label_target_note	missing_ayah_suggestion	A different disconnected-letter opening; supports the broader opening pattern only.	focus_3_1_cutoff_100.tsv	103	09c4708b2660a1cf4732bb3790be2b8e3d6e50d510e03baa9141a191ecf1382f
reciprocal_nomination	12:1	3:70		weak	3:70	12:1	12:1	cross_surah	label_target_note	ranked_review	The manifest Book is relevant background but does not depict rejection.	focus_3_70_cutoff_100.tsv	57	d5dd6853e311a9ea5db79199daf8e78a050b5633b8f0318bdd3d64eedf3d1766
reciprocal_nomination	12:1	3:108		weak	3:108	12:1	12:1	cross_surah	label_target_note	ranked_review	A further clear-book formula is redundant with earlier parallels.	focus_3_108_cutoff_100.tsv	81	a2ba15ddf11d6f9f1e07b284016189e9aabccd4a70cd2edd697cb4a1961afc6d
reciprocal_nomination	12:1	3:187		medium	3:187	12:1	12:1	cross_surah	label_target_note	missing_ayah_suggestion	The clear-Book formulation is generic but relevant to the disclosure side.	focus_3_187_cutoff_100.tsv	119	bac45bb22a1972620734cc64abe0b8863d486e25d85edadeabd15a97628502f4
reciprocal_counterevidence	12:1	4:20		no value	4:20	12:1	12:1	cross_surah	label_target_note	ranked_review	The clear book designation has no focused marital-property or accusation relation.	focus_4_20_cutoff_100.tsv	81	565b992bd4dc043100827e3bc74b46b3a3c8afb256dfd8eafd7b9d479d844373
reciprocal_counterevidence	12:1	4:50		no value	4:50	12:1	12:1	cross_surah	label_target_note	ranked_review	The clear-Book formula does not add to the focus's fabrication and sin frame.	focus_4_50_cutoff_100.tsv	3	5103f16e8d505adabc877abac8c3eff2115bfeb1e2cd2fdfce93725af8e73516
reciprocal_nomination	12:1	4:94		weak	4:94	12:1	12:1	cross_surah	label_target_note	ranked_review	Adds a broad frame of intelligibility, not a conflict-verification procedure.	focus_4_94_cutoff_100.tsv	33	9af639eb369ecaf93549a53edd08efa23805705bcf9f27d6959486d738d92ee8
reciprocal_nomination	12:1	4:115		weak	4:115	12:1	12:1	cross_surah	label_target_note	ranked_review	الكتاب المبين only supplies a broad clarification motif, already well covered.	focus_4_115_cutoff_100.tsv	6	601d4825243e0b7adce6d84c026c97e2d053edbd84e9d3eb5ff3b71f0af97a5a
reciprocal_nomination	12:1	4:144		weak	4:144	12:1	12:1	cross_surah	label_target_note	ranked_review	The manifest-book reading is a distant, nonlocal parallel to manifest proof.	focus_4_144_cutoff_100.tsv	30	d9631eff96e490ff9030b987641b687127d6d41776d89fc41b95b70e7bd1f417
reciprocal_nomination	12:1	4:153		medium	4:153	12:1	12:1	cross_surah	label_target_note	ranked_review	Supplies a general parallel for the designation of a Book as clear.	focus_4_153_cutoff_100.tsv	12	f6e0a6c671d446400accb4045e233ba9676c1c5105692a07a3df13de9004892c
reciprocal_nomination	12:1	5:15		strong	5:15	12:1	12:1	cross_surah	label_target_note	ranked_review	Strong parallel readings treat a clear book as ordered, selective disclosure rather than total exposure.	focus_5_15_cutoff_100.tsv	15	52e9c108fe67fce47370af93e75505a9eef34795f54da1b1d08585d677c1a555
reciprocal_counterevidence	12:1	5:90		no value	5:90	12:1	12:1	cross_surah	label_target_note	ranked_review	The branch resonance is too remote to add to the focus.	focus_5_90_cutoff_100.tsv	56	7e43f00e09c3e2504534c65a3f5cd001708e0f6b45cc054ab723e434e621c5f0
reciprocal_counterevidence	12:1	6:46		no value	6:46	12:1	12:1	cross_surah	label_target_note	ranked_review	A book-sign designation alone adds no focused evidence.	focus_6_46_cutoff_100.tsv	78	5241375fd40c628aa6c698c43656c203906043b0e2faae70ee4fac9f5f1ca71a
reciprocal_nomination	12:1	6:74		weak	6:74	12:1	12:1	cross_surah	label_target_note	ranked_review	Manifest-book language is not the focus's manifest misguidance diagnosis.	focus_6_74_cutoff_100.tsv	42	9df1264ac242ec16c5a16920d2141041f0f1f424961b13e8cf8375c5b085d7c4
reciprocal_nomination	12:1	6:91		strong	6:91	12:1	12:1	cross_surah	label_target_note	missing_ayah_suggestion	Names the verses as those of the clear book.	focus_6_91_cutoff_100.tsv	194	08236a2ca4fa99f5fa21668340919edaa514592247ac0b0100cada8636121df8
reciprocal_nomination	12:1	6:114		medium	6:114	12:1	12:1	cross_surah	label_target_note	missing_ayah_suggestion	Names these as signs of the clear Book.	focus_6_114_cutoff_100.tsv	131	32da44cf9fe5ea9b6c700d92483ad11b0726634924ecb08e940c6b72d8a86f06
reciprocal_nomination	12:1	6:155		medium	6:155	12:1	12:1	cross_surah	label_target_note	missing_ayah_suggestion	Clear-book framing supports the revealed text's intelligibility.	focus_6_155_cutoff_100.tsv	134	53eb03941dfa07ed3d91e87d1b0684f6b1df0480321f86cff057f58898b34544
reciprocal_nomination	12:1	6:157		medium	6:157	12:1	12:1	cross_surah	label_target_note	ranked_review	Supplies the Book's manifest character, supporting the focus's public clarity.	focus_6_157_cutoff_100.tsv	6	5bd1b0d22753799d21cc1942008ac70521dc5dc85b9db10b6a9f1f4d74c198b9
reciprocal_nomination	12:1	7:1		medium	7:1	12:1	12:1	cross_surah	label_target_note	missing_ayah_suggestion	Unlisted Alif-Lam-Ra opening shares the Alif-Lam component.	focus_7_1_cutoff_100.tsv	103	b20ea7eac89dbd49775d287b5c07d8524f79ef3a0b312427adc889edaef80ae0
reciprocal_nomination	12:1	7:60		weak	7:60	12:1	12:1	cross_surah	label_target_note	ranked_review	General clarity of the Book is only a secondary lens on evident error.	focus_7_60_cutoff_100.tsv	33	73e521ea32067f39f1136c575e52a66433070c6a2ef2dbc0577e330c20a4be05
reciprocal_nomination	12:1	7:73		weak	7:73	12:1	12:1	cross_surah	label_target_note	ranked_review	V12 positive f01 route; the text itself only names the Book's signs.	focus_7_73_cutoff_100.tsv	3	3579e61137d9dac1896d533745c79e26074971270a46f0402bd20c60e0655697
reciprocal_nomination	12:1	7:101		medium	7:101	12:1	12:1	cross_surah	label_target_note	ranked_review	Contributes the category of a clear Book, but not a response to clear proofs.	focus_7_101_cutoff_100.tsv	60	b8a0e4784f4e90ee140c4241801a129a1490629f063a5138d8f8ad945d2d0be1
reciprocal_nomination	12:1	7:106		weak	7:106	12:1	12:1	cross_surah	label_target_note	ranked_review	General kitab clarity is too remote from the exchange.	focus_7_106_cutoff_100.tsv	82	5d43e319c283d8b35cacd1490f320ed7e87928f7072e2cb2269e1723588789fd
reciprocal_nomination	12:1	7:107		weak	7:107	12:1	12:1	cross_surah	label_target_note	ranked_review	Generic mubin reading; f01 routes remain secondary.	focus_7_107_cutoff_100.tsv	27	ce54a6f5e0ec68778b8169a02df17b52dd6bfbf237708bf1c2a00674e1a5bb32
reciprocal_nomination	12:1	7:170		weak	7:170	12:1	12:1	cross_surah	label_target_note	ranked_review	Affirms a clear Book but adds little after stronger Book readings.	focus_7_170_cutoff_100.tsv	100	555d6c42a986a676269d448fe109f43a6ca6aaaca3e684987a2e1571caa2ebda
reciprocal_nomination	12:1	8:6		medium	8:6	12:1	12:1	cross_surah	label_target_note	ranked_review	A parallel account of manifestness, but generic and already broadly represented.	focus_8_6_cutoff_100.tsv	21	aa7870922c4881712f08d451d51739f532fd1aee95421cbec001986cd8026053
reciprocal_nomination	12:1	8:42		medium	8:42	12:1	12:1	cross_surah	label_target_note	ranked_review	The manifest book supports the focus's concern with evidence, at a general level.	focus_8_42_cutoff_100.tsv	12	894d3c84a5ddbfed16c77eb5c88e9465a27550ca89e34d80716210aca7992f6c
reciprocal_nomination	12:1	9:113		weak	9:113	12:1	12:1	cross_surah	label_target_note	ranked_review	Adds only a general register of manifest disclosure.	focus_9_113_cutoff_100.tsv	6	0241ecf4352482f60bf8cd4a005be9a4580e7b5ee47f86563ace7725e6b8de86
reciprocal_counterevidence	12:1	9:114		no value	9:114	12:1	12:1	cross_surah	label_target_note	ranked_review	The book's clarity is too general to add to this particular clarification.	focus_9_114_cutoff_100.tsv	12	ba671bcf770c1c2cabac8d3def3f9d8090d4eb4ee390e1a961ecdee8cd8ff40c
reciprocal_nomination	12:1	10:1		medium	10:1	12:1	12:1	cross_surah	label_target_note	ranked_review	Near-exact recurrence, but largely redundant after 31:2 and 26:2.	focus_10_1_cutoff_100.tsv	3	58dfebd449f376bb51aecc05481f751847387735d8f244e0eab65193abb89111
reciprocal_nomination	12:1	10:13		medium	10:13	12:1	12:1	cross_surah	label_target_note	ranked_review	Contributes the theme of a manifest book, with limited connection to clear proofs.	focus_10_13_cutoff_100.tsv	24	606523d733fdb5d1f63a7bb5c30aca1e06da027561b342fec4961ae2296b52ae
reciprocal_nomination	12:1	10:42		weak	10:42	12:1	12:1	cross_surah	label_target_note	ranked_review	The branch points to legible revelation, but this ayah only names the clear book.	focus_10_42_cutoff_100.tsv	44	92119bdac58e044f58d8f9f712bc7b93f7d3ed3db8b758df14ce344763f3c7e4
reciprocal_nomination	12:1	10:61		weak	10:61	12:1	12:1	cross_surah	label_target_note	ranked_review	A redundant general clear-book occurrence.	focus_10_61_cutoff_100.tsv	78	9c6b5824487d3ab4cfda49d37f7b73e510a9d1934a87fb48aeee8319c3a10a78
reciprocal_nomination	12:1	10:74		weak	10:74	12:1	12:1	cross_surah	label_target_note	ranked_review	The book's clarity is only an indirect parallel to clear proofs.	focus_10_74_cutoff_100.tsv	28	53973a276c2163178c0eefb05200bfad25d8ba0d75747dfdbf03f9bb4f5731f0
reciprocal_nomination	12:1	10:75		weak	10:75	12:1	12:1	cross_surah	label_target_note	ranked_review	Generic kitab-ayat framing with a broad f01 route, not the 10:75 encounter.	focus_10_75_cutoff_100.tsv	26	9397583fa90253465add2df3857138a49c141475f5875a6add49dca06b26a587
reciprocal_nomination	12:1	10:76		weak	10:76	12:1	12:1	cross_surah	label_target_note	ranked_review	General clarity of the book is only background to the focus claim.	focus_10_76_cutoff_100.tsv	21	2bdce8a64c5aa82964d9bfdf7b45bd63bd0416ad2902b0f887fecfacbb060e74
reciprocal_nomination	12:1	10:92		weak	10:92	12:1	12:1	cross_surah	label_target_note	ranked_review	Generic clear-book sign language does not clarify bodily preservation.	focus_10_92_cutoff_100.tsv	82	dee98e97d9ffeecb2039c7ae7d8613c62c4e53ed17d84da4f374e0882256cf0b
reciprocal_nomination	12:1	11:1		medium	11:1	12:1	12:1	cross_surah	label_target_note	ranked_review	Another ALR opening identifies ayat of the explicit Book.	focus_11_1_cutoff_100.tsv	13	b67e8697248d687f430388a685c844154a791d210e7db1a6c05f72ccd8b9b5a2
reciprocal_nomination	12:1	11:53		medium	11:53	12:1	12:1	cross_surah	label_target_note	ranked_review	Manifest scripture offers a general account of clarity without the refusal scene.	focus_11_53_cutoff_100.tsv	18	a8ad4147841f5b579d0fa362fc74c625e9c6de5608acaab4d8c380ca6e825496
reciprocal_nomination	12:1	11:96		weak	11:96	12:1	12:1	cross_surah	label_target_note	ranked_review	Kitab mubin is only a distant textual-clarity parallel.	focus_11_96_cutoff_100.tsv	41	fbcd3fa36aecc3f2fa3e9f2200722fb8332d56e43cae517b3d5f6b146f16fad1
reciprocal_nomination	12:1	12:2		medium	12:2	12:1	12:1	same_surah	label_target_note	ranked_review	Hemen önceki açık kitap ayetleri, 12:2'deki Kur'an'ın bağlamdaki belirlenmiş ve görünür metin oluşunu kurar.	focus_12_2_cutoff_100.tsv	5	2dda9bc648b90f98ccdb9342220518bdf077cfc7f249281f1b280411904f8afa
reciprocal_nomination	12:1	12:3		strong	12:3	12:1	12:1	same_surah	label_target_note	ranked_review	Hemen önceki açık kitap ayetleri, 12:3'teki bu Kur'an'ın metinsel çerçevesini kurar.	focus_12_3_cutoff_100.tsv	8	b4ea13f27aa8489fcd5865d6af5a2e532e6699456f10d4bb80af1b2c4a18c3bd
reciprocal_nomination	12:1	12:7		strong	12:7	12:1	12:1	same_surah	label_target_note	ranked_review	Açık kitabın ayetleri, 12:7'deki işaretlerin sure içindeki düzenli ilişkilerle görünürleşmesini doğrudan bağlar.	focus_12_7_cutoff_100.tsv	68	13955bc473aa11061a5af74a3ef350ee340ebe756b2f574e876485bfad41dee4
reciprocal_nomination	12:1	12:10		weak	12:10	12:1	12:1	same_surah	label_target_note	ranked_review	Provides only the broad explicit bridge into the later status-transition thread.	focus_12_10_cutoff_100.tsv	5	5c18103fc367a25f118c3633dd985b2d79aa7f3e4b4acc70573c021fd77dff5d
reciprocal_counterevidence	12:1	12:24		no value	12:24	12:1	12:1	same_surah	label_target_note	ranked_review	No material addition to the proof, inclination, or protection in 12:24.	focus_12_24_cutoff_100.tsv	5	38f36a3a70dadb89f6dfac1ecccc6f2103da4c887ebeffeb5f657a066f222107
reciprocal_counterevidence	12:1	12:25		no value	12:25	12:1	12:1	same_surah	label_target_note	ranked_review	No specific contribution beyond the surah frame.	focus_12_25_cutoff_100.tsv	5	fef82d04e97c237af24c2a5bb48ded16ee83c7ba1b5a30d69a0715e81134d992
reciprocal_counterevidence	12:1	12:84		no value	12:84	12:1	12:1	same_surah	label_target_note	ranked_review	12:84'ün keder, göz ve içe tutma örgüsüne özgü bir ek sunmaz.	focus_12_84_cutoff_100.tsv	5	daf2e93a4ed5b54781c2751c9ae21b15f33df2fdfe536df2c436e2cd25b5a0f2
reciprocal_nomination	12:1	13:1		strong	13:1	12:1	12:1	cross_surah	label_target_note	ranked_review	Near-exact opening and آيات الكتاب المبين formula; strong f01 confirmation.	focus_13_1_cutoff_100.tsv	63	400e926ef9003f05bc66aee72773eff0de994fe028fa47aff32a873548c9c85f
reciprocal_nomination	12:1	13:36		strong	13:36	12:1	12:1	cross_surah	label_target_note	ranked_review	Açık kitabın ayetleri, kitabın bağlantılı bütün olarak anlaşılmasını güçlendirir.	focus_13_36_cutoff_100.tsv	74	50277088df28ba85537d4ec3ae6cfd3494a4095bd8d1f33fcafe08cf77db0bc5
reciprocal_nomination	12:1	13:38		weak	13:38	12:1	12:1	cross_surah	label_target_note	ranked_review	Açıklayıcı kitap ifadesi, 13:38'teki kitabın ecel kaydı oluşuna yalnız genel destek verir.	focus_13_38_cutoff_100.tsv	86	8f93adb6d52ed71faceb47ee59b68fb596f4e81910530d2751624f1df9ec3795
reciprocal_nomination	12:1	13:43		strong	13:43	12:1	12:1	cross_surah	label_target_note	ranked_review	Manifest Book and its signs directly support connected textual disclosure.	focus_13_43_cutoff_100.tsv	30	03d8bf6e49aa5e7c14d2f7dc57240d06ec43abe9efb3cb2d27598826c9490414
reciprocal_nomination	12:1	14:1		medium	14:1	12:1	12:1	cross_surah	label_target_note	ranked_review	The clear-book opening supports the disclosed, connected textual form already established by related openings.	focus_14_1_cutoff_100.tsv	52	d03e41c8eaa83f1c8b4f6eb906ffd5e92b6d3316a260b9dddcf0a3e522300c27
reciprocal_nomination	12:1	15:1		strong	15:1	12:1	12:1	cross_surah	label_target_note	ranked_review	Neredeyse ayni ayet, kitap acikliginin ayetler arasi baglardan dogmasi ve sirali okunabilirlik ihtimalini verir.	focus_15_1_cutoff_100.tsv	3	0570e7a7f429e43b30ea4b64a53e103a30e361bb0aa3c14f668b6d32d090f9e4
reciprocal_nomination	12:1	15:18		weak	15:18	12:1	12:1	cross_surah	label_target_note	ranked_review	Secondary مبين reading: ordered textual clarity, not the شهاب scene.	focus_15_18_cutoff_100.tsv	18	f1f4bbd34e6a7ebab3b047df8d730153a40c2fa5c0710e3f9edb2e8d246d183f
reciprocal_counterevidence	12:1	15:54		no value	15:54	12:1	12:1	cross_surah	label_target_note	ranked_review	No material relation beyond a lexical surface overlap.	focus_15_54_cutoff_100.tsv	99	2014b9ca3fb623a55838a085c7d7bd8e7f11278c1d4e36714cd7c0769c9f8404
reciprocal_nomination	12:1	15:75		medium	15:75	12:1	12:1	cross_surah	label_target_note	ranked_review	Supports a reading in which clarity emerges from linked signs within a text.	focus_15_75_cutoff_100.tsv	30	6c12f32d13d241492e0e04a29f9b1699eda87c851dde5836b3a46458746057a8
reciprocal_nomination	12:1	15:77		medium	15:77	12:1	12:1	cross_surah	label_target_note	ranked_review	Açık kitabın ayetleri, ayrı işaretlerin düzen içinde anlaşılması yönünü destekler.	focus_15_77_cutoff_100.tsv	63	78098b36f510c647beba23c0548094f14540223e634270f8355a7d8d7396c416
reciprocal_nomination	12:1	15:79		medium	15:79	12:1	12:1	cross_surah	label_target_note	ranked_review	Supports a legibility reading of mubin, but not the focus's particular imam.	focus_15_79_cutoff_100.tsv	24	7b96d95e4566c8d8e37329de372bcfcc2cc1c3eb75dbd07fe3e9d53b780614b4
reciprocal_nomination	12:1	16:4		weak	16:4	12:1	12:1	cross_surah	label_target_note	ranked_review	Repeats the book-clarity pattern with little incremental focus value.	focus_16_4_cutoff_100.tsv	57	86d45a254036a658dbe3ef8f6778579d0b2fc73734a49a18b41e5b2605f03c31
reciprocal_nomination	12:1	16:44		medium	16:44	12:1	12:1	cross_surah	label_target_note	missing_ayah_suggestion	Ayetleri apaçık kitabın ayetleri olarak sunar.	focus_16_44_cutoff_100.tsv	134	0f14c187db9a4cc1adcab79bef16cb11054d5e1e49a263c7c14bbed7f4610d6a
reciprocal_nomination	12:1	16:82		weak	16:82	12:1	12:1	cross_surah	label_target_note	ranked_review	Another Book-mubin formulation with limited added context.	focus_16_82_cutoff_100.tsv	69	7c9a7abbce56c5f930e214ed02600c1dfb5e3f0503fccb0d2f4d450534963d6f
reciprocal_nomination	12:1	16:103		medium	16:103	12:1	12:1	cross_surah	label_target_note	ranked_review	The manifest book label supports textual clarity without the foreign-language contrast.	focus_16_103_cutoff_100.tsv	42	29f89c73cfd0ddf38662f9e8094575412ce6e1124d672e2e0f2dcaba1eb80a6a
reciprocal_nomination	12:1	17:71		weak	17:71	12:1	12:1	cross_surah	label_target_note	ranked_review	A clear book is a broad textual frame, without the focus scene's calling or account.	focus_17_71_cutoff_100.tsv	90	4a19176fb4d2e6069a7599a3ee0d9f66ab6a0e719180704ba30c8da8d4dd922a
reciprocal_nomination	12:1	17:101		medium	17:101	12:1	12:1	cross_surah	label_target_note	ranked_review	Supports a reading of signs as an ordered, manifest book, secondary to the confrontation in 17:101.	focus_17_101_cutoff_100.tsv	3	4869e51408f3d1939f157cb97feafea0e0d61edd7318344ca9ccd69184ce71e1
reciprocal_nomination	12:1	18:1		strong	18:1	12:1	12:1	cross_surah	label_target_note	missing_ayah_suggestion	Identifies the verses as those of a clear Book.	focus_18_1_cutoff_100.tsv	131	72e413de92d289c1182c5c6de9a96b221c29e2aa7c5b7d2435008f7a21bcd666
reciprocal_nomination	12:1	19:1		weak	19:1	12:1	12:1	cross_surah	label_target_note	missing_ayah_suggestion	Alif-Lam-Ra is a non-identical isolated-letter opening.	focus_19_1_cutoff_100.tsv	104	6b4c99a4efc5d5acf16687bbb41f4fc320b0bbe302990a0182223bcef499e369
reciprocal_counterevidence	12:1	19:10		no value	19:10	12:1	12:1	cross_surah	label_target_note	ranked_review	The book's signs are unrelated to the focus.	focus_19_10_cutoff_100.tsv	87	c110571ff78af77c6ccbedd231b8617d16cb42a43f368eab78c0f206ac95c065
reciprocal_nomination	12:1	20:1		strong	20:1	12:1	12:1	cross_surah	label_target_note	missing_ayah_suggestion	A surah-initial disjoint-letter opening, directly parallel in form and function.	focus_20_1_cutoff_100.tsv	103	c2cd567c95240b6cb1852ccbe0d43abb8cbe38a6b3a54660d3bb38fb41b088ec
reciprocal_nomination	12:1	20:2		medium	20:2	12:1	12:1	cross_surah	label_target_note	missing_ayah_suggestion	The clear Book's verses introduce the surah's account of the Qur'an revealed for understanding.	focus_20_2_cutoff_100.tsv	116	fcc0d29a2a7afcb779bcedced8a582a4e1511eb3bf9d20d2de5cc91f9c0469ee
reciprocal_counterevidence	12:1	20:20		no value	20:20	12:1	12:1	cross_surah	label_target_note	ranked_review	The clear Book opening does not clarify the staff sign.	focus_20_20_cutoff_100.tsv	96	7cd5684272e7df75a65117db47d55d10f9042addc3ab8ab1d5467c9cceb27808
reciprocal_nomination	12:1	20:23		weak	20:23	12:1	12:1	cross_surah	label_target_note	ranked_review	The clear Book's signs add only another generic textual-sign category.	focus_20_23_cutoff_100.tsv	76	735f893258f0b05a8a8f6217eafa72158d9943f63817ef0d4d2d4fa7a8a8a1d3
reciprocal_nomination	12:1	20:72		medium	20:72	12:1	12:1	cross_surah	label_target_note	ranked_review	The description of a clear Book supports the category of manifest signs, though it adds no Pharaoh-specific response.	focus_20_72_cutoff_100.tsv	6	6b2752e7babba50544a6db85239dc45ab2a16e516fcedfea69c92fa336eeeb02
reciprocal_nomination	12:1	20:113		weak	20:113	12:1	12:1	cross_surah	label_target_note	ranked_review	The clear Book label offers a distant textual frame without the focus ayah's warning or response.	focus_20_113_cutoff_100.tsv	29	38884bf3433008c067937b28bc6e5ea8b112fed0c5732e1292f5cfcf1b013a05
reciprocal_counterevidence	12:1	20:122		no value	20:122	12:1	12:1	cross_surah	label_target_note	ranked_review	The opening designation of the clear Book has no focused connection.	focus_20_122_cutoff_100.tsv	70	51794e71bc0aea015178e14524f592c673cc6ac085680e23b0b2faa097e8cce7
reciprocal_nomination	12:1	20:133		medium	20:133	12:1	12:1	cross_surah	label_target_note	ranked_review	The clear Book supplies a concise parallel for disclosed scriptural evidence, though it lacks the rejected-demand frame.	focus_20_133_cutoff_100.tsv	6	fe048109d69f95b76c50f07cac9aa70ecd76709d1e8f4602dac0e3563a4cd455
reciprocal_nomination	12:1	21:5		weak	21:5	12:1	12:1	cross_surah	label_target_note	ranked_review	The clear Book formula is generic and already represented by 28:2.	focus_21_5_cutoff_100.tsv	78	3ae201d2bb51b60ec2e39a4c8ecc9b811b0dff8b55767a81e68ab3908949389d
reciprocal_counterevidence	12:1	21:15		no value	21:15	12:1	12:1	cross_surah	label_target_note	ranked_review	The book's opening designation does not clarify the focus ayah.	focus_21_15_cutoff_100.tsv	90	b1a8daa327fd45c34535ef3b314edede1e7738b2520c16c80cefea7f052edeb6
reciprocal_nomination	12:1	22:16		medium	22:16	12:1	12:1	cross_surah	label_target_note	ranked_review	It identifies the verses as those of a manifest Book, a concise textual counterpart to manifest signs.	focus_22_16_cutoff_100.tsv	27	2f7fd83d7c9681bd7eaf6c1ed86800f375c8cdf56a48d4abfb14620ba2665df2
reciprocal_nomination	12:1	22:49		medium	22:49	12:1	12:1	cross_surah	label_target_note	ranked_review	The clear Book supports the clarity of the message but not the warning role itself.	focus_22_49_cutoff_100.tsv	10	4bf552652434d9a585176d093165d5aeffbc854b1852bb81b7530bbeae2fb7cf
reciprocal_nomination	12:1	23:30		weak	23:30	12:1	12:1	cross_surah	label_target_note	ranked_review	Calls the Quran clear verses, a general textual-sign connection only.	focus_23_30_cutoff_100.tsv	33	799e30ae45cc584291300cf3d19effba336f8a81e59c9524c7cfe1a902ad8fcd
reciprocal_nomination	12:1	23:66		weak	23:66	12:1	12:1	cross_surah	label_target_note	ranked_review	The clear Book's signs provide only a general textual designation.	focus_23_66_cutoff_100.tsv	54	d5986e63a392a20d1530f387b1ec5ea447c31195abf5a420bda070da153f8348
reciprocal_nomination	12:1	24:1		strong	24:1	12:1	12:1	cross_surah	label_target_note	ranked_review	Names the signs of a manifest book, closely matching the focus's manifest signs.	focus_24_1_cutoff_100.tsv	71	e73a16d2198ac3e0edba421567a11ddad02452c110a04c3606b46ca0da068fa2
reciprocal_nomination	12:1	24:12		weak	24:12	12:1	12:1	cross_surah	label_target_note	ranked_review	Shares the term for clarity, but the clear Book does not specifically address testing a harmful report.	focus_24_12_cutoff_100.tsv	9	4deb40adb0353409c937d7f15171d56f7a37db558187a2adad9f36e220acd763
reciprocal_nomination	12:1	24:18		weak	24:18	12:1	12:1	cross_surah	label_target_note	ranked_review	The clear Book theme is already supplied by nearer and fuller parallels.	focus_24_18_cutoff_100.tsv	90	ece54aadf23e180ab2f203b088292f757196eb818c968e72dc78e36e9a061457
reciprocal_nomination	12:1	24:25		medium	24:25	12:1	12:1	cross_surah	label_target_note	ranked_review	The manifest Book parallels the focus ayah's description of God as manifest truth.	focus_24_25_cutoff_100.tsv	27	4b4be835a9d3266efdc68554ae12d9c8a538c91442d68c58758fb00a2b741506
reciprocal_nomination	12:1	24:34		strong	24:34	12:1	12:1	cross_surah	label_target_note	ranked_review	It defines the book's verses as manifest, directly supporting the focus's clear-verses clause.	focus_24_34_cutoff_100.tsv	72	2058cc41948beb05aaaf67f2e6182a860cf184a6791add1b710e46e4c1e8a3ee
reciprocal_nomination	12:1	24:46		medium	24:46	12:1	12:1	cross_surah	label_target_note	ranked_review	Names the book's verses as clear, supporting the focus's characterization of revealed signs.	focus_24_46_cutoff_100.tsv	12	834d49351e0dd90eedd9123a6902ae2841476999af8ce8d0cae16ea6adf6f01e
reciprocal_nomination	12:1	26:1		medium	26:1	12:1	12:1	cross_surah	label_target_note	missing_ayah_suggestion	Another surah-opening letter formula with a distinct sequence.	focus_26_1_cutoff_100.tsv	113	d5bc065d9d46e45d19f5e46b0ada9c5f966d6470da457e68a64f2b560aefca02
reciprocal_nomination	12:1	26:2		strong	26:2	12:1	12:1	cross_surah	label_target_note	ranked_review	An exact repetition independently reinforces the focus's linked signs, Book, and clarity.	focus_26_2_cutoff_100.tsv	4	1bb8a11c28be52420024d0bde3e7d110d4550f408bbeaf7d73086d41c910b89e
reciprocal_nomination	12:1	26:30		medium	26:30	12:1	12:1	cross_surah	label_target_note	ranked_review	The clear Book provides a general frame for intelligible, manifest communication.	focus_26_30_cutoff_100.tsv	9	e0ff95089f60fd9956d31e0abec315e55ce1becddbd4e62bcb5a92eefaad1eac
reciprocal_counterevidence	12:1	26:32		no value	26:32	12:1	12:1	cross_surah	label_target_note	ranked_review	The description of a clear Book does not clarify the staff transformation.	focus_26_32_cutoff_100.tsv	6	17ea921ca33ad29f85b3540a48d3858c2a2995507735e05155c0e73d6139a561
reciprocal_counterevidence	12:1	26:97		no value	26:97	12:1	12:1	cross_surah	label_target_note	ranked_review	The manifest character of the Book does not clarify the speakers' manifest misguidance.	focus_26_97_cutoff_100.tsv	21	8e66aa860e675bdad91368df6b01124ffe1af6b4d6c6274715c8f612cc3ecb3a
reciprocal_nomination	12:1	26:103		medium	26:103	12:1	12:1	cross_surah	label_target_note	ranked_review	The manifest Book's signs offer a secondary frame for the focus's declared sign.	focus_26_103_cutoff_100.tsv	27	13006c4345c0fdb6bf504b5fbf616f411e1094e7b92e9eca4f111182039e1c4b
reciprocal_nomination	12:1	26:121		medium	26:121	12:1	12:1	cross_surah	label_target_note	ranked_review	The clear Book's signs reinforce that signs can be a coherent communicated record, not merely events.	focus_26_121_cutoff_100.tsv	72	166f0d0e242dedaf1ff885ee59374c28563902e629cfad85bb5b612d63895ba0
reciprocal_nomination	12:1	26:128		medium	26:128	12:1	12:1	cross_surah	label_target_note	ranked_review	Açıklayıcı kitabın ayetleri, 26:128'deki boş anıt yerine anlam taşıyan işaretin karşıt örneğini verir.	focus_26_128_cutoff_100.tsv	57	f972044d3976e9fac1fc08f5f632e793bad96fdbbf5d2c74937ee83a23df2fe8
reciprocal_nomination	12:1	26:154		weak	26:154	12:1	12:1	cross_surah	label_target_note	ranked_review	The clear Book's signs supply a general revelation-and-evidence frame.	focus_26_154_cutoff_100.tsv	84	4bf958454effe2382d2976f27a7e3f2b50b28a3fa46c154a5d34a9d7df3be802
reciprocal_nomination	12:1	26:174		medium	26:174	12:1	12:1	cross_surah	label_target_note	ranked_review	The manifest Book's signs offer a secondary frame for the focus's declared sign.	focus_26_174_cutoff_100.tsv	69	13006c4345c0fdb6bf504b5fbf616f411e1094e7b92e9eca4f111182039e1c4b
reciprocal_nomination	12:1	26:190		weak	26:190	12:1	12:1	cross_surah	label_target_note	ranked_review	The clear book's signs are too general to clarify the narrative conclusion.	focus_26_190_cutoff_100.tsv	69	f81b6fe93168303289084cfc05f342171c89799523f8d86d34c33d2d1b41bd59
reciprocal_nomination	12:1	26:195		medium	26:195	12:1	12:1	cross_surah	label_target_note	ranked_review	The clear Book formula provides a related characterization of revealed scripture.	focus_26_195_cutoff_100.tsv	44	160dfcddc5969f89ed8226e14ebf759d4d0d7d6418a0137ff75c416377f0b1c6
reciprocal_nomination	12:1	27:1		strong	27:1	12:1	12:1	cross_surah	label_target_note	ranked_review	It closely repeats the designation of signs belonging to the clear Book.	focus_27_1_cutoff_100.tsv	3	107a5dad41aab5b63418b24af7f9a30dd1fc3bbf3efeced3f9da81ef70c3f94e
reciprocal_nomination	12:1	27:52		weak	27:52	12:1	12:1	cross_surah	label_target_note	ranked_review	Positive V12 treats signs as readable text, but the connection is generic.	focus_27_52_cutoff_100.tsv	62	26fd337002ae717960b4ba047e8d805ea231c46ce124f472a7ffd7d6ebf44259
reciprocal_nomination	12:1	27:75		medium	27:75	12:1	12:1	cross_surah	label_target_note	ranked_review	The clear Book formulation supports clarity but lacks the focus's comprehensive unseen scope.	focus_27_75_cutoff_100.tsv	21	b9e152240867cce2508974655b9c3ead77478eb749a1b430e8b3fa3d3db398de
reciprocal_nomination	12:1	27:93		medium	27:93	12:1	12:1	cross_surah	label_target_note	ranked_review	The clear Book's verses provide a textual form of the divine signs promised in the focus.	focus_27_93_cutoff_100.tsv	88	fc59dcdc496c68cd8828cfcbd4a9aa7bc728cda60c1c7d97f0e20b8f35fb87f3
reciprocal_nomination	12:1	28:1		medium	28:1	12:1	12:1	cross_surah	label_target_note	missing_ayah_suggestion	Another surah-opening letter formula with a distinct sequence.	focus_28_1_cutoff_100.tsv	106	d5bc065d9d46e45d19f5e46b0ada9c5f966d6470da457e68a64f2b560aefca02
reciprocal_nomination	12:1	28:2		strong	28:2	12:1	12:1	cross_surah	label_target_note	ranked_review	It repeats the focus wording exactly and likewise presents signs as the clear Book's ordered disclosure.	focus_28_2_cutoff_100.tsv	4	6141282a03e74c0fcb8816b5ceb7c244e9b64985506b82f0f56ba949fbe944a8
reciprocal_nomination	12:1	28:15		weak	28:15	12:1	12:1	cross_surah	label_target_note	ranked_review	Açık kitap niteliği, 28:15'teki apaçık saptırıcı düşman ifadesini doğrudan işlemez.	focus_28_15_cutoff_100.tsv	45	7eaf00dda13c709c8891a92a2f3e061b6b73344f23b83e4f84cac62cfae119d0
reciprocal_nomination	12:1	28:87		weak	28:87	12:1	12:1	cross_surah	label_target_note	ranked_review	The clear Book label gives only a generic parallel to the focus's revealed signs.	focus_28_87_cutoff_100.tsv	80	95112e5f45096160f04e151a70a5f7565af1d0c84c067d09612952c7fd9fcbe5
reciprocal_nomination	12:1	29:1		weak	29:1	12:1	12:1	cross_surah	label_target_note	missing_ayah_suggestion	A related alif-lam-ra opening is redundant with earlier forms.	focus_29_1_cutoff_100.tsv	104	3c00d36e8e02ff27d0fd8beb14b5474f047da6bbe7908b74df3171dadda9cee0
reciprocal_nomination	12:1	29:35		medium	29:35	12:1	12:1	cross_surah	label_target_note	ranked_review	Pairs signs with manifest clarity, but applies clarity to the revealed book.	focus_29_35_cutoff_100.tsv	15	afdc512e2c11753b7de097f658ac0a26485bbaa2ae724fc1402dcd2dec44800c
reciprocal_nomination	12:1	29:38		weak	29:38	12:1	12:1	cross_surah	label_target_note	ranked_review	Acik Kitabin ayetleri, kanitin okunabilirligiyle genel bir bag kurar fakat tarihsel mesken isaretini acmaz.	focus_29_38_cutoff_100.tsv	51	31dc809d0af3aa63a38de7f48501d3d2e8a477ef88c189e0fa78870dc0ea64fc
reciprocal_nomination	12:1	29:49		strong	29:49	12:1	12:1	cross_surah	label_target_note	ranked_review	It explicitly calls the verses signs of the clear Book, closely paralleling the focus's clear signs.	focus_29_49_cutoff_100.tsv	57	75b287437ee5c8a173c026e4e316035dd3e512a23085476f8c86e10fc842ed75
reciprocal_nomination	12:1	30:1		weak	30:1	12:1	12:1	cross_surah	label_target_note	missing_ayah_suggestion	A related alif-lam-ra opening is redundant with earlier forms.	focus_30_1_cutoff_100.tsv	103	3c00d36e8e02ff27d0fd8beb14b5474f047da6bbe7908b74df3171dadda9cee0
reciprocal_nomination	12:1	31:1		weak	31:1	12:1	12:1	cross_surah	label_target_note	missing_ayah_suggestion	A related alif-lam-ra opening is redundant with earlier forms.	focus_31_1_cutoff_100.tsv	103	3c00d36e8e02ff27d0fd8beb14b5474f047da6bbe7908b74df3171dadda9cee0
reciprocal_nomination	12:1	31:2		weak	31:2	12:1	12:1	cross_surah	label_target_note	ranked_review	Its clear-Book formula is a redundant parallel after several closer formulations.	focus_31_2_cutoff_100.tsv	10	069187502518a27990b9bbd19b8fa0696fb8f0f861e1f90d36174398f6098635
reciprocal_nomination	12:1	32:1		weak	32:1	12:1	12:1	cross_surah	label_target_note	missing_ayah_suggestion	Its different disjoint-letter opening shares only the initial alif-lam pattern.	focus_32_1_cutoff_100.tsv	103	d948b965860e8bcdd6e0cf6c9a2c6ded8ee02395e77d42a5a2d1df92a1839adc
reciprocal_nomination	12:1	34:14		weak	34:14	12:1	12:1	cross_surah	label_target_note	ranked_review	The manifest Book broadly supports revelation making hidden matters intelligible, but adds no specific scene element.	focus_34_14_cutoff_100.tsv	12	3a6ef54c524e80a05aa4e7dc85f4838e7ed1ad281d286e0414ea5969913731ba
reciprocal_nomination	12:1	34:24		weak	34:24	12:1	12:1	cross_surah	label_target_note	ranked_review	The clear Book is a general lexical parallel only.	focus_34_24_cutoff_100.tsv	83	c5cae09688f2bc6b3afd73b0c1378a89baf162612442e1f1024a6f0d90f3f500
reciprocal_nomination	12:1	35:40		weak	35:40	12:1	12:1	cross_surah	label_target_note	ranked_review	The clear Book is a limited contrast to the absent warrant demanded in the focus.	focus_35_40_cutoff_100.tsv	48	e1c8f32c2cb6843ccfa9e22004ab6e55adde91227cc108aad07355682b1cc031
reciprocal_nomination	12:1	36:1		weak	36:1	12:1	12:1	cross_surah	label_target_note	missing_ayah_suggestion	Repeats Alif Lam Ra and adds little beyond the prior occurrence.	focus_36_1_cutoff_100.tsv	106	843658db26d8da8586d55871ef319650b61b869739f54a187937f67d9f898b00
reciprocal_nomination	12:1	36:12		medium	36:12	12:1	12:1	cross_surah	label_target_note	ranked_review	The manifest Book supports the focus's image of a clear authoritative record.	focus_36_12_cutoff_100.tsv	15	a4cbeaca870bc248f748ae548dfd968c07a17414dc4e97a78b3207a942ed68b6
reciprocal_nomination	12:1	36:24		weak	36:24	12:1	12:1	cross_surah	label_target_note	ranked_review	The clear Book theme supports intelligible guidance generally, but adds no specific account of the focus's error.	focus_36_24_cutoff_100.tsv	27	a4b8c1d5ce2f0261c335e8ef1afa251a952a4a50d826ad7687366dc8e02feb5a
reciprocal_nomination	12:1	36:77		weak	36:77	12:1	12:1	cross_surah	label_target_note	ranked_review	The clear Book is a different use of mubin and does not develop this argument.	focus_36_77_cutoff_100.tsv	72	00205130da3fb4f3dfe6e9839f595c5f3a790c946ac9376b7bfaad3a24becd2b
reciprocal_nomination	12:1	37:15		medium	37:15	12:1	12:1	cross_surah	label_target_note	ranked_review	The clear Book names the positive source-character of the message that hostile speech recasts as magic.	focus_37_15_cutoff_100.tsv	34	e477faaa9ca9bd5782653daebd26e24b36c0e8fcc40b5b087ac52a280c4a7ba2
reciprocal_counterevidence	12:1	37:106		no value	37:106	12:1	12:1	cross_surah	label_target_note	ranked_review	The clarity of the book is not a link to the sacrifice narrative.	focus_37_106_cutoff_100.tsv	18	472ae91c49a8938fd2fc6b634687b1d3d81c9c20ecb4a6f5e22d1cacb80af0ad
reciprocal_nomination	12:1	37:117		strong	37:117	12:1	12:1	cross_surah	label_target_note	ranked_review	It calls its verses those of the clear Book, a direct wording parallel.	focus_37_117_cutoff_100.tsv	31	11fd0175f4fd9aff452b4c913ccb37d74a2aef5d7f7b46fdf4f0a3f2d8275875
reciprocal_nomination	12:1	37:156		medium	37:156	12:1	12:1	cross_surah	label_target_note	ranked_review	The clear Book supplies a textual source of disclosed guidance, a general counterpart to an asserted clear authority.	focus_37_156_cutoff_100.tsv	27	4ad337677641c115b5001a71251ac056fd234a7ff8e164d2441ee61c43d44e2b
reciprocal_nomination	12:1	38:29		medium	38:29	12:1	12:1	cross_surah	label_target_note	missing_ayah_suggestion	The clear Book introduces the Quranic discourse as legible revelation.	focus_38_29_cutoff_100.tsv	115	daec19d40ace98200c4d94a3891a49b4b044f5e1ba85ae52e4b2475775df160a
reciprocal_counterevidence	12:1	39:15		no value	39:15	12:1	12:1	cross_surah	label_target_note	ranked_review	The description of the Book as clear does not focus the loss statement.	focus_39_15_cutoff_100.tsv	12	023bdd5c4b7bc776c230230c41e9f221c2a8d0d8ee383ef90cbdafddce22c582
reciprocal_counterevidence	12:1	39:44		no value	39:44	12:1	12:1	cross_surah	label_target_note	ranked_review	The reference to the clear Book does not clarify the focus's themes.	focus_39_44_cutoff_100.tsv	56	177d6bd80efa5405ebf989f28c3fb4d6fead5bb3bf003fb69ea8f2cd2f658a51
reciprocal_nomination	12:1	40:1		weak	40:1	12:1	12:1	cross_surah	label_target_note	missing_ayah_suggestion	It provides another Alif-Lam-Ra instance with little marginal value after the earlier one.	focus_40_1_cutoff_100.tsv	104	98b0895ca7c8b28055716e6d34257bd6f77d048f43678b6db8b878dc787ed567
reciprocal_nomination	12:1	40:63		weak	40:63	12:1	12:1	cross_surah	label_target_note	ranked_review	The clear Book's signs establish evidence, but add no response pattern.	focus_40_63_cutoff_100.tsv	83	7f710bf5618a09da3beb3968515e99b5fc7513e7a49f546521717982c4c2354b
reciprocal_counterevidence	12:1	40:81		no value	40:81	12:1	12:1	cross_surah	label_target_note	ranked_review	The clear Book-sign formula has no added value after its earlier repetitions.	focus_40_81_cutoff_100.tsv	90	733e5b4ce164507fa65b93d5001d20bea354f4f497f62128f33718ab5f329320
reciprocal_nomination	12:1	41:1		weak	41:1	12:1	12:1	cross_surah	label_target_note	missing_ayah_suggestion	A different disjoint-letter opening provides only a broad formal parallel.	focus_41_1_cutoff_100.tsv	103	053d322fee07df9a651d9dacdbad4b824568bec3c6ddd80dcec838f73cc16981
reciprocal_nomination	12:1	41:3		strong	41:3	12:1	12:1	cross_surah	label_target_note	ranked_review	Clear Book and ch010/ch003 resonance; f01 route v12:tr:f-12_1-001.	focus_41_3_cutoff_100.tsv	17	df365b4222b72f3ef18f6888e59a59f03031f6a4627c59ac27e6c166a1478d6c
reciprocal_nomination	12:1	41:41		medium	41:41	12:1	12:1	cross_surah	label_target_note	missing_ayah_suggestion	The clear Book's verses support the textual side of 41:41.	focus_41_41_cutoff_100.tsv	120	a6070909d59e80906496eb031f9f29ceadfbeeb102c61b42b1e82240d9b905ea
reciprocal_nomination	12:1	41:42		medium	41:42	12:1	12:1	cross_surah	label_target_note	missing_ayah_suggestion	It identifies these as the verses of the clear Book.	focus_41_42_cutoff_100.tsv	118	c374785b7445e780fe354254f8e019dcb02dbaa9cdab64f8b4794451a8d5c06e
reciprocal_nomination	12:1	41:44		strong	41:44	12:1	12:1	cross_surah	label_target_note	ranked_review	The verses of the clear Book closely support the focus's concern with intelligible, articulated revelation.	focus_41_44_cutoff_100.tsv	65	dc55984338387cb48809c932af682067e1671f409fa75b7e5bfaf8d7a705b9d6
reciprocal_nomination	12:1	41:53		weak	41:53	12:1	12:1	cross_surah	label_target_note	ranked_review	The clear Book is already represented by 15:1 and adds little further.	focus_41_53_cutoff_100.tsv	21	1ec9692df90975b099baf84ed5b966eacfd64c0aefe070260a37329648120244
reciprocal_nomination	12:1	42:1		weak	42:1	12:1	12:1	cross_surah	label_target_note	missing_ayah_suggestion	Its different disjoint-letter opening shares only the initial alif-lam pattern.	focus_42_1_cutoff_100.tsv	103	d948b965860e8bcdd6e0cf6c9a2c6ded8ee02395e77d42a5a2d1df92a1839adc
reciprocal_nomination	12:1	42:2		weak	42:2	12:1	12:1	cross_surah	label_target_note	missing_ayah_suggestion	A different disjoint-letter opening provides a broad formal parallel.	focus_42_2_cutoff_100.tsv	103	e57a46d2c9327758ba2bf1f4633c16f2519a48c9ac4fa3739a648af841b83e41
reciprocal_counterevidence	12:1	42:32		no value	42:32	12:1	12:1	cross_surah	label_target_note	ranked_review	The book's signs do not clarify the maritime scene.	focus_42_32_cutoff_100.tsv	77	f064b4fb65d3fa6f042027fc85328aff60ad781f5c21481d56d987f0526c26ab
reciprocal_nomination	12:1	42:35		weak	42:35	12:1	12:1	cross_surah	label_target_note	ranked_review	It only identifies the text as clear signs.	focus_42_35_cutoff_100.tsv	48	8eff3c3e2d8904bfccda5453fcc57f5afa78283e0727503318a5ea09e7ee7be6
reciprocal_nomination	12:1	43:1		weak	43:1	12:1	12:1	cross_surah	label_target_note	missing_ayah_suggestion	A repeated Alif Lam Ra opening adds little beyond 10:1.	focus_43_1_cutoff_100.tsv	110	99af2f60c2af906cbf7fe5d6de7c0182f843254d75fbe2b4473092b3e4b9ae71
reciprocal_nomination	12:1	43:2		strong	43:2	12:1	12:1	cross_surah	label_target_note	ranked_review	Exact parallel: these are the verses of the clear Book.	focus_43_2_cutoff_100.tsv	10	f737b7010284e86b976332efebd5a838c2f911ca0f6be45c97c04bbee3a2e713
reciprocal_nomination	12:1	43:3		medium	43:3	12:1	12:1	cross_surah	label_target_note	ranked_review	The clear Book immediately introduces the exact Arabic-Quran formulation in the next ayah.	focus_43_3_cutoff_100.tsv	44	9c1e1e54921a47abfbed25a4f2633118b8bb45d6e14bf6a6a76efca7d61acf51
reciprocal_nomination	12:1	43:4		strong	43:4	12:1	12:1	cross_surah	label_target_note	ranked_review	The clear Book closely parallels the immediately adjacent Book description.	focus_43_4_cutoff_100.tsv	41	dc1b1f562fdc3afa2212e9e35045504f1251f2723b737b0aba7f41331f5d4a34
reciprocal_nomination	12:1	43:29		weak	43:29	12:1	12:1	cross_surah	label_target_note	ranked_review	It identifies a clear book but does not address its reception or a period of respite.	focus_43_29_cutoff_100.tsv	33	e337fa9ce4bec02880f1f4f003216e2f30c0d084e25755613ae4dc98bb91aa5e
reciprocal_nomination	12:1	43:46		medium	43:46	12:1	12:1	cross_surah	label_target_note	ranked_review	The clear book's signs provide the revealed textual framework for prophetic narratives such as Musa's.	focus_43_46_cutoff_100.tsv	90	4607d681b67dcc9b71c34ee8f26973ca8787ebe357cd2bfc88fb62a79348bfd2
reciprocal_nomination	12:1	43:47		medium	43:47	12:1	12:1	cross_surah	label_target_note	ranked_review	Links signs and clarity, but not their rejection or ridicule.	focus_43_47_cutoff_100.tsv	33	ae06c24916c67ce784482cec14aedb6c175aacb6defd6f40b07dc3efd62b14a0
reciprocal_nomination	12:1	44:1		weak	44:1	12:1	12:1	cross_surah	label_target_note	missing_ayah_suggestion	A repeated Alif Lam Ra opening adds little beyond 10:1.	focus_44_1_cutoff_100.tsv	103	99af2f60c2af906cbf7fe5d6de7c0182f843254d75fbe2b4473092b3e4b9ae71
reciprocal_nomination	12:1	44:2		strong	44:2	12:1	12:1	cross_surah	label_target_note	ranked_review	It exactly names the verses of the clear Book and explains clarity through ordered, connected signs.	focus_44_2_cutoff_100.tsv	10	b2d56a67d0390189487370dd9a56dd6479561f8060bc6288fcc531818a956b0b
reciprocal_nomination	12:1	44:10		weak	44:10	12:1	12:1	cross_surah	label_target_note	ranked_review	The clear Book theme weakly supports the focus's manifestness motif.	focus_44_10_cutoff_100.tsv	33	5c5e0d65c763c15f394b665d3445b65b79267043b90ab83de1c425af515cf9c6
reciprocal_nomination	12:1	44:13		weak	44:13	12:1	12:1	cross_surah	label_target_note	ranked_review	The clear Book is only a broad parallel to intelligible revelation.	focus_44_13_cutoff_100.tsv	42	9c0464ae6360f7232504fc8998fba8452fb435a975d0edcb528d14be817b576e
reciprocal_nomination	12:1	44:19		weak	44:19	12:1	12:1	cross_surah	label_target_note	ranked_review	The clear book is a broad disclosure parallel but does not bear on authority or arrogance.	focus_44_19_cutoff_100.tsv	60	de40aa9cccd37841cdc2c7a57be7055bd2e4cce02a419245dfa76497a74ebbb4
reciprocal_nomination	12:1	44:32		weak	44:32	12:1	12:1	cross_surah	label_target_note	ranked_review	The clear-book marker is a remote instance of legible signs.	focus_44_32_cutoff_100.tsv	35	034f1b9e5a53df4b57760064517118104c2c8201aef6823ce94a8970a2b5e23c
reciprocal_nomination	12:1	44:33		weak	44:33	12:1	12:1	cross_surah	label_target_note	ranked_review	The clear book labels signs as legible but adds no trial or recipient-response dimension.	focus_44_33_cutoff_100.tsv	15	2acb573dc255e9d15b1d769e3787438da87fc1b9733607e5a5568911335c2630
reciprocal_nomination	12:1	45:1		weak	45:1	12:1	12:1	cross_surah	label_target_note	missing_ayah_suggestion	فاتحة حروف مغايرة؛ تكمل شواهد جنس الفواتح لا «حم».	focus_45_1_cutoff_100.tsv	103	583e776f08670ccdd99fe5a0c35e547b67d1d71fc1147333e3fe6274c5a323bb
reciprocal_counterevidence	12:1	45:6		no value	45:6	12:1	12:1	cross_surah	label_target_note	ranked_review	Duplicates earlier clear Book-and-ayat cards.	focus_45_6_cutoff_100.tsv	82	0d39c1168293ec5e14ae80d3437611e1a215840392a3c174ab05933e3b532fc6
reciprocal_nomination	12:1	45:16		weak	45:16	12:1	12:1	cross_surah	label_target_note	ranked_review	The clear Book gives only a minimal parallel to 45:16's Book.	focus_45_16_cutoff_100.tsv	97	66b43517dd2a5c9bb8b67ac94f7c8a2829493a28acfe2fc616e0da9d4839aafc
reciprocal_nomination	12:1	45:17		medium	45:17	12:1	12:1	cross_surah	label_target_note	ranked_review	وصف الكتاب بالمبين يدعم معنى البينات من غير ذكر التفرق.	focus_45_17_cutoff_100.tsv	90	271f8b3b0a972bd44f01bd14f5e5028f5f8ac03d64a18cb9e7b90912044410df
reciprocal_nomination	12:1	45:30		weak	45:30	12:1	12:1	cross_surah	label_target_note	ranked_review	Its clear-book formula only secondarily bears on the focus's manifest characterization of success.	focus_45_30_cutoff_100.tsv	21	7c2deafe48d5e001eca442b502e86383638f5cb05db9f61cb7fc708f1c99718f
reciprocal_nomination	12:1	46:1		medium	46:1	12:1	12:1	cross_surah	label_target_note	missing_ayah_suggestion	Another isolated-letter opening; a missing formal parallel with a distinct sequence.	focus_46_1_cutoff_100.tsv	103	4a6207515d3caffc11067c916bc1fc37614baec24a1fad94599038fc4baceaa4
reciprocal_nomination	12:1	46:2		medium	46:2	12:1	12:1	cross_surah	label_target_note	ranked_review	Tail-audit opening of the clear كتاب gives a positive f01 joined-text parallel.	focus_46_2_cutoff_100.tsv	98	751b3a93bb7cadbc29530bbcb3e9dc02ee31cb16cb269e56d0f02ca2ce50d4f9
reciprocal_nomination	12:1	46:7		medium	46:7	12:1	12:1	cross_surah	label_target_note	ranked_review	Illuminates the claim of clarity through the Book's ordered signs.	focus_46_7_cutoff_100.tsv	12	0311c5098f5bc4efa114d1c31c760fa8eaa37690134c8e68eddbce42c9227288
reciprocal_nomination	12:1	46:8		weak	46:8	12:1	12:1	cross_surah	label_target_note	ranked_review	Book clarity is a general articulation parallel only.	focus_46_8_cutoff_100.tsv	38	6f199e32804219c64eb84570174337ddaaa059871272a39d205b316fb6102c03
reciprocal_nomination	12:1	46:10		weak	46:10	12:1	12:1	cross_surah	label_target_note	ranked_review	Provides only the clear-Book motif.	focus_46_10_cutoff_100.tsv	47	6552ea016ce4b584605a9565fcfcf0d032c52716a89a9af054a6646f94fe465a
reciprocal_nomination	12:1	46:12		medium	46:12	12:1	12:1	cross_surah	label_target_note	ranked_review	The clear kitab supports legibility, though it does not specify Arabic here.	focus_46_12_cutoff_100.tsv	35	b4e801ed86bc3dff03c90876b33026d31ba8cdb90303cf5960aacff839137b14
reciprocal_nomination	12:1	46:32		weak	46:32	12:1	12:1	cross_surah	label_target_note	ranked_review	Kitabın mübîn oluşu, apaçık sapma ifadesine ancak genel bir açıklık paraleli taşır.	focus_46_32_cutoff_100.tsv	45	61cddb6cf23e0ba27156a169e26144f426b0e8a437292fe6e91dd0635370058e
reciprocal_nomination	12:1	47:14		weak	47:14	12:1	12:1	cross_surah	label_target_note	ranked_review	Mubīn is too general here to materially specify the focus's bayyina.	focus_47_14_cutoff_100.tsv	48	357d9ea7a1e07f3f3302ac7767bb2b4d06a8c78e58a1968abb1b241fbf2d9cf5
reciprocal_nomination	12:1	47:25		weak	47:25	12:1	12:1	cross_surah	label_target_note	ranked_review	The clear-book formula is redundant and does not specify response to guidance.	focus_47_25_cutoff_100.tsv	63	d774298e8a077d199b430fc1b21b14a4f39fe8ce24ec62dc9694b63d45a8c516
reciprocal_nomination	12:1	47:32		weak	47:32	12:1	12:1	cross_surah	label_target_note	ranked_review	The clear-book motif only broadly supports the focal clarity condition.	focus_47_32_cutoff_100.tsv	36	a856859ef7d8f7c3bb2c78b4b61aa3d9049fdbe7a380cd7130b748914bcc1a00
reciprocal_nomination	12:1	48:1		weak	48:1	12:1	12:1	cross_surah	label_target_note	ranked_review	Adds a secondary clarity lens of ordered relations becoming readable.	focus_48_1_cutoff_100.tsv	42	24d54a7bb4c52266494a9752fdd4c754890085dbf4e1fee9af48eff1d30753e9
reciprocal_nomination	12:1	49:6		weak	49:6	12:1	12:1	cross_surah	label_target_note	ranked_review	The مبين route supports clarity only at a broad, already-covered level.	focus_49_6_cutoff_100.tsv	15	a5b5b46e719e8699d19e7da81b20fcec16b0e07a60af4b22623c664a4e34b3ee
reciprocal_counterevidence	12:1	49:14		no value	49:14	12:1	12:1	cross_surah	label_target_note	ranked_review	Does not clarify 49:14.	focus_49_14_cutoff_100.tsv	59	86f4b36d742d17f636cc5966ec274a87fb402a0fc4d72dce891028240885a75b
reciprocal_nomination	12:1	51:20		weak	51:20	12:1	12:1	cross_surah	label_target_note	ranked_review	Restates clear book-signs without adding to earth-based evidence.	focus_51_20_cutoff_100.tsv	90	ac3ece9daabaf08887940749846f382217dc1f7e3483b001f43403bf8e3d0f47
reciprocal_nomination	12:1	52:38		medium	52:38	12:1	12:1	cross_surah	label_target_note	ranked_review	Offers a secondary model of disclosed clarity in a textual source.	focus_52_38_cutoff_100.tsv	30	561102bd01a00be6e6f24efe1dd915b1ab344357b0f9e97835120266c76f5af4
reciprocal_counterevidence	12:1	53:22		no value	53:22	12:1	12:1	cross_surah	label_target_note	ranked_review	Repeated demonstrative formula adds no allocation or claim evidence.	focus_53_22_cutoff_100.tsv	55	a8029ee32b1aa292ea01d6537b459ca1a97e084bdc1e64b14c0590a7eb9941d5
reciprocal_nomination	12:1	54:15		medium	54:15	12:1	12:1	cross_surah	label_target_note	ranked_review	The clear book offers a secondary model of signs becoming intelligible through ordered relations.	focus_54_15_cutoff_100.tsv	90	211dea486c1e99556a78441dc392a4de291e4821e1ab6826e3a580d6eb19d4d9
reciprocal_nomination	12:1	55:4		medium	55:4	12:1	12:1	cross_surah	label_target_note	missing_ayah_suggestion	Adds a book characterized by disclosure at the opening of a recitation-centered sequence.	focus_55_4_cutoff_100.tsv	138	df5a2a5294a54b4d4423aaf680dd0836141b6b5c53265eaeb0adcadf9929967b
reciprocal_nomination	12:1	57:9		medium	57:9	12:1	12:1	cross_surah	label_target_note	ranked_review	Reinforces the manifest-book aspect of the focus signs.	focus_57_9_cutoff_100.tsv	30	23007d039c5bf17b1a6840d925ce403ba179e4d7e6cc526021b090bfe6824410
reciprocal_nomination	12:1	57:17		medium	57:17	12:1	12:1	cross_surah	label_target_note	ranked_review	Repeated ءَايَٰتُ ٱلْكِتَٰبِ ٱلْمُبِينِ preserves a positive f02 parallel.	focus_57_17_cutoff_100.tsv	18	0d9c49844b44264cdace246733cf7ea5269308b1d127c7bf092b98f640787b24
reciprocal_nomination	12:1	57:25		medium	57:25	12:1	12:1	cross_surah	label_target_note	ranked_review	The manifest Book supports textual clarity, but is redundant and does not develop justice or force.	focus_57_25_cutoff_100.tsv	18	16999569f3d0fe61a435510c384d101e4a596b57edbb04fd917b3f630cd78d85
reciprocal_nomination	12:1	64:6		medium	64:6	12:1	12:1	cross_surah	label_target_note	ranked_review	Illuminates the function of manifest scripture as ordered clarity.	focus_64_6_cutoff_100.tsv	18	dba585c7216e6acc402d5b88d477fbe6347bea5547a3576a9f99c36ade1f87a0
reciprocal_nomination	12:1	67:29		weak	67:29	12:1	12:1	cross_surah	label_target_note	ranked_review	The clear Book supports clarity only indirectly and adds little here.	focus_67_29_cutoff_100.tsv	51	a96da1ed55569224d164779df3b87feda0faa31b5f0209fe4e86aa83d6fa78bf
reciprocal_nomination	12:1	68:37		weak	68:37	12:1	12:1	cross_surah	label_target_note	ranked_review	Clear-book formula is redundant within the accumulated evidence.	focus_68_37_cutoff_100.tsv	75	1834f12cd081aef33af34a6e9ed6bba45f761cec3e3ed3db4b2239ab2ff36edc
reciprocal_nomination	12:1	74:16		weak	74:16	12:1	12:1	cross_surah	label_target_note	ranked_review	Names the clear Book's ayat; lexical background only.	focus_74_16_cutoff_100.tsv	45	8bd54c81a299e61433f0540ea5c4d93c921281c57547784a1f3d2fdb45bc89de
reciprocal_nomination	12:1	75:19		strong	75:19	12:1	12:1	cross_surah	label_target_note	ranked_review	The manifest Book readings support ordered signs and gradual readability, both relevant to bayan after recitation.	focus_75_19_cutoff_100.tsv	36	4ec8c15fec672715dd493fbccbd664c0851665930150475ff46ff9d8216f352a
reciprocal_nomination	12:1	77:3		weak	77:3	12:1	12:1	cross_surah	label_target_note	ranked_review	The clear Book is an indirect disclosure parallel only.	focus_77_3_cutoff_100.tsv	64	18cc7d8d460bf4670656c8e9f3988ef7e910201578e222f3599f3189d1ad2db8
reciprocal_counterevidence	12:1	79:12		no value	79:12	12:1	12:1	cross_surah	label_target_note	ranked_review	The demonstrative reference to scripture does not clarify 79:12.	focus_79_12_cutoff_100.tsv	82	11c603de8573adcb5ae12507967610e76fa7fb08087ee9921527e937f3d0fcca
reciprocal_nomination	12:1	80:13		weak	80:13	12:1	12:1	cross_surah	label_target_note	ranked_review	Tail-audit item: explicit الكتاب gives a limited record parallel.	focus_80_13_cutoff_100.tsv	92	ccd8c02f08a092a62f2c3a95352c7c39b0923fd440657ef136555c6b27d68329
reciprocal_nomination	12:1	81:23		medium	81:23	12:1	12:1	cross_surah	label_target_note	ranked_review	Again treats a clear book as ordered, readable disclosure.	focus_81_23_cutoff_100.tsv	39	a77ba92665879b0fd6ad541b390f116c1ec424479ba6983dbe76494c8865f90c
reciprocal_nomination	12:1	82:11		weak	82:11	12:1	12:1	cross_surah	label_target_note	ranked_review	Generic clear-book parallel, already covered by earlier cards.	focus_82_11_cutoff_100.tsv	88	180b5e5e809d6152389858e3d1aef7ff2c69c93490a390be77d29f6c89547d7d
reciprocal_nomination	12:1	84:7		weak	84:7	12:1	12:1	cross_surah	label_target_note	ranked_review	Book clarity is a general textual property, redundant with earlier book-structure evidence.	focus_84_7_cutoff_100.tsv	80	c9a2cdc78c01ea26649bac5de04a9c1c4f054d13640f24b8b245cf8835adea51
reciprocal_nomination	12:1	86:7		weak	86:7	12:1	12:1	cross_surah	label_target_note	ranked_review	Disclosure reading is abstract and only secondarily echoes f02.	focus_86_7_cutoff_100.tsv	33	9b81b24b11ddfdf121971da5958aa8e29472c93741ebb7300c7dd162eb11c3dd
