record_type	focus_ref	target_ref	focus_direction_label	source_direction_label	source_focus_ref	source_target_ref	source_target_component_ref	relation_scope	source_column_order	source_row_role	source_note	source_file	source_line	source_row_sha256
directional_review	2:232	65:2	strong	strong	2:232	65:2	65:2	cross_surah	label_target_note	ranked_review	At the end of the term, retention or separation must be bi-l-ma'ruf, with testimony.	focus_2_232_cutoff_100.tsv	1	538203a7c02eac9edbe81fc3bd24f7709a5d0c66f25779cd63cbd556e89bd5a8
directional_review	2:232	2:221	medium	medium	2:232	2:221	2:221	same_surah	label_target_note	ranked_review	It supplies a marriage-boundary criterion but not the post-divorce non-obstruction rule.	focus_2_232_cutoff_100.tsv	2	4cd88d800b5b376a5147b254bc565f59daa915fdc8fa7785d16abefa5073c132
directional_review	2:232	9:103	weak	weak	2:232	9:103	9:103	cross_surah	label_target_note	ranked_review	Its purification language only faintly echoes the azka and athhar rationale.	focus_2_232_cutoff_100.tsv	3	5137436e35a1e4c7300f0eb30872e8e6e8b232aba039c01eb751c9dec705abc7
directional_review	2:232	2:231	strong	strong	2:232	2:231	2:231	same_surah	label_target_note	ranked_review	It directly forbids harmful retention after divorce, framing the adjacent ban on obstruction.	focus_2_232_cutoff_100.tsv	4	8b9cd52b4df9fd3f2efc363bb0a03d906b123ea62142fc1fdb9f3e4bf63fe9bc
directional_review	2:232	2:226	medium	medium	2:232	2:226	2:226	same_surah	label_target_note	ranked_review	It shows a marital oath being bounded by a fixed waiting period.	focus_2_232_cutoff_100.tsv	5	7283d28a2407a1e46a95c391f8ad8078c4ededf2379c5e58435d693e4b3ef45f
directional_review	2:232	79:18	no value	no value	2:232	79:18	79:18	cross_surah	label_target_note	ranked_review	No direct contribution to post-divorce consent or remarriage.	focus_2_232_cutoff_100.tsv	6	bf53553179c268dff24102b5d710e7a5afbf62d05d191220e86348f954114d6c
directional_review	2:232	2:228	strong	strong	2:232	2:228	2:228	same_surah	label_target_note	ranked_review	It establishes the divorced woman's waiting period, conditional return for islah, and reciprocal bi-l-ma'ruf rights.	focus_2_232_cutoff_100.tsv	7	5fd03aa91b52c844ef464cfca595306e0d54b8455c099091b32bd5ef01315c7c
directional_review	2:232	2:242	no value	no value	2:232	2:242	2:242	same_surah	label_target_note	ranked_review	No direct contribution to post-divorce consent or remarriage.	focus_2_232_cutoff_100.tsv	8	67075022ff780da3d7193637ede7e6551eadcd3c7acf671db59a337bd84dd4b0
directional_review	2:232	58:13	no value	no value	2:232	58:13	58:13	cross_surah	label_target_note	ranked_review	No direct contribution to post-divorce consent or remarriage.	focus_2_232_cutoff_100.tsv	9	cef696784e52aa73f98ff3aa64ca27cc47c0fc497b6528fe9e76eab9c9e18cc0
directional_review	2:232	65:1	strong	strong	2:232	65:1	65:1	cross_surah	label_target_note	ranked_review	It regulates divorce by iddah, forbids expulsion, and leaves open a subsequent change of circumstances.	focus_2_232_cutoff_100.tsv	10	3085a385eb93fbcffa52e01c950e17df5119f6c0e4e9595f2ad80623b7b8bb18
directional_review	2:232	2:222	weak	weak	2:232	2:222	2:222	same_surah	label_target_note	ranked_review	Its temporary bodily restriction ending with purification offers only a distant term-and-boundary parallel.	focus_2_232_cutoff_100.tsv	11	ce8db6bed868f5ff146e350ae7553232a65ccc799983cfd038dfeefca2dc300f
directional_review	2:232	5:41	no value	no value	2:232	5:41	5:41	cross_surah	label_target_note	ranked_review	No direct contribution to post-divorce consent or remarriage.	focus_2_232_cutoff_100.tsv	12	4ce799035f499ce2d019cb76261a1fe778a8a95d2ddb792d8cad3cdef32ff542
directional_review	2:232	2:234	strong	strong	2:232	2:234	2:234	same_surah	label_target_note	ranked_review	After a widow's term ends, her own bi-l-ma'ruf action carries no blame, supporting female agency after waiting.	focus_2_232_cutoff_100.tsv	13	b0dcbf885a834a31991131de1646722dde61ae2d4e289ea1920f290548ec58b2
directional_review	2:232	2:240	medium	medium	2:232	2:240	2:240	same_surah	label_target_note	ranked_review	It likewise permits a widow's bi-l-ma'ruf action after leaving, without blame.	focus_2_232_cutoff_100.tsv	14	52e820b959d35eed2be2825bacc0543179ea3e59389bf7b5a39ef8a096828561
directional_review	2:232	88:9	no value	no value	2:232	88:9	88:9	cross_surah	label_target_note	ranked_review	No direct contribution to post-divorce consent or remarriage.	focus_2_232_cutoff_100.tsv	15	90ec2e686d65ef620c4b5c997f4b6bb3401f6f67d414513c9504573aec8033d7
directional_review	2:232	4:19	strong	strong	2:232	4:19	4:19	cross_surah	label_target_note	ranked_review	It explicitly forbids coercive control of women and constraining them, while requiring bi-l-ma'ruf treatment.	focus_2_232_cutoff_100.tsv	16	22ab90fcfd605bf65db35df57e3e233015532a4932b5dcddb00b47f0502aa3ff
directional_review	2:232	2:223	no value	no value	2:232	2:223	2:223	same_surah	label_target_note	ranked_review	No direct contribution to post-divorce consent or remarriage.	focus_2_232_cutoff_100.tsv	17	309cad72f59442b9811f6cfd5c6bac2e2bf28a61260b7d4b92ad9e1d215722f9
directional_review	2:232	4:66	weak	weak	2:232	4:66	4:66	cross_surah	label_target_note	ranked_review	Its call to act on admonition only echoes 2:232's exhortative close.	focus_2_232_cutoff_100.tsv	18	af222d6d35a7c58db31fb1ce3102b70ac1b63833fedb4332c1d2bea37548bfb8
directional_review	2:232	2:230	strong	strong	2:232	2:230	2:230	same_surah	label_target_note	ranked_review	It defines when former spouses may reunite, making remarriage subject to stated limits rather than obstruction.	focus_2_232_cutoff_100.tsv	19	76cba65b891e8e715212269c37e428944a7a9a7acb4d1b276a8f63ec20fd235c
directional_review	2:232	2:229	strong	strong	2:232	2:229	2:229	same_surah	label_target_note	ranked_review	It sets divorce as retention bi-l-ma'ruf or release bi-ihsan and rejects exploitative taking.	focus_2_232_cutoff_100.tsv	20	d65541b6b7ae40424a603a0cc232fe09a8b180a3ff2608059f7e89666d4ae147
directional_review	2:232	55:4	no value	no value	2:232	55:4	55:4	cross_surah	label_target_note	ranked_review	No direct contribution to post-divorce consent or remarriage.	focus_2_232_cutoff_100.tsv	21	2fcf82e6ecd32b71549f58e0cf4278bdf7668cb32435a38301ac0e336900d182
directional_review	2:232	33:53	weak	weak	2:232	33:53	33:53	cross_surah	label_target_note	ranked_review	It concerns household access and a distinct marriage prohibition, not divorce or consensual remarriage.	focus_2_232_cutoff_100.tsv	22	0eeac5748eca0d87f3c968c17f105dc4018de536b07904c74396ec7a8b55ca7a
directional_review	2:232	2:224	strong	strong	2:232	2:224	2:224	same_surah	label_target_note	ranked_review	It forbids using oaths as an obstacle to goodness, taqwa, and reconciliation among people.	focus_2_232_cutoff_100.tsv	23	e735f8edb630ea2f1492a29b4fdd2b948fee9245f0b43c76e41c324820a49a83
directional_review	2:232	11:46	no value	no value	2:232	11:46	11:46	cross_surah	label_target_note	ranked_review	No direct contribution to post-divorce consent or remarriage.	focus_2_232_cutoff_100.tsv	24	6297014e87ed8a504605af7815dbb6e2816434b8328cb6524906b0f825a9523d
directional_review	2:232	2:236	strong	strong	2:232	2:236	2:236	same_surah	label_target_note	ranked_review	It requires provision bi-l-ma'ruf for divorced women, extending fair treatment beyond dissolution.	focus_2_232_cutoff_100.tsv	25	2effbd26866f1951bd2ca18c3adc6c222cdb93965feff8369662317a5f837297
directional_review	2:232	2:235	strong	strong	2:232	2:235	2:235	same_surah	label_target_note	ranked_review	It prohibits finalizing a marriage contract until the prescribed term reaches its end.	focus_2_232_cutoff_100.tsv	26	6770affe97e200374def0a58a8d4027822c4948c66820be3584c8237b534a220
directional_review	2:232	75:19	no value	no value	2:232	75:19	75:19	cross_surah	label_target_note	ranked_review	No direct contribution to post-divorce consent or remarriage.	focus_2_232_cutoff_100.tsv	27	914bc456f850e4cc18e45a1d2e1a8e975d0a4c0179360b40aa9bcb7beb1f4728
directional_review	2:232	2:216	medium	medium	2:232	2:216	2:216	same_surah	label_target_note	ranked_review	Its Allah-knows/you-do-not-know close illuminates the same epistemic warning in 2:232.	focus_2_232_cutoff_100.tsv	28	748b0f14e45a9d62170c18b65032d5ceb22915ccc0747c2341d0b5e27f247ab8
directional_review	2:232	2:225	medium	medium	2:232	2:225	2:225	same_surah	label_target_note	ranked_review	It distinguishes empty oaths from what hearts earn, relevant where vows might be used to constrain marital action.	focus_2_232_cutoff_100.tsv	29	c79dbb76c0ce64ea5cd04647e8cd0c5b0f147297aeaf8c20a4ab31ce2a73b629
directional_review	2:232	4:22	medium	medium	2:232	4:22	4:22	cross_surah	label_target_note	ranked_review	It marks marriage as bounded by prohibitions, but does not address divorce or consent after it.	focus_2_232_cutoff_100.tsv	30	2dfef68f1245c1f3108c551ece54a0b17a70c8973e45677b154b78ab099318d2
directional_review	2:232	4:59	weak	weak	2:232	4:59	4:59	cross_surah	label_target_note	ranked_review	It gives a general route for disputes, not a rule about spouses' agreed remarriage.	focus_2_232_cutoff_100.tsv	31	29daed25eba3c4ba61a0e08a2fa2ba5315adeada228b7b71569972404c0a5c57
directional_review	2:232	2:237	strong	strong	2:232	2:237	2:237	same_surah	label_target_note	ranked_review	It directs post-divorce financial release toward pardon and preserving favor between the parties.	focus_2_232_cutoff_100.tsv	32	53e3526e0023bffa312c70170635d8660879fcbea60fa9d864571e8ff658b0f5
directional_review	2:232	93:5	no value	no value	2:232	93:5	93:5	cross_surah	label_target_note	ranked_review	No direct contribution to post-divorce consent or remarriage.	focus_2_232_cutoff_100.tsv	33	8cec8efdce49fe71a8eb307f17c9499c6670947de3717ec7de4021c92dbcc03d
directional_review	2:232	65:4	strong	strong	2:232	65:4	65:4	cross_surah	label_target_note	ranked_review	It specifies iddah endpoints, including pregnancy, clarifying when marital constraints change.	focus_2_232_cutoff_100.tsv	34	c5dece1c772850ccc937e6d3167cfc40eeaef80979e0bf160bf849bbd84cf9bd
directional_review	2:232	2:227	medium	medium	2:232	2:227	2:227	same_surah	label_target_note	ranked_review	It names a resolved decision to divorce, immediately preceding the rules governing its consequences.	focus_2_232_cutoff_100.tsv	35	94357099657c617e1175b1c49ac2afb7a80b45531d3f2ef3e56f8ac815b9d3f7
directional_review	2:232	4:127	weak	weak	2:232	4:127	4:127	cross_surah	label_target_note	ranked_review	It addresses women's marital and property rights generally, without the post-divorce case.	focus_2_232_cutoff_100.tsv	36	695c5f8104482685d062a8acca73a817e042623c269a9d9b4c096cad607c3a13
directional_review	2:232	24:28	weak	weak	2:232	24:28	24:28	cross_surah	label_target_note	ranked_review	Its respect for refusal and withdrawal is a distant parallel to not overriding another's rightful choice.	focus_2_232_cutoff_100.tsv	37	9da966a32b3951e4ecd0912f72052711394a46c23f332ef2e219c9a55319ee1d
directional_review	2:232	2:241	strong	strong	2:232	2:241	2:241	same_surah	label_target_note	ranked_review	It gives divorced women a due provision bi-l-ma'ruf, reinforcing fair treatment after divorce.	focus_2_232_cutoff_100.tsv	38	47c5922ff5abef44e7f4a12b735a333ae3c90901c0effa53f8ff6bc4487dadfd
directional_review	2:232	98:8	no value	no value	2:232	98:8	98:8	cross_surah	label_target_note	ranked_review	No direct contribution to post-divorce consent or remarriage.	focus_2_232_cutoff_100.tsv	39	3ab42d524633a273d188a1d65ae8cc12ff201b586b7e1a01bc1de46e75d4638b
directional_review	2:232	16:74	medium	medium	2:232	16:74	16:74	cross_surah	label_target_note	ranked_review	Its Allah-knows/you-do-not-know formula echoes the conclusion of 2:232 but adds no marital detail.	focus_2_232_cutoff_100.tsv	40	b4d3dd1e3bcbc3beb0776fe4473e32f5ce2ed6005863565cdc2c9fa107599b97
directional_review	2:232	2:233	strong	strong	2:232	2:233	2:233	same_surah	label_target_note	ranked_review	It explicitly requires mutual consent and consultation, bans mutual harm, and uses bi-l-ma'ruf for post-separation duties.	focus_2_232_cutoff_100.tsv	41	2ae5ae380b35767bad722aad86a4320dead20e815124e1418c1db01e6217eadd
directional_review	2:232	92:21	no value	no value	2:232	92:21	92:21	cross_surah	label_target_note	ranked_review	No direct contribution to post-divorce consent or remarriage.	focus_2_232_cutoff_100.tsv	42	9b5afd2c2dd0449117ecb502b086abf547963f036ef3010856f4cecc39dc5ee2
directional_review	2:232	24:19	no value	no value	2:232	24:19	24:19	cross_surah	label_target_note	ranked_review	No direct contribution to post-divorce consent or remarriage.	focus_2_232_cutoff_100.tsv	43	fe7ba24f7fc37fd0c82d198938600a79cc03a3362c8e734f2eb1b7511183404a
directional_review	2:232	2:238	no value	no value	2:232	2:238	2:238	same_surah	label_target_note	ranked_review	No direct contribution to post-divorce consent or remarriage.	focus_2_232_cutoff_100.tsv	44	a1e1a2c845b270802689cafa0703fe3906f0c32ce02f660004897ade070a87eb
directional_review	2:232	26:136	weak	weak	2:232	26:136	26:136	cross_surah	label_target_note	ranked_review	It supplies only a contrast of disregarding admonition.	focus_2_232_cutoff_100.tsv	45	7fc5bbc29770fccff1817d3b8c6410bfcf47df7cf0db5858dcfc765e6fe959d4
directional_review	2:232	2:282	weak	weak	2:232	2:282	2:282	same_surah	label_target_note	ranked_review	Its fixed-term and justice procedures provide only a remote procedural analogy.	focus_2_232_cutoff_100.tsv	46	bf98a8c9d004191f98d278b3959bf392d65a99eb9c7157c6ff84f40ef6889bfb
directional_review	2:232	2:239	no value	no value	2:232	2:239	2:239	same_surah	label_target_note	ranked_review	No direct contribution to post-divorce consent or remarriage.	focus_2_232_cutoff_100.tsv	47	33b91944cde76156ae2cebef38d5e02b34e85f9122ff37638a67d7bb3d00b843
directional_review	2:232	58:3	medium	medium	2:232	58:3	58:3	cross_surah	label_target_note	ranked_review	It treats a marital repudiation as requiring repair before renewed intimacy, but differs from divorce and remarriage.	focus_2_232_cutoff_100.tsv	48	291f67e40efa507e83fc73ef4e1cfeb8e4be4e182451f49a360ece479695994a
directional_review	2:232	33:50	weak	weak	2:232	33:50	33:50	cross_surah	label_target_note	ranked_review	It states rules particular to the Prophet's marriages, not the divorced woman's remarriage.	focus_2_232_cutoff_100.tsv	49	4945748234b84f051fd36b72eaccebb4e4da2811d9685f82db65e5efc2cf3780
directional_review	2:232	24:17	weak	weak	2:232	24:17	24:17	cross_surah	label_target_note	ranked_review	It shares the language of admonition but its subject is unrelated.	focus_2_232_cutoff_100.tsv	50	6d5e459e9e33ed75c4c3b2505c47ada45895dac072ec6a68da03bf820c30ed59
directional_review	2:232	3:66	no value	no value	2:232	3:66	3:66	cross_surah	label_target_note	ranked_review	No direct contribution to post-divorce consent or remarriage.	focus_2_232_cutoff_100.tsv	51	c067e854c3a458447ed4c43f018997b6e999433788f984f247b73135bab8210f
directional_review	2:232	56:79	no value	no value	2:232	56:79	56:79	cross_surah	label_target_note	ranked_review	No direct contribution to post-divorce consent or remarriage.	focus_2_232_cutoff_100.tsv	52	88d41bcac02c32901dd07b743cf0a91522d1bb832710374872faf80e3520f2d0
directional_review	2:232	6:152	weak	weak	2:232	6:152	6:152	cross_surah	label_target_note	ranked_review	Its justice and covenant commands are general and do not specify marital agency after divorce.	focus_2_232_cutoff_100.tsv	53	3fba62c29a0fead4cd12aa5c91faa57c9e27a77260f710303dd1d3d55c0e1f25
directional_review	2:232	80:7	no value	no value	2:232	80:7	80:7	cross_surah	label_target_note	ranked_review	No direct contribution to post-divorce consent or remarriage.	focus_2_232_cutoff_100.tsv	54	b8cd6e2a16376e2e6894f4f59c1a4068ed2812dc4892754626429e82c75c1418
directional_review	2:232	4:58	medium	medium	2:232	4:58	4:58	cross_surah	label_target_note	ranked_review	Rendering trusts to their owners and judging justly supports restraint by those controlling others' affairs.	focus_2_232_cutoff_100.tsv	55	da389316d65aa2e20eb415588a14d1cb26c291380afa99f85b6403a2e0853e47
directional_review	2:232	3:42	no value	no value	2:232	3:42	3:42	cross_surah	label_target_note	ranked_review	No direct contribution to post-divorce consent or remarriage.	focus_2_232_cutoff_100.tsv	56	2be7ae39464d226c05e3d78ff295b271fe751615650f6970cda2d69198c6d2b1
directional_review	2:232	3:114	weak	weak	2:232	3:114	3:114	cross_surah	label_target_note	ranked_review	Its command of al-ma'ruf is a general ethical backdrop only.	focus_2_232_cutoff_100.tsv	57	fca8fbbb4de0358d5090a74825643c7c028dae1fecde6979b8006675df3d9f5f
directional_review	2:232	7:164	weak	weak	2:232	7:164	7:164	cross_surah	label_target_note	ranked_review	It shows admonition aimed at taqwa, faintly paralleling 2:232's admonitory address.	focus_2_232_cutoff_100.tsv	58	816314d9b33cd18bead290a49497c37f85e2d9567c87f70372fe146ced51476a
directional_review	2:232	24:30	weak	weak	2:232	24:30	24:30	cross_surah	label_target_note	ranked_review	Its azka rationale and sexual restraint touch purity, but not remarriage after divorce.	focus_2_232_cutoff_100.tsv	59	8426bf10aa03ae66d4c7f4cc31e220d4a91ddfae5d7a696250cba9c9a681f054
directional_review	2:232	27:56	weak	weak	2:232	27:56	27:56	cross_surah	label_target_note	ranked_review	The expulsion of people claiming purification is only a distant contrast to the verse's non-obstruction.	focus_2_232_cutoff_100.tsv	60	8085c4e1b829a08987328bbf1a22dcaf375abf3d502ec00f3bc6a431ea9cb54f
directional_review	2:232	58:12	no value	no value	2:232	58:12	58:12	cross_surah	label_target_note	ranked_review	No direct contribution to post-divorce consent or remarriage.	focus_2_232_cutoff_100.tsv	61	f1933c93811bc689ab1f82c4f4f981615584804499fa182bdbf8a956986761ec
directional_review	2:232	101:7	no value	no value	2:232	101:7	101:7	cross_surah	label_target_note	ranked_review	No direct contribution to post-divorce consent or remarriage.	focus_2_232_cutoff_100.tsv	62	7ac6b601098ed38d5d3e95ac6335e440e4bdd2c54af09f2bde168223b641195d
directional_review	2:232	2:177	medium	medium	2:232	2:177	2:177	same_surah	label_target_note	ranked_review	It places covenant-keeping and care for vulnerable kin within righteousness, a broad ethical context for marital rights.	focus_2_232_cutoff_100.tsv	63	4035037b4018d996f812fd1ba29f73d8f59111ade0121ce463eec8e27a1598cd
directional_review	2:232	31:13	no value	no value	2:232	31:13	31:13	cross_surah	label_target_note	ranked_review	No direct contribution to post-divorce consent or remarriage.	focus_2_232_cutoff_100.tsv	64	0b72cb19348eaccd6802278cbc2a74e41fec253f5e2ec06feb5a927a4b556813
directional_review	2:232	9:96	weak	weak	2:232	9:96	9:96	cross_surah	label_target_note	ranked_review	It contrasts sought human approval with approval that is actually warranted; it does not define spousal taradi.	focus_2_232_cutoff_100.tsv	65	ff9cae0a387c4500c2d3324c1b4257b38752db333686ba909f5be85f102e272e
directional_review	2:232	42:38	medium	medium	2:232	42:38	42:38	cross_surah	label_target_note	ranked_review	It presents shura among those concerned, supporting a norm of shared deliberation rather than unilateral control.	focus_2_232_cutoff_100.tsv	66	93a141036a2618164d71dc7ad21356d9082012fb68ba6e7f9282e4a54aff3434
directional_review	2:232	18:19	no value	no value	2:232	18:19	18:19	cross_surah	label_target_note	ranked_review	No direct contribution to post-divorce consent or remarriage.	focus_2_232_cutoff_100.tsv	67	3260ee1ff49e7dd9fb26f06001feaf72188819a47e2449578b3fd37f806f6003
directional_review	2:232	24:34	weak	weak	2:232	24:34	24:34	cross_surah	label_target_note	ranked_review	It gives general clear signs and admonition without marital instruction.	focus_2_232_cutoff_100.tsv	68	337d9151da150adec80b7f429ed6cf980d621339c9b6f05375b825f05dc8e459
directional_review	2:232	2:22	no value	no value	2:232	2:22	2:22	same_surah	label_target_note	ranked_review	No direct contribution to post-divorce consent or remarriage.	focus_2_232_cutoff_100.tsv	69	53f47f89ab59c74e4cada1978c6d1be09286b5c371d68162b204c2a02f2fe4b4
directional_review	2:232	32:4	no value	no value	2:232	32:4	32:4	cross_surah	label_target_note	ranked_review	No direct contribution to post-divorce consent or remarriage.	focus_2_232_cutoff_100.tsv	70	d3e623174aa14b67e1260d1d1d9bf1fcd33a5ae26e2e5bd857d44b7361246834
directional_review	2:232	69:33	no value	no value	2:232	69:33	69:33	cross_surah	label_target_note	ranked_review	No direct contribution to post-divorce consent or remarriage.	focus_2_232_cutoff_100.tsv	71	264b6c6ddf2cf6730d086b40d745e7e9c662a7f123edc30441777faebd1d6865
directional_review	2:232	7:82	weak	weak	2:232	7:82	7:82	cross_surah	label_target_note	ranked_review	Its exclusion of people for seeking purity is only a distant contrast to non-obstruction.	focus_2_232_cutoff_100.tsv	72	f1e821afdc9c058e5136158e7330eec7632dafb7138a68c20467bec11e0c198b
directional_review	2:232	9:61	no value	no value	2:232	9:61	9:61	cross_surah	label_target_note	ranked_review	No direct contribution to post-divorce consent or remarriage.	focus_2_232_cutoff_100.tsv	73	f95ab23b541b3d544d3f96d07c93c5401f5f36042a6a3e4d57cd33234d5018bd
directional_review	2:232	34:18	no value	no value	2:232	34:18	34:18	cross_surah	label_target_note	ranked_review	No direct contribution to post-divorce consent or remarriage.	focus_2_232_cutoff_100.tsv	74	bf3c59f59d59a349f99a0433d5d800a8eb6f0212306407308a08fc3009cb5601
directional_review	2:232	3:15	weak	weak	2:232	3:15	3:15	cross_surah	label_target_note	ranked_review	Its purified spouses and divine approval are eschatological, not a rule for remarriage.	focus_2_232_cutoff_100.tsv	75	a48b79092476cf01cf10ed19f1d2fa1563f0952eebc977a88ddc96b4b10f7fbd
directional_review	2:232	9:108	no value	no value	2:232	9:108	9:108	cross_surah	label_target_note	ranked_review	No direct contribution to post-divorce consent or remarriage.	focus_2_232_cutoff_100.tsv	76	bb38796934b9b8426c7a110c69b0a79343a6d9b83fe55674a29db852066d47f1
directional_review	2:232	24:51	medium	medium	2:232	24:51	24:51	cross_surah	label_target_note	ranked_review	It models accepting a binding judgment between parties, relevant only generally to resolving relational disputes.	focus_2_232_cutoff_100.tsv	77	2043066625e02c4f5df45b1be7b98b9ad783444d2cb2587481e708068bba7dc0
directional_review	2:232	80:14	no value	no value	2:232	80:14	80:14	cross_surah	label_target_note	ranked_review	No direct contribution to post-divorce consent or remarriage.	focus_2_232_cutoff_100.tsv	78	cd64d85b9bb765dd53296ac258a32a6dce97de375bc67df1592141cba5c1287d
directional_review	2:232	24:48	medium	medium	2:232	24:48	24:48	cross_surah	label_target_note	ranked_review	It contrasts proper recourse to judgment between parties with turning away from it.	focus_2_232_cutoff_100.tsv	79	fa3d9f66584405b6d55e8a2e607bca041bee6e7fc7ec15158c4e8efc01c0d58c
directional_review	2:232	24:33	strong	strong	2:232	24:33	24:33	cross_surah	label_target_note	ranked_review	It prohibits coercing women and recognizes delayed marriage, strongly supporting the rejection of compulsion.	focus_2_232_cutoff_100.tsv	80	e90f6b6424945a29d27455c79173117884e7f64c99313ded8cec6c697313c356
directional_review	2:232	20:103	no value	no value	2:232	20:103	20:103	cross_surah	label_target_note	ranked_review	No direct contribution to post-divorce consent or remarriage.	focus_2_232_cutoff_100.tsv	81	fc9749a1ead08ee0e4711843cccdd8f722b0c74871686eca29a6311d6ba30a43
directional_review	2:232	78:37	no value	no value	2:232	78:37	78:37	cross_surah	label_target_note	ranked_review	No direct contribution to post-divorce consent or remarriage.	focus_2_232_cutoff_100.tsv	82	2f9718485a62e088d2de25c11ba0aaa19317bdd83a74153127e19108d0a37264
directional_review	2:232	48:29	weak	weak	2:232	48:29	48:29	cross_surah	label_target_note	ranked_review	Mercy among the believers is a broad relational ethic, not a marital rule.	focus_2_232_cutoff_100.tsv	83	d6cdd09ecdfac07c20eda2462ddf593af0979591df6f77044194c92cafef757c
directional_review	2:232	2:120	no value	no value	2:232	2:120	2:120	same_surah	label_target_note	ranked_review	No direct contribution to post-divorce consent or remarriage.	focus_2_232_cutoff_100.tsv	84	b2409c02dcbfc4e6ada461615df0de1c9a0ef7b000dc499d633b90401c471100
directional_review	2:232	4:63	weak	weak	2:232	4:63	4:63	cross_surah	label_target_note	ranked_review	It concerns admonition addressed to hidden hearts, with no marriage or divorce instruction.	focus_2_232_cutoff_100.tsv	85	541b49be0af49a08f374243fdebbad2d633bfd4bde2d74a99d87c122812d03c4
directional_review	2:232	4:49	no value	no value	2:232	4:49	4:49	cross_surah	label_target_note	ranked_review	No direct contribution to post-divorce consent or remarriage.	focus_2_232_cutoff_100.tsv	86	5a32f410c1dfd44800e646dadc4ac8f150b92a9ea7da29a7a1097bc4f5fa3e67
directional_review	2:232	60:11	weak	weak	2:232	60:11	60:11	cross_surah	label_target_note	ranked_review	It concerns financial compensation after spouses depart, not consent to remarriage.	focus_2_232_cutoff_100.tsv	87	f33d1855ce91b7413326d46428f0f7ada3f335554ede02517151bfa3664f0fc7
directional_review	2:232	5:46	no value	no value	2:232	5:46	5:46	cross_surah	label_target_note	ranked_review	No direct contribution to post-divorce consent or remarriage.	focus_2_232_cutoff_100.tsv	88	a2cd1257af6cd350b1b2faacc7738c04d88a21643cb168b63eba610989f1800c
directional_review	2:232	4:25	medium	medium	2:232	4:25	4:25	cross_surah	label_target_note	ranked_review	It requires authorized marriage and payment bi-l-ma'ruf, but does not address a divorced woman's new marriage.	focus_2_232_cutoff_100.tsv	89	9930a2914b2cbf9847af0023ece40cae6ce00bc3c513e3e25d210f76fa3d29ff
directional_review	2:232	21:93	no value	no value	2:232	21:93	21:93	cross_surah	label_target_note	ranked_review	No direct contribution to post-divorce consent or remarriage.	focus_2_232_cutoff_100.tsv	90	137441bf0efb63b33d4f1872f2b8a4df17029461202d5a71ccacbe624a8132e3
directional_review	2:232	24:61	no value	no value	2:232	24:61	24:61	cross_surah	label_target_note	ranked_review	No direct contribution to post-divorce consent or remarriage.	focus_2_232_cutoff_100.tsv	91	f2e88b184f8bb0658275c64b7f2fc48dd5409a3a905a231eb168d4787c47398b
directional_review	2:232	2:43	no value	no value	2:232	2:43	2:43	same_surah	label_target_note	ranked_review	No direct contribution to post-divorce consent or remarriage.	focus_2_232_cutoff_100.tsv	92	66e89c9bca097578a58cad93a29d92a7735b3ddd7436f55a1020505acacc269d
directional_review	2:232	5:97	no value	no value	2:232	5:97	5:97	cross_surah	label_target_note	ranked_review	No direct contribution to post-divorce consent or remarriage.	focus_2_232_cutoff_100.tsv	93	94c7adad01eaae3edce9a0492f48770b9195002f263ee7607a11e5834d169c4d
directional_review	2:232	54:28	no value	no value	2:232	54:28	54:28	cross_surah	label_target_note	ranked_review	No direct contribution to post-divorce consent or remarriage.	focus_2_232_cutoff_100.tsv	94	de6e98674afa3543de180f37631b5e96441f9f2e1e3c29576c6fc8802e714c1d
directional_review	2:232	5:13	no value	no value	2:232	5:13	5:13	cross_surah	label_target_note	ranked_review	No direct contribution to post-divorce consent or remarriage.	focus_2_232_cutoff_100.tsv	95	5577127acfdd8aaf3cda5312f80c54b95e18165f9761eb544955b55aee599a9b
directional_review	2:232	48:18	weak	weak	2:232	48:18	48:18	cross_surah	label_target_note	ranked_review	It joins approval to known inward commitment, only distantly related to mutual taradi.	focus_2_232_cutoff_100.tsv	96	5420144aa9ea5b7d11e45667d3d463b6d235b2b753b903fe053e1a12fc770d20
directional_review	2:232	45:19	no value	no value	2:232	45:19	45:19	cross_surah	label_target_note	ranked_review	No direct contribution to post-divorce consent or remarriage.	focus_2_232_cutoff_100.tsv	97	c6ffaae6020e4980ff7826dff802d5e4fba7a9c36dbd683706a6763b5a82c4af
directional_review	2:232	35:18	weak	weak	2:232	35:18	35:18	cross_surah	label_target_note	ranked_review	Its individual responsibility and self-purification do not address marital decisions.	focus_2_232_cutoff_100.tsv	98	ad81209eb6c67f34d933292f2a07dcb6bb37833fdf8be91bd7ce4717e5079b27
directional_review	2:232	2:259	no value	no value	2:232	2:259	2:259	same_surah	label_target_note	ranked_review	No direct contribution to post-divorce consent or remarriage.	focus_2_232_cutoff_100.tsv	99	cfb9845673ee71910383c8ceb38f8e41c33919843d81e4e840f7f71040e133dd
directional_review	2:232	6:113	no value	no value	2:232	6:113	6:113	cross_surah	label_target_note	ranked_review	No direct contribution to post-divorce consent or remarriage.	focus_2_232_cutoff_100.tsv	100	9ff3552efbd38fe39e616c9f5d0e8269bcb14d68747d7f4cabf5cfe40c927fc4
directional_review	2:232	2:187	medium	medium	2:232	2:187	2:187	same_surah	label_target_note	missing_ayah_suggestion	It describes spouses as reciprocal coverings, a general relational ethic but not a post-divorce rule.	focus_2_232_cutoff_100.tsv	101	35270f1439c49c61f9e05279655b278141189c6e5f9ee96976d214f408f87658
directional_review	2:232	4:3	medium	medium	2:232	4:3	4:3	cross_surah	label_target_note	missing_ayah_suggestion	It conditions plural marriage on justice, establishing that marital permission is not unrestricted.	focus_2_232_cutoff_100.tsv	102	a281723757bcb58117101f1fcf5bf695e03c34641eb68ccea744975711604194
directional_review	2:232	4:4	medium	medium	2:232	4:4	4:4	cross_surah	label_target_note	missing_ayah_suggestion	It requires women to receive their bridal gifts willingly, supporting their material right within marriage.	focus_2_232_cutoff_100.tsv	103	a0c822ab79cc38055662551679c36d0c35412c62b5f8e92f19b143d16851fc3d
directional_review	2:232	4:20	strong	strong	2:232	4:20	4:20	cross_surah	label_target_note	missing_ayah_suggestion	It forbids taking back what was given when one wife is replaced by another, limiting coercive divorce practices.	focus_2_232_cutoff_100.tsv	104	3ca73093f853cbca6f9323c581b61626dffbf4a3038067ab388bcf5e058c3ea6
directional_review	2:232	4:21	strong	strong	2:232	4:21	4:21	cross_surah	label_target_note	missing_ayah_suggestion	It calls marriage a firm covenant and rejects reclaiming gifts after intimate union.	focus_2_232_cutoff_100.tsv	105	0eaebf7e00e7ff7c7a56170b81f908a86294d13c4c6409389bdbccfd8752fa4b
directional_review	2:232	4:23	medium	medium	2:232	4:23	4:23	cross_surah	label_target_note	missing_ayah_suggestion	It defines prohibited marriages, supplying legal limits but not post-divorce consent.	focus_2_232_cutoff_100.tsv	106	41c925701deb406a765367f46d09f7b699d3e9db856d36c24979e4e5bac29f67
directional_review	2:232	4:24	medium	medium	2:232	4:24	4:24	cross_surah	label_target_note	missing_ayah_suggestion	It ties lawful marriage to seeking chastity and giving the due bridal gift.	focus_2_232_cutoff_100.tsv	107	2082e2134b22485385d47461eaefbda88690f28bb69f32ae2047ec6652426ece
directional_review	2:232	4:34	medium	medium	2:232	4:34	4:34	cross_surah	label_target_note	missing_ayah_suggestion	It concerns marital responsibility and discord, but does not authorize blocking a divorced woman's remarriage.	focus_2_232_cutoff_100.tsv	108	7eca7fcc2724fe90da4fe4f2b9a4d6c2509f85cd3623d812ef8fffe57e112842
directional_review	2:232	4:35	strong	strong	2:232	4:35	4:35	cross_surah	label_target_note	missing_ayah_suggestion	It prescribes arbitration seeking reconciliation when a married pair fears a breach.	focus_2_232_cutoff_100.tsv	109	118486c228ed709f33abde02bf3402f79b6dfca5b199b459dea391f5656da5cc
directional_review	2:232	4:128	strong	strong	2:232	4:128	4:128	cross_surah	label_target_note	missing_ayah_suggestion	It permits a woman and husband to make a reconciliation settlement, treating sulh as better than estrangement.	focus_2_232_cutoff_100.tsv	110	d1519d4f9ed1c9effda630b9e8362bf1f39567f3757c6c26058604a1403ddd8d
directional_review	2:232	4:129	strong	strong	2:232	4:129	4:129	cross_surah	label_target_note	missing_ayah_suggestion	It forbids leaving a wife suspended through total partiality, protecting her against relational abandonment.	focus_2_232_cutoff_100.tsv	111	987875dd56e6ef6e38fa256edb182a98cca0e685aafce443a569a2c22d1625f5
directional_review	2:232	4:130	strong	strong	2:232	4:130	4:130	cross_surah	label_target_note	missing_ayah_suggestion	It recognizes separation as a possible outcome and promises sufficiency to each afterward.	focus_2_232_cutoff_100.tsv	112	48d94b7d192a22c641b0266edd0b07a81b7a3c1201d52c14fa58f287d3e63de7
directional_review	2:232	5:5	medium	medium	2:232	5:5	5:5	cross_surah	label_target_note	missing_ayah_suggestion	It permits chaste marriage with due bridal gifts, supplying a general lawful-marriage framework.	focus_2_232_cutoff_100.tsv	113	23eb6042b547e3d0a0696162a85dc74eeca163a9fb90a5ea82a7f6773a900a52
directional_review	2:232	24:3	medium	medium	2:232	24:3	24:3	cross_surah	label_target_note	missing_ayah_suggestion	It places a stated marital restriction around zina, defining a boundary for contracting marriage.	focus_2_232_cutoff_100.tsv	114	4a2f385fe5bdc71008ef24e9c4cde4c11a106e9ea31dbcc16e2f4a775ba6260d
directional_review	2:232	24:6	medium	medium	2:232	24:6	24:6	cross_surah	label_target_note	missing_ayah_suggestion	It begins the procedure for a husband's accusation against his wife when no witnesses are present.	focus_2_232_cutoff_100.tsv	115	ada48da94ec8ae5c9a5eda2fefaf868ae1a658c981ad71ce5a7cc2465abc80de
directional_review	2:232	24:7	medium	medium	2:232	24:7	24:7	cross_surah	label_target_note	missing_ayah_suggestion	It completes the husband's sworn testimony in that marital accusation procedure.	focus_2_232_cutoff_100.tsv	116	a7d96acdee79ac0ddfdc776ec8c6ba7e3f40a8ed89b5200df13afa6bdc5f717f
directional_review	2:232	24:8	medium	medium	2:232	24:8	24:8	cross_surah	label_target_note	missing_ayah_suggestion	It gives the wife her answering sworn testimony in the marital accusation procedure.	focus_2_232_cutoff_100.tsv	117	c130b72cd0a8ed020e55fae5463800a4fa13f7cd2767e594be73898216e1f98d
directional_review	2:232	24:9	medium	medium	2:232	24:9	24:9	cross_surah	label_target_note	missing_ayah_suggestion	It completes the wife's answering testimony, showing that she is not without a procedural response.	focus_2_232_cutoff_100.tsv	118	1930e4c09ca602311993847a8e149dfbb10dc8cbac9d23e03addb7c831d71595
directional_review	2:232	24:26	weak	weak	2:232	24:26	24:26	cross_surah	label_target_note	missing_ayah_suggestion	Its pairing language concerns purity and suitability generally, not remarriage after divorce.	focus_2_232_cutoff_100.tsv	119	56cbcc77de5febf163db98400455c46b5ec46deae018ff66ba721ec94b15a2ad
directional_review	2:232	24:32	strong	strong	2:232	24:32	24:32	cross_surah	label_target_note	missing_ayah_suggestion	It commands facilitating marriage for unmarried people and those under one's care, opposing needless obstruction.	focus_2_232_cutoff_100.tsv	120	add574e99706538a80e5dcfaf39054ac3169ad89ececef88e2ef74d868f7f09f
directional_review	2:232	30:21	medium	medium	2:232	30:21	30:21	cross_surah	label_target_note	missing_ayah_suggestion	It depicts marriage through tranquility, affection, and mercy, an ethical horizon rather than a divorce rule.	focus_2_232_cutoff_100.tsv	121	c5000c50a7c422914fa683218bd8ffd2ccea8f63991318efe4ce256fa1f9ad03
directional_review	2:232	33:28	strong	strong	2:232	33:28	33:28	cross_surah	label_target_note	missing_ayah_suggestion	It pairs provision with beautiful release when wives choose separation.	focus_2_232_cutoff_100.tsv	122	ec920c51f59cd34168c96fc5f1b37ede1db407242bca9323d27302d8f005e1cb
directional_review	2:232	33:37	strong	strong	2:232	33:37	33:37	cross_surah	label_target_note	missing_ayah_suggestion	It expressly treats marriage after a prior husband's completed separation as unobjectionable in its stated case.	focus_2_232_cutoff_100.tsv	123	70755370920e48d031befd57ce202a7eee72311d9658eaf716fe2cbccd52ca65
directional_review	2:232	33:49	strong	strong	2:232	33:49	33:49	cross_surah	label_target_note	missing_ayah_suggestion	It removes the waiting period after divorce before consummation and requires a beautiful release.	focus_2_232_cutoff_100.tsv	124	04fd133adae68ecd1308271688550dbbd5113082d18dd40dad86073d840cdab7
directional_review	2:232	58:1	strong	strong	2:232	58:1	58:1	cross_surah	label_target_note	missing_ayah_suggestion	It gives audience to a woman disputing with her husband about a harmful marital declaration.	focus_2_232_cutoff_100.tsv	125	cd7f140e7c7239dec5da5b4aca0fa55c2ccc99c4d53f0fed2a9cb498d7b871be
directional_review	2:232	58:2	medium	medium	2:232	58:2	58:2	cross_surah	label_target_note	missing_ayah_suggestion	It rejects treating wives as mothers through zihar and marks the declaration as false and objectionable.	focus_2_232_cutoff_100.tsv	126	028ca0fdd6f610960134edd8a37c83ee61903fcf6af2e1e478f694100a41faf8
directional_review	2:232	58:4	medium	medium	2:232	58:4	58:4	cross_surah	label_target_note	missing_ayah_suggestion	It regulates the consequence of zihar before renewed intimacy, with an incapacity alternative.	focus_2_232_cutoff_100.tsv	127	aebea25d0540d642d0d59dfa2a3bf5dbd92d10eac23b5aa47a2a0cde188bd4f3
directional_review	2:232	60:10	strong	strong	2:232	60:10	60:10	cross_surah	label_target_note	missing_ayah_suggestion	It regulates dissolved cross-community marriage ties, return of gifts, and lawful remarriage with due gifts.	focus_2_232_cutoff_100.tsv	128	c49af40436f8aee1705c90f1b837d966c4fb657df5fb7917e6ef33ca410bfa15
directional_review	2:232	65:6	strong	strong	2:232	65:6	65:6	cross_surah	label_target_note	missing_ayah_suggestion	It forbids harming or constraining divorced women, requires provision, and directs consultation over the child.	focus_2_232_cutoff_100.tsv	129	d088186719a77a6d764228aacf23186b5301b46d394f2bababffba2cf6dc212f
directional_review	2:232	65:7	medium	medium	2:232	65:7	65:7	cross_surah	label_target_note	missing_ayah_suggestion	It calibrates post-divorce provision to means and capacity.	focus_2_232_cutoff_100.tsv	130	d20071cfe2edad0473a346e4cb86a0635b5913fdb79f4d5acaaa979748261eb2
directional_review	2:232	66:1	medium	medium	2:232	66:1	66:1	cross_surah	label_target_note	missing_ayah_suggestion	It rebukes making lawful marital enjoyment forbidden in pursuit of wives' approval.	focus_2_232_cutoff_100.tsv	131	0e1a5dc36596bcb76d958eca8d9ac790635947b51b5513a4b2b6c94b67a73724
directional_review	2:232	66:5	weak	weak	2:232	66:5	66:5	cross_surah	label_target_note	missing_ayah_suggestion	It mentions divorce and replacement wives but adds no rule on the divorced woman's consent or remarriage.	focus_2_232_cutoff_100.tsv	132	91d14222021c93a745b66e79f01844b6b8cbdd2f427b1a85d524c865fcf63926
reciprocal_counterevidence	2:232	2:22		no value	2:22	2:232	2:232	same_surah	label_target_note	ranked_review	No clear contribution to 2:22.	focus_2_22_cutoff_100.tsv	61	3d72205efa3b247d4bd923db9fabff7e75120876ee1e9048eea3e56056ff4f14
reciprocal_nomination	2:232	2:43		weak	2:43	2:232	2:232	same_surah	label_target_note	ranked_review	Uses a related purification term in marriage regulation, with only indirect relevance.	focus_2_43_cutoff_100.tsv	83	53657f6c7a7cdeae611e1dac91108b68b4ffb37e892b2afe8e71550045de3948
reciprocal_counterevidence	2:232	2:52		no value	2:52	2:232	2:232	same_surah	label_target_note	ranked_review	The divorce instruction has no material relation to the focus.	focus_2_52_cutoff_100.tsv	93	d1e82832aa4d24657f66ae79719c1d201d0aee1cf165dbf649489c354d1b8220
reciprocal_counterevidence	2:232	2:66		no value	2:66	2:232	2:232	same_surah	label_target_note	ranked_review	Legal admonition about marriage arrangements does not illuminate the focus's historical punishment.	focus_2_66_cutoff_100.tsv	70	d65c74489d8ad345b8a634c525c7207b560237777eba10fedea843914d36d28a
reciprocal_counterevidence	2:232	2:86		no value	2:86	2:232	2:232	same_surah	label_target_note	ranked_review	Its family-law instruction only incidentally mentions the Last Day.	focus_2_86_cutoff_100.tsv	99	20263670db810bac5f957b03f8e259be424f157390147ccba4f22e35795230be
reciprocal_nomination	2:232	2:129		weak	2:129	2:232	2:232	same_surah	label_target_note	ranked_review	Offers a concrete social application of purification, but outside the petition's core sequence.	focus_2_129_cutoff_100.tsv	96	2fb1263b44a2fa760137768f6eba6bae405a0dbf52fa092c4aa0d844331a3736
reciprocal_counterevidence	2:232	2:132		no value	2:132	2:232	2:232	same_surah	label_target_note	ranked_review	Marriage regulation is unrelated to the focus.	focus_2_132_cutoff_100.tsv	43	6c63ff97e39ccea23e028a3fd61d13d3cc875b68a6525051ef0f1a14d059109a
reciprocal_nomination	2:232	2:151		weak	2:151	2:232	2:232	same_surah	label_target_note	ranked_review	Links purification and unknown knowledge in a social ruling, but only remotely.	focus_2_151_cutoff_100.tsv	63	5feaa6bece8972d8621d6ff0f1716116f1171af15790baadfcef8de81012ed3e
reciprocal_nomination	2:232	2:187		weak	2:187	2:232	2:232	same_surah	label_target_note	missing_ayah_suggestion	Forbidding obstruction of remarriage gives only broader marriage-law context.	focus_2_187_cutoff_100.tsv	108	ecd12d25d50339bb332e32ba6f81ee8dd0768defcd9b61aea9b417b856259012
reciprocal_nomination	2:232	2:188		weak	2:188	2:232	2:232	same_surah	label_target_note	ranked_review	It bars obstructing a mutually accepted marriage, only broadly supporting protection from unjust interference.	focus_2_188_cutoff_100.tsv	52	cc9a584866f66ab9b455147bb5d06f17fbfe9190437514c6c4d260b3f480ff77
reciprocal_nomination	2:232	2:216		medium	2:216	2:232	2:232	same_surah	label_target_note	ranked_review	It again grounds a practical command in Allah's knowledge beyond human knowledge.	focus_2_216_cutoff_100.tsv	10	57f38fe36d9708d832b1b0947bdba398d685c13c48215932d9a932082369c13f
reciprocal_nomination	2:232	2:221		strong	2:221	2:232	2:232	same_surah	label_target_note	ranked_review	Directly treats nikah, belief, purity, and Allah's superior knowledge together.	focus_2_221_cutoff_100.tsv	47	f05928e363adc40eb5f7f3cdc827b4b48ba25a390622577b269b5e3c937db774
reciprocal_nomination	2:232	2:222		strong	2:222	2:232	2:232	same_surah	label_target_note	ranked_review	Marriage after divorce is described as more pure, linking marital access with purity and proper limits.	focus_2_222_cutoff_100.tsv	19	3de9f4d515d047dff0912bcd751e7f7d51ec528348211774b75bb83416fa3746
reciprocal_nomination	2:232	2:223		medium	2:223	2:232	2:232	same_surah	label_target_note	ranked_review	Adds consent, remarriage, and purification to the local marriage-law context.	focus_2_223_cutoff_100.tsv	35	762019a8cddd51abedc29da22bb0495ee685d3836b93ff5916502b4860ee8486
reciprocal_nomination	2:232	2:224		medium	2:224	2:232	2:232	same_surah	label_target_note	ranked_review	It forbids obstructing an agreed, honorable marital reconciliation.	focus_2_224_cutoff_100.tsv	35	c0607c2139345b0652e6910a857bf08ef8c40507f315d872b5f3cbe34cb5d42a
reciprocal_counterevidence	2:232	2:225		no value	2:225	2:232	2:232	same_surah	label_target_note	ranked_review	It governs remarriage after divorce without clarifying idle oath speech.	focus_2_225_cutoff_100.tsv	32	04bbcee331813e398c2a52732d1aab1f28ca2e0d5844d1e291df066c41418161
reciprocal_nomination	2:232	2:226		strong	2:226	2:232	2:232	same_surah	label_target_note	ranked_review	Reaching a marital term removes obstruction to a new marriage, reinforcing that such terms end a state of restraint.	focus_2_226_cutoff_100.tsv	23	4ef945caf83c5828abf29b0d2c6cdb194e52029f26aede11700f5efddc051120
reciprocal_nomination	2:232	2:227		strong	2:227	2:232	2:232	same_surah	label_target_note	ranked_review	Protects consensual remarriage after divorce, showing release must not become obstruction.	focus_2_227_cutoff_100.tsv	41	b2ec5bda52a598ceff0df5dd95f7ce022993654e629c0e95d82162532f4500b8
reciprocal_nomination	2:232	2:228		strong	2:228	2:232	2:232	same_surah	label_target_note	ranked_review	Sets the post-term boundary: no obstruction to remarriage by mutual recognized agreement.	focus_2_228_cutoff_100.tsv	1	b37d08ae3657a6a02d0daefa8906a2d0742e2f7c3226f83981983a77d3b46cc0
reciprocal_nomination	2:232	2:229		strong	2:229	2:232	2:232	same_surah	label_target_note	ranked_review	Forbids obstructing a divorced woman from a mutually acceptable remarriage.	focus_2_229_cutoff_100.tsv	29	198980a5481d57f665de56044aac07e4c18c8961a516695fa33a86af2d662ca1
reciprocal_nomination	2:232	2:230		strong	2:230	2:232	2:232	same_surah	label_target_note	ranked_review	Forbids obstructing a woman from marrying by mutual agreement, supporting the reality of the later marriage in 2:230.	focus_2_230_cutoff_100.tsv	10	1e8bae977989377bc626383a4ff823d1f1053066a4bdf8565dcd2d8c237a739e
reciprocal_nomination	2:232	2:231		strong	2:231	2:232	2:232	same_surah	label_target_note	ranked_review	Directly forbids obstructing remarriage after the term when the parties agree bil-ma'ruf.	focus_2_231_cutoff_100.tsv	1	5922692ead9f1eb93edb339ecf7122161161deca632e0891589d7510b68ae584
reciprocal_nomination	2:232	2:233		strong	2:233	2:232	2:232	same_surah	label_target_note	ranked_review	Forbids obstructing remarriage when the couple mutually agrees bi-l-ma'ruf.	focus_2_233_cutoff_100.tsv	38	353ac19dcb43948bf5bc880a90adabb39daa11b51112c1436445b873bfe5b10e
reciprocal_nomination	2:232	2:234		strong	2:234	2:232	2:232	same_surah	label_target_note	ranked_review	Forbids blocking women from remarriage once their term is reached and requires mutual customary agreement.	focus_2_234_cutoff_100.tsv	13	b0275fc0586011e270a0240ca0953f96674957431c0db3e44ff60258e9647db7
reciprocal_nomination	2:232	2:235		strong	2:235	2:232	2:232	same_surah	label_target_note	ranked_review	After the term, it forbids blocking a mutually accepted known-good remarriage.	focus_2_235_cutoff_100.tsv	19	d96384d5409c68df2b031820e3474e6e3b5d510983435ba03744b2e1277b5872
reciprocal_nomination	2:232	2:236		strong	2:236	2:232	2:232	same_surah	label_target_note	ranked_review	Forbids obstructing remarriage when the parties agree in recognized good, extending the chapter's protection after divorce.	focus_2_236_cutoff_100.tsv	10	c93bde1296a51db63965cfd9864fa998468ca1b10090335d9f05a71e88d2e546
reciprocal_nomination	2:232	2:237		strong	2:237	2:232	2:232	same_surah	label_target_note	ranked_review	Directly forbids obstructing remarriage after divorce when there is mutual consent and المعروف.	focus_2_237_cutoff_100.tsv	38	4f8d698fe55547fef1b3fd62c91d552e0a62e14418537110240a57016ecccce8
reciprocal_nomination	2:232	2:238		weak	2:238	2:232	2:232	same_surah	label_target_note	ranked_review	Its remarriage rule continues the immediate legal setting only.	focus_2_238_cutoff_100.tsv	35	db0b6c11fa873710ec31ae0b9d020102c5b6c85b84036740ef2f5ec42475ba84
reciprocal_counterevidence	2:232	2:239		no value	2:239	2:232	2:232	same_surah	label_target_note	ranked_review	The marriage instruction does not clarify 2:239.	focus_2_239_cutoff_100.tsv	38	58ff5888a33852f6bffaec2124e142cd7dafa88cf107004100d68c99db147917
reciprocal_nomination	2:232	2:240		strong	2:240	2:232	2:232	same_surah	label_target_note	ranked_review	Forbids obstructing remarriage once the woman's term has ended.	focus_2_240_cutoff_100.tsv	32	d6b0890c0d3968348d0e408aa440e666a1957dd2073dec8e820bdcfa2895b910
reciprocal_nomination	2:232	2:241		strong	2:241	2:232	2:232	same_surah	label_target_note	ranked_review	Requires remarriage arrangements to proceed بالمعروف after divorce, extending the same norm through the transition.	focus_2_241_cutoff_100.tsv	31	5c0cf92e08b0920a74eedf455529200e0f9d45e20edc41010795d98266efc612
reciprocal_nomination	2:232	2:242		strong	2:242	2:232	2:232	same_surah	label_target_note	ranked_review	Adds the adjacent remarriage rule and its moral instruction.	focus_2_242_cutoff_100.tsv	23	65221b0b7a60bfc8245dbd57b616d4ef8d102524bc218e0bb8c210be76a84f8a
reciprocal_nomination	2:232	2:272		weak	2:272	2:232	2:232	same_surah	label_target_note	ranked_review	God's knowledge beyond human knowledge is a general parallel to the divine side of guidance.	focus_2_272_cutoff_100.tsv	93	be104fd5301cc3465103492fe3d2e64edbd58cee7f26d976138da14d07e43876
reciprocal_nomination	2:232	3:14		weak	3:14	2:232	2:232	cross_surah	label_target_note	ranked_review	Marriage regulation mentions women but does not treat them as worldly attraction.	focus_3_14_cutoff_100.tsv	69	e16e69d9e2e7b0aae16e1742f5d4e0b132e95fbc690415a2c0d700cc1dd6bf38
reciprocal_nomination	2:232	3:42		weak	3:42	2:232	2:232	cross_surah	label_target_note	ranked_review	Offers a mixed, distant use of purity within family regulation.	focus_3_42_cutoff_100.tsv	24	0433a88ce822992ab0a92446e5f5942f2ebf1d30a73f18a904e5ed0e3af2a5b0
reciprocal_nomination	2:232	3:66		weak	3:66	2:232	2:232	cross_surah	label_target_note	ranked_review	Repeats divine-human knowledge asymmetry in a legal instruction.	focus_3_66_cutoff_100.tsv	13	550aec8e9a407c825334bd8250a7090093ccbb141c322bb60c3d4dd0c2fd6958
reciprocal_counterevidence	2:232	3:71		no value	3:71	2:232	2:232	cross_surah	label_target_note	ranked_review	General knowledge contrast in a distinct legal setting.	focus_3_71_cutoff_100.tsv	84	4ee0cdc292e09c87fd3b5c2cdfd5648189b461c89c5534c45a59ca3868f9736e
reciprocal_nomination	2:232	3:114		weak	3:114	2:232	2:232	cross_surah	label_target_note	ranked_review	Applies faith in God and the Last Day to conduct by recognized good, repetitively.	focus_3_114_cutoff_100.tsv	34	b414895ac41c7efad4024a714d5b651764e743f3d48a9bd24ae4aa1a772b1191
reciprocal_counterevidence	2:232	3:122		no value	3:122	2:232	2:232	cross_surah	label_target_note	ranked_review	Marriage and divorce guidance do not add to the focus.	focus_3_122_cutoff_100.tsv	67	5c457c4b65dc76618e48b3b3c5b6fe4d1f96de4be451c5403f2f2b64a22465be
reciprocal_counterevidence	2:232	3:140		no value	3:140	2:232	2:232	cross_surah	label_target_note	ranked_review	A marital waiting-term rule does not contribute to the focus's battle sequence.	focus_3_140_cutoff_100.tsv	85	f2bfc1b161a32264ee840b754e7f624a0bdd62e3842cc9a5108bd82e66580450
reciprocal_counterevidence	2:232	3:175		no value	3:175	2:232	2:232	cross_surah	label_target_note	ranked_review	Marriage regulation does not add to the focus's relation.	focus_3_175_cutoff_100.tsv	37	8725044cf5c521bcbdecae3c065ce0aa3f6278b57739f199477d3e0a06e76270
reciprocal_nomination	2:232	4:3		strong	4:3	2:232	2:232	cross_surah	label_target_note	missing_ayah_suggestion	It forbids obstructing women from remarriage when there is mutual agreement on fitting terms.	focus_4_3_cutoff_100.tsv	109	5a923560cf693ebaa9805a876802338ae025bbb30dcb7642e690666e42317a04
reciprocal_nomination	2:232	4:4		strong	4:4	2:232	2:232	cross_surah	label_target_note	ranked_review	It forbids obstructing divorced women from remarriage when they mutually agree in a recognized way, directly supporting women's agency and mutual consent.	focus_4_4_cutoff_100.tsv	90	0209d7b45906ef2f820ef234c004d98ebccb1a2dfe53350fa2bf9dceae914352
reciprocal_nomination	2:232	4:6		medium	4:6	2:232	2:232	cross_surah	label_target_note	ranked_review	Shared threshold and recognizable-conduct patterns give an indirect transition parallel without a route.	focus_4_6_cutoff_100.tsv	13	943923cefc98d4311e672b05524dcd923d4a4d032bca66522edf23fea4050106
reciprocal_nomination	2:232	4:19		strong	4:19	2:232	2:232	cross_surah	label_target_note	ranked_review	Directly forbids obstructing divorced women from remarriage and requires mutual agreement in what is honorable.	focus_4_19_cutoff_100.tsv	10	c9ea3a13c02ad94dd2b55473bbc07096e51c15e35333a6bde3ae0fdd61a53434
reciprocal_nomination	2:232	4:21		medium	4:21	2:232	2:232	cross_surah	label_target_note	ranked_review	Marriage dissolution and non-obstruction provide a meaningful legal-relational parallel, but not the focus's covenant wording.	focus_4_21_cutoff_100.tsv	67	67af0567fce7b604448e9eafe1c2d6e63f64acc89cf12593539e91623a6e9664
reciprocal_nomination	2:232	4:22		medium	4:22	2:232	2:232	cross_surah	label_target_note	ranked_review	It forbids obstructing women from remarriage, adding a distinct protection of lawful marital agency.	focus_4_22_cutoff_100.tsv	34	15b564bd6babd38945199a0553cc602c6a7d94ac8773785dab3c1edb65792fea
reciprocal_nomination	2:232	4:23		strong	4:23	2:232	2:232	cross_surah	label_target_note	missing_ayah_suggestion	It prohibits obstructing remarriage when the parties agree honorably, directly addressing marriage eligibility and consent.	focus_4_23_cutoff_100.tsv	110	3a15af5825a073b5e65f761f11d528fbd8972f3787fb618cf9982b4004199900
reciprocal_nomination	2:232	4:24		strong	4:24	2:232	2:232	cross_surah	label_target_note	ranked_review	It forbids blocking women from remarriage when the parties mutually agree in honorable terms.	focus_4_24_cutoff_100.tsv	34	5f192b942ec4f5a2fedafc555b738153f984eb6bd803cf42b7912ce6f97bc544
reciprocal_nomination	2:232	4:25		strong	4:25	2:232	2:232	cross_surah	label_target_note	ranked_review	It directly forbids blocking women from remarriage when the parties agree in an honorable manner.	focus_4_25_cutoff_100.tsv	19	65a9a44e32b4444aa345a067c319a6fcca296baf9f4c7d2e5ea29d26b76f65d5
reciprocal_nomination	2:232	4:34		strong	4:34	2:232	2:232	cross_surah	label_target_note	ranked_review	It directly prohibits obstructing a woman's remarriage by mutual consent, reinforcing constrained family authority.	focus_4_34_cutoff_100.tsv	19	dceb999b6eaa9a40dc2c8ec1dbfff2e23bdd211bd8506e1863641c932d88e62f
reciprocal_nomination	2:232	4:35		strong	4:35	2:232	2:232	cross_surah	label_target_note	missing_ayah_suggestion	Its marital reunion setting turns on mutual agreement, a close counterpart to shared intent for repair.	focus_4_35_cutoff_100.tsv	104	badc527c718ac37ae59eccd7c66ae914a7c639964d87fbaeec10e0771d6931f7
reciprocal_nomination	2:232	4:39		medium	4:39	2:232	2:232	cross_surah	label_target_note	ranked_review	Directly invokes belief in Allah and the Last Day, but within a separate family-law instruction.	focus_4_39_cutoff_100.tsv	28	a8ef2f4d4d0742469d4edc776643542db62473104167e9d013f8facac5272373
reciprocal_nomination	2:232	4:43		medium	4:43	2:232	2:232	cross_surah	label_target_note	ranked_review	Uses women, a completed term, and purity language in a regulated boundary setting, offering a partial parallel.	focus_4_43_cutoff_100.tsv	28	2a243df78f1586439cf5ec4409e227e1720f9d7af0087e9cce58d9404e64980d
reciprocal_nomination	2:232	4:58		weak	4:58	2:232	2:232	cross_surah	label_target_note	ranked_review	Mutual agreement in a marital matter gives only a limited fairness parallel.	focus_4_58_cutoff_100.tsv	25	0e6ee1400a2ff10567b60a81d74cf1ad74de4cd43a066a49a112bb299c9fd006
reciprocal_counterevidence	2:232	4:59		no value	4:59	2:232	2:232	cross_surah	label_target_note	ranked_review	No material connection to the focus verse.	focus_4_59_cutoff_100.tsv	31	4f4fa1d897970aab72cdc33d7d13a533059672a878b0b294a95b60fa9b39f78c
reciprocal_nomination	2:232	4:63		medium	4:63	2:232	2:232	cross_surah	label_target_note	ranked_review	Its admonition and knowledge language provide a limited procedural parallel, without the focus's resistant addressees.	focus_4_63_cutoff_100.tsv	64	57020df5d950cee76a23471ac75343d255cb4d98a4fcb656671d281ee65ffe8f
reciprocal_nomination	2:232	4:66		medium	4:66	2:232	2:232	cross_surah	label_target_note	ranked_review	Calls a concrete legal direction an admonition and associates following it with a better, purer result.	focus_4_66_cutoff_100.tsv	30	233c27eff5aa55b8d4fea48d6b3589106d63e0c75fe4747ff88cb9f734c79091
reciprocal_nomination	2:232	4:127		strong	4:127	2:232	2:232	cross_surah	label_target_note	ranked_review	Forbids obstructing a woman's mutually accepted remarriage after her waiting term.	focus_4_127_cutoff_100.tsv	51	d186cd766bd421b591b33ee175465c37165ec451a15c338ff46d56419a78f33f
reciprocal_nomination	2:232	4:128		strong	4:128	2:232	2:232	cross_surah	label_target_note	missing_ayah_suggestion	Protects mutually agreed remarriage from outside obstruction after separation.	focus_4_128_cutoff_100.tsv	106	934ab4a6cf35d3b49ed9487769e4e3d2e949bac56c0cc6165e805c289b804f6c
reciprocal_nomination	2:232	4:129		medium	4:129	2:232	2:232	cross_surah	label_target_note	missing_ayah_suggestion	Forbids obstructing mutually agreed remarriage, preserving agency after separation.	focus_4_129_cutoff_100.tsv	106	0ca85c8f4814191369beff4ec8062aef423df0e76ed2322c2ea573a8de09840f
reciprocal_nomination	2:232	4:130		medium	4:130	2:232	2:232	cross_surah	label_target_note	missing_ayah_suggestion	Keeps a former couple's possible renewed union open after separation.	focus_4_130_cutoff_100.tsv	105	0359eebe0684939b155ffcb2fcf1fd60f2b6a11b8aef01a699178fb4ad4b1419
reciprocal_nomination	2:232	5:3		weak	5:3	2:232	2:232	cross_surah	label_target_note	ranked_review	A marital non-obstruction rule has no material connection to 5:3.	focus_5_3_cutoff_100.tsv	25	b652ee13bb2b71e701fadd4589cb3b6dc7270f7caa8ead563ec30de1c9eb8a10
reciprocal_nomination	2:232	5:5		strong	5:5	2:232	2:232	cross_surah	label_target_note	missing_ayah_suggestion	Forbids obstructing remarriage by mutual, recognized agreement.	focus_5_5_cutoff_100.tsv	164	bd6f4ebf5f3d474d82a58eae5eafbc60e68bbd2cd052353eb15ab6f9883ad302
reciprocal_counterevidence	2:232	5:41		no value	5:41	2:232	2:232	cross_surah	label_target_note	ranked_review	Purification in marital procedure is too remote.	focus_5_41_cutoff_100.tsv	57	45a703db33a2009a5f08fba1491e714f7388d1096beef22c5ba4ee32355b374c
reciprocal_counterevidence	2:232	5:46		no value	5:46	2:232	2:232	cross_surah	label_target_note	ranked_review	Its family-law admonition does not add to the Gospel's role.	focus_5_46_cutoff_100.tsv	72	0d9db37a3a99fae39fa76024c260875da52c14fde4ce7bbf91a1f9fab645a6a0
reciprocal_nomination	2:232	5:69		weak	5:69	2:232	2:232	cross_surah	label_target_note	ranked_review	Uses faith in Allah and the Last Day within a specific family-law exhortation.	focus_5_69_cutoff_100.tsv	22	28c0d27487c5b417e37b3fa5ed158cccca99d0e139212fd1452f449a84c3aba0
reciprocal_nomination	2:232	5:79		medium	5:79	2:232	2:232	cross_surah	label_target_note	missing_ayah_suggestion	Forbids obstructing a lawful reconciliation, preserving the distinction between rightful and wrongful restraint.	focus_5_79_cutoff_100.tsv	102	3927f9895074da71315ddcf22597a5035e8f1afaca4ef81dd6c1d7090c8b8a4c
reciprocal_counterevidence	2:232	5:96		no value	5:96	2:232	2:232	cross_surah	label_target_note	ranked_review	Marriage regulation offers no relevant food, travel, or consecration insight.	focus_5_96_cutoff_100.tsv	91	c9016e7a8e8731a0ec2d2c082e3a720b5cb83c4a5786cb2d92e64a166db21205
reciprocal_counterevidence	2:232	6:20		no value	6:20	2:232	2:232	cross_surah	label_target_note	ranked_review	Marriage guidance does not clarify the focus.	focus_6_20_cutoff_100.tsv	99	0a8e49a12079121dc12447360be75cd9f139e09ff0fc8d7de37e0f8978fe1690
reciprocal_nomination	2:232	6:67		weak	6:67	2:232	2:232	cross_surah	label_target_note	ranked_review	Human not-knowing versus divine knowledge is broad and unlinked to the focus motif.	focus_6_67_cutoff_100.tsv	95	329b1a278ea39e432fb9657ab4c61219350480765fe4eb4789e13822ff6890a3
reciprocal_nomination	2:232	6:113		weak	6:113	2:232	2:232	cross_surah	label_target_note	ranked_review	Mixed acceptance route is a distant social-context parallel.	focus_6_113_cutoff_100.tsv	60	bc74fc00361a966d01abcf7d7d49565aa62153d27eb584858b6f207a2d3bdca7
reciprocal_counterevidence	2:232	6:163		no value	6:163	2:232	2:232	cross_surah	label_target_note	ranked_review	Legal exhortation does not illuminate exclusive devotion.	focus_6_163_cutoff_100.tsv	93	6a7149ce2485af237441ea2c784e6d368ca5b42f798a2b10332ba7ac5186c989
reciprocal_nomination	2:232	7:7		weak	7:7	2:232	2:232	cross_surah	label_target_note	ranked_review	Divine knowing over human ignorance is general and not account-specific.	focus_7_7_cutoff_100.tsv	97	0355678dc0400bbd4477e01bd2f0764acd2f46453a3ae917ea95a7c81f43d321
reciprocal_counterevidence	2:232	7:28		no value	7:28	2:232	2:232	cross_surah	label_target_note	ranked_review	Its knowledge contrast concerns family law, without a meaningful link to the focus issue.	focus_7_28_cutoff_100.tsv	59	6a05222a410e6f5c282f6d677afb4c1f7d844339de1b028ffc2e0146d8ba9018
reciprocal_nomination	2:232	7:62		medium	7:62	2:232	2:232	cross_surah	label_target_note	ranked_review	Contrasts Allah's knowledge with human lack of knowledge in another legal setting.	focus_7_62_cutoff_100.tsv	79	196f9151cac9adb8f28de7f5e613c06f5905291291e4b87d798033259bef40a5
reciprocal_nomination	2:232	7:82		weak	7:82	2:232	2:232	cross_surah	label_target_note	ranked_review	Purification and non-obstruction provide a secondary contrary boundary case.	focus_7_82_cutoff_100.tsv	51	1e2eacb14c883a02ca9bcf3a063e2079c6c7c7d04a06675d021c748c16516a37
reciprocal_nomination	2:232	7:164		weak	7:164	2:232	2:232	cross_surah	label_target_note	ranked_review	Legal exhortation is a remote use of admonition.	focus_7_164_cutoff_100.tsv	88	8774c204e4d587e407705aa901653ebb610db25fa8c434deef69b515551ad1f4
reciprocal_nomination	2:232	9:18		weak	9:18	2:232	2:232	cross_surah	label_target_note	ranked_review	Its purity reading belongs to a separate family-law setting.	focus_9_18_cutoff_100.tsv	72	b33b87baff6685fb7efc25f82c51197f2023bce9b80b15de133647f9683c3ec8
reciprocal_counterevidence	2:232	9:44		no value	9:44	2:232	2:232	cross_surah	label_target_note	ranked_review	The shared faith formula is embedded in a divorce instruction with no focused addition.	focus_9_44_cutoff_100.tsv	19	6718dc4937f1f8d0cffac8de01a48be3d7119bf414ebd25fa36aef0def2da4be
reciprocal_counterevidence	2:232	9:56		no value	9:56	2:232	2:232	cross_surah	label_target_note	ranked_review	No clear addition to the focus claim.	focus_9_56_cutoff_100.tsv	78	29a92e190b0c45a7f5a00bf87cd30eb998392bc0f3f24581c0e83ddcef007c26
reciprocal_nomination	2:232	9:58		weak	9:58	2:232	2:232	cross_surah	label_target_note	ranked_review	Mutual consent is a different relational setting.	focus_9_58_cutoff_100.tsv	84	5f7c1099ce997a8c945931e7945934cda677ccacc1437c2131d6a8212e6db766
reciprocal_counterevidence	2:232	9:61		no value	9:61	2:232	2:232	cross_surah	label_target_note	ranked_review	Belief and purification in a marital rule do not illuminate the focus.	focus_9_61_cutoff_100.tsv	78	d4ae7e77da6ded986143022d3d814122af06b21307a6b734acae978e99a76f8d
reciprocal_nomination	2:232	9:62		weak	9:62	2:232	2:232	cross_surah	label_target_note	ranked_review	Mutual consent is a distant and different use of approval.	focus_9_62_cutoff_100.tsv	49	253016b0787bf50609dbd9bfa65b0f591ce41e36df76802b692d6cf42817cb61
reciprocal_nomination	2:232	9:96		weak	9:96	2:232	2:232	cross_surah	label_target_note	ranked_review	Mutual agreement in another legal setting only loosely parallels the focus's approval language.	focus_9_96_cutoff_100.tsv	37	6d6bd3b688f254ceb3577195c68ab4c3662bec125fb44be749af1baab65946e5
reciprocal_nomination	2:232	9:103		weak	9:103	2:232	2:232	cross_surah	label_target_note	ranked_review	Offers a distant purity and relational-order analogy, not a giving or prayer case.	focus_9_103_cutoff_100.tsv	9	18184e0f379e56208416c567a3a27f2afe7c0ddab514f562633ad983f71f80b4
reciprocal_nomination	2:232	9:108		weak	9:108	2:232	2:232	cross_surah	label_target_note	ranked_review	Mixed f01 treats protection becoming obstructive control; a distant boundary case for communal order.	focus_9_108_cutoff_100.tsv	66	ec6ef8bbbc94bb67a2c48076f117a9ba7fe5bf14981d3410aa133621e5dcc92f
reciprocal_counterevidence	2:232	10:28		no value	10:28	2:232	2:232	cross_surah	label_target_note	ranked_review	No material focus-specific connection.	focus_10_28_cutoff_100.tsv	93	9247a2f2253037aa449b4546afdbd72aee9b36987993f10d88b6c500a8cdf185
reciprocal_nomination	2:232	10:40		medium	10:40	2:232	2:232	cross_surah	label_target_note	ranked_review	Human ignorance versus divine knowledge supports caution about inward judgment.	focus_10_40_cutoff_100.tsv	51	803bc662a828791688c2f51e8d30f33994ac24f14120c9d0f235a587f87bea4d
reciprocal_nomination	2:232	10:57		medium	10:57	2:232	2:232	cross_surah	label_target_note	missing_ayah_suggestion	Links what is admonished by to those who believe and the Last Day.	focus_10_57_cutoff_100.tsv	105	5aa797ce5085ea72dd0a2166d3ad57503d7a583a1a91ddc8bc10d45c321b4863
reciprocal_counterevidence	2:232	11:2		no value	11:2	2:232	2:232	cross_surah	label_target_note	ranked_review	No focused route or distinct parallel is supplied.	focus_11_2_cutoff_100.tsv	93	d2bff1ea792229e2e54609c7017a6476395843c0238f4431b144bf39f7d4070c
reciprocal_counterevidence	2:232	11:21		no value	11:21	2:232	2:232	cross_surah	label_target_note	ranked_review	No material connection to the focus.	focus_11_21_cutoff_100.tsv	98	c3ea3675d427052c07490c8edd43ae5974ef03f90306cfa385babab9685dd257
reciprocal_nomination	2:232	11:46		weak	11:46	2:232	2:232	cross_surah	label_target_note	ranked_review	Links admonition and unequal knowledge in a different family-law setting.	focus_11_46_cutoff_100.tsv	30	16a0e57e9681cc2c8e4311ed61c0280f2fd1c8aff7a3b409e22aa456627ded1f
reciprocal_counterevidence	2:232	11:101		no value	11:101	2:232	2:232	cross_surah	label_target_note	ranked_review	The family-law instruction does not clarify the focus.	focus_11_101_cutoff_100.tsv	94	5980790ea7c653954ffffbe40980f979ceb4e652f5ab4d32f88bd9609e5139d2
reciprocal_nomination	2:232	12:23		medium	12:23	2:232	2:232	cross_surah	label_target_note	missing_ayah_suggestion	Kadınların evlenme kararını engellememe buyruğu, irade alanını daraltan baskıya karşı ikincil bir koruma verir.	focus_12_23_cutoff_100.tsv	121	f04c54f28a884dc3c5fc0c536fb89f8406cce044c8cf2941fa539ae5ba5e12bf
reciprocal_nomination	2:232	12:32		medium	12:32	2:232	2:232	cross_surah	label_target_note	missing_ayah_suggestion	Forbids preventing women from a lawful remarriage, a related limit on controlling women's relational choices.	focus_12_32_cutoff_100.tsv	126	47d749f4486ce773b471433e827411c71cfa802ae6613a2da1aaa84437688d07
reciprocal_counterevidence	2:232	15:38		no value	15:38	2:232	2:232	cross_surah	label_target_note	ranked_review	A legal waiting term and final-day belief do not clarify 15:38.	focus_15_38_cutoff_100.tsv	87	60a572e990c159820de54c7e55a795a76fd5e7c73607e164873368cc4b812b31
reciprocal_counterevidence	2:232	16:8		no value	16:8	2:232	2:232	cross_surah	label_target_note	ranked_review	The divine-human knowledge contrast concerns a social rule, not the focus.	focus_16_8_cutoff_100.tsv	78	1e8eb949d41721cf3f8874422e1a173a779452e5d1f30f87881e04376d8d7496
reciprocal_counterevidence	2:232	16:54		no value	16:54	2:232	2:232	cross_surah	label_target_note	ranked_review	Marriage regulation does not clarify the focus.	focus_16_54_cutoff_100.tsv	70	0376c261b974b96ddc2adbf9dd0f12418c317015a83275470195e544ecf273b9
reciprocal_nomination	2:232	16:72		medium	16:72	2:232	2:232	cross_surah	label_target_note	missing_ayah_suggestion	The prevention of remarriage adds a social boundary around spouses and household formation.	focus_16_72_cutoff_100.tsv	155	d45773e96ac7e8311a79404d3f2bda377f36e2282ccfa408bae3d3a20a0b0f71
reciprocal_nomination	2:232	16:74		medium	16:74	2:232	2:232	cross_surah	label_target_note	ranked_review	Applies divine-knowledge and human-nonknowledge asymmetry to judgment.	focus_16_74_cutoff_100.tsv	9	a6d9e690c66b8646cc52dff423482938c7c66ae36763361e22edc9f23875d607
reciprocal_nomination	2:232	16:78		weak	16:78	2:232	2:232	cross_surah	label_target_note	ranked_review	Allah’ın bilmesi ile insanın bilmemesi, bilgi sınırına genel bir paralel verir.	focus_16_78_cutoff_100.tsv	79	e5e40e1ec9af8fea2e226268394a4d207ebd4140221df6c63783f58b360da0a3
reciprocal_counterevidence	2:232	16:82		no value	16:82	2:232	2:232	cross_surah	label_target_note	ranked_review	Balag and bayna have unrelated legal meanings.	focus_16_82_cutoff_100.tsv	43	ba664d0edd53c27f5f7fd97c066aa42c06b8c585c7317311eefbbaec2d307a19
reciprocal_nomination	2:232	16:90		medium	16:90	2:232	2:232	cross_surah	label_target_note	ranked_review	Korumanın tarafların maruf anlaşmasını engelleyen baskıya dönüşmesini yasaklar.	focus_16_90_cutoff_100.tsv	75	36602fe6177ae89286dd7fed447e676a4567ca50bb6274e14d18bae82228ced9
reciprocal_counterevidence	2:232	17:35		no value	17:35	2:232	2:232	cross_surah	label_target_note	ranked_review	Its consent rule adds no specific measure, balance, or outcome link.	focus_17_35_cutoff_100.tsv	49	0ef333482bfb6ceb918efd9232e5bce0d26936e40fb81c2989d3f00b7e1c8ade
reciprocal_nomination	2:232	18:19		weak	18:19	2:232	2:232	cross_surah	label_target_note	ranked_review	Azka as purer action is a distant semantic parallel to choosing azka food.	focus_18_19_cutoff_100.tsv	63	c3e45ba5fcc2ccc9909169b8c68726df17bedbf386aeb32b9428dbafa270141c
reciprocal_nomination	2:232	18:74		medium	18:74	2:232	2:232	cross_surah	label_target_note	ranked_review	It couples what is purer with Allah's knowledge where humans do not know, closely echoing the focus's purity and knowledge-limit themes in another setting.	focus_18_74_cutoff_100.tsv	78	8738c6b59a3e192718bdba44185ca9a1d6bcc30645419e6d1e9b396414c473f1
reciprocal_nomination	2:232	20:7		weak	20:7	2:232	2:232	cross_surah	label_target_note	ranked_review	God's superior knowledge is general and not about hidden or spoken content.	focus_20_7_cutoff_100.tsv	81	a665f4f11f9dcc2d49446d31541f4403ab216f362ade4446043a3a1b2b168276
reciprocal_nomination	2:232	20:16		weak	20:16	2:232	2:232	cross_surah	label_target_note	ranked_review	Belief in God and the Last Day appears in a marital ruling, with little further overlap.	focus_20_16_cutoff_100.tsv	67	0e35275f95ebc45ff0366bdfbb3f2db8a2e95ea124294435456318c5d10d6071
reciprocal_counterevidence	2:232	20:31		no value	20:31	2:232	2:232	cross_surah	label_target_note	ranked_review	Marriage regulation does not illuminate Musa's request for reinforcement.	focus_20_31_cutoff_100.tsv	82	fb9e02e89478ab39ffe80964cd5c171d2ebbbc496eb86878109b60d0abe53585
reciprocal_counterevidence	2:232	20:61		no value	20:61	2:232	2:232	cross_surah	label_target_note	ranked_review	Boşanmış kadınların yeniden evlenmesini engellememe hükmü, 20:61'in temasıyla ilgili değildir.	focus_20_61_cutoff_100.tsv	94	5f1e7a48107754f9c2ab82e26480eeaa90293f943dcc94e9267f6556f4d01887
reciprocal_counterevidence	2:232	20:103		no value	20:103	2:232	2:232	cross_surah	label_target_note	ranked_review	Marriage consent and mutual agreement do not clarify the focus.	focus_20_103_cutoff_100.tsv	90	ef3ff795ae3671c5bf12ef38f50d09e7935f98429c2fa123574647f403b6aeb1
reciprocal_nomination	2:232	20:110		strong	20:110	2:232	2:232	cross_surah	label_target_note	missing_ayah_suggestion	It repeats the direct contrast between divine knowledge and what people do not know.	focus_20_110_cutoff_100.tsv	104	f2062e2d615eda96a2f047f6d004427e4cb19019e59e92fd7486e163c6d9e6ea
reciprocal_counterevidence	2:232	21:69		no value	21:69	2:232	2:232	cross_surah	label_target_note	ranked_review	The marriage instruction has no relevant connection to the focus.	focus_21_69_cutoff_100.tsv	100	7c0fac7212a2256835e15e883a7150b51355d00fcaf782775ff81744ecbd4be3
reciprocal_counterevidence	2:232	21:93		no value	21:93	2:232	2:232	cross_surah	label_target_note	ranked_review	Mutual agreement in marriage does not materially clarify the focus's division of an affair.	focus_21_93_cutoff_100.tsv	87	0fa2074a0b77928124055cf4a66cdeca26c8f5ac558480f2bd88d8242a5391e2
reciprocal_counterevidence	2:232	22:30		no value	22:30	2:232	2:232	cross_surah	label_target_note	ranked_review	Its divorce regulation does not add to the focus's central relations.	focus_22_30_cutoff_100.tsv	91	0953a9ea5cec02d8d097c092bb33d29fb0ef66944dbaa617703a81563ae43086
reciprocal_nomination	2:232	23:4		weak	23:4	2:232	2:232	cross_surah	label_target_note	ranked_review	Calls non-obstructive social conduct more purifying, but without zakat-specific practice.	focus_23_4_cutoff_100.tsv	86	94308a8dccb5fb929357142a82a28ab78ea2921e38c9abed5d2529017f91bd34
reciprocal_counterevidence	2:232	23:101		no value	23:101	2:232	2:232	cross_surah	label_target_note	ranked_review	Rules about remarriage between spouses do not clarify the eschatological suspension of kin ties.	focus_23_101_cutoff_100.tsv	75	77884e995919554482bde33ee509a0f5fea86e14101aba12c6c8d59de51ff421
reciprocal_nomination	2:232	24:3		weak	24:3	2:232	2:232	cross_surah	label_target_note	ranked_review	Protects consensual remarriage after divorce, but is less direct than the preceding marriage rules.	focus_24_3_cutoff_100.tsv	36	33e9030dc4f27516ae2a8397829bf311db5b35a8b57a208ded28cd488f2f7893
reciprocal_nomination	2:232	24:17		weak	24:17	2:232	2:232	cross_surah	label_target_note	ranked_review	Its admonition governs divorce obstruction, with only a generic belief-and-warning parallel.	focus_24_17_cutoff_100.tsv	63	04c31bdfca7d5b2c299e677d8b86ed728253d3c81afc2c7c37bd874bcb6edcf5
reciprocal_nomination	2:232	24:19		weak	24:19	2:232	2:232	cross_surah	label_target_note	ranked_review	Addresses obstruction of remarriage and invokes God's superior knowledge, with little connection to public indecency.	focus_24_19_cutoff_100.tsv	22	73f8f3287a9a933cfe0ec73aaf249e154aebc222bfd9b40f090046317123cd6a
reciprocal_nomination	2:232	24:28		weak	24:28	2:232	2:232	cross_surah	label_target_note	ranked_review	Its warning against obstructing an agreed marriage uses purification language but concerns a different boundary and authority relation.	focus_24_28_cutoff_100.tsv	10	fb073f96afbe527df61c26b35a4d6eafbf0abca49527e1d6851d853753b6166b
reciprocal_nomination	2:232	24:30		medium	24:30	2:232	2:232	cross_surah	label_target_note	ranked_review	Calling consensual remarriage purer and pairing it with divine knowledge gives a related ethic of regulated intimate relations.	focus_24_30_cutoff_100.tsv	25	ff49e59cbc1e6d3cf09874199bac489da127c36e25c995cf463ceced58d03ff4
reciprocal_nomination	2:232	24:32		medium	24:32	2:232	2:232	cross_surah	label_target_note	ranked_review	It forbids obstructing remarriage when the parties agree properly, reinforcing communal responsibility to permit lawful households.	focus_24_32_cutoff_100.tsv	37	97d79b07e7790007f448e39b52cd7d0380efa67b51163602cdeef1dcd7c0f0ff
reciprocal_nomination	2:232	24:33		medium	24:33	2:232	2:232	cross_surah	label_target_note	missing_ayah_suggestion	Forbids preventing women from remarriage when they mutually agree, affirming women's marital agency against controlling interference.	focus_24_33_cutoff_100.tsv	114	c90e22e3de5c9f48ce606f5507ae122b826a70d642283cbe788f61531e01339c
reciprocal_nomination	2:232	24:34		weak	24:34	2:232	2:232	cross_surah	label_target_note	ranked_review	A divorce-specific admonition has only broad functional overlap.	focus_24_34_cutoff_100.tsv	57	daf63d72ee14250d2ed70ecfce58e8cc33ee4492532715c03116e6e8ac915a1b
reciprocal_nomination	2:232	24:48		weak	24:48	2:232	2:232	cross_surah	label_target_note	ranked_review	It regulates agreement between spouses, only broadly involving matters between parties.	focus_24_48_cutoff_100.tsv	55	e32bd8e45ecf90ea7535bbdf3864582ca5e8ed5bc221c327dbda52c8665b83d7
reciprocal_counterevidence	2:232	24:59		no value	24:59	2:232	2:232	cross_surah	label_target_note	ranked_review	Regulates remarriage after divorce, not children’s domestic entry.	focus_24_59_cutoff_100.tsv	19	e5335bb2856b8ece567e1b7a3238252eac734f71da574cef6ff2898e94d6e8d2
reciprocal_nomination	2:232	24:60		medium	24:60	2:232	2:232	cross_surah	label_target_note	missing_ayah_suggestion	Forbids preventing divorced women from remarrying by mutual agreement, clarifying that marriage expectation can change through a regulated social process.	focus_24_60_cutoff_100.tsv	115	f1c5e36e2c6f90cb70525b4efc5b3db2f5cd7c62e86c4758329bc62d3583fdbb
reciprocal_counterevidence	2:232	26:130		no value	26:130	2:232	2:232	cross_surah	label_target_note	ranked_review	The divorce instruction does not clarify tyrannical force.	focus_26_130_cutoff_100.tsv	52	9c7a8c5c8d2525915be46458ebd0251ccfa2fdd1aeb73e390d492d46de6e6423
reciprocal_nomination	2:232	26:136		weak	26:136	2:232	2:232	cross_surah	label_target_note	ranked_review	Counsel regulates a legal situation, without a close response or ch005 connection.	focus_26_136_cutoff_100.tsv	54	9de0f8f36eba27cd46ea27e29b5aac641c7bc495846652d1419d03502294a138
reciprocal_counterevidence	2:232	26:199		no value	26:199	2:232	2:232	cross_surah	label_target_note	ranked_review	Marriage regulation and divine knowledge do not clarify the focus.	focus_26_199_cutoff_100.tsv	99	4eb18407787fd35341c56f3090d264c2cbf2a6dca9408c33d05260d93d91e4a3
reciprocal_nomination	2:232	27:56		weak	27:56	2:232	2:232	cross_surah	label_target_note	ranked_review	Engellememenin daha temiz oluşu, 27:56'daki toplumsal dışlamaya ancak genel adalet ilkesiyle bağlanır.	focus_27_56_cutoff_100.tsv	48	4c0cbe3ea7b0bc325b0622d9b29ffa4c0d7f7f15c136877e93f6b57ee49b1f13
reciprocal_nomination	2:232	28:28		medium	28:28	2:232	2:232	cross_surah	label_target_note	ranked_review	Once a waiting term ends, parties may resume marriage by mutual acceptable consent; this parallels term-bounded marital agency.	focus_28_28_cutoff_100.tsv	43	9d8e715890b2415ab1bdcc3fb7e5d0311e83086c15cc268701756a4d3093dcc9
reciprocal_nomination	2:232	30:21		medium	30:21	2:232	2:232	cross_surah	label_target_note	missing_ayah_suggestion	It forbids preventing divorced women from remarrying by mutual agreement, preserving legitimate relational choice.	focus_30_21_cutoff_100.tsv	107	0317053584b5ca009647a7866de54ae9cd0682e17cd33cec3de08f72137f0834
reciprocal_nomination	2:232	31:13		weak	31:13	2:232	2:232	cross_surah	label_target_note	ranked_review	The verse mentions being exhorted by God but concerns divorce procedures rather than the focus theme.	focus_31_13_cutoff_100.tsv	55	0fb3caf4f04a31ed4b6faadc7737ef6c00b0946333a413278a24cba34cc67180
reciprocal_counterevidence	2:232	31:14		no value	31:14	2:232	2:232	cross_surah	label_target_note	ranked_review	Marriage after divorce does not meaningfully develop the focus's parental-care sequence.	focus_31_14_cutoff_100.tsv	93	14b5d6d31e4162f65f5927669743468cc00cf39ca39a96b8fa1dcb4f61c36ead
reciprocal_nomination	2:232	33:21		medium	33:21	2:232	2:232	cross_surah	label_target_note	ranked_review	Faith in God and the Last Day grounds an ethical directive, paralleling the focus's addressed audience.	focus_33_21_cutoff_100.tsv	13	ea7508b39aaf40b43c26f89c93df32d4bc2975508d429ad2fda0d7138df1aba6
reciprocal_nomination	2:232	33:28		medium	33:28	2:232	2:232	cross_surah	label_target_note	missing_ayah_suggestion	It forbids preventing divorced women from remarrying by mutual recognized agreement, protecting agency after separation.	focus_33_28_cutoff_100.tsv	106	f9945450dafc83fb069ecaf9718e370df52d17be1ff457fadc4b856abc263d2a
reciprocal_nomination	2:232	33:37		strong	33:37	2:232	2:232	cross_surah	label_target_note	missing_ayah_suggestion	After divorced women complete their term, others must not prevent their marriage; this closely supports the focus's removal of social obstruction after a prior relation ends.	focus_33_37_cutoff_100.tsv	104	c29c6ee748ce42a63c191a118d7e7c72ab1b331702e2fe78fdf84a4b996eb1ad
reciprocal_nomination	2:232	33:49		medium	33:49	2:232	2:232	cross_surah	label_target_note	ranked_review	After a waiting period, guardians may not block a mutually accepted remarriage.	focus_33_49_cutoff_100.tsv	42	f70f07bd970417e2d8d5d2df3bbbea2b588ba9403efb8f7c36bef8222713bf74
reciprocal_nomination	2:232	33:50		strong	33:50	2:232	2:232	cross_surah	label_target_note	missing_ayah_suggestion	It prohibits preventing divorced women from remarrying by mutual agreement, protecting their marital agency.	focus_33_50_cutoff_100.tsv	128	2deb45f88b823fcbff3655160274a300d25ca54d2702fa8e66f40613e29fbdcc
reciprocal_nomination	2:232	33:51		strong	33:51	2:232	2:232	cross_surah	label_target_note	ranked_review	Post-divorce remarriage by mutual agreement closely parallels satisfaction and marital agency.	focus_33_51_cutoff_100.tsv	22	56d17502019b67ec92383f817635ee0272b4385dc3596616d13bcab0286c27e6
reciprocal_nomination	2:232	33:52		medium	33:52	2:232	2:232	cross_surah	label_target_note	missing_ayah_suggestion	Forbids preventing divorced women from remarrying by mutual agreement, clarifying that marital transition is regulated for the parties concerned.	focus_33_52_cutoff_100.tsv	121	fd5472b0356594cd2dc6ee9f1dcd3f5dbda9a9252727a05a7d5026d4a81c5a24
reciprocal_nomination	2:232	33:53		weak	33:53	2:232	2:232	cross_surah	label_target_note	ranked_review	Bosanmadan sonra mesru evlilige engel olmamayi ve bunun daha temiz oldugunu soyler; odaktaki ozel evlilik yasagiyla yalniz uzak bir paraleldir.	focus_33_53_cutoff_100.tsv	13	cc45645ffb7f2991d1fcd4d48c977afd681ec2930d24cae0248b08871fa009e1
reciprocal_nomination	2:232	33:59		medium	33:59	2:232	2:232	cross_surah	label_target_note	ranked_review	Protects women's agency in remarriage against obstructive social interference.	focus_33_59_cutoff_100.tsv	10	ad68ef83e87f5c87209dd94c8d4e1af33def627085a39ef8e95cb647c8c11d83
reciprocal_counterevidence	2:232	34:29		no value	34:29	2:232	2:232	cross_surah	label_target_note	ranked_review	Its divorce guidance does not illuminate the promised event.	focus_34_29_cutoff_100.tsv	99	4dd84be27b19ed02fb7be00e289c9beb3d3cdb9fd7531bd209d934c3015f7dd5
reciprocal_nomination	2:232	35:1		weak	35:1	2:232	2:232	cross_surah	label_target_note	ranked_review	Marriage after divorce is only a remote relation to paired forms.	focus_35_1_cutoff_100.tsv	95	e0a0c92fe5d181708d4dd7491860fae1c233397cb83b24deb72fdff400703c79
reciprocal_counterevidence	2:232	37:18		no value	37:18	2:232	2:232	cross_surah	label_target_note	ranked_review	Marriage and divorce guidance do not clarify the focus.	focus_37_18_cutoff_100.tsv	75	a2f688dd9c28767aff4d24155b5978efb0042e6c3df8bf94edd5d47aede0ab4c
reciprocal_counterevidence	2:232	37:92		no value	37:92	2:232	2:232	cross_surah	label_target_note	ranked_review	The marriage-law instruction does not clarify the focus.	focus_37_92_cutoff_100.tsv	55	4f8a75d5a59dfb2dd47b484c877b7d7e9f8e1f7fe975a91ccf05c19fad52a1a0
reciprocal_counterevidence	2:232	38:58		no value	38:58	2:232	2:232	cross_surah	label_target_note	ranked_review	Marriage and divorce rules do not clarify the focus punishment wording.	focus_38_58_cutoff_100.tsv	84	76b722159cd6ea1c4b3c050e0bc02402081a256a357eb324816627c8e0de5aba
reciprocal_counterevidence	2:232	39:26		no value	39:26	2:232	2:232	cross_surah	label_target_note	ranked_review	Its family-law instruction and appeal to God's knowledge do not add to the focus.	focus_39_26_cutoff_100.tsv	95	c85156136dd4bcaa1e912e5a67ed5396b4cfd08e4b520fb8852ea647736943b3
reciprocal_counterevidence	2:232	40:44		no value	40:44	2:232	2:232	cross_surah	label_target_note	ranked_review	Boşanma düzeni ve öğüt, odaktaki sözün hatırlanması veya işin Allah'a bırakılmasıyla belirgin ilişki kurmaz.	focus_40_44_cutoff_100.tsv	95	ffdd95dff7471641a9f2387b3b3b3f0bc09b545d6a33bd817e44a8cf543a08ab
reciprocal_counterevidence	2:232	43:11		no value	43:11	2:232	2:232	cross_surah	label_target_note	ranked_review	No added connection to the focus.	focus_43_11_cutoff_100.tsv	91	971695039921f102b9301b27fb08ce40cc8eb72fe43ea439aea19907f273ac8e
reciprocal_nomination	2:232	44:54		medium	44:54	2:232	2:232	cross_surah	label_target_note	ranked_review	Adds reciprocal consent as a distinct boundary for re-forming a spouse relation.	focus_44_54_cutoff_100.tsv	93	9eb3583a1e0c36d12aab4e424c6ca04105b59603095ed3f2c46c004b53ba50e8
reciprocal_nomination	2:232	47:30		weak	47:30	2:232	2:232	cross_surah	label_target_note	ranked_review	Knowledge contrast is general and not tied to reading people.	focus_47_30_cutoff_100.tsv	37	d06765d9c9053da0b56139739c5b97864324055ff0c548ab9dffd0a7c461e538
reciprocal_counterevidence	2:232	47:35		no value	47:35	2:232	2:232	cross_surah	label_target_note	ranked_review	Its domestic instruction does not illuminate the focus's conflict-conditioned command.	focus_47_35_cutoff_100.tsv	49	7b89dd3908a2059d016643b4784657612d67373f6a62c80cb7e845b37ab81d08
reciprocal_counterevidence	2:232	51:51		no value	51:51	2:232	2:232	cross_surah	label_target_note	ranked_review	The marital instruction does not add to the focus.	focus_51_51_cutoff_100.tsv	70	6a40a788d73223419d768bb8eed4c023d4a21824d5b85027c6ccc75072b0f4d8
reciprocal_counterevidence	2:232	53:1		no value	53:1	2:232	2:232	cross_surah	label_target_note	ranked_review	The shared conditional form alone adds no focused connection.	focus_53_1_cutoff_100.tsv	85	dec2402b7c0df08fada37ce947211bbbf9140d7ac6091787064e7e6ce2677faa
reciprocal_nomination	2:232	53:46		weak	53:46	2:232	2:232	cross_surah	label_target_note	ranked_review	Spousal relation is not a generative-origin link.	focus_53_46_cutoff_100.tsv	51	32d5470aba340b3b5583de0bb2d8f6d9685a87da7c797a02cdf204aa659db157
reciprocal_counterevidence	2:232	53:61		no value	53:61	2:232	2:232	cross_surah	label_target_note	ranked_review	The legal admonition and knowledge contrast add no focused posture evidence.	focus_53_61_cutoff_100.tsv	57	025d40000b19eb8dd002bee57e20f972d7be6d88e23f9ea7a991b81b15fc0d93
reciprocal_counterevidence	2:232	55:31		no value	55:31	2:232	2:232	cross_surah	label_target_note	ranked_review	No material addition to the focus.	focus_55_31_cutoff_100.tsv	82	9ab526ddda03196325d132f7cb091920d489e3904849083cccb081e42e43fe7e
reciprocal_counterevidence	2:232	56:1		no value	56:1	2:232	2:232	cross_surah	label_target_note	ranked_review	The divorce condition does not clarify the occurrence.	focus_56_1_cutoff_100.tsv	78	3cdc8b8b35699eab3a1344ea02a692ce4ee3f7ff190bbcbe3f0e3e1b77234cb8
reciprocal_nomination	2:232	56:7		weak	56:7	2:232	2:232	cross_surah	label_target_note	ranked_review	A marital reunion is a narrow, redundant pairing parallel.	focus_56_7_cutoff_100.tsv	82	37b0cbb3bf8a31a617947a7b07efd9208778f2200c80e472cae053fa963d08b3
reciprocal_counterevidence	2:232	56:40		no value	56:40	2:232	2:232	cross_surah	label_target_note	ranked_review	No clear contribution to the later-cohort wording or its local frame.	focus_56_40_cutoff_100.tsv	69	5c58b96ce5a914e09d731f06df3acd55e323c35655074fc636e48cb55177b822
reciprocal_nomination	2:232	56:76		weak	56:76	2:232	2:232	cross_surah	label_target_note	ranked_review	Divine knowing versus human unknowing provides a general epistemic asymmetry.	focus_56_76_cutoff_100.tsv	95	1717f59438e75e011df3e772cdd238c674bc2d3a3a114c65ccf6c86b26f9cfeb
reciprocal_nomination	2:232	56:79		weak	56:79	2:232	2:232	cross_surah	label_target_note	ranked_review	Purity marks a social-legal outcome, only indirectly parallel.	focus_56_79_cutoff_100.tsv	36	ec353b94fac7aefeb73a3d86ab1b6a605f75330d15e534b8c93d20b264670537
reciprocal_nomination	2:232	58:3		medium	58:3	2:232	2:232	cross_surah	label_target_note	ranked_review	Boundary: completed waiting limits obstruction of later marital choice.	focus_58_3_cutoff_100.tsv	28	948175b2f8772eb445ec58686e10a13b7079092b5bad31bf22f265feaafae534
reciprocal_nomination	2:232	58:12		medium	58:12	2:232	2:232	cross_surah	label_target_note	ranked_review	Purification language and a limit on obstructive social control offer a secondary boundary parallel.	focus_58_12_cutoff_100.tsv	34	d0cf7d8f03de78976287b28a800b2635d192ad35886afa76307e5f24c6ef9a26
reciprocal_nomination	2:232	60:6		medium	60:6	2:232	2:232	cross_surah	label_target_note	ranked_review	Last-Day faith informs fair relational release and renewed agreement.	focus_60_6_cutoff_100.tsv	34	cc95ed6c05a402ff8f1feb1e8387ce69825dc662dbf7442f8454ec41564ac210
reciprocal_nomination	2:232	60:10		medium	60:10	2:232	2:232	cross_surah	label_target_note	missing_ayah_suggestion	It prevents obstruction of a woman's remarriage once the parties reach recognized agreement.	focus_60_10_cutoff_100.tsv	104	6a1347033d1cda18afd3ec5e454f6b71eb1c5676b272fd72c8713f621b2b12a9
reciprocal_nomination	2:232	60:11		medium	60:11	2:232	2:232	cross_surah	label_target_note	missing_ayah_suggestion	Forbids obstructing women from a recognized remarriage after divorce, preserving agency after the bond ends.	focus_60_11_cutoff_100.tsv	131	fcbc62513b5c1d5e8a68cad28fcbce6d1938b74c6a1e6c6b6270c016c039ac5b
reciprocal_counterevidence	2:232	61:11		no value	61:11	2:232	2:232	cross_surah	label_target_note	ranked_review	No focused addition to 61:11.	focus_61_11_cutoff_100.tsv	34	2ebbfbebfa661a7ba43160f7dafeaa430af04c26be6e7d03c39e34b6604f0287
reciprocal_nomination	2:232	64:14		medium	64:14	2:232	2:232	cross_surah	label_target_note	missing_ayah_suggestion	Prevents obstructing renewed marriage, adding a repair-oriented marital boundary after separation.	focus_64_14_cutoff_100.tsv	104	d4215b84df75a42c93e51fa6345f8ea49cd88c124a76b0fd7b73f2a465d7b9e0
reciprocal_counterevidence	2:232	64:15		no value	64:15	2:232	2:232	cross_surah	label_target_note	ranked_review	Family law and purification offer no clear additional reading of the focus.	focus_64_15_cutoff_100.tsv	95	6d4a1aaabb8e949c3ffefaa1fda12914731df6607ebbccace8209299d0d5aaf3
reciprocal_nomination	2:232	65:1		medium	65:1	2:232	2:232	cross_surah	label_target_note	ranked_review	Prevents obstructing a woman's later marriage after her term.	focus_65_1_cutoff_100.tsv	7	3008cdc985df4f8092596824a9d2d58698e70afde11e93003bb21914086937ac
reciprocal_nomination	2:232	65:2		strong	65:2	2:232	2:232	cross_surah	label_target_note	ranked_review	Direct parallel: reached term, agreement in ma'ruf, exhortation, and belief.	focus_65_2_cutoff_100.tsv	1	1e400e9810181c606b8a1c3f775ec976039ee4b8b25962d8a5f6b0bc4feda904
reciprocal_nomination	2:232	65:4		strong	65:4	2:232	2:232	cross_surah	label_target_note	ranked_review	Connects a divorce-term endpoint with reopening social possibility.	focus_65_4_cutoff_100.tsv	25	0dcfd8ae77dbb8ee7f2a396d2ee3d0a2a51b81d09837ab6bada6761af8a30317
reciprocal_nomination	2:232	65:6		medium	65:6	2:232	2:232	cross_surah	label_target_note	missing_ayah_suggestion	Forbids obstructing women after divorce, extending the anti-coercive boundary beyond residence and support.	focus_65_6_cutoff_100.tsv	103	1348f9e30e35b9877aa4e69655793b9f5619e0f309cff70a3600675dd9461f35
reciprocal_nomination	2:232	66:1		medium	66:1	2:232	2:232	cross_surah	label_target_note	missing_ayah_suggestion	Protects a woman's remarriage from obstructive family intervention.	focus_66_1_cutoff_100.tsv	108	1838bc80dfedbc03e28079d6904adc0eed914c8552a6aba2a6f16bcaa5190dc7
reciprocal_nomination	2:232	66:5		strong	66:5	2:232	2:232	cross_surah	label_target_note	ranked_review	Shows post-divorce remarriage as consent-based relational reconstitution.	focus_66_5_cutoff_100.tsv	10	c31f4b416fd532a0b3e15d412c0479d8750c0feba2487963ceb68870a02e39e5
reciprocal_counterevidence	2:232	68:32		no value	68:32	2:232	2:232	cross_surah	label_target_note	ranked_review	Marriage regulation does not bear on hope, replacement, or Lordward desire here.	focus_68_32_cutoff_100.tsv	97	e3c96d97a2755a0d73427b5d7919ccad24434795da4b1e77f783b6f92ed4a77b
reciprocal_nomination	2:232	69:33		weak	69:33	2:232	2:232	cross_surah	label_target_note	ranked_review	Belief in Allah appears in a legal instruction, with no distinctive clarification of 69:33.	focus_69_33_cutoff_100.tsv	28	012cdbfbd62d0829130374d900b98f9506604a2564e9fd53666e4c85c686f237
reciprocal_nomination	2:232	71:4		weak	71:4	2:232	2:232	cross_surah	label_target_note	ranked_review	Uses a different legal term context with limited relevance to the focus boundary.	focus_71_4_cutoff_100.tsv	34	730c7f12d282ebe65c77c167178e7425305b5382a1d75e51bb998a32ff55da03
reciprocal_counterevidence	2:232	71:7		no value	71:7	2:232	2:232	cross_surah	label_target_note	ranked_review	Marriage and return rules do not clarify 71:7.	focus_71_7_cutoff_100.tsv	97	2578d793bb6ab03fb8ae5be2d4669835025efa2ce561673ea11f607700758566
reciprocal_counterevidence	2:232	71:28		no value	71:28	2:232	2:232	cross_surah	label_target_note	ranked_review	The marriage and remarriage rule does not materially clarify the focus readings.	focus_71_28_cutoff_100.tsv	99	1d3f7b4d14506c3211885054224fc9f84a0a256af0c7c6d5bbc51119974b84e6
reciprocal_counterevidence	2:232	72:13		no value	72:13	2:232	2:232	cross_surah	label_target_note	ranked_review	Its marital regulation mentions belief without a relevant hearing or assurance connection.	focus_72_13_cutoff_100.tsv	84	28779a680ae1884c1ac080df8eb841b5299d54bd8b66cd3991b81f4a1190174b
reciprocal_nomination	2:232	74:4		medium	74:4	2:232	2:232	cross_surah	label_target_note	ranked_review	The comparative purity of a social decision supports an ethical extension of purification, not garment cleaning.	focus_74_4_cutoff_100.tsv	30	a7aadb3390324044ea34947b549fb2dfaaf3ddf5b4f04951329a134589e580bc
reciprocal_counterevidence	2:232	77:1		no value	77:1	2:232	2:232	cross_surah	label_target_note	ranked_review	The customary marital agreement does not clarify 77:1.	focus_77_1_cutoff_100.tsv	87	141ed98e908f950e095a487a303cdd4041a8ff2d1404925c2e0f9954bbe58098
reciprocal_counterevidence	2:232	77:12		no value	77:12	2:232	2:232	cross_surah	label_target_note	ranked_review	The legal waiting term does not materially clarify the deferred Day of Separation.	focus_77_12_cutoff_100.tsv	22	87d3581c4c81e177a493ac2be3937b1a504304dfdb589eb498eb5fcc0a8d7b03
reciprocal_nomination	2:232	78:8		medium	78:8	2:232	2:232	cross_surah	label_target_note	ranked_review	Return to spouses by mutual agreement preserves a concrete reciprocal marital relation.	focus_78_8_cutoff_100.tsv	73	0e5e8042d4ccd8303f084d18c6eb229d489086f95b904a80af90bb2c52d9825d
reciprocal_nomination	2:232	79:6		weak	79:6	2:232	2:232	cross_surah	label_target_note	ranked_review	Only an indirect future-day orientation through ethical exhortation.	focus_79_6_cutoff_100.tsv	100	b46c00594384cc4a0631a1e59c20d172fada39873b0c915c9396a04f45f04ac1
reciprocal_nomination	2:232	79:18		strong	79:18	2:232	2:232	cross_surah	label_target_note	missing_ayah_suggestion	It calls a prescribed ethical course more purifying, adding a concrete voluntary-action sense to azka.	focus_79_18_cutoff_100.tsv	106	02375fc95250581c490e1f82226b32fd19db32143741ac919fd64b1ac548b93f
reciprocal_nomination	2:232	80:3		weak	80:3	2:232	2:232	cross_surah	label_target_note	ranked_review	Pairs unknowing with a purer outcome, yet remains a remote legal-context parallel.	focus_80_3_cutoff_100.tsv	77	47b4f0f33551ad9b57c727c08c050fca096359b2b442ebba1fd7bd44e2d70306
reciprocal_nomination	2:232	80:7		medium	80:7	2:232	2:232	cross_surah	label_target_note	ranked_review	Purity is served by not obstructing consenting parties; a boundary analogy.	focus_80_7_cutoff_100.tsv	52	3f4a5d2df31c667a0be28d9aed5fb6d41b7dd8aa391a68012d5915219bf2dadb
reciprocal_nomination	2:232	80:14		weak	80:14	2:232	2:232	cross_surah	label_target_note	ranked_review	Purity here concerns a social arrangement, not the sheets.	focus_80_14_cutoff_100.tsv	30	d4cfff15fe3b1c215ee8bc97220828492ddab0a934b97197189bb53e51cae5c0
reciprocal_counterevidence	2:232	81:1		no value	81:1	2:232	2:232	cross_surah	label_target_note	ranked_review	No celestial, transformational, or linked evidence.	focus_81_1_cutoff_100.tsv	60	a3d7b78eedf6e2c66b2b6c0234ae5bada76450ae2a47f425ffe7db3f55a5c0d1
reciprocal_counterevidence	2:232	81:2		no value	81:2	2:232	2:232	cross_surah	label_target_note	ranked_review	Shared conditional form is purely formal here.	focus_81_2_cutoff_100.tsv	51	bb818b720c552040014049b4379adbddeebd23d4a1af6fce7b0d81c958c89912
reciprocal_nomination	2:232	81:4		weak	81:4	2:232	2:232	cross_surah	label_target_note	ranked_review	A distant marriage and term setting offers only a secondary life-stage horizon.	focus_81_4_cutoff_100.tsv	55	34a671732a866748522db2a9637cea78e2eef022ffd7bc61913f0306c44a78d3
reciprocal_counterevidence	2:232	81:5		no value	81:5	2:232	2:232	cross_surah	label_target_note	ranked_review	No material gathering or animal-order contribution.	focus_81_5_cutoff_100.tsv	88	6e4eaf5cb8e93cc47fe8150a33592b362b76a042941553dbf433ccf9cbb6e7c0
reciprocal_counterevidence	2:232	81:6		no value	81:6	2:232	2:232	cross_surah	label_target_note	ranked_review	The shared conditional particle is only a retrieval overlap.	focus_81_6_cutoff_100.tsv	80	63e6f836157f23351806c8f6c4bf9bb36e9dafb02e281211712c7feef6f88795
reciprocal_nomination	2:232	81:7		medium	81:7	2:232	2:232	cross_surah	label_target_note	ranked_review	زوج in a divorce-and-return setting anchors a marital counterpart sense.	focus_81_7_cutoff_100.tsv	1	8f2b5d54230d69669ada5a58560ffaf986a99f899e6b8c8f2435adc790799849
reciprocal_nomination	2:232	81:8		weak	81:8	2:232	2:232	cross_surah	label_target_note	ranked_review	Protection against obstructing women's choices is only an indirect anti-harm parallel.	focus_81_8_cutoff_100.tsv	79	5810cc9c60c206dcdb49f50e5c3f7f0c0462e3be107d138cbd6f526fdccfe99b
reciprocal_counterevidence	2:232	81:10		no value	81:10	2:232	2:232	cross_surah	label_target_note	ranked_review	No meaningful connection to sheets, opening, or final disclosure.	focus_81_10_cutoff_100.tsv	69	4204c0a9da0a76d2452c2215457eb5b883d3f9499fc734d4a427fc1c12e1f36c
reciprocal_counterevidence	2:232	81:15		no value	81:15	2:232	2:232	cross_surah	label_target_note	ranked_review	The shared negative particle has no relevant semantic connection.	focus_81_15_cutoff_100.tsv	51	e9f12d30ba5375d12a5930db5176775e89abc82282c1b865ec79b14aba942f75
reciprocal_counterevidence	2:232	81:17		no value	81:17	2:232	2:232	cross_surah	label_target_note	ranked_review	The legal condition adds no temporal-night connection.	focus_81_17_cutoff_100.tsv	70	f8c4147c20a9b81e157c73785f93c1dc27547ec7dd5421669afbabaa3805a9b7
reciprocal_counterevidence	2:232	81:18		no value	81:18	2:232	2:232	cross_surah	label_target_note	ranked_review	No textual or auxiliary route to the focus.	focus_81_18_cutoff_100.tsv	68	0576dd542ad1f61b0564c1a1ba3dac77f38ba8c79fbba4261769995a189989af
reciprocal_counterevidence	2:232	82:2		no value	82:2	2:232	2:232	cross_surah	label_target_note	ranked_review	No material link to celestial scattering.	focus_82_2_cutoff_100.tsv	51	7bc0c3957677f3c43bd7f75f0b2428a4f42e9184ff26f5d1459ad22aa1113a89
reciprocal_counterevidence	2:232	82:3		no value	82:3	2:232	2:232	cross_surah	label_target_note	ranked_review	Marriage conditions do not add a specific connection.	focus_82_3_cutoff_100.tsv	77	dff7d826a471d530e5559a4329ef2b1481edc4ccacffdf6e7c452fa18d91df95
reciprocal_counterevidence	2:232	82:4		no value	82:4	2:232	2:232	cross_surah	label_target_note	ranked_review	The conditional wording is only a retrieval overlap.	focus_82_4_cutoff_100.tsv	45	e9c4c3ce462c9b4e95dad20aa2183a18b2af3554ea65ce8e840ddbcf8f43148c
reciprocal_counterevidence	2:232	84:16		no value	84:16	2:232	2:232	cross_surah	label_target_note	ranked_review	No substantive connection beyond an incidental phrase match.	focus_84_16_cutoff_100.tsv	54	42dc0ff86915a427d7642b230e4c8313512ad4ff3b98a2433c2b5e61caf06cbb
reciprocal_nomination	2:232	84:18		weak	84:18	2:232	2:232	cross_surah	label_target_note	ranked_review	Reaching an appointed term offers only generic temporal language.	focus_84_18_cutoff_100.tsv	53	65fe6bd0422d9af1e0bf8d4911454c29c881dc14c65cde17f52dde3ec8bf6bfc
reciprocal_counterevidence	2:232	85:2		no value	85:2	2:232	2:232	cross_surah	label_target_note	ranked_review	Legal instruction with final-day belief offers no focused contribution.	focus_85_2_cutoff_100.tsv	82	dae6e790915b096855d8775f19ffc7c7aabc4c101e3b606835800089b8257d7b
reciprocal_counterevidence	2:232	85:20		no value	85:20	2:232	2:232	cross_surah	label_target_note	ranked_review	No specific enclosure, direction, or knowledge parallel.	focus_85_20_cutoff_100.tsv	85	bb55266c2edbface0957c15ce9a8be50bb1b6d84959b8ca05c97b58c091f0e7c
reciprocal_counterevidence	2:232	86:16		no value	86:16	2:232	2:232	cross_surah	label_target_note	ranked_review	No material connection to 86:16.	focus_86_16_cutoff_100.tsv	97	41c45dfd476c453fe4a9bbd62c6088405a812a142f33ff9a8292f6ed662849aa
reciprocal_nomination	2:232	87:14		weak	87:14	2:232	2:232	cross_surah	label_target_note	ranked_review	Uses azka for a social arrangement, a distant practical analogue.	focus_87_14_cutoff_100.tsv	49	ee1ab7995a58a6c2ea6cc127faee56e08c0032c2bd58f86db857f2e49721c2a7
reciprocal_nomination	2:232	88:9		weak	88:9	2:232	2:232	cross_surah	label_target_note	ranked_review	Mutual consent preserves a distant secondary resonance of رضى.	focus_88_9_cutoff_100.tsv	57	89a230260d70378ed46a8be0524722ade0118b79cc1d7a5038e35411767a2168
reciprocal_counterevidence	2:232	89:4		no value	89:4	2:232	2:232	cross_surah	label_target_note	ranked_review	No clear contribution to the night-passage reading.	focus_89_4_cutoff_100.tsv	72	572a7339056154ac0ff196fd3e6bc8a3ab2ca49bbec6819db1096e2a241c441f
reciprocal_nomination	2:232	89:28		weak	89:28	2:232	2:232	cross_surah	label_target_note	ranked_review	Mutual human consent is a secondary relational analogy, not divine reciprocal رضى.	focus_89_28_cutoff_100.tsv	75	0233604fa5a2d88f1378d5a16da0d0675bf804a70158dac5312540ebfc4cf136
reciprocal_counterevidence	2:232	91:2		no value	91:2	2:232	2:232	cross_surah	label_target_note	ranked_review	Hukuki zamanlama, 91:2 için ortak fakat yeterince belirgin olmayan bir sıra verir.	focus_91_2_cutoff_100.tsv	83	5568148d39986835edc5936fd86e4a6aa083868e91687f1a9af8f5f3fee08253
reciprocal_counterevidence	2:232	91:4		no value	91:4	2:232	2:232	cross_surah	label_target_note	ranked_review	Marriage procedure is unrelated.	focus_91_4_cutoff_100.tsv	69	a539106ad953b52f00935bbc65e37654be1a670556d31bc0fedc99426e7e42bf
reciprocal_nomination	2:232	91:9		medium	91:9	2:232	2:232	cross_surah	label_target_note	ranked_review	Shows purity through removing obstructive control from a rightful arrangement.	focus_91_9_cutoff_100.tsv	66	a9001a72055eaea188dc65d058d8324a5ddef7358e7029811b1e767b2e83b7cc
reciprocal_counterevidence	2:232	92:1		no value	92:1	2:232	2:232	cross_surah	label_target_note	ranked_review	Marriage regulation offers no supported route to night covering.	focus_92_1_cutoff_100.tsv	55	bd6a5549517001efdcd349a7a336067ee07234259a482d203ef3189519648acc
reciprocal_counterevidence	2:232	92:2		no value	92:2	2:232	2:232	cross_surah	label_target_note	ranked_review	The conditional particle alone adds no interpretive route.	focus_92_2_cutoff_100.tsv	94	17d615aaec454f1c3bf530751ffbf88ab4522fd026ed0ccee72390b6b51c564d
reciprocal_nomination	2:232	92:18		weak	92:18	2:232	2:232	cross_surah	label_target_note	ranked_review	Uses purification for a relational boundary, a distant non-financial parallel.	focus_92_18_cutoff_100.tsv	81	3a4194deb3ec71ce47c7cfe0f280460cc27692ffe74f001b06c058f00280dac1
reciprocal_nomination	2:232	92:21		weak	92:21	2:232	2:232	cross_surah	label_target_note	ranked_review	Mutual marital consent is boundary evidence only.	focus_92_21_cutoff_100.tsv	54	db4a2bf125094e7d43934472e229f464c7adac61f2483cfc4d419e448593a9c8
reciprocal_counterevidence	2:232	93:2		no value	93:2	2:232	2:232	cross_surah	label_target_note	ranked_review	No focused temporal or covering contribution.	focus_93_2_cutoff_100.tsv	73	9bfd4277253797554025a6bcca369db533e0fd646115bbc907b3ab2a41fc543b
reciprocal_nomination	2:232	93:5		weak	93:5	2:232	2:232	cross_surah	label_target_note	ranked_review	Human mutual consent marks a secondary, non-divine use of the approval field.	focus_93_5_cutoff_100.tsv	57	9883dc6b472f978077eb7fb39772e8de1d995ccc8f2e2679112d703972b5ad7e
reciprocal_nomination	2:232	94:7		medium	94:7	2:232	2:232	cross_surah	label_target_note	missing_ayah_suggestion	Completion of the waiting term opens a regulated subsequent action.	focus_94_7_cutoff_100.tsv	102	86c80d6dad91a9162bb7f3821bf96a2dc05510a8ba17648d8949bab4cfccf1ea
reciprocal_nomination	2:232	98:2		weak	98:2	2:232	2:232	cross_surah	label_target_note	ranked_review	Personal purity is only an indirect register for the purified descriptor.	focus_98_2_cutoff_100.tsv	47	58ada62193926a21138e798c1839b515462c17c3da49c3134c22878fa44d8653
reciprocal_counterevidence	2:232	100:4		no value	100:4	2:232	2:232	cross_surah	label_target_note	ranked_review	The shared pronoun supplies no scene-level clarification.	focus_100_4_cutoff_100.tsv	51	ac2f7fd4ad47a27b5c51907dc4d5db9df7c6242a5a9c3a869caa2ddf81696480
reciprocal_nomination	2:232	100:9		weak	100:9	2:232	2:232	cross_surah	label_target_note	ranked_review	The contrast between divine and human knowledge is general and distant.	focus_100_9_cutoff_100.tsv	40	0f631f5943fc6b14b9d0d50f1c66e71d4f9b98ca6213e488f730c5f306f892dc
reciprocal_nomination	2:232	101:7		weak	101:7	2:232	2:232	cross_surah	label_target_note	ranked_review	Legal mutual consent preserves a secondary relational sense but adds little after earlier reciprocal examples.	focus_101_7_cutoff_100.tsv	36	225e0eda3e7587a5d242218cb9cb5eb713b59dbb1214b2ff4ad0a461ff9ab252
reciprocal_nomination	2:232	102:3		weak	102:3	2:232	2:232	cross_surah	label_target_note	ranked_review	Divine knowledge versus human nonknowledge is broad and contextually distinct.	focus_102_3_cutoff_100.tsv	95	0ebe9b13f9ed9aa88849a5b9c6db8a9995d1afe9013d8f074b86ffcae5f82b80
reciprocal_counterevidence	2:232	113:3		no value	113:3	2:232	2:232	cross_surah	label_target_note	ranked_review	Generic legal إذا clauses; no focused lexical or contextual addition.	focus_113_3_cutoff_100.tsv	85	3aead2d48f17a23f5c8862ebaf789fa4161a27891f559bb770bd75ab8fe40e28
reciprocal_counterevidence	2:232	113:5		no value	113:5	2:232	2:232	cross_surah	label_target_note	ranked_review	The conditions regulate marriage, not the focus.	focus_113_5_cutoff_100.tsv	86	1b928354812716d2f52f82d4baaccce22ead565cbf6b2eed0483e73170381cc4
