record_type	focus_ref	target_ref	focus_direction_label	source_direction_label	source_focus_ref	source_target_ref	source_target_component_ref	relation_scope	source_column_order	source_row_role	source_note	source_file	source_line	source_row_sha256
directional_review	35:40	46:4	strong	strong	35:40	46:4	46:4	cross_surah	label_target_note	ranked_review	Nearly identical challenge: alleged partners must show creation, heavenly share, or prior evidence.	focus_35_40_cutoff_100.tsv	1	153211009e7451a22c863951698aac82bce07d2fc78ad65218c04c9c172cef3a
directional_review	35:40	10:43	weak	weak	35:40	10:43	10:43	cross_surah	label_target_note	ranked_review	Its contrast of looking and blindness only lightly supports the focus's demand to show evidence.	focus_35_40_cutoff_100.tsv	2	83c3458e34c0f8831ffab107c5866b5c1b0f0e6672d262b21bd14373e4f17e0b
directional_review	35:40	3:194	weak	weak	35:40	3:194	3:194	cross_surah	label_target_note	ranked_review	A reliable divine promise offers a limited contrast to the focus's deceptive human promises.	focus_35_40_cutoff_100.tsv	3	21599543302aea7c7126646d7445291ba6228a57106a2266b98cf527a52899de
directional_review	35:40	31:11	strong	strong	35:40	31:11	31:11	cross_surah	label_target_note	ranked_review	Directly challenges those besides God to show what they have created.	focus_35_40_cutoff_100.tsv	4	5b30c69bbf1f84fbe3a6110cb7d7612e54051bf2286c5831a4f4a5861cabe42b
directional_review	35:40	35:38	medium	medium	35:40	35:38	35:38	same_surah	label_target_note	ranked_review	God's knowledge of heaven and earth supports the focus's comprehensive evidentiary challenge.	focus_35_40_cutoff_100.tsv	5	95ccef0f609696eb41b631866c50c28b9be82ca05e4b041f98f80ea00f5a65ea
directional_review	35:40	33:12	strong	strong	35:40	33:12	33:12	cross_surah	label_target_note	ranked_review	Names false promise as deception, directly illuminating the focus's closing diagnosis.	focus_35_40_cutoff_100.tsv	6	cbf905d461175cc64416ec77522c3546dafe0e7ce23117f1f3c5db1c89a9a62f
directional_review	35:40	13:16	strong	strong	35:40	13:16	13:16	cross_surah	label_target_note	ranked_review	Tests alleged partners by creative power and affirms God as sole creator of all things.	focus_35_40_cutoff_100.tsv	7	0a5a2bd5bed424f91073e10f93daff68b33ac60bdba906bf1353390d3d0cfb6a
directional_review	35:40	35:41	strong	strong	35:40	35:41	35:41	same_surah	label_target_note	ranked_review	The immediate continuation establishes God's unmatched holding of heaven and earth.	focus_35_40_cutoff_100.tsv	8	465b44b6517e2c6baa65fced253b77bb73266d5d1206dad934447296b70e37ef
directional_review	35:40	4:50	weak	weak	35:40	4:50	4:50	cross_surah	label_target_note	ranked_review	It identifies fabrication against God, a limited parallel to inventing unsupported partnership.	focus_35_40_cutoff_100.tsv	9	feba004e40edae85357efdf69f99e3bdb770a38cd97b9541d82f07e37faa877b
directional_review	35:40	34:22	strong	strong	35:40	34:22	34:22	cross_surah	label_target_note	ranked_review	Directly denies alleged beings ownership, share, and supporting power in heaven and earth.	focus_35_40_cutoff_100.tsv	10	0b23a9f071fda1648dbdf29a11817e7d69d7261dafb0cd9a57ba3de325b9d7ba
directional_review	35:40	24:42	medium	medium	35:40	24:42	24:42	cross_surah	label_target_note	ranked_review	God's sole dominion over heaven and earth supplies the focus's governing premise.	focus_35_40_cutoff_100.tsv	11	355ac2f39185111860803298cde19930ace583d0132518d06c4036da0cbe332d
directional_review	35:40	6:112	strong	strong	35:40	6:112	6:112	cross_surah	label_target_note	ranked_review	Shows a reciprocal network of embellished deceptive speech, clarifying the focus's mutual deception.	focus_35_40_cutoff_100.tsv	12	3e3d64e4719ba8bfd76b2b3d0a00440dff29f5446addef9a23f3955d5ad8120f
directional_review	35:40	7:195	strong	strong	35:40	7:195	7:195	cross_surah	label_target_note	ranked_review	Its bodily-capacity test exposes the impotence of invoked partners.	focus_35_40_cutoff_100.tsv	13	f4ac0893eb6a42434c8e9d2bb7561615b3987cd31631fb1d49bbd97ab02e86cb
directional_review	35:40	35:31	medium	medium	35:40	35:31	35:31	same_surah	label_target_note	ranked_review	The true revealed Book provides a meaningful contrast to the unsupported book claimed in the focus.	focus_35_40_cutoff_100.tsv	14	cdcc2f726eb8c67f61e7161508bd0669ca2a3fc16ad76b6d9011b68578cadacd
directional_review	35:40	7:191	strong	strong	35:40	7:191	7:191	cross_surah	label_target_note	ranked_review	It directly rejects associating with beings that create nothing and are themselves created.	focus_35_40_cutoff_100.tsv	15	16cbfc1fcedf5184aea8693fcad7a8922bc81f66e7981aa1060c16b8b4be7308
directional_review	35:40	10:59	medium	medium	35:40	10:59	10:59	cross_surah	label_target_note	ranked_review	Challenges unauthorized religious claims, paralleling the demand for divine authorization.	focus_35_40_cutoff_100.tsv	16	1681bf62f3aa8b7a15b3395c17f81021a27a62bb4d90ff51f4ce3c38d4a1a279
directional_review	35:40	35:43	strong	strong	35:40	35:43	35:43	same_surah	label_target_note	ranked_review	The local sequel connects arrogant plotting with harm returning to its makers.	focus_35_40_cutoff_100.tsv	17	ff0ea73ef270d9d7a4bc09ad4f6cf42bb4d56cfa03e29645762c2b5d7c5f9c38
directional_review	35:40	6:100	strong	strong	35:40	6:100	6:100	cross_surah	label_target_note	ranked_review	It condemns assigning created beings as partners to their Creator.	focus_35_40_cutoff_100.tsv	18	088208202bbd31e6e94d2b717ebb3cbf96c15349acf03764d95bcb35619ae826
directional_review	35:40	34:27	strong	strong	35:40	34:27	34:27	cross_surah	label_target_note	ranked_review	It directly asks claimants to produce the partners they have attached to God.	focus_35_40_cutoff_100.tsv	19	95cc9ecce9a1ccaca5e28cb318d2ba07a331ff2d4a4dc328bca55972ab9795ab
directional_review	35:40	27:75	medium	medium	35:40	27:75	27:75	cross_surah	label_target_note	ranked_review	A clear record encompassing heaven and earth supports the focus's appeal to warranted knowledge.	focus_35_40_cutoff_100.tsv	20	99a6c37b8752b519b35cbbf2c9839abefc38df3f22563f51345103dffc060054
directional_review	35:40	10:21	medium	medium	35:40	10:21	10:21	cross_surah	label_target_note	ranked_review	Plots against divine signs and their recording complement the focus's account of deceitful exchange.	focus_35_40_cutoff_100.tsv	21	c09bcc3d0232ec36efc12b9ee8d143b61f04dd65def0cff424e6f64773acf3fa
directional_review	35:40	43:21	strong	strong	35:40	43:21	43:21	cross_surah	label_target_note	ranked_review	It repeats the exact question whether claimants possess a prior book to hold onto.	focus_35_40_cutoff_100.tsv	22	10a99c20447e72a00aefeeb1b5c57d9576caaf1617ec25eadb8ca3d8fa4801d5
directional_review	35:40	35:44	medium	medium	35:40	35:44	35:44	same_surah	label_target_note	ranked_review	The local verse affirms that nothing in heaven or earth can frustrate God's power.	focus_35_40_cutoff_100.tsv	23	41c4bbfbb932b5a0301536b5ed382af9bcc3c4769a5797d3374264f4649572cf
directional_review	35:40	10:46	weak	weak	35:40	10:46	10:46	cross_surah	label_target_note	ranked_review	God's witnessing of deeds only broadly contrasts with the claimants' unsupported assertions.	focus_35_40_cutoff_100.tsv	24	6fae12a7e3e5e7fec24458a2723d4ce7ba903d968ca703a1f85e0fcd6daed513
directional_review	35:40	17:99	medium	medium	35:40	17:99	17:99	cross_surah	label_target_note	ranked_review	Creation of heaven and earth establishes the power that false partners lack.	focus_35_40_cutoff_100.tsv	25	08c39e85c781c92130a0bcb6662e468b30bcb12a4081ef6739c68576182c8cc6
directional_review	35:40	35:39	medium	medium	35:40	35:39	35:39	same_surah	label_target_note	ranked_review	The local consequence for disbelief frames the focus's designation of its claimants as wrongdoers.	focus_35_40_cutoff_100.tsv	26	f3eae55dc19925c08b7ccc5420573a949d0d91228aff4fd28248edac7e0df78a
directional_review	35:40	37:117	weak	weak	35:40	37:117	37:117	cross_surah	label_target_note	ranked_review	A clear book is only a general, non-polemical parallel to the focus's evidentiary book.	focus_35_40_cutoff_100.tsv	27	c092797bcaf3e547d3ee71e8162c66d225f8835e55685901eed99d8f1b5f1da3
directional_review	35:40	7:37	strong	strong	35:40	7:37	7:37	cross_surah	label_target_note	ranked_review	At judgment, those invoked besides God disappear and expose the false claim.	focus_35_40_cutoff_100.tsv	28	9b5c0ead9eff321edfb828acbf7a92246adffe12f67af6f82bb4a6fe9a2c40c6
directional_review	35:40	16:79	medium	medium	35:40	16:79	16:79	cross_surah	label_target_note	ranked_review	God alone holding creatures in the sky supports the denial of any heavenly share.	focus_35_40_cutoff_100.tsv	29	e5a5307588ac9e7a7418ce4d9c2361bb4c75c63e19b184346bf9e38d8641e70e
directional_review	35:40	52:2	weak	weak	35:40	52:2	52:2	cross_surah	label_target_note	ranked_review	Written record offers only a remote parallel to the focus's question of scriptural warrant.	focus_35_40_cutoff_100.tsv	30	315741d3a3525da4ceab2e495c66a6c2e1a7b22dab3c21eb4929649aaa437d47
directional_review	35:40	3:64	strong	strong	35:40	3:64	3:64	cross_surah	label_target_note	ranked_review	It directly calls for worship of God alone and rejection of all association.	focus_35_40_cutoff_100.tsv	31	1e202bc23770a16037273795d95bfd01e4a9798caca6a6b85cee0a59a97df66b
directional_review	35:40	35:32	medium	medium	35:40	35:32	35:32	same_surah	label_target_note	ranked_review	Inheritance of the Book gives a local contrast to an unproduced book of authorization.	focus_35_40_cutoff_100.tsv	32	d3f02aa9ceb8762d8ccbe5b89e116137fba5fcd4ff0022df1f766d8a5bbceeca
directional_review	35:40	52:41	weak	weak	35:40	52:41	52:41	cross_surah	label_target_note	ranked_review	The question of hidden knowledge weakly parallels claimants lacking evidentiary access.	focus_35_40_cutoff_100.tsv	33	d84014805c83e613a4156807c061d9b4021f1bb64773ddcfe3515bbd45b5874c
directional_review	35:40	10:50	weak	weak	35:40	10:50	10:50	cross_surah	label_target_note	ranked_review	Its demand to consider coming punishment is only a distant echo of the focus's challenge to consider.	focus_35_40_cutoff_100.tsv	34	05e881dcf68ed5f47ea1fb3b0e5db84babf8e035bcda334e00a24c40a446f19e
directional_review	35:40	40:24	no value	no value	35:40	40:24	40:24	cross_surah	label_target_note	ranked_review	The accusation against Moses does not add to creation, partnership, warrant, or deceptive promise.	focus_35_40_cutoff_100.tsv	35	1c8855a12d067e0f92e514a2803024a7250a807a81bc3abc6682dd3b4e0890ae
directional_review	35:40	3:24	medium	medium	35:40	3:24	3:24	cross_surah	label_target_note	ranked_review	A fabricated assurance about punishment illustrates deception sustained by invented claims.	focus_35_40_cutoff_100.tsv	36	f972115173894c9174e9c7e74c38949ded8f72bae41883516e187343f30517e2
directional_review	35:40	52:36	strong	strong	35:40	52:36	52:36	cross_surah	label_target_note	ranked_review	It directly challenges opponents to account for creation of heaven and earth.	focus_35_40_cutoff_100.tsv	37	2e11bca86f4cf62275d58dd28f60917de85eb3bc542645158d36e565dd7d3dd7
directional_review	35:40	35:35	no value	no value	35:40	35:35	35:35	same_surah	label_target_note	ranked_review	The description of settled reward does not clarify the focus's argument.	focus_35_40_cutoff_100.tsv	38	82815593dc06ea78f6b3d4b1bd65a4430570d008bba2d05aa2b980bb0727f73d
directional_review	35:40	4:120	strong	strong	35:40	4:120	4:120	cross_surah	label_target_note	ranked_review	It explicitly states that Satan's promises are nothing but deception.	focus_35_40_cutoff_100.tsv	39	03e5eb3fdb2fbfad12cd38b8f31d5ef80ca9ca634d51eebb40afd25dd18a6391
directional_review	35:40	11:63	medium	medium	35:40	11:63	11:63	cross_surah	label_target_note	ranked_review	A prophet's clear proof from God gives a bounded parallel to the focus's demand for evidence.	focus_35_40_cutoff_100.tsv	40	359442c308712df3045e8083dae0dfdc03b9e8d158178d20bb72d0279c923da4
directional_review	35:40	44:38	medium	medium	35:40	44:38	44:38	cross_surah	label_target_note	ranked_review	Purposeful creation of heaven and earth reinforces the Creator-centered premise without naming partners.	focus_35_40_cutoff_100.tsv	41	8d79718a2bb36b9ba897f8d47bd9dd14b9acf4b291f9f67c4e4af49bfefc9f82
directional_review	35:40	18:42	medium	medium	35:40	18:42	18:42	cross_surah	label_target_note	ranked_review	Loss reveals that misplaced reliance had become association with God.	focus_35_40_cutoff_100.tsv	42	46f737c086fc9d4b36936b06822d7fdcb01abde0e00884e2bf1d59e2c00ffee8
directional_review	35:40	22:73	strong	strong	35:40	22:73	22:73	cross_surah	label_target_note	ranked_review	It tests invoked beings by the smallest act of creation and recovery, directly exposing incapacity.	focus_35_40_cutoff_100.tsv	43	720d46321b1204d723a01a06c1931ce56b20fe1a114cd774515e913813fb5d27
directional_review	35:40	35:45	weak	weak	35:40	35:45	35:45	same_surah	label_target_note	ranked_review	Divine sight and deferred accountability only broadly support the local judgment context.	focus_35_40_cutoff_100.tsv	44	3f71798c503faa995148e3f1fe605c1e4ddcb73cb40c889eba82ee1b368dfb47
directional_review	35:40	7:22	medium	medium	35:40	7:22	7:22	cross_surah	label_target_note	ranked_review	It supplies an early scene in which deception produces ruin and disclosure.	focus_35_40_cutoff_100.tsv	45	50392703b7a244a51217d7210c1add56082118089e4fe8c3eb2bc292b4dfa7fd
directional_review	35:40	13:36	strong	strong	35:40	13:36	13:36	cross_surah	label_target_note	ranked_review	It joins reception of the Book with a direct command to worship God and not associate partners.	focus_35_40_cutoff_100.tsv	46	bdc3b69bd1f7dc5f42ca33964fbcd383de02869633a7ec93702df44467f1a9be
directional_review	35:40	44:39	medium	medium	35:40	44:39	44:39	cross_surah	label_target_note	ranked_review	Creation in truth reinforces the focus's Creator-centered argument at a general level.	focus_35_40_cutoff_100.tsv	47	054296f0b35f06610e7a5d8dab8d254aae722c69af93d1d037326bac14ef3e06
directional_review	35:40	12:1	weak	weak	35:40	12:1	12:1	cross_surah	label_target_note	ranked_review	The clear Book is a limited contrast to the absent warrant demanded in the focus.	focus_35_40_cutoff_100.tsv	48	e1c8f32c2cb6843ccfa9e22004ab6e55adde91227cc108aad07355682b1cc031
directional_review	35:40	17:64	strong	strong	35:40	17:64	17:64	cross_surah	label_target_note	ranked_review	It explicitly combines false promises with entering shared wealth and offspring.	focus_35_40_cutoff_100.tsv	49	97c67b890d05c2b844e97f2ef4faf61f58e5233248f33fcdd36f2bb4b531d8fa
directional_review	35:40	35:42	medium	medium	35:40	35:42	35:42	same_surah	label_target_note	ranked_review	The local refusal after an emphatic promise illustrates the surrounding pattern of failed claims.	focus_35_40_cutoff_100.tsv	50	b1278dff6c8d7594bf7f8e6a696ec723b65c998737ea3c1faae1f13fdbcc4a41
directional_review	35:40	23:36	weak	weak	35:40	23:36	23:36	cross_surah	label_target_note	ranked_review	Dismissal of a promised event is only a limited parallel to deceptive expectation.	focus_35_40_cutoff_100.tsv	51	bf457cab1d052a6cc5de0adbcc023ba16f1d2d77cda188dc03904eb81cec87ab
directional_review	35:40	52:35	strong	strong	35:40	52:35	52:35	cross_surah	label_target_note	ranked_review	It directly asks whether people are self-created or themselves creators.	focus_35_40_cutoff_100.tsv	52	0daeb8053ed80000c76d450af120b850e80a2213586ef6a616c39c09b28e1bbd
directional_review	35:40	35:33	no value	no value	35:40	35:33	35:33	same_surah	label_target_note	ranked_review	The reward imagery does not illuminate the focus's evidentiary challenge.	focus_35_40_cutoff_100.tsv	53	b7b24ed0cb6f8b1674c448f57ebede5f67d4b7444eb50d8a9bb49f7eda4112b7
directional_review	35:40	6:19	strong	strong	35:40	6:19	6:19	cross_surah	label_target_note	ranked_review	God's decisive witness and exclusive deity directly reject testimony to other gods.	focus_35_40_cutoff_100.tsv	54	7c0f4ffb290a1d27c3df8987145826c9b0e6b01aaa4c25c0579faa1365466016
directional_review	35:40	28:64	strong	strong	35:40	28:64	28:64	cross_surah	label_target_note	ranked_review	The summoned partners fail to answer, turning claimed association into an observable test.	focus_35_40_cutoff_100.tsv	55	1a50c30ab2dbdbe2ff628b1517c58472054f76ed435add13db98a1ddd8a530e1
directional_review	35:40	40:45	weak	weak	35:40	40:45	40:45	cross_surah	label_target_note	ranked_review	Returning harm to plotters provides a distant parallel to the focus's deceptive network.	focus_35_40_cutoff_100.tsv	56	bbed6932be8884f92ab3464fe5e2e318146d7a32877de1954e38d1df18072451
directional_review	35:40	40:28	medium	medium	35:40	40:28	40:28	cross_surah	label_target_note	ranked_review	It combines clear proofs with warning of a promised outcome, supporting accountability for rejected evidence.	focus_35_40_cutoff_100.tsv	57	252e489719afbfb15e2741719158e73d22c254e01a039dc1700563b6637bd2df
directional_review	35:40	29:25	strong	strong	35:40	29:25	29:25	cross_surah	label_target_note	ranked_review	It depicts idols as a mutual worldly bond that becomes mutual repudiation and curse.	focus_35_40_cutoff_100.tsv	58	2ab058ad44b340da633e3c2054522c8f25536c3a707b0f122acb8fcd134b1522
directional_review	35:40	35:19	weak	weak	35:40	35:19	35:19	same_surah	label_target_note	ranked_review	The local contrast of blindness and sight lightly supports the focus's imperative to show.	focus_35_40_cutoff_100.tsv	59	f47e63f3d6ea34153612877698e964f69e303064b1cb698151d902be6c449f74
directional_review	35:40	5:51	weak	weak	35:40	5:51	5:51	cross_surah	label_target_note	ranked_review	Mutual social alliance is only a remote parallel to the focus's self-supporting network.	focus_35_40_cutoff_100.tsv	60	c990986e657b71575ccdc26c3d6abc71ae0085625426540b5f79160c8f2b53f6
directional_review	35:40	7:100	no value	no value	35:40	7:100	7:100	cross_surah	label_target_note	ranked_review	Historical succession and sealed hearts do not clarify the focus's central claims.	focus_35_40_cutoff_100.tsv	61	445983fbaeccbba4d14aab68cb1016a381551a57e4a5a98750a4d6d76ba4f603
directional_review	35:40	21:38	weak	weak	35:40	21:38	21:38	cross_surah	label_target_note	ranked_review	Demanding the time of a promise weakly parallels rejection of a claim without evidence.	focus_35_40_cutoff_100.tsv	62	eb8f48298c5e81a2b6cdcccd1a8e1fb87cb309d3b48fa3ec4f3b62037f9f1a3a
directional_review	35:40	6:22	strong	strong	35:40	6:22	6:22	cross_surah	label_target_note	ranked_review	It directly asks the associators to produce the partners they claimed.	focus_35_40_cutoff_100.tsv	63	7c0b5442fa61a01a4f3595caa8630d9fab28b3938c466e29d16dfb488284eb1f
directional_review	35:40	11:88	medium	medium	35:40	11:88	11:88	cross_surah	label_target_note	ranked_review	Clear proof from God and reliance on Him provide a bounded evidentiary parallel.	focus_35_40_cutoff_100.tsv	64	48fc20dd78334b4fd8021ef342305ccb3c4211e9ce11f4a942ecc9fcc143b36d
directional_review	35:40	35:34	no value	no value	35:40	35:34	35:34	same_surah	label_target_note	ranked_review	Praise for removal of sorrow does not develop the focus's argument.	focus_35_40_cutoff_100.tsv	65	8306e7a6c2408d7dcb8efdc49d59733cdec8ca2d8028ebbdce87241b3be82fed
directional_review	35:40	14:47	medium	medium	35:40	14:47	14:47	cross_surah	label_target_note	ranked_review	God's unfailing promise sharply contrasts with the focus's empty human promises.	focus_35_40_cutoff_100.tsv	66	9e31ccde8f3e1e410b6d30cf2745ac37c8074e5f78fa6631de7d95f2727ad826
directional_review	35:40	43:32	weak	weak	35:40	43:32	43:32	cross_surah	label_target_note	ranked_review	Divine distribution of livelihood gives only a broad contrast to claimed distribution of authority.	focus_35_40_cutoff_100.tsv	67	da4696d3c445c702ca4e5e3c75102fb1c545ed300b338d1fe1eb97cd98d03a7d
directional_review	35:40	21:41	weak	weak	35:40	21:41	21:41	cross_surah	label_target_note	ranked_review	Mockery returning upon its makers loosely parallels consequences recoiling on deceivers.	focus_35_40_cutoff_100.tsv	68	7a0fb5e4688993cadf9373d5ddb9e7fc28da5775e5f6917f97e41a610e364118
directional_review	35:40	18:26	strong	strong	35:40	18:26	18:26	cross_surah	label_target_note	ranked_review	It explicitly denies anyone a share in God's judgment over heaven and earth.	focus_35_40_cutoff_100.tsv	69	ce783bb603c445d4c431404b16cbc54134530fea9974b28f19f93c95f0435beb
directional_review	35:40	34:31	strong	strong	35:40	34:31	34:31	cross_surah	label_target_note	ranked_review	Rejected revelation culminates in mutual blame, clarifying the focus's closed cycle of false support.	focus_35_40_cutoff_100.tsv	70	45f44dd1aebd3c91d7bf3d30d3f97fd32a334bea0196dee9f855259b010aa4ca
directional_review	35:40	35:20	no value	no value	35:40	35:20	35:20	same_surah	label_target_note	ranked_review	The light-dark contrast does not materially advance the partnership or warrant argument.	focus_35_40_cutoff_100.tsv	71	fbb28650f9125eb5ad623c884395fc48d19a0f4bd881f3a33eef2a97c18d1e32
directional_review	35:40	10:18	strong	strong	35:40	10:18	10:18	cross_surah	label_target_note	ranked_review	It directly rejects powerless alleged intercessors and their claimed heavenly-earthly standing.	focus_35_40_cutoff_100.tsv	72	717117ed95e602f70a699058c50db5919d4b4b110dd4c0719b75770f28482082
directional_review	35:40	23:44	weak	weak	35:40	23:44	23:44	cross_surah	label_target_note	ranked_review	Repeated denial of messengers is not a specific contribution to the focus's proof structure.	focus_35_40_cutoff_100.tsv	73	9bbebcafe41a807ca3689b7f0c10ba1dbb863c42509720f21a0ec2162910540e
directional_review	35:40	35:30	no value	no value	35:40	35:30	35:30	same_surah	label_target_note	ranked_review	Reward and increase do not clarify false partnership or deceptive promise.	focus_35_40_cutoff_100.tsv	74	c331d05e1659957ce08781e6c89a46f03509faec18c1a8d20a1c12291ef63150
directional_review	35:40	10:55	strong	strong	35:40	10:55	10:55	cross_surah	label_target_note	ranked_review	God's ownership of heaven and earth and the truth of His promise directly counter false claims.	focus_35_40_cutoff_100.tsv	75	11c4a3beb73d4b1fd2c0cbebc6addcf80daac072083134b2313fc01f7d42c239
directional_review	35:40	49:12	no value	no value	35:40	49:12	49:12	cross_surah	label_target_note	ranked_review	The social ethics instruction has no material relation to the focus.	focus_35_40_cutoff_100.tsv	76	b9772e0f748e15043522bf4a3a5c4f903cd1821370ed16226f636038831a71e4
directional_review	35:40	35:22	no value	no value	35:40	35:22	35:22	same_surah	label_target_note	ranked_review	The life-death comparison does not explain the focus's evidentiary challenge.	focus_35_40_cutoff_100.tsv	77	9e7b93295c5aad8bf9f5e9a3d6923992768f6d45c3b7ec23cdf42a10258a8e3c
directional_review	35:40	36:63	medium	medium	35:40	36:63	36:63	cross_surah	label_target_note	ranked_review	The promised punishment becoming present contrasts fulfilled warning with empty promise.	focus_35_40_cutoff_100.tsv	78	65b7726a59f3f17f0484e5206334fc431704936266857c67a4bd7d719ddc3a17
directional_review	35:40	6:41	strong	strong	35:40	6:41	6:41	cross_surah	label_target_note	ranked_review	In crisis, people call on God alone and forget their alleged partners.	focus_35_40_cutoff_100.tsv	79	a4de713b3e7fb8be133820e33b881f9804d4863efb5f4dfb70e0ce53456b6945
directional_review	35:40	35:21	no value	no value	35:40	35:21	35:21	same_surah	label_target_note	ranked_review	The shade-heat comparison does not add to the focus's themes.	focus_35_40_cutoff_100.tsv	80	dca35fa8f7d95dc16c086111649fd70f340c647622736f0211a4ed142594bf24
directional_review	35:40	40:73	strong	strong	35:40	40:73	40:73	cross_surah	label_target_note	ranked_review	The question exposes the absence of the beings people had associated with God.	focus_35_40_cutoff_100.tsv	81	9d31a44d68ad6d85b10d997c5db1009661bde9e9a43a93cc1bcd45d06831572e
directional_review	35:40	8:73	weak	weak	35:40	8:73	8:73	cross_surah	label_target_note	ranked_review	Mutual alliance among disbelievers only remotely resembles the focus's mutual reinforcement.	focus_35_40_cutoff_100.tsv	82	5a60b93e3ca790218eadf9fe723add3fdb87c6fdb37009df08cd8f6e4d280a17
directional_review	35:40	35:14	strong	strong	35:40	35:14	35:14	same_surah	label_target_note	ranked_review	The immediate local verse states that invoked partners neither hear nor answer and will reject the association.	focus_35_40_cutoff_100.tsv	83	21d82a5d1cd3701f899d05f879af1c3935ddaf9fede7c8e995582309abed06b2
directional_review	35:40	18:38	strong	strong	35:40	18:38	18:38	cross_surah	label_target_note	ranked_review	It directly affirms God as Lord and rejects associating anyone with Him.	focus_35_40_cutoff_100.tsv	84	c593d2d2ed1e3b1f668fa2df437a0bebcdcc1f04fa4e241eb47fb729309ab934
directional_review	35:40	29:49	weak	weak	35:40	29:49	29:49	cross_surah	label_target_note	ranked_review	Clear signs held by the learned offer only a broad contrast to unsupported claims of evidence.	focus_35_40_cutoff_100.tsv	85	9fe20ca39a4843710ab9667569f3bf49296cdee507ac4f094abf23dac9339d94
directional_review	35:40	35:27	no value	no value	35:40	35:27	35:27	same_surah	label_target_note	ranked_review	The natural-sign sequence does not clarify the focus's test of alleged partners.	focus_35_40_cutoff_100.tsv	86	917a693c6eb62ca60f16eb221d49af1ee008666132882bdabfd9427558a448d8
directional_review	35:40	45:19	medium	medium	35:40	45:19	45:19	cross_surah	label_target_note	ranked_review	Wrongdoers mutually support one another yet cannot avail before God, paralleling the closed false network.	focus_35_40_cutoff_100.tsv	87	f54b0466c4e7c677a67760c82bf861ed58b396f7209d3f6c72ed8fc2edb3b01d
directional_review	35:40	17:93	weak	weak	35:40	17:93	17:93	cross_surah	label_target_note	ranked_review	The demand for a readable book provides a limited parallel to the focus's request for warrant.	focus_35_40_cutoff_100.tsv	88	17a0a7c9eafff1c49f08ce3849dbf9bd7f0f743c0d5fc0a97e24d40e01f2c8c2
directional_review	35:40	35:11	medium	medium	35:40	35:11	35:11	same_surah	label_target_note	ranked_review	The local creation and divine knowledge of life stages support the Creator-centered premise.	focus_35_40_cutoff_100.tsv	89	ffa34590a3d9d9dccdfa6205f1209f4ffbfbbfad2aaa8ad1dddf52ebb0f54e59
directional_review	35:40	74:11	no value	no value	35:40	74:11	74:11	cross_surah	label_target_note	ranked_review	The statement of individual creation does not add a distinct partnership or deception link.	focus_35_40_cutoff_100.tsv	90	2f03766a75cd9e6b3580f8d36ba13f382a1d29d0619b20ea7c1e84819885a2f9
directional_review	35:40	2:254	medium	medium	35:40	2:254	2:254	cross_surah	label_target_note	ranked_review	The absence of intercession on the final day limits the kind of support alleged partners are claimed to provide.	focus_35_40_cutoff_100.tsv	91	73f483d35baa57fe8fb6369eae4a571d7ac3800deb0fd4340dbe1d53e58e2cdd
directional_review	35:40	7:60	no value	no value	35:40	7:60	7:60	cross_surah	label_target_note	ranked_review	The chiefs' accusation of manifest error does not clarify the focus.	focus_35_40_cutoff_100.tsv	92	9d551b58b8800dca5e4eaa4beb4ad2a7accfc0997841e10dee0a573c25455fa9
directional_review	35:40	63:6	no value	no value	35:40	63:6	63:6	cross_surah	label_target_note	ranked_review	The statement about forgiveness and guidance is unrelated to the argument.	focus_35_40_cutoff_100.tsv	93	518a7e822572c5d98c5ea5ea70743eedab1848df1f93bff548175c4e7b27e06f
directional_review	35:40	82:6	strong	strong	35:40	82:6	82:6	cross_surah	label_target_note	ranked_review	It directly questions what has deceived people concerning their generous Lord.	focus_35_40_cutoff_100.tsv	94	fc2c9e44a8624918960d56ab455df73f696cd8f2124d0f8f4ddcd341e13abffd
directional_review	35:40	2:233	no value	no value	35:40	2:233	2:233	cross_surah	label_target_note	ranked_review	The family-law instruction has no relevant connection.	focus_35_40_cutoff_100.tsv	95	289fa193adedd061d54e43954d1068ace8df9d2e0ac4e416c8a03c1927515225
directional_review	35:40	67:25	weak	weak	35:40	67:25	67:25	cross_surah	label_target_note	ranked_review	Demand for the timing of a promise only broadly parallels skeptical challenge.	focus_35_40_cutoff_100.tsv	96	7a81adcc373963914385618d7b81cc916920ab6c965075b8e5d5e44e160c4be9
directional_review	35:40	33:53	no value	no value	35:40	33:53	33:53	cross_surah	label_target_note	ranked_review	The household etiquette instruction is unrelated to the focus.	focus_35_40_cutoff_100.tsv	97	064943149ca2ad8193e960fcf084b537d4f9303d188cecb54b7367a3b55cccbd
directional_review	35:40	24:3	no value	no value	35:40	24:3	24:3	cross_surah	label_target_note	ranked_review	The marriage rule does not clarify creation, partnership, warrant, or deception.	focus_35_40_cutoff_100.tsv	98	c433f1d7f4e7ed951efbbd50219f920163851611755feb2457ea082f32ee6814
directional_review	35:40	58:14	weak	weak	35:40	58:14	58:14	cross_surah	label_target_note	ranked_review	Knowingly false oaths offer a limited parallel to the focus's deceptive claims.	focus_35_40_cutoff_100.tsv	99	df79f2d35089397eba0a578aadb42698bb499d17ff2b5860c08c8e3e153c4259
directional_review	35:40	41:21	medium	medium	35:40	41:21	41:21	cross_surah	label_target_note	ranked_review	The Creator's power to make created faculties testify supports ultimate exposure of false claims.	focus_35_40_cutoff_100.tsv	100	5bf7b310e2c9db34e6540cd3f580a1325d641670e3458d0218092c05d15db487
directional_review	35:40	10:28	strong	strong	35:40	10:28	10:28	cross_surah	label_target_note	missing_ayah_suggestion	On the Day of Judgment, alleged partners separate from their claimants and deny the association.	focus_35_40_cutoff_100.tsv	101	b63f47178f05e551deb82bbe85c0c4a348a8f504140cf0cfa60e692d03751127
directional_review	35:40	10:34	strong	strong	35:40	10:34	10:34	cross_surah	label_target_note	missing_ayah_suggestion	It directly asks whether any alleged partner begins creation, repeats it, or guides to truth.	focus_35_40_cutoff_100.tsv	102	eefd40b16b3cd1056c8cc75042d58fd5bfc31c3e8976307a31058765765e0af4
directional_review	35:40	13:14	strong	strong	35:40	13:14	13:14	cross_surah	label_target_note	missing_ayah_suggestion	Those invoked besides God cannot answer, making their calls a vivid test of powerless dependence.	focus_35_40_cutoff_100.tsv	103	d05e94d660770ffdc32b365f9ba07459a8c77ca383c4681d9ef860668144cc9a
directional_review	35:40	14:22	strong	strong	35:40	14:22	14:22	cross_surah	label_target_note	missing_ayah_suggestion	Satan admits that his promise was false while God's promise was true, directly clarifying deceptive promise.	focus_35_40_cutoff_100.tsv	104	bc6d29765e2524b3c5e7aac7367072d0e481f1d13b720511f9b0eb0c1f3bab4c
directional_review	35:40	16:20	strong	strong	35:40	16:20	16:20	cross_surah	label_target_note	missing_ayah_suggestion	Those invoked besides God create nothing and are themselves created.	focus_35_40_cutoff_100.tsv	105	f10885ef90f48aa59ba348d9b9fe67c4680612c8b3d97ae9e556095c33b7b7f7
directional_review	35:40	16:73	strong	strong	35:40	16:73	16:73	cross_surah	label_target_note	missing_ayah_suggestion	It denies that beings besides God control any provision from heaven or earth.	focus_35_40_cutoff_100.tsv	106	6d4b1260a7596dbed09a429114f0eac7c34cb48dfef913995e0ac63e8d37489d
directional_review	35:40	16:86	strong	strong	35:40	16:86	16:86	cross_surah	label_target_note	missing_ayah_suggestion	The associators see their partners, but the partners reject the claimed association.	focus_35_40_cutoff_100.tsv	107	f862751793ef0f680152137d23294b9cfb5b153cd08db71ecebbf2ab73e681da
directional_review	35:40	17:56	strong	strong	35:40	17:56	17:56	cross_surah	label_target_note	missing_ayah_suggestion	Those called besides God cannot remove or redirect harm, directly testing alleged agency.	focus_35_40_cutoff_100.tsv	108	5386c9e837f6698f64afada23cfa1f54c457e0c2ab30ddf248f3458534719b65
directional_review	35:40	17:67	medium	medium	35:40	17:67	17:67	cross_surah	label_target_note	missing_ayah_suggestion	In danger at sea, all alleged partners are forgotten and sole dependence on God emerges.	focus_35_40_cutoff_100.tsv	109	6ec2d4c4c826dffb690468595d449fee6a744f2c18c384d22de699567ad8fa2a
directional_review	35:40	18:15	strong	strong	35:40	18:15	18:15	cross_surah	label_target_note	missing_ayah_suggestion	It demands clear authority for taking other gods, matching the focus's demand for documentary proof.	focus_35_40_cutoff_100.tsv	110	0c8b4d82431e1b464ac064180775ed702bf5a1e1047513ae141df61ca679081b
directional_review	35:40	18:52	strong	strong	35:40	18:52	18:52	cross_surah	label_target_note	missing_ayah_suggestion	The alleged partners are summoned yet do not answer, exposing their lack of real standing.	focus_35_40_cutoff_100.tsv	111	3473d74f0c93a49eede5fa5ac91c0588350272a24919d26284794270fc0f8052
directional_review	35:40	19:81	strong	strong	35:40	19:81	19:81	cross_surah	label_target_note	missing_ayah_suggestion	Gods taken besides God fail to be a source of power and turn against their worshippers.	focus_35_40_cutoff_100.tsv	112	1b76d7cbeddd14e9b45069b2d4e9cf4bf315094500cf3c4c357e2b6bebf43c3e
directional_review	35:40	21:21	strong	strong	35:40	21:21	21:21	cross_surah	label_target_note	missing_ayah_suggestion	It asks whether earthly gods can raise the dead, a direct capacity test for alleged divinity.	focus_35_40_cutoff_100.tsv	113	0c02f92214924f117bf6671a29f34a9439230e37c7b39bf202ffb1e0edfe6413
directional_review	35:40	21:22	strong	strong	35:40	21:22	21:22	cross_surah	label_target_note	missing_ayah_suggestion	It argues that multiple gods over heaven and earth would corrupt their order.	focus_35_40_cutoff_100.tsv	114	1eaddbcf42856cf6a92e5d95193cb907d6492f22d23237e866c987801f0dc581
directional_review	35:40	21:24	strong	strong	35:40	21:24	21:24	cross_surah	label_target_note	missing_ayah_suggestion	It explicitly commands claimants of other gods to bring their proof.	focus_35_40_cutoff_100.tsv	115	da81b57677161844a942228253eeedbfb8a10be7d85e6f81cbfdf8c84a34bfb0
directional_review	35:40	21:66	strong	strong	35:40	21:66	21:66	cross_surah	label_target_note	missing_ayah_suggestion	Abraham confronts worship of beings that cannot benefit or harm.	focus_35_40_cutoff_100.tsv	116	e705991c74be23314599696a475b4247fc5dedbcbe70d059968da2dbac6082ee
directional_review	35:40	22:71	strong	strong	35:40	22:71	22:71	cross_surah	label_target_note	missing_ayah_suggestion	It condemns worship without revealed authority or knowledge, directly paralleling the absent warrant.	focus_35_40_cutoff_100.tsv	117	831e7e0fb1abe2d81dbc178fd68b6e19d471439dc4fe2c0f00eb18f319cda158
directional_review	35:40	23:91	strong	strong	35:40	23:91	23:91	cross_surah	label_target_note	missing_ayah_suggestion	It rejects any other deity sharing creation or contending for dominion.	focus_35_40_cutoff_100.tsv	118	41e6b40995c93da85d710188e070f7cdd49c1897d867548a18e1781abb456b51
directional_review	35:40	25:3	strong	strong	35:40	25:3	25:3	cross_surah	label_target_note	missing_ayah_suggestion	The supposed gods neither create nor control harm, benefit, death, life, or resurrection.	focus_35_40_cutoff_100.tsv	119	492b1f679d7f00c40a29bf49cb7bcbca230b627e44bf870104c325a5271ce4ae
directional_review	35:40	27:60	strong	strong	35:40	27:60	27:60	cross_surah	label_target_note	missing_ayah_suggestion	Creation, rain, and gardens become a direct challenge to name any deity alongside God.	focus_35_40_cutoff_100.tsv	120	3f2dd0a191a5d1f115d2446eb61a2422c8a44537da8ef2da52f4213b12170829
directional_review	35:40	28:62	strong	strong	35:40	28:62	28:62	cross_surah	label_target_note	missing_ayah_suggestion	The final question, Where are My alleged partners, directly exposes the claim at judgment.	focus_35_40_cutoff_100.tsv	121	647dd419dcbcc0dae8d0ffc2d9e5f0fb4a03922afadbf48c595010326404fba9
directional_review	35:40	28:74	strong	strong	35:40	28:74	28:74	cross_surah	label_target_note	missing_ayah_suggestion	It repeats the demand to produce alleged partners before divine judgment.	focus_35_40_cutoff_100.tsv	122	3e1405aacbccee12be39a16f7f60246e947ef9c0055603943bb5c5ff5e42c184
directional_review	35:40	29:17	medium	medium	35:40	29:17	29:17	cross_surah	label_target_note	missing_ayah_suggestion	Idols and fabricated lies are contrasted with God's sole provision and worship.	focus_35_40_cutoff_100.tsv	123	fac03fffd64518463da23fc3323743357445f4019c323907b2a4f27b71416b1a
directional_review	35:40	29:61	strong	strong	35:40	29:61	29:61	cross_surah	label_target_note	missing_ayah_suggestion	Acknowledgment that God created heaven and earth exposes the inconsistency of associating others.	focus_35_40_cutoff_100.tsv	124	c8fa7158fd943f810d3832018bf03339ea1eaae50d83d6bac8f804892e219377
directional_review	35:40	30:13	medium	medium	35:40	30:13	30:13	cross_surah	label_target_note	missing_ayah_suggestion	Alleged partners provide no intercession and their claimants disavow them.	focus_35_40_cutoff_100.tsv	125	f1f69fb72ff821f90e2c9e9ad8eec6158d5dc722d902fb1f2d01fdce836d8d9d
directional_review	35:40	30:28	strong	strong	35:40	30:28	30:28	cross_surah	label_target_note	missing_ayah_suggestion	Its ownership analogy denies that people accept equals in what they own, exposing false partnership with God.	focus_35_40_cutoff_100.tsv	126	4fcc8f66778dc159e5c64f9efb738cf36dd479345cfb176a9a6ea8a04c25bc46
directional_review	35:40	30:35	strong	strong	35:40	30:35	30:35	cross_surah	label_target_note	missing_ayah_suggestion	It asks whether any revealed authority actually speaks in support of their association.	focus_35_40_cutoff_100.tsv	127	b872f1a2533bdd12601c2630b338e4c3a3e7e790dc8029a2b9cbee3ab5d8905e
directional_review	35:40	31:25	strong	strong	35:40	31:25	31:25	cross_surah	label_target_note	missing_ayah_suggestion	Acknowledging God as Creator of heaven and earth directly undercuts association with others.	focus_35_40_cutoff_100.tsv	128	bce8c04453356e4206d6d5b6eaf679704ee784c4b38d956b1d92351380838daa
directional_review	35:40	34:40	strong	strong	35:40	34:40	34:40	cross_surah	label_target_note	missing_ayah_suggestion	The angels reject the claim that they were worshipped as partners.	focus_35_40_cutoff_100.tsv	129	b412be049dd475e1fc9a498b86df7f2d3ff0407acc2589e778d008cb6179a550
directional_review	35:40	34:41	strong	strong	35:40	34:41	34:41	cross_surah	label_target_note	missing_ayah_suggestion	The angels deny their worship and identify the actual deceptive allegiance involved.	focus_35_40_cutoff_100.tsv	130	8d6ace3f2d996d7884778d4c2171f9f6f80e3ee500e894512d5f0d55fa79effb
directional_review	35:40	35:3	strong	strong	35:40	35:3	35:3	same_surah	label_target_note	missing_ayah_suggestion	It asks whether any creator besides God provides from heaven and earth, directly grounding the focus's challenge.	focus_35_40_cutoff_100.tsv	131	5ba2c52d33570c52133c79d457c71c7e2f9709833315d300152f06b0d784cb20
directional_review	35:40	36:23	strong	strong	35:40	36:23	36:23	cross_surah	label_target_note	missing_ayah_suggestion	Gods besides Him cannot intercede or save when God wills harm.	focus_35_40_cutoff_100.tsv	132	e069ec51e6f8f63132bf2cee36691358fa7d07508c3a31fbf28e55f4e6019217
directional_review	35:40	37:95	strong	strong	35:40	37:95	37:95	cross_surah	label_target_note	missing_ayah_suggestion	It challenges worship of objects people carve while God created both them and their work.	focus_35_40_cutoff_100.tsv	133	017e47336c93e74eba89128bf9b2847d6b405ef8daad4a13e05389db07ca8a0e
directional_review	35:40	39:3	strong	strong	35:40	39:3	39:3	cross_surah	label_target_note	missing_ayah_suggestion	Claims that other beings merely bring people near to God directly represent unsupported mediation.	focus_35_40_cutoff_100.tsv	134	b322bdd79452ce19e5fc54dded7ebe61697f7dfe63b14c31e3b8eebbdb279426
directional_review	35:40	39:38	strong	strong	35:40	39:38	39:38	cross_surah	label_target_note	missing_ayah_suggestion	Those who admit God created heaven and earth are challenged over taking others as protectors.	focus_35_40_cutoff_100.tsv	135	d68b1c04ae4b6da4faee44b7329a29722656b7d8be4b9bac7abfcff16c2531bb
directional_review	35:40	42:21	strong	strong	35:40	42:21	42:21	cross_surah	label_target_note	missing_ayah_suggestion	It asks whether alleged partners have authorized religious claims that God never permitted.	focus_35_40_cutoff_100.tsv	136	2c83c1b179474b95bdc9b6d2d6de067cc5895c64779cfd23207a76049a0e3233
directional_review	35:40	43:87	medium	medium	35:40	43:87	43:87	cross_surah	label_target_note	missing_ayah_suggestion	Their admission that God created them supplies a concise inconsistency with association.	focus_35_40_cutoff_100.tsv	137	52a67f9b870fbdab70d595659847224e63a709d59387fbcaa7ad584551617ee9
directional_review	35:40	46:28	strong	strong	35:40	46:28	46:28	cross_surah	label_target_note	missing_ayah_suggestion	Gods taken as means of nearness fail their worshippers and vanish as fabricated claims.	focus_35_40_cutoff_100.tsv	138	9542b2add9f1512f99062cce37ec0ab7c194a2b0309829f85b22652f9bcbd140
directional_review	35:40	53:19	strong	strong	35:40	53:19	53:19	cross_surah	label_target_note	missing_ayah_suggestion	The named goddesses exemplify asserted partners subjected to scrutiny.	focus_35_40_cutoff_100.tsv	139	7313d87c2ff35e75ce959760905e3fdc8f287ff20ad86fe53cfc3f18fa844511
directional_review	35:40	53:23	strong	strong	35:40	53:23	53:23	cross_surah	label_target_note	missing_ayah_suggestion	It denies all authority for such names and identifies them as conjecture and desire.	focus_35_40_cutoff_100.tsv	140	ba86da64486ef3bdd9fc49c0d5e105830ff5ddede44af5d79e7d61a96c96ab67
reciprocal_counterevidence	35:40	2:69		no value	2:69	35:40	35:40	cross_surah	label_target_note	ranked_review	Challenge for visible proof is not a color or viewing parallel here.	focus_2_69_cutoff_100.tsv	89	9c2b5741d5858209c226b00a6c515bc6c05889391997da9e095ea8e52bccb1a3
reciprocal_nomination	35:40	2:107		strong	2:107	35:40	35:40	cross_surah	label_target_note	missing_ayah_suggestion	Challenges alleged partners to show any creation or share in the heavens.	focus_2_107_cutoff_100.tsv	140	3d4abba00f85381f4513e067814cbefa92d8a8596b8864b128b6b658ecb6ab37
reciprocal_nomination	35:40	2:256		strong	2:256	35:40	35:40	cross_surah	label_target_note	ranked_review	Challenges alleged partners to produce evidence, directly exposing false objects of devotion.	focus_2_256_cutoff_100.tsv	100	4fe01b64eeee11a7c9bd4aa4c5e9d832cd163d6f752349ee6824422360778f3b
reciprocal_counterevidence	35:40	2:283		no value	2:283	35:40	35:40	cross_surah	label_target_note	ranked_review	Its critique of false partners and deceptive promises does not clarify 2:283.	focus_2_283_cutoff_100.tsv	63	60948208ff807e2a3d7468d11727b2e491178208b309f7e9c5df4180bacdbb76
reciprocal_nomination	35:40	3:4		medium	3:4	35:40	35:40	cross_surah	label_target_note	ranked_review	Challenges false partners to produce a book or clear proof.	focus_3_4_cutoff_100.tsv	96	a7e105872f128a3e3787830f81dbc1d701a694fc703374cdab4ac9033fe2d2bc
reciprocal_nomination	35:40	3:24		medium	3:24	35:40	35:40	cross_surah	label_target_note	ranked_review	False reciprocal promises are characterized as deception, clarifying ghurur as misleading assurance.	focus_3_24_cutoff_100.tsv	24	a8a906e07fbd4d84a8d4baf1bc27309e000bf2ed978cefdf242ce0ed994aa357
reciprocal_nomination	35:40	3:64		strong	3:64	35:40	35:40	cross_surah	label_target_note	ranked_review	Challenges alleged partners through their lack of creative or scriptural warrant.	focus_3_64_cutoff_100.tsv	37	20303b95810eb044c0805723599296ceda5dd160968c10e58fab212d903f2076
reciprocal_nomination	35:40	3:66		medium	3:66	35:40	35:40	cross_surah	label_target_note	missing_ayah_suggestion	Challenges association claims by demanding evidence of their basis.	focus_3_66_cutoff_100.tsv	134	dc1fdeb27e04ad66cb1ba597ee0fded21568d24b5337fdb57a92f08ca46b87bc
reciprocal_nomination	35:40	3:94		strong	3:94	35:40	35:40	cross_surah	label_target_note	missing_ayah_suggestion	Requires proof for alleged partners and their creative or scriptural authority, directly testing divine attribution.	focus_3_94_cutoff_100.tsv	120	8ed9fae7f41349ac0874cf23c1d9414714db937ca4260c289ade282b6f430735
reciprocal_counterevidence	35:40	3:145		no value	3:145	35:40	35:40	cross_surah	label_target_note	ranked_review	The challenge about partners and a book does not clarify the focus.	focus_3_145_cutoff_100.tsv	76	0087ae705a21910b5663cb1ae5afb47b779830062290ac6348ef9c4def7d3f0d
reciprocal_nomination	35:40	3:194		medium	3:194	35:40	35:40	cross_surah	label_target_note	ranked_review	Promise wording and the ch004/V12 route provide a contrast with deceptive claims.	focus_3_194_cutoff_100.tsv	65	8b408d3ec6593e2e9f209688df232f49dd56ceb5183c3f57ebe50256f72200ce
reciprocal_nomination	35:40	4:48		strong	4:48	35:40	35:40	cross_surah	label_target_note	missing_ayah_suggestion	Challenges alleged partners to show any created share or textual authority.	focus_4_48_cutoff_100.tsv	167	c1c810bef592cd68924ccb49bb55003675295514c2cc1d5f6fbc9cd2ca5fe627
reciprocal_nomination	35:40	4:53		medium	4:53	35:40	35:40	cross_surah	label_target_note	ranked_review	Its sequence of rhetorical challenges to partners, including "am lahum" and a share claim, closely parallels the focus's dismantling form.	focus_4_53_cutoff_100.tsv	89	b5b58ce82e9d826579435ff41e0e733e0d8192234e076e2b249931cb5ab26b84
reciprocal_counterevidence	35:40	4:103		no value	4:103	35:40	35:40	cross_surah	label_target_note	ranked_review	Metin, 4:103'ün salat, dhikr veya vakit boyutuna katkı vermez.	focus_4_103_cutoff_100.tsv	67	d1c973aa3df79901f082af9f94bf33df5f250de2f11d2769bb9f887710a61d10
reciprocal_nomination	35:40	4:120		strong	4:120	35:40	35:40	cross_surah	label_target_note	ranked_review	Names mutually circulated promises as deception within unsupported association.	focus_4_120_cutoff_100.tsv	10	93e6542d6ec3bf898ece3fb20fd90779a002e12b2174843a781f10b8b05aa3c9
reciprocal_counterevidence	35:40	4:124		no value	4:124	35:40	35:40	cross_surah	label_target_note	ranked_review	The challenge to alleged partners does not add action, entry, or non-diminution evidence.	focus_4_124_cutoff_100.tsv	94	0da88f2b1eecb66b3aabdc7cd07894f949cde0a603baae4e74a9d45dd8f5ba30
reciprocal_nomination	35:40	6:1		strong	6:1	35:40	35:40	cross_surah	label_target_note	missing_ayah_suggestion	Directly challenges alleged partners to show what they created on earth or in heavens.	focus_6_1_cutoff_100.tsv	182	edfefed0735e534e02e88d02f53869dbba8b63ad5b85486d0df0cd4064ec8364
reciprocal_nomination	35:40	6:7		medium	6:7	35:40	35:40	cross_surah	label_target_note	ranked_review	Contrasts unsupported claims with holding a Book as clear proof.	focus_6_7_cutoff_100.tsv	52	acd5574d6e98d0bf062e34f7c40e7c1c5f061c50a1ab0b0c3d5c535c9bb74f90
reciprocal_nomination	35:40	6:14		strong	6:14	35:40	35:40	cross_surah	label_target_note	missing_ayah_suggestion	Challenges alleged partners to show any creation or share in the heavens and earth.	focus_6_14_cutoff_100.tsv	129	f36b205b77d203123309095b549adf097623af28075ade4fd31a549d436ff6f1
reciprocal_nomination	35:40	6:22		strong	6:22	35:40	35:40	cross_surah	label_target_note	ranked_review	Ortakların yaratma, gökte pay ve yazılı kanıt bakımından yeterlik sınamasını verir.	focus_6_22_cutoff_100.tsv	94	3b62e165b9288aaca01dc2fcef036cf51105478c951deaa03a7a94bb7070aa98
reciprocal_nomination	35:40	6:41		medium	6:41	35:40	35:40	cross_surah	label_target_note	ranked_review	Tests alleged partners for creation, heavenly share, or authorization.	focus_6_41_cutoff_100.tsv	64	23c364ace54378a4f01e73c00376c0e4827f451e0cc3954a54dd273a7923eb3b
reciprocal_nomination	35:40	6:47		weak	6:47	35:40	35:40	cross_surah	label_target_note	ranked_review	Challenges false associates and false assurances, with only indirect relevance to the crisis question.	focus_6_47_cutoff_100.tsv	13	47589d29e450f15eff80021182709244d7d9ea675806653afafbd49c962d56dc
reciprocal_nomination	35:40	6:56		medium	6:56	35:40	35:40	cross_surah	label_target_note	ranked_review	Challenges the creative warrant of those تدعون من دون الله; adds a test of their claimed standing.	focus_6_56_cutoff_100.tsv	25	904a0fa2cf49f5603b9bef643bda6b354d416352de181ee0b0841e40161cbd60
reciprocal_nomination	35:40	6:71		strong	6:71	35:40	35:40	cross_surah	label_target_note	ranked_review	Challenges the authority and creative capacity of those invoked besides Allah.	focus_6_71_cutoff_100.tsv	61	d5d010b7a1b4508d9c8a0712f7d7fdfa94bbb2caf0879f8b354e2b9b1d24b10d
reciprocal_nomination	35:40	6:78		strong	6:78	35:40	35:40	cross_surah	label_target_note	ranked_review	It subjects alleged partners to creation, heavenly share, and warrant tests that support the focus's rejection.	focus_6_78_cutoff_100.tsv	100	184c02befb722e83b4a03302dd5abe6d630296bcef2d9cc7a5cf4aa9f613b511
reciprocal_nomination	35:40	6:79		medium	6:79	35:40	35:40	cross_surah	label_target_note	ranked_review	Tests alleged partners against creation, heavenly share, and authorization.	focus_6_79_cutoff_100.tsv	98	35c1977440a9769d1552515c326cb19af3a37f49148002fedb9aab7dcde4ee34
reciprocal_nomination	35:40	6:100		strong	6:100	35:40	35:40	cross_surah	label_target_note	missing_ayah_suggestion	Challenges alleged partners to show any share in creation or scripture.	focus_6_100_cutoff_100.tsv	197	c7f7551b22b2d4c56429606de2d9f9fc83c1f9f9eeaa8c06a044cf9891f3da30
reciprocal_nomination	35:40	6:102		strong	6:102	35:40	35:40	cross_surah	label_target_note	missing_ayah_suggestion	The challenge to show what rivals created directly tests their divine status.	focus_6_102_cutoff_100.tsv	163	4ad4da523649025c45acd159c50d10003031eb1753d4e0f853bbd0e5c8f8d049
reciprocal_nomination	35:40	6:112		strong	6:112	35:40	35:40	cross_surah	label_target_note	ranked_review	Mutual promises of ghurur specify reciprocal deceptive speech around false partners.	focus_6_112_cutoff_100.tsv	3	f6a0ba1153ffcd8f961e7001d7f5214f4e165ae1e1dbf0904e76a4167a885908
reciprocal_nomination	35:40	6:129		medium	6:129	35:40	35:40	cross_surah	label_target_note	ranked_review	Mutual promises among zalimun form a self-enclosed deceptive network.	focus_6_129_cutoff_100.tsv	31	c29ec2ea5d3077cc639d60047d4b1c2bd0418b7552d9d2855fc08fdcf07e6077
reciprocal_nomination	35:40	6:134		medium	6:134	35:40	35:40	cross_surah	label_target_note	ranked_review	False mutual promise supplies a contrary promise pattern; V12 route is strong but indirect.	focus_6_134_cutoff_100.tsv	100	f2f77b9881096ad33ac01b3266efdf2a6bb1fa0801f2cec9a1c61e77ba25d1ae
reciprocal_nomination	35:40	6:137		medium	6:137	35:40	35:40	cross_surah	label_target_note	missing_ayah_suggestion	Questioning what alleged partners have created exposes their lack of basis.	focus_6_137_cutoff_100.tsv	140	1ccff93636866ab4f9c763903c49f939f9468d8b5bb879c6b8259a2e4b9b5ec0
reciprocal_nomination	35:40	6:148		strong	6:148	35:40	35:40	cross_surah	label_target_note	missing_ayah_suggestion	Tests alleged partners by creation, scripture, and mutual promise claims.	focus_6_148_cutoff_100.tsv	130	bd68d9374af66882f05a0f0292d10d2e86d4207cab71798099f67cbc12b93e3a
reciprocal_nomination	35:40	6:150		strong	6:150	35:40	35:40	cross_surah	label_target_note	missing_ayah_suggestion	Ortakların yaratıştaki payına dair delil ve kitap sorusuyla ortaklık iddiasını kanıt yüküne bağlar.	focus_6_150_cutoff_100.tsv	136	1a949afef710ab40d69cb225aac0170f631993a3b99103ed63a2eb685d2d1305
reciprocal_nomination	35:40	6:164		strong	6:164	35:40	35:40	cross_surah	label_target_note	missing_ayah_suggestion	Alleged partners are challenged to show any share in creation or authority.	focus_6_164_cutoff_100.tsv	167	ea0e4c0d9344546461b0e65e6f75ccfceaeedc7521e20ecd181073dc4b11d455
reciprocal_counterevidence	35:40	7:15		no value	7:15	35:40	35:40	cross_surah	label_target_note	ranked_review	No material lexical, contextual, or linked relation to the focus.	focus_7_15_cutoff_100.tsv	98	e57323e709e4126ab1e192910c46108bdafe8cb8610c7e91126ff09b945c8035
reciprocal_nomination	35:40	7:22		medium	7:22	35:40	35:40	cross_surah	label_target_note	ranked_review	Another closed circuit of unsupported, deceptive promises.	focus_7_22_cutoff_100.tsv	48	e5b0969c4d9fe0c9c9b818204ffc9de9ea2b2fa36268efdb589497c0e44b6b66
reciprocal_nomination	35:40	7:28		medium	7:28	35:40	35:40	cross_surah	label_target_note	missing_ayah_suggestion	It demands evidence for alleged partners and exposes claims unsupported by scripture or observable creative power.	focus_7_28_cutoff_100.tsv	133	a0e9b8de253e65c7bed1109ab84cf6012969b51d795ff856128d59eab92cb737
reciprocal_nomination	35:40	7:29		medium	7:29	35:40	35:40	cross_surah	label_target_note	ranked_review	دعاء directed to partners supplies a rival-address boundary, without V12 confirmation.	focus_7_29_cutoff_100.tsv	95	45647e9d1457bb095ed814fc1cceb9a8f980a2fd5f4b5982fc5321f68f7736c3
reciprocal_counterevidence	35:40	7:81		no value	7:81	35:40	35:40	cross_surah	label_target_note	ranked_review	False partnership critique is outside the focus's relational and excess themes.	focus_7_81_cutoff_100.tsv	49	ac2b023e6c208ff6db2050813a438d9e6f138c3be72a9ea7830030c0f21614aa
reciprocal_nomination	35:40	7:190		strong	7:190	35:40	35:40	cross_surah	label_target_note	missing_ayah_suggestion	Tests alleged partners by asking what they created or share in.	focus_7_190_cutoff_100.tsv	202	26da73a13b72e233a3c64f613f99783a774f185a3a4187c2db92fd796422a32e
reciprocal_nomination	35:40	7:191		strong	7:191	35:40	35:40	cross_surah	label_target_note	ranked_review	Audits alleged partners for creative contribution and any share of authority.	focus_7_191_cutoff_100.tsv	12	ba653bfa3f12415b8c77632c9ab2eb2d332000cade5e29d10f42479be9d1bc55
reciprocal_nomination	35:40	7:193		strong	7:193	35:40	35:40	cross_surah	label_target_note	missing_ayah_suggestion	Challenges partner claims through their absent creation, share, and warrant.	focus_7_193_cutoff_100.tsv	139	070d64c5f282082f5ed944a884c47bf5f820e4fac655ebb5548474e026573181
reciprocal_nomination	35:40	7:194		medium	7:194	35:40	35:40	cross_surah	label_target_note	ranked_review	Parallel creation-and-authority interrogation, now partly redundant with 46:4.	focus_7_194_cutoff_100.tsv	37	174ba346a54f0975200d4002cb1598d5211fb01ab5c61307436486b9179c9397
reciprocal_nomination	35:40	7:195		strong	7:195	35:40	35:40	cross_surah	label_target_note	ranked_review	Parallel challenge to alleged partners on creation and authority.	focus_7_195_cutoff_100.tsv	7	1aa743057ad48c3fc11282fadfec7c3d7e6da8bc3820978d6738b5110575eeab
reciprocal_nomination	35:40	8:24		weak	8:24	35:40	35:40	cross_surah	label_target_note	ranked_review	Repeated false invocation adds little after stronger non-response counterparts.	focus_8_24_cutoff_100.tsv	97	a9eafc20bc64346ffe4253e8003ca42b0ffd1c444c0fb44bf3b082e7540eaa98
reciprocal_nomination	35:40	8:49		medium	8:49	35:40	35:40	cross_surah	label_target_note	ranked_review	Calls unsupported mutual promises among wrongdoers deception.	focus_8_49_cutoff_100.tsv	42	72367ef6aa70d1849565261efc5279990daa485ef5a27137202df6bb4d459ff8
reciprocal_counterevidence	35:40	8:52		no value	8:52	35:40	35:40	cross_surah	label_target_note	ranked_review	Does not materially clarify the focus's recurring rejection-and-seizure pattern.	focus_8_52_cutoff_100.tsv	99	303a495cff09382c9202b4fe49a89ac2d03b76d4b6c7d0789ffebec7b853adea
reciprocal_nomination	35:40	8:68		weak	8:68	35:40	35:40	cross_surah	label_target_note	ranked_review	Prior-book language is polemical and does not supply protection or punishment.	focus_8_68_cutoff_100.tsv	100	2929e983194a6bd7aaacd0c51ddd42de14425b1e2659ade9fe1442439c35de8b
reciprocal_counterevidence	35:40	9:21		no value	9:21	35:40	35:40	cross_surah	label_target_note	ranked_review	Shared particles do not provide focus-specific evidence.	focus_9_21_cutoff_100.tsv	90	3d79c58ef147dea80f80150542b25d30379f2b82e44ac496ef34d2ea3906711f
reciprocal_nomination	35:40	9:31		medium	9:31	35:40	35:40	cross_surah	label_target_note	missing_ayah_suggestion	Challenges alleged partners to show created share, ownership, or revealed authority.	focus_9_31_cutoff_100.tsv	292	66964a27ee04517ad12c97d6375deee1f8322872ac510bcbfa403a61befcf861
reciprocal_nomination	35:40	10:34		strong	10:34	35:40	35:40	cross_surah	label_target_note	ranked_review	Systematically asks for earth-creation, heavenly share, or authorization for associates.	focus_10_34_cutoff_100.tsv	61	6f2d10acb513bf98d0a5f0fd3f243956a98b20d7f44f8512ecc108510762bc06
reciprocal_nomination	35:40	10:46		weak	10:46	35:40	35:40	cross_surah	label_target_note	ranked_review	Contrasts deceptive mutual promises with the focus's divine promise.	focus_10_46_cutoff_100.tsv	9	9bbe48f92ce9910d907feddf052a7f28cfe9e0f72514af1224d09f65783e6d8a
reciprocal_counterevidence	35:40	10:50		no value	10:50	35:40	35:40	cross_surah	label_target_note	ranked_review	No material addition to 10:50.	focus_10_50_cutoff_100.tsv	25	ab370dc8994766830c8204802d85961fe9d5c1f1548dcb890336c9adf63a1907
reciprocal_nomination	35:40	10:59		weak	10:59	35:40	35:40	cross_surah	label_target_note	ranked_review	Repeats the evidentiary challenge to attributed partners, without addressing provision.	focus_10_59_cutoff_100.tsv	7	208dab87b3e38f226de2205d513a41c498cb0df510594a7d8f7a356f93ff09c4
reciprocal_nomination	35:40	10:66		strong	10:66	35:40	35:40	cross_surah	label_target_note	ranked_review	Tests partnership by creation, heavenly share, and written warrant rather than asserted promise.	focus_10_66_cutoff_100.tsv	22	a55119e25e846d6f23542bc86519a84a5b9edf4ab8fecd72c64c9605eb2c57c7
reciprocal_nomination	35:40	10:72		weak	10:72	35:40	35:40	cross_surah	label_target_note	ranked_review	Rival-partner critique supports exclusive God orientation only indirectly.	focus_10_72_cutoff_100.tsv	99	85db62dfcc0241812b40173a375ed834375ad37a4887d285211d9e51ebf3c3a7
reciprocal_nomination	35:40	11:63		medium	11:63	35:40	35:40	cross_surah	label_target_note	ranked_review	Tests rival claims against creation and proof, sharpening the unsupported-allegiance side of the focus.	focus_11_63_cutoff_100.tsv	22	759c195597c0555c5a6ed56413ffc1270c6b7d69beab05c84c34f1dedbb12150
reciprocal_nomination	35:40	11:88		medium	11:88	35:40	35:40	cross_surah	label_target_note	ranked_review	Shared أرأيتم/بينة supports evidential challenge, but without the focus's reform or reliance sequence.	focus_11_88_cutoff_100.tsv	61	fb07be21a5885bbfa7032b64cb6412034d96c7f71deb69fddf1b513f207de7c5
reciprocal_nomination	35:40	13:16		strong	13:16	35:40	35:40	cross_surah	label_target_note	ranked_review	Tests claimed partners by creation, heavenly share, and proof.	focus_13_16_cutoff_100.tsv	1	04a88fb757ae2f9603f09ddf85d912f08596dc9f7eda91715c7adf241c682406
reciprocal_nomination	35:40	13:33		strong	13:33	35:40	35:40	cross_surah	label_target_note	ranked_review	Directly tests partner claims by demanding evidence of their real agency.	focus_13_33_cutoff_100.tsv	1	85aa1dda01cb20c5d7858ea5f18d6d67b1147f8845a134af73eb4a4e4da3667a
reciprocal_nomination	35:40	13:36		medium	13:36	35:40	35:40	cross_surah	label_target_note	ranked_review	Ortakların delilsizliği ve kitapla temellendirilememesi, şirk reddini destekler.	focus_13_36_cutoff_100.tsv	46	f9f6ba19b206062d0c8d30fda0583349248301585fc6196a5b2576457451f9f2
reciprocal_nomination	35:40	14:30		strong	14:30	35:40	35:40	cross_surah	label_target_note	missing_ayah_suggestion	Ortakların yeryüzü ve göklerdeki yaratıcı payını kanıtlamaya çağırarak iddiayı sorgular.	focus_14_30_cutoff_100.tsv	149	0f89e4b0fce968e855bb6aa0a245de0c84fee79fe40030460b789c74235ad4c7
reciprocal_nomination	35:40	14:36		strong	14:36	35:40	35:40	cross_surah	label_target_note	missing_ayah_suggestion	Ortakların yaratıcı etkisinin sorulması, rakip otorite iddiasını doğrudan sınar.	focus_14_36_cutoff_100.tsv	184	3aea43489f309dfb5f95f26f4e874a98e1df7ba8a2fc3fc56d6f3dcf32f09277
reciprocal_counterevidence	35:40	16:15		no value	16:15	35:40	35:40	cross_surah	label_target_note	ranked_review	No clear addition to the focal relations.	focus_16_15_cutoff_100.tsv	97	895784c5990892b27c019f62c66861cee61421cfdfabbd578fb5f25fa4e828f3
reciprocal_nomination	35:40	16:17		strong	16:17	35:40	35:40	cross_surah	label_target_note	missing_ayah_suggestion	Challenges alleged partners to show any created share or participation.	focus_16_17_cutoff_100.tsv	113	0f45e73e98506fa48bedb22cd50d8a88db659ce123b5699fcf0aedb8ebadf961
reciprocal_nomination	35:40	16:20		strong	16:20	35:40	35:40	cross_surah	label_target_note	ranked_review	Ortaklara yaratma, gökte pay ve kanıt bakımından doğrudan meydan okur.	focus_16_20_cutoff_100.tsv	86	cc20c49fb03e6f5d4a62079ff91301eeb265dd3100fd706314ab0f5c6a0fbdd3
reciprocal_nomination	35:40	16:55		medium	16:55	35:40	35:40	cross_surah	label_target_note	ranked_review	Challenges unsupported associates and exposes their promises as deception.	focus_16_55_cutoff_100.tsv	76	de37f103841b527c9b47741678abdd952a094a656def6d007493d63f0e916c8a
reciprocal_nomination	35:40	16:56		strong	16:56	35:40	35:40	cross_surah	label_target_note	missing_ayah_suggestion	Claimed partners are tested for creation and authority.	focus_16_56_cutoff_100.tsv	139	5edad98bb18abea3e6e4efca572f6dec83a6c68d14228a7cfdf826873e3770f0
reciprocal_nomination	35:40	16:73		strong	16:73	35:40	35:40	cross_surah	label_target_note	missing_ayah_suggestion	Directly challenges alternatives to show earthly creation or heavenly partnership.	focus_16_73_cutoff_100.tsv	192	18fe759dd7ddd8b78c95486305be59602c1554d9dddf136180a60477c2f66dfb
reciprocal_nomination	35:40	16:79		weak	16:79	35:40	35:40	cross_surah	label_target_note	ranked_review	Questions about partners do not materially clarify the focus.	focus_16_79_cutoff_100.tsv	38	ff96278765b669ad2f34b4c9bfe9d1c52b009b1f15fe092b7113089907711440
reciprocal_nomination	35:40	16:86		medium	16:86	35:40	35:40	cross_surah	label_target_note	missing_ayah_suggestion	Challenges alleged partners to show what they created or share in creation.	focus_16_86_cutoff_100.tsv	158	1a8b69f6163ea216eb25e731e501fe4456ddc32b926b590d128a61f2a328350b
reciprocal_nomination	35:40	16:105		medium	16:105	35:40	35:40	cross_surah	label_target_note	missing_ayah_suggestion	Requires evidence for partners and their alleged share or scriptural warrant.	focus_16_105_cutoff_100.tsv	131	62e6b4bba3b87f2777c1ba96d752038608069dd59601a4a20b9d5786f0733039
reciprocal_nomination	35:40	17:42		strong	17:42	35:40	35:40	cross_surah	label_target_note	missing_ayah_suggestion	Challenges alleged partners to show any creative or textual warrant.	focus_17_42_cutoff_100.tsv	193	f50b285d950514cab01f164907f82971d155e181e8daa9f7f7019d20516b390e
reciprocal_nomination	35:40	17:55		medium	17:55	35:40	35:40	cross_surah	label_target_note	ranked_review	Partner polemic parallels the surrounding anti-mediation context.	focus_17_55_cutoff_100.tsv	88	6d44fc61dcdaa58f8ae6b79717e1d898e148eff43ae0576a54e801390a2021e4
reciprocal_nomination	35:40	17:56		strong	17:56	35:40	35:40	cross_surah	label_target_note	missing_ayah_suggestion	Ortakların yaratma veya göklerde-yerlerde pay sahibi olup olmadığını sınar.	focus_17_56_cutoff_100.tsv	143	02498cefc40c306f927c6794eb627a6b702f3d2b7e4101a20f1235c15f4efaed
reciprocal_nomination	35:40	17:64		strong	17:64	35:40	35:40	cross_surah	label_target_note	ranked_review	f01 and ch016 test claimed partners and expose their closed deceptive promise cycle.	focus_17_64_cutoff_100.tsv	28	3371253537cf8f31c750b4e73b7b36bcaa6590b0e0225653fc5963c6b2c1742b
reciprocal_nomination	35:40	17:99		medium	17:99	35:40	35:40	cross_surah	label_target_note	ranked_review	Cosmic-creation polemic supports exclusive creative agency, without the return or term.	focus_17_99_cutoff_100.tsv	22	676d7aa3863d56af44c32a04f647696933f1af9e509129011334587b72db2c0d
reciprocal_nomination	35:40	17:111		strong	17:111	35:40	35:40	cross_surah	label_target_note	missing_ayah_suggestion	Denies rival creation or any share in the heavens and earth.	focus_17_111_cutoff_100.tsv	174	d9cf16290b8c8a5aa94d7f0bf0cc7c56e739352d77113beb7f661be94ea61929
reciprocal_nomination	35:40	18:38		strong	18:38	35:40	35:40	cross_surah	label_target_note	missing_ayah_suggestion	Challenges alleged partners to show what they created or what share they possess.	focus_18_38_cutoff_100.tsv	138	822de8633066c45edac95e4bf260fac5d3800c0b1e8405fe17c9e0016cb66a7c
reciprocal_nomination	35:40	18:43		medium	18:43	35:40	35:40	cross_surah	label_target_note	ranked_review	Challenges the reality of alleged partners besides Allah, supporting the anti-association theme.	focus_18_43_cutoff_100.tsv	93	1b4c38594016f3dd61c639cab8faced6a636957b2c8e66827593becc2ff8ccdc
reciprocal_nomination	35:40	18:51		strong	18:51	35:40	35:40	cross_surah	label_target_note	missing_ayah_suggestion	It demands evidence that alleged partners created anything on earth or share in the heavens.	focus_18_51_cutoff_100.tsv	123	fee327524e5e58b62bed6e3cf8899e83ef2d6a4984b2ffd50fe7f4fa4e211aac
reciprocal_nomination	35:40	18:52		strong	18:52	35:40	35:40	cross_surah	label_target_note	missing_ayah_suggestion	The challenge to partners asks what they created or whether they share in the Book.	focus_18_52_cutoff_100.tsv	144	a5a2f74e9ef1a05aafd864570bbf39da9b8a4243552481099eb0892f1f3678df
reciprocal_counterevidence	35:40	18:61		no value	18:61	35:40	35:40	cross_surah	label_target_note	ranked_review	The falsity of associates and their promises does not bear on the focus.	focus_18_61_cutoff_100.tsv	95	e21e954190a4bd2a2294d671355acf7a3e11f3dc5765d0508f758c498800b4f4
reciprocal_nomination	35:40	18:102		strong	18:102	35:40	35:40	cross_surah	label_target_note	ranked_review	Exposes partners invoked besides God as unable to create or ground their promises.	focus_18_102_cutoff_100.tsv	91	945759a207fc54cf069586eacbd3fb8b85618e9592b240a63aed2a2f36b3d08c
reciprocal_nomination	35:40	19:48		strong	19:48	35:40	35:40	cross_surah	label_target_note	ranked_review	It challenges the creative power of partners invoked besides God, directly reinforcing Abraham's rejection of them.	focus_19_48_cutoff_100.tsv	64	e106cf580fd4ff594c3d8ad268dbb13b4cf9563cb93895e2778b1f472c0dd1d7
reciprocal_nomination	35:40	19:67		medium	19:67	35:40	35:40	cross_surah	label_target_note	ranked_review	The challenge to show what alleged partners created reinforces creation as exclusive divine evidence.	focus_19_67_cutoff_100.tsv	98	c542d7c80187c53924c280a1a665b090fea5cd29eac6c5dc450974bcd6f0393a
reciprocal_nomination	35:40	19:81		strong	19:81	35:40	35:40	cross_surah	label_target_note	ranked_review	Challenges alleged partners to show any creative share or revealed warrant.	focus_19_81_cutoff_100.tsv	83	b3dd95458b117eec856b4d3a10b704e6a1f75e9bb2501eb04cf6e5bae9d4cb55
reciprocal_nomination	35:40	19:90		medium	19:90	35:40	35:40	cross_surah	label_target_note	ranked_review	It challenges alleged partners to show their share in earth or heavens, directly undermining association with God.	focus_19_90_cutoff_100.tsv	58	2fab8660d22a93bb4214580f40e35719c93783b31150611520c4a24b8afe1db7
reciprocal_nomination	35:40	20:6		weak	20:6	35:40	35:40	cross_surah	label_target_note	ranked_review	The challenge to alleged partners' creative share is a remote exclusivity counterpart.	focus_20_6_cutoff_100.tsv	63	917a9806787a185a695ad71af756651b40f6f7eb19332246f64da99f13097e91
reciprocal_nomination	35:40	20:135		weak	20:135	35:40	35:40	cross_surah	label_target_note	ranked_review	False associates' mutual promises of deception provide only a broad contrast to reliable guidance.	focus_20_135_cutoff_100.tsv	95	aa2af988ea65814d4728ef93dd23dd2eda201fbcf9f5e978daeceec23c9b5a40
reciprocal_nomination	35:40	21:21		strong	21:21	35:40	35:40	cross_surah	label_target_note	ranked_review	It challenges alleged partners to show what they created from earth or share in heaven.	focus_21_21_cutoff_100.tsv	58	873c431adccbd64677b76a46ca6cb36c2a648c7fd036fd31004e4112688ed356
reciprocal_nomination	35:40	21:22		strong	21:22	35:40	35:40	cross_surah	label_target_note	missing_ayah_suggestion	It challenges the alleged partners to show what they created or what share they have in the heavens, directly undercutting rival authority.	focus_21_22_cutoff_100.tsv	130	4841d1336e303e9ca79b89d7c9b4c0e2122ff0463b30bd6bb5cc53f9be506b43
reciprocal_nomination	35:40	21:38		weak	21:38	35:40	35:40	cross_surah	label_target_note	ranked_review	False promises among wrongdoers contrast generally with the true divine promise, but the idolatry argument is remote.	focus_21_38_cutoff_100.tsv	89	0e547f830b912ae870c678d1cf3d52f5d80c7867b1beb07e9e592b4fc91a2093
reciprocal_nomination	35:40	21:41		weak	21:41	35:40	35:40	cross_surah	label_target_note	ranked_review	False promises among wrongdoers offer only an indirect background to the focus warning.	focus_21_41_cutoff_100.tsv	56	6b1799ec265963476c40307d224cbe58e98c0b86bde7f62ddb03cc58bb271ee9
reciprocal_nomination	35:40	21:62		medium	21:62	35:40	35:40	cross_surah	label_target_note	missing_ayah_suggestion	The demand to show what alleged partners created closely parallels testing divine claims by actual causal capacity.	focus_21_62_cutoff_100.tsv	136	8247dcfeff5a55212176636603d2947e6f6fbeff9c42bd7716e56a053c6f3e4d
reciprocal_nomination	35:40	21:66		strong	21:66	35:40	35:40	cross_surah	label_target_note	missing_ayah_suggestion	Challenges alleged partners to show what they created or possess as a share in creation.	focus_21_66_cutoff_100.tsv	140	d2d56d81f5714d23ff1e3beaf0bced068b95f71c4519b6d7669bc7ee1b4b8c1f
reciprocal_nomination	35:40	21:67		strong	21:67	35:40	35:40	cross_surah	label_target_note	missing_ayah_suggestion	It asks what the alleged partners created and what share they have, pressing the rational case against their worship.	focus_21_67_cutoff_100.tsv	137	e01afef1764543a8ba861279e2ded92415332661ab892e120b12743a5ec9e3d2
reciprocal_nomination	35:40	21:99		strong	21:99	35:40	35:40	cross_surah	label_target_note	missing_ayah_suggestion	It challenges alleged partners to show what they created or what authority they possess, directly contesting their divine claim.	focus_21_99_cutoff_100.tsv	117	a69ac4b3ae6fa53d583fd26e3564f350f3e1f9edbe5199b75cc7eaa0511cb444
reciprocal_nomination	35:40	22:31		strong	22:31	35:40	35:40	cross_surah	label_target_note	missing_ayah_suggestion	It demands evidence that alleged partners created anything or share in the heavens.	focus_22_31_cutoff_100.tsv	154	2216f294934d536060d4fdf7bed43c478ff226c9c5f1c86029c69f0873dc5ce5
reciprocal_nomination	35:40	22:73		strong	22:73	35:40	35:40	cross_surah	label_target_note	ranked_review	It directly asks false partners to show what they created, matching the focus's creation challenge.	focus_22_73_cutoff_100.tsv	22	f5822ddc78bcf99a536f6104371b717c634c28855c710e1879d42e2fe19d105d
reciprocal_nomination	35:40	23:36		weak	23:36	35:40	35:40	cross_surah	label_target_note	ranked_review	False mutual promises among idolaters offer a broad contrast with divine promise, but no direct resurrection connection.	focus_23_36_cutoff_100.tsv	65	d0b3566a57b4afd11c1e10a7dc0bbcd78b9343b3c7b4b4a1d739a55fa0700550
reciprocal_nomination	35:40	23:44		weak	23:44	35:40	35:40	cross_surah	label_target_note	ranked_review	Mutual deceptive promises among wrongdoers only distantly resemble the making of cautionary reports.	focus_23_44_cutoff_100.tsv	64	6b18db262c01c233098f932f5de23c995481c32e2ea3a858133325ec3d456438
reciprocal_nomination	35:40	23:56		weak	23:56	35:40	35:40	cross_surah	label_target_note	ranked_review	False partners' empty assurances expose delusion, but the ayah is only indirectly related to prosperity as a test.	focus_23_56_cutoff_100.tsv	37	1bf1e9b03d51ee87df144a94760e3e3e041ec0fb5bc2f576ec26cf6e68a75fcd
reciprocal_counterevidence	35:40	23:63		no value	23:63	35:40	35:40	cross_surah	label_target_note	ranked_review	The challenge to alleged partners concerns creation and false assurances, not the focus's core relation.	focus_23_63_cutoff_100.tsv	73	6a9e163059a85b05f0360db5fe9e81055fbcdfa2b4a829444440e61a821868d7
reciprocal_nomination	35:40	23:85		strong	23:85	35:40	35:40	cross_surah	label_target_note	missing_ayah_suggestion	It challenges alleged partners to show what they created on earth or what share they hold in the heavens.	focus_23_85_cutoff_100.tsv	122	e662db36306e76645d196b5ef52c1bf41c7b19199ebbfd95c1334bbcea0ee5e6
reciprocal_nomination	35:40	23:89		strong	23:89	35:40	35:40	cross_surah	label_target_note	missing_ayah_suggestion	The challenge to show what alleged partners created exposes their lack of any share in earth, heaven, or revealed warrant.	focus_23_89_cutoff_100.tsv	121	eb33d8ab866f0b1e8bc819263467430efa58c4ba6938d2649a93bb50ab53bb6c
reciprocal_nomination	35:40	23:91		strong	23:91	35:40	35:40	cross_surah	label_target_note	missing_ayah_suggestion	Ortakların yerde ne yarattığını veya göklerde payı olup olmadığını sorar; rakip ilahların üretici ve mülkî yetkisini sınar.	focus_23_91_cutoff_100.tsv	135	04444f127aa770902737be074c868fc3e5ed4bdff93c2dba87cb8649c544fc62
reciprocal_counterevidence	35:40	23:112		no value	23:112	35:40	35:40	cross_surah	label_target_note	ranked_review	The polemic against alleged partners' creative share does not illuminate duration or residence.	focus_23_112_cutoff_100.tsv	66	16a83e4e14b9d28d6a23953450fc1b039f48043ba62610123cdfec33d5c184aa
reciprocal_nomination	35:40	24:50		weak	24:50	35:40	35:40	cross_surah	label_target_note	ranked_review	The challenge to alleged partners ends by naming the wrongdoers' delusion, but does not address judgment by the Messenger.	focus_24_50_cutoff_100.tsv	34	5c388332429e37079b948ca007f960773dd920916f6c7fd5bbd86b7bfd976c8b
reciprocal_counterevidence	35:40	24:63		no value	24:63	35:40	35:40	cross_surah	label_target_note	ranked_review	Its critique of alleged partners does not materially illuminate the focus's messenger-call relation.	focus_24_63_cutoff_100.tsv	55	ad586be874a486cb5fc423ea343e8b4f3ac615f09f185f9055e8659889ab9981
reciprocal_nomination	35:40	25:2		strong	25:2	35:40	35:40	cross_surah	label_target_note	missing_ayah_suggestion	It challenges alleged partners to show what they created on earth or any share they have in the heavens.	focus_25_2_cutoff_100.tsv	117	dc65c720aa490d7a5acb5300f1e33ba70b9ffb7f4a388de0b71e31576ba3f37b
reciprocal_nomination	35:40	25:3		strong	25:3	35:40	35:40	cross_surah	label_target_note	missing_ayah_suggestion	Çağrılanların yeryüzünde ne yarattığını sorması, 25:3'ün yaratamayan varlıklara ilahlık verme sorununu doğrudan hedefler.	focus_25_3_cutoff_100.tsv	158	9b9037622a2c1508ee4a5b1782ab27b6f78f17caeb04da45aea365a2dcc5ed01
reciprocal_nomination	35:40	26:31		medium	26:31	35:40	35:40	cross_surah	label_target_note	ranked_review	The demand to show what alleged partners created is a related evidentiary challenge to a public claim.	focus_26_31_cutoff_100.tsv	95	d8f68334efb01fdfccf24c042658452f02d0ffaf25d9676bb02cc3ad94fc0bc7
reciprocal_counterevidence	35:40	26:54		no value	26:54	35:40	35:40	cross_surah	label_target_note	ranked_review	The exposure of false partners and empty promises is unrelated to the focus.	focus_26_54_cutoff_100.tsv	100	8f6d47439fd35f24c2c5a68e8f29324bd1a73202cf91ce0ebdb34f039dafa6ca
reciprocal_nomination	35:40	26:76		strong	26:76	35:40	35:40	cross_surah	label_target_note	missing_ayah_suggestion	The challenge asks what the alleged partners created or share in, directly testing their authority.	focus_26_76_cutoff_100.tsv	177	eac4da4fcfe6d82aec0d8d685f0d695b3658dbf23c1295a6cabe4d6b03a20297
reciprocal_nomination	35:40	26:92		medium	26:92	35:40	35:40	cross_surah	label_target_note	missing_ayah_suggestion	Allah dışında ortak sayılanların ne yarattığının sorulması, odaktaki nesneleri yetki bakımından yoklar.	focus_26_92_cutoff_100.tsv	150	f4db53b832868b3aeb25110cdf7e92eb32fefeffabe54b3f020a2a60d11dd678
reciprocal_nomination	35:40	26:187		weak	26:187	35:40	35:40	cross_surah	label_target_note	ranked_review	The demand for evidence of rival gods is a broad proof challenge without the focus mechanism.	focus_26_187_cutoff_100.tsv	91	2be76c0099429a3358c1eeb0fd4c2dccba11b741828beb11da4a9a02dc153767
reciprocal_nomination	35:40	27:4		weak	27:4	35:40	35:40	cross_surah	label_target_note	ranked_review	The false promises exchanged by wrongdoers describe delusion broadly, but not deeds made attractive or blind wandering.	focus_27_4_cutoff_100.tsv	49	18ff477d4bd930d22321bee671b3b1ee51b1bc7dfbcf84995f7636d24e4dba64
reciprocal_nomination	35:40	27:21		strong	27:21	35:40	35:40	cross_surah	label_target_note	missing_ayah_suggestion	It requires a prior scripture or trace of knowledge for partnership claims, closely specifying what adequate warrant would be.	focus_27_21_cutoff_100.tsv	125	6dd8c7e2e51410952824b3fc3a0eb8c14820f1ac3d803588519d9c502b5f0307
reciprocal_nomination	35:40	27:24		strong	27:24	35:40	35:40	cross_surah	label_target_note	ranked_review	It challenges alleged partners to show any creative share and exposes their promises as delusion, directly confronting false worship.	focus_27_24_cutoff_100.tsv	79	a6d1b9ae87cb026ff6857f67a9a2ff6b791d454461181e47afa1475c47b0c8bf
reciprocal_nomination	35:40	27:28		weak	27:28	35:40	35:40	cross_surah	label_target_note	ranked_review	Written authorization appears as one test of a claim, a distant book parallel.	focus_27_28_cutoff_100.tsv	79	ef5a8c76217eede7cb17a8ea4d7c2b6e6bb7915945121f26bd6e62c925ae6ccf
reciprocal_counterevidence	35:40	27:55		no value	27:55	35:40	35:40	cross_surah	label_target_note	ranked_review	The critique of false partners is not a material link to the focus's relational claim.	focus_27_55_cutoff_100.tsv	49	423cb3f4e761f2f827c3e292c2482ecab5cbf421f305d43993fed08eda5bbd14
reciprocal_nomination	35:40	28:64		strong	28:64	35:40	35:40	cross_surah	label_target_note	ranked_review	Challenges alleged partners to show any created domain or shared authority.	focus_28_64_cutoff_100.tsv	49	86733b4b733e29ebb3baad315f3f1adbab7ea3dfcf14e1f301bd68cf9d63bdbf
reciprocal_nomination	35:40	28:68		strong	28:68	35:40	35:40	cross_surah	label_target_note	missing_ayah_suggestion	Those invoked besides God are challenged to show what they created, directly refuting any partner claim.	focus_28_68_cutoff_100.tsv	134	ba0a3e25753790392abc6b6f8320a78027b996e52348e0a72fdeadc47dfde6f1
reciprocal_nomination	35:40	28:71		medium	28:71	35:40	35:40	cross_surah	label_target_note	ranked_review	It challenges partners to prove creative participation, directly supporting the denial of rival divine power.	focus_28_71_cutoff_100.tsv	55	919a50bfe8f4af638933e61a594c87075d92ea58c2a439e8953dcc3ee3f73df3
reciprocal_nomination	35:40	28:72		medium	28:72	35:40	35:40	cross_surah	label_target_note	ranked_review	Its challenge to show what other partners create reinforces the focus's denial of any god besides God.	focus_28_72_cutoff_100.tsv	82	7bd490bc34d87c39c12de0173129da868469a8962f2dd1f203fe925f379040d1
reciprocal_nomination	35:40	28:74		strong	28:74	35:40	35:40	cross_surah	label_target_note	missing_ayah_suggestion	Çağrılan ortakların ne yarattığını ve göklerde ortaklık payları olup olmadığını sorar.	focus_28_74_cutoff_100.tsv	170	47af8dde12d79f3b5ea3c26207f50d4d0e9aa513b3c03d8f3973e7976cdd85e2
reciprocal_nomination	35:40	28:78		medium	28:78	35:40	35:40	cross_surah	label_target_note	ranked_review	Challenges unsupported claims of creative power and authoritative evidence, paralleling scrutiny of Qarun's justification.	focus_28_78_cutoff_100.tsv	95	4c1bc372139a3f481590e25851cebf0a513a8d75983aa185d937318c4f8645a4
reciprocal_nomination	35:40	29:49		medium	29:49	35:40	35:40	cross_surah	label_target_note	ranked_review	The demand for evidence behind partners exposes baseless claims and calls their proponents wrongdoers, a related proof pattern.	focus_29_49_cutoff_100.tsv	61	40c0a5bd009b55c007a2acc008aa49eb43322ab15090c3b39234f2842b752d8d
reciprocal_nomination	35:40	29:61		strong	29:61	35:40	35:40	cross_surah	label_target_note	missing_ayah_suggestion	Alleged partners are challenged to show what they created on earth or what share they have in the heavens.	focus_29_61_cutoff_100.tsv	130	e6fe1cb61539d8b40a83e7842da90a0dd645f480ee2abdd3aefa8acb2321c1dc
reciprocal_nomination	35:40	30:28		strong	30:28	35:40	35:40	cross_surah	label_target_note	missing_ayah_suggestion	It challenges alleged partners to show what they created or what share they hold, directly supporting the focus's denial of equality with God.	focus_30_28_cutoff_100.tsv	104	07d66a22d1bd3b91f996d9031b6ac57c007f142f2171e00b89a601a5a191b713
reciprocal_nomination	35:40	30:34		strong	30:34	35:40	35:40	cross_surah	label_target_note	missing_ayah_suggestion	It challenges alleged partners to show what they created or what share of creation or authority they possess.	focus_30_34_cutoff_100.tsv	143	b5cbbf0ccd33a993ecd58ae27c8a83e2f7f722de43ffd695298db807f4994653
reciprocal_nomination	35:40	30:35		strong	30:35	35:40	35:40	cross_surah	label_target_note	missing_ayah_suggestion	It asks what the alleged partners created, whether they share in the heavens, or possess a book as authorization.	focus_30_35_cutoff_100.tsv	107	27242747b3e8499f73213804e302e96baab6def8d4f4c75160e0f4f8051260ea
reciprocal_nomination	35:40	30:42		strong	30:42	35:40	35:40	cross_surah	label_target_note	missing_ayah_suggestion	It challenges alleged partners to show what they created in the earth or share in the heavens.	focus_30_42_cutoff_100.tsv	127	6be472cb0406ac2a39bb265933c7b34a01af9f0eda9b29a14ba503c0096ce1eb
reciprocal_nomination	35:40	31:9		medium	31:9	35:40	35:40	cross_surah	label_target_note	ranked_review	False mutual promises among wrongdoers give a clear contrast to Allah's true promise.	focus_31_9_cutoff_100.tsv	94	054b911d8334113b05e319e4ce9cd8495f1f6dcda41ef86f24686b9a8beeaff8
reciprocal_nomination	35:40	31:11		strong	31:11	35:40	35:40	cross_surah	label_target_note	ranked_review	Near-verbatim challenge: alleged partners must show what they created, exposing their lack of divine creative authority.	focus_31_11_cutoff_100.tsv	1	dab44d5ce363c51a0a27157ecc77d0bd65ab2b0d987e62bc9bb6053a5f5c17d5
reciprocal_nomination	35:40	31:25		strong	31:25	35:40	35:40	cross_surah	label_target_note	missing_ayah_suggestion	Alleged partners are challenged to show what they created on earth or what share they have in the heavens.	focus_31_25_cutoff_100.tsv	129	e6fe1cb61539d8b40a83e7842da90a0dd645f480ee2abdd3aefa8acb2321c1dc
reciprocal_nomination	35:40	31:30		strong	31:30	35:40	35:40	cross_surah	label_target_note	missing_ayah_suggestion	It challenges alleged partners to show what they created or share in, exposing the absence of any warrant.	focus_31_30_cutoff_100.tsv	140	ecb4bcebabd5491ee77d765ea5e5d16edecad6701c340e1b93ae259602a8a373
reciprocal_nomination	35:40	33:12		strong	33:12	35:40	35:40	cross_surah	label_target_note	ranked_review	It explicitly identifies promises without evidence as deception, clarifying the focus's accusation.	focus_33_12_cutoff_100.tsv	6	055953e4781f0935cb5cc565a58f111fd0f1eb72cb0f927f1c6ddee1e1409f69
reciprocal_nomination	35:40	34:22		strong	34:22	35:40	35:40	cross_surah	label_target_note	ranked_review	Audits alleged partners for creation and a share in heaven, closely matching the focus's ownership test.	focus_34_22_cutoff_100.tsv	4	9a65ee7750478313357ae9de93b475a8533d54e14b8eea29be468afaf6311833
reciprocal_nomination	35:40	34:24		strong	34:24	35:40	35:40	cross_surah	label_target_note	ranked_review	Directly challenges alleged partners over creation in earth and participation in the heavens.	focus_34_24_cutoff_100.tsv	82	16dd4fe7d93f06e7f5461ba0b9bee2423156b3a7a3ff6292c1567a1a48655825
reciprocal_nomination	35:40	34:27		strong	34:27	35:40	35:40	cross_surah	label_target_note	ranked_review	Closest parallel: it demands that alleged partners demonstrate any creative share or warrant.	focus_34_27_cutoff_100.tsv	1	7b08c6b791aaf3c3c1f71220001e59df05f6fed731fd6b5860850bb84c217c1b
reciprocal_nomination	35:40	34:29		weak	34:29	35:40	35:40	cross_surah	label_target_note	ranked_review	The contrast with mutually deceptive promises helps distinguish an unsupported promise from the divine warning.	focus_34_29_cutoff_100.tsv	94	b1d1f1972e8fc1b7f65aec6dcdcdac607c6e7370cd7ecdd41cdd0341adf14231
reciprocal_nomination	35:40	34:31		medium	34:31	35:40	35:40	cross_surah	label_target_note	ranked_review	False partners lack evidence while wrongdoers promise one another delusion, a useful parallel to mutually sustaining false claims.	focus_34_31_cutoff_100.tsv	88	7b33495c3750f80fbc2290f2eb5d853b4812fa5abdac50876cb41b120af5c47b
reciprocal_nomination	35:40	34:33		strong	34:33	35:40	35:40	cross_surah	label_target_note	missing_ayah_suggestion	It challenges alleged partners to show any created share or scriptural authority for their claims.	focus_34_33_cutoff_100.tsv	195	a3d62716d577fe402fa95d4fe590c0c984a5f9521720289251c11c666d1ccf96
reciprocal_nomination	35:40	35:5		strong	35:5	35:40	35:40	same_surah	label_target_note	ranked_review	It calls the mutual promises of wrongdoers nothing but deception.	focus_35_5_cutoff_100.tsv	96	37d395ab96189be50499d9deb90759e6a74d50bd9f6f31356745a346a728b158
reciprocal_nomination	35:40	35:11		medium	35:11	35:40	35:40	same_surah	label_target_note	ranked_review	The local challenge asks what alleged partners have created from earth, reinforcing the focus's exclusive divine creatorship.	focus_35_11_cutoff_100.tsv	74	6612ae37d84a6e289839b0edc6091b20c4b027bd5f3b7d609d950bbb9444a298
reciprocal_nomination	35:40	35:14		strong	35:14	35:40	35:40	same_surah	label_target_note	ranked_review	It directly challenges the partners people call besides God to show creation, ownership, or written authority.	focus_35_14_cutoff_100.tsv	89	08d8f4683f7149ee2dfecd5225220d05525fa671d1a016158768c90523c5a58b
reciprocal_nomination	35:40	35:16		medium	35:16	35:40	35:40	same_surah	label_target_note	ranked_review	False partners' lack of creative power reinforces God's exclusive authority as Creator in the same surah.	focus_35_16_cutoff_100.tsv	98	19d442aba5645d70fc1d67f801ff0d7e653f793cfa22218b68dc738d017725a5
reciprocal_nomination	35:40	35:19		medium	35:19	35:40	35:40	same_surah	label_target_note	ranked_review	The same surah tests alleged partners by their creative power, reinforcing the need to distinguish what is genuinely unequal.	focus_35_19_cutoff_100.tsv	47	905638165f76c16d45047ff130b12f8e4b97786e4d4ca977fb2aa7cffaeda3c4
reciprocal_nomination	35:40	35:20		weak	35:20	35:40	35:40	same_surah	label_target_note	ranked_review	False partners and delusive promises broadly oppose clear guidance, without light imagery.	focus_35_20_cutoff_100.tsv	59	d675344efa312f0aeb97dedbc549b79fdbf43986e5df82a660fdd98d9f4205c4
reciprocal_counterevidence	35:40	35:21		no value	35:21	35:40	35:40	same_surah	label_target_note	ranked_review	The challenge to alleged partners and their evidence does not develop the focus contrast.	focus_35_21_cutoff_100.tsv	32	196ab920b259ce8e79ee8554597a943fec33065c797a1e60446c9aba7b5941a2
reciprocal_counterevidence	35:40	35:22		no value	35:22	35:40	35:40	same_surah	label_target_note	ranked_review	The challenge to idolatrous partners concerns creation and authority rather than the focus's reception boundary.	focus_35_22_cutoff_100.tsv	56	5879c1feb64a50c4a7305eb4221572acd062b462e5bbce666a25c6f2aef9ea90
reciprocal_nomination	35:40	35:27		weak	35:27	35:40	35:40	same_surah	label_target_note	ranked_review	The challenge to false creators reinforces the focus's attribution of earthly creation.	focus_35_27_cutoff_100.tsv	62	4a7f2649731e6504e49c3d9dadda66ceaf5532579e634194f14e19bb4749239f
reciprocal_counterevidence	35:40	35:30		no value	35:30	35:40	35:40	same_surah	label_target_note	ranked_review	The challenge to alleged partners concerns monotheism, not recompense, favor, or gratitude.	focus_35_30_cutoff_100.tsv	53	7dc53396c1bcf4c7b460ae9a67a39504b58bb5594ec847faaa4b11b2670ad7c3
reciprocal_nomination	35:40	35:31		medium	35:31	35:40	35:40	same_surah	label_target_note	ranked_review	The nearby challenge demands a Book and manifest proof for rival claims, framing textual authority and evidence.	focus_35_31_cutoff_100.tsv	14	c81e778939405bca3cab8cdc05d7311e3e90a65cd86d1df7beebc22a2423d7bc
reciprocal_nomination	35:40	35:32		medium	35:32	35:40	35:40	same_surah	label_target_note	ranked_review	Links a claimed book-based proof with wrongdoers' deception, providing a nearby contrast to true book inheritance.	focus_35_32_cutoff_100.tsv	20	5929e11369c346671b3387137b82745b3d04aba9d218e9140acc161f54bca549
reciprocal_counterevidence	35:40	35:33		no value	35:33	35:40	35:40	same_surah	label_target_note	ranked_review	The challenge to alleged partners has no relevant garden or adornment connection.	focus_35_33_cutoff_100.tsv	47	b012984adf3aa68b6fa5d82a57b758273bc457031138d900fb3288baf16eecab
reciprocal_counterevidence	35:40	35:34		no value	35:34	35:40	35:40	same_surah	label_target_note	ranked_review	The refutation of false partners belongs to nearby monotheistic argument but does not develop the focus's stated relief.	focus_35_34_cutoff_100.tsv	53	3133627837b3ece6e819fd4dc17b40e20a224caf8bb9e54afe682783f5d1c81d
reciprocal_counterevidence	35:40	35:35		no value	35:35	35:40	35:40	same_surah	label_target_note	ranked_review	Its challenge to alleged partners does not clarify the focus's protected abode.	focus_35_35_cutoff_100.tsv	23	e213af3784be89e8644a03052753a1ae0cb922674bc054fabfb3198b57d984de
reciprocal_nomination	35:40	35:38		medium	35:38	35:40	35:40	same_surah	label_target_note	ranked_review	The immediate continuation tests rival claims against creation in earth and the heavens.	focus_35_38_cutoff_100.tsv	5	e14bd9dd477c64162c07eeefa3d2fa91c43c238f1f1208d522a7a94b7c3a1ad9
reciprocal_nomination	35:40	35:39		strong	35:39	35:40	35:40	same_surah	label_target_note	ranked_review	The immediate following challenge to alleged partners exposes false claims over creation and earthly authority.	focus_35_39_cutoff_100.tsv	32	d1c013368042d1074e15127965a91f6c5b3fe8cc648da220ad764f3484a43568
reciprocal_nomination	35:40	35:41		strong	35:41	35:40	35:40	same_surah	label_target_note	ranked_review	The immediate context denies alleged partners any share in creating earth or heavens, clarifying why none can hold them after God.	focus_35_41_cutoff_100.tsv	20	73c3999a8d8897803a2668f04fb575b295ef6ad72e5bb515f7ca307235c01388
reciprocal_nomination	35:40	35:42		medium	35:42	35:40	35:40	same_surah	label_target_note	ranked_review	The local challenge exposes unsupported claims, complementing the focus's hollow sworn assurance.	focus_35_42_cutoff_100.tsv	53	cd4ad464cd64b9a59528ec05831628bc8581a439e23222bdbf486fb0269d500f
reciprocal_nomination	35:40	35:43		medium	35:43	35:40	35:40	same_surah	label_target_note	ranked_review	The nearby exposure of deceptive promises supplies context for the focus's evil plotting.	focus_35_43_cutoff_100.tsv	17	7c7871af8794955e3927b749d771af97021728c593dbd089c30d188b587b6936
reciprocal_nomination	35:40	35:44		medium	35:44	35:40	35:40	same_surah	label_target_note	ranked_review	Challenges alleged partners to show any creation in earth or share in heaven.	focus_35_44_cutoff_100.tsv	14	64c4dc3bca42eb5c06ac67cee2faddda2ba2b5de8406a40b359a6e379c11604c
reciprocal_nomination	35:40	35:45		weak	35:45	35:40	35:40	same_surah	label_target_note	ranked_review	The local challenge to false partners supports divine authority, but it does not add a direct account of deferral.	focus_35_45_cutoff_100.tsv	41	a8396a16152eae144b9675a743888efb5b527d5c12ea88f976b62d5e4f53ae3d
reciprocal_nomination	35:40	36:23		strong	36:23	35:40	35:40	cross_surah	label_target_note	missing_ayah_suggestion	The demand to show what alleged partners created tests and rejects their claim to a share in divine agency.	focus_36_23_cutoff_100.tsv	198	6aedc7d0f42ea372e3d643f42c3f67832a25979f7ae4af3f2e4cce66fff216b9
reciprocal_counterevidence	35:40	36:37		no value	36:37	35:40	35:40	cross_surah	label_target_note	ranked_review	The challenge to alleged partners does not address the focus's cosmic transition.	focus_36_37_cutoff_100.tsv	52	24842161b0411ad1c2ed0dab89a8e3ef6516f4a809218fe73b91f151984bf352
reciprocal_nomination	35:40	36:71		strong	36:71	35:40	35:40	cross_surah	label_target_note	ranked_review	Alleged partners are challenged to show what they created, a direct creator-claim contrast.	focus_36_71_cutoff_100.tsv	64	5a3c4f83fd84e37d1ba48794c7d74a008922f42e41c7560bb6ae8cf1be4a195f
reciprocal_nomination	35:40	37:4		strong	37:4	35:40	35:40	cross_surah	label_target_note	missing_ayah_suggestion	It challenges alleged partners to show any share in creation or revealed authority.	focus_37_4_cutoff_100.tsv	167	e75c7dd12c469ddda4df87c32e89e737a452c6daa5c8d81bc15816ce8392bc7c
reciprocal_nomination	35:40	37:11		strong	37:11	35:40	35:40	cross_surah	label_target_note	missing_ayah_suggestion	The demand to show what alleged partners have created directly supports the focus question's creator-versus-creature challenge.	focus_37_11_cutoff_100.tsv	147	3b1d6512af012341da6bcb64ac4cc364f53badf317442754c664ad7b8eb5a0ea
reciprocal_nomination	35:40	37:23		strong	37:23	35:40	35:40	cross_surah	label_target_note	missing_ayah_suggestion	Challenges alleged partners besides Allah to show what they created or what warrant they possess.	focus_37_23_cutoff_100.tsv	120	4fbe66c7c24e7425f71f8cabc0ccaeb5da1d08bc87dcd4e918504098403b0af2
reciprocal_nomination	35:40	37:27		weak	37:27	35:40	35:40	cross_surah	label_target_note	ranked_review	Mutual deceptive promises among wrongdoers are a broad precursor to their later mutual dispute.	focus_37_27_cutoff_100.tsv	82	2aec46b4a5369e12040f029c0e4fb25554183252783137c3815b1c98ea1eaee8
reciprocal_nomination	35:40	37:50		weak	37:50	35:40	35:40	cross_surah	label_target_note	ranked_review	Mutual deceptive promises are a corrupt speech network, distantly contrasting the Garden exchange.	focus_37_50_cutoff_100.tsv	85	56db78fb7e7a0d4201443f8a92cca338a504bf747f1041c2285d5c3b6d059a44
reciprocal_nomination	35:40	37:70		weak	37:70	35:40	35:40	cross_surah	label_target_note	ranked_review	Unsupported claims about partners and mutual deception only broadly parallel false inherited authority.	focus_37_70_cutoff_100.tsv	67	5dbd432475ab018764228980161a0775ed8e4f0fe29953a640eeb41fb826b27a
reciprocal_nomination	35:40	37:96		strong	37:96	35:40	35:40	cross_surah	label_target_note	missing_ayah_suggestion	It challenges alleged partners to show what they created on earth or in the heavens, closely matching the anti-idol argument.	focus_37_96_cutoff_100.tsv	109	c78ba5e47b7b4a8dd879d0854db1a8a72bb0979da4086f7ed3c0966b384e2f2c
reciprocal_nomination	35:40	37:125		strong	37:125	35:40	35:40	cross_surah	label_target_note	missing_ayah_suggestion	It asks whether alleged partners created anything in the earth or share the heavens, directly dismantling the premise of invoking Baal.	focus_37_125_cutoff_100.tsv	134	73f770a810b1c39886ddae96868ba9bb35797a12d5d8840d7989195c60f0b7a1
reciprocal_nomination	35:40	37:157		strong	37:157	35:40	35:40	cross_surah	label_target_note	missing_ayah_suggestion	Near-exact parallel: alleged associates must be supported by a prior book or trace of knowledge if the claim is true.	focus_37_157_cutoff_100.tsv	104	35252452da34b356d31fc258824ddb1b44fdacebe6053406d8b8888e8ee74271
reciprocal_nomination	35:40	37:159		medium	37:159	35:40	35:40	cross_surah	label_target_note	missing_ayah_suggestion	It challenges alleged partners to show what they created or what authority they share.	focus_37_159_cutoff_100.tsv	123	bd2bbf6e11f05cfba9f8025be4139417c5df76a077f5dbae2efe7f2f90e43497
reciprocal_counterevidence	35:40	37:172		no value	37:172	35:40	35:40	cross_surah	label_target_note	ranked_review	The challenge to alleged partners does not itself address aid or victory.	focus_37_172_cutoff_100.tsv	93	227b53ba79ada3ece434c96ccab62ed37a4d990565663cc0ba0272099fc0049b
reciprocal_nomination	35:40	38:10		medium	38:10	35:40	35:40	cross_surah	label_target_note	ranked_review	It challenges alleged partners to show creation, heavenly participation, or warrant for their claim.	focus_38_10_cutoff_100.tsv	25	cd2931e39a566b50dacd93ef51858911985bc9251414152acba9a6562397597b
reciprocal_counterevidence	35:40	38:28		no value	38:28	35:40	35:40	cross_surah	label_target_note	ranked_review	The challenge to alleged partners concerns idolatry, not the moral comparison at issue.	focus_38_28_cutoff_100.tsv	58	401a634f72029ae0a6e043a36e9637f94c9a1fddeb3fdffc41e6f762c2d27b25
reciprocal_nomination	35:40	39:4		strong	39:4	35:40	35:40	cross_surah	label_target_note	missing_ayah_suggestion	It challenges alleged partners to show what they created in the earth or share in the heavens.	focus_39_4_cutoff_100.tsv	133	6be472cb0406ac2a39bb265933c7b34a01af9f0eda9b29a14ba503c0096ce1eb
reciprocal_nomination	35:40	39:29		strong	39:29	35:40	35:40	cross_surah	label_target_note	missing_ayah_suggestion	It challenges alleged partners to show what they created or what share they hold in the heavens, directly testing their claimed ownership.	focus_39_29_cutoff_100.tsv	106	5dc9b2ae783178f95ecc1872cc858f53db65c8e6b0b345f0528866bc1e65876e
reciprocal_nomination	35:40	39:38		medium	39:38	35:40	35:40	cross_surah	label_target_note	ranked_review	Challenges alleged partners to show their share in creation, a close companion to the focus's interrogation of those invoked.	focus_39_38_cutoff_100.tsv	19	ed089e9cffbcf5372ed1d9f4f4b6d6b6e54ece9de99c45b8446b04175dfe71d7
reciprocal_nomination	35:40	39:45		strong	39:45	35:40	35:40	cross_surah	label_target_note	missing_ayah_suggestion	Challenges alleged partners to show their creation, share, or revealed warrant.	focus_39_45_cutoff_100.tsv	240	fcb27c057c825e976f9445428ca1211099cafae9427b877b328f53c08201bb5a
reciprocal_nomination	35:40	39:63		strong	39:63	35:40	35:40	cross_surah	label_target_note	ranked_review	It challenges alleged partners to show what they created on earth or their share in heaven, directly confirming exclusive authority.	focus_39_63_cutoff_100.tsv	95	4c28d2114d617a52d188de4d7f949969265e677886df36ca0421cf89ca40cd03
reciprocal_nomination	35:40	40:4		strong	40:4	35:40	35:40	cross_surah	label_target_note	ranked_review	Direct f02 evidence: unsupported claims are sustained by mutual deception.	focus_40_4_cutoff_100.tsv	45	a96451050e71c4e5991c3024a6acc1739fa59246688537ca1ee736cb3a54cfaf
reciprocal_nomination	35:40	40:12		strong	40:12	35:40	35:40	cross_surah	label_target_note	missing_ayah_suggestion	It demands evidence that alleged partners created anything or share a book-authority, directly challenging association.	focus_40_12_cutoff_100.tsv	166	24e7e41a9b22d193919d218ec81f55f5f052526dcea85d07320c1dbd42128a6c
reciprocal_counterevidence	35:40	40:21		no value	40:21	35:40	35:40	cross_surah	label_target_note	ranked_review	Its challenge to alleged partners' creative authority does not develop the focus's historical outcome or worldly strength.	focus_40_21_cutoff_100.tsv	91	dc8e85f1fd764daa4cd92043995b4bd731a7d46ac48acc42d9d47136f530e08a
reciprocal_nomination	35:40	40:24		weak	40:24	35:40	35:40	cross_surah	label_target_note	ranked_review	False promises and unsupported partners are a broad contrast, not this accusation scene.	focus_40_24_cutoff_100.tsv	89	89c27f1fc8898ab1c7bbb74ac7cfacabe105ab384b4a9297d1bdd1fa28ffac09
reciprocal_nomination	35:40	40:35		strong	40:35	35:40	35:40	cross_surah	label_target_note	missing_ayah_suggestion	Its demand for created evidence, partnership, or a scriptural trace tests claims of authority in the same way the focus denies them.	focus_40_35_cutoff_100.tsv	110	c43ff7e01daa6e1077c113f2f460176701c3820f80f377c5bf26f3692c2b659b
reciprocal_counterevidence	35:40	40:45		no value	40:45	35:40	35:40	cross_surah	label_target_note	ranked_review	The challenge to idolaters' claimed partners does not add to the focus's protection or punishment.	focus_40_45_cutoff_100.tsv	74	32ae8b44a002cb1785eb4f2b17da152fc3c7dec60326d506654d9fde37a5dafd
reciprocal_nomination	35:40	40:62		strong	40:62	35:40	35:40	cross_surah	label_target_note	missing_ayah_suggestion	Challenges alleged partners to show any share in creation or authority.	focus_40_62_cutoff_100.tsv	131	e8cf25dd6fd7ee493956af370a726f447f65bbb9856a8622a29fc7f443d97dcc
reciprocal_nomination	35:40	40:65		strong	40:65	35:40	35:40	cross_surah	label_target_note	missing_ayah_suggestion	It challenges alleged partners to show any share in creation, exposing the basislessness of calling on them.	focus_40_65_cutoff_100.tsv	115	b495c2906ecef891e60b20ae5263f30e608e7ecdac0a3abac3a37da5e748d014
reciprocal_nomination	35:40	40:66		medium	40:66	35:40	35:40	cross_surah	label_target_note	ranked_review	It challenges those invoked apart from God to show creative share or supporting proof, exposing their lack of warrant.	focus_40_66_cutoff_100.tsv	31	9a5f30bdcd33145eec10df839da1a3f0f967c416ee474c77961451590f751976
reciprocal_nomination	35:40	40:74		strong	40:74	35:40	35:40	cross_surah	label_target_note	missing_ayah_suggestion	Challenges alleged partners to show any creation or share in revelation.	focus_40_74_cutoff_100.tsv	138	116c804f6badbd8caec3927933e0355f7d9177b365572aee172993378f5a16c9
reciprocal_nomination	35:40	41:9		strong	41:9	35:40	35:40	cross_surah	label_target_note	missing_ayah_suggestion	It asks what alleged partners created in the earth or share in the heavens, closely matching the focus's earth-and-equals argument.	focus_41_9_cutoff_100.tsv	137	859802d5c6a121ab5cc716f02c63b4ebc48077c2b79d5331168bb387138f7f31
reciprocal_nomination	35:40	41:47		strong	41:47	35:40	35:40	cross_surah	label_target_note	missing_ayah_suggestion	Challenges alleged partners to show what they created or share in the heavens.	focus_41_47_cutoff_100.tsv	183	95c31c0245560aed2e4151ec0ea4b91a4afbc10a31a705b213226590431ff022
reciprocal_nomination	35:40	43:19		strong	43:19	35:40	35:40	cross_surah	label_target_note	missing_ayah_suggestion	It demands that alleged partners show what they created or produce a book-based authorization.	focus_43_19_cutoff_100.tsv	125	ffd73a1804dfa535c98bf38a3a5eac1621c89c1d90d70a9e927540b1e8d7bad3
reciprocal_nomination	35:40	43:21		strong	43:21	35:40	35:40	cross_surah	label_target_note	ranked_review	Its challenge whether associators received a book and hold clear proof from it closely parallels the focus's demand for warrant.	focus_43_21_cutoff_100.tsv	16	84c1326467e8bf1038647ca293b5412f7bb21165ae4fab9d52d99609e5ff0986
reciprocal_counterevidence	35:40	43:32		no value	43:32	35:40	35:40	cross_surah	label_target_note	ranked_review	The false promises among wrongdoers do not clarify God's distribution of livelihood or mercy.	focus_43_32_cutoff_100.tsv	52	266c7342cd0acb7fca8674f082a42a82473d0e053fde930141981785cc478cd6
reciprocal_nomination	35:40	43:87		strong	43:87	35:40	35:40	cross_surah	label_target_note	missing_ayah_suggestion	It demands evidence for what alleged partners created in earth or share in the heavens.	focus_43_87_cutoff_100.tsv	127	487bb6e87a17d98fd873489e65657b38b6eac97233f4e5a2d1c9e11ea4bbddc9
reciprocal_nomination	35:40	46:4		strong	46:4	35:40	35:40	cross_surah	label_target_note	ranked_review	نظير مباشر يجمع سؤال الخلق وشركة السماء وطلب الكتاب.	focus_46_4_cutoff_100.tsv	1	439437d3a1c08d239ca8814e3bf49dcc5fe8a622f34db9017965738849a4f9f0
reciprocal_nomination	35:40	46:5		medium	46:5	35:40	35:40	cross_surah	label_target_note	missing_ayah_suggestion	Challenges alleged partners over creation, ownership, and supporting scripture, reinforcing the same evidentiary test as 46:4.	focus_46_5_cutoff_100.tsv	161	c94ab3dceb23b7162af92a8a471cb434e8f0a838b2379205eb97f8981c3ce4ba
reciprocal_nomination	35:40	46:28		strong	46:28	35:40	35:40	cross_surah	label_target_note	missing_ayah_suggestion	Tests alleged partners by creation, textual warrant, and inherited authority.	focus_46_28_cutoff_100.tsv	173	afe3ec2da6ed881d218b3118ab27d133e08756e39368b64b23da840af82facc4
reciprocal_nomination	35:40	50:5		weak	50:5	35:40	35:40	cross_surah	label_target_note	ranked_review	Unfounded partners are challenged, but the focus's arrival and entanglement are absent.	focus_50_5_cutoff_100.tsv	55	2ac6ee2bd85f9ff877e7530b10e1eb73bf6fd4ca3adeba5458db098e2075d071
reciprocal_counterevidence	35:40	50:19		no value	50:19	35:40	35:40	cross_surah	label_target_note	ranked_review	Tail-audit card: no focused death or arrival parallel.	focus_50_19_cutoff_100.tsv	91	9a18409a750f80130c0ed3735e1a12522c6476003edf38e413b8d8d67d7f343c
reciprocal_nomination	35:40	51:5		medium	51:5	35:40	35:40	cross_surah	label_target_note	ranked_review	Contrasts unsupported, mutually circulating promises with a promise backed by realization.	focus_51_5_cutoff_100.tsv	94	4e830d44d0be2efc883a1cba60c05f8bee7e55eb384ae91cf5a189720ed07bd9
reciprocal_nomination	35:40	52:25		weak	52:25	35:40	35:40	cross_surah	label_target_note	ranked_review	The f01 route gives closed reciprocal false assurance, a remote contrary communication pattern.	focus_52_25_cutoff_100.tsv	82	8b6fdc6fc16390b5afe56c5214ca1e80d6d6d0f149025406afed4d58ae11d5fb
reciprocal_nomination	35:40	52:35		strong	52:35	35:40	35:40	cross_surah	label_target_note	ranked_review	Directly requires alleged partners to show what they created.	focus_52_35_cutoff_100.tsv	22	e047ca76109e41925c6ebc77650d0178bd098620fe552e6f8354b050351c9a90
reciprocal_nomination	35:40	52:36		strong	52:36	35:40	35:40	cross_surah	label_target_note	ranked_review	Requires alleged partners to show earthly creation, cosmic share, or authorization.	focus_52_36_cutoff_100.tsv	22	41bf5d9e7551847d91f8577e68a0a6324c5a5cf5beb055920426bae4ae1dd3cc
reciprocal_counterevidence	35:40	52:40		no value	52:40	35:40	35:40	cross_surah	label_target_note	ranked_review	Its rhetorical challenges concern association and proof, not fee, debt, or burden.	focus_52_40_cutoff_100.tsv	75	dd26dd7263b8c83bfccb06be1f85342b666e72b5006c2a1315e58080004c0e1d
reciprocal_nomination	35:40	52:41		strong	52:41	35:40	35:40	cross_surah	label_target_note	ranked_review	Questions whether alleged partners have a book giving them clear proof.	focus_52_41_cutoff_100.tsv	76	e60f5202becfffc3f327d0f2aa0026c84623cf4a5cf08713b9491573f1426c2c
reciprocal_nomination	35:40	52:43		strong	52:43	35:40	35:40	cross_surah	label_target_note	missing_ayah_suggestion	Demands evidence that alleged partners share creation or possess an authoritative warrant.	focus_52_43_cutoff_100.tsv	201	38d89f6286b8f355071dd87f85adfd3a5ab9a391fd683adcdd4048f831cd5160
reciprocal_nomination	35:40	53:19		strong	53:19	35:40	35:40	cross_surah	label_target_note	missing_ayah_suggestion	Direct command to show associates and specify their share or warrant.	focus_53_19_cutoff_100.tsv	114	dc202efe2bfc1023465bafaa41a10f30013a05ac0d9d38b33196675751088197
reciprocal_nomination	35:40	53:27		medium	53:27	35:40	35:40	cross_surah	label_target_note	missing_ayah_suggestion	Challenges alleged partners to show creation, share, or textual authority.	focus_53_27_cutoff_100.tsv	131	d8335c0a31c65c4eace73de3a754b4fc277f0da212a52391d66ca9b5cada6a61
reciprocal_nomination	35:40	53:28		medium	53:28	35:40	35:40	cross_surah	label_target_note	missing_ayah_suggestion	Demands a created share, scripture, or trace of knowledge for associative claims.	focus_53_28_cutoff_100.tsv	124	f7386886794904b5cbe0b3f17477467c2ff2516adac74378bf48e10a14fdffb9
reciprocal_nomination	35:40	53:36		weak	53:36	35:40	35:40	cross_surah	label_target_note	missing_ayah_suggestion	Challenges claimants to produce an earlier book or inherited knowledge, a boundary test for textual authority.	focus_53_36_cutoff_100.tsv	168	349cc406f7b1e247ec1c40d2352141e727be9dba68224b8428a4b538f1ab5bfd
reciprocal_counterevidence	35:40	56:13		no value	56:13	35:40	35:40	cross_surah	label_target_note	ranked_review	Tail-audit polemic adds no distinct route to the focus.	focus_56_13_cutoff_100.tsv	94	7d9bbecc5c3cd8b73feaa16dade8d3061f466842be1e2f5e549789e3be9d5588
reciprocal_counterevidence	35:40	56:79		no value	56:79	35:40	35:40	cross_surah	label_target_note	ranked_review	Tail-audit card with no relevant purity or contact evidence.	focus_56_79_cutoff_100.tsv	95	8fd32d6cce0db2400bce59ef281590bdcd6938704bbfd1f939702b37a99b9473
reciprocal_counterevidence	35:40	60:13		no value	60:13	35:40	35:40	cross_surah	label_target_note	ranked_review	Tail-audit card with no focused parallel evidence.	focus_60_13_cutoff_100.tsv	91	d5576d394d2412646e5da62a1faff451b56ae1559780e51002516c4c4d6441b9
reciprocal_nomination	35:40	67:20		strong	67:20	35:40	35:40	cross_surah	label_target_note	ranked_review	Challenges alleged partners to show creative warrant and identifies their promises as delusion.	focus_67_20_cutoff_100.tsv	13	0eed53d6532ce5924c6506b682668bf68b16c9f076aa684d71ed24304f158d12
reciprocal_nomination	35:40	68:11		medium	68:11	35:40	35:40	cross_surah	label_target_note	ranked_review	Mutual false promise adds a broader pattern of deceptive speech circulation.	focus_68_11_cutoff_100.tsv	100	f2bbccc9ec60c237fca2ca2d73aeddf21f682298f3baad803171a13b0328df99
reciprocal_nomination	35:40	68:30		medium	68:30	35:40	35:40	cross_surah	label_target_note	ranked_review	Mutual circulation of unsupported promises offers a secondary model of internally sustained error.	focus_68_30_cutoff_100.tsv	73	ed6aabb74ee8ce558b26655913690851955a45efd729e668db3e1a70098b2a78
reciprocal_nomination	35:40	68:39		medium	68:39	35:40	35:40	cross_surah	label_target_note	missing_ayah_suggestion	Challenges alleged شركاء to show their share or textual warrant.	focus_68_39_cutoff_100.tsv	126	fb1db4b6215a6eeafcca6cdc7287a67ba7944d5a0435e7d02cbd47e79839d44a
reciprocal_nomination	35:40	68:40		strong	68:40	35:40	35:40	cross_surah	label_target_note	missing_ayah_suggestion	Claimed partners are tested by creation, participation, or a written authorization.	focus_68_40_cutoff_100.tsv	120	e67f595be743d7459fbb58fc95d4adb5cf378f31fe1b5c9184be37239e776835
reciprocal_nomination	35:40	68:41		strong	68:41	35:40	35:40	cross_surah	label_target_note	ranked_review	Directly challenges invoked partners by creation, shared authority, and documentary warrant.	focus_68_41_cutoff_100.tsv	43	0f80799e609de94f137fe3742bf63f9575407f2a660fd348b7895d352ba35e67
reciprocal_counterevidence	35:40	68:46		no value	68:46	35:40	35:40	cross_surah	label_target_note	ranked_review	No localized lexical or route evidence for 68:46.	focus_68_46_cutoff_100.tsv	73	1c4bbac6c4897bc68fc1a6db714988c766c426ce456e3db7c37c8087d1bbc67e
reciprocal_nomination	35:40	68:47		medium	68:47	35:40	35:40	cross_surah	label_target_note	ranked_review	Tests a book-based evidentiary claim within a rhetoric of unsupported assurance.	focus_68_47_cutoff_100.tsv	76	e7774daa50c5372e64a523ae1a7c9c31e53ef65789db5cd098d840e5e25db0a5
reciprocal_nomination	35:40	71:14		weak	71:14	35:40	35:40	cross_surah	label_target_note	ranked_review	Creation capacity tests false partners, supporting attribution but not stages.	focus_71_14_cutoff_100.tsv	97	17eae2bf513eeb53d3416b24e77a65d58a01a226109edf818a2d5312456eb8db
reciprocal_nomination	35:40	72:2		strong	72:2	35:40	35:40	cross_surah	label_target_note	missing_ayah_suggestion	Challenges alleged partners over creation and knowledge, undermining shared sovereignty.	focus_72_2_cutoff_100.tsv	174	1e4ada643ba97acb6e83a195a281b6634ec866f90cd9a83169c4b9de62f9708a
reciprocal_nomination	35:40	72:18		strong	72:18	35:40	35:40	cross_surah	label_target_note	missing_ayah_suggestion	Challenges alleged partners through creation, provision, and revealed authority.	focus_72_18_cutoff_100.tsv	194	1c425f0e02d4220fea48455cf908adf08af98c91708e688f1905e7a22a79e52c
reciprocal_nomination	35:40	72:20		medium	72:20	35:40	35:40	cross_surah	label_target_note	missing_ayah_suggestion	Challenges alleged partners over creation and revealed warrant.	focus_72_20_cutoff_100.tsv	187	86da0525cfcd6ea44fdd6810e6ccc533ea3d811695db2fe12a0010b782a16543
reciprocal_nomination	35:40	82:6		medium	82:6	35:40	35:40	cross_surah	label_target_note	ranked_review	Unsupported mutual promises offer a secondary f01 model of deception.	focus_82_6_cutoff_100.tsv	90	f2c9fde40d599d2b15ea0c97b6f9d04c0986359617054610bab0100b9ba3621f
reciprocal_counterevidence	35:40	82:9		no value	82:9	35:40	35:40	cross_surah	label_target_note	ranked_review	Corrective bal concerns false partners, without a relevant accounting route.	focus_82_9_cutoff_100.tsv	99	e13d32c44e0c435fcff68c075c4f76ef6a986f42fff81f662c96bd1e82dec066
reciprocal_nomination	35:40	88:20		weak	88:20	35:40	35:40	cross_surah	label_target_note	ranked_review	Creation-from-earth challenge is broad polemic without a surface-specific addition.	focus_88_20_cutoff_100.tsv	99	83e69e7964cc46f09fe808d40e5f96ae9c72e6f79458d6213475d5643ba97aa6
reciprocal_nomination	35:40	90:4		weak	90:4	35:40	35:40	cross_surah	label_target_note	ranked_review	Creator-agency challenge is generic and redundant.	focus_90_4_cutoff_100.tsv	98	894e15d0fdb7dc5d9277a926c2f9cea4a23d17babd12e6c22e2e2de85a612b40
reciprocal_nomination	35:40	109:3		medium	109:3	35:40	35:40	cross_surah	label_target_note	missing_ayah_suggestion	The challenge over creation and shared ownership tests claims made for rival objects.	focus_109_3_cutoff_100.tsv	199	9187ad13d3fc27ed0416fab4ee5ac998d4862d29415d663fa324a38f8a72e790
reciprocal_nomination	35:40	109:4		medium	109:4	35:40	35:40	cross_surah	label_target_note	missing_ayah_suggestion	Challenges the claimed partners through their lack of creative standing.	focus_109_4_cutoff_100.tsv	148	e41d5c869cbc22b6ab73f8e0d0dd7d9e8a71bb4ce6d0499e5efe7fd9a415e79e
