record_type	focus_ref	target_ref	focus_direction_label	source_direction_label	source_focus_ref	source_target_ref	source_target_component_ref	relation_scope	source_column_order	source_row_role	source_note	source_file	source_line	source_row_sha256
directional_review	20:113	12:2	strong	strong	20:113	12:2	12:2	cross_surah	label_target_note	ranked_review	Directly identifies the descent as an Arabic Qur'an and gives intelligibility as its purpose.	focus_20_113_cutoff_100.tsv	1	7e4848f9331008bc3c95e9142b719b4cd198c1a62a9b67584697860be63852eb
directional_review	20:113	50:45	strong	strong	20:113	50:45	50:45	cross_surah	label_target_note	ranked_review	Joins Qur'anic reminder to hearers who fear the warning, clarifying the warning's receptive audience.	focus_20_113_cutoff_100.tsv	2	a2ac7fed6074d13e7578281f71646c90d9904a52a09a02b31b6e61eb07488e39
directional_review	20:113	25:50	strong	strong	20:113	25:50	25:50	cross_surah	label_target_note	ranked_review	Shows repeated turning through forms as an attempt to produce remembrance, a core mechanism of the focus ayah.	focus_20_113_cutoff_100.tsv	3	6f7d7ff3b77c3b2472fbeb44889da09edd0bb3020a86d84b1703a0ada4ff85f6
directional_review	20:113	39:28	strong	strong	20:113	39:28	39:28	cross_surah	label_target_note	ranked_review	Combines Arabic Qur'an with the intended result of taqwa in a close verbal parallel.	focus_20_113_cutoff_100.tsv	4	65650b9c11b946d31ef9d848d6579ebbc7e39f9510373e55d3c11b9f817d61ee
directional_review	20:113	20:114	medium	medium	20:113	20:114	20:114	same_surah	label_target_note	ranked_review	The immediate continuation frames the revealed Qur'an as paced instruction and a source of increasing knowledge.	focus_20_113_cutoff_100.tsv	5	702ba2f0e8a3d25f22d266117d77948bf641a5c9176231a38becdba72216c4cf
directional_review	20:113	6:69	medium	medium	20:113	6:69	6:69	cross_surah	label_target_note	ranked_review	Connects reminder with the hoped-for emergence of taqwa, though without the varied-warning mechanism.	focus_20_113_cutoff_100.tsv	6	bff95bf91132b09d484c334491909c015db4678630f521899577a5a513b2eb75
directional_review	20:113	42:7	strong	strong	20:113	42:7	42:7	cross_surah	label_target_note	ranked_review	An Arabic Qur'an is revealed to warn of gathering and divided outcomes, supplying concrete warning content.	focus_20_113_cutoff_100.tsv	7	7e787988ed59ad762ae12666560c20a54431fcd8d806597b2b54ad80d529dacf
directional_review	20:113	20:110	weak	weak	20:113	20:110	20:110	same_surah	label_target_note	ranked_review	Its immediate epistemic context contrasts divine knowledge with human limitation but does not state the focus mechanism.	focus_20_113_cutoff_100.tsv	8	b437676ed446456c104860898f7d6c1dbeb9ee110febb9de5926be1763cebc0f
directional_review	20:113	12:57	weak	weak	20:113	12:57	12:57	cross_surah	label_target_note	ranked_review	Gives taqwa an enduring ethical outcome, adding little after the closer purpose parallels.	focus_20_113_cutoff_100.tsv	9	d56add8f958e3d23b2ab0b2d35352f9b20fc6fa1a09d828e779efbef127501a6
directional_review	20:113	13:37	medium	medium	20:113	13:37	13:37	cross_surah	label_target_note	ranked_review	Presents an Arabic revelation as binding judgment and warns against desire after knowledge.	focus_20_113_cutoff_100.tsv	10	a52d9e2e89b3c18a0caea1396006c5c701463a05f54373323d83f6f3d767f0f4
directional_review	20:113	20:124	medium	medium	20:113	20:124	20:124	same_surah	label_target_note	ranked_review	The nearby consequence of turning from remembrance supplies a negative outcome for the focus ayah's intended response.	focus_20_113_cutoff_100.tsv	11	3302a951a70ccd22d33f3dfe912a2ebd5e37545d7bf1f7414de63f7a0da27b87
directional_review	20:113	36:63	medium	medium	20:113	36:63	36:63	cross_surah	label_target_note	ranked_review	Turns a prior warning into its realized object, sharpening the stakes of repeated warning.	focus_20_113_cutoff_100.tsv	12	9c7cfe30da781753b1aef243433df92121404ad3a3f84d33b9f8fd63fde0fe34
directional_review	20:113	46:27	medium	medium	20:113	46:27	46:27	cross_surah	label_target_note	ranked_review	Varied signs are directed toward return, a parallel to rotating warning toward changed conduct.	focus_20_113_cutoff_100.tsv	13	a3f63eeb1ebd32838ebf1df98d723e03084325ef9ebbd8207937030d84b886cd
directional_review	20:113	41:3	medium	medium	20:113	41:3	41:3	cross_surah	label_target_note	ranked_review	Arabic Qur'an made distinct for knowing reinforces the articulated, intelligible form of the descent.	focus_20_113_cutoff_100.tsv	14	6259c09e316820645dcc19e391cc28679698ccf381d8b2540757007ccea3d1b3
directional_review	20:113	17:41	medium	medium	20:113	17:41	17:41	cross_surah	label_target_note	ranked_review	Varied presentation in the Qur'an aims at remembrance yet exposes increased aversion as a contrary response.	focus_20_113_cutoff_100.tsv	15	2968ba65c17c4014988e8348f8d153e71589eb9efdd4d50b7b91fbbbac5d7eb4
directional_review	20:113	22:16	weak	weak	20:113	22:16	22:16	cross_surah	label_target_note	ranked_review	Clear descended signs and guidance support revelation's purpose only generally.	focus_20_113_cutoff_100.tsv	16	7c1d289c70c0dd63fe3dcc5ecba13068e331c5ab6cc4faa55d65c36da7bf0204
directional_review	20:113	20:21	no value	no value	20:113	20:21	20:21	same_surah	label_target_note	ranked_review	The local subchannel association does not clarify revelation, warning, remembrance, or taqwa here.	focus_20_113_cutoff_100.tsv	17	165708679f33eabc96a3cd313c16183200051c34884cc024a66fc1aff377e2bc
directional_review	20:113	16:44	medium	medium	20:113	16:44	16:44	cross_surah	label_target_note	ranked_review	Descent of the reminder for explanation adds an interpretive and reflective function to revealed speech.	focus_20_113_cutoff_100.tsv	18	8eea2d9bfb1dad4843c5e0d31a2e7cc0b3ade74744d5790fc62c66b7819bc243
directional_review	20:113	6:51	medium	medium	20:113	6:51	6:51	cross_surah	label_target_note	ranked_review	Warning hearers so that they may practice taqwa closely parallels the focus ayah's intended result.	focus_20_113_cutoff_100.tsv	19	51d7a44303c276cc54f4cb1f298e44852753cf4b2094824c054a34c37348ab01
directional_review	20:113	20:72	no value	no value	20:113	20:72	20:72	same_surah	label_target_note	ranked_review	The narrative decision supplies no focused addition to the warning-and-remembrance relation.	focus_20_113_cutoff_100.tsv	20	399f7a4e14f267bc9d04e78fe6479ba9af59e26cee8985c3c61a2d5b71b74743
directional_review	20:113	87:9	medium	medium	20:113	87:9	87:9	cross_surah	label_target_note	ranked_review	States the practical criterion that reminder should be offered where it is beneficial.	focus_20_113_cutoff_100.tsv	21	f44fca72a9d8120bc1ba7811c5928110dd25669f0d4a5a3dfdc64c725991ce44
directional_review	20:113	17:89	medium	medium	20:113	17:89	17:89	cross_surah	label_target_note	ranked_review	Varied Qur'anic examples meet refusal, extending the focus mechanism with its resistant outcome.	focus_20_113_cutoff_100.tsv	22	a8c6494f986758449befa464f92ca5f6ea0fca3f39fe458aa1f20354e182834c
directional_review	20:113	20:39	no value	no value	20:113	20:39	20:39	same_surah	label_target_note	ranked_review	The Moses narrative association does not add to the focus reading.	focus_20_113_cutoff_100.tsv	23	e2a2579025f86104bb87d2b30bc3c14a960efe4d229a857599b8cc0c3364f48c
directional_review	20:113	18:53	weak	weak	20:113	18:53	18:53	cross_surah	label_target_note	ranked_review	No escape from the Fire gives a remote consequence-side resonance with warning.	focus_20_113_cutoff_100.tsv	24	825f241c78cf8a7ff0f52c4a1031f6935d7c0ce50d04b67a60d63de5b3200894
directional_review	20:113	50:20	medium	medium	20:113	50:20	50:20	cross_surah	label_target_note	ranked_review	Names the Day of Warning, specifying the eventual horizon of the warning already linked at rank 2.	focus_20_113_cutoff_100.tsv	25	ead3ec942706fe8438ba187454e3fe922ca2779d653e2a041ac65df8b84941a9
directional_review	20:113	20:121	no value	no value	20:113	20:121	20:121	same_surah	label_target_note	ranked_review	This episode of Adam's disobedience does not clarify the focus ayah.	focus_20_113_cutoff_100.tsv	26	decf07f901781842fa5b6bfd0733a220568d1c8390e6f71d36a1d0adb54a8999
directional_review	20:113	18:83	weak	weak	20:113	18:83	18:83	cross_surah	label_target_note	ranked_review	A selected narrative is called a reminder, but it adds no account of warning's varied delivery or result.	focus_20_113_cutoff_100.tsv	27	1462ef6d5653b8cebe734a287912ed6235f4a0069be0239b3d2ac85313f7ce90
directional_review	20:113	18:70	weak	weak	20:113	18:70	18:70	cross_surah	label_target_note	ranked_review	Promise to provide a reminder supplies only a loose link to newly produced remembrance.	focus_20_113_cutoff_100.tsv	28	50216fb1e3f355927b21229a1369ccd363a55dc540b4dc39ff5129e517096a09
directional_review	20:113	12:1	weak	weak	20:113	12:1	12:1	cross_surah	label_target_note	ranked_review	The clear Book label offers a distant textual frame without the focus ayah's warning or response.	focus_20_113_cutoff_100.tsv	29	38884bf3433008c067937b28bc6e5ea8b112fed0c5732e1292f5cfcf1b013a05
directional_review	20:113	92:5	weak	weak	20:113	92:5	92:5	cross_surah	label_target_note	ranked_review	General taqwa is too nonspecific after the direct purpose statements.	focus_20_113_cutoff_100.tsv	30	576587da4fd824221401fb9fb60249e7e93efcbd27b9aac71d74b580a0244efc
directional_review	20:113	72:1	weak	weak	20:113	72:1	72:1	cross_surah	label_target_note	ranked_review	Reception of an extraordinary Qur'an supports recitation only indirectly.	focus_20_113_cutoff_100.tsv	31	40f81cd0be4e3f989d4ac0b1ca7bb6eb9d835b0ba819b0e72674f48a5cfde2a2
directional_review	20:113	20:47	no value	no value	20:113	20:47	20:47	same_surah	label_target_note	ranked_review	The mission to Pharaoh is not a focused parallel to the revealed Qur'an's varied warning.	focus_20_113_cutoff_100.tsv	32	86c000f129aed5f2196857877400ee5c238309c16c6a14f92d8a13a033955701
directional_review	20:113	40:54	weak	weak	20:113	40:54	40:54	cross_surah	label_target_note	ranked_review	Pairs guidance and reminder for people of understanding, a broad outcome parallel.	focus_20_113_cutoff_100.tsv	33	8cc402586d4521d40eb819e7db25bb769b92b21f4fb3866e5cab5a85ef3a0ea4
directional_review	20:113	37:3	weak	weak	20:113	37:3	37:3	cross_surah	label_target_note	ranked_review	Reciting remembrance names a vehicle of dhikr but does not add the focus relation.	focus_20_113_cutoff_100.tsv	34	2195d867c557132378c25b632ad56b47bd54b97571b7ee2344a74909b24138dd
directional_review	20:113	12:3	medium	medium	20:113	12:3	12:3	cross_surah	label_target_note	ranked_review	The revealed Qur'anic narrative addresses prior heedlessness, illustrating remembrance generated through revelation.	focus_20_113_cutoff_100.tsv	35	8c7b47b11dedb222f1e1536c5cd97d8bdbe26fed463b689b2ad09306d40bdd53
directional_review	20:113	74:56	medium	medium	20:113	74:56	74:56	cross_surah	label_target_note	ranked_review	Places remembering and taqwa under divine will, qualifying the hoped-for human response.	focus_20_113_cutoff_100.tsv	36	1c38099fd5fb6d42438dbc8fc1f05cf2ad8f2588b0d819f354f08213a6e1982e
directional_review	20:113	77:5	no value	no value	20:113	77:5	77:5	cross_surah	label_target_note	ranked_review	The oath formula alone does not clarify the focus ayah.	focus_20_113_cutoff_100.tsv	37	1d17582021c7279ee075ca8ca95eec3172cd13aa66986e1c9d5d8cb5c6712056
directional_review	20:113	20:108	weak	weak	20:113	20:108	20:108	same_surah	label_target_note	ranked_review	The nearby Day scene gives warning stakes but no direct account of revelation or remembrance.	focus_20_113_cutoff_100.tsv	38	800ba660e745c551feb5a1aa5e10008a693665127297768b3f53bf3a50b9dd4a
directional_review	20:113	26:177	no value	no value	20:113	26:177	26:177	cross_surah	label_target_note	ranked_review	The generic call to taqwa is redundant with closer purpose statements.	focus_20_113_cutoff_100.tsv	39	5f120db9a7132f953f89409374c90980d662ca9eb44b55620203ca7b8628bfb2
directional_review	20:113	52:38	no value	no value	20:113	52:38	52:38	cross_surah	label_target_note	ranked_review	The challenge about an inaccessible source of hearing is not a focused parallel.	focus_20_113_cutoff_100.tsv	40	eed198895686d4e991bec5a8cff0378d917f5fb68f1a5870ddc28f93c74f66b5
directional_review	20:113	20:77	weak	weak	20:113	20:77	20:77	same_surah	label_target_note	ranked_review	Revelation to Moses includes fearlessness, but its narrative instruction is only remotely related.	focus_20_113_cutoff_100.tsv	41	88c25da477c6de2fa28bddd5481749fe22eb5fb615993de3922d98b7403bb8e9
directional_review	20:113	53:29	medium	medium	20:113	53:29	53:29	cross_surah	label_target_note	ranked_review	Turning away from divine reminder supplies a clear contrary response to the focus ayah's intended remembrance.	focus_20_113_cutoff_100.tsv	42	aecbc7051c3f1773ea310fc3352d7b71202dd0d6fb8214d1b2aaf9e73ed4f2a6
directional_review	20:113	65:10	medium	medium	20:113	65:10	65:10	cross_surah	label_target_note	ranked_review	Severe punishment, taqwa, and descended reminder occur together, though the relation is already well covered.	focus_20_113_cutoff_100.tsv	43	f81b03157106bb39a47b9813dbbd66a072aace7273046667e9c6bebdad0c8719
directional_review	20:113	74:49	medium	medium	20:113	74:49	74:49	cross_surah	label_target_note	ranked_review	Depicts aversion from reminder, preserving the refusal boundary of the focus mechanism.	focus_20_113_cutoff_100.tsv	44	16dc4364bcc3539601edfcff936b90c47de4cec7e1b07fb6a9a0f63e68414c88
directional_review	20:113	54:25	weak	weak	20:113	54:25	54:25	cross_surah	label_target_note	ranked_review	Questions the legitimacy of a received reminder, a secondary contrary reception.	focus_20_113_cutoff_100.tsv	45	7c1b17afccc210e806fb37e2d29aea9e7a84ba450bbb0b8fceee1ee5b5c4d35f
directional_review	20:113	10:24	weak	weak	20:113	10:24	10:24	cross_surah	label_target_note	ranked_review	Detailed signs invite reflection and warn of worldly transience, but do not add varied warning specifically.	focus_20_113_cutoff_100.tsv	46	2f52fe06f8a42dcdfd88994cd1380a3102b8a7964db59241138372fddcd36f70
directional_review	20:113	40:69	weak	weak	20:113	40:69	40:69	cross_surah	label_target_note	ranked_review	Being turned away from God's signs is a distant contrast to their being turned through forms.	focus_20_113_cutoff_100.tsv	47	97f2ec1a7347af2df2ae4a1670ac7067806c27b959707b6ce5f07d3cace7a385
directional_review	20:113	7:63	medium	medium	20:113	7:63	7:63	cross_surah	label_target_note	ranked_review	A reminder comes to warn, produce taqwa, and open mercy, closely matching the focus's purposive sequence.	focus_20_113_cutoff_100.tsv	48	e11aa7365a4142d2dae591b23ae3c0e15f414e5d204822c52e151e8d9a367a1b
directional_review	20:113	12:21	no value	no value	20:113	12:21	12:21	cross_surah	label_target_note	ranked_review	The Joseph narrative's providential setting does not clarify the focus ayah.	focus_20_113_cutoff_100.tsv	49	c81aafc0f9788199b48cd0da799470eb83c0635422ab3ee47be2df0b0f3a3d9a
directional_review	20:113	40:19	no value	no value	20:113	40:19	40:19	cross_surah	label_target_note	ranked_review	Divine knowledge of hidden eyes is not a focused neighbour.	focus_20_113_cutoff_100.tsv	50	92d8de846417cc436dc46679e7e5f44aaa0176219d9a237258c15131b0736871
directional_review	20:113	56:62	weak	weak	20:113	56:62	56:62	cross_surah	label_target_note	ranked_review	Remembrance from first creation is a general exhortation after stronger reminder links.	focus_20_113_cutoff_100.tsv	51	35791acc2d41134573b3140f51520a4eed9c0031f10c9f32c992fcc5a4bdae9e
directional_review	20:113	18:45	no value	no value	20:113	18:45	18:45	cross_surah	label_target_note	ranked_review	The worldly-life parable has no direct warning-rotation or remembrance relation.	focus_20_113_cutoff_100.tsv	52	0a7603466031df331be71ab4caff27b3fd1809d40838393efde40c840a147965
directional_review	20:113	9:119	weak	weak	20:113	9:119	9:119	cross_surah	label_target_note	ranked_review	Taqwa is applied as truthfulness, but this is a distant practical instance.	focus_20_113_cutoff_100.tsv	53	90509f64dd7b188036a31e0d47859451088a365b05ce3594b8f7c68957948160
directional_review	20:113	52:17	weak	weak	20:113	52:17	52:17	cross_surah	label_target_note	ranked_review	The reward of the pious adds little after the purpose and warning evidence.	focus_20_113_cutoff_100.tsv	54	d6e4aee0cbe25b69e0a055aa780ddf03e187ae9d583d0c272478fc96dd362ee7
directional_review	20:113	65:1	weak	weak	20:113	65:1	65:1	cross_surah	label_target_note	ranked_review	Taqwa within divorce limits is a specialized application, not an account of the focus mechanism.	focus_20_113_cutoff_100.tsv	55	cf78d3ca25b7585d58b19fcc0776d170c8a1ae6a160af34c3e19c6bf76e16e7e
directional_review	20:113	17:59	medium	medium	20:113	17:59	17:59	cross_surah	label_target_note	ranked_review	Signs are sent for warning, confirming warning as a purpose of divine signs.	focus_20_113_cutoff_100.tsv	56	478d9dfc28e3ba6489419317d535470481db1dd836b14fceb9200a88be730639
directional_review	20:113	54:40	weak	weak	20:113	54:40	54:40	cross_surah	label_target_note	ranked_review	The Qur'an is made easy for remembrance, a direct but now redundant support for its mnemonic function.	focus_20_113_cutoff_100.tsv	57	c5a6e863574c8083a05af57be03199ebf2498df7529bda224b7f71ece6fdd591
directional_review	20:113	2:187	weak	weak	20:113	2:187	2:187	cross_surah	label_target_note	ranked_review	Clear legal signs aim at taqwa, a practical but distant analogue to the focus result.	focus_20_113_cutoff_100.tsv	58	b71418c678a82e27ec9389dced3bc5734574ab35a0b063de0a8fe3947cf899ed
directional_review	20:113	9:108	weak	weak	20:113	9:108	9:108	cross_surah	label_target_note	ranked_review	Taqwa as the foundation of a mosque is a contextual application rather than a focus parallel.	focus_20_113_cutoff_100.tsv	59	f6742fbc8b1345edfdcd55a9e4d0185bc6e016f6f119f4e4f17a1386f2711aa4
directional_review	20:113	80:4	medium	medium	20:113	80:4	80:4	cross_surah	label_target_note	ranked_review	Explicitly describes remembrance becoming beneficial, clarifying one possible outcome of the focus ayah.	focus_20_113_cutoff_100.tsv	60	feb0921b9d320ad34710c0d4929e835dca13e9805926393c34c4a739e740283e
directional_review	20:113	2:200	weak	weak	20:113	2:200	2:200	cross_surah	label_target_note	ranked_review	Ritual remembrance is distinct from the newly generated remembrance in the focus ayah.	focus_20_113_cutoff_100.tsv	61	6057271d2593c32677f4b00f4a33f6d01cdbc0c953025d66834284bf593238c0
directional_review	20:113	9:105	no value	no value	20:113	9:105	9:105	cross_surah	label_target_note	ranked_review	Accountability for deeds does not add to warning's varied delivery or response.	focus_20_113_cutoff_100.tsv	62	344c484c8a7c00c009cf00afbd34884b3364ffbe656d926376f95c8b0be6e839
directional_review	20:113	5:108	weak	weak	20:113	5:108	5:108	cross_surah	label_target_note	ranked_review	Fear and taqwa in testimony procedure offer only a specialized ethical parallel.	focus_20_113_cutoff_100.tsv	63	4a16438cb0643d53731125922e66e8852a33b0809715f3b267a613525df7b80e
directional_review	20:113	7:169	weak	weak	20:113	7:169	7:169	cross_surah	label_target_note	ranked_review	Scriptural study and taqwa contrast worldly gain, but add little to the focus mechanism.	focus_20_113_cutoff_100.tsv	64	e7ce737fd1d6959d60851e11cb870f1e5734ccc58f13553060927be3293ac5a7
directional_review	20:113	9:45	no value	no value	20:113	9:45	9:45	cross_surah	label_target_note	ranked_review	Hesitation of unbelieving requesters has no focused relation.	focus_20_113_cutoff_100.tsv	65	cfcab43c13de53f0d978c0277fccd6206748b26654e2e7e28f1454fe6981ba58
directional_review	20:113	15:9	medium	medium	20:113	15:9	15:9	cross_surah	label_target_note	ranked_review	Names the descended reminder and its preservation, grounding the enduring object of remembrance.	focus_20_113_cutoff_100.tsv	66	660271e84b91bbf75e03bf8fe5140406db164c6adcabbbe32b70bb125fc7f1ca
directional_review	20:113	13:31	weak	weak	20:113	13:31	13:31	cross_surah	label_target_note	ranked_review	The Qur'an and future calamity supply warning stakes but not the focus ayah's turning process.	focus_20_113_cutoff_100.tsv	67	d3afcc848b0765051bf832edec1bc3bc6d826e84d4872b94daa065a05aef69f2
directional_review	20:113	16:17	weak	weak	20:113	16:17	16:17	cross_surah	label_target_note	ranked_review	Its call to remember from creation is a broad, redundant prompt.	focus_20_113_cutoff_100.tsv	68	d48acce0376b7c4a3da609c90f7c44b94741ad36a9c345c1bc82dbd83cbda355
directional_review	20:113	20:101	weak	weak	20:113	20:101	20:101	same_surah	label_target_note	ranked_review	The nearby enduring burden supplies a consequence horizon for warning.	focus_20_113_cutoff_100.tsv	69	8a7e5c4caa8b2def8030b3503549c4e984dc05184a72f54b4f3effd9f11c5fd2
directional_review	20:113	20:3	weak	weak	20:113	20:3	20:3	same_surah	label_target_note	ranked_review	Defines the Qur'an as reminder for those who fear, but adds little after stronger purpose parallels.	focus_20_113_cutoff_100.tsv	70	cf4bfcecf1770457c276e09d43b06f3e70108fa8085c16ce91721136e16f44bd
directional_review	20:113	18:19	no value	no value	20:113	18:19	18:19	cross_surah	label_target_note	ranked_review	The narrative awakening and questioning do not clarify the focus ayah.	focus_20_113_cutoff_100.tsv	71	a00252097a74280e9679b52428db8a33d92cf03350cf3c7fea917d284e01e0b3
directional_review	20:113	7:2	weak	weak	20:113	7:2	7:2	cross_surah	label_target_note	ranked_review	A descended book warns and serves as reminder, a general but direct functional parallel.	focus_20_113_cutoff_100.tsv	72	4e6131cc284f77c5d81523944a7fffe59b7ec23a931ed4b3f19755c58f399c12
directional_review	20:113	3:152	no value	no value	20:113	3:152	3:152	cross_surah	label_target_note	ranked_review	The military turning away is not the verbal or instructional turning of the focus ayah.	focus_20_113_cutoff_100.tsv	73	67fd21f876416b16ffa71e5e8a4587338ae3b9791f24aedaaef34a95271b139b
directional_review	20:113	37:13	medium	medium	20:113	37:13	37:13	cross_surah	label_target_note	ranked_review	Refusal to remember states the failed endpoint opposite the focus ayah's hoped-for result.	focus_20_113_cutoff_100.tsv	74	10b930fdcfaf521944f3e8adc6a1a8e71073e1050213433567226e6d98d2b2a2
directional_review	20:113	20:9	no value	no value	20:113	20:9	20:9	same_surah	label_target_note	ranked_review	The opening of Moses' story does not add to the focus reading.	focus_20_113_cutoff_100.tsv	75	30fa6fa616da2d831c140ace14e5cebb6a378f03703b796c8927274742d9b817
directional_review	20:113	9:126	weak	weak	20:113	9:126	9:126	cross_surah	label_target_note	ranked_review	Repeated trials that fail to produce repentance or remembrance show the breakdown of the intended response.	focus_20_113_cutoff_100.tsv	76	dc7eb0ed9f43e22eafceeb5b3ce00b58d5e08dfdfb923a056519c4bca9b1c819
directional_review	20:113	4:87	weak	weak	20:113	4:87	4:87	cross_surah	label_target_note	ranked_review	The certain gathering day supplies only a general warning horizon.	focus_20_113_cutoff_100.tsv	77	70150bebc202fe784725f71bd6da6006c31b23abfde9b4fad937ea68036222e3
directional_review	20:113	37:155	weak	weak	20:113	37:155	37:155	cross_surah	label_target_note	ranked_review	The bare call to remember is redundant with fuller reminder evidence.	focus_20_113_cutoff_100.tsv	78	67bb8ba20cbf35bbfdfe445340f442416ac7c81bddeee8be2c66d6d06135b195
directional_review	20:113	23:36	weak	weak	20:113	23:36	23:36	cross_surah	label_target_note	ranked_review	Dismissal of what is promised provides a minimal contrary response to warning.	focus_20_113_cutoff_100.tsv	79	8454339d7a5e32be4f5a8738a207196c049c5cd0c82ac1cb702a025967805284
directional_review	20:113	24:43	no value	no value	20:113	24:43	24:43	cross_surah	label_target_note	ranked_review	Turning hail from one recipient to another is not the focus ayah's rhetorical turning.	focus_20_113_cutoff_100.tsv	80	cf44fb1905d4b5dc83b03c49cbd8af93a448b4fc0e37bc0bcb6a606a4dbfb53f
directional_review	20:113	43:3	weak	weak	20:113	43:3	43:3	cross_surah	label_target_note	ranked_review	The Arabic Qur'an and intelligibility parallel is already directly established at rank 1.	focus_20_113_cutoff_100.tsv	81	2c14c311ac7941017bece9c56e286bc85cb421d6152d7403d719b4f47dfc462c
directional_review	20:113	26:209	weak	weak	20:113	26:209	26:209	cross_surah	label_target_note	ranked_review	Reminder paired with non-injustice gives a limited frame for the justice of warning.	focus_20_113_cutoff_100.tsv	82	755b5449abe246390356e9a405906124e9ca839cbb475cab93de9aef08f64352
directional_review	20:113	24:1	weak	weak	20:113	24:1	24:1	cross_surah	label_target_note	ranked_review	Descended clear signs aimed at remembrance offer a broad, late parallel.	focus_20_113_cutoff_100.tsv	83	b3e101e0233fe6d10271b4072733b719c48a0d3fc7cf125021692812112d7921
directional_review	20:113	16:2	medium	medium	20:113	16:2	16:2	cross_surah	label_target_note	ranked_review	Revelation commands warning and taqwa, retaining a close functional link despite later rank.	focus_20_113_cutoff_100.tsv	84	17be04d2b1862eeab4a172ef93edcf5be9b51ce15ba249a27c2ead0f5e751bb5
directional_review	20:113	28:51	medium	medium	20:113	28:51	28:51	cross_surah	label_target_note	ranked_review	Connected delivery of speech aims at remembrance, illustrating cumulative presentation as a mnemonic means.	focus_20_113_cutoff_100.tsv	85	307c3d59da76f9ca8d076410f77d1db0f01fb5d296f29851935f5f9f3c428499
directional_review	20:113	49:3	weak	weak	20:113	49:3	49:3	cross_surah	label_target_note	ranked_review	Taqwa as a tested heart quality is a remote outcome-side resonance.	focus_20_113_cutoff_100.tsv	86	329d6e13e00fba05e3e9317398a475bcfea64a94d230f866643eaae101e77dd7
directional_review	20:113	29:51	medium	medium	20:113	29:51	29:51	cross_surah	label_target_note	ranked_review	A descended, recited Book is mercy and reminder for believers, reinforcing revelation's active function.	focus_20_113_cutoff_100.tsv	87	64f8288014f53916496aee3845e6c7fc858b8260651e584931e7d9ed58d716bc
directional_review	20:113	80:11	weak	weak	20:113	80:11	80:11	cross_surah	label_target_note	ranked_review	Calling the message a reminder adds no new mechanism after fuller reminder parallels.	focus_20_113_cutoff_100.tsv	88	c91b012bb05c8f5e98e8f4fe8560dc5d4dc244ec1f0b773b621552263b2ddce9
directional_review	20:113	6:105	medium	medium	20:113	6:105	6:105	cross_surah	label_target_note	ranked_review	Varied signs both clarify for knowers and expose a contrary reception, a late close parallel to the focus structure.	focus_20_113_cutoff_100.tsv	89	07f18183d64d6564010237fb2b72cf25fb693f223cbdf5ee32938e4c035163b6
directional_review	20:113	2:223	no value	no value	20:113	2:223	2:223	cross_surah	label_target_note	ranked_review	Its specialized ethical instruction does not clarify the focus ayah.	focus_20_113_cutoff_100.tsv	90	0dd17f3e7984d2c3c97d0a250139c7076d50d18982eb5143219a25e431cfe1e5
directional_review	20:113	10:6	weak	weak	20:113	10:6	10:6	cross_surah	label_target_note	ranked_review	Cosmic signs for the pious provide a broad but distant taqwa horizon.	focus_20_113_cutoff_100.tsv	91	624385b33122a12baef96937df60b3152cf6f2ea5d81322eb8fcf1fcdce5fe4e
directional_review	20:113	2:237	weak	weak	20:113	2:237	2:237	cross_surah	label_target_note	ranked_review	Taqwa and remembered generosity in divorce are too specialized to add materially.	focus_20_113_cutoff_100.tsv	92	f16662b8f24f3ec7ba74259f9626a23fd5eec3c0bd8606d3a3f127e966be42b0
directional_review	20:113	87:10	weak	weak	20:113	87:10	87:10	cross_surah	label_target_note	ranked_review	Those who fear will remember, a concise but redundant account of the receptive audience.	focus_20_113_cutoff_100.tsv	93	8cc5f0a5a41f10cad3bc15b3e89c326813f2d4395e040d6d06ca00082db347ae
directional_review	20:113	9:123	no value	no value	20:113	9:123	9:123	cross_surah	label_target_note	ranked_review	Its conflict instruction does not clarify revelation, warning, or remembrance.	focus_20_113_cutoff_100.tsv	94	c9cbd8bfa45d237a022290f0568b579a8e76505c76395319c3c3be67bfe909f2
directional_review	20:113	13:17	no value	no value	20:113	13:17	13:17	cross_surah	label_target_note	ranked_review	The water-and-foam parable does not materially illuminate the focus mechanism.	focus_20_113_cutoff_100.tsv	95	1c63028062c1e9c09adf12d9c83ff173ea1d50e497b643b889101c78af1c8d5c
directional_review	20:113	51:60	weak	weak	20:113	51:60	51:60	cross_surah	label_target_note	ranked_review	The promised day supplies a general endpoint for warning.	focus_20_113_cutoff_100.tsv	96	d71255add87a93c000f13aa763dc59964e39e4ddb781bb6d04da8752ee257698
directional_review	20:113	5:41	no value	no value	20:113	5:41	5:41	cross_surah	label_target_note	ranked_review	Textual distortion and legal dispute do not add a focused neighbour reading.	focus_20_113_cutoff_100.tsv	97	8e4de954c71fd9a17c6710c2f5926407b7e1283d7c8ab8b2fe8a2a7e224e2dd6
directional_review	20:113	14:25	weak	weak	20:113	14:25	14:25	cross_surah	label_target_note	ranked_review	Parables are given so people may remember, a late broad analogue to varied instruction.	focus_20_113_cutoff_100.tsv	98	70803258c51f58032a1587a5cc9b6a65997ed40181eb30080490b90b851393b9
directional_review	20:113	20:27	no value	no value	20:113	20:27	20:27	same_surah	label_target_note	ranked_review	Moses' request for unbound speech is not a focused parallel.	focus_20_113_cutoff_100.tsv	99	f4369dd6ab5f4989009069833b7b5bcc7a519d5a56ae743d41143ab71bf46701
directional_review	20:113	51:22	weak	weak	20:113	51:22	51:22	cross_surah	label_target_note	ranked_review	Pairs provision with what is promised, supplying only a distant warning-content horizon.	focus_20_113_cutoff_100.tsv	100	b92cbfe4d90a1fb07e310b6d4c8b9a82673f5b3dc0e24974ddb58fdfe03d104c
directional_review	20:113	20:99	strong	strong	20:113	20:99	20:99	same_surah	label_target_note	missing_ayah_suggestion	The immediate preceding verse says that a reminder has been given from God, directly framing the focus ayah's revealed discourse.	focus_20_113_cutoff_100.tsv	101	32670aba9141e58542845112f4a6e4b8b54cfe3d265a09edbf2b3dcac2aee077
directional_review	20:113	20:100	strong	strong	20:113	20:100	20:100	same_surah	label_target_note	missing_ayah_suggestion	The immediate consequence of turning away from that reminder supplies the warning's negative endpoint.	focus_20_113_cutoff_100.tsv	102	4f7a6f17912096ce389f54614586a555d6fab89c19c92040dfc0c1ed0fe66f25
directional_review	20:113	6:70	strong	strong	20:113	6:70	6:70	cross_surah	label_target_note	missing_ayah_suggestion	Commands reminding by the Qur'an so that a soul is not exposed to what it has earned, tightly joining reminder and warning.	focus_20_113_cutoff_100.tsv	103	7b90a7f127ce1c21cfbec736a7f12fcab98422b08ae00069538f7b274880e619
directional_review	20:113	6:155	strong	strong	20:113	6:155	6:155	cross_surah	label_target_note	missing_ayah_suggestion	A blessed Book is sent down to be followed and to produce taqwa, closely matching revelation and the focus ayah's hoped-for result.	focus_20_113_cutoff_100.tsv	104	c6bc32491bd29a6f7f939622aad9184048400f1acd2723ce75a31417756dbfe0
directional_review	20:113	6:92	medium	medium	20:113	6:92	6:92	cross_surah	label_target_note	missing_ayah_suggestion	A blessed Book is sent down to warn, supplying a broader mission setting for the focus ayah's warning.	focus_20_113_cutoff_100.tsv	105	a2c668d20f9fd9083d0160325034b1aaf57ef835ecc89678d341ba3b8da1201f
directional_review	20:113	7:204	medium	medium	20:113	7:204	7:204	cross_surah	label_target_note	missing_ayah_suggestion	Requires attentive listening when the Qur'an is recited, adding a recipient-side condition for its effective address.	focus_20_113_cutoff_100.tsv	106	c251e3de43303c9297a9feff2bbb7b0fa8976bfa96e3136e86a50f1f3e2dcad3
directional_review	20:113	10:57	medium	medium	20:113	10:57	10:57	cross_surah	label_target_note	missing_ayah_suggestion	The message arrives as exhortation, healing, guidance, and mercy, broadening the constructive effects of revealed reminder.	focus_20_113_cutoff_100.tsv	107	fd2fc571f33d311cf7abb0fdd71724cbabf89a7068946164cdf1bb4918ab8cf3
directional_review	20:113	11:1	medium	medium	20:113	11:1	11:1	cross_surah	label_target_note	missing_ayah_suggestion	Describes a Book whose verses are perfected and then set out distinctly, a close structural parallel to varied articulation.	focus_20_113_cutoff_100.tsv	108	eaef3437e0f41301488b148afe8bc2e6c982d44f989d42d7d106451ce399cc72
directional_review	20:113	14:1	medium	medium	20:113	14:1	14:1	cross_surah	label_target_note	missing_ayah_suggestion	The revealed Book brings people from darkness to light, giving the warning-reminder process a transformative destination.	focus_20_113_cutoff_100.tsv	109	64e999e6a27e98726f24bf4ba338ff12e99a949666c8cea32c329ca35cbe5c1b
directional_review	20:113	15:87	medium	medium	20:113	15:87	15:87	cross_surah	label_target_note	missing_ayah_suggestion	The oft-repeated verses alongside the great Qur'an provide a formal parallel to repeated, varied Qur'anic presentation.	focus_20_113_cutoff_100.tsv	110	8e72cb681e15f6fc43f0d23f737e481bbe7a9a5387859d873cc243447bc62eaf
directional_review	20:113	16:89	medium	medium	20:113	16:89	16:89	cross_surah	label_target_note	missing_ayah_suggestion	The Book is sent down as clarification and guidance, supporting the explanatory side of the focus ayah's articulated revelation.	focus_20_113_cutoff_100.tsv	111	c98533ce96e70278e15804c84faa838a2aa58bb1e7e4cea5fbc90ef5bf3059b0
directional_review	20:113	17:9	medium	medium	20:113	17:9	17:9	cross_surah	label_target_note	missing_ayah_suggestion	The Qur'an guides to what is most upright, identifying the practical direction toward which its warning may move hearers.	focus_20_113_cutoff_100.tsv	112	53a13335e2948ad9471a318e10dd1dbf6a97783482670f3e555af25f7368caef
directional_review	20:113	17:106	strong	strong	20:113	17:106	17:106	cross_surah	label_target_note	missing_ayah_suggestion	The Qur'an is divided for measured recitation and sent down gradually, directly illuminating the paced and distributed delivery of revelation.	focus_20_113_cutoff_100.tsv	113	23e1a292ac18f467a5c47fc4992016fcaed63390e2e7881f5025b628dcc451e4
directional_review	20:113	18:1	medium	medium	20:113	18:1	18:1	cross_surah	label_target_note	missing_ayah_suggestion	The straight Book with no crookedness closely supports the focus ayah's Arabic Qur'an as a clear, reliable discourse.	focus_20_113_cutoff_100.tsv	114	c4ef668a73cbd6536240ab13ded68631cf92c5224c307952d3fa75eabad89e8e
directional_review	20:113	19:97	strong	strong	20:113	19:97	19:97	cross_surah	label_target_note	missing_ayah_suggestion	Making the Qur'an easy in the messenger's tongue joins language, glad tidings, and warning in a particularly close parallel.	focus_20_113_cutoff_100.tsv	115	c254362d8ba3d9257bbd31a7d7fb0d263e24f3cb464c3b08fe9e37bff55a6ce3
directional_review	20:113	21:2	medium	medium	20:113	21:2	21:2	cross_surah	label_target_note	missing_ayah_suggestion	A newly arriving reminder can meet play and inattention, adding a contrary reception to repeated reminder.	focus_20_113_cutoff_100.tsv	116	ba3a5204177e6edb903c3c4f7c674af1896d1fd1c558db6a2b00602e5b3a9488
directional_review	20:113	21:50	medium	medium	20:113	21:50	21:50	cross_surah	label_target_note	missing_ayah_suggestion	Calls the sent-down message a blessed reminder and records rejection of it, a concise revelation-and-response parallel.	focus_20_113_cutoff_100.tsv	117	98c224326f53a944de7cfaa72b315c45da7433a8162f71f4f2311df21dc08e1b
directional_review	20:113	25:32	strong	strong	20:113	25:32	25:32	cross_surah	label_target_note	missing_ayah_suggestion	The staggered revelation and ordered recitation explain how repeated Qur'anic delivery can strengthen and form its audience.	focus_20_113_cutoff_100.tsv	118	990a7416725be8a84ae3edad6717526469c4a472371edd4e1656359b27729db8
directional_review	20:113	25:30	medium	medium	20:113	25:30	25:30	cross_surah	label_target_note	missing_ayah_suggestion	Abandonment of the Qur'an supplies a central contrary outcome to its intended reminding function.	focus_20_113_cutoff_100.tsv	119	f1d7e687a85382b3fda67d39e02d5d3ed5381385d2b107fb00295c57a405969f
directional_review	20:113	36:69	strong	strong	20:113	36:69	36:69	cross_surah	label_target_note	missing_ayah_suggestion	The message is a reminder and clear Qur'an whose function is to warn the living, directly joining its identity and warning role.	focus_20_113_cutoff_100.tsv	120	db468bfd47bb3c59399d5dfaf453c1e8ca5aebee75be51e982ef02bdf3dc4d2c
directional_review	20:113	36:11	medium	medium	20:113	36:11	36:11	cross_surah	label_target_note	missing_ayah_suggestion	Warning is effective for one who follows the reminder and fears the Merciful unseen, refining the receptive profile already present in the set.	focus_20_113_cutoff_100.tsv	121	5abca44f05d26d8ab7ad7c6790d1e4396f5ca59d7fbe87f00b0fc8dd452ac63d
directional_review	20:113	38:1	medium	medium	20:113	38:1	38:1	cross_surah	label_target_note	missing_ayah_suggestion	The Qur'an is explicitly characterized as possessing reminder, grounding dhikr in the scripture itself.	focus_20_113_cutoff_100.tsv	122	e8015ed75539546a30cc98bd307350071e4ecf2449ad37695621c3d73e26368b
directional_review	20:113	39:23	strong	strong	20:113	39:23	39:23	cross_surah	label_target_note	missing_ayah_suggestion	The Book is described as internally repeated and as producing remembrance of God, a close parallel to varied recurrence producing response.	focus_20_113_cutoff_100.tsv	123	94ccae022df2dfd067b9c809d9625b6347fec020e6c06bb758464a7dfebd237d
directional_review	20:113	41:26	medium	medium	20:113	41:26	41:26	cross_surah	label_target_note	missing_ayah_suggestion	Hostile refusal to listen to the Qur'an supplies a concrete contrary reception to its articulate warning.	focus_20_113_cutoff_100.tsv	124	b807f4e7beaeeaecd5d4d0b7ac2bfeb79034cdf792cd7752c32a577a468b93f1
directional_review	20:113	41:44	strong	strong	20:113	41:44	41:44	cross_surah	label_target_note	missing_ayah_suggestion	The question of a non-Arabic Qur'an makes the Arabic-language feature of the focus ayah interpretively salient.	focus_20_113_cutoff_100.tsv	125	858d77ffe9ccaee98156a34e5d54867d30f818bc993e38dac64f0d5c61e4b115
directional_review	20:113	42:52	medium	medium	20:113	42:52	42:52	cross_surah	label_target_note	missing_ayah_suggestion	Revelation is made known as a guiding spirit and light, broadening the effect of the Qur'an's descent.	focus_20_113_cutoff_100.tsv	126	e2cd3b0744f7b515b7a9df7bfe1cfde346726b0e81b6a1ec51d1f46424147993
directional_review	20:113	43:44	medium	medium	20:113	43:44	43:44	cross_surah	label_target_note	missing_ayah_suggestion	The Qur'an is a reminder for its audience and entails accountability, linking dhikr to responsibility.	focus_20_113_cutoff_100.tsv	127	ed4808962b2e490207df6be9fccc8ec326d72134693dde719fbba1beffa43729
directional_review	20:113	44:58	strong	strong	20:113	44:58	44:58	cross_surah	label_target_note	missing_ayah_suggestion	Making the Qur'an easy in the messenger's tongue so that people may remember closely joins language and remembrance.	focus_20_113_cutoff_100.tsv	128	af0ef69b6091bafdda81da73c80c140214e019d334ff657321b3aa1466ed1df3
directional_review	20:113	50:37	medium	medium	20:113	50:37	50:37	cross_surah	label_target_note	missing_ayah_suggestion	The passage is a reminder for those with a receptive heart or attentive hearing, further specifying how warning is received.	focus_20_113_cutoff_100.tsv	129	52d649188a86a0efc738cb70e3fe091fe568a7f148d8100afb5bf2abc89f977a
directional_review	20:113	65:11	medium	medium	20:113	65:11	65:11	cross_surah	label_target_note	missing_ayah_suggestion	A messenger recites clear signs to bring believers from darkness to light, paralleling recitation with transformative guidance.	focus_20_113_cutoff_100.tsv	130	e9bee7b5a00d0c45b0918a5ffd1e4da1f528d77a25e43536cfa5553ebab9d258
directional_review	20:113	69:48	medium	medium	20:113	69:48	69:48	cross_surah	label_target_note	missing_ayah_suggestion	The Qur'an is a reminder for the God-conscious, directly relating recitation to taqwa.	focus_20_113_cutoff_100.tsv	131	f3228ffb4331b6be52e1a95559a6e27ed54fbfce476bd3ab557dcfd9022ab3d2
directional_review	20:113	73:4	medium	medium	20:113	73:4	73:4	cross_surah	label_target_note	missing_ayah_suggestion	Measured Qur'anic recitation gives a delivery-side parallel to the focus ayah's non-hasty, articulated revelation.	focus_20_113_cutoff_100.tsv	132	6ecb5b35c4803f0b7d7cf668bc7f47cd2d30729c3ec745af9a62244e640d7bca
directional_review	20:113	74:54	medium	medium	20:113	74:54	74:54	cross_surah	label_target_note	missing_ayah_suggestion	The message is explicitly a reminder, a concise confirmation of its central function.	focus_20_113_cutoff_100.tsv	133	040a77a3a7c855766ba1f64d0af098e1e012753ed440f6d9d08357869771f405
directional_review	20:113	81:27	medium	medium	20:113	81:27	81:27	cross_surah	label_target_note	missing_ayah_suggestion	The Qur'an is a reminder to all worlds, expanding the scope of the focus ayah's dhikr.	focus_20_113_cutoff_100.tsv	134	506acb9a7e4a70e8188d3e62fa48f88583908e5383aff1ef8ca7f9c28bb00f70
reciprocal_nomination	20:113	2:2		strong	2:2	20:113	20:113	cross_surah	label_target_note	missing_ayah_suggestion	Joins the Arabic Quran with warning and becoming mindful.	focus_2_2_cutoff_100.tsv	130	cf7591119b3d1e9b93e7561feeed74fc7b4cf8096c3df5ffbd7f3bf6f15aa205
reciprocal_nomination	20:113	2:21		medium	2:21	20:113	20:113	cross_surah	label_target_note	missing_ayah_suggestion	States taqwa as an intended response to reiterated signs.	focus_2_21_cutoff_100.tsv	150	ead263241f1e64d74614512d31f893f5414900c93da02d58ad50697b6271fd67
reciprocal_nomination	20:113	2:41		weak	2:41	20:113	20:113	cross_surah	label_target_note	missing_ayah_suggestion	Describes the Arabic Quran as a warning intended to produce God-consciousness and remembrance.	focus_2_41_cutoff_100.tsv	129	ce0cae21d6e34b277a0c1ccd6987637905a4d17a3708c50b77b3758246e397f6
reciprocal_nomination	20:113	2:70		medium	2:70	20:113	20:113	cross_surah	label_target_note	missing_ayah_suggestion	Links varied warning with guardedness and renewed remembrance.	focus_2_70_cutoff_100.tsv	126	24af1988c4e5f9ac131251bef0162cbddd467266144de2e24798e523668735c6
reciprocal_nomination	20:113	2:97		medium	2:97	20:113	20:113	cross_surah	label_target_note	missing_ayah_suggestion	Describes an Arabic Quran sent down with varied warnings, connecting delivery and response.	focus_2_97_cutoff_100.tsv	138	5e8393d32568098fde562adc9d50e671122ffc94ef102d511a485ba78da31084
reciprocal_nomination	20:113	2:121		strong	2:121	20:113	20:113	cross_surah	label_target_note	missing_ayah_suggestion	The sent Quran is meant to awaken God-consciousness or renewed remembrance.	focus_2_121_cutoff_100.tsv	138	0453271242b6ea7267841c77f60ff92da8040d8c40158c567976463640d81416
reciprocal_nomination	20:113	2:152		medium	2:152	20:113	20:113	cross_surah	label_target_note	missing_ayah_suggestion	Describes the Quran as a reminder intended to awaken awareness.	focus_2_152_cutoff_100.tsv	138	1e8c60282d1948b8c1ebd58a6fb7e7b6f4e1e1ff1f05a64a4e009a470b1949db
reciprocal_nomination	20:113	2:159		medium	2:159	20:113	20:113	cross_surah	label_target_note	missing_ayah_suggestion	Presents the sent Qur'an as a warning containing diverse threats, a public-warning counterpart.	focus_2_159_cutoff_100.tsv	131	819a0a82de8a093425e0e7bd9cf24ce6d8bc5a2289519821be67975abdb013aa
reciprocal_nomination	20:113	2:174		medium	2:174	20:113	20:113	cross_surah	label_target_note	missing_ayah_suggestion	Describes the Qur'an as sent down in Arabic with warnings, reinforcing the public communicative purpose of revelation.	focus_2_174_cutoff_100.tsv	124	ce7336db659dd4779d171a383c8cedf584ca90a145a94106498e35c85833e842
reciprocal_nomination	20:113	2:176		strong	2:176	20:113	20:113	cross_surah	label_target_note	missing_ayah_suggestion	An Arabic Qur'an is sent down with warnings, so people may become mindful or receive remembrance.	focus_2_176_cutoff_100.tsv	147	1bd4b2f7d5e4fb717b2f38e321cf95d9290dec91583afa75158b4cb5450fac1c
reciprocal_nomination	20:113	2:185		medium	2:185	20:113	20:113	cross_surah	label_target_note	missing_ayah_suggestion	Names it an Arabic Quran with warnings, linking revelation to responsive mindfulness.	focus_2_185_cutoff_100.tsv	119	2d5612c6d5225d499baf6c9f1ad127cb239adedc4dbdd6b2f767e7aecfec2b58
reciprocal_nomination	20:113	2:200		weak	2:200	20:113	20:113	cross_surah	label_target_note	ranked_review	Remembrance arising from the Qur'an is only a broad lexical connection.	focus_2_200_cutoff_100.tsv	79	e66c61197d444b63c7ef615b35cc9900800f3dfedb19bdb98e884b72a5e4b3c0
reciprocal_nomination	20:113	2:212		weak	2:212	20:113	20:113	cross_surah	label_target_note	ranked_review	Links revealed warning to taqwa, with no direct development of worldly allure or reversal.	focus_2_212_cutoff_100.tsv	94	084f1e7dd5ad8dfe8e75559b88d01f32c2d1b246a2c724f94dd01768e1bf5ca4
reciprocal_nomination	20:113	2:242		strong	2:242	20:113	20:113	cross_surah	label_target_note	missing_ayah_suggestion	Names an Arabic Qur'an with warnings variously set out for response.	focus_2_242_cutoff_100.tsv	132	cbd4e2cff85dca6ba6d2a35a780449019524b9e3543c67952cbb5f4712f65828
reciprocal_nomination	20:113	2:252		medium	2:252	20:113	20:113	cross_surah	label_target_note	missing_ayah_suggestion	Describes the Quran as sent down with warnings and signs for mindfulness.	focus_2_252_cutoff_100.tsv	126	4514b7aed9b09231269ad0422886d46309de787566fa8d56345ff4bf6333315a
reciprocal_nomination	20:113	2:281		weak	2:281	20:113	20:113	cross_surah	label_target_note	ranked_review	Describes warning intended to produce mindfulness or remembrance.	focus_2_281_cutoff_100.tsv	98	3efd2f85539e06201ba37bb39434447be7d1eb6e9cd834349669fb54c4cf40f6
reciprocal_nomination	20:113	2:283		medium	2:283	20:113	20:113	cross_surah	label_target_note	ranked_review	It identifies repeated warning as a means to produce taqwa, reinforcing the function of the verse's warning.	focus_2_283_cutoff_100.tsv	96	a683d298251e6a5b2a3752b18bf8a4ec91f790126aa642559cde7c5932d6b9a2
reciprocal_nomination	20:113	3:3		medium	3:3	20:113	20:113	cross_surah	label_target_note	missing_ayah_suggestion	It describes the Quran as sent down in Arabic with varied warnings.	focus_3_3_cutoff_100.tsv	207	5e2d92f538cf52048565a4fd104c48b305dd5a07133e0ddf94be0f6fd02f95a4
reciprocal_nomination	20:113	3:4		strong	3:4	20:113	20:113	cross_surah	label_target_note	missing_ayah_suggestion	Describes an Arabic Quran sent with warnings and reminders for reverence.	focus_3_4_cutoff_100.tsv	140	b4a97042f6d3141086dfd0d63db4ede6a7c6aedf3575ded6d1f013e7d242fa25
reciprocal_nomination	20:113	3:7		medium	3:7	20:113	20:113	cross_surah	label_target_note	missing_ayah_suggestion	Describes the Arabic Quran and its diversified warnings, supporting purposeful variation within revelation.	focus_3_7_cutoff_100.tsv	127	71d56437ee78f73e8f7f60c40eaac626ff39703b3423a1afadee890bcb1936b1
reciprocal_nomination	20:113	3:58		medium	3:58	20:113	20:113	cross_surah	label_target_note	missing_ayah_suggestion	Arabic Quran and diversified warning add a delivery-and-response function without the narration formula.	focus_3_58_cutoff_100.tsv	124	7ab73b0e92034f02e9d4aca1b9bd8799f5fdee3899e0d7067abf453f8279bc6b
reciprocal_nomination	20:113	3:60		medium	3:60	20:113	20:113	cross_surah	label_target_note	missing_ayah_suggestion	Arabic revelation and repeated warning provide a parallel descent frame.	focus_3_60_cutoff_100.tsv	151	3ce992821f641a71858d97ed59583d89cf0ec933999dd7a599709b15fbbbb85f
reciprocal_nomination	20:113	4:47		medium	4:47	20:113	20:113	cross_surah	label_target_note	missing_ayah_suggestion	It describes an Arabic Quran sent down with warnings and reminders, a broad revelation-purpose parallel.	focus_4_47_cutoff_100.tsv	223	466805a94ca5a93f807b06bda64304a5a794bc34098d42adce936f80a8dbd571
reciprocal_nomination	20:113	4:82		medium	4:82	20:113	20:113	cross_surah	label_target_note	missing_ayah_suggestion	Its varied warnings show internal reiteration with an intended transformative effect.	focus_4_82_cutoff_100.tsv	120	703a2a0aae524b99d8ea710d56bd8ed5289ff70c67f889dc36eaa5468f5bb1bb
reciprocal_nomination	20:113	4:131		strong	4:131	20:113	20:113	cross_surah	label_target_note	missing_ayah_suggestion	Describes warnings in the Quran as directed toward taqwa and remembrance.	focus_4_131_cutoff_100.tsv	123	a8ae883a18d001f770afafdbb256a80a90aecbe52001ea1c23380012a70f24f6
reciprocal_nomination	20:113	4:165		medium	4:165	20:113	20:113	cross_surah	label_target_note	missing_ayah_suggestion	Connects Arabic Quran and varied warning with the possibility of taqwa or renewed remembrance.	focus_4_165_cutoff_100.tsv	152	20d3c173d80d53ae7ac001e798ce2a720450e1fa0165df0a3dcc5569b5c75759
reciprocal_nomination	20:113	5:15		medium	5:15	20:113	20:113	cross_surah	label_target_note	missing_ayah_suggestion	Links an Arabic Quran, varied warning, and the production of remembrance.	focus_5_15_cutoff_100.tsv	148	e6f77897c46d3138618c068abdd0f0cb36a4fa727815a2e807a87ece26f9f1a3
reciprocal_nomination	20:113	5:67		medium	5:67	20:113	20:113	cross_surah	label_target_note	missing_ayah_suggestion	Describes an Arabic Quran sent down for warning and renewed mindfulness.	focus_5_67_cutoff_100.tsv	157	b17802681a35015001a5cf4c4256566e3789afaed908d9605e61a9df444271fb
reciprocal_nomination	20:113	5:83		medium	5:83	20:113	20:113	cross_surah	label_target_note	missing_ayah_suggestion	A sent-down Arabic Qur'an is linked to awe and renewed remembrance.	focus_5_83_cutoff_100.tsv	131	825b51db49c6ab6e66baf0e19959b8c75e0e720ebdf51b09dfc3c64a8a86491c
reciprocal_nomination	20:113	6:19		strong	6:19	20:113	20:113	cross_surah	label_target_note	missing_ayah_suggestion	Arabic Qur'an with repeated warning material directly develops f02.	focus_6_19_cutoff_100.tsv	129	e9649ddb444051e5f1c39211bf6e3b5fb83354f2295c667ee9ac14c2c563611c
reciprocal_nomination	20:113	6:51		strong	6:51	20:113	20:113	cross_surah	label_target_note	ranked_review	Explains varied warning as ordered toward taqwa and renewed remembrance.	focus_6_51_cutoff_100.tsv	19	3aff49c02c84db7992c744c2f1dab42a86a56c0b8d1e0158a1572cb189c1d890
reciprocal_nomination	20:113	6:55		medium	6:55	20:113	20:113	cross_surah	label_target_note	missing_ayah_suggestion	Pairs varied warnings with the possibility of guarded response or renewed remembrance.	focus_6_55_cutoff_100.tsv	125	74521497b066c6d65e8b34e67ade47062d27ce125bd15071383b134860d8ba3e
reciprocal_nomination	20:113	6:65		medium	6:65	20:113	20:113	cross_surah	label_target_note	ranked_review	Warnings are varied in the Quran to produce guarding or remembrance.	focus_6_65_cutoff_100.tsv	84	ccae965ab7df9b942e5e8165e446c5d51fe0e15f23bd300a21f7e27a60ecf660
reciprocal_nomination	20:113	6:69		strong	6:69	20:113	20:113	cross_surah	label_target_note	ranked_review	Explicitly links diversified warning and reminder to becoming guarded.	focus_6_69_cutoff_100.tsv	6	11b626533b17cc5b7d02cf84a2cb74f9da57bcea6642c24784150aa31017a368
reciprocal_nomination	20:113	6:91		medium	6:91	20:113	20:113	cross_surah	label_target_note	missing_ayah_suggestion	Describes an Arabic Quran sent down for warning and renewed mindfulness.	focus_6_91_cutoff_100.tsv	141	b17802681a35015001a5cf4c4256566e3789afaed908d9605e61a9df444271fb
reciprocal_nomination	20:113	6:92		strong	6:92	20:113	20:113	cross_surah	label_target_note	missing_ayah_suggestion	Explicitly calls it an Arabic Qur'an sent down with varied warnings and remembrance.	focus_6_92_cutoff_100.tsv	125	185a1c0b72b28631b6f90a8c28c5bb54502036c76322915436a5c98d244b0657
reciprocal_nomination	20:113	6:93		medium	6:93	20:113	20:113	cross_surah	label_target_note	missing_ayah_suggestion	Identifies the Qur'an as sent down in Arabic with warnings.	focus_6_93_cutoff_100.tsv	190	e9bd9cef4bd4a351bfb97e3e8775d3aae845f4b970a19b850cf53266911d5bed
reciprocal_nomination	20:113	6:105		strong	6:105	20:113	20:113	cross_surah	label_target_note	ranked_review	Parallel tasrif: variation in the Quran is oriented to response and recollection.	focus_6_105_cutoff_100.tsv	4	30e37060cf87457b19c6346571af5079aedec005d73efb3d61255f741d629b86
reciprocal_nomination	20:113	6:114		medium	6:114	20:113	20:113	cross_surah	label_target_note	missing_ayah_suggestion	An Arabic Quran sent down with varied warnings; secondary support for descent and exposition.	focus_6_114_cutoff_100.tsv	147	039c4d5cd95ce05a1f204a01d56b8969710235f1c1b9c0120d437c1922d30d9a
reciprocal_nomination	20:113	6:126		strong	6:126	20:113	20:113	cross_surah	label_target_note	missing_ayah_suggestion	Diversified warning is explicitly ordered toward taqwa or renewed reminder.	focus_6_126_cutoff_100.tsv	137	dee045881e61134d4ca0bac48e8d96ccac3d18af862b0195cb73161326870d8f
reciprocal_nomination	20:113	6:154		medium	6:154	20:113	20:113	cross_surah	label_target_note	missing_ayah_suggestion	The Arabic Quran is sent down so that it may produce mindfulness and remembrance.	focus_6_154_cutoff_100.tsv	133	32d2d4c469711e8c419abda1211eac3834001d7b6c3fdec36720404428d1f106
reciprocal_nomination	20:113	6:155		medium	6:155	20:113	20:113	cross_surah	label_target_note	ranked_review	Quranic descent, warning, taqwa, and remembrance reinforce the response frame.	focus_6_155_cutoff_100.tsv	87	5703fddd34a07dd8999125839ff97170b09f58e7a36597b96542e15d852a51b1
reciprocal_nomination	20:113	6:156		medium	6:156	20:113	20:113	cross_surah	label_target_note	missing_ayah_suggestion	Arapça Kur'anın uyarı için indirilmesi, erişilebilir uyarı ve takva amacına paraleldir.	focus_6_156_cutoff_100.tsv	131	8d622598236735316bf26ebb095568ce5e039fc403eaa7e40209221bbd33528c
reciprocal_nomination	20:113	7:2		strong	7:2	20:113	20:113	cross_surah	label_target_note	missing_ayah_suggestion	Combines Arabic Quran, warning, taqwa, and dhikr.	focus_7_2_cutoff_100.tsv	179	57a7792501464cd467da3eb170a7478612633efa258cedda39439db475b27d21
reciprocal_nomination	20:113	7:52		medium	7:52	20:113	20:113	cross_surah	label_target_note	missing_ayah_suggestion	Revelation with tasrif of warning extends differentiation within the Quran.	focus_7_52_cutoff_100.tsv	128	f85d4dda702ad4e7b072fb5b5de96bf79edfa4c19b968a294be87f17bb31bd6b
reciprocal_nomination	20:113	7:58		medium	7:58	20:113	20:113	cross_surah	label_target_note	ranked_review	Variation of warning aims at mindfulness or renewed remembrance.	focus_7_58_cutoff_100.tsv	42	d8d47673eac51ac6c8e5de7a655dda95c45831899ff634807fafd4fae77d142d
reciprocal_nomination	20:113	7:145		medium	7:145	20:113	20:113	cross_surah	label_target_note	missing_ayah_suggestion	Warning, تقوى, and ذكر provide a functional parallel.	focus_7_145_cutoff_100.tsv	138	bd8cfdda82fe54a9c38b5c66d74b6eac6684348ca68919ee56294ee0945574b4
reciprocal_nomination	20:113	7:174		strong	7:174	20:113	20:113	cross_surah	label_target_note	missing_ayah_suggestion	Varied warnings seek mindfulness or renewed remembrance, closely matching the stated purpose.	focus_7_174_cutoff_100.tsv	128	ca56bcbe2df5687842d9f1cfb635a05de66b5e4f65a3ec5d8fbc4c032db0db9b
reciprocal_nomination	20:113	7:201		strong	7:201	20:113	20:113	cross_surah	label_target_note	missing_ayah_suggestion	Warning, taqwa, and renewed tadhakkur form a close Quranic response sequence.	focus_7_201_cutoff_100.tsv	125	f0ffd1dd179ba5de19e357de3d5b4a1ca20501eaa1583cfadb8c3fa79d63c1a8
reciprocal_nomination	20:113	7:203		medium	7:203	20:113	20:113	cross_surah	label_target_note	missing_ayah_suggestion	Presents the Arabic Quran as sent down with warnings for mindfulness and remembrance.	focus_7_203_cutoff_100.tsv	136	313a3008af1f37e62561aa4ddacab99e76493c059226bbc801784eaf0f81bdb5
reciprocal_nomination	20:113	8:2		medium	8:2	20:113	20:113	cross_surah	label_target_note	missing_ayah_suggestion	Describes Quranic recitation as producing caution or renewed remembrance.	focus_8_2_cutoff_100.tsv	125	a8801bb378bf2eb9cf34e7d86f87af9b46b98be0647da11caf3b8feea82acf19
reciprocal_nomination	20:113	8:29		medium	8:29	20:113	20:113	cross_surah	label_target_note	missing_ayah_suggestion	Warning and remembrance are presented as routes to taqwa, extending the response side.	focus_8_29_cutoff_100.tsv	120	582ba9308fea8cdf06f1bb67abf3292909ffa89656510011f8472444457ae0f7
reciprocal_counterevidence	20:113	9:45		no value	9:45	20:113	20:113	cross_surah	label_target_note	ranked_review	Milk and coin branch resonances have no clear interpretive contribution.	focus_9_45_cutoff_100.tsv	85	fb2a3ec1aa4e61d657e5d7bf4b2b8f42a1f79d0469c2c16eeaf22120f9c2e206
reciprocal_counterevidence	20:113	9:105		no value	9:105	20:113	20:113	cross_surah	label_target_note	ranked_review	Channel resonance is unrelated and gives no text-level addition to 9:105.	focus_9_105_cutoff_100.tsv	83	04b282459ca747e9b4af396ca7bb42df4376e08aaa4fa8c8d349a95ab1bc40a1
reciprocal_nomination	20:113	9:108		medium	9:108	20:113	20:113	cross_surah	label_target_note	ranked_review	Positive f01 supports repeated warning as active remembrance; branch links are auxiliary and nonlocalized.	focus_9_108_cutoff_100.tsv	92	06b9aedef95791d3bdef7504a9bdbd52f63ff9de00cc65a72b2f3e12b5409e3c
reciprocal_nomination	20:113	9:115		medium	9:115	20:113	20:113	cross_surah	label_target_note	ranked_review	Warning in the Quran is presented as yielding taqwa or renewed remembrance.	focus_9_115_cutoff_100.tsv	34	19430a23e41e29eb457c6eb651cad02a1b780aff93d88a2b52d6f552673e414d
reciprocal_nomination	20:113	9:122		strong	9:122	20:113	20:113	cross_surah	label_target_note	missing_ayah_suggestion	Describes an Arabic Quran containing warnings oriented toward تقوى and renewed remembrance.	focus_9_122_cutoff_100.tsv	123	ade14cb198cc76b3b97aa9a195615428fa202d2d17c2aa86b0ada094e8eb2176
reciprocal_nomination	20:113	9:124		medium	9:124	20:113	20:113	cross_surah	label_target_note	missing_ayah_suggestion	A varied Arabic Qur'an is sent down to produce reverence or renewed remembrance.	focus_9_124_cutoff_100.tsv	177	2dabd0eb3f0502b7af46c32b775d9e83a4fa2f1b14da586af5878e966a626c64
reciprocal_nomination	20:113	10:1		medium	10:1	20:113	20:113	cross_surah	label_target_note	missing_ayah_suggestion	Adds Arabic Quranic articulation, warning, and remembrance to the focus.	focus_10_1_cutoff_100.tsv	116	9dff0bc8358bbcab55aa6eae8293c7d29f9d12592daf8a6532b2589e417cb2f8
reciprocal_nomination	20:113	11:120		strong	11:120	20:113	20:113	cross_surah	label_target_note	missing_ayah_suggestion	Diversified warnings are set forth so that they may gain taqwa or renewed remembrance.	focus_11_120_cutoff_100.tsv	130	d726d6c2e7e5338ad4f868a4f4a49daf0e36987dd083b4c03d02cb18261600ee
reciprocal_nomination	20:113	12:1		strong	12:1	20:113	20:113	cross_surah	label_target_note	ranked_review	Arapça Kur'an, yöneltilmiş uyarı ve hatırlatma ile açıklığın sıralı okuyuş yönünü açar.	focus_12_1_cutoff_100.tsv	38	74b47d08c8326e9caea061dedf7d58c86d50a236b3cd8afe95d865a14a6331d2
reciprocal_nomination	20:113	12:2		strong	12:2	20:113	20:113	cross_surah	label_target_note	ranked_review	Arapça Kur'an'ın indirilmesini, uyarının çeşitlendirilmesi ve hatırlama/sakınma hedefiyle birlikte verir; 12:2'nin amacına yakın paraleldir.	focus_12_2_cutoff_100.tsv	7	7bd0508adc122d97d665a707294e60b37eed05602be820369e1e214e48e08c46
reciprocal_nomination	20:113	12:3		medium	12:3	20:113	20:113	cross_surah	label_target_note	ranked_review	Arapça Kur'an'ın uyarı ve hatırlatma amacı, 12:3'teki gafletten çıkarma temasını genişletir.	focus_12_3_cutoff_100.tsv	41	056faebddc641603d2428a244881acc005cdb66debaead5a25c524e5f4676ed2
reciprocal_nomination	20:113	12:21		weak	12:21	20:113	20:113	cross_surah	label_target_note	ranked_review	Reminder and non-knowing are too general to extend the Yusuf reading.	focus_12_21_cutoff_100.tsv	70	ef235d732d72c1bc2403d406c7dcf7a0720d538b0db756d4314797408838128e
reciprocal_counterevidence	20:113	12:32		no value	12:32	20:113	20:113	cross_surah	label_target_note	ranked_review	Adds no material clarification of the threat, restraint, or social pressure.	focus_12_32_cutoff_100.tsv	97	7070b54d7836161ae2139147296f0b0de3384406ccc26db98da935160728ea78
reciprocal_nomination	20:113	12:104		medium	12:104	20:113	20:113	cross_surah	label_target_note	missing_ayah_suggestion	Connects Arabic recitation with warning and renewed remembrance, extending the focus's functional reading.	focus_12_104_cutoff_100.tsv	111	a34d8ed6b660e4fe56c832a1a01a7fef349f7bfef37cb19a910e2797cc344cc2
reciprocal_nomination	20:113	13:1		strong	13:1	20:113	20:113	cross_surah	label_target_note	missing_ayah_suggestion	The Arabic Quran's descent and varied warnings strongly develop articulation and response.	focus_13_1_cutoff_100.tsv	151	6e01172b8c874da4517cd1b08a9e2fcbbb747d05c5179c580da8c54b4471f0cf
reciprocal_nomination	20:113	13:28		medium	13:28	20:113	20:113	cross_surah	label_target_note	missing_ayah_suggestion	Uyarıların kişide takvâ ya da yeni bir zikr doğurması, zikrin dönüşüm doğuran niteliğini ekler.	focus_13_28_cutoff_100.tsv	129	a32be207c7a4ba8ffb718a7df18567ec654963924ec6c6090abfc09334e4fa27
reciprocal_nomination	20:113	13:30		strong	13:30	20:113	20:113	cross_surah	label_target_note	missing_ayah_suggestion	Describes the Arabic Quran's descent for warning and for producing remembrance.	focus_13_30_cutoff_100.tsv	150	43d2fac5c5fe149c78b558edc56c5dac3a94c67079dd5dc7b73b4c3e954079dc
reciprocal_nomination	20:113	13:37		strong	13:37	20:113	20:113	cross_surah	label_target_note	ranked_review	Parallels the descent and Arabic Qur'an, adding warning as its operative purpose.	focus_13_37_cutoff_100.tsv	7	3314123392c534bbbf8eaa0d126da4573bed63fce1739e20f936010033f69292
reciprocal_nomination	20:113	14:1		medium	14:1	20:113	20:113	cross_surah	label_target_note	missing_ayah_suggestion	An Arabic Quran sent down with varied warning strengthens the language and consequence dimensions.	focus_14_1_cutoff_100.tsv	137	88046f6cdcde6356c2d4a50b1893db4c7850bff8aff0dbef110e137e3c678cdf
reciprocal_nomination	20:113	14:4		strong	14:4	20:113	20:113	cross_surah	label_target_note	missing_ayah_suggestion	Describes Arabic Quranic sending-down and differentiated heedfulness.	focus_14_4_cutoff_100.tsv	107	cc1c2ab90ffb3d95eb55da66f29cac0455119091e59ffb090f2470d44006468b
reciprocal_nomination	20:113	14:52		strong	14:52	20:113	20:113	cross_surah	label_target_note	missing_ayah_suggestion	Combines varied Quranic warning with the possibility of taqwa and remembrance.	focus_14_52_cutoff_100.tsv	128	d5c8fd2e59821f37adb2cf5c04eef232c5b7ba66b4476f7eec0880d8417c976d
reciprocal_nomination	20:113	15:1		medium	15:1	20:113	20:113	cross_surah	label_target_note	missing_ayah_suggestion	Arapca Kur'an ve cesitli uyarilar, 15:1'deki Kur'anin iletim ve etki boyutuna baglanir.	focus_15_1_cutoff_100.tsv	117	96cb4bf524259f02a1162539c70e27d1bad75bc0eb741fb7d22c1e526fc38c82
reciprocal_nomination	20:113	15:9		medium	15:9	20:113	20:113	cross_surah	label_target_note	missing_ayah_suggestion	Quranic descent ordered toward tadhakkur directly joins nuzul and dhikr-function.	focus_15_9_cutoff_100.tsv	129	b49bb5c83631f5e69cd058150bb0a6ed72032295d68425895f718a708f6b596c
reciprocal_nomination	20:113	15:45		weak	15:45	20:113	20:113	cross_surah	label_target_note	ranked_review	Adds warning as a route toward taqwa, remote from the setting.	focus_15_45_cutoff_100.tsv	100	4ced3eefb1c12e95a7b4e6c3d9c6716048ae3fbe51be8e305a6218ad8cf7db27
reciprocal_nomination	20:113	15:87		strong	15:87	20:113	20:113	cross_surah	label_target_note	missing_ayah_suggestion	Kur'an'ın indirilmesi ve uyarıların çeşitlendirilmesi, tekrarın farklı parçaları birbirini etkinleştiren bütün oluşunu destekler.	focus_15_87_cutoff_100.tsv	122	63bcb4d9802fc2100745374b79644193bbb2c33911ae65ab5c2876a1aeee6fb3
reciprocal_nomination	20:113	15:89		medium	15:89	20:113	20:113	cross_surah	label_target_note	missing_ayah_suggestion	Kur'an'daki uyarıların sakınma ve hatırlama amacı, 15:89'un işlevini destekler.	focus_15_89_cutoff_100.tsv	121	bdbc045f9335b2ea44dc2a4c653de9292252727b67b899f17a5d6820fc16ed39
reciprocal_nomination	20:113	15:90		medium	15:90	20:113	20:113	cross_surah	label_target_note	missing_ayah_suggestion	Links Qur'an descent with internally varied warning, a controlled alternative to partition.	focus_15_90_cutoff_100.tsv	125	c5655a7757d87791c840e09e795444375ccbbfb8df2d55cf895c58c5ee9b189c
reciprocal_nomination	20:113	15:91		medium	15:91	20:113	20:113	cross_surah	label_target_note	missing_ayah_suggestion	Shows varied Qur'anic presentation serving mindfulness rather than isolated proof-texting.	focus_15_91_cutoff_100.tsv	134	d47fb6edfd1bfa391fdc277542b5dd2919dd6da0ba9d98940ee69f612a8f187f
reciprocal_nomination	20:113	16:44		medium	16:44	20:113	20:113	cross_surah	label_target_note	missing_ayah_suggestion	Arapça Kur'anı, uyarıları çeşitlendirme ve zikre yöneltmeyle bağlar.	focus_16_44_cutoff_100.tsv	148	f8d505d86f5c4bb256565b81101ac30a5fa61681a33b4fee4f305bafabc570bd
reciprocal_nomination	20:113	16:64		strong	16:64	20:113	20:113	cross_surah	label_target_note	missing_ayah_suggestion	Arabic Quran and diversified warnings are tied to heedfulness and renewed remembrance.	focus_16_64_cutoff_100.tsv	141	738ded91db632253e67e1e2243e7860334dd20bd25e76226c7762853f4242647
reciprocal_nomination	20:113	16:102		medium	16:102	20:113	20:113	cross_surah	label_target_note	missing_ayah_suggestion	A Quran sent down in Arabic with warning material adds language and descent context.	focus_16_102_cutoff_100.tsv	121	41b220f32ed925ed76dcd7ef5ba95cc424dbdda962f8ad4c773dfacef775f514
reciprocal_nomination	20:113	16:103		strong	16:103	20:113	20:113	cross_surah	label_target_note	missing_ayah_suggestion	Explicit Arabic Quran and repeated warning provide a close missing parallel.	focus_16_103_cutoff_100.tsv	124	e8ea978c4a9423523eb0f2e830db0e012f1c6ebf24ed9e918040f92fc26253d5
reciprocal_nomination	20:113	17:41		strong	17:41	20:113	20:113	cross_surah	label_target_note	ranked_review	Directly joins varied Quranic warning to recollection and a responsive alternative.	focus_17_41_cutoff_100.tsv	16	8dec8774f8dae6133d6b2e48abfe2d49f4e9ea47bb7b536d82bb040aaae061ba
reciprocal_nomination	20:113	17:59		weak	17:59	20:113	20:113	cross_surah	label_target_note	ranked_review	Adds that Quranic warnings aim at caution, without explaining sign withholding.	focus_17_59_cutoff_100.tsv	62	6e353f4420154695178e006aaaff80093151b1c670795dc3ad84430752978b0a
reciprocal_nomination	20:113	17:82		medium	17:82	20:113	20:113	cross_surah	label_target_note	ranked_review	Qur'anic descent with warning can produce caution or renewed remembrance.	focus_17_82_cutoff_100.tsv	85	3c306976a33d3dd874be40c984229ecfe68bed461dfbdac3b7038b24c621d068
reciprocal_nomination	20:113	17:86		medium	17:86	20:113	20:113	cross_surah	label_target_note	missing_ayah_suggestion	The Arabic Quran's sending and warning role extend the direct communication context.	focus_17_86_cutoff_100.tsv	137	9bcd1bce3061262068f0bf539800771f1b58ecaefc1fc4809e1de080d290311c
reciprocal_nomination	20:113	17:89		strong	17:89	20:113	20:113	cross_surah	label_target_note	ranked_review	Directly presents varied warning as opening routes to taqwa or renewed remembrance.	focus_17_89_cutoff_100.tsv	20	2f85d2a197abe9300fccb0889b4d3f679c48937a609791cf0cc320555bde0a4d
reciprocal_nomination	20:113	17:105		medium	17:105	20:113	20:113	cross_surah	label_target_note	ranked_review	Links an Arabic Quran's descent to repeated warning intended to foster guarding and remembrance.	focus_17_105_cutoff_100.tsv	76	1da36735b50bf95dab922f934511d5fa726c74181e32796f1912bdd1a90d1e06
reciprocal_nomination	20:113	17:106		strong	17:106	20:113	20:113	cross_surah	label_target_note	missing_ayah_suggestion	Arabic Qur'anic descent with varied warning closely supports differentiated delivery.	focus_17_106_cutoff_100.tsv	124	b3aa3b4cc7b2c6e545c0b58239160b89796f3bf9260414010c9eb6ad90590b30
reciprocal_nomination	20:113	17:109		medium	17:109	20:113	20:113	cross_surah	label_target_note	missing_ayah_suggestion	Qur'anic delivery is oriented toward taqwa and renewed remembrance, supplying a receptive purpose frame.	focus_17_109_cutoff_100.tsv	125	68aaaf8acb6fa326dd71366039975fc36bee34fb26092a173737281bcc8776e2
reciprocal_nomination	20:113	18:1		strong	18:1	20:113	20:113	cross_surah	label_target_note	missing_ayah_suggestion	Arabic Qur'an, warning, and remembrance closely parallel 18:1-2.	focus_18_1_cutoff_100.tsv	152	02e6a7783c4e2ad1fa8113f52bc916f3ebb691584b746a5da8d03f165836ba2b
reciprocal_nomination	20:113	18:2		medium	18:2	20:113	20:113	cross_surah	label_target_note	missing_ayah_suggestion	Presents the Arabic Quran's repeated warning as a means to God-conscious response.	focus_18_2_cutoff_100.tsv	140	7ed31e069e45f862056dfb933a46c5c3162b47f79204136f0b063d17c430221e
reciprocal_nomination	20:113	18:27		medium	18:27	20:113	20:113	cross_surah	label_target_note	missing_ayah_suggestion	Arapça Kur'an'ın indirilip uyarının çeşitlendirilmesi, 18:27'de okunan vahyin sakındırıcı amacını açar.	focus_18_27_cutoff_100.tsv	130	64333d268999861904b843eb656f80bffe7d3ac0b95a548c712334b76b1f47ec
reciprocal_counterevidence	20:113	18:45		no value	18:45	20:113	20:113	cross_surah	label_target_note	ranked_review	The Arabic Quran and varied warnings do not develop the focus's natural process.	focus_18_45_cutoff_100.tsv	83	6c3fbad6ce2ddee85397c62cc6a97f2c3d9f4da07fc92c76460e50004494fa5a
reciprocal_nomination	20:113	18:53		medium	18:53	20:113	20:113	cross_surah	label_target_note	ranked_review	The Quran's varied threats aim to produce reverence and remembrance, explaining the warning function of the focus's punishment scene.	focus_18_53_cutoff_100.tsv	59	2a851fd4c1cf5f13af50e03c5ad39760340e0ec14ea1cac1b7c1a13cea210cdf
reciprocal_nomination	20:113	18:54		strong	18:54	20:113	20:113	cross_surah	label_target_note	missing_ayah_suggestion	The Qur'an diversifies warnings so people may become mindful or receive renewed remembrance.	focus_18_54_cutoff_100.tsv	114	a598e0846d456c8b5bb11f3ef3c6d559d47f25406b7698fa8cd2c29d6f1ef587
reciprocal_nomination	20:113	18:57		medium	18:57	20:113	20:113	cross_surah	label_target_note	missing_ayah_suggestion	Diversified warnings are given so people may be mindful, directly supplying the purpose frustrated in the focus.	focus_18_57_cutoff_100.tsv	130	58d6c41e8dfb51e996d04e10a1c81c18792f1e9e8044f63c4bfc03da994c9ee1
reciprocal_nomination	20:113	18:70		medium	18:70	20:113	20:113	cross_surah	label_target_note	ranked_review	Describes revelation as producing remembrance, broadly supporting the focus's report as instruction.	focus_18_70_cutoff_100.tsv	22	3e46e97c5bf672155934f7a6290fa388fb1c787a0f363c99a65e6c890c809141
reciprocal_nomination	20:113	19:97		strong	19:97	20:113	20:113	cross_surah	label_target_note	ranked_review	An Arabic Quran varies warnings so that hearers may become God-conscious or remember.	focus_19_97_cutoff_100.tsv	82	05063a78ab4f6a130163dcd050a1e527bfb6495ec2f85552a12a0e84958a93ce
reciprocal_nomination	20:113	20:2		strong	20:2	20:113	20:113	same_surah	label_target_note	ranked_review	The same surah says the Qur'an was sent down in Arabic with varied warnings so people may become mindful or receive remembrance.	focus_20_2_cutoff_100.tsv	85	8f46f48e4c34c3b3b10da039225f451671d818b9d92fca7d4825a99024bb9227
reciprocal_nomination	20:113	20:3		strong	20:3	20:113	20:113	same_surah	label_target_note	missing_ayah_suggestion	The Quran's varied warnings are said to produce God-conscious fear or renewed remembrance, directly paralleling the focus.	focus_20_3_cutoff_100.tsv	102	d7785aceaabedd663c7eb57eca987fb2b18249f045614e33e3490251298f592a
reciprocal_nomination	20:113	20:4		strong	20:4	20:113	20:113	same_surah	label_target_note	missing_ayah_suggestion	Within the same surah, it explicitly describes the Qur'an as sent down in Arabic and as a reminder.	focus_20_4_cutoff_100.tsv	166	1b221659c1cdfb7a540b59ff59674fc84826f7be145b94aa2fca2601e4c13c77
reciprocal_counterevidence	20:113	20:21		no value	20:21	20:113	20:113	same_surah	label_target_note	ranked_review	The Qur'an's varied warnings do not bear on the staff miracle.	focus_20_21_cutoff_100.tsv	62	b02e49a0968797ee9795b15b7a3d49305b4494e23ca9d9c086073bde127a9ba1
reciprocal_counterevidence	20:113	20:39		no value	20:39	20:113	20:113	same_surah	label_target_note	ranked_review	The Quran's Arabic warning and remembrance do not clarify Musa's transfer or formation.	focus_20_39_cutoff_100.tsv	32	acdc868ef754f96d9e287f5ef837b12367c5b73db559f948aeaac90310a6bb4e
reciprocal_nomination	20:113	20:72		weak	20:72	20:113	20:113	same_surah	label_target_note	ranked_review	The Quran's warning and reminder provide general revealed context but do not illuminate this confrontation.	focus_20_72_cutoff_100.tsv	56	762acde2d6626ae637182abfabead4a2363cb96d28e6789e935baaea526d2136
reciprocal_nomination	20:113	20:77		weak	20:77	20:113	20:113	same_surah	label_target_note	ranked_review	The Quran's warnings to produce reverence are general revelation context rather than the focus's rescue command.	focus_20_77_cutoff_100.tsv	83	bbc22c6571dc77ccfb51264ee959cfb80ef4f527df20e2d5121133b333873319
reciprocal_nomination	20:113	20:99		strong	20:99	20:113	20:113	same_surah	label_target_note	missing_ayah_suggestion	Within the same surah, the Arabic Qur'an is sent down with diversified warning so that it may produce reverence or renewed remembrance.	focus_20_99_cutoff_100.tsv	102	f92a4bc004478645973e6ad540b1f82e50a91070d2b86971a74d12d3190be46a
reciprocal_nomination	20:113	20:100		medium	20:100	20:113	20:113	same_surah	label_target_note	missing_ayah_suggestion	It describes the Quran as a differentiated warning that may produce mindfulness or renewed remembrance, clarifying the positive alternative to turning away.	focus_20_100_cutoff_100.tsv	104	66c7d0ffdc5e7ac366380edb393286ffd69999df4886eccaf2ef1ff9f5af86ce
reciprocal_nomination	20:113	20:108		weak	20:108	20:113	20:113	same_surah	label_target_note	ranked_review	The Arabic Quran's warnings that produce mindfulness are related to guidance, but not to the Day scene itself.	focus_20_108_cutoff_100.tsv	50	5fcf8f7e51e2410b0fb06df94d6d72e6759a4613649f3e5f2581696076afe1f7
reciprocal_nomination	20:113	20:110		weak	20:110	20:113	20:113	same_surah	label_target_note	ranked_review	The following warning-oriented Quran passage continues the section but adds little to the knowledge statement.	focus_20_110_cutoff_100.tsv	23	d02f9e6afdc663e4a7152b780a7ea45d552aa96d7a2a4a212f29af68b2cc0c4e
reciprocal_nomination	20:113	20:114		strong	20:114	20:113	20:113	same_surah	label_target_note	ranked_review	The immediately preceding ayah identifies the Quran's Arabic revelation and its purpose, directly framing the focus.	focus_20_114_cutoff_100.tsv	5	3c4a70bea188f64c289d2b3b93dbc8376f82bf9beb1c745d07e688f6dd6e7901
reciprocal_nomination	20:113	20:121		weak	20:121	20:113	20:113	same_surah	label_target_note	ranked_review	Warning intended to produce mindfulness gives only broad context for obedience and error.	focus_20_121_cutoff_100.tsv	47	7bb0aa08c5c733829a6633aadce68101bb189862bda54ccc9e62e85f90c85400
reciprocal_nomination	20:113	20:124		medium	20:124	20:113	20:113	same_surah	label_target_note	ranked_review	It presents the Quran's warnings as intended to produce guarding awareness or renewed remembrance, the reception opposed in the focus.	focus_20_124_cutoff_100.tsv	17	556f20985aa5b887dc8aad1b3d83bd9d555325b1305c924337232715b1b27f29
reciprocal_nomination	20:113	21:2		strong	21:2	20:113	20:113	cross_surah	label_target_note	ranked_review	The Qur'an is sent down so that it may produce remembrance, directly illuminating the intended effect that playful hearing blocks.	focus_21_2_cutoff_100.tsv	69	f68b20d52f7229fddbd6e7cd2790d3bf735b03a348804530be167deab8879380
reciprocal_nomination	20:113	21:10		strong	21:10	20:113	20:113	cross_surah	label_target_note	missing_ayah_suggestion	The Arabic Quran is sent down with varied warnings so that people may become mindful or be caused to remember.	focus_21_10_cutoff_100.tsv	136	e66df6a165cc0da5568ce61be900a8c19a917c214a9b8b5db8bac70712ce1e65
reciprocal_nomination	20:113	21:50		medium	21:50	20:113	20:113	cross_surah	label_target_note	ranked_review	It describes an Arabic Quran sent down with warning so that people may become mindful or receive dhikr.	focus_21_50_cutoff_100.tsv	28	91f1064e48dd627eb16229ab89ba85918266d309910abc8382ad08b7d371e6de
reciprocal_nomination	20:113	21:58		weak	21:58	20:113	20:113	cross_surah	label_target_note	ranked_review	Varied warnings meant to produce reverence or remembrance give only general admonitory context.	focus_21_58_cutoff_100.tsv	87	f519ece1e5cfde4e1ead98557fbf55d2b4c4b8e5562333fdbca1511bd374d9f4
reciprocal_nomination	20:113	21:88		weak	21:88	20:113	20:113	cross_surah	label_target_note	ranked_review	The warnings aim at mindfulness, offering only a distant relation to the believers whom the focus says are saved.	focus_21_88_cutoff_100.tsv	90	01629a583466cd11b5363a1006ed30e2f0c036f04405604c297a046f0616835c
reciprocal_nomination	20:113	21:106		medium	21:106	20:113	20:113	cross_surah	label_target_note	missing_ayah_suggestion	The Arabic Quran conveys warnings so that people may become mindful or receive remembrance.	focus_21_106_cutoff_100.tsv	128	6f0ad578245ade4ed0e418f868bfdfc89c44e65c15f474118412a58c3d66a323
reciprocal_nomination	20:113	22:16		medium	22:16	20:113	20:113	cross_surah	label_target_note	ranked_review	It closely parallels the formula of sending down an Arabic Quran and gives warning and remembrance as its effects.	focus_22_16_cutoff_100.tsv	10	882da5fce58cc44245898e7d8edf19edfe0adc45d334ce6785a12cfbe789416e
reciprocal_nomination	20:113	24:1		strong	24:1	20:113	20:113	cross_surah	label_target_note	missing_ayah_suggestion	An Arabic Quran sent down with warnings is expressly ordered toward God-consciousness and remembrance.	focus_24_1_cutoff_100.tsv	132	58e970075228f439374892b4fe90cc5e88161daf5feb6178753ad6e2c9504994
reciprocal_nomination	20:113	24:34		strong	24:34	20:113	20:113	cross_surah	label_target_note	missing_ayah_suggestion	The Qur'an diversifies warnings so that people may become God-conscious or remember.	focus_24_34_cutoff_100.tsv	143	c1d3924013bbab3d14231b39453b82550770d88b1311b5fa47237dcc3fc98120
reciprocal_nomination	20:113	25:6		strong	25:6	20:113	20:113	cross_surah	label_target_note	missing_ayah_suggestion	An Arabic Quran is sent down with warnings so that people may become mindful.	focus_25_6_cutoff_100.tsv	143	241cff355f3537bb39feae9ed88bfd96bf088d069cd729cdd8aef91ed4f103cd
reciprocal_nomination	20:113	25:30		strong	25:30	20:113	20:113	cross_surah	label_target_note	missing_ayah_suggestion	The Arabic Quran is sent down with warnings so people may remember, the purpose frustrated in the focus.	focus_25_30_cutoff_100.tsv	115	04fec22c4150d1e3aeb7dc025a18214e2e93d05ae63c6f9efab9f6f80563f904
reciprocal_nomination	20:113	25:32		medium	25:32	20:113	20:113	cross_surah	label_target_note	ranked_review	The Arabic Quran's varied warnings aim to produce mindfulness or renewed remembrance, supporting purposeful repeated disclosure.	focus_25_32_cutoff_100.tsv	88	5f9e4a88a29f1fb25f0a28c5655ddbcd77bac655c8f7bebbd5551bb76ed528ec
reciprocal_nomination	20:113	25:50		medium	25:50	20:113	20:113	cross_surah	label_target_note	ranked_review	It presents varied delivery as a means to produce remembrance, though its material is warning rather than distributed water.	focus_25_50_cutoff_100.tsv	2	bfc52825bc8a7728da84a9b828112288e60afaeeea070baba0faff67073d622a
reciprocal_nomination	20:113	26:5		strong	26:5	20:113	20:113	cross_surah	label_target_note	ranked_review	The Quran is sent down so that it may generate a fresh reminder in its hearers.	focus_26_5_cutoff_100.tsv	70	f0046e48f1252908cd2ba2d49da88a7ce852b8fcbd27a563ea406f482e598fa1
reciprocal_nomination	20:113	26:11		medium	26:11	20:113	20:113	cross_surah	label_target_note	ranked_review	Warning passages are presented as a means to mindfulness, clarifying the purpose of prophetic warning.	focus_26_11_cutoff_100.tsv	79	303bf8e923093c521fabc3df65fe65cc6cfe7b1029f75fd04e35ed86e5a341d5
reciprocal_nomination	20:113	26:115		medium	26:115	20:113	20:113	cross_surah	label_target_note	missing_ayah_suggestion	The Arabic Qur'an diversifies warnings so its hearers may become reverent.	focus_26_115_cutoff_100.tsv	120	6dc2a843fe3c256ad0202626e5ce5ba8541af5cb4d8fe985f729e616cccd60b8
reciprocal_nomination	20:113	26:192		medium	26:192	20:113	20:113	cross_surah	label_target_note	missing_ayah_suggestion	The Arabic Qur'an is sent down with reiterated warnings, joining language and warning purpose.	focus_26_192_cutoff_100.tsv	124	07c529c7cd30d11fad50931accf28daca5e7649cae7fd4c36ed31d8400192dae
reciprocal_nomination	20:113	26:194		medium	26:194	20:113	20:113	cross_surah	label_target_note	missing_ayah_suggestion	The Arabic Quran's descent includes varied warnings intended to awaken mindfulness.	focus_26_194_cutoff_100.tsv	109	a78248b4e520f1f11ce2de36dada42c26ac91ea711fc0c2edf673db8bfc24756
reciprocal_nomination	20:113	26:195		strong	26:195	20:113	20:113	cross_surah	label_target_note	ranked_review	It explicitly calls the revelation an Arabic Qur'an and states its warning and remembrance purposes.	focus_26_195_cutoff_100.tsv	54	8a9af52607f226fe34741eab30b589f00e1017abbba3a02587e9cba3e33bcb54
reciprocal_nomination	20:113	26:198		medium	26:198	20:113	20:113	cross_surah	label_target_note	missing_ayah_suggestion	Sending it down as an Arabic Quran connects language with intelligibility and responsive fear.	focus_26_198_cutoff_100.tsv	104	0554042e1a7a58a6ed512407e7b1e9cce72f11c82ee3a6eb8bee0a70d7d1a8c9
reciprocal_nomination	20:113	26:199		medium	26:199	20:113	20:113	cross_surah	label_target_note	missing_ayah_suggestion	The Arabic Qur'an is sent down with diversified warnings, a close language-and-reception counterpart.	focus_26_199_cutoff_100.tsv	151	8f8e89369eb6f3a1f7036871781e8895030eef15883749dfadbe6c4947d64445
reciprocal_nomination	20:113	26:200		weak	26:200	20:113	20:113	cross_surah	label_target_note	ranked_review	The Arabic Quran and warnings aim at piety or remembrance, a broad contrast to the focus's nonbelief.	focus_26_200_cutoff_100.tsv	52	b7c11ddc1a6aa22807d4aa9a5c8591668c9bc080178932bb867b6c09efac77b6
reciprocal_nomination	20:113	26:210		strong	26:210	20:113	20:113	cross_surah	label_target_note	missing_ayah_suggestion	God says He sent it down as an Arabic Quran and set forth warnings within it.	focus_26_210_cutoff_100.tsv	131	a639ff7b78219241e4f747d16e542ea935124b7474a4483556377c570f37cd4b
reciprocal_nomination	20:113	27:1		medium	27:1	20:113	20:113	cross_surah	label_target_note	missing_ayah_suggestion	It calls the Quran an Arabic recitation whose warnings may awaken mindfulness.	focus_27_1_cutoff_100.tsv	115	6da1d6d0d0e8976bf1e0d5a9682bb0ca80407c98b1599c1071ea10e9431b3b93
reciprocal_nomination	20:113	27:6		medium	27:6	20:113	20:113	cross_surah	label_target_note	missing_ayah_suggestion	It calls the revelation an Arabic Qur'an containing warnings, adding its communicative form and purpose.	focus_27_6_cutoff_100.tsv	125	88f5b1d28051973cdef7e25c16443ec9391ee3a3179b8f4b80e9d2bd4e3fd883
reciprocal_nomination	20:113	27:53		medium	27:53	20:113	20:113	cross_surah	label_target_note	ranked_review	Repeated warning aims to produce taqwa, presenting it as a response that precedes harmful consequences.	focus_27_53_cutoff_100.tsv	92	21c3cd557940c7abade6dc761507118e1259cb1e83e8683ac16a00fbcbca4b30
reciprocal_nomination	20:113	27:76		medium	27:76	20:113	20:113	cross_surah	label_target_note	missing_ayah_suggestion	The Arabic Qur'an diversifies warnings so people may become mindful or receive renewed awareness.	focus_27_76_cutoff_100.tsv	124	74bf14c75b9364913fee0378ae87efaf3725cb17da957da521d4c93440bc8232
reciprocal_nomination	20:113	27:92		strong	27:92	20:113	20:113	cross_surah	label_target_note	missing_ayah_suggestion	The Arabic Qur'an contains varied warnings so that people may be mindful or receive a reminder.	focus_27_92_cutoff_100.tsv	130	d46e7914ad62dc73335bab9150e4d0d5f270350bacbe60dc4e43568ffd305683
reciprocal_nomination	20:113	28:43		strong	28:43	20:113	20:113	cross_surah	label_target_note	missing_ayah_suggestion	The Arabic Quran contains repeated warnings so that people may be mindful or receive remembrance.	focus_28_43_cutoff_100.tsv	126	67ec983b1a0492d530a07c5ec0757b26e928602e2fa3ba002457201537657960
reciprocal_nomination	20:113	28:46		strong	28:46	20:113	20:113	cross_surah	label_target_note	missing_ayah_suggestion	The Arabic Qur'an contains warnings so that people may become heedful or be stirred to remembrance.	focus_28_46_cutoff_100.tsv	166	8f32193ab876188de04caf58983a0443bde9abfdc043d9fb3fde6df879c8074f
reciprocal_nomination	20:113	28:49		medium	28:49	20:113	20:113	cross_surah	label_target_note	missing_ayah_suggestion	The Quran is sent in Arabic with warnings, supporting its role as a delivered guidance source.	focus_28_49_cutoff_100.tsv	190	480753017e69f70543ae74c907c7c746c51a2a778be6dd50f643a1162f9bd7fd
reciprocal_nomination	20:113	28:51		strong	28:51	20:113	20:113	cross_surah	label_target_note	ranked_review	The Arabic Quran is varied with warning so hearers may become mindful or receive remembrance.	focus_28_51_cutoff_100.tsv	51	097c077cae8722ae445abcad866dff545106527ba18cddca9f27622ef8878fa3
reciprocal_nomination	20:113	28:86		strong	28:86	20:113	20:113	cross_surah	label_target_note	missing_ayah_suggestion	An Arabic Quran is sent down with warnings so people may become reverent or receive remembrance.	focus_28_86_cutoff_100.tsv	155	2161775fd7f34a5c2a9e1ffd5dbd7080b79bdb2f919646213d60701589910a8a
reciprocal_nomination	20:113	29:47		strong	29:47	20:113	20:113	cross_surah	label_target_note	missing_ayah_suggestion	An Arabic Quran is sent down with warnings so people may become mindful.	focus_29_47_cutoff_100.tsv	142	f43791977c0242700222b839bb6d139e6b7ef7d08435240d96debb0e0e85570b
reciprocal_nomination	20:113	29:48		medium	29:48	20:113	20:113	cross_surah	label_target_note	missing_ayah_suggestion	The Arabic Quran is sent down with warnings, supplying a general divine-revelation parallel to the focus's source claim.	focus_29_48_cutoff_100.tsv	154	865747c69c703ba38d69c607c44a45eca9af6e031ce6d6c415e8c61d05e40854
reciprocal_nomination	20:113	29:51		strong	29:51	20:113	20:113	cross_surah	label_target_note	ranked_review	Directly presents the Quran as descended and as a source of warning and remembrance.	focus_29_51_cutoff_100.tsv	82	5f1d1a0f4512ea118be178d2b76b3d75383da3ebb57c9ca835c2e5d917d36805
reciprocal_nomination	20:113	30:22		medium	30:22	20:113	20:113	cross_surah	label_target_note	missing_ayah_suggestion	Its Arabic recitation links language with warning and awakened awareness.	focus_30_22_cutoff_100.tsv	109	37c6d270a08629aa104cd79bfa281e147305d9e7a7ea58680c761b2efa8e21e6
reciprocal_nomination	20:113	30:35		weak	30:35	20:113	20:113	cross_surah	label_target_note	ranked_review	The Arabic Quran and its warnings provide broad revelation context but do not address the focus's demand.	focus_30_35_cutoff_100.tsv	85	660a647c4493b13da50037bcf118195378b7863870049649f58f6a8b9ae41033
reciprocal_nomination	20:113	32:2		strong	32:2	20:113	20:113	cross_surah	label_target_note	missing_ayah_suggestion	It states that God sent it down as an Arabic Quran with varied warnings.	focus_32_2_cutoff_100.tsv	145	33ec0b354f3f7cee949e9b9e828fdf30881a80a3a5f734863b7803f8958dd1fb
reciprocal_nomination	20:113	33:34		medium	33:34	20:113	20:113	cross_surah	label_target_note	missing_ayah_suggestion	It describes the Quran as revealed so that it may produce remembrance, directly connecting revelation and remembering.	focus_33_34_cutoff_100.tsv	113	741a7962e158d857135cee1381fefb59582bc8a1e7999aba7e7b00a946f35df7
reciprocal_nomination	20:113	33:41		medium	33:41	20:113	20:113	cross_surah	label_target_note	missing_ayah_suggestion	Kur'an'ın bir zikir olarak indirilişini ve bunun sakınma doğurmasını zikrin dönüşürücü yönüyle bağlar.	focus_33_41_cutoff_100.tsv	114	1c10f49d88e070ffd838e359206079b104e10ba3ab0786bff29f4844266905fd
reciprocal_nomination	20:113	34:6		medium	34:6	20:113	20:113	cross_surah	label_target_note	missing_ayah_suggestion	The Quran is sent down in Arabic with warnings so that people may become mindful, extending revelation toward response.	focus_34_6_cutoff_100.tsv	122	3bd7362ea87aab7fb11de3525854f49aa1157cae5d15d2e26df494df7f03066d
reciprocal_nomination	20:113	35:23		medium	35:23	20:113	20:113	cross_surah	label_target_note	missing_ayah_suggestion	Describes the Arabic Qur'an as containing varied warnings so people may become reverent.	focus_35_23_cutoff_100.tsv	138	ad08171c465f2c809cf7f07c93c160f4d43aaeff4d572f370a0007827c65c59b
reciprocal_nomination	20:113	35:31		strong	35:31	20:113	20:113	cross_surah	label_target_note	missing_ayah_suggestion	It explicitly describes sending down an Arabic Quran and varying its warnings within it.	focus_35_31_cutoff_100.tsv	114	57fa2e85a1e4ee841612017c4df4510265e61e62937a398632f9558adb98a020
reciprocal_nomination	20:113	36:2		strong	36:2	20:113	20:113	cross_surah	label_target_note	missing_ayah_suggestion	Describes an Arabic Quran containing warnings, joining intelligibility and directive purpose.	focus_36_2_cutoff_100.tsv	106	125e608a07621f3bfd55820263c2ffbafdee207418e0f4fc990c381dc4069a35
reciprocal_nomination	20:113	36:5		strong	36:5	20:113	20:113	cross_surah	label_target_note	missing_ayah_suggestion	Calls it an Arabic Quran sent down with varied warnings, specifying a warning function close to the focus.	focus_36_5_cutoff_100.tsv	120	35b238570684392d054896966d92994c4152cb5a083965061515ce7dcda8d318
reciprocal_nomination	20:113	36:11		strong	36:11	20:113	20:113	cross_surah	label_target_note	missing_ayah_suggestion	Calls the Quran an Arabic warning containing varied warnings so people may become God-conscious or remember.	focus_36_11_cutoff_100.tsv	142	fa5dca0446f0741c5d2c5d25f1231bf5ac72082b1d24e2084ba24e2679fbde3c
reciprocal_nomination	20:113	36:45		strong	36:45	20:113	20:113	cross_surah	label_target_note	missing_ayah_suggestion	The Arabic Quran contains warnings so that people may become mindful or receive a reminder.	focus_36_45_cutoff_100.tsv	112	46907b8e79be6096b2f48ef34ff607a04ad76c4b1b7c9d44c929f953c1ee38ab
reciprocal_nomination	20:113	36:63		medium	36:63	20:113	20:113	cross_surah	label_target_note	ranked_review	The Qur'an's varied warnings aim to produce God-consciousness, supplying the warning framework behind the focus.	focus_36_63_cutoff_100.tsv	83	830624c583c0ccdc75f72c72025ba589813dc0ff14c164234192a036e572bf69
reciprocal_nomination	20:113	36:69		weak	36:69	20:113	20:113	cross_surah	label_target_note	missing_ayah_suggestion	The Arabic Qur'an's warnings and reminders broadly reinforce the focus's clear reminder without its poetry contrast.	focus_36_69_cutoff_100.tsv	133	b2440ced575f2bae75dd93696249bb09a97de3a7bd3f417eb363376ea6d8f6a9
reciprocal_nomination	20:113	37:3		strong	37:3	20:113	20:113	cross_surah	label_target_note	ranked_review	The Quran's varied warnings are intended to produce remembrance in its hearers.	focus_37_3_cutoff_100.tsv	61	f3a812283df722e7e520a8470d1c3f1ce9d4647f4b3cec350813bcf2b8b206ef
reciprocal_nomination	20:113	37:168		strong	37:168	20:113	20:113	cross_surah	label_target_note	ranked_review	The Quran is sent down with varied warnings so that people may be mindful, directly describing the function of the received reminder.	focus_37_168_cutoff_100.tsv	88	c09de7dbb4a90d009fd6713238c6ca42e8295afe9cba6fa32769bb41b44490e3
reciprocal_nomination	20:113	38:1		strong	38:1	20:113	20:113	cross_surah	label_target_note	missing_ayah_suggestion	It joins an Arabic Quran with diversified warnings so that people may be mindful or receive remembrance.	focus_38_1_cutoff_100.tsv	122	893b906819b67d64ba02ba13df8d4b91e6d90909639fa8603ba00b3548ce0a11
reciprocal_nomination	20:113	38:29		strong	38:29	20:113	20:113	cross_surah	label_target_note	missing_ayah_suggestion	An Arabic Quran is sent down with warnings so people may take heed.	focus_38_29_cutoff_100.tsv	126	6e9ec7254a60d49ee33ffdc08360c7b29bdd08de595fe10702ad52f0d732dbf4
reciprocal_nomination	20:113	38:46		medium	38:46	20:113	20:113	cross_surah	label_target_note	missing_ayah_suggestion	The Arabic Qur'an may produce guarding or renewed remembrance.	focus_38_46_cutoff_100.tsv	118	12f78f978743169af4c47b339b209f5866f1cd0872a53a2f8dfbe7cf8fcc0964
reciprocal_nomination	20:113	38:49		strong	38:49	20:113	20:113	cross_surah	label_target_note	missing_ayah_suggestion	It says the Quran gives varied warnings so people may become God-conscious or it may produce remembrance in them.	focus_38_49_cutoff_100.tsv	126	d65348e4b03a81865195c5ae664b01d0dd6c63c726c09ab1ac2710f2c45d16dd
reciprocal_nomination	20:113	38:70		strong	38:70	20:113	20:113	cross_surah	label_target_note	missing_ayah_suggestion	The Arabic Quran is sent down so that it may warn people and awaken remembrance.	focus_38_70_cutoff_100.tsv	121	6238d547b50652744232264e0a2ee33669f648bc4c6b55876e7b292621aa12bb
reciprocal_nomination	20:113	38:87		medium	38:87	20:113	20:113	cross_surah	label_target_note	missing_ayah_suggestion	Diversified Quranic warnings aim at mindfulness and renewed remembrance.	focus_38_87_cutoff_100.tsv	112	f5791c63ac7d3aadd11644cc61b112896a4384bc71d387a93dbddfeaaf53dd8f
reciprocal_nomination	20:113	39:1		medium	39:1	20:113	20:113	cross_surah	label_target_note	missing_ayah_suggestion	An Arabic Quran is sent down with warnings, providing a direct but less complete descent parallel.	focus_39_1_cutoff_100.tsv	111	096e6768181255ebc91d4a3321a2f990b73e4384b3b121ceac69471d81cbec8c
reciprocal_nomination	20:113	39:13		strong	39:13	20:113	20:113	cross_surah	label_target_note	missing_ayah_suggestion	The Quran's repeated warnings are given so that people may become God-conscious.	focus_39_13_cutoff_100.tsv	113	89f969ce22ccfce41b5539812d16ae40c27f1b41e4e66b291a3b010be7145232
reciprocal_nomination	20:113	39:23		strong	39:23	20:113	20:113	cross_surah	label_target_note	missing_ayah_suggestion	An Arabic Quran with repeated warnings is given so that people may become mindful or remember.	focus_39_23_cutoff_100.tsv	137	02c14c5ded9600870638ba6c1f4969d0ac470f8c53061ba3ecc2184c61b7b028
reciprocal_nomination	20:113	39:28		strong	39:28	20:113	20:113	cross_surah	label_target_note	ranked_review	It nearly repeats the focus's Arabic Qur'an and taqwa-directed purpose, adding warning and remembrance.	focus_39_28_cutoff_100.tsv	7	1bf508313e813c7004bf6f56effe12fe78df5b918e1c8f21b75215b811bffa27
reciprocal_nomination	20:113	40:2		strong	40:2	20:113	20:113	cross_surah	label_target_note	missing_ayah_suggestion	It states that the Qur'an was sent down in Arabic.	focus_40_2_cutoff_100.tsv	142	b6433259f3d762b8f1b13b11bb1ee936c61c5a5bcd4437a65b50f3966b55f75c
reciprocal_counterevidence	20:113	40:19		no value	40:19	20:113	20:113	cross_surah	label_target_note	ranked_review	The Quran's warnings and reminder do not clarify hidden eyes or breasts.	focus_40_19_cutoff_100.tsv	77	e449f7ec1571d22360f90a38f7bef54725d97a1d48bdc72864ba4c1ed4a29ccc
reciprocal_nomination	20:113	40:69		strong	40:69	20:113	20:113	cross_surah	label_target_note	ranked_review	The Quran's warnings are presented in varied forms to prompt mindfulness and remembrance.	focus_40_69_cutoff_100.tsv	50	37f80a3a327b4beaf001334add7ba6a4df6ce34e48f1baf5010211ac66abbb60
reciprocal_nomination	20:113	41:2		strong	41:2	20:113	20:113	cross_surah	label_target_note	missing_ayah_suggestion	It calls the revelation an Arabic Quran sent down with diversified warnings, connecting descent to reception and mindfulness.	focus_41_2_cutoff_100.tsv	124	7c0f72f85646b44edc70e6c61cf8649294879119755353f4733cda422320a752
reciprocal_nomination	20:113	41:3		strong	41:3	20:113	20:113	cross_surah	label_target_note	ranked_review	Arabic Quran with articulated warning; ch010/ch008 resonance.	focus_41_3_cutoff_100.tsv	13	dab66eeeaa595172602848564f6b263aae100bea00c1b3ea3e751cbf32fbf3b2
reciprocal_nomination	20:113	41:41		strong	41:41	20:113	20:113	cross_surah	label_target_note	missing_ayah_suggestion	An Arabic Quran is sent down and varied warning is given to produce remembrance.	focus_41_41_cutoff_100.tsv	142	5cb92840b4de1e3ab27f725c2aa120890fc58a084c17507566fde5da9a7e822a
reciprocal_nomination	20:113	41:42		medium	41:42	20:113	20:113	cross_surah	label_target_note	missing_ayah_suggestion	An Arabic Quran is sent down with warnings to produce God-consciousness.	focus_41_42_cutoff_100.tsv	129	b9f66d1fd5a446f1bd1ee6acbcc6bd5d9b63db434ad6a7d79a885b4661b78e7a
reciprocal_nomination	20:113	41:44		strong	41:44	20:113	20:113	cross_surah	label_target_note	ranked_review	It explicitly calls the revelation an Arabic Qur'an and states its warning and remembrance-directed purpose.	focus_41_44_cutoff_100.tsv	43	99ab7d8f5be9d1ece5b50670577a62084b7bc8cfd33155608ff0fe4ccf9886f7
reciprocal_nomination	20:113	42:7		strong	42:7	20:113	20:113	cross_surah	label_target_note	ranked_review	Arabic Quran and warning purpose closely parallel the mode and mission of 42:7.	focus_42_7_cutoff_100.tsv	4	1b7554aa3e846647d969700f1881099eb02380ecdabf806d08c0b57cf5631e44
reciprocal_nomination	20:113	43:3		strong	43:3	20:113	20:113	cross_surah	label_target_note	ranked_review	It joins Arabic Quran, varied warning, and the production of remembrance.	focus_43_3_cutoff_100.tsv	7	955a846464af49d4a993584a354c88c72c2487c1b0e6607156c1a836350be3ad
reciprocal_nomination	20:113	43:4		strong	43:4	20:113	20:113	cross_surah	label_target_note	missing_ayah_suggestion	The Arabic Quran sent down for awareness directly parallels the focus passage's Arabic Quran.	focus_43_4_cutoff_100.tsv	120	499d5cdf1a708270b04b72230e1f3eeb77192305f38bdc401823e3308e2e768f
reciprocal_nomination	20:113	43:5		medium	43:5	20:113	20:113	cross_surah	label_target_note	missing_ayah_suggestion	The Quran varies warnings so that people may fear or receive remembrance, explaining why admonition continues despite its uncertain reception.	focus_43_5_cutoff_100.tsv	121	055b38045679795a42cd536cb6c543b6d611278dd3a6bc9cad1e013749052b85
reciprocal_nomination	20:113	43:44		medium	43:44	20:113	20:113	cross_surah	label_target_note	missing_ayah_suggestion	Connects varied Quranic address with mindfulness and renewed remembrance.	focus_43_44_cutoff_100.tsv	122	51ed0d274c64352d318d773a015de3e2c7bf2606086712c4a69fa6f2c72f5bf1
reciprocal_nomination	20:113	44:3		strong	44:3	20:113	20:113	cross_surah	label_target_note	missing_ayah_suggestion	It calls the message an Arabic Quran sent down with warnings so that people may be mindful.	focus_44_3_cutoff_100.tsv	115	928f502436cd522d12270e9f405acc5fa542a377522c7cf105c64d2df278eb22
reciprocal_nomination	20:113	44:58		strong	44:58	20:113	20:113	cross_surah	label_target_note	ranked_review	Arabic Quranic warning is diversified so that recollection may newly arise.	focus_44_58_cutoff_100.tsv	55	f9ccba7269dfe92f1aa81d5c2cb9e37f780c64b9ad021767507eebc2746bfbde
reciprocal_nomination	20:113	45:5		medium	45:5	20:113	20:113	cross_surah	label_target_note	ranked_review	Secondary parallel: varied presentation can renew remembrance and restraint.	focus_45_5_cutoff_100.tsv	42	84a56af6dab7011e794b275b0993a82af806a894d3dbecff2a1438c3fceb62d0
reciprocal_nomination	20:113	45:6		strong	45:6	20:113	20:113	cross_surah	label_target_note	missing_ayah_suggestion	Arabic Quran and diversified warning signs describe ordered disclosure.	focus_45_6_cutoff_100.tsv	151	09c671fc2e356071ea7bd5c3d1ecf1b411acf9d4e75935257d48f8240e7e2527
reciprocal_nomination	20:113	46:2		strong	46:2	20:113	20:113	cross_surah	label_target_note	missing_ayah_suggestion	A Quran sent down in Arabic with varied warning directly parallels descent and Arabic form.	focus_46_2_cutoff_100.tsv	130	8a1ca88416d591f303f5433c2f78ae89755fe10768c9138d311223bba0a9721d
reciprocal_nomination	20:113	46:12		strong	46:12	20:113	20:113	cross_surah	label_target_note	missing_ayah_suggestion	An Arabic Quran includes varied warnings so that hearers may exercise taqwa or remember.	focus_46_12_cutoff_100.tsv	126	08fe064365dd4feae42814cd201cc0f4b1e15ade4550eea6a48e78ae72f3fa13
reciprocal_nomination	20:113	46:27		strong	46:27	20:113	20:113	cross_surah	label_target_note	ranked_review	Varying warnings is explicitly meant to foster guarding or renewed remembrance.	focus_46_27_cutoff_100.tsv	14	1582b501ea87c39be21ef817361146434a7761659e833810ac07d21b43728f89
reciprocal_nomination	20:113	46:30		medium	46:30	20:113	20:113	cross_surah	label_target_note	missing_ayah_suggestion	Identifies an Arabic Quran sent down with warning and remembrance functions.	focus_46_30_cutoff_100.tsv	125	a8b48071cdd822100405049c14bc659f8af1dc205208c6dd142975ae425c355e
reciprocal_nomination	20:113	50:1		weak	50:1	20:113	20:113	cross_surah	label_target_note	ranked_review	Qُرْءَانًا عَرَبِيًّۭ with وَعِيد and ذِكْر; relevant but tail-audit and unrouted.	focus_50_1_cutoff_100.tsv	93	8480767b2c2bb1e48144e1f1f5bdc74cb7a6c4ff1946244b8416beb70441cc60
reciprocal_nomination	20:113	50:14		strong	50:14	20:113	20:113	cross_surah	label_target_note	ranked_review	Explains repeated warning as a means of renewed remembrance and guarded response.	focus_50_14_cutoff_100.tsv	36	b8a2b2a7f3bbbe1923223f4a106944ee77a2f86e6d943a43838f7eeeaec3a277
reciprocal_nomination	20:113	50:20		medium	50:20	20:113	20:113	cross_surah	label_target_note	ranked_review	Frames wa'id as a warning meant to awaken caution.	focus_50_20_cutoff_100.tsv	22	5e702b7254f08a25faaf937eaff4d1aee47751a8f6e0f8f2871440f2702a475a
reciprocal_nomination	20:113	50:28		strong	50:28	20:113	20:113	cross_surah	label_target_note	ranked_review	Shows repeated warning functioning to awaken caution and remembrance.	focus_50_28_cutoff_100.tsv	86	b2dfba5ffcd97a6e8d838b55024c36a4bad1f0bac68478471e52d86bc79d8eae
reciprocal_nomination	20:113	50:45		strong	50:45	20:113	20:113	cross_surah	label_target_note	ranked_review	Pairs Qur'an, varied warning, protective response, and renewed remembrance.	focus_50_45_cutoff_100.tsv	2	405b14287f17598bbd45abcaa6e3ee65acc831ee7f09221fcfad9005974a90b3
reciprocal_nomination	20:113	51:49		medium	51:49	20:113	20:113	cross_surah	label_target_note	missing_ayah_suggestion	Varied presentation is said to produce تقوى or a renewed ذكر.	focus_51_49_cutoff_100.tsv	116	501ba2ef25725fcf40df097ef68506d1c0259bba1f33debc517fec24c480ad50
reciprocal_nomination	20:113	51:55		strong	51:55	20:113	20:113	cross_surah	label_target_note	missing_ayah_suggestion	States that warning material may produce mindfulness or dhikr.	focus_51_55_cutoff_100.tsv	122	12eebd4ce126af9027339ef41f2cc7bdff5f16168f4857b14e88049a02959217
reciprocal_nomination	20:113	52:29		medium	52:29	20:113	20:113	cross_surah	label_target_note	missing_ayah_suggestion	Connects Arabic revelation, warning, and renewed remembrance.	focus_52_29_cutoff_100.tsv	121	bb1c62510da9ef1e315308004e4e55442bf56881c7169433454b5c5a5542bdd7
reciprocal_nomination	20:113	53:56		strong	53:56	20:113	20:113	cross_surah	label_target_note	missing_ayah_suggestion	Frames diversified warnings as a means for response before consequence.	focus_53_56_cutoff_100.tsv	122	edfa91d28abb180992f4c9568a1efbfc9b23fe52889125524e94210bf449dc8e
reciprocal_nomination	20:113	54:5		medium	54:5	20:113	20:113	cross_surah	label_target_note	missing_ayah_suggestion	Qur'anic recital is varied with wa'id to produce a changed response.	focus_54_5_cutoff_100.tsv	122	0b20769d2938e50fdae1188c3d2146b9b9af3d8f55e96a1b9a98dca0313d02aa
reciprocal_nomination	20:113	54:17		medium	54:17	20:113	20:113	cross_surah	label_target_note	ranked_review	Arabic Qur'an and diversified warning oriented to remembrance reinforce accessible presentation.	focus_54_17_cutoff_100.tsv	52	32e47dd195b01f423f4dccd986cb9a569e09a834b1ed1e158eb2f290334d442d
reciprocal_nomination	20:113	54:22		strong	54:22	20:113	20:113	cross_surah	label_target_note	ranked_review	Connects varied Quranic warning with producing mindfulness or renewed remembrance.	focus_54_22_cutoff_100.tsv	58	ef28d70920d09b40e3c828c8f5a2e55bcfe08c641a8c42189d40d850d6e4f884
reciprocal_nomination	20:113	54:32		strong	54:32	20:113	20:113	cross_surah	label_target_note	ranked_review	Qur'an, varied warning, and newly produced dhikr directly extend the focus's comparison route.	focus_54_32_cutoff_100.tsv	55	1456427abd52b2d6bd5f20ba7f4aac203aa33b665f93990cfbce3155d548b4e9
reciprocal_nomination	20:113	54:40		strong	54:40	20:113	20:113	cross_surah	label_target_note	ranked_review	Arabic Quran and varied warnings aim to produce caution or renewed remembrance.	focus_54_40_cutoff_100.tsv	58	6891a54ea39cd4bdad939aa8bc6316fa6d5e3e48f179a9baa452150fafd25adc
reciprocal_nomination	20:113	54:46		medium	54:46	20:113	20:113	cross_surah	label_target_note	ranked_review	Adds warning as a repeated means of producing heedfulness.	focus_54_46_cutoff_100.tsv	49	4fa9a82d4fe6e8fde52a9499af055c8fe725f740569e1990f56cdb26225fd75a
reciprocal_nomination	20:113	54:51		medium	54:51	20:113	20:113	cross_surah	label_target_note	ranked_review	Adds varied warning as a means of producing renewed remembrance.	focus_54_51_cutoff_100.tsv	100	fc7b657e13763d9f164ad184decf0204bd62fbb25a774833b320873f390cf1b5
reciprocal_nomination	20:113	55:2		strong	55:2	20:113	20:113	cross_surah	label_target_note	missing_ayah_suggestion	An Arabic Qur'an producing remembrance adds a direct recitation-and-learning parallel.	focus_55_2_cutoff_100.tsv	132	22f0b565739674e678008f198cfec64f4bc6e9ae40ebf096feb2c294b93d3177
reciprocal_nomination	20:113	55:4		medium	55:4	20:113	20:113	cross_surah	label_target_note	missing_ayah_suggestion	Connects Arabic recitation, varied warning, and renewed remembrance.	focus_55_4_cutoff_100.tsv	143	64e058a36b3c962d4ad4c31a4e31ef6aaa01df877f9751d92864b7fde6c1b0bd
reciprocal_counterevidence	20:113	56:37		no value	56:37	20:113	20:113	cross_surah	label_target_note	ranked_review	The ع ر ب recurrence has no retained route to either focus reading.	focus_56_37_cutoff_100.tsv	55	43d63f03acf755eeb43aeea266a330b1ce31cdab64c8f19e174b0ec2c086b793
reciprocal_nomination	20:113	56:77		strong	56:77	20:113	20:113	cross_surah	label_target_note	missing_ayah_suggestion	Arabic Qur'an and graduated warning closely support both focus readings.	focus_56_77_cutoff_100.tsv	117	fcacb578edba6fac18f7811bf291300ce3dea6354d94e9f880706b0173b257f9
reciprocal_nomination	20:113	56:80		medium	56:80	20:113	20:113	cross_surah	label_target_note	missing_ayah_suggestion	Quranic descent is joined to differentiated warning within the text.	focus_56_80_cutoff_100.tsv	121	cf429bc59afdf50cedc2c3a707de53531b4c65a7bdf2b6ca0e65668bbadab2da
reciprocal_nomination	20:113	56:81		weak	56:81	20:113	20:113	cross_surah	label_target_note	missing_ayah_suggestion	Qur'an as warning and remembrance is broad source-context evidence.	focus_56_81_cutoff_100.tsv	144	185f79f5bd1147e4f2d17249b5c1369b4524b52e6d51df29bcb953d216c83afe
reciprocal_nomination	20:113	56:94		weak	56:94	20:113	20:113	cross_surah	label_target_note	ranked_review	Warning discourse is broad framing only.	focus_56_94_cutoff_100.tsv	96	049f65b5d77f6c7ecb605f57d06ec497a47d215c95853d7ca471c1c79e6f71dc
reciprocal_nomination	20:113	59:21		strong	59:21	20:113	20:113	cross_surah	label_target_note	missing_ayah_suggestion	Arabic Quran, varied warning, fear, and remembrance closely extend several focus dimensions.	focus_59_21_cutoff_100.tsv	137	8ac52a98d5f1a0e00147c9ed84114b6abe287da599e9594954dd2316748fe70a
reciprocal_nomination	20:113	62:2		medium	62:2	20:113	20:113	cross_surah	label_target_note	missing_ayah_suggestion	Arabic Quran, warning, and remembrance form a partial transformative communication pattern.	focus_62_2_cutoff_100.tsv	130	da61e5a2ece30e626cffa156d2f2a8bfe8d14d4617717023e6091577c3c28555
reciprocal_nomination	20:113	65:1		weak	65:1	20:113	20:113	cross_surah	label_target_note	ranked_review	Revelation and warning support reverence only generally.	focus_65_1_cutoff_100.tsv	79	364161bcd5caea2cb526371240043ac78e11ee13c9e71758bdc58d00690df3a6
reciprocal_nomination	20:113	68:52		strong	68:52	20:113	20:113	cross_surah	label_target_note	missing_ayah_suggestion	Makes Qur'anic variation serve taqwa or renewed remembering.	focus_68_52_cutoff_100.tsv	125	751f09a282426670276aa4313be0b747161eca3063de190f668541c2c6cc8e58
reciprocal_nomination	20:113	69:12		medium	69:12	20:113	20:113	cross_surah	label_target_note	missing_ayah_suggestion	Links varied signs with caution or renewed remembrance, adding the instructional function of repeated presentation.	focus_69_12_cutoff_100.tsv	108	aad257fee470042ad25d5d544e91393416dff6e7398496dd2ecb6769c1dd1062
reciprocal_nomination	20:113	69:43		medium	69:43	20:113	20:113	cross_surah	label_target_note	missing_ayah_suggestion	Adds Arabic Quranic descent and admonitory function.	focus_69_43_cutoff_100.tsv	114	1a81fe86a2bf5a67fdda9577dbdbed715f719a108ac6438da355c96adf6b71fa
reciprocal_nomination	20:113	72:1		medium	72:1	20:113	20:113	cross_surah	label_target_note	ranked_review	Presents Quranic communication with warning and response, but remains a broad parallel.	focus_72_1_cutoff_100.tsv	43	9b916dfac9624e8a479d02933a1dc8e584f4cd8bc770d0ebdc3b7679ea94ba9f
reciprocal_nomination	20:113	72:24		medium	72:24	20:113	20:113	cross_surah	label_target_note	ranked_review	Varied warning is intended to produce caution or renewed remembrance before the outcome.	focus_72_24_cutoff_100.tsv	94	590094287be7298e2b0a72576d86380ae66ec2ebf85e3b23d7ca85e835bf72b4
reciprocal_nomination	20:113	73:4		medium	73:4	20:113	20:113	cross_surah	label_target_note	missing_ayah_suggestion	An Arabic Quran with diversified warning material supports structured disclosure while remaining nonspecific about tartil.	focus_73_4_cutoff_100.tsv	114	710ee3a70b23445ece507c4099e6672a1d3082c3993af8cb05d7877900a9ada2
reciprocal_nomination	20:113	73:17		strong	73:17	20:113	20:113	cross_surah	label_target_note	missing_ayah_suggestion	The reminder is presented as capable of producing taqwa, directly connecting warning and protection.	focus_73_17_cutoff_100.tsv	110	38638a7543ce487ee08270c5bc50de3087809678848ee62f64532003127f910e
reciprocal_nomination	20:113	73:19		medium	73:19	20:113	20:113	cross_surah	label_target_note	missing_ayah_suggestion	Links varied Quranic warning with mindfulness and renewed remembrance.	focus_73_19_cutoff_100.tsv	128	f9c7a70fe87ad4767fabaee12c33275dd4a3c3765c9497a7868ba42bf2796645
reciprocal_nomination	20:113	74:54		strong	74:54	20:113	20:113	cross_surah	label_target_note	missing_ayah_suggestion	States that varied warnings may produce mindfulness or bring about remembrance.	focus_74_54_cutoff_100.tsv	114	fee2f18f943b58a8d9a9066101345283419c7e11fbbc8eb110a806c7934dfcb1
reciprocal_nomination	20:113	74:55		strong	74:55	20:113	20:113	cross_surah	label_target_note	missing_ayah_suggestion	Connects varied revelation with fearfulness or the production of dhikr.	focus_74_55_cutoff_100.tsv	121	1c0527195b7e65792c04ce547cecbced039194d42b29e8d7d0902d6fe9e66382
reciprocal_nomination	20:113	75:17		medium	75:17	20:113	20:113	cross_surah	label_target_note	missing_ayah_suggestion	Calls it an Arabic Qur'an and describes varied warnings, supporting ordered verbal presentation.	focus_75_17_cutoff_100.tsv	112	495ec07ac4f79a0e7b54d0cc50ec1ae95d97b47fc592628ee4316406ead0a825
reciprocal_nomination	20:113	75:19		medium	75:19	20:113	20:113	cross_surah	label_target_note	missing_ayah_suggestion	Describes the Qur'an as diversifying warning, a secondary explanatory mode.	focus_75_19_cutoff_100.tsv	133	8a9a82187509490f5c518bb0ef6c6a0fe6d5a2aa8540b37b99588ff7242b2b6b
reciprocal_nomination	20:113	76:23		strong	76:23	20:113	20:113	cross_surah	label_target_note	missing_ayah_suggestion	Explicitly says it was sent down as an Arabic Qur'an and diversifies the warning within it.	focus_76_23_cutoff_100.tsv	125	a7b13233369b7b01178778f530f9dca2bf4b4445fb9fa6febca1eeeed51a4af1
reciprocal_nomination	20:113	76:29		strong	76:29	20:113	20:113	cross_surah	label_target_note	missing_ayah_suggestion	The Qur'an diversifies warning so people may become mindful or it may produce remembrance for them.	focus_76_29_cutoff_100.tsv	196	f5a97946f58cc4fe8944a2f6ba646862d7d04543a22a5ef2c437b8c95669fcce
reciprocal_nomination	20:113	77:5		strong	77:5	20:113	20:113	cross_surah	label_target_note	ranked_review	Varied warning produces taqwa or renewed dhikr, clarifying the intended effect of delivery.	focus_77_5_cutoff_100.tsv	55	0193f6d215def4f1f13b0f1e26ec590c5c30de86dfb74fd3d8fb5564860f4e2f
reciprocal_nomination	20:113	77:6		medium	77:6	20:113	20:113	cross_surah	label_target_note	missing_ayah_suggestion	Describes varied warning in the recitation as oriented toward caution or renewed remembrance, supporting warning's present-purpose side.	focus_77_6_cutoff_100.tsv	117	0a41711eefc67b899bb9e5e86cae051adf0f43ae3e865fa9c39adc89886fec2b
reciprocal_nomination	20:113	77:7		medium	77:7	20:113	20:113	cross_surah	label_target_note	ranked_review	Explains repeated warning as producing caution or renewed remembrance, clarifying the warning side of what is promised.	focus_77_7_cutoff_100.tsv	36	3d2059b17e6d5829046cd8f94240884be40142508496ff3898c80d3ae892f5e7
reciprocal_nomination	20:113	79:45		strong	79:45	20:113	20:113	cross_surah	label_target_note	missing_ayah_suggestion	States that the recitation is set out so that hearers may fear or receive remembrance.	focus_79_45_cutoff_100.tsv	121	dad698f6c8a2e7d5a5bda92490abb7c3c44da5f89cd5865cb6ff5a9a230d62ba
reciprocal_nomination	20:113	80:4		strong	80:4	20:113	20:113	cross_surah	label_target_note	missing_ayah_suggestion	Varied warnings are arranged so that they may produce guarding or remembrance; a direct close parallel.	focus_80_4_cutoff_100.tsv	127	b202af025ee78451d0f954f543ecb2bfe35984211679ab729610fca290bdbd85
reciprocal_nomination	20:113	80:11		medium	80:11	20:113	20:113	cross_surah	label_target_note	missing_ayah_suggestion	Links diversified presentation to taqwa or renewed ذكر, extending the cognitive-response route.	focus_80_11_cutoff_100.tsv	118	07b3090338a2ee2ac7b767d56ec86f1e5f0f07774c5c4c74bd7c471ee84868ec
reciprocal_nomination	20:113	80:12		strong	80:12	20:113	20:113	cross_surah	label_target_note	missing_ayah_suggestion	States that varied warning can produce remembrance, directly supporting reminder as an activating address.	focus_80_12_cutoff_100.tsv	105	c345508565189a5995e1d7dfa7a3ccd1bbe6c5c367bca7bac64f32eab0d6bf98
reciprocal_nomination	20:113	81:27		strong	81:27	20:113	20:113	cross_surah	label_target_note	missing_ayah_suggestion	The Quran's warning and remembering functions are explicitly joined.	focus_81_27_cutoff_100.tsv	121	f4331ea03c9dd14d0c10226a111ce4b7ebd03d09746f290d641d5f4446f3e48d
reciprocal_nomination	20:113	85:21		strong	85:21	20:113	20:113	cross_surah	label_target_note	missing_ayah_suggestion	Qur'an 'arabiyyan with diversified warnings gives a coherent-delivery parallel.	focus_85_21_cutoff_100.tsv	136	56f66fd5b3796f673287d80f2d3221eb274195dd059f4f5b7a0bc6915854b926
reciprocal_nomination	20:113	87:9		strong	87:9	20:113	20:113	cross_surah	label_target_note	missing_ayah_suggestion	Connects communicated material with fearfulness or newly arising remembrance.	focus_87_9_cutoff_100.tsv	115	8902d5b87b96040be1ff78f176c08d468000014db8e2c95a1abf3decb06cddf6
reciprocal_nomination	20:113	87:10		strong	87:10	20:113	20:113	cross_surah	label_target_note	missing_ayah_suggestion	The Quran's warnings may produce God-consciousness or renewed remembrance.	focus_87_10_cutoff_100.tsv	108	d158bf7142f771cb48e0d00a5211149ecd59242a667710ac07a90e2ecc121ba4
reciprocal_nomination	20:113	88:21		medium	88:21	20:113	20:113	cross_surah	label_target_note	missing_ayah_suggestion	Links Quranic warning to the production of remembrance, supporting its intended cognitive effect.	focus_88_21_cutoff_100.tsv	117	13bb2372875fdc36b0664b31d2b6d170b899254b97896d783f39dcf921e35190
reciprocal_nomination	20:113	89:23		medium	89:23	20:113	20:113	cross_surah	label_target_note	ranked_review	Varied warning seeks protection or renewed remembrance before the final scene.	focus_89_23_cutoff_100.tsv	94	7471a0a788d0c8d10494283ae79e451e496a25ba66396c2526f19f9d15e0b399
reciprocal_nomination	20:113	92:14		medium	92:14	20:113	20:113	cross_surah	label_target_note	missing_ayah_suggestion	States that revealed warning may awaken protective fear or remembrance.	focus_92_14_cutoff_100.tsv	157	4ec39a16ea966655caab78c1d6f440124160e3267e87a91e42d7e40ac6b566f1
reciprocal_nomination	20:113	94:4		medium	94:4	20:113	20:113	cross_surah	label_target_note	missing_ayah_suggestion	إحداث الذكر من تنزيل القرآن يبيّن وظيفة الإنذار والاستدعاء.	focus_94_4_cutoff_100.tsv	121	392c9b46636650f7bd27891cb851cd636d178a05e5d222fe2ecfd0bbd69ae917
reciprocal_nomination	20:113	96:12		medium	96:12	20:113	20:113	cross_surah	label_target_note	missing_ayah_suggestion	Links the Arabic recitation to تقوى and remembrance, relevant to the passage's recited command.	focus_96_12_cutoff_100.tsv	133	29e746e8411238e8a142d2572d8ba0c24da4881d5eb6af37b7c979530f62d3c1
reciprocal_nomination	20:113	97:1		medium	97:1	20:113	20:113	cross_surah	label_target_note	ranked_review	Direct Arabic-Quran descent supports identifying the focus object, but is redundant with earlier cards.	focus_97_1_cutoff_100.tsv	66	241626552f5492415690205815f583fc478131369f55e4c82db85b07d96a4a09
