record_type	focus_ref	target_ref	focus_direction_label	source_direction_label	source_focus_ref	source_target_ref	source_target_component_ref	relation_scope	source_column_order	source_row_role	source_note	source_file	source_line	source_row_sha256
directional_review	9:70	14:9	strong	strong	9:70	14:9	14:9	cross_surah	label_target_note	ranked_review	Near-parallel expands the inherited-news frame with rejection and doubt after clear proofs.	focus_9_70_cutoff_100.tsv	1	0dabd95d310d903736e375d3a3bd9570e626b145b855dace2ac404caadde3cae
directional_review	9:70	52:12	weak	weak	9:70	52:12	52:12	cross_surah	label_target_note	ranked_review	Only a secondary contextual echo of the preceding diversion motif.	focus_9_70_cutoff_100.tsv	2	41d069ad5d593904e7e21d72c17ce95138a31424c5d18478c15710eb374a240d
directional_review	9:70	10:44	medium	medium	9:70	10:44	10:44	cross_surah	label_target_note	ranked_review	Directly isolates self-wronging from any divine injustice, though it is largely redundant.	focus_9_70_cutoff_100.tsv	3	819edcd417289b49b3e674b3f8f07300c54f5a88c66b4502c3bbe88455639f75
directional_review	9:70	40:31	medium	medium	9:70	40:31	40:31	cross_surah	label_target_note	ranked_review	Connects the named earlier peoples with the denial of divine injustice.	focus_9_70_cutoff_100.tsv	4	4e98567840b8a17d6ad0914f18807e8b29978441d83441b27d9c363e0f8d80ba
directional_review	9:70	9:60	no value	no value	9:70	9:60	9:60	same_surah	label_target_note	ranked_review	Its allocation setting does not add to the historical-proof argument.	focus_9_70_cutoff_100.tsv	5	9478a2ea751e101978c6122fa8cf4d9ed55b6200170f1a4b85e01a7b7c07705c
directional_review	9:70	21:25	medium	medium	9:70	21:25	21:25	cross_surah	label_target_note	ranked_review	Adds continuity of messenger-sending around a shared summons.	focus_9_70_cutoff_100.tsv	6	6eed337870b678996b73fc0333c88331a4edc6c0d832fca758bf62af569118be
directional_review	9:70	50:12	medium	medium	9:70	50:12	50:12	cross_surah	label_target_note	ranked_review	Supplies a compact precedent of Noah, Thamud, and earlier denial.	focus_9_70_cutoff_100.tsv	7	2c2cf1ddada56edbb10536a273fd88e78e73a95cf7444e01cffc92c6b3c59aec
directional_review	9:70	9:63	weak	weak	9:70	9:63	9:63	same_surah	label_target_note	ranked_review	Nearby warning about opposition adds little to 9:70's historical reasoning.	focus_9_70_cutoff_100.tsv	8	699603856e3d8c96de2388fcfba244b6f93580b8c578e3acf564258a0b5a24fc
directional_review	9:70	4:107	medium	medium	9:70	4:107	4:107	cross_surah	label_target_note	ranked_review	Shows wrongdoing as turning back upon the agent, in a different moral setting.	focus_9_70_cutoff_100.tsv	9	bfbf365c079d0ee3ab0c8d17e9fcb303573429dddaad1e95f2aa2cc53be3e837
directional_review	9:70	38:12	weak	weak	9:70	38:12	38:12	cross_surah	label_target_note	ranked_review	Adds only a bare mention of Noah and Ad among prior deniers.	focus_9_70_cutoff_100.tsv	10	a78679b570ecb486675bf9a13e9375ab85d2ca8df75719b53b1095e4d603e51e
directional_review	9:70	9:62	weak	weak	9:70	9:62	9:62	same_surah	label_target_note	ranked_review	Nearby oath and approval language does not materially develop 9:70.	focus_9_70_cutoff_100.tsv	11	811f96b2e70b7a5d7836ccae322b494c43c8ba244b34f4efad0b9369788a27f5
directional_review	9:70	2:87	medium	medium	9:70	2:87	2:87	cross_surah	label_target_note	ranked_review	Adds repeated messengers, clear signs, and rejection shaped by desire.	focus_9_70_cutoff_100.tsv	12	25933bbc578c0c607063356586b5355205b51b9bb0afed1d37caa5fba2b36435
directional_review	9:70	30:9	strong	strong	9:70	30:9	30:9	cross_surah	label_target_note	ranked_review	Near-exact historical parallel adds that power and settlement did not prevent self-wronging.	focus_9_70_cutoff_100.tsv	13	2c85e79f79d1b207171163f86574ffee2c4308b0894b4374d225588df33ea3af
directional_review	9:70	43:83	weak	weak	9:70	43:83	43:83	cross_surah	label_target_note	ranked_review	Only a contextual parallel to the preceding diversion, not positive evidence for 9:70.	focus_9_70_cutoff_100.tsv	14	4f7cc87a954c29a331a151d4bd1fbb648edf94a1723fc3e558986ef7382c6673
directional_review	9:70	7:101	strong	strong	9:70	7:101	7:101	cross_surah	label_target_note	ranked_review	Adds reported towns, clear proofs, and the durable effect of earlier denial.	focus_9_70_cutoff_100.tsv	15	634f6f4ac65e2650292ac9262f4085ad4f6637e59da89160a9895472efc67334
directional_review	9:70	22:42	medium	medium	9:70	22:42	22:42	cross_surah	label_target_note	ranked_review	Reiterates the Noah-Ad-Thamud precedent for present rejection.	focus_9_70_cutoff_100.tsv	16	8c5c71e34588dfd294da95407c70ffbd3a8816004b59e75a9c3c6fe3e00d4b31
directional_review	9:70	9:61	weak	weak	9:70	9:61	9:61	same_surah	label_target_note	ranked_review	Nearby speech and injury material only weakly frames the passage.	focus_9_70_cutoff_100.tsv	17	ae80a99b6786a1d3d775b5b3229dcd43161309175c26e323d82b42a45ef117fe
directional_review	9:70	7:9	medium	medium	9:70	7:9	7:9	cross_surah	label_target_note	ranked_review	Links wronging signs to self-loss under reckoning.	focus_9_70_cutoff_100.tsv	18	a80660ff5cca0e5af80caa0361984a690530379eacd6266cfc5799df295f02ff
directional_review	9:70	16:33	strong	strong	9:70	16:33	16:33	cross_surah	label_target_note	ranked_review	Directly pairs prior conduct with the denial that God wronged them.	focus_9_70_cutoff_100.tsv	19	3637f970132a1cfd684e55db30f20f9aa07128bfb2d32212218da97dd52cca7e
directional_review	9:70	9:66	weak	weak	9:70	9:66	9:66	same_surah	label_target_note	ranked_review	Nearby group accountability does not extend the historical evidence.	focus_9_70_cutoff_100.tsv	20	7ea8c35fe70f716b421c8326763ba711061d197ff673a3db1ef7f35dac6ab5bd
directional_review	9:70	64:7	medium	medium	9:70	64:7	64:7	cross_surah	label_target_note	ranked_review	Extends past news into later disclosure of each person's own deeds.	focus_9_70_cutoff_100.tsv	21	fec135fe1a9c9076884a33e7e72243ee4a518caf5dc41da600c5b192e891dbfc
directional_review	9:70	53:52	weak	weak	9:70	53:52	53:52	cross_surah	label_target_note	ranked_review	A contrast route and a bare Noah reference add little beyond the established pattern.	focus_9_70_cutoff_100.tsv	22	f42da60b78683e48bbce2b46d21c96ac3f4f803418d11d49c2c07d736b6f609c
directional_review	9:70	9:64	weak	weak	9:70	9:64	9:64	same_surah	label_target_note	ranked_review	Its disclosure of hidden interiors only loosely echoes the news motif.	focus_9_70_cutoff_100.tsv	23	0b2038e0836df6fc9cd45020a03fd12dea061da5f3fb6ec4454934903dd0c991
directional_review	9:70	18:33	no value	no value	9:70	18:33	18:33	cross_surah	label_target_note	ranked_review	The garden's non-deficiency is not a useful parallel for 9:70.	focus_9_70_cutoff_100.tsv	24	d7b6ce5d9ba64cc82315b03c033d54067160fdfc433c9ced45bc7dfbda1ff31a
directional_review	9:70	29:40	strong	strong	9:70	29:40	29:40	cross_surah	label_target_note	ranked_review	Adds diverse consequences for prior wrongdoing while retaining the self-wronging formula.	focus_9_70_cutoff_100.tsv	25	0dfaf9045819dae812fbcc02e63dccfb480c29a57832f21261f56c090e19d9ec
directional_review	9:70	45:19	no value	no value	9:70	45:19	45:19	cross_surah	label_target_note	ranked_review	The alliance contrast does not develop the verse's historical-proof structure.	focus_9_70_cutoff_100.tsv	26	3ede5cd73c3af2cbe87c6e5f44c5b298cc4876d4d5fe340d35057cfa01db1da4
directional_review	9:70	26:123	weak	weak	9:70	26:123	26:123	cross_surah	label_target_note	ranked_review	Adds a bare Ad denial, already covered by broader and stronger parallels.	focus_9_70_cutoff_100.tsv	27	86a790462ce6c725c67e51731b074b6e3e827c7133ee63add43a03cce20a4764
directional_review	9:70	38:13	weak	weak	9:70	38:13	38:13	cross_surah	label_target_note	ranked_review	Only broadens the list of former groups without clarifying 9:70's claim.	focus_9_70_cutoff_100.tsv	28	e25ee948aaa5d6dfda836e36a17937c4b8c1784e9071856601645bcd7baca7ab
directional_review	9:70	9:65	weak	weak	9:70	9:65	9:65	same_surah	label_target_note	ranked_review	The immediate diversion context is secondary to the historical argument.	focus_9_70_cutoff_100.tsv	29	67da2ee8b9671597e4514e511d73a69b655fc48175915ce583e8b8c383082f8a
directional_review	9:70	35:32	medium	medium	9:70	35:32	35:32	cross_surah	label_target_note	ranked_review	Offers a distinct self-wronging classification, but its route is contrast evidence.	focus_9_70_cutoff_100.tsv	30	675afea0a47ca37cb9bf0baa402ed4a3831f92a3d8ae5035376b21ec8daf13ad
directional_review	9:70	69:9	weak	weak	9:70	69:9	69:9	cross_surah	label_target_note	ranked_review	Adds the overturned cities only as a brief guilt-marked reference.	focus_9_70_cutoff_100.tsv	31	b7aa78646db376e38350968c3e57ef6a1b9741c2c81bbc1d9ee7f9491dba718e
directional_review	9:70	9:68	weak	weak	9:70	9:68	9:68	same_surah	label_target_note	ranked_review	Nearby punishment language does not explain the evidence or self-wronging in 9:70.	focus_9_70_cutoff_100.tsv	32	10b2be04d85741e91f1ba77f0d0fdf7c4d627ca8fa70797acb859fe682f284db
directional_review	9:70	38:14	medium	medium	9:70	38:14	38:14	cross_surah	label_target_note	ranked_review	Condenses the recurring pattern: messengers denied and consequence incurred.	focus_9_70_cutoff_100.tsv	33	2cee46de64015fa93e82ec9b765ebb2176400ccafe3879baab720c479c2602df
directional_review	9:70	40:22	strong	strong	9:70	40:22	40:22	cross_surah	label_target_note	ranked_review	Directly gives messengers, clear proofs, rejection, and ensuing seizure.	focus_9_70_cutoff_100.tsv	34	a27e0f610ac8b6809b8a5047da3e46930b417c6877117e9fd317a86ea6b2b347
directional_review	9:70	9:67	weak	weak	9:70	9:67	9:67	same_surah	label_target_note	ranked_review	Its social pattern supports the adjacent context more than 9:70 itself.	focus_9_70_cutoff_100.tsv	35	4537a6c7b4613c3ade160e725b0199f54362c29bc29bdf4c02d9a13a786d1dcb
directional_review	9:70	26:10	medium	medium	9:70	26:10	26:10	cross_surah	label_target_note	ranked_review	Names a people as wrongdoers, but does not supply the full historical rationale.	focus_9_70_cutoff_100.tsv	36	c04a487fa6f6327fce8b189217a2f0ddb5b0b4fd4ddb0a8a133198ecda6bed0f
directional_review	9:70	35:25	strong	strong	9:70	35:25	35:25	cross_surah	label_target_note	ranked_review	Adds prior rejection despite messengers, clear proofs, scriptures, and a luminous book.	focus_9_70_cutoff_100.tsv	37	bfc9c12a0be9563a24443906532776ee09ac2ae7927c22f48091d9d86292b5eb
directional_review	9:70	5:85	no value	no value	9:70	5:85	5:85	cross_surah	label_target_note	ranked_review	Its reward imagery is unrelated to the focus verse.	focus_9_70_cutoff_100.tsv	38	20b28ec3b2f0d7535d3b07f283f80728772dcbd7016f924febcdb1ee4cca9ec4
directional_review	9:70	26:105	weak	weak	9:70	26:105	26:105	cross_surah	label_target_note	ranked_review	The Noah denial is a redundant instance of the messenger-rejection pattern.	focus_9_70_cutoff_100.tsv	39	eceb5afb886fd8f18f98b790075f2b5389263d6d766e0c4f5ab1163a855eb3b2
directional_review	9:70	51:46	weak	weak	9:70	51:46	51:46	cross_surah	label_target_note	ranked_review	Adds only the characterization of Noah's people as lawless.	focus_9_70_cutoff_100.tsv	40	5b80f9b762957e143ad31bc239587dc9484e8d46ab07640a0b7fd0f725b2aada
directional_review	9:70	9:69	strong	strong	9:70	9:69	9:69	same_surah	label_target_note	ranked_review	Immediate predecessor supplies the comparative pattern of former peoples and self-defeating conduct.	focus_9_70_cutoff_100.tsv	41	01473c7800e298d470ccb1134bc854e5de5d66bd5bffe0ca4c73ea135bb7cc8d
directional_review	9:70	36:16	weak	weak	9:70	36:16	36:16	cross_surah	label_target_note	ranked_review	A bare assertion of messengerhood adds little after stronger continuity evidence.	focus_9_70_cutoff_100.tsv	42	9aa4f2e4b9ae9c7253cc5cdb58d484361e403989f3997ae4f6456a8fef903b19
directional_review	9:70	25:38	weak	weak	9:70	25:38	25:38	cross_surah	label_target_note	ranked_review	The group list is redundant and lacks the proof-response dimension.	focus_9_70_cutoff_100.tsv	43	c918b38638bd5186903825fbcb50ea4030ab152cfb914ca116d955d30a11fae3
directional_review	9:70	9:71	medium	medium	9:70	9:71	9:71	same_surah	label_target_note	ranked_review	Adjacent counter-pattern of communal obedience sharpens the contrast with 9:70's self-wronging.	focus_9_70_cutoff_100.tsv	44	38dcd820214dbd757e5f11b5993287dc72c37c02cf3eb7779cb0fcf4ff451d80
directional_review	9:70	52:47	no value	no value	9:70	52:47	52:47	cross_surah	label_target_note	ranked_review	A contrast route about punishment and ignorance does not add positive support.	focus_9_70_cutoff_100.tsv	45	94f9bf6c2fb4a88c762ae9199b51daf0b05e7f2457a3dacb16e45ad957735e7c
directional_review	9:70	22:43	weak	weak	9:70	22:43	22:43	cross_surah	label_target_note	ranked_review	Adds Abraham and Lot only as names in the prior-community sequence.	focus_9_70_cutoff_100.tsv	46	dfe51d7229dbde0972bad6527d7c2f06785c830708d671b12935bf16037588a8
directional_review	9:70	9:72	no value	no value	9:70	9:72	9:72	same_surah	label_target_note	ranked_review	The promised reward passage does not develop the focus verse.	focus_9_70_cutoff_100.tsv	47	fe2ca8e420b4f2dd126cb1287ca93d3cfed621428a9d9318754a53172a042fd7
directional_review	9:70	54:27	weak	weak	9:70	54:27	54:27	cross_surah	label_target_note	ranked_review	A contrast route gives only an indirect Thamud testing reference.	focus_9_70_cutoff_100.tsv	48	2d2bb5b80273ffc230e9c54d430f70b5646c48b5a411364287e5284329623af2
directional_review	9:70	10:71	weak	weak	9:70	10:71	10:71	cross_surah	label_target_note	ranked_review	Shows past news being recited in the present, but is redundant with stronger report parallels.	focus_9_70_cutoff_100.tsv	49	0cac965f340dd393df46716bfca5f4fd06ff51680ebd4924c7b1e00d8c3360ea
directional_review	9:70	3:154	no value	no value	9:70	3:154	3:154	cross_surah	label_target_note	ranked_review	Its inward-state scene is not a useful addition to 9:70.	focus_9_70_cutoff_100.tsv	50	9ed7c45ef848a588696264043dcfe09d8a0bb6001fd0a67c5d3ab2fb08376954
directional_review	9:70	26:141	weak	weak	9:70	26:141	26:141	cross_surah	label_target_note	ranked_review	The Thamud denial repeats an already well-established pattern.	focus_9_70_cutoff_100.tsv	51	bce3d420f1ebab9c255b0e0c9f4929cc2b8b0edbdd764d229c86fd90e714e177
directional_review	9:70	16:118	weak	weak	9:70	16:118	16:118	cross_surah	label_target_note	ranked_review	Repeats the self-wronging formula in a less relevant legal setting.	focus_9_70_cutoff_100.tsv	52	cbac087d4e5f4cd3c7f0603acce8c0aa435e97df7d5764c26de4eb0286dc5b21
directional_review	9:70	12:58	no value	no value	9:70	12:58	12:58	cross_surah	label_target_note	ranked_review	The recognition scene has no clear contribution to the focus verse.	focus_9_70_cutoff_100.tsv	53	2b17960e0444533f131c3ea17c97f8700a73a585c6696703a484d6275964c68e
directional_review	9:70	51:21	weak	weak	9:70	51:21	51:21	cross_surah	label_target_note	ranked_review	The inward-sign reflection only distantly develops self-wronging.	focus_9_70_cutoff_100.tsv	54	7e2f250daea589480b469f378bc578ac0b2805ab9082db4b002f88b98be1e593
directional_review	9:70	22:44	medium	medium	9:70	22:44	22:44	cross_surah	label_target_note	ranked_review	Adds Madayn to the named sequence and indicates delayed consequence after denial.	focus_9_70_cutoff_100.tsv	55	e8d1c934800be6b3921b9238821b2a4a1bb4f3e3299d7bf8aa1856cf89994ab0
directional_review	9:70	8:73	no value	no value	9:70	8:73	8:73	cross_surah	label_target_note	ranked_review	Its alliance and corruption warning does not add to 9:70.	focus_9_70_cutoff_100.tsv	56	8b8a5d57fa7326c10efbbb590bf36ea09c34e300f10d49b59b2dcbecd6cf11c0
directional_review	9:70	51:50	no value	no value	9:70	51:50	51:50	cross_surah	label_target_note	ranked_review	A contrast route about warning offers no positive historical parallel.	focus_9_70_cutoff_100.tsv	57	d2b6b0b5a8bace5513c57c176661c7dbab4f1df696d8bbe760ea28a179c28b7e
directional_review	9:70	3:117	strong	strong	9:70	3:117	3:117	cross_surah	label_target_note	ranked_review	Directly joins destruction following self-wronging with the denial of divine injustice.	focus_9_70_cutoff_100.tsv	58	2b94df245038c9e21a07dcef4d22a209c470a8886062deaf6461088a2f9883e5
directional_review	9:70	44:38	no value	no value	9:70	44:38	44:38	cross_surah	label_target_note	ranked_review	The creation-versus-play contrast is unrelated to the focus verse.	focus_9_70_cutoff_100.tsv	59	24598a635b873fba268c7ad4fa2f3f672172961267fed7ace8a2d74de51f743d
directional_review	9:70	59:19	medium	medium	9:70	59:19	59:19	cross_surah	label_target_note	ranked_review	Adds self-forgetfulness as a further form of self-directed failure.	focus_9_70_cutoff_100.tsv	60	6f8c6cbf3e07b9caa9d409545187dbdd2a86b99de0309e930fad93f32e95ee4e
directional_review	9:70	26:69	weak	weak	9:70	26:69	26:69	cross_surah	label_target_note	ranked_review	The command to recount Abraham's news is redundant evidence for the report frame.	focus_9_70_cutoff_100.tsv	61	592a20cab48977a77303fcfb78fe6c8c7d6a41db1a1065c1c36860a88809350b
directional_review	9:70	44:39	no value	no value	9:70	44:39	44:39	cross_surah	label_target_note	ranked_review	Its creation statement does not develop the historical argument.	focus_9_70_cutoff_100.tsv	62	d033e23ffddd9470b45dc15453dfc637f9812a4808b297dfa80a6a588b701bf3
directional_review	9:70	6:21	no value	no value	9:70	6:21	6:21	cross_surah	label_target_note	ranked_review	A contrast route about fabrication adds no positive support here.	focus_9_70_cutoff_100.tsv	63	a37eceb2cce48a8d79e3b4f539bb586d0511d1939fcfdcf47e1fef9f664b5a33
directional_review	9:70	69:4	weak	weak	9:70	69:4	69:4	cross_surah	label_target_note	ranked_review	Adds only a terse Ad-Thamud denial reference.	focus_9_70_cutoff_100.tsv	64	0ec0a2a514aa94722e4d8fda86c1401ab7127059a7e0481a7a35ed34dd4cb7dd
directional_review	9:70	3:165	medium	medium	9:70	3:165	3:165	cross_surah	label_target_note	ranked_review	Attributes affliction to the community itself, extending the self-caused consequence theme.	focus_9_70_cutoff_100.tsv	65	4a7525b9bdea92d6e31c5151fd7177fb31064ad4813445df54051b262093a9e8
directional_review	9:70	36:3	weak	weak	9:70	36:3	36:3	cross_surah	label_target_note	ranked_review	Bare messenger identity is too general after stronger parallel cards.	focus_9_70_cutoff_100.tsv	66	8c934ca3d2653b6abff771f21141b75985e7379381a9bca1717bccef3bf72e64
directional_review	9:70	3:67	no value	no value	9:70	3:67	3:67	cross_surah	label_target_note	ranked_review	Its identity clarification does not illuminate 9:70.	focus_9_70_cutoff_100.tsv	67	dc4556dff86f5f75854e83a20a7584887405fde88803eb947a2467d720435b07
directional_review	9:70	74:39	no value	no value	9:70	74:39	74:39	cross_surah	label_target_note	ranked_review	The channel-level resonance is not localized evidence for the focus verse.	focus_9_70_cutoff_100.tsv	68	bfa86e078485bc474993fcfcbd26367bdfa9ee1259e19a301227987471ae5a1e
directional_review	9:70	41:50	no value	no value	9:70	41:50	41:50	cross_surah	label_target_note	ranked_review	A contrast route about later disclosure is not positive support.	focus_9_70_cutoff_100.tsv	69	4dfa0d884021db2e883c25cbb38f4a05ca5f6be252df6b7550b5285de1fde9cd
directional_review	9:70	10:39	medium	medium	9:70	10:39	10:39	cross_surah	label_target_note	ranked_review	Adds prior denial without knowledge and its outcome for wrongdoers.	focus_9_70_cutoff_100.tsv	70	ce87c90b466d127650df94db8b22a3878be670f818711b9d434c66b0a8e30567
directional_review	9:70	68:18	no value	no value	9:70	68:18	68:18	cross_surah	label_target_note	ranked_review	The channel resonance does not establish a relevant contribution.	focus_9_70_cutoff_100.tsv	71	7f7c395e021d28400cdd9848b97b9605e12e54719101b9b051ee07bc8ab9d75a
directional_review	9:70	43:76	medium	medium	9:70	43:76	43:76	cross_surah	label_target_note	ranked_review	Directly restates that the wrong lies with them rather than with God.	focus_9_70_cutoff_100.tsv	72	72e4e24947a4cd9983dff9067f8928e63da2978d38f71f55d320a65217700593
directional_review	9:70	50:14	medium	medium	9:70	50:14	50:14	cross_surah	label_target_note	ranked_review	Adds a multi-community pattern of denying messengers and incurring warning.	focus_9_70_cutoff_100.tsv	73	6ec97c5d711cbad73fc21d359b896b10f7751352663e8a42a0321fddd0e2fa25
directional_review	9:70	50:29	weak	weak	9:70	50:29	50:29	cross_surah	label_target_note	ranked_review	Restates divine non-wronging but adds little beyond closer parallels.	focus_9_70_cutoff_100.tsv	74	2aadc46cb05c6453835b0595e76fd69e7580f9c4da847bfac9c5c9fd15d621b4
directional_review	9:70	4:49	weak	weak	9:70	4:49	4:49	cross_surah	label_target_note	ranked_review	Its narrow denial of injustice only loosely relates to self-wronging.	focus_9_70_cutoff_100.tsv	75	42deb15f9ed8915dd670deb90f06ad8b043bdc4c925aaa9351d8b82e5cf2a550
directional_review	9:70	58:6	weak	weak	9:70	58:6	58:6	cross_surah	label_target_note	ranked_review	Extends the news motif to later disclosure of deeds, but indirectly.	focus_9_70_cutoff_100.tsv	76	3e51417defd30455b9492dd68e27ef0bd086d70ce8a595bb9c0e1b1ed4ac8b46
directional_review	9:70	37:109	no value	no value	9:70	37:109	37:109	cross_surah	label_target_note	ranked_review	The greeting does not add to the focus verse.	focus_9_70_cutoff_100.tsv	77	ad0eec9d4f89f7f40ee44cf3b085be05c12538b6157d193e4dde58835918f8d2
directional_review	9:70	4:111	medium	medium	9:70	4:111	4:111	cross_surah	label_target_note	ranked_review	Clearly frames acquired sin as returning against oneself.	focus_9_70_cutoff_100.tsv	78	655a9880e66f6f16d1cab913c7682261e4a6d102ba728d584e094cbb745e8e1b
directional_review	9:70	11:69	no value	no value	9:70	11:69	11:69	cross_surah	label_target_note	ranked_review	The messenger visit to Abraham does not develop the focus claim.	focus_9_70_cutoff_100.tsv	79	bd553617762df6a46d14f59a0381702c42b5dc1c576b7b4fcb2fb27a09a6921a
directional_review	9:70	29:8	weak	weak	9:70	29:8	29:8	cross_surah	label_target_note	ranked_review	Later reporting of deeds is only a distant echo of the news motif.	focus_9_70_cutoff_100.tsv	80	943b57e959ae0a68c682c9d934d9c65d33dc5f77b832d8e1a4e11f0de3af0fd8
directional_review	9:70	7:175	medium	medium	9:70	7:175	7:175	cross_surah	label_target_note	ranked_review	Adds a narrative mechanism of abandoning received signs and consequent deviation.	focus_9_70_cutoff_100.tsv	81	9e60bb4e9830272caacbe2af2cbdd089bd44053869cd27c4b7ff2f749aad4415
directional_review	9:70	57:9	medium	medium	9:70	57:9	57:9	cross_surah	label_target_note	ranked_review	Develops clear signs as guidance that effects a move out of darkness.	focus_9_70_cutoff_100.tsv	82	fda8d9c57b9cf893195861c0c3933cf2d65a947288bd4a732aaccc8e9f2c4ab6
directional_review	9:70	5:27	weak	weak	9:70	5:27	5:27	cross_surah	label_target_note	ranked_review	The command to recount an earlier case adds little without the focus themes.	focus_9_70_cutoff_100.tsv	83	76457f8ed15e1507670bca8785a0769aa91137873f9af9623285631b89e87104
directional_review	9:70	6:12	medium	medium	9:70	6:12	6:12	cross_surah	label_target_note	ranked_review	Adds self-loss alongside a mercy-governed final gathering.	focus_9_70_cutoff_100.tsv	84	6163b07316aec8a21fa680122b640eaa183006b2d11caf75301d745f037cf624
directional_review	9:70	11:84	strong	strong	9:70	11:84	11:84	cross_surah	label_target_note	ranked_review	Supplies Madayn's messenger, summons, and a concrete justice-related warning.	focus_9_70_cutoff_100.tsv	85	ddf18c4ecb531e87e8742923d8f88137038f8459e0f94f5309b6428ee2a9b949
directional_review	9:70	26:176	weak	weak	9:70	26:176	26:176	cross_surah	label_target_note	ranked_review	A redundant instance of a community denying messengers, without a direct named link in 9:70.	focus_9_70_cutoff_100.tsv	86	2dddf4291ec97f3e672a225fcf7e2cf3b3fea01f3e0f7e6f8aa4521c9e81eaed
directional_review	9:70	29:36	medium	medium	9:70	29:36	29:36	cross_surah	label_target_note	ranked_review	Adds Madayn's summons and prohibition of corruption in the land.	focus_9_70_cutoff_100.tsv	87	284eb97a7a3cadabdb1e87e4cae33f1a4724ef118e880a06463385fb4674b592
directional_review	9:70	30:21	no value	no value	9:70	30:21	30:21	cross_surah	label_target_note	ranked_review	Its relational self-language does not clarify self-wronging or historical proof.	focus_9_70_cutoff_100.tsv	88	1ff021281cdf8973ad95335b00a2d5efb73b0014d5651cb73eb21fe2e81d3a1c
directional_review	9:70	7:85	strong	strong	9:70	7:85	7:85	cross_surah	label_target_note	ranked_review	Directly adds Madayn, a clear proof, and warning against deficient measure and corruption.	focus_9_70_cutoff_100.tsv	89	6d494736c20b7e73d655836f44afcc1d58744dc9eb39ef7f6a9f835f013560b7
directional_review	9:70	48:1	weak	weak	9:70	48:1	48:1	cross_surah	label_target_note	ranked_review	Its clarity motif is too general to explain the clear proofs of 9:70.	focus_9_70_cutoff_100.tsv	90	67a5aff18d9f8af3166a738a427845cac9fa0dae6201fb845de3294f13cbc9b5
directional_review	9:70	22:40	no value	no value	9:70	22:40	22:40	cross_surah	label_target_note	ranked_review	The tail-audit persecution case does not add to the focus verse.	focus_9_70_cutoff_100.tsv	91	3f36071e8fd0275bf0f93c377edd2e297cf011c0258dea30a08f52a3b55b34ee
directional_review	9:70	6:122	weak	weak	9:70	6:122	6:122	cross_surah	label_target_note	ranked_review	The tail-audit darkness image is only a broad secondary resonance.	focus_9_70_cutoff_100.tsv	92	06b2f77b5d0c0c426c561e0328e166bd5f3f1dbf112e4eb0fa5dcaff26bc5da8
directional_review	9:70	2:196	no value	no value	9:70	2:196	2:196	cross_surah	label_target_note	ranked_review	The pilgrimage regulations do not contribute to 9:70.	focus_9_70_cutoff_100.tsv	93	7e4abaa56a6babd44c4e638419448d72d7caa15d3d48c59bb38bcbef81ed916c
directional_review	9:70	27:1	weak	weak	9:70	27:1	27:1	cross_surah	label_target_note	ranked_review	The clear-book phrase is too general and tail-audit status supplies no relevance claim.	focus_9_70_cutoff_100.tsv	94	17ad6b2ab55da0837403a048a20dafb710269766746ba65c598309830aa303bc
directional_review	9:70	2:282	no value	no value	9:70	2:282	2:282	cross_surah	label_target_note	ranked_review	The debt-recording rules do not add to the focus verse.	focus_9_70_cutoff_100.tsv	95	a7844bdef5eb9798eb6f4cc84b853e7383f36009a5ba9fb76075713ccd76bd37
directional_review	9:70	36:13	weak	weak	9:70	36:13	36:13	cross_surah	label_target_note	ranked_review	A generic town receiving messengers is redundant and unspecific.	focus_9_70_cutoff_100.tsv	96	949d690effcbb9a79e2f2d189fed256d7f015e6ce81101203a492f9986e135ed
directional_review	9:70	41:8	no value	no value	9:70	41:8	41:8	cross_surah	label_target_note	ranked_review	The enduring reward statement does not develop 9:70.	focus_9_70_cutoff_100.tsv	97	1f23127e4fa2f0236ed9c2c60be08915a5158bf9277c7b08a9ba3778acfd366e
directional_review	9:70	44:5	weak	weak	9:70	44:5	44:5	cross_surah	label_target_note	ranked_review	General sending language is too abstract after stronger messenger-chain evidence.	focus_9_70_cutoff_100.tsv	98	c82e850961ecaa01a0ddf0004655a5cfc7b93b0e78c5b6f5867ac7f1d7154e78
directional_review	9:70	22:8	no value	no value	9:70	22:8	22:8	cross_surah	label_target_note	ranked_review	The dispute-without-knowledge statement does not add a historical or self-wronging link.	focus_9_70_cutoff_100.tsv	99	12489566ba095a0824792c3c5c13569916e779fa89f3bac20360595f8dde09d8
directional_review	9:70	31:13	medium	medium	9:70	31:13	31:13	cross_surah	label_target_note	ranked_review	Frames association as grave wrongful placement, extending the injustice dimension.	focus_9_70_cutoff_100.tsv	100	2f235bdb427006dbc6057391931b3f8570ba04c61fec75c499fd20ed51d77e5b
directional_review	9:70	3:182	medium	medium	9:70	3:182	3:182	cross_surah	label_target_note	missing_ayah_suggestion	Restates that divine judgment is not wronging and ties consequence to prior human acts.	focus_9_70_cutoff_100.tsv	101	16c7ddc0151a8588e65637b0ff54f5e926abba387ba3bedd6d1f5e395a203799
directional_review	9:70	3:184	medium	medium	9:70	3:184	3:184	cross_surah	label_target_note	missing_ayah_suggestion	Adds that earlier messengers bearing clear evidences were also denied.	focus_9_70_cutoff_100.tsv	102	c43fa97654e4ee4e69d263c20e0dad030e08b0a382e4ecc186dd636fc82336e0
directional_review	9:70	4:40	medium	medium	9:70	4:40	4:40	cross_surah	label_target_note	missing_ayah_suggestion	Supplies a concise general boundary against attributing even minimal injustice to God.	focus_9_70_cutoff_100.tsv	103	612efaf56bcdb6e0bdfd7b91b9e58828d3d3f777693730e658e7626c81415f0d
directional_review	9:70	4:165	medium	medium	9:70	4:165	4:165	cross_surah	label_target_note	missing_ayah_suggestion	Makes the succession of messengers part of an accountability-grounding rationale.	focus_9_70_cutoff_100.tsv	104	f31771bccb874a9f86b4d274589ebaed92c9feb3bece906b1b78c0516e45f381
directional_review	9:70	6:6	medium	medium	9:70	6:6	6:6	cross_surah	label_target_note	missing_ayah_suggestion	Adds the downfall of earlier, materially powerful generations.	focus_9_70_cutoff_100.tsv	105	be7fc38bcdbcd5dc039e5dacf7fa35b1781b735d74a010aa01bce558c3612335
directional_review	9:70	6:34	medium	medium	9:70	6:34	6:34	cross_surah	label_target_note	missing_ayah_suggestion	Places the present messenger's denial within a history of denied messengers.	focus_9_70_cutoff_100.tsv	106	cbf2540dfb1a6512f8b7a9f52d8e229481cb7ad38469dcbda0aa74c6d4bb47a0
directional_review	9:70	6:130	strong	strong	9:70	6:130	6:130	cross_surah	label_target_note	missing_ayah_suggestion	Directly joins messengers' recited signs and warning with later self-testimony.	focus_9_70_cutoff_100.tsv	107	ba12263fd6bbe02d2c4e9f180921ed548d8a73093b965add9b01ccefa0e791b8
directional_review	9:70	6:131	strong	strong	9:70	6:131	6:131	cross_surah	label_target_note	missing_ayah_suggestion	States that destruction is not imposed while communities remain uninformed.	focus_9_70_cutoff_100.tsv	108	225291f8f59ef22c1ca1b84b37e62cd0f84f36a5d6ce09016bf3db64db748f1d
directional_review	9:70	7:59	medium	medium	9:70	7:59	7:59	cross_surah	label_target_note	missing_ayah_suggestion	Begins the Noah case as a messenger-to-people encounter.	focus_9_70_cutoff_100.tsv	109	517f0cd78cc6f9d1269de770bfef24f7b693c20a44b42bff1d29cad933d3fad3
directional_review	9:70	7:65	medium	medium	9:70	7:65	7:65	cross_surah	label_target_note	missing_ayah_suggestion	Begins the Ad case as a messenger-to-people encounter.	focus_9_70_cutoff_100.tsv	110	f8e34dcc631391b6bbc5c5d3a23e64c58fc58015fa9de5c9427781665e3f257e
directional_review	9:70	7:73	medium	medium	9:70	7:73	7:73	cross_surah	label_target_note	missing_ayah_suggestion	Begins the Thamud case with a clear sign and accountability warning.	focus_9_70_cutoff_100.tsv	111	7f3911c3e46f73fa59109ce983357644c1387333756768300b8c91133818274c
directional_review	9:70	7:94	medium	medium	9:70	7:94	7:94	cross_surah	label_target_note	missing_ayah_suggestion	Adds a recurring town-and-prophet pattern before hardship and consequence.	focus_9_70_cutoff_100.tsv	112	2b91cd9e91845e3efd8e247cd545adcaa07418e967b4ab202e23b57ae7ab5057
directional_review	9:70	7:100	medium	medium	9:70	7:100	7:100	cross_surah	label_target_note	missing_ayah_suggestion	Links inheriting later peoples to reflection on predecessors' consequence for sins.	focus_9_70_cutoff_100.tsv	113	80161ddd284d0cf588b973d93655a89a5905e73179c78fefee75a47c28d884ef
directional_review	9:70	8:51	medium	medium	9:70	8:51	8:51	cross_surah	label_target_note	missing_ayah_suggestion	Connects consequence to what hands brought forward while denying divine injustice.	focus_9_70_cutoff_100.tsv	114	6acfd225b39ec2a8ade1a1712b758318a0e766d5bb40365e593138ff27ad879b
directional_review	9:70	8:54	strong	strong	9:70	8:54	8:54	cross_surah	label_target_note	missing_ayah_suggestion	Directly parallels prior peoples denying signs and being seized for their acts.	focus_9_70_cutoff_100.tsv	115	073d48841496eff4e9990886364647237d1eb8a5df97220465ada44f41e729ad
directional_review	9:70	10:13	strong	strong	9:70	10:13	10:13	cross_surah	label_target_note	missing_ayah_suggestion	Adds destruction of earlier generations after their messengers brought clear proofs.	focus_9_70_cutoff_100.tsv	116	b753dee9ff639b8e69a9c2ff6feefa11dfe37698336ed7421d64bcd59f74e0ea
directional_review	9:70	10:47	strong	strong	9:70	10:47	10:47	cross_surah	label_target_note	missing_ayah_suggestion	Frames every community's messenger within judgment that is not unjust.	focus_9_70_cutoff_100.tsv	117	5fdb9bfef06f487edc757ae0459c7926b1c8abe9892415ea6b479c6e222dcb9a
directional_review	9:70	10:74	strong	strong	9:70	10:74	10:74	cross_surah	label_target_note	missing_ayah_suggestion	Adds messengers after Noah bringing clear proofs to communities fixed in prior disbelief.	focus_9_70_cutoff_100.tsv	118	614260070ebee8011099ddc09010df066c98887bc11b748e8ca6486f52a2d5bb
directional_review	9:70	11:61	strong	strong	9:70	11:61	11:61	cross_surah	label_target_note	missing_ayah_suggestion	Supplies the Thamud messenger episode and its summons.	focus_9_70_cutoff_100.tsv	119	f394262fab050ff0ba1f99908bbd2dd14a5b2f64c74ff45a5d3db11a0272b3cf
directional_review	9:70	11:82	strong	strong	9:70	11:82	11:82	cross_surah	label_target_note	missing_ayah_suggestion	Gives a direct narrative realization of the overturned-cities reference.	focus_9_70_cutoff_100.tsv	120	62863c1bd2de5ea2168d23820d00cc3d7641faf6c937fa88b7a4d771b5caa8ac
directional_review	9:70	11:100	strong	strong	9:70	11:100	11:100	cross_surah	label_target_note	missing_ayah_suggestion	Explicitly presents prior towns as recounted news.	focus_9_70_cutoff_100.tsv	121	dce84d45505c9bb1c074f923c1d3b2612368ad838989b736a127d79dab343328
directional_review	9:70	11:102	strong	strong	9:70	11:102	11:102	cross_surah	label_target_note	missing_ayah_suggestion	Adds the pattern of taking wrongdoing towns without implying arbitrary injustice.	focus_9_70_cutoff_100.tsv	122	fc33f3b7a3b079f62dad186861fa8455026e9ac11ada9a49275a8e384362a035
directional_review	9:70	11:117	strong	strong	9:70	11:117	11:117	cross_surah	label_target_note	missing_ayah_suggestion	States that towns are not destroyed unjustly while their people are reforming.	focus_9_70_cutoff_100.tsv	123	0f1230a151d24f04ab6e626dab311e05e531d02a208982f5382cf8994b90ba2d
directional_review	9:70	13:11	medium	medium	9:70	13:11	13:11	cross_surah	label_target_note	missing_ayah_suggestion	Adds a general self-directed condition for communal change.	focus_9_70_cutoff_100.tsv	124	40883e147b21651484107b449fb5f22fb944b6a7f3ef4ac0c9606b68c48ad7b5
directional_review	9:70	14:10	medium	medium	9:70	14:10	14:10	cross_surah	label_target_note	missing_ayah_suggestion	Extends the 14:9 parallel with the messengers' response to prior doubt.	focus_9_70_cutoff_100.tsv	125	7fa6114f0671a30ae9cb55f655f782ddb077d3d030075b654f2f72da249131ec
directional_review	9:70	16:36	strong	strong	9:70	16:36	16:36	cross_surah	label_target_note	missing_ayah_suggestion	States a messenger was raised in every community, supporting the repeated-witness frame.	focus_9_70_cutoff_100.tsv	126	c000293a327f077a7ffc515afd83ce44d835773638ea85a92849266b90803228
directional_review	9:70	17:15	strong	strong	9:70	17:15	17:15	cross_surah	label_target_note	missing_ayah_suggestion	Sets messenger-arrival as a boundary before punishment.	focus_9_70_cutoff_100.tsv	127	067d7d131fd5c5c092c3db88a9fda70474d0f29713eb73d32ec65c32699d3cfc
directional_review	9:70	20:134	strong	strong	9:70	20:134	20:134	cross_surah	label_target_note	missing_ayah_suggestion	Makes an earlier messenger and signs the foreclosed basis for later objection.	focus_9_70_cutoff_100.tsv	128	7e13c7e25e89244b67781aef356872089899f1ee79021abde7e675bd8f1cbf06
directional_review	9:70	22:45	medium	medium	9:70	22:45	22:45	cross_surah	label_target_note	missing_ayah_suggestion	Adds the ruin of many wrongdoing towns as a historical outcome.	focus_9_70_cutoff_100.tsv	129	05ee6ebcc791d76275e4a457b89c4b89bf631e1bf17f8889c505e5fd435032f0
directional_review	9:70	23:44	strong	strong	9:70	23:44	23:44	cross_surah	label_target_note	missing_ayah_suggestion	Directly depicts successive messengers and repeated community rejection.	focus_9_70_cutoff_100.tsv	130	b7d4502079b3ae7e9337f8b448eb90db0518bb4c856ab51a7376cfb535bce84b
directional_review	9:70	25:37	medium	medium	9:70	25:37	25:37	cross_surah	label_target_note	missing_ayah_suggestion	Adds Noah's people among deniers and connects their denial to destruction.	focus_9_70_cutoff_100.tsv	131	aefd93df00953716134cb609c2e41b7c67abc3b1ae14feb592b659de3f101d49
directional_review	9:70	26:160	medium	medium	9:70	26:160	26:160	cross_surah	label_target_note	missing_ayah_suggestion	Adds Lot's people as another community described as denying messengers.	focus_9_70_cutoff_100.tsv	132	580c91084188cfa3e596d6902eb567196e3499cf56347841e7c506ddd7f65dae
directional_review	9:70	28:47	strong	strong	9:70	28:47	28:47	cross_surah	label_target_note	missing_ayah_suggestion	Links calamity from prior deeds with the unanswerable demand for a messenger.	focus_9_70_cutoff_100.tsv	133	0dd830ca1455d5698b97574ea12840d4bfa607be713b454df53230f51b4a1f84
directional_review	9:70	28:59	strong	strong	9:70	28:59	28:59	cross_surah	label_target_note	missing_ayah_suggestion	States that a town is not destroyed before a messenger is sent to its center.	focus_9_70_cutoff_100.tsv	134	deb5bd709dc2adde9670bd696719069b51567facc28fba52cedd327fc0a2d67a
directional_review	9:70	29:14	medium	medium	9:70	29:14	29:14	cross_surah	label_target_note	missing_ayah_suggestion	Supplies a sustained Noah-to-his-people episode.	focus_9_70_cutoff_100.tsv	135	a7f2b17664c73781f1ddf4464750fbf77a8345a27e3890636501dc68e0ed3b51
directional_review	9:70	29:15	medium	medium	9:70	29:15	29:15	cross_surah	label_target_note	missing_ayah_suggestion	Adds Noah's deliverance and the flood as a sign-bearing historical outcome.	focus_9_70_cutoff_100.tsv	136	4dda057999aba2f9a1831579e7e5b464ef514f855175bdd1f2efd8acce0636f1
directional_review	9:70	30:10	medium	medium	9:70	30:10	30:10	cross_surah	label_target_note	missing_ayah_suggestion	Connects the end of evildoers to denying and mocking signs.	focus_9_70_cutoff_100.tsv	137	b927848f0426f1d1e7caa45edd7cdc581bec02f1cac1f405f56529f973ccf3e0
directional_review	9:70	30:47	medium	medium	9:70	30:47	30:47	cross_surah	label_target_note	missing_ayah_suggestion	Adds a broader sequence of prior messengers and justice for believers.	focus_9_70_cutoff_100.tsv	138	d2a7c918d900cccecc0bc4cd16fe236f3a6ea1a3b47ed7d232f0deb9bbc8d49e
directional_review	9:70	35:24	medium	medium	9:70	35:24	35:24	cross_surah	label_target_note	missing_ayah_suggestion	Places warning within every community, reinforcing distributed witness.	focus_9_70_cutoff_100.tsv	139	8aefa61d147cfdce9b3fb858d0e9a4e58353d4198e18eb9146ea41095dbcd653
directional_review	9:70	37:71	medium	medium	9:70	37:71	37:71	cross_surah	label_target_note	missing_ayah_suggestion	Adds that warners were sent among many earlier peoples.	focus_9_70_cutoff_100.tsv	140	fa2819378a3ce04de3063b0ae1daa0954d8edfb633f7b50775a33ca10bbb0140
directional_review	9:70	37:72	medium	medium	9:70	37:72	37:72	cross_surah	label_target_note	missing_ayah_suggestion	Extends the prior-warners theme toward reflection on their outcome.	focus_9_70_cutoff_100.tsv	141	cbb7af9a4bcc210a4cb249cb2e7c096e98bf0fb53b4c95157308ab641b561677
directional_review	9:70	40:5	medium	medium	9:70	40:5	40:5	cross_surah	label_target_note	missing_ayah_suggestion	Adds collective opposition to messengers before the present audience.	focus_9_70_cutoff_100.tsv	142	8f7ade1227c90fea793c7953ab2e4376ef4e8c8e3ca73b255e2aa4c6dc924fcf
directional_review	9:70	40:21	strong	strong	9:70	40:21	40:21	cross_surah	label_target_note	missing_ayah_suggestion	Adds former peoples' greater power, their end, and seizure for sins.	focus_9_70_cutoff_100.tsv	143	163fcb6aa21c0445d6b8a0ad3d2a299d573964464705dfdf131fb11735af2709
directional_review	9:70	40:34	medium	medium	9:70	40:34	40:34	cross_surah	label_target_note	missing_ayah_suggestion	Shows a prior clear-proof messenger meeting prolonged doubt.	focus_9_70_cutoff_100.tsv	144	a4c8bb8b08702ad859285b9533b71e2414520f7f214325c241866bb2bd5faefc
directional_review	9:70	40:82	strong	strong	9:70	40:82	40:82	cross_surah	label_target_note	missing_ayah_suggestion	Reiterates the former peoples' power and the futility of what they amassed.	focus_9_70_cutoff_100.tsv	145	1c93143cd098341b4d2cb6656a48361e7456476051d138f54474ccdfc837cda2
directional_review	9:70	43:6	strong	strong	9:70	43:6	43:6	cross_surah	label_target_note	missing_ayah_suggestion	Adds the repeated sending of prophets among earlier peoples.	focus_9_70_cutoff_100.tsv	146	4b0863e8cd4e3445236e03467ff6bc21401fb4d07351c29bfc801d5be2e5a94d
directional_review	9:70	43:7	strong	strong	9:70	43:7	43:7	cross_surah	label_target_note	missing_ayah_suggestion	Makes mockery of incoming prophets a recurring historical response.	focus_9_70_cutoff_100.tsv	147	bfda17ce0bd13cb47d323a66bbd777cf9ee053e755987d2a118bfafd836e88cc
directional_review	9:70	43:8	strong	strong	9:70	43:8	43:8	cross_surah	label_target_note	missing_ayah_suggestion	Links that repeated response to the destruction of stronger predecessors.	focus_9_70_cutoff_100.tsv	148	ae4244aa3a353332a6ee0cc509376c0f144875b4af65fcbb4546104b9fd4ad62
directional_review	9:70	46:27	medium	medium	9:70	46:27	46:27	cross_surah	label_target_note	missing_ayah_suggestion	Adds destroyed surrounding towns and diversified signs meant to induce return.	focus_9_70_cutoff_100.tsv	149	6859994008cb4bf443e8b9ffe37f6c462cc58053faa57394a41bb86bbc10928c
directional_review	9:70	47:10	strong	strong	9:70	47:10	47:10	cross_surah	label_target_note	missing_ayah_suggestion	Calls for travel and observation of the end of prior deniers.	focus_9_70_cutoff_100.tsv	150	b9df4fb8c0c18b1bdbae0bafa5e00ddc781e0ddef770f91f26d610b54176e6e5
directional_review	9:70	51:52	medium	medium	9:70	51:52	51:52	cross_surah	label_target_note	missing_ayah_suggestion	Generalizes the recurring response to arriving messengers as accusation or rejection.	focus_9_70_cutoff_100.tsv	151	f05557fa96074a58a0f941df9394911d23ecdf8796ed39d880380ae9c6a55599
directional_review	9:70	54:9	strong	strong	9:70	54:9	54:9	cross_surah	label_target_note	missing_ayah_suggestion	Supplies Noah's people as a detailed denial-and-consequence case.	focus_9_70_cutoff_100.tsv	152	f527b1d0785f7bb6fd4e21eb89f74d9e4b9be6695b62031f3bcfef6929008a98
directional_review	9:70	54:18	strong	strong	9:70	54:18	54:18	cross_surah	label_target_note	missing_ayah_suggestion	Supplies Ad as a detailed denial-and-consequence case.	focus_9_70_cutoff_100.tsv	153	396819a059f09337c53a62e63bbe7f64ae0abe653cb9ce0bb69d11b2ca0f4391
directional_review	9:70	54:23	strong	strong	9:70	54:23	54:23	cross_surah	label_target_note	missing_ayah_suggestion	Supplies Thamud as a detailed denial-and-consequence case.	focus_9_70_cutoff_100.tsv	154	bf4474a925d3669b113d79c917919122705ab0f56f49344f8ff85d037852f7c5
directional_review	9:70	54:33	strong	strong	9:70	54:33	54:33	cross_surah	label_target_note	missing_ayah_suggestion	Supplies Lot's people as a detailed denial-and-consequence case.	focus_9_70_cutoff_100.tsv	155	7dc9b6a86583cb56ac41df936e38d554a041e9949146c772417617ea4d7ea32a
directional_review	9:70	54:41	strong	strong	9:70	54:41	54:41	cross_surah	label_target_note	missing_ayah_suggestion	Adds Pharaoh's people receiving warnings before consequence.	focus_9_70_cutoff_100.tsv	156	58f55b8eee6265079cd7e2265ad852ec2dd5c1fd1de4e6a15746b770213d56df
directional_review	9:70	57:25	strong	strong	9:70	57:25	57:25	cross_surah	label_target_note	missing_ayah_suggestion	Directly joins sent messengers with clear proofs and an established measure of justice.	focus_9_70_cutoff_100.tsv	157	2050df6d38c100744fe0c87b661af2549f5c61574688809c5c97ed4fe5b6f1e5
directional_review	9:70	64:5	strong	strong	9:70	64:5	64:5	cross_surah	label_target_note	missing_ayah_suggestion	Explicitly invokes news of earlier disbelievers and their experienced consequence.	focus_9_70_cutoff_100.tsv	158	6d8eb1c19e6100d32437e924352ff7993978931549ced47f33effe887da63e93
directional_review	9:70	69:5	medium	medium	9:70	69:5	69:5	cross_surah	label_target_note	missing_ayah_suggestion	Adds Thamud's destruction after their decisive denial.	focus_9_70_cutoff_100.tsv	159	5d3b611053be6e31e0b0c7b4ee497fd83774455fb92d90e6c92cc958a0b64fb5
directional_review	9:70	69:6	medium	medium	9:70	69:6	69:6	cross_surah	label_target_note	missing_ayah_suggestion	Adds Ad's destruction as a distinct historical consequence.	focus_9_70_cutoff_100.tsv	160	c08be30d9160dbdcd453f8396ab1e103678bbe38b06a2209fba584a672f70058
directional_review	9:70	91:11	medium	medium	9:70	91:11	91:11	cross_surah	label_target_note	missing_ayah_suggestion	Adds Thamud's denial through its transgression.	focus_9_70_cutoff_100.tsv	161	3bd1cfac9280504c59f5cba6143706d8f2a97a143ae999b351b5c94150069558
reciprocal_counterevidence	9:70	2:1		no value	2:1	9:70	9:70	cross_surah	label_target_note	ranked_review	The folded match is incidental, not a detached-letter parallel.	focus_2_1_cutoff_100.tsv	41	cf64dd78c3c22b10e6b3d138b5e7bdc3a60edde815b24a30909a21e0ad30e257
reciprocal_nomination	9:70	2:57		weak	2:57	9:70	9:70	cross_surah	label_target_note	ranked_review	Reiterates self-wrong after clear messages, with only provisional route evidence.	focus_2_57_cutoff_100.tsv	56	f63b57b9b1e8fa31906746cc1db710d77e28c911f085ace8daf83bcc2153baac
reciprocal_nomination	9:70	2:84		weak	2:84	9:70	9:70	cross_surah	label_target_note	ranked_review	Self-wronging supports consequence but not the specific covenant terms.	focus_2_84_cutoff_100.tsv	54	981a9168241e2aadbb2226c713787afd2c76c6b74e550bc754087b4364b81a71
reciprocal_nomination	9:70	2:87		medium	2:87	9:70	9:70	cross_surah	label_target_note	ranked_review	Places messengers with clear proofs before communities' self-wronging, extending the recurring pattern beyond Israel.	focus_2_87_cutoff_100.tsv	6	8c03a141a38ab2417cdb2d7f30afa902d5a11ad6b1baece31c2fec60119f6de1
reciprocal_nomination	9:70	2:114		weak	2:114	9:70	9:70	cross_surah	label_target_note	ranked_review	Self-wronging after clear messengers is a general outcome frame only.	focus_2_114_cutoff_100.tsv	77	595321188aeb2d8ea615d5baf55a00c7a7c195288bfd408fc0b2f81b78e861ec
reciprocal_nomination	9:70	2:123		weak	2:123	9:70	9:70	cross_surah	label_target_note	ranked_review	Attributes wrongdoing to people against themselves, indirectly supporting personal liability.	focus_2_123_cutoff_100.tsv	77	746b1513a2f8b204612e74fe9f1e3486a7ee095645c42860671edf1107947ef4
reciprocal_nomination	9:70	2:209		medium	2:209	9:70	9:70	cross_surah	label_target_note	missing_ayah_suggestion	It recalls peoples whose messengers came with clear proofs before their wrongdoing.	focus_2_209_cutoff_100.tsv	116	15dfb80c72f9acac9a0cb49206b56cbc629172a8bd6279bec989ab7e8a5ad242
reciprocal_nomination	9:70	2:281		medium	2:281	9:70	9:70	cross_surah	label_target_note	ranked_review	States that God did not wrong prior peoples; they wronged themselves.	focus_2_281_cutoff_100.tsv	58	81fb02ef25f9492beaf89ffa1ffadbafbcf3c0aaa6e6666c363edd15e5bcdd31
reciprocal_counterevidence	9:70	3:1		no value	3:1	9:70	9:70	cross_surah	label_target_note	ranked_review	The interrogative phrase is lexical, not a disconnected-letter opening.	focus_3_1_cutoff_100.tsv	22	d5b3b2bf709009b217b91f49079928073aabe048b867266de5afd408811293be
reciprocal_nomination	9:70	3:11		strong	3:11	9:70	9:70	cross_surah	label_target_note	missing_ayah_suggestion	Enumerates earlier peoples whose messengers brought clear proofs; they wronged themselves rather than being wronged by God.	focus_3_11_cutoff_100.tsv	119	25253495daed9715ddc155d051e36bb5412efc196688638dfbe8fd2d9334ad3f
reciprocal_counterevidence	9:70	3:67		no value	3:67	9:70	9:70	cross_surah	label_target_note	ranked_review	No material connection.	focus_3_67_cutoff_100.tsv	39	c787c172ef9fcc7a2573671353a858072654d022eb094cfe739f4a74e733e047
reciprocal_nomination	9:70	3:95		weak	3:95	9:70	9:70	cross_surah	label_target_note	ranked_review	Mention of Abraham's people within prior histories adds no particular milla clarification.	focus_3_95_cutoff_100.tsv	86	ee21445e26b109faf1e1e4f887172df369b465c90d96c75e5b2160bf382a183e
reciprocal_nomination	9:70	3:117		strong	3:117	9:70	9:70	cross_surah	label_target_note	ranked_review	Combines historical destruction with the explicit denial that God wronged them.	focus_3_117_cutoff_100.tsv	25	01bd3fd7362df5745a3ac1329215ce04d69b3e11ec5906418dfff76f4742ecb8
reciprocal_nomination	9:70	3:137		medium	3:137	9:70	9:70	cross_surah	label_target_note	missing_ayah_suggestion	An explicit report of earlier peoples supplies a compact precedent of self-incurred loss.	focus_3_137_cutoff_100.tsv	105	cb69fb3a2fdcee61c38ddbebcd5f8d583da54626b0dfe11b2f87b95dd175d463
reciprocal_nomination	9:70	3:154		weak	3:154	9:70	9:70	cross_surah	label_target_note	ranked_review	Adds self-wronging but not the focus's event, suspicion, or testing sequence.	focus_3_154_cutoff_100.tsv	32	45ae913d12d9b2ee9ea77df1b4f66aed9e3d9167ea310f0270357f6db1650040
reciprocal_nomination	9:70	3:161		weak	3:161	9:70	9:70	cross_surah	label_target_note	ranked_review	Self-wronging rather than divine wronging is a broad and repeated contrast.	focus_3_161_cutoff_100.tsv	73	a6571999a940c50d21da075813e7ffec6a2b74740f19c50e77842db509a88ed7
reciprocal_nomination	9:70	3:165		medium	3:165	9:70	9:70	cross_surah	label_target_note	ranked_review	States that people wronged themselves rather than being wronged, extending the focus's self-accounting.	focus_3_165_cutoff_100.tsv	75	3ff529256568d66010405c15750c82153a3c7731104394d5fa93dadbe346a628
reciprocal_nomination	9:70	3:184		strong	3:184	9:70	9:70	cross_surah	label_target_note	missing_ayah_suggestion	Earlier peoples receive rusul with bayyinat, directly reinforcing the focus sequence.	focus_3_184_cutoff_100.tsv	123	37919a78c9ae29e8344e5c5bce97009e5a55e50d4a021000b0f4a894f4eebae5
reciprocal_nomination	9:70	4:29		medium	4:29	9:70	9:70	cross_surah	label_target_note	ranked_review	Its statement that people wronged themselves reinforces the focus's self-directed harm pattern.	focus_4_29_cutoff_100.tsv	57	d6acdb5f66a3e318d51d95d62540a2a5986522bc0f47fa10e1ba15564c59dc1e
reciprocal_nomination	9:70	4:49		medium	4:49	9:70	9:70	cross_surah	label_target_note	ranked_review	Directly pairs divine non-injustice with people's wrongdoing against themselves, though redundant with rank 1.	focus_4_49_cutoff_100.tsv	34	2a5bb8da7094ffbc770a15beab6cb8afa6b5a49e7175119e3e71f9ddf3f18953
reciprocal_nomination	9:70	4:79		strong	4:79	9:70	9:70	cross_surah	label_target_note	missing_ayah_suggestion	God did not wrong past peoples; they wronged their own selves.	focus_4_79_cutoff_100.tsv	138	0f4660a25b7c13f388a1e9607b00c34c480147c5b6cfe286a827ec76305611a6
reciprocal_nomination	9:70	4:107		medium	4:107	9:70	9:70	cross_surah	label_target_note	ranked_review	Reiterates that wrongdoing is self-directed rather than imposed by God.	focus_4_107_cutoff_100.tsv	18	15fe1349c9aa3d17a2f8e5a26245ea8462284e6c1ea64961dad0d6cd7ed15f76
reciprocal_nomination	9:70	4:111		medium	4:111	9:70	9:70	cross_surah	label_target_note	ranked_review	Distinguishes divine non-wronging from people wronging themselves.	focus_4_111_cutoff_100.tsv	45	b4bdadd9244acef732d5df7e777452ebae7988bada04ddb8633a6c6830df392e
reciprocal_nomination	9:70	5:27		weak	5:27	9:70	9:70	cross_surah	label_target_note	ranked_review	A prior-nations report and clear messengers broadly parallel narrated warning, without the focus dynamics.	focus_5_27_cutoff_100.tsv	81	8aa554b44932922185833732439221f733e869f49662b2850ae10640c9d76311
reciprocal_nomination	9:70	6:4		medium	6:4	9:70	9:70	cross_surah	label_target_note	missing_ayah_suggestion	Links wrongdoing to denial of divine signs in prior communities.	focus_6_4_cutoff_100.tsv	126	77835d6b5a44cf93ef0509f0d280619f7b1fa620f0b7c297a393dc08d189a92f
reciprocal_nomination	9:70	6:6		medium	6:6	9:70	9:70	cross_surah	label_target_note	missing_ayah_suggestion	Offers a compressed catalogue of prior peoples whose wrongdoing destroyed them rather than wronged them.	focus_6_6_cutoff_100.tsv	115	be6e3e63f8e237ba2ddb48f8d0b1a3bbba4d412051aa5eac5b9290432e88f65b
reciprocal_nomination	9:70	6:12		weak	6:12	9:70	9:70	cross_surah	label_target_note	ranked_review	Kendilerine zulmetmeleri, benlik sorumluluğuna sınırlı katkı sağlar.	focus_6_12_cutoff_100.tsv	66	102d7d5772f58de11b9164e7ebb439cd09e44cc068eaaba50893bbf30d91aa52
reciprocal_nomination	9:70	6:33		medium	6:33	9:70	9:70	cross_surah	label_target_note	ranked_review	Earlier communities receive clear proofs and wrong themselves, extending the messenger-denial pattern.	focus_6_33_cutoff_100.tsv	78	3ff9ccca2c66af23fdbae7b3bbf2931ea4c42ba5645cbe50c07bb4914000c3b3
reciprocal_nomination	9:70	6:39		weak	6:39	9:70	9:70	cross_surah	label_target_note	ranked_review	Adds self-wronging after clear evidence, but remains a generic parallel.	focus_6_39_cutoff_100.tsv	82	13a6a472e11102b463455ee9f7775724a2c70810743700b03ee09b9888791c44
reciprocal_nomination	9:70	6:54		weak	6:54	9:70	9:70	cross_surah	label_target_note	ranked_review	Affirms self-wronging rather than divine injustice, indirectly framing responsibility.	focus_6_54_cutoff_100.tsv	72	3f8e4421eaf7614b0329c7bfdd19bcd0362d74bea8cb818756f808054b83c4ff
reciprocal_counterevidence	9:70	6:63		no value	6:63	9:70	9:70	cross_surah	label_target_note	ranked_review	No material addition to the focus reading.	focus_6_63_cutoff_100.tsv	79	5c7cbe5194fc71b07dae60f13dc303abf9e646d0e3b878aed3e41252f91a54a5
reciprocal_nomination	9:70	6:67		medium	6:67	9:70	9:70	cross_surah	label_target_note	ranked_review	Repeated messenger reports and clear proofs form a cumulative warning record.	focus_6_67_cutoff_100.tsv	58	6c8fdec1e79f09de88dce45fd4b8b77f407eed79655d5fc9a6687eef65b8fb92
reciprocal_nomination	9:70	6:89		medium	6:89	9:70	9:70	cross_surah	label_target_note	ranked_review	Repeated messenger-and-proof chain supports accountable prophetic transmission.	focus_6_89_cutoff_100.tsv	98	4a14cda07cdf2344ce308aeba1056a490aecd3c7580282a9fb0a8a48d276bc92
reciprocal_nomination	9:70	6:97		weak	6:97	9:70	9:70	cross_surah	label_target_note	ranked_review	Mixed f01 route preserves a response-to-clear-evidence boundary, but remains remote from 6:97.	focus_6_97_cutoff_100.tsv	82	e2db82f8a7c9cba45535d35b2f09ef7780645410fcdccf1c07a62a138b5b9472
reciprocal_nomination	9:70	7:5		strong	7:5	9:70	9:70	cross_surah	label_target_note	missing_ayah_suggestion	Explicitly denies divine wrongdoing and attributes the wrong to the people themselves.	focus_7_5_cutoff_100.tsv	109	61f7bbb543064cdb15adef37a853f160c7c224278846fcaa92e28ffcff9c4b31
reciprocal_nomination	9:70	7:9		medium	7:9	9:70	9:70	cross_surah	label_target_note	ranked_review	Clear proofs are followed by the formula of self-wronging.	focus_7_9_cutoff_100.tsv	39	64dd1ba0ea737b939d5dcbae58bd15a8a9e78ce8616ddd435214de329d517cd6
reciprocal_nomination	9:70	7:37		weak	7:37	9:70	9:70	cross_surah	label_target_note	ranked_review	Broad self-wrong after clear messengers, already well covered.	focus_7_37_cutoff_100.tsv	90	4d55e0c261a9646cd48e78f3a509dacaa523ff856ec68bc8f4e8084d5a9e4d37
reciprocal_nomination	9:70	7:65		weak	7:65	9:70	9:70	cross_surah	label_target_note	missing_ayah_suggestion	The report of Aad supplies a broad precedent of rejected messengers.	focus_7_65_cutoff_100.tsv	149	554012089edba60864c324f975d6de6db6060982b8ae29189f61ac6edc9f0618
reciprocal_nomination	9:70	7:78		weak	7:78	9:70	9:70	cross_surah	label_target_note	missing_ayah_suggestion	Summary witness that includes the Thamud precedent.	focus_7_78_cutoff_100.tsv	135	0cdf18a8fafa0e39847fde7f617dcefb99aa0677ad8b0751d3d8ea9f21b0d7b8
reciprocal_nomination	9:70	7:101		strong	7:101	9:70	9:70	cross_surah	label_target_note	ranked_review	Collects prior peoples, clear proofs, and self-wronging before their outcomes.	focus_7_101_cutoff_100.tsv	3	4b5e439c77d5b945c6093524d4a3c3d42cb9e3be18feee5b551379dc994df800
reciprocal_nomination	9:70	7:172		weak	7:172	9:70	9:70	cross_surah	label_target_note	ranked_review	Self-wronging after clear proofs is a general responsibility parallel.	focus_7_172_cutoff_100.tsv	69	f97829db2a007b0c3da8674367b39b45111dfe3150f993a6fe8af3f859279edd
reciprocal_nomination	9:70	7:175		medium	7:175	9:70	9:70	cross_surah	label_target_note	ranked_review	Broad historical reports establish repeated warning before self-wronging.	focus_7_175_cutoff_100.tsv	76	d074ae6d61b308ef1ebb10cad782353ad41bf31ecd11640b5a0ab425fae83dc4
reciprocal_nomination	9:70	7:177		medium	7:177	9:70	9:70	cross_surah	label_target_note	ranked_review	Survey of prior peoples explicitly repeats divine non-wronging and self-wronging, but is late and redundant.	focus_7_177_cutoff_100.tsv	87	bf1b904564d0617625b2a7af64a89185f6671cdead7310102d776f791427ea49
reciprocal_nomination	9:70	7:192		weak	7:192	9:70	9:70	cross_surah	label_target_note	ranked_review	Self-wronging conclusion, no aid-capacity relation.	focus_7_192_cutoff_100.tsv	30	b83229b0c4cc5937c69d1b3de693e301c78eb505ed80f1c57ba8674702cecf75
reciprocal_nomination	9:70	7:197		weak	7:197	9:70	9:70	cross_surah	label_target_note	ranked_review	Self-wronging is remote from the question of help.	focus_7_197_cutoff_100.tsv	45	52979241a8c24fe37c64c39d69d987f82edc16e7f36f63f76146f7176ec0f554
reciprocal_nomination	9:70	8:51		medium	8:51	9:70	9:70	cross_surah	label_target_note	ranked_review	Explicitly denies divine wronging and attributes the wrong to the people themselves.	focus_8_51_cutoff_100.tsv	66	95980c97fb1c92dfc673c3f4e8fd73d3c2f96722bdbb661be31c91bc7a8fccb0
reciprocal_nomination	9:70	8:52		strong	8:52	9:70	9:70	cross_surah	label_target_note	missing_ayah_suggestion	Connects earlier peoples, clear messengers, self-wronging, and the denial of divine injustice.	focus_8_52_cutoff_100.tsv	123	1d4498ecbb2c9a9327649ef7fd2591c589f6161bfaf25f5c3166e34fbce5b560
reciprocal_nomination	9:70	8:54		medium	8:54	9:70	9:70	cross_surah	label_target_note	missing_ayah_suggestion	Broadens the precedent to earlier peoples who wronged themselves.	focus_8_54_cutoff_100.tsv	110	58b801dc07a2d60b00b0c4b66e9d5353b2c97c0c93fbfb7477d8d25b623c89f4
reciprocal_nomination	9:70	8:73		weak	8:73	9:70	9:70	cross_surah	label_target_note	ranked_review	Historical groups and self-wronging give only broad background for collective consequence.	focus_8_73_cutoff_100.tsv	80	4833a8317e0f322ef3d26bce3021e6db615cc601231b63404ecab9ee77dcd292
reciprocal_counterevidence	9:70	9:60		no value	9:60	9:70	9:70	same_surah	label_target_note	ranked_review	Historical wrongdoing does not clarify the allocation.	focus_9_60_cutoff_100.tsv	41	f6d3c1258541f33bc14f33d50475c5df42869babb68cec59a5f62091f733039b
reciprocal_nomination	9:70	9:61		medium	9:61	9:70	9:70	same_surah	label_target_note	ranked_review	Immediate historical reports and self-wronging add an accountability frame for the surrounding group.	focus_9_61_cutoff_100.tsv	44	5e642498669d548a867f40a781194ab1c377223f5fe1061ecf4d6482f5f76ac0
reciprocal_nomination	9:70	9:62		weak	9:62	9:70	9:70	same_surah	label_target_note	ranked_review	The local warning context is relevant but adds little beyond consequence.	focus_9_62_cutoff_100.tsv	23	e4c37bf1a0b5a607150754d1ed6e59241fa714d4f500155e8dd3e64d2cbf2b17
reciprocal_nomination	9:70	9:63		medium	9:63	9:70	9:70	same_surah	label_target_note	ranked_review	Adds a local historical pattern of clear messages and self-incurred wrong.	focus_9_63_cutoff_100.tsv	41	b81edfc9b2e75b40d9700d65eebbcc3fdf8ad8ce6b89f9893c53bd0b1cfa6380
reciprocal_counterevidence	9:70	9:64		no value	9:64	9:70	9:70	same_surah	label_target_note	ranked_review	Report of earlier peoples does not clarify concealed hearts or mockery.	focus_9_64_cutoff_100.tsv	35	e1ffb9a74e811d919e32b138d0587ae0b8925751feb39e078983fd429dbfa5d9
reciprocal_nomination	9:70	9:65		medium	9:65	9:70	9:70	same_surah	label_target_note	ranked_review	Local historical warning situates messengerly evidence and self-wronging.	focus_9_65_cutoff_100.tsv	41	b14e9da55b193cf2f5cfb6e1aabd870dd7018c947d94898063b7870de46729ed
reciprocal_nomination	9:70	9:66		strong	9:66	9:70	9:70	same_surah	label_target_note	ranked_review	The immediate historical warning stresses self-wronging rather than arbitrary punishment.	focus_9_66_cutoff_100.tsv	44	5035f566ebc1bba1339ca25bb22dd4f77e88ce02ad8bf8dea73c062071f39e0b
reciprocal_nomination	9:70	9:67		medium	9:67	9:70	9:70	same_surah	label_target_note	ranked_review	Immediate continuation frames self-wronging and prior communities as the broader warning.	focus_9_67_cutoff_100.tsv	38	937642fadacfc1e77595cf0f125c61b7cd1a8dde65f35c0f0c7402aab0b99392
reciprocal_nomination	9:70	9:68		medium	9:68	9:70	9:70	same_surah	label_target_note	ranked_review	Grounds the warning in earlier destroyed peoples and self-wronging.	focus_9_68_cutoff_100.tsv	38	513a09aaded5da3243fac8a0d0c3c228335419077cf40d84d68c0e5abf82742e
reciprocal_nomination	9:70	9:69		strong	9:69	9:70	9:70	same_surah	label_target_note	ranked_review	Immediately follows the focus with named earlier communities and their received clarifications.	focus_9_69_cutoff_100.tsv	44	c5e190c1b74baae1d945532a40a0c9a818bb42c94a2a2f28ed148f29676cb0b5
reciprocal_nomination	9:70	9:71		weak	9:71	9:70	9:70	same_surah	label_target_note	ranked_review	Yakın bağlamdaki zulüm tarihi, 9:71'in olumlu düzenine dolaylı karşıtlık sunar.	focus_9_71_cutoff_100.tsv	38	63bad11ec65a47f2c155958f8f66c4020969d130706708629e6d0d60ed98173b
reciprocal_nomination	9:70	9:72		weak	9:72	9:70	9:70	same_surah	label_target_note	ranked_review	Historical self-wronging offers only broad local warning context.	focus_9_72_cutoff_100.tsv	41	aad6ae3f1ed8102ef0726d38f6133ff6ca58d1ff3d8950dbc06c0bb05fd41f0e
reciprocal_nomination	9:70	9:73		medium	9:73	9:70	9:70	same_surah	label_target_note	missing_ayah_suggestion	Historical destruction and self-wronging provide a broad consequence frame, secondary to the immediate passage.	focus_9_73_cutoff_100.tsv	146	a6704736547003ccb1f9d713ec6bd175900cc4ef9d61b1f988be9754b3525885
reciprocal_nomination	9:70	9:111		weak	9:111	9:70	9:70	same_surah	label_target_note	ranked_review	Self-wronging supplies a distant f01 responsibility parallel.	focus_9_111_cutoff_100.tsv	54	5015a3fd87b26450add18c54b6e204b6ab60b0d4d898506837db516b85623861
reciprocal_nomination	9:70	9:113		weak	9:113	9:70	9:70	same_surah	label_target_note	ranked_review	Earlier communities receiving clear proofs give a broad outcome parallel.	focus_9_113_cutoff_100.tsv	73	3ec1fe44a517ab98b9355e0006b53365fc28ee387a9462f08d5ed5fa8360ab2d
reciprocal_nomination	9:70	9:120		weak	9:120	9:70	9:70	same_surah	label_target_note	ranked_review	Self-wronging supplies a broad contrary moral note, not the focus's action and reward.	focus_9_120_cutoff_100.tsv	60	c9fcc31966001ca60f9d3bbc85e49dbf75333431c4b9a61b63048e93557d8131
reciprocal_nomination	9:70	9:128		weak	9:128	9:70	9:70	same_surah	label_target_note	ranked_review	Self-inflicted wrong after clear messages is a distant contrary to responsive concern.	focus_9_128_cutoff_100.tsv	54	a67a63dc1d362012f44a25b1308c2b4a5fe2c07c2d1c4765f3ceea3778d2e8c3
reciprocal_nomination	9:70	10:13		strong	10:13	9:70	9:70	cross_surah	label_target_note	ranked_review	Closely parallels prior peoples, clear messengers, self-wronging, and divine non-injustice.	focus_10_13_cutoff_100.tsv	25	b03d61f82e426e8a304a9c17a97a7a618e58b15a0af11eb70fba39cb5d52df50
reciprocal_nomination	9:70	10:39		medium	10:39	9:70	9:70	cross_surah	label_target_note	ranked_review	Collects earlier communities, clear messages, and self-wronging without the focus's exact timing.	focus_10_39_cutoff_100.tsv	34	e7dc735958374fbeed9b5a5e44ffdb762d35fed31d589beaebeb9f60b00377be
reciprocal_nomination	9:70	10:44		medium	10:44	9:70	9:70	cross_surah	label_target_note	ranked_review	It joins clear messengers, historical consequence, and the core self-wronging contrast.	focus_10_44_cutoff_100.tsv	10	6c7b348b6f4b19a9e609dcccc184e8ea57b20a94e2779208b92d231325761574
reciprocal_nomination	9:70	10:71		strong	10:71	9:70	9:70	cross_surah	label_target_note	ranked_review	Noah among prior peoples, messengers, and clear proofs strongly broadens the account's evidentiary setting.	focus_10_71_cutoff_100.tsv	13	ea457a232c9bd1e7d6fabb554d4cc2a813667df46072367aba9f4752c59fe212
reciprocal_nomination	9:70	10:74		medium	10:74	9:70	9:70	cross_surah	label_target_note	ranked_review	Reiterates prior messenger proofs and self-wronging, but overlaps stronger direct parallels.	focus_10_74_cutoff_100.tsv	87	950a490353a7df39fc5fae745bd3fb199e8113cf9e0c3c40813f219a70e60ef5
reciprocal_nomination	9:70	11:69		weak	11:69	9:70	9:70	cross_surah	label_target_note	ranked_review	Mention of Abraham's people and their messengers gives only broad narrative context.	focus_11_69_cutoff_100.tsv	37	b0602f222430ef413ee293c867d5d63870eff5b33caa23818ca49428c59c52bf
reciprocal_nomination	9:70	11:74		weak	11:74	9:70	9:70	cross_surah	label_target_note	ranked_review	Broad disaster history loosely frames the peoples involved.	focus_11_74_cutoff_100.tsv	72	f2d9cb7bb8781ec1356d0b36af583869c4ab840aac6ec3b4d10603a9caf0c2c1
reciprocal_nomination	9:70	11:75		weak	11:75	9:70	9:70	cross_surah	label_target_note	ranked_review	Lists Abraham's people among earlier communities without developing the scene.	focus_11_75_cutoff_100.tsv	62	888e8ecd98dd408d1745c906dfe0e984dca433eb7644972fcb8c422c96b794dd
reciprocal_nomination	9:70	11:84		medium	11:84	9:70	9:70	cross_surah	label_target_note	ranked_review	يضم أصحاب مدين إلى أمم سابقة ويؤكد ظلمهم لأنفسهم، فيوسع سابقة العاقبة.	focus_11_84_cutoff_100.tsv	61	c0cba04976f77d7ee7bc371a5eceb2c82c1b1a63935bcabe27269646d7dfa67e
reciprocal_nomination	9:70	11:89		strong	11:89	9:70	9:70	cross_surah	label_target_note	missing_ayah_suggestion	Collects earlier peoples, including Nuh, Aad, Thamud, and Lut, as warnings of consequences.	focus_11_89_cutoff_100.tsv	115	fe2ff35b04db3f8141fac77c8c78a2664798e0c8705f79502912bbb8ae0b208d
reciprocal_nomination	9:70	11:100		strong	11:100	9:70	9:70	cross_surah	label_target_note	missing_ayah_suggestion	Naba of earlier peoples directly reinforces the historical-report dimension.	focus_11_100_cutoff_100.tsv	109	39474945d7337bdf16d38327c6e570c0fb2c8c41420c8f32abffdffedf4a773d
reciprocal_nomination	9:70	11:101		medium	11:101	9:70	9:70	cross_surah	label_target_note	ranked_review	The historical peoples are not wronged by God but wrong themselves.	focus_11_101_cutoff_100.tsv	64	a7eb6a8c784144203d9d8d1a89e48c15ded99bb0757088b1bdc64c596bf618ce
reciprocal_nomination	9:70	11:120		medium	11:120	9:70	9:70	cross_surah	label_target_note	missing_ayah_suggestion	Earlier peoples' reports arrive as warnings, reinforcing history as admonitory evidence.	focus_11_120_cutoff_100.tsv	114	7572bce7bc47252f7ea02f526ec30ed66f49c7ba87e2db2c736c62047b0efc2f
reciprocal_nomination	9:70	12:54		weak	12:54	9:70	9:70	cross_surah	label_target_note	ranked_review	Self-directed wrongdoing is only a broad negative counterpart to the integrity of amīn.	focus_12_54_cutoff_100.tsv	51	a5f08f0777c92067f6fc4f327cd88fe633a2e5e06cdc7704b4f7d2ecd658283b
reciprocal_nomination	9:70	12:102		medium	12:102	9:70	9:70	cross_surah	label_target_note	missing_ayah_suggestion	Invokes prior communities' reports as received historical warning.	focus_12_102_cutoff_100.tsv	116	afb0df771a91f0e9cb0dee7f046f53f550a79b97c85ff29b332ced8f63e16c6f
reciprocal_nomination	9:70	12:109		medium	12:109	9:70	9:70	cross_surah	label_target_note	missing_ayah_suggestion	Önceki toplulukların haberi, açık delilli resuller ve kendilerine dönen zulüm çizgisini birleştirir.	focus_12_109_cutoff_100.tsv	103	e7c31ab22cc4e29d2969e3a6185025ccc74fee8f210c242e0a70f0ed0042f2ff
reciprocal_counterevidence	9:70	13:29		no value	13:29	9:70	9:70	cross_surah	label_target_note	ranked_review	The historical warning of self-wronging does not materially clarify the focus readings.	focus_13_29_cutoff_100.tsv	97	27e8c5bf8d89d1d714c06ad6f5ec57f114184d5b0583e5bab5d7e8ab9905248d
reciprocal_nomination	9:70	13:32		medium	13:32	9:70	9:70	cross_surah	label_target_note	missing_ayah_suggestion	Invokes the reports of earlier peoples whose messengers brought clear evidence before their ruin.	focus_13_32_cutoff_100.tsv	126	28bbf641cfa6b7e23e5fbed319652ccad7419ae4f8b6f513762af3aa6232ecff
reciprocal_nomination	9:70	14:9		strong	14:9	9:70	9:70	cross_surah	label_target_note	ranked_review	Önceki topluluklar, elçiler ve açık kanıtlar 14:9'daki haber zincirini genişletir; zulüm kendi nefislerine nispet edilir.	focus_14_9_cutoff_100.tsv	1	c092b0a0b0369651007c40d826c13280a46ba8b7eefb73ef338839633c030a9d
reciprocal_nomination	9:70	14:11		medium	14:11	9:70	9:70	cross_surah	label_target_note	ranked_review	Önceki toplumlara elçilerinin açık kanıtlarla gelişi ve kendi zulümleriyle sonucu bağlanır.	focus_14_11_cutoff_100.tsv	80	9fe316e664167542417c00e5c718f9452a2a304bec101cf70a87b05dd93d47a2
reciprocal_nomination	9:70	14:45		strong	14:45	9:70	9:70	cross_surah	label_target_note	missing_ayah_suggestion	Explicitly recalls prior peoples and states that they wronged themselves.	focus_14_45_cutoff_100.tsv	106	cb319e17807454a3c045fd209c7f323db0942925a65d4d5b52fcd34bf3df00b6
reciprocal_nomination	9:70	15:4		medium	15:4	9:70	9:70	cross_surah	label_target_note	missing_ayah_suggestion	Cites destroyed prior peoples as a settled historical pattern of wrongdoing and consequence.	focus_15_4_cutoff_100.tsv	119	9659855904df48216ea4fc6200747e67b522745683783b0723e0e1d0ee88fa74
reciprocal_nomination	9:70	15:11		medium	15:11	9:70	9:70	cross_surah	label_target_note	ranked_review	Önceki topluluklara açık kanıtlarla elçilerin gelmesini ve zulmün kendi ellerinde oluşunu topluca verir.	focus_15_11_cutoff_100.tsv	84	c1692d668ca93b95601bed359679e1922572a7562eca3b934ead29d3338455ff
reciprocal_nomination	9:70	15:51		medium	15:51	9:70	9:70	cross_surah	label_target_note	ranked_review	Places Abraham's people within a broader sequence of consequential reports.	focus_15_51_cutoff_100.tsv	45	184b2063b5dbbbc3ff121102ef7951f888ad3a696ecd80088df42a9516d03d3a
reciprocal_nomination	9:70	15:58		medium	15:58	9:70	9:70	cross_surah	label_target_note	missing_ayah_suggestion	Names the people of Lūt within prior communities whose consequences remain instructive.	focus_15_58_cutoff_100.tsv	107	f66623a15e35588fd9463fc3a7b80f5d4f19e0a7c1d73bb7efd73ab8252d4e5d
reciprocal_nomination	9:70	15:61		medium	15:61	9:70	9:70	cross_surah	label_target_note	missing_ayah_suggestion	It recalls Lot's people and the overturned towns as precedent for those who wrong themselves.	focus_15_61_cutoff_100.tsv	180	d026dbfaa4252bf87f482f6e7a9be8cb2f48aa9590deb1327fd4aaab79b79130
reciprocal_nomination	9:70	15:70		medium	15:70	9:70	9:70	cross_surah	label_target_note	missing_ayah_suggestion	Names the people of Lut among communities whose outcome functions as warning.	focus_15_70_cutoff_100.tsv	107	d46108fa4c7c17051eb5eb70cafc46bad2b3d468a085c3ed1424ea988812051d
reciprocal_nomination	9:70	15:80		medium	15:80	9:70	9:70	cross_surah	label_target_note	missing_ayah_suggestion	Geçmiş topluluklar arasında Semud'un anılması, 15:80'i daha geniş bir tarihsel sorumluluk dizisine yerleştirir.	focus_15_80_cutoff_100.tsv	107	46119cdeb5ca87d2a4c45788eaf18b574998656b9db7b4bcbc39cacd64cbb623
reciprocal_nomination	9:70	15:82		strong	15:82	9:70	9:70	cross_surah	label_target_note	missing_ayah_suggestion	Names Thamud within a prior-community judgment pattern relevant to the focus's outcome.	focus_15_82_cutoff_100.tsv	105	73aecad56731faa8a819e29ff31bfec919b4c2a080c07f7cc90d78c02d6cb4a0
reciprocal_nomination	9:70	16:33		strong	16:33	9:70	9:70	cross_surah	label_target_note	ranked_review	Historical warning, clear messages, and the self-wronging formula reinforce 16:33's precedent claim.	focus_16_33_cutoff_100.tsv	13	a87984573b2f466e58da9cc942fceee6e43c06adf57ad34f0e80894892035df4
reciprocal_nomination	9:70	16:36		medium	16:36	9:70	9:70	cross_surah	label_target_note	missing_ayah_suggestion	Recalls prior communities and their messengers, with wrongdoing located in the communities themselves.	focus_16_36_cutoff_100.tsv	113	7d48bfc984c0e617785ec14048ac7853ad4e636bd01206281dc64d9315fb5076
reciprocal_nomination	9:70	16:113		strong	16:113	9:70	9:70	cross_surah	label_target_note	ranked_review	Generalizes clear messengers to earlier peoples whose wrongdoing was self-inflicted.	focus_16_113_cutoff_100.tsv	60	e3cc9c249363dead37221660791216bf7c28e7a3ede43a9b822244620cc295e9
reciprocal_nomination	9:70	16:118		medium	16:118	9:70	9:70	cross_surah	label_target_note	ranked_review	Prior peoples, clear messengers, and self-wronging form a broad historical accountability parallel.	focus_16_118_cutoff_100.tsv	68	7ee3bc9a3b9ec4c9091510b278a5eb13a877ed244f2a43df4c3376c8f5a2a0a2
reciprocal_counterevidence	9:70	16:120		no value	16:120	9:70	9:70	cross_surah	label_target_note	ranked_review	The bare mention of Abraham in a historical list adds nothing material.	focus_16_120_cutoff_100.tsv	70	65d3829f90998267f11ac37e074cd8625b556dab3b49978be70c58f129b5f533
reciprocal_nomination	9:70	17:3		weak	17:3	9:70	9:70	cross_surah	label_target_note	ranked_review	Noah's people appear only as a destruction precedent.	focus_17_3_cutoff_100.tsv	58	36cef6eea500c064e82a715110b89468c9c202604b470b7a4655d9a689a221ff
reciprocal_nomination	9:70	17:15		medium	17:15	9:70	9:70	cross_surah	label_target_note	ranked_review	After clear messengers came, prior communities are said to have wronged themselves rather than been wronged by God.	focus_17_15_cutoff_100.tsv	63	29f056b8fe7fdc53e214a528b520b1e1183d38e3b88d9ab37575a0fe1566f91d
reciprocal_nomination	9:70	17:17		strong	17:17	9:70	9:70	cross_surah	label_target_note	missing_ayah_suggestion	Explicitly names earlier nations, their messengers, and their destruction through self-wronging; a major omitted parallel.	focus_17_17_cutoff_100.tsv	104	d9f1cc561c2b16e14929c54c6900da1d5bf40cbe268c5914fbe7659f3de9107c
reciprocal_nomination	9:70	17:55		medium	17:55	9:70	9:70	cross_surah	label_target_note	ranked_review	Repeated messengers and clear signs add a secondary transmission pattern.	focus_17_55_cutoff_100.tsv	92	005d63afc9974eda18fc79afbec14e00c5e95da50f78d109cb492571b435416e
reciprocal_nomination	9:70	17:77		strong	17:77	9:70	9:70	cross_surah	label_target_note	ranked_review	Lists earlier communities, their messengers and clear proofs, then locates fault in themselves.	focus_17_77_cutoff_100.tsv	81	36fec2610caf010e94342e3255b64bdecf9212399956ca9c98f84ac7c988c0b2
reciprocal_nomination	9:70	18:33		weak	18:33	9:70	9:70	cross_surah	label_target_note	ranked_review	God's not wronging prior peoples weakly echoes the focus's non-diminution wording but in another setting.	focus_18_33_cutoff_100.tsv	42	0571d87faaed9ab08306884c1fea767b9b38e2bb83e17d4bdc2b1ea2f59c5326
reciprocal_nomination	9:70	19:41		medium	19:41	9:70	9:70	cross_surah	label_target_note	ranked_review	It includes Abraham's people within the history of communities receiving clear messengers.	focus_19_41_cutoff_100.tsv	75	b1238d34882aa89f25c9f7103582f55f5817d0cddb171906ae1353670c971315
reciprocal_nomination	9:70	19:58		medium	19:58	9:70	9:70	cross_surah	label_target_note	ranked_review	Lists Noah and Abraham among earlier communities reached by messengers.	focus_19_58_cutoff_100.tsv	10	3abee71dd94b7b4cc4cee985dee9a5e9d58f790f6206a2d2bb39ccc8a56efbf7
reciprocal_nomination	9:70	20:41		weak	20:41	9:70	9:70	cross_surah	label_target_note	ranked_review	Toplumların kendilerine zulmetmesi, seçilme ve görev için biçimlendirilme çizgisine destek sunmaz.	focus_20_41_cutoff_100.tsv	21	3821d509781543be093b472e3193338a6e2ec3b0474a5c574a58c66f35bac56d
reciprocal_nomination	9:70	20:51		strong	20:51	9:70	9:70	cross_surah	label_target_note	missing_ayah_suggestion	It asks whether news of prior peoples has reached the audience and names several communities with their messengers.	focus_20_51_cutoff_100.tsv	148	bce505ec24115e58b6107624c8cf8245949fa3a96bfe731065700400a8064854
reciprocal_counterevidence	9:70	20:95		no value	20:95	9:70	9:70	cross_surah	label_target_note	ranked_review	The historical warning about prior peoples does not clarify the Samiri's act.	focus_20_95_cutoff_100.tsv	75	fe8d01c24349464d02fa22192ec8ce0d52ca3388c8b5a3f6a65e6fc17b168866
reciprocal_nomination	9:70	20:99		strong	20:99	9:70	9:70	cross_surah	label_target_note	missing_ayah_suggestion	The news of earlier communities is invoked as evidence before present accountability, closely matching the focus's past-news function.	focus_20_99_cutoff_100.tsv	107	766e2bb3c06292b2247b1deb3088fa5060404dabf9c950ceff278016311b6833
reciprocal_nomination	9:70	20:128		medium	20:128	9:70	9:70	cross_surah	label_target_note	missing_ayah_suggestion	It gathers earlier destroyed peoples as received historical news and warns that they wronged themselves.	focus_20_128_cutoff_100.tsv	105	8f46910401cd1ae9804f1ce60c30cb1e45875071a4e91088b23aca468b5ad05b
reciprocal_nomination	9:70	20:133		medium	20:133	9:70	9:70	cross_surah	label_target_note	missing_ayah_suggestion	Earlier messengers brought clear proofs, but their people wronged themselves by rejecting them.	focus_20_133_cutoff_100.tsv	164	f1e92b7be3657f0e7bf7398acb5984513363cd53b49dd59214ce9ea517291738
reciprocal_nomination	9:70	21:25		medium	21:25	9:70	9:70	cross_surah	label_target_note	ranked_review	Adds a broad history of messengers bringing clear proofs before communities' ruin.	focus_21_25_cutoff_100.tsv	39	dc573b10ef60f5ecb73d0a39846f80672fbd81d9463ae8e0b36f44101bcba849
reciprocal_nomination	9:70	21:41		weak	21:41	9:70	9:70	cross_surah	label_target_note	ranked_review	Earlier peoples received clear messengers and wronged themselves, a broad parallel.	focus_21_41_cutoff_100.tsv	63	5c4ab02465a9f710ee18b13a89848caa4f199b88bd17a12f1464bc4b9d65ae71
reciprocal_nomination	9:70	21:43		medium	21:43	9:70	9:70	cross_surah	label_target_note	ranked_review	It recalls prior communities receiving clear messengers and wronging themselves, supporting the wider pattern of deserved punishment.	focus_21_43_cutoff_100.tsv	45	55e1915e2c8430d158a0b6b9cf44203a5b031a1188eceda350d6f9fc22df7c51
reciprocal_nomination	9:70	22:42		strong	22:42	9:70	9:70	cross_surah	label_target_note	ranked_review	It gives a broad catalogue including Noah, Ad, Thamud, and others, with messengers and self-wronging made explicit.	focus_22_42_cutoff_100.tsv	16	ca714c62366102bb5c93818d3835d1437b9c62ea1a1b6f16805a7bb2aa0af38c
reciprocal_nomination	9:70	22:43		strong	22:43	9:70	9:70	cross_surah	label_target_note	ranked_review	It explicitly names the people of Abraham and the overturned towns in one prior-nations list.	focus_22_43_cutoff_100.tsv	28	fd55a9cde259417299ea97de514b4e9ba36762718ee9d55ad2c94cca980e4c63
reciprocal_nomination	9:70	22:44		strong	22:44	9:70	9:70	cross_surah	label_target_note	ranked_review	It names the companions of Midyan among prior warned peoples and attributes their ruin to their own wrongdoing.	focus_22_44_cutoff_100.tsv	16	25088e841ab3ead72b55b19b41981ac896dcaa91dc0867cca3d488d1004365c0
reciprocal_nomination	9:70	22:45		strong	22:45	9:70	9:70	cross_surah	label_target_note	missing_ayah_suggestion	It names overturned towns among earlier peoples and states that their ruin was not an injustice against them.	focus_22_45_cutoff_100.tsv	105	234470a2972f89c5e3e0168ed870d1a57d7c03de9fbb8916fb4ce53c68175fcb
reciprocal_nomination	9:70	24:1		medium	24:1	9:70	9:70	cross_surah	label_target_note	ranked_review	Repeated manifest proofs before prior communities reinforce the public sufficiency of clear signs.	focus_24_1_cutoff_100.tsv	94	adab7692f2a0765a1d1c36f9eb4c0021ce9dd28593747d5cb4c14afaf6a7e124
reciprocal_nomination	9:70	24:6		weak	24:6	9:70	9:70	cross_surah	label_target_note	ranked_review	It links wrongdoing to one's own self after clear signs, a distant accountability parallel.	focus_24_6_cutoff_100.tsv	75	631281e4f8906628a2c8fcab4c41f41fb5a831ac3d919cb8a4cdec678d3ff549
reciprocal_nomination	9:70	24:12		medium	24:12	9:70	9:70	cross_surah	label_target_note	ranked_review	Past peoples received clear proofs and wronged themselves by rejecting them, a broad accountability parallel to resisting manifest truth.	focus_24_12_cutoff_100.tsv	84	cceafbe5a904384f756b60fcee9a7f2266bcdde76891e25a51dd009f1edd3098
reciprocal_nomination	9:70	24:34		strong	24:34	9:70	9:70	cross_surah	label_target_note	missing_ayah_suggestion	News of earlier destroyed peoples is presented as a warning against self-wronging.	focus_24_34_cutoff_100.tsv	125	72300ee02d004b628147890dc6a06366d19d838c08b801ea278dc2cac0c9e801
reciprocal_nomination	9:70	24:50		medium	24:50	9:70	9:70	cross_surah	label_target_note	ranked_review	After clear proofs, people wrong themselves rather than being wronged by God, closely reinforcing the focus's reversal of blame.	focus_24_50_cutoff_100.tsv	87	899f298d37686693be127aa3909e2d7fe8f1f64f2de02c877ab564e9d8dabc40
reciprocal_nomination	9:70	25:37		medium	25:37	9:70	9:70	cross_surah	label_target_note	ranked_review	Places Noah among prior warned peoples who wronged themselves.	focus_25_37_cutoff_100.tsv	28	93ed300cc3fb4a3ad35a8c70f381bb5047b5bad14b1bbe3a19c45b40ee736781
reciprocal_nomination	9:70	25:38		strong	25:38	9:70	9:70	cross_surah	label_target_note	ranked_review	It expands the warning through a catalogue including Aad and Thamud and states that each people received clear messengers without divine injustice.	focus_25_38_cutoff_100.tsv	13	8483e669472493b3e853674c04592c84844f7f4357ff0ea1d4c8078d690bac45
reciprocal_counterevidence	9:70	25:48		no value	25:48	9:70	9:70	cross_surah	label_target_note	ranked_review	The history of messengers and clear proofs does not illuminate wind, rain, or purification.	focus_25_48_cutoff_100.tsv	81	eba078af45fca38a67926a7fa0639d13efed18f0cea042151712e75ed7e8ad87
reciprocal_nomination	9:70	26:6		medium	26:6	9:70	9:70	cross_surah	label_target_note	ranked_review	It presents accumulated reports of earlier peoples, clear messengers, and self-incurred ruin as warning precedent.	focus_26_6_cutoff_100.tsv	88	9be2d4212bea62afc18475ed0d348f40c91d857209fa4a84631349633a4fe6e0
reciprocal_nomination	9:70	26:10		medium	26:10	9:70	9:70	cross_surah	label_target_note	ranked_review	It joins earlier peoples, clear messengers, and self-inflicted wrongdoing, supporting the accountability of warned communities.	focus_26_10_cutoff_100.tsv	66	87101ac6dce32076d7647768de891831ce77e728effd5017ca6e841237371c91
reciprocal_counterevidence	9:70	26:45		no value	26:45	9:70	9:70	cross_surah	label_target_note	ranked_review	The overturned peoples are unrelated to the magicians' fabricated objects.	focus_26_45_cutoff_100.tsv	86	69a09aa48ce9d8687f9f784f2f00610cca7001a3d249f667a26683292179cc48
reciprocal_nomination	9:70	26:69		medium	26:69	9:70	9:70	cross_surah	label_target_note	ranked_review	Historical news explicitly includes Abraham's people and their reception of clear proofs.	focus_26_69_cutoff_100.tsv	16	34371c47e57330a9418e62d4995dc7d5d94fddcdbf276ded5a3e37a55a8b8fd7
reciprocal_nomination	9:70	26:105		strong	26:105	9:70	9:70	cross_surah	label_target_note	ranked_review	It lists Noah's people among many communities whose messengers brought clear proofs, directly supporting the focus's plural and historical framing.	focus_26_105_cutoff_100.tsv	70	a31569097ee5e4c5545795e001f8907d168ea7705472a8c4418a5f5644a2eca1
reciprocal_nomination	9:70	26:123		strong	26:123	9:70	9:70	cross_surah	label_target_note	ranked_review	Âd'a elçilerin açık kanıtlarla gelmesi, odaktaki yalanlamanın bildirim ve sorumluluk zeminini açıklar.	focus_26_123_cutoff_100.tsv	33	56d0b6ba06f652e658d7cc1f7f1a875f133aea05e54c87ebdb7aedd0b01f40a9
reciprocal_nomination	9:70	26:128		medium	26:128	9:70	9:70	cross_surah	label_target_note	missing_ayah_suggestion	Ad'ın da anıldığı önceki toplulukların haberi, 26:128'deki uyarının tarihsel sonucu için kısa bir hatırlatmadır.	focus_26_128_cutoff_100.tsv	106	ec3d51c64fc6c610ec057a5e979ffbe8e804fb2dec5e9781a1747d4e3b917785
reciprocal_nomination	9:70	26:135		medium	26:135	9:70	9:70	cross_surah	label_target_note	missing_ayah_suggestion	The notice of earlier destroyed peoples includes Ad as outcome precedent.	focus_26_135_cutoff_100.tsv	104	9cb0bda6b5e3ffb682df7270b6f30625d21f46c4a18715ff79ed1ffbd75815f7
reciprocal_nomination	9:70	26:141		strong	26:141	9:70	9:70	cross_surah	label_target_note	ranked_review	Lists Thamud among peoples reached by messengers with clear proofs before their self-wronging.	focus_26_141_cutoff_100.tsv	50	c9490a99dcdfcbc75dbeb2dcab324d104a4ce0c9c8b5f9600db0d82754b3c572
reciprocal_nomination	9:70	26:142		medium	26:142	9:70	9:70	cross_surah	label_target_note	missing_ayah_suggestion	Semud'un başına gelenlerin hatırlatılması, Sâlih kavminin uyarıya karşı tavrını tarihsel ibret olarak taşır.	focus_26_142_cutoff_100.tsv	108	4e07d6f35e78e9e195e89ba9821cf3640a8e6241b26f0bd9275d3ab991532a06
reciprocal_nomination	9:70	26:149		medium	26:149	9:70	9:70	cross_surah	label_target_note	missing_ayah_suggestion	Semud'un önceki helak edilmiş topluluklar arasında anılması, yapı ve güçlerinin kalıcılık sağlamadığını tarihsel olarak çerçeveler.	focus_26_149_cutoff_100.tsv	107	49b143b8401b779b8dd62683d670677f22e2b21bad0eb0747449efa6df099a94
reciprocal_nomination	9:70	26:150		weak	26:150	9:70	9:70	cross_surah	label_target_note	missing_ayah_suggestion	It includes Thamud among prior peoples destroyed after their messengers brought clear proofs.	focus_26_150_cutoff_100.tsv	111	a57d870a488235a9330244dae747737ce3bb32441f610260c61b6d025c9e8262
reciprocal_nomination	9:70	26:160		strong	26:160	9:70	9:70	cross_surah	label_target_note	ranked_review	It lists former peoples, including the overturned cities, whose messengers brought clear proofs before their self-wrought ruin.	focus_26_160_cutoff_100.tsv	78	be8971d3321d8ee66dea1b6f5258b348c04da415f82eb141d932c7cfa4a3367d
reciprocal_nomination	9:70	26:172		medium	26:172	9:70	9:70	cross_surah	label_target_note	missing_ayah_suggestion	The overturned towns are recalled as a historical warning against self-inflicted wrongdoing.	focus_26_172_cutoff_100.tsv	144	1630942b9fc347794e571d2b3e8088f62060dca5ddf221cdcbf3fdbd2723e70d
reciprocal_nomination	9:70	26:174		medium	26:174	9:70	9:70	cross_surah	label_target_note	missing_ayah_suggestion	The people of Lot are named among earlier communities destroyed for wrongdoing.	focus_26_174_cutoff_100.tsv	106	2da72a1dfa9c638afb4541de8e8736d669d7949cf4b5fc07530aa954eac400eb
reciprocal_nomination	9:70	26:176		strong	26:176	9:70	9:70	cross_surah	label_target_note	ranked_review	It lists former communities, including the companions of Madyan, whose messengers brought clear proofs before their ruin.	focus_26_176_cutoff_100.tsv	40	81e72b8fec839a1d52e6a7ab64ce5d59d9329cca24154bc13cd733a986a485d9
reciprocal_nomination	9:70	26:195		medium	26:195	9:70	9:70	cross_surah	label_target_note	ranked_review	It generalizes that earlier peoples received messengers with clear proofs before their downfall.	focus_26_195_cutoff_100.tsv	87	e166f418e1c6c72dbe5fa8251966c8e22d3813329d6054efe4494c1743ec5bcf
reciprocal_nomination	9:70	27:45		weak	27:45	9:70	9:70	cross_surah	label_target_note	missing_ayah_suggestion	Thamud appears among prior destroyed peoples, a broad historical warning only.	focus_27_45_cutoff_100.tsv	160	b279cb6b80c32a025d1c5d87a39dd7f6e59666fdfc73d210fcc9b279a3a77b2e
reciprocal_nomination	9:70	28:45		medium	28:45	9:70	9:70	cross_surah	label_target_note	ranked_review	Reports of earlier peoples, including Midian, and their messengers provide historical warning continuity.	focus_28_45_cutoff_100.tsv	52	b0a9fdbee1421042d4383939121458420ec1cb57206f15348d3e94859beb3642
reciprocal_counterevidence	9:70	29:1		no value	29:1	9:70	9:70	cross_surah	label_target_note	ranked_review	The interrogative phrase is lexical, not a detached-letter opening.	focus_29_1_cutoff_100.tsv	34	d0d892d7992cfd5fc3250b14aa7f762a5237be7b56cd777605af6df54a196276
reciprocal_nomination	9:70	29:40		strong	29:40	9:70	9:70	cross_surah	label_target_note	ranked_review	Onceki kavimleri ve Allah'in onlara zulmetmeyip kendi kendilerine zulmettiklerini birlikte anarak odagin sonucunu aciklar.	focus_29_40_cutoff_100.tsv	10	b0d1853a580341eb2f56d2a9698e3bc8c557cd409407babebfe00d56b5ec42d8
reciprocal_counterevidence	9:70	30:1		no value	30:1	9:70	9:70	cross_surah	label_target_note	ranked_review	The interrogative phrase is lexical, not a detached-letter opening.	focus_30_1_cutoff_100.tsv	43	d0d892d7992cfd5fc3250b14aa7f762a5237be7b56cd777605af6df54a196276
reciprocal_nomination	9:70	30:9		strong	30:9	9:70	9:70	cross_surah	label_target_note	ranked_review	It names former destroyed peoples, their messengers' clear proofs, and the same assertion that they wronged themselves.	focus_30_9_cutoff_100.tsv	13	197a5e8c7207099d06ab572314492bc5a190667dade5f1cf69eb89e2e75c4ba3
reciprocal_nomination	9:70	30:28		weak	30:28	9:70	9:70	cross_surah	label_target_note	ranked_review	Past communities' self-wronging offers a broad warning about injustice, but not the focus's analogy against association.	focus_30_28_cutoff_100.tsv	60	ee749c49a4d2b9c6609e63b3e9231449bcab9e97f9fd68558efa4046e2a3b048
reciprocal_nomination	9:70	30:42		strong	30:42	9:70	9:70	cross_surah	label_target_note	missing_ayah_suggestion	It invokes the news of earlier peoples and states that God did not wrong them; they wronged themselves.	focus_30_42_cutoff_100.tsv	111	2268b16f2476903abcf19cea57106595200148697bdfeec66f6573937305947c
reciprocal_nomination	9:70	30:44		strong	30:44	9:70	9:70	cross_surah	label_target_note	ranked_review	The communities are not wronged by God; they wrong their own selves.	focus_30_44_cutoff_100.tsv	57	fc3a6c5d89aae1ae8dd545ae7b85feee41fcfd8bfa78c82abbc90ae0dd1b8a49
reciprocal_counterevidence	9:70	31:1		no value	31:1	9:70	9:70	cross_surah	label_target_note	ranked_review	The interrogative phrase is not a detached-letter opening.	focus_31_1_cutoff_100.tsv	22	df239297e2b1cb9ddc74bf6cd7ab323117c7b7b0186c1b2d8a7380e964d79fe4
reciprocal_counterevidence	9:70	32:1		no value	32:1	9:70	9:70	cross_surah	label_target_note	ranked_review	Its interrogative ألم is unrelated to the disjoint letters الم.	focus_32_1_cutoff_100.tsv	22	f8ebc24c87475812018b622a297d299d462c6e98f348968ea9abe135bbec201d
reciprocal_nomination	9:70	32:26		strong	32:26	9:70	9:70	cross_surah	label_target_note	missing_ayah_suggestion	The reports of earlier peoples' destruction are presented as received warning for the present audience.	focus_32_26_cutoff_100.tsv	108	e8a3da47399964aeb6d8c6aacadfb22198848ce7ac746337cca94904ae977a8f
reciprocal_nomination	9:70	34:50		weak	34:50	9:70	9:70	cross_surah	label_target_note	ranked_review	Self-wronging is retained only as mixed f01 evidence [v12:tr:f-9_70-002].	focus_34_50_cutoff_100.tsv	66	33de1a3f6227c9cada338f6a874735efad2e07844b492f0baa6384fb99e49642
reciprocal_nomination	9:70	35:25		strong	35:25	9:70	9:70	cross_surah	label_target_note	ranked_review	It lists earlier peoples reached by messengers with clear proofs and holds them responsible for their wrongdoing.	focus_35_25_cutoff_100.tsv	25	726721caf206de43986294db08112c1908c2fa283dd2fbc84cbde70f8a630016
reciprocal_nomination	9:70	36:3		strong	36:3	9:70	9:70	cross_surah	label_target_note	ranked_review	It recounts communities reached by their messengers with clear proofs.	focus_36_3_cutoff_100.tsv	87	7c75c5a7a63bc122f42f4fff32d45adf100c6a18de3ba5b98fb4c41acb226f7f
reciprocal_nomination	9:70	36:31		strong	36:31	9:70	9:70	cross_surah	label_target_note	ranked_review	It recalls several earlier peoples, their messengers, and self-caused ruin as a warning to the present audience.	focus_36_31_cutoff_100.tsv	85	2571dcc1bf18d3045ee5b8f946886cdfae79aefabd35218b1e55ab18016654e5
reciprocal_nomination	9:70	37:22		medium	37:22	9:70	9:70	cross_surah	label_target_note	ranked_review	It states that God did not wrong past peoples; they wronged themselves.	focus_37_22_cutoff_100.tsv	78	88343a56d35dffd404e3a373e76831bf2cb61e6b516950078419834769b54609
reciprocal_nomination	9:70	37:71		strong	37:71	9:70	9:70	cross_surah	label_target_note	missing_ayah_suggestion	It lists earlier destroyed communities and says God did not wrong them; they wronged themselves.	focus_37_71_cutoff_100.tsv	114	f555fea12f83f4985f87265cb328b3506c1801481eac922b0412a391fdd015bf
reciprocal_nomination	9:70	37:136		medium	37:136	9:70	9:70	cross_surah	label_target_note	missing_ayah_suggestion	The overturned cities are recalled among destroyed earlier peoples as a warning to later communities.	focus_37_136_cutoff_100.tsv	168	c50c60a9e0e925fbba0b824743e4722c5969fb4df6bf3cfb1849a6acb283089f
reciprocal_nomination	9:70	37:137		medium	37:137	9:70	9:70	cross_surah	label_target_note	missing_ayah_suggestion	It includes the overturned cities among earlier peoples whose consequences warn later communities, supporting the focus's historical-warning function.	focus_37_137_cutoff_100.tsv	121	0dc3bbd460c4742628873775c26364ec3868b07189a020e7b53925ed4d5f31a6
reciprocal_nomination	9:70	38:12		medium	38:12	9:70	9:70	cross_surah	label_target_note	ranked_review	Broadens the prior nations and states that clear messengers came to them, making their self-wronging explicit.	focus_38_12_cutoff_100.tsv	16	e1cfbaffffda2ab7e180354389b7e937ca15a86280a1a28fb4ed2ab839e06f69
reciprocal_nomination	9:70	38:13		strong	38:13	9:70	9:70	cross_surah	label_target_note	ranked_review	It includes Thamud among earlier peoples reached by messengers and links their fate to their own wrongdoing.	focus_38_13_cutoff_100.tsv	22	2bce6e5f5c49a2f80eb867b79f8da0085ebc4df1db3efb839d886b9e8dcaebd1
reciprocal_nomination	9:70	38:14		strong	38:14	9:70	9:70	cross_surah	label_target_note	ranked_review	It lists former peoples whose messengers brought clear proofs and explains that they wronged themselves.	focus_38_14_cutoff_100.tsv	75	1731023ba941496420f84cfed76260a14435931b12e3404331c69111279b8f84
reciprocal_nomination	9:70	38:45		weak	38:45	9:70	9:70	cross_surah	label_target_note	ranked_review	Mention of Abraham among earlier peoples provides history but not his exemplary traits.	focus_38_45_cutoff_100.tsv	92	2ab1634ea87e7900a9aed7e3d07cfa96d2a067928d7199c2ff097b97e091dee7
reciprocal_nomination	9:70	39:25		strong	39:25	9:70	9:70	cross_surah	label_target_note	ranked_review	The news of earlier peoples, their clear messengers, and their self-wronging gives the historical warning behind the focus.	focus_39_25_cutoff_100.tsv	79	eb8d9261c2c9cae9b93a9ad8cc888379a56dce4b63df4fe083f32cf9493d99b0
reciprocal_nomination	9:70	39:50		medium	39:50	9:70	9:70	cross_surah	label_target_note	ranked_review	It catalogues earlier communities, their messengers, and self-wronging, reinforcing the repeated historical warning.	focus_39_50_cutoff_100.tsv	75	15e9ad07fcac153bcc4d2305e136d1b48a4c8bdd18181680e1a255018372820d
reciprocal_nomination	9:70	39:59		medium	39:59	9:70	9:70	cross_surah	label_target_note	missing_ayah_suggestion	Earlier peoples denied their messengers' clear proofs and were not wronged by God.	focus_39_59_cutoff_100.tsv	111	0800dd42eaf8a074d5b4b42df985740872ed6b8d235b244e31e19d713a958194
reciprocal_nomination	9:70	40:5		strong	40:5	9:70	9:70	cross_surah	label_target_note	ranked_review	It joins earlier communities, their messengers, clear proofs, and their self-inflicted ruin.	focus_40_5_cutoff_100.tsv	7	11fc8606175ce8fb97ea191ec0d7eeafa95d9f6397e3f4ef2e96d504f48a081e
reciprocal_nomination	9:70	40:21		strong	40:21	9:70	9:70	cross_surah	label_target_note	missing_ayah_suggestion	It explicitly recalls Noah, Ad, Thamud, Abraham's people, Midian, and the overturned cities as prior examples of self-inflicted ruin.	focus_40_21_cutoff_100.tsv	105	10a08caa5f019def59747450477fa21463d1b68536479bf2e009036bcd239907
reciprocal_nomination	9:70	40:22		medium	40:22	9:70	9:70	cross_surah	label_target_note	ranked_review	It generalizes the pattern of communities receiving clear proofs and wronging themselves.	focus_40_22_cutoff_100.tsv	19	704965bf7e8d0c50ca5dd7dafc6f102d4591711593b1d24b0dff89f721bdc900
reciprocal_nomination	9:70	40:31		strong	40:31	9:70	9:70	cross_surah	label_target_note	ranked_review	Names the same peoples, their reception of clear messages, and their self-wronging, directly grounding the historical pattern and its justice.	focus_40_31_cutoff_100.tsv	1	30bba61ca9a5a7feb46ae71089c331ded2906360e5f5ab8a4980f10c1798e4df
reciprocal_nomination	9:70	40:83		medium	40:83	9:70	9:70	cross_surah	label_target_note	ranked_review	Prior peoples receive clear proofs and wrong themselves, supplying the historical warning frame.	focus_40_83_cutoff_100.tsv	28	d79b49d35973f21a96bddfcad698dbb00b6602b475a74854e717b5621ee0851b
reciprocal_nomination	9:70	41:13		strong	41:13	9:70	9:70	cross_surah	label_target_note	missing_ayah_suggestion	It names the people of Noah, Ad, and Thamud among those reached by messengers with clear proofs and ruined by their own wrong.	focus_41_13_cutoff_100.tsv	137	1555e4d1e4f0b2f41c28a989c3bf9a8b7ef42645b6eea2467724fe4a56224f40
reciprocal_nomination	9:70	41:16		weak	41:16	9:70	9:70	cross_surah	label_target_note	missing_ayah_suggestion	The histories of Ad and other destroyed communities give a broad comparative setting for the focus's punishment, but no event-specific detail.	focus_41_16_cutoff_100.tsv	115	97117826d37b47926a604bc57d986f1259a45241dba06f0528957802a964bc86
reciprocal_nomination	9:70	41:46		medium	41:46	9:70	9:70	cross_surah	label_target_note	ranked_review	Denies that God wronged them and assigns wrongdoing to their own selves.	focus_41_46_cutoff_100.tsv	78	08d33a317d4e0aecef15c0da6d35b48b88c3b018b4d879ada5215242e8db2241
reciprocal_nomination	9:70	42:42		medium	42:42	9:70	9:70	cross_surah	label_target_note	ranked_review	States that prior peoples wronged themselves rather than being wronged by God, supporting accountable agency.	focus_42_42_cutoff_100.tsv	87	f017ae8f73be0103cc7c3b5f2e4c2c553044fa103ce19916e5872cc9cafe2052
reciprocal_nomination	9:70	43:7		strong	43:7	9:70	9:70	cross_surah	label_target_note	ranked_review	Earlier nations received messengers with clear proofs, making the focus's historical warning concrete.	focus_43_7_cutoff_100.tsv	76	d1c6386af0ce7af9edc1adf8fc915849681442ac33269d14e478ccccff37cd3b
reciprocal_nomination	9:70	43:56		strong	43:56	9:70	9:70	cross_surah	label_target_note	missing_ayah_suggestion	It recalls the fate of earlier peoples who rejected messengers and wronged themselves, a direct historical-warning pattern.	focus_43_56_cutoff_100.tsv	128	31235965e90b7243e171b5d808506e210f3ce7393955a0e777db936503c0fc72
reciprocal_nomination	9:70	43:76		strong	43:76	9:70	9:70	cross_surah	label_target_note	ranked_review	It repeats the same formula: God did not wrong them; they wronged themselves.	focus_43_76_cutoff_100.tsv	36	21a399b6a71b3d81ca64f3842f96ec8e19041816181aad6cb3df873bbbfa9558
reciprocal_nomination	9:70	43:83		weak	43:83	9:70	9:70	cross_surah	label_target_note	ranked_review	Geçmiş toplulukların uyarılması genel sonuç temasını taşır, ancak odaktaki özgül unsurlar bulunmaz.	focus_43_83_cutoff_100.tsv	62	22483616cf9dd18b2640cd07c26b37661aa8d2b5b92aa7254b43299dcc08d185
reciprocal_nomination	9:70	44:13		medium	44:13	9:70	9:70	cross_surah	label_target_note	missing_ayah_suggestion	Earlier communities received clear proofs through messengers, so their destruction followed their own wrongdoing.	focus_44_13_cutoff_100.tsv	122	99dda499b9f290d2124ca62354d6b36df1ba8305cf83169828298ad376786064
reciprocal_nomination	9:70	44:37		strong	44:37	9:70	9:70	cross_surah	label_target_note	ranked_review	Recalls several preceding nations, their messengers, and their self-inflicted wrong, closely framing the warning.	focus_44_37_cutoff_100.tsv	7	3f247bbce7b23815590a800025cbb43cc90b3832af35f54d9ff16d937d9d3c07
reciprocal_nomination	9:70	45:7		medium	45:7	9:70	9:70	cross_surah	label_target_note	ranked_review	The overturned communities and received بَيِّنَٰت form a secondary f01 boundary.	focus_45_7_cutoff_100.tsv	80	b875a31f6e9e57101ebe2307bc7c21ac1cc2a61c72eaa7b0de9250a51bdc7ba4
reciprocal_nomination	9:70	45:9		medium	45:9	9:70	9:70	cross_surah	label_target_note	missing_ayah_suggestion	Denial of the signs and messengers is recalled within a punitive historical pattern.	focus_45_9_cutoff_100.tsv	113	f3b68c6a7452fced0bf88d1df469da47b71dd38dffaa40cce0a3eb0696929388
reciprocal_nomination	9:70	45:15		weak	45:15	9:70	9:70	cross_surah	label_target_note	ranked_review	نفي ظلم الله وذكر ظلم الأنفس يساندان المبدأ على نحو عام، بلا جزاء أو رجوع.	focus_45_15_cutoff_100.tsv	48	62f8cc44c43bf69dfc73cf4120ab5de94f4bb9c42065e76a1ea3a33f04c0624e
reciprocal_nomination	9:70	45:19		weak	45:19	9:70	9:70	cross_surah	label_target_note	ranked_review	Historical self-wronging supports the ظلم category but adds no relation of ولاية.	focus_45_19_cutoff_100.tsv	74	eb72db7b307f02c07da161332920ea726d8707ade916a57b83dfa8b55cb19e5d
reciprocal_nomination	9:70	46:21		medium	46:21	9:70	9:70	cross_surah	label_target_note	missing_ayah_suggestion	Ad appears among prior communities whose reports serve as a cautionary precedent.	focus_46_21_cutoff_100.tsv	152	b491819110e349ac3bddf7aaea408e1f737bc83705eafcede093e6f49c255e95
reciprocal_nomination	9:70	46:25		medium	46:25	9:70	9:70	cross_surah	label_target_note	missing_ayah_suggestion	Lists 'Ad among earlier peoples whose consequences became a warning precedent.	focus_46_25_cutoff_100.tsv	179	6c1c67893c6e801499be53ef1f3ee87424ebe735bcf25c1c3ff5d0839358061b
reciprocal_nomination	9:70	46:27		medium	46:27	9:70	9:70	cross_surah	label_target_note	missing_ayah_suggestion	The reports of prior peoples include towns overturned and consequences for self-wronging.	focus_46_27_cutoff_100.tsv	109	8ce087fd686aa9167e14f6095d5f090656b1365ad39fa6d276dc991b56d622e1
reciprocal_nomination	9:70	47:10		medium	47:10	9:70	9:70	cross_surah	label_target_note	missing_ayah_suggestion	News of earlier peoples and their ruin gives a direct historical catalogue of consequence.	focus_47_10_cutoff_100.tsv	112	1bc118a1eb5e19f4bf20c02302893bb33b12201583b060e74b16818ed14a2d3b
reciprocal_nomination	9:70	47:13		medium	47:13	9:70	9:70	cross_surah	label_target_note	missing_ayah_suggestion	Adds prior destroyed and overturned communities as warnings.	focus_47_13_cutoff_100.tsv	112	6fbef9281c48372d3b27b4c2dc7f85ce8053420a46f3a71448bac0e563e402e8
reciprocal_nomination	9:70	50:12		strong	50:12	9:70	9:70	cross_surah	label_target_note	ranked_review	Broadens the earlier-community pattern with messengers, clear signs, and self-incurred wrong.	focus_50_12_cutoff_100.tsv	16	40c7d12565c67b3317b90b714369b6eb49b5695e264c1eaff7dae717ec3299e9
reciprocal_nomination	9:70	50:13		strong	50:13	9:70	9:70	cross_surah	label_target_note	ranked_review	Expands the list of prior peoples, including Ad and Lot-related overturnings, with messenger-response context.	focus_50_13_cutoff_100.tsv	31	a741780e6b3d1c5df3888f312dd9a5e720ccea8838c089cbf6e09930dca068ef
reciprocal_nomination	9:70	50:14		strong	50:14	9:70	9:70	cross_surah	label_target_note	ranked_review	Adds repeated messengers and clear proofs before historical communities' adverse outcome.	focus_50_14_cutoff_100.tsv	25	e2ecc15b0c8c17108c11da049fc14d5f1a872f450e9e743938d234272f4e5b4d
reciprocal_nomination	9:70	50:21		weak	50:21	9:70	9:70	cross_surah	label_target_note	ranked_review	Self-wronging repeats a general responsibility theme without attendant or arrival detail.	focus_50_21_cutoff_100.tsv	66	4d8e467fed74556d67dfc23f8da74ff4610219c900a93233b65edf8a7745584b
reciprocal_nomination	9:70	50:29		medium	50:29	9:70	9:70	cross_surah	label_target_note	ranked_review	Explicitly denies divine wronging and attributes wrongdoing to themselves; repetitive but relevant.	focus_50_29_cutoff_100.tsv	51	257dbfeceda90b51fa9484eb7df4b1b48d080e9270a777e735689f66565eecd8
reciprocal_nomination	9:70	51:9		medium	51:9	9:70	9:70	cross_surah	label_target_note	ranked_review	Includes the overturned communities within a record of rejected clear proofs.	focus_51_9_cutoff_100.tsv	82	ec1c4ca16588b95bf9cc5da863f2280366d0e0959d39a644fd3e815110b1da7b
reciprocal_nomination	9:70	51:21		weak	51:21	9:70	9:70	cross_surah	label_target_note	ranked_review	Self-wronging after clear evidence is relevant, but its focus route is weak and mixed.	focus_51_21_cutoff_100.tsv	45	6c1c92caed77746843abaf9c22adb7d17247419b2d2003b61a7377ca11c2bef8
reciprocal_nomination	9:70	51:41		weak	51:41	9:70	9:70	cross_surah	label_target_note	ranked_review	Ad within a repeated messenger-rejection history is contextually relevant but redundant.	focus_51_41_cutoff_100.tsv	82	27470f27967c2d27067eec5797eb53b805ee1ba67365e9229c7cdebb8231b107
reciprocal_nomination	9:70	51:43		strong	51:43	9:70	9:70	cross_surah	label_target_note	missing_ayah_suggestion	Explicitly names Thamud among earlier destroyed communities; reinforces the historical warning pattern.	focus_51_43_cutoff_100.tsv	116	af1347cc113e5d3f488092cef4aa52063f5b3fa060d0a2b3b3d180ca72ae9932
reciprocal_nomination	9:70	51:46		medium	51:46	9:70	9:70	cross_surah	label_target_note	ranked_review	Broadens the Noah precedent into a messenger-and-self-wronging sequence across peoples.	focus_51_46_cutoff_100.tsv	15	8606d2c31278b1eca3930c55cbfd005b258afc986ad26c139a6e38ce16a774a3
reciprocal_nomination	9:70	52:12		weak	52:12	9:70	9:70	cross_surah	label_target_note	ranked_review	Historical wrongdoing and consequence give only a general accountability backdrop.	focus_52_12_cutoff_100.tsv	53	096dd82c5b10b1e987dd0f47869b7105024ce11e84a0b327a7d0f5a547c7314b
reciprocal_nomination	9:70	53:50		strong	53:50	9:70	9:70	cross_surah	label_target_note	missing_ayah_suggestion	Explicitly includes Ad among prior peoples whose reports furnish warning through their messengers and consequences.	focus_53_50_cutoff_100.tsv	153	074835ecb077db7653469a74a4e0e87bbe19740c749b0c2ad1d3f2f404ba02eb
reciprocal_nomination	9:70	53:51		medium	53:51	9:70	9:70	cross_surah	label_target_note	ranked_review	Names Thamud among warned peoples and assigns the fault to themselves.	focus_53_51_cutoff_100.tsv	57	cd2d4f3ea653819358baca9c00895aa9d66a81cd21d55071427b932070bfc497
reciprocal_nomination	9:70	53:52		strong	53:52	9:70	9:70	cross_surah	label_target_note	ranked_review	Places Noah among earlier judged peoples, joins their messenger evidence to self-wronging, and preserves the wider precedent.	focus_53_52_cutoff_100.tsv	7	79b48787e8ab89ddaaf00f357abf00ac562ed6fea3441f72e9030f5506ebac50
reciprocal_nomination	9:70	53:53		medium	53:53	9:70	9:70	cross_surah	label_target_note	ranked_review	Places the overturned settlements in a larger archive of warned peoples who wronged themselves.	focus_53_53_cutoff_100.tsv	55	36d23cb5a3f37158cb14d86da1bfa71a1fa8f3dc840d7a98ccad538cd60546ca
reciprocal_nomination	9:70	53:54		medium	53:54	9:70	9:70	cross_surah	label_target_note	missing_ayah_suggestion	Names the مؤتفكات within the same earlier-destruction sequence as 53:50-54.	focus_53_54_cutoff_100.tsv	102	0a7a620a8a6ed080147a4d6819212cf686a3a279bdb302b8d8075eb71ee91dc6
reciprocal_nomination	9:70	53:56		strong	53:56	9:70	9:70	cross_surah	label_target_note	missing_ayah_suggestion	Collects prior destroyed communities as knowledge-bearing precedents.	focus_53_56_cutoff_100.tsv	108	5e938882536ad9f5e5ec3efaea72f455eb4bd12b7fee4b3d53172afab306820e
reciprocal_nomination	9:70	54:4		strong	54:4	9:70	9:70	cross_surah	label_target_note	ranked_review	Collects prior communities, clear messengers, and self-wronging into a broad historical warning chain.	focus_54_4_cutoff_100.tsv	81	8ba2c7575923f9b33235e23f7c824a6a46fa35e2c8b1d66af6639e9b3bd0ceef
reciprocal_nomination	9:70	54:9		weak	54:9	9:70	9:70	cross_surah	label_target_note	ranked_review	Restates the Noah historical warning and self-wronging pattern with little new detail.	focus_54_9_cutoff_100.tsv	64	504417f38b450a3ab969bbb822c743ea5cb7a8878ed13be7dc08e62eafb5925b
reciprocal_nomination	9:70	54:23		medium	54:23	9:70	9:70	cross_surah	label_target_note	missing_ayah_suggestion	Includes Thamud in the historical reports of communities reached by messengers.	focus_54_23_cutoff_100.tsv	107	a99f6b8d8bf7c8d2464451440ec46a12cabc804fa7483cab3b7eac55ac37efe1
reciprocal_nomination	9:70	54:31		weak	54:31	9:70	9:70	cross_surah	label_target_note	missing_ayah_suggestion	The historical notice of Thamud gives only a compact, non-mechanistic precedent.	focus_54_31_cutoff_100.tsv	151	a15adfa3ce5917e0215492f1bbc8566bf31320ba6b92522d7551d5974787e072
reciprocal_nomination	9:70	54:33		weak	54:33	9:70	9:70	cross_surah	label_target_note	missing_ayah_suggestion	Places the people of Lot among earlier communities whose reports carry warning value.	focus_54_33_cutoff_100.tsv	106	046820be1b37f5f289ec67ac835a86934982d8806c4e88ae79f2c84e9424377a
reciprocal_nomination	9:70	54:51		strong	54:51	9:70	9:70	cross_surah	label_target_note	missing_ayah_suggestion	Collects prior destroyed peoples into a transmitted report with a shared wrongdoing frame.	focus_54_51_cutoff_100.tsv	112	2c227e2f365f33ceaea3e0b8b4a165b457b878c729524e2355904d003127b1c3
reciprocal_nomination	9:70	56:8		weak	56:8	9:70	9:70	cross_surah	label_target_note	ranked_review	Tail-audit historical companion-group wording has little relevance to the class.	focus_56_8_cutoff_100.tsv	93	fc9c7b813e41fa13e09bf77fbaefb01ba7ea9f9188b361b0d2e1a367bb9bc6b7
reciprocal_counterevidence	9:70	56:9		no value	56:9	9:70	9:70	cross_surah	label_target_note	ranked_review	Historical peoples and companions do not clarify the label in 56:9.	focus_56_9_cutoff_100.tsv	85	8e8ecc5b09e526827b56b351ec95e0b742dc133a00bc7f2ad59df21b2e43afda
reciprocal_nomination	9:70	56:27		weak	56:27	9:70	9:70	cross_surah	label_target_note	ranked_review	Historical groups and accountability offer only broad collective context.	focus_56_27_cutoff_100.tsv	68	fb1e63b3e17b675f61ec53ed5b62efdfcdaabc8a936627014dded218e044d9b5
reciprocal_nomination	9:70	56:41		weak	56:41	9:70	9:70	cross_surah	label_target_note	ranked_review	A historical people-label and self-wronging provide only a general collective parallel.	focus_56_41_cutoff_100.tsv	89	ebd227dac5c642b6ee20bc6bd8754e22d83a47e4aa6e2a4e3d885b8388e2a1d5
reciprocal_nomination	9:70	56:90		weak	56:90	9:70	9:70	cross_surah	label_target_note	ranked_review	Historical collective reference adds only a limited parallel.	focus_56_90_cutoff_100.tsv	82	1e9f8ea89dff6f9549a096c69c97bea8828c3622e2207e3a3ec1ce2103a05f48
reciprocal_nomination	9:70	57:9		medium	57:9	9:70	9:70	cross_surah	label_target_note	ranked_review	Combines repeated manifest proofs with self-wronging, though broadly.	focus_57_9_cutoff_100.tsv	84	623651f11426c9f7f31c10e5a4f03e72a72fc748dd1249f1e1be25d46968feff
reciprocal_nomination	9:70	59:4		medium	59:4	9:70	9:70	cross_surah	label_target_note	ranked_review	Reiterates earlier communities receiving clear messengers and wronging themselves.	focus_59_4_cutoff_100.tsv	96	3562303cc3963065693cec3c04dc25384ef6e3be82bb1ae868b0ed04235635e1
reciprocal_counterevidence	9:70	59:9		no value	59:9	9:70	9:70	cross_surah	label_target_note	ranked_review	No focused evidence beyond generic self-reference.	focus_59_9_cutoff_100.tsv	46	f63fd8bfbe8d4d89e51a0f30d51e776602444500fe2f2993221ae844a958613a
reciprocal_nomination	9:70	59:15		strong	59:15	9:70	9:70	cross_surah	label_target_note	missing_ayah_suggestion	Recalls reports of earlier peoples and their self-incurred wrong.	focus_59_15_cutoff_100.tsv	107	00683668eb33f507cf0d474a05ed424ec03787504ffc94f5e0d5e561b228acb9
reciprocal_nomination	9:70	59:19		medium	59:19	9:70	9:70	cross_surah	label_target_note	ranked_review	Kişinin kendi nefsine zulmetmesi, sorumluluğun geri dönüşünü destekler.	focus_59_19_cutoff_100.tsv	75	50c90bbe1c5b5fdac5e123c4e28d310fad6bb749dcf1bb98429bb9dc853d06ef
reciprocal_counterevidence	9:70	62:9		no value	62:9	9:70	9:70	cross_surah	label_target_note	ranked_review	Past-message and self-wronging material does not add to 62:9.	focus_62_9_cutoff_100.tsv	99	11f0f6e5895633cf6f37b71ee06f6215c12e80cef3da48478dce651031a88789
reciprocal_nomination	9:70	64:5		strong	64:5	9:70	9:70	cross_surah	label_target_note	missing_ayah_suggestion	Near-direct omitted parallel: report of prior peoples, messengers, and wrongdoing.	focus_64_5_cutoff_100.tsv	110	0b0fca838023a2feb5073ece5783997399ee72a4e44fc2cbf5f1a666daea2358
reciprocal_nomination	9:70	65:8		medium	65:8	9:70	9:70	cross_surah	label_target_note	missing_ayah_suggestion	Adds the historical reach of prior communities and consequences after messengerly evidence.	focus_65_8_cutoff_100.tsv	101	cb3de65d2fe36651db179fec94ea2f898a0610d324ba099600f0b1033e7786e9
reciprocal_nomination	9:70	67:9		medium	67:9	9:70	9:70	cross_surah	label_target_note	missing_ayah_suggestion	Past messengers brought clear proofs before people wronged themselves.	focus_67_9_cutoff_100.tsv	119	7ebc35bff2206e8990a45dfdd8fc4a9fffd24bc2212b778c15fa72ac80283f45
reciprocal_nomination	9:70	67:18		medium	67:18	9:70	9:70	cross_surah	label_target_note	ranked_review	Supplies a broad roster of earlier peoples, clear messengers, and self-inflicted wrong.	focus_67_18_cutoff_100.tsv	83	6170c5f154ab23c260cc80c7ea47308aa5736c2d25962f9b9168ec07ffb7113f
reciprocal_nomination	9:70	68:18		weak	68:18	9:70	9:70	cross_surah	label_target_note	ranked_review	Self-inflicted wrong gives a distant consequence parallel.	focus_68_18_cutoff_100.tsv	68	bdb84148a8fbff453ab58b1895eb815c91ec7c215b250b0c211a8d25be961abe
reciprocal_nomination	9:70	68:29		weak	68:29	9:70	9:70	cross_surah	label_target_note	ranked_review	Explicit self-wronging is already covered by closer, more specific parallels.	focus_68_29_cutoff_100.tsv	78	25809db98c4383fcc65864a9b78d552b7d9c8028934ec64405949a46388eb3db
reciprocal_nomination	9:70	69:4		medium	69:4	9:70	9:70	cross_surah	label_target_note	ranked_review	Lists both communities and their messengers in prior history.	focus_69_4_cutoff_100.tsv	28	372f5b55649c459f6a2d52b29f8c33ac428e9ec657856cddb91eff0ff9533102
reciprocal_nomination	9:70	69:6		medium	69:6	9:70	9:70	cross_surah	label_target_note	missing_ayah_suggestion	Places Aad among prior communities whose reports warn later deniers.	focus_69_6_cutoff_100.tsv	105	6a0e760c9242506c1856a3ab9d8da2673d966f0a3ec37d8633a472271b123dd6
reciprocal_nomination	9:70	69:9		strong	69:9	9:70	9:70	cross_surah	label_target_note	ranked_review	Names earlier peoples and المؤتفكات with messengers and self-wronging.	focus_69_9_cutoff_100.tsv	7	0b073fae8fc503c18e7630ede64dd5d77dd06614efeca039790287f245beb6eb
reciprocal_nomination	9:70	71:1		medium	71:1	9:70	9:70	cross_surah	label_target_note	missing_ayah_suggestion	Nūḥ's qawm appears among prior destroyed communities, extending the historical consequence horizon.	focus_71_1_cutoff_100.tsv	109	46ac8864d766ebf7210cc27909197620b6b311026eaa960c641c5416863bfa3f
reciprocal_nomination	9:70	75:2		medium	75:2	9:70	9:70	cross_surah	label_target_note	missing_ayah_suggestion	Past peoples were not wronged by God but wronged themselves, continuing the self-directed culpability pattern.	focus_75_2_cutoff_100.tsv	179	9e4efaad732c8a31189a70a1be4f95ee575c69115aa02a362008742b038b530f
reciprocal_nomination	9:70	75:14		medium	75:14	9:70	9:70	cross_surah	label_target_note	ranked_review	The assertion that people wrong themselves supports self-directed liability under judgment.	focus_75_14_cutoff_100.tsv	66	8988d4d66e730125d5548b27f51bda58cac67b003f127c916c8026b441a08d83
reciprocal_nomination	9:70	78:2		strong	78:2	9:70	9:70	cross_surah	label_target_note	missing_ayah_suggestion	Asks whether prior peoples' report has reached them, directly extending the inherited-warning pattern.	focus_78_2_cutoff_100.tsv	107	4952c48be8589d11af361e7683764b44bda20ea9a61a923c5046c789aeedf944
reciprocal_nomination	9:70	81:7		weak	81:7	9:70	9:70	cross_surah	label_target_note	ranked_review	Self-wronging states accountability without pairing.	focus_81_7_cutoff_100.tsv	54	9eafe49820fdbe346bcd1b4426ef26d7601533a7ebbf1588577a37abe15b4fd0
reciprocal_nomination	9:70	85:17		strong	85:17	9:70	9:70	cross_surah	label_target_note	missing_ayah_suggestion	Asks whether reports of earlier destroyed peoples reached the audience.	focus_85_17_cutoff_100.tsv	104	1351a588152a8a1129426a1356a70130f81e655af55b0025f70d97d284ffbd01
reciprocal_nomination	9:70	85:18		medium	85:18	9:70	9:70	cross_surah	label_target_note	ranked_review	Frames Thamud's history as self-wronging after clear messengers.	focus_85_18_cutoff_100.tsv	25	cb47ad8005b1e99f3a27083d3d6f068b24866a8c40c4a39ae2a7b23a0e82f52d
reciprocal_counterevidence	9:70	87:19		no value	87:19	9:70	9:70	cross_surah	label_target_note	ranked_review	A people-of-Abraham reference adds no sheet or transmission evidence.	focus_87_19_cutoff_100.tsv	54	2504662e672b6d9434dfeeca6b84f86d3d5106286579ce243a5aa0caaf0941fa
reciprocal_nomination	9:70	89:6		strong	89:6	9:70	9:70	cross_surah	label_target_note	missing_ayah_suggestion	Places Ad among prior communities whose reports function as warning evidence.	focus_89_6_cutoff_100.tsv	109	bf07dcc9ab20ddc76f9e5618c77de42401cf7609217e5c9414b0f3c99f7bc6da
reciprocal_nomination	9:70	89:7		weak	89:7	9:70	9:70	cross_surah	label_target_note	missing_ayah_suggestion	Lists عاد as precedent, but adds no specific support or Iram detail.	focus_89_7_cutoff_100.tsv	103	e7e7c8e2a6d343ba1ec9b1dd847fb0ee15deb8532785faf89e1a03f500e41940
reciprocal_nomination	9:70	89:8		medium	89:8	9:70	9:70	cross_surah	label_target_note	missing_ayah_suggestion	Names ʿAd and Thamud among prior communities; useful historical frame but compressed.	focus_89_8_cutoff_100.tsv	103	834a2f3ec7dd647482222b3d77f5bf4d2841982e8711f94bda03774fd481098f
reciprocal_nomination	9:70	89:9		weak	89:9	9:70	9:70	cross_surah	label_target_note	ranked_review	Another prior-nations warning including Thamud, now redundant.	focus_89_9_cutoff_100.tsv	19	912e21d407ccded9c513433236f231882d7304ba17223d3adabe8b35d8a22a4c
reciprocal_nomination	9:70	91:11		medium	91:11	9:70	9:70	cross_surah	label_target_note	missing_ayah_suggestion	Historical warning explicitly includes Thamud.	focus_91_11_cutoff_100.tsv	107	b5515a2cbfbf6b91d16a5963c6696df795fcacebd4056271fbd61cb40a715198
reciprocal_nomination	9:70	91:12		weak	91:12	9:70	9:70	cross_surah	label_target_note	missing_ayah_suggestion	Thamud's past is named among punished communities, without the decisive act.	focus_91_12_cutoff_100.tsv	107	2db9c20fd9893b12ec061d125d56b4cda960be125a69d10e2d2a2a3fba487eec
reciprocal_counterevidence	9:70	93:6		no value	93:6	9:70	9:70	cross_surah	label_target_note	ranked_review	The historical warning has no focus-specific connection.	focus_93_6_cutoff_100.tsv	89	38d7813e1d64398248b777739c73836a287444ae13ecb5fbc5dd4ee43ea5e745
