record_type	focus_ref	target_ref	focus_direction_label	source_direction_label	source_focus_ref	source_target_ref	source_target_component_ref	relation_scope	source_column_order	source_row_role	source_note	source_file	source_line	source_row_sha256
directional_review	4:40	99:8	strong	strong	4:40	99:8	99:8	cross_surah	label_target_note	ranked_review	Exact particle-weight wording makes the focus's precise accounting extend to an evil deed.	focus_4_40_cutoff_100.tsv	1	bcb84b45a484ff0523a69b23fcef845963126dc7ba5d8688010328dbcb991152
directional_review	4:40	3:130	strong	strong	4:40	3:130	3:130	cross_surah	label_target_note	ranked_review	The multiplication language forms a direct contrast: added gain is prohibited while the focus multiplies a good deed.	focus_4_40_cutoff_100.tsv	2	d9d2abef6c9e55f730614b4d757e3394813ab5969ddb9b0349ff226e99d4af3d
directional_review	4:40	18:65	weak	weak	4:40	18:65	18:65	cross_surah	label_target_note	ranked_review	The shared min ladun source formula supports only a loose parallel of divine bestowal.	focus_4_40_cutoff_100.tsv	3	258e73b820599139f9439d6281419c0fd9515141222a2aa52293851f7babea71
directional_review	4:40	99:7	strong	strong	4:40	99:7	99:7	cross_surah	label_target_note	ranked_review	Exact particle-weight wording joins the focus's good deed to visible recompense.	focus_4_40_cutoff_100.tsv	4	41b2074d5d9274f8af3b84eeb1d23972176275a433eb42ed2e68dd829c8e4e8c
directional_review	4:40	4:36	medium	medium	4:40	4:36	4:36	same_surah	label_target_note	ranked_review	Its command for ihsan supplies the good-action side that the focus says is multiplied.	focus_4_40_cutoff_100.tsv	5	e01a37104552c7e6542c69d748587dada7b3e7f97519276dc55e71aae8c412fe
directional_review	4:40	33:29	strong	strong	4:40	33:29	33:29	cross_surah	label_target_note	ranked_review	Ihsan and ajr azim directly parallel the focus's good deed and great reward.	focus_4_40_cutoff_100.tsv	6	907d3391e1cd84e150d0d6c81e6f7f301b3be1a21e658122c460c2e3290c79ef
directional_review	4:40	18:2	strong	strong	4:40	18:2	18:2	cross_surah	label_target_note	ranked_review	Good deeds, ajr hasan, and min ladun form a close reward-and-source parallel.	focus_4_40_cutoff_100.tsv	7	3a5f6662225c46bbdeec38adc1cce83a2d38f2fe8dcb57044c5e156c9f56ebc2
directional_review	4:40	4:38	no value	no value	4:40	4:38	4:38	same_surah	label_target_note	ranked_review	No focused measure, multiplication, recompense, or source relation is established.	focus_4_40_cutoff_100.tsv	8	939f2918a7b67bbfaa8433a5cc06c277bfcbf23fd00b96d5fa358f7d9d034a12
directional_review	4:40	73:5	weak	weak	4:40	73:5	73:5	cross_surah	label_target_note	ranked_review	The root for heaviness is present, but the verse concerns weighty speech rather than measured deeds.	focus_4_40_cutoff_100.tsv	9	633231de210ee3cd674d0ff5d40ada3009800e988c39f85697ca642e9990feb6
directional_review	4:40	10:44	strong	strong	4:40	10:44	10:44	cross_surah	label_target_note	ranked_review	Its categorical denial of zulm directly corroborates the focus's denial of even minute injustice.	focus_4_40_cutoff_100.tsv	10	8d00140f6db692df39c23765708888d1384dcd54b13f72ecb13269fc350d4aa9
directional_review	4:40	4:49	strong	strong	4:40	4:49	4:49	same_surah	label_target_note	ranked_review	The denial of injustice even by a fatil is a close small-measure justice parallel.	focus_4_40_cutoff_100.tsv	11	701fe5439322a4dea3ed6f62db931619e2e3b828e319148598ba29f7a22e3c15
directional_review	4:40	2:112	medium	medium	4:40	2:112	2:112	cross_surah	label_target_note	ranked_review	Ihsan joined to an ajr establishes a related good-deed/recompense pattern.	focus_4_40_cutoff_100.tsv	12	bebae357367112ea0d63870c04afe33c77f66041be1edb8d690c37696db37692
directional_review	4:40	64:17	strong	strong	4:40	64:17	64:17	cross_surah	label_target_note	ranked_review	A hasan loan is explicitly multiplied, closely matching the focus's multiplication of hasanah.	focus_4_40_cutoff_100.tsv	13	32d017702f63473159815f1ccd465e009f68452ab6ad80e9f4cc956ae7206297
directional_review	4:40	34:3	strong	strong	4:40	34:3	34:3	cross_surah	label_target_note	ranked_review	Exact mithqal dharrah wording extends the smallest-measure motif to comprehensive knowledge and record.	focus_4_40_cutoff_100.tsv	14	5e10126000c8b0eab8c4f31291bb9022818fb7b174694bd561ae010ede760cc9
directional_review	4:40	4:67	strong	strong	4:40	4:67	4:67	same_surah	label_target_note	ranked_review	Ajr azim min ladunna exactly parallels the focus's great reward from the divine presence.	focus_4_40_cutoff_100.tsv	15	c80572998ddeaa958c06d674c712f11f36b7e7355fa065d62993c4e7c989bd04
directional_review	4:40	57:11	strong	strong	4:40	57:11	57:11	cross_surah	label_target_note	ranked_review	A hasan loan is multiplied and given an ajr, directly paralleling the focus's recompense pattern.	focus_4_40_cutoff_100.tsv	16	e2465c2f4916de9e096ab332e65b3c01704d14b3ca4c2c4228404fdb437632cc
directional_review	4:40	4:37	no value	no value	4:40	4:37	4:37	same_surah	label_target_note	ranked_review	The verse has no sufficiently direct measure, multiplication, or recompense link.	focus_4_40_cutoff_100.tsv	17	d7fb2e72d8647d17de3cfaeaba76dddf88c8ff6f680c3819e2df52e185433ddd
directional_review	4:40	7:38	weak	weak	4:40	7:38	7:38	cross_surah	label_target_note	ranked_review	Doubled punishment is a contrastive, contextual use of multiplication rather than support for the focus's good-deed rule.	focus_4_40_cutoff_100.tsv	18	0cff8551a1ce297981d9f762835320e22cf85691443b59ad26fc3c8744f394f9
directional_review	4:40	48:10	medium	medium	4:40	48:10	48:10	cross_surah	label_target_note	ranked_review	Keeping a covenant is followed by ajr azim, a related conditional reward pattern.	focus_4_40_cutoff_100.tsv	19	41f61dc9dd2cea9895c15bf9439b20d06958af94d88a9bc080599a907529cc99
directional_review	4:40	4:39	medium	medium	4:40	4:39	4:39	same_surah	label_target_note	ranked_review	Its call to belief and spending immediately precedes the focus's account of divine justice and generosity.	focus_4_40_cutoff_100.tsv	20	4b97222fd9219992e07ce7603e689bec3bb631b5a8857374d279a42ca3af27b8
directional_review	4:40	99:2	medium	medium	4:40	99:2	99:2	cross_surah	label_target_note	ranked_review	The package connects the earth's burdens to the later particle-scale accounting, but the link is indirect.	focus_4_40_cutoff_100.tsv	21	ab7f0b9a7f96fc2cfd336bcf87e10009d0902bd26424b4dc4b923115c2fd074e
directional_review	4:40	4:114	medium	medium	4:40	4:114	4:114	same_surah	label_target_note	ranked_review	Seeking divine approval through beneficent action is followed by ajr azim.	focus_4_40_cutoff_100.tsv	22	645749163eb2c123416f17aaf50261e6bf0e597efae51edf7aa69aef52d01dcb
directional_review	4:40	4:53	medium	medium	4:40	4:53	4:53	same_surah	label_target_note	ranked_review	The naqir image of withholding even a minute amount contrasts with the focus's unstinting justice and generosity.	focus_4_40_cutoff_100.tsv	23	e1c639ebeb5ecf4dd468b5e258ccc193239194e9a8b051d3634ea39447816a79
directional_review	4:40	2:245	strong	strong	4:40	2:245	2:245	cross_surah	label_target_note	ranked_review	A hasan loan is explicitly multiplied many times, directly matching the focus's multiplication motif.	focus_4_40_cutoff_100.tsv	24	52dacba4eb358b001e3ed2491696aa9290718d5580c210179153809fec0fea8b
directional_review	4:40	57:18	strong	strong	4:40	57:18	57:18	cross_surah	label_target_note	ranked_review	The verse explicitly combines a hasan loan, multiplication, and ajr.	focus_4_40_cutoff_100.tsv	25	eb8b596c95f142a258bd7229e574ce83eb5d5faf3f6885140e8d677ddfde1e8a
directional_review	4:40	34:22	strong	strong	4:40	34:22	34:22	cross_surah	label_target_note	ranked_review	Exact mithqal dharrah wording makes the smallest-measure motif central to a claim about authority.	focus_4_40_cutoff_100.tsv	26	44caa00b0d8168f9c1ea53ab1999ca566eeefa95cb729cb8591d40c57398f760
directional_review	4:40	21:17	weak	weak	4:40	21:17	21:17	cross_surah	label_target_note	ranked_review	Only the min ladunna formula connects it to the focus; its subject is otherwise distinct.	focus_4_40_cutoff_100.tsv	27	730c38c381f4512c056711295f8a5a5382dc5b8c794e46ef0624ab727205ce94
directional_review	4:40	3:120	weak	weak	4:40	3:120	3:120	cross_surah	label_target_note	ranked_review	Hasanah occurs, but the verse concerns others' reaction rather than just recompense.	focus_4_40_cutoff_100.tsv	28	fd4742252df414e7b25222017933a695fb9fbebba669909399f98e9cf2e242dd
directional_review	4:40	4:41	medium	medium	4:40	4:41	4:41	same_surah	label_target_note	ranked_review	As the next verse after the focus, it continues the accounting setting through testimony.	focus_4_40_cutoff_100.tsv	29	84a3b4314b219ebcaea90573ec8609d9baf7a390019f0d7c5607e52845b17310
directional_review	4:40	25:69	strong	strong	4:40	25:69	25:69	cross_surah	label_target_note	ranked_review	Multiplication is applied contrastively to punishment; package evidence treats it as a non-arbitrary accumulation of consequences.	focus_4_40_cutoff_100.tsv	30	8c0a367af672002f9b8627d1e21ecc67f4daf8f02009b727083306d551931823
directional_review	4:40	31:16	strong	strong	4:40	31:16	31:16	cross_surah	label_target_note	ranked_review	Mithqal marks a minute, hidden matter that is nevertheless brought forth, closely supporting precise accountability.	focus_4_40_cutoff_100.tsv	31	e06488cfe53ee21bfc77f3650121dbfa76ba3555d8b74f64d6b6548a149272b2
directional_review	4:40	4:42	medium	medium	4:40	4:42	4:42	same_surah	label_target_note	ranked_review	Its non-concealment and judgment-day setting continue the focus's local account of justice.	focus_4_40_cutoff_100.tsv	32	cc5b5ab7b3fa1aa7e93be2b5269c1d2378371963fab5237abf352d85444c9bc5
directional_review	4:40	95:6	strong	strong	4:40	95:6	95:6	cross_surah	label_target_note	ranked_review	Faithful good work receives an unreduced ajr; package evidence frames this as a just work-and-reward relation.	focus_4_40_cutoff_100.tsv	33	c112ef12550ce048d9d8320372123541378307e611c9f3875674499bf913f73a
directional_review	4:40	42:23	strong	strong	4:40	42:23	42:23	cross_surah	label_target_note	ranked_review	The verse explicitly increases hasanah and also addresses recompense, a close multiplication parallel.	focus_4_40_cutoff_100.tsv	34	bca602261652aca3b4b0b9d2170afcc48c7322587c7ccee0e01eb7449c1cb91e
directional_review	4:40	4:46	no value	no value	4:40	4:46	4:46	same_surah	label_target_note	ranked_review	No direct measure, multiplication, recompense, or divine-source relation is established.	focus_4_40_cutoff_100.tsv	35	ed249b8b647bbdd9c0824eb3d80befb938837ada20c9f0064ee1d1dac4346731
directional_review	4:40	19:5	weak	weak	4:40	19:5	19:5	cross_surah	label_target_note	ranked_review	The min ladunka formula is shared, but the requested guardian is not a reward parallel.	focus_4_40_cutoff_100.tsv	36	f1cb807d412b59a2b55d5f98a1044fbfb9bd21d4d503cb3daf2ad825c46c858b
directional_review	4:40	33:30	strong	strong	4:40	33:30	33:30	cross_surah	label_target_note	ranked_review	The explicitly doubled consequence is a direct contrastive application of the focus's multiplication language.	focus_4_40_cutoff_100.tsv	37	5c657672e4f7c6c70988ef87ee288a57924acbc4389fdb2af08e21c8a386f24e
directional_review	4:40	10:61	strong	strong	4:40	10:61	10:61	cross_surah	label_target_note	ranked_review	Exact mithqal dharrah wording and the comprehensive record closely support exact accountability.	focus_4_40_cutoff_100.tsv	38	e86613cb73c801ac21a4f2b6dda0cab8adf9d058639b1bcaea8466b8cfcacbaa
directional_review	4:40	20:99	medium	medium	4:40	20:99	20:99	cross_surah	label_target_note	ranked_review	The min ladunna bestowal formula gives a source parallel, though not a reward relation.	focus_4_40_cutoff_100.tsv	39	ecb144362f2284d55e3da0b9c78267cb1c562eba313b6f75794b7afcc36fbae0
directional_review	4:40	11:3	medium	medium	4:40	11:3	11:3	cross_surah	label_target_note	ranked_review	Hasan provision and each possessor's due favor present a related proportional-recompense pattern.	focus_4_40_cutoff_100.tsv	40	09a404361144266c74ab885d76c78ed8e98418e376ca1360b46d4b5ae6f5f5a6
directional_review	4:40	4:43	no value	no value	4:40	4:43	4:43	same_surah	label_target_note	ranked_review	No direct measure, multiplication, recompense, or source relation is established.	focus_4_40_cutoff_100.tsv	41	ac66d29b68670c72529184b44574788cb8af294168b148e01656aa44e6fbab47
directional_review	4:40	39:58	medium	medium	4:40	39:58	39:58	cross_surah	label_target_note	ranked_review	Its appeal to be among the muhsinin concerns the good-action category, but not the focus's accounting claim.	focus_4_40_cutoff_100.tsv	42	d932db7e0bbcd3b17134147c21f1152c70dd8fe270714cdfbf761ce3083c54fc
directional_review	4:40	4:110	medium	medium	4:40	4:110	4:110	same_surah	label_target_note	ranked_review	Wronging oneself and forgiveness form a related justice-and-mercy contrast.	focus_4_40_cutoff_100.tsv	43	6b9413e46e9daa5fc3c716dd49df1e53071e05abfb8e482ec445a52b16795757
directional_review	4:40	4:44	no value	no value	4:40	4:44	4:44	same_surah	label_target_note	ranked_review	No direct measure, multiplication, recompense, or source relation is established.	focus_4_40_cutoff_100.tsv	44	d82e28e4db011da9b6bfd6ab3b829bd3425ef838bc5bc9dac7b52295fb871ca3
directional_review	4:40	27:6	medium	medium	4:40	27:6	27:6	cross_surah	label_target_note	ranked_review	The Quran is received min ladun from the Wise and Knowing, a close divine-source parallel.	focus_4_40_cutoff_100.tsv	45	7d78393da0a83d9265ae1f57d4b246900f7303aef2ed55fb13e8273fe5ea2176
directional_review	4:40	9:50	weak	weak	4:40	9:50	9:50	cross_surah	label_target_note	ranked_review	Hasanah occurs only in an account of opponents' reaction.	focus_4_40_cutoff_100.tsv	46	a97554f2de7649173eb6e92dfe83b1be86fd49d1d88605e267163c55bba74203
directional_review	4:40	4:98	no value	no value	4:40	4:98	4:98	same_surah	label_target_note	ranked_review	No direct measure, multiplication, recompense, or source relation is established.	focus_4_40_cutoff_100.tsv	47	8454accdbb182a350093d5d91cf11a3b6612622d1a4d703502b528350afc0990
directional_review	4:40	19:13	medium	medium	4:40	19:13	19:13	cross_surah	label_target_note	ranked_review	Min ladunna compassion and purification give a limited divine-bestowal parallel.	focus_4_40_cutoff_100.tsv	48	9bf1e924562523f4b8bf9913f6b945a39d1455e060b91245d75000fd75802277
directional_review	4:40	4:78	strong	strong	4:40	4:78	4:78	same_surah	label_target_note	ranked_review	The local contrast of hasanah and sayyiah from God directly prepares the following justice discussion.	focus_4_40_cutoff_100.tsv	49	8123e7ccddcb5ae2066df63d5d4c29aa0d73c3dd2178aad4b6e5ea6e6860f7d4
directional_review	4:40	4:45	no value	no value	4:40	4:45	4:45	same_surah	label_target_note	ranked_review	No direct measure, multiplication, recompense, or source relation is established.	focus_4_40_cutoff_100.tsv	50	0ec0ef7af89fe4b2a7395d9f6d0bc1154fc0a833aff59e1f2e26e7373487ce3f
directional_review	4:40	39:35	strong	strong	4:40	39:35	39:35	cross_surah	label_target_note	ranked_review	Recompense by the best of deeds and covering worst deeds supports generous, non-mechanical evaluation.	focus_4_40_cutoff_100.tsv	51	2d6e5cf54f55d7cd8c2a0f7c0390403c6198f466eee8eb9c39c326a294f2130b
directional_review	4:40	4:79	strong	strong	4:40	4:79	4:79	same_surah	label_target_note	ranked_review	Its allocation of hasanah and sayyiah provides the immediate local framework for the focus's justice assertion.	focus_4_40_cutoff_100.tsv	52	ca87ee60857f826112e03eaffc4ca8265c99d751a01af59198fccfea7b06ffff
directional_review	4:40	4:47	no value	no value	4:40	4:47	4:47	same_surah	label_target_note	ranked_review	No direct measure, multiplication, recompense, or source relation is established.	focus_4_40_cutoff_100.tsv	53	7251822e071d8d06f007cd2a9178d8f2d27aa77a28e4623f7f58f16fa71ed7ae
directional_review	4:40	30:39	strong	strong	4:40	30:39	30:39	cross_surah	label_target_note	ranked_review	It contrasts usurious increase with giving that makes givers multiply, directly illuminating the focus's multiplication of good.	focus_4_40_cutoff_100.tsv	54	0baf93dda374a84d8f38955b542f379b9dd9a37cf4fc919d85007d4b8062d027
directional_review	4:40	4:95	strong	strong	4:40	4:95	4:95	same_surah	label_target_note	ranked_review	Greater effort is joined to hasan reward and ajr azim, a close recompense parallel.	focus_4_40_cutoff_100.tsv	55	83e4f471fba9d3fb7dafe0a64fd05ef8b2e33fc1eb7f066a54dc2d8856e7baea
directional_review	4:40	4:172	no value	no value	4:40	4:172	4:172	same_surah	label_target_note	ranked_review	No direct measure, multiplication, recompense, or source relation is established.	focus_4_40_cutoff_100.tsv	56	1a51133e9295d529e99df6ffe9cc53f1d55cc910c9bb3c700657bc00b8426133
directional_review	4:40	16:128	medium	medium	4:40	16:128	16:128	cross_surah	label_target_note	ranked_review	Its pairing of taqwa with muhsinin gives a related positive-action context.	focus_4_40_cutoff_100.tsv	57	1043907c73a35bd766bbce9f4d628f750aaf32fee590a0d0ce97d3646c3ec994
directional_review	4:40	18:49	strong	strong	4:40	18:49	18:49	cross_surah	label_target_note	ranked_review	The record omits neither small nor great and ends by denying injustice, directly matching precise accounting.	focus_4_40_cutoff_100.tsv	58	31bcd6fd4a003c32ece6fc7bb948b2d44bded9f1506ea5b0bf5e011a8211401b
directional_review	4:40	3:34	no value	no value	4:40	3:34	3:34	cross_surah	label_target_note	ranked_review	The offspring term is not the focus's particle term, and no further relation is established.	focus_4_40_cutoff_100.tsv	59	75ba4c5b0f85ae860498a5e51fee2f9967e0bcb7d0978836ad1b801880725381
directional_review	4:40	55:60	strong	strong	4:40	55:60	55:60	cross_surah	label_target_note	ranked_review	The repeated ihsan/jaza formulation directly presents fitting reciprocity for good.	focus_4_40_cutoff_100.tsv	60	344a4d67a7fc0069b6cd30b938934bd738eb12f092a543d2da4a20e5cef13d27
directional_review	4:40	4:75	medium	medium	4:40	4:75	4:75	same_surah	label_target_note	ranked_review	Min ladunka protection and aid form a limited divine-nearness parallel rather than a reward parallel.	focus_4_40_cutoff_100.tsv	61	1dd716763336a8ac56b431f71e7103443a5e97e9bec837246702ad1fa168a14e
directional_review	4:40	4:48	no value	no value	4:40	4:48	4:48	same_surah	label_target_note	ranked_review	No direct measure, multiplication, recompense, or source relation is established.	focus_4_40_cutoff_100.tsv	62	b457da1cd132650a1da440507ab53315c27cb260461540e0f47dcf2a93da2231
directional_review	4:40	26:109	medium	medium	4:40	26:109	26:109	cross_surah	label_target_note	ranked_review	The messenger's ajr being with the Lord establishes a related distinction between service and human payment.	focus_4_40_cutoff_100.tsv	63	c5db9fd077cb4865bff59bc824c215f37215fffaa6ca7a292e02702fb780650b
directional_review	4:40	25:19	medium	medium	4:40	25:19	25:19	cross_surah	label_target_note	ranked_review	Zulm followed by severe punishment gives a related accountability contrast.	focus_4_40_cutoff_100.tsv	64	fa815fd10c7f3b3c3bea8c34eba45fda7f5001791b6087fedced934a374036c4
directional_review	4:40	4:50	no value	no value	4:40	4:50	4:50	same_surah	label_target_note	ranked_review	No direct measure, multiplication, recompense, or source relation is established.	focus_4_40_cutoff_100.tsv	65	25d0004fd5ed71fa37325bef97a62bb0b3591021a542b4f98676f0aebbccc178
directional_review	4:40	55:70	weak	weak	4:40	55:70	55:70	cross_surah	label_target_note	ranked_review	The hasan root describes qualities here, without a recompense or accounting relation.	focus_4_40_cutoff_100.tsv	66	157205b8eb7e5777186b2285bd90b62d5a05e741bed80605f9430e3013e43a2b
directional_review	4:40	3:38	weak	weak	4:40	3:38	3:38	cross_surah	label_target_note	ranked_review	Only the min ladunka formula connects it to the focus; the subject is a request for offspring.	focus_4_40_cutoff_100.tsv	67	1a55092b4dddf89f2ca595172669fe141e7857dff4223c64d2d1d3a4e43a32de
directional_review	4:40	4:101	no value	no value	4:40	4:101	4:101	same_surah	label_target_note	ranked_review	No direct measure, multiplication, recompense, or source relation is established.	focus_4_40_cutoff_100.tsv	68	d102954690e772f396ec148872928fd5787d67a6ffa166874c6810ae1d518b39
directional_review	4:40	26:127	medium	medium	4:40	26:127	26:127	cross_surah	label_target_note	ranked_review	The messenger's ajr being with the Lord gives a related non-human payment pattern.	focus_4_40_cutoff_100.tsv	69	89b772f1afc53cf8b99d4fd60f4b890b802339477a918dcf64c393949af46535
directional_review	4:40	11:17	no value	no value	4:40	11:17	11:17	cross_surah	label_target_note	ranked_review	No direct measure, multiplication, recompense, or source relation is established.	focus_4_40_cutoff_100.tsv	70	d1f622f4b7bab21b96542c5d69841393d90971d47c893dc3b6f163b71f7bf93e
directional_review	4:40	3:54	no value	no value	4:40	3:54	3:54	cross_surah	label_target_note	ranked_review	The word khayr here does not establish the focus's hasanah/recompense relation.	focus_4_40_cutoff_100.tsv	71	67f93ea677419cafe3e13c17f50358888fc1faf920c6885100091928da270a33
directional_review	4:40	29:13	strong	strong	4:40	29:13	29:13	cross_surah	label_target_note	ranked_review	Added burdens for misleading others provide a package-supported, measurable accountability parallel.	focus_4_40_cutoff_100.tsv	72	aec0fa9c3633c242855038cd917deb724020e3f82f94a66db6a01882aabf5c75
directional_review	4:40	19:9	no value	no value	4:40	19:9	19:9	cross_surah	label_target_note	ranked_review	No direct measure, multiplication, recompense, or source relation is established.	focus_4_40_cutoff_100.tsv	73	528b29cd96249179a1dd5d73e1a2d13dc2d7e945a637bb60341ec3a6d1487240
directional_review	4:40	4:51	no value	no value	4:40	4:51	4:51	same_surah	label_target_note	ranked_review	No direct measure, multiplication, recompense, or source relation is established.	focus_4_40_cutoff_100.tsv	74	b66143fb5260bcb21a95fbc4a67bc99a13be8ff36dd1cfa64eb90d08c25c03b1
directional_review	4:40	26:145	medium	medium	4:40	26:145	26:145	cross_surah	label_target_note	ranked_review	The messenger's ajr being with the Lord gives a related non-human payment pattern.	focus_4_40_cutoff_100.tsv	75	58633962cb9643d8fac5ac16a939b8765461dc150274d6519bfc9775bd0c92b6
directional_review	4:40	11:109	medium	medium	4:40	11:109	11:109	cross_surah	label_target_note	ranked_review	An undiminished share is a related assurance against deficient allotment.	focus_4_40_cutoff_100.tsv	76	995ea7e23cf0bd0501ef5bfa4a501762238e607758264012bf5c34c3586024f2
directional_review	4:40	3:146	no value	no value	4:40	3:146	3:146	cross_surah	label_target_note	ranked_review	The root denotes weakness here, not multiplication.	focus_4_40_cutoff_100.tsv	77	54f6d95eb3945eb60d48c67147d13a55387b37e4d3c1aedd3fcd0295366dcacd
directional_review	4:40	3:136	medium	medium	4:40	3:136	3:136	cross_surah	label_target_note	ranked_review	Ajr for workers is a related recompense pattern, though it lacks the focus's measure or multiplication.	focus_4_40_cutoff_100.tsv	78	1ce61d0e9e409f8a0f8ff1c58bf176037cb37f65c70528ef6a60f512d82257a1
directional_review	4:40	40:50	no value	no value	4:40	40:50	40:50	cross_surah	label_target_note	ranked_review	No direct measure, multiplication, recompense, or source relation is established.	focus_4_40_cutoff_100.tsv	79	2cf4a489c72dbf38f6aa6bd406bab8e3f3da1908136abecd2c70ae3ac49dd6fe
directional_review	4:40	4:52	no value	no value	4:40	4:52	4:52	same_surah	label_target_note	ranked_review	No direct measure, multiplication, recompense, or source relation is established.	focus_4_40_cutoff_100.tsv	80	5bd66223f003f7dd1e3c8b756d9ead71f12223c200d1ce7cab1cf7dde60d8c4e
directional_review	4:40	26:164	medium	medium	4:40	26:164	26:164	cross_surah	label_target_note	ranked_review	The messenger's ajr being with the Lord gives a related non-human payment pattern.	focus_4_40_cutoff_100.tsv	81	5b2283ba0c712e7ffa0ccc48294be22706d550bdd64cb54eae9f86172379c687
directional_review	4:40	42:40	strong	strong	4:40	42:40	42:40	cross_surah	label_target_note	ranked_review	Equal requital, forgiveness, repair, and reward directly relate justice to a generous recompense beyond retaliation.	focus_4_40_cutoff_100.tsv	82	c49a8930b29687ee4c480bdc72f07c7bbd13b66234f6cb66829621cbc6c992b8
directional_review	4:40	28:37	medium	medium	4:40	28:37	28:37	cross_surah	label_target_note	ranked_review	Its denial of success to zalimun gives a general accountability parallel.	focus_4_40_cutoff_100.tsv	83	4cecc2e2537f9b310443bc1f1931c649aaf58c4bcdcb0cf350ae593a9e3bb710
directional_review	4:40	101:6	strong	strong	4:40	101:6	101:6	cross_surah	label_target_note	ranked_review	Heavy scales directly continue the focus's imagery of weight in evaluative accounting.	focus_4_40_cutoff_100.tsv	84	d0c1c471e2dc11e44b8a768ea66d2cfcc2981431656b9c5dba3aef5d191cc95a
directional_review	4:40	4:85	medium	medium	4:40	4:85	4:85	same_surah	label_target_note	ranked_review	A good or bad intercession yields a corresponding share, a related individual-accountability pattern.	focus_4_40_cutoff_100.tsv	85	e5abe2ef3fe04bc5876c3c418c4409a13f41c5862e29c21f4eab6b844e4a15ff
directional_review	4:40	4:54	no value	no value	4:40	4:54	4:54	same_surah	label_target_note	ranked_review	Greatness describes dominion here, not the focus's reward or measure.	focus_4_40_cutoff_100.tsv	86	20bd40e43d72c3da4c2439ed5cb7994cd3bc344b337793e1d558e5d6e749ddf0
directional_review	4:40	26:180	medium	medium	4:40	26:180	26:180	cross_surah	label_target_note	ranked_review	The messenger's ajr being with the Lord gives a related non-human payment pattern.	focus_4_40_cutoff_100.tsv	87	1aea69969c71d36c21d804a7885e071135d22c6f9d78d874fc99eeca43541396
directional_review	4:40	42:27	weak	weak	4:40	42:27	42:27	cross_surah	label_target_note	ranked_review	Provision by qadar gives only a broad measured-order parallel.	focus_4_40_cutoff_100.tsv	88	556fb9a5d47b6c34f788899ea8b1ee832219096342c38c9c748f2dc57e978ce2
directional_review	4:40	28:48	no value	no value	4:40	28:48	28:48	cross_surah	label_target_note	ranked_review	No direct measure, multiplication, recompense, or source relation is established.	focus_4_40_cutoff_100.tsv	89	68328a280a5fea40d3a361a28badadf2d897d720fcaa4346dbf22d297aa91fc6
directional_review	4:40	46:12	weak	weak	4:40	46:12	46:12	cross_surah	label_target_note	ranked_review	The muhsinin/zalimun contrast is related only at a broad moral level.	focus_4_40_cutoff_100.tsv	90	03099658463321216017a5b34481424b5a63b35d562cde48209e38f82a192426
directional_review	4:40	35:29	medium	medium	4:40	35:29	35:29	cross_surah	label_target_note	ranked_review	Recitation, prayer, and spending are tied to an enduring trade, a related return-for-action pattern.	focus_4_40_cutoff_100.tsv	91	d2f2980c4c69d120713546a2af24959822242a703673035d1bb3f4f4e3bbfb36
directional_review	4:40	16:90	strong	strong	4:40	16:90	16:90	cross_surah	label_target_note	ranked_review	The command for justice and ihsan directly supplies the balance-and-excess framework reflected in the focus.	focus_4_40_cutoff_100.tsv	92	418553268a58eceae7dea4bff2e487279f6ce0a29a24d982cecdf9517f23df30
directional_review	4:40	4:32	medium	medium	4:40	4:32	4:32	same_surah	label_target_note	ranked_review	Earned shares and divine bounty give a related allocation-and-desert pattern.	focus_4_40_cutoff_100.tsv	93	e2914ca3114fe2517fb5dc3936c1cce041968df03f7b0543372af0389c0ed1f3
directional_review	4:40	37:105	strong	strong	4:40	37:105	37:105	cross_surah	label_target_note	ranked_review	Package evidence treats rewarding muhsinin as recognition of enacted obedience, a close good-deed/recompense parallel.	focus_4_40_cutoff_100.tsv	94	74b2b2141170f9fbca1440c1a8f8c713436080eff078ce2a2a675d169958418a
directional_review	4:40	2:259	no value	no value	4:40	2:259	2:259	cross_surah	label_target_note	ranked_review	No direct measure, multiplication, recompense, or source relation is established.	focus_4_40_cutoff_100.tsv	95	ffbde37ee49adedd06f4281a10ca09fbc856c1829e98cb26c49d10a7113639b1
directional_review	4:40	39:34	strong	strong	4:40	39:34	39:34	cross_surah	label_target_note	ranked_review	Jaza for muhsinin directly supplies the focus's good-action/recompense pattern.	focus_4_40_cutoff_100.tsv	96	e414a50788f6e4ea7d1a559e360eed8ef09f8641985e728a26fc732a25291a70
directional_review	4:40	2:102	no value	no value	4:40	2:102	2:102	cross_surah	label_target_note	ranked_review	No direct measure, multiplication, recompense, or source relation is established.	focus_4_40_cutoff_100.tsv	97	bbe024138b215e07d2e63d4736fdc11e1d4a171540e12e0d2562c4e8137f9455
directional_review	4:40	7:170	strong	strong	4:40	7:170	7:170	cross_surah	label_target_note	ranked_review	The assurance that reformers' ajr is not lost directly corroborates preserved recompense.	focus_4_40_cutoff_100.tsv	98	e56e6d5456c9341865b306c19f6b0f9c86736a9ec4d86d83eddb3d5148db2ef8
directional_review	4:40	78:13	no value	no value	4:40	78:13	78:13	cross_surah	label_target_note	ranked_review	No direct measure, multiplication, recompense, or source relation is established.	focus_4_40_cutoff_100.tsv	99	7d2a16cb1a6afafc7de15241d5aecdb12266c7e2f0a0f0eab0fe7c4c3264d3a8
directional_review	4:40	7:56	medium	medium	4:40	7:56	7:56	cross_surah	label_target_note	ranked_review	Mercy is near to muhsinin, giving a related good-action and divine-favor pattern.	focus_4_40_cutoff_100.tsv	100	1b36e6c96298ace109d04004aeeb2f4f04c45c52acded18308b31762f1f04cb8
directional_review	4:40	2:261	strong	strong	4:40	2:261	2:261	cross_surah	label_target_note	missing_ayah_suggestion	The explicit seven-hundred-fold multiplication of spending is a major omitted parallel to yuda'ifuha.	focus_4_40_cutoff_100.tsv	101	c7f51629acbd92e9def40e9af046aed4bb82736b322e7698468dbc6b1e28942c
directional_review	4:40	2:272	strong	strong	4:40	2:272	2:272	cross_surah	label_target_note	missing_ayah_suggestion	Full repayment for good spending together with la tuzlamun directly supports complete, non-deficient recompense.	focus_4_40_cutoff_100.tsv	102	ca9a87a8754d004e2b154fa0fc9adceda572df18b17776b01b28d24fe47b806b
directional_review	4:40	2:274	medium	medium	4:40	2:274	2:274	cross_surah	label_target_note	missing_ayah_suggestion	Spending is assigned an ajr with the Lord, a related divine-recompense pattern.	focus_4_40_cutoff_100.tsv	103	d1962bc9288beb280d37a42ba2373c12b54f52b29cd54ee3f97f726a711f1533
directional_review	4:40	2:277	medium	medium	4:40	2:277	2:277	cross_surah	label_target_note	missing_ayah_suggestion	Faith, righteous action, and zakah are followed by ajr with the Lord.	focus_4_40_cutoff_100.tsv	104	04ea8d70e09b90da80051c2a34cab55e80b574212c282055244f493234faa8a7
directional_review	4:40	3:25	strong	strong	4:40	3:25	3:25	cross_surah	label_target_note	missing_ayah_suggestion	Every soul is paid in full and not wronged, directly paralleling the focus's justice claim.	focus_4_40_cutoff_100.tsv	105	ce2effb4fc950e9ce194e72d37bd02ef2e0ce047190bf4fceee69b5ef47ace41
directional_review	4:40	3:57	medium	medium	4:40	3:57	3:57	cross_surah	label_target_note	missing_ayah_suggestion	The verse explicitly states that God rewards the muhsinin.	focus_4_40_cutoff_100.tsv	106	bd04b160b1f489c25feded19e185dcbf206755885798e59223c5c2971a18494e
directional_review	4:40	3:148	strong	strong	4:40	3:148	3:148	cross_surah	label_target_note	missing_ayah_suggestion	It joins ajr hasan with the muhsinin, a close good-action/reward parallel.	focus_4_40_cutoff_100.tsv	107	fb63b4a096dedbad50167cb1b7894bbe97ed110867f3b848193e258c7cccc078
directional_review	4:40	3:161	strong	strong	4:40	3:161	3:161	cross_surah	label_target_note	missing_ayah_suggestion	The full payment of every soul on the accounting day and denial of zulm are directly relevant.	focus_4_40_cutoff_100.tsv	108	677e3fc29157063b4e768c02fe2d8fca9a138f5bba3a6aa08ef5fc0f1dcf0159
directional_review	4:40	3:195	strong	strong	4:40	3:195	3:195	cross_surah	label_target_note	missing_ayah_suggestion	The refusal to let any worker's deed be lost is a core preservation-of-deeds parallel.	focus_4_40_cutoff_100.tsv	109	d6bf99dfa93fe57f1c6690d9940e083feb0daed43c71c7ab77434dec8d22b1ef
directional_review	4:40	4:77	strong	strong	4:40	4:77	4:77	same_surah	label_target_note	missing_ayah_suggestion	The denial of injustice even by a fatil is a close minute-measure justice parallel.	focus_4_40_cutoff_100.tsv	110	0b5e4481129db801a5e3e2540ebe04cf7ad71e7902c30abc84852fdace092c4d
directional_review	4:40	4:124	strong	strong	4:40	4:124	4:124	same_surah	label_target_note	missing_ayah_suggestion	Righteous action is followed by the denial of injustice even by a naqir.	focus_4_40_cutoff_100.tsv	111	a72a97031cf474589023b7d786183347ed5ba2edaf5255e1a1c781edb7db30f8
directional_review	4:40	4:134	medium	medium	4:40	4:134	4:134	same_surah	label_target_note	missing_ayah_suggestion	Its twofold mention of ajr frames divine recompense beyond a single worldly horizon.	focus_4_40_cutoff_100.tsv	112	4dc0893cb35ffdb5553a89a9235f4d1160c718d9d0490965b265c3390cf3ec22
directional_review	4:40	4:146	strong	strong	4:40	4:146	4:146	same_surah	label_target_note	missing_ayah_suggestion	Its ajr azim for the faithful is a close great-reward parallel.	focus_4_40_cutoff_100.tsv	113	34e18fc04c909ccba32b83feef2b10c629b5ec89b8a9957665dbdb16b44a5f14
directional_review	4:40	4:173	strong	strong	4:40	4:173	4:173	same_surah	label_target_note	missing_ayah_suggestion	The faithful receive their ajr in full and an increase from divine bounty.	focus_4_40_cutoff_100.tsv	114	d0d44f32c9df8cc8714c0b6d41c4c07979d5c55ce205414b0474902ce26f0351
directional_review	4:40	5:9	strong	strong	4:40	5:9	5:9	cross_surah	label_target_note	missing_ayah_suggestion	Faith and righteous action are joined to forgiveness and ajr azim.	focus_4_40_cutoff_100.tsv	115	2f985ec4bd9f63a725eed7ad9bcf40b24caed8b3c5b279f57c699f3d01c48c14
directional_review	4:40	6:160	strong	strong	4:40	6:160	6:160	cross_surah	label_target_note	missing_ayah_suggestion	A hasanah receives tenfold return, while a sayyiah is requited only by its like and without zulm.	focus_4_40_cutoff_100.tsv	116	fe191ec88756e7d088ebec32d4a8820402f7c26f15c9135efb0c801f4d03a7a7
directional_review	4:40	7:8	strong	strong	4:40	7:8	7:8	cross_surah	label_target_note	missing_ayah_suggestion	The heavy scales give a direct evaluative-weight parallel to mithqal.	focus_4_40_cutoff_100.tsv	117	94e6e7b35b16b53293104974b6fc782b5d16db157fd2135bede2842ff2eaafbe
directional_review	4:40	7:9	strong	strong	4:40	7:9	7:9	cross_surah	label_target_note	missing_ayah_suggestion	The light scales give the corresponding negative side of weighted accountability.	focus_4_40_cutoff_100.tsv	118	67d5e51786c50ad5153b7e0c12c06c1426d745f6218259c1101352d8d42bfd32
directional_review	4:40	7:42	strong	strong	4:40	7:42	7:42	cross_surah	label_target_note	missing_ayah_suggestion	The verse combines righteous action with the assurance that people are not wronged.	focus_4_40_cutoff_100.tsv	119	d510230aef76734c848602c444495508236d889896757d379a6ad3a6b2ddf66a
directional_review	4:40	9:120	medium	medium	4:40	9:120	9:120	cross_surah	label_target_note	missing_ayah_suggestion	Even the smallest experienced burden and action is written, supporting preserved accountability.	focus_4_40_cutoff_100.tsv	120	0326226339b8f1cd082017be4634549e9ed206600d07efb5993984b4ee8d5c8b
directional_review	4:40	9:121	strong	strong	4:40	9:121	9:121	cross_surah	label_target_note	missing_ayah_suggestion	Small and large expenditure are both written, a close no-omission parallel.	focus_4_40_cutoff_100.tsv	121	0c45f457c9e5287966e0a7d8edb8de0077c5bd5711c5925ca5fbcb561bd3b70e
directional_review	4:40	11:11	strong	strong	4:40	11:11	11:11	cross_surah	label_target_note	missing_ayah_suggestion	Patience and righteous action are followed by ajr kabir.	focus_4_40_cutoff_100.tsv	122	828bd7950b583e406f334646a05dce095b72f0b253d2a4eee7e7d2f5027ef73d
directional_review	4:40	11:115	strong	strong	4:40	11:115	11:115	cross_surah	label_target_note	missing_ayah_suggestion	The non-loss of the muhsinin's ajr directly corroborates preserved recompense.	focus_4_40_cutoff_100.tsv	123	bddfeb43ed7c62fd34bbab1712d424a6ed0f3e11fa053d5e3056bfdba499855d
directional_review	4:40	12:56	strong	strong	4:40	12:56	12:56	cross_surah	label_target_note	missing_ayah_suggestion	The statement that the muhsinin's ajr is not lost is directly relevant.	focus_4_40_cutoff_100.tsv	124	925cb9ebabc0d9c4aecfab5f5471a368f408b80a9e0ad3a02e37d7db11d9cebe
directional_review	4:40	16:96	strong	strong	4:40	16:96	16:96	cross_surah	label_target_note	missing_ayah_suggestion	The verse promises ajr according to the best of what was done.	focus_4_40_cutoff_100.tsv	125	a24cff75362ab91cfb38d752b434f3602c99e3b25674e1eb38a2ceab010c8c45
directional_review	4:40	16:97	strong	strong	4:40	16:97	16:97	cross_surah	label_target_note	missing_ayah_suggestion	Righteous action receives a good life and ajr according to the best deeds.	focus_4_40_cutoff_100.tsv	126	f8e30153d0921c49096dedc54d5140fc0c19acaf877f2e47a9783c4d71b2a831
directional_review	4:40	16:111	strong	strong	4:40	16:111	16:111	cross_surah	label_target_note	missing_ayah_suggestion	Every soul is paid in full and not wronged.	focus_4_40_cutoff_100.tsv	127	c303f05772481a9d97b032c65dce23d93997c1fbd65aacc6d036f3640f6bbd26
directional_review	4:40	17:9	strong	strong	4:40	17:9	17:9	cross_surah	label_target_note	missing_ayah_suggestion	Righteous action is followed by ajr kabir.	focus_4_40_cutoff_100.tsv	128	3d3a818832fa07f353454ca35d3a1b876f8251052bc9ea3092531a36c450f226
directional_review	4:40	18:30	strong	strong	4:40	18:30	18:30	cross_surah	label_target_note	missing_ayah_suggestion	The non-loss of the ajr of those who do good directly supports the focus's preservation of good.	focus_4_40_cutoff_100.tsv	129	8bf02e8e7b6e106cba1be4691bd3a8efe2fef664851fb910e8d4f01fb08047a5
directional_review	4:40	18:88	medium	medium	4:40	18:88	18:88	cross_surah	label_target_note	missing_ayah_suggestion	Faith and righteous action are paired with al-jaza al-husna.	focus_4_40_cutoff_100.tsv	130	15e2e0fe401eb95212e3f833572911aa960967802c90a1d9108e6987886cd010
directional_review	4:40	20:15	strong	strong	4:40	20:15	20:15	cross_surah	label_target_note	missing_ayah_suggestion	Each soul is recompensed for what it strives for, a direct individual-accountability parallel.	focus_4_40_cutoff_100.tsv	131	cb49ab6d69aa00b85cfb533a95779b7dfe82d80d22ea1bd6166ec55dc83b86a0
directional_review	4:40	20:112	strong	strong	4:40	20:112	20:112	cross_surah	label_target_note	missing_ayah_suggestion	The denial of zulm and hadm supplies a close justice-and-non-diminution parallel.	focus_4_40_cutoff_100.tsv	132	3a76a9fa29e5c616695bf3a2fc649f2930b81c06b4db289442fdac1a517ab50c
directional_review	4:40	21:47	strong	strong	4:40	21:47	21:47	cross_surah	label_target_note	missing_ayah_suggestion	Scales of justice, a mustard-seed weight, and sufficient reckoning form one of the closest omitted parallels.	focus_4_40_cutoff_100.tsv	133	fbf85cead6bb52fa5967cabd6f8fe9bbaaf63013ea4d03eb5c123cf1b576302e
directional_review	4:40	22:10	medium	medium	4:40	22:10	22:10	cross_surah	label_target_note	missing_ayah_suggestion	Its denial of divine zulm grounds accountability in what hands have put forward.	focus_4_40_cutoff_100.tsv	134	b4d0e9c2d929bd1e5942e5cce5e78d54d39179bfedce461ffa7870234e192a9b
directional_review	4:40	22:50	medium	medium	4:40	22:50	22:50	cross_surah	label_target_note	missing_ayah_suggestion	Faith and righteous action are followed by a generous ajr.	focus_4_40_cutoff_100.tsv	135	99ad42cdff9ea07e47b662cb2d398398f5e48e8040427204b48c20f314d4ce70
directional_review	4:40	23:61	medium	medium	4:40	23:61	23:61	cross_surah	label_target_note	missing_ayah_suggestion	Competition in good deeds supplies a related hasanat-action context.	focus_4_40_cutoff_100.tsv	136	44cf6ac9fae66c5148972368de1f2c0184502197cabbc9cee9d1a7e9e32096ac
directional_review	4:40	23:62	strong	strong	4:40	23:62	23:62	cross_surah	label_target_note	missing_ayah_suggestion	The record speaks truth and people are not wronged, a direct accounting parallel.	focus_4_40_cutoff_100.tsv	137	a75395a9b90019a27aeff208d0c8a1fee7e54ca9652a070e084f6b1da47f1842
directional_review	4:40	24:38	strong	strong	4:40	24:38	24:38	cross_surah	label_target_note	missing_ayah_suggestion	God rewards the best of deeds and increases from bounty.	focus_4_40_cutoff_100.tsv	138	fe7d8915a9040cffa898aa161620567b4a668b6a98766b89903d6bcb1c6d7ebb
directional_review	4:40	27:89	strong	strong	4:40	27:89	27:89	cross_surah	label_target_note	missing_ayah_suggestion	A hasanah receives what is better than it, directly supporting generous positive return.	focus_4_40_cutoff_100.tsv	139	819dd17d5112960b63bf9849835436f5ccacd3b013fcc88fa4b4dd12756d960d
directional_review	4:40	28:84	strong	strong	4:40	28:84	28:84	cross_surah	label_target_note	missing_ayah_suggestion	A hasanah receives what is better than it, while evil is not increased beyond its deed.	focus_4_40_cutoff_100.tsv	140	c5168d86d96c67b553e66249e544d64e6ebaac532e0bb968d2631675981c3726
directional_review	4:40	29:7	strong	strong	4:40	29:7	29:7	cross_surah	label_target_note	missing_ayah_suggestion	Bad deeds are covered and righteous action is rewarded by the best of what was done.	focus_4_40_cutoff_100.tsv	141	6720ca358303a9ab558a9a3d2738ef65cca3c759264c842ceb54b6c33e43b5c1
directional_review	4:40	29:58	medium	medium	4:40	29:58	29:58	cross_surah	label_target_note	missing_ayah_suggestion	Faithful righteous action is assigned an enduring settlement as ajr for workers.	focus_4_40_cutoff_100.tsv	142	1fcd23a0b556c3e805dedca678f88b946ff316b7adfa568e11c0ccfcd96d8725
directional_review	4:40	32:17	strong	strong	4:40	32:17	32:17	cross_surah	label_target_note	missing_ayah_suggestion	The concealed reward for deeds gives a direct good-action/recompense parallel.	focus_4_40_cutoff_100.tsv	143	bad2d43de49d5054e24578ef2a964a3ce0812db0ce3e77748cc7c4bef55d93ae
directional_review	4:40	33:31	strong	strong	4:40	33:31	33:31	cross_surah	label_target_note	missing_ayah_suggestion	Obedience is followed by ajr karim.	focus_4_40_cutoff_100.tsv	144	479b64429742824f1352cdcaee5e4251625f6aba146cd2399c64c011ef5f6d1a
directional_review	4:40	33:35	strong	strong	4:40	33:35	33:35	cross_surah	label_target_note	missing_ayah_suggestion	The listed faithful deeds are followed by forgiveness and ajr azim.	focus_4_40_cutoff_100.tsv	145	4b7f63f1769698d07bbe12639d9b7e43a9a6657b463b27a9ace13f51a605ebfc
directional_review	4:40	34:4	medium	medium	4:40	34:4	34:4	cross_surah	label_target_note	missing_ayah_suggestion	Faithful righteous action is followed by forgiveness and generous provision.	focus_4_40_cutoff_100.tsv	146	49d1a6e393dcde6bc82c279294c939ff53f18e43ee7addcba6a43f467a5ef232
directional_review	4:40	35:7	strong	strong	4:40	35:7	35:7	cross_surah	label_target_note	missing_ayah_suggestion	The faithful who do righteous action receive ajr kabir.	focus_4_40_cutoff_100.tsv	147	002b8618506a83a4fcf24ae440750c8df2b8e857ba6bb30b7940c5caf5edcaba
directional_review	4:40	35:30	strong	strong	4:40	35:30	35:30	cross_surah	label_target_note	missing_ayah_suggestion	Rewards are paid in full and increased from bounty, closely paralleling multiplication and extra favor.	focus_4_40_cutoff_100.tsv	148	4a06da9a7bdf3c05982b4e71fc929a9741c0f4c2729b32ab925f0b2f7e0aeae0
directional_review	4:40	36:54	strong	strong	4:40	36:54	36:54	cross_surah	label_target_note	missing_ayah_suggestion	No soul is wronged and each is recompensed only for what it did.	focus_4_40_cutoff_100.tsv	149	52a0ba0452aae2e43ebabf3a1898bb6e9c75547c441ea761f226c3ac079ee485
directional_review	4:40	39:10	strong	strong	4:40	39:10	39:10	cross_surah	label_target_note	missing_ayah_suggestion	The patient receive ajr without count, a strong generous-recompense parallel.	focus_4_40_cutoff_100.tsv	150	09c007c5c41275ce819d096bd3a520e7ad793818ebeb818d48609039566b7e44
directional_review	4:40	40:17	strong	strong	4:40	40:17	40:17	cross_surah	label_target_note	missing_ayah_suggestion	Every soul is recompensed for what it earned and no zulm occurs that day.	focus_4_40_cutoff_100.tsv	151	688350ba27d3801b092751b2a0231c4e420f17ae65788cdfdb675ff33d94c5da
directional_review	4:40	40:40	strong	strong	4:40	40:40	40:40	cross_surah	label_target_note	missing_ayah_suggestion	A hasanah is met with a better life, while evil is requited only by its like.	focus_4_40_cutoff_100.tsv	152	c434caaeca498bbd35c1c441f745ad082f66e1d9b7321da553d01e80dfc27bac
directional_review	4:40	45:22	strong	strong	4:40	45:22	45:22	cross_surah	label_target_note	missing_ayah_suggestion	Each soul is recompensed for what it earned and is not wronged.	focus_4_40_cutoff_100.tsv	153	f94027ca6e807476eaf224cea5fb7921854e06ac7d88828437707922d2c500cb
directional_review	4:40	46:19	strong	strong	4:40	46:19	46:19	cross_surah	label_target_note	missing_ayah_suggestion	Deeds are paid in full and no zulm occurs.	focus_4_40_cutoff_100.tsv	154	e88a6be516d88ec6d29aa3ec26e3aad1d4da8d4c0fc746e9753cbf2a31b5350a
directional_review	4:40	53:31	strong	strong	4:40	53:31	53:31	cross_surah	label_target_note	missing_ayah_suggestion	Evil and ihsan are set within a recompense framework.	focus_4_40_cutoff_100.tsv	155	2740ba6f21d2bffb74423ffbf3386c52a2e9fe5b34314de8f78bf275b06c226f
directional_review	4:40	53:39	medium	medium	4:40	53:39	53:39	cross_surah	label_target_note	missing_ayah_suggestion	A person's striving is made the basis for later accounting.	focus_4_40_cutoff_100.tsv	156	7f807e57f7b3725f7c0876d803db417cb648d9b28b59f2b8491af264b560b352
directional_review	4:40	53:40	medium	medium	4:40	53:40	53:40	cross_surah	label_target_note	missing_ayah_suggestion	The visibility of striving supplies a related evidence-for-recompense step.	focus_4_40_cutoff_100.tsv	157	6b1ad17a9dc00870b74800550f601db7669b958a1037cbfa844bcb5bc898ee5f
directional_review	4:40	53:41	strong	strong	4:40	53:41	53:41	cross_surah	label_target_note	missing_ayah_suggestion	Striving is followed by the fullest recompense.	focus_4_40_cutoff_100.tsv	158	faaae4257bec30290abb0caa0a001efc25b2d7c94b9bdd477c5e33c2611bd181
directional_review	4:40	57:21	strong	strong	4:40	57:21	57:21	cross_surah	label_target_note	missing_ayah_suggestion	Forgiveness and ajr azim are directly joined.	focus_4_40_cutoff_100.tsv	159	220ab92b8c65976a4336dd99ae585229f51a8c06e4dcd2e82efbe5c4b48020a8
directional_review	4:40	57:28	strong	strong	4:40	57:28	57:28	cross_surah	label_target_note	missing_ayah_suggestion	The promise of a double share of mercy is a direct multiplication parallel.	focus_4_40_cutoff_100.tsv	160	0d7ce98552a3f47d1276459717256d77709400d080da2fc723c7b0a6fb5a519a
directional_review	4:40	65:11	strong	strong	4:40	65:11	65:11	cross_surah	label_target_note	missing_ayah_suggestion	Faith and righteous action lead to a reward for abiding good action.	focus_4_40_cutoff_100.tsv	161	438caf8f065a1d033c14b3755a086c28f4dc1450d9f0db3a4e8ec9aeec542319
directional_review	4:40	67:12	strong	strong	4:40	67:12	67:12	cross_surah	label_target_note	missing_ayah_suggestion	Forgiveness and ajr kabir form a close great-reward parallel.	focus_4_40_cutoff_100.tsv	162	17b06c95252b56fbf2480db73f3c93e23b94cc8f4bb225dcf727a298a798a6a4
directional_review	4:40	74:38	medium	medium	4:40	74:38	74:38	cross_surah	label_target_note	missing_ayah_suggestion	Each soul being held by what it earned gives a related individual-accountability parallel.	focus_4_40_cutoff_100.tsv	163	5805468697245a2e4ac3b64477a8dfe75bab46b217765d027a3d86e511f20221
directional_review	4:40	76:22	strong	strong	4:40	76:22	76:22	cross_surah	label_target_note	missing_ayah_suggestion	The verse explicitly identifies the result as recompense for the prior striving.	focus_4_40_cutoff_100.tsv	164	fa120c7b2630405d191b184dfaa2bd9ab9525035c66a436fdf820caec8a84953
directional_review	4:40	78:36	strong	strong	4:40	78:36	78:36	cross_surah	label_target_note	missing_ayah_suggestion	Jaza'an and ata'an give a direct recompense-and-gift parallel.	focus_4_40_cutoff_100.tsv	165	15cb0ee915a878611fc8b3d6fb428c9838e1971874dcaaafb8fa486f1716a22f
directional_review	4:40	84:25	strong	strong	4:40	84:25	84:25	cross_surah	label_target_note	missing_ayah_suggestion	Faith and righteous action receive ajr not cut off.	focus_4_40_cutoff_100.tsv	166	21fbef7c16f1c3e64c7b51300d31e6457b3fc7c6661d960a8b8e9b279f4a64a5
directional_review	4:40	98:8	strong	strong	4:40	98:8	98:8	cross_surah	label_target_note	missing_ayah_suggestion	The recompense of those who believe and do righteous action is explicitly set out.	focus_4_40_cutoff_100.tsv	167	94638e1678d74a5ff3571041c83951d6310a8f8d2095c0134c36c01d36c251d7
reciprocal_nomination	4:40	2:112		medium	2:112	4:40	4:40	cross_surah	label_target_note	ranked_review	Frames divine recompense as non-oppressive and multiplied for a hasanah, enriching the reward dimension.	focus_2_112_cutoff_100.tsv	6	3a26aaaa886a0ff523463b8b124efc22df3bdfd77fd2e891931e170d44e05155
reciprocal_nomination	4:40	2:182		medium	2:182	4:40	4:40	cross_surah	label_target_note	missing_ayah_suggestion	Affirms that Allah does not wrong even an atom's weight, a justice norm for apportionment.	focus_2_182_cutoff_100.tsv	145	241792538443acd4339b1c495200a44b6c8698c76a176c82cab23e92535fca34
reciprocal_nomination	4:40	2:202		strong	2:202	4:40	4:40	cross_surah	label_target_note	missing_ayah_suggestion	Affirms that God does not wrong even the smallest measure and multiplies good.	focus_2_202_cutoff_100.tsv	107	e8e663266fae573084ce5af84cc567830f8df5b2f66eb697b6aaa78a9bcca84b
reciprocal_nomination	4:40	2:245		strong	2:245	4:40	4:40	cross_surah	label_target_note	ranked_review	Establishes that Allah multiplies a good deed without injustice and grants great reward.	focus_2_245_cutoff_100.tsv	6	2d2a8478b8e9bdd981580733b8504e8b8a68f47d318bb14b791ab8cfe65c8ca9
reciprocal_nomination	4:40	2:265		medium	2:265	4:40	4:40	cross_surah	label_target_note	ranked_review	Allah's multiplication of a good deed generally supports the doubled yield promised in 2:265.	focus_2_265_cutoff_100.tsv	92	0dbf75d51407d64f073ea282f087dcfd3b41c072cf0302a77372e043c0a9c1de
reciprocal_nomination	4:40	2:272		strong	2:272	4:40	4:40	cross_surah	label_target_note	missing_ayah_suggestion	God does not wrong even an atom's weight and multiplies good, strongly supporting 2:272's justice and return.	focus_2_272_cutoff_100.tsv	115	6582b9d4a406cc50716a47c369ae2f1825d950245bc2b8c9780aa5a619a891ff
reciprocal_nomination	4:40	2:281		strong	2:281	4:40	4:40	cross_surah	label_target_note	missing_ayah_suggestion	Explicitly denies even an atom's weight of divine injustice and promises multiplied reward.	focus_2_281_cutoff_100.tsv	104	a10f70b1ca3e24ecc668c0aa7b8fa9264341fc7cb129604a915269404abed443
reciprocal_nomination	4:40	2:286		strong	2:286	4:40	4:40	cross_surah	label_target_note	missing_ayah_suggestion	God does not wrong even an atom and multiplies good.	focus_2_286_cutoff_100.tsv	118	304d4eb45d323658a069d0856943781f0a9e8f48042059b49181f9265ba71744
reciprocal_nomination	4:40	3:6		weak	3:6	4:40	4:40	cross_surah	label_target_note	ranked_review	Perfect justice gives only a remote wisdom context.	focus_3_6_cutoff_100.tsv	98	58ddfe9393dda00074ca85f2e238f52b100da6f2e5467037271f7c24d38bfbda
reciprocal_nomination	4:40	3:25		strong	3:25	4:40	4:40	cross_surah	label_target_note	missing_ayah_suggestion	Supplies the smallest-scale denial of wrong and distinguishes reward from added bounty.	focus_3_25_cutoff_100.tsv	105	2ad6244f27bb7184ce25dddfcbd1e76db94c70197118203f28a60d352b955ba9
reciprocal_nomination	4:40	3:30		strong	3:30	4:40	4:40	cross_surah	label_target_note	missing_ayah_suggestion	The atom-weight measure and multiplied good directly sharpen the exactness of final recompense.	focus_3_30_cutoff_100.tsv	104	26d77928eec8898e9b33c70530e3ec5f6edd9e265224a7894aba2a14fe2e26a6
reciprocal_nomination	4:40	3:34		weak	3:34	4:40	4:40	cross_surah	label_target_note	ranked_review	The minute-measure wording is secondary and channel resonance is not localized to lineage.	focus_3_34_cutoff_100.tsv	52	42e42df281df838c70ae3aaba3ed78b2a8081ddf8212b3fa6c33b00745f62da3
reciprocal_nomination	4:40	3:54		weak	3:54	4:40	4:40	cross_surah	label_target_note	ranked_review	Branch resonance joins a threshing channel, but remains non-localized.	focus_3_54_cutoff_100.tsv	40	2549db2b4359293d26311e4c0d4eee3d4fa1e3fe996947cef2d1e73f9f3ca5ca
reciprocal_nomination	4:40	3:57		strong	3:57	4:40	4:40	cross_surah	label_target_note	missing_ayah_suggestion	Explicitly denies even the slightest divine wronging and multiplies a good deed into reward.	focus_3_57_cutoff_100.tsv	103	0ec8bea26a9f5bb9d8a4042bd024662f0ac6f5af9f5c8b7dace7cebd15ca5217
reciprocal_counterevidence	4:40	3:67		no value	3:67	4:40	4:40	cross_surah	label_target_note	ranked_review	No material connection.	focus_3_67_cutoff_100.tsv	94	53398e462cc818c521965b5c4eb0fcbfbdeaf233213d76e000cda75ecdecc246
reciprocal_nomination	4:40	3:104		weak	3:104	4:40	4:40	cross_surah	label_target_note	ranked_review	The multiplication of a good deed affirms its worth but not communal moral responsibility.	focus_3_104_cutoff_100.tsv	71	3a5d45594e481711d72961da2d2560d3039e554c3f69f0f3f78baa9baf2b2340
reciprocal_nomination	4:40	3:115		strong	3:115	4:40	4:40	cross_surah	label_target_note	missing_ayah_suggestion	A حسنة is multiplied and given an عظيما reward, directly extending the target's assurance.	focus_3_115_cutoff_100.tsv	114	7703c77f02dafbc6c4560ed1d04ef3094cf809641878ad3dda3366baa4df25d5
reciprocal_nomination	4:40	3:117		strong	3:117	4:40	4:40	cross_surah	label_target_note	missing_ayah_suggestion	Explicitly denies even the slightest divine injustice, anchoring the target's final claim.	focus_3_117_cutoff_100.tsv	116	70896d85639c752794be686c96200cba5110389023b2e56ec22c5d04d0f8395c
reciprocal_nomination	4:40	3:130		strong	3:130	4:40	4:40	cross_surah	label_target_note	ranked_review	States exact divine justice: good may be multiplied while no atom's weight is wronged.	focus_3_130_cutoff_100.tsv	38	bf6689c0a2dd303ee4e229eec2ea1a0d0f7a0fbdf1f3624d89ea551ace4b3778
reciprocal_counterevidence	4:40	3:146		no value	3:146	4:40	4:40	cross_surah	label_target_note	ranked_review	Divine justice and multiplication do not clarify endurance.	focus_3_146_cutoff_100.tsv	54	df812f232acf0082e43361036fa3fc2571db423f1bda5cbc87aaff3e03f73c3c
reciprocal_nomination	4:40	3:148		medium	3:148	4:40	4:40	cross_surah	label_target_note	missing_ayah_suggestion	Establishes that even minimal good is multiplied and rewarded from God.	focus_3_148_cutoff_100.tsv	110	de9862e7e3cea14cb91f5b479cd724a985568eec8e1005fffac2ba7e9dc688d2
reciprocal_nomination	4:40	3:161		strong	3:161	4:40	4:40	cross_surah	label_target_note	missing_ayah_suggestion	Non-wronging at the smallest measure sharpens the focal assurance of exact justice.	focus_3_161_cutoff_100.tsv	109	43f8358e7aff667b36e813782cd4575959e9fa4a590363016dd3328ef124f263
reciprocal_nomination	4:40	3:163		strong	3:163	4:40	4:40	cross_surah	label_target_note	missing_ayah_suggestion	Even the smallest wrong is excluded and good is multiplied, adding precision and generosity to assessment.	focus_3_163_cutoff_100.tsv	107	1a1ee81b39ce0a98ca5212379ecb9f34c45efe535e15c9787bddd8199c7c921b
reciprocal_nomination	4:40	3:171		medium	3:171	4:40	4:40	cross_surah	label_target_note	ranked_review	Frames recompense through divine non-injustice and multiplication of good, adding an equity dimension.	focus_3_171_cutoff_100.tsv	53	a736d66a436e7b093117442eb741290259849b1bcfd84f0cf4c39ae1d709f88a
reciprocal_nomination	4:40	3:174		weak	3:174	4:40	4:40	cross_surah	label_target_note	ranked_review	Divine multiplication and great reward only broadly echo immense grace.	focus_3_174_cutoff_100.tsv	91	98a5fc2f312dddf57800e45408dfff3ee49744d9cf631ff10ab152d3728e9b5e
reciprocal_nomination	4:40	3:182		medium	3:182	4:40	4:40	cross_surah	label_target_note	missing_ayah_suggestion	Direct non-zulm boundary at the smallest measure, with multiplication of good.	focus_3_182_cutoff_100.tsv	106	698e5713a63591c8eff5f26a3384dcf7c04f1163a1dee575b1f22b5c01deab35
reciprocal_nomination	4:40	4:36		medium	4:36	4:40	4:40	same_surah	label_target_note	ranked_review	Immediate continuation supplies the divine justice and reward frame for the focus's good action.	focus_4_36_cutoff_100.tsv	17	cf5fb658c7bfdc5ebeb40cb69a1db71f68b89d7b1f6ae0117bb12b0e0daf81f2
reciprocal_nomination	4:40	4:37		medium	4:37	4:40	4:40	same_surah	label_target_note	ranked_review	Same pericope: just measure, multiplication, and gift provide a counterpoint to suppression.	focus_4_37_cutoff_100.tsv	23	9c1730d9815ececad653264c3322a488dead75d4a453511d8feafdba95835b48
reciprocal_nomination	4:40	4:38		medium	4:38	4:40	4:40	same_surah	label_target_note	ranked_review	It immediately grounds the focus's conduct in exact divine judgment and multiplication of a good deed.	focus_4_38_cutoff_100.tsv	20	9ac12b3310c73cf49198c141fb2e852983b68a8caa4accba52f8a0cd0f5b20cc
reciprocal_nomination	4:40	4:39		strong	4:39	4:40	4:40	same_surah	label_target_note	ranked_review	The next verse anchors the focus in Allah's exact justice and multiplication of good.	focus_4_39_cutoff_100.tsv	17	129ce61e5c5ac3a13c5b2afcb2fba13fae6ae861bbe61e8ba02ac40a52227bd3
reciprocal_nomination	4:40	4:41		strong	4:41	4:40	4:40	same_surah	label_target_note	ranked_review	Package channels retain this immediately preceding justice principle in the reviewed sequence.	focus_4_41_cutoff_100.tsv	26	fd76d5f5ff01b08a5490bc8b737992b8bbdfbb61e059f11ef8637b2997010fa7
reciprocal_nomination	4:40	4:42		medium	4:42	4:40	4:40	same_surah	label_target_note	ranked_review	Immediate preceding local context with explicit bridge and parent membership.	focus_4_42_cutoff_100.tsv	41	5e316c20f9afb20d5b230e4f499f2c0ae1895157675bec8f3962e8051928535d
reciprocal_nomination	4:40	4:43		weak	4:43	4:40	4:40	same_surah	label_target_note	ranked_review	Same local sequence and channels frame divine judgment, but without a specific focus-level correspondence.	focus_4_43_cutoff_100.tsv	38	8a6dffa33a6d26fa46b56792f1c916c3f57fe7f3d344c11b0c1365470021e3dd
reciprocal_nomination	4:40	4:44		weak	4:44	4:40	4:40	same_surah	label_target_note	ranked_review	The local measure-of-justice statement does not restate the focus's conduct.	focus_4_44_cutoff_100.tsv	53	2a998f107e3164764d488d5fee1f7131a296cdb61d490257c24592387711122b
reciprocal_nomination	4:40	4:45		medium	4:45	4:40	4:40	same_surah	label_target_note	ranked_review	The immediate same-surah justice frame supports reliable divine assessment, though not the core roles.	focus_4_45_cutoff_100.tsv	47	340f92204f709293b3118dd8f7f911d8ded23afd89b5f01e79e19cce44acb480
reciprocal_counterevidence	4:40	4:46		no value	4:46	4:40	4:40	same_surah	label_target_note	ranked_review	The bridge and latent membership do not illuminate the focus's language pattern.	focus_4_46_cutoff_100.tsv	47	028941f325545e6a0db359258c069c3cc2f01f9edc8cd8e2b218eb25b4bca078
reciprocal_nomination	4:40	4:47		weak	4:47	4:40	4:40	same_surah	label_target_note	ranked_review	Divine precision in justice is a broad restraint on reading the focal warning, but adds no specific link.	focus_4_47_cutoff_100.tsv	53	3827c8174f402e5aede6e9bfbdf178de9f9c42365f8ca9401c63fde19aea24ab
reciprocal_counterevidence	4:40	4:48		no value	4:48	4:40	4:40	same_surah	label_target_note	ranked_review	Divine justice and multiplied reward do not clarify the focus.	focus_4_48_cutoff_100.tsv	50	9507442003917f64063f8cfe101faba5a64bb8b17c6ef58784adac969f50598a
reciprocal_nomination	4:40	4:49		strong	4:49	4:40	4:40	same_surah	label_target_note	ranked_review	The adjacent declaration of no injustice at an even smaller measure strongly frames the focus.	focus_4_49_cutoff_100.tsv	11	0e58f1522766bea087c06fd544b950ee79ed9cb237f4f8b5b07ae60d6bd30213
reciprocal_nomination	4:40	4:50		medium	4:50	4:40	4:40	same_surah	label_target_note	ranked_review	The immediate assertion of precise divine justice supports the focus's judgment of manifest sin.	focus_4_50_cutoff_100.tsv	47	c7652c9e7aa7264dc15f073f7f6487b440930d00ea6190f4fcc869fd12a064e9
reciprocal_nomination	4:40	4:51		weak	4:51	4:40	4:40	same_surah	label_target_note	ranked_review	ch005-ch007 explicit bridges; only giving overlap.	focus_4_51_cutoff_100.tsv	41	63bca7e945dca0a02bf688a9ac1a962ee90a3c673140d798fcc6c57146e87b08
reciprocal_nomination	4:40	4:52		medium	4:52	4:40	4:40	same_surah	label_target_note	ranked_review	Its nearby justice assertion gives a consequence-side frame for the focus, but no direct lexical or route support.	focus_4_52_cutoff_100.tsv	14	48550ce8a9d3696e963274ae14cf0f4fbf0caa78d6f30ef650b76411a86694d8
reciprocal_nomination	4:40	4:53		strong	4:53	4:40	4:40	same_surah	label_target_note	ranked_review	The immediate assertion that God does not wrong by an atom is a close local measure and justice parallel to the focus's naqir.	focus_4_53_cutoff_100.tsv	20	e01d020d24f8f04f00d09066e9afe5f3feace28ef1bd02198db87511cc269619
reciprocal_nomination	4:40	4:54		medium	4:54	4:40	4:40	same_surah	label_target_note	ranked_review	The adjacent promise of multiplied good and great reward continues the local language of divine giving.	focus_4_54_cutoff_100.tsv	29	c8bf90bed18a12e56421d71809a32871b2449f2c9e241609bf3b6d6e32b1d180
reciprocal_nomination	4:40	4:55		medium	4:55	4:40	4:40	same_surah	label_target_note	ranked_review	Reviewed explicit bridges connect this same-surah passage to the focus package, but do not localize the relation to a word.	focus_4_55_cutoff_100.tsv	41	243a6679621a26469bb8bd312cd3a86ff8fcb1493d53d590132c5c44e71c155b
reciprocal_nomination	4:40	4:56		medium	4:56	4:40	4:40	same_surah	label_target_note	ranked_review	The immediate same-surah assertion of exact justice helps frame the focus's consequence without localizing its mechanism.	focus_4_56_cutoff_100.tsv	44	62e753f5f09e49b2a6b5c6ded2019d4dd25d1db3efc069c25c2173c47890c0f5
reciprocal_nomination	4:40	4:57		medium	4:57	4:40	4:40	same_surah	label_target_note	ranked_review	The nearby assertion of exact justice and multiplied good gives a reward-accounting frame for the focus's promise.	focus_4_57_cutoff_100.tsv	29	d596f722e287b980c8ec9cf0bf7d74efd02193fe55b94beb9e884d1e6363d961
reciprocal_nomination	4:40	4:67		strong	4:67	4:40	4:40	same_surah	label_target_note	ranked_review	Repeats the focus's near-source and great-reward construction while grounding it in exact justice and multiplied good.	focus_4_67_cutoff_100.tsv	7	f4e9080f3f81300d9d93403381cf3e01bb2908f4ae809df28e89e8b26a08b589
reciprocal_counterevidence	4:40	4:75		no value	4:75	4:40	4:40	same_surah	label_target_note	ranked_review	Justice in recompense and amplified reward do not materially develop the focus verse's liberation and aid claim.	focus_4_75_cutoff_100.tsv	81	0d4873787efafac7d0329a3472db0e1148ebd06edd50f2ed6f6d421972e3a340
reciprocal_nomination	4:40	4:77		strong	4:77	4:40	4:40	same_surah	label_target_note	missing_ayah_suggestion	Immediate-sura parallel: it states a still finer standard of non-injustice, directly reinforcing the focus's closing assurance.	focus_4_77_cutoff_100.tsv	101	27f876c7890854af11bdeb8c291a07e9eb1bc681074888236a9b9fb038bef021
reciprocal_nomination	4:40	4:85		strong	4:85	4:40	4:40	same_surah	label_target_note	ranked_review	Affirms exact justice and multiplication of a good deed, directly grounding counted shares.	focus_4_85_cutoff_100.tsv	90	0d1acfb7bb1523c1057e8bd74aaf1b0a051d39e3672e0fdffd80af5233e049a2
reciprocal_nomination	4:40	4:86		medium	4:86	4:40	4:40	same_surah	label_target_note	missing_ayah_suggestion	States that good is not wronged and can be multiplied.	focus_4_86_cutoff_100.tsv	104	a77d01b095e919a858259c1d49f751f056ad940dc2e7b1fcdbddd11aabb2d153
reciprocal_nomination	4:40	4:95		medium	4:95	4:40	4:40	same_surah	label_target_note	ranked_review	Same-surah non-injustice, multiplied good, and great recompense reinforce the outcome frame.	focus_4_95_cutoff_100.tsv	70	1568b61a7be6e8703827e8cc91374c9882e808649c7c5974c14b9441748e768f
reciprocal_nomination	4:40	4:98		weak	4:98	4:40	4:40	same_surah	label_target_note	ranked_review	Non-injustice supports the surrounding mercy but does not specify actual incapacity.	focus_4_98_cutoff_100.tsv	32	75cd7cfa683e2f03ebcac7176d7e41b950d879f7a7928a0e066c982dde53056b
reciprocal_counterevidence	4:40	4:101		no value	4:101	4:40	4:40	same_surah	label_target_note	ranked_review	No material bearing on the focus.	focus_4_101_cutoff_100.tsv	17	90c2176dc5352ef7ea6f158109bcd57aaad83195134151a892bde537e26dee70
reciprocal_nomination	4:40	4:110		strong	4:110	4:40	4:40	same_surah	label_target_note	ranked_review	Adds exact divine non-wronging and amplified good, sharpening the justice frame.	focus_4_110_cutoff_100.tsv	37	96e56f879088759550d9f550c7332fc1316633125a8335bbc6e1c69bcec1bcfe
reciprocal_nomination	4:40	4:123		strong	4:123	4:40	4:40	same_surah	label_target_note	missing_ayah_suggestion	Establishes divine non-injustice while allowing multiplied good return.	focus_4_123_cutoff_100.tsv	118	2e8ada8ec912f7f95f600b3acaf2f3c698cade4c21f91ec987ae2f6e68d50e36
reciprocal_nomination	4:40	4:124		strong	4:124	4:40	4:40	same_surah	label_target_note	missing_ayah_suggestion	No wronging even by a ذرّة, with multiplied حسنات, directly sharpens the focus's نقير assurance.	focus_4_124_cutoff_100.tsv	102	c484b2e361c082e37e31e21852cc68f6f8259638dfa7f3c839fd379388037d97
reciprocal_counterevidence	4:40	4:156		no value	4:156	4:40	4:40	same_surah	label_target_note	ranked_review	Great reward and exact justice do not clarify the accusation.	focus_4_156_cutoff_100.tsv	82	d29ca6fc98b200582f07423be82197714e578a382cb98703f7009c0bebc726af
reciprocal_nomination	4:40	4:162		medium	4:162	4:40	4:40	same_surah	label_target_note	ranked_review	A nearby statement of just, multiplied great reward strengthens the focus's final promise.	focus_4_162_cutoff_100.tsv	76	8082a867da42a257e4e9b7a9b9e20de4a16d57f14750d6fb3ff1d9b09240e4d7
reciprocal_nomination	4:40	4:172		medium	4:172	4:40	4:40	same_surah	label_target_note	ranked_review	Adds just multiplication and great reward, supporting the recompense side after the direct continuation.	focus_4_172_cutoff_100.tsv	17	6acd2de3997bad94ef6590efa63cb6417b21d930338aa20ce902742177302370
reciprocal_nomination	4:40	4:173		strong	4:173	4:40	4:40	same_surah	label_target_note	missing_ayah_suggestion	No atom's weight is wronged; good is multiplied and receives a great reward, directly sharpening full recompense plus excess.	focus_4_173_cutoff_100.tsv	107	050eca67fe0165cc6639c9e1659b86347573bdf51ab0e54f5b6b14b6b08b0f78
reciprocal_nomination	4:40	5:29		medium	5:29	4:40	4:40	cross_surah	label_target_note	missing_ayah_suggestion	The denial of even minute injustice sharply supports the justice boundary.	focus_5_29_cutoff_100.tsv	112	c28599d9ef626a52b8dc0ade601786e2b21928841dbc0f91d28ec3ec627303aa
reciprocal_nomination	4:40	6:127		strong	6:127	4:40	4:40	cross_surah	label_target_note	missing_ayah_suggestion	Establishes exact, multiplied recompense from Allah for even the smallest good deed.	focus_6_127_cutoff_100.tsv	173	9f57c248bcc42ccc1da5d9ef40ee569c982b1b732b1c1e350b427e745072b293
reciprocal_nomination	4:40	6:132		strong	6:132	4:40	4:40	cross_surah	label_target_note	missing_ayah_suggestion	Explicit non-injustice at the smallest measure sharpens the focus's assurance.	focus_6_132_cutoff_100.tsv	107	d01b440d7f31922d8cfa4a477012ea32cd6d53af3fc83c296572477ba11e916c
reciprocal_nomination	4:40	6:160		strong	6:160	4:40	4:40	cross_surah	label_target_note	missing_ayah_suggestion	Denies even atom-weight wronging, multiplies good, and adds a great reward.	focus_6_160_cutoff_100.tsv	111	96db20ade0f20c4953c92c0baaecfcbb0b1a9882d9219f979023ed1e5bcf28ff
reciprocal_nomination	4:40	7:8		strong	7:8	4:40	4:40	cross_surah	label_target_note	missing_ayah_suggestion	No ظلم and مثقال ذرة supply a direct minimal-weight justice parallel.	focus_7_8_cutoff_100.tsv	104	be10694de84cf2ef03267e2a78d57dbab60b55530b0a624e8346da6253beeea4
reciprocal_nomination	4:40	7:139		weak	7:139	4:40	4:40	cross_surah	label_target_note	ranked_review	Only supplies a general justice-and-reward frame.	focus_7_139_cutoff_100.tsv	99	3e85cdd8694663eee816bfe0d250ef2e0e1560a5471992fe71a1090df92466d3
reciprocal_nomination	4:40	7:170		medium	7:170	4:40	4:40	cross_surah	label_target_note	missing_ayah_suggestion	Sets a justice boundary: no atom's weight of good is lost and it is multiplied.	focus_7_170_cutoff_100.tsv	157	a3d45952479d8c356792c471175af62390479cd2dbd0e0b009d1bd394ea0331e
reciprocal_nomination	4:40	8:4		medium	8:4	4:40	4:40	cross_surah	label_target_note	missing_ayah_suggestion	A good deed is multiplied and granted a great reward, a direct recompense principle.	focus_8_4_cutoff_100.tsv	272	c534777c5406e10b61d8d47206f6bc3e33c9664e13dad02925c67ba47026d1cb
reciprocal_nomination	4:40	8:51		strong	8:51	4:40	4:40	cross_surah	label_target_note	missing_ayah_suggestion	Explicit denial of even the smallest divine wronging sharpens the second focus reading.	focus_8_51_cutoff_100.tsv	106	77f8de6ee06f4188fc0e2b1a8e6f70a354b08d5fbb5c419a04d5117421f77d45
reciprocal_nomination	4:40	8:70		medium	8:70	4:40	4:40	cross_surah	label_target_note	missing_ayah_suggestion	Connects even a small good with multiplication and added gift, sharpening the focus's greater return.	focus_8_70_cutoff_100.tsv	107	5e563e04f7cc030bd211213cabdb7b5ef2aedb9ac71b14ebcaf7d00adca6df15
reciprocal_nomination	4:40	9:22		medium	9:22	4:40	4:40	cross_surah	label_target_note	ranked_review	Adds divine non-injustice and multiplication to the meaning of great reward.	focus_9_22_cutoff_100.tsv	67	8f27ef4afc23e0f6bc1620624bdcca62a937a07f789339f105c849f4611e3ae9
reciprocal_nomination	4:40	9:50		weak	9:50	4:40	4:40	cross_surah	label_target_note	ranked_review	Multiplication of good is too general to illuminate the hostile reactions.	focus_9_50_cutoff_100.tsv	31	06f0258c391076433dcf135805c8512a05fb859d7439ed3025dbbf6b0b6d1b78
reciprocal_nomination	4:40	9:70		medium	9:70	4:40	4:40	cross_surah	label_target_note	missing_ayah_suggestion	Supplies a concise general boundary against attributing even minimal injustice to God.	focus_9_70_cutoff_100.tsv	103	612efaf56bcdb6e0bdfd7b91b9e58828d3d3f777693730e658e7626c81415f0d
reciprocal_nomination	4:40	9:121		strong	9:121	4:40	4:40	cross_surah	label_target_note	missing_ayah_suggestion	No atom-weight good is wronged and good is multiplied, anchoring just recompense.	focus_9_121_cutoff_100.tsv	106	1ff442512193e9ff999758663608a323f7778991ca0cf0e985862094d9e8ec6c
reciprocal_nomination	4:40	10:26		strong	10:26	4:40	4:40	cross_surah	label_target_note	missing_ayah_suggestion	States multiplication of a hasanah and an additional great wage.	focus_10_26_cutoff_100.tsv	115	dd4617de829a92004d53c1811150720f51a3cec2a9f22136d6c7910b2dc6a02a
reciprocal_nomination	4:40	10:44		strong	10:44	4:40	4:40	cross_surah	label_target_note	ranked_review	It states divine non-injustice at the smallest measure and adds generous increase for good.	focus_10_44_cutoff_100.tsv	1	81821f569c4eb33f75058f917a08e0c995295a713c12d04d670043dc8d273f34
reciprocal_nomination	4:40	10:54		medium	10:54	4:40	4:40	cross_surah	label_target_note	missing_ayah_suggestion	Supplies an explicit no-wrong measure, even at the smallest scale.	focus_10_54_cutoff_100.tsv	105	47ec02cf9e8ae96bd5802a02b0d8a321820cd9e5cc8edaff669fc8fa4a324d47
reciprocal_nomination	4:40	10:61		medium	10:61	4:40	4:40	cross_surah	label_target_note	ranked_review	Adds non-injustice at the atom scale, a secondary consequence of exhaustive measure.	focus_10_61_cutoff_100.tsv	28	9fe955f91a63e1dbba2bc25b930264e4cb2a5ffcaf53186df508c318fcc5fd92
reciprocal_nomination	4:40	11:3		weak	11:3	4:40	4:40	cross_surah	label_target_note	ranked_review	Adds exactness and multiplied good recompense, but not the focus's conditional sequence.	focus_11_3_cutoff_100.tsv	31	d7a1bb41cdcd1617b8c6b29ea08ae9b73d43e0913845a8a33e05003ff01e415f
reciprocal_nomination	4:40	11:111		strong	11:111	4:40	4:40	cross_surah	label_target_note	missing_ayah_suggestion	The atom-weight standard and multiplied good sharpen the focal assurance against injustice.	focus_11_111_cutoff_100.tsv	106	ea26ac6a294ba3b5838635290c1398834f2b81725e0c4863924e80879a252b99
reciprocal_nomination	4:40	11:115		medium	11:115	4:40	4:40	cross_surah	label_target_note	ranked_review	Zerre kadar zulmetmeme ve iyiliği katlama, ecrin kaybolmamasının adalet zeminidir.	focus_11_115_cutoff_100.tsv	54	4dddd581b3ff272cd3ca8bbb361167e13798adf1ea7136291e7d2c576d3985e5
reciprocal_nomination	4:40	12:56		medium	12:56	4:40	4:40	cross_surah	label_target_note	missing_ayah_suggestion	Zerre kadar haksızlık etmeme, iyiliği katlama ve büyük karşılık, ödülün eksiltilmemesi için adalet çerçevesi kurar.	focus_12_56_cutoff_100.tsv	102	0d3c1b018c992d235bf07abbbedfba641efab556d1c1a6d3368ffd6cafcbee7d
reciprocal_nomination	4:40	12:90		strong	12:90	4:40	4:40	cross_surah	label_target_note	missing_ayah_suggestion	The refusal to let even the smallest good go unpaid strongly supports preserved recompense.	focus_12_90_cutoff_100.tsv	131	3d0d8c2238f7d7b1f687cfdd18bb871ffeb21a7d0da90088286bbbc8e0ce6fb3
reciprocal_nomination	4:40	14:42		strong	14:42	4:40	4:40	cross_surah	label_target_note	missing_ayah_suggestion	Anchors the account in even the smallest measure without injustice.	focus_14_42_cutoff_100.tsv	103	1155624db17dc901bc7ee1e3d7c968cd2429c86dfc0274b536ce1c5bfae2e6a9
reciprocal_nomination	4:40	14:51		medium	14:51	4:40	4:40	cross_surah	label_target_note	missing_ayah_suggestion	Non-wronging even at the smallest measure reinforces exact proportionality in recompense.	focus_14_51_cutoff_100.tsv	105	5a8862d60b60f3d4a916f8c2008dff85427903fb3573454e92aca6b50becbd25
reciprocal_nomination	4:40	15:78		medium	15:78	4:40	4:40	cross_surah	label_target_note	ranked_review	Precise non-ظلم reinforces accountable judgment, though it repeats an earlier principle.	focus_15_78_cutoff_100.tsv	28	1d2f7a597705d4e7200d479b7c68ce2d4627cb26ac3fc4986eee3b7f407b5ff8
reciprocal_nomination	4:40	15:92		medium	15:92	4:40	4:40	cross_surah	label_target_note	missing_ayah_suggestion	Exact recompense supplies a precise measure for the focus's inquiry.	focus_15_92_cutoff_100.tsv	105	7e6c3a3ba134b4c8190d5d42a25f40fc000db458721a24d0f6849ce51d837fbf
reciprocal_nomination	4:40	16:18		medium	16:18	4:40	4:40	cross_surah	label_target_note	ranked_review	Precise justice and multiplied good add a bounded-accounting counterpoint to unbounded benefaction.	focus_16_18_cutoff_100.tsv	13	819c5433e19542d588b4afaf846ab64f2d66286395292c91b65c97fcbc1851ae
reciprocal_nomination	4:40	16:30		medium	16:30	4:40	4:40	cross_surah	label_target_note	missing_ayah_suggestion	Shows that even a minute good deed is not wronged and can be multiplied.	focus_16_30_cutoff_100.tsv	123	93c053287e5cce8638233f3a8f3b8426de12dd5c5c1705e4f9affcf3223bf0f5
reciprocal_nomination	4:40	16:41		medium	16:41	4:40	4:40	cross_surah	label_target_note	ranked_review	Strengthens the assurance of just and amplified recompense, without a relocation setting.	focus_16_41_cutoff_100.tsv	61	1616ae38410af4822b8e33b47dfe6189184b34c005cf5ac1ada4e2e18effcc29
reciprocal_nomination	4:40	16:111		strong	16:111	4:40	4:40	cross_surah	label_target_note	missing_ayah_suggestion	Supplies exact non-injustice at the smallest measure and multiplication of good.	focus_16_111_cutoff_100.tsv	103	ef335a91f2c9bdc803ed5018bcbf9126f8dcb3663c07325234930237ec1e8e7c
reciprocal_nomination	4:40	16:122		medium	16:122	4:40	4:40	cross_surah	label_target_note	missing_ayah_suggestion	Hasenenin katlanması ve ilahi ecr, 16:122'deki hasenenin karşılık ve fazl yönünü destekler.	focus_16_122_cutoff_100.tsv	108	8e60ce50f0a8c25c0afc0f2d99491f3e9496ed80d4a0ae759b7244738a57671b
reciprocal_nomination	4:40	17:14		strong	17:14	4:40	4:40	cross_surah	label_target_note	missing_ayah_suggestion	States that even an atom's weight is not wronged in recompense.	focus_17_14_cutoff_100.tsv	109	50f98041dd27e64356b1ce605228f816db026b0cb3a6a305bd86a538dd843b62
reciprocal_nomination	4:40	17:15		strong	17:15	4:40	4:40	cross_surah	label_target_note	missing_ayah_suggestion	Even an atom-weight of wrong is excluded, grounding the justice of individual recompense.	focus_17_15_cutoff_100.tsv	108	29c6adf54f77af00063474933a7bbb4d9dbc1c32692a095c73837f132f85ea94
reciprocal_counterevidence	4:40	17:40		no value	17:40	4:40	4:40	cross_surah	label_target_note	ranked_review	No material addition beyond the word عظيما in an unrelated justice statement.	focus_17_40_cutoff_100.tsv	22	cd91064c663bb7510eea16c62d2c2b45c0555d022744341bd138ff24b3cc0f84
reciprocal_nomination	4:40	17:71		strong	17:71	4:40	4:40	cross_surah	label_target_note	missing_ayah_suggestion	Directly reinforces the impossibility of even minute injustice.	focus_17_71_cutoff_100.tsv	107	d25a3db73f32cff2ecc39f75418de4bf8c776e710a69024c84652fc1bc0cece6
reciprocal_nomination	4:40	18:2		medium	18:2	4:40	4:40	cross_surah	label_target_note	ranked_review	Adds just multiplication of good and a reward from God.	focus_18_2_cutoff_100.tsv	7	552cd2a95464b70dcba59442231608bef80bc900ff2bc1b55d64d339072fc143
reciprocal_nomination	4:40	18:49		strong	18:49	4:40	4:40	cross_surah	label_target_note	ranked_review	God does not wrong even an atom's weight and multiplies good, strongly matching the focus's final justice claim.	focus_18_49_cutoff_100.tsv	69	a6c93f6fba7bf1e778d1467a3649415132d689b31af333bc59afddbf9562ce3d
reciprocal_nomination	4:40	18:65		weak	18:65	4:40	4:40	cross_surah	label_target_note	ranked_review	A gift from God's nearness is reward for deeds, not the focus's mercy and knowledge.	focus_18_65_cutoff_100.tsv	15	c030d36675d35aa5e8cbc5a25076eb7b2268533665d590fe792b6f9c5100d8ee
reciprocal_nomination	4:40	19:5		weak	19:5	4:40	4:40	cross_surah	label_target_note	ranked_review	Divine generosity in reward is a remote parallel to an unearned gift from God.	focus_19_5_cutoff_100.tsv	60	e16cf1cfa65dadb58ccb5bfba091729b6fe90b2fce47f5af43ecc1807319eab1
reciprocal_counterevidence	4:40	19:9		no value	19:9	4:40	4:40	cross_surah	label_target_note	ranked_review	Adalet ve sevabın katlanması, doğum vaadi veya yaratılış emsaliyle ilgili değildir.	focus_19_9_cutoff_100.tsv	43	ca24435bc6d10914c9b5055d7a84b9a167105f2ee67481b543cd8a739f56ce77
reciprocal_nomination	4:40	19:13		weak	19:13	4:40	4:40	cross_surah	label_target_note	ranked_review	Divine generosity from His presence parallels gift-language, but its subject is recompense.	focus_19_13_cutoff_100.tsv	12	320be6925d58d44de31dd5acd3c52f6e9d502f6c5b046a8a909107bf4dbaedec
reciprocal_nomination	4:40	19:76		strong	19:76	4:40	4:40	cross_surah	label_target_note	missing_ayah_suggestion	God multiplies even an atom's weight of good and grants a great reward from Himself.	focus_19_76_cutoff_100.tsv	151	7b6eaf3db85d04ec662f11df26fa27cbe688549684d4534420edac4323877fe6
reciprocal_nomination	4:40	20:15		strong	20:15	4:40	4:40	cross_surah	label_target_note	missing_ayah_suggestion	Establishes that God does not wrong even the weight of an atom and multiplies good, sharpening just recompense.	focus_20_15_cutoff_100.tsv	103	3aac9b764d4bbe4c93ad52d5170326222db58907816d8606cc9133d719b4fe3e
reciprocal_counterevidence	4:40	20:99		no value	20:99	4:40	4:40	cross_surah	label_target_note	ranked_review	Divine reward from the divine presence is not a useful parallel to the given reminder.	focus_20_99_cutoff_100.tsv	15	a2b6110250f93c399d31e823681df01ce20054e4874410d02245903f19d8ffbb
reciprocal_nomination	4:40	20:111		strong	20:111	4:40	4:40	cross_surah	label_target_note	missing_ayah_suggestion	God does not wrong even an atom's weight and multiplies good, a close doctrinal counterpart to the focus's condemnation of carried injustice.	focus_20_111_cutoff_100.tsv	106	99159d045aae6101d5a39b9f374cc4deca69a4953ad7ad4b358e1d3ac844577e
reciprocal_nomination	4:40	20:112		strong	20:112	4:40	4:40	cross_surah	label_target_note	missing_ayah_suggestion	It directly denies even an atom's weight of divine injustice and affirms multiplied good recompense.	focus_20_112_cutoff_100.tsv	101	31d3cb483cf4b9ed81681a919a5d044a5073db528e8376efe68c6f6f4fb7f08b
reciprocal_counterevidence	4:40	21:17		no value	21:17	4:40	4:40	cross_surah	label_target_note	ranked_review	Further reward "from Him" repeats the source motif without advancing the focus's argument.	focus_21_17_cutoff_100.tsv	12	f7da084ee084777d80b9896fed4914a22dde893b2c1511d1d02eb1f1cb4a7aae
reciprocal_nomination	4:40	21:23		medium	21:23	4:40	4:40	cross_surah	label_target_note	missing_ayah_suggestion	God does not wrong even by an atom's weight, directly characterizing the justice of His judgment over creatures.	focus_21_23_cutoff_100.tsv	104	12ed9b76fcb97aaa078eb27dd108b1bc276436d082ebadeb2361d03d55d4da2e
reciprocal_nomination	4:40	21:47		strong	21:47	4:40	4:40	cross_surah	label_target_note	ranked_review	It directly states that God does not wrong even an atom's weight and multiplies good deeds.	focus_21_47_cutoff_100.tsv	37	235f0ffcbfe3d497dd9ce7f62d278ed9ef7b95079507b224771ee59102611b1c
reciprocal_nomination	4:40	22:10		medium	22:10	4:40	4:40	cross_surah	label_target_note	missing_ayah_suggestion	God does not wrong even the weight of an atom, directly reinforcing the focus's justice claim.	focus_22_10_cutoff_100.tsv	105	5f0cdb554ceebde184e4ee96354c5cf480673fbd0bf1f8dc4b5f3ec0c4eb04a9
reciprocal_nomination	4:40	23:62		strong	23:62	4:40	4:40	cross_surah	label_target_note	missing_ayah_suggestion	God does not wrong even an atom's weight and multiplies good, directly grounding just recompense.	focus_23_62_cutoff_100.tsv	104	78883c1d1e7672269cad48b3bc6448156720cea5e0238ff36517e8b50532f2cf
reciprocal_nomination	4:40	23:102		medium	23:102	4:40	4:40	cross_surah	label_target_note	missing_ayah_suggestion	God does not wrong even an atom's weight and multiplies good, directly supporting the precision and favorable consequence of divine weighing.	focus_23_102_cutoff_100.tsv	104	9fa95367882840fbe0e0956903b534dd7c6cf10b62ee63d317f7cda64d73f669
reciprocal_nomination	4:40	23:111		medium	23:111	4:40	4:40	cross_surah	label_target_note	missing_ayah_suggestion	It states that God does not wrong even the smallest deed and multiplies good reward.	focus_23_111_cutoff_100.tsv	108	77c94c54fa4dee3c906cf37efcf4ca47da2cb9fe330e7c091387018c5f0d073c
reciprocal_nomination	4:40	24:25		strong	24:25	4:40	4:40	cross_surah	label_target_note	missing_ayah_suggestion	God does not wrong even an atom's weight, grounding the focus ayah's just settlement.	focus_24_25_cutoff_100.tsv	103	118144985c16ac33bfda0dfc40891243143a26f452feb2e52094ddee767c182c
reciprocal_nomination	4:40	24:38		strong	24:38	4:40	4:40	cross_surah	label_target_note	missing_ayah_suggestion	Declares that God multiplies a good deed and grants from Himself an immense reward.	focus_24_38_cutoff_100.tsv	109	d2f60ffa85991699784743ee890754ed662aa73a95975d1301a710435e714f75
reciprocal_nomination	4:40	25:19		medium	25:19	4:40	4:40	cross_surah	label_target_note	ranked_review	Divine refusal to wrong anyone supports the justice of the focus's punishment for self-incurred wrongdoing.	focus_25_19_cutoff_100.tsv	55	06a8ceb962951355cfbe1d86174cfc7b8d773d7f2fb5dc3ea66e4cc6cb2cf3ed
reciprocal_nomination	4:40	26:145		medium	26:145	4:40	4:40	cross_surah	label_target_note	ranked_review	Allah'ın iyiliği çoğaltıp büyük ödül vermesi, ilahî karşılık boyutunu genel olarak destekler.	focus_26_145_cutoff_100.tsv	98	36d66d1a889f189c2b5221c62d3caad00f8cb6a6f32293de13dad3435ecf49bc
reciprocal_nomination	4:40	26:181		medium	26:181	4:40	4:40	cross_surah	label_target_note	missing_ayah_suggestion	Divine refusal to wrong even an atom sharpens the focus's anti-deficiency principle.	focus_26_181_cutoff_100.tsv	117	5e9ccc9a00ebbce129f58f128a7d6dcc40505ed23378fb7db311efa3c8113e83
reciprocal_counterevidence	4:40	27:6		no value	27:6	4:40	4:40	cross_surah	label_target_note	ranked_review	Just recompense from the divine presence does not develop Qur'anic transmission or its source.	focus_27_6_cutoff_100.tsv	18	ff67d820a2b2218e430b21144ad0963448210cd5cc3d295765cca90b71fb4235
reciprocal_nomination	4:40	28:37		medium	28:37	4:40	4:40	cross_surah	label_target_note	ranked_review	God's refusal to wrong even an atom supports the justice of the focus's judgment on wrongdoers.	focus_28_37_cutoff_100.tsv	89	644f566a8a94ac3d3cff2f3129f874014687fe0724ac65f0ac1e36b8dd98fb79
reciprocal_nomination	4:40	28:54		medium	28:54	4:40	4:40	cross_surah	label_target_note	missing_ayah_suggestion	İyiliği katlayarak karşılık verme ilkesi, iki kat ödülün genel ilahi düzenini destekler.	focus_28_54_cutoff_100.tsv	112	a43e9132cf9ccfa90ab32fb6fbe804d04ca1b0de1c1080bb87cd6c1adac87430
reciprocal_counterevidence	4:40	28:56		no value	28:56	4:40	4:40	cross_surah	label_target_note	ranked_review	Perfect justice in recompense does not concern the source of guidance.	focus_28_56_cutoff_100.tsv	77	88af54d1febd6afb6a195435327c70848118a79e147b4621205fb613971b82fb
reciprocal_nomination	4:40	28:84		strong	28:84	4:40	4:40	cross_surah	label_target_note	missing_ayah_suggestion	God does not wrong even an atom's weight, multiplies a good deed, and grants immense reward.	focus_28_84_cutoff_100.tsv	111	2ae70050f219674ebcfabdefdb487f605a028e72ed951f5a0d8be09f6789a0ad
reciprocal_nomination	4:40	29:7		medium	29:7	4:40	4:40	cross_surah	label_target_note	missing_ayah_suggestion	No atom-weight of good is wronged; good is multiplied and rewarded.	focus_29_7_cutoff_100.tsv	106	9434e353b82e92c76333859a9e2dc49b07969abdbca62a8ebc4be5fd85031ab4
reciprocal_nomination	4:40	31:13		medium	31:13	4:40	4:40	cross_surah	label_target_note	ranked_review	God's refusal to wrong even an atom strongly contrasts with shirk being called great injustice, though the subjects differ.	focus_31_13_cutoff_100.tsv	76	2141d28889fbb040dcb39346ab52194ac0a495121cfaacd4733556527227a1a7
reciprocal_nomination	4:40	31:16		strong	31:16	4:40	4:40	cross_surah	label_target_note	ranked_review	Makes the focus's minute moral weight explicit through justice at the scale of an atom.	focus_31_16_cutoff_100.tsv	13	1bb5f5f9559433f5ccc76bd1189c8d65c99f66e7ddd27a191b243af7fbce53d8
reciprocal_counterevidence	4:40	33:27		no value	33:27	4:40	4:40	cross_surah	label_target_note	ranked_review	Exact justice and multiplied reward do not clarify the focus verse.	focus_33_27_cutoff_100.tsv	91	0bf0a160272eee127a1cc09587a587bd6ed9f4aca52c0f69bb5032f1e4b6f00d
reciprocal_nomination	4:40	33:29		medium	33:29	4:40	4:40	cross_surah	label_target_note	ranked_review	Explains that God multiplies a good deed and grants a great reward, illuminating the focus's great reward.	focus_33_29_cutoff_100.tsv	7	3991f9035d0e602e95f11576da3f16c7e61158594887032539f7f61cc9e99dc6
reciprocal_nomination	4:40	33:30		strong	33:30	4:40	4:40	cross_surah	label_target_note	ranked_review	God neither wrongs even an atom's weight nor multiplies a good deed, directly illuminating the justice of multiplied recompense.	focus_33_30_cutoff_100.tsv	87	54d44f1ba35ec16ae739ba73af67f63bae408aba5e98bb078d9bb90359238637
reciprocal_nomination	4:40	34:3		medium	34:3	4:40	4:40	cross_surah	label_target_note	ranked_review	Uses atom-weight to state exact justice and multiplied reward.	focus_34_3_cutoff_100.tsv	26	8a44b534faeb61f213edbc9516abc9463106ef0c41ffd05d0acb8812702fa156
reciprocal_nomination	4:40	34:22		weak	34:22	4:40	4:40	cross_surah	label_target_note	ranked_review	The atom-weight measure recurs, but in a judgment-and-reward setting rather than an agency audit.	focus_34_22_cutoff_100.tsv	21	2f2c8a4e3aaafe9c673eee7b84825289c75c55c05cf070dbfce000bc750f3f9f
reciprocal_nomination	4:40	35:30		strong	35:30	4:40	4:40	cross_surah	label_target_note	missing_ayah_suggestion	God does not wrong even an atom's weight, multiplies a good deed, and grants a great reward: a central justice-plus-surplus parallel.	focus_35_30_cutoff_100.tsv	101	4c541fa22aaffa0069b4385439b559bbfbd0ef532e8c0849d1aa04e8152462d1
reciprocal_counterevidence	4:40	36:21		no value	36:21	4:40	4:40	cross_surah	label_target_note	ranked_review	God's just multiplication of reward does not clarify whom to follow.	focus_36_21_cutoff_100.tsv	34	33210917cf7340bac3e046b4a473c2d9e9411a5e4d2d871742afb7a50372050d
reciprocal_nomination	4:40	36:54		medium	36:54	4:40	4:40	cross_surah	label_target_note	missing_ayah_suggestion	God does not wrong by an atom's weight and multiplies good, sharpening the focus's assurance of justice.	focus_36_54_cutoff_100.tsv	102	8bf9e64d3ad5aa27dd737e773ff4cccc86a6bab3eefef77b85812b5e82544910
reciprocal_nomination	4:40	37:39		strong	37:39	4:40	4:40	cross_surah	label_target_note	missing_ayah_suggestion	It supplies the divine justice principle that God does not wrong even an atom's weight and multiplies good.	focus_37_39_cutoff_100.tsv	104	38afe71e1fe7390f8ca56446f385bb63e024266446160633f14aa5b0fcc00a7d
reciprocal_nomination	4:40	38:49		medium	38:49	4:40	4:40	cross_surah	label_target_note	ranked_review	God's just multiplication of a good deed supports the excellence of the eventual recompense, though it lacks the focus's key terms.	focus_38_49_cutoff_100.tsv	95	363729f971874f5dabbd57cb98d0c21dfa68813341a2da89236fd0c514a94eaf
reciprocal_nomination	4:40	39:35		strong	39:35	4:40	4:40	cross_surah	label_target_note	ranked_review	No atom of good is wronged; good is multiplied with great reward.	focus_39_35_cutoff_100.tsv	27	773e93c2a7bf320ebdd35676fd330ff331a47d8f7595e3ad923606592f2a7ea4
reciprocal_nomination	4:40	39:69		strong	39:69	4:40	4:40	cross_surah	label_target_note	missing_ayah_suggestion	God does not wrong even an atom, giving a concentrated parallel to the focus's final assurance.	focus_39_69_cutoff_100.tsv	105	d26e099fa1dfee650932dff468a5e6f45200c0d2423c6723cb3a881fedcbae4b
reciprocal_nomination	4:40	39:70		strong	39:70	4:40	4:40	cross_surah	label_target_note	missing_ayah_suggestion	God does not wrong by even an atom's weight; direct no-injustice parallel.	focus_39_70_cutoff_100.tsv	151	9841ffae7974b2012195369a19bdaaef1137227454a366ab63f55534f85dc716
reciprocal_nomination	4:40	40:17		strong	40:17	4:40	4:40	cross_surah	label_target_note	missing_ayah_suggestion	States that God does not wrong even by an atom and multiplies good.	focus_40_17_cutoff_100.tsv	101	b499c5128e925dd4aeef4f5b56b6060510f4bfdd62b8b107b5598da18f93e078
reciprocal_nomination	4:40	40:31		medium	40:31	4:40	4:40	cross_surah	label_target_note	missing_ayah_suggestion	The assurance that God does not wrong even the weight of an atom supports the focus's principle of non-injustice.	focus_40_31_cutoff_100.tsv	128	23ac2b03c916f45f070def5c841a0eb0d77202c575b297f4e87afac5af04270e
reciprocal_nomination	4:40	41:46		strong	41:46	4:40	4:40	cross_surah	label_target_note	missing_ayah_suggestion	It denies even an atom's weight of injustice while multiplying a good deed.	focus_41_46_cutoff_100.tsv	106	edb0c1c8f286523286978fb0c246ad2408f8a95e53ec2a14e08d9ec70b680ae1
reciprocal_counterevidence	4:40	41:49		no value	41:49	4:40	4:40	cross_surah	label_target_note	ranked_review	Divine justice in multiplying a good deed does not materially clarify persistent asking or despair.	focus_41_49_cutoff_100.tsv	78	9bbbf763a908639f80cd5014f1c4aa6e4a4b60ca1034ceb026483dfa2a8ccc81
reciprocal_nomination	4:40	42:23		strong	42:23	4:40	4:40	cross_surah	label_target_note	ranked_review	Bir iyiliğin katlanması ve büyük ödül verilmesi, küçük iyiliğin büyütülmesi temasını doğrudan destekler.	focus_42_23_cutoff_100.tsv	25	569af6438f4a8c5479a5f9a60a7d919440e675bc088ce1b16c2cf4267627a25e
reciprocal_nomination	4:40	42:26		strong	42:26	4:40	4:40	cross_surah	label_target_note	missing_ayah_suggestion	God multiplies a good deed and grants a great reward from Himself, directly clarifying surplus beyond strict desert.	focus_42_26_cutoff_100.tsv	106	537682ee1ac24659fc979a68a049daff44a07e6c601b4cb51c1a0fbdfedd790e
reciprocal_nomination	4:40	42:40		medium	42:40	4:40	4:40	cross_surah	label_target_note	ranked_review	No injustice and multiplied good reward support the justice-and-reward framework.	focus_42_40_cutoff_100.tsv	85	b2fd71ab6231af10dd4aa75c23ebbe32082640a547a88798376f57fc37834822
reciprocal_nomination	4:40	42:42		strong	42:42	4:40	4:40	cross_surah	label_target_note	missing_ayah_suggestion	Explicitly denies even the slightest divine injustice, grounding the justice of the announced punishment.	focus_42_42_cutoff_100.tsv	103	c24441b5b4718dbf14bf9015fe5890446da6c241aacd02bd65c9deb7e534ba78
reciprocal_nomination	4:40	43:76		strong	43:76	4:40	4:40	cross_surah	label_target_note	missing_ayah_suggestion	God is declared not to wrong even the weight of an atom, a direct justice premise for the focus verse.	focus_43_76_cutoff_100.tsv	107	b3bc04e450f50b335dbaf946f6964670f3879b003947f2d869f6a6cac18fae39
reciprocal_nomination	4:40	45:14		medium	45:14	4:40	4:40	cross_surah	label_target_note	ranked_review	Denies even minimal injustice and multiplies good, undergirding equitable recompense.	focus_45_14_cutoff_100.tsv	99	a04c5b1930e93bfcabd505680a76de54565823c3b0e25c7dfacd1f0242cf151f
reciprocal_nomination	4:40	45:22		strong	45:22	4:40	4:40	cross_surah	label_target_note	missing_ayah_suggestion	Zerre kadar zulmun nefyedilmesi, 45:22'nin son cumlesi icin olcu hassasiyeti verir.	focus_45_22_cutoff_100.tsv	107	a5f3ef0ecc1d18009defa06afa9cea29d85ac4acb287909b518f5db2e9bc5449
reciprocal_nomination	4:40	46:19		strong	46:19	4:40	4:40	cross_surah	label_target_note	missing_ayah_suggestion	Sharpens the no-wrong clause through the smallest-weight boundary and multiplied good.	focus_46_19_cutoff_100.tsv	104	4a26be546bfb3345e4499f51394f7049d68b347636c8be447bae6a08bb89df39
reciprocal_nomination	4:40	47:35		medium	47:35	4:40	4:40	cross_surah	label_target_note	missing_ayah_suggestion	Denies even minute injustice and affirms multiplied reward, supporting the claim that deeds are not diminished.	focus_47_35_cutoff_100.tsv	129	9aaa2e540b24a2241ac6a879f0f04329ecd8357d8e9cd99761a84ca32a5d3e55
reciprocal_nomination	4:40	48:10		medium	48:10	4:40	4:40	cross_surah	label_target_note	ranked_review	Adds non-wronging and multiplied great reward to the pledge's recompense horizon.	focus_48_10_cutoff_100.tsv	10	f39a31849f049de13cb0c06fd9ef41ecd6e29f9617c0cc21a0e7f7645e4b8ed3
reciprocal_nomination	4:40	50:29		strong	50:29	4:40	4:40	cross_surah	label_target_note	missing_ayah_suggestion	The denial of even the slightest divine ظلم is a direct justice parallel.	focus_50_29_cutoff_100.tsv	137	ecd5f85db1bb49b77af020e1cf80a38eed6930002329e6491674de39cc5daa82
reciprocal_nomination	4:40	50:35		strong	50:35	4:40	4:40	cross_surah	label_target_note	missing_ayah_suggestion	Multiplication and an additional reward "from Him" give a direct recompense-plus-surplus parallel.	focus_50_35_cutoff_100.tsv	101	a75254be2b765812918f7d10c4523c1a5b181f7d839a75f497f3a4afbe04b513
reciprocal_nomination	4:40	51:16		medium	51:16	4:40	4:40	cross_surah	label_target_note	missing_ayah_suggestion	Multiplication of hasana and ajr gives a measured recompense frame.	focus_51_16_cutoff_100.tsv	109	20051e8cbff8d206228100b2d99f7a126db1c1f61a9ff8c908abafa966c76fdf
reciprocal_nomination	4:40	51:59		strong	51:59	4:40	4:40	cross_surah	label_target_note	missing_ayah_suggestion	Exact, non-excessive recompense is a direct equal-measure parallel for f01.	focus_51_59_cutoff_100.tsv	101	ab475fd9031334980eb0486c7aca0187992afad76be857506c6027e3b4a1632a
reciprocal_nomination	4:40	52:16		strong	52:16	4:40	4:40	cross_surah	label_target_note	missing_ayah_suggestion	Denies even the smallest injustice while allowing reward to exceed its due measure.	focus_52_16_cutoff_100.tsv	105	83e60864cefdae43915e76f6a2af99075fdbdb3cf9b4edd4ee334b0d80aa88e1
reciprocal_nomination	4:40	52:40		weak	52:40	4:40	4:40	cross_surah	label_target_note	ranked_review	Divine multiplication and ajr do not address a fee requested from hearers.	focus_52_40_cutoff_100.tsv	25	39b8da15d0e7572d8cbb2853c6faafafe1d92788458cc062ca6dbee21de099dc
reciprocal_nomination	4:40	53:31		strong	53:31	4:40	4:40	cross_surah	label_target_note	missing_ayah_suggestion	Excludes even minute injustice and presents multiplication of good.	focus_53_31_cutoff_100.tsv	106	c03165fd2485191dd7419fb441495166522a9708cfa2681e2d588a7150ca12e0
reciprocal_nomination	4:40	53:38		weak	53:38	4:40	4:40	cross_surah	label_target_note	missing_ayah_suggestion	Supplies the no-wrong and multiplication boundary for final recompense.	focus_53_38_cutoff_100.tsv	145	86797440a7efb17d47d5209442b24192225593df36058ae04da70a5e808c0268
reciprocal_nomination	4:40	53:39		medium	53:39	4:40	4:40	cross_surah	label_target_note	missing_ayah_suggestion	Excludes even atom-weight injustice and multiplies a good deed.	focus_53_39_cutoff_100.tsv	110	936793a63fb05c11159b2ce387dc1f2a5081e8d195bd9130beed931389164840
reciprocal_nomination	4:40	53:40		medium	53:40	4:40	4:40	cross_surah	label_target_note	missing_ayah_suggestion	Exact non-diminution supports reliable assessment before settlement.	focus_53_40_cutoff_100.tsv	107	de0175ee7d3c38ed5ea4c061fa17774e2c9493156e6fe65e30edacd52a73680f
reciprocal_nomination	4:40	53:41		strong	53:41	4:40	4:40	cross_surah	label_target_note	missing_ayah_suggestion	No atom-weight injustice, multiplication, and a great wage sharpen the measure of recompense.	focus_53_41_cutoff_100.tsv	102	17970196886b8e5d6f751f9c989c3732da5bf332db34a9347189af381d9167c4
reciprocal_nomination	4:40	54:52		strong	54:52	4:40	4:40	cross_surah	label_target_note	missing_ayah_suggestion	No injustice even at the smallest measure gives exactness to the accounting frame.	focus_54_52_cutoff_100.tsv	159	a07653c25ee6a97ee2dfc10103a7b3458df079f3030077b78263bdf143f66da8
reciprocal_nomination	4:40	54:53		strong	54:53	4:40	4:40	cross_surah	label_target_note	missing_ayah_suggestion	The atom-weight threshold gives a direct lower-bound scale parallel for just recompense.	focus_54_53_cutoff_100.tsv	103	abfbc010f6db342d945645c26b4c04af31d1cd019d70c4a8d926f217135ad629
reciprocal_nomination	4:40	55:7		medium	55:7	4:40	4:40	cross_surah	label_target_note	missing_ayah_suggestion	The non-loss of even an atom's weight reinforces exactness in divine judgment.	focus_55_7_cutoff_100.tsv	105	f5dd15ae5c5d4658a87041fc4c6c90e5096c8b3d09f68763e87efe18af9c3f2a
reciprocal_nomination	4:40	55:31		strong	55:31	4:40	4:40	cross_surah	label_target_note	missing_ayah_suggestion	Atomic-weight justice gives a direct account-measure framework for the focus's burden language.	focus_55_31_cutoff_100.tsv	115	a63c021f5187f2eda7cc4e5ad5c3ff17350dd1f8919ffa809737cfea5d035f6c
reciprocal_nomination	4:40	55:60		strong	55:60	4:40	4:40	cross_surah	label_target_note	missing_ayah_suggestion	States that a ḥasanah is multiplied and supplemented from the divine presence.	focus_55_60_cutoff_100.tsv	106	89fcc33e1fe88689a97d08d788fe399afca046b2eea9cb36918e2bee2403e4b1
reciprocal_nomination	4:40	57:11		strong	57:11	4:40	4:40	cross_surah	label_target_note	ranked_review	Adds measured justice: a good act is multiplied and joined to a great reward.	focus_57_11_cutoff_100.tsv	10	15b97fbfb77c806d53ac66bc50efe62d0d6e57b32354f75770bc53a1a07ee929
reciprocal_nomination	4:40	57:18		strong	57:18	4:40	4:40	cross_surah	label_target_note	ranked_review	Directly joins a good act, multiplication, and great reward.	focus_57_18_cutoff_100.tsv	76	52704135d3f4aa7a60189c880f4cd1ffa9de316d5d7e3baeadca12df3ff87ccc
reciprocal_nomination	4:40	64:9		medium	64:9	4:40	4:40	cross_surah	label_target_note	missing_ayah_suggestion	Adds exact non-injustice and multiplied good return to the accounting frame.	focus_64_9_cutoff_100.tsv	112	79a5ffce36c9de76d6782ab7b243f17c679ec1374345145f0f8f0b74e47d4c97
reciprocal_nomination	4:40	64:17		strong	64:17	4:40	4:40	cross_surah	label_target_note	ranked_review	Gives a compact account of a حَسَنَة being multiplied while even the smallest wrong is not increased.	focus_64_17_cutoff_100.tsv	13	f384dfd5b4fa7321de52cc3a10462f9df205ee7bed85dc6af3638330d8ca6bee
reciprocal_nomination	4:40	66:7		medium	66:7	4:40	4:40	cross_surah	label_target_note	missing_ayah_suggestion	Explicitly excludes even the least injustice in recompense.	focus_66_7_cutoff_100.tsv	107	06c89dc000a116a050fe59080e1a710ba9632dcf8e07aeaa14a677e35509bd7a
reciprocal_nomination	4:40	67:2		medium	67:2	4:40	4:40	cross_surah	label_target_note	missing_ayah_suggestion	Non-injustice, multiplied good, and reward clarify evaluative fairness.	focus_67_2_cutoff_100.tsv	108	69c87809a0a7f442feb7e5cd26670f646bd42c5f0571c42960328bd3df53fd75
reciprocal_nomination	4:40	68:3		medium	68:3	4:40	4:40	cross_surah	label_target_note	missing_ayah_suggestion	Divine non-injustice and multiplication sharpen the assured-reward dimension.	focus_68_3_cutoff_100.tsv	103	489efae085695e815dd24c443fb8ec28aaaaf67645008ebb1d6c1da5ef1f3755
reciprocal_nomination	4:40	68:46		medium	68:46	4:40	4:40	cross_surah	label_target_note	ranked_review	مثقال with أجرا joins measure and recompense; f01 is positive.	focus_68_46_cutoff_100.tsv	25	5d72e73ebe4bc284fb744860c204d98ad2d5e51f1661423226bd22cd5f958c7a
reciprocal_nomination	4:40	69:19		medium	69:19	4:40	4:40	cross_surah	label_target_note	missing_ayah_suggestion	Exact recompense down to the smallest measure supports the account's justice.	focus_69_19_cutoff_100.tsv	141	ed06d9a8e02bd874b1505ac1eb089831a85224bc0f7670321250950107f02629
reciprocal_nomination	4:40	72:13		medium	72:13	4:40	4:40	cross_surah	label_target_note	missing_ayah_suggestion	Divine non-injustice, even at the smallest measure, grounds the focus's assurance against shortfall.	focus_72_13_cutoff_100.tsv	106	d4a5bc069c2c54e14f5a2c9b36cbd729cee1c9fcea15727e8e63190e5dec197e
reciprocal_nomination	4:40	73:5		medium	73:5	4:40	4:40	cross_surah	label_target_note	ranked_review	Exact measure and enlarged recompense develop value beyond mere difficulty.	focus_73_5_cutoff_100.tsv	15	530340b5b01cbf997b82de2dc2f3a4e2ca52ac30d5bcf46ed09f155bbf55b1c7
reciprocal_nomination	4:40	76:12		medium	76:12	4:40	4:40	cross_surah	label_target_note	missing_ayah_suggestion	Zerre kadar haksızlık etmeme ve kat kat karşılık, 76:12'nin adalet yönünü destekler.	focus_76_12_cutoff_100.tsv	154	7a2a382791088cf2c765c5d85181057d0d2d301bbf9e3f1b91604eb89a7a8158
reciprocal_nomination	4:40	76:22		medium	76:22	4:40	4:40	cross_surah	label_target_note	missing_ayah_suggestion	Shows a good deed multiplied and met with a great reward.	focus_76_22_cutoff_100.tsv	103	7305da203ea3ab01ec13c4b3de4c9c15ea314e2380b773c0d7fac6bf4f4ccd29
reciprocal_nomination	4:40	76:31		strong	76:31	4:40	4:40	cross_surah	label_target_note	missing_ayah_suggestion	The denial of even an atom's injustice strongly qualifies any reading of 76:31 as arbitrary.	focus_76_31_cutoff_100.tsv	117	18380fb1e46cee25b94ac411394ada92420b535de90f73e22cb78ae3eb0dd883
reciprocal_nomination	4:40	77:44		strong	77:44	4:40	4:40	cross_surah	label_target_note	missing_ayah_suggestion	Denies even atomic injustice and allows multiplied or great reward.	focus_77_44_cutoff_100.tsv	105	63a65bb58b6bab31011fe30e8a52acf380cb4a689a0e4739d280febfde383263
reciprocal_nomination	4:40	78:26		strong	78:26	4:40	4:40	cross_surah	label_target_note	missing_ayah_suggestion	The denial of even atom-weight wrong, multiplication of good, and great reward preserves both justice and surplus.	focus_78_26_cutoff_100.tsv	108	f46ad48b4522e9ec947880113197fd930bc1566bbc0002524367c2df16b46af0
reciprocal_nomination	4:40	78:36		strong	78:36	4:40	4:40	cross_surah	label_target_note	missing_ayah_suggestion	Multiplying a good deed and giving an immense reward directly support generosity beyond equivalence.	focus_78_36_cutoff_100.tsv	108	0ef05951bbb3134607a25b43590a0d39fff6f7ce96de2ae564fe63ccd9e848e3
reciprocal_nomination	4:40	79:11		medium	79:11	4:40	4:40	cross_surah	label_target_note	ranked_review	Adds exact reckoning and reward, supporting consequence but not bodily return.	focus_79_11_cutoff_100.tsv	70	9ee4d0ab5048f8272e10e6072f1df7ef749ca3fe2daa8397ed552376d028c3db
reciprocal_nomination	4:40	79:35		strong	79:35	4:40	4:40	cross_surah	label_target_note	missing_ayah_suggestion	En küçük iyiliğin katlanması ve karşılık verilmesi, 79:35'te hatırlanan emeğin adaletli değerlendirmesine paraleldir.	focus_79_35_cutoff_100.tsv	142	803aa82845d486e19368f7bf2fd30a4b1303dcf3ab0cc1a654fe879066f67cc0
reciprocal_nomination	4:40	81:8		strong	81:8	4:40	4:40	cross_surah	label_target_note	missing_ayah_suggestion	The denial of even minimal injustice supports reading 81:8 as redress rather than mere scene description.	focus_81_8_cutoff_100.tsv	119	6440573cc6b24511204acbbf90625606f3f870de0f103734b4fd721a53d27dd8
reciprocal_nomination	4:40	82:19		medium	82:19	4:40	4:40	cross_surah	label_target_note	missing_ayah_suggestion	God does not wrong even an atom's weight, supporting the justice of the final account.	focus_82_19_cutoff_100.tsv	158	5321122e8c2221f1f63d93bc5f9faa65a637d3c2c0272f8706b301228fc0ba2f
reciprocal_nomination	4:40	83:2		medium	83:2	4:40	4:40	cross_surah	label_target_note	missing_ayah_suggestion	En küçük ağırlıkta bile haksızlık olmaması, ölçüde eksiltmenin reddine temel bir adalet paralelidir.	focus_83_2_cutoff_100.tsv	105	861cc5e29372b8002e2b51f938a07bef7a2abd8facacae2ee3cbc9be020f0461
reciprocal_nomination	4:40	83:3		medium	83:3	4:40	4:40	cross_surah	label_target_note	missing_ayah_suggestion	Articulates exact non-wronging even at the smallest scale, supporting the no-deficit principle.	focus_83_3_cutoff_100.tsv	107	af9ff4320db11bc945dacccbd65b0fdb1a50544b8c9578c2e96856c689bcf020
reciprocal_nomination	4:40	83:5		strong	83:5	4:40	4:40	cross_surah	label_target_note	missing_ayah_suggestion	Supplies the atomic-scale boundary: even the smallest deed is neither lost nor unrequited.	focus_83_5_cutoff_100.tsv	103	153ca5a41f89d0b658386c1b9d55f6d26ad90ce48571c4c1e249d2ae74a0831f
reciprocal_nomination	4:40	83:9		medium	83:9	4:40	4:40	cross_surah	label_target_note	missing_ayah_suggestion	The atom-weight standard supports exactness in final accounting.	focus_83_9_cutoff_100.tsv	152	5a3678339f813f984e29966375402e39c77cfe642a86200f34fd97479d468d55
reciprocal_nomination	4:40	84:6		medium	84:6	4:40	4:40	cross_surah	label_target_note	missing_ayah_suggestion	Precise weighing of even a minute good deed supports accountable result.	focus_84_6_cutoff_100.tsv	104	9ba7665650499d0583126657c0e05cceadbf6ed3e2577760e1e5edfef39c2c8a
reciprocal_nomination	4:40	84:7		medium	84:7	4:40	4:40	cross_surah	label_target_note	missing_ayah_suggestion	Precise, non-arbitrary recompense clarifies the justice implied by a personal record.	focus_84_7_cutoff_100.tsv	103	926a2cd9d9180551759a221f268b4a1489f1157ac6184869fb17c286028fdcd5
reciprocal_nomination	4:40	88:26		strong	88:26	4:40	4:40	cross_surah	label_target_note	missing_ayah_suggestion	No injustice even at the smallest measure grounds the account's justice.	focus_88_26_cutoff_100.tsv	105	f31cf663461c845cf0e3ce4221d47a1537a862736f64c903aa4a3b09ac03cf15
reciprocal_nomination	4:40	95:6		strong	95:6	4:40	4:40	cross_surah	label_target_note	missing_ayah_suggestion	No injustice even at the smallest measure, with multiplication of good, directly sharpens fair and amplified return.	focus_95_6_cutoff_100.tsv	106	80db078682b9fe3a05724e266ebd8e3ffb6f320600792ce2fad5f43a268915a2
reciprocal_nomination	4:40	98:7		strong	98:7	4:40	4:40	cross_surah	label_target_note	missing_ayah_suggestion	States non-injustice and multiplication of a hasanah, directly sharpening f05.	focus_98_7_cutoff_100.tsv	102	95aa361a6eab06c34a692c7594d2fc9f59d2cb2ca047939b330c56f86b40c203
reciprocal_nomination	4:40	99:2		strong	99:2	4:40	4:40	cross_surah	label_target_note	ranked_review	Atom-weight justice strongly supports precise accounting without loss.	focus_99_2_cutoff_100.tsv	21	b0cee8c5b5c269554ea3f037e8825bcb7d1065df40248618d2ec05d09577a51a
reciprocal_nomination	4:40	99:7		strong	99:7	4:40	4:40	cross_surah	label_target_note	ranked_review	Directly joins atom-scale justice, good, multiplication, and reward.	focus_99_7_cutoff_100.tsv	4	65fc28f8f7ab5e37bdbd9c00c6cde2aafd83ea91f3724983a95cfdc489251601
reciprocal_nomination	4:40	99:8		strong	99:8	4:40	4:40	cross_surah	label_target_note	ranked_review	Direct atom-weight parallel establishes non-injustice at the smallest measure.	focus_99_8_cutoff_100.tsv	4	d2100338cec2e58a9c19ec60ca5082979d185718fc1892cee56860316b47b2a0
reciprocal_nomination	4:40	101:6		medium	101:6	4:40	4:40	cross_surah	label_target_note	ranked_review	Fine-grained accountability supports the plural-calibration aspect of f03.	focus_101_6_cutoff_100.tsv	21	86a245b53c1feef7aa62c059506491bc2b87d385e85074be229cb4bffc439c1c
reciprocal_nomination	4:40	101:8		strong	101:8	4:40	4:40	cross_surah	label_target_note	missing_ayah_suggestion	Atom-weight justice and multiplied good directly ground f01/f02.	focus_101_8_cutoff_100.tsv	104	574c4d73c0ea589f67affb32a6c304d57ce64113fe3a30519daddfe1de2b655b
