record_type	focus_ref	target_ref	focus_direction_label	source_direction_label	source_focus_ref	source_target_ref	source_target_component_ref	relation_scope	source_column_order	source_row_role	source_note	source_file	source_line	source_row_sha256
directional_review	2:102	74:31	strong	strong	2:102	74:31	74:31	cross_surah	label_target_note	ranked_review	Frames fitnah as a disclosure that can deepen certainty or provoke disbelief.	focus_2_102_cutoff_100.tsv	1	368d774df6d912c0857400bad261d2cc8ec6825a0201fe2d99f7d0e68a9d8e77
directional_review	2:102	2:87	strong	strong	2:102	2:87	2:87	same_surah	label_target_note	ranked_review	Sets the immediate pattern: divine messengers and signs meet arrogant rejection.	focus_2_102_cutoff_100.tsv	2	6d4be5ee97d19bd69d3dc8e577d46b1bee9c2743b449140f24673c9895544451
directional_review	2:102	21:66	strong	strong	2:102	21:66	21:66	cross_surah	label_target_note	ranked_review	Directly denies independent benefit or harm to what is taken besides God.	focus_2_102_cutoff_100.tsv	3	2606ba7d1506e202ed0726c82d5a18a5c2f1f9c3e1d2883587ccd4c22901a48d
directional_review	2:102	25:55	medium	medium	2:102	25:55	25:55	cross_surah	label_target_note	ranked_review	Adds that adherents themselves sustain an otherwise powerless rival allegiance.	focus_2_102_cutoff_100.tsv	4	db61a61d022c4a68982aecfd0446bc1603ca5a85995a633ed57d05a29e58faf8
directional_review	2:102	2:94	medium	medium	2:102	2:94	2:94	same_surah	label_target_note	ranked_review	In the immediate sequence, tests an exclusive claim to the Hereafter later undercut by 2:102.	focus_2_102_cutoff_100.tsv	5	831dbaba836839e2fbdc5206baed26d5aaea8a4b9c61034802c3d1019ea6a4a4
directional_review	2:102	22:12	weak	weak	2:102	22:12	22:12	cross_surah	label_target_note	ranked_review	Repeats the no-harm/no-benefit criterion already supplied more directly above.	focus_2_102_cutoff_100.tsv	6	04f0a61f89e55c732002a1e13ee7b99f2deec365a9e1d992b6a618df5a5a193b
directional_review	2:102	10:18	medium	medium	2:102	10:18	10:18	cross_surah	label_target_note	ranked_review	Contrasts claims of intercession with entities that neither harm nor benefit.	focus_2_102_cutoff_100.tsv	7	7a4c1ff55ee448d4834ff3019077d2407cf24581b9b4f857daeced575cce1309
directional_review	2:102	2:97	medium	medium	2:102	2:97	2:97	same_surah	label_target_note	ranked_review	Places angelic mediation under God's permission and within confirming revelation.	focus_2_102_cutoff_100.tsv	8	37d0476293009ad30e7791adddd6e67e8f5964e58626fa57ef2824d3fe057e4a
directional_review	2:102	34:23	strong	strong	2:102	34:23	34:23	cross_surah	label_target_note	ranked_review	States that benefit through intercession is conditional on divine permission.	focus_2_102_cutoff_100.tsv	9	ac0101bfe06e2e06c0033c23846073001a7392628fcd5a66963676718af0457d
directional_review	2:102	12:21	weak	weak	2:102	12:21	12:21	cross_surah	label_target_note	ranked_review	Only loosely contrasts a local calculation of benefit with God's governing purpose.	focus_2_102_cutoff_100.tsv	10	5cf1298d37f68421114b0f1f6d80cb563ba1c5bf86272dcce6e7b28aa265a85d
directional_review	2:102	2:88	strong	strong	2:102	2:88	2:88	same_surah	label_target_note	ranked_review	Explains the nearby community's poor reception as disbelief rather than lack of access.	focus_2_102_cutoff_100.tsv	11	4a51e0c5d3a04837ed5d2b8000c05ad612e9f1e4d1a75eb110422ad34c749301
directional_review	2:102	25:8	medium	medium	2:102	25:8	25:8	cross_surah	label_target_note	ranked_review	Preserves the contrary move of dismissing a messenger as bewitched.	focus_2_102_cutoff_100.tsv	12	bb4222dff21cc65188588e5200dbfdcd8ef92ee44c1ebba789ce60bb7507a948
directional_review	2:102	24:21	medium	medium	2:102	24:21	24:21	cross_surah	label_target_note	ranked_review	Shows following Satan as a progressive path toward corrupt conduct.	focus_2_102_cutoff_100.tsv	13	cfbdcd24a4bfccd4329b61884b528694b20c1d2d382450c03863b381e8d8d052
directional_review	2:102	2:95	medium	medium	2:102	2:95	2:95	same_surah	label_target_note	ranked_review	Continues the immediate exposure of claims contradicted by prior deeds.	focus_2_102_cutoff_100.tsv	14	3156d18cf1e243a6ca8ffe1553d69dcdd04e73c967806ffce03650da1e335a89
directional_review	2:102	14:1	medium	medium	2:102	14:1	14:1	cross_surah	label_target_note	ranked_review	Links a divinely sent book and guidance to permission, without addressing magic itself.	focus_2_102_cutoff_100.tsv	15	400519d2537244b4f5053b388a412ff2efdc86c4cd60f288a3d09db6ab22845d
directional_review	2:102	6:71	medium	medium	2:102	6:71	6:71	cross_surah	label_target_note	ranked_review	Contrasts following devils and powerless calls with God's guidance.	focus_2_102_cutoff_100.tsv	16	5c2b791fcd47ab1770bab0c5ec21b07fe1db4cf7e4b88fe81e65ca371d7e1589
directional_review	2:102	2:92	strong	strong	2:102	2:92	2:92	same_surah	label_target_note	ranked_review	Supplies the close antecedent of rejecting clear signs and turning to the calf.	focus_2_102_cutoff_100.tsv	17	b918c515b90a553b1a63e4d69f41a4a5e4dca91c987411216fec818255aa7914
directional_review	2:102	5:110	strong	strong	2:102	5:110	5:110	cross_surah	label_target_note	ranked_review	Combines signs called magic with repeated insistence that their efficacy is by God's permission.	focus_2_102_cutoff_100.tsv	18	f68ef7133706ed5c9cc5208402e6196846a50f40345fc276a735d2273652c744
directional_review	2:102	38:34	medium	medium	2:102	38:34	38:34	cross_surah	label_target_note	ranked_review	Offers a secondary Solomon-and-fitnah parallel without resolving the magic account.	focus_2_102_cutoff_100.tsv	19	f9156ac0f84e282e094c33203173e074841b0bf49a225a5b4a60de37f0a33f5b
directional_review	2:102	2:89	strong	strong	2:102	2:89	2:89	same_surah	label_target_note	ranked_review	Gives the immediate pattern of rejecting a recognized, confirming book.	focus_2_102_cutoff_100.tsv	20	e3b8440995d44d6b99a8352112b64aa7ead6bcb104df30c1249be167e6821d2d
directional_review	2:102	37:162	weak	weak	2:102	37:162	37:162	cross_surah	label_target_note	ranked_review	Provides only a terse, indeterminate statement about fitnah.	focus_2_102_cutoff_100.tsv	21	e53bb4e69ca3735e1f827b43b6a1e3ae780eb43af8605359a7863235c17f6152
directional_review	2:102	14:11	medium	medium	2:102	14:11	14:11	cross_surah	label_target_note	ranked_review	Limits messengers' signs to what comes by God's permission.	focus_2_102_cutoff_100.tsv	22	780ab7f5728388eb3bede66502694e881298c83d1e3c24cbe697d722e2de7e13
directional_review	2:102	2:96	strong	strong	2:102	2:96	2:96	same_surah	label_target_note	ranked_review	Completes the local portrait of people who prize worldly life despite the Hereafter.	focus_2_102_cutoff_100.tsv	23	aa150d9e4ec3b824a11ac66d4c1e4d9bf985efddbf90a789fc791a3445de0d9e
directional_review	2:102	56:7	no value	no value	2:102	56:7	56:7	cross_surah	label_target_note	ranked_review	The bare grouping into pairs adds no usable connection here.	focus_2_102_cutoff_100.tsv	24	0e8cc0e589b4301877b5b29ad25ddb9911b050e1fcecbb5dc31cf0db3181d4f4
directional_review	2:102	68:33	weak	weak	2:102	68:33	68:33	cross_surah	label_target_note	ranked_review	Mentions greater punishment in the Hereafter but adds little beyond the nearby context.	focus_2_102_cutoff_100.tsv	25	e22cbf081ea6245f391017dcbcdfef6439671d48056b95e90e75e7aab4c99c42
directional_review	2:102	2:99	strong	strong	2:102	2:99	2:99	same_surah	label_target_note	ranked_review	Names clear signs and disbelief in the immediate lead-in to 2:102.	focus_2_102_cutoff_100.tsv	26	20c69668bf16eb686bd41546e6b9c41e502a4a583e08af5461314a8291bda990
directional_review	2:102	21:35	medium	medium	2:102	21:35	21:35	cross_surah	label_target_note	ranked_review	Provides a broader fitnah reading: both hardship and good are tests.	focus_2_102_cutoff_100.tsv	27	127e1ef4d90ee0bc9a3c059f759d1065375a70185ebfaa54ad9e5c5f861cb41f
directional_review	2:102	80:34	no value	no value	2:102	80:34	80:34	cross_surah	label_target_note	ranked_review	Sibling flight does not clarify the focus passage.	focus_2_102_cutoff_100.tsv	28	9f7e8c88fffdedf5d3767911b0bba377b211fccccb06a606b0ff2e18ce7d33f6
directional_review	2:102	2:90	strong	strong	2:102	2:90	2:90	same_surah	label_target_note	ranked_review	Closely parallels the disastrous exchange of self for rejecting God's revelation.	focus_2_102_cutoff_100.tsv	29	8737ff1709d89fe26935ad1997233c7631901555f14431e30d90eb9eec2a7601
directional_review	2:102	3:4	weak	weak	2:102	3:4	3:4	cross_surah	label_target_note	ranked_review	General criterion and punishment language is too broad to clarify the passage.	focus_2_102_cutoff_100.tsv	30	a7fa3a0f0775b9a0166e48c782b7ad7bdc503c4042f6d00de3462f2417bca3d9
directional_review	2:102	9:56	no value	no value	2:102	9:56	9:56	cross_surah	label_target_note	ranked_review	The oath and fear scene has no material link.	focus_2_102_cutoff_100.tsv	31	0862ad9ce4a3a7d0aeda36e4a2d63086bd077aa410cf6cd213e2a6f6c0db37e5
directional_review	2:102	2:93	strong	strong	2:102	2:93	2:93	same_surah	label_target_note	ranked_review	Adds covenantal refusal and calf devotion as the immediate historical backdrop.	focus_2_102_cutoff_100.tsv	32	a3b282b1fb3ffe216c8f4ff40a95bb251c0f1e7b3d08ab47e1682c69d92019cc
directional_review	2:102	3:58	weak	weak	2:102	3:58	3:58	cross_surah	label_target_note	ranked_review	Recitation and wise reminder are only a remote verbal parallel.	focus_2_102_cutoff_100.tsv	33	4bedacc116753692eee8798d9dd37108568eb1afce50f611d0fb63d69dbf432a
directional_review	2:102	3:84	medium	medium	2:102	3:84	3:84	cross_surah	label_target_note	ranked_review	Affirms one source across messengers, relevant to the passage's angelic and prophetic setting.	focus_2_102_cutoff_100.tsv	34	c611022813e1b08462ecfb5ba030c6a2226e1519ab3039c98262e904327aa412
directional_review	2:102	2:101	strong	strong	2:102	2:101	2:101	same_surah	label_target_note	ranked_review	Directly precedes the focus: abandoning God's book opens the contrast with what they followed.	focus_2_102_cutoff_100.tsv	35	d2dff643ba1435cf5eb20494890c07c6279a7a88750e505450b36afabd00c628
directional_review	2:102	3:108	weak	weak	2:102	3:108	3:108	cross_surah	label_target_note	ranked_review	Truthful recitation is a broad contrast, not a specific interpretive key.	focus_2_102_cutoff_100.tsv	36	0dbb5958d9a876e32ff39fe70c2a1ec06a31176c5b636b82710ef7cac3951cdc
directional_review	2:102	5:18	medium	medium	2:102	5:18	5:18	cross_surah	label_target_note	ranked_review	Counters claims of privileged status with accountability before God's rule.	focus_2_102_cutoff_100.tsv	37	4baa694e363aafca2f2fcd92fe50c28ad61fff429af40d8deb2dfcb02c8dcfba
directional_review	2:102	2:91	strong	strong	2:102	2:91	2:91	same_surah	label_target_note	ranked_review	Shows selective acceptance of revelation despite its confirming character.	focus_2_102_cutoff_100.tsv	38	7cb1e007496180929e8fcef619b1c271b94807aa70d4a54a6cf62156a2ad9772
directional_review	2:102	17:47	medium	medium	2:102	17:47	17:47	cross_surah	label_target_note	ranked_review	Preserves the polemical tactic of calling a messenger bewitched.	focus_2_102_cutoff_100.tsv	39	35bc151498ba4c8f5bad51d8ff0614af3e2052629064792430d73423c724b3de
directional_review	2:102	22:13	medium	medium	2:102	22:13	22:13	cross_surah	label_target_note	ranked_review	Sharpens the focus passage's harm-versus-benefit judgment by making harm predominant.	focus_2_102_cutoff_100.tsv	40	34f15713580294a996ab4cf18128e55af24274a9ea99d6bc10350a9722c93d34
directional_review	2:102	2:98	strong	strong	2:102	2:98	2:98	same_surah	label_target_note	ranked_review	Completes the immediate angel-and-messenger frame of the preceding verses.	focus_2_102_cutoff_100.tsv	41	5b8bbcedd2764223d297d032cbe58ab365958f963bba0d1bd1f6cee93ed18d7f
directional_review	2:102	44:54	no value	no value	2:102	44:54	44:54	cross_surah	label_target_note	ranked_review	The pairing image does not clarify separation between spouses in 2:102.	focus_2_102_cutoff_100.tsv	42	1913c543963f1442220a2fa4037e52c338eb8131c36ff40e4aa940654e44350a
directional_review	2:102	39:49	medium	medium	2:102	39:49	39:49	cross_surah	label_target_note	ranked_review	Shows a benefit as fitnah when its source is falsely claimed as personal knowledge.	focus_2_102_cutoff_100.tsv	43	a67740b882632de58e068813d94a06e0df0f445270c678d233987d5d50e1fb5c
directional_review	2:102	2:100	strong	strong	2:102	2:100	2:100	same_surah	label_target_note	ranked_review	Adds repeated covenant-breaking immediately before the discarded-book sequence.	focus_2_102_cutoff_100.tsv	44	cf5f245b9f6682dead139ea0f5e8323779fa63c871557a105030b186e0213d33
directional_review	2:102	3:105	medium	medium	2:102	3:105	3:105	cross_surah	label_target_note	ranked_review	Shows division after clear proofs as culpable, a secondary contrast to marital division by magic.	focus_2_102_cutoff_100.tsv	45	cbf6a7f9ffa7adafa520bd710af214f5d1ddbef5f76c2290d9bb93e06734f24f
directional_review	2:102	29:64	no value	no value	2:102	29:64	29:64	cross_surah	label_target_note	ranked_review	The worldly-life contrast is too general.	focus_2_102_cutoff_100.tsv	46	55d33f8cde2655d8cae3b4508c595a6afee3ef7993bca884f29678f930fa1ede
directional_review	2:102	53:26	weak	weak	2:102	53:26	53:26	cross_surah	label_target_note	ranked_review	Reiterates permission-bound intercession already established more directly.	focus_2_102_cutoff_100.tsv	47	3aa5071018d5bc7e3f2791969432919a1cb84ad240d03e84c1aa5476d3ba7126
directional_review	2:102	2:136	weak	weak	2:102	2:136	2:136	same_surah	label_target_note	ranked_review	Supports continuity of revelation but is redundant with closer cards.	focus_2_102_cutoff_100.tsv	48	d8cd885267c2ed8cd32fe1e38dce8ee91ddd0f72f1af8236a7fceac60ef6838c
directional_review	2:102	58:10	strong	strong	2:102	58:10	58:10	cross_surah	label_target_note	ranked_review	Directly limits harmful satanic activity by God's permission.	focus_2_102_cutoff_100.tsv	49	9cceed89f2e16640c9ddeaa2ac25c33eff0240e5408620fea6c1c2ef6d739abe
directional_review	2:102	4:89	no value	no value	2:102	4:89	4:89	cross_surah	label_target_note	ranked_review	The conflict instruction does not illuminate the focus passage.	focus_2_102_cutoff_100.tsv	50	fae2bf5e7fd318cb1de0bedc5ba5468707daad154de12b401d430a895e8cb849
directional_review	2:102	9:83	no value	no value	2:102	9:83	9:83	cross_surah	label_target_note	ranked_review	Later exclusion from a campaign is unrelated.	focus_2_102_cutoff_100.tsv	51	5e3beec368015a93cddd199da9c15101d6ef4f9d4e3fe2850b28759f3a7e7bf3
directional_review	2:102	26:49	strong	strong	2:102	26:49	26:49	cross_surah	label_target_note	ranked_review	Shows a failed magic explanation being repaired through conspiracy and alleged instruction.	focus_2_102_cutoff_100.tsv	52	2da5e6d2a51ece734a690679cdb24fe0720ba1d26894c36645ab68df09af9507
directional_review	2:102	26:73	medium	medium	2:102	26:73	26:73	cross_surah	label_target_note	ranked_review	Uses benefit and harm as the minimal test for claimed authority, though now redundant.	focus_2_102_cutoff_100.tsv	53	536de8af0c0f0f94d6879772883bc64c4ae63714ed0931da6e621ba4a7ede20d
directional_review	2:102	39:26	weak	weak	2:102	39:26	39:26	cross_surah	label_target_note	ranked_review	Only adds a general worldly and final punishment contrast.	focus_2_102_cutoff_100.tsv	54	3657d483551d336bd190b2241ba56f11b02fd8ae3a8ca28c04feb0c8967f7995
directional_review	2:102	36:23	medium	medium	2:102	36:23	36:23	cross_surah	label_target_note	ranked_review	Denies that adopted deities can avert harm or provide effective intercession.	focus_2_102_cutoff_100.tsv	55	a87428b1c9c8cb3bfcd1032d1a7829310752f9d2ba6c1e76c262824e320dbdcd
directional_review	2:102	30:8	no value	no value	2:102	30:8	30:8	cross_surah	label_target_note	ranked_review	Reflection on creation and the appointed term is too remote.	focus_2_102_cutoff_100.tsv	56	29f247d810088ec7abdd983559b07bb5f9f2fb7021309c7166ac2a210c7f3cd8
directional_review	2:102	2:221	medium	medium	2:102	2:221	2:221	same_surah	label_target_note	ranked_review	Adds a marital contrast: intimate union follows competing calls and consequences.	focus_2_102_cutoff_100.tsv	57	df0d66da42aaaa2cef05ca14e01d732b50da3d3a42081c1f3d53b4737512bd2b
directional_review	2:102	10:61	weak	weak	2:102	10:61	10:61	cross_surah	label_target_note	ranked_review	Divine witnessing of recitation and action adds only a distant accountability frame.	focus_2_102_cutoff_100.tsv	58	d4650edbaacdbd7c16476ba7e436b8e501194755430bb23d85c0a07b0c77fbfa
directional_review	2:102	37:15	strong	strong	2:102	37:15	37:15	cross_surah	label_target_note	ranked_review	Preserves the central contrary reading that calls a manifest sign magic.	focus_2_102_cutoff_100.tsv	59	aa155bcce5c7256547e395d33320105890212ceb975e711b661725d0def83020
directional_review	2:102	9:42	no value	no value	2:102	9:42	9:42	cross_surah	label_target_note	ranked_review	The excuse for avoiding a journey is unrelated.	focus_2_102_cutoff_100.tsv	60	c16302dcddeb1d60e4151e7ac5f2513d0939cc2117560d850ef676886b28d138
directional_review	2:102	64:11	strong	strong	2:102	64:11	64:11	cross_surah	label_target_note	ranked_review	States that an affliction reaches a person only by God's permission.	focus_2_102_cutoff_100.tsv	61	f4f2fef8cbd19b808d3cd5e4332c770b28fa46e77d15af1526c1d9a65d7deebd
directional_review	2:102	24:57	no value	no value	2:102	24:57	24:57	cross_surah	label_target_note	ranked_review	Final failure to escape does not add a focused connection.	focus_2_102_cutoff_100.tsv	62	147aaec96a95bcf38f728e331d03081104a1e634f4a97400b6d9cf7fbcab0f07
directional_review	2:102	2:213	medium	medium	2:102	2:213	2:213	same_surah	label_target_note	ranked_review	Relates revelation, disagreement after proofs, and guidance by permission.	focus_2_102_cutoff_100.tsv	63	8192325b21c72d1d5dc2e69d1dd2d214ee9639aab6ad1d47a7d9f09ada8d06b5
directional_review	2:102	3:152	medium	medium	2:102	3:152	3:152	cross_surah	label_target_note	ranked_review	Joins permission, internal dispute, and testing, but only as a secondary pattern.	focus_2_102_cutoff_100.tsv	64	b85e1a0bbfd80445e6074212cd3178a02cd874a0c2a18f60442ac3187234fd64
directional_review	2:102	2:255	medium	medium	2:102	2:255	2:255	same_surah	label_target_note	ranked_review	Supplies the wider rule that knowledge and intercession are limited by God's will.	focus_2_102_cutoff_100.tsv	65	a831314482fba47c636be30651ef689c204b8188035f4561701eddfd399c5224
directional_review	2:102	8:24	medium	medium	2:102	8:24	8:24	cross_surah	label_target_note	ranked_review	Links response to God and the messenger with the heart's dependence on God.	focus_2_102_cutoff_100.tsv	66	0ec5b3c40969e3c5410d5d651db009bc15ebfad0e1763724b47011623ca444a5
directional_review	2:102	5:76	medium	medium	2:102	5:76	5:76	cross_surah	label_target_note	ranked_review	Restates the no-power-over-harm-or-benefit test, now as a direct theological criterion.	focus_2_102_cutoff_100.tsv	67	43742f88ce5b4249501cc23be5cc6c3b886ca368246679960bacde9aebaaab17
directional_review	2:102	2:285	weak	weak	2:102	2:285	2:285	same_surah	label_target_note	ranked_review	Affirms undivided faith in angels, books, and messengers, but adds little to the passage.	focus_2_102_cutoff_100.tsv	68	0f924055dd0087e7a23f8c7897e112bbcb42db762408ca6145530a443b5750ff
directional_review	2:102	10:100	medium	medium	2:102	10:100	10:100	cross_surah	label_target_note	ranked_review	Connects belief itself to divine permission and censures failure to use reason.	focus_2_102_cutoff_100.tsv	69	47366ab07683953fb5857b5e651ecd6e2a712063a8c78e3be3cf8d72186ae0c3
directional_review	2:102	7:157	medium	medium	2:102	7:157	7:157	cross_surah	label_target_note	ranked_review	Adds the prior-scripture expectation of the messenger and the call to follow revealed light.	focus_2_102_cutoff_100.tsv	70	b26e9c9dc6b43372666742f57b65720d86f82e4f7fcb447ad582ecb99ccd0c7e
directional_review	2:102	2:249	medium	medium	2:102	2:249	2:249	same_surah	label_target_note	ranked_review	Provides a concrete fitnah and a victory explicitly by God's permission.	focus_2_102_cutoff_100.tsv	71	882ac88e7d35b7ebf10c77387ce0d84ada6677833af5845cd31c9bbb75549ad7
directional_review	2:102	5:17	medium	medium	2:102	5:17	5:17	cross_surah	label_target_note	ranked_review	Denies that any created figure can prevent what God wills.	focus_2_102_cutoff_100.tsv	72	6ccd674f01ff4e03175a80b8a63879661491f55ce9ec892dd2ea2c094f092049
directional_review	2:102	10:106	weak	weak	2:102	10:106	10:106	cross_surah	label_target_note	ranked_review	Repeats the no-harm/no-benefit warning without adding the permission dimension.	focus_2_102_cutoff_100.tsv	73	7d5dd6e74d915a1944813ecfe04fa4880834692486d460e9a9ca02991955fc42
directional_review	2:102	2:193	weak	weak	2:102	2:193	2:193	same_surah	label_target_note	ranked_review	Uses fitnah in a different conflict setting, preserving a contrast rather than support.	focus_2_102_cutoff_100.tsv	74	cd2e5b14b486eadfd2fb9eb7de06b1abeac4f8c04554c35705ef90fbd744aeac
directional_review	2:102	20:109	weak	weak	2:102	20:109	20:109	cross_surah	label_target_note	ranked_review	Reiterates permission-bound intercession without a new link to magic or learning.	focus_2_102_cutoff_100.tsv	75	26a98d9f10f01a0c24c05ab7cca9303adec3f4bcc26eb9db874afd549d9c7500
directional_review	2:102	2:164	weak	weak	2:102	2:164	2:164	same_surah	label_target_note	ranked_review	Locates benefit in God's ordered signs, only broadly contrasting harmful learning.	focus_2_102_cutoff_100.tsv	76	f6225143af71d3c186ecb1332098f5f9f3064986ba7f78c575231cd0c39ba311
directional_review	2:102	22:39	weak	weak	2:102	22:39	22:39	cross_surah	label_target_note	ranked_review	Uses permission as authorization in a different legal setting.	focus_2_102_cutoff_100.tsv	77	125ade48a8d3844d4d438c157cd9f669bc90c1894205026434f43cb1f7010aa1
directional_review	2:102	2:233	medium	medium	2:102	2:233	2:233	same_surah	label_target_note	ranked_review	Its prohibition on mutual harm through a child is a limited household-harm parallel.	focus_2_102_cutoff_100.tsv	78	5d72005e24231e024ad7f984e4ebcb1db3a6d03219d3e976ab9e32d96bc8d705
directional_review	2:102	81:7	no value	no value	2:102	81:7	81:7	cross_surah	label_target_note	ranked_review	The terse pairing image offers no clear connection.	focus_2_102_cutoff_100.tsv	79	5e106c2c420d1de7047c311bccdf183a26311a1b341b4b7d9452a207336b5059
directional_review	2:102	4:64	weak	weak	2:102	4:64	4:64	cross_surah	label_target_note	ranked_review	Obedience to a messenger by permission is only a broad authority parallel.	focus_2_102_cutoff_100.tsv	80	419e788305cfe4998a01c2f348cc77edc91485daaea2693089a92ba745fde07d
directional_review	2:102	11:105	weak	weak	2:102	11:105	11:105	cross_surah	label_target_note	ranked_review	Permission for speech at judgment is not pertinent to the passage's causal claim.	focus_2_102_cutoff_100.tsv	81	7201a4a66c1ff74b06031894ea341dc1d1e8432e0cd428853c0e0f2afd34173a
directional_review	2:102	10:24	weak	weak	2:102	10:24	10:24	cross_surah	label_target_note	ranked_review	Contrasts presumed control with God's decisive command, at a broad level.	focus_2_102_cutoff_100.tsv	82	fd5581e2eb890ba42d55b179ad37386297b53c1ea28389e773e134e6e2cfd147
directional_review	2:102	51:55	no value	no value	2:102	51:55	51:55	cross_surah	label_target_note	ranked_review	General benefit of reminder adds nothing specific after the reception cards.	focus_2_102_cutoff_100.tsv	83	8e5f174fd0ada23550e91f9021ca3f0b2fe7216dc9bb87f8207133f8823f962b
directional_review	2:102	24:62	no value	no value	2:102	24:62	24:62	cross_surah	label_target_note	ranked_review	Procedural permission for leaving a gathering is unrelated.	focus_2_102_cutoff_100.tsv	84	ddbe9116da919f842edb0b5c1838a8ebc078f5232bcb648aac322e574fe985df
directional_review	2:102	80:4	no value	no value	2:102	80:4	80:4	cross_surah	label_target_note	ranked_review	The benefit of remembering is too generic.	focus_2_102_cutoff_100.tsv	85	f465601bd7dfcedbc6155da7f7698beed7740068afa0e26077ad3d1751a4a097
directional_review	2:102	11:31	weak	weak	2:102	11:31	11:31	cross_surah	label_target_note	ranked_review	A messenger disclaims angelic status and hidden knowledge, modestly clarifying creaturely limits.	focus_2_102_cutoff_100.tsv	86	91144fb59dbe58c2e946a33942511e927cfbd3de58fbdd384b5cb030a7eb743f
directional_review	2:102	7:123	medium	medium	2:102	7:123	7:123	cross_surah	label_target_note	ranked_review	Shows Pharaoh recasting independent belief after a magic contest as unauthorized conspiracy.	focus_2_102_cutoff_100.tsv	87	0ef06b001ff18d2031b33d8643e217bcafa19fe44a0c82dbbaf597504d47f3ce
directional_review	2:102	4:12	weak	weak	2:102	4:12	4:12	cross_surah	label_target_note	ranked_review	Household allocation and non-harm language are too remote.	focus_2_102_cutoff_100.tsv	88	03fc5ac3229d23ed32edc3a937206d920e3b8cb642232cf3df2f0a0df9071315
directional_review	2:102	26:153	medium	medium	2:102	26:153	26:153	cross_surah	label_target_note	ranked_review	Preserves the tactic of discrediting a warning by calling its speaker bewitched.	focus_2_102_cutoff_100.tsv	89	4391edebbdc8286098011ad146209a2030772496564ac793b44d4692a7076557
directional_review	2:102	4:1	weak	weak	2:102	4:1	4:1	cross_surah	label_target_note	ranked_review	Creation in pairs gives only a remote backdrop to the spouse reference.	focus_2_102_cutoff_100.tsv	90	7f522ad09f62cfed282a903294e95b24438cfebe9352719a069ec095914e7f65
directional_review	2:102	24:31	no value	no value	2:102	24:31	24:31	cross_surah	label_target_note	ranked_review	Rules of modesty do not clarify the focus passage.	focus_2_102_cutoff_100.tsv	91	03ddbdafdf6d67ea721361ecd42889d49a829819fcf29c941c726e461c688c0e
directional_review	2:102	24:28	no value	no value	2:102	24:28	24:28	cross_surah	label_target_note	ranked_review	Domestic-entry permission is unrelated to the passage's divine permission.	focus_2_102_cutoff_100.tsv	92	3da434c4125db6278703517d0d62cb7f22771491b4eeb6cec5a1702400ab3507
directional_review	2:102	19:64	medium	medium	2:102	19:64	19:64	cross_surah	label_target_note	ranked_review	Explicitly depicts angelic descent as occurring only at the Lord's command.	focus_2_102_cutoff_100.tsv	93	9c2e92096133b9aab6e370079873da380248e005244e409708b7df82c2a40a51
directional_review	2:102	10:80	medium	medium	2:102	10:80	10:80	cross_surah	label_target_note	ranked_review	Places magic in the Moses confrontation, a useful but non-explanatory parallel.	focus_2_102_cutoff_100.tsv	94	633f7c5431e142ee45c8dbe35d463d708adfefa91e6deac14d5ce126d79a92f4
directional_review	2:102	6:144	medium	medium	2:102	6:144	6:144	cross_surah	label_target_note	ranked_review	Condemns inventing claims about God without knowledge and thereby misleading others.	focus_2_102_cutoff_100.tsv	95	41a0782a711364628b335e48dc562955fdee175e7d01e5e5a97fa29b1f7f95bc
directional_review	2:102	75:39	no value	no value	2:102	75:39	75:39	cross_surah	label_target_note	ranked_review	Biological pairing does not illuminate the focus passage.	focus_2_102_cutoff_100.tsv	96	ecf347f1b235015f99c76d0fbce1680d755825625e74e35ceab407c41aad9bd6
directional_review	2:102	15:48	no value	no value	2:102	15:48	15:48	cross_surah	label_target_note	ranked_review	The description of the Garden has no material link.	focus_2_102_cutoff_100.tsv	97	cccdfd289cfbfe9b951b1f340076c55f3be8fa665b4979b2c08e6bedb281e535
directional_review	2:102	10:79	medium	medium	2:102	10:79	10:79	cross_surah	label_target_note	ranked_review	Shows political assembly of expert magicians as a rival public display.	focus_2_102_cutoff_100.tsv	98	39e5cccc65f21b7ec4a748978ed217db24178ed1595848f8761c827e4113174e
directional_review	2:102	33:53	no value	no value	2:102	33:53	33:53	cross_surah	label_target_note	ranked_review	Hospitality permissions do not clarify divine permission or magic.	focus_2_102_cutoff_100.tsv	99	b2777ddccf3587ab0b9e19f0d0d369374b39b50d1435a4aefa7df1265dcdbecd
directional_review	2:102	6:116	medium	medium	2:102	6:116	6:116	cross_surah	label_target_note	ranked_review	Warns that following conjecture can lead away from God's path, a broad check on adopted lore.	focus_2_102_cutoff_100.tsv	100	ce2beb2d403e16152056a9863383bcbb1c0d1693091073223acaa41ee510bcb2
directional_review	2:102	2:103	strong	strong	2:102	2:103	2:103	same_surah	label_target_note	missing_ayah_suggestion	Supplies the immediate alternative to harmful learning: faith and God-consciousness bring a better divine recompense.	focus_2_102_cutoff_100.tsv	101	3e26fe89dea463f1e8ef5a9a174d6811c4a015e3c5aeda105d68ca86c27590cc
directional_review	2:102	2:105	weak	weak	2:102	2:105	2:105	same_surah	label_target_note	missing_ayah_suggestion	Extends the immediate setting of resentment toward divine good being sent down.	focus_2_102_cutoff_100.tsv	102	bdecbd298a5b6b75117972bb42854cd176a90a0db8e754cb0b7af2ef517abb8a
directional_review	2:102	2:109	medium	medium	2:102	2:109	2:109	same_surah	label_target_note	missing_ayah_suggestion	Shows a wish to turn believers back to disbelief after truth has become clear, matching the surrounding reception conflict.	focus_2_102_cutoff_100.tsv	103	7923bf731add5b10e826945cc3f8bd1e0faef6d6f4144f6253dc18ae84b05739
directional_review	2:102	4:51	medium	medium	2:102	4:51	4:51	cross_surah	label_target_note	missing_ayah_suggestion	Provides a related case of granting belief to false occult authorities instead of divine guidance.	focus_2_102_cutoff_100.tsv	104	5058f05985f2b82b2753be55ede804247ca751708c2086aa537b842e56a1f5bd
directional_review	2:102	6:112	medium	medium	2:102	6:112	6:112	cross_surah	label_target_note	missing_ayah_suggestion	Shows devils transmitting embellished speech to one another, a useful parallel to satanic recitation as deceptive instruction.	focus_2_102_cutoff_100.tsv	105	8dfc6da3aa735843848f0ea04193a7e9f82c9451c5a08bf6db5aece6202e4301
directional_review	2:102	6:121	medium	medium	2:102	6:121	6:121	cross_surah	label_target_note	missing_ayah_suggestion	Connects satanic suggestion with obeying a rival authority and falling into association.	focus_2_102_cutoff_100.tsv	106	e121580499e7deb4c430310b29f1c5c5cd6c27b5b68819c5614f407c9172b0e4
directional_review	2:102	6:17	strong	strong	2:102	6:17	6:17	cross_surah	label_target_note	missing_ayah_suggestion	States that no one besides God can remove harm or withhold good He wills.	focus_2_102_cutoff_100.tsv	107	e657d1e8debc16c1193adcd987c907a4dee928ef6f2f88cc16f68acb83105c5e
directional_review	2:102	7:116	strong	strong	2:102	7:116	7:116	cross_surah	label_target_note	missing_ayah_suggestion	Distinguishes magic's public force as induced illusion and fear rather than independent reality.	focus_2_102_cutoff_100.tsv	108	fb93ab0d49865e77ae6efb239106d7dd371de23f15a60d48e73a022a1e03b94e
directional_review	2:102	7:117	strong	strong	2:102	7:117	7:117	cross_surah	label_target_note	missing_ayah_suggestion	Shows God's sign nullifying what magicians fabricated.	focus_2_102_cutoff_100.tsv	109	0153d3e81cab14700c0baf7918923831391e0b2ea4f2a4d7685111ef44d010da
directional_review	2:102	7:120	medium	medium	2:102	7:120	7:120	cross_surah	label_target_note	missing_ayah_suggestion	Records the magicians' reversal from practitioners to believers after the sign.	focus_2_102_cutoff_100.tsv	110	5c73a556964b0287f1f7ab1e625cffb64c41de91f484f1ab1af6f32f92fe2647
directional_review	2:102	7:132	medium	medium	2:102	7:132	7:132	cross_surah	label_target_note	missing_ayah_suggestion	Preserves the contrary reception that dismisses every sign as magic.	focus_2_102_cutoff_100.tsv	111	54c3a51a725333927050509bcccb1f95b08ced5aaa38c72bc21f26345da0acfa
directional_review	2:102	7:188	strong	strong	2:102	7:188	7:188	cross_surah	label_target_note	missing_ayah_suggestion	Places benefit and harm outside a messenger's independent possession, except as God wills.	focus_2_102_cutoff_100.tsv	112	143e4e1da87574b0e2ed43e065e37b5771dd614e52d6c049c9ffcaa0d84e3191
directional_review	2:102	10:81	strong	strong	2:102	10:81	10:81	cross_surah	label_target_note	missing_ayah_suggestion	Explicitly declares that God will invalidate magic.	focus_2_102_cutoff_100.tsv	113	e2be95916725eaf2e70fb35fe039560ddce890904c6515191c484b4c728ddb87
directional_review	2:102	10:82	strong	strong	2:102	10:82	10:82	cross_surah	label_target_note	missing_ayah_suggestion	Sets magic's nullification against God's establishment of truth despite resistance.	focus_2_102_cutoff_100.tsv	114	02889722b6c17d0f984a3fd50de70d3e24e58fc0643069b36c399703b4b3fa00
directional_review	2:102	10:107	medium	medium	2:102	10:107	10:107	cross_surah	label_target_note	missing_ayah_suggestion	States that harm and good remain under God's unopposable control.	focus_2_102_cutoff_100.tsv	115	fe0feb13d0e31c609763ff34a022607d21eac887acfafc9d8face9321d788a86
directional_review	2:102	20:66	strong	strong	2:102	20:66	20:66	cross_surah	label_target_note	missing_ayah_suggestion	Locates the apparent movement of the magicians' devices in the viewers' imagination.	focus_2_102_cutoff_100.tsv	116	77d851bd3a244846bdc525a9801c17fd46324503b10d516b8d71f0989c344554
directional_review	2:102	20:69	strong	strong	2:102	20:69	20:69	cross_surah	label_target_note	missing_ayah_suggestion	Contrasts Moses' commanded sign with magic's limited craft and ultimate failure.	focus_2_102_cutoff_100.tsv	117	ab038ffd53365b073b31725673b9a9d68ec29d3f0a5c6d63c1c0cf1b7a4b2a32
directional_review	2:102	20:70	medium	medium	2:102	20:70	20:70	cross_surah	label_target_note	missing_ayah_suggestion	Shows expert magicians recognizing the divine sign and submitting rather than persisting in their craft.	focus_2_102_cutoff_100.tsv	118	6bce440288e11d59137feb6ddd397d16b7427e02444443b363122f8f7914db88
directional_review	2:102	21:3	medium	medium	2:102	21:3	21:3	cross_surah	label_target_note	missing_ayah_suggestion	Preserves the charge that a visible message is magic despite its hearers' awareness.	focus_2_102_cutoff_100.tsv	119	9f1be18febf6d727b7b47114ec750c15b8e2f5ad4024253aa588468768c61238
directional_review	2:102	26:34	medium	medium	2:102	26:34	26:34	cross_surah	label_target_note	missing_ayah_suggestion	Shows a ruler defining the prophetic challenger first as a knowledgeable magician.	focus_2_102_cutoff_100.tsv	120	2aec7f6ced936879d64ee0d8fb2387f90d8a251bf39df5a14b4ba8054ffacf0c
directional_review	2:102	26:45	strong	strong	2:102	26:45	26:45	cross_surah	label_target_note	missing_ayah_suggestion	Depicts the divine sign overwhelming what the magicians had fabricated.	focus_2_102_cutoff_100.tsv	121	1dc2c87e15a22dd55bd0d2bcfded66897c4126bd1961681abd2832cc6e9c4872
directional_review	2:102	26:46	medium	medium	2:102	26:46	26:46	cross_surah	label_target_note	missing_ayah_suggestion	Records the magicians' immediate prostration after their public defeat.	focus_2_102_cutoff_100.tsv	122	3679ce871d5ae92955fc40ac8bde9f8df3a6b459bd965e3eda0ddacd4c9e5817
directional_review	2:102	27:13	medium	medium	2:102	27:13	27:13	cross_surah	label_target_note	missing_ayah_suggestion	Shows manifest signs being called clear magic despite inward recognition.	focus_2_102_cutoff_100.tsv	123	e2538d37c3ba1bddda66aac6418e668ad3f3d36edd44dcd1d1c0752a55b2d88a
directional_review	2:102	28:36	medium	medium	2:102	28:36	28:36	cross_surah	label_target_note	missing_ayah_suggestion	Pairs the label of magic with denial of a new message and appeal to inherited precedent.	focus_2_102_cutoff_100.tsv	124	b812ffc2d1980f1ff631dd6333648ad944ac3db486fa5cb34d8373d45099b920
directional_review	2:102	28:48	weak	weak	2:102	28:48	28:48	cross_surah	label_target_note	missing_ayah_suggestion	Preserves a polemical attempt to collapse two revelations into a single charge of magic.	focus_2_102_cutoff_100.tsv	125	9283386679906aa54018fd87f06735adf792453a88e462824dee79184300c998
directional_review	2:102	34:43	medium	medium	2:102	34:43	34:43	cross_surah	label_target_note	missing_ayah_suggestion	Shows revealed recitation being dismissed as clear magic in order to resist its authority.	focus_2_102_cutoff_100.tsv	126	3675471d38208daf4dc4c135c7d9691ee79af9ad2b34bcbf2578542126e34336
directional_review	2:102	38:4	medium	medium	2:102	38:4	38:4	cross_surah	label_target_note	missing_ayah_suggestion	Combines rejection of warning with the accusation that the messenger is a sorcerer and liar.	focus_2_102_cutoff_100.tsv	127	4f94f7a05a3863e7430c1722a231f90ac50ff94f069b1062e60a9cc4170d92b7
directional_review	2:102	40:24	medium	medium	2:102	40:24	40:24	cross_surah	label_target_note	missing_ayah_suggestion	Shows the political formula that recasts Moses as magician and liar.	focus_2_102_cutoff_100.tsv	128	16026f65ea87aad3b8e9d70338358a039707ec88a2dcbd12ebcce0e0ee102f88
directional_review	2:102	43:30	medium	medium	2:102	43:30	43:30	cross_surah	label_target_note	missing_ayah_suggestion	Records rejection of truth by calling it magic.	focus_2_102_cutoff_100.tsv	129	d7659f4d86c941a92a5c276e90b785ad62d93e76542a8ecc0a502925c2e86bad
directional_review	2:102	43:49	weak	weak	2:102	43:49	43:49	cross_surah	label_target_note	missing_ayah_suggestion	Shows opponents addressing Moses through the magician label even while seeking relief.	focus_2_102_cutoff_100.tsv	130	12bf255b0319ccc236110b0a765fd1cc074f1d5b413cf94da7d1443eeca61e45
directional_review	2:102	46:7	medium	medium	2:102	46:7	46:7	cross_surah	label_target_note	missing_ayah_suggestion	Preserves the accusation of manifest magic against recited clear signs.	focus_2_102_cutoff_100.tsv	131	adb9569975e86dc71118ea8cb660dac017049235373422d85a66e8efa6311e81
directional_review	2:102	54:2	medium	medium	2:102	54:2	54:2	cross_surah	label_target_note	missing_ayah_suggestion	Shows a sign being seen yet dismissed as continuing magic.	focus_2_102_cutoff_100.tsv	132	827c47b0f9d0e8cf14953d3b35ea7162175e8ea6fbb6003717a1a5158d0342ca
directional_review	2:102	61:6	medium	medium	2:102	61:6	61:6	cross_surah	label_target_note	missing_ayah_suggestion	Links rejection of an announced messenger to the claim that his clear message is magic.	focus_2_102_cutoff_100.tsv	133	0731789e5014455ae130fe8dc747f2b561220a29d90de922bc91f5814484bc4d
directional_review	2:102	72:21	medium	medium	2:102	72:21	72:21	cross_surah	label_target_note	missing_ayah_suggestion	Denies a messenger's independent possession of harm or right guidance.	focus_2_102_cutoff_100.tsv	134	91b93782d6121fecb296e4b28db8bfdbb17dcf863138015aaa1afc3cea923953
directional_review	2:102	74:24	medium	medium	2:102	74:24	74:24	cross_surah	label_target_note	missing_ayah_suggestion	Supplies the nearby counter-reading that reduces revelation to inherited magic.	focus_2_102_cutoff_100.tsv	135	e2c3a86639018717fb4baf625a432e47a9b6e2bc56658c01366ed022a1260b42
directional_review	2:102	2:169	strong	strong	2:102	2:169	2:169	same_surah	label_target_note	missing_ayah_suggestion	Defines satanic prompting as commanding indecency and speaking about God without knowledge.	focus_2_102_cutoff_100.tsv	136	8719b572784ff1281b3d2354287cacc0311e3d467afeaa17799a548cd56d95dd
directional_review	2:102	2:268	strong	strong	2:102	2:268	2:268	same_surah	label_target_note	missing_ayah_suggestion	Contrasts Satan's threatening promise with God's promise of forgiveness and bounty, sharpening the harm-benefit lens.	focus_2_102_cutoff_100.tsv	137	a73495e3f882e9801e30d67a309d2936f36430ded0bfbfc4cf1c10336569d565
directional_review	2:102	2:36	weak	weak	2:102	2:36	2:36	same_surah	label_target_note	missing_ayah_suggestion	Provides an early narrative instance of Satan causing a lapse, but without the focus passage's teaching or permission themes.	focus_2_102_cutoff_100.tsv	138	7c686245926a92291c60332dd1665b7bdfb3b983afd772c4129b97889701d57c
directional_review	2:102	5:90	medium	medium	2:102	5:90	5:90	cross_surah	label_target_note	missing_ayah_suggestion	Shows satanic works producing enmity and diversion, a secondary parallel to destructive social effects.	focus_2_102_cutoff_100.tsv	139	b28d117603f644601b0ac6d77ef2d418334f90eaf76f24bf58c7fcc8a57ea16b
directional_review	2:102	16:63	medium	medium	2:102	16:63	16:63	cross_surah	label_target_note	missing_ayah_suggestion	Shows Satan making harmful deeds appear attractive, a useful reception parallel.	focus_2_102_cutoff_100.tsv	140	f201f483f65032dd6234ef7aa27b2077019fba6f22f1c40ead27656e02190f13
directional_review	2:102	17:64	medium	medium	2:102	17:64	17:64	cross_surah	label_target_note	missing_ayah_suggestion	Depicts Satan's broad program of incitement, partnership, and false promise.	focus_2_102_cutoff_100.tsv	141	cc8a13641f4f6dcf92fde4530e0bed402c4a102e76bde978f54f5ae4542dcd70
directional_review	2:102	20:57	strong	strong	2:102	20:57	20:57	cross_surah	label_target_note	missing_ayah_suggestion	Records the political accusation that Moses' sign is magic used to dispossess a people.	focus_2_102_cutoff_100.tsv	142	188e1fea0842deca51dee2265fd2a5a20a36e89e1af8b499cb8756e2baed3a51
directional_review	2:102	20:63	strong	strong	2:102	20:63	20:63	cross_surah	label_target_note	missing_ayah_suggestion	Shows opponents preserving the magic reading by casting Moses and Aaron as a coordinated pair of magicians.	focus_2_102_cutoff_100.tsv	143	0f880686544ff409e32e5cc9eff20371f9336ad9274820b51b7db5644a5b1fb1
directional_review	2:102	20:71	medium	medium	2:102	20:71	20:71	cross_surah	label_target_note	missing_ayah_suggestion	Shows Pharaoh recasting the magicians' belief as a prearranged lesson in magic.	focus_2_102_cutoff_100.tsv	144	fc2b9de212741a7aedb47d4d6cb21ce688a2d2d6c198e0062eba29e52df97c4a
directional_review	2:102	26:221	strong	strong	2:102	26:221	26:221	cross_surah	label_target_note	missing_ayah_suggestion	Introduces devils as those upon whom they descend, directly relevant to the passage's satanic source.	focus_2_102_cutoff_100.tsv	145	015167309a452b5c2a78fa29bddb63845bcfdbf1010d89e9a53633f0405f80ff
directional_review	2:102	26:222	strong	strong	2:102	26:222	26:222	cross_surah	label_target_note	missing_ayah_suggestion	Identifies their recipients as sinful liars, sharply contrasting satanic transmission with revelation.	focus_2_102_cutoff_100.tsv	146	ef58d5d6106f08e311e679cebc7241742a3b5e8c07e7defa54338c835a52bc7e
directional_review	2:102	26:223	medium	medium	2:102	26:223	26:223	cross_surah	label_target_note	missing_ayah_suggestion	Depicts such recipients passing on what they hear while most of them lie.	focus_2_102_cutoff_100.tsv	147	3d2b116cfbdb19603b88c46211d4456fd248286ed2e877e75addee124bfd0729
directional_review	2:102	43:36	medium	medium	2:102	43:36	43:36	cross_surah	label_target_note	missing_ayah_suggestion	Shows turning from divine remembrance resulting in a satanic companion.	focus_2_102_cutoff_100.tsv	148	cad0e68396b01b4a05ccf43ec01e1476fb8d43be23099d50331a3c4fb8accea0
directional_review	2:102	59:16	strong	strong	2:102	59:16	59:16	cross_surah	label_target_note	missing_ayah_suggestion	States Satan's inducement to disbelief and subsequent disavowal, directly illuminating the warning not to disbelieve.	focus_2_102_cutoff_100.tsv	149	37e40f9947bdc772405d481c64c7fa3d58a99dbff6cbc96f0199ee11cec24fe7
reciprocal_nomination	2:102	2:9		strong	2:9	2:102	2:102	same_surah	label_target_note	ranked_review	Harmful learning and purchasing أنفسهم give a substantial self-loss parallel.	focus_2_9_cutoff_100.tsv	82	9f36dab47d208a93c6079dcbd75d06eda77980a00136023ea0908763e2b8065f
reciprocal_nomination	2:102	2:11		weak	2:11	2:102	2:102	same_surah	label_target_note	ranked_review	Harmful division is relevant only indirectly and lacks the focus terms.	focus_2_11_cutoff_100.tsv	46	341058fc6919236ee2122bb064470c0605d3c34af575729ebaa402286c6a4f18
reciprocal_nomination	2:102	2:13		medium	2:13	2:102	2:102	same_surah	label_target_note	ranked_review	Contrasts claimed knowledge with a final lack-of-knowledge condition, but in a separate narrative.	focus_2_13_cutoff_100.tsv	44	aed2ba345a00b29badafb7177a7fe7a2de296935701cfb03e3f11035d6f4ca8a
reciprocal_nomination	2:102	2:14		medium	2:14	2:102	2:102	same_surah	label_target_note	ranked_review	Shayatin-associated teaching and a warning formula add a secondary deception context.	focus_2_14_cutoff_100.tsv	52	3754905ad846d453ba4f7c4f29385c28078a4528ce4a2dd307ce8446c89332ce
reciprocal_counterevidence	2:102	2:15		no value	2:15	2:102	2:102	same_surah	label_target_note	ranked_review	No material link beyond generic divine-reference overlap.	focus_2_15_cutoff_100.tsv	95	17713c9d1c96a0ca08a599acc3de4dd9d59c4d5b725b879f5a14f534dd4392e5
reciprocal_nomination	2:102	2:16		strong	2:16	2:102	2:102	same_surah	label_target_note	missing_ayah_suggestion	Calls a spiritually ruinous acquisition a sale of selves with no share in the hereafter.	focus_2_16_cutoff_100.tsv	107	3c4e84f839f22282b76fbac01ade1bb58de2e447e3ecba546d00148ac10a25aa
reciprocal_nomination	2:102	2:20		weak	2:20	2:102	2:102	same_surah	label_target_note	ranked_review	Permission and harm form a separate account of divine control.	focus_2_20_cutoff_100.tsv	96	ba8aab3d8944f7b3b41c60bfd8755c8f17fee4992a82d74d1f6775d2ae19bed3
reciprocal_nomination	2:102	2:23		weak	2:23	2:102	2:102	same_surah	label_target_note	ranked_review	Contrasts harmful teaching with divine permission but does not clarify textual proof or witnesses.	focus_2_23_cutoff_100.tsv	95	8969135a8812d991903102f73b9f6110271748d93f683f7d7884348e795b7e5a
reciprocal_nomination	2:102	2:44		medium	2:44	2:102	2:102	same_surah	label_target_note	missing_ayah_suggestion	Shows following an alternative teaching after setting aside the Book, a related abandonment pattern.	focus_2_44_cutoff_100.tsv	110	c0e3313e8061819a94d902f8f31b5b9554f88b8e4100a84610430f90c7aacb91
reciprocal_counterevidence	2:102	2:50		no value	2:50	2:102	2:102	same_surah	label_target_note	ranked_review	Its separation between spouses is unrelated to 2:50.	focus_2_50_cutoff_100.tsv	73	adb0e841e5327657e3662453aff111d13d03f909f7d2b9a6faf8167d2b1d92d0
reciprocal_nomination	2:102	2:61		medium	2:61	2:102	2:102	same_surah	label_target_note	ranked_review	Ruinous purchase and disbelief parallel the ayah's condemned exchange.	focus_2_61_cutoff_100.tsv	91	182ff9b8ddf84d0488c7e8a3f9ab0de2a5726faa5924a5af729cbbf4d67fa567
reciprocal_nomination	2:102	2:77		weak	2:77	2:102	2:102	same_surah	label_target_note	ranked_review	Knowledge and harmful learning in the wider surah are indirect.	focus_2_77_cutoff_100.tsv	69	df19f329b29f4903fcea0bc79e4ade8769785cca663329e3ecd49663a11e7b2b
reciprocal_nomination	2:102	2:78		medium	2:78	2:102	2:102	same_surah	label_target_note	ranked_review	Nearby Book-reception context and knowing wrongdoing offer secondary support.	focus_2_78_cutoff_100.tsv	34	b7cd452b888d21d845c69127ddc49fb22288256c68b33ca5f09307df8d20a6c0
reciprocal_nomination	2:102	2:79		medium	2:79	2:102	2:102	same_surah	label_target_note	ranked_review	Harmful learning and self-sale add a secondary pattern of knowingly ruinous acquisition.	focus_2_79_cutoff_100.tsv	91	c51830ae75822e3a4387b9a0e189fd19a40c51db9e222e01f8420f9f14d7df3b
reciprocal_nomination	2:102	2:82		weak	2:82	2:102	2:102	same_surah	label_target_note	ranked_review	Same-surah unbelief and harmful gain are a distant, diffuse contrary context.	focus_2_82_cutoff_100.tsv	95	f062fb6e1e9c35e6282a73b2520783eb5edf0027edbb287eb7b707fee51c15be
reciprocal_nomination	2:102	2:86		strong	2:86	2:102	2:102	same_surah	label_target_note	ranked_review	Calls the purchase bad and says it leaves no share in the afterlife.	focus_2_86_cutoff_100.tsv	91	c76bc7a0a03fcf657fdc3a21caff9c1fde6dd953e154e796111149652224378b
reciprocal_nomination	2:102	2:87		weak	2:87	2:102	2:102	same_surah	label_target_note	ranked_review	Nearby following of harmful teaching offers only a broad contrast to receiving divine message.	focus_2_87_cutoff_100.tsv	32	96f5c28bdbfe7a273b692e164c52545a2f4ba6f59075e786fa582f33571f5dee
reciprocal_nomination	2:102	2:88		medium	2:88	2:102	2:102	same_surah	label_target_note	ranked_review	Immediate context depicts knowingly choosing harmful teaching despite its loss.	focus_2_88_cutoff_100.tsv	44	7a9ea9ddb7d8d191644acdf749a38751ef7ad3a79191a049414a9f46482bcbbc
reciprocal_nomination	2:102	2:89		medium	2:89	2:102	2:102	same_surah	label_target_note	ranked_review	Immediate continuation shows knowing choice of a harmful alternative after rejection.	focus_2_89_cutoff_100.tsv	38	ff1f209ae328580d3a43f8bb6d03ed09ea6f26e1df46bc190b6910bf48067099
reciprocal_nomination	2:102	2:90		strong	2:90	2:102	2:102	same_surah	label_target_note	ranked_review	A very close parallel calls the exchange a bad purchase of selves, while locating it in harmful knowledge and unbelief.	focus_2_90_cutoff_100.tsv	35	156de98e353e8570299aaf87a30e5badf31d47727ae4df000aa882a5e434f305
reciprocal_nomination	2:102	2:91		weak	2:91	2:102	2:102	same_surah	label_target_note	ranked_review	Nearby mention of disbelief does not clarify the confirming-revelation argument.	focus_2_91_cutoff_100.tsv	41	2c5bb98188d2976e9ae69317553b82788eab1e23f07eee055550d1342ccc62b2
reciprocal_nomination	2:102	2:92		weak	2:92	2:102	2:102	same_surah	label_target_note	ranked_review	Following harmful teaching after abandoning the Book is a distant alternative-reception pattern.	focus_2_92_cutoff_100.tsv	26	53cca8b60bde466a423f57ca236f4630f14e3a5ad645e5550692ab1a5114300d
reciprocal_nomination	2:102	2:93		medium	2:93	2:102	2:102	same_surah	label_target_note	ranked_review	Continues the nearby pattern of pursuing harmful teaching and disbelief.	focus_2_93_cutoff_100.tsv	26	898457d5a0956148cdd037d66ed953217885f086599c3c2361284bcf025c6aa0
reciprocal_nomination	2:102	2:94		medium	2:94	2:102	2:102	same_surah	label_target_note	ranked_review	Immediate context contrasts harmful acquisition with having no share in the hereafter.	focus_2_94_cutoff_100.tsv	32	5d5af4f3be92ef6ac004433d17dcad9337666f73b17483bea43ec779b28fdebf
reciprocal_nomination	2:102	2:95		weak	2:95	2:102	2:102	same_surah	label_target_note	ranked_review	Self-harming acquisition offers a distant consequence parallel.	focus_2_95_cutoff_100.tsv	32	6b005686959a50b8cfee4f8a5646b340f44e0f9efbbc10ce315113f3816ff7a7
reciprocal_nomination	2:102	2:96		medium	2:96	2:102	2:102	same_surah	label_target_note	ranked_review	The surrounding warning that harmful learning brings no afterlife share grounds the passage in consequential deeds.	focus_2_96_cutoff_100.tsv	26	2212ce4ef0a97157b3e73ba04a359967137b9dc58de877620b231e429a240173
reciprocal_nomination	2:102	2:97		medium	2:97	2:102	2:102	same_surah	label_target_note	ranked_review	The immediate sequel contrasts the permitted descent with harmful teaching and limited agency.	focus_2_97_cutoff_100.tsv	3	0f7c5bc5b299c5ded3ee2f4fa2d09e2b68d7fd3779dae90390f3d443e26a1954
reciprocal_nomination	2:102	2:98		medium	2:98	2:102	2:102	same_surah	label_target_note	ranked_review	Keeps angels, disbelief, and harmful teaching in view, but addresses a different issue.	focus_2_98_cutoff_100.tsv	41	e9cdac2e010acca91a29eb5a221741bcbaba7d39d1b75edff0641dd6af59c483
reciprocal_nomination	2:102	2:99		medium	2:99	2:102	2:102	same_surah	label_target_note	ranked_review	Immediate sequel contrasts received revelation with destructive taught practice.	focus_2_99_cutoff_100.tsv	26	befcb93f6c4cf37cfb0e0cd9215f9a91e36725b90ae08d2836deec3ab78151ac
reciprocal_nomination	2:102	2:100		medium	2:100	2:102	2:102	same_surah	label_target_note	ranked_review	Immediate continuation develops the pericope's departure into harmful following.	focus_2_100_cutoff_100.tsv	41	3f2b16abc16c58ad85a54b3e311d634f2242297920e19a467cc3d359bb463795
reciprocal_nomination	2:102	2:101		medium	2:101	2:102	2:102	same_surah	label_target_note	ranked_review	The immediate sequel contrasts following another recitation with the Book just cast aside, extending the choice of allegiance.	focus_2_101_cutoff_100.tsv	29	f8a884ee1f483ed4f7edbd31197e910ccfd921cc3a766a9cd68683befcfa6af4
reciprocal_nomination	2:102	2:103		strong	2:103	2:102	2:102	same_surah	label_target_note	ranked_review	Direct preceding contrast: harmful learning and lost afterlife share versus the focus's better return.	focus_2_103_cutoff_100.tsv	83	addf4c2987ccdca2ffbb24dfce522d9a19f0a0293fbf8e79602614a8998e6377
reciprocal_nomination	2:102	2:105		medium	2:105	2:102	2:102	same_surah	label_target_note	ranked_review	Nearby context joins contested "sent down" material with kufr, but its relation is ambiguous and should remain limited.	focus_2_105_cutoff_100.tsv	95	0b353d13f864f25e1097e211cd78382b70247ed17f84a3a3197cdd0fc7f53ef2
reciprocal_nomination	2:102	2:110		weak	2:110	2:102	2:102	same_surah	label_target_note	ranked_review	Trading oneself for harmful knowledge and losing the hereafter is a contrary self-interest case.	focus_2_110_cutoff_100.tsv	95	003b434b6c0299f061aae9bc7a6741be79a0513009262017bd32b19f0cc7a5d3
reciprocal_nomination	2:102	2:121		medium	2:121	2:102	2:102	same_surah	label_target_note	ranked_review	Its harmful alternative teaching and following supplies a nearby contrast to faithful Book reception.	focus_2_121_cutoff_100.tsv	93	0aeec46da57570cce6f2547ebc9f3bdae442247cad3a557d29a869a6620bd574
reciprocal_nomination	2:102	2:130		medium	2:130	2:102	2:102	same_surah	label_target_note	ranked_review	Following harmful teaching is described as loss to the self and loss in the akhira, a secondary pattern for self-harm through following.	focus_2_130_cutoff_100.tsv	54	5dfebecad2b4377a915aa2967daec20ba70c36ee5cf0d733e85b272e438e40e9
reciprocal_nomination	2:102	2:136		weak	2:136	2:102	2:102	same_surah	label_target_note	ranked_review	Its harmful separation motif contrasts with unity, but it is not about shared revelation.	focus_2_136_cutoff_100.tsv	55	00e2a8dbbca3f85ba819b8ef8838cb024965ed30ed9b8a9eb39e189f5e4f6aa4
reciprocal_counterevidence	2:102	2:152		no value	2:152	2:102	2:102	same_surah	label_target_note	ranked_review	The magic narrative's warning against kufr is too remote from the focal relation.	focus_2_152_cutoff_100.tsv	93	3e10b13274c40ec7891a2408cf6dc7bd3cfc5cc8375d522cfd0eb5fb40d5f5ae
reciprocal_counterevidence	2:102	2:154		no value	2:154	2:102	2:102	same_surah	label_target_note	ranked_review	Magic and harm do not clarify 2:154.	focus_2_154_cutoff_100.tsv	55	a8b8b8e5cece9eadfb1633ccc883cf3bc0c404aad0e4ec3023296938f1dd645d
reciprocal_counterevidence	2:102	2:164		no value	2:164	2:102	2:102	same_surah	label_target_note	ranked_review	The account of sorcery and harmful learning does not illuminate the signs.	focus_2_164_cutoff_100.tsv	76	c2669d6e5df7491ffed0c968ff6c56a5efb25db9ba541ead880fbf2f92b28800
reciprocal_nomination	2:102	2:168		medium	2:168	2:102	2:102	same_surah	label_target_note	ranked_review	Portrays following devils as pursuing harmful rather than beneficial learning.	focus_2_168_cutoff_100.tsv	84	8cddfcdf46cb2f77e81e4c908a3320beaf56da0eb13b741c517d6f82b10e6e92
reciprocal_counterevidence	2:102	2:173		no value	2:173	2:102	2:102	same_surah	label_target_note	ranked_review	Harmful magic does not clarify the necessity exception.	focus_2_173_cutoff_100.tsv	61	eb1c5ecd95c9151297fd21d5d04675452d04cd743dcdd3c602b9eccba0becdb8
reciprocal_nomination	2:102	2:175		medium	2:175	2:102	2:102	same_surah	label_target_note	ranked_review	Uses purchase and self-sale language for knowledge that harms and leaves no share in the Hereafter.	focus_2_175_cutoff_100.tsv	93	a01055510850a5c43bc0315ba4d2dcf3a0c5707df955265629bb545923a9aea5
reciprocal_counterevidence	2:102	2:177		no value	2:177	2:102	2:102	same_surah	label_target_note	ranked_review	The account of sorcery adds no distinct element to 2:177.	focus_2_177_cutoff_100.tsv	99	939160f780b5ced71305de9039e8864d19b42bef65d7d55c6b6dd7b5412eaed3
reciprocal_nomination	2:102	2:193		weak	2:193	2:102	2:102	same_surah	label_target_note	ranked_review	Calls a teaching fitnah and describes harm, but not coercive conflict or its ending.	focus_2_193_cutoff_100.tsv	43	fad76b150e8a3f617869f7b8652dd3b499cea5c16fdcfd9dd447c69ee8776648
reciprocal_nomination	2:102	2:200		strong	2:200	2:102	2:102	same_surah	label_target_note	ranked_review	Uses the same warning that a worldly choice can leave no Hereafter share.	focus_2_200_cutoff_100.tsv	55	db3b4f27131f7efddcd74bda55e04ecd331257a128f9974c7e85658e7a99e146
reciprocal_nomination	2:102	2:206		medium	2:206	2:102	2:102	same_surah	label_target_note	ranked_review	Its harmful, profitless choice and evil self-sale illuminate choosing sin despite loss.	focus_2_206_cutoff_100.tsv	61	18267ca97adf3c298f1da4607b082d836a4a391fa4732f5e15d1b62519a9a493
reciprocal_nomination	2:102	2:207		strong	2:207	2:102	2:102	same_surah	label_target_note	ranked_review	It calls their sale of themselves evil, strongly contrasting 2:207's sale.	focus_2_207_cutoff_100.tsv	55	d3e210504a9c289bb4e1e13ee6875f10579b489721acb75afe0ab1ebc71cf6bd
reciprocal_nomination	2:102	2:212		medium	2:212	2:102	2:102	same_surah	label_target_note	ranked_review	Shows a harmful, profitless choice ending with no share in the hereafter.	focus_2_212_cutoff_100.tsv	95	8809903c2e5bae2bf93ce8f9750ee066e27aebf985104be19b6824b07b306b01
reciprocal_nomination	2:102	2:213		medium	2:213	2:102	2:102	same_surah	label_target_note	ranked_review	It shows harmful teaching used to divide a married pair, a concrete form of separation under divine permission.	focus_2_213_cutoff_100.tsv	3	984c5994d8e5e7a048e6cd3e920a8b4910f2a45e7249e7472e0da41254e3a458
reciprocal_nomination	2:102	2:220		weak	2:220	2:102	2:102	same_surah	label_target_note	ranked_review	Its harm/benefit and final-loss language gives only a distant ethical contrast.	focus_2_220_cutoff_100.tsv	99	1486edddf69c8dcbb5cbda560ffd9aa8e69b7cba445a3650dee616666fb9964d
reciprocal_nomination	2:102	2:221		medium	2:221	2:102	2:102	same_surah	label_target_note	ranked_review	Shows a force that separates a man from his spouse as harmful rather than beneficial.	focus_2_221_cutoff_100.tsv	3	643f8878ad87067d291d1238372496425f6d266a5c00c618564302b0561ab5de
reciprocal_nomination	2:102	2:229		weak	2:229	2:102	2:102	same_surah	label_target_note	ranked_review	Mentions causing separation between spouses as harm, but not lawful divorce or its limits.	focus_2_229_cutoff_100.tsv	97	88c181e37580dc37ae07687a6b296d9b3218635b7bf1ecdbf5d3d0313e55fa0e
reciprocal_nomination	2:102	2:230		weak	2:230	2:102	2:102	same_surah	label_target_note	ranked_review	Mentions separation between a man and his wife as harmful magic, but supplies no normative divorce rule.	focus_2_230_cutoff_100.tsv	58	8b37b4fb89f23b01a14e40183c3d8b560b2c2eafc16c2b3e25cf494954d39e9c
reciprocal_nomination	2:102	2:233		weak	2:233	2:102	2:102	same_surah	label_target_note	ranked_review	Mentions division between a man and his wife and harm, but not lawful care after it.	focus_2_233_cutoff_100.tsv	74	74eea2be002b9c81a04505ae2aa91e634418373b75d518a314e4ee9affdceeae
reciprocal_counterevidence	2:102	2:239		no value	2:239	2:102	2:102	same_surah	label_target_note	ranked_review	The account of sorcery and harmful learning does not clarify 2:239.	focus_2_239_cutoff_100.tsv	93	dc6e6fc1afa575f1e64fd7144dd13a148c0f1570472375842559598751b43577
reciprocal_nomination	2:102	2:249		weak	2:249	2:102	2:102	same_surah	label_target_note	ranked_review	Its warning of a fitnah and harm only loosely illuminates the river as a trial.	focus_2_249_cutoff_100.tsv	12	2c89a34e4ee84b878e5b15d58c4330b871c8e7144ba9eda7a3eb1ebeb36f2f6e
reciprocal_nomination	2:102	2:251		weak	2:251	2:102	2:102	same_surah	label_target_note	ranked_review	Sulayman's kingdom and harm only by God's leave are too indirect for the verse's claim.	focus_2_251_cutoff_100.tsv	39	bc19e9075597f8398a1770b284dd26d7137bc439ef36d641e94ac5f7006cdaad
reciprocal_nomination	2:102	2:252		weak	2:252	2:102	2:102	same_surah	label_target_note	ranked_review	Its competing recitations and harmful teaching offer only a remote contrast.	focus_2_252_cutoff_100.tsv	51	acec36fa5cabe202dbd94bd2bea68d804aad2c418a5dafaa65a6628670304952
reciprocal_nomination	2:102	2:254		medium	2:254	2:102	2:102	same_surah	label_target_note	ranked_review	Uses buying and loss of an afterlife share to contrast worldly exchange with the final stake.	focus_2_254_cutoff_100.tsv	95	aaa28af7b458c5425cba72b8f804b9944d1845472eddf8e957d85b1a99be4841
reciprocal_nomination	2:102	2:255		medium	2:255	2:102	2:102	same_surah	label_target_note	ranked_review	Even harmful acts cannot operate except by God's permission, supporting dependent power.	focus_2_255_cutoff_100.tsv	54	2cc3dfc30f94ff2428e3e6c1d40e0273225da586e39a7231605b533c408bc6e4
reciprocal_counterevidence	2:102	2:265		no value	2:265	2:102	2:102	same_surah	label_target_note	ranked_review	Its harmful knowledge and loss in the Hereafter do not clarify charitable giving.	focus_2_265_cutoff_100.tsv	93	078a6a534a8cb16c372950da16e383cfac451fff0c3c8fd1075ae3de7ca20aa5
reciprocal_nomination	2:102	2:285		weak	2:285	2:102	2:102	same_surah	label_target_note	ranked_review	Its warning about disbelief and angels does not clarify their faithful affirmation in 2:285.	focus_2_285_cutoff_100.tsv	82	8d526d2b3bb545bedc43e4a33cc8d2e5a54d79565c8d1c731e2574c79b6e48fe
reciprocal_nomination	2:102	3:3		weak	3:3	2:102	2:102	cross_surah	label_target_note	ranked_review	It contrasts harmful teaching and a disputed descent, not the confirming Book of 3:3.	focus_3_3_cutoff_100.tsv	91	f5b4d2883335da80c2001f9106886e3fdae0bcc9a0ac36cddca0b7d6d527b74c
reciprocal_nomination	2:102	3:4		medium	3:4	2:102	2:102	cross_surah	label_target_note	ranked_review	Contrasts disbelief and harmful teaching with divinely permitted knowledge.	focus_3_4_cutoff_100.tsv	33	68601c8b690c80767754bbb7a755ce75361777e8f52adad970f21aea2caa94d7
reciprocal_counterevidence	2:102	3:11		no value	3:11	2:102	2:102	cross_surah	label_target_note	ranked_review	Sorcery and its harms do not clarify 3:11's Pharaoh comparison.	focus_3_11_cutoff_100.tsv	92	c02561f9dfea8ccc7f65d57a9d1b2f9dbc4d278003ef7d1879c7b9449ae7e5fe
reciprocal_nomination	2:102	3:12		weak	3:12	2:102	2:102	cross_surah	label_target_note	ranked_review	Names disbelief and loss in the Hereafter, but not the gathering or Jahannam wording.	focus_3_12_cutoff_100.tsv	72	9864ea8eb1f279f6b5b31ab83d3e83b8407481faf03eff41ccca0b30ba7e2e16
reciprocal_counterevidence	2:102	3:27		no value	3:27	2:102	2:102	cross_surah	label_target_note	ranked_review	No identifiable focus relation.	focus_3_27_cutoff_100.tsv	94	76848bf5c36422cda9cebd92170003a0d42878174dada18a87b1b1b1d4452da2
reciprocal_counterevidence	2:102	3:34		no value	3:34	2:102	2:102	cross_surah	label_target_note	ranked_review	Tail-audit card concerns harmful separation, not the focus's ancestry relation.	focus_3_34_cutoff_100.tsv	97	a28ee49c40d31133516c71c4f365d96f9cffaf554cc083ce6fa6a00eefbe53d1
reciprocal_counterevidence	2:102	3:37		no value	3:37	2:102	2:102	cross_surah	label_target_note	ranked_review	The tail-audit card does not clarify Mary's care, custody, or provision.	focus_3_37_cutoff_100.tsv	96	cebe3c5921b22ce690990c89ae87584e2eecdff38120300b1ff7c17f89afcf32
reciprocal_counterevidence	2:102	3:45		no value	3:45	2:102	2:102	cross_surah	label_target_note	ranked_review	This tail-audit card has no clear focused contribution.	focus_3_45_cutoff_100.tsv	93	0416d373cadf368fd297c6d6735dbd9e38874ec8fcc39e53e3f3d03eed6e232f
reciprocal_nomination	2:102	3:49		medium	3:49	2:102	2:102	cross_surah	label_target_note	ranked_review	Permission restricts harmful agency; it is boundary evidence for the focal attribution.	focus_3_49_cutoff_100.tsv	91	c19d462f06fc075ae6174fad45f11dd28dcfff4a9568f4e9e0857c67b537e6bb
reciprocal_counterevidence	2:102	3:50		no value	3:50	2:102	2:102	cross_surah	label_target_note	ranked_review	No localized relation to the focus's legal or prophetic claim.	focus_3_50_cutoff_100.tsv	95	b69e8ccd2671a201d1dfee3f95f1203d9ae4b4d526ebf844d84eb7d4221d0dca
reciprocal_nomination	2:102	3:58		weak	3:58	2:102	2:102	cross_surah	label_target_note	ranked_review	"تتلو الشياطين" supplies a source-boundary contrast, but its V12 link is provisional and indirect.	focus_3_58_cutoff_100.tsv	45	45eb5f4970db2366b35500ee8a53700442c561338c7b04b50d607ab61c130cc8
reciprocal_counterevidence	2:102	3:67		no value	3:67	2:102	2:102	cross_surah	label_target_note	ranked_review	No material connection.	focus_3_67_cutoff_100.tsv	27	abd29f136829e97d8b839173c8a856139d97dde29ebee5add406acfc724d4520
reciprocal_nomination	2:102	3:69		medium	3:69	2:102	2:102	cross_surah	label_target_note	ranked_review	Shows harmful teaching, warning, and self-damage within a scriptural setting.	focus_3_69_cutoff_100.tsv	61	80289f9468b9f44194c9555d1f5e20c5e291cb80025410946b58b7570554e2fa
reciprocal_nomination	2:102	3:74		weak	3:74	2:102	2:102	cross_surah	label_target_note	ranked_review	The revelation and testing material is too remote from the focus claim.	focus_3_74_cutoff_100.tsv	97	80ee1825ebfed24ed3c336a927dcfe491842aa6b2d29f38dc3e0a851a5cd7273
reciprocal_nomination	2:102	3:77		medium	3:77	2:102	2:102	cross_surah	label_target_note	ranked_review	يعرض شراء ما لا خلاق لصاحبه في الآخرة وبيع النفس بيعا سيئا.	focus_3_77_cutoff_100.tsv	50	ad87855ba7edceab70a42ea60c6eb1eeb9fdebf94ec8f419c96d6922c0a7cd2d
reciprocal_nomination	2:102	3:78		weak	3:78	2:102	2:102	cross_surah	label_target_note	ranked_review	False or harmful teaching around what is recited is related, but not a claim inserted into the Book.	focus_3_78_cutoff_100.tsv	81	744398510f0495cd74ae091f8f52f2ad130130597c2177dbbd1006ec2c89c579
reciprocal_nomination	2:102	3:84		medium	3:84	2:102	2:102	cross_surah	label_target_note	ranked_review	Contrasts harmful division and suspect claims of descent with reliable divine guidance.	focus_3_84_cutoff_100.tsv	58	7bd81ffc59147a32a75defc8be612237cbb0d75d3bfca5a28dc7d2460e889e2c
reciprocal_nomination	2:102	3:87		weak	3:87	2:102	2:102	cross_surah	label_target_note	ranked_review	Adds harmful disbelief and loss in the next life, but no curse.	focus_3_87_cutoff_100.tsv	89	341fc76ceb48892b9baec0a8bef8e6ca7eee8ac83cdc0e4c39c31beaaf800704
reciprocal_counterevidence	2:102	3:102		no value	3:102	2:102	2:102	cross_surah	label_target_note	ranked_review	Its account of harmful teaching and unbelief has no clear route to 3:102.	focus_3_102_cutoff_100.tsv	97	2ad2c14f1f8de7f49694f11f58e46a6ff573065d44fde86cf8615e7843416dd8
reciprocal_nomination	2:102	3:105		weak	3:105	2:102	2:102	cross_surah	label_target_note	ranked_review	Harmful learning used to split a couple is a narrow, secondary analogue of socially destructive division.	focus_3_105_cutoff_100.tsv	49	2ad86d3d2acfd994d9522c8ea1368db8a897bbf89d4c9781f82b7eba07ea74e0
reciprocal_nomination	2:102	3:108		weak	3:108	2:102	2:102	cross_surah	label_target_note	ranked_review	Its harmful following and teaching are a distant caution about use of communicated material.	focus_3_108_cutoff_100.tsv	42	b466c164f4c148e5997217fc8ead614e8150aab677dcf00da1f4d4f1d648d174
reciprocal_nomination	2:102	3:111		weak	3:111	2:102	2:102	cross_surah	label_target_note	ranked_review	Constrains harmful effects by permission, but the subject matter is remote.	focus_3_111_cutoff_100.tsv	30	2ef9eef3c0125cdb05ce905e86cd4ad036b33ee372494aff47882e925fec2d14
reciprocal_nomination	2:102	3:112		weak	3:112	2:102	2:102	cross_surah	label_target_note	ranked_review	Disbelief and harmful division occur in a distinct magic account.	focus_3_112_cutoff_100.tsv	68	668231bcf80669e52af7fe9316de5c53a2a056d8da6096e632d997c023d0c27a
reciprocal_nomination	2:102	3:126		weak	3:126	2:102	2:102	cross_surah	label_target_note	ranked_review	Effects occur only by Allah's permission, but the setting is too remote.	focus_3_126_cutoff_100.tsv	84	c2b0941d4fab06da30ce8cd051ef0e30a9742d713a88b8441dae1c7a791c2784
reciprocal_nomination	2:102	3:136		weak	3:136	2:102	2:102	cross_surah	label_target_note	ranked_review	Contrary outcome: harmful, nonbeneficial learning leaves no share in the hereafter.	focus_3_136_cutoff_100.tsv	95	35f8507fe02b84fb1c5d879fc18664a3cf3cdecec1206dd15d5fa3736ad219eb
reciprocal_counterevidence	2:102	3:137		no value	3:137	2:102	2:102	cross_surah	label_target_note	ranked_review	Its distant historical material does not develop the focus's pattern.	focus_3_137_cutoff_100.tsv	98	da766f6216d08a01aef9ffbe944305c9bcb7458226854cb2b23309777769d08b
reciprocal_counterevidence	2:102	3:142		no value	3:142	2:102	2:102	cross_surah	label_target_note	ranked_review	Tail-audit fitna and harmful learning do not materially clarify 3:142.	focus_3_142_cutoff_100.tsv	94	5c5ef9796a0a5471106e40777dae527e6accdcdce957bbe2f40ceb783ea6447b
reciprocal_nomination	2:102	3:145		weak	3:145	2:102	2:102	cross_surah	label_target_note	ranked_review	Touches divine permission and loss of the otherworldly share, but only indirectly.	focus_3_145_cutoff_100.tsv	61	3f7e57159e0e2ff7dc24b493377723e617ff046a54a38552a70b44e9ea9a1ca3
reciprocal_counterevidence	2:102	3:153		no value	3:153	2:102	2:102	cross_surah	label_target_note	ranked_review	No clear contribution to the focus scene.	focus_3_153_cutoff_100.tsv	64	0fb4bc447bec17678d2e68241b94c0944534cd43aa98cdde4d533b811022a134
reciprocal_nomination	2:102	3:162		medium	3:162	2:102	2:102	cross_surah	label_target_note	ranked_review	Depicts following demonic teaching, harm over benefit, and loss in the Hereafter, a concrete contrary allegiance.	focus_3_162_cutoff_100.tsv	100	59416c8ed959beb81e4b4e17d1a11b64089d84319d092c85b615831a22bd45ed
reciprocal_nomination	2:102	3:166		weak	3:166	2:102	2:102	cross_surah	label_target_note	ranked_review	Permission amid harmful practice and a trial offers only a remote contrast to the focus's battlefield affliction.	focus_3_166_cutoff_100.tsv	25	da2d5e854eda8d09e235e0e391f6333f552dd5de3fc8d8c65aa42a6a1e936148
reciprocal_nomination	2:102	3:176		strong	3:176	2:102	2:102	cross_surah	label_target_note	missing_ayah_suggestion	Uses the same denial of an afterlife share after a ruinous exchange.	focus_3_176_cutoff_100.tsv	103	fa4d34f36ea89ae2990e59b3b4aafa113fb093d8f8e8a878b4298f7f9c0200b0
reciprocal_nomination	2:102	3:177		medium	3:177	2:102	2:102	cross_surah	label_target_note	ranked_review	Describes learning what harms rather than benefits and buying away one's share in the Hereafter.	focus_3_177_cutoff_100.tsv	74	9929667952b0dabd65512aa9a6a51640ea6bf5e8f39fbbbaf7d89b5a37058f8e
reciprocal_nomination	2:102	3:179		weak	3:179	2:102	2:102	cross_surah	label_target_note	ranked_review	Its trial and harmful knowledge material is too indirect after stronger unseen cards.	focus_3_179_cutoff_100.tsv	77	a2db18e14040fb0ea7a08c47e34dd83bfb9857f959dda9061112aa98d9022e92
reciprocal_counterevidence	2:102	3:191		no value	3:191	2:102	2:102	cross_surah	label_target_note	ranked_review	The extended magic account has no focused overlap.	focus_3_191_cutoff_100.tsv	92	718412a6bff7daeac5ad2017520e7af3f724664efd71e62efc8e70f0363a82f9
reciprocal_nomination	2:102	3:199		strong	3:199	2:102	2:102	cross_surah	label_target_note	ranked_review	Explicitly describes a ruinous purchase with no share in the final life, including harm without benefit.	focus_3_199_cutoff_100.tsv	92	39491ea2aa6a61684ded55f325f8ca21d318f193826441fc336c13e2a7eae1f3
reciprocal_counterevidence	2:102	4:6		no value	4:6	2:102	2:102	cross_surah	label_target_note	ranked_review	No matching route, channel relation, or focused lexical pattern is supplied.	focus_4_6_cutoff_100.tsv	95	b71d1fb9ea9e207a5f42998f1dd5f6090ba442ee3b04cff693bf98a6ec2c0856
reciprocal_counterevidence	2:102	4:12		no value	4:12	2:102	2:102	cross_surah	label_target_note	ranked_review	No localized estate, share, will, debt, or kinship-allocation relation.	focus_4_12_cutoff_100.tsv	88	ed83976cbaf07b0de9f20a84b847d0ad8999db6d68ad254617fcea7d554c463b
reciprocal_nomination	2:102	4:20		weak	4:20	2:102	2:102	cross_surah	label_target_note	ranked_review	It mentions separating a man from his spouse, but not a marital transfer or its recovery.	focus_4_20_cutoff_100.tsv	82	2a46ad14f4bdb887ceba98c054a1caf7cf12d3c3c6e15a3c9e90e7fa94e3a939
reciprocal_nomination	2:102	4:25		weak	4:25	2:102	2:102	cross_surah	label_target_note	ranked_review	Marital separation and harm appear in a distant magic narrative, without the focus's legal safeguards.	focus_4_25_cutoff_100.tsv	3	2ce025b3636fa1ceb2178e00540eb11f832b1381c0feb7268507959228d4bd2e
reciprocal_nomination	2:102	4:38		medium	4:38	2:102	2:102	cross_surah	label_target_note	ranked_review	Its Satanic teaching, human involvement, harm, and loss in the hereafter provide broad support for the focus's Satanic and final-account themes.	focus_4_38_cutoff_100.tsv	58	2abe77fdffe858dd83f131053ce00210b8a876a2807270d0bec4babd80c40651
reciprocal_counterevidence	2:102	4:40		no value	4:40	2:102	2:102	cross_surah	label_target_note	ranked_review	No direct measure, multiplication, recompense, or source relation is established.	focus_4_40_cutoff_100.tsv	97	bbe024138b215e07d2e63d4736fdc11e1d4a171540e12e0d2562c4e8137f9455
reciprocal_nomination	2:102	4:43		weak	4:43	2:102	2:102	cross_surah	label_target_note	ranked_review	The account of harmful teaching and warning does not closely match the focus's sobriety, prayer, or cleansing themes.	focus_4_43_cutoff_100.tsv	95	1b875bee69a43a4f8973ea4921ed07b2774bfd5ed26d84f068b70aaee6391e27
reciprocal_nomination	2:102	4:49		medium	4:49	2:102	2:102	cross_surah	label_target_note	ranked_review	False associations, harmful learning, and loss to selves offer a composite but indirect warning against corrupt claims.	focus_4_49_cutoff_100.tsv	93	eca817a548cff97a1b0629321a7ba9f0f1b4bb0cde8fb691fc39567179549c93
reciprocal_nomination	2:102	4:59		medium	4:59	2:102	2:102	cross_surah	label_target_note	ranked_review	Negative example of following harmful teaching; only indirectly marks competing guidance.	focus_4_59_cutoff_100.tsv	99	19896f622fecd437cf91e93b747bf52821dbfe14f345c5edf18657c54635f491
reciprocal_nomination	2:102	4:64		weak	4:64	2:102	2:102	cross_surah	label_target_note	ranked_review	Divine permission and self-harm appear, but the scene does not establish the focus's messenger or forgiveness pattern.	focus_4_64_cutoff_100.tsv	85	8ae87b7f1622f0a86d6c6bdc61c17a3dcc33093a68d7b19599c20eaee6619552
reciprocal_nomination	2:102	4:65		weak	4:65	2:102	2:102	cross_surah	label_target_note	ranked_review	Shows harmful separation and self-loss, but no authoritative settlement or yielded response.	focus_4_65_cutoff_100.tsv	76	5401de02c6930c121908e2d3a4263dd8770bfd8ea05ebf62b108304795033d23
reciprocal_counterevidence	2:102	4:81		no value	4:81	2:102	2:102	cross_surah	label_target_note	ranked_review	قول and harmful teaching do not establish a focused route.	focus_4_81_cutoff_100.tsv	97	4d6f06ee11c7025ee0759f28decd009c5937771f631c1d4d9ff3bb1d843e7351
reciprocal_nomination	2:102	4:83		medium	4:83	2:102	2:102	cross_surah	label_target_note	ranked_review	Adds harmful teaching and a warning before its transmission, a distant information-route parallel.	focus_4_83_cutoff_100.tsv	95	241ba9884e8134560a55d8a765c8d63021f4e9f0e3d2e49fffca3ad8e5b99e55
reciprocal_nomination	2:102	4:89		weak	4:89	2:102	2:102	cross_surah	label_target_note	ranked_review	Warnings about disbelief and harmful learning do not establish the focus's relational threshold.	focus_4_89_cutoff_100.tsv	58	dec343e9a4d2b1b4f9a2fde19c34515a18e85bef6e30e87e9384b28d9cfe7f26
reciprocal_counterevidence	2:102	4:95		no value	4:95	2:102	2:102	cross_surah	label_target_note	ranked_review	The harm route and knowledge-use issue do not clarify 4:95.	focus_4_95_cutoff_100.tsv	66	3c6cd8a59585cb6c62d61716b972febf6c8f273161c3c6130092a8f36c500eae
reciprocal_counterevidence	2:102	4:98		no value	4:98	2:102	2:102	cross_surah	label_target_note	ranked_review	The magic narrative does not add to means or route access.	focus_4_98_cutoff_100.tsv	95	fb37a429f2f87c9685575493c433a7a3c969b808bf5e23fa3bdb8ff8215aada1
reciprocal_counterevidence	2:102	4:99		no value	4:99	2:102	2:102	cross_surah	label_target_note	ranked_review	Adds no relevant capacity or pardon evidence.	focus_4_99_cutoff_100.tsv	100	4ffe8092f82b170dd70a98e67e4d02a0192db7755604748216f75b3d0af30077
reciprocal_nomination	2:102	4:113		strong	4:113	2:102	2:102	cross_surah	label_target_note	missing_ayah_suggestion	Zararın ancak ilahi izin çerçevesinde gerçekleşebilmesi, odaktaki zarar verememe güvencesine doğrudan paraleldir.	focus_4_113_cutoff_100.tsv	101	a9b009211ece9b2a343adae81ea116c9249b7ed5a8128dd5f24cc0285b2c8fc1
reciprocal_nomination	2:102	4:115		weak	4:115	2:102	2:102	cross_surah	label_target_note	ranked_review	اتباع and كفر occur in a distinct narrative and do not specify the 4:115 route.	focus_4_115_cutoff_100.tsv	97	a5413a636f91470df0fd4718fced2d99cd4ae6b81326067acf721d197b7e61b8
reciprocal_nomination	2:102	4:117		medium	4:117	2:102	2:102	cross_surah	label_target_note	missing_ayah_suggestion	It associates devils with teaching that harms and divides, a secondary mechanism of satanic influence.	focus_4_117_cutoff_100.tsv	101	2e86747bc6b1624c586ca279b43f7fa964d6029830edbe5eb397f196b3a03e31
reciprocal_nomination	2:102	4:119		medium	4:119	2:102	2:102	cross_surah	label_target_note	ranked_review	Shows satanic teaching, harmful practice, and a ruinous exchange without fixing one reading.	focus_4_119_cutoff_100.tsv	34	b95488da184c918b57c09bde3d3d6bd31e8c029369e2518af1fd6b4b92e1b7f7
reciprocal_nomination	2:102	4:130		medium	4:130	2:102	2:102	cross_surah	label_target_note	ranked_review	Directly concerns separating spouses, but as harmful contrary evidence rather than the focus's opening.	focus_4_130_cutoff_100.tsv	75	4329ebd6ada8b0cf286b2ac491640de4ddf00ee495b5727f0f7f6ae355491490
reciprocal_counterevidence	2:102	4:140		no value	4:140	2:102	2:102	cross_surah	label_target_note	ranked_review	Tail-audit account of harmful teaching does not specify the focus's setting.	focus_4_140_cutoff_100.tsv	93	ec1cd47b18548b99d872f87c6be51ee3caf2728cb668b4bcca27ba82d169a6ef
reciprocal_counterevidence	2:102	4:143		no value	4:143	2:102	2:102	cross_surah	label_target_note	ranked_review	The complex account adds no focused evidence after the prior cards.	focus_4_143_cutoff_100.tsv	95	84fc7b1a969b055ae02ca79cbda8ffa01a8b58e68141e49ecc6a9a7c2d9aa7d6
reciprocal_counterevidence	2:102	4:145		no value	4:145	2:102	2:102	cross_surah	label_target_note	ranked_review	Its complex account of harmful learning and separation lacks a clear focus-specific route.	focus_4_145_cutoff_100.tsv	97	3746310909cc2781c3112a077732c7dbbebfc42628b9790bcd65a672fb3c2f10
reciprocal_counterevidence	2:102	5:1		no value	5:1	2:102	2:102	cross_surah	label_target_note	ranked_review	Tail-audit card with no localized connection to the focus.	focus_5_1_cutoff_100.tsv	95	7fc7ae9113286428f3bedc78d68a56a5253962896e04d90f74092a2cb8e384e5
reciprocal_counterevidence	2:102	5:18		no value	5:18	2:102	2:102	cross_surah	label_target_note	ranked_review	The account of magic and harm gives no clear route to the focus.	focus_5_18_cutoff_100.tsv	55	79489284ff875e87e91547b75cdbc87e4199cbf3d3bbeb7ea9ead000b497882f
reciprocal_nomination	2:102	5:32		weak	5:32	2:102	2:102	cross_surah	label_target_note	ranked_review	Addresses harmful learning and self-cost, but not the focus ayah's life relation.	focus_5_32_cutoff_100.tsv	91	87d2c044f52057b38355d9499342b5adcb4ee9489fb028a3a4a9a3220e174c9b
reciprocal_counterevidence	2:102	5:39		no value	5:39	2:102	2:102	cross_surah	label_target_note	ranked_review	Magic and harm discourse adds no clear route to 5:39.	focus_5_39_cutoff_100.tsv	97	6355a5b14d1c4efe6a12896ac5bd1951b2e8b30e88e0ae6386ce1f9b48b2700f
reciprocal_nomination	2:102	5:45		weak	5:45	2:102	2:102	cross_surah	label_target_note	ranked_review	Revelation and self terms occur in an unrelated account.	focus_5_45_cutoff_100.tsv	31	dadad692d00c1439440a5ec61ec2fce5f9e093e22942ccab3c606d42c37561a5
reciprocal_nomination	2:102	5:47		weak	5:47	2:102	2:102	cross_surah	label_target_note	ranked_review	Contrasts harmful following with divine permission and disbelief, only indirectly relevant to revealed authority.	focus_5_47_cutoff_100.tsv	93	483a23de917894374a50b7b4e7f9505fbec95f52e8f4abc278d325b52a8b3938
reciprocal_counterevidence	2:102	5:53		no value	5:53	2:102	2:102	cross_surah	label_target_note	ranked_review	No sufficiently specific connection to the focus is present.	focus_5_53_cutoff_100.tsv	97	4f482e245ab4d7c4701c40d7e80a993c2d82326c757d16def62aa4e659948772
reciprocal_counterevidence	2:102	5:59		no value	5:59	2:102	2:102	cross_surah	label_target_note	ranked_review	The account of magic and a particular sending-down does not clarify 5:59.	focus_5_59_cutoff_100.tsv	92	6782bbd967acc666799dd846f036440ce2cdaa4182d31aa446195a9948df32ab
reciprocal_nomination	2:102	5:60		weak	5:60	2:102	2:102	cross_surah	label_target_note	ranked_review	Offers only a broad false-teaching and harmful-choice parallel.	focus_5_60_cutoff_100.tsv	91	3d593736ef8afc41dbe39ecae113e5fcfd3d42ce2775cc9212883ddcce602a26
reciprocal_nomination	2:102	5:62		weak	5:62	2:102	2:102	cross_surah	label_target_note	ranked_review	Tail-audit card; its content supplies no focused route to the triad.	focus_5_62_cutoff_100.tsv	91	bd47a11666686315e9b6e97d4ff7982f5146273c4efc3527e82cdf0b720c7d68
reciprocal_nomination	2:102	5:70		weak	5:70	2:102	2:102	cross_surah	label_target_note	ranked_review	A different form of separating relations is too remote from the focus.	focus_5_70_cutoff_100.tsv	97	6fc701a13979ded77d925a11a61793662e1f2ad492389ac2da850e392db588e0
reciprocal_nomination	2:102	5:73		weak	5:73	2:102	2:102	cross_surah	label_target_note	ranked_review	Disbelief and harmful teaching are too broad to add focused evidence.	focus_5_73_cutoff_100.tsv	70	6e6bc46425f881daf611ce42379117d0f955a8941f7322baac795f6b9fcaf87e
reciprocal_nomination	2:102	5:76		weak	5:76	2:102	2:102	cross_surah	label_target_note	ranked_review	Uses harm and benefit in a different moral and causal setting.	focus_5_76_cutoff_100.tsv	78	8faae8df4812f78e020ff60fdbdf6ae9ada12b7c67cba504134d558aab2da370
reciprocal_nomination	2:102	5:78		weak	5:78	2:102	2:102	cross_surah	label_target_note	ranked_review	Addresses disbelief and harmful learning, but not the focus's specific judgment or conduct.	focus_5_78_cutoff_100.tsv	92	c2d92b68d344e4da1e1c91c2217dda4a4c92fee974abcdb0d66b1e807ed467d3
reciprocal_nomination	2:102	5:80		medium	5:80	2:102	2:102	cross_surah	label_target_note	ranked_review	Trading selves for harmful, profitless knowledge adds a secondary self-harming choice pattern.	focus_5_80_cutoff_100.tsv	55	847529cd2ada501fd9fd3ca009337e424b67218605525ff9756d6e7f4f317aa9
reciprocal_nomination	2:102	5:81		weak	5:81	2:102	2:102	cross_surah	label_target_note	ranked_review	Its harmful following and division are too indirect after the closer awliya passages.	focus_5_81_cutoff_100.tsv	35	e11e71226c7da94f6d6e90c3db5171b755de78a0d0332f9bdca47a5f9f9a63ba
reciprocal_nomination	2:102	5:103		weak	5:103	2:102	2:102	cross_surah	label_target_note	ranked_review	Its contested teaching and harm setting offers only indirect background on attributed claims.	focus_5_103_cutoff_100.tsv	52	f1dbc06877f9c5d97425bf045ba86091963f5e379761ce74d280ea5a4c935bb3
reciprocal_nomination	2:102	5:110		medium	5:110	2:102	2:102	cross_surah	label_target_note	ranked_review	Permission limits harmful efficacy, while its sorcery setting contrasts with the accusation in 5:110.	focus_5_110_cutoff_100.tsv	18	d0bf67db95605b57bfcc5da8aed961f96ebb0551777928229e2c2fa45c4dea45
reciprocal_counterevidence	2:102	6:3		no value	6:3	2:102	2:102	cross_surah	label_target_note	ranked_review	The extended magic account does not clarify the focus's knowledge claim.	focus_6_3_cutoff_100.tsv	95	19f2828a04ce524c6a8bc4774a1673cc1aeea1a5315e702e420e472055e826f1
reciprocal_nomination	2:102	6:7		weak	6:7	2:102	2:102	cross_surah	label_target_note	ranked_review	Boundary evidence: actual magic instruction differs from the polemical magic label.	focus_6_7_cutoff_100.tsv	57	b58bb1acd7e64f2843205c17590b93fe458372fc390c6ebc21e549f6181b862c
reciprocal_nomination	2:102	6:17		medium	6:17	2:102	2:102	cross_surah	label_target_note	missing_ayah_suggestion	وما هم بضارين به من أحد إلا بإذن الله limits a rival harm claim by إذن.	focus_6_17_cutoff_100.tsv	147	c63c61d14396834bc0229a199fce3d802cfb687be085f8b4f663bf68ce0c997f
reciprocal_nomination	2:102	6:20		medium	6:20	2:102	2:102	cross_surah	label_target_note	ranked_review	Knowing a ruinous exchange while harming oneself joins knowledge with self-loss.	focus_6_20_cutoff_100.tsv	97	9551c1eb6fb97725ebd6c0a43a5bf2ceb55ebf4914d15468d0af75510252b0b9
reciprocal_nomination	2:102	6:43		weak	6:43	2:102	2:102	cross_surah	label_target_note	ranked_review	شياطين activity is broad; no direct hardening or adornment route.	focus_6_43_cutoff_100.tsv	76	20ec2130b2a96df2d2dec0b96c4a8ff0be79799eb1d080fa14d793647eefdaa2
reciprocal_nomination	2:102	6:71		medium	6:71	2:102	2:102	cross_surah	label_target_note	ranked_review	Supplies the harm-without-benefit pattern in a different temptation.	focus_6_71_cutoff_100.tsv	16	12636bc6dbfc4a16646d30cd74f7c7bc9a70faba678262ec6bacb314ed940222
reciprocal_counterevidence	2:102	6:99		no value	6:99	2:102	2:102	cross_surah	label_target_note	ranked_review	No material contribution to the botanical or observational frame.	focus_6_99_cutoff_100.tsv	99	f316d699442e4843bf8c9d80413d70ea7fd7af59177527d47cc0ce53af438680
reciprocal_nomination	2:102	6:100		weak	6:100	2:102	2:102	cross_surah	label_target_note	ranked_review	Unseen-agent material and knowledge themes remain indirect.	focus_6_100_cutoff_100.tsv	93	57cec268e2a5687e50f5c57e133f6a32f850c9412232be02fcb09361deece075
reciprocal_nomination	2:102	6:105		weak	6:105	2:102	2:102	cross_surah	label_target_note	ranked_review	Study and deception form a remote parallel to the darasta accusation.	focus_6_105_cutoff_100.tsv	91	0b0779845481e99bd909da3d483649087b934666c7e3b58fc839877c90041921
reciprocal_nomination	2:102	6:108		weak	6:108	2:102	2:102	cross_surah	label_target_note	ranked_review	Harmful teaching and separation are remote from the focus's specific speech-feedback pattern.	focus_6_108_cutoff_100.tsv	91	fb29ab877e9dbe000ea3bddf5cb827470138717f95f25b97854d4a792dec1ea5
reciprocal_nomination	2:102	6:109		weak	6:109	2:102	2:102	cross_surah	label_target_note	ranked_review	False teaching and harmful acquisition are too broad for the focus.	focus_6_109_cutoff_100.tsv	93	d812f328464b98a0eb89e22e1b1c2ba1458060d880d2c2ba6be51b4a0d5b7a0f
reciprocal_nomination	2:102	6:112		medium	6:112	2:102	2:102	cross_surah	label_target_note	missing_ayah_suggestion	Links devils with transmitted harmful teaching and social division.	focus_6_112_cutoff_100.tsv	101	836bb265cb8a81047ee151e017e87d5da23a211b64d219475aa4ecf0285969d5
reciprocal_nomination	2:102	6:119		weak	6:119	2:102	2:102	cross_surah	label_target_note	ranked_review	Harm/benefit and demonic teaching are too remote from the focus rule.	focus_6_119_cutoff_100.tsv	99	81bccfec35722870206ace350663bcb9ff8944269083410dc0c1262fe8abd9ca
reciprocal_nomination	2:102	6:121		medium	6:121	2:102	2:102	cross_surah	label_target_note	ranked_review	Satanic teaching supplies a substantial parallel for rival-source following.	focus_6_121_cutoff_100.tsv	25	6a25cd510b68ebed83788e776c94629c846af479ff5c09f3bcc4c0709e7bdb99
reciprocal_nomination	2:102	6:125		weak	6:125	2:102	2:102	cross_surah	label_target_note	ranked_review	Harmful learning and disbelief add only broad misguidance context.	focus_6_125_cutoff_100.tsv	97	cd2b6439f0e5cc42f0e5080a84243a3209d1a2cba0107b00a643c8a6b3026e7c
reciprocal_nomination	2:102	6:127		weak	6:127	2:102	2:102	cross_surah	label_target_note	ranked_review	Harmful occult following gives a distant contrary pattern, without an exact route.	focus_6_127_cutoff_100.tsv	99	bfcb1b60e2a86063c068b3f908f6d4d4b612fd1dc275e29701d81994e7c55008
reciprocal_counterevidence	2:102	6:146		no value	6:146	2:102	2:102	cross_surah	label_target_note	ranked_review	No relevant route to the focus.	focus_6_146_cutoff_100.tsv	91	69fad32183d5509a341fba271c6beb94b015d8840e61b3f23b05867346862410
reciprocal_nomination	2:102	6:150		weak	6:150	2:102	2:102	cross_surah	label_target_note	ranked_review	Zararlı öğretinin izlenmesi, arzu veya kanıtsız yasak iddiasıyla yeterince belirgin birleşmez.	focus_6_150_cutoff_100.tsv	97	6ed76e34074eacd4ca7ef05d7aeb10e75ba80bd76a76c597c27b885643c2b1bb
reciprocal_nomination	2:102	6:165		weak	6:165	2:102	2:102	cross_surah	label_target_note	ranked_review	The named trial is a distant, harmful-case parallel without the focus's structure.	focus_6_165_cutoff_100.tsv	99	6e83bd5b99e5f59995008cdec4c7b250f5ba651f9f81e8867872f35d70b9f8c9
reciprocal_nomination	2:102	7:21		medium	7:21	2:102	2:102	cross_surah	label_target_note	ranked_review	Shayatin teaching harmful separation is a distant contrary pattern.	focus_7_21_cutoff_100.tsv	71	55d774ae33402b32ee0d66d477f98dbd4bb1ebe03f9993aecb2ef06e763b02f0
reciprocal_nomination	2:102	7:24		weak	7:24	2:102	2:102	cross_surah	label_target_note	ranked_review	Offers a distinct divisive satanic pattern.	focus_7_24_cutoff_100.tsv	97	b68e7ad32debe17b4bf16bb6c56b5b1a275fc0f69c647a138f64151188fc20f1
reciprocal_nomination	2:102	7:27		medium	7:27	2:102	2:102	cross_surah	label_target_note	ranked_review	Connects devils and trial, but its imported route is only mixed and indirect.	focus_7_27_cutoff_100.tsv	19	36bf2287bccc7c921c5b244d00a2932ccfc87e0571265b73a59d5e9e652aefe8
reciprocal_counterevidence	2:102	7:34		no value	7:34	2:102	2:102	cross_surah	label_target_note	ranked_review	No material contribution to the temporal-limit reading.	focus_7_34_cutoff_100.tsv	95	861be6459a7abf560b9f5ffd684dbd1b4782cf12a905ec4eec4fa4dca6f02331
reciprocal_nomination	2:102	7:46		weak	7:46	2:102	2:102	cross_surah	label_target_note	ranked_review	A separation instance with no exact route to the A'raf reading.	focus_7_46_cutoff_100.tsv	93	57b91a364856838c3d3652e60cf316985127156bcb977d2aed53e30d9a06a171
reciprocal_counterevidence	2:102	7:49		no value	7:49	2:102	2:102	cross_surah	label_target_note	ranked_review	The material does not add a focused mercy, oath, or admission relation.	focus_7_49_cutoff_100.tsv	95	49c153906e7c191815a246365d88f5dc3c468d8eae322931febf11cc425c5caf
reciprocal_nomination	2:102	7:53		weak	7:53	2:102	2:102	cross_surah	label_target_note	ranked_review	Choosing what harms rather than benefits is relevant background but not the focus's route.	focus_7_53_cutoff_100.tsv	93	de5295c35765a113140457f34048df42c1cf12ba203892373fa4c8cd5bb25148
reciprocal_nomination	2:102	7:58		medium	7:58	2:102	2:102	cross_surah	label_target_note	ranked_review	Adds that effects remain bounded by divine permission, not independent power.	focus_7_58_cutoff_100.tsv	3	f11f315df7c3b37343ef7683521e109a45a7b4eda9a73b21fb6fb5d9e5727647
reciprocal_counterevidence	2:102	7:66		no value	7:66	2:102	2:102	cross_surah	label_target_note	ranked_review	Its extended instruction on magic does not add to the focus exchange.	focus_7_66_cutoff_100.tsv	91	61484d4dfa6e9229d2163bdc26d9e02d269025bf7588b01d0752a7ef87d9b546
reciprocal_counterevidence	2:102	7:82		no value	7:82	2:102	2:102	cross_surah	label_target_note	ranked_review	No clear route to the focus reading.	focus_7_82_cutoff_100.tsv	91	6210adc5d2f1b76a24c4526ebeae97cdb7ec4f000f2c087407dc9a6ff685295a
reciprocal_counterevidence	2:102	7:85		no value	7:85	2:102	2:102	cross_surah	label_target_note	ranked_review	No focused connection to measure, due, or repair.	focus_7_85_cutoff_100.tsv	91	8a5f4529273472d18a5102ab82257c6ebcc750fc7a552331c1efa2da2e66eb87
reciprocal_nomination	2:102	7:94		weak	7:94	2:102	2:102	cross_surah	label_target_note	ranked_review	Harm-benefit language concerns harmful learning, not communal affliction.	focus_7_94_cutoff_100.tsv	78	b0104e39f4be2caa469a66cd7b0e4a30c7abf2cfd10304df89c133fd05700402
reciprocal_nomination	2:102	7:112		medium	7:112	2:102	2:102	cross_surah	label_target_note	ranked_review	Distinguishes teaching and harmful magic, but not this public contest.	focus_7_112_cutoff_100.tsv	76	43495bbeb25e16fef0d31b505590048025fab6e9f7d96abf917e7a5b93a9344c
reciprocal_nomination	2:102	7:114		weak	7:114	2:102	2:102	cross_surah	label_target_note	ranked_review	Provides only a broad magic category outside this reward-and-rank scene.	focus_7_114_cutoff_100.tsv	88	619fd1fe38d7a5de6d856f3ebfa6b8c77ba8278d3b8c5f434ec65ba2407541df
reciprocal_nomination	2:102	7:116		medium	7:116	2:102	2:102	cross_surah	label_target_note	missing_ayah_suggestion	Broader sihr material; useful conceptual background, not a contest parallel.	focus_7_116_cutoff_100.tsv	101	7e79acd449d369d1da122a504fd2ff8e4c322defbda90bb61aaf273356797f75
reciprocal_nomination	2:102	7:120		medium	7:120	2:102	2:102	cross_surah	label_target_note	ranked_review	Adds a broader harmful-magic context, without direct narrative linkage.	focus_7_120_cutoff_100.tsv	76	2c443255ee03dec30a35204663a2a8b01ae46347d0c0e895c70b0dfa2df43283
reciprocal_nomination	2:102	7:123		weak	7:123	2:102	2:102	cross_surah	label_target_note	ranked_review	Secondary permission boundary: actual divine permission contrasts claimed sovereign permission.	focus_7_123_cutoff_100.tsv	3	5c33f08875641d646de7fbd9518a93610feec3d00b38b42deee628fd2d5922db
reciprocal_counterevidence	2:102	7:126		no value	7:126	2:102	2:102	cross_surah	label_target_note	ranked_review	Magic teaching is not the sign-response or endurance at issue.	focus_7_126_cutoff_100.tsv	95	e5435a6efc368f8565ef7c3fef3f583bcb0b6c55076fcec64407592c849c31ca
reciprocal_nomination	2:102	7:132		weak	7:132	2:102	2:102	cross_surah	label_target_note	ranked_review	Magic is the topic, but the social-harm route is not the focus's dismissive accusation.	focus_7_132_cutoff_100.tsv	46	08607a1670f4fe3aafcaf95a08ccd7675d9a4438949f38938a52ed9a24e66db1
reciprocal_counterevidence	2:102	7:136		no value	7:136	2:102	2:102	cross_surah	label_target_note	ranked_review	Tail-audit item with no material focus connection.	focus_7_136_cutoff_100.tsv	95	e3d63a0c4cb02f08aeb0f17ad3757c0d073de72531e7767e60977b009a9c8053
reciprocal_counterevidence	2:102	7:159		no value	7:159	2:102	2:102	cross_surah	label_target_note	ranked_review	Account of harmful teaching and magic has no focused route to 7:159.	focus_7_159_cutoff_100.tsv	99	f7f2b8a6827d4dbb839b8630d3c1a8a9b41176685a33e2fbe0e81631e8657729
reciprocal_nomination	2:102	7:174		weak	7:174	2:102	2:102	cross_surah	label_target_note	ranked_review	Harmful separation between spouses is a contrary, unrelated use of division.	focus_7_174_cutoff_100.tsv	97	24a9cd7dd57d561f1da4a93d6c22c0a38ce8da0bed1a87791a9885a2f6f82831
reciprocal_nomination	2:102	7:177		weak	7:177	2:102	2:102	cross_surah	label_target_note	ranked_review	Self-harming pursuit of harmful knowledge is an indirect individual parallel with no sign-denial frame.	focus_7_177_cutoff_100.tsv	99	8d8b2597917a45693c1406a0ee2a258e877dcc7c7475163111a5915bc1017211
reciprocal_nomination	2:102	7:178		weak	7:178	2:102	2:102	cross_surah	label_target_note	ranked_review	Harmful acquisition pattern, but no focused guidance relation.	focus_7_178_cutoff_100.tsv	99	47ea8e7e59b6c97af725f729952e0d210ab17dd2e21c036ec930579b2f5e919f
reciprocal_nomination	2:102	7:179		weak	7:179	2:102	2:102	cross_surah	label_target_note	ranked_review	Knowledge is used harmfully, a distant capacity-misuse parallel.	focus_7_179_cutoff_100.tsv	93	a33033317ecea045053b6201f18bf38f581bbf0aee5184b36eb57ec1bae168e3
reciprocal_nomination	2:102	7:201		medium	7:201	2:102	2:102	cross_surah	label_target_note	ranked_review	Shayatin and harm add a secondary adverse-influence frame without the response sequence.	focus_7_201_cutoff_100.tsv	95	2a2d4fdc77edb5437ec530a2719cbf740dd95ab3a36d04cb265a5224da214c2f
reciprocal_counterevidence	2:102	8:2		no value	8:2	2:102	2:102	cross_surah	label_target_note	ranked_review	The mixed recitation route concerns a different use and adds no focal relation.	focus_8_2_cutoff_100.tsv	99	d064b1a0bd539d32a051ef5627180ae800ece5810ceb1dd21cf2602a54ad571b
reciprocal_counterevidence	2:102	8:9		no value	8:9	2:102	2:102	cross_surah	label_target_note	ranked_review	Mentions angels in an unrelated teaching and trial setting.	focus_8_9_cutoff_100.tsv	96	1587d1d2bfec087fa0e02dd063e5b4b02374c5c3816848229e583d104908e6fc
reciprocal_nomination	2:102	8:13		weak	8:13	2:102	2:102	cross_surah	label_target_note	ranked_review	Adds harmful knowledge that separates relations, but only a distant division parallel.	focus_8_13_cutoff_100.tsv	97	c3b89a2048357b83c05faf066fe61eb393ed7d32462a08ddea7a4b2f8984e32a
reciprocal_nomination	2:102	8:24		medium	8:24	2:102	2:102	cross_surah	label_target_note	ranked_review	Separation involving the individual supplies boundary evidence, though in a distinct setting.	focus_8_24_cutoff_100.tsv	73	48bb2c3e1541e50335d17792386b608a74baa605cb11c94e5175eb0da4cef0ae
reciprocal_nomination	2:102	8:28		weak	8:28	2:102	2:102	cross_surah	label_target_note	ranked_review	Offers a weak parallel in which knowledge is itself a testing medium and can be directed harmfully.	focus_8_28_cutoff_100.tsv	76	bc475294e978317895e0d4ddf4bdfad7a3731d8ea47a95ec71a14bafa1809754
reciprocal_nomination	2:102	8:31		weak	8:31	2:102	2:102	cross_surah	label_target_note	ranked_review	Recitation appears in a different account and does not clarify the focal response.	focus_8_31_cutoff_100.tsv	92	c68a037c5d1cd2e167abaac98ccad15cd3594cc9e3a87bf70c99ce43c2b467ce
reciprocal_nomination	2:102	8:34		weak	8:34	2:102	2:102	cross_surah	label_target_note	ranked_review	The lengthy magic account has no focused access route.	focus_8_34_cutoff_100.tsv	40	e5a2f071f1a05a92d83482333240032b17057b79c03f69217edafdd91cc31014
reciprocal_nomination	2:102	8:39		medium	8:39	2:102	2:102	cross_surah	label_target_note	ranked_review	Fitnenin ayrıştırıcı ve zararlı bir sınama düzeni olarak görünmesi, kavramın başka yönünü ekler.	focus_8_39_cutoff_100.tsv	77	86abe8775fde454b305321f81e979bdaf33a48fa9e660f8577f0d0b9e5c73a44
reciprocal_nomination	2:102	8:41		weak	8:41	2:102	2:102	cross_surah	label_target_note	ranked_review	Tail-audit card: a mixed f02 warning about knowledge used to divide relations.	focus_8_41_cutoff_100.tsv	93	53a47d1b8bba4ef9fb8e8217ab7fd570860497a9ad7bfb13efe85a7d0df473f7
reciprocal_counterevidence	2:102	8:61		no value	8:61	2:102	2:102	cross_surah	label_target_note	ranked_review	Ayrıştırıcı bilgi ve zarar bağlamı, 8:61'in barış eğilimini açıklamaz.	focus_8_61_cutoff_100.tsv	97	924535c836401f05a420114db7b339dc9e050fa1be3744789f10a0da77039a9b
reciprocal_nomination	2:102	8:63		weak	8:63	2:102	2:102	cross_surah	label_target_note	ranked_review	Separating spouses is a contrary relation but the broad passage is not localized to 8:63's claim.	focus_8_63_cutoff_100.tsv	58	8119ddf8464265d44ef61432c4dcd7789aa3c5fe0a4d3b4bd00229cefee60f41
reciprocal_nomination	2:102	8:66		medium	8:66	2:102	2:102	cross_surah	label_target_note	ranked_review	Divine permission limits effective harm, paralleling 8:66's refusal of autonomous power.	focus_8_66_cutoff_100.tsv	3	55d6e72711129639f40b414d3a047555084b8a2838225afc80d627e72b805b96
reciprocal_nomination	2:102	8:67		medium	8:67	2:102	2:102	cross_surah	label_target_note	ranked_review	Uses a purchase image to set worldly acquisition against loss of later share.	focus_8_67_cutoff_100.tsv	82	c229ba7256cdcc3ca21b4e8c2e12cc9cbdd8b1d3984bb8b8466f53cd394c9ff9
reciprocal_nomination	2:102	8:73		weak	8:73	2:102	2:102	cross_surah	label_target_note	ranked_review	Fitna and relational separation appear, but the connection to 8:73 remains indirect.	focus_8_73_cutoff_100.tsv	61	3cb572c955f48933dafc8e123d1546a28ef696dd3e0a12d455bc3bfeb68ba192
reciprocal_nomination	2:102	9:6		weak	9:6	2:102	2:102	cross_surah	label_target_note	ranked_review	Learning and knowledge appear in a separate scene with no focused safety or hearing relation.	focus_9_6_cutoff_100.tsv	46	de954154aab328e9a210a2c82e6cf2526882ec61e9b7a75a00cb0a9d3234eda9
reciprocal_counterevidence	2:102	9:42		no value	9:42	2:102	2:102	cross_surah	label_target_note	ranked_review	Its diverse followings and self-harm do not identify the focal mechanism.	focus_9_42_cutoff_100.tsv	52	618f443bfd5a926d6c6c42c5742b9d0a6fd8410632313ec88375d9c6d4e81b92
reciprocal_nomination	2:102	9:43		weak	9:43	2:102	2:102	cross_surah	label_target_note	ranked_review	Calls an episode a trial, but does not clarify the focal permission or verification.	focus_9_43_cutoff_100.tsv	80	2573cf4bf062de67a5cd8e2ae94b035529d4739f7b80e78f1cc327f5c6bbcc6b
reciprocal_counterevidence	2:102	9:44		no value	9:44	2:102	2:102	cross_surah	label_target_note	ranked_review	No focused relation to permission, striving, or the inner criterion of 9:44.	focus_9_44_cutoff_100.tsv	86	6b043d92e58521aefa24e3943b27864b7252ac54475a2f3f364fa763f3842404
reciprocal_nomination	2:102	9:46		weak	9:46	2:102	2:102	cross_surah	label_target_note	ranked_review	Provides a distant pattern of knowingly choosing harmful practice.	focus_9_46_cutoff_100.tsv	79	82daa5150fe2e3b4992772c52c3b389ab86af258461d2f88188c6bfb759a2e46
reciprocal_nomination	2:102	9:49		weak	9:49	2:102	2:102	cross_surah	label_target_note	ranked_review	Calls a situation fitna while showing harmful chosen use, but remains remote from the focus's scene.	focus_9_49_cutoff_100.tsv	45	6a01a4ef2d6a77cfea7da767c79ab41c5bc6dde1791516adbd6490cc5f0990c5
reciprocal_nomination	2:102	9:55		weak	9:55	2:102	2:102	cross_surah	label_target_note	ranked_review	Its harm-and-benefit material is too distant from the focus's possessions, despite a broad self-harm parallel.	focus_9_55_cutoff_100.tsv	50	6a8e13f33b156c7309e92c3509b272db3fabd18150fb5a3a602e6f5436fd15b8
reciprocal_counterevidence	2:102	9:56		no value	9:56	2:102	2:102	cross_surah	label_target_note	ranked_review	No clear addition to oath, belonging, or fear.	focus_9_56_cutoff_100.tsv	19	7263bf73a294cf6885fee5ccea62f88b355f64ee0ede3c7af94214de83ca2afd
reciprocal_counterevidence	2:102	9:78		no value	9:78	2:102	2:102	cross_surah	label_target_note	ranked_review	Tail-audit card; no focused addition to 9:78.	focus_9_78_cutoff_100.tsv	91	e7098c4e87b2175a7d9501bdcc4820b35933cb0dc311f0fce9be507daaf3c6f7
reciprocal_counterevidence	2:102	9:81		no value	9:81	2:102	2:102	cross_surah	label_target_note	ranked_review	The lengthy magic account has no specific relation to the focus.	focus_9_81_cutoff_100.tsv	92	d0a4ce19256f9f4cad219b380d3a2c249a32866ee2c2fc1f7db13cd430f25070
reciprocal_counterevidence	2:102	9:83		no value	9:83	2:102	2:102	cross_surah	label_target_note	ranked_review	Permission language here does not clarify the social permission or later exclusion in 9:83.	focus_9_83_cutoff_100.tsv	3	733ef5f511b818cde156a8e12c6d363e1de091607dcfe6cb7859e9938a7a28c5
reciprocal_nomination	2:102	9:84		weak	9:84	2:102	2:102	cross_surah	label_target_note	ranked_review	Its disbelief and harmful knowledge pattern is broad and adds no grave or prayer-specific evidence.	focus_9_84_cutoff_100.tsv	58	3a54487f935cd2507c1d9cd256d0751c77432c547f90fcf4e50660bf4d5e0ae2
reciprocal_nomination	2:102	9:85		weak	9:85	2:102	2:102	cross_surah	label_target_note	ranked_review	Contains diffuse overlaps without a focused link.	focus_9_85_cutoff_100.tsv	56	ee92548a262988077772377be1d1e6aec0de40c5585e672bc674e10281ca7384
reciprocal_nomination	2:102	9:86		weak	9:86	2:102	2:102	cross_surah	label_target_note	ranked_review	Permission limits harmful efficacy, not the request to avoid striving.	focus_9_86_cutoff_100.tsv	9	2270c161669398f8fdaa3e14a56cf7e0bb77ff132d95bbb3557d0d3033d12664
reciprocal_counterevidence	2:102	9:93		no value	9:93	2:102	2:102	cross_surah	label_target_note	ranked_review	The account of harmful learning is not a focused parallel.	focus_9_93_cutoff_100.tsv	76	fcc50a07476c0d12db6450a5348f8f371167c07606c6b2a1cd85157ba364df86
reciprocal_counterevidence	2:102	9:98		no value	9:98	2:102	2:102	cross_surah	label_target_note	ranked_review	Tail-audit material has no established focus-level connection.	focus_9_98_cutoff_100.tsv	91	e4062307a7dfab00043207a3e05d8af04b66c53a680a27a4a53b035cc129f6d9
reciprocal_nomination	2:102	9:109		medium	9:109	2:102	2:102	cross_surah	label_target_note	ranked_review	Harmful separation and lack of benefit give a distinct adverse social mechanism.	focus_9_109_cutoff_100.tsv	96	ac4db3cfd498b4802dcf767599d105ff7a80c1a7ca88cf82a4955df259620b9f
reciprocal_nomination	2:102	9:111		medium	9:111	2:102	2:102	cross_surah	label_target_note	ranked_review	An explicitly harmful self-purchase supplies an inverse valuation and self-stakes parallel.	focus_9_111_cutoff_100.tsv	64	35eff07e0889fcfcf930fd2892d0cf9240e12ffa823811d63b3b652423eeec62
reciprocal_nomination	2:102	9:113		weak	9:113	2:102	2:102	cross_surah	label_target_note	ranked_review	Separation between spouses is not a clear parallel to the focus boundary.	focus_9_113_cutoff_100.tsv	99	4dea98be0a598fb1bcce603f7b164a982f9088f1f502877c8ed6fb83ab3a00d7
reciprocal_counterevidence	2:102	9:117		no value	9:117	2:102	2:102	cross_surah	label_target_note	ranked_review	Its account of harmful teaching does not clarify the focus.	focus_9_117_cutoff_100.tsv	97	8b8795837059aeca17fcb3d4fa89ae32c39870f59e6f3b32aacbe515a7c38d6d
reciprocal_nomination	2:102	9:122		medium	9:122	2:102	2:102	cross_surah	label_target_note	ranked_review	تعلم and a prior warning form a cautionary, nonparallel learning case.	focus_9_122_cutoff_100.tsv	93	902293f697940d3844dca35c97a13d82c3b01a73ce06e4f7da73f058759b80aa
reciprocal_nomination	2:102	9:126		weak	9:126	2:102	2:102	cross_surah	label_target_note	ranked_review	Fitnah as a warning in a magic account is contextually distant.	focus_9_126_cutoff_100.tsv	81	c55cdf3d36fc6043bf29b308ae22630e6dfe28a1e31920b9fdaa72f8f2f6f722
reciprocal_nomination	2:102	10:18		weak	10:18	2:102	2:102	cross_surah	label_target_note	ranked_review	Its harm-benefit language is not a focused worship or mediation route.	focus_10_18_cutoff_100.tsv	34	622077d82f9fd560805128a8bb539ac07f381f1e7e54eabe54d34d88496c2760
reciprocal_counterevidence	2:102	10:37		no value	10:37	2:102	2:102	cross_surah	label_target_note	ranked_review	Tail-audit card with no clear direct addition to 10:37.	focus_10_37_cutoff_100.tsv	91	4692cdd1ae049c47b22773f0c4f939fbba988c3907a77b42b13e5cc03386f595
reciprocal_nomination	2:102	10:44		weak	10:44	2:102	2:102	cross_surah	label_target_note	ranked_review	Self-damaging acquisition through harmful knowledge is a particular, indirect instance.	focus_10_44_cutoff_100.tsv	83	f99f4c52321e5ef2ea4b62727bab5530afc02dbba8e5942edd48ad4b993bbe88
reciprocal_counterevidence	2:102	10:46		no value	10:46	2:102	2:102	cross_surah	label_target_note	ranked_review	The magic account does not add to the focus.	focus_10_46_cutoff_100.tsv	97	f3f6e47bfd3eedbc5b224350e89055ad0743960e486db90ddcb7bbe26c24ccda
reciprocal_nomination	2:102	10:59		weak	10:59	2:102	2:102	cross_surah	label_target_note	ranked_review	Offers a parallel limit: harmful efficacy is not independent of divine permission.	focus_10_59_cutoff_100.tsv	3	774451fb18799fa1dda2177504ce44e6e77bfdb0a3ceb13a20d2affbb347f184
reciprocal_counterevidence	2:102	10:61		no value	10:61	2:102	2:102	cross_surah	label_target_note	ranked_review	No distinct route to the focus readings.	focus_10_61_cutoff_100.tsv	49	2cdcf609d89237aff7f61de3ad07fc5bddd29e08fea1d2ca9dc48ebea7414368
reciprocal_nomination	2:102	10:66		weak	10:66	2:102	2:102	cross_surah	label_target_note	ranked_review	Its following and harmful learning context is too remote from alleged partners.	focus_10_66_cutoff_100.tsv	95	0a68fd5249086d83a2502a69d02569b04ed35b5f7d8f90226fda358a8283a383
reciprocal_nomination	2:102	10:79		weak	10:79	2:102	2:102	cross_surah	label_target_note	ranked_review	Connects to magic as knowledge-practice, but not to Pharaoh's public counter-display.	focus_10_79_cutoff_100.tsv	77	9fba4412e2c874ba1e5d962e9c7bf46c3da45ea6f4aa5790bbbcb9022251bb0e
reciprocal_nomination	2:102	10:81		medium	10:81	2:102	2:102	cross_surah	label_target_note	ranked_review	Treats magic as a harmful practice with no benefit, a useful but broader parallel.	focus_10_81_cutoff_100.tsv	64	c932cfdbc1ad18e48edae2e0f64cb25444191bf98df5c5fcb200d8dab10fc6d4
reciprocal_nomination	2:102	10:83		weak	10:83	2:102	2:102	cross_surah	label_target_note	ranked_review	Treats fitna and harmful knowledge in a different social domain.	focus_10_83_cutoff_100.tsv	52	82bf0eaa0f719d70fd708ddf21f882ea4e92a31c6af61d94a04daa98117719a8
reciprocal_nomination	2:102	10:100		weak	10:100	2:102	2:102	cross_surah	label_target_note	ranked_review	Permission limits harm, a broad agency parallel without the focus's belief or reason relation.	focus_10_100_cutoff_100.tsv	21	829f3ad85545a3b191cfe75533a6c4cfcc219cb401e9fdb685611ee8ee8b9598
reciprocal_counterevidence	2:102	10:102		no value	10:102	2:102	2:102	cross_surah	label_target_note	ranked_review	Does not materially illuminate the focus verse.	focus_10_102_cutoff_100.tsv	97	6b3a2dd7d2fc2b3dca57b4162e36923037908b52a98888e94095aff9168452f6
reciprocal_nomination	2:102	10:105		weak	10:105	2:102	2:102	cross_surah	label_target_note	ranked_review	Harm/benefit language is indirect and the magic narrative is otherwise remote.	focus_10_105_cutoff_100.tsv	97	27e3017c0bc00a1bd570da59261e63465446256e97c6b4c6ce709049cf79e701
reciprocal_nomination	2:102	10:107		medium	10:107	2:102	2:102	cross_surah	label_target_note	ranked_review	Harm and benefit are restricted to divine permission, though in a specific setting.	focus_10_107_cutoff_100.tsv	82	4902bacdda7944fdfcf822e7a9f575b68a785fa039f7ec9c6fe633abe5024096
reciprocal_nomination	2:102	10:109		weak	10:109	2:102	2:102	cross_surah	label_target_note	ranked_review	Offers a contrary instance of following harmful teaching, only indirectly.	focus_10_109_cutoff_100.tsv	92	c88a21275bda64dbe41ed04c9466c99dc14ae467f841c8834b79a28ed45dd85c
reciprocal_nomination	2:102	11:15		weak	11:15	2:102	2:102	cross_surah	label_target_note	ranked_review	Its later lack of share and purchase imagery gives a distant loss analogy.	focus_11_15_cutoff_100.tsv	96	b8377a142aecdbd20c90df0cef322ac21ee7981b79ddd6188b591fecdaed0da6
reciprocal_nomination	2:102	11:16		medium	11:16	2:102	2:102	cross_surah	label_target_note	ranked_review	Harmful acquisition with no share in the Hereafter adds a substantive, though distinct, exchange pattern.	focus_11_16_cutoff_100.tsv	86	a9437e9a22a28e6aa6e4b9c211d1afd66bd29de2eb8a8902bfcc35eb8794fd22
reciprocal_nomination	2:102	11:17		weak	11:17	2:102	2:102	cross_surah	label_target_note	ranked_review	Addresses false teaching and unbelief, too remote from the focal structure.	focus_11_17_cutoff_100.tsv	64	99a79fccb308ed5ecbf8391be65ee9f89e0ccc6ddc23ac5d5afbd2d9df83ec51
reciprocal_counterevidence	2:102	11:28		no value	11:28	2:102	2:102	cross_surah	label_target_note	ranked_review	No material addition to the focus.	focus_11_28_cutoff_100.tsv	96	4d64dbee709c3cb8b32c4b5a27e69e13ce60e09308bca3982c7fcaa672e3487f
reciprocal_counterevidence	2:102	11:31		no value	11:31	2:102	2:102	cross_surah	label_target_note	ranked_review	No focused contribution to 11:31.	focus_11_31_cutoff_100.tsv	72	ac6168d24206d883f4ef9f956f1b9decb4626e3b25b99ae6f811bc88e3b7ae6f
reciprocal_nomination	2:102	11:33		medium	11:33	2:102	2:102	cross_surah	label_target_note	ranked_review	Denies independent efficacy apart from Allah's permission, a secondary agency parallel.	focus_11_33_cutoff_100.tsv	80	82bf4910c27f87eaa142f3ed86096f963bc36d3cf23aa2c1144837c4b5d08cad
reciprocal_counterevidence	2:102	11:38		no value	11:38	2:102	2:102	cross_surah	label_target_note	ranked_review	The magic account does not add to the vessel or mockery reading.	focus_11_38_cutoff_100.tsv	93	f97721fd4be538102a88d43e70629b290a89619e543aa44319ebe0e0c1d9d883
reciprocal_nomination	2:102	11:43		weak	11:43	2:102	2:102	cross_surah	label_target_note	ranked_review	Its between-person separation and harm only offer a distant barrier analogy.	focus_11_43_cutoff_100.tsv	96	e58f34a32adf18348a4c6819ce95e1d5ec02ceab2f5f2801c4de74b9b35b8e8e
reciprocal_counterevidence	2:102	11:52		no value	11:52	2:102	2:102	cross_surah	label_target_note	ranked_review	Tail-audit negation overlap has no focused relation.	focus_11_52_cutoff_100.tsv	99	786bbe94e93d0df4c93d4b8b93bdbe1159e73f6387bff9f3c2ea28a469895aed
reciprocal_nomination	2:102	11:53		medium	11:53	2:102	2:102	cross_surah	label_target_note	ranked_review	Competing claims about magic and disbelief offer a broad parallel to discrediting a message.	focus_11_53_cutoff_100.tsv	43	3d65038360a925b85749c5bc7581b42162ac3f14dd81f3342bdc87ed32b3844f
reciprocal_nomination	2:102	11:55		weak	11:55	2:102	2:102	cross_surah	label_target_note	ranked_review	Magic supplies only a remote possible scheme association.	focus_11_55_cutoff_100.tsv	97	1a3a36348eb6b7d95f94a1df85ce13c03418c2da7d2c2fcd4284cf08ddbaf7bd
reciprocal_nomination	2:102	11:60		medium	11:60	2:102	2:102	cross_surah	label_target_note	ranked_review	Shows following a harmful course joined to unbelief and loss of an afterlife share.	focus_11_60_cutoff_100.tsv	66	1f0fcc60fbdd003dfe4b65591afd72c5835582f814bdeef28930b0b6496a5b9b
reciprocal_counterevidence	2:102	11:61		no value	11:61	2:102	2:102	cross_surah	label_target_note	ranked_review	No material addition to the focus's themes.	focus_11_61_cutoff_100.tsv	98	f1f02300458fafa25b4db74d1636293019fb1ddd7cf213c79bbb9870053f5e7d
reciprocal_counterevidence	2:102	11:67		no value	11:67	2:102	2:102	cross_surah	label_target_note	ranked_review	Tail-audit material has no localized route to the focus event.	focus_11_67_cutoff_100.tsv	95	6dfa04bea72bbb8b38ced857ba8bad60bc9d8844b80b5424dd3e9d737d44fbc3
reciprocal_nomination	2:102	11:93		weak	11:93	2:102	2:102	cross_surah	label_target_note	ranked_review	Knowledge of harmful choice and its lack of benefit offers only a diffuse action-consequence parallel.	focus_11_93_cutoff_100.tsv	91	32862f167d1b63f2b3f2692fb9cb7a5031ba1f94a872dbe601c0c53eecfc6edd
reciprocal_nomination	2:102	11:99		weak	11:99	2:102	2:102	cross_surah	label_target_note	ranked_review	Following harmful teaching and its akhira loss is a distant harm-from-following pattern.	focus_11_99_cutoff_100.tsv	29	54f4b6d5025fed82fa28c83defabdb8822ab27095c957b616d011d5dcb3d1d70
reciprocal_nomination	2:102	11:101		weak	11:101	2:102	2:102	cross_surah	label_target_note	ranked_review	Harm without benefit and self-loss are only a distant parallel.	focus_11_101_cutoff_100.tsv	89	2b30807e11c5358fcd23711549f58ff5a3514850bc493e7983309a3d3da31775
reciprocal_counterevidence	2:102	11:103		no value	11:103	2:102	2:102	cross_surah	label_target_note	ranked_review	The long account of sorcery and hereafter loss lacks the focus ayah's key scene.	focus_11_103_cutoff_100.tsv	85	ecc7de27ec890bb3739ccbe4ab26cfc6e34b56ec901f95b4df232f3a44332aa5
reciprocal_counterevidence	2:102	11:104		no value	11:104	2:102	2:102	cross_surah	label_target_note	ranked_review	Has no temporal-limit connection to the focus.	focus_11_104_cutoff_100.tsv	82	212b3872c464ea77a79656548ef0b9e20bf1d782ae74108b253c56173b601d95
reciprocal_nomination	2:102	11:105		medium	11:105	2:102	2:102	cross_surah	label_target_note	ranked_review	Harm is not independent of permission; a secondary authority-boundary parallel.	focus_11_105_cutoff_100.tsv	21	c5a728177514e0a8dd038db82fe4450d2daf171cea997a373c1cea22b102e143
reciprocal_nomination	2:102	11:113		weak	11:113	2:102	2:102	cross_surah	label_target_note	ranked_review	Harm under divine permission is too indirect to clarify the warning.	focus_11_113_cutoff_100.tsv	92	8aa488e268b236c72d5c0520145ce3d271480e158792ebd020d9a3aa6066b394
reciprocal_nomination	2:102	11:117		weak	11:117	2:102	2:102	cross_surah	label_target_note	ranked_review	Harmful learning and disbelief are too remote from collective إصلاح.	focus_11_117_cutoff_100.tsv	96	2f0cae6bc5ad81ffc7d428b67f5b8660fe727bedeac62985a1cc189c4865b883
reciprocal_counterevidence	2:102	11:120		no value	11:120	2:102	2:102	cross_surah	label_target_note	ranked_review	The extended magic account lacks a clear link to the focus's truth, exhortation, or stabilization role.	focus_11_120_cutoff_100.tsv	92	430a6a01f829fccac465a6bf8583864b5457816509273717ef3a5eaa51e92db7
reciprocal_nomination	2:102	12:17		weak	12:17	2:102	2:102	cross_surah	label_target_note	ranked_review	The complex account of teaching and harm does not clarify this report.	focus_12_17_cutoff_100.tsv	93	2c9d1138f6394ed4336faf8a572a95d391d1d3127c2a450b2954787e957b64f7
reciprocal_nomination	2:102	12:20		medium	12:20	2:102	2:102	cross_surah	label_target_note	missing_ayah_suggestion	Nefsi kötü bir alışa konu etme, 12:20'deki insanın işlem nesnesi yapılmasına paraleldir.	focus_12_20_cutoff_100.tsv	101	d1fde7e7c0fd050cdb73834618bcc076d9ec3318c15233381c209e47859f7278
reciprocal_nomination	2:102	12:21		weak	12:21	2:102	2:102	cross_surah	label_target_note	ranked_review	Purchase and benefit language occur in a remote, mixed ethical setting.	focus_12_21_cutoff_100.tsv	28	a1a269e7686f05de0a03ee3baa485e17c69758ae7c733f55fccf17c2fb64d742
reciprocal_nomination	2:102	12:31		weak	12:31	2:102	2:102	cross_surah	label_target_note	ranked_review	الْمَلَكَيْنِ supplies a remote parallel to مَلَكٌۭ كَرِيمٌۭ.	focus_12_31_cutoff_100.tsv	93	70d6abd9ecf74e40272e8e143be53d4c49d46e23cf8d1a0f378672a9348d4053
reciprocal_nomination	2:102	12:37		weak	12:37	2:102	2:102	cross_surah	label_target_note	ranked_review	Its teaching episode is ethically distinct and only remotely contrasts with divinely taught knowledge.	focus_12_37_cutoff_100.tsv	93	e0cb12ff0fef2b97bd9db6d18660aba0ca9f111475e08fe8dc63c8faa692128e
reciprocal_nomination	2:102	12:42		weak	12:42	2:102	2:102	cross_surah	label_target_note	ranked_review	Its Satanic activity is too remote from the focus's forgetting and relay.	focus_12_42_cutoff_100.tsv	65	be2d62b8b9c9358ecf411c3e34eb3dfc67e6974ef4ad9bdd55ddf6a675737f6c
reciprocal_nomination	2:102	12:44		weak	12:44	2:102	2:102	cross_surah	label_target_note	ranked_review	Provides a remote caution about claimed knowledge and its use.	focus_12_44_cutoff_100.tsv	90	4706d601218fc27704414ddc06747e8285fc03473857cb7a0094770b9361fa96
reciprocal_nomination	2:102	12:53		medium	12:53	2:102	2:102	cross_surah	label_target_note	ranked_review	Harmful learning is acquired against oneself, a secondary self-damage parallel.	focus_12_53_cutoff_100.tsv	93	4aa86815fd6ce12e54dc08a50811c567ed3bda99c7181b684fadb0a44336848d
reciprocal_nomination	2:102	12:54		weak	12:54	2:102	2:102	cross_surah	label_target_note	ranked_review	Kingship amid contested teaching gives only a remote authority-and-knowledge parallel.	focus_12_54_cutoff_100.tsv	95	87b962a56dc2afff2a3d4f3afaa596be691b8389c5a1945d76b11df6fd273c4f
reciprocal_counterevidence	2:102	12:69		no value	12:69	2:102	2:102	cross_surah	label_target_note	ranked_review	Does not materially clarify the focus scene.	focus_12_69_cutoff_100.tsv	70	237dee82c849d17716b2c15e1b7e76417ce705d460692ea019d706ee006b933b
reciprocal_nomination	2:102	12:72		weak	12:72	2:102	2:102	cross_surah	label_target_note	ranked_review	Its account of authority and harmful learning does not clarify the transaction.	focus_12_72_cutoff_100.tsv	92	9dab1ca05e9118882cbb57e0b77234cdc545b771e0e6897f79ce3807a96f2928
reciprocal_nomination	2:102	12:80		weak	12:80	2:102	2:102	cross_surah	label_target_note	ranked_review	Only loosely supports the elder's acceptance of limits on his own control.	focus_12_80_cutoff_100.tsv	6	a428efeb399eea315735026f17eee7fc752fa5615a3d76570542bda3156f3850
reciprocal_counterevidence	2:102	12:81		no value	12:81	2:102	2:102	cross_surah	label_target_note	ranked_review	Its account of harmful teaching does not add to the brothers' report.	focus_12_81_cutoff_100.tsv	93	1c0c3fb9dfdb934d696227c9838be6dbf9f40e7e0a933e726bdff775a5b116ec
reciprocal_nomination	2:102	12:83		weak	12:83	2:102	2:102	cross_surah	label_target_note	ranked_review	Self-harm and division give a broad contrary background without clarifying the specific scene.	focus_12_83_cutoff_100.tsv	93	bfaeef335ebaf63dacba6830105ba2bbe53a1776193f338238df79d599beb6c7
reciprocal_nomination	2:102	12:96		weak	12:96	2:102	2:102	cross_surah	label_target_note	ranked_review	The magic material offers only a broad contrary to an efficacious sign.	focus_12_96_cutoff_100.tsv	92	a27ab29f846f7cefa1db9038d829086aa33b48fe0d561530e6a25babc7cb6a98
reciprocal_nomination	2:102	12:100		medium	12:100	2:102	2:102	cross_surah	label_target_note	ranked_review	Şeytanların eşler arasını ayıran bilgisi, 12:100'deki kardeşler arasına sokulan bozuluşa başka bir ilişki türünden paralel verir.	focus_12_100_cutoff_100.tsv	93	04ceb7db5b87795fd13e74d44adb90b6230850923cfb2591fe54de762df6ac45
reciprocal_nomination	2:102	12:103		weak	12:103	2:102	2:102	cross_surah	label_target_note	ranked_review	Narrates harmful learning and disbelief in a distinct historical case.	focus_12_103_cutoff_100.tsv	67	0670f6a9ec6e8a65f38b06a7a8c22dd75587aca479ac7ce3c48171d688b00ab5
reciprocal_counterevidence	2:102	12:106		no value	12:106	2:102	2:102	cross_surah	label_target_note	ranked_review	Sihir anlatısı, odak ayetin imanla şirkin birlikte oluşunu açıklamaz.	focus_12_106_cutoff_100.tsv	91	cb9e6e83b85eaea9c581103bd5f1626f4ef792bd53c79f9ffe1c4a582c1f335e
reciprocal_counterevidence	2:102	12:110		no value	12:110	2:102	2:102	cross_surah	label_target_note	ranked_review	No focused contribution to the focus's rescue-and-force sequence.	focus_12_110_cutoff_100.tsv	97	6812ba5497dc811f220954775e28a93f31a70fe5d7375e4ced99056c8fc3878b
reciprocal_nomination	2:102	13:11		weak	13:11	2:102	2:102	cross_surah	label_target_note	ranked_review	Self-harm through chosen harmful practice is relevant but too diffuse and distant.	focus_13_11_cutoff_100.tsv	61	66048b845c4d6ef64d0f18e85c4b2a2fcbad8b82228de7bb5b1926dd77b2ce62
reciprocal_counterevidence	2:102	13:22		no value	13:22	2:102	2:102	cross_surah	label_target_note	ranked_review	Zarar veren bilgi ve aile ayrılığı anlatısı, 13:22'nin uygulama dizisini açıklamaz.	focus_13_22_cutoff_100.tsv	97	c76d19ced5d745ba4635ba08ed0f5093ef71cec20624055c1a87a5424455514a
reciprocal_nomination	2:102	13:38		medium	13:38	2:102	2:102	cross_surah	label_target_note	ranked_review	Zararın ancak ilahi izinle etkili oluşu, izin sınırını elçilik dışındaki bir karşı örnekle gösterir.	focus_13_38_cutoff_100.tsv	9	9cb4a06999d6f905739cb7a8f73b833e38d3fffb6c6dd9dc272886ccef04f14b
reciprocal_nomination	2:102	14:1		weak	14:1	2:102	2:102	cross_surah	label_target_note	ranked_review	Its بإذن الله limit on harm supports dependent authorization, but the magic dispute is a distant setting for 14:1.	focus_14_1_cutoff_100.tsv	6	39bd8820209358adc8983a3152c4c23fdd3fe21926aac9675d3f747ec339b5f7
reciprocal_nomination	2:102	14:11		medium	14:11	2:102	2:102	cross_surah	label_target_note	ranked_review	Zarar verme etkisinin Allah'ın izni dışında bağımsız olmadığını gösterir.	focus_14_11_cutoff_100.tsv	27	967271522d78d3dccf546d7b85b3999c5e7ace450413461b1a3a1a5392056e22
reciprocal_nomination	2:102	14:23		weak	14:23	2:102	2:102	cross_surah	label_target_note	ranked_review	Permission bounds harmful efficacy, a secondary constraint on the focus's "by their Lord's permission."	focus_14_23_cutoff_100.tsv	6	516849ca8e85eecf795db5b09122bd169992f77de84464e50866d973a55f0c36
reciprocal_nomination	2:102	14:25		medium	14:25	2:102	2:102	cross_surah	label_target_note	ranked_review	İznin zararı sınırlaması, ürünün bağımsız değil Rabbin izniyle oluştuğu okumayı destekler.	focus_14_25_cutoff_100.tsv	3	869eb81c4137b4bfaacaaa9c841cb7a2d14b5e438a13e636a96018f150d8846a
reciprocal_nomination	2:102	14:27		weak	14:27	2:102	2:102	cross_surah	label_target_note	ranked_review	Harmful learning and later loss form only a remote contrary to sound teaching.	focus_14_27_cutoff_100.tsv	94	2c159174e7d121b8be8b7e9866d1e175eeb3f63689999af8f7a9cb654b727f30
reciprocal_nomination	2:102	14:39		weak	14:39	2:102	2:102	cross_surah	label_target_note	ranked_review	Süleyman anlatısı geçer; 14:39'un bağış, hamd ve dua bağlantısı belirgin değildir.	focus_14_39_cutoff_100.tsv	99	57a9a2e71e8e122f13e125eb663b9301b2f5fe2184afd8c2e689ac010a64143d
reciprocal_nomination	2:102	14:46		strong	14:46	2:102	2:102	cross_surah	label_target_note	ranked_review	Limits harmful manipulation to divine permission, sharply qualifying the force of human schemes.	focus_14_46_cutoff_100.tsv	95	1ade57bd89066a8c89a49be59573ce4a5dc8c1609f0e3226bebc1ea68bfaf51c
reciprocal_nomination	2:102	15:2		weak	15:2	2:102	2:102	cross_surah	label_target_note	ranked_review	Kufr appears in a different dispute without a close regret or submission relation.	focus_15_2_cutoff_100.tsv	40	90c7ca4f94464196ffb17c80b4aedeb53601493db6aa8ed45d2efd984ea3c384
reciprocal_counterevidence	2:102	15:7		no value	15:7	2:102	2:102	cross_surah	label_target_note	ranked_review	No meaningful contribution to the angel-demand or its immediate context.	focus_15_7_cutoff_100.tsv	40	e9074abc8b79beb760f57a4d88ba19364fb1d26c3411cf969d3e1ac794adad3d
reciprocal_nomination	2:102	15:9		weak	15:9	2:102	2:102	cross_surah	label_target_note	ranked_review	Competing harmful teaching provides a distant adverse-transmission backdrop.	focus_15_9_cutoff_100.tsv	61	79b90da53b6f1517d5111ba24b1d0896b8f5a516066e81d98890867c81c1bce8
reciprocal_nomination	2:102	15:14		medium	15:14	2:102	2:102	cross_surah	label_target_note	ranked_review	Its explicit sorcery discourse supplies a secondary parallel to the focus's sorcery explanation.	focus_15_14_cutoff_100.tsv	94	99d5668072d467cfbc1d7230bf77313c93b7525ef4c34cf5feea48a62e09f29f
reciprocal_nomination	2:102	15:15		weak	15:15	2:102	2:102	cross_surah	label_target_note	ranked_review	Uses سحر in a different instructional and ethical setting, useful mainly as contrast.	focus_15_15_cutoff_100.tsv	52	29ee3c8e06545ce2029c7ea1bfd5db5076f00e41d3052eb7693c46b31afb13c1
reciprocal_nomination	2:102	15:17		medium	15:17	2:102	2:102	cross_surah	label_target_note	missing_ayah_suggestion	Associates devils with corrupt teaching, a secondary contrary source of harmful knowledge.	focus_15_17_cutoff_100.tsv	102	ba3ddec5a2fc7b9a3b56485aa1d160e910a1414ef4b908150e6cb177250d90ae
reciprocal_nomination	2:102	15:24		weak	15:24	2:102	2:102	cross_surah	label_target_note	ranked_review	Knowledge and later consequence occur, but the verse adds no focused account of the paired positions.	focus_15_24_cutoff_100.tsv	88	49607309f90e2db228121ad762f68dd4ecb48fb2ed94e0c4a7bf1f8327a91b63
reciprocal_nomination	2:102	15:33		weak	15:33	2:102	2:102	cross_surah	label_target_note	ranked_review	Şeytanların öğretisi ve zararı anlatılır; İblis'in ilk reddine ancak dolaylı bağlanır.	focus_15_33_cutoff_100.tsv	97	bc98babc8e176b0118a5d4f1a8a5ae3994cae0a3802fcaa652c796fe9151f2a5
reciprocal_counterevidence	2:102	15:79		no value	15:79	2:102	2:102	cross_surah	label_target_note	ranked_review	Does not materially clarify the focus's retribution or clear imam.	focus_15_79_cutoff_100.tsv	99	0132d25556cf58e9c43bf60a050cfa288d39edfcdd5b4252162aa20286fde5e8
reciprocal_counterevidence	2:102	15:83		no value	15:83	2:102	2:102	cross_surah	label_target_note	ranked_review	No material addition to the focus event or its immediate setting.	focus_15_83_cutoff_100.tsv	97	b7eb2003abf0fcd1acc1021aa00939cbf66baf5a8fa66ff0abf7ebf392ceaf8e
reciprocal_nomination	2:102	15:90		weak	15:90	2:102	2:102	cross_surah	label_target_note	ranked_review	Its separation effect is only a distant contrary image of fragmentation.	focus_15_90_cutoff_100.tsv	99	e3673f36f356e32752fdca300d185a25354abc108e355c3ccab1fb11e6139e89
reciprocal_counterevidence	2:102	15:97		no value	15:97	2:102	2:102	cross_surah	label_target_note	ranked_review	Öğretme ve zararlı bilgi anlatısı, 15:97’deki göğüs daralmasıyla yeterli bağ kurmaz.	focus_15_97_cutoff_100.tsv	93	c2b50336f3634cea4b8dcd062b67d4312845fbd0cded462c9d96cc1c67b8b6c2
reciprocal_counterevidence	2:102	16:8		no value	16:8	2:102	2:102	cross_surah	label_target_note	ranked_review	The apparent creation-root match is a different term and adds no relevant relation.	focus_16_8_cutoff_100.tsv	86	d6205dee3c057e318f0d9aa6d5f6c531127deb1ac46d9b3ce8ee5005a17bf401
reciprocal_counterevidence	2:102	16:9		no value	16:9	2:102	2:102	cross_surah	label_target_note	ranked_review	The magic narrative adds no route or guidance relation.	focus_16_9_cutoff_100.tsv	98	448e0b428b00f0648fb33e35cec044c78d4400cb29f0597f7586667e125179f7
reciprocal_counterevidence	2:102	16:14		no value	16:14	2:102	2:102	cross_surah	label_target_note	ranked_review	No shared marine, resource, or purpose structure is present.	focus_16_14_cutoff_100.tsv	93	77b48299e4a606371ae3c026e38978d0aa6afa70e39057ebdd8a44f1cf19131c
reciprocal_counterevidence	2:102	16:26		no value	16:26	2:102	2:102	cross_surah	label_target_note	ranked_review	Does not add a relevant structural or reversal reading.	focus_16_26_cutoff_100.tsv	95	35c1cef7dcdef8592581f248302b338a54eb2d3f1e70b622b91d8edb2d37922c
reciprocal_nomination	2:102	16:33		weak	16:33	2:102	2:102	cross_surah	label_target_note	ranked_review	Self-harm is present, but the specific subject matter does not materially develop 16:33.	focus_16_33_cutoff_100.tsv	82	5e383db7c0810df6ef7684e2161316d00ac79325e2eb5907b08a720ea412dac6
reciprocal_nomination	2:102	16:34		weak	16:34	2:102	2:102	cross_surah	label_target_note	ranked_review	Shows self-harming, non-beneficial learning, but no enclosing return.	focus_16_34_cutoff_100.tsv	77	88351a35f0097877ea4a21be2ef88613ec47913753beded7979b292d561b3f25
reciprocal_nomination	2:102	16:41		weak	16:41	2:102	2:102	cross_surah	label_target_note	ranked_review	Its adverse final deprivation does not illuminate the focus's relocation sequence.	focus_16_41_cutoff_100.tsv	37	1fe2e4b2c778c36a4d45abaf17b5346132ebcccd51e0a63d079c21f7941fb60c
reciprocal_nomination	2:102	16:53		weak	16:53	2:102	2:102	cross_surah	label_target_note	ranked_review	Harm and benefit occur in a separate account with limited overlap.	focus_16_53_cutoff_100.tsv	42	00e37f219f20fecd1f97445d19461e94f155036e30f968847aee5fd9ca2ed828
reciprocal_nomination	2:102	16:54		weak	16:54	2:102	2:102	cross_surah	label_target_note	ranked_review	Harm and benefit operate in a different account without the focus's response pattern.	focus_16_54_cutoff_100.tsv	80	643c3483aac36667477848b0342d552d1641a09202ed6aad37a3dfc60923be1b
reciprocal_nomination	2:102	16:57		weak	16:57	2:102	2:102	cross_surah	label_target_note	ranked_review	Adds harmful, unprofitable teaching, only distantly related to unsupported claims.	focus_16_57_cutoff_100.tsv	93	d415472896f42e0e977663f99cd952d38f75f384c321a11afa3e831c68ef1598
reciprocal_counterevidence	2:102	16:61		no value	16:61	2:102	2:102	cross_surah	label_target_note	ranked_review	Separate magic and harm passage; no focused addition.	focus_16_61_cutoff_100.tsv	80	f9f2b928d397ad7af25ba417492ae83f4bbdd336c166aaae72725f6923fbf55f
reciprocal_counterevidence	2:102	16:69		no value	16:69	2:102	2:102	cross_surah	label_target_note	ranked_review	No focused fruit, route, belly, beverage, or healing addition.	focus_16_69_cutoff_100.tsv	94	28f7a5bc9e33193220637c223303b84ced06393b6c350f6d9617254d8cedd662
reciprocal_counterevidence	2:102	16:79		no value	16:79	2:102	2:102	cross_surah	label_target_note	ranked_review	No material connection to the focus.	focus_16_79_cutoff_100.tsv	96	fd5916340c70a300ddeb1b9bf4428ad009ee2fe86ab74d9d197ade665b0807bf
reciprocal_counterevidence	2:102	16:84		no value	16:84	2:102	2:102	cross_surah	label_target_note	ranked_review	Does not add to the witness and final-cutoff reading.	focus_16_84_cutoff_100.tsv	61	06572e01e115993d4d1aa54ae5bcba6f80b7bf9a89e94a2cb3f460c912b806bb
reciprocal_nomination	2:102	16:85		weak	16:85	2:102	2:102	cross_surah	label_target_note	ranked_review	Harmful acquisition and loss in the hereafter relate only broadly.	focus_16_85_cutoff_100.tsv	73	0fb086c6c3b82d829db11895bf5768f4d72eeb92c7fff240657ae1442577dc20
reciprocal_counterevidence	2:102	16:86		no value	16:86	2:102	2:102	cross_surah	label_target_note	ranked_review	The sorcery account does not bear on claimed partners.	focus_16_86_cutoff_100.tsv	96	8b6435648c6b65f47f72e1e85794b55ff9bef963dae4ed8a920923a3776b211a
reciprocal_nomination	2:102	16:95		medium	16:95	2:102	2:102	cross_surah	label_target_note	ranked_review	A harmful purchase with no hereafter share extends the bad-bargain pattern.	focus_16_95_cutoff_100.tsv	72	7d5ca3053d1c0f1750b5c8f1282c5ecf1e606fcdd9a8250c8a02b7f8c2a9a58f
reciprocal_nomination	2:102	16:99		medium	16:99	2:102	2:102	cross_surah	label_target_note	ranked_review	Satanic teaching can harm only by Allah's permission, a secondary limit on satanic effect.	focus_16_99_cutoff_100.tsv	93	011f595cc813db9fe92d841fb52bca287111102fece7d6989cdeeb444a12e661
reciprocal_nomination	2:102	16:100		medium	16:100	2:102	2:102	cross_surah	label_target_note	ranked_review	Şeytanî öğretinin zararlı yönlendirme kurabildiğini, fakat bağımsız olmadığını gösterir.	focus_16_100_cutoff_100.tsv	22	190a1fb0d6b570c1287521cbe001a9dc0886f2c5b0b7383c7db103d68c17200d
reciprocal_nomination	2:102	16:103		medium	16:103	2:102	2:102	cross_surah	label_target_note	ranked_review	Competing acts of teaching and harmful learning give distant context for the teaching allegation.	focus_16_103_cutoff_100.tsv	88	e0f3dd8b39a5cf0aa24df9a84da4760d9cb59373d95bed62e031603a3fd90142
reciprocal_nomination	2:102	16:106		weak	16:106	2:102	2:102	cross_surah	label_target_note	ranked_review	Associates disbelief with harmful choosing, but the narrative does not clarify the focused distinction.	focus_16_106_cutoff_100.tsv	49	e390b025570f3a68784e9ebacb1eb91ccf3b8fd747b69b76c7681fd50dd6ac5c
reciprocal_nomination	2:102	16:107		medium	16:107	2:102	2:102	cross_surah	label_target_note	ranked_review	Zararli seyi alip ahirette paydan yoksun kalma, dunyevi secimin eskatolojik bedelini ekler.	focus_16_107_cutoff_100.tsv	92	214f459ae522809ba311aecc1920b6019d4b779f0d808517540893f9d496dd59
reciprocal_nomination	2:102	16:111		weak	16:111	2:102	2:102	cross_surah	label_target_note	ranked_review	Only indirectly concerns self-harming acquisition and ultimate loss.	focus_16_111_cutoff_100.tsv	95	bcfbb1b8d9434197c77c4f314572353f80964efd5ae1fccd25578d2b4f4ef7ad
reciprocal_nomination	2:102	16:113		weak	16:113	2:102	2:102	cross_surah	label_target_note	ranked_review	Provides a distant instance of disbelief and harmful learning, without the focus sequence.	focus_16_113_cutoff_100.tsv	98	9d287255542c0337ac5e50eea9055b6ac74ebedefc6ffb481e104601208df32b
reciprocal_counterevidence	2:102	16:115		no value	16:115	2:102	2:102	cross_surah	label_target_note	ranked_review	No material food-boundary or necessity contribution.	focus_16_115_cutoff_100.tsv	58	af1f4e37b43a422782ab9a83850b417a2f0b6a6ee3eee363f4c730304d5f3342
reciprocal_nomination	2:102	16:116		weak	16:116	2:102	2:102	cross_surah	label_target_note	ranked_review	Authority and harmful learned practice are too indirect for the focus's issue.	focus_16_116_cutoff_100.tsv	92	0f865d058772f7b7af165d45a11939184f0211e4fb0a009fc003bf2d120282fc
reciprocal_nomination	2:102	16:118		weak	16:118	2:102	2:102	cross_surah	label_target_note	ranked_review	Its Israelite setting and self-harming acquisition offer only remote background.	focus_16_118_cutoff_100.tsv	76	1d094265e286029a912e57a974bb4973a576ec51deb8c2226961aa34c2a3cffa
reciprocal_counterevidence	2:102	17:1		no value	17:1	2:102	2:102	cross_surah	label_target_note	ranked_review	Travel mention is incidental and lacks a focused passage connection.	focus_17_1_cutoff_100.tsv	95	7351c1a95db811968c9b1f85373bc0f760bcc07fa986886254e98dfb10cf63c7
reciprocal_counterevidence	2:102	17:16		no value	17:16	2:102	2:102	cross_surah	label_target_note	ranked_review	No relevant contribution to the focus's civic sequence.	focus_17_16_cutoff_100.tsv	98	e46ccd18803d75d8a67326582a87da021c4f2ab73a7d0b445ded8ac7a894da15
reciprocal_nomination	2:102	17:21		weak	17:21	2:102	2:102	cross_surah	label_target_note	ranked_review	Its later loss is too remote from the focus's comparative structure.	focus_17_21_cutoff_100.tsv	95	95cfbe4ac2ed9e78e432275b6798edab5966d6b5b06ebe1a13b88e8d16a4d271
reciprocal_counterevidence	2:102	17:23		no value	17:23	2:102	2:102	cross_surah	label_target_note	ranked_review	Zarar veren bilgi ve eşler arasını ayırma, ebeveyne ihsanı veya kerim sözü açıklamaz.	focus_17_23_cutoff_100.tsv	93	093aced921a1da4a14f6ff3eca7d3d141fae9b885fee390dd5bfd27ccf473dc1
reciprocal_counterevidence	2:102	17:24		no value	17:24	2:102	2:102	cross_surah	label_target_note	ranked_review	No parent-care, mercy, or lowered-wing relation is added.	focus_17_24_cutoff_100.tsv	97	6c7b47c524b550ed7fb0fdfa138a303ce411ea43744034c11049e2c467d2a7d9
reciprocal_counterevidence	2:102	17:26		no value	17:26	2:102	2:102	cross_surah	label_target_note	ranked_review	Harmful teaching and marital separation do not add to the command.	focus_17_26_cutoff_100.tsv	97	034f35c7e9872f2008d547f86797d696564a626d6618e2e80d2d2fd96eeae011
reciprocal_nomination	2:102	17:27		medium	17:27	2:102	2:102	cross_surah	label_target_note	ranked_review	Links devils, kufr, harmful acquisition, and the splitting of a close human bond.	focus_17_27_cutoff_100.tsv	13	acc2831e9ade4062f50039d8866e5e44d9c484ab7a9d6901626081ffa92b5b94
reciprocal_counterevidence	2:102	17:31		no value	17:31	2:102	2:102	cross_surah	label_target_note	ranked_review	No sufficiently specific contribution to the focus.	focus_17_31_cutoff_100.tsv	93	bd28b62aeff587adf8fe3b3f4aeb8f30739b6fa2b224c388a12e78390237fd01
reciprocal_nomination	2:102	17:32		weak	17:32	2:102	2:102	cross_surah	label_target_note	ranked_review	Harm within a marriage supplies only an indirect household-destabilization parallel.	focus_17_32_cutoff_100.tsv	95	031941ba5cc26aab4eaf7dd9cbe9668bc0b99a2700af0aab2ee857c7ba966cf9
reciprocal_counterevidence	2:102	17:41		no value	17:41	2:102	2:102	cross_surah	label_target_note	ranked_review	No sufficiently direct relation to recollection, Quranic variation, or recoil.	focus_17_41_cutoff_100.tsv	79	6c1a4471c7fdc86891a3c71066b028d9b5ebc4c59c0761f7e09ef2ee367ceb4e
reciprocal_nomination	2:102	17:47		weak	17:47	2:102	2:102	cross_surah	label_target_note	ranked_review	Shares the magic vocabulary but addresses teaching and harmful use rather than the focus's covert accusation.	focus_17_47_cutoff_100.tsv	6	4c6856e0b5fe5eb3ecc487f06d7c5af4ed455cf4c1ea0a9ba0e3029769a9fcc0
reciprocal_nomination	2:102	17:56		weak	17:56	2:102	2:102	cross_surah	label_target_note	ranked_review	Zararın izinle oluştuğunu söyler; çağrılanların zarar kaldırma yetersizliğini doğrudan açıklamaz.	focus_17_56_cutoff_100.tsv	54	fa40576d64edd5dd74e28eec0612caaeffc5869887abcb7a9c3b01ccf523e7b2
reciprocal_counterevidence	2:102	17:58		no value	17:58	2:102	2:102	cross_surah	label_target_note	ranked_review	The magic narrative does not materially illuminate the communal destruction or written decree.	focus_17_58_cutoff_100.tsv	99	e309e03e88987ba4662ce151faa226f0e9c0c700afadf35a9b80fd420b0ef310
reciprocal_nomination	2:102	17:60		medium	17:60	2:102	2:102	cross_surah	label_target_note	ranked_review	Explicitly labels a disclosed matter fitnah and pairs it with a warning against kufr.	focus_17_60_cutoff_100.tsv	58	e346ddf9c47ed6adb83d3dc38486cdac6b3fbc2b9496c5d651db146476ae4dfd
reciprocal_nomination	2:102	17:64		medium	17:64	2:102	2:102	cross_surah	label_target_note	ranked_review	Adds satanic teaching, harmful uptake, and separation as a distributed influence pattern.	focus_17_64_cutoff_100.tsv	91	962d2532426cacd39067617f7dece1a4efffa064bf4cf3e700af49aa7bc3a615
reciprocal_nomination	2:102	17:72		weak	17:72	2:102	2:102	cross_surah	label_target_note	ranked_review	Shares an آخِرة-loss setting but no focused blindness or route relation.	focus_17_72_cutoff_100.tsv	93	dbafdb8e75d7da79b9f24a9656c784bae0a4a54f060f16a23587d576c9fbafc0
reciprocal_nomination	2:102	17:90		medium	17:90	2:102	2:102	cross_surah	label_target_note	ranked_review	Magic discourse supplies a secondary contrast to the opponents' treatment of signs as magic.	focus_17_90_cutoff_100.tsv	95	3b793de355ff467deddd74c2b6949204e0fbf71353e60e32be8f83e87e455661
reciprocal_counterevidence	2:102	17:104		no value	17:104	2:102	2:102	cross_surah	label_target_note	ranked_review	No focused relation to land, promise, or gathering.	focus_17_104_cutoff_100.tsv	95	a65814161db266d577b83d2b0ea56561d7a6bb60a116e2151b726b24fd0217a0
reciprocal_nomination	2:102	17:106		weak	17:106	2:102	2:102	cross_surah	label_target_note	ranked_review	Offers a contrary use of separation, not the focus's constructive articulation.	focus_17_106_cutoff_100.tsv	34	89e777283f233de906255be71f6c82d5ed6e50c53f81f3bab5509311bea91578
reciprocal_counterevidence	2:102	18:11		no value	18:11	2:102	2:102	cross_surah	label_target_note	ranked_review	Does not add to the cave's sensory restraint or duration.	focus_18_11_cutoff_100.tsv	78	1e4f7ea888efdfe8c988eb5ee6718b49186258d2a72db14870c1364baa028f23
reciprocal_counterevidence	2:102	18:20		no value	18:20	2:102	2:102	cross_surah	label_target_note	ranked_review	Harmful teaching and loss offer no specific clarification of the warning.	focus_18_20_cutoff_100.tsv	91	f78cf9fb49563936232b5184d405d7f58240dc2b6faa9b6737b701e89c0d125e
reciprocal_counterevidence	2:102	18:42		no value	18:42	2:102	2:102	cross_surah	label_target_note	ranked_review	The extended ruling on sorcery and its harm does not clarify the garden owner's regret or association.	focus_18_42_cutoff_100.tsv	94	55bfae6551a6d737c6ccf97aa4abce93958f1cdae4e908776125f7f03f365638
reciprocal_nomination	2:102	18:43		weak	18:43	2:102	2:102	cross_surah	label_target_note	ranked_review	Harm occurring only by Allah's permission is too remote from the focus.	focus_18_43_cutoff_100.tsv	92	7dceef60840b542a4e8c425c53cfae6b87814dfc447bd52f9f472f16cb424201
reciprocal_counterevidence	2:102	18:49		no value	18:49	2:102	2:102	cross_surah	label_target_note	ranked_review	The extended account of magic does not add a focused record, enumeration, or judgment relation.	focus_18_49_cutoff_100.tsv	91	c10e894f59ace2ce1fbcecf9ca14c5a963320d57578a386b411b082c0b8b8e85
reciprocal_nomination	2:102	18:50		medium	18:50	2:102	2:102	cross_surah	label_target_note	missing_ayah_suggestion	Following what devils propagated in the reign of Solomon illustrates a destructive alternative to revealed guidance.	focus_18_50_cutoff_100.tsv	199	9bd4af728303a13ea927d2b16c1eb2bd05aad88321d5a23d3967ebabe23a93de
reciprocal_counterevidence	2:102	18:70		no value	18:70	2:102	2:102	cross_surah	label_target_note	ranked_review	Following harmful magical teaching does not clarify the focus's learning contract.	focus_18_70_cutoff_100.tsv	95	a4a921252d719681c4d1f654ba45c9b7623dce76783d9b2201edf5a685a90240
reciprocal_nomination	2:102	18:82		weak	18:82	2:102	2:102	cross_surah	label_target_note	ranked_review	The account of harmful knowledge and its limits under divine permission is too remote from the focus.	focus_18_82_cutoff_100.tsv	95	3e7c139d84a0a5cf8227ed17755ec663de2174c9f895c0a67e4cf1c5ea19d707
reciprocal_nomination	2:102	18:85		weak	18:85	2:102	2:102	cross_surah	label_target_note	ranked_review	Following harmful teaching illustrates misuse of knowledge, only loosely relevant to means and agency.	focus_18_85_cutoff_100.tsv	48	16683e21538655b114cf7bfbf4392a27b04566b40071482147e5f7ce59b838c1
reciprocal_nomination	2:102	18:89		weak	18:89	2:102	2:102	cross_surah	label_target_note	ranked_review	Following demonic teaching contrasts generally with the proper object of following.	focus_18_89_cutoff_100.tsv	85	4a91494a4d0e3e8f0262b27825555a1297b1316998b06c9f9c550366901b988b
reciprocal_counterevidence	2:102	19:14		no value	19:14	2:102	2:102	cross_surah	label_target_note	ranked_review	Sorcery and marital separation do not illuminate filial goodness or arrogance.	focus_19_14_cutoff_100.tsv	94	f1ad7619ed72aaec10f9ca4be85d7691f78aa2db3d991a0d2a4f976e50f1be3e
reciprocal_counterevidence	2:102	19:22		no value	19:22	2:102	2:102	cross_surah	label_target_note	ranked_review	The account of magic and marital separation does not illuminate Mary's pregnancy or retreat.	focus_19_22_cutoff_100.tsv	73	4f542218cdbcad61167a83621c8b11f7a034bb90276588be49d4b520b1e12a1c
reciprocal_nomination	2:102	19:44		medium	19:44	2:102	2:102	cross_surah	label_target_note	missing_ayah_suggestion	Devils teach a harmful practice and are distinguished from the true source of knowledge, supporting the focus's rejection of Satanic allegiance.	focus_19_44_cutoff_100.tsv	147	7ef5c57c4036dc1b1c30a0d833c5f590e1683e518cbbdc0f479ad7fd00e90fce
reciprocal_counterevidence	2:102	19:48		no value	19:48	2:102	2:102	cross_surah	label_target_note	ranked_review	The account of magic and disbelief has no material connection to the focus.	focus_19_48_cutoff_100.tsv	99	734dfe0e9accf05f6548895bd189a608cf4dc05c4e651b5bc4585a6a78e53846
reciprocal_nomination	2:102	19:64		weak	19:64	2:102	2:102	cross_surah	label_target_note	ranked_review	The mention of something sent down upon angels occurs in a distinct account that does not explain the focus's descent.	focus_19_64_cutoff_100.tsv	34	d4715d099861b4ec0491dbcfca034feaa67fc90ad4fe1b748b3e51a3a78d6ad9
reciprocal_counterevidence	2:102	19:71		no value	19:71	2:102	2:102	cross_surah	label_target_note	ranked_review	The account of sorcery and harm is unrelated to the focus sequence.	focus_19_71_cutoff_100.tsv	97	57e1f637ad92ba82d286df91ccaff9bbe45453a330e765b7b9d47b22697bd85c
reciprocal_nomination	2:102	19:83		strong	19:83	2:102	2:102	cross_surah	label_target_note	ranked_review	It joins devils, disbelief, harmful teaching, and divine permission, offering a substantial counterpart to satanic action against disbelievers.	focus_19_83_cutoff_100.tsv	28	23b7445cdd57668d04d665adfab7e6fa684d248ec7c102b2ec118b74b2911831
reciprocal_counterevidence	2:102	19:88		no value	19:88	2:102	2:102	cross_surah	label_target_note	ranked_review	The account of sorcery and its harm does not clarify the attribution of a son.	focus_19_88_cutoff_100.tsv	99	f51ed0d9df0bd0113d6370f648e5e7247ccb404b5ce4e427dcb24f81ce17a2b3
reciprocal_nomination	2:102	19:97		medium	19:97	2:102	2:102	cross_surah	label_target_note	ranked_review	Its explicit preliminary warning against disbelief gives a secondary example of warning before consequence.	focus_19_97_cutoff_100.tsv	93	6eb0407ac0edb9683038b7d80a6bc4ea2919a653d122dc387108645eb1093250
reciprocal_nomination	2:102	20:19		medium	20:19	2:102	2:102	cross_surah	label_target_note	ranked_review	The account of magic forms a contrasting category that helps retain the distinction from Moses' divine sign.	focus_20_19_cutoff_100.tsv	99	da7f58c3a8c46bd40ae5209cae29b6b803450437e037cf4a254ba8790c760207
reciprocal_counterevidence	2:102	20:21		no value	20:21	2:102	2:102	cross_surah	label_target_note	ranked_review	The account of magic in Solomon's kingdom does not explain Moses' divine staff sign.	focus_20_21_cutoff_100.tsv	98	711449e02e8441b3ec42d2c9ffb2c444e308cb56dae8697888b864c0fab3d950
reciprocal_counterevidence	2:102	20:31		no value	20:31	2:102	2:102	cross_surah	label_target_note	ranked_review	Sorcery that separates spouses is contrary to, but does not clarify, brotherly support.	focus_20_31_cutoff_100.tsv	80	5db540081d8097360f13b25338d0495367f9c69f1838d897ef665d6a25a5135a
reciprocal_counterevidence	2:102	20:37		no value	20:37	2:102	2:102	cross_surah	label_target_note	ranked_review	The account of sorcery and harmful learning does not clarify Musa's formative care.	focus_20_37_cutoff_100.tsv	97	7d7589ad83535483fa3972c6130b7ec18cfb513a3fa40ca74f570e70f1ef093f
reciprocal_counterevidence	2:102	20:39		no value	20:39	2:102	2:102	cross_surah	label_target_note	ranked_review	Its account of sorcery and harmful teaching does not illuminate Musa's protective passage or divine formation.	focus_20_39_cutoff_100.tsv	93	d2cf1e996469a7525fbd52887975d8196b5d4209f0401a3c2781c7431209a89d
reciprocal_nomination	2:102	20:57		weak	20:57	2:102	2:102	cross_surah	label_target_note	ranked_review	Its account of harmful magic distinguishes actual magic from divine signs only at a general level.	focus_20_57_cutoff_100.tsv	77	68c295d0ed233940a42637b81724498f72e09ca9f398a40b41d72d88eb35774e
reciprocal_nomination	2:102	20:59		weak	20:59	2:102	2:102	cross_surah	label_target_note	ranked_review	Its account of teaching magic provides background to the contested claim of magic, but not the appointment or gathering.	focus_20_59_cutoff_100.tsv	95	fca0e23c1921e3ca449477e5cecccd5d7c16bc13b00184859c16ceb4be19b1e5
reciprocal_nomination	2:102	20:66		medium	20:66	2:102	2:102	cross_surah	label_target_note	missing_ayah_suggestion	Sihri öğretilen ve zarar veren bir uygulama olarak ele alır; sahne dışı ama 20:66'nın sihir kavramına temel bağlam sağlar.	focus_20_66_cutoff_100.tsv	147	dc5e91e527dee1677b3a82e4703316cd0bdab7b25493b18ec335ec2562b7c1a2
reciprocal_nomination	2:102	20:69		weak	20:69	2:102	2:102	cross_surah	label_target_note	ranked_review	Its account of magic as harmful and unprofitable is relevant background, but it does not explain this contest or sign.	focus_20_69_cutoff_100.tsv	46	3845a798f96c283513fd7bac62e3d2b22015aea1019090e17da8ac48d1640d00
reciprocal_nomination	2:102	20:71		medium	20:71	2:102	2:102	cross_surah	label_target_note	ranked_review	Its account of teaching magic gives context for Pharaoh's attempt to characterize the magicians' faith as instruction from a hidden master.	focus_20_71_cutoff_100.tsv	3	d7c4d12170c2017b71563ca76bff61bc5073a068957c0089e7f3dce1d69ade09
reciprocal_nomination	2:102	20:73		strong	20:73	2:102	2:102	cross_surah	label_target_note	ranked_review	Its account of magic as harmful teaching clarifies the wrongdoing from which the magicians seek forgiveness.	focus_20_73_cutoff_100.tsv	19	29e4c0cb2dd47d37a3a36029f79107e823461fffa39a70b676fbd87f48299763
reciprocal_counterevidence	2:102	20:83		no value	20:83	2:102	2:102	cross_surah	label_target_note	ranked_review	Magic and harmful learning do not clarify this episode.	focus_20_83_cutoff_100.tsv	96	37e07223f092892de69dcf53b84f4b26ec4429b5a543dddd20265969ba191d72
reciprocal_nomination	2:102	20:90		medium	20:90	2:102	2:102	cross_surah	label_target_note	ranked_review	It links following harmful teaching, trial, and social division, offering a broader warning about deceptive knowledge and communal rupture.	focus_20_90_cutoff_100.tsv	46	bb01b796789819e7a0ce9e41f7ae0793d741959288befc395e9621625e46036d
reciprocal_nomination	2:102	20:91		medium	20:91	2:102	2:102	cross_surah	label_target_note	ranked_review	The explicit warning that a practice is a trial and must not lead to denial closely recalls Aaron's warning about the calf.	focus_20_91_cutoff_100.tsv	93	d9d9edd873cef497999261bc149a13c77a845557d6ab8000b55a134307a4c1f9
reciprocal_counterevidence	2:102	20:99		no value	20:99	2:102	2:102	cross_surah	label_target_note	ranked_review	Its account of sorcery does not clarify the focus's narrative formula or bestowed dhikr.	focus_20_99_cutoff_100.tsv	99	f216f82bffac927b35c93f79dd947fe6a979c32ea7f9e5acb91f945aca384065
reciprocal_counterevidence	2:102	20:105		no value	20:105	2:102	2:102	cross_surah	label_target_note	ranked_review	The account of magic and its harms is unrelated.	focus_20_105_cutoff_100.tsv	96	eef8e2756f78b7b77669d5947ead290c5e6685fce09eaf051a48a5b812f7a926
reciprocal_counterevidence	2:102	20:106		no value	20:106	2:102	2:102	cross_surah	label_target_note	ranked_review	The account of magic and its harm does not bear on the mountain-removal scene.	focus_20_106_cutoff_100.tsv	98	b433be198428c74d0d403c798b3a6c3fe2b145f9ea1738d33db380d81494661c
reciprocal_nomination	2:102	20:109		weak	20:109	2:102	2:102	cross_surah	label_target_note	ranked_review	Its statement that harm occurs only by God's permission shares the authorization boundary but concerns sorcery, not intercession.	focus_20_109_cutoff_100.tsv	3	aa46457fce9d03bf3aec9a35c7c4843c2fe0c8721af8be1f6ba377de946a6d2f
reciprocal_counterevidence	2:102	20:110		no value	20:110	2:102	2:102	cross_surah	label_target_note	ranked_review	The account of magic and its harms does not clarify comprehensive knowledge.	focus_20_110_cutoff_100.tsv	66	56fd75095218182bc2c16c837842aaff1ef2cd92e4a58b529adc4fd12f5cd46d
reciprocal_nomination	2:102	20:116		weak	20:116	2:102	2:102	cross_surah	label_target_note	ranked_review	Devils, disbelief, and magic give only remote background after the direct Iblis accounts.	focus_20_116_cutoff_100.tsv	80	d65bf16f2118b82528c74333516d6c1f7c11960fd43de3952bc858870603c24e
reciprocal_nomination	2:102	20:123		weak	20:123	2:102	2:102	cross_surah	label_target_note	ranked_review	Following demonic teachings yields harm and division, but its lengthy magic narrative is only indirectly related.	focus_20_123_cutoff_100.tsv	93	03b3e57e3cd3cd797c1f9b4c466eca4f5d03ae85fcf3b2236c06f3e1ed2af40c
reciprocal_nomination	2:102	20:127		medium	20:127	2:102	2:102	cross_surah	label_target_note	ranked_review	Its account of disbelief, harmful knowledge, and having no share in the Hereafter offers a related final-loss pattern.	focus_20_127_cutoff_100.tsv	97	f49ef8bb8228585c2511e1caf7691837eb1ec8c6f197ecb60c5cd81bcce7ec33
reciprocal_nomination	2:102	20:131		medium	20:131	2:102	2:102	cross_surah	label_target_note	ranked_review	It calls the angelic instruction a test and warns against disbelief, but its setting is magic rather than worldly adornment.	focus_20_131_cutoff_100.tsv	33	b1bc0881e756a30338441f22a75511928e22f22bd3c62e0b00eb543f50bdb895
reciprocal_nomination	2:102	21:3		weak	21:3	2:102	2:102	cross_surah	label_target_note	ranked_review	Its subject is actual harmful magic, only distantly related to the focus's false accusation.	focus_21_3_cutoff_100.tsv	73	53b9c6be8ad27c605d5b85a135d0ffea68b1bd4d141aca842531c0f57477e582
reciprocal_counterevidence	2:102	21:4		no value	21:4	2:102	2:102	cross_surah	label_target_note	ranked_review	Its account of magic and teaching does not provide a focused parallel to divine knowledge of all speech.	focus_21_4_cutoff_100.tsv	94	543a34af296b51c7509912d74a247789feee727303b2d088cd9012992d1401d4
reciprocal_counterevidence	2:102	21:8		no value	21:8	2:102	2:102	cross_surah	label_target_note	ranked_review	The account of magic and harmful teaching does not address eating bodies or mortality.	focus_21_8_cutoff_100.tsv	80	ac1dfd784aafc41b9abd382b585844fabb224b663db7356c3fe17d586d77f437
reciprocal_counterevidence	2:102	21:11		no value	21:11	2:102	2:102	cross_surah	label_target_note	ranked_review	The account of magic and its harms does not clarify the focus's town-destruction sequence.	focus_21_11_cutoff_100.tsv	96	a16cc1580d98b77e3d3e779ed322305ccb5837f8b9370cbf9261d855133daf32
reciprocal_counterevidence	2:102	21:12		no value	21:12	2:102	2:102	cross_surah	label_target_note	ranked_review	The account of magic and harmful knowledge does not clarify the focus.	focus_21_12_cutoff_100.tsv	81	aef4e5bb9d9298faaec404722670f7970fa2d0bfbc53d182a5e493f7f710e761
reciprocal_counterevidence	2:102	21:28		no value	21:28	2:102	2:102	cross_surah	label_target_note	ranked_review	Its account of harmful teaching and permission does not materially clarify the focus's authorized intercession.	focus_21_28_cutoff_100.tsv	49	bfb4d6f7edd0765b836f57250c2760fce0aab5d9bd5355cf1065680001f20b5e
reciprocal_counterevidence	2:102	21:34		no value	21:34	2:102	2:102	cross_surah	label_target_note	ranked_review	The account of magic and its harms does not relate to denied immortality.	focus_21_34_cutoff_100.tsv	94	3cd11f0eea08504f7ce9c63d246f352ed3c569cefab4a6d7a513ca9e5722f806
reciprocal_nomination	2:102	21:35		medium	21:35	2:102	2:102	cross_surah	label_target_note	ranked_review	Calls the angelic disclosure a test and distinguishes harm from benefit, though in a specific narrative setting.	focus_21_35_cutoff_100.tsv	27	71f82e2d68cf6c55a0e767c59bbd579518368b09dc06c4849b87e512e4a61382
reciprocal_counterevidence	2:102	21:39		no value	21:39	2:102	2:102	cross_surah	label_target_note	ranked_review	The account of sorcery and its harmful teaching does not clarify the focus ayah.	focus_21_39_cutoff_100.tsv	82	66f1e393e3211eac3e88b7bc2e764a8bd0fa8c657fefce73ad6aa06b25fc913e
reciprocal_counterevidence	2:102	21:41		no value	21:41	2:102	2:102	cross_surah	label_target_note	ranked_review	The account of magic and harmful learning is unrelated to the focus pattern.	focus_21_41_cutoff_100.tsv	74	8b353649b090d7dc860d2ccb24600947fd7e9eeeb122bd7228af72e5d9bc1375
reciprocal_counterevidence	2:102	21:44		no value	21:44	2:102	2:102	cross_surah	label_target_note	ranked_review	The account of magic and its harms does not clarify the focus ayah.	focus_21_44_cutoff_100.tsv	92	7e55e4fb6f319c30b439c74ec6de94bec8eeb48a9462d44f52467e2c2625c223
reciprocal_counterevidence	2:102	21:49		no value	21:49	2:102	2:102	cross_surah	label_target_note	ranked_review	The account of sorcery and temptation has no focused marginal connection to 21:49.	focus_21_49_cutoff_100.tsv	96	32e40e0168e9fefdc0076a34dcdd0f0145b3e4a138df132c9b0fe91dad95594b
reciprocal_nomination	2:102	21:54		weak	21:54	2:102	2:102	cross_surah	label_target_note	ranked_review	Its account of harmful magic offers only a broad warning about corrupt practice, without a close relation to the focus.	focus_21_54_cutoff_100.tsv	98	e4b1f79abc4ccc13013f13257d73332921866bf6331396b9634a8976f959c92b
reciprocal_counterevidence	2:102	21:58		no value	21:58	2:102	2:102	cross_surah	label_target_note	ranked_review	The account of magic and its harms does not clarify the broken-idol evidence scene.	focus_21_58_cutoff_100.tsv	96	fcedcae8b8ace45260955c51637c956ae80e435a29613967f474c0a1f4bf8e57
reciprocal_counterevidence	2:102	21:59		no value	21:59	2:102	2:102	cross_surah	label_target_note	ranked_review	The account of magic and its harms does not clarify the attribution of the idol-breaking act.	focus_21_59_cutoff_100.tsv	92	71ac12d6f1d159f013d63a3a320bfa28efc3faca217e2e1278da744f1d74fb41
reciprocal_counterevidence	2:102	21:63		no value	21:63	2:102	2:102	cross_surah	label_target_note	ranked_review	The account of magic and its harms does not clarify the idol test.	focus_21_63_cutoff_100.tsv	94	76ff2fd8f2c27882ff4b2084ceff96d4e86cd18595c0029bc63c357f0894ff90
reciprocal_nomination	2:102	21:66		weak	21:66	2:102	2:102	cross_surah	label_target_note	ranked_review	Magic's harm and lack of benefit are restricted by God's permission, but the subject is not idol worship.	focus_21_66_cutoff_100.tsv	45	e40e646fd628112678831ea2a1609f355ab5232122165a31c1abc3b3d1cbb9c3
reciprocal_counterevidence	2:102	21:72		no value	21:72	2:102	2:102	cross_surah	label_target_note	ranked_review	The account of sorcery in Solomon's kingdom has no focused inter-ayah value.	focus_21_72_cutoff_100.tsv	94	16888e7ecb28992bbf12d87d0cf30b737b5f5a054f57f7c9b45846404c576184
reciprocal_nomination	2:102	21:79		weak	21:79	2:102	2:102	cross_surah	label_target_note	ranked_review	Its mention of Solomon and teaching is bound to a contrary account of magic.	focus_21_79_cutoff_100.tsv	78	a2f8e77ce4285c6e2864a6b0818db72a30c3ac22730797d636ec3681c79576e9
reciprocal_nomination	2:102	21:82		strong	21:82	2:102	2:102	cross_surah	label_target_note	ranked_review	Süleyman ve şeytanları aynı bağlamda anıp şeytanların bağımsız ahlaki sorumluluğunu belirtmesi, 21:82'nin öznesini ve yetki sınırını doğrudan aydınlatır.	focus_21_82_cutoff_100.tsv	4	12090ab8b133b550f405abf5f7bf278141dec34700ba3b815d03b98375efb34d
reciprocal_counterevidence	2:102	21:97		no value	21:97	2:102	2:102	cross_surah	label_target_note	ranked_review	The account of magic and its harmful learning does not materially clarify the focus.	focus_21_97_cutoff_100.tsv	95	1310af94cd8e08bce6fc2cac30f9b7c0070455910ef4f4b72a0d3fc101aca680
reciprocal_nomination	2:102	21:111		weak	21:111	2:102	2:102	cross_surah	label_target_note	ranked_review	Calls an instruction a trial, but its detailed magic context adds little to the focus.	focus_21_111_cutoff_100.tsv	39	c8c1b833db350d61576aa9e3469ccd08f0cd186366248a75bcc10611b0d3affb
reciprocal_counterevidence	2:102	22:2		no value	22:2	2:102	2:102	cross_surah	label_target_note	ranked_review	The magic narrative does not clarify the focus's explicit denial of literal intoxication.	focus_22_2_cutoff_100.tsv	88	a1474fefdee1c42cbd1f1d41ff822645ccf4ef22a75ca94340fb91e962c8785b
reciprocal_nomination	2:102	22:3		strong	22:3	2:102	2:102	cross_surah	label_target_note	ranked_review	It explicitly says people followed what devils recited and contrasts harmful learning with real knowledge.	focus_22_3_cutoff_100.tsv	90	6b86465e03e793fe645969f67e6f0e7e2186b1771eb7780688e8f83a15cc0ff4
reciprocal_nomination	2:102	22:4		medium	22:4	2:102	2:102	cross_surah	label_target_note	ranked_review	Following what devils recite brings harmful knowledge and loss in the Hereafter, a secondary Satanic-following parallel.	focus_22_4_cutoff_100.tsv	91	2b2503f5cc1cdff797d0513d3710e46ed46534436372361370c65534a51e32f8
reciprocal_nomination	2:102	22:11		weak	22:11	2:102	2:102	cross_surah	label_target_note	ranked_review	It calls a disclosure a trial and contrasts harmful, unprofitable choice with the Hereafter, but its case is distinct.	focus_22_11_cutoff_100.tsv	61	172100b72d78b1b18251d656f7cf2f22f965a99760e6b7f36b2261e3a32bb8ad
reciprocal_nomination	2:102	22:12		weak	22:12	2:102	2:102	cross_surah	label_target_note	ranked_review	The harm and benefit of magic concern human acts rather than the incapacity of invoked objects.	focus_22_12_cutoff_100.tsv	82	7b6c8f9dcb2620587bef04a42e3a60297f361a4ba9d3c0a0fed60d06704f2c62
reciprocal_nomination	2:102	22:13		medium	22:13	2:102	2:102	cross_surah	label_target_note	ranked_review	It joins harm without benefit to a chosen destructive practice, adding an outcome-based parallel without the patronage relation.	focus_22_13_cutoff_100.tsv	31	f33e231304c890e1083281aa9bee0a9c243c6112280b0586d191225f38fc79f9
reciprocal_nomination	2:102	22:15		weak	22:15	2:102	2:102	cross_surah	label_target_note	ranked_review	Satanic teaching and harm only by God's permission offer a broad constraint on hostile powers.	focus_22_15_cutoff_100.tsv	91	7e954b3e21154f7c03b5d42fa3c9355072ee816dbac11a2b2735f9442595d61d
reciprocal_counterevidence	2:102	22:20		no value	22:20	2:102	2:102	cross_surah	label_target_note	ranked_review	The account of magic and its harm does not clarify the focus's punishment.	focus_22_20_cutoff_100.tsv	88	56481f83a2f8ee30f540a52f550ea7d5348ba2cbe6c23d514c3d5c27c48ce595
reciprocal_counterevidence	2:102	22:22		no value	22:22	2:102	2:102	cross_surah	label_target_note	ranked_review	The account of sorcery and disbelief does not explain the Fire's confinement or return.	focus_22_22_cutoff_100.tsv	99	d35a4c90001b936b922fad08bd105c5ac70c1e2fcf03b5adb95b493e9c68ee43
reciprocal_counterevidence	2:102	22:23		no value	22:23	2:102	2:102	cross_surah	label_target_note	ranked_review	No clear contribution to the focus.	focus_22_23_cutoff_100.tsv	98	b62f2ec3fcc26800b7e401c747a423358bbbf9cdb90adc3a8d31227ede37b490
reciprocal_nomination	2:102	22:31		weak	22:31	2:102	2:102	cross_surah	label_target_note	ranked_review	Its harmful magic and separation concern a different source of misguidance, without the focus's association or fall.	focus_22_31_cutoff_100.tsv	93	2021faf235916fd04d0941383c90c0f67f98840f5bac84cf4d17b68b9918dbb2
reciprocal_nomination	2:102	22:33		weak	22:33	2:102	2:102	cross_surah	label_target_note	ranked_review	Its distinction between harm and benefit offers only a remote ethical contrast.	focus_22_33_cutoff_100.tsv	51	984d6622b55d7d5b7f65c906e705660e782aec80b42fd5924165fb89092d6825
reciprocal_nomination	2:102	22:39		weak	22:39	2:102	2:102	cross_surah	label_target_note	ranked_review	It limits harm to God's permission, offering a distant counterpart to power that is not independently exercised.	focus_22_39_cutoff_100.tsv	9	e635c4656e0c40b6a30c145749abe646f31fb7d2134b1e0ae28d8188f2d2d643
reciprocal_nomination	2:102	22:52		medium	22:52	2:102	2:102	cross_surah	label_target_note	missing_ayah_suggestion	It depicts devils reciting and teaching corrupt material, a distinct satanic counter-model to authentic prophetic revelation.	focus_22_52_cutoff_100.tsv	138	3f743607c79779c70d3f2cf4888fdd1dab9306e36f7d0c782a8586f582b03713
reciprocal_counterevidence	2:102	22:70		no value	22:70	2:102	2:102	cross_surah	label_target_note	ranked_review	The account of magic and harmful learning does not clarify divine comprehensive knowledge.	focus_22_70_cutoff_100.tsv	99	95039d7c7bb0a06ae3b51aeb9c759ce673840fdd0a8927b0ef3969f6166d8c12
reciprocal_counterevidence	2:102	22:75		no value	22:75	2:102	2:102	cross_surah	label_target_note	ranked_review	The account of magic and the two angels does not explain the focus's messenger-selection statement.	focus_22_75_cutoff_100.tsv	97	6d9fa903aae7d6e3f87c5e063dc79ca62a28d6bd4c6a76a5efc909f678616d2d
reciprocal_nomination	2:102	22:76		weak	22:76	2:102	2:102	cross_surah	label_target_note	ranked_review	Knowledge and harmful learning appear in a long account without closely developing divine comprehensive knowledge or return.	focus_22_76_cutoff_100.tsv	89	80782d463b057f2479e19fe4040c4329bf1df9cedcf5a76bf87ace45df572efe
reciprocal_counterevidence	2:102	23:5		no value	23:5	2:102	2:102	cross_surah	label_target_note	ranked_review	The account of magic and marital separation does not establish the focus's boundary.	focus_23_5_cutoff_100.tsv	95	46a02d978e7d810fd15f124762f82def3370acb79d392ffbe13da43fde26d534
reciprocal_counterevidence	2:102	23:10		no value	23:10	2:102	2:102	cross_surah	label_target_note	ranked_review	Its rejection of magic attributed to Solomon does not clarify the inheritors or their reward.	focus_23_10_cutoff_100.tsv	99	0737b85b1dab123cd0b7c10d2d93d63411deabb9d5d24277a7f024a1060de27a
reciprocal_nomination	2:102	23:25		weak	23:25	2:102	2:102	cross_surah	label_target_note	ranked_review	Its distinction between harmful magic and warning touches hostile misattribution, but is too distant from the madness charge.	focus_23_25_cutoff_100.tsv	73	a610f1997fa38f680365d93bbc2c8dee1c9edae5116b41b9e220388afe36258d
reciprocal_nomination	2:102	23:38		weak	23:38	2:102	2:102	cross_surah	label_target_note	ranked_review	The account of illicit teaching and magic is too indirect to explain this claim about a messenger's revelation.	focus_23_38_cutoff_100.tsv	43	7d1b9549d009f015c4ff3b962767bd4b2bb7efdf1030e86c543fd52357c45614
reciprocal_counterevidence	2:102	23:49		no value	23:49	2:102	2:102	cross_surah	label_target_note	ranked_review	Its sorcery and false teaching passage has no material connection to Musa's given Book as guidance.	focus_23_49_cutoff_100.tsv	99	0b40c73ea3c32892b105e6ea541b86cecedd6b3837bc796067e2c2a58bbd5b60
reciprocal_nomination	2:102	23:63		weak	23:63	2:102	2:102	cross_surah	label_target_note	ranked_review	Learning harmful magic despite knowledge offers a secondary case of knowingly pursuing damaging action.	focus_23_63_cutoff_100.tsv	99	8689d77d002882b9978b714c515018e7e3f71f0daf61a7e23a113f22534ae67d
reciprocal_nomination	2:102	23:67		weak	23:67	2:102	2:102	cross_surah	label_target_note	ranked_review	The false teaching of magic provides a distant parallel to corrupt discourse, but does not explain the focus's relation to recited signs.	focus_23_67_cutoff_100.tsv	74	6834d80d16bcb1966324757f70eb674ca02b147187d8ae43242439a042517973
reciprocal_counterevidence	2:102	23:69		no value	23:69	2:102	2:102	cross_surah	label_target_note	ranked_review	The account of magic and disbelief does not explain recognition of a messenger.	focus_23_69_cutoff_100.tsv	99	308c58f2895f8faac5fc521681977459551c6d3812e540e440957ee346ef0f60
reciprocal_nomination	2:102	23:89		weak	23:89	2:102	2:102	cross_surah	label_target_note	ranked_review	The account of harmful magic concerns a different subject and only loosely relates to the focus's bewitchment language.	focus_23_89_cutoff_100.tsv	54	3334b336d3e06e6e7b1474296efb9c2dad51cd42eef5f476f2cb8ea5fc203cf6
reciprocal_nomination	2:102	23:106		weak	23:106	2:102	2:102	cross_surah	label_target_note	ranked_review	Following devils' harmful teaching gives a possible route into error, but does not directly interpret the focus's confession.	focus_23_106_cutoff_100.tsv	99	426e2a652e926ac3f28292f888d59f52f31a5cf582ef0837379de7c3d1c50bca
reciprocal_nomination	2:102	24:2		weak	24:2	2:102	2:102	cross_surah	label_target_note	ranked_review	Its harmful separation of spouses is not the zina offense or its adjudication.	focus_24_2_cutoff_100.tsv	79	3e80c2f935a4db9accc629145b765092e2828a27345b058cfee1f604300ce0ce
reciprocal_counterevidence	2:102	24:8		no value	24:8	2:102	2:102	cross_surah	label_target_note	ranked_review	Eşleri ayıran sihir anlatısı, karşı şehadet veya dört tanık düzenini açıklamaz.	focus_24_8_cutoff_100.tsv	93	e69b6f52c7add6e69edee094f557e299faa418485e523a8976e22177b7259ed6
reciprocal_nomination	2:102	24:9		weak	24:9	2:102	2:102	cross_surah	label_target_note	ranked_review	It concerns knowledge used to separate spouses and its harmful effects, but not the truth-testing or oath mechanism of 24:9.	focus_24_9_cutoff_100.tsv	93	f3d7039229fa397bdc51723e08a62103b28a4ba4b54c7fdfb102fa0c3ffdebc0
reciprocal_nomination	2:102	24:12		medium	24:12	2:102	2:102	cross_surah	label_target_note	ranked_review	Rejects a false attribution to Solomon and distinguishes it from harmful teaching, illustrating the correction of a damaging claim.	focus_24_12_cutoff_100.tsv	97	af5d5bfda57ea48b5276e13cb22113d78c483029b529ca1ff3935ce67092ad3f
reciprocal_nomination	2:102	24:13		weak	24:13	2:102	2:102	cross_surah	label_target_note	ranked_review	Its account of false teachings and warnings is too remote from the focus's proof requirement.	focus_24_13_cutoff_100.tsv	99	284ea41da641fc70d509efded19b2e51534aacbaa6c9579d031d9f291bb66329
reciprocal_nomination	2:102	24:19		weak	24:19	2:102	2:102	cross_surah	label_target_note	ranked_review	Describes learning what separates spouses and harms without benefit, a distant social-harm parallel.	focus_24_19_cutoff_100.tsv	93	911b7e1d8c5a7cb8f713e2708166e70b0a0db4ba1a05dd852086a72dffefa8b1
reciprocal_nomination	2:102	24:21		weak	24:21	2:102	2:102	cross_surah	label_target_note	ranked_review	Following what devils recite gives a broad example of harmful satanic attachment.	focus_24_21_cutoff_100.tsv	34	23af2c47cb498b7cb1254e9e6d27f0762964cab41e65e265f3fa8ee570a80ad2
reciprocal_nomination	2:102	24:28		weak	24:28	2:102	2:102	cross_surah	label_target_note	ranked_review	Harm occurs only by God's permission, a broad authorization principle with little direct relevance to a home's threshold.	focus_24_28_cutoff_100.tsv	73	ac4573030363f19b7488339d8163603ebd50f0d58b5bfe9409e5d33500aa11ea
reciprocal_counterevidence	2:102	24:29		no value	24:29	2:102	2:102	cross_surah	label_target_note	ranked_review	The account of magic and marital harm does not clarify entry into uninhabited houses.	focus_24_29_cutoff_100.tsv	93	7c465130d074b4ba6350798df0f9ad9cb05266afc2c3a3645631c0ba2022ba97
reciprocal_counterevidence	2:102	24:36		no value	24:36	2:102	2:102	cross_surah	label_target_note	ranked_review	The restriction of harmful magic by divine permission does not clarify the focus's worship or domestic order.	focus_24_36_cutoff_100.tsv	95	bb71ce4262b4db51ade3694e67c546f855ca16d3e7d4425ffe86e8f0bc0e1b09
reciprocal_counterevidence	2:102	24:41		no value	24:41	2:102	2:102	cross_surah	label_target_note	ranked_review	Sihir ogretimi ve zarar verme, kuslarin tesbihi veya varliklara ozgu ibadetle ilgili degildir.	focus_24_41_cutoff_100.tsv	95	96f33b3978f260442344d107632db4299cb5ac95b56dd39caa91900c2519790c
reciprocal_nomination	2:102	24:57		weak	24:57	2:102	2:102	cross_surah	label_target_note	ranked_review	It condemns disbelief and loss in the Hereafter but does not specify evasion or the Fire's destination.	focus_24_57_cutoff_100.tsv	58	9d78170a615a2b860e5dc214788b772e805296f39e9f56ce39d297379e726830
reciprocal_counterevidence	2:102	24:58		no value	24:58	2:102	2:102	cross_surah	label_target_note	ranked_review	The limits on harm from sorcery do not clarify privacy or the three timed permissions.	focus_24_58_cutoff_100.tsv	57	46871df713257f5e4d11e7c757a7464a361bf2dcb875f0dbb70221197dad057d
reciprocal_counterevidence	2:102	24:59		no value	24:59	2:102	2:102	cross_surah	label_target_note	ranked_review	Concerns magic and its harms, not a life-stage change in household permission.	focus_24_59_cutoff_100.tsv	3	bed81648ee86c94ec7579e847886f64bebd6422d9bcd33ee50a67f0a4ae48561
reciprocal_counterevidence	2:102	24:62		no value	24:62	2:102	2:102	cross_surah	label_target_note	ranked_review	Its account of harmful teaching and temptation does not add to the focus's collective procedure.	focus_24_62_cutoff_100.tsv	79	837f4af2ddd90ce55816dd7a767195103b16a3b7a9adfd2cc40047bf9d6e71a8
reciprocal_nomination	2:102	25:8		weak	25:8	2:102	2:102	cross_surah	label_target_note	ranked_review	Magic here is an ethical and instructional subject, not the hostile label applied to the messenger.	focus_25_8_cutoff_100.tsv	24	dfd20f46debd22ff0fb14148f0a3ccca36db3beb85e03e297de034be2ee1333b
reciprocal_counterevidence	2:102	25:31		no value	25:31	2:102	2:102	cross_surah	label_target_note	ranked_review	The account of magic and harmful learning does not clarify the focus's guidance or help statement.	focus_25_31_cutoff_100.tsv	91	342215c6645a268a6e1f7de5939e5e8f8bbb0a2280d3c85bbeb5fd72720f1302
reciprocal_nomination	2:102	25:55		weak	25:55	2:102	2:102	cross_surah	label_target_note	ranked_review	It contrasts false practice that harms without benefit, but does not address worship or misplaced support directly.	focus_25_55_cutoff_100.tsv	10	d889fc2ce2e80477ec0255b5345882b41e939b27ac2e73278489c10622668d38
reciprocal_counterevidence	2:102	25:67		no value	25:67	2:102	2:102	cross_surah	label_target_note	ranked_review	The account of sorcery and harmful learning does not clarify measured spending.	focus_25_67_cutoff_100.tsv	94	f09bafe687c3d9eff59a34b6fafb36e682a9a492ef2cd7fce9e191fc6d23d294
reciprocal_nomination	2:102	25:70		weak	25:70	2:102	2:102	cross_surah	label_target_note	ranked_review	Harmful knowledge and marital division are contrary material without a return-and-repair route.	focus_25_70_cutoff_100.tsv	99	077e0c07b9b3040150b8040c43fe681fa10cd46160cac506070ca541b97de495
reciprocal_counterevidence	2:102	26:18		no value	26:18	2:102	2:102	cross_surah	label_target_note	ranked_review	The account of magic and its harms does not add to Pharaoh's claim of past nurture.	focus_26_18_cutoff_100.tsv	94	757779b2512d72e3c93268d88fa53b86dea0ea9c008e05832cac1b64e267799d
reciprocal_nomination	2:102	26:19		weak	26:19	2:102	2:102	cross_surah	label_target_note	ranked_review	Its complex account of disbelief and harmful learning lacks the focus's patronage or deed framing.	focus_26_19_cutoff_100.tsv	100	273d6d8515e48a4f8a99ef19276a6946c8d795bc3f8def596063836d7df3f9eb
reciprocal_nomination	2:102	26:37		medium	26:37	2:102	2:102	cross_surah	label_target_note	missing_ayah_suggestion	Explicit magic instruction supplies a broader conceptual counterpart, though not Pharaoh's recruitment scene.	focus_26_37_cutoff_100.tsv	101	faf6cf36f344bae53cbe6ee657414dd9af481421ccc86cfdc0b7d710bfee40ad
reciprocal_nomination	2:102	26:40		medium	26:40	2:102	2:102	cross_surah	label_target_note	ranked_review	Magic, following, and disbelief occur together, but in a different narrative and doctrinal setting.	focus_26_40_cutoff_100.tsv	40	4ec94eecf88ba517f87fcf0ec614f8cef5a301cb65d42755423203f4370ed50f
reciprocal_nomination	2:102	26:46		weak	26:46	2:102	2:102	cross_surah	label_target_note	ranked_review	It concerns teaching harmful magic generally, not the magicians' recognition of Musa's sign.	focus_26_46_cutoff_100.tsv	79	fc3b95b504384490b1c23f630c1f0a0d09d99223318b82bd8867dc976e75d71d
reciprocal_nomination	2:102	26:49		medium	26:49	2:102	2:102	cross_surah	label_target_note	ranked_review	Its account of teaching harmful magic contrasts with Pharaoh's false claim that Moses taught the magicians.	focus_26_49_cutoff_100.tsv	43	90d177f562b3c7d4784d17964c790209ab1f06a23de0807cc3426ee0d38bba66
reciprocal_nomination	2:102	26:60		weak	26:60	2:102	2:102	cross_surah	label_target_note	ranked_review	Following demonic teaching is a distinct moral sense of following with no dawn or pursuit detail.	focus_26_60_cutoff_100.tsv	65	046d72dd2cb257a99783840d46432920ce208bde3817b3865888b86634704434
reciprocal_counterevidence	2:102	26:61		no value	26:61	2:102	2:102	cross_surah	label_target_note	ranked_review	The account of magic teaching is unrelated to the sea pursuit.	focus_26_61_cutoff_100.tsv	96	01556cc44f231cf8445d8c66eb115da1f1e9b29d07b7d1bff40454b21fadc5f1
reciprocal_nomination	2:102	26:63		weak	26:63	2:102	2:102	cross_surah	label_target_note	ranked_review	Harmful separation through magic contrasts remotely with the staff's true divine authority.	focus_26_63_cutoff_100.tsv	54	5bd2f400b3ebd8bc551af3840ee0aeefccec5d98b53c5c56a7f4c4ca2dd11f3c
reciprocal_nomination	2:102	26:64		weak	26:64	2:102	2:102	cross_surah	label_target_note	ranked_review	Its loss of a share in the Hereafter is a remote punishment theme without the focus's narrative structure.	focus_26_64_cutoff_100.tsv	88	4e60912d81e975e05f7ada4748cd75a3dbb477a58fee3b08d02f6e9652426210
reciprocal_nomination	2:102	26:70		weak	26:70	2:102	2:102	cross_surah	label_target_note	ranked_review	Its harm-and-benefit language concerns magic and false teaching, not the worship inquiry.	focus_26_70_cutoff_100.tsv	99	956a793541e92e6fadbde667ae07b47a330c0ecea60462230e79ecabd3393b06
reciprocal_nomination	2:102	26:73		weak	26:73	2:102	2:102	cross_surah	label_target_note	ranked_review	The verse contrasts harmful and unbeneficial magic, not the efficacy claimed for idols.	focus_26_73_cutoff_100.tsv	48	1b9b62308636274c9680b61bcdf9a316233c1b5bb7fe3624d8ca0ea5f1372f61
reciprocal_nomination	2:102	26:89		medium	26:89	2:102	2:102	cross_surah	label_target_note	ranked_review	What harms and does not benefit contrasts with the focus's question of what benefits on the final day.	focus_26_89_cutoff_100.tsv	85	f495677ea5129acdff0ed479b552b280218ca9ba185923d29b67d79b622e6242
reciprocal_nomination	2:102	26:101		weak	26:101	2:102	2:102	cross_surah	label_target_note	ranked_review	Its account of harmful magic separating spouses gives only a limited relational contrast to the focus.	focus_26_101_cutoff_100.tsv	77	c31df35c620e49b6566793394c97dbf25ca65d7d3f891755847bd0a8190bf1a7
reciprocal_counterevidence	2:102	26:105		no value	26:105	2:102	2:102	cross_surah	label_target_note	ranked_review	The account of magic and harmful learning does not clarify Noah's people's denial of messengers.	focus_26_105_cutoff_100.tsv	97	2c0d21e671a6f984020f5fe0d3d73333eb0cd694a2fb2b1ce36bc24978d861c1
reciprocal_nomination	2:102	26:136		weak	26:136	2:102	2:102	cross_surah	label_target_note	ranked_review	No direct warning-equality or denial-ending contribution.	focus_26_136_cutoff_100.tsv	95	c6e53b2007d682d6dd16d24bdfb861f74ac973c6e818614bb29502b8a546ef0c
reciprocal_counterevidence	2:102	26:138		no value	26:138	2:102	2:102	cross_surah	label_target_note	ranked_review	Its account of sorcery and harm does not clarify the focus.	focus_26_138_cutoff_100.tsv	61	32b2446f0f032113bdeac09b94c8c583a9c89e340b0e1da1eb2e714895d2bbd9
reciprocal_counterevidence	2:102	26:147		no value	26:147	2:102	2:102	cross_surah	label_target_note	ranked_review	The account of magic and harmful learning does not clarify the focus's gardens and springs.	focus_26_147_cutoff_100.tsv	99	59f2d9f8aac805d81d56c874f1d585c554aaced31fda817470d0efd7515d8857
reciprocal_nomination	2:102	26:153		medium	26:153	2:102	2:102	cross_surah	label_target_note	missing_ayah_suggestion	Sihri öğrenme ve onunla zarar verme anlatısı, 26:153'teki büyülenmiş etiketinin başvurduğu kategorinin gerçek zarar ile nasıl karıştırılabildiğini gösterir.	focus_26_153_cutoff_100.tsv	101	538f141439c39b821dab25bdffa280ed590ac658e0e1a6ed04989738566c01cc
reciprocal_counterevidence	2:102	26:155		no value	26:155	2:102	2:102	cross_surah	label_target_note	ranked_review	Following demonic teaching is unrelated to the allocation scene.	focus_26_155_cutoff_100.tsv	94	ca20fe25d4de3b3fc597f3b26c3638de07bb45003978abef3fcec3d65bf6e8e8
reciprocal_nomination	2:102	26:165		weak	26:165	2:102	2:102	cross_surah	label_target_note	ranked_review	The harmful separation of a man from his spouse indirectly highlights the marital bond.	focus_26_165_cutoff_100.tsv	95	e97728b7d4fc208a11157325a458dd4ad954cde6e45c069680773c52db4c8f34
reciprocal_counterevidence	2:102	26:171		no value	26:171	2:102	2:102	cross_surah	label_target_note	ranked_review	Teaching magic and marital separation do not clarify the focal exception.	focus_26_171_cutoff_100.tsv	83	3252cea61e6228af7d5fbd96d02151bfbb600939ec5f7bce1cc79881bd826b9a
reciprocal_nomination	2:102	26:172		weak	26:172	2:102	2:102	cross_surah	label_target_note	ranked_review	Forfeiting a final share through harmful practice gives only a remote consequence frame.	focus_26_172_cutoff_100.tsv	74	8e3561445c17d9cb3cde03db42b08222bd47a01b656c1e2833a60cbc799f4047
reciprocal_counterevidence	2:102	26:182		no value	26:182	2:102	2:102	cross_surah	label_target_note	ranked_review	The account of magic and disbelief does not clarify the balance.	focus_26_182_cutoff_100.tsv	78	e479f6ca1a059c90547e59bf9d2d7573ec5c524b4189ffed23073cda52be93cd
reciprocal_nomination	2:102	26:183		weak	26:183	2:102	2:102	cross_surah	label_target_note	ranked_review	Harmful knowledge and family separation are only an indirect social-injury parallel.	focus_26_183_cutoff_100.tsv	82	c38a80de7f462b72057adedf74e3a540e7426fdc1ff607f60d0a02f1e4c00728
reciprocal_counterevidence	2:102	26:187		no value	26:187	2:102	2:102	cross_surah	label_target_note	ranked_review	The account of magic does not clarify the sky-demand or truth challenge.	focus_26_187_cutoff_100.tsv	94	28a9645470666ed556aa3b461d8f5fa01fc56545375c993309deb6ff9f63d4bd
reciprocal_counterevidence	2:102	26:197		no value	26:197	2:102	2:102	cross_surah	label_target_note	ranked_review	The account of magic and harmful teaching does not clarify the focus.	focus_26_197_cutoff_100.tsv	67	9242db7ccb68e6d0141664cd1c2d03d9783e22bd9c1b53f26566d739bdc58c58
reciprocal_nomination	2:102	26:210		strong	26:210	2:102	2:102	cross_surah	label_target_note	ranked_review	It distinguishes satanic teachings and magic from legitimate revelation, sharpening the source boundary.	focus_26_210_cutoff_100.tsv	10	64c2d4bb42656a8c8d47d60f8fa7f1ade2e709866acda0dfb285f51e68cd5aa9
reciprocal_nomination	2:102	26:211		strong	26:211	2:102	2:102	cross_surah	label_target_note	ranked_review	It explicitly associates devils with teaching sorcery while distinguishing that from Solomon, sharply separating demonic practice from revelation.	focus_26_211_cutoff_100.tsv	94	b921ffe5e78b8e4c856b47435bafb9f6f1263fb2996abba1910b8a28b08146c9
reciprocal_nomination	2:102	26:212		medium	26:212	2:102	2:102	cross_surah	label_target_note	missing_ayah_suggestion	The devils' teaching of harmful magic shows another false knowledge-transmission route, contrasting with the protected revelatory source.	focus_26_212_cutoff_100.tsv	120	883c3f912b71823d89c964b8eee03fa457599229413a38e0c2776dae5adb13f0
reciprocal_nomination	2:102	26:221		strong	26:221	2:102	2:102	cross_surah	label_target_note	ranked_review	Şeytanların öğrettiği sihir ile indirilen şeyin karıştığı anlatı, sahte aktarım ve zararlı alıcıyı yakından işler.	focus_26_221_cutoff_100.tsv	28	4a99c1cdf39ba96e106619e2d80b8bcb94865d9c27c5f79d61d541afe0aed055
reciprocal_nomination	2:102	26:222		strong	26:222	2:102	2:102	cross_surah	label_target_note	missing_ayah_suggestion	Devils teach people magic and are identified with disbelief, directly linking devils, corrupt communication, and sin.	focus_26_222_cutoff_100.tsv	119	13af9edfb0cb3cfea3326f31faae4fedf5fa3ec708c033ac3f7c745d7c9809f8
reciprocal_nomination	2:102	26:225		medium	26:225	2:102	2:102	cross_surah	label_target_note	ranked_review	Following devils' harmful teaching provides a broader pattern of people led by deceptive speech.	focus_26_225_cutoff_100.tsv	98	4e5d0b3a9e01d0ad61b3efc15008a3df1749bdb7d7a803dc6bbe12ee92331598
reciprocal_nomination	2:102	27:13		medium	27:13	2:102	2:102	cross_surah	label_target_note	missing_ayah_suggestion	Supplies a broader Qur'anic account of magic as a harmful and deceptive practice, sharpening the contrast with God's signs.	focus_27_13_cutoff_100.tsv	101	3a7f0c7653c9e5d673b5f138912137465639f7f6c8eb6b75e82a695427142fa4
reciprocal_nomination	2:102	27:14		medium	27:14	2:102	2:102	cross_surah	label_target_note	ranked_review	People knowingly choose harmful magic, illustrating knowledge joined to self-damaging disbelief.	focus_27_14_cutoff_100.tsv	99	b71ada19ef0b4b739caedeb66d0c65ef3db3486f930a3c261015f109c8a3fc3d
reciprocal_nomination	2:102	27:16		medium	27:16	2:102	2:102	cross_surah	label_target_note	ranked_review	Solomon's kingdom and teaching are explicitly distinguished from corrupt teaching, protecting the nature of his gift.	focus_27_16_cutoff_100.tsv	43	93919d926cb74f2efec42cd03b3872e128e0548c3cb036acf4c37b8d5c69527a
reciprocal_counterevidence	2:102	27:18		no value	27:18	2:102	2:102	cross_surah	label_target_note	ranked_review	The account of sorcery under Solomon does not clarify the focus's warning, shelter, or unperceived injury.	focus_27_18_cutoff_100.tsv	34	786e39d0ae39312bbacf4556fb4a3989c273e692941aa8992adc92596b8d4b2d
reciprocal_nomination	2:102	27:30		weak	27:30	2:102	2:102	cross_surah	label_target_note	ranked_review	Süleyman'ın hükümranlığı hakkındaki sihir anlatısı, mektubun başlığını veya talebini açıklamaz.	focus_27_30_cutoff_100.tsv	30	28c3e079fe769c5dcd22c626d3acdbd8ad248f1df590c1f13d863ac783a60aba
reciprocal_nomination	2:102	27:38		weak	27:38	2:102	2:102	cross_surah	label_target_note	ranked_review	Süleyman'ın hükümranlığı çevresindeki sihir suçlamasının reddi, odaktaki tahtın naklini veya kraliçenin tanımasını açıklamaz.	focus_27_38_cutoff_100.tsv	91	2acdca46de99b23b0ee54c01f9be88a412b6e58c47d6395061f178bddbc230f0
reciprocal_nomination	2:102	27:45		medium	27:45	2:102	2:102	cross_surah	label_target_note	ranked_review	Magic is used to separate spouses, a constructed but noncommunal division parallel.	focus_27_45_cutoff_100.tsv	74	72064b9fe62a8e7f74ada809b0edaf207cb4c969a4576c561c859d850721f9c0
reciprocal_nomination	2:102	27:47		weak	27:47	2:102	2:102	cross_surah	label_target_note	ranked_review	Harut ve Marut'un fitnesi öğretim ve sihir bağlamındadır; 27:47'deki uğursuzluk isnadına dolaylı kalır.	focus_27_47_cutoff_100.tsv	45	12d6d55792dcaa9019dec2b84de649b0ec66840d9890d3bdf10bf1d332f30b69
reciprocal_counterevidence	2:102	27:50		no value	27:50	2:102	2:102	cross_surah	label_target_note	ranked_review	The account of magic concerns harmful learning rather than the focus's reciprocal planning.	focus_27_50_cutoff_100.tsv	59	72b1d17290b138b1ffc611e4e50958886d1e92fe135dd87d938911507034e9ef
reciprocal_nomination	2:102	27:66		weak	27:66	2:102	2:102	cross_surah	label_target_note	ranked_review	Knowledge and loss in the afterlife appear, but the verse's warning about magic is not a close link to the focus.	focus_27_66_cutoff_100.tsv	43	3bb75dce7f3bef8500eaae3b592dc24cecbda2f3863aa86898ceda9165b588b7
reciprocal_counterevidence	2:102	27:86		no value	27:86	2:102	2:102	cross_surah	label_target_note	ranked_review	The account of magic and disbelief does not materially clarify the temporal sign.	focus_27_86_cutoff_100.tsv	96	5f024e7b42a550c788938089ad08835030fc03b7581ff3d593a25e8310b6e328
reciprocal_nomination	2:102	28:3		weak	28:3	2:102	2:102	cross_surah	label_target_note	ranked_review	Contrasts harmful satanic recitations with revealed truth only indirectly and is otherwise unrelated.	focus_28_3_cutoff_100.tsv	68	e5d832ffaed236ff295931f63b115a28ac61a82f98eee26eab4684ddb584088a
reciprocal_counterevidence	2:102	28:10		no value	28:10	2:102	2:102	cross_surah	label_target_note	ranked_review	The account of sorcery and its harms does not clarify the focus.	focus_28_10_cutoff_100.tsv	91	94539bbf560e2e7b76091080c4653ba94f24159db92b76175fd83f54327895e8
reciprocal_counterevidence	2:102	28:25		no value	28:25	2:102	2:102	cross_surah	label_target_note	ranked_review	The account of sorcery and harmful learning does not clarify Musa's narration or rescue.	focus_28_25_cutoff_100.tsv	91	99939be7543cf723f1375cc794fce67afb549e624de3bf5e6e4938e596a60257
reciprocal_counterevidence	2:102	28:26		no value	28:26	2:102	2:102	cross_surah	label_target_note	ranked_review	Its account of magic and harmful teaching does not provide a meaningful parallel to selecting a trustworthy worker.	focus_28_26_cutoff_100.tsv	95	38940f6fd3021cacc51ccf861c8abc0bcd2cef07fcf4d0f7418a0795f57d3ef6
reciprocal_nomination	2:102	28:45		weak	28:45	2:102	2:102	cross_surah	label_target_note	ranked_review	The recitation attributed to devils is a contrary and unrelated use of the shared verb.	focus_28_45_cutoff_100.tsv	66	c7d2ac8c904cc31422146eb71c6b00a973aa23b7e9b12378eaa9c7a99140dfac
reciprocal_counterevidence	2:102	28:49		no value	28:49	2:102	2:102	cross_surah	label_target_note	ranked_review	Following demonic teaching is not a useful parallel to testing a divine book by guidance.	focus_28_49_cutoff_100.tsv	70	b4fa2d9b0919a1518a5d56e14e70c0efcbd30da1f8444f68a5ad2a2b857f5f80
reciprocal_counterevidence	2:102	28:51		no value	28:51	2:102	2:102	cross_surah	label_target_note	ranked_review	Teaching magic and the harm it causes do not illuminate the connected divine word.	focus_28_51_cutoff_100.tsv	96	0d35a301e96898c6561bdead1ae2e49e898984511e393ab4be85ac62bf163301
reciprocal_nomination	2:102	28:53		weak	28:53	2:102	2:102	cross_surah	label_target_note	ranked_review	The account of devils' recitation and harmful teaching is a different, negative use of recitation.	focus_28_53_cutoff_100.tsv	93	79ecc6e7a71f09f2044b616576cd60fb351e1a5c3dda0d464ff5f2a9620df58e
reciprocal_counterevidence	2:102	28:67		no value	28:67	2:102	2:102	cross_surah	label_target_note	ranked_review	The account of sorcery and its harms does not materially clarify repentance, faith, or righteous action.	focus_28_67_cutoff_100.tsv	95	43097d1f65b47d9d63cd7a49d1a14845c04981ba8070951f5c7c9237d83cf108
reciprocal_nomination	2:102	28:68		weak	28:68	2:102	2:102	cross_surah	label_target_note	ranked_review	The account of magic and harmful learning offers no distinct creation-or-choice contribution.	focus_28_68_cutoff_100.tsv	97	a8855848e4714080523439f30d7d8dc636db57a3637e0be07665cc5b2dd48363
reciprocal_nomination	2:102	28:74		weak	28:74	2:102	2:102	cross_surah	label_target_note	ranked_review	Sihir ve küfür anlatısı, Allah'ın izni dışında zarar verememe fikrine ancak dolaylı bağlanır.	focus_28_74_cutoff_100.tsv	98	5cec2459601114b3b2a80936b8ff0e5aaec5498a7e7138ea89a7187056de4a6d
reciprocal_nomination	2:102	28:77		weak	28:77	2:102	2:102	cross_surah	label_target_note	ranked_review	Warns that a harmful worldly acquisition leaves no share in the Hereafter.	focus_28_77_cutoff_100.tsv	95	4052ad142dd91eadc6cc4265cffeedaa4d013036931e8053820f5e47728e5f7d
reciprocal_counterevidence	2:102	29:19		no value	29:19	2:102	2:102	cross_surah	label_target_note	ranked_review	The account of magic and its harms does not clarify the focus.	focus_29_19_cutoff_100.tsv	99	11178d5f64deee3bed6a09cc9e8dd8751ab36dd6d283cce722776c0eff0f1906
reciprocal_nomination	2:102	29:47		weak	29:47	2:102	2:102	cross_surah	label_target_note	ranked_review	Its complex account of disbelief and harmful teaching lacks the focus's revelation-recognition structure.	focus_29_47_cutoff_100.tsv	91	51a8d5e68e35c4d6e302808886d8ea39eced5ebdf5e62d135e3d2d0add55f902
reciprocal_nomination	2:102	29:48		medium	29:48	2:102	2:102	cross_surah	label_target_note	ranked_review	It distinguishes false recited attributions about Solomon from truth, materially paralleling the focus's concern with whether words are wrongly assigned to a human source.	focus_29_48_cutoff_100.tsv	43	b82f9f54d2ff5f73f343e8d001102bdb27657067e198f2cf768dd420e61ce714
reciprocal_counterevidence	2:102	29:58		no value	29:58	2:102	2:102	cross_surah	label_target_note	ranked_review	The account of magic and disbelief does not clarify the garden, settlement, or reward.	focus_29_58_cutoff_100.tsv	97	f7eb9c91077b25244951e4d6054c79f6ae1781978bd7d3a4e380d56a9bc486f1
reciprocal_nomination	2:102	29:64		medium	29:64	2:102	2:102	cross_surah	label_target_note	ranked_review	Choosing harmful learning despite losing one's Hereafter share reflects a destructive exchange of final good.	focus_29_64_cutoff_100.tsv	43	239a58aca8d1acc165be9fca0d3d5ceb32bd2b312a658a5b5b8031788526c9ac
reciprocal_nomination	2:102	29:66		weak	29:66	2:102	2:102	cross_surah	label_target_note	ranked_review	The warning not to disbelieve amid harmful knowledge has only a distant relation to the focus.	focus_29_66_cutoff_100.tsv	91	34f5a248fd3d808859530752f9967addccd02d8d1ef7e2b465dcf600c6f2b2e1
reciprocal_nomination	2:102	30:7		strong	30:7	2:102	2:102	cross_surah	label_target_note	ranked_review	It contrasts worldly purchase with having no share in the Hereafter, directly exposing a short-horizon exchange.	focus_30_7_cutoff_100.tsv	46	d611606162b7917a887d1c678622d1d5a33d93f126235b3f4ed4422473ab9332
reciprocal_counterevidence	2:102	30:8		no value	30:8	2:102	2:102	cross_surah	label_target_note	ranked_review	The account of magic and its harms does not clarify the focus's themes.	focus_30_8_cutoff_100.tsv	64	7ef2cce356f9d1ef7c262fc08c3f8e761cb8b2cb789fa0515a07572b2c475653
reciprocal_counterevidence	2:102	30:27		no value	30:27	2:102	2:102	cross_surah	label_target_note	ranked_review	The account of magic and its harms does not clarify divine recreation or highest likeness.	focus_30_27_cutoff_100.tsv	97	7b765559a41ac33e160ef00ddd24fbcf849b5fe1428d2ac405bf3515a7238c9f
reciprocal_nomination	2:102	30:36		weak	30:36	2:102	2:102	cross_surah	label_target_note	ranked_review	It describes people learning what harms rather than benefits them, a distant self-caused harm parallel.	focus_30_36_cutoff_100.tsv	99	d6ac447e5ea6b84934dcf5eb21c2d02a6e36f89f795ca7a50ae0d0e17e305e22
reciprocal_counterevidence	2:102	30:39		no value	30:39	2:102	2:102	cross_surah	label_target_note	ranked_review	The account of magic and harmful learning does not clarify the focus.	focus_30_39_cutoff_100.tsv	79	d84d4e0bba2351c2b32295da4814c881b78e5b3168cdfc000e47287d6c6da579
reciprocal_counterevidence	2:102	30:40		no value	30:40	2:102	2:102	cross_surah	label_target_note	ranked_review	The account of magic and harm by God's permission does not clarify the focus's central argument.	focus_30_40_cutoff_100.tsv	98	97d6ebf13a92af2b3e511c13d5ee5faa1d8983ca38477500129e1dff3feb5b3e
reciprocal_nomination	2:102	31:4		weak	31:4	2:102	2:102	cross_surah	label_target_note	ranked_review	Its warning about harmful learning and forfeiting a Hereafter share is too remote from the focus.	focus_31_4_cutoff_100.tsv	93	81674ccf8c5d43bc731efd63a4949ea80447ad26b6465d16490fbcf47253e0e7
reciprocal_nomination	2:102	31:15		weak	31:15	2:102	2:102	cross_surah	label_target_note	ranked_review	Following harmful occult teaching offers a distant example of misguided following and misused knowledge.	focus_31_15_cutoff_100.tsv	93	e960f801413f175bffeb9ddb69d1ceb68a132b99662b722ebca4b9d74025bb21
reciprocal_counterevidence	2:102	31:16		no value	31:16	2:102	2:102	cross_surah	label_target_note	ranked_review	The account of magic and harm does not clarify the focus.	focus_31_16_cutoff_100.tsv	95	a570b015d63cf3931ff4c13555cb7e4354c9f4bee6c34e661fc271dfc0793e1b
reciprocal_nomination	2:102	31:23		medium	31:23	2:102	2:102	cross_surah	label_target_note	ranked_review	It links disbelief with knowingly pursuing what harms, though it lacks the focus's return-and-disclosure structure.	focus_31_23_cutoff_100.tsv	73	5aee65bd6c06494cf1c4e6131c0bb2d41b946c3a6b36aa58b540a370b4ef39f5
reciprocal_nomination	2:102	31:32		weak	31:32	2:102	2:102	cross_surah	label_target_note	ranked_review	Knowing pursuit of harmful teaching offers only a distant form of culpable disbelief.	focus_31_32_cutoff_100.tsv	97	6a2dccbe983ef78e9f3bc5afdc4a3feb304961a58f34dae4fe814675224533ae
reciprocal_counterevidence	2:102	32:7		no value	32:7	2:102	2:102	cross_surah	label_target_note	ranked_review	Magic and its harms do not develop the focus's creation themes.	focus_32_7_cutoff_100.tsv	95	215170b998c8811f7b4a5a5afbec8220e518d8934fb415c96abbda52d0bc1d44
reciprocal_counterevidence	2:102	32:15		no value	32:15	2:102	2:102	cross_surah	label_target_note	ranked_review	The warning about magic and unbelief does not clarify the focus verse's response to divine signs.	focus_32_15_cutoff_100.tsv	97	94d112fe271f28779f4328ab43a98f7c52b12fbc61e305272a84f44457918644
reciprocal_counterevidence	2:102	32:29		no value	32:29	2:102	2:102	cross_surah	label_target_note	ranked_review	The contrast between harmful and beneficial magic is unrelated to late belief at the decisive day.	focus_32_29_cutoff_100.tsv	52	5e9a9e9a1a6dc66d89011032844b56d75039895eef236bcfac78d6eb0d6d19c4
reciprocal_nomination	2:102	33:4		medium	33:4	2:102	2:102	cross_surah	label_target_note	ranked_review	It depicts harmful teachings that separate a man from his wife, contrasting destructive manipulation with rightly ordered relations.	focus_33_4_cutoff_100.tsv	93	72b8559fdc52cb298b8d8c734906ffe99010e0707ce527e51c2c9824e4942060
reciprocal_nomination	2:102	33:8		weak	33:8	2:102	2:102	cross_surah	label_target_note	ranked_review	Its account of magic and disbelief does not materially clarify the focus after earlier warning parallels.	focus_33_8_cutoff_100.tsv	97	a0b6d908cb931f16515af45de76a9e977a686c0d6ea671faf5d06fa7bcc3cdec
reciprocal_nomination	2:102	33:13		weak	33:13	2:102	2:102	cross_surah	label_target_note	ranked_review	Its warning against harmful division and claims of effect apart from permission only broadly frames false control.	focus_33_13_cutoff_100.tsv	3	59bd20cbd48ed8c99aef9f0ad7623da812bf1c3ad722affc0cdd172a4f93c5aa
reciprocal_nomination	2:102	33:29		weak	33:29	2:102	2:102	cross_surah	label_target_note	ranked_review	Choosing harmful magic forfeits a share in the final life, an inverse value-and-final-consequence example.	focus_33_29_cutoff_100.tsv	97	749451005bcec1b0a862a07c5433f432fbd76f3a6c11d73d6a3be6a775573a81
reciprocal_nomination	2:102	33:36		medium	33:36	2:102	2:102	cross_surah	label_target_note	ranked_review	Following satanic teaching rather than divine limits gives a substantial negative example of misplaced obedience.	focus_33_36_cutoff_100.tsv	93	88ab1ce797fb937a68e40f8ea175a3afe48d343fae995a8efd196d4e211a696d
reciprocal_nomination	2:102	33:40		weak	33:40	2:102	2:102	cross_surah	label_target_note	ranked_review	Süleyman'a yöneltilen isnadı reddeder; yanlış nispetin düzeltilmesine uzak bir paraleldir.	focus_33_40_cutoff_100.tsv	64	0ecebd77090d55144247ff858eac36fc5fa314747af29d47030a917c0cdb6886
reciprocal_nomination	2:102	33:46		weak	33:46	2:102	2:102	cross_surah	label_target_note	ranked_review	Its restriction of harm to God's permission gives only a distant counterpart to the authorized call.	focus_33_46_cutoff_100.tsv	3	0ddeaa457b98a1fd242caac6abee8ac736e5e5a5ae002b608512250c97d0f42b
reciprocal_nomination	2:102	33:49		weak	33:49	2:102	2:102	cross_surah	label_target_note	ranked_review	Magical separation between spouses is a harmful contrast to lawful marital dissolution.	focus_33_49_cutoff_100.tsv	97	1d1737ccfb0e7e0f74ed024757b0f26578212921f3d58a1d017c33b41673584c
reciprocal_nomination	2:102	33:53		weak	33:53	2:102	2:102	cross_surah	label_target_note	ranked_review	Zarar vermenin Allah'in izniyle sinirli oldugunu soyler, fakat ev erisimi veya perde duzenini acmaz.	focus_33_53_cutoff_100.tsv	6	36c52de182eae22aae501650b1f3515160b206b334d4b289f503a5d996ef2b1e
reciprocal_nomination	2:102	33:57		weak	33:57	2:102	2:102	cross_surah	label_target_note	ranked_review	Denies an afterlife share to those choosing harmful occult teaching, only broadly punitive.	focus_33_57_cutoff_100.tsv	93	dfcae22f5d5bb4475318a594ea3003df538970e0d3cc82eb2f89d517a00ce745
reciprocal_counterevidence	2:102	33:61		no value	33:61	2:102	2:102	cross_surah	label_target_note	ranked_review	The extended account of magic and harmful learning does not materially clarify the focus's sanction.	focus_33_61_cutoff_100.tsv	88	cdee1563155b7ad38f46fc686fe482f9a467a25f39e575e92d82e8d4e8a45e4e
reciprocal_counterevidence	2:102	33:62		no value	33:62	2:102	2:102	cross_surah	label_target_note	ranked_review	The account of sorcery and its harm has no usable connection to the stated divine course.	focus_33_62_cutoff_100.tsv	97	27fdb3d3aa09a2230e611f96334b0c39a7b7a899818cc24f64be0396146ddc9e
reciprocal_counterevidence	2:102	33:63		no value	33:63	2:102	2:102	cross_surah	label_target_note	ranked_review	Concerns magic and harm by God's permission rather than the Hour.	focus_33_63_cutoff_100.tsv	58	621d54d769ca350bf3dfb2ecbbe1586fd45e6b5f5f8d76a915c1b9a828b8b43b
reciprocal_counterevidence	2:102	33:66		no value	33:66	2:102	2:102	cross_surah	label_target_note	ranked_review	No supplied local evidence connects this verse to 33:66.	focus_33_66_cutoff_100.tsv	95	b8e0cd6e0ca1dceb3e5e520fa6fad37f6a6b78c9a8b1f2dd937a3668564e5a50
reciprocal_counterevidence	2:102	34:1		no value	34:1	2:102	2:102	cross_surah	label_target_note	ranked_review	The magic narrative lacks a direct route to the focus's themes.	focus_34_1_cutoff_100.tsv	95	362be8f257b75afd8511907c1b3576643d14f7c0486ea1b29eb338a61927457f
reciprocal_counterevidence	2:102	34:3		no value	34:3	2:102	2:102	cross_surah	label_target_note	ranked_review	The account of magic and unbelief does not clarify the focus.	focus_34_3_cutoff_100.tsv	91	a4ba0f99e672155c37a5d044bc4fffbaa9fcdd9decc7eb55b5efb4ec95663a49
reciprocal_nomination	2:102	34:12		medium	34:12	2:102	2:102	cross_surah	label_target_note	ranked_review	Solomon's dominion and the jinn context broaden the figure's authority while contrasting illicit practice.	focus_34_12_cutoff_100.tsv	22	b744323c2b2bfd1dfcba8fe150a23c262fe9a185bfebaa022871369c44a7da0d
reciprocal_nomination	2:102	34:14		strong	34:14	2:102	2:102	cross_surah	label_target_note	ranked_review	Solomon's kingdom, devils, and claims of teaching knowledge provide the closest wider context for the focus's Solomon and jinn scene.	focus_34_14_cutoff_100.tsv	7	90663699ecaa4c896e78a2a17b4759fef8915e7f17776a5c64b0219e1a8158f8
reciprocal_counterevidence	2:102	34:17		no value	34:17	2:102	2:102	cross_surah	label_target_note	ranked_review	Its distinction between Solomon and disbelieving devils in the magic narrative does not clarify the focus's repayment.	focus_34_17_cutoff_100.tsv	95	73f56a26f495f6c5b919fbdb4e33fe90feabc51df3a381eebbbb9751958dcd4e
reciprocal_nomination	2:102	34:23		medium	34:23	2:102	2:102	cross_surah	label_target_note	ranked_review	It shows harm and benefit operating only by Allah's permission, without the intercession setting.	focus_34_23_cutoff_100.tsv	3	847f525abafba001401a798837770569a8ccd65f6068a625fd2e11ea717c2146
reciprocal_counterevidence	2:102	34:36		no value	34:36	2:102	2:102	cross_surah	label_target_note	ranked_review	It concerns forbidden teaching and harmful knowledge, not provision as a measure of worth.	focus_34_36_cutoff_100.tsv	85	653e411641cc253692aa13e66c67f479f4bc91e92c8f00d659a28ae6317a29c5
reciprocal_counterevidence	2:102	34:38		no value	34:38	2:102	2:102	cross_surah	label_target_note	ranked_review	Its account of sorcery and marital division does not materially clarify the focus relation.	focus_34_38_cutoff_100.tsv	94	04835fe1112528e06ba49531ab8d419265f51cc888bb35194ffd83380bf65e14
reciprocal_nomination	2:102	34:40		weak	34:40	2:102	2:102	cross_surah	label_target_note	ranked_review	It links following devils with harmful teaching, but not the focus's gathering and inquiry.	focus_34_40_cutoff_100.tsv	93	4fc1a71baab02ec4bbd63303427f8039802b203ce21ae755f1070a6ed0dd03c0
reciprocal_nomination	2:102	35:2		weak	35:2	2:102	2:102	cross_surah	label_target_note	ranked_review	Harm occurring only by God's permission gives a remote sovereignty parallel.	focus_35_2_cutoff_100.tsv	73	3f97cefa7f993e423a4cd04ff43227102e0f2221f0bbe5da2853d73129bc70f4
reciprocal_nomination	2:102	35:7		medium	35:7	2:102	2:102	cross_surah	label_target_note	ranked_review	It identifies demonic disbelief and describes a harmful choice with no share in the Hereafter.	focus_35_7_cutoff_100.tsv	97	0d8d725a38e026aa6aaaab229528868a6240c140c2b624574caecce32484f78f
reciprocal_counterevidence	2:102	35:12		no value	35:12	2:102	2:102	cross_surah	label_target_note	ranked_review	-	focus_35_12_cutoff_100.tsv	99	9bd8ca1dff58d236f1a7568e5b3be82cd39e2860221ad1448179deafe75c1778
reciprocal_counterevidence	2:102	35:13		no value	35:13	2:102	2:102	cross_surah	label_target_note	ranked_review	Sihir ogretimi ve Suleyman'in mulku anlatimi, odaktaki egemenlik veya cagri olcusunu aciklamaz.	focus_35_13_cutoff_100.tsv	91	3d7bbf6a2eb1a67d57dc2ab246de022b569b684083c1083139d3ff0f824d8e73
reciprocal_counterevidence	2:102	35:15		no value	35:15	2:102	2:102	cross_surah	label_target_note	ranked_review	The account of magic and its harms does not materially clarify the focus ayah.	focus_35_15_cutoff_100.tsv	99	b7bab12c679bf8ff328fd2f053bab097e65efeca0523e2c3b8a72f88c79448a6
reciprocal_nomination	2:102	35:17		weak	35:17	2:102	2:102	cross_surah	label_target_note	ranked_review	The limitation of harmful magic to Allah's permission gives only an indirect sovereignty parallel.	focus_35_17_cutoff_100.tsv	96	c9991b9f205cd42d536b6ae7ea4c48e75ca511fb9753cc60aeef5a475805a5c2
reciprocal_counterevidence	2:102	35:21		no value	35:21	2:102	2:102	cross_surah	label_target_note	ranked_review	The account of magic and harm does not clarify shade or scorching heat.	focus_35_21_cutoff_100.tsv	86	4e33ddf110c91bbaff0ce274baa5bc84e4af79e589d33e1395faaac8a0292779
reciprocal_nomination	2:102	35:32		weak	35:32	2:102	2:102	cross_surah	label_target_note	ranked_review	Allah's permission limits harm, but the setting does not concern delegated good works or inheritance.	focus_35_32_cutoff_100.tsv	18	fc6fdb11c58f74cc899a725c47eb57b1b3ded70e88a6b3bbd876c01b6f34ec22
reciprocal_nomination	2:102	35:36		weak	35:36	2:102	2:102	cross_surah	label_target_note	ranked_review	Associates disbelief with harmful gain and no afterlife share, but not the focus's punishment.	focus_35_36_cutoff_100.tsv	93	842982f08d0c73582a5ad82cbc081df20ef482e78a83972058618726aa30ef19
reciprocal_nomination	2:102	36:7		weak	36:7	2:102	2:102	cross_surah	label_target_note	ranked_review	Teaching harmful magic and disbelief offer a remote account of culpable rejection.	focus_36_7_cutoff_100.tsv	93	e14cf3460a9ea296f1e9b711916190c797f02bbbd7299f79570db13b0bf4e4f7
reciprocal_counterevidence	2:102	36:36		no value	36:36	2:102	2:102	cross_surah	label_target_note	ranked_review	Magic and marital division do not clarify divinely created pairs.	focus_36_36_cutoff_100.tsv	40	512203aa0567d8d07ba6b2e9c4cee0b1688838e4a2518cbd696bae2719a00f3b
reciprocal_counterevidence	2:102	36:39		no value	36:39	2:102	2:102	cross_surah	label_target_note	ranked_review	The account of magic and harmful learning does not relate to the moon's course.	focus_36_39_cutoff_100.tsv	99	f97adcde50ae161b84182b917fa029bffb27273e85df77f9ab67c3e395a8a283
reciprocal_counterevidence	2:102	36:43		no value	36:43	2:102	2:102	cross_surah	label_target_note	ranked_review	The account of sorcery and harm does not clarify the scene.	focus_36_43_cutoff_100.tsv	80	0b81877c0c302da545d08aa7aabcd64c73638fdac4df652471e75a56c089fa03
reciprocal_nomination	2:102	36:56		medium	36:56	2:102	2:102	cross_surah	label_target_note	ranked_review	The separation of a man and spouse marks the loss of the relational wholeness presented in the focus.	focus_36_56_cutoff_100.tsv	46	d956cbb3ce7212fa63af36ae085a9731150eb902ca3c68980657457961bfa27e
reciprocal_nomination	2:102	36:59		weak	36:59	2:102	2:102	cross_surah	label_target_note	ranked_review	Its harmful separation between spouses is a non-judgmental and only lexical counterpart.	focus_36_59_cutoff_100.tsv	99	289beadabe6db18cc975b8d882d864ce08af3914097f1b4f74ff1ed7cd38319a
reciprocal_nomination	2:102	36:60		medium	36:60	2:102	2:102	cross_surah	label_target_note	missing_ayah_suggestion	Devils teach what harms people, an explicit Satanic-deception parallel.	focus_36_60_cutoff_100.tsv	103	ad8c5de337b4ec84ff0ca11d0810ded22ed5bab51ffd5ccaaa4e9213d0426a03
reciprocal_nomination	2:102	36:62		medium	36:62	2:102	2:102	cross_surah	label_target_note	ranked_review	Devils teach harmful knowledge that people choose despite knowing its loss, a related account of deceptive instruction and culpable understanding.	focus_36_62_cutoff_100.tsv	97	d859c9a9f4547a1856e603d24fe585ca7141b90b40eae8fdd3d583e09b9fda7b
reciprocal_counterevidence	2:102	36:68		no value	36:68	2:102	2:102	cross_surah	label_target_note	ranked_review	No material connection to aging, reversal, creation, or reason in this package.	focus_36_68_cutoff_100.tsv	95	042a1e6ad9d2f43cda77995ca20662462eb5b1ea7ee5b426e6338e428233eec8
reciprocal_nomination	2:102	36:73		weak	36:73	2:102	2:102	cross_surah	label_target_note	ranked_review	The contrast between harmful and beneficial learning is too abstract to add much to material provision.	focus_36_73_cutoff_100.tsv	84	2a687c6f9a28166fbf39ed7db9efe54ce1fdbd0f6018795041c9e37529ec1af7
reciprocal_counterevidence	2:102	36:78		no value	36:78	2:102	2:102	cross_surah	label_target_note	ranked_review	The account of magic and harmful learning has no focused connection.	focus_36_78_cutoff_100.tsv	97	fd75751c523361cb2591188ab9135b025a6b7c2f7154cee14107ec6e23c1814e
reciprocal_counterevidence	2:102	37:5		no value	37:5	2:102	2:102	cross_surah	label_target_note	ranked_review	Its account of magic and marital separation does not materially clarify the focus.	focus_37_5_cutoff_100.tsv	95	5c005403d791b58cc811f7dba79894dc24c4856d9aa36c75206ef8e72136ee86
reciprocal_nomination	2:102	37:10		weak	37:10	2:102	2:102	cross_surah	label_target_note	ranked_review	Its devil-associated harmful learning is only a remote thematic adjacency.	focus_37_10_cutoff_100.tsv	76	63e37d00d11994243f2c8724768b363abc8dca1c3784fcbcd73259133e471dd8
reciprocal_nomination	2:102	37:15		medium	37:15	2:102	2:102	cross_surah	label_target_note	ranked_review	Its account of harmful magic supplies a contrast: real corrupting practice differs from the label applied to manifest signs.	focus_37_15_cutoff_100.tsv	30	603d57bbe38be6cd5481dfa063d4bc6a6a7c6bbf8953c3f1bc44f5e353934d4a
reciprocal_counterevidence	2:102	37:16		no value	37:16	2:102	2:102	cross_surah	label_target_note	ranked_review	The magic narrative does not clarify the focus's death-and-resurrection objection.	focus_37_16_cutoff_100.tsv	97	10800b507fb6c0268eeed8c2c481a1ab372e8dd06cdd5f3f466df466399683d0
reciprocal_nomination	2:102	37:24		weak	37:24	2:102	2:102	cross_surah	label_target_note	ranked_review	Harmful teaching and self-damaging choice give only a remote basis for eventual accountability.	focus_37_24_cutoff_100.tsv	97	8b2249c6d7ffd46188ae0a7ce7b67eef7e73c4a6d7b28effb0018b1f2b9c655c
reciprocal_nomination	2:102	37:26		weak	37:26	2:102	2:102	cross_surah	label_target_note	ranked_review	Following devils and harmful magic loosely relates to wrongful allegiance but not the focus's judgment scene.	focus_37_26_cutoff_100.tsv	97	efac0e052d1ebfb4b5113a7a56e02995bd1ca6193a2de4a91535b1c1abfed553
reciprocal_counterevidence	2:102	37:46		no value	37:46	2:102	2:102	cross_surah	label_target_note	ranked_review	The account of sorcery does not illuminate the drink scene.	focus_37_46_cutoff_100.tsv	99	2abafdad5a8165153269cd707862e878373155e629efbcd1d04e113ec38d3c43
reciprocal_counterevidence	2:102	37:58		no value	37:58	2:102	2:102	cross_surah	label_target_note	ranked_review	The warning about magic and its afterlife loss does not clarify death or enduring life.	focus_37_58_cutoff_100.tsv	65	8549255e86eff932a8693ab3ef2baed27656fbd14ffeea78557724c23d6a6a2a
reciprocal_counterevidence	2:102	37:59		no value	37:59	2:102	2:102	cross_surah	label_target_note	ranked_review	The account of magic does not materially clarify death or final punishment.	focus_37_59_cutoff_100.tsv	59	55a27fc78c8b5588e66fc5f8a0460b77741fd780d9c8bf955d1c5ced061ab8b2
reciprocal_nomination	2:102	37:65		medium	37:65	2:102	2:102	cross_surah	label_target_note	ranked_review	Devils teach harmful magic and separation, giving their name a concrete destructive role.	focus_37_65_cutoff_100.tsv	71	7762b3ce3fc0abf75a8bc8773bc5f52f0e85dd044ec376ea1019780ee916eaf6
reciprocal_nomination	2:102	37:66		weak	37:66	2:102	2:102	cross_surah	label_target_note	ranked_review	It calls the taught magic a trial, but does not specifically connect to the zaqqum trial or meal.	focus_37_66_cutoff_100.tsv	90	1b8d8f51ef08bcc4ccc5bb6d66bbfadd42a9969ead5ad317e0fc7aaf0e474665
reciprocal_counterevidence	2:102	37:74		no value	37:74	2:102	2:102	cross_surah	label_target_note	ranked_review	The account of sorcery and its harms does not clarify purified servants.	focus_37_74_cutoff_100.tsv	78	5d5a8ec8fae6cc62b24185ec1e92d51336699a202e0231c56bde765a4a0d313c
reciprocal_nomination	2:102	37:78		weak	37:78	2:102	2:102	cross_surah	label_target_note	ranked_review	Loss in the Hereafter is a distant later-result theme, not a memorial relation.	focus_37_78_cutoff_100.tsv	92	6ac2459088504da780b1b29bde1053bee26cd635ce7169b1d9f0b550601ac577
reciprocal_nomination	2:102	37:97		weak	37:97	2:102	2:102	cross_surah	label_target_note	ranked_review	Sihir ogretimi ve zarar veren ayrisma, yapilmis hile temasina uzaktan yaklasir ama bina-atma sahnesini acmaz.	focus_37_97_cutoff_100.tsv	93	e183f902a8e88b1531f4f5d6366dd2cabbf2bd34fd2c20f04a2ed1a3f01b3ca2
reciprocal_nomination	2:102	37:98		weak	37:98	2:102	2:102	cross_surah	label_target_note	ranked_review	Harmful magic works only by Allah's permission, a loose parallel to thwarted hostile craft.	focus_37_98_cutoff_100.tsv	68	dcca7b0964e01a95f773020e59c69f0ec5edf3f6b483c8468eade5dfbbb222ba
reciprocal_nomination	2:102	37:113		weak	37:113	2:102	2:102	cross_surah	label_target_note	ranked_review	It describes people harming themselves through disbelief and losing any share in the Hereafter, a broad negative counterpart.	focus_37_113_cutoff_100.tsv	96	0096c3820f5f0245cbeb1d9a5d128aa8c2db906f29db499075666e1dfed50149
reciprocal_counterevidence	2:102	37:114		no value	37:114	2:102	2:102	cross_surah	label_target_note	ranked_review	The account of magic and devils does not clarify God's favor on Musa and Harun.	focus_37_114_cutoff_100.tsv	67	004d93cbccee4437d5e409e528aa8a07d3c6cd0d12b3792082a95580e7057011
reciprocal_counterevidence	2:102	37:116		no value	37:116	2:102	2:102	cross_surah	label_target_note	ranked_review	The magic account does not materially clarify the focus's victory.	focus_37_116_cutoff_100.tsv	72	2761cb689ff84d05efcffa57c68a08ca0c203cf005e2d21d50202e0780b6b872
reciprocal_counterevidence	2:102	37:135		no value	37:135	2:102	2:102	cross_surah	label_target_note	ranked_review	The account of magic and marital division is unrelated to Lot's wife remaining behind.	focus_37_135_cutoff_100.tsv	69	9e9f179ebef06ec822ddd9842f5b75688f1deec8d975c032f0f8ba5e3d33a13b
reciprocal_counterevidence	2:102	37:136		no value	37:136	2:102	2:102	cross_surah	label_target_note	ranked_review	The account of sorcery and its final loss is too remote from the focus event.	focus_37_136_cutoff_100.tsv	69	0ed447446b0600963365ba5724bcfa6f69608b6c75e895ddbad4b8108b415fa4
reciprocal_nomination	2:102	37:162		medium	37:162	2:102	2:102	cross_surah	label_target_note	ranked_review	The warning that a teaching is a fitnah and must not lead to disbelief parallels a tested choice toward harmful deception.	focus_37_162_cutoff_100.tsv	24	d159b0f287d7357e819909c8645a93fb6079a6739776db80cf85599ea8a477d4
reciprocal_counterevidence	2:102	37:171		no value	37:171	2:102	2:102	cross_surah	label_target_note	ranked_review	The account of sorcery and harmful learning does not clarify the prior promise to messengers.	focus_37_171_cutoff_100.tsv	99	b03f00b30b9dbec10d05d4c0ed57d22710036d5205a02d6bba09db8e5abbef48
reciprocal_counterevidence	2:102	37:174		no value	37:174	2:102	2:102	cross_surah	label_target_note	ranked_review	The magic narrative's warning before teaching does not clarify the focus.	focus_37_174_cutoff_100.tsv	97	6448f6ca47134a990b1f47ef1478017e70e3a2ee66c3c192b57aeb36b2e4f1e0
reciprocal_counterevidence	2:102	37:181		no value	37:181	2:102	2:102	cross_surah	label_target_note	ranked_review	The passage on magic and Solomon does not clarify the focus.	focus_37_181_cutoff_100.tsv	97	3efe9090a8b4da591b3ebe4a44bba0655482b17e065b776b5d73e2dd327b8cf5
reciprocal_nomination	2:102	38:7		medium	38:7	2:102	2:102	cross_surah	label_target_note	ranked_review	Distinguishes Solomon from a charge of magic while showing how harmful teachings circulate under false attribution.	focus_38_7_cutoff_100.tsv	49	6a5de72cc0e0ab31fcd00d5549570d0b964c052acf8c55a211c7a0f5e946a5a5
reciprocal_counterevidence	2:102	38:15		no value	38:15	2:102	2:102	cross_surah	label_target_note	ranked_review	The account of magic and marital division does not clarify the focus.	focus_38_15_cutoff_100.tsv	90	c29a24c94839bbe4c66eb9d8f529319aa24acd410db991f07c2908a438f18e52
reciprocal_nomination	2:102	38:25		weak	38:25	2:102	2:102	cross_surah	label_target_note	ranked_review	Solomon's kingdom appears in a warning about magic, offering only a remote dynastic context.	focus_38_25_cutoff_100.tsv	99	0792747847be7cd68c2fceed2033956109ee3ad1ab0ce7006f216ae06ee2f2c5
reciprocal_nomination	2:102	38:30		strong	38:30	2:102	2:102	cross_surah	label_target_note	ranked_review	It explicitly clears Solomon of disbelief and locates his kingdom outside the corrupt practices attributed to it.	focus_38_30_cutoff_100.tsv	73	45a903db490c1185ee2efb3b47232f14477f10f2b199686568ccc42c3d9d0b37
reciprocal_nomination	2:102	38:34		strong	38:34	2:102	2:102	cross_surah	label_target_note	ranked_review	Names Solomon's kingdom, denies his disbelief, and calls a dangerous teaching a test, materially qualifying trial around his rule.	focus_38_34_cutoff_100.tsv	22	cd3ff1642adb55d84eb776198cd2f29a213ccdd0ebb1870a3977cedfe21e9c29
reciprocal_nomination	2:102	38:35		strong	38:35	2:102	2:102	cross_surah	label_target_note	missing_ayah_suggestion	It explicitly names Solomon's kingdom, making it a necessary direct context for the exceptional rule requested in the focus.	focus_38_35_cutoff_100.tsv	101	b7bc0a23766dc6413f2f37666ea0e37b2d8e2b8ea156f366b6f9b855395d6da7
reciprocal_nomination	2:102	38:37		medium	38:37	2:102	2:102	cross_surah	label_target_note	ranked_review	It directly joins Solomon, devils, and his kingdom, contrasting forbidden magic with their service in the focus.	focus_38_37_cutoff_100.tsv	55	82c9917384dfebdc3920540fbd9e41afec14582ba785e8b3a6019c61ec3cfabf
reciprocal_nomination	2:102	38:38		medium	38:38	2:102	2:102	cross_surah	label_target_note	ranked_review	It directly concerns devils in Solomon's reign, contrasting illicit demonic teaching with agents under command.	focus_38_38_cutoff_100.tsv	67	3ee92600a0eae5621d7b44e2204fb86843c6baffae89ed657c30c47055005146
reciprocal_nomination	2:102	38:56		weak	38:56	2:102	2:102	cross_surah	label_target_note	ranked_review	Its warning against disbelief and harmful gain has no direct link to the Hell lodging.	focus_38_56_cutoff_100.tsv	85	76828ac9dbce94cb8ed472e8be6117e7e0dbec13e3f662cee5cbe1347f4b5cdc
reciprocal_nomination	2:102	39:3		medium	39:3	2:102	2:102	cross_surah	label_target_note	ranked_review	It links disbelief with harmful practices that divide people, a remote contrast to pure religion.	focus_39_3_cutoff_100.tsv	93	9360221f34591e6214e572065892244f69c89540c024eeada295308ecd38f6b4
reciprocal_nomination	2:102	39:9		weak	39:9	2:102	2:102	cross_surah	label_target_note	ranked_review	Its harmful, misused learning provides only a remote contrast to the focus's praiseworthy knowledge.	focus_39_9_cutoff_100.tsv	58	0bc0243db5c1c5e9a18069b153aa10410e23df4da4c3d510b914486350ad4a02
reciprocal_nomination	2:102	39:17		weak	39:17	2:102	2:102	cross_surah	label_target_note	ranked_review	Its account of harmful demonic teaching is only an indirect contrast to avoiding false authority.	focus_39_17_cutoff_100.tsv	99	675cacf9d413d442b4fad1a7f64105a544507731b7bf6f11db34126b2817bacb
reciprocal_nomination	2:102	39:20		weak	39:20	2:102	2:102	cross_surah	label_target_note	ranked_review	Warns against a harmful false path, only indirectly contrasting pious divine reward.	focus_39_20_cutoff_100.tsv	99	90c964669b825996a203078fc8bd28d7f2c10e82f7f4ac8e05ae3cd76fc2ff24
reciprocal_nomination	2:102	39:26		weak	39:26	2:102	2:102	cross_surah	label_target_note	ranked_review	Knowledge of a harmful choice and Hereafter loss only broadly echo the focus's appeal to knowing.	focus_39_26_cutoff_100.tsv	34	8a38ff974965ed10e4ffbd1835c4925ae07fdc22dea66c1029afcee55e3bfd89
reciprocal_nomination	2:102	39:48		weak	39:48	2:102	2:102	cross_surah	label_target_note	ranked_review	Its harmful, unprofitable acquisition through magic is a distant instance of self-damaging earning.	focus_39_48_cutoff_100.tsv	80	787dad98ca634657aa3b0fee08ee9c16ba41ba4222166f2075b9be01cc167b89
reciprocal_nomination	2:102	39:49		weak	39:49	2:102	2:102	cross_surah	label_target_note	ranked_review	Calling the teaching a test gives a broad analogy, but its subject is distinct from bestowed blessing.	focus_39_49_cutoff_100.tsv	46	25dc276bd30df15e35c9514cea2268a66824530fb0a8cd965fd169c7136b991a
reciprocal_counterevidence	2:102	39:68		no value	39:68	2:102	2:102	cross_surah	label_target_note	ranked_review	The account of magic and its harms does not clarify the focus.	focus_39_68_cutoff_100.tsv	99	11178d5f64deee3bed6a09cc9e8dd8751ab36dd6d283cce722776c0eff0f1906
reciprocal_nomination	2:102	39:71		weak	39:71	2:102	2:102	cross_surah	label_target_note	ranked_review	Its warning not to disbelieve amid harmful teaching does not clarify the final gatekeeper exchange.	focus_39_71_cutoff_100.tsv	93	75509c074f082c3b81f0b57897e72c97fb2b7ac818c8bee704645d395659ad4c
reciprocal_counterevidence	2:102	40:1		no value	40:1	2:102	2:102	cross_surah	label_target_note	ranked_review	The account of sorcery and disbelief does not clarify the focus.	focus_40_1_cutoff_100.tsv	98	2cd7d43f1ae79fd3c65e35239d95e7446efadc03cde329513de084e17bfabf43
reciprocal_counterevidence	2:102	40:4		no value	40:4	2:102	2:102	cross_surah	label_target_note	ranked_review	No in-package route connecting this account to the focus readings.	focus_40_4_cutoff_100.tsv	58	9fc613caa81e444523ee7db7929e7f17b90df4b5af3ea4a51b580b634ac4b550
reciprocal_nomination	2:102	40:5		weak	40:5	2:102	2:102	cross_surah	label_target_note	ranked_review	Its account of satanic teaching and disbelief is not about disputing to dislodge truth.	focus_40_5_cutoff_100.tsv	93	3d82aadcfda91d609c63b7314c657847fae5c47eac5042f78fd45a7a391beff2
reciprocal_nomination	2:102	40:6		weak	40:6	2:102	2:102	cross_surah	label_target_note	ranked_review	It describes devils' disbelief and harmful choice, but does not connect it to the focus's Fire-companion result.	focus_40_6_cutoff_100.tsv	95	7e50c8907adfbd72808657cd5a72af18ddac929af811d57c6cbf1b5d05191a8a
reciprocal_counterevidence	2:102	40:7		no value	40:7	2:102	2:102	cross_surah	label_target_note	ranked_review	The account of sorcery and its harm does not clarify the focus.	focus_40_7_cutoff_100.tsv	93	0219175d15c9eef2ee22ae298c8da66134e43dd31df7afae281baed157e2d9db
reciprocal_counterevidence	2:102	40:16		no value	40:16	2:102	2:102	cross_surah	label_target_note	ranked_review	The magic narrative and Solomon's kingdom do not materially clarify the focus reading.	focus_40_16_cutoff_100.tsv	88	2cae48950b734e4169b17e2fa2ced5801b1ecaa3ff10a24e344aeb81c7499afc
reciprocal_nomination	2:102	40:25		medium	40:25	2:102	2:102	cross_surah	label_target_note	ranked_review	Disbelief brings harmful practices that divide a household, offering a secondary analogy to destructive social schemes.	focus_40_25_cutoff_100.tsv	91	477ebc1cbcf11d256b1bb7143754f313867e05d864727a0f5cf800311c3dbed5
reciprocal_counterevidence	2:102	40:29		no value	40:29	2:102	2:102	cross_surah	label_target_note	ranked_review	The account of magic and its harms does not explain Pharaoh's claim, warning, or divine punishment here.	focus_40_29_cutoff_100.tsv	91	40e6b7d4cd46996bf2d3fcd6023308ffd77297f6fe132e0aa2deff522eb3b7d2
reciprocal_counterevidence	2:102	40:42		no value	40:42	2:102	2:102	cross_surah	label_target_note	ranked_review	Its extended account of magic and harmful learning does not clarify the focus's countercall.	focus_40_42_cutoff_100.tsv	91	8f921a2f11cc12ec727e52851c0a8ee781180023e9705125b293ab4c419fa41a
reciprocal_counterevidence	2:102	40:51		no value	40:51	2:102	2:102	cross_surah	label_target_note	ranked_review	The account of sorcery and its harmful teaching does not clarify the focus.	focus_40_51_cutoff_100.tsv	99	f57463cf117cd9efca81466492ad0cac40751bd96c8bac1e65e9292383524c23
reciprocal_nomination	2:102	40:52		weak	40:52	2:102	2:102	cross_surah	label_target_note	ranked_review	Learning what harms rather than benefits and losing the Hereafter gives a partial, non-judgmental consequence parallel.	focus_40_52_cutoff_100.tsv	85	ab78496820ecd23d45eb88c6619c89208616e922813683295256fee85712dbb7
reciprocal_counterevidence	2:102	40:57		no value	40:57	2:102	2:102	cross_surah	label_target_note	ranked_review	The account of magic and harmful learning is unrelated to cosmic and human creation.	focus_40_57_cutoff_100.tsv	37	6ea34a9888d2e2dcf5b2afbf96d89659600dcf4c691166cdbb62648115bc22a1
reciprocal_counterevidence	2:102	40:71		no value	40:71	2:102	2:102	cross_surah	label_target_note	ranked_review	The account of magic and marital separation does not clarify the focus's punishment mechanism.	focus_40_71_cutoff_100.tsv	77	0e311a962e082b56ccdaf48db42c2d3aa93303398bbbb2db753e892f8b61ad7f
reciprocal_nomination	2:102	40:78		weak	40:78	2:102	2:102	cross_surah	label_target_note	ranked_review	It states that harm operates only by God's permission, a broad but relevant analogue to the focus's permission-gated sign.	focus_40_78_cutoff_100.tsv	12	b1d020ff9276eb568ef5ce0f0dd522a04746ca6bf6ad58a6d401cb6ed7e4e648
reciprocal_nomination	2:102	41:7		medium	41:7	2:102	2:102	cross_surah	label_target_note	ranked_review	It associates kufr with harmful learning and loss of any share in the Hereafter.	focus_41_7_cutoff_100.tsv	95	ba46ecbb08a156748ccbb4a0d8a29565842de228bad9cd3bf5e4ac4f6b1c274b
reciprocal_counterevidence	2:102	41:19		no value	41:19	2:102	2:102	cross_surah	label_target_note	ranked_review	The account of magic and disbelief does not add to the gathered enemies or their destination.	focus_41_19_cutoff_100.tsv	99	e576c2d963e1afb948ad4dd171d9b2671e5adb0803f8c4a20d9529d3e6b27d94
reciprocal_counterevidence	2:102	41:24		no value	41:24	2:102	2:102	cross_surah	label_target_note	ranked_review	The account of sorcery and harmful learning has no focused relation to endurance in the Fire or rejected reconciliation.	focus_41_24_cutoff_100.tsv	97	43243204a16d1c8297f6722b4b7e21dd2d627d86e9284a8396058fe849fb9b47
reciprocal_nomination	2:102	41:26		weak	41:26	2:102	2:102	cross_surah	label_target_note	ranked_review	Teaching harmful magic and separating spouses has only a remote connection to the focus's hostile speech and distraction.	focus_41_26_cutoff_100.tsv	99	f69e7db699be5e72e556ab3fdf2525bc9be7dbccda4fe2b7165b7afbfdb64f00
reciprocal_counterevidence	2:102	41:31		no value	41:31	2:102	2:102	cross_surah	label_target_note	ranked_review	The account of harmful magic does not materially develop the focus reading.	focus_41_31_cutoff_100.tsv	73	dfee3473633f1957de18673c3761212bad62ccbc20fff0a3beb8aa2e8d44c06c
reciprocal_nomination	2:102	41:49		weak	41:49	2:102	2:102	cross_surah	label_target_note	ranked_review	It contrasts what harms with what benefits, a limited conceptual parallel to good and evil.	focus_41_49_cutoff_100.tsv	95	c9dc29189df1b45088ded1cbcebd454ec8974f3fa088583c25f8ebc9e2c8a4b9
reciprocal_counterevidence	2:102	42:2		no value	42:2	2:102	2:102	cross_surah	label_target_note	ranked_review	Its wording offers no direct context for the disjoint letters عسق.	focus_42_2_cutoff_100.tsv	100	5d681a85d33cbb7e1fb00ae0e28e320fcd2ddba04ce9055e6f2b7f758d918a59
reciprocal_nomination	2:102	42:15		weak	42:15	2:102	2:102	cross_surah	label_target_note	ranked_review	Shows destructive following and learning that separates a marital bond.	focus_42_15_cutoff_100.tsv	93	416d7bb9ac4a972a5ff3c17f6a6164b9162e9aaeeda5ab150820041900e499b8
reciprocal_counterevidence	2:102	42:18		no value	42:18	2:102	2:102	cross_surah	label_target_note	ranked_review	The account of sorcery and its harms does not materially clarify the focus.	focus_42_18_cutoff_100.tsv	91	4373c97b869554326c9c64fbe975fbdc853a184cae5265af844d6c50a27d60c4
reciprocal_nomination	2:102	42:21		weak	42:21	2:102	2:102	cross_surah	label_target_note	ranked_review	Harmful power operates only by God's permission, loosely supporting the focus's concern with unauthorized claims.	focus_42_21_cutoff_100.tsv	15	03e45576851d2624a83950d7898773db0e841d2f63238df2be41a3d2b5cea4b3
reciprocal_counterevidence	2:102	42:29		no value	42:29	2:102	2:102	cross_surah	label_target_note	ranked_review	Büyü, eşleri ayırma ve zarar anlatısı, odaktaki yaratılış, canlı yayılışı veya ilahi toplamaya belirgin katkı sağlamaz.	focus_42_29_cutoff_100.tsv	95	2195c7b774a8f6db4bcbe9127c1546d67d5a70153e9fda759adac2186632fdb3
reciprocal_counterevidence	2:102	42:49		no value	42:49	2:102	2:102	cross_surah	label_target_note	ranked_review	Magic, marital separation, and Solomon's kingdom do not explain divine reproductive giving.	focus_42_49_cutoff_100.tsv	43	ef46cd9a79c227cd663b216aa33c832c2beb13cc3f18697d00a41fdc9ee5a3e6
reciprocal_nomination	2:102	42:51		medium	42:51	2:102	2:102	cross_surah	label_target_note	ranked_review	Its harm occurs only by God's permission, supporting the focus's denial of independent delegated agency.	focus_42_51_cutoff_100.tsv	3	17c132ff419fc0340d5bf2c4ce74721d9022ed3b9b04869f7420de449ddd1fc1
reciprocal_counterevidence	2:102	43:32		no value	43:32	2:102	2:102	cross_surah	label_target_note	ranked_review	The teaching of magic and separation of spouses do not illuminate functional social differentiation or accumulated wealth.	focus_43_32_cutoff_100.tsv	91	590e681883edd88c01ac93921e55a735804dba953859cbd495bb6e7eb10a6d74
reciprocal_counterevidence	2:102	43:41		no value	43:41	2:102	2:102	cross_surah	label_target_note	ranked_review	The warning about magic and its harms does not clarify the focus's threat.	focus_43_41_cutoff_100.tsv	94	be5c1462c2fd6facaf0a1f5598721a1a4efb88edc8537559886902e4f68e6e40
reciprocal_counterevidence	2:102	43:54		no value	43:54	2:102	2:102	cross_surah	label_target_note	ranked_review	The account of sorcery and marital division does not clarify the focus's social obedience pattern.	focus_43_54_cutoff_100.tsv	95	20529a7256ebca4f26ba080aab81378f43659597e97dab5e94359a4def1c6dc7
reciprocal_nomination	2:102	43:62		medium	43:62	2:102	2:102	cross_surah	label_target_note	missing_ayah_suggestion	Devils teach a practice that separates spouses, showing destructive interference within human bonds.	focus_43_62_cutoff_100.tsv	101	ebcb92f47c80932473daf8d1c5d917fb52d550398301cc4d82a86149584ef23a
reciprocal_nomination	2:102	43:75		weak	43:75	2:102	2:102	cross_surah	label_target_note	ranked_review	Self-harming disbelief and loss of an afterlife share offer a distant antecedent to final ruin.	focus_43_75_cutoff_100.tsv	62	ef2372196bcb53988f535fd31a583c2324d8d243bec75cb07d3981d9f1716731
reciprocal_nomination	2:102	43:76		medium	43:76	2:102	2:102	cross_surah	label_target_note	ranked_review	They knowingly learn what harms rather than benefits them, showing self-inflicted loss through wrongful choice.	focus_43_76_cutoff_100.tsv	40	14be607d13253e92ddfdf3521a00c805cbdab288964d8634c49423f5f5ceaefa
reciprocal_nomination	2:102	44:54		weak	44:54	2:102	2:102	cross_surah	label_target_note	ranked_review	Severing a spouse relation provides only a negative counterpoint to secure pairing.	focus_44_54_cutoff_100.tsv	70	fc9dc522c2ed7919311abcbf55294c60ff6d753cc111ea3c25dd1a09f50896a5
reciprocal_counterevidence	2:102	45:18		no value	45:18	2:102	2:102	cross_surah	label_target_note	ranked_review	Following what devils recite is too remote from the stated command and desire contrast.	focus_45_18_cutoff_100.tsv	34	90f9b1744d5cf68bbd281d432cbfa2671a76f89301152b0d11f60b18db3ed14a
reciprocal_nomination	2:102	45:31		weak	45:31	2:102	2:102	cross_surah	label_target_note	ranked_review	Disbelief within a teaching narrative is too distant from the focus relation.	focus_45_31_cutoff_100.tsv	99	81cfbb1188571be7903707f36bd655a8a8ae754f90f065b185db47a8e766e80d
reciprocal_nomination	2:102	45:35		weak	45:35	2:102	2:102	cross_surah	label_target_note	ranked_review	Knowing a choice has no final share supplies distant accountability, but not the focus verse's operative pattern.	focus_45_35_cutoff_100.tsv	93	928364ce0d3c16a67244b8e38a7a5e936d5ee017006eb38f55af3ce458f3dd5f
reciprocal_counterevidence	2:102	46:17		no value	46:17	2:102	2:102	cross_surah	label_target_note	ranked_review	The account of teaching and division does not clarify 46:17.	focus_46_17_cutoff_100.tsv	97	8b7d0c3a9c46478f0eafad482d7af3549a303c0776f2670c013eb6d935091294
reciprocal_counterevidence	2:102	46:33		no value	46:33	2:102	2:102	cross_surah	label_target_note	ranked_review	Does not materially add to the focus verse.	focus_46_33_cutoff_100.tsv	99	cf0e3894aaf208265ffe65e4e5dbe267cf5ab921d4b2ddd687c1392459994e49
reciprocal_nomination	2:102	47:4		weak	47:4	2:102	2:102	cross_surah	label_target_note	ranked_review	A tail-audit card about a warning test, without a specific route into 47:4.	focus_47_4_cutoff_100.tsv	91	a21a95d9be3dc97e33847d6d7bf20e54f4603b9968d4cd4b9dca8ca22ed82fa4
reciprocal_counterevidence	2:102	47:10		no value	47:10	2:102	2:102	cross_surah	label_target_note	ranked_review	Account of magic and harm has no focused link to 47:10.	focus_47_10_cutoff_100.tsv	95	4d2a5d9e1423d16da8f939b9ed49a45912975abd88f9f3ff9bdec7e7a1b4b3fd
reciprocal_counterevidence	2:102	47:12		no value	47:12	2:102	2:102	cross_surah	label_target_note	ranked_review	This tail-audit card's magic and disbelief account has no focused route to 47:12.	focus_47_12_cutoff_100.tsv	91	680fa74c1f11d5d80fa108aed6d04586178389f4f5850540059200fdde5193bf
reciprocal_nomination	2:102	47:14		weak	47:14	2:102	2:102	cross_surah	label_target_note	ranked_review	Shows harmful following and learned practice, but its relation to hawā is indirect.	focus_47_14_cutoff_100.tsv	61	34853141efd0ded4b805605fb81664d0c205552b102d55ba24c3e22aa69bd35f
reciprocal_nomination	2:102	47:25		weak	47:25	2:102	2:102	cross_surah	label_target_note	ranked_review	Following devils and harmful learning are too remote from the focus sequence.	focus_47_25_cutoff_100.tsv	95	5429b918c7bed1cf5955d10c83390904eff2c7bfaba95e52ea1b6320682191d1
reciprocal_nomination	2:102	47:31		weak	47:31	2:102	2:102	cross_surah	label_target_note	ranked_review	Contains a stated trial but its context does not clarify the focus.	focus_47_31_cutoff_100.tsv	99	d40489f7e53c7c12e7d0fd96cc8716ac2deb3662834e8b32623f67b55f95e0bd
reciprocal_nomination	2:102	48:10		weak	48:10	2:102	2:102	cross_surah	label_target_note	ranked_review	Uses purchase of selves in a contrary transaction, a distant exchange boundary.	focus_48_10_cutoff_100.tsv	93	714e764433f1ad1c8c0c2b142eb22984a904a9c65dee82dca869987474e9ce5a
reciprocal_counterevidence	2:102	48:16		no value	48:16	2:102	2:102	cross_surah	label_target_note	ranked_review	No focused relation to the summons, conflict, or response.	focus_48_16_cutoff_100.tsv	99	66fa61a24d4ef44dca63c6a5d6913e667f65c711b18c2f4a4584a92d9c0d4e06
reciprocal_nomination	2:102	49:10		medium	49:10	2:102	2:102	cross_surah	label_target_note	ranked_review	Makes the separation of spouses an explicit harmful division, a contrary case to preserving relations.	focus_49_10_cutoff_100.tsv	58	dbb48c5c74f06cb4ada4c7e1168f34432454e174f631ba7f04015a09c499d2a9
reciprocal_counterevidence	2:102	50:16		no value	50:16	2:102	2:102	cross_surah	label_target_note	ranked_review	Does not materially add to the focus readings.	focus_50_16_cutoff_100.tsv	58	b1af7bffcdb7ac44b5be65e4e1d721711dd07312503fbda7d004259ead8d2505
reciprocal_counterevidence	2:102	50:32		no value	50:32	2:102	2:102	cross_surah	label_target_note	ranked_review	Tail-audit lexical retrieval adds no focused evidence.	focus_50_32_cutoff_100.tsv	97	b9e85f09211fe974a4cf3e0997ca4f0a6351776f8f7b7b9bcc815353fa78c692
reciprocal_counterevidence	2:102	50:43		no value	50:43	2:102	2:102	cross_surah	label_target_note	ranked_review	No direct life, death, or return contribution is evident.	focus_50_43_cutoff_100.tsv	94	3c12e4aa478e3c2597e740c68011ab8f8b96107f6ab2b439b9bfb142d8a331b2
reciprocal_counterevidence	2:102	50:45		no value	50:45	2:102	2:102	cross_surah	label_target_note	ranked_review	Recitation and teaching occur in an unrelated long narrative setting.	focus_50_45_cutoff_100.tsv	64	4761ba0350cd0e1d385b7a55f8c9c729e9591b9d2ca8923d458d1ad06cb92e88
reciprocal_counterevidence	2:102	51:3		no value	51:3	2:102	2:102	cross_surah	label_target_note	ranked_review	No localized lexical, channel, or V12 support is supplied.	focus_51_3_cutoff_100.tsv	100	99c8b98ef092fcf02b736a764011c6ecb97c97eeefbfc5345d1bed6c63608140
reciprocal_nomination	2:102	51:9		medium	51:9	2:102	2:102	cross_surah	label_target_note	ranked_review	Adds harmful teaching and induced separation, a secondary false-practice parallel.	focus_51_9_cutoff_100.tsv	83	9041ff81e45f05211254e63081be084135fb76fe62a1a9134a4bf106f9e526d3
reciprocal_counterevidence	2:102	51:18		no value	51:18	2:102	2:102	cross_surah	label_target_note	ranked_review	Magic-root overlap does not add supported evidence for the focus reading.	focus_51_18_cutoff_100.tsv	22	0f9f68972ef9ed337ce2046ec208884d00b0051e9951a1b7ea9c4c37f362e82d
reciprocal_counterevidence	2:102	51:31		no value	51:31	2:102	2:102	cross_surah	label_target_note	ranked_review	Tail-audit card without a clear inquiry or envoy connection.	focus_51_31_cutoff_100.tsv	97	e0eddaf339bf0bb8a1f371e95f9d372e3ae2481a437376e5512027fe7fbe52e5
reciprocal_nomination	2:102	51:53		weak	51:53	2:102	2:102	cross_surah	label_target_note	ranked_review	Magic language occurs in an unrelated instructional setting.	focus_51_53_cutoff_100.tsv	95	105bc8f1a088b3ac37a16b4b7e47db1bac6923406d31a180de48cb25e6e9de44
reciprocal_nomination	2:102	51:55		weak	51:55	2:102	2:102	cross_surah	label_target_note	ranked_review	Damaging versus non-beneficial learning only loosely bounds benefit.	focus_51_55_cutoff_100.tsv	92	9774fbe6dbed4f15b834c754d1b776cef4c424f1ec83538b97504de8def7cf4c
reciprocal_counterevidence	2:102	52:3		no value	52:3	2:102	2:102	cross_surah	label_target_note	ranked_review	The repeated preposition supplies no meaningful evidence about a spread parchment.	focus_52_3_cutoff_100.tsv	80	be4f09cabf47456255d3df10b620e41c1230876653649d866308ba400376f9d7
reciprocal_counterevidence	2:102	52:5		no value	52:5	2:102	2:102	cross_surah	label_target_note	ranked_review	No distinct connection to the raised-roof reading is supplied.	focus_52_5_cutoff_100.tsv	57	d73af9a522fcd92bcd1cf0e7f69a1a1980b791b4d42635563dbae4dbe20bdd39
reciprocal_nomination	2:102	52:8		weak	52:8	2:102	2:102	cross_surah	label_target_note	ranked_review	Harm depends on divine permission and lacks an afterlife share; only indirect support.	focus_52_8_cutoff_100.tsv	48	391040fcfd816347e2380b2f43b881ef0c072f10f105854250d0e6235e28a1c7
reciprocal_nomination	2:102	52:20		weak	52:20	2:102	2:102	cross_surah	label_target_note	ranked_review	A destructive spouse-separation contrast marks what the focus does not portray.	focus_52_20_cutoff_100.tsv	60	104bb1a3629c0f8e8a56795acb4787acdb91b102dc8d2512e0d770a77c920814
reciprocal_nomination	2:102	52:21		weak	52:21	2:102	2:102	cross_surah	label_target_note	ranked_review	Offers a distant family-separation boundary, not direct support.	focus_52_21_cutoff_100.tsv	64	e4d416c198c29951e291b1da27c5f0b580b51add66dc074dc02ab44b8e0089f4
reciprocal_counterevidence	2:102	52:24		no value	52:24	2:102	2:102	cross_surah	label_target_note	ranked_review	No material connection to the focus.	focus_52_24_cutoff_100.tsv	89	fd5916340c70a300ddeb1b9bf4428ad009ee2fe86ab74d9d197ade665b0807bf
reciprocal_counterevidence	2:102	52:25		no value	52:25	2:102	2:102	cross_surah	label_target_note	ranked_review	This tail-audit card has no localized or structural relation to 52:25.	focus_52_25_cutoff_100.tsv	97	5059919fa8d3adfd1658d3dc8c495e2cb42a6cfdaeb27ffc336f119dbf9539d6
reciprocal_nomination	2:102	52:46		weak	52:46	2:102	2:102	cross_surah	label_target_note	ranked_review	Zarar veren ama yarar vermeyen uygulamaları sınırlar; plan ve yardım bağı dolaylıdır.	focus_52_46_cutoff_100.tsv	97	a89098ffb241c8a4fb729d92f676062c519b18116bb49f33e405d3e8983257af
reciprocal_counterevidence	2:102	53:10		no value	53:10	2:102	2:102	cross_surah	label_target_note	ranked_review	No localized lexical, channel, or V12 route bears on the focus.	focus_53_10_cutoff_100.tsv	99	d4191fa2c3f872366cb5922b4a3b6a659af0834e03c37b4273bdda4894a30883
reciprocal_nomination	2:102	53:12		weak	53:12	2:102	2:102	cross_surah	label_target_note	ranked_review	Contains knowledge and false teaching themes but no focused link to the contested vision.	focus_53_12_cutoff_100.tsv	85	b6e5e2b7b136208a1dce42a1ba410015edea4e52e910749ddb9c8eac179f7430
reciprocal_counterevidence	2:102	53:13		no value	53:13	2:102	2:102	cross_surah	label_target_note	ranked_review	No sufficiently localized contribution beyond a remote source contrast.	focus_53_13_cutoff_100.tsv	40	d140fa979b8a366bab866586f4deac46f37eed75adf4418b5f875e96660602f6
reciprocal_nomination	2:102	53:26		medium	53:26	2:102	2:102	cross_surah	label_target_note	ranked_review	Secondary permission boundary for harmful efficacy; angel setting remains distinct.	focus_53_26_cutoff_100.tsv	3	d7e0b7f743513119794fae54b6e94dae100c2e88842b8bdfbf90a8bf1a29a5ff
reciprocal_nomination	2:102	53:30		weak	53:30	2:102	2:102	cross_surah	label_target_note	ranked_review	Harmful learning offers a remote knowledge-and-desire parallel without clarifying the focus.	focus_53_30_cutoff_100.tsv	95	d24eb5acd4ec073c4a925c47ef804228075a09770f18542a887e775d982a8f73
reciprocal_counterevidence	2:102	53:51		no value	53:51	2:102	2:102	cross_surah	label_target_note	ranked_review	No clear addition to the focus reading.	focus_53_51_cutoff_100.tsv	97	414d2b9572f0ab114524b29e73fc60df70eb0dde8470f2966ef46d12f2940fc6
reciprocal_counterevidence	2:102	53:54		no value	53:54	2:102	2:102	cross_surah	label_target_note	ranked_review	No material link to the cover or overturned settlement.	focus_53_54_cutoff_100.tsv	72	366846f87d426df65d67a8ef37ccec3d805cf7b2be9697eb0913336b98035337
reciprocal_nomination	2:102	53:59		weak	53:59	2:102	2:102	cross_surah	label_target_note	ranked_review	Competing taught material is only a remote contrast to authorized discourse.	focus_53_59_cutoff_100.tsv	98	5d4a1adeb6635da4022a46be896804c29014df8937c26f6f8a2da08d27d2d541
reciprocal_counterevidence	2:102	53:60		no value	53:60	2:102	2:102	cross_surah	label_target_note	ranked_review	No clear addition to laughter, weeping, or reception of warning.	focus_53_60_cutoff_100.tsv	62	c3c9c6d3e62036fc01be1541f13ca73bba965e4621b52dbef850f0fddad6c2d7
reciprocal_counterevidence	2:102	53:61		no value	53:61	2:102	2:102	cross_surah	label_target_note	ranked_review	Its extended magic account adds no distinct focus link.	focus_53_61_cutoff_100.tsv	98	3936f59835c4d43441064b64d28ee58d2836891d52d5e90e061efd3bd320f4d0
reciprocal_counterevidence	2:102	54:14		no value	54:14	2:102	2:102	cross_surah	label_target_note	ranked_review	No supplied route localizes its magic material to the focus.	focus_54_14_cutoff_100.tsv	49	22818120d5162f97d7b59fc506ab9eea73f94d88a13e6af16a7b058fb7f19a90
reciprocal_nomination	2:102	54:27		weak	54:27	2:102	2:102	cross_surah	label_target_note	ranked_review	Offers a different trial of knowledge and its use.	focus_54_27_cutoff_100.tsv	75	f4fb7e546f00a10799d8811649d353c3a76202c8a89a25221e3ba218b040c006
reciprocal_nomination	2:102	54:34		weak	54:34	2:102	2:102	cross_surah	label_target_note	ranked_review	`سحر` is a remote, unrouted boundary parallel only.	focus_54_34_cutoff_100.tsv	96	86aa170ce6b454b8e1fcc91f6fb1fd1681170e134dfa6339405eabe105250e49
reciprocal_counterevidence	2:102	54:41		no value	54:41	2:102	2:102	cross_surah	label_target_note	ranked_review	No relevant warning, Pharaoh-household, or arrival relation.	focus_54_41_cutoff_100.tsv	92	806364591334b30f687029762e57d56024d1ccfa6a76a2b1f526a7ed29ba0f41
reciprocal_counterevidence	2:102	54:44		no value	54:44	2:102	2:102	cross_surah	label_target_note	ranked_review	Tail-audit material without a relevant collective-support connection.	focus_54_44_cutoff_100.tsv	99	fdc8120cfbfe2d6744e76fd20e13d38a6af23507628457a821f6c72f1cdf2a7d
reciprocal_nomination	2:102	55:4		weak	55:4	2:102	2:102	cross_surah	label_target_note	ranked_review	Teaching and separation occur in a harmful context, a contrary but indirect boundary case.	focus_55_4_cutoff_100.tsv	70	bf7d3835fba8c43ce3991950104a72f72610a456aaecff6413da64e5100eb45e
reciprocal_counterevidence	2:102	55:11		no value	55:11	2:102	2:102	cross_surah	label_target_note	ranked_review	Tail-audit card; no distinct focused contribution identified.	focus_55_11_cutoff_100.tsv	100	ac5bd7fd426d372e559f5ff8f3c1396ed34ea5e352560e6e774a890fc2a4b45c
reciprocal_counterevidence	2:102	55:14		no value	55:14	2:102	2:102	cross_surah	label_target_note	ranked_review	Does not add to the focus reading.	focus_55_14_cutoff_100.tsv	88	cb7dba9805ca09af9955662de417087e6cfba1cbb705d33fb8fa6096f1eabb50
reciprocal_counterevidence	2:102	55:15		no value	55:15	2:102	2:102	cross_surah	label_target_note	ranked_review	The magic/شياطين account has no explicit connection to the focus's creation or fire claim.	focus_55_15_cutoff_100.tsv	97	143b60ef386e03ffb01e0bd8b57e6bf6cdc46202ac02f523bc8e5e389c98e6f3
reciprocal_nomination	2:102	55:52		weak	55:52	2:102	2:102	cross_surah	label_target_note	ranked_review	Separation of spouses is a contrary relational boundary, not positive support.	focus_55_52_cutoff_100.tsv	97	ae3c7fa219065386d91d561d8c343cb44e3a67f419dcfd5aaed94979adb16fc9
reciprocal_counterevidence	2:102	55:54		no value	55:54	2:102	2:102	cross_surah	label_target_note	ranked_review	No distinct interpretive addition established for the focus reading.	focus_55_54_cutoff_100.tsv	82	59923f00863fdd6352d64a3ac087a209b838117a63911c4d6db225259fb72fa0
reciprocal_counterevidence	2:102	55:61		no value	55:61	2:102	2:102	cross_surah	label_target_note	ranked_review	No sufficiently specific route to the focus readings beyond broad thematic overlap.	focus_55_61_cutoff_100.tsv	99	2ee47a9400e93d4011cf6b97581701408f9001aedba7b51728cdd4911a5ba7a3
reciprocal_counterevidence	2:102	55:64		no value	55:64	2:102	2:102	cross_surah	label_target_note	ranked_review	Tail-audit card; no discernible addition to the garden or vegetal-density reading.	focus_55_64_cutoff_100.tsv	97	c69968a79fca1aff93330e756c6958bdb4fe04cd1a98220243c56355116ac01b
reciprocal_counterevidence	2:102	55:68		no value	55:68	2:102	2:102	cross_surah	label_target_note	ranked_review	No material relation to the focus.	focus_55_68_cutoff_100.tsv	93	994c1448949b937ffa5e28162395a3ad1e1fc70cd6cc1f71c84e95b00bdefb30
reciprocal_counterevidence	2:102	55:72		no value	55:72	2:102	2:102	cross_surah	label_target_note	ranked_review	Generic fi retrieval has no identified focus-specific addition.	focus_55_72_cutoff_100.tsv	73	4d3d06535439ce95a44458b3dbb28f61fa2f740393daf5e567cde4214d385be5
reciprocal_counterevidence	2:102	55:76		no value	55:76	2:102	2:102	cross_surah	label_target_note	ranked_review	The account of magic and harm does not add to the focus.	focus_55_76_cutoff_100.tsv	55	bf24f557449dfeed960b2e252f9c8047e9baf76efea35dbc36bfd08399a0c08c
reciprocal_nomination	2:102	56:7		weak	56:7	2:102	2:102	cross_surah	label_target_note	ranked_review	A provisional route concerns disruption of a pair, not the focus's threefold grouping.	focus_56_7_cutoff_100.tsv	27	268fc1bd5dde76fff0c6bbc8c6712154fd65200cab8b412ff359eafee05d30a9
reciprocal_counterevidence	2:102	56:10		no value	56:10	2:102	2:102	cross_surah	label_target_note	ranked_review	No clear link to the focus's precedence or rank.	focus_56_10_cutoff_100.tsv	61	6f3657e511bbb351d643d0a662092a94ecdee6d042e1434e87c102dd70f39e92
reciprocal_counterevidence	2:102	56:13		no value	56:13	2:102	2:102	cross_surah	label_target_note	ranked_review	Tail-audit narrative material does not clarify the former cohort.	focus_56_13_cutoff_100.tsv	95	88f4222280f18c3eef35ada8cceda3fea5306fdae23065511529236004ddee29
reciprocal_counterevidence	2:102	56:21		no value	56:21	2:102	2:102	cross_surah	label_target_note	ranked_review	No desire, طير, or provision relation is shown; tail-audit card.	focus_56_21_cutoff_100.tsv	95	a41065ba9ffcb2780f2b1e29be4ea05337f4e235b4814381d29c89d6ece1325b
reciprocal_counterevidence	2:102	56:28		no value	56:28	2:102	2:102	cross_surah	label_target_note	ranked_review	No discernible addition to 56:28.	focus_56_28_cutoff_100.tsv	62	6798eeeaf07d126668550041f3e68fc05621dcb1cd8226bc8be0cc466aa4ed94
reciprocal_counterevidence	2:102	56:39		no value	56:39	2:102	2:102	cross_surah	label_target_note	ranked_review	Tail-audit text does not add a relevant relation.	focus_56_39_cutoff_100.tsv	96	62e2aec32e7e878592d1a473e50ac5df2b8b4191b7edd454542f955b02ba2c91
reciprocal_counterevidence	2:102	56:40		no value	56:40	2:102	2:102	cross_surah	label_target_note	ranked_review	No clear contribution to the later-cohort wording or its local frame.	focus_56_40_cutoff_100.tsv	81	82e0601c2dd77a1dbbb136ea2275ff583bb5c809c631f598cf01270909db56dd
reciprocal_counterevidence	2:102	56:42		no value	56:42	2:102	2:102	cross_surah	label_target_note	ranked_review	Generic fi supplies no useful connection.	focus_56_42_cutoff_100.tsv	78	9d25909b755d0d3f708bc7d2df1ed5214430972d1b97dc4fd8853311e74b688a
reciprocal_counterevidence	2:102	56:45		no value	56:45	2:102	2:102	cross_surah	label_target_note	ranked_review	Tail audit: this magic and harm passage has no stated focus route.	focus_56_45_cutoff_100.tsv	94	478b69d109d1f2d23464dba48715be9a4772a124d4ae71afea3ff854aa848bf3
reciprocal_nomination	2:102	56:46		weak	56:46	2:102	2:102	cross_surah	label_target_note	ranked_review	Choosing harmful knowledge offers a distant parallel of culpable conduct.	focus_56_46_cutoff_100.tsv	91	1ee9eed663d36314a45c824bed51aae2e8944715373176018370117068d51049
reciprocal_counterevidence	2:102	56:63		no value	56:63	2:102	2:102	cross_surah	label_target_note	ranked_review	No relevant contribution.	focus_56_63_cutoff_100.tsv	80	484722c31866026606b043086ba934e13e4f6d7398a4ba0c4f3aa46a90d89e73
reciprocal_counterevidence	2:102	56:64		no value	56:64	2:102	2:102	cross_surah	label_target_note	ranked_review	The shared pronoun is not relevant evidence.	focus_56_64_cutoff_100.tsv	68	708b0d9f1953002d8f556f952e0183f4ac669fdaee6307a6e6a8d9f50dd87285
reciprocal_counterevidence	2:102	56:69		no value	56:69	2:102	2:102	cross_surah	label_target_note	ranked_review	The complex magic account does not supply a focused descent or water contribution.	focus_56_69_cutoff_100.tsv	31	ccc3a69c4dca260cd3cc265b7a237799bb5a38a0a9fd2fd8676fee9ebac6c958
reciprocal_counterevidence	2:102	56:72		no value	56:72	2:102	2:102	cross_surah	label_target_note	ranked_review	The collective statement within the magic narrative does not add to the focus.	focus_56_72_cutoff_100.tsv	88	d778be678d945d18777fece122e1b9704302db877ec5c0a4e57cf418bbea4e7a
reciprocal_counterevidence	2:102	57:18		no value	57:18	2:102	2:102	cross_surah	label_target_note	ranked_review	No clear contribution to the focus relation.	focus_57_18_cutoff_100.tsv	95	909f2f7abf8aa8dd23854421a29924d6874cce5899f0a704b8a82263927af140
reciprocal_counterevidence	2:102	57:19		no value	57:19	2:102	2:102	cross_surah	label_target_note	ranked_review	The magic narrative does not add a reliable focused link.	focus_57_19_cutoff_100.tsv	97	3bfd4375e38bb97916fc52c2cfd207e8b590598ac0ae190e3d0158b5c006b719
reciprocal_nomination	2:102	57:27		weak	57:27	2:102	2:102	cross_surah	label_target_note	ranked_review	A mixed f01 route about following and harmful knowledge is too remote from the target's four readings.	focus_57_27_cutoff_100.tsv	91	68111fafc9f8e312a418bd52a028ee5d37a4ecf0c7356fc89da9e45c12c12bb6
reciprocal_nomination	2:102	58:4		medium	58:4	2:102	2:102	cross_surah	label_target_note	ranked_review	Adds following, disbelief, and marital separation as a contrary relational pattern.	focus_58_4_cutoff_100.tsv	97	fb1167f7124e1ed1a9f68aa383287cb68358520b392c3e7610a309066aabb2a4
reciprocal_nomination	2:102	58:10		weak	58:10	2:102	2:102	cross_surah	label_target_note	ranked_review	Contains qualified harm and permission, but both routes are provisional or mixed and contextually remote.	focus_58_10_cutoff_100.tsv	27	e311b715f9ea85db15e95756dab41373ce054782d13b41e969b5dd4b546d505c
reciprocal_nomination	2:102	58:14		weak	58:14	2:102	2:102	cross_surah	label_target_note	ranked_review	Its harmful teaching and partial knowledge do not closely illuminate the focus's lie or allegiance.	focus_58_14_cutoff_100.tsv	76	26ae5352dbd5068c741c1f051cfe6a6ec946be105c033a0d16c0f00f38be8ea9
reciprocal_counterevidence	2:102	59:2		no value	59:2	2:102	2:102	cross_surah	label_target_note	ranked_review	Tail-audit card lacks a focused route or close parallel.	focus_59_2_cutoff_100.tsv	93	d32e4af73bec5a899ad05454e8633b50324c7e34fa06c9eb87d2822d8ba8fc85
reciprocal_nomination	2:102	59:5		medium	59:5	2:102	2:102	cross_surah	label_target_note	ranked_review	Permission limits harmful efficacy, supporting non-independent agency without addressing cutting or trees.	focus_59_5_cutoff_100.tsv	3	78a5d8b6e509ce36b655bfa5ff582d5acc01fa728982e281b443be0a294e1146
reciprocal_nomination	2:102	59:15		weak	59:15	2:102	2:102	cross_surah	label_target_note	ranked_review	Adds harmful gain and lost final share, only distantly related.	focus_59_15_cutoff_100.tsv	97	1338989fb565374f6559fbae63d51b252df5426bcf50b4d9791387f0dc377305
reciprocal_nomination	2:102	60:3		weak	60:3	2:102	2:102	cross_surah	label_target_note	ranked_review	Links harm and non-benefit to marital division, but only through a secondary mixed route.	focus_60_3_cutoff_100.tsv	99	008fb3cfe71c381f7e0a763f885d7d52be5bb0264fb2cfd47921b4db1f1e3a11
reciprocal_nomination	2:102	60:5		weak	60:5	2:102	2:102	cross_surah	label_target_note	ranked_review	Calling an ordeal fitnah and warning against disbelief is relevant only at a general level.	focus_60_5_cutoff_100.tsv	58	773d0f1c7a37cfc79c43832246310dd4b8976839f26d49f35de4b299fc8528db
reciprocal_nomination	2:102	60:10		medium	60:10	2:102	2:102	cross_surah	label_target_note	ranked_review	It explicitly concerns a practice that separates a person from a spouse, though under contrary conditions.	focus_60_10_cutoff_100.tsv	97	3c38f6349525a4235f782d34c95cf1e02c51568fe3e6a2b8aeea74335f7eca03
reciprocal_nomination	2:102	61:2		medium	61:2	2:102	2:102	cross_surah	label_target_note	ranked_review	Interweaves taught speech, warning, and harmful practice, adding a broader caution about claims and effects.	focus_61_2_cutoff_100.tsv	95	a6a678a817eab6b0997a5661030e395f920b0cc711c6d9f51d38d00898c6caf4
reciprocal_nomination	2:102	62:2		weak	62:2	2:102	2:102	cross_surah	label_target_note	ranked_review	Recitation and teaching appear in a contrary harmful setting, marking a boundary.	focus_62_2_cutoff_100.tsv	95	c1d7645e221441a183c29c6c0d79fa4c934a4f953fe5a4d4414ffbb8f36daea1
reciprocal_nomination	2:102	62:7		weak	62:7	2:102	2:102	cross_surah	label_target_note	ranked_review	Adds knowingly self-damaging acquisition and a future loss, but only distantly.	focus_62_7_cutoff_100.tsv	97	a483c7e49dc25b178473fb351fa7051114d92c391e0c991281ce8fd482ccd806
reciprocal_counterevidence	2:102	63:3		no value	63:3	2:102	2:102	cross_surah	label_target_note	ranked_review	The extended account of harmful learning does not clarify the focus's belief-seal-comprehension relation.	focus_63_3_cutoff_100.tsv	95	4ea335f1e65ceeb44d03a5c9de0ed5edfc8b32f2419365b43f9e10084bed1ee7
reciprocal_counterevidence	2:102	63:7		no value	63:7	2:102	2:102	cross_surah	label_target_note	ranked_review	Magic and marital separation do not clarify the focus.	focus_63_7_cutoff_100.tsv	80	713f1eb84a3d04b0bdf4cc9f0b9e73ed5724a339d8d04cf8fa75f4be769a16ce
reciprocal_nomination	2:102	64:11		medium	64:11	2:102	2:102	cross_surah	label_target_note	ranked_review	Its permission-bounded harm supplies a parallel limit on any independent efficacy.	focus_64_11_cutoff_100.tsv	3	d4c5cb343a0a89edabfec2180eafc1136374ecb2cd6d9e365242c52d5977aa2a
reciprocal_nomination	2:102	64:15		weak	64:15	2:102	2:102	cross_surah	label_target_note	ranked_review	Calls a harmful knowledge situation fitnah, but the relation is distant.	focus_64_15_cutoff_100.tsv	54	484009e979c8a6a1800c02b2df12595f06d7ebb00e2f648c6459883696038658
reciprocal_counterevidence	2:102	65:12		no value	65:12	2:102	2:102	cross_surah	label_target_note	ranked_review	No focused addition.	focus_65_12_cutoff_100.tsv	95	b03e2da447188e5d5e404ffede99cdec61a84b9b265355bb1cf68d422f8fa397
reciprocal_nomination	2:102	66:11		weak	66:11	2:102	2:102	cross_surah	label_target_note	ranked_review	Shows harmful teaching can divide spouses, a limited negative household parallel.	focus_66_11_cutoff_100.tsv	95	9dd988bc2ec149136f91f304d3775346609cfc0b1e81bb3a137066371e81211e
reciprocal_counterevidence	2:102	67:14		no value	67:14	2:102	2:102	cross_surah	label_target_note	ranked_review	Teaching and harmful knowledge do not add a focused link to 67:14.	focus_67_14_cutoff_100.tsv	28	9ccf6e1efd318dd0071da76994b01b79905c778689a008fc499d7913639f77ab
reciprocal_counterevidence	2:102	68:1		no value	68:1	2:102	2:102	cross_surah	label_target_note	ranked_review	Formula overlap only; adds no focused connection.	focus_68_1_cutoff_100.tsv	70	aaeb8bafb7bc7fdd878113c87d1b538caa38c09c5c95e7633ed662ff35907574
reciprocal_counterevidence	2:102	68:3		no value	68:3	2:102	2:102	cross_surah	label_target_note	ranked_review	No relevant connection.	focus_68_3_cutoff_100.tsv	98	69bb12556848474aadd790ef3bd34daab97ef01bfd6d830177259e1daebd3669
reciprocal_nomination	2:102	68:6		weak	68:6	2:102	2:102	cross_surah	label_target_note	ranked_review	Mixed f01 link concerns knowledge's social use; it is indirect to the contested label.	focus_68_6_cutoff_100.tsv	42	7aaca0cf8e164b957a4a9803976c8061f8adfe935d2bf9c44150b4a5b52859f7
reciprocal_nomination	2:102	68:11		medium	68:11	2:102	2:102	cross_surah	label_target_note	ranked_review	Transmitted harmful teaching and division add a broader speech-harm parallel.	focus_68_11_cutoff_100.tsv	95	9a2b1d12612061c676d11f0b047b5e82c975aaba769bcafd90e7f0837491b6ed
reciprocal_nomination	2:102	68:16		weak	68:16	2:102	2:102	cross_surah	label_target_note	ranked_review	Its trial and harmful teaching themes do not specifically clarify 68:16.	focus_68_16_cutoff_100.tsv	71	c520ee23138600b2cfc9b6391d558a4b73c4111d1959aae518af9f98c6022b28
reciprocal_nomination	2:102	68:18		weak	68:18	2:102	2:102	cross_surah	label_target_note	ranked_review	Its separating action is a remote boundary parallel only.	focus_68_18_cutoff_100.tsv	80	817f41a6d6b8e84b5e6f26fdde56bdbf63ff30af7f9415e9e603988caef1856d
reciprocal_nomination	2:102	68:20		weak	68:20	2:102	2:102	cross_surah	label_target_note	ranked_review	Its separation motif is a remote parallel and has no localized retained link.	focus_68_20_cutoff_100.tsv	97	08f646f4f3416c796238089b853aeb7ed44253347ed9257f745ecb182b62fd3b
reciprocal_nomination	2:102	68:33		weak	68:33	2:102	2:102	cross_surah	label_target_note	ranked_review	Afterlife loss and knowing occur in a distinct, overextended setting.	focus_68_33_cutoff_100.tsv	34	b0e8dedd5ae1781760718cc44a4c473c0436310491b0b4d08cc1fa1f30f801c0
reciprocal_counterevidence	2:102	69:3		no value	69:3	2:102	2:102	cross_surah	label_target_note	ranked_review	Generic مَا repetition only; no focused route.	focus_69_3_cutoff_100.tsv	86	0ed18031dc0281c12a52193eccedf037c2329e686df71b9b62b247c66ec88911
reciprocal_counterevidence	2:102	69:5		no value	69:5	2:102	2:102	cross_surah	label_target_note	ranked_review	The tail-audit magic account supplies no focus-specific evidence.	focus_69_5_cutoff_100.tsv	95	1d6f1deb618b190be6b4119acf035ee190c09b7ee805775742ac9070e2ff2d15
reciprocal_nomination	2:102	69:25		weak	69:25	2:102	2:102	cross_surah	label_target_note	ranked_review	Harmful learning and later loss provide only broad consequence context.	focus_69_25_cutoff_100.tsv	97	ed9e79df102b7dc64f3f08ecab52e752068340c04cf6c0d39d6523a4fef3754a
reciprocal_counterevidence	2:102	69:34		no value	69:34	2:102	2:102	cross_surah	label_target_note	ranked_review	The warning about harmful learning does not clarify provision for the poor.	focus_69_34_cutoff_100.tsv	99	ace54ffd411f467c06a52a1ecd8734478160452756dabc57a34624a0a7c2afe2
reciprocal_nomination	2:102	69:41		medium	69:41	2:102	2:102	cross_surah	label_target_note	ranked_review	Competing recitation, denial of a false attribution, and harmful teaching form a secondary source-confusion parallel.	focus_69_41_cutoff_100.tsv	91	f928721ca6807775005f48e7df9d94a380eeda186e6241df223ef61efd82e739
reciprocal_nomination	2:102	69:47		medium	69:47	2:102	2:102	cross_surah	label_target_note	ranked_review	No harm occurs apart from divine permission, supporting the limit on secondary agency.	focus_69_47_cutoff_100.tsv	74	9640855d798bcd5015d2ab96ad228e487b17f3cd1fb494ef63382188a103b50e
reciprocal_nomination	2:102	70:2		weak	70:2	2:102	2:102	cross_surah	label_target_note	ranked_review	Harm occurs only by Allah's permission and no later share remains; the link to 70:2 is indirect.	focus_70_2_cutoff_100.tsv	99	f67ae13fcbccfc966c685dc94bf8a8fa7772ecb32bfc0616752288cd6e0be97e
reciprocal_counterevidence	2:102	70:23		no value	70:23	2:102	2:102	cross_surah	label_target_note	ranked_review	Shared particles only.	focus_70_23_cutoff_100.tsv	73	eb942ef3e1b5fcf3292148727e596bc1183e567ccc4727021bdf706ef49fe4d1
reciprocal_nomination	2:102	70:37		weak	70:37	2:102	2:102	cross_surah	label_target_note	ranked_review	Separation between persons offers only a distant analogue to fragmentation.	focus_70_37_cutoff_100.tsv	93	40cb5c87e929adceb1f8f79cd59ec086457aa7fe05a665e1eb5c0613488036ec
reciprocal_counterevidence	2:102	70:39		no value	70:39	2:102	2:102	cross_surah	label_target_note	ranked_review	The lexical hit does not form a focused creation or knowledge relation.	focus_70_39_cutoff_100.tsv	85	9e8b1286ef5fdf6dc90d83f84de10153d4053a50cf217d323c54dad0c3f972fd
reciprocal_counterevidence	2:102	70:41		no value	70:41	2:102	2:102	cross_surah	label_target_note	ranked_review	No clear contribution to replacement or non-outpacing.	focus_70_41_cutoff_100.tsv	37	855a743bcad9cf4fe47ffbab447ea6da70537057ca3cb0537415551d2f7ad2dd
reciprocal_nomination	2:102	71:22		weak	71:22	2:102	2:102	cross_surah	label_target_note	ranked_review	Harmful teaching and division are suggestive but not a direct plot route.	focus_71_22_cutoff_100.tsv	80	835f87d9d29b018cc59b43d5af41f8c9e545db0bc0ba5f32ca1baae0b17e3e40
reciprocal_nomination	2:102	72:6		strong	72:6	2:102	2:102	cross_surah	label_target_note	missing_ayah_suggestion	Links occult instruction to harm, supplying a close warning against protective practices credited with hidden agencies.	focus_72_6_cutoff_100.tsv	101	10c8183749201847d2f4597e479e57ecbadc4143bb330c53dbc95565c341f580
reciprocal_nomination	2:102	72:9		weak	72:9	2:102	2:102	cross_surah	label_target_note	ranked_review	Transmission of harmful teaching is too indirect to clarify the guarded heavenly source.	focus_72_9_cutoff_100.tsv	91	fdefaa13c182fd1d407bec8fcdc2121c0818629580453d3d12602293b1df462a
reciprocal_nomination	2:102	72:21		weak	72:21	2:102	2:102	cross_surah	label_target_note	ranked_review	Qualifies harmful action by divine permission in a different setting.	focus_72_21_cutoff_100.tsv	70	11c4047d1f7c13ba650fbbe58fff888cd3075c5df0e51a3b8131e2bb7a808762
reciprocal_nomination	2:102	74:4		weak	74:4	2:102	2:102	cross_surah	label_target_note	ranked_review	The magic material only indirectly echoes the later accusation in 74:24; it adds nothing to purification.	focus_74_4_cutoff_100.tsv	95	c00a19ff44728ff39ffee72dae806607f2b9ea8ff009602786c5bbf5593b86c6
reciprocal_nomination	2:102	74:14		weak	74:14	2:102	2:102	cross_surah	label_target_note	ranked_review	Its warning about a worldly purchase without later share weakly parallels misdirected seeking.	focus_74_14_cutoff_100.tsv	81	4ffa9c501531964a182bd2b9e31ca1bba826740941b928ba100874c41e64d76c
reciprocal_nomination	2:102	74:24		weak	74:24	2:102	2:102	cross_surah	label_target_note	ranked_review	Magic as harmful teaching is a distant, provisional comparison rather than evidence for the charge.	focus_74_24_cutoff_100.tsv	87	4ff6484dcea776c4333dbcdafa6cb8a5977b91d70d3546cfd409576a9d9f9e7c
reciprocal_nomination	2:102	74:27		medium	74:27	2:102	2:102	cross_surah	label_target_note	ranked_review	"sihir" adı ve öğretme dili, 74:24'teki "sihir" etiketine karşı 74:27'nin bilgi sorusuyla dolaylı bir karşıtlık kurar.	focus_74_27_cutoff_100.tsv	61	1af44da4624215343fe59304a265163078f842cd89580df67938fb96d1d19d19
reciprocal_nomination	2:102	74:42		weak	74:42	2:102	2:102	cross_surah	label_target_note	ranked_review	Its harmful learning and loss in the Hereafter are only broadly compatible with culpable consequence.	focus_74_42_cutoff_100.tsv	74	2517619d9dc4a1896caab62b2a990a881e3deb1678c4c03cc9a84c26a63dc008
reciprocal_nomination	2:102	74:45		weak	74:45	2:102	2:102	cross_surah	label_target_note	ranked_review	Teaching and learning harmful material form a secondary speech-and-knowledge parallel, without the wading construction.	focus_74_45_cutoff_100.tsv	97	4c6b8709036f8d31f9903e3dc160877aed3d92dc77a8b5c096669ef8cecf2e2b
reciprocal_nomination	2:102	74:48		weak	74:48	2:102	2:102	cross_surah	label_target_note	ranked_review	Its harmful, non-beneficial practice is only a broad semantic contrast with failed intercession.	focus_74_48_cutoff_100.tsv	69	f61cea66c634e9a1dfccbf4220fdb94416b86be2db7770131cb986883541c2fd
reciprocal_nomination	2:102	75:28		medium	75:28	2:102	2:102	cross_surah	label_target_note	ranked_review	Severing a marital bond gives a social counterpart to separation, without fixing the focal sense.	focus_75_28_cutoff_100.tsv	84	99392107a9bb7b87503d46bf0e32b9f3acf0e479aa8d72539eefc7f3f0340f6d
reciprocal_counterevidence	2:102	76:8		no value	76:8	2:102	2:102	cross_surah	label_target_note	ranked_review	Sihir anlatısı, 76:8'in yedirme veya muhtaçlarıyla ilişki kurmaz.	focus_76_8_cutoff_100.tsv	85	7c5184e7c44cbd230a911f875703a7be87539d332e0906eade243c03edd8af58
reciprocal_nomination	2:102	77:4		medium	77:4	2:102	2:102	cross_surah	label_target_note	ranked_review	Shows learned means used to sever spouses, a harmful human analogue to separating.	focus_77_4_cutoff_100.tsv	48	a877010b9544c082dca3f51177a683b32145ff519ec113c84da9815dcfad3fcb
reciprocal_counterevidence	2:102	77:14		no value	77:14	2:102	2:102	cross_surah	label_target_note	ranked_review	Its account of harmful learning and separation is not focused on 77:14.	focus_77_14_cutoff_100.tsv	89	770596021b38abb305d151e01d7be486f2223fba1c68741bcba24cf47d1897c5
reciprocal_nomination	2:102	77:17		weak	77:17	2:102	2:102	cross_surah	label_target_note	ranked_review	Following harmful teaching and losing a share in the final life is a distant moral analogue, not a generational sequence.	focus_77_17_cutoff_100.tsv	22	26598ba98f8674fe0a6678feac4e40d4b4abcbcdba49c5d36ecd39bb1b54c05e
reciprocal_counterevidence	2:102	77:21		no value	77:21	2:102	2:102	cross_surah	label_target_note	ranked_review	Babil'deki sihir anlatısı 77:21'e belirgin ek değer katmaz.	focus_77_21_cutoff_100.tsv	90	3e2e5dd17686eb51526aa4806fea1e33315df465730f7645f391c8f0bdc8a19a
reciprocal_nomination	2:102	77:36		weak	77:36	2:102	2:102	cross_surah	label_target_note	ranked_review	Permission limits harmful efficacy, a secondary analogy to authority not being independently held.	focus_77_36_cutoff_100.tsv	3	49066f169e1e0560ba4300ccc4cc62bd3e1de4597be31a0f37e80337acb13463
reciprocal_nomination	2:102	77:48		weak	77:48	2:102	2:102	cross_surah	label_target_note	ranked_review	Warnings against disbelief amid taught practices give only a remote speech-and-reception connection.	focus_77_48_cutoff_100.tsv	98	2e99647c0fd47085fb000463d8e22adc92cd353b99119683bbaf1caafb0a2ac9
reciprocal_nomination	2:102	78:8		medium	78:8	2:102	2:102	cross_surah	label_target_note	missing_ayah_suggestion	Spouses appear within a harmful social rupture; this retains marriage as a relation that can be damaged, not an abstract pairing alone.	focus_78_8_cutoff_100.tsv	102	a4e8f107e4aff8cfc38443637e090e300a5cbf41046eed95b5e95d30be43865d
reciprocal_counterevidence	2:102	78:10		no value	78:10	2:102	2:102	cross_surah	label_target_note	ranked_review	The account of sorcery and separation has no material connection to night as clothing.	focus_78_10_cutoff_100.tsv	99	f618e1062eb0b989c3b0b2e0491b176bb704ff141fae00cbdceeb31acae62853
reciprocal_nomination	2:102	78:22		weak	78:22	2:102	2:102	cross_surah	label_target_note	ranked_review	A harmful choice and its final loss are only a broad contrary outcome.	focus_78_22_cutoff_100.tsv	92	8ac52405f6af9758a63d050faf859a94bff15a5e1e577291c8744d0441d0c1e5
reciprocal_counterevidence	2:102	78:25		no value	78:25	2:102	2:102	cross_surah	label_target_note	ranked_review	The exception by divine permission has no relevant connection.	focus_78_25_cutoff_100.tsv	83	5f32cb1e164217d4ce2bc0ab938778d99fbcd301595f7f166014fc103b73b6b3
reciprocal_nomination	2:102	78:38		weak	78:38	2:102	2:102	cross_surah	label_target_note	ranked_review	Permission limits effective agency, but the setting is remote from the assembly and its speech.	focus_78_38_cutoff_100.tsv	3	f50294d20557a6a2e33be71abe9ecba924aa3832a32811fe3f92040be91f03d8
reciprocal_counterevidence	2:102	79:4		no value	79:4	2:102	2:102	cross_surah	label_target_note	ranked_review	This candidate adds no focused evidence for speed, precedence, or the local oath sequence.	focus_79_4_cutoff_100.tsv	97	72e662256d4358a883a52165c06dfd58380a08bca4a35f5e37279429d878cd46
reciprocal_nomination	2:102	79:7		weak	79:7	2:102	2:102	cross_surah	label_target_note	ranked_review	Following harmful teachings is a generic allegiance sense with no close event link.	focus_79_7_cutoff_100.tsv	90	a90d5cfc275a829f361acfcc264b5a5758356c302b676dcb58db9e2b9fb554c6
reciprocal_counterevidence	2:102	79:35		no value	79:35	2:102	2:102	cross_surah	label_target_note	ranked_review	Ayet, hedefteki insanın kendi çabasını hatırlamasıyla belirgin bir bağ kurmaz.	focus_79_35_cutoff_100.tsv	99	5a0268306e32fa5b8851c62c03944faf9b35d16a606c0c1a05792b95ccd547b9
reciprocal_counterevidence	2:102	80:3		no value	80:3	2:102	2:102	cross_surah	label_target_note	ranked_review	No distinct addition to the focus.	focus_80_3_cutoff_100.tsv	84	8502f02682a2574fce0500152979d7310c3d3e3f09c81cca7b7a6f7168482eaa
reciprocal_counterevidence	2:102	80:6		no value	80:6	2:102	2:102	cross_surah	label_target_note	ranked_review	Sihir ve zarar bağlamı, focus'la ilgili değildir.	focus_80_6_cutoff_100.tsv	61	fbff915bc4596a44e61750ff27593b0bc3da2dd443167abeb5fabf0ee748a247
reciprocal_nomination	2:102	80:14		weak	80:14	2:102	2:102	cross_surah	label_target_note	ranked_review	A broad contrast concerning harmful teaching.	focus_80_14_cutoff_100.tsv	93	275eff337ff800c8b1352db67df6688b8d2077f97d05f48c93875d583a148b3d
reciprocal_nomination	2:102	80:34		medium	80:34	2:102	2:102	cross_surah	label_target_note	ranked_review	Pairs المرء with زوج, a secondary close-relation boundary.	focus_80_34_cutoff_100.tsv	25	79d542ecb415adcba7cb314e88ae85112adf24f2ab3b038038a4b68b00b07a45
reciprocal_counterevidence	2:102	81:15		no value	81:15	2:102	2:102	cross_surah	label_target_note	ranked_review	The shared negative particle has no relevant semantic connection.	focus_81_15_cutoff_100.tsv	67	ea974eef08c17034173fbcd4da560fbefdefedd0fb05dd8f99a18dc0f2b93974
reciprocal_nomination	2:102	81:22		weak	81:22	2:102	2:102	cross_surah	label_target_note	ranked_review	Mentions devils and teaching, but offers no direct route to 81:22.	focus_81_22_cutoff_100.tsv	79	1f7161399d3ae961e9f1e4e6b12055544796d1683e74b8eb525dab3670dbda3e
reciprocal_nomination	2:102	81:25		strong	81:25	2:102	2:102	cross_surah	label_target_note	ranked_review	Devils' recitation provides a clear alternative discourse-source contrast.	focus_81_25_cutoff_100.tsv	58	01d387de84d1c9dcec2511b84e8bf90363702fb6454edfa3419232d47643b991
reciprocal_nomination	2:102	82:12		weak	82:12	2:102	2:102	cross_surah	label_target_note	ranked_review	Knowledge and harmful practices occur in a complex narrative without a direct focus route.	focus_82_12_cutoff_100.tsv	60	a8bcc03ee0297b802428052b273d5057a5fe432bfe7b4674205c0c38399585fe
reciprocal_counterevidence	2:102	82:13		no value	82:13	2:102	2:102	cross_surah	label_target_note	ranked_review	No material addition to abrar or naim.	focus_82_13_cutoff_100.tsv	99	14409bd026d90baa8002d6497c10d52726980529d638de95738ba88ad88da064
reciprocal_counterevidence	2:102	82:16		no value	82:16	2:102	2:102	cross_surah	label_target_note	ranked_review	Its warning about harmful learning has no focused absence relation.	focus_82_16_cutoff_100.tsv	88	6348b5cc83b3121b6bc3ce60986f661cd1790bfa62a4bb2d46248279f6a95466
reciprocal_counterevidence	2:102	83:8		no value	83:8	2:102	2:102	cross_surah	label_target_note	ranked_review	No material connection to the focused formula or record.	focus_83_8_cutoff_100.tsv	73	4ec8d4db497714e07a56a08809f8fe849be961bac7dfd64e161d008800c16509
reciprocal_counterevidence	2:102	83:19		no value	83:19	2:102	2:102	cross_surah	label_target_note	ranked_review	No focused route or material connection to Illiyyun.	focus_83_19_cutoff_100.tsv	89	3befa67308a5e0f839d6fbe6ea0d7ed44e39de80ce8acf099a34f0806aef9765
reciprocal_counterevidence	2:102	83:24		no value	83:24	2:102	2:102	cross_surah	label_target_note	ranked_review	Tail-audit item; no material connection to 83:24.	focus_83_24_cutoff_100.tsv	95	edcda1c4f857b04669093b7061ba762494bf7465ecc85edb4481c243f6781566
reciprocal_counterevidence	2:102	83:27		no value	83:27	2:102	2:102	cross_surah	label_target_note	ranked_review	Tail-audit item with no connected evidence.	focus_83_27_cutoff_100.tsv	95	a9f4eb8b4a3beda56bbadbd4c1e522fa44371e972494eb526bcf33622aa07f24
reciprocal_nomination	2:102	84:2		weak	84:2	2:102	2:102	cross_surah	label_target_note	ranked_review	Shares ء ذ ن; only a weak mixed f01 route.	focus_84_2_cutoff_100.tsv	3	883148a6eb7005691f050ab3d3950d0896406dffc8865c54bf9d238ba8ba89df
reciprocal_counterevidence	2:102	84:10		no value	84:10	2:102	2:102	cross_surah	label_target_note	ranked_review	No distinct focused account, rear placement, or judgment-record link.	focus_84_10_cutoff_100.tsv	97	6a5e357e127769f3290afeacbd4c6d5a0f6ba67fc9507222daccf18f9dc3baf6
reciprocal_counterevidence	2:102	84:14		no value	84:14	2:102	2:102	cross_surah	label_target_note	ranked_review	No focused conjecture or return link.	focus_84_14_cutoff_100.tsv	99	6416ab2bcbe9832be2dfb864f96cd485679ae038875dba229cae2bc7b5701d50
reciprocal_counterevidence	2:102	84:15		no value	84:15	2:102	2:102	cross_surah	label_target_note	ranked_review	The legal-narrative material lacks a focused route to divine sight or return.	focus_84_15_cutoff_100.tsv	93	d7301e0475d7d9ac484988424fda4d8dada4fd7f18f0f6a0e8a88aa2fabd16a1
reciprocal_counterevidence	2:102	84:16		no value	84:16	2:102	2:102	cross_surah	label_target_note	ranked_review	No substantive connection beyond an incidental phrase match.	focus_84_16_cutoff_100.tsv	68	1e29a5c1ece231a675116b239ab65c8cfdbea49bc40b2205152b79aa7662132f
reciprocal_counterevidence	2:102	84:17		no value	84:17	2:102	2:102	cross_surah	label_target_note	ranked_review	Only generic surface overlap; no clear contribution to 84:17.	focus_84_17_cutoff_100.tsv	84	55e1f9b415c715030075e6f18eb3a1bc41f65ab7bcee6b701922342f4d53a1d8
reciprocal_nomination	2:102	85:7		weak	85:7	2:102	2:102	cross_surah	label_target_note	ranked_review	Harmful teaching does not establish the focal witness relation.	focus_85_7_cutoff_100.tsv	93	b8be340348a522a6cda7f6678f18cdadf613695f96776f04979ca9cd59179d41
reciprocal_counterevidence	2:102	85:22		no value	85:22	2:102	2:102	cross_surah	label_target_note	ranked_review	No clear addition beyond incidental wording.	focus_85_22_cutoff_100.tsv	79	c585cc38ae15ef97728f90cbb46b7de8efca91029eca8c61fccda07c9af08fe1
reciprocal_nomination	2:102	86:2		weak	86:2	2:102	2:102	cross_surah	label_target_note	ranked_review	Its warning around occult knowledge offers only distant boundary evidence against divinatory readings.	focus_86_2_cutoff_100.tsv	69	5828e633c624884831beaa5ce825733380d2c9e19310c4236c6c1f8d3629975a
reciprocal_counterevidence	2:102	88:12		no value	88:12	2:102	2:102	cross_surah	label_target_note	ranked_review	No focused source, flow, or evidenced auxiliary relation.	focus_88_12_cutoff_100.tsv	99	341c11a5bd4fc0ab9d7f21cad50c1c53d8ab99f8bd8bf0f2be83a0c71dbdb77d
reciprocal_counterevidence	2:102	88:13		no value	88:13	2:102	2:102	cross_surah	label_target_note	ranked_review	No identified contribution to 88:13.	focus_88_13_cutoff_100.tsv	100	0001ed830eea89dd50766961d1179c2117876b818e005d3ba3e27c0becb5bd0c
reciprocal_counterevidence	2:102	88:26		no value	88:26	2:102	2:102	cross_surah	label_target_note	ranked_review	No focused addition to the account's assignment.	focus_88_26_cutoff_100.tsv	99	c92a5265f7a8e4071f27f50e91da7a71fdbc916e20572f0d9bb8bbd410c4b0d1
reciprocal_nomination	2:102	89:5		weak	89:5	2:102	2:102	cross_surah	label_target_note	ranked_review	Its harmful knowledge contrast weakly underscores the need for guarded judgment.	focus_89_5_cutoff_100.tsv	98	b345ff84364f737d5df380d1085f46a9383165f14fd2e01bc8068ffbecc7662c
reciprocal_counterevidence	2:102	89:18		no value	89:18	2:102	2:102	cross_surah	label_target_note	ranked_review	No discernible contribution to the focal care or provision question.	focus_89_18_cutoff_100.tsv	80	f6b7263f63375d3f09070471be4f93251efc33602035d1bf55a85414972fe0b2
reciprocal_nomination	2:102	89:25		weak	89:25	2:102	2:102	cross_surah	label_target_note	ranked_review	No direct route to the focus's punitive claim.	focus_89_25_cutoff_100.tsv	76	0a7a4dd3d15921aebd413275553b3c9a7ed56448d81bbe47c4c5720d823da538
reciprocal_nomination	2:102	89:26		weak	89:26	2:102	2:102	cross_surah	label_target_note	ranked_review	No-one occurs in teaching and harm permissions, not binding.	focus_89_26_cutoff_100.tsv	64	3a42b34fd49652079dd26426bf6cdbfc2755ee3c035e6d46a5331bcc2620e36b
reciprocal_nomination	2:102	89:27		weak	89:27	2:102	2:102	cross_surah	label_target_note	ranked_review	Self-selling offers a distant contrary value-exchange image.	focus_89_27_cutoff_100.tsv	76	b3ed68b35461410715d5629245d1b3a33aa8b71764199e8bac34584db966cee9
reciprocal_nomination	2:102	90:17		weak	90:17	2:102	2:102	cross_surah	label_target_note	ranked_review	Provides a contrary household-separation scene, but no supplied focus-specific route.	focus_90_17_cutoff_100.tsv	99	fcfc42298eaa8979ca53b75016d43851e293b5610ba45857db53d679b09ee4e8
reciprocal_nomination	2:102	91:2		weak	91:2	2:102	2:102	cross_surah	label_target_note	ranked_review	اتباع ve zarar verici aktarım, izleme kavramı için uzak ve ters bir örnektir.	focus_91_2_cutoff_100.tsv	66	858b166dde9883cbb9ef1c89a88fcc12228be1cb3ace29edefdbf7497a3a053a
reciprocal_counterevidence	2:102	92:5		no value	92:5	2:102	2:102	cross_surah	label_target_note	ranked_review	The magic narrative does not clarify giving or taqwa.	focus_92_5_cutoff_100.tsv	97	63e0d890d3d5b74d11046bf97565a12c80248a79da67d8240d9f20b6bfcf10dd
reciprocal_nomination	2:102	92:11		weak	92:11	2:102	2:102	cross_surah	label_target_note	ranked_review	Harm without benefit concerns acquired practice, not wealth or descent.	focus_92_11_cutoff_100.tsv	97	f5578dff392a6f26374bf82b8a7ecd484a5989339f3b35644b817f37584c3e39
reciprocal_counterevidence	2:102	95:2		no value	95:2	2:102	2:102	cross_surah	label_target_note	ranked_review	No identifiable route or focused parallel.	focus_95_2_cutoff_100.tsv	40	6908a2178f7e03be84f2892a9eac0ef16aabe700d3996ac6a18891891ff38342
reciprocal_counterevidence	2:102	96:2		no value	96:2	2:102	2:102	cross_surah	label_target_note	ranked_review	No relevant human-origin route.	focus_96_2_cutoff_100.tsv	79	139363ee99eb9319b5ffbdc863a9e28e39204ebecb90833ef7bd6ff3f4494f0f
reciprocal_counterevidence	2:102	97:2		no value	97:2	2:102	2:102	cross_surah	label_target_note	ranked_review	No focused contribution to the question or its disclosure sequence.	focus_97_2_cutoff_100.tsv	83	4522de43e268e7e15b329a1e26754a926d884af6433d361b946f161952db4726
reciprocal_nomination	2:102	97:4		weak	97:4	2:102	2:102	cross_surah	label_target_note	ranked_review	Pairs ٱلْمَلَكَيْنِ with بِإِذْنِ ٱللَّهِ in a contrary setting.	focus_97_4_cutoff_100.tsv	3	4f1f8e85aa35f396d3c21e7f73708f348d50b6e5959b988070bc979790839fe8
reciprocal_counterevidence	2:102	98:8		no value	98:8	2:102	2:102	cross_surah	label_target_note	ranked_review	Does not materially illuminate verse 8.	focus_98_8_cutoff_100.tsv	95	0c063cd14c1ab946768d6f23c4b58a5e027407f97e67c0b3c62a2871f3005e4e
reciprocal_counterevidence	2:102	100:4		no value	100:4	2:102	2:102	cross_surah	label_target_note	ranked_review	The shared pronoun supplies no scene-level clarification.	focus_100_4_cutoff_100.tsv	46	dae26f5c6ec52859606d95013e0bcadae376a1c1628576a4c58b81f432ea9afe
reciprocal_counterevidence	2:102	100:5		no value	100:5	2:102	2:102	cross_surah	label_target_note	ranked_review	The pronominal link does not establish a focus route.	focus_100_5_cutoff_100.tsv	89	f49e7a4d547447966836678639d333649d3d4454fda025aff287cb4823cd3723
reciprocal_nomination	2:102	100:10		weak	100:10	2:102	2:102	cross_surah	label_target_note	ranked_review	Harmful learning and loss offer no specific inward-disclosure route.	focus_100_10_cutoff_100.tsv	88	ea34d957d7ad8928e53371f5a0800ed41df2c13d04e3cf39082fb75dc9b67d5e
reciprocal_counterevidence	2:102	101:2		no value	101:2	2:102	2:102	cross_surah	label_target_note	ranked_review	No clear lexical, structural, or auxiliary route to the focus question.	focus_101_2_cutoff_100.tsv	44	1480e1e8c9eafe6db424b778c4e0fb71cbd3f6d6dd5da7c5cb3ed2f390f158ad
reciprocal_counterevidence	2:102	101:3		no value	101:3	2:102	2:102	cross_surah	label_target_note	ranked_review	No focused lexical, structural, or linked route adds to 101:3.	focus_101_3_cutoff_100.tsv	64	ba48a8f0598ff8654117f0f47fb86322d3a647e855e0192a0b6eac0333f86800
reciprocal_counterevidence	2:102	101:8		no value	101:8	2:102	2:102	cross_surah	label_target_note	ranked_review	No relevant lexical or contextual connection.	focus_101_8_cutoff_100.tsv	84	1ec8f59a679248d74c614a7411038e3fb009cb083af6f9f16201ccf4dc272ae6
reciprocal_counterevidence	2:102	101:10		no value	101:10	2:102	2:102	cross_surah	label_target_note	ranked_review	No material link to the focus's question, pronoun, or eschatological disclosure.	focus_101_10_cutoff_100.tsv	39	6cc72261c8b473478ec0038131d4d6de0858893d1ec5ec5c8e582b5c9fa8d14d
reciprocal_nomination	2:102	102:2		weak	102:2	2:102	2:102	cross_surah	label_target_note	ranked_review	Knowledge language and loss in the hereafter offer only distant background.	focus_102_2_cutoff_100.tsv	59	70f92999745f9a5dfcf9689d98754848147216fefa67a9762f26ebb5eb9cdfb4
reciprocal_nomination	2:102	102:3		weak	102:3	2:102	2:102	cross_surah	label_target_note	ranked_review	Learning, warning, and known harm are broad knowledge themes without the target sequence.	focus_102_3_cutoff_100.tsv	81	e0b44dc1e4e193713865f3926d448e388e0ac0c30e92fdceb524112b6a0cfd10
reciprocal_counterevidence	2:102	104:5		no value	104:5	2:102	2:102	cross_surah	label_target_note	ranked_review	No material addition to the focus's question or mechanism.	focus_104_5_cutoff_100.tsv	64	2a40d090abdd8161fa41dc927c50c8a907b71f7c0f21461f462f7a4b95a6d403
reciprocal_nomination	2:102	104:7		weak	104:7	2:102	2:102	cross_surah	label_target_note	ranked_review	Knowledge that harms its learner weakly parallels inwardly consequential wrongdoing.	focus_104_7_cutoff_100.tsv	100	42a71a3cd2a047a890972c059af70f6af7f8cbe83ea14850e005fc95e382c170
reciprocal_nomination	2:102	104:8		weak	104:8	2:102	2:102	cross_surah	label_target_note	ranked_review	Its self-harming exchange offers a faint possession-reversal parallel.	focus_104_8_cutoff_100.tsv	99	961928318a5b7665aa826d276d9b693e69b8402eaa5e9321443b94c5e8d61a75
reciprocal_counterevidence	2:102	104:9		no value	104:9	2:102	2:102	cross_surah	label_target_note	ranked_review	Harmful teaching and separation do not clarify enclosure, support, or duration.	focus_104_9_cutoff_100.tsv	90	aec05a8067d45cc36f26eee312d816b53270508e48e1668c0db3c6add927ec68
reciprocal_counterevidence	2:102	105:4		no value	105:4	2:102	2:102	cross_surah	label_target_note	ranked_review	Only incidental token matches.	focus_105_4_cutoff_100.tsv	66	095bd5b1fca8386def0e524af854693de450585e2e0dc5cb3535b181181f9d19
reciprocal_counterevidence	2:102	107:3		no value	107:3	2:102	2:102	cross_surah	label_target_note	ranked_review	Zarar veren bilgi ve aile ayrılığı anlatılır; 107:3'e belirgin bir bakım bağı yoktur.	focus_107_3_cutoff_100.tsv	77	df278562ace877249d31667fb975d0e8ab226f51e752c75df4776ec8eb26f876
reciprocal_counterevidence	2:102	107:5		no value	107:5	2:102	2:102	cross_surah	label_target_note	ranked_review	The magic narrative has no focused connection to prayer-heedlessness.	focus_107_5_cutoff_100.tsv	99	55d6031dd1ee19abc641792a61f6ece42afd6635e31c58b488a3319ec65be0f5
reciprocal_counterevidence	2:102	107:7		no value	107:7	2:102	2:102	cross_surah	label_target_note	ranked_review	Tail-audit item with no route to withheld aid.	focus_107_7_cutoff_100.tsv	95	089a7bd8373704c2382b349b9e66a3be00efbe6bf71e02cee620369604de8e61
reciprocal_counterevidence	2:102	109:4		no value	109:4	2:102	2:102	cross_surah	label_target_note	ranked_review	No relevant worship or allegiance contribution.	focus_109_4_cutoff_100.tsv	97	397b39bd3fccc715180ff70b41f05d6c5593bb8617416abda6948b2851e5f2d0
reciprocal_nomination	2:102	111:4		weak	111:4	2:102	2:102	cross_surah	label_target_note	ranked_review	Spouse-separation and harm provide only an indirect f02 parallel.	focus_111_4_cutoff_100.tsv	85	11b266ea0233d0f619bddbf37c3116c08af25336c84d4d5aa21817defa03bcb3
reciprocal_nomination	2:102	111:5		weak	111:5	2:102	2:102	cross_surah	label_target_note	ranked_review	Magic and marital separation give a remote contrary background for the snare strand.	focus_111_5_cutoff_100.tsv	35	fcf2968cabffcecdd01ff3ed692b4556478510f055e5182b5d5095db5d77dcbb
reciprocal_counterevidence	2:102	112:1		no value	112:1	2:102	2:102	cross_surah	label_target_note	ranked_review	The passage concerns teaching and harm; its Allah references do not clarify 112:1.	focus_112_1_cutoff_100.tsv	20	115cb4f0f7166a1c07dc84b068c1414a7af9c19d29081ca343d55a9d4086e14f
reciprocal_counterevidence	2:102	112:4		no value	112:4	2:102	2:102	cross_surah	label_target_note	ranked_review	Its references to persons and marital separation do not clarify the focus.	focus_112_4_cutoff_100.tsv	22	393c93af6c4d0d406d410141c70bc9f0934bc5550759872a30c27759368a0dcc
reciprocal_nomination	2:102	113:2		medium	113:2	2:102	2:102	cross_surah	label_target_note	ranked_review	Harmful practice is learned and enacted, preserving action as a distinct concern.	focus_113_2_cutoff_100.tsv	81	7a69fc4f1f38c6a0d3b8befcf55fe7c02e8642988d10b5f4f716fc5633173b0e
reciprocal_nomination	2:102	113:3		weak	113:3	2:102	2:102	cross_surah	label_target_note	ranked_review	Tail-audit harm and الشياطين mark another domain, not the focused darkness threshold.	focus_113_3_cutoff_100.tsv	94	7ac7ad86d3b5fa7d7a88590c84b2b7a9927d2a6d85f99e6b104f0d605425332c
reciprocal_nomination	2:102	113:4		strong	113:4	2:102	2:102	cross_surah	label_target_note	ranked_review	Sihr, harm, and separation make this a direct parallel for harmful interference in bonds.	focus_113_4_cutoff_100.tsv	51	7e5a26de7c71d3c559de00bd73a2a63da78168e8cfd1422b01ebadbc35076e45
reciprocal_nomination	2:102	113:5		medium	113:5	2:102	2:102	cross_surah	label_target_note	ranked_review	Harmful learned practices and separation supply a secondary possible external-harm channel.	focus_113_5_cutoff_100.tsv	55	361dba9d76cca1cd7bee64274761185004aad4709312af83216455ac05be99fb
reciprocal_nomination	2:102	114:2		weak	114:2	2:102	2:102	cross_surah	label_target_note	ranked_review	Juxtaposes Sulayman's ملك, human teaching, and deviant influence without a route.	focus_114_2_cutoff_100.tsv	15	f58eb12cf21e7993808be8ee7fcf246e6cfe50acb72f5d6ede4ad94921947b76
reciprocal_nomination	2:102	114:4		medium	114:4	2:102	2:102	cross_surah	label_target_note	ranked_review	Satanic teaching and human harm add a secondary nonhuman-to-human influence pattern.	focus_114_4_cutoff_100.tsv	52	c848ad8ff41a64a4978d6ed01b91075123bf3ea77038acf1b51541b5124bff6a
reciprocal_nomination	2:102	114:5		medium	114:5	2:102	2:102	cross_surah	label_target_note	ranked_review	Shayatin teach harmful matter to people, a human-transmission parallel.	focus_114_5_cutoff_100.tsv	63	918010f558fb519c179c7932fe72c33877e52a652dbdc35bc0aa0f79b958092e
reciprocal_nomination	2:102	114:6		medium	114:6	2:102	2:102	cross_surah	label_target_note	missing_ayah_suggestion	Connects devils with taught, harmful human practice.	focus_114_6_cutoff_100.tsv	115	a4bef73d3130561f21821c2ea653af3bec56b3222c3e23faadd0c296ebcb986a
