record_type	focus_ref	target_ref	focus_direction_label	source_direction_label	source_focus_ref	source_target_ref	source_target_component_ref	relation_scope	source_column_order	source_row_role	source_note	source_file	source_line	source_row_sha256
directional_review	44:19	27:31	strong	strong	44:19	27:31	27:31	cross_surah	label_target_note	ranked_review	It repeats the command not to exalt oneself and couples it with submission, making the closest verbal and ethical parallel.	focus_44_19_cutoff_100.tsv	1	e7ab1ae4b20a082c0778c043718ebf027d6ce56b3d29f6c3713b1281b53eaf99
directional_review	44:19	10:83	strong	strong	44:19	10:83	10:83	cross_surah	label_target_note	ranked_review	It identifies Pharaoh as arrogant and excessive while describing the fear surrounding Moses's followers.	focus_44_19_cutoff_100.tsv	2	086be9aa95943b0720e91ca764092478b3f62712f6ebc1bbe8b26199afc00c38
directional_review	44:19	11:53	medium	medium	44:19	11:53	11:53	cross_surah	label_target_note	ranked_review	The people's rejection that a clear proof has come shows the resistance facing a messenger's asserted authority.	focus_44_19_cutoff_100.tsv	3	bdec7dce227d189d0c38d3f668be5137107acfabef97c998000bdbe8c8d6a911
directional_review	44:19	52:38	strong	strong	44:19	52:38	52:38	cross_surah	label_target_note	ranked_review	It demands clear authority for a claimed privileged access, directly sharpening the standard invoked by the focus.	focus_44_19_cutoff_100.tsv	4	ad9aaa9a0300ad594f57ab2b0def3e4840293f4fd96c1fe800725787b6e9ac41
directional_review	44:19	44:4	weak	weak	44:19	44:4	44:4	same_surah	label_target_note	ranked_review	The local decree of every wise matter gives the surrounding divine-governance setting but adds no direct claim about authority.	focus_44_19_cutoff_100.tsv	5	063f9e7b0061887c949bbf6e07edfe11224d082e78f841b282e2c71a8c2aacdf
directional_review	44:19	20:68	weak	weak	44:19	20:68	20:68	cross_surah	label_target_note	ranked_review	Its reassurance that Moses will prevail concerns the contest with magicians, only indirectly contrasting Pharaoh's elevation.	focus_44_19_cutoff_100.tsv	6	e60719a513f5b70c57efb19bf37c8f6c9d8ca695d141982e5f0d6cba568abb81
directional_review	44:19	51:50	no value	no value	44:19	51:50	51:50	cross_surah	label_target_note	ranked_review	The warning to flee to God is a rejected-route contrast and does not materially clarify domination or evidentiary authority.	focus_44_19_cutoff_100.tsv	7	0266068d71ee4155ddb0175d265e291d74a863fa6f776904681f7aebc87d26df
directional_review	44:19	44:20	strong	strong	44:19	44:20	44:20	same_surah	label_target_note	ranked_review	Moses immediately seeks refuge from being stoned, exposing the coercive response to his clear warrant.	focus_44_19_cutoff_100.tsv	8	ef126fa17ef9943f253e89301aebf5061540affea843ce714c92e46401cb2c7f
directional_review	44:19	17:4	strong	strong	44:19	17:4	17:4	cross_surah	label_target_note	ranked_review	It joins grave corruption with great self-exaltation, supplying a concrete pattern of condemned arrogance.	focus_44_19_cutoff_100.tsv	9	a7619716b9b240720b943d71f06ac06a9f92cd827c2c9ac81129aa57908d70c5
directional_review	44:19	51:38	strong	strong	44:19	51:38	51:38	cross_surah	label_target_note	ranked_review	It explicitly places Moses before Pharaoh with a clear authority, closely reproducing the focus scene.	focus_44_19_cutoff_100.tsv	10	3a5ceb8e32e56bf399c7d3f2d2f8ef4a62292bc27aa3a2e388644ebe411f6930
directional_review	44:19	44:31	strong	strong	44:19	44:31	44:31	same_surah	label_target_note	ranked_review	It identifies Pharaoh as arrogant and excessive within the same narrative, directly specifying the domination opposed in the focus.	focus_44_19_cutoff_100.tsv	11	13dc412475a1c4f12d9c1a4393e06dd1aa29746c00473a1327206cc6f88d2933
directional_review	44:19	40:23	strong	strong	44:19	40:23	40:23	cross_surah	label_target_note	ranked_review	It states that Moses was sent with signs and clear authority, a direct parallel to his declaration here.	focus_44_19_cutoff_100.tsv	12	9ebda99b8089b5631772095e9bf1e38a77f7a08bb12baf4e2e635379ff9a5f7d
directional_review	44:19	27:7	no value	no value	44:19	27:7	27:7	cross_surah	label_target_note	ranked_review	Moses's offer to bring news or a firebrand shares only an incidental coming verb.	focus_44_19_cutoff_100.tsv	13	df888880bd9440406fbf0802c4c5fa6dfed6edd2f70016bd583891ca9afe9b62
directional_review	44:19	17:33	medium	medium	44:19	17:33	17:33	cross_surah	label_target_note	ranked_review	It distinguishes a bounded legal authority from excess, usefully contrasting legitimate warrant with overreaching power.	focus_44_19_cutoff_100.tsv	14	d4d6cea38d1b1e7bbd4004f60a831f4dfbf0bf163ed7c866113c22c5fb6ec345
directional_review	44:19	84:10	no value	no value	44:19	84:10	84:10	cross_surah	label_target_note	ranked_review	Receiving a record from behind has no material relation to the focus's authority or arrogant domination.	focus_44_19_cutoff_100.tsv	15	bbbeeaa531c0d27408026826a09c9f0d465d58d94fafe7ae6a82d68108e976d7
directional_review	44:19	14:11	strong	strong	44:19	14:11	14:11	cross_surah	label_target_note	ranked_review	Messengers deny independent power and make their authority dependent on God's permission, clarifying the source of the focus's warrant.	focus_44_19_cutoff_100.tsv	16	eaef93ba4fe6129f7712f0e3ce5e793c3d846798e94f8647a4d5dee21dffee2c
directional_review	44:19	44:6	weak	weak	44:19	44:6	44:6	same_surah	label_target_note	ranked_review	The local reference to divine mercy frames the mission's source, but it is less specific than the surrounding Moses verses.	focus_44_19_cutoff_100.tsv	17	2309dc7d29a444ba3f09cc377fd07a7567712c4c9e873698c9afa2b74960da5e
directional_review	44:19	14:44	medium	medium	44:19	14:44	14:44	cross_surah	label_target_note	ranked_review	The warning that rejecters later ask to follow the messengers shows the consequence of resisting their call.	focus_44_19_cutoff_100.tsv	18	5350654c66c893fe2aca84247deb533863b71949a1fae28c1184df0a1a9dd45a
directional_review	44:19	20:10	no value	no value	44:19	20:10	20:10	cross_surah	label_target_note	ranked_review	Moses's search for guidance by the fire is narrative background without a clear authority or domination relation.	focus_44_19_cutoff_100.tsv	19	9b4bb88b506b6931a2697e53be1ae42276a1883b6111cd90c70e15433bbfa274
directional_review	44:19	44:21	strong	strong	44:19	44:21	44:21	same_surah	label_target_note	ranked_review	The immediate instruction to leave Moses alone shows the alternative response when his authority is not accepted.	focus_44_19_cutoff_100.tsv	20	7460f9b2c42d41590ce463ab5de2e8207dc4b381e8cacf41cfe8bce2bd6e15ef
directional_review	44:19	69:25	no value	no value	44:19	69:25	69:25	cross_surah	label_target_note	ranked_review	The receiving of a record in the left hand is unrelated to the present claim of a clear warrant.	focus_44_19_cutoff_100.tsv	21	cfd8b79282136281b8a41f6500dc537a380ae0a89b31df0c048767abb8795fb3
directional_review	44:19	28:29	no value	no value	44:19	28:29	28:29	cross_surah	label_target_note	ranked_review	This parallel travel-to-the-fire scene is only remote background to Moses's later mission.	focus_44_19_cutoff_100.tsv	22	f880b0c755e076a730458af6b8f69059aaa27721050e3d1b9aab5ea8a2c60ee0
directional_review	44:19	44:18	strong	strong	44:19	44:18	44:18	same_surah	label_target_note	ranked_review	Moses's preceding demand for God's servants and self-identification as a trustworthy messenger directly introduces the focus declaration.	focus_44_19_cutoff_100.tsv	23	55d9e80fbf6c4abb30b5c86239cd02f3fe0803451e9ad70578e5b6d4ce1519b8
directional_review	44:19	59:6	weak	weak	44:19	59:6	59:6	cross_surah	label_target_note	ranked_review	God's granting power to messengers gives a broad authority frame but concerns distribution of spoils rather than Moses's proof.	focus_44_19_cutoff_100.tsv	24	a55ad39f3897680e0032c0702c46441cf2594ef388f3731955da44355aaf57ac
directional_review	44:19	57:23	weak	weak	44:19	57:23	57:23	cross_surah	label_target_note	ranked_review	Its rejection of boastful pride supplies a general ethical contrast to self-exaltation, without the focus's authority claim.	focus_44_19_cutoff_100.tsv	25	c23486feb816ba722dc99398aeba8aed3fb6ece7dae3903731f1d0d8d39b2afd
directional_review	44:19	11:96	strong	strong	44:19	11:96	11:96	cross_surah	label_target_note	ranked_review	It repeats that Moses came with signs and clear authority, reinforcing the same prophetic warrant already central to the focus.	focus_44_19_cutoff_100.tsv	26	d1fe8ceb1ac3b719d4d661bc7c1591644590a979678ff2986d1642e6d1ab49cb
directional_review	44:19	14:10	strong	strong	44:19	14:10	14:10	cross_surah	label_target_note	ranked_review	The demand that messengers bring clear authority shows the dispute over evidentiary legitimacy that the focus answers.	focus_44_19_cutoff_100.tsv	27	c660607eb6b26f15d57162a48097d93fe88d87ed15f112fe3fbb3bb61e6c5375
directional_review	44:19	18:15	strong	strong	44:19	18:15	18:15	cross_surah	label_target_note	ranked_review	It rejects worship claims lacking clear authority and condemns fabrication against God, closely aligning proof with anti-usurpation.	focus_44_19_cutoff_100.tsv	28	b5a5f93aa6b7d9691e26b19dc2d60f72070ed655bdf2f8bc33e435acdb3fd3c6
directional_review	44:19	44:11	weak	weak	44:19	44:11	44:11	same_surah	label_target_note	ranked_review	The local painful punishment broadens the episode's warning but does not explain Moses's authority.	focus_44_19_cutoff_100.tsv	29	6ed5dc1ca3739efd27a3b053259001646f64debeb124f6f52c269019c6480fad
directional_review	44:19	16:26	weak	weak	44:19	16:26	16:26	cross_surah	label_target_note	ranked_review	The collapse of earlier schemers gives a general consequence for opposition, with no specific authority relation.	focus_44_19_cutoff_100.tsv	30	e6c213c1e3287a867ad52378f815625b6ba0beb6128c780d61fa7b6937b3a63c
directional_review	44:19	7:33	strong	strong	44:19	7:33	7:33	cross_surah	label_target_note	ranked_review	It prohibits associating with God without authority and speaking of God without knowledge, directly defining illegitimate religious claims.	focus_44_19_cutoff_100.tsv	31	7d7562652085f524bf7481b32815985a8740c47d25988e96fb95b534219c20e9
directional_review	44:19	44:17	strong	strong	44:19	44:17	44:17	same_surah	label_target_note	ranked_review	The local introduction names Pharaoh's people and the noble messenger, supplying the immediate narrative frame for the focus.	focus_44_19_cutoff_100.tsv	32	8baca16fb743d95cec589915c57343c1b872f3fe50868b6833a471731747fd57
directional_review	44:19	42:4	medium	medium	44:19	42:4	42:4	cross_surah	label_target_note	ranked_review	God's supreme exaltedness provides the theological counterpoint to any creature claiming elevation against Him.	focus_44_19_cutoff_100.tsv	33	cd2f9a72586f14755d12bb3ef3821d3fb62570b4734501ba13c8b301be8140d6
directional_review	44:19	59:7	weak	weak	44:19	59:7	59:7	cross_surah	label_target_note	ranked_review	Obedience to the messenger supports a broad legitimate-authority theme, but the verse concerns communal distribution.	focus_44_19_cutoff_100.tsv	34	94df3d4b8379e0196d6e181fee3b4132979109f6b3cd3b55aa5f6dbbdd715c6d
directional_review	44:19	44:10	medium	medium	44:19	44:10	44:10	same_surah	label_target_note	ranked_review	The local clear sign and approaching punishment frame the resistance in which Moses presents his warrant.	focus_44_19_cutoff_100.tsv	35	5d2ab35bf837485baeaad5a66676625096bfc4f4ac357edbc75974d23c8326d8
directional_review	44:19	53:7	no value	no value	44:19	53:7	53:7	cross_surah	label_target_note	ranked_review	The description of the highest horizon uses elevation in a different setting and is a rejected-route contrast.	focus_44_19_cutoff_100.tsv	36	9049845fadb6b9b64211eed06aef14dc6609b245e208e83d722eab8655a70d54
directional_review	44:19	7:190	medium	medium	44:19	7:190	7:190	cross_surah	label_target_note	ranked_review	God's transcendence over association counters attempts to give others a share in divine standing.	focus_44_19_cutoff_100.tsv	37	1dd168ee5d33606a19ccf54fa10be86d58cca0c3515962b5c5cbca1ed7cbf9b0
directional_review	44:19	37:117	weak	weak	44:19	37:117	37:117	cross_surah	label_target_note	ranked_review	The granting of a clarifying book to Moses and Aaron offers a distant corroboration of prophetic disclosure.	focus_44_19_cutoff_100.tsv	38	22603452327a43ab645c3c647eac6d11e996daa0ccc843ea505ba07810a7ea98
directional_review	44:19	62:4	no value	no value	44:19	62:4	62:4	cross_surah	label_target_note	ranked_review	Divine favor being given to whom He wills does not materially illuminate the focus's contested authority.	focus_44_19_cutoff_100.tsv	39	3778ad9f073de6d80caf689fc6987f5b9ca9cee0854ced1902fe303aec9d51d5
directional_review	44:19	12:5	no value	no value	44:19	12:5	12:5	cross_surah	label_target_note	ranked_review	The clear enmity of Satan in Joseph's family setting does not develop the focus reading.	focus_44_19_cutoff_100.tsv	40	e6001d9956ba5cf361ee30fdcc1ce96c197c99d6e18a16acff67e7262ff654ab
directional_review	44:19	44:14	medium	medium	44:19	44:14	44:14	same_surah	label_target_note	ranked_review	The local turn away and charge of being taught or mad displays the audience's refusal of the messenger's claim.	focus_44_19_cutoff_100.tsv	41	9590211c5202c849e5dbb33838ef1ea6bac67378736541c4e47f1a7157a5ce7e
directional_review	44:19	85:17	no value	no value	44:19	85:17	85:17	cross_surah	label_target_note	ranked_review	The reference to hostile forces is a rejected-route contrast without a substantive link to the focus.	focus_44_19_cutoff_100.tsv	42	e2e62e4f01250fbbebc98a2b82c2cfe7f29fdf23aa660e6210b0dcde2c1cb51d
directional_review	44:19	12:52	no value	no value	44:19	12:52	12:52	cross_surah	label_target_note	ranked_review	Joseph's claim of honesty and the failure of treachery does not clarify Moses's authority or Pharaoh's arrogance.	focus_44_19_cutoff_100.tsv	43	e4bbf96c0c8b05f4e1f23c89418d06f89b9f22594476d5ca3c2d6d1eb10db33d
directional_review	44:19	44:32	weak	weak	44:19	44:32	44:32	same_surah	label_target_note	ranked_review	The local choosing of Israel with knowledge supplies narrative context, but not the focus's demand against overreach.	focus_44_19_cutoff_100.tsv	44	0df1463a871cfea2a69d7a0b7fbdaca9b45da909af52e5217472224ad88a44a5
directional_review	44:19	4:50	weak	weak	44:19	4:50	4:50	cross_surah	label_target_note	ranked_review	Fabrication against God is a limited parallel to illegitimate claims made in God's name.	focus_44_19_cutoff_100.tsv	45	2fff2ec5312826d8906e9f114ac6461a37a7464e5651c1381813e987d4266d37
directional_review	44:19	16:1	medium	medium	44:19	16:1	16:1	cross_surah	label_target_note	ranked_review	God's transcendence above association gives a theological boundary against placing rivals in divine authority.	focus_44_19_cutoff_100.tsv	46	443b049f373ddf865b0bc236e1340248a3159485935dee102ec3261d74d80b9a
directional_review	44:19	44:58	weak	weak	44:19	44:58	44:58	same_surah	label_target_note	ranked_review	The local facilitation of the Quran for remembrance is distant from Moses's clear authority.	focus_44_19_cutoff_100.tsv	47	4b929fe13cb31c0158c368c644d5773479e16dc50c78da93c300c7251fba0f37
directional_review	44:19	6:5	medium	medium	44:19	6:5	6:5	cross_surah	label_target_note	ranked_review	Rejecting truth when it arrives and later receiving its consequences parallels resistance to a messenger's warrant.	focus_44_19_cutoff_100.tsv	48	4ff08b398d80987e5cf2a113899156233c5e9ec460084dbc7b522e2ec8618311
directional_review	44:19	31:30	medium	medium	44:19	31:30	31:30	cross_surah	label_target_note	ranked_review	It affirms God as the true and exalted one over false objects of invocation, countering rival elevation.	focus_44_19_cutoff_100.tsv	49	569ba523e7b35ee8671ade661c5db9e8ff73a10d41ce665a9ae8a71df28cb2ce
directional_review	44:19	44:33	weak	weak	44:19	44:33	44:33	same_surah	label_target_note	ranked_review	The local clear trial-signs complete the Pharaoh narrative context but add less than the direct mission verses.	focus_44_19_cutoff_100.tsv	50	777019bbb4a04ffc2402d4dadccc53128079a4b5fd4b080cccc57618a5056df2
directional_review	44:19	47:35	no value	no value	44:19	47:35	47:35	cross_surah	label_target_note	ranked_review	Believers being uppermost in conflict is not the condemned self-exaltation addressed in the focus.	focus_44_19_cutoff_100.tsv	51	844ba608b6035204424adff88d8ce66d4dab3104df7759170ff5857978e5211f
directional_review	44:19	22:62	medium	medium	44:19	22:62	22:62	cross_surah	label_target_note	ranked_review	Its affirmation that God is the true and exalted one supplies the same anti-rival theological boundary.	focus_44_19_cutoff_100.tsv	52	431b2a1727422a19c74e188feffe49051af71aded6e4e3262a137aea51fec8e5
directional_review	44:19	39:53	weak	weak	44:19	39:53	39:53	cross_surah	label_target_note	ranked_review	Mercy for those excessive against themselves only broadly recalls the focus's opposition to excess.	focus_44_19_cutoff_100.tsv	53	80627eccfaba8dbba228a4e736a2f32144196d9b4f1e7b9b0c8a560c364eb36c
directional_review	44:19	83:19	no value	no value	44:19	83:19	83:19	cross_surah	label_target_note	ranked_review	The name of the lofty register is a rejected-route lexical parallel without interpretive value here.	focus_44_19_cutoff_100.tsv	54	be2ab67f55dea3436db8015cd9b1fe8748caa6574d31cf20e1c0089b8893e5aa
directional_review	44:19	46:15	no value	no value	44:19	46:15	46:15	cross_surah	label_target_note	ranked_review	The prayer for gratitude and family righteousness does not address clear warrant or domination.	focus_44_19_cutoff_100.tsv	55	f52fa9deadfb9f3416c7602516748cb266bed09ee4e11d4bfdd0647ab8ca99b7
directional_review	44:19	37:154	weak	weak	44:19	37:154	37:154	cross_surah	label_target_note	ranked_review	The rebuke of unsound judgment slightly supports the focus's challenge to unjustified claims.	focus_44_19_cutoff_100.tsv	56	c089d7faeb0f2197e7abd22630fa51e9b9a062ed71fddd70dcacb4d86a04e795
directional_review	44:19	98:4	strong	strong	44:19	98:4	98:4	cross_surah	label_target_note	ranked_review	It explicitly links division after clear evidence to those given scripture, a close pattern of response to manifest proof.	focus_44_19_cutoff_100.tsv	57	7355f9be23a8ca569edab765c29f0f02fbf180acd85702075fd6ddd9db3deca4
directional_review	44:19	51:51	medium	medium	44:19	51:51	51:51	cross_surah	label_target_note	ranked_review	The warning against setting another god beside God supports the focus's boundary against rival divine claims.	focus_44_19_cutoff_100.tsv	58	6189540d6eca077b0ac6ddb95989c5e54f6dbd3827850abfd164628d0f5414ad
directional_review	44:19	37:156	strong	strong	44:19	37:156	37:156	cross_surah	label_target_note	ranked_review	Its direct question about possessing clear authority exposes the need for the very warrant asserted in the focus.	focus_44_19_cutoff_100.tsv	59	922aa222bb3399f8d1fe54bc16c1c19a2cab664f06b02f77aa45eaa6023ba273
directional_review	44:19	12:1	weak	weak	44:19	12:1	12:1	cross_surah	label_target_note	ranked_review	The clear book is a broad disclosure parallel but does not bear on authority or arrogance.	focus_44_19_cutoff_100.tsv	60	de40aa9cccd37841cdc2c7a57be7055bd2e4cce02a419245dfa76497a74ebbb4
directional_review	44:19	27:21	medium	medium	44:19	27:21	27:21	cross_surah	label_target_note	ranked_review	A subordinate must bring clear authority to answer a ruler, offering a concrete but inverse authority scene.	focus_44_19_cutoff_100.tsv	61	bbceca9914b247e2e529801cbb03af8240aaefe334ff64f96ef949c262b13136
directional_review	44:19	37:155	no value	no value	44:19	37:155	37:155	cross_surah	label_target_note	ranked_review	The call to remember is too general to add to the focus interpretation.	focus_44_19_cutoff_100.tsv	62	9a3e251b3fed7af2e7079ec65a153e0714f49e9a85d2390a4e077867c0c3bffd
directional_review	44:19	15:64	weak	weak	44:19	15:64	15:64	cross_surah	label_target_note	ranked_review	Bringing the truth gives a general prophetic-proof parallel, without the focus's authority and domination contrast.	focus_44_19_cutoff_100.tsv	63	a851e4057946ea421c1f89dc4fbdcb5d0dc68183e91ac14164e63f0645d936db
directional_review	44:19	69:11	no value	no value	44:19	69:11	69:11	cross_surah	label_target_note	ranked_review	The flooding water narrative does not materially support the focus reading.	focus_44_19_cutoff_100.tsv	64	9035e6a4d5e7b18634f70d0f6bea4af7d0fce3fb70e218e879ea2bf8d6cf9c4a
directional_review	44:19	43:5	weak	weak	44:19	43:5	43:5	cross_surah	label_target_note	ranked_review	The question of withholding reminder from an excessive people broadly frames resistance to divine communication.	focus_44_19_cutoff_100.tsv	65	41e35c876d6bf222e12c6e265a3405288867b3c166780912b6a88915c4dfe5d8
directional_review	44:19	2:242	weak	weak	44:19	2:242	2:242	cross_surah	label_target_note	ranked_review	God's clarification of signs is a general evidence theme already better represented by direct clear-authority passages.	focus_44_19_cutoff_100.tsv	66	ca87b7eeb81454b6019361fff19e472f0a415ae056b1a4f86796473fea69c73a
directional_review	44:19	11:26	weak	weak	44:19	11:26	11:26	cross_surah	label_target_note	ranked_review	The warning of a painful day and exclusive worship supports prophetic admonition, but not the focus's specific warrant.	focus_44_19_cutoff_100.tsv	67	415d0c77aa589dd89b1976ced040d3cdf27223255475759c48955a95596cb90f
directional_review	44:19	7:31	no value	no value	44:19	7:31	7:31	cross_surah	label_target_note	ranked_review	The command against excess in consumption is a different form of excess from Pharaoh's domination.	focus_44_19_cutoff_100.tsv	68	2c848cd8dd9252c2bd2cea017cd5ceb4943c4cd9cad81d2f142e4bfb6008bb5c
directional_review	44:19	4:53	weak	weak	44:19	4:53	4:53	cross_surah	label_target_note	ranked_review	Its skeptical question about a share in rule lightly challenges claims to controlling authority.	focus_44_19_cutoff_100.tsv	69	43df693899e4d0cde251a8fb63d80878ebb983cef87e49299b79a069117c7a6f
directional_review	44:19	43:62	weak	weak	44:19	43:62	43:62	cross_surah	label_target_note	ranked_review	Satan's obstruction from the path provides only a broad explanation for resistance to clear guidance.	focus_44_19_cutoff_100.tsv	70	73b04ee95b44c39404db235c5ff1768361101c5907366614b2544f8ff899ad03
directional_review	44:19	25:67	no value	no value	44:19	25:67	25:67	cross_surah	label_target_note	ranked_review	Moderation in spending does not clarify the focus's assertion of a clear authority.	focus_44_19_cutoff_100.tsv	71	4eac680dee7162f0ae59b441133e7338f887458cd3ff5ac0c1397a29360c5309
directional_review	44:19	79:15	weak	weak	44:19	79:15	79:15	cross_surah	label_target_note	ranked_review	Its introduction to Moses's story gives remote narrative context but no substantive connection on its own.	focus_44_19_cutoff_100.tsv	72	504f349df00ff9799ca34ae9ca86a57cd9ffba716e0f2d5635e8246dae2bbfb7
directional_review	44:19	3:196	no value	no value	44:19	3:196	3:196	cross_surah	label_target_note	ranked_review	The movement of disbelievers through lands does not bear on the focus reading.	focus_44_19_cutoff_100.tsv	73	e68823a571b5f0044e9bd333c49661bbf737b2a35408c7f56a7dd480db68378d
directional_review	44:19	23:47	medium	medium	44:19	23:47	23:47	cross_surah	label_target_note	ranked_review	Pharaoh's people reject Moses and Aaron while claiming their people serve them, clearly displaying arrogant domination.	focus_44_19_cutoff_100.tsv	74	317de927bef23bce60285aff81344783cdafc260c53c38553d9d9b93d85540f0
directional_review	44:19	87:1	weak	weak	44:19	87:1	87:1	cross_surah	label_target_note	ranked_review	The command to glorify the Most High gives a general theological counterpoint to human self-exaltation.	focus_44_19_cutoff_100.tsv	75	1fe7f2b375b823fcf06126625189716a600689b2698ff09c2e70a7727a0757a3
directional_review	44:19	7:105	strong	strong	44:19	7:105	7:105	cross_surah	label_target_note	ranked_review	Moses vows to speak only truth about God and presents a clear proof while demanding Israel's release, closely matching the focus mission.	focus_44_19_cutoff_100.tsv	76	ec13176a29cad8284eab0e9bb8fcc344c142cdf8b0b517f35caae8c28393c5a9
directional_review	44:19	37:157	medium	medium	44:19	37:157	37:157	cross_surah	label_target_note	ranked_review	The demand to produce a book if truthful reinforces the focus's standard of demonstrable authority.	focus_44_19_cutoff_100.tsv	77	c58c81e7a181533afbaecaf819e729cf5933004d1db42012ee77c11a0a59f2d0
directional_review	44:19	6:40	weak	weak	44:19	6:40	6:40	cross_surah	label_target_note	ranked_review	The coming punishment and failed appeal to others provide a broad warning against false reliance.	focus_44_19_cutoff_100.tsv	78	0da2df7969a4dd3fdf550198c67f37002ec978c84e95f43c5cd6be263eccf2b1
directional_review	44:19	71:2	weak	weak	44:19	71:2	71:2	cross_surah	label_target_note	ranked_review	Noah's self-description as a clear warner is a general messenger parallel, less specific than Moses's clear authority.	focus_44_19_cutoff_100.tsv	79	5f8389fc2ea85e1a87d249b2235bd15b6511ece1a89122490cff9457f31e95e4
directional_review	44:19	51:34	no value	no value	44:19	51:34	51:34	cross_surah	label_target_note	ranked_review	The marked punishment for excessive people has no direct relation to the focus's claim or scene.	focus_44_19_cutoff_100.tsv	80	5cfdb53a4969211a6df9f20fc2d5834397032e65e3776d92b9d10ba5806e0e63
directional_review	44:19	9:59	no value	no value	44:19	9:59	9:59	cross_surah	label_target_note	ranked_review	Contentment with God's and His messenger's provision concerns reception of charity rather than authority.	focus_44_19_cutoff_100.tsv	81	fc9fb9ef1642d092efa154b5a10af3714b77969164288b05ba5d2aac7096eacc
directional_review	44:19	23:45	strong	strong	44:19	23:45	23:45	cross_surah	label_target_note	ranked_review	It sends Moses and Aaron with signs and clear authority, another direct formulation of the focus's prophetic warrant.	focus_44_19_cutoff_100.tsv	82	b6f6eeb20365cb319bbdd8164e6b219f73de61b8c786d51ad9a75ae13c9623ad
directional_review	44:19	36:15	medium	medium	44:19	36:15	36:15	cross_surah	label_target_note	ranked_review	The denial that human messengers received anything from God illustrates the rejection of a messenger's authority.	focus_44_19_cutoff_100.tsv	83	3cc9b9ae02145ef62ed97cec873d2f2824c485c28aec130793dda990dcc0b515
directional_review	44:19	30:40	medium	medium	44:19	30:40	30:40	cross_surah	label_target_note	ranked_review	God's exclusive creative and life-giving power, and transcendence over partners, counters any rival divine claim.	focus_44_19_cutoff_100.tsv	84	e4769c3c48541cc34046549f0506a195b4facf010f0ead93fc4724df914fc4a5
directional_review	44:19	2:169	medium	medium	44:19	2:169	2:169	cross_surah	label_target_note	ranked_review	It forbids speaking about God without knowledge, directly limiting the presumptuous religious speech opposed by the focus.	focus_44_19_cutoff_100.tsv	85	52e6c2ce2355b92c029f8020df43477e581c5d3f189c10596581dccf7fd93a67
directional_review	44:19	36:16	weak	weak	44:19	36:16	36:16	cross_surah	label_target_note	ranked_review	The messengers' affirmation of being sent supplies a general answer to denial, without a clear-warrant formulation.	focus_44_19_cutoff_100.tsv	86	dc87e70a2dd6b540609f17362ecc8a8193beb1a45fe4aec5f511af9b0fafc2fd
directional_review	44:19	55:33	medium	medium	44:19	55:33	55:33	cross_surah	label_target_note	ranked_review	It makes passage dependent on authority, usefully distinguishing valid enabling power from self-asserted control.	focus_44_19_cutoff_100.tsv	87	000970ff11651bec9f33ff8812a9bb6d5e05eb141a8d964939f96a3f550c1e53
directional_review	44:19	24:33	no value	no value	44:19	24:33	24:33	cross_surah	label_target_note	ranked_review	The verse's contract and coercion regulations concern a distinct social-legal setting and offer only contrast evidence.	focus_44_19_cutoff_100.tsv	88	4d416074ba7197d527b931db58921e0a7a5ac98bf4a5e2b4ce009a4fc8cfb4ef
directional_review	44:19	36:19	weak	weak	44:19	36:19	36:19	cross_surah	label_target_note	ranked_review	The accusation of excess amid rejection of messengers offers a limited parallel to conflict over prophetic warning.	focus_44_19_cutoff_100.tsv	89	a27e7dd724666d1b9f7d984be67a6ab4e7202968e92889b39bba3e9400c3e993
directional_review	44:19	7:106	weak	weak	44:19	7:106	7:106	cross_surah	label_target_note	ranked_review	Pharaoh's demand for a sign begins the evidentiary contest, but adds little after the direct Moses-proof passages.	focus_44_19_cutoff_100.tsv	90	334381426a4b3dfe94f6baf36782ccc61ff3a97294502757d8df049e19e139d9
directional_review	44:19	30:59	weak	weak	44:19	30:59	30:59	cross_surah	label_target_note	ranked_review	The sealing of hearts that do not know gives a general account of why clear guidance is refused.	focus_44_19_cutoff_100.tsv	91	248bab87e1e41f11331bb760b9d21d5736d1fbc1cdfd0dc935af643ba6fa96e6
directional_review	44:19	10:79	weak	weak	44:19	10:79	10:79	cross_surah	label_target_note	ranked_review	Pharaoh's gathering of magicians shows his attempt to answer Moses institutionally, but is only contextual support.	focus_44_19_cutoff_100.tsv	92	2b55034d5b3aa0666a7fde388e02260b2ea24730aca4872c8add92b41344716b
directional_review	44:19	16:109	no value	no value	44:19	16:109	16:109	cross_surah	label_target_note	ranked_review	The statement that they lose in the Hereafter does not clarify authority, proof, or arrogance.	focus_44_19_cutoff_100.tsv	93	7fe44b9dc58317309e7d956f0f613d84484f3d02b0e00c27420ce0ee9ed280f9
directional_review	44:19	2:99	medium	medium	44:19	2:99	2:99	cross_surah	label_target_note	ranked_review	Clear signs followed by rejection provide a compact parallel to the refusal of manifest divine evidence.	focus_44_19_cutoff_100.tsv	94	a9e21f1e0446d23fa9be846e3db91569b9986fa4d618a47ee32a6a3ec11880dc
directional_review	44:19	3:92	no value	no value	44:19	3:92	3:92	cross_surah	label_target_note	ranked_review	The requirement of spending what one loves does not add to the focus's authority reading.	focus_44_19_cutoff_100.tsv	95	d15b521f42ffe0272605466e39531b73131de6eeb2308cb411d1be6e77c6b47c
directional_review	44:19	27:75	weak	weak	44:19	27:75	27:75	cross_surah	label_target_note	ranked_review	The clear record offers a distant clarity motif but no claim about legitimate authority.	focus_44_19_cutoff_100.tsv	96	4bfdcac0da3d0b9a1c15ed71e1780003598a1afe9a5be88f46fe36164ec1edd9
directional_review	44:19	36:4	weak	weak	44:19	36:4	36:4	cross_surah	label_target_note	ranked_review	The straight path supplies a broad positive alternative to arrogant resistance of God's messenger.	focus_44_19_cutoff_100.tsv	97	c56a09157220e19098b6e77bb02ac1c6ed620294b28b03e3dc602f7514734e16
directional_review	44:19	49:6	weak	weak	44:19	49:6	49:6	cross_surah	label_target_note	ranked_review	Verification before acting on a report supports evidence-based judgment, only indirectly related to clear authority.	focus_44_19_cutoff_100.tsv	98	938a09b88550262d526a5f0be0fa63c9a0f9ae482aee9b76b8fe84009c18c385
directional_review	44:19	28:78	medium	medium	44:19	28:78	28:78	cross_surah	label_target_note	ranked_review	Qarun's claim that wealth came through his own knowledge gives a concrete model of self-attributed power and arrogance.	focus_44_19_cutoff_100.tsv	99	d89d136384ed8b2422c0d3779149f3b97b463f5ab2ab5e297bc5a55cea30cc27
directional_review	44:19	98:5	weak	weak	44:19	98:5	98:5	cross_surah	label_target_note	ranked_review	Exclusive sincere worship provides a general boundary against rival religious claims, without a direct proof relation.	focus_44_19_cutoff_100.tsv	100	067a02944bfcdc3ecfee3b1d4c434708ac41380625d50c066a9761545bf236b8
directional_review	44:19	7:103	strong	strong	44:19	7:103	7:103	cross_surah	label_target_note	missing_ayah_suggestion	It begins the Moses-and-Pharaoh confrontation by sending Moses with divine signs to Pharaoh and his chiefs.	focus_44_19_cutoff_100.tsv	101	2a4aefe074ec165898b1be4977c027efa545d9bfe1f9f41df6f41e65f1d83f0b
directional_review	44:19	7:104	strong	strong	44:19	7:104	7:104	cross_surah	label_target_note	missing_ayah_suggestion	Moses directly identifies himself to Pharaoh as a messenger from the Lord of all worlds, grounding his authority in God.	focus_44_19_cutoff_100.tsv	102	9d4deea6807dd98eee4b1886814b39573611cb1066e5bcdbbfa95e49f57a0d5d
directional_review	44:19	7:107	medium	medium	44:19	7:107	7:107	cross_surah	label_target_note	missing_ayah_suggestion	The staff becoming a manifest serpent is a concrete sign that substantiates Moses's stated clear authority.	focus_44_19_cutoff_100.tsv	103	312e46f4c457c5ee8fe8e96d04f1d65e2094206eaf2b6ab124456f06c5b4f42c
directional_review	44:19	7:108	medium	medium	44:19	7:108	7:108	cross_surah	label_target_note	missing_ayah_suggestion	The shining hand is another visible proof accompanying Moses before Pharaoh.	focus_44_19_cutoff_100.tsv	104	c27f899b2cd1515ffb9c1f18c69ed8ce9c7640e46cd30c49e33f90687e04a0cc
directional_review	44:19	7:126	medium	medium	44:19	7:126	7:126	cross_surah	label_target_note	missing_ayah_suggestion	The believers' response to Pharaoh's retaliation names the signs that came to them and refuses his coercive power.	focus_44_19_cutoff_100.tsv	105	cb5e51e2dea6242165b8277404f3d6ba1e97d8ab591724b3254931924987855a
directional_review	44:19	10:75	strong	strong	44:19	10:75	10:75	cross_surah	label_target_note	missing_ayah_suggestion	It sends Moses and Aaron with signs to Pharaoh and his chiefs, explicitly framing their arrogant rejection.	focus_44_19_cutoff_100.tsv	106	d8352e39a0638a08d8d310e827a0ff54ecd9ab57d1abd9069bb2398554cde67e
directional_review	44:19	10:76	strong	strong	44:19	10:76	10:76	cross_surah	label_target_note	missing_ayah_suggestion	It records Pharaoh's side calling the truth brought to them manifest magic, directly showing resistance to clear proof.	focus_44_19_cutoff_100.tsv	107	0437f226381f41e1f3a522de689455d980d0e7a6e0b42e6715b2f07dcc2d0dda
directional_review	44:19	10:78	medium	medium	44:19	10:78	10:78	cross_surah	label_target_note	missing_ayah_suggestion	The accusation that Moses came to turn people from inherited ways explains the political resistance to his divine authority.	focus_44_19_cutoff_100.tsv	108	e819d8b3437646d98fbfa5866d7d7c70d86d3363b1229f69b614d1b534c983c8
directional_review	44:19	10:81	weak	weak	44:19	10:81	10:81	cross_surah	label_target_note	missing_ayah_suggestion	Moses distinguishes the magicians' fabrication from God's act, adding a limited contrast between false and valid power.	focus_44_19_cutoff_100.tsv	109	6f77f9a85ffd9436a0a455f9f18382d2605489dfbd7df59bdaea1d4bf22fb8aa
directional_review	44:19	17:101	strong	strong	44:19	17:101	17:101	cross_surah	label_target_note	missing_ayah_suggestion	It recalls Moses being given nine clear signs before Pharaoh, directly reinforcing the focus's claim of manifest authority.	focus_44_19_cutoff_100.tsv	110	3b3ff9e315abeb422fb2803250fd37a75ce502002d41112e39c1ba26ac154f78
directional_review	44:19	20:24	strong	strong	44:19	20:24	20:24	cross_surah	label_target_note	missing_ayah_suggestion	God commands Moses to go to Pharaoh because he has transgressed, naming the overreach opposed in the focus.	focus_44_19_cutoff_100.tsv	111	e427ec9dc63d76da44de0add3507389a0257960a67c873223a3b3081e312511f
directional_review	44:19	20:42	strong	strong	44:19	20:42	20:42	cross_surah	label_target_note	missing_ayah_suggestion	Moses and Aaron are sent with God's signs to Pharaoh, who has transgressed, closely joining evidence and arrogant rule.	focus_44_19_cutoff_100.tsv	112	32c9059892225ffe33d6999c41bde8acd8da96f92f582519e167a3bf3b2ea55e
directional_review	44:19	20:43	strong	strong	44:19	20:43	20:43	cross_surah	label_target_note	missing_ayah_suggestion	The repeated command to confront Pharaoh because he has transgressed directly frames the focus's prohibition of overreach.	focus_44_19_cutoff_100.tsv	113	c2e3fa868393adff5eaf93b1361e579b526cb82f3edd72f761d1bbac10648c61
directional_review	44:19	20:47	strong	strong	44:19	20:47	20:47	cross_surah	label_target_note	missing_ayah_suggestion	Moses and Aaron tell Pharaoh that they bring a sign from their Lord, a close formulation of the focus's warrant.	focus_44_19_cutoff_100.tsv	114	66d446becf1aee2aeab18fc16be51549f022bc1c3ab0cca2a7faf84755eb0796
directional_review	44:19	20:56	strong	strong	44:19	20:56	20:56	cross_surah	label_target_note	missing_ayah_suggestion	Pharaoh is shown all the signs yet denies and refuses them, directly displaying rejection of clear authority.	focus_44_19_cutoff_100.tsv	115	c7765ff0e7494f9998bad0d0ba2a3d8bd317775d4a74b0c79bb0ebb0976a128e
directional_review	44:19	20:57	medium	medium	44:19	20:57	20:57	cross_surah	label_target_note	missing_ayah_suggestion	Pharaoh attempts to answer Moses's signs with organized magic, exposing a coercive counterclaim to the messenger's authority.	focus_44_19_cutoff_100.tsv	116	d18a9ff99751af3cf46cce1560babdf9540c2ad8dbf6ab79578a33e05a993726
directional_review	44:19	20:63	medium	medium	44:19	20:63	20:63	cross_surah	label_target_note	missing_ayah_suggestion	The chiefs portray Moses and Aaron as a threat to their established order, clarifying the social stakes of resisting them.	focus_44_19_cutoff_100.tsv	117	685ebbbe16818c2e1173e16483b739741777203ced2c89a31ceea308245d28f7
directional_review	44:19	20:72	strong	strong	44:19	20:72	20:72	cross_surah	label_target_note	missing_ayah_suggestion	The magicians refuse to prefer Pharaoh over the clear proofs that came to them, sharply contrasting proof with tyrannical command.	focus_44_19_cutoff_100.tsv	118	fc9f0140b3fe6615c9a5ff0a303f2b32b8d78ba126a386e0617dd8f30c3e9e55
directional_review	44:19	20:79	strong	strong	44:19	20:79	20:79	cross_surah	label_target_note	missing_ayah_suggestion	It concludes that Pharaoh misled his people rather than guided them, defining the destructive rule behind the focus's warning.	focus_44_19_cutoff_100.tsv	119	52ebbd2ebf70867bc46ccc03dccd1f6c6137d7a135db5671acfa52def3878ba5
directional_review	44:19	23:46	strong	strong	44:19	23:46	23:46	cross_surah	label_target_note	missing_ayah_suggestion	The verse identifies Pharaoh and his chiefs as responding with arrogance and haughty domination to Moses and Aaron.	focus_44_19_cutoff_100.tsv	120	ea15d37d62412960a84cff4f4e6a9ce196c8d147f16cf0c0a64a6971fae6a831
directional_review	44:19	26:10	strong	strong	44:19	26:10	26:10	cross_surah	label_target_note	missing_ayah_suggestion	God commissions Moses to go to the wrongdoing people of Pharaoh, supplying the mission context for his clear authority.	focus_44_19_cutoff_100.tsv	121	f006c2aa6239e2928f8de6a2b81d638c408a657e1064217680299948df209818
directional_review	44:19	26:16	strong	strong	44:19	26:16	26:16	cross_surah	label_target_note	missing_ayah_suggestion	Moses and Aaron are to declare themselves messengers of the Lord of all worlds before Pharaoh.	focus_44_19_cutoff_100.tsv	122	df2188d278f9b4b118da5331816f7df4a070fec971de3f68aabd5a94f103f08f
directional_review	44:19	26:23	medium	medium	44:19	26:23	26:23	cross_surah	label_target_note	missing_ayah_suggestion	Moses's answer defining the Lord of all worlds directly grounds the authority that Pharaoh refuses to recognize.	focus_44_19_cutoff_100.tsv	123	642eebafa7f8988471172d011dacf65c2a9a1b43650eaa512caa5a1f02e85192
directional_review	44:19	26:30	strong	strong	44:19	26:30	26:30	cross_surah	label_target_note	missing_ayah_suggestion	Moses asks whether Pharaoh will still reject him even if he brings something clear, closely anticipating the focus's claim.	focus_44_19_cutoff_100.tsv	124	582c09b735c6cd2cf340b1ae3f26faf3352b8f159ef2b2c400ed35aa722aa588
directional_review	44:19	26:32	medium	medium	44:19	26:32	26:32	cross_surah	label_target_note	missing_ayah_suggestion	The manifest serpent is a concrete proof offered in the Pharaoh confrontation.	focus_44_19_cutoff_100.tsv	125	80aa69e15b7538f266a59a1a3751fd25a1ab5633e89662043d2c826803686dfc
directional_review	44:19	26:33	medium	medium	44:19	26:33	26:33	cross_surah	label_target_note	missing_ayah_suggestion	The shining hand is another visible sign supporting Moses's declared authority.	focus_44_19_cutoff_100.tsv	126	b60811f836f5c645a14d45942010f1ceb84e09d72ef8c1be7d183ee41bad8ed8
directional_review	44:19	26:34	medium	medium	44:19	26:34	26:34	cross_surah	label_target_note	missing_ayah_suggestion	Pharaoh's chiefs recast Moses's clear signs as skilled magic, showing institutional resistance to his warrant.	focus_44_19_cutoff_100.tsv	127	d2f17b56e520ae7473767060032b2024f2dd6a91d0697bd724bb41a8b7ebed6d
directional_review	44:19	26:49	strong	strong	44:19	26:49	26:49	cross_surah	label_target_note	missing_ayah_suggestion	Pharaoh threatens mutilation and crucifixion after the magicians believe, revealing domination that answers proof with force.	focus_44_19_cutoff_100.tsv	128	c0fa72c2ebde2b645e11041c3add8560914a42686965715afb22d5201831b857
directional_review	44:19	27:12	strong	strong	44:19	27:12	27:12	cross_surah	label_target_note	missing_ayah_suggestion	Moses is given nine clear signs to take to Pharaoh and his people, directly corroborating his manifest authority.	focus_44_19_cutoff_100.tsv	129	a76a9d70c74f6b6179110063fec4d32164632ef3c5f4562b1d62e4eb5e1e3495
directional_review	44:19	28:32	strong	strong	44:19	28:32	28:32	cross_surah	label_target_note	missing_ayah_suggestion	God describes the staff and hand as two proofs from the Lord for Moses's encounter with Pharaoh and his chiefs.	focus_44_19_cutoff_100.tsv	130	d876e26f382aae3e70237e045c8f2308f3438bcb9bd46a492c190107f3bc3e3a
directional_review	44:19	28:36	strong	strong	44:19	28:36	28:36	cross_surah	label_target_note	missing_ayah_suggestion	When Moses brings clear signs, Pharaoh's side dismisses them as invented magic, directly paralleling rejection of authority.	focus_44_19_cutoff_100.tsv	131	7ffa276b0af417c0a488e2c9b6e6a523677902354f7f7f73538052485853567a
directional_review	44:19	28:38	strong	strong	44:19	28:38	28:38	cross_surah	label_target_note	missing_ayah_suggestion	Pharaoh claims not to know any god for his people besides himself, an explicit instance of the rival elevation forbidden in the focus.	focus_44_19_cutoff_100.tsv	132	890c0a7b25a1d8c08724d95110626a864be701109e236d299a989c36a2b2b33b
directional_review	44:19	28:39	strong	strong	44:19	28:39	28:39	cross_surah	label_target_note	missing_ayah_suggestion	Pharaoh and his forces act arrogantly in the land without right, closely defining the prohibited overreach.	focus_44_19_cutoff_100.tsv	133	ff38d1ac51cf35306815e5b634d33527eea78d4395f47f0902d5fa2749d0d363
directional_review	44:19	29:39	strong	strong	44:19	29:39	29:39	cross_surah	label_target_note	missing_ayah_suggestion	It names Pharaoh among those who acted arrogantly despite Moses having brought them clear proofs.	focus_44_19_cutoff_100.tsv	134	e4a3cffd9d6afbc7cd970784bb518bf3be0690b64f1396ce663f3a7d4e1d8743
directional_review	44:19	40:24	strong	strong	44:19	40:24	40:24	cross_surah	label_target_note	missing_ayah_suggestion	Moses is sent to Pharaoh, Haman, and Qarun with clear authority, a near-exact parallel to the focus statement.	focus_44_19_cutoff_100.tsv	135	347177666c589173d9c8a995754bd18623707f4ee6cb519bb39799bede7c347f
directional_review	44:19	40:27	strong	strong	44:19	40:27	40:27	cross_surah	label_target_note	missing_ayah_suggestion	Moses seeks refuge in his Lord from every arrogant person who rejects the Day of Account, directly pairing arrogance with his mission.	focus_44_19_cutoff_100.tsv	136	e4c38e5e924cf3abe7730e69f2d7ba9efe7028e741a7a510a8b9848a2dbf6393
directional_review	44:19	43:46	strong	strong	44:19	43:46	43:46	cross_surah	label_target_note	missing_ayah_suggestion	Moses is sent with signs to Pharaoh and his chiefs, extending the same confrontation in the immediately neighboring surah.	focus_44_19_cutoff_100.tsv	137	9056db945fbd036e69e66f10578e9d6e175c0964393a63a59135498c5413b400
directional_review	44:19	43:47	medium	medium	44:19	43:47	43:47	cross_surah	label_target_note	missing_ayah_suggestion	Pharaoh's chiefs laugh when Moses brings the signs, showing their contemptuous response to divine proof.	focus_44_19_cutoff_100.tsv	138	1b2325b42e724f31391eefb870bbc54ed8531f92897fedf17c5e210e4daad735
directional_review	44:19	43:51	strong	strong	44:19	43:51	43:51	cross_surah	label_target_note	missing_ayah_suggestion	Pharaoh publicly boasts of Egypt's dominion and rivers under his command, a vivid instance of self-exalting rule.	focus_44_19_cutoff_100.tsv	139	ca51ae91cc7695c5933a238db7275d1e96051a4d6100ec45cd29d96ee8c165a2
directional_review	44:19	79:17	strong	strong	44:19	79:17	79:17	cross_surah	label_target_note	missing_ayah_suggestion	God sends Moses to Pharaoh because he has transgressed, concisely restating the central anti-overreach charge.	focus_44_19_cutoff_100.tsv	140	6089b9faea39d9efa6d4fe1defd4698187df66d0743e938879e99008cedf693d
reciprocal_counterevidence	44:19	2:53		no value	2:53	44:19	44:19	cross_surah	label_target_note	ranked_review	Contrast evidence does not positively clarify 2:53.	focus_2_53_cutoff_100.tsv	15	cdc891288d4bff13dd94b9bc094fe66626e8e81aec58624c46ff40490186a314
reciprocal_nomination	44:19	2:106		weak	2:106	44:19	44:19	cross_surah	label_target_note	ranked_review	The contrast reading preserves a warning about proof and consequence, but it does not illuminate the focus's mechanics.	focus_2_106_cutoff_100.tsv	39	d8b8995da9f826a78eb78f22082ed616744dfa391fa09d398b56448945e5fa73
reciprocal_nomination	44:19	2:121		weak	2:121	44:19	44:19	cross_surah	label_target_note	ranked_review	The command not to exalt oneself before a clear proof is only a distant contrast.	focus_2_121_cutoff_100.tsv	39	104416d688c9790310f94919ab4418036682c335fbdd31bf6ea2a31428bad8c3
reciprocal_counterevidence	44:19	2:136		no value	2:136	44:19	44:19	cross_surah	label_target_note	ranked_review	A command not to exalt oneself over God, without a direct link to the focus confession.	focus_2_136_cutoff_100.tsv	33	561e951e23bccc7a03950e2aaebea48ebbf59151f93d299ac53b4956790c8abc
reciprocal_nomination	44:19	2:169		medium	2:169	44:19	44:19	cross_surah	label_target_note	ranked_review	Forbids exalting oneself over Allah and grounds the warning in clear authority.	focus_2_169_cutoff_100.tsv	31	b01029a379a0e40290f59bdf9c445061fe0ce8c8586674b02f2275369adf0e56
reciprocal_nomination	44:19	3:138		weak	3:138	44:19	44:19	cross_surah	label_target_note	ranked_review	Manifest authority in Moses's address is a general evidence formula only.	focus_3_138_cutoff_100.tsv	96	50452ea770e125fc5de85168bf1c86b50d3f42b85034304332c85b7aa45254a1
reciprocal_counterevidence	44:19	3:171		no value	3:171	44:19	44:19	cross_surah	label_target_note	ranked_review	The command against exalting oneself over God does not materially clarify the focus.	focus_3_171_cutoff_100.tsv	85	8986464aaee0c6936827010bef18cd0072c07a47de07cedd1043c4e67005a223
reciprocal_counterevidence	44:19	3:196		no value	3:196	44:19	44:19	cross_surah	label_target_note	ranked_review	A command not to exalt oneself over Allah lacks a material parallel.	focus_3_196_cutoff_100.tsv	58	e9c832fc8bc5b59d972f205153997fe43757e310c654f20d10157732802483e4
reciprocal_counterevidence	44:19	4:20		no value	4:20	44:19	44:19	cross_surah	label_target_note	ranked_review	A manifest authority offered against arrogance does not bear on the focus's transfer or accusation pattern.	focus_4_20_cutoff_100.tsv	45	33b4c2f403944e186037dfa0e1703d437921077b557d8cb6844151aa69410b3f
reciprocal_counterevidence	44:19	4:33		no value	4:33	44:19	44:19	cross_surah	label_target_note	ranked_review	The catalog marks this as contrast material; proof and refusal do not support the focus's relation.	focus_4_33_cutoff_100.tsv	24	d8ef46c501b41839b64ce042120712151fdb27da424d429c5a3fd2fcd0e8c61a
reciprocal_counterevidence	44:19	4:37		no value	4:37	44:19	44:19	cross_surah	label_target_note	ranked_review	Rejected catalog route only; it cannot support a positive relation.	focus_4_37_cutoff_100.tsv	30	a6b60a165a270af83509f91c14201668ac5e96ced348c7f4e77eb9f84727aa83
reciprocal_counterevidence	44:19	4:44		no value	4:44	44:19	44:19	cross_surah	label_target_note	ranked_review	The clear-authority statement does not develop the focus's Book-and-misguidance pattern.	focus_4_44_cutoff_100.tsv	21	d08dc30f0e363430ed17658cde9d741ce778d38123ded96be8a05d81426011d6
reciprocal_nomination	44:19	4:53		weak	4:53	44:19	44:19	cross_surah	label_target_note	ranked_review	Its prohibition on rising above God gives a broad authority boundary, but no allocation or minute-measure relation.	focus_4_53_cutoff_100.tsv	12	6cb167a0fa4bca11b4e2439b9fd8b5cb217e52f82f6468f509f3c0d050f61c98
reciprocal_counterevidence	44:19	4:54		no value	4:54	44:19	44:19	cross_surah	label_target_note	ranked_review	The catalogued route is contrast-only, and the verse adds no clear focus relation beyond a general claim of authority.	focus_4_54_cutoff_100.tsv	33	26380875b217ececfab7c5aa0c9cc8776e4a79cd1f3b4b22ff679573c8247630
reciprocal_counterevidence	44:19	4:67		no value	4:67	44:19	44:19	cross_surah	label_target_note	ranked_review	The retained V12 route is explicit contrast evidence and does not positively support the focus relation.	focus_4_67_cutoff_100.tsv	12	66755f0a52b860fe42f53e181ab8c5f141a89ab30f93ee83c1510729dfae20e6
reciprocal_nomination	44:19	4:94		medium	4:94	44:19	44:19	cross_surah	label_target_note	ranked_review	Adds a distinction between warranted authority and domination without warrant.	focus_4_94_cutoff_100.tsv	89	678282d6ef0b3e24aef8b95ba943569c6567110ecff9076c4488a2b961827a69
reciprocal_counterevidence	44:19	4:127		no value	4:127	44:19	44:19	cross_surah	label_target_note	ranked_review	The contrast evidence marks a boundary but adds no positive focused support.	focus_4_127_cutoff_100.tsv	42	87c6e9d31d9ac84512a22830b942715323605b0db0c8b1e91a844a3971d639a1
reciprocal_nomination	44:19	4:131		weak	4:131	44:19	44:19	cross_surah	label_target_note	ranked_review	The contrast link supplies a boundary, not positive support for the focus readings.	focus_4_131_cutoff_100.tsv	51	fb69c2ddcd87782a8f63efbec909e2d4bda6e4be7d38df52fa5490e36e164300
reciprocal_counterevidence	44:19	4:152		no value	4:152	44:19	44:19	cross_surah	label_target_note	ranked_review	Its contrast route and demand not to exalt oneself do not clarify 4:152.	focus_4_152_cutoff_100.tsv	30	df3a86100cfd613e1ed1ab24d58367d5ddc73ee88025bebb2b7ff0fe70c0cb13
reciprocal_nomination	44:19	4:153		strong	4:153	44:19	44:19	cross_surah	label_target_note	ranked_review	Musa brings sultan mubeen, directly illuminating the closing phrase of the focus.	focus_4_153_cutoff_100.tsv	54	6453041eb0ee1e1e15800044f311874d370620f9dfbc58c262cf5a7160437d3b
reciprocal_counterevidence	44:19	4:162		no value	4:162	44:19	44:19	cross_surah	label_target_note	ranked_review	Its sole V12 link is contrast and no direct focus element appears.	focus_4_162_cutoff_100.tsv	63	a8ac54c856637d318cc81c92e18bf2bc03eca817cfe754eda5a16ce4d832a880
reciprocal_nomination	44:19	4:163		weak	4:163	44:19	44:19	cross_surah	label_target_note	ranked_review	Preserves a contrast route around manifest authority, rather than supporting the focus.	focus_4_163_cutoff_100.tsv	27	7853e90123b463cb5ce57c12944043e4842079e424d476ccfa244f20f0b88ebd
reciprocal_nomination	44:19	6:4		weak	6:4	44:19	44:19	cross_surah	label_target_note	ranked_review	Contrast only: proof and destruction are a boundary, not support for the focus reading.	focus_6_4_cutoff_100.tsv	30	240e045448b6aaa17df881feb036b477883bb5e6784bba4cd26a0ab94fab1c53
reciprocal_nomination	44:19	6:5		weak	6:5	44:19	44:19	cross_surah	label_target_note	ranked_review	Contrast-route boundary: manifest authority's coming is not the focus's mocked-news sequence.	focus_6_5_cutoff_100.tsv	33	a9b4ca313e0d46546b76c06b4a6352d0f75ecb860a8dd1786d79174a96a6ba8d
reciprocal_nomination	44:19	6:40		weak	6:40	44:19	44:19	cross_surah	label_target_note	ranked_review	Contrast-link boundary evidence about rejecting a clear authority.	focus_6_40_cutoff_100.tsv	36	b95b87ab7c4231a1cdba6c72305a042c46434ceb7e6c985f5229e8c3f4fc4091
reciprocal_nomination	44:19	6:47		weak	6:47	44:19	44:19	cross_surah	label_target_note	ranked_review	Boundary evidence: a manifest proof and prohibition of arrogance, without the focus's consequence.	focus_6_47_cutoff_100.tsv	45	bf50c086a7f361db7c7b6ac1e50ac2cb7e4e8657aaf241c89d50ddc8841e7ade
reciprocal_nomination	44:19	6:83		medium	6:83	44:19	44:19	cross_surah	label_target_note	ranked_review	Provides contrast evidence: a manifest authority may meet obstinate rejection and judgment.	focus_6_83_cutoff_100.tsv	36	1ddb631afd70ee80cbe890fadf2385376b5f750ac7124a714eb75790d2c45c17
reciprocal_counterevidence	44:19	6:124		no value	6:124	44:19	44:19	cross_surah	label_target_note	ranked_review	The V12 link is explicitly contrast/boundary evidence and does not add a positive reading.	focus_6_124_cutoff_100.tsv	72	a335382c5e9aea7fb7f9b66998c7d0679ba10c208243b50ecdd8a412e069a336
reciprocal_nomination	44:19	6:134		weak	6:134	44:19	44:19	cross_surah	label_target_note	ranked_review	Contrast V12 link is boundary evidence around coming proof, not positive support.	focus_6_134_cutoff_100.tsv	30	e2c72dc63843742f0fb9da367ac0ad3246ad6f1f30bb3f89e3fff396dca4e884
reciprocal_nomination	44:19	6:141		weak	6:141	44:19	44:19	cross_surah	label_target_note	ranked_review	Prohibition on ta'lu gives only a general excess/authority boundary.	focus_6_141_cutoff_100.tsv	47	7f293ba01a6527c4193b23cd69e11120ce509da5ce0fea4d896b0c9599dd9ecd
reciprocal_nomination	44:19	6:158		weak	6:158	44:19	44:19	cross_surah	label_target_note	ranked_review	Contrast-only V12 link marks a boundary around sign-arrival, not direct support.	focus_6_158_cutoff_100.tsv	57	4c03cc845697f46f60571370909b33fadb22fbce912151ef0d731c7a9c2fa78d
reciprocal_nomination	44:19	6:165		weak	6:165	44:19	44:19	cross_surah	label_target_note	ranked_review	Contrast evidence marks a boundary: elevation cannot be read as human self-exaltation.	focus_6_165_cutoff_100.tsv	72	50b131266b144c938bc3309944c28293f22f3acf181339a6e9ef98620b8b342c
reciprocal_nomination	44:19	7:31		medium	7:31	44:19	44:19	cross_surah	label_target_note	ranked_review	Rejects elevation over Allah, reinforcing the wider anti-excess boundary.	focus_7_31_cutoff_100.tsv	65	40855eed4afeb33fd40c77870da239347297c08f400da8dd0c0f9091d5da57b9
reciprocal_nomination	44:19	7:32		weak	7:32	44:19	44:19	cross_surah	label_target_note	ranked_review	Boundary evidence on arrogant excess, not the relevant limit.	focus_7_32_cutoff_100.tsv	77	7dcb1bb6127f5d78eb2c4defc375965d25b65f88af597ce60f73a8820dbbfe8a
reciprocal_nomination	44:19	7:33		strong	7:33	44:19	44:19	cross_surah	label_target_note	ranked_review	Opposes elevation against God with a clear authority, linking arrogance to warranted proof.	focus_7_33_cutoff_100.tsv	52	e8b050d8efd20610426b5b9d84a64475dff1c8c107740f964da66cca92087005
reciprocal_nomination	44:19	7:70		weak	7:70	44:19	44:19	cross_surah	label_target_note	ranked_review	Contrast evidence: manifest authority meets refusal, marking a consequence boundary.	focus_7_70_cutoff_100.tsv	24	2cd7901e56ffd6d741bfe6e660810b535f59d14943ea5525e03f58738ba2ac15
reciprocal_nomination	44:19	7:77		weak	7:77	44:19	44:19	cross_surah	label_target_note	ranked_review	Contrast boundary on refusing exaltation against God; not a positive focal parallel.	focus_7_77_cutoff_100.tsv	30	013b460b7b681c607baf9a2b39ee51c630d7240ce63067e0c4a4c7ba8c2e3d36
reciprocal_nomination	44:19	7:104		strong	7:104	44:19	44:19	cross_surah	label_target_note	missing_ayah_suggestion	Allah'a karşı büyüklük taslamama çağrısı, Firavun'un yetki iddiasını hedefler.	focus_7_104_cutoff_100.tsv	208	a2fd24c71c467e9ab97ff87b0035a0cac02b8d1dd6b3a79f8652464f2bdbbebd
reciprocal_nomination	44:19	7:105		strong	7:105	44:19	44:19	cross_surah	label_target_note	missing_ayah_suggestion	Forbids Pharaoh's elevation against God and brings manifest authority.	focus_7_105_cutoff_100.tsv	241	944ca0ef02904e338e1570b091f3d657ccfe88439d804bd36acb3373a488ff3b
reciprocal_nomination	44:19	7:106		weak	7:106	44:19	44:19	cross_surah	label_target_note	ranked_review	Contrast boundary: a manifest authority is not simply positive support for the demand.	focus_7_106_cutoff_100.tsv	18	356c543a3f3dcae614e2653c3735438993e34564ba73c731cdf12faec5f5dfd5
reciprocal_nomination	44:19	7:112		weak	7:112	44:19	44:19	cross_surah	label_target_note	ranked_review	Contrast boundary: an open authority is offered, not a magician search.	focus_7_112_cutoff_100.tsv	12	e8f9e8d7b6b3a29544d60d5958fd0233c20ad1b6b630741c971417e74c3f1300
reciprocal_nomination	44:19	7:123		medium	7:123	44:19	44:19	cross_surah	label_target_note	missing_ayah_suggestion	The warning against exalting oneself against God targets Pharaoh's authority claim.	focus_7_123_cutoff_100.tsv	141	cad26425e4f0d021310ea77fee0db32595a77095f789ad8c0b5fa81eda8b827f
reciprocal_nomination	44:19	7:190		weak	7:190	44:19	44:19	cross_surah	label_target_note	ranked_review	Contrast boundary about defiant elevation, not the focus's attribution shift.	focus_7_190_cutoff_100.tsv	21	260bee7afae56280f941bf6c234c37ec2fb5bc7ad76aa6c2be174375f313a27f
reciprocal_nomination	44:19	8:70		weak	8:70	44:19	44:19	cross_surah	label_target_note	ranked_review	The contrast link marks a punitive threshold, not positive support for the focus's gift route.	focus_8_70_cutoff_100.tsv	36	04edd195a29174eb0d7727b67d8729ddabcaf048cb9ca02961e0d7e741c61258
reciprocal_counterevidence	44:19	9:59		no value	9:59	44:19	44:19	cross_surah	label_target_note	ranked_review	The contrast link is boundary evidence and gives no positive clarification.	focus_9_59_cutoff_100.tsv	39	b03d6734b9fc3bb55d39525359971c2e76a13143a3e58b66a1790b631adcde32
reciprocal_counterevidence	44:19	10:38		no value	10:38	44:19	44:19	cross_surah	label_target_note	ranked_review	Contrast-only evidence; it does not positively support the focus reading.	focus_10_38_cutoff_100.tsv	27	73d4c57daaba4e5b06bd6d583d9d3a8de8b4254b0eaf58d85095e31381f4cbd4
reciprocal_counterevidence	44:19	10:50		no value	10:50	44:19	44:19	cross_surah	label_target_note	ranked_review	The V12 link is contrast evidence; no material addition to 10:50.	focus_10_50_cutoff_100.tsv	39	9a63a075d25b826ee2c38ae31ba717b94cc453f316dac5eae72449b366cf904b
reciprocal_nomination	44:19	10:79		weak	10:79	44:19	44:19	cross_surah	label_target_note	ranked_review	Contrast-only route marks a boundary, not positive support.	focus_10_79_cutoff_100.tsv	18	656775427d35bb758576f68953a7f3eb9c69d3a40bab7cff209e28f2bf71ba4f
reciprocal_nomination	44:19	10:83		strong	10:83	44:19	44:19	cross_surah	label_target_note	ranked_review	Sets a direct boundary against self-exaltation before God, clarifying Pharaoh's elevation.	focus_10_83_cutoff_100.tsv	8	e2c96a180eadc82f3287cdd8d66b251cf657f58e7c83649fc6ce4eca2cc66413
reciprocal_counterevidence	44:19	10:88		no value	10:88	44:19	44:19	cross_surah	label_target_note	ranked_review	The available route is contrast-only and does not clarify f01.	focus_10_88_cutoff_100.tsv	54	80304b48358b24c0181415c698cbcd3c6bc5b986145f0260bf18fa0fd3b34e8a
reciprocal_nomination	44:19	10:90		medium	10:90	44:19	44:19	cross_surah	label_target_note	missing_ayah_suggestion	Records Moses' demand that Pharaoh not exalt himself against God.	focus_10_90_cutoff_100.tsv	276	a522a57a69fdfe042fd8901e44e3a339ed13ecc4d4f39fe908fdb4524cbf8f21
reciprocal_nomination	44:19	11:96		strong	11:96	44:19	44:19	cross_surah	label_target_note	ranked_review	Musa brings sultan mubin while confronting elevation; it closely parallels authority against domination.	focus_11_96_cutoff_100.tsv	61	33807ebd3027b452815d8e9ff4c75799bf9d290fdc85904ebb657bcbce4ce1dc
reciprocal_counterevidence	44:19	11:111		no value	11:111	44:19	44:19	cross_surah	label_target_note	ranked_review	Does not materially clarify the focal account.	focus_11_111_cutoff_100.tsv	98	f45073e27aefb5f03be58ac093d41ccdf38ce39dc05def293b5ca11e77444b99
reciprocal_counterevidence	44:19	12:66		no value	12:66	44:19	44:19	cross_surah	label_target_note	ranked_review	Does not materially clarify the pledge, custody, or limiting exception.	focus_12_66_cutoff_100.tsv	30	f98d082365eaa997e6fc8acb175ed51a05d0ee2f445f24a05b8995cdc45bc64b
reciprocal_nomination	44:19	14:10		strong	14:10	44:19	44:19	cross_surah	label_target_note	ranked_review	Contrasts public evidentiary authority with arrogant domination.	focus_14_10_cutoff_100.tsv	46	cf5e6704129898d88482db87110d9774cf11fc858fea5bd863faf64b5716db41
reciprocal_nomination	44:19	14:11		strong	14:11	44:19	44:19	cross_surah	label_target_note	ranked_review	Açık sultanı Allah'a karşı büyümeyi reddeden meşru kanıt olarak konumlandırır.	focus_14_11_cutoff_100.tsv	37	02d276d8373044262292178e56454ad4ae57a0d176ff20c29fe4823cd1427f29
reciprocal_counterevidence	44:19	14:19		no value	14:19	44:19	44:19	cross_surah	label_target_note	ranked_review	Yıkım eşiği okuması karşıttır ve ayetteki yaratılış anlamını açmaz.	focus_14_19_cutoff_100.tsv	72	311110a9926ef1ebd7a6b1546a82c6ea0a24a2d8272514b71e3ef253aeb197a2
reciprocal_nomination	44:19	14:44		weak	14:44	44:19	44:19	cross_surah	label_target_note	ranked_review	Reddedilen açık kanıtın azaba yaklaşması, 14:44'e yalnız sınırlı bir karşıt rota sunar.	focus_14_44_cutoff_100.tsv	33	df34b8667644ec92fada1cfc3d474f99b2ed70660081639c3337aebca4571aac
reciprocal_nomination	44:19	15:64		weak	15:64	44:19	44:19	cross_surah	label_target_note	ranked_review	Keeps a contrast route: clear authority can precede the threatened outcome.	focus_15_64_cutoff_100.tsv	21	c91461d99a26020a4dd269131232fb3905ac86354d2f5d59d3dc30407c5a7a70
reciprocal_nomination	44:19	15:81		weak	15:81	44:19	44:19	cross_surah	label_target_note	ranked_review	Rejected contrast only: evidence may stand at the threshold of an ensuing judgment.	focus_15_81_cutoff_100.tsv	15	d488ec1647b29c9dba3273206424b3e1a8960b900c6633ef0914d4419fbaeaee
reciprocal_nomination	44:19	15:87		weak	15:87	44:19	44:19	cross_surah	label_target_note	ranked_review	Getirilen açık kanıtın reddi, armağanı olumlamayan bir karşıt rota olarak uyarı boyutunu korur.	focus_15_87_cutoff_100.tsv	39	88b53a41dbbed0051f48dbf5c528cd4431ba1766f0a59fb211e23961affa8c9c
reciprocal_counterevidence	44:19	16:26		no value	16:26	44:19	44:19	cross_surah	label_target_note	ranked_review	The proposed approach-to-destruction reading is explicitly rejected.	focus_16_26_cutoff_100.tsv	30	554f16a1d080262043d4029c502b086ceccece03c657f56643a9196099ea4a60
reciprocal_counterevidence	44:19	16:79		no value	16:79	44:19	44:19	cross_surah	label_target_note	ranked_review	No material connection to the focus.	focus_16_79_cutoff_100.tsv	98	d4497698a6fd50dcf46ec38777bde22cf4c0b4326a8c4e9d7012b9c1a7ed8ab6
reciprocal_nomination	44:19	16:89		medium	16:89	44:19	44:19	cross_surah	label_target_note	ranked_review	Supports manifest proof as legitimate authority, in a distinct scene.	focus_16_89_cutoff_100.tsv	98	9880d3d7d5bbc35ef637fa09fde73a886392ab97b67f933e8919c95eb83a1c53
reciprocal_nomination	44:19	16:99		medium	16:99	44:19	44:19	cross_surah	label_target_note	ranked_review	Manifest sulṭān contrasts legitimate proof-authority with arrogant domination.	focus_16_99_cutoff_100.tsv	88	873e9706340901b47fba67ea0c75da0e8fed8b67c2f193167a66f59ed10d9a90
reciprocal_nomination	44:19	16:100		medium	16:100	44:19	44:19	cross_surah	label_target_note	ranked_review	Açık sultanın meşru yetkiyi çıplak tahakkümden ayırdığını gösterir.	focus_16_100_cutoff_100.tsv	58	a398027dad95533b605bb32ca20d6d2a4ed13052c4258bb5876e9c54fe61ec13
reciprocal_nomination	44:19	16:108		weak	16:108	44:19	44:19	cross_surah	label_target_note	ranked_review	Secondary: arrogance toward God, without heart or faculty closure.	focus_16_108_cutoff_100.tsv	99	255c464b03ae4456507fe6336e0ee56ac6756f55e537633a694547a175e61fd1
reciprocal_nomination	44:19	17:4		strong	17:4	44:19	44:19	cross_surah	label_target_note	ranked_review	Explicitly bounds human علو against Allah; sharpens the authority dimension.	focus_17_4_cutoff_100.tsv	6	f43b5aee9b007b353b627c35bf3de7d86058acba897c152715c92097c60f4352
reciprocal_nomination	44:19	17:7		strong	17:7	44:19	44:19	cross_surah	label_target_note	ranked_review	It identifies rising against God with domineering authority, sharply specifying the elevation that is opposed.	focus_17_7_cutoff_100.tsv	84	2e7bbe3b0ae340692a44659cd1122f7b04bba5c3106596d441ea633a6309088b
reciprocal_nomination	44:19	17:10		weak	17:10	44:19	44:19	cross_surah	label_target_note	ranked_review	Supplies a warning against exalting oneself over Allah, with little direct overlap.	focus_17_10_cutoff_100.tsv	42	8af2fe399c54c34a44d3249d16bfb2f5eb91b2c63d0f0c2466698291b05d7e02
reciprocal_nomination	44:19	17:33		medium	17:33	44:19	44:19	cross_surah	label_target_note	ranked_review	Contrasts legitimate, evident authority with arrogant elevation.	focus_17_33_cutoff_100.tsv	14	a9c6b67316cadcea1ef5a747cf4c292d0412b2afb31020c06002aed7356a7da2
reciprocal_nomination	44:19	17:37		strong	17:37	44:19	44:19	cross_surah	label_target_note	missing_ayah_suggestion	The command not to exalt oneself against God states the focus's inner rule explicitly.	focus_17_37_cutoff_100.tsv	236	0b7696791479c04e016ab2dbd4933e159c93b335437a9f82f116c9f9a969a0a7
reciprocal_nomination	44:19	17:65		medium	17:65	44:19	44:19	cross_surah	label_target_note	ranked_review	Acik sultanla Allah'a karsi yukselmeme emri, kanita dayali yetki ile kibirli tahakkumu ayirir.	focus_17_65_cutoff_100.tsv	68	4259256fa56adeeb8df6a320b867b7410f089cd9f3c25b024fdf933505e32274
reciprocal_nomination	44:19	17:101		medium	17:101	44:19	44:19	cross_surah	label_target_note	missing_ayah_suggestion	The messenger forbids arrogant elevation against God and promises manifest authority.	focus_17_101_cutoff_100.tsv	228	26b6c95892885b63844003ac83fa5a766c0e999c8b0c3ad1eb341d1060d36899
reciprocal_nomination	44:19	18:15		medium	18:15	44:19	44:19	cross_surah	label_target_note	ranked_review	Links sultanin mubin with a warning against taallu ala Allah.	focus_18_15_cutoff_100.tsv	40	9a9247377477aa23f4a6dfc49555507e36ca0ac1c7d6ce3e1ed752f84ddaa36e
reciprocal_counterevidence	44:19	19:30		no value	19:30	44:19	44:19	cross_surah	label_target_note	ranked_review	The warning not to exalt oneself over God has no focused Book, prophethood, or Jesus relation.	focus_19_30_cutoff_100.tsv	21	cef7e8d023af5373841b0312b2d70576f688be38c4d0ecc5ecbac56dd2096bd7
reciprocal_nomination	44:19	19:77		weak	19:77	44:19	44:19	cross_surah	label_target_note	ranked_review	Forbids exalting oneself against God, a broad rebuke relevant to the claimant's presumption.	focus_19_77_cutoff_100.tsv	30	26814e26fbb238fdaa3b70def15f3c7aaada00e3c92427251d04b06caccb5145
reciprocal_nomination	44:19	20:10		weak	20:10	44:19	44:19	cross_surah	label_target_note	ranked_review	Musa'nın apaçık delille gelmesini söyler; 20:10'daki ilk çağrının sonraki tebliğ ufkuna uzaktan bağlanır.	focus_20_10_cutoff_100.tsv	16	dc5f258e456c9c6d0f3d2a50bdb51b66c8f98de89081676a67d5abc91b7fa4ef
reciprocal_nomination	44:19	20:24		strong	20:24	44:19	44:19	cross_surah	label_target_note	missing_ayah_suggestion	It directly forbids Pharaoh's people from exalting themselves against God and presents clear authority.	focus_20_24_cutoff_100.tsv	156	88d2100138770076cf6a10655be9e6737a73b3cc4d32732d21557050e4e5947c
reciprocal_nomination	44:19	20:45		medium	20:45	44:19	44:19	cross_surah	label_target_note	missing_ayah_suggestion	The command not to exalt themselves against God directly rebukes the overreach embodied by Pharaoh.	focus_20_45_cutoff_100.tsv	173	8439f6afa33d0bdf05af9990a5a5576d95a65381ba6dd761a19bbd7da106db96
reciprocal_nomination	44:19	20:64		medium	20:64	44:19	44:19	cross_surah	label_target_note	ranked_review	The command not to exalt oneself and the presentation of clear authority directly challenge Pharaoh's contest-based superiority.	focus_20_64_cutoff_100.tsv	48	9826567c05bfee6d6b4e4a8814a5a66776bedee2ebec3270eb6a3690fbdba63b
reciprocal_nomination	44:19	20:68		strong	20:68	44:19	44:19	cross_surah	label_target_note	ranked_review	The prohibition on exalting oneself against God distinguishes rightful divine authority from pretended superiority.	focus_20_68_cutoff_100.tsv	6	e4cef4b90849579c7c5f843b66616917483372fc11aff66a5f46207aa6d1f6a2
reciprocal_counterevidence	44:19	21:13		no value	21:13	44:19	44:19	cross_surah	label_target_note	ranked_review	The command not to exalt oneself above God lacks a distinct link to the focus scene.	focus_21_13_cutoff_100.tsv	85	481aa7fee2b24a0c1c5d57bddf443afc961d72208a422692cbdc9b24d9493940
reciprocal_counterevidence	44:19	22:7		no value	22:7	44:19	44:19	cross_surah	label_target_note	ranked_review	Does not materially clarify the Hour, resurrection, or graves.	focus_22_7_cutoff_100.tsv	40	a938e2510e264607b5bfa833076ee6b488ca619645d3e07265930b7d8d92701d
reciprocal_nomination	44:19	23:45		strong	23:45	44:19	44:19	cross_surah	label_target_note	ranked_review	Musa brings clear authority and forbids exalting oneself against God.	focus_23_45_cutoff_100.tsv	59	428e9c819b0f31a41a442f4d0b3e23b8921d4bf6287ad55f5ba6d85d31910723
reciprocal_nomination	44:19	23:47		strong	23:47	44:19	44:19	cross_surah	label_target_note	ranked_review	Musa'nın açık yetkiyle geldiğini söyleyip Allah'a karşı büyüklük taslamayı yasaklaması, odaktaki iktidar kibriyle doğrudan karşılaşır.	focus_23_47_cutoff_100.tsv	65	0dfd442d55564dbc963e150a11696d10dd169f40a711b01eb4693035405e45c4
reciprocal_counterevidence	44:19	24:22		no value	24:22	44:19	44:19	cross_surah	label_target_note	ranked_review	Forbids exalting oneself against God.	focus_24_22_cutoff_100.tsv	63	edec315f213fa59aa98f29e0fbd7e7be9ddb01d6dce6b51f7a2a290607c8db4b
reciprocal_counterevidence	44:19	24:33		no value	24:33	44:19	44:19	cross_surah	label_target_note	ranked_review	The warning not to exalt oneself over God does not add a specific connection.	focus_24_33_cutoff_100.tsv	72	42fe75465208873eb1731f5e175dd47c8bc7416c521723464da4dc9985b7e21f
reciprocal_nomination	44:19	24:34		medium	24:34	44:19	44:19	cross_surah	label_target_note	ranked_review	Moses brings manifest authority, a related clear-evidence scene.	focus_24_34_cutoff_100.tsv	98	b56495fcef9144c7dabdfc357722703534bb304802fa2b33114fdfece4342a01
reciprocal_nomination	44:19	25:67		weak	25:67	44:19	44:19	cross_surah	label_target_note	ranked_review	The prohibition on exalting oneself before God gives only a general boundary against excess.	focus_25_67_cutoff_100.tsv	20	a23952504757bc024a13dfdcc4ab98a05448978064e2a130e5049036b7501c4a
reciprocal_nomination	44:19	26:27		strong	26:27	44:19	44:19	cross_surah	label_target_note	missing_ayah_suggestion	His warning not to exalt themselves and presentation of clear authority answer Pharaoh's posture of dominance.	focus_26_27_cutoff_100.tsv	147	a076e57d10d223ada5892fac0ec07f8946c91cc89058b4725fa55e84f79e4a31
reciprocal_nomination	44:19	26:32		medium	26:32	44:19	44:19	cross_surah	label_target_note	ranked_review	Moses confronts Pharaoh with manifest authority, providing the same court-and-sign setting.	focus_26_32_cutoff_100.tsv	94	48c7164d05d6c449dfc77ef894642340c91bcd6cd1459d31fbceec533badbfb7
reciprocal_nomination	44:19	26:48		strong	26:48	44:19	44:19	cross_surah	label_target_note	missing_ayah_suggestion	Musa forbids their exalting themselves against God and presents clear authority.	focus_26_48_cutoff_100.tsv	162	93d6e860b0397385f049f61da192a0fb9b74ec57a393ea7620581cfe62845737
reciprocal_nomination	44:19	27:7		weak	27:7	44:19	44:19	cross_surah	label_target_note	ranked_review	Musa'nın açık bir yetkiyle gelmesi, 27:7'deki aileye dönük kısa sözün kendisini açıklamaz.	focus_27_7_cutoff_100.tsv	16	5ee3df1fbbeae64ec68740270cacc55532a61987e5c37364e4b9e46fc0d8dc59
reciprocal_nomination	44:19	27:13		weak	27:13	44:19	44:19	cross_surah	label_target_note	ranked_review	Manifest authority shares evidence language but not the denial pattern.	focus_27_13_cutoff_100.tsv	91	5ba63c1aa5b2ba224a6ede834ff0be0180c0781b86a3d7ff1155bbb437207548
reciprocal_nomination	44:19	27:14		strong	27:14	44:19	44:19	cross_surah	label_target_note	ranked_review	Addresses Pharaoh's side with a prohibition on exaltation and a manifest authority.	focus_27_14_cutoff_100.tsv	72	54235882225e542eaecff7e899dde36b9b5f423bd83769eb470bd58901b1f945
reciprocal_nomination	44:19	27:21		strong	27:21	44:19	44:19	cross_surah	label_target_note	ranked_review	It joins a prohibition on arrogance to the presentation of clear authority, closely matching proof against coercive power.	focus_27_21_cutoff_100.tsv	4	07006b34f25d6607dde357a53176756def9b37498b02411ed901cc3c9b10858c
reciprocal_nomination	44:19	27:31		strong	27:31	44:19	44:19	cross_surah	label_target_note	ranked_review	Directly restates the prohibition on exaltation and frames it as resistance to divine authority.	focus_27_31_cutoff_100.tsv	1	0e926121b88c9f0e48dd1f0dcd534c3ed848ff813a5c3d383825bd481abba29b
reciprocal_nomination	44:19	28:29		weak	28:29	44:19	44:19	cross_surah	label_target_note	ranked_review	Musa'nin acik delille gelisi, Tur'deki cagridan dogacak risaletle gevsek bag kurar.	focus_28_29_cutoff_100.tsv	22	a86b390f0034d72f79179f04a251659f25f48b5ea78fbb530dd5d1a5a261b397
reciprocal_nomination	44:19	28:38		medium	28:38	44:19	44:19	cross_surah	label_target_note	missing_ayah_suggestion	Moses forbids their exalting themselves against God, directly answering Pharaoh's self-exaltation.	focus_28_38_cutoff_100.tsv	156	af68c14cddc3bd60e20798b26da8e2cb1ec33b1e0e89efdd7049a38e187203f8
reciprocal_nomination	44:19	28:83		medium	28:83	44:19	44:19	cross_surah	label_target_note	ranked_review	The command not to exalt themselves against God closely opposes arrogant elevation, though not its earthly form.	focus_28_83_cutoff_100.tsv	45	8515d964259b2a99467991145d47a97e5d5e65a691686668bf0dcc27a14c93aa
reciprocal_counterevidence	44:19	29:47		no value	29:47	44:19	44:19	cross_surah	label_target_note	ranked_review	A clear proof before Pharaoh does not meaningfully clarify this Book-and-belief claim.	focus_29_47_cutoff_100.tsv	30	1f545134158da32d7236cb17d90ad1b636bd2c2d4b3b55bd0d6b153ff350bb83
reciprocal_nomination	44:19	29:66		weak	29:66	44:19	44:19	cross_surah	label_target_note	ranked_review	The warning not to exalt oneself above Allah is only a distant counterpart to denying His gift.	focus_29_66_cutoff_100.tsv	33	301dfe128acf3fe5e15f87100203879eac46e73c731fe2855db6559fae9cf220
reciprocal_counterevidence	44:19	30:34		no value	30:34	44:19	44:19	cross_surah	label_target_note	ranked_review	The command not to exalt oneself over God does not establish a useful connection to the focus.	focus_30_34_cutoff_100.tsv	27	ff87f65620423ef342adc5e783085a1422fdeafb7fbb221a70e6a832084b6b67
reciprocal_counterevidence	44:19	30:38		no value	30:38	44:19	44:19	cross_surah	label_target_note	ranked_review	Its challenge against arrogance before God does not illuminate the focus's distribution command.	focus_30_38_cutoff_100.tsv	24	3c1a955ff6409ccdf523588eafe0e6204f70fc9bbafb52d56b9e0c2359f37ad5
reciprocal_nomination	44:19	30:40		weak	30:40	44:19	44:19	cross_surah	label_target_note	ranked_review	The command not to exalt oneself against God affirms divine superiority but adds little to the partner challenge.	focus_30_40_cutoff_100.tsv	24	8cf5f6b65b6709d775f6c5d3ca17b33dd951fad07c5d5c2cb9f1f13b5dfc3978
reciprocal_counterevidence	44:19	31:4		no value	31:4	44:19	44:19	cross_surah	label_target_note	ranked_review	The command not to exalt oneself against God in its narrative setting adds no focused link.	focus_31_4_cutoff_100.tsv	60	c02df5cfddd4c2ae52a669a56d4a75e067310403065c253cf5cc11e5ec16ef51
reciprocal_counterevidence	44:19	31:12		no value	31:12	44:19	44:19	cross_surah	label_target_note	ranked_review	The warning not to exalt oneself over God and the announced proof do not add a focused parallel.	focus_31_12_cutoff_100.tsv	36	35dc95abfd16f7c5de16702bc7048a8b1c44c6abb84a1b283f6a7b84a8dad73e
reciprocal_counterevidence	44:19	32:13		no value	32:13	44:19	44:19	cross_surah	label_target_note	ranked_review	The contrast-only route does not supply a positive connection to the focus.	focus_32_13_cutoff_100.tsv	51	f55397ea88678f1fc730fa1ea77a8159f3a7f683e03d152f4e131f182d8c2d9f
reciprocal_nomination	44:19	32:23		weak	32:23	44:19	44:19	cross_surah	label_target_note	ranked_review	Musa's arrival with clear authority gives limited support for his prophetic mission.	focus_32_23_cutoff_100.tsv	54	ce363d77d63567eef2adb3ae4711b0a1f7d2392ebb36f5f6798e29357ee732c4
reciprocal_nomination	44:19	33:30		weak	33:30	44:19	44:19	cross_surah	label_target_note	ranked_review	The command not to exalt oneself against God does not materially clarify the focus's specific warning.	focus_33_30_cutoff_100.tsv	94	64b3c93a70b2ba6bf63e8ffcaa8aaecf9b531cf49117daf09809620f0ad383ff
reciprocal_counterevidence	44:19	33:68		no value	33:68	44:19	44:19	cross_surah	label_target_note	ranked_review	The retained route is contrast-only and the verse does not positively clarify the focus's petition.	focus_33_68_cutoff_100.tsv	24	e545bcd8af98f61c917ca97546fdf73d5a74b3d3e5e4800b2176c8a23af122e1
reciprocal_nomination	44:19	34:44		weak	34:44	44:19	44:19	cross_surah	label_target_note	ranked_review	Contrast boundary: clear authority, not textual support.	focus_34_44_cutoff_100.tsv	24	3c999bb50bd76418bc9391b28b9f53b33011f79aaa641cf1ee6ddd26bf759fe9
reciprocal_counterevidence	44:19	34:45		no value	34:45	44:19	44:19	cross_surah	label_target_note	ranked_review	It is Moses' command not to exalt oneself over God, without a matching sequence.	focus_34_45_cutoff_100.tsv	39	50bd094fd9961d0b3d4a0818a9df7f33b09dade6d4319f17a959e768eb5ad543
reciprocal_nomination	44:19	36:15		weak	36:15	44:19	44:19	cross_surah	label_target_note	ranked_review	The clear authority brought to Pharaoh is a broad prophetic parallel, not a direct response.	focus_36_15_cutoff_100.tsv	80	86f16e5567259865782fb75ef29fcd712e99a9ee68e87f05b789876f13fcbe54
reciprocal_nomination	44:19	36:16		weak	36:16	44:19	44:19	cross_surah	label_target_note	ranked_review	Musa's clear authority against arrogance gives a loose mission parallel but adds little after stronger Musa examples.	focus_36_16_cutoff_100.tsv	74	dbfd08d49a6ea12452acfb7994d088ebcaa968d2a741a905341a30bd04d75629
reciprocal_nomination	44:19	36:17		weak	36:17	44:19	44:19	cross_surah	label_target_note	ranked_review	A manifest authority supports a messenger's claim, but not the defined limit of delivering it.	focus_36_17_cutoff_100.tsv	100	b4bbd2a3bcd56f7aca1af0e51417316bfca54cc14f5ae919350bcdf772eed717
reciprocal_nomination	44:19	36:19		strong	36:19	44:19	44:19	cross_surah	label_target_note	ranked_review	It forbids self-exaltation over God while a messenger brings clear authority, closely framing excess.	focus_36_19_cutoff_100.tsv	77	d5a8dc7bec40a91952054b783d53682850efa5c0c0cfa4cb888677703420fff5
reciprocal_nomination	44:19	36:24		weak	36:24	44:19	44:19	cross_surah	label_target_note	ranked_review	A manifest authority against arrogance is a remote proof-and-warning parallel.	focus_36_24_cutoff_100.tsv	75	c869e50ebc6f82eb516fb0fcfa2ab8f993eceef61e06be4539eb37c153ad214e
reciprocal_nomination	44:19	37:117		weak	37:117	44:19	44:19	cross_surah	label_target_note	ranked_review	Musa's clear authority supports his prophetic mission but does not specify the Book.	focus_37_117_cutoff_100.tsv	47	731bd9cf05edff9dbe9ce2ea5c430604e175c40fc202adbca4be06c0077323aa
reciprocal_nomination	44:19	37:154		medium	37:154	44:19	44:19	cross_surah	label_target_note	ranked_review	The command not to exalt themselves over God and the offer of clear authority echo the local correction.	focus_37_154_cutoff_100.tsv	35	6cb6ecf5162cca92f63990755ba2822c28fe16edc27161a37f8443c668ed9ad0
reciprocal_nomination	44:19	37:155		medium	37:155	44:19	44:19	cross_surah	label_target_note	ranked_review	Moses' clear proof against arrogant opposition parallels the demand for evidence in the surrounding argument.	focus_37_155_cutoff_100.tsv	35	67982fb149231c048a92a349ccef716059c440370190cc8889ea35f84e21cadd
reciprocal_nomination	44:19	37:156		strong	37:156	44:19	44:19	cross_surah	label_target_note	ranked_review	Moses presents a clear authority against arrogant domination, directly distinguishing warranted authority from mere power.	focus_37_156_cutoff_100.tsv	32	e35645c3587f2fd24b4d47bbb03c92374ce0264427731286efd9870154e2ddaa
reciprocal_nomination	44:19	37:157		weak	37:157	44:19	44:19	cross_surah	label_target_note	ranked_review	A clear authority is a broad proof parallel, without the textual warrant central to the focus.	focus_37_157_cutoff_100.tsv	38	0f37d5dfdf8d645d7b6dbf57f1f21dc182de725abdd7ba3ccbb3c7d71eda9c75
reciprocal_counterevidence	44:19	39:49		no value	39:49	44:19	44:19	cross_surah	label_target_note	ranked_review	The prohibition against exalting oneself over God does not sufficiently clarify the focus.	focus_39_49_cutoff_100.tsv	63	42c2d9012145419cfc1e8482cb353e8b179128ade366af50c3df12b550238ed5
reciprocal_nomination	44:19	39:53		weak	39:53	44:19	44:19	cross_surah	label_target_note	ranked_review	The prohibition on exalting oneself over God gives a limited instance of the excess theme.	focus_39_53_cutoff_100.tsv	53	f70b4be76e112493656691dfd709485f442807b0e8fdefe9aa73579bd6576513
reciprocal_nomination	44:19	40:23		strong	40:23	44:19	44:19	cross_surah	label_target_note	ranked_review	Moses confronts Pharaoh's elevation with an explicit clear authority.	focus_40_23_cutoff_100.tsv	6	cc6bf01237c5b6cdebee84e528dfa1eccbf2c8de5eb691e0437f441c4ed33a48
reciprocal_nomination	44:19	40:24		medium	40:24	44:19	44:19	cross_surah	label_target_note	missing_ayah_suggestion	The messenger forbids arrogance against God and offers clear authority, directly confronting the posture of the focus's rulers.	focus_40_24_cutoff_100.tsv	148	908923bdea0eeb6b9f55ebfe8785c36631074ed2814ac643c4e6d5dd9c386ef2
reciprocal_nomination	44:19	40:26		medium	40:26	44:19	44:19	cross_surah	label_target_note	ranked_review	Moses' command not to exalt yourselves against God directly counters Pharaoh's pretension of authority.	focus_40_26_cutoff_100.tsv	23	306f13fa0f1bd19cd1c7dde03a869846706935bc7ea5d0631d39838eb0b01420
reciprocal_nomination	44:19	41:7		weak	41:7	44:19	44:19	cross_surah	label_target_note	ranked_review	The command not to exalt themselves against God supplies only a general posture opposed to disbelief.	focus_41_7_cutoff_100.tsv	24	6b7e2199bfec784ca505638029d02d06deac27f3b2f389ee056b0da542f8ceab
reciprocal_nomination	44:19	42:4		medium	42:4	44:19	44:19	cross_surah	label_target_note	ranked_review	The ban on exalting oneself against God provides a direct contrast to divine highness.	focus_42_4_cutoff_100.tsv	63	e8d1f2876814a4093a9e963478d061492d58c7550f9c26be484adbb815a2cb0b
reciprocal_counterevidence	44:19	42:20		no value	42:20	44:19	44:19	cross_surah	label_target_note	ranked_review	The command not to exalt oneself over God does not develop the focus readings.	focus_42_20_cutoff_100.tsv	45	c02385f65b0dc160889a9b395358588e886060d9baaf41ff2894b1ef31e7ea25
reciprocal_nomination	44:19	43:5		medium	43:5	44:19	44:19	cross_surah	label_target_note	ranked_review	Moses forbids self-exaltation against God while bringing clear authority, a prophetic analogue to addressing excessive opposition.	focus_43_5_cutoff_100.tsv	38	bba47e9127a1e45273bce5638eb9edcd741ed4029bbdb61ec112b2475cb20a83
reciprocal_nomination	44:19	43:46		strong	43:46	44:19	44:19	cross_surah	label_target_note	missing_ayah_suggestion	The messenger forbids Firawn's people to exalt themselves against God and cites clear authority, matching the confrontation in 43:46.	focus_43_46_cutoff_100.tsv	132	fdadc799230aad31c3fd94bd1e0c0386aaeae9b997c5b0d062679f52f29134cf
reciprocal_nomination	44:19	43:49		medium	43:49	44:19	44:19	cross_surah	label_target_note	missing_ayah_suggestion	Moses warns them not to exalt themselves against God, naming the arrogance that blocks their response.	focus_43_49_cutoff_100.tsv	154	fbdc6c119b056f84fba51b7352f73f23706d4421d0cf0a01c1f58d1df9f14d6f
reciprocal_nomination	44:19	43:52		strong	43:52	44:19	44:19	cross_surah	label_target_note	ranked_review	Moses' command not to exalt themselves over God, accompanied by clear authority, directly confronts Pharaoh-like domination.	focus_43_52_cutoff_100.tsv	94	42b1b14dea57d1800294d64b2b5d7a2db5dada4f561e64394dbb481d2c5139b3
reciprocal_counterevidence	44:19	43:62		no value	43:62	44:19	44:19	cross_surah	label_target_note	ranked_review	The clear authority brought by Moses does not materially specify Satan's obstructing role.	focus_43_62_cutoff_100.tsv	49	11406aa43324f2938e0d3246f8d0e093e0610fe96a2ff51047910d2aa67c5400
reciprocal_nomination	44:19	44:4		weak	44:4	44:19	44:19	same_surah	label_target_note	ranked_review	Its local command not to exalt oneself before God adds resistance context but little to the focus itself.	focus_44_4_cutoff_100.tsv	32	0de5c591049745f7d3ad159f7cec69334c6698ccf8a4e59a4374d41e0d20d3e2
reciprocal_nomination	44:19	44:6		medium	44:6	44:19	44:19	same_surah	label_target_note	ranked_review	Moses's clear authority and warning against exalting oneself over God develops the local reception of the message.	focus_44_6_cutoff_100.tsv	38	9e558cfe2c496391c4e8637dfb454bef3df33f7e8992d29dfa2c42d4bbfea159
reciprocal_nomination	44:19	44:10		medium	44:10	44:19	44:19	same_surah	label_target_note	ranked_review	A clear authority within the same Moses section echoes the focus's manifest warning.	focus_44_10_cutoff_100.tsv	47	517cc8416a94e44d281256dc92de01062a70d70bf126998d7cdaeac8ed6e65f3
reciprocal_counterevidence	44:19	44:11		no value	44:11	44:19	44:19	same_surah	label_target_note	ranked_review	This separate Moses bridge does not clarify the focal smoke or the painful covering.	focus_44_11_cutoff_100.tsv	32	6151a7b09deb590ed0668e21dbfe37fe42da7e0f91b9f1d592f485aea784c1ab
reciprocal_nomination	44:19	44:14		medium	44:14	44:19	44:19	same_surah	label_target_note	ranked_review	The nearby messenger arrives with clear authority and rejects arrogance toward God, reinforcing the evidence the focus evades.	focus_44_14_cutoff_100.tsv	38	d0659ee853ac1f54138f2ede07d119fb9573515921bdb3d3609a19831e72075c
reciprocal_nomination	44:19	44:17		medium	44:17	44:19	44:19	same_surah	label_target_note	ranked_review	Elçinin Allah'a karşı büyüklük taslamamayı emretmesi, 44:17'de başlayan mesajı doğrudan sürdürür.	focus_44_17_cutoff_100.tsv	44	20cd9e7e3b39b5ff58ad23e3b4a422e3c664e4599089b49ce425e755d2d6b6a5
reciprocal_nomination	44:19	44:18		strong	44:18	44:19	44:19	same_surah	label_target_note	ranked_review	The next ayah supplies the warrant behind Moses' demand for God's servants.	focus_44_18_cutoff_100.tsv	8	2d03d3a544e1330bc8b24f1c382f62c1b7283494292797b4f19db287a214b895
reciprocal_nomination	44:19	44:20		strong	44:20	44:19	44:19	same_surah	label_target_note	ranked_review	The immediate precursor rebukes arrogant elevation against God and asserts Moses' clear authority before his appeal for refuge.	focus_44_20_cutoff_100.tsv	29	470651ae0b0b283db59822c2784630c998dcde73dbf2c56c34d5c9177889198c
reciprocal_nomination	44:19	44:21		strong	44:21	44:19	44:19	same_surah	label_target_note	ranked_review	Moses's preceding prohibition of arrogance and presentation of clear authority frame the confrontation that leads to 44:21.	focus_44_21_cutoff_100.tsv	17	2bd25dc57226c12570c29d1743f8a34105c7100402f8c2dcf72af1f3a8b6c136
reciprocal_nomination	44:19	44:22		strong	44:22	44:19	44:19	same_surah	label_target_note	missing_ayah_suggestion	It records Moses' warning against arrogance before God and his clear authority, specifying the confrontation that the criminal people reject.	focus_44_22_cutoff_100.tsv	102	f13249aeaa0631463308cefe73229372d4cead2253bdf34cd3405cc6ba282759
reciprocal_nomination	44:19	44:23		medium	44:23	44:19	44:19	same_surah	label_target_note	missing_ayah_suggestion	Moses prohibits arrogance against God, directly confronting the authority that holds the servants.	focus_44_23_cutoff_100.tsv	159	5315961a8270e3e6cf906189b7b7582a78a62f3c48d194f3af0e708e2100b049
reciprocal_nomination	44:19	44:25		medium	44:25	44:19	44:19	same_surah	label_target_note	missing_ayah_suggestion	The prohibition on Pharaoh's arrogance identifies the failed posture behind the loss of his cultivated security.	focus_44_25_cutoff_100.tsv	103	2209445a6362dd955c84203174d4012198fa20e1200c6bb5e520ec1be3c009c0
reciprocal_nomination	44:19	44:30		strong	44:30	44:19	44:19	same_surah	label_target_note	missing_ayah_suggestion	Moses forbids Pharaoh's party from exalting themselves against God and brings clear authority, defining the challenge to the oppressive order.	focus_44_30_cutoff_100.tsv	129	2427a8116a7ed603581f28bd9a951db26b7aabc0698176d09a5980da10157f34
reciprocal_nomination	44:19	44:31		strong	44:31	44:19	44:19	same_surah	label_target_note	ranked_review	The preceding prohibition on rising against God directly defines the overreaching at issue.	focus_44_31_cutoff_100.tsv	6	7018dbecb2219004c05d739063524a9e7ca167ad929afe5d7a1e99f00dc3f895
reciprocal_nomination	44:19	44:32		medium	44:32	44:19	44:19	same_surah	label_target_note	ranked_review	The immediate prohibition against exalting oneself over God supplies the authority boundary within the same trial passage.	focus_44_32_cutoff_100.tsv	20	14da18c42570db804bb480e5a849b17f5e3f0d2551afd0a2bd00447012866b5b
reciprocal_nomination	44:19	44:33		strong	44:33	44:19	44:19	same_surah	label_target_note	ranked_review	Moses brings clear authority in the immediate test narrative, giving the signs' confrontational setting.	focus_44_33_cutoff_100.tsv	23	ea7eb1ff9800021cef8a870d893b318102d2b15d53c8810a21c42b3167486d3e
reciprocal_nomination	44:19	44:36		medium	44:36	44:19	44:19	same_surah	label_target_note	ranked_review	Nearby Moses material contrasts divine authority with arrogant demands for proof.	focus_44_36_cutoff_100.tsv	57	7c5a6b47641109414d9a6d09b222db2752111cf0732ab0cecff26d8508597a74
reciprocal_nomination	44:19	44:58		weak	44:58	44:19	44:19	same_surah	label_target_note	ranked_review	Local auxiliary channel membership is not evidence for the focus relation.	focus_44_58_cutoff_100.tsv	14	a7ec68f105ca382024bcda7038abec221dc0b2b0269a0eb3e250ad2e51ea7160
reciprocal_nomination	44:19	45:25		medium	45:25	44:19	44:19	cross_surah	label_target_note	ranked_review	Manifest authority and its contrast route clarify resistance to proof, not the ancestor demand itself.	focus_45_25_cutoff_100.tsv	60	c4781db020feb933a9c0d5bbf447cf7b50ea677fe2e24deb4fe4212550764a13
reciprocal_nomination	44:19	45:30		weak	45:30	44:19	44:19	cross_surah	label_target_note	ranked_review	Its manifest authority concerns Moses' warning, only distantly related to the focus qualifier.	focus_45_30_cutoff_100.tsv	94	7eaf7aadfdc0205f17c36681d577d54a809b9c36353da5fc9bb6403cc56ac52b
reciprocal_counterevidence	44:19	46:22		no value	46:22	44:19	44:19	cross_surah	label_target_note	ranked_review	The link is contrast-only and does not positively clarify the focus.	focus_46_22_cutoff_100.tsv	33	5ff100a91cbb6eee448fd606ca156f42738c43a7ba8d17c90ea53d0279187a87
reciprocal_counterevidence	44:19	47:17		no value	47:17	44:19	44:19	cross_surah	label_target_note	ranked_review	Its contrast route is boundary evidence only and the ayah adds no focal mechanism.	focus_47_17_cutoff_100.tsv	27	1a692bd09e301ee37a2979991c23f26bb461c8748140b227a8da1457189ca01e
reciprocal_nomination	44:19	47:35		medium	47:35	44:19	44:19	cross_surah	label_target_note	ranked_review	Opposing exaltation over God provides a boundary on superiority as domination.	focus_47_35_cutoff_100.tsv	84	596cc79aa4bdb6d6538cb0453da857e042ded30faad8bac3bec36a1c9c01a448
reciprocal_counterevidence	44:19	47:36		no value	47:36	44:19	44:19	cross_surah	label_target_note	ranked_review	Provides contrast-only route evidence, not positive support for 47:36.	focus_47_36_cutoff_100.tsv	57	e66b1163dea13d48fd6e3a8af92ccbf781f116bf8d2df1654a8604bb9f7ce102
reciprocal_nomination	44:19	49:6		weak	49:6	44:19	44:19	cross_surah	label_target_note	ranked_review	Clear authority repeats the abstract evidentiary theme.	focus_49_6_cutoff_100.tsv	100	3e0203a870a16215d7ae2f25731fdfdae89074a852289877d01eea221a568657
reciprocal_counterevidence	44:19	51:16		no value	51:16	44:19	44:19	cross_surah	label_target_note	ranked_review	Contrast-only link; no positive interpretive contribution to 51:16.	focus_51_16_cutoff_100.tsv	36	5c3fe0387ce3f13596bf36807d7d835a63c894e6c044873e3b70edfa7e581ac0
reciprocal_nomination	44:19	51:30		weak	51:30	44:19	44:19	cross_surah	label_target_note	ranked_review	The excess-channel boundary only indirectly bears on the later offending people in this narrative.	focus_51_30_cutoff_100.tsv	59	65d4f08cd33d4e70eacf2a9da952f917f304d922698cb22235d89f83e451d31c
reciprocal_nomination	44:19	51:32		medium	51:32	44:19	44:19	cross_surah	label_target_note	ranked_review	Adds the prohibition of self-exaltation against divine authority.	focus_51_32_cutoff_100.tsv	56	dedf9ea2f45b58e30ec707fce854993b644f24b4de67d206b7d3f9e4027c874b
reciprocal_nomination	44:19	51:33		weak	51:33	44:19	44:19	cross_surah	label_target_note	ranked_review	Excess boundary offers a distant counterpart to the offender designation.	focus_51_33_cutoff_100.tsv	56	d7b39d51f9b2757105ed0d636a35e2593b0841a1ff745a399f38d938e06fdad2
reciprocal_nomination	44:19	51:34		medium	51:34	44:19	44:19	cross_surah	label_target_note	ranked_review	Adds the boundary against self-exaltation through a related channel.	focus_51_34_cutoff_100.tsv	32	4780305b24813e32c7a31ed92d708542b0ff8bf6d7d44c3f32284197d588a413
reciprocal_nomination	44:19	51:38		strong	51:38	44:19	44:19	cross_surah	label_target_note	ranked_review	Musa presents clear authority while confronting exaltation against God.	focus_51_38_cutoff_100.tsv	10	671729a6d5251106862dc3566a88fc1036b4525f7669780ffaaa49751f84997a
reciprocal_nomination	44:19	51:50		weak	51:50	44:19	44:19	cross_surah	label_target_note	ranked_review	Opposition to God and clear authority are only a distant parallel.	focus_51_50_cutoff_100.tsv	34	ec1f6ac2317b7407dfce995e0a8a5d33e955f757d30d5d90c431d178306f376b
reciprocal_nomination	44:19	51:51		weak	51:51	44:19	44:19	cross_surah	label_target_note	ranked_review	Opposition to exalting oneself over God is only an indirect hierarchy parallel.	focus_51_51_cutoff_100.tsv	46	0f081a77a78f9342ff490585df1755d2005398e03a75f1488e602af22576a27e
reciprocal_counterevidence	44:19	52:18		no value	52:18	44:19	44:19	cross_surah	label_target_note	ranked_review	Its V12 route is contrast-only and does not clarify the focus.	focus_52_18_cutoff_100.tsv	27	bc5bed833d4c45ffd1fd1165b7202211f4f6ea7c571572f23dcb53ebcc30c51f
reciprocal_nomination	44:19	52:38		strong	52:38	44:19	44:19	cross_surah	label_target_note	ranked_review	Pairs the demanded clear warrant with a challenge to unauthorized exaltation, sharpening its authority dimension.	focus_52_38_cutoff_100.tsv	1	25e60c3ce230de36d84cc00e7183e7ec00180e8b70069fc10da44b2590c237f6
reciprocal_nomination	44:19	53:7		weak	53:7	44:19	44:19	cross_surah	label_target_note	ranked_review	Prohibiting elevation over God is redundant contrary evidence for f03.	focus_53_7_cutoff_100.tsv	45	06fa4e7a165b17c2495b72ec3f82eb74c3ca2cecbba2afd9d36314499443c4d7
reciprocal_nomination	44:19	55:33		strong	55:33	44:19	44:19	cross_surah	label_target_note	ranked_review	Sultan mubin accompanies refusal to exalt oneself against God, joining proof and hierarchy.	focus_55_33_cutoff_100.tsv	40	f58b9d5d2c60167bf3089ec42541c3aed66be887159191b1c1b81ef717ee1dd2
reciprocal_counterevidence	44:19	56:19		no value	56:19	44:19	44:19	cross_surah	label_target_note	ranked_review	Generic negation in an unrelated setting.	focus_56_19_cutoff_100.tsv	93	233538677ccaacd760dad15568b9e233cb43804d73fa2325a9c8b73d1fbf8e9e
reciprocal_counterevidence	44:19	57:21		no value	57:21	44:19	44:19	cross_surah	label_target_note	ranked_review	Its available V12 route is contrast-only and adds no positive reading.	focus_57_21_cutoff_100.tsv	81	ee767b6a25fae87385a50b28366f8ee89eac2d61e735356b06e499e1f2478597
reciprocal_nomination	44:19	57:23		medium	57:23	44:19	44:19	cross_surah	label_target_note	ranked_review	Its prohibition of self-exaltation is boundary evidence, not positive route support.	focus_57_23_cutoff_100.tsv	36	e3883539fe08525e598517a74f7da33d843e1c4ce5543d050fd0fb9920aba463
reciprocal_counterevidence	44:19	57:28		no value	57:28	44:19	44:19	cross_surah	label_target_note	ranked_review	The sole V12 connection is contrast evidence and supplies no positive focused support.	focus_57_28_cutoff_100.tsv	60	e9a1a2dec8a34708d0563ef1f20c1111d3ec77f32c3fb3dad7932e7fc8ff9545
reciprocal_counterevidence	44:19	57:29		no value	57:29	44:19	44:19	cross_surah	label_target_note	ranked_review	Its only V12 route is contrast evidence, not positive support.	focus_57_29_cutoff_100.tsv	81	f7df424e7dd624021c8c90a8592d59595c1bd2e2446fe83d502c048c77849e69
reciprocal_counterevidence	44:19	58:11		no value	58:11	44:19	44:19	cross_surah	label_target_note	ranked_review	The contrast route is boundary evidence and supplies no positive focus support.	focus_58_11_cutoff_100.tsv	57	147a399f65bbd7c9e82fb106cc679d3870e4e3494a9ff406ab602972aa58816b
reciprocal_counterevidence	44:19	60:11		no value	60:11	44:19	44:19	cross_surah	label_target_note	ranked_review	Its contrast route supplies no positive interpretation of the focus.	focus_60_11_cutoff_100.tsv	63	a0347ccab8d6f4a92bebb827bbb82ecdcb9c1470460483fe39417ae0099b4784
reciprocal_counterevidence	44:19	62:4		no value	62:4	44:19	44:19	cross_surah	label_target_note	ranked_review	Its supplied route is contrast evidence, not positive support.	focus_62_4_cutoff_100.tsv	39	5c3e4ddb6832da6260d740eba901ff5b513cb86ff07bf3daf41efdb098b190ba
reciprocal_counterevidence	44:19	65:7		no value	65:7	44:19	44:19	cross_surah	label_target_note	ranked_review	The V12 connection is contrast evidence and does not support the focus reading.	focus_65_7_cutoff_100.tsv	63	9583ecc811ac403b8613b7765bd659faee17564bc39e20c8e52b69c32388104f
reciprocal_counterevidence	44:19	65:12		no value	65:12	44:19	44:19	cross_surah	label_target_note	ranked_review	No focused addition beyond an authority claim.	focus_65_12_cutoff_100.tsv	78	d8110b5ddae4dcceb72ceaa87dc76d50da0820266c86820586d8c61ac9e2afca
reciprocal_counterevidence	44:19	67:30		no value	67:30	44:19	44:19	cross_surah	label_target_note	ranked_review	The route is contrast-only and concerns proof rather than water.	focus_67_30_cutoff_100.tsv	82	a55904b7e0c28490835286aeb240393c46a5365df237208e3fd67b7a81284bc6
reciprocal_counterevidence	44:19	68:41		no value	68:41	44:19	44:19	cross_surah	label_target_note	ranked_review	Its contrast route is boundary evidence, not support for the focus.	focus_68_41_cutoff_100.tsv	39	b4832009e997932d9c1862b543777202f1a983b914b6d8e591f6b19d8b2ab529
reciprocal_nomination	44:19	69:11		weak	69:11	44:19	44:19	cross_surah	label_target_note	ranked_review	Height or self-exaltation is only a remote excess parallel.	focus_69_11_cutoff_100.tsv	70	a12cbbc244d833f5d8df9b63f88200fc3900bad34fd5151a3b6920b2420a760f
reciprocal_counterevidence	44:19	69:19		no value	69:19	44:19	44:19	cross_surah	label_target_note	ranked_review	Contrast-only evidence concerns proof and threatened refusal, not the focus reception or record.	focus_69_19_cutoff_100.tsv	33	b12a8c94651b85f2461fbf4d20fdcaafea6039e2518a998d8507153ac78f82ed
reciprocal_nomination	44:19	69:20		medium	69:20	44:19	44:19	cross_surah	label_target_note	ranked_review	Offers only a broad warning against self-exaltation before God.	focus_69_20_cutoff_100.tsv	91	896268435d8d96bbd8c6d7a93357b83b139cc65c056cc372a79bb8953f8f5695
reciprocal_nomination	44:19	69:23		weak	69:23	44:19	44:19	cross_surah	label_target_note	ranked_review	Boundary evidence on wrongful elevation, not the garden's lowered provision.	focus_69_23_cutoff_100.tsv	26	4ae87dd81b7e3a8b5f8069c87f5fcd0b73aade3ebcaf2975edd03ab7b7b30baa
reciprocal_nomination	44:19	69:25		weak	69:25	44:19	44:19	cross_surah	label_target_note	ranked_review	Contrast-only evidence marks the boundary between proof and approaching consequence.	focus_69_25_cutoff_100.tsv	6	617117ac7ceb0bcffccaa7df1ac8dab67b48b51704a51494029bdce3d0007e87
reciprocal_nomination	44:19	69:29		strong	69:29	44:19	44:19	cross_surah	label_target_note	ranked_review	Forbids self-exaltation and invokes سلطان مبين, joining overreach to proof.	focus_69_29_cutoff_100.tsv	68	8b0666463566a8ef8c0d851347638d14f8a903f9f404789aa625deedff008f6a
reciprocal_nomination	44:19	74:47		medium	74:47	44:19	44:19	cross_surah	label_target_note	ranked_review	The offered clear authority and threatened consequence preserve an evidentiary, not solely terminal, route to certainty.	focus_74_47_cutoff_100.tsv	18	90505199fa4e64c5bed57bec287a69c8ca15d8ca57c106289caf54cccbb62147
reciprocal_counterevidence	44:19	74:50		no value	74:50	44:19	44:19	cross_surah	label_target_note	ranked_review	The prohibition on exalting oneself adds no focused relation.	focus_74_50_cutoff_100.tsv	99	ca1e5e2dfeac3ee08121bece70cb693129684fa5b5e2bfc1431e3667d4bb0022
reciprocal_nomination	44:19	74:52		weak	74:52	44:19	44:19	cross_surah	label_target_note	ranked_review	Clear authority in a rebuke offers only indirect context for demanding proof and resisting it.	focus_74_52_cutoff_100.tsv	45	d378144a5c122656757405c2c19c60f109f80cf834126ffa02d5ed39be76104c
reciprocal_nomination	44:19	79:15		weak	79:15	44:19	44:19	cross_surah	label_target_note	ranked_review	Açık kanıtın gelmesi, Musa'nın Firavun'a getirildiği işaretlerle sınırlı bir paralellik taşır.	focus_79_15_cutoff_100.tsv	39	be4fb6e4cb58cb612ba5e380a257c36cb5fe1a92d71c4f43f2d7650d9e68cbe6
reciprocal_nomination	44:19	79:17		strong	79:17	44:19	44:19	cross_surah	label_target_note	missing_ayah_suggestion	Allah'a karşı büyüklük taslamama çağrısı, طغى'ya karşı doğrudan karşı söylemdir.	focus_79_17_cutoff_100.tsv	178	573095fbeebfa16483bc9faa65c27b5f5367c682c860f2aa2140ba12e25c8fd0
reciprocal_nomination	44:19	79:21		strong	79:21	44:19	44:19	cross_surah	label_target_note	missing_ayah_suggestion	Allah'a karşı büyüklük taslamama emri, 79:21 sonrası Firavun öz-yüceltmesinin doğrudan karşıtıdır.	focus_79_21_cutoff_100.tsv	144	eb0839ef64cc0a9c6fa28f8044a1d26a617159356c732c0071bc3ea870aab237
reciprocal_nomination	44:19	79:24		medium	79:24	44:19	44:19	cross_surah	label_target_note	ranked_review	Forbids elevation over Allah and invokes manifest authority, a direct contrary rule for the root.	focus_79_24_cutoff_100.tsv	88	6ab691ceb739ab16316f6458774fbaa4c8e4bcca4fbb0649db9b171457e70101
reciprocal_nomination	44:19	83:19		strong	83:19	44:19	44:19	cross_surah	label_target_note	ranked_review	Contrast route defines rising against God as coercive authority, a clear boundary for f04.	focus_83_19_cutoff_100.tsv	48	574a91953f9920b9a485a1f3782bdc8ea81df74ff47db0f589ea52ac8b4baa58
reciprocal_nomination	44:19	84:7		weak	84:7	44:19	44:19	cross_surah	label_target_note	ranked_review	Contrast-only auxiliary route; authority-bearing evidence is not the received book.	focus_84_7_cutoff_100.tsv	33	4b2db267779a65929639bb725409f12dc8755dcf3792d19977e1021224127eaf
reciprocal_nomination	44:19	84:10		weak	84:10	44:19	44:19	cross_surah	label_target_note	ranked_review	Contrast route only: an arriving proof is not the book-behind-back scene.	focus_84_10_cutoff_100.tsv	9	d2b7b5414fbbd8be2aece1ab684165d36d9746d74c16467d946c4661d21c3abf
reciprocal_counterevidence	44:19	85:17		no value	85:17	44:19	44:19	cross_surah	label_target_note	ranked_review	Its rejected parallel does not add a usable boundary for this focus.	focus_85_17_cutoff_100.tsv	42	7b96404388f7b933c055698d00267ddce42eb3d69e67f14e8a7e871056f1488d
reciprocal_nomination	44:19	88:10		medium	88:10	44:19	44:19	cross_surah	label_target_note	ranked_review	Treats elevation over God as coercive domination, a contrary boundary.	focus_88_10_cutoff_100.tsv	45	6582f4e2e54a7e7337641039ad08bf38a89630475d18962463b938bf8f1a3fd3
reciprocal_nomination	44:19	92:18		weak	92:18	44:19	44:19	cross_surah	label_target_note	ranked_review	Contrast-only evidence about proof and refusal is too remote from the focus.	focus_92_18_cutoff_100.tsv	72	1cd923526ba7a0c18579b83d8d17fc177e8ac4b039c4cbadf26ab1327ad8c436
reciprocal_nomination	44:19	98:4		medium	98:4	44:19	44:19	cross_surah	label_target_note	ranked_review	A clear authority supports the evidentiary side of the focus, without its communal division.	focus_98_4_cutoff_100.tsv	45	8c280176e266b2597e07312e1c00e4541f96b37df0ebf14b9d8d3850262f2e68
reciprocal_nomination	44:19	98:5		weak	98:5	44:19	44:19	cross_surah	label_target_note	ranked_review	Contrast evidence marks a coercive proof-response boundary, not a positive route.	focus_98_5_cutoff_100.tsv	59	450d372bb84bce080b6a8965efcbeace3ba0dc2620393ba110ba5ef245b795dd
