record_type	focus_ref	target_ref	focus_direction_label	source_direction_label	source_focus_ref	source_target_ref	source_target_component_ref	relation_scope	source_column_order	source_row_role	source_note	source_file	source_line	source_row_sha256
directional_review	17:82	35:39	strong	strong	17:82	35:39	35:39	cross_surah	label_target_note	ranked_review	Closely parallels the increase-to-loss outcome for rejecting receivers.	focus_17_82_cutoff_100.tsv	1	510729e471b67d6635ecfb5a9ac705f763719925b569b34a54f25a338c4509ff
directional_review	17:82	26:80	medium	medium	17:82	26:80	26:80	cross_surah	label_target_note	ranked_review	Supplies a distinct healing frame, without the Qur'an-specific receiver contrast.	focus_17_82_cutoff_100.tsv	2	53765cb8581220a558ba2bdc18a131d2dcb4915c08ebe92b34389158dc6e8ad5
directional_review	17:82	7:23	medium	medium	17:82	7:23	7:23	cross_surah	label_target_note	ranked_review	Joins mercy, wrongdoing, and loss as interdependent outcomes.	focus_17_82_cutoff_100.tsv	3	74201b9c3afc38eb408f5a4cceeb571b5a11717a70cf9258b9770a2bd781e2ac
directional_review	17:82	71:28	medium	medium	17:82	71:28	71:28	cross_surah	label_target_note	ranked_review	Parallels the formula of increasing the wrongdoers only in ruin.	focus_17_82_cutoff_100.tsv	4	ba57261d83b0f42fc4793b875e853b70ced4b65550168cefb30aa30192f8795a
directional_review	17:82	17:41	strong	strong	17:82	17:41	17:41	same_surah	label_target_note	ranked_review	Direct Qur'an parallel: repeated presentation increases resistant reception only in recoil.	focus_17_82_cutoff_100.tsv	5	436e1511a523ceaf157b022180301bbc0ff41753c48f48756391047bc84ea9cc
directional_review	17:82	36:15	weak	weak	17:82	36:15	36:15	cross_surah	label_target_note	ranked_review	Shows denial of a claimed descent, but adds little to healing or mercy.	focus_17_82_cutoff_100.tsv	6	8587ded92ec42caf44772ea507f55e1dae0e20bbc8410759e10249df881ad421
directional_review	17:82	10:57	strong	strong	17:82	10:57	10:57	cross_surah	label_target_note	ranked_review	Directly pairs healing, mercy, and believers in a revelatory address.	focus_17_82_cutoff_100.tsv	7	ce206caca8e85d12b542b56ea7852e4b663d9b550ac702986ded862c6c3a86c0
directional_review	17:82	17:80	medium	medium	17:82	17:80	17:80	same_surah	label_target_note	ranked_review	Immediate passage context frames the truthful transition surrounding 17:82.	focus_17_82_cutoff_100.tsv	8	31cc703baa247adb90caeb1a5a4d006517d8f74c63ae729d2edf30e49a9cd8b0
directional_review	17:82	36:5	weak	weak	17:82	36:5	36:5	cross_surah	label_target_note	ranked_review	Links descent with the Merciful, without the verse's differentiated effects.	focus_17_82_cutoff_100.tsv	9	bc712bb8ef702da4217d4ad353081096ddd8fc6517139956716c91a50a878622
directional_review	17:82	27:77	medium	medium	17:82	27:77	27:77	cross_surah	label_target_note	ranked_review	Confirms guidance and mercy as believer-specific Qur'anic functions.	focus_17_82_cutoff_100.tsv	10	91c5dd46b87744f25e580e3b8ba16f8c666011f621b23d15bc35a2bc5bbe2b91
directional_review	17:82	17:95	weak	weak	17:82	17:95	17:95	same_surah	label_target_note	ranked_review	The adjacent descending-messenger question is a secondary contextual echo only.	focus_17_82_cutoff_100.tsv	11	22a20f849a0677985a0ebfc34419f78d01e0d2fcadbd5f5ba421c8a1fa1e671b
directional_review	17:82	16:69	medium	medium	17:82	16:69	16:69	cross_surah	label_target_note	ranked_review	Offers a non-Qur'anic healing analogue, keeping the healing reading broader.	focus_17_82_cutoff_100.tsv	12	37267b17ba362c1dcfd2da29ed95534a6ed7a06a9adbb3279c57806e623f43c6
directional_review	17:82	15:88	weak	weak	17:82	15:88	15:88	cross_surah	label_target_note	ranked_review	Addresses believers without adding healing, mercy, or loss dynamics.	focus_17_82_cutoff_100.tsv	13	8b697a8b017be1e25a08fc1fc3bc3cca8c9c76f35fbcd07b723bfe32af7f1e93
directional_review	17:82	26:198	medium	medium	17:82	26:198	26:198	cross_surah	label_target_note	ranked_review	Supports the foreign-recitation and refusal reading of resistant reception.	focus_17_82_cutoff_100.tsv	14	080dfb8fdde7c7ff5cc97046fbc7a6f42d9b3d24ca5f1d72a74b8a2ef7b00594
directional_review	17:82	7:9	medium	medium	17:82	7:9	7:9	cross_surah	label_target_note	ranked_review	Connects wrongdoing against signs with self-loss.	focus_17_82_cutoff_100.tsv	15	e751cadbfb0e6cb4f64e0516741776233a2391934b11a592832988fc8a68a3d7
directional_review	17:82	71:24	medium	medium	17:82	71:24	71:24	cross_surah	label_target_note	ranked_review	Parallels wrongdoers being increased only in a negative outcome.	focus_17_82_cutoff_100.tsv	16	b230d8cecbae56cfc997b9d161285a347dee9d6bf8c9929d7cec8e7ce3704875
directional_review	17:82	17:60	strong	strong	17:82	17:60	17:60	same_surah	label_target_note	ranked_review	Direct Qur'an context shows warning increasing resistant excess rather than repair.	focus_17_82_cutoff_100.tsv	17	43cf936c65d3678973d4bc05475534ba11188c3f310aabd1a115c632396ee9e6
directional_review	17:82	65:9	weak	weak	17:82	65:9	65:9	cross_surah	label_target_note	ranked_review	Names loss as an outcome but lacks the revelatory receiver contrast.	focus_17_82_cutoff_100.tsv	18	5f5dc74347c95f2a012ca49756e2240a446b8e10fd1ec1c765c3d322cb7a1505
directional_review	17:82	71:21	medium	medium	17:82	71:21	71:21	cross_surah	label_target_note	ranked_review	Parallels increase yielding loss, though through wealth and offspring.	focus_17_82_cutoff_100.tsv	19	9f2d68b67bf027395578d491fda42557928611c499380d1877565a269cb19984
directional_review	17:82	17:81	strong	strong	17:82	17:81	17:81	same_surah	label_target_note	ranked_review	Immediate context supplies the truth-versus-falsehood setting for 17:82.	focus_17_82_cutoff_100.tsv	20	5ec60171dff671b509823fbb3d301b9084ce3979f2869809bc10d68d64d5a11e
directional_review	17:82	9:14	medium	medium	17:82	9:14	9:14	cross_surah	label_target_note	ranked_review	Extends healing to believing hearts in a different mode of restoration.	focus_17_82_cutoff_100.tsv	21	0a4bcde669e79b9711c38b7fa30404f84e70bbd5c04b784cbd659eceb491e328
directional_review	17:82	9:61	medium	medium	17:82	9:61	9:61	cross_surah	label_target_note	ranked_review	Associates mercy with believers while contrasting those who harm the messenger.	focus_17_82_cutoff_100.tsv	22	3dc58fc82c5a8634ea52ac2b22d4c5cb914467cfe658177fa6e523fdb083ba27
directional_review	17:82	17:16	weak	weak	17:82	17:16	17:16	same_surah	label_target_note	ranked_review	The wider-surah channel is secondary; the verse itself does not illuminate 17:82 closely.	focus_17_82_cutoff_100.tsv	23	e6f2cae107401072130be3ceee0dad0974a52b682eff934673d794780dda74e8
directional_review	17:82	41:2	medium	medium	17:82	41:2	41:2	cross_surah	label_target_note	ranked_review	Pairs descent with the Merciful and Merciful One, supporting mercy's source.	focus_17_82_cutoff_100.tsv	24	124ffecb5e18044f8995a03dbdaeb4cc123b05059beaa3b23d439b0bc952d463
directional_review	17:82	2:185	medium	medium	17:82	2:185	2:185	cross_surah	label_target_note	ranked_review	Frames the descended Qur'an as guidance and clarification, complementing its healing role.	focus_17_82_cutoff_100.tsv	25	30f0969c1a1572b29e11c019d70a1fcbaf3d5dd9f3368b1246b8be29b60e77e0
directional_review	17:82	37:148	weak	weak	17:82	37:148	37:148	cross_surah	label_target_note	ranked_review	Belief after dispatch is a remote positive-reception echo.	focus_17_82_cutoff_100.tsv	26	918eff3fc595630774568091f5d2a87bb8ae95a3852b26d5c5f28a43f545ddf0
directional_review	17:82	36:28	no value	no value	17:82	36:28	36:28	cross_surah	label_target_note	ranked_review	Military descent does not clarify the Qur'an's healing or receiver-dependent effect.	focus_17_82_cutoff_100.tsv	27	9536a8ebead2baab0b65e8fd56cc5c248c3f70e87d46af28e519b9ddd9578925
directional_review	17:82	3:124	weak	weak	17:82	3:124	3:124	cross_surah	label_target_note	ranked_review	Descent as support for believers is only an indirect parallel.	focus_17_82_cutoff_100.tsv	28	3d9d11361c5d0d537ed34e82f8b1969a7f93b94ba2fa0997941bd20b665113c7
directional_review	17:82	17:109	strong	strong	17:82	17:109	17:109	same_surah	label_target_note	ranked_review	Direct context gives a positive increase response, complementing 17:82's loss response.	focus_17_82_cutoff_100.tsv	29	e3028a8b44328ccf09745102195bf247f0c79865405031ab99c61ffcff044e12
directional_review	17:82	5:29	weak	weak	17:82	5:29	5:29	cross_surah	label_target_note	ranked_review	Names wrongdoers' consequence without a relevant revelatory operation.	focus_17_82_cutoff_100.tsv	30	ec2eb4154128ea516475c5675d0ff2d3d3e09b7f9918ebd7478b01deb807f9a3
directional_review	17:82	41:44	strong	strong	17:82	41:44	41:44	cross_surah	label_target_note	ranked_review	Direct Qur'an parallel: healing and guidance for believers, obstruction for nonbelievers.	focus_17_82_cutoff_100.tsv	31	266e3deadc80e29d6dcfac1fb26c47b304b708e2bbd05e4e9f2900e05f154269
directional_review	17:82	17:102	weak	weak	17:82	17:102	17:102	same_surah	label_target_note	ranked_review	Adjacent signs as insights offer only a loose descent connection.	focus_17_82_cutoff_100.tsv	32	8afaa1e624f588b3e464559bc3f0972e87a48ea52c70b06ead2aaf494025275f
directional_review	17:82	35:20	weak	weak	17:82	35:20	35:20	cross_surah	label_target_note	ranked_review	The darkness/light contrast is too abstract without the verse's operative pattern.	focus_17_82_cutoff_100.tsv	33	c43006c91cffcf5f9f63f5f335e954b87da3cc7b0ee93e4d7aea4c9e7884c1af
directional_review	17:82	76:23	medium	medium	17:82	76:23	76:23	cross_surah	label_target_note	ranked_review	Confirms deliberate Qur'anic descent, but not its differentiated reception.	focus_17_82_cutoff_100.tsv	34	8c495fa8f227161ca6cb8c5e9348ed61556a468786226e1897f0092e80e6da1f
directional_review	17:82	17:103	no value	no value	17:82	17:103	17:103	same_surah	label_target_note	ranked_review	The surrounding narrative displacement does not materially explain 17:82.	focus_17_82_cutoff_100.tsv	35	bd170fe8f2895320d4b6820fbed419ee1b5663958403bf70718597bd91c2c70d
directional_review	17:82	2:64	medium	medium	17:82	2:64	2:64	cross_surah	label_target_note	ranked_review	Relates mercy to avoidance of loss after turning away.	focus_17_82_cutoff_100.tsv	36	e7dfd39fcae1c93cd96b29d8183fb87839051d06e86b32c7bb14cb39ecc389d9
directional_review	17:82	10:106	weak	weak	17:82	10:106	10:106	cross_surah	label_target_note	ranked_review	Identifies wrongdoing in a general prohibition, without the relevant reception dynamic.	focus_17_82_cutoff_100.tsv	37	0d594b3d99f070e486698d0676af2cdef91feaa4d28f3d48e97d91c06e33f0e0
directional_review	17:82	23:118	medium	medium	17:82	23:118	23:118	cross_surah	label_target_note	ranked_review	Adds the protective-covering mercy reading through the mapped branch.	focus_17_82_cutoff_100.tsv	38	48ff8606e2c0dde4a419ad948971037f624e2bea0fa936ac3e5c69fc3e4ea0a7
directional_review	17:82	21:14	no value	no value	17:82	21:14	21:14	cross_surah	label_target_note	ranked_review	Bare acknowledgment of wrongdoing adds no distinct interpretive value.	focus_17_82_cutoff_100.tsv	39	fa4f2da193bf79003f91cf61518a4544f50e9344aee77476d3214195acc2ad2b
directional_review	17:82	28:85	medium	medium	17:82	28:85	28:85	cross_surah	label_target_note	ranked_review	Sets Qur'an alongside guidance and manifest wandering as divergent paths.	focus_17_82_cutoff_100.tsv	40	5f60cab33bc1ded467dd409942bf8514efc45ed6ed99830edaa88e8f168ec1cf
directional_review	17:82	17:58	weak	weak	17:82	17:58	17:58	same_surah	label_target_note	ranked_review	The broad-surah membership is insufficiently specific to 17:82.	focus_17_82_cutoff_100.tsv	41	af6a4aab8350c7ca8feb976143372af2cb077a09db21c8343188c967e90e52b3
directional_review	17:82	4:23	no value	no value	17:82	4:23	4:23	cross_surah	label_target_note	ranked_review	Legal restriction and divine mercy do not clarify the focus verse.	focus_17_82_cutoff_100.tsv	42	b010e87a042b463135e96015d8299b42b52536eb980cdd1c8af062985be39289
directional_review	17:82	3:151	weak	weak	17:82	3:151	3:151	cross_surah	label_target_note	ranked_review	Invalid authority and wrongdoing are only a distant contrast.	focus_17_82_cutoff_100.tsv	43	10618fa1487086ab86b203e75d1caf879b75a7195976b89af967218f113dbe8e
directional_review	17:82	11:94	medium	medium	17:82	11:94	11:94	cross_surah	label_target_note	ranked_review	Mercy separates believers from wrongdoers, a secondary receiver-dividing analogue.	focus_17_82_cutoff_100.tsv	44	d671eace729ed53e8a07d70b0cca3eb4add248fd9bdd805b9b1b9f382de0a843
directional_review	17:82	6:21	weak	weak	17:82	6:21	6:21	cross_surah	label_target_note	ranked_review	General rejection of signs and wrongdoing adds limited support.	focus_17_82_cutoff_100.tsv	45	c3ef4267e77ce8e044e0dab5f90976d91b6a9eb1a5d87d0d360b31504e084279
directional_review	17:82	42:45	medium	medium	17:82	42:45	42:45	cross_surah	label_target_note	ranked_review	Ties self-loss to wrongdoing, reinforcing the focus verse's negative endpoint.	focus_17_82_cutoff_100.tsv	46	920941d9224d6e6c9f5427e3a212791506eacd1199e9fb1aa86f8f270da9c074
directional_review	17:82	17:104	weak	weak	17:82	17:104	17:104	same_surah	label_target_note	ranked_review	The wider-surah membership adds little beyond narrative adjacency.	focus_17_82_cutoff_100.tsv	47	279853e4fe30a80ddefb5756a4f72007c0e1a925092d48c9c1d03eac602dd356
directional_review	17:82	36:54	weak	weak	17:82	36:54	36:54	cross_surah	label_target_note	ranked_review	Justice in recompense is only a general backdrop to loss.	focus_17_82_cutoff_100.tsv	48	6ca36493db2db44e91c68dcd4999f480f66733a10b6673680381751326708309
directional_review	17:82	6:19	medium	medium	17:82	6:19	6:19	cross_surah	label_target_note	ranked_review	Frames the Qur'an as warning, supporting its non-neutral effect on hearers.	focus_17_82_cutoff_100.tsv	49	c6f9432a98b71547a2ea3db7af79670cfe97959dfdee82a0528f7895bdab1d8a
directional_review	17:82	23:109	medium	medium	17:82	23:109	23:109	cross_surah	label_target_note	ranked_review	Believing appeal for mercy supports the protective-mercy branch.	focus_17_82_cutoff_100.tsv	50	5459e65373f5de5496727e4988e455d472f649f490f32309ef1a4c066436b070
directional_review	17:82	4:106	weak	weak	17:82	4:106	4:106	cross_surah	label_target_note	ranked_review	Mercy through forgiveness is broader than the focus verse's Qur'anic operation.	focus_17_82_cutoff_100.tsv	51	2c5d9f13259ff7e267d6db430bc26d607166cf443c84d8e52f17b1af9886de06
directional_review	17:82	6:157	strong	strong	17:82	6:157	6:157	cross_surah	label_target_note	ranked_review	Revealed guidance and mercy meet rejection and withdrawal, closely preserving both outcomes.	focus_17_82_cutoff_100.tsv	52	757e59b3f15b8353422f9b8abf49504c4ddd5a8f4d7e372ce0a696d6adc33526
directional_review	17:82	17:36	no value	no value	17:82	17:36	17:36	same_surah	label_target_note	ranked_review	The adjacent ethical instruction does not explain healing, mercy, or loss.	focus_17_82_cutoff_100.tsv	53	82e0b0c817b9b005524ff97196cb84f4ce827813529b7d9d3323c85549813030
directional_review	17:82	5:74	weak	weak	17:82	5:74	5:74	cross_surah	label_target_note	ranked_review	Repentance and mercy lack a relevant reception or Qur'an frame.	focus_17_82_cutoff_100.tsv	54	103104ff3e3e0a4e1d7d84cb2eca0d8f03e819817539c5c9ff19492748f1790f
directional_review	17:82	35:1	weak	weak	17:82	35:1	35:1	cross_surah	label_target_note	ranked_review	Increase in creation is unrelated to the focus verse's moral increase.	focus_17_82_cutoff_100.tsv	55	9b63d930c240ff55ccbff78fc0188434499ac792a237188f5e3da3fd3687b653
directional_review	17:82	27:2	medium	medium	17:82	27:2	27:2	cross_surah	label_target_note	ranked_review	Believer-specific guidance and good news extend the positive reception reading.	focus_17_82_cutoff_100.tsv	56	845e9c176ee03800655ff28367ad666647f8fef051a76e954bfe64a9bdfbaffc
directional_review	17:82	41:23	weak	weak	17:82	41:23	41:23	cross_surah	label_target_note	ranked_review	Loss follows a false assumption, but no revelatory operation is present.	focus_17_82_cutoff_100.tsv	57	ff9180c0faf29f40ebfe11a6ec96ef1c035b27ce533d0bd36b25013ea96336f8
directional_review	17:82	103:2	weak	weak	17:82	103:2	103:2	cross_surah	label_target_note	ranked_review	A universal loss statement lacks the focus verse's differentiating mechanism.	focus_17_82_cutoff_100.tsv	58	967ba6b3c35d1444754628a6d83eb854dd60d34726daabbe50a0f24cac00e7ad
directional_review	17:82	17:105	strong	strong	17:82	17:105	17:105	same_surah	label_target_note	ranked_review	Immediate continuation grounds the Qur'an's descent in truth and its warning-bearing mission.	focus_17_82_cutoff_100.tsv	59	66e87215933eabcba50ab49483548b5ba579e4ca965264be592f011bf62fcd63
directional_review	17:82	18:10	weak	weak	17:82	18:10	18:10	cross_surah	label_target_note	ranked_review	Requested mercy is a remote shelter analogue only.	focus_17_82_cutoff_100.tsv	60	9f6be8322c273ba268e8815da706cc91e65063456cff5111fd40f4b94d4c6303
directional_review	17:82	57:27	weak	weak	17:82	57:27	57:27	cross_surah	label_target_note	ranked_review	Mercy in a historical community does not clarify Qur'anic healing here.	focus_17_82_cutoff_100.tsv	61	e8d1beeb08fd1b47d7192ecb52c109beab13ab227e4ade2470f35a509c4c00a8
directional_review	17:82	26:199	medium	medium	17:82	26:199	26:199	cross_surah	label_target_note	ranked_review	Recitation received without belief sharpens the resistant-reception reading.	focus_17_82_cutoff_100.tsv	62	ee93cffbe33cfaf625cc25429db31fe20c4a5b28d712a9df36c11174b232e7e5
directional_review	17:82	36:23	no value	no value	17:82	36:23	36:23	cross_surah	label_target_note	ranked_review	The appeal to the Merciful is not an interpretive parallel.	focus_17_82_cutoff_100.tsv	63	a338755a455801d5b3747b49d76c93be0912929f90de7b7911a737f1560e7ca1
directional_review	17:82	73:20	weak	weak	17:82	73:20	73:20	cross_surah	label_target_note	ranked_review	Qur'anic recitation and mercy coexist, but the operational link is indirect.	focus_17_82_cutoff_100.tsv	64	40aef9fc4976ab262b106f6fb9b68aac6cadbf05f0777ed041d4f1d47f2c0b52
directional_review	17:82	17:106	strong	strong	17:82	17:106	17:106	same_surah	label_target_note	ranked_review	Immediate continuation specifies measured recitation and staged descent.	focus_17_82_cutoff_100.tsv	65	959033a5a67666cff322f36253f9d1c38d88f4a0ef106923d09f77bcb618aedb
directional_review	17:82	42:5	weak	weak	17:82	42:5	42:5	cross_surah	label_target_note	ranked_review	Divine mercy and forgiveness occur without the relevant text-reception pattern.	focus_17_82_cutoff_100.tsv	66	be8358f1c0ca6daec3daf0df267e432c8ec00069a25e688ef8f162b321daf23c
directional_review	17:82	16:64	medium	medium	17:82	16:64	16:64	cross_surah	label_target_note	ranked_review	A revealed book brings clarification, guidance, and mercy to believers.	focus_17_82_cutoff_100.tsv	67	38df38dd9fd90087261f7e9c24204ce6f81c0dd43dac0a74144ae66baf75c860
directional_review	17:82	27:76	medium	medium	17:82	27:76	27:76	cross_surah	label_target_note	ranked_review	Qur'anic clarification of dispute supports its corrective function.	focus_17_82_cutoff_100.tsv	68	38eeda1e77f1a77580e5974710ec878ab5f235efc372e850a2b932b7cde3621a
directional_review	17:82	55:1	no value	no value	17:82	55:1	55:1	cross_surah	label_target_note	ranked_review	The divine name alone adds no usable relation.	focus_17_82_cutoff_100.tsv	69	2b4f084fa7d185764bd5a31792aed38c56a4f19c14a8df3076cad48cdffc8a85
directional_review	17:82	6:48	weak	weak	17:82	6:48	6:48	cross_surah	label_target_note	ranked_review	Belief and reform remove fear, a broad positive-reception background.	focus_17_82_cutoff_100.tsv	70	5d8457e7e546dbf0dd151650c92143b091eec3507528cac7660aa039c9627bdb
directional_review	17:82	17:93	medium	medium	17:82	17:93	17:93	same_surah	label_target_note	ranked_review	Immediate context preserves skepticism toward descent and readable revelation.	focus_17_82_cutoff_100.tsv	71	75325166ac5cd43f9e711c11ea24e9e56247a242809de93f84df1a227dc303df
directional_review	17:82	57:9	medium	medium	17:82	57:9	57:9	cross_surah	label_target_note	ranked_review	Descent moves receivers from darkness toward light under mercy.	focus_17_82_cutoff_100.tsv	72	604f4bf0930d1325c77f3649ce64b87fa15bb276f1c3c529cce4c2b1894da42a
directional_review	17:82	72:13	medium	medium	17:82	72:13	72:13	cross_surah	label_target_note	ranked_review	Hearing guidance and believing presents a contrasting receptive response.	focus_17_82_cutoff_100.tsv	73	6055cdbcf34dece2c5f99a130038dcaddfaf8193252bc73410b3d1e390efc7b7
directional_review	17:82	27:1	weak	weak	17:82	27:1	27:1	cross_surah	label_target_note	ranked_review	Names the Qur'an and clear book but adds no specific function beyond earlier cards.	focus_17_82_cutoff_100.tsv	74	da9e58ba38d75bc07e8dc8901a615dd707c9697e9f78aedfa8f8669ec0aaad56
directional_review	17:82	79:12	weak	weak	17:82	79:12	79:12	cross_surah	label_target_note	ranked_review	A label of loss lacks a relevant reception or mercy connection.	focus_17_82_cutoff_100.tsv	75	28a8d139acc4afe6fd20f84dbb5dad4189f73ea632198c374d87cb2e9d10dcf7
directional_review	17:82	21:88	weak	weak	17:82	21:88	21:88	cross_surah	label_target_note	ranked_review	Rescue of believers is only a broad positive-outcome analogue.	focus_17_82_cutoff_100.tsv	76	22fd2591e3c3ee4aa2f15eaef6918f896565e52de3b9953fc8879e907e7b20a9
directional_review	17:82	25:60	strong	strong	17:82	25:60	25:60	cross_surah	label_target_note	ranked_review	Mercy-language command produces increased recoil, directly supporting adverse reception.	focus_17_82_cutoff_100.tsv	77	56a7f57f3b8590c3e229dc3eb7afc9f9d669d4a0116a2d22db24dbb1a8344a79
directional_review	17:82	26:209	no value	no value	17:82	26:209	26:209	cross_surah	label_target_note	ranked_review	The denial of wrongdoing does not clarify the focus verse.	focus_17_82_cutoff_100.tsv	78	0634bad660013db45ef38a4d5810d72fd57326952ed3b861ae81578118493fc0
directional_review	17:82	23:38	weak	weak	17:82	23:38	23:38	cross_surah	label_target_note	ranked_review	Disbelief in a messenger is a generic resistance parallel.	focus_17_82_cutoff_100.tsv	79	1ded4b17825c96d3e86436e9e39a2a65a22c2b7e5215bcd3684cbfc1ba7dc3a7
directional_review	17:82	37:139	weak	weak	17:82	37:139	37:139	cross_surah	label_target_note	ranked_review	The mapped dispatch episode is too remote in this isolated verse.	focus_17_82_cutoff_100.tsv	80	8397d1c08e9169c33e09d6350b2fe1bbe113ce74282b402244dfd7a96987d9e7
directional_review	17:82	39:65	medium	medium	17:82	39:65	39:65	cross_surah	label_target_note	ranked_review	Links corrupt association to forfeiture, reinforcing loss as a moral outcome.	focus_17_82_cutoff_100.tsv	81	222a97d372c12abbe123b665ec75893ef0cd43976ef1309a37ee486303cad0d1
directional_review	17:82	10:100	weak	weak	17:82	10:100	10:100	cross_surah	label_target_note	ranked_review	Faith and defilement are relevant categories but lack a text-specific operation.	focus_17_82_cutoff_100.tsv	82	a4c0a30364d9c91881cc553b2bb106139b996b4554763493d968c0888cad9ca5
directional_review	17:82	27:63	weak	weak	17:82	27:63	27:63	cross_surah	label_target_note	ranked_review	Guidance and mercy are environmental imagery, not the focus verse's reception pattern.	focus_17_82_cutoff_100.tsv	83	bc2128b8d8114b59ace8957bd7b7c9aebc3e0441e185022058cd4a280ef05af1
directional_review	17:82	67:3	no value	no value	17:82	67:3	67:3	cross_surah	label_target_note	ranked_review	Cosmic perfection under the Merciful adds no relevant interpretive relation.	focus_17_82_cutoff_100.tsv	84	fda11b40f12db24f8c58dd457e114c628dbe6a3685831a9f6ab09c5475cf82a2
directional_review	17:82	20:113	medium	medium	17:82	20:113	20:113	cross_surah	label_target_note	ranked_review	Qur'anic descent with warning can produce caution or renewed remembrance.	focus_17_82_cutoff_100.tsv	85	3c306976a33d3dd874be40c984229ecfe68bed461dfbdac3b7038b24c621d068
directional_review	17:82	37:147	weak	weak	17:82	37:147	37:147	cross_surah	label_target_note	ranked_review	Numerical increase is unrelated to the focus verse's increase in outcome.	focus_17_82_cutoff_100.tsv	86	bc918acbd89f69f114308f46a9bb6b8074884827d9e8c4ec0fff328adcd5ffd4
directional_review	17:82	6:135	weak	weak	17:82	6:135	6:135	cross_surah	label_target_note	ranked_review	Wrongdoers' failure is too general to add beyond prior loss cards.	focus_17_82_cutoff_100.tsv	87	2166681e3afb8972a5004af5205c4f9154895bfbbcd6c28a98b11a3c4ec0ccad
directional_review	17:82	29:51	strong	strong	17:82	29:51	29:51	cross_surah	label_target_note	ranked_review	A recited revealed book is explicitly mercy and reminder for believing receivers.	focus_17_82_cutoff_100.tsv	88	65a96c85ba5451182ed36546b676d0de88fe1e2ab1d589d7552ee8c22ac57e3f
directional_review	17:82	35:42	strong	strong	17:82	35:42	35:42	cross_surah	label_target_note	ranked_review	Warning arriving and increasing recoil closely confirms receiver-dependent amplification.	focus_17_82_cutoff_100.tsv	89	ec4b255d5ac897e235dcf01458ef19ddaacef2a46110db5ba64f5d71f93c8076
directional_review	17:82	21:97	weak	weak	17:82	21:97	21:97	cross_surah	label_target_note	ranked_review	Wrongdoers' late realization is a distant negative-endpoint parallel.	focus_17_82_cutoff_100.tsv	90	1aa0f58eebdae52e0dd88642b632528bf7ccb9af10f21ee5515677448227095e
directional_review	17:82	24:31	no value	no value	17:82	24:31	24:31	cross_surah	label_target_note	ranked_review	The legal instruction does not illuminate 17:82.	focus_17_82_cutoff_100.tsv	91	d7bfb656ed2bd18358bfb0060faaae33fdc81f47f10bebc0e607207fb38f78f1
directional_review	17:82	7:41	weak	weak	17:82	7:41	7:41	cross_surah	label_target_note	ranked_review	Punishment of wrongdoers adds only a general consequence.	focus_17_82_cutoff_100.tsv	92	bf80deb9e3bf4c97f1c5f73b3140174e8013cdfa4fc8382d5ac79333bc871714
directional_review	17:82	4:113	medium	medium	17:82	4:113	4:113	cross_surah	label_target_note	ranked_review	Mercy and a revealed book counter deceptive self-misdirection.	focus_17_82_cutoff_100.tsv	93	9d79100c142c437e7bd4be5c80db956372225ef85efe43d00907956e51e6b903
directional_review	17:82	26:181	no value	no value	17:82	26:181	26:181	cross_surah	label_target_note	ranked_review	Commercial loss is not an interpretive parallel.	focus_17_82_cutoff_100.tsv	94	f52e7422d3eb8dccd98bf17b784f49f70df8aa1758c56948faf4ce53831d1daa
directional_review	17:82	35:13	no value	no value	17:82	35:13	35:13	cross_surah	label_target_note	ranked_review	Cosmic sovereignty has no material connection to the focus verse.	focus_17_82_cutoff_100.tsv	95	ae59a8d252412473fbb75c0ffc5d93cce25e319e5a15037d62c6716a5e84c047
directional_review	17:82	65:5	weak	weak	17:82	65:5	65:5	cross_surah	label_target_note	ranked_review	A revealed command and expiation offer only a broad repair analogue.	focus_17_82_cutoff_100.tsv	96	64538fe0386939047568f3f7ab279aae08b40095328de490bfe4c3370ff0edf6
directional_review	17:82	3:154	weak	weak	17:82	3:154	3:154	cross_surah	label_target_note	ranked_review	Descent of security amid distress is not the Qur'an's healing dynamic.	focus_17_82_cutoff_100.tsv	97	d5d56e6f14081488d996ccf812514485c130a5abd897bd08e11ebec23cd7fc37
directional_review	17:82	28:73	no value	no value	17:82	28:73	28:73	cross_surah	label_target_note	ranked_review	Mercy in night and day does not clarify 17:82.	focus_17_82_cutoff_100.tsv	98	7123991b699c1e8d71d3f1330c90216fd1c7b091867a0fad571fb6912980515d
directional_review	17:82	2:233	no value	no value	17:82	2:233	2:233	cross_surah	label_target_note	ranked_review	Family-law provisions have no material relation to the focus verse.	focus_17_82_cutoff_100.tsv	99	e06ffcd5cb2d90f8c39f3a33e405a8b8c89c90845646406fffa0c1f9f8f4dfb2
directional_review	17:82	3:198	no value	no value	17:82	3:198	3:198	cross_surah	label_target_note	ranked_review	The lodging motif does not illuminate healing, mercy, or receiver-dependent loss.	focus_17_82_cutoff_100.tsv	100	af1d577fc27b654d4c88161e67867d96c561a7411a0ea970960b53344eaaf5f6
directional_review	17:82	2:26	strong	strong	17:82	2:26	2:26	cross_surah	label_target_note	missing_ayah_suggestion	States that one sign can guide many and mislead many, directly preserving divergent reception.	focus_17_82_cutoff_100.tsv	101	c5535ae300a6d60aec745c09058cc284db55d53f4c0e79ed13fe3a8b48d0fbfc
directional_review	17:82	2:121	medium	medium	17:82	2:121	2:121	cross_surah	label_target_note	missing_ayah_suggestion	Links faithful reception of the Book with belief and rejection with loss.	focus_17_82_cutoff_100.tsv	102	1a01be60c5f9d4c5e17d941ca5bfcda191bc3676257eb1eb7d421f23ba876212
directional_review	17:82	3:7	medium	medium	17:82	3:7	3:7	cross_surah	label_target_note	missing_ayah_suggestion	Contrasts sound reception with deviation that exploits ambiguous revelation.	focus_17_82_cutoff_100.tsv	103	006d6933f7cf81b5f7bda0e89587d105421c7182b346b6cef11168642fa225a9
directional_review	17:82	4:175	medium	medium	17:82	4:175	4:175	cross_surah	label_target_note	missing_ayah_suggestion	Connects belief and holding fast with mercy and right guidance.	focus_17_82_cutoff_100.tsv	104	548b19aeeece7dc185c89123acd1f2df8a78a621062935a06ad50abcecf49cca
directional_review	17:82	5:15	medium	medium	17:82	5:15	5:15	cross_surah	label_target_note	missing_ayah_suggestion	Presents the revealed Book as light and clarification from God.	focus_17_82_cutoff_100.tsv	105	bbfb094f81afe381337469b9a456517c7f68fcf033ce09ed350c6869612ff098
directional_review	17:82	5:16	medium	medium	17:82	5:16	5:16	cross_surah	label_target_note	missing_ayah_suggestion	Shows the Book guiding receptive followers from darkness into light by mercy.	focus_17_82_cutoff_100.tsv	106	c687ab45e1b225fcf2e44995ffdbc7edc92e9648f0b9bdf48d6bd0859881a54b
directional_review	17:82	5:64	strong	strong	17:82	5:64	5:64	cross_surah	label_target_note	missing_ayah_suggestion	Revealed material increases many resistant receivers in rebellion and disbelief.	focus_17_82_cutoff_100.tsv	107	e0d67fb09b63cb72cc9b1a15070fbab056c99311f5369af266434042ad3bc7c6
directional_review	17:82	5:68	strong	strong	17:82	5:68	5:68	cross_surah	label_target_note	missing_ayah_suggestion	Repeats the adverse-increase pattern specifically for what is revealed.	focus_17_82_cutoff_100.tsv	108	0deda25840c9fd2c9b5912bf72b8e0ec05352beadfd547174499dd6cbbb34f1d
directional_review	17:82	6:92	medium	medium	17:82	6:92	6:92	cross_surah	label_target_note	missing_ayah_suggestion	Describes a blessed revealed Book whose reception is tied to belief.	focus_17_82_cutoff_100.tsv	109	987909abdf85d8ae23006894914e1b69a7c51daca29cba502d50c43f3a542979
directional_review	17:82	6:155	strong	strong	17:82	6:155	6:155	cross_surah	label_target_note	missing_ayah_suggestion	Commands following the revealed blessed Book in order to receive mercy.	focus_17_82_cutoff_100.tsv	110	dbf25f736c6ed0b9210125f1dda123203f773056ba83e627e318eb9de39413e9
directional_review	17:82	7:52	medium	medium	17:82	7:52	7:52	cross_surah	label_target_note	missing_ayah_suggestion	A detailed Book is guidance and mercy for a believing people.	focus_17_82_cutoff_100.tsv	111	3eaea2105927dbc8d96144f4ad77ab3422d17eec8055878f1dfeaa7443676a01
directional_review	17:82	7:204	strong	strong	17:82	7:204	7:204	cross_surah	label_target_note	missing_ayah_suggestion	Makes attentive hearing of the Qur'an the condition associated with receiving mercy.	focus_17_82_cutoff_100.tsv	112	2494d6c316e75e494fe6ea359f79220f5537b4e2d79635b66dd7c8cb3d371403
directional_review	17:82	8:2	strong	strong	17:82	8:2	8:2	cross_surah	label_target_note	missing_ayah_suggestion	Recited verses increase believers in faith, providing the positive increase counterpart.	focus_17_82_cutoff_100.tsv	113	f45879c4399c7ca8aecf569e2c2f9cd5b66a46196ebe495b06296978846e9776
directional_review	17:82	9:124	strong	strong	17:82	9:124	9:124	cross_surah	label_target_note	missing_ayah_suggestion	A newly revealed surah increases believers in faith and gladness.	focus_17_82_cutoff_100.tsv	114	04df6fc5ea2b0f206a8c2504b436b4bdce8f5eaa47ed1af13a229f3d370e7036
directional_review	17:82	9:125	strong	strong	17:82	9:125	9:125	cross_surah	label_target_note	missing_ayah_suggestion	The same newly revealed surah compounds disease in diseased receivers.	focus_17_82_cutoff_100.tsv	115	7f7fc7898e3bfd03b555715f4f52402260fa5c1562e0b3fcfe21272710004b5a
directional_review	17:82	10:108	medium	medium	17:82	10:108	10:108	cross_surah	label_target_note	missing_ayah_suggestion	Guidance benefits its receiver while misguidance rebounds upon the self.	focus_17_82_cutoff_100.tsv	116	af2d964da689a57432bc8553918e3338468d43d8f537c71f65ea3d044a82bb21
directional_review	17:82	14:1	medium	medium	17:82	14:1	14:1	cross_surah	label_target_note	missing_ayah_suggestion	Defines the revealed Book's movement from darkness toward light.	focus_17_82_cutoff_100.tsv	117	5e6224fceaa5a8f42e854fdc9038b86fee3c045024ec3a4452be253533e0c97d
directional_review	17:82	16:102	strong	strong	17:82	16:102	16:102	cross_surah	label_target_note	missing_ayah_suggestion	Revelation strengthens believers while functioning as guidance and good news.	focus_17_82_cutoff_100.tsv	118	422d48b6aff3cb910048891586d1146d9208a02a7b5e483ee50c738f860b51e4
directional_review	17:82	17:45	strong	strong	17:82	17:45	17:45	same_surah	label_target_note	missing_ayah_suggestion	Qur'anic recitation is met by a barrier in those refusing the hereafter.	focus_17_82_cutoff_100.tsv	119	fe0313c2a7121cf1ea526c4fb4cea06ce8692d177b7f4a1dc891466d6116cf08
directional_review	17:82	17:46	strong	strong	17:82	17:46	17:46	same_surah	label_target_note	missing_ayah_suggestion	Recitation of divine oneness produces aversive withdrawal in resistant hearers.	focus_17_82_cutoff_100.tsv	120	7a45ee5fb5a7543a7e5f938c00e00c4c0d521686963ac10db9ddf5395f45ecf3
directional_review	17:82	17:83	medium	medium	17:82	17:83	17:83	same_surah	label_target_note	missing_ayah_suggestion	Sets a nearby human pattern of turning away under ease and despair under harm.	focus_17_82_cutoff_100.tsv	121	dd056313848a1ac137475613fe8eef5748b38c2824aa357a75a8c8238cc617f3
directional_review	17:82	17:84	strong	strong	17:82	17:84	17:84	same_surah	label_target_note	missing_ayah_suggestion	Grounds divergent response in each person's distinctive disposition or manner.	focus_17_82_cutoff_100.tsv	122	cfc021ca9830e3d0fe2ff4d2db576770992f1a76dc799389d44e5ae297e7db39
directional_review	17:82	17:107	strong	strong	17:82	17:107	17:107	same_surah	label_target_note	missing_ayah_suggestion	Recitation elicits a receptive, embodied response from those given knowledge.	focus_17_82_cutoff_100.tsv	123	098890af7be7f71ab0e0a4b0fd7a2252c8b95c63badafbe54b0829f68bfdd274
directional_review	17:82	17:108	medium	medium	17:82	17:108	17:108	same_surah	label_target_note	missing_ayah_suggestion	Continues the receptive sequence by recognizing the fulfilled divine promise.	focus_17_82_cutoff_100.tsv	124	cf775559fa0b616abd7bd005b7897d09830d13895d21f271c0fdfde9bd0d81aa
directional_review	17:82	18:54	medium	medium	17:82	18:54	18:54	cross_surah	label_target_note	missing_ayah_suggestion	Notes extensive Qur'anic variation of examples alongside persistent disputation.	focus_17_82_cutoff_100.tsv	125	6493d25c1fe9303e573f5f5704383a3b4f17735aacc3bfbb95fa7499636bfbaf
directional_review	17:82	18:57	medium	medium	17:82	18:57	18:57	cross_surah	label_target_note	missing_ayah_suggestion	Warning by signs can be met with turning away and self-forgetting.	focus_17_82_cutoff_100.tsv	126	5c4d532aa25ac02dff73e942143f144ce6cf1cb32f5548208661357efff0134e
directional_review	17:82	19:58	medium	medium	17:82	19:58	19:58	cross_surah	label_target_note	missing_ayah_suggestion	Recited signs elicit prostration and weeping in receptive heirs.	focus_17_82_cutoff_100.tsv	127	1821901d66d67d25e4ee2ded047bcb7bfef4a76afe5d9c58335afd83e1e45ec1
directional_review	17:82	20:2	medium	medium	17:82	20:2	20:2	cross_surah	label_target_note	missing_ayah_suggestion	Specifies that Qur'anic revelation is not meant to impose distress.	focus_17_82_cutoff_100.tsv	128	2de5340ccbbc4454e567f8d1801581a13d8a7b68f21ea184bbd50c9244e4bf53
directional_review	17:82	20:123	medium	medium	17:82	20:123	20:123	cross_surah	label_target_note	missing_ayah_suggestion	Makes following divine guidance the decisive route away from going astray.	focus_17_82_cutoff_100.tsv	129	19b0492c5699149016f56c9d7354922bb9660a98ea3887917354d26cde0fccf0
directional_review	17:82	20:124	medium	medium	17:82	20:124	20:124	cross_surah	label_target_note	missing_ayah_suggestion	Gives the contrary consequence for turning away from divine remembrance.	focus_17_82_cutoff_100.tsv	130	37fe4f732731758e47404b8fef735fc9da584f620f4bfc7d7a23cee15e163fdb
directional_review	17:82	21:2	strong	strong	17:82	21:2	21:2	cross_surah	label_target_note	missing_ayah_suggestion	New remembrance is repeatedly heard as play by inattentive receivers.	focus_17_82_cutoff_100.tsv	131	7401848569b45a048b60ceabef8c49636d08d0785a0ede333d8bdc076fe1aea3
directional_review	17:82	22:54	medium	medium	17:82	22:54	22:54	cross_surah	label_target_note	missing_ayah_suggestion	Those given knowledge recognize the revealed truth, believe, and have humbled hearts.	focus_17_82_cutoff_100.tsv	132	dd56c9fc7ef95edc362c2b2a7d0cc4797cc9220870cd20d0ace48756b29902d8
directional_review	17:82	23:66	strong	strong	17:82	23:66	23:66	cross_surah	label_target_note	missing_ayah_suggestion	Recited signs are met with turning back on heels.	focus_17_82_cutoff_100.tsv	133	564f0dccb5b8d3f1e548c8c4c72b7b5c4623b304e9da1c9accb6e8a580b5259e
directional_review	17:82	25:32	strong	strong	17:82	25:32	25:32	cross_surah	label_target_note	missing_ayah_suggestion	Explains staged Qur'anic descent as strengthening the messenger's heart.	focus_17_82_cutoff_100.tsv	134	a0c64b67913397f437cc23d5bb6ab26d8aa01c3cb8cf2e1805ceeb36a486c3fa
directional_review	17:82	25:73	medium	medium	17:82	25:73	25:73	cross_surah	label_target_note	missing_ayah_suggestion	Commends believers who are not deaf or blind when reminded by signs.	focus_17_82_cutoff_100.tsv	135	f29f5a19999f4d3949be3f60b3b62cfc228710c725c841de4eb71adb8ee0aa56
directional_review	17:82	27:92	strong	strong	17:82	27:92	27:92	cross_surah	label_target_note	missing_ayah_suggestion	Recitation of the Qur'an makes guidance and misguidance return to each receiver.	focus_17_82_cutoff_100.tsv	136	861ddac034d956fe1e4d585aa764ef81efe9bdaa0a816c25bbc155610e7c9048
directional_review	17:82	28:51	medium	medium	17:82	28:51	28:51	cross_surah	label_target_note	missing_ayah_suggestion	Describes the word as repeatedly conveyed so that its hearers may remember.	focus_17_82_cutoff_100.tsv	137	d680c91d0c6816a6562d6b4e4d380497f8930ef2017fa91daf4c993de2a54a9a
directional_review	17:82	29:49	medium	medium	17:82	29:49	29:49	cross_surah	label_target_note	missing_ayah_suggestion	Locates clear signs in knowledgeable hearts and links rejection to wrongdoing.	focus_17_82_cutoff_100.tsv	138	896989bf5a5477e81a8fc5455c5f60f711c2a3edf6a26bee2702dfd5ea211510
directional_review	17:82	31:2	medium	medium	17:82	31:2	31:2	cross_surah	label_target_note	missing_ayah_suggestion	Names Qur'anic verses as guidance and mercy for those who do good.	focus_17_82_cutoff_100.tsv	139	beff828a1b2d40e8b3eeaac42a5a9f34f02ae8369074ef63f5006a3ed1916174
directional_review	17:82	32:15	strong	strong	17:82	32:15	32:15	cross_surah	label_target_note	missing_ayah_suggestion	Receptive believers respond to reminders with prostration and praise.	focus_17_82_cutoff_100.tsv	140	487a921ce03c16402f4a61b96143566a3eaa482e93ce3fbb35350eba28130977
directional_review	17:82	34:6	medium	medium	17:82	34:6	34:6	cross_surah	label_target_note	missing_ayah_suggestion	Knowledgeable receivers recognize the revealed message as truth and guidance.	focus_17_82_cutoff_100.tsv	141	6a17f727488d2ce7a484b4eff0ef769961b86cbc7e4c1b0ad8074f52e64ab4fa
directional_review	17:82	36:11	medium	medium	17:82	36:11	36:11	cross_surah	label_target_note	missing_ayah_suggestion	Shows warning benefiting the one who follows the remembrance and fears the Merciful.	focus_17_82_cutoff_100.tsv	142	cbd332d8dc0299bb80d08736f903c8ef0a82e22e1bd8f68fb7fbb14f8f1a6328
directional_review	17:82	39:23	strong	strong	17:82	39:23	39:23	cross_surah	label_target_note	missing_ayah_suggestion	The best discourse produces bodily awe, then receptivity, in those guided by it.	focus_17_82_cutoff_100.tsv	143	e4ea6b3985a9741a0316327ef0b4c4a56aaa8864ffcface73402b2b40c5aedfa
directional_review	17:82	39:45	medium	medium	17:82	39:45	39:45	cross_surah	label_target_note	missing_ayah_suggestion	Mention of God alone produces aversion in a resistant audience.	focus_17_82_cutoff_100.tsv	144	1381e7a062cfe58695caba7bb36d7727f181b0e1f64361438a2b88efe96562a0
directional_review	17:82	41:26	strong	strong	17:82	41:26	41:26	cross_surah	label_target_note	missing_ayah_suggestion	Resisters seek to prevent listening to the Qur'an and disrupt its hearing.	focus_17_82_cutoff_100.tsv	145	50f24f8f55e9705db3876b273480fe7072135c15284b279f414d4884a46b3cfb
directional_review	17:82	45:8	medium	medium	17:82	45:8	45:8	cross_surah	label_target_note	missing_ayah_suggestion	Hearing divine verses can be followed by arrogant persistence and punishment.	focus_17_82_cutoff_100.tsv	146	a8999c85bd358e05780966d86c1ecac53e06adf82bcf11f3b23c0abdc92889d2
directional_review	17:82	46:7	strong	strong	17:82	46:7	46:7	cross_surah	label_target_note	missing_ayah_suggestion	Clear recited signs are dismissed as obvious magic by rejecting hearers.	focus_17_82_cutoff_100.tsv	147	215edfb58a5fdceb866fc0ea1ba10972acd3cb26aa7cf791c1e76811179da34a
directional_review	17:82	47:16	strong	strong	17:82	47:16	47:16	cross_surah	label_target_note	missing_ayah_suggestion	Some listeners hear revelation yet retain no understanding of what was said.	focus_17_82_cutoff_100.tsv	148	c0674bf6f160213823e827c05208092698550d13deaae45f95897b11b8823730
directional_review	17:82	47:17	strong	strong	17:82	47:17	47:17	cross_surah	label_target_note	missing_ayah_suggestion	Guided receivers gain further guidance and God-consciousness.	focus_17_82_cutoff_100.tsv	149	558b2ee2779ff259203089d3776edfd7ad2d822ce05dac67d2c57aaf33fe4fab
directional_review	17:82	50:45	medium	medium	17:82	50:45	50:45	cross_surah	label_target_note	missing_ayah_suggestion	Characterizes Qur'anic recitation as a warning for those able to fear it.	focus_17_82_cutoff_100.tsv	150	28c55f05713d71b1db711ab1874c9d9f70d0dfe92a7b128e5462750167665794
directional_review	17:82	54:17	medium	medium	17:82	54:17	54:17	cross_surah	label_target_note	missing_ayah_suggestion	The Qur'an is made easy for remembrance, inviting a receptive response.	focus_17_82_cutoff_100.tsv	151	2ba8fa63263a10269df7abd889306246741af3a1e18e49f44ddbbf4fa66cd02c
directional_review	17:82	56:77	medium	medium	17:82	56:77	56:77	cross_surah	label_target_note	missing_ayah_suggestion	Identifies the Qur'an as noble, supporting its distinctive operative status.	focus_17_82_cutoff_100.tsv	152	b840a7df0432c9516778f361009dcb632cd03e77f4ef8fc9d24598e2f149222f
directional_review	17:82	59:21	medium	medium	17:82	59:21	59:21	cross_surah	label_target_note	missing_ayah_suggestion	The descent of the Qur'an is depicted as having overwhelming transformative force.	focus_17_82_cutoff_100.tsv	153	efd2440d7e28194728ada1c555ac9e2f71d151093154e8ed5cdff78d71b8e03b
directional_review	17:82	62:2	medium	medium	17:82	62:2	62:2	cross_surah	label_target_note	missing_ayah_suggestion	The messenger's recitation, purification, and teaching frame revelation as repair.	focus_17_82_cutoff_100.tsv	154	f19fc5a9f22ec9d7a016bb0c59f54595518924afa769172e1531e70fe289f985
directional_review	17:82	65:10	strong	strong	17:82	65:10	65:10	cross_surah	label_target_note	missing_ayah_suggestion	A divine reminder and warning precede the messenger's recitation of clear signs.	focus_17_82_cutoff_100.tsv	155	f4fb76a03dab4154c66fea738cc73f239df7ba68bbb9a9e79c8c38878ff61dc7
directional_review	17:82	65:11	strong	strong	17:82	65:11	65:11	cross_surah	label_target_note	missing_ayah_suggestion	Clear signs bring believing doers from darkness into light.	focus_17_82_cutoff_100.tsv	156	6873f7e9c2aa82ee90c9ed2ac975c2beb781aed9531e15912cc6456bc5c0905b
directional_review	17:82	72:1	strong	strong	17:82	72:1	72:1	cross_surah	label_target_note	missing_ayah_suggestion	Hearing a wondrous Qur'an leads its listeners to belief.	focus_17_82_cutoff_100.tsv	157	f49c64a226fbc0ffb727da50b2f646ef42cf35a7fd3dcd83d296113aadb34dc7
directional_review	17:82	72:2	strong	strong	17:82	72:2	72:2	cross_surah	label_target_note	missing_ayah_suggestion	The heard Qur'an guides to rightness and is believed rather than resisted.	focus_17_82_cutoff_100.tsv	158	29c034f66d8b0f092c6c8ac1d940641c92862b30f4e2c7b18ff1420d2f1b1ac5
directional_review	17:82	74:31	strong	strong	17:82	74:31	74:31	cross_surah	label_target_note	missing_ayah_suggestion	The same disclosed sign increases believers in certainty and disbelievers in doubt-related rejection.	focus_17_82_cutoff_100.tsv	159	3d879eca4030d05b63109b0b7d41a923759c50f6d19e0d3e6cd24d831d8f2238
directional_review	17:82	83:13	medium	medium	17:82	83:13	83:13	cross_surah	label_target_note	missing_ayah_suggestion	Recited signs are dismissed as inherited tales by a rejecting receiver.	focus_17_82_cutoff_100.tsv	160	b79e1525609e241b83e435279ad4b29516b59f0aade0d2f522db2ed192911f3f
directional_review	17:82	87:9	strong	strong	17:82	87:9	87:9	cross_surah	label_target_note	missing_ayah_suggestion	Commands reminder because it benefits the one who is receptive to it.	focus_17_82_cutoff_100.tsv	161	e0b38be60bdda0e2abc98fceb52d40e979e665633d376a93a7f9062f5858465e
directional_review	17:82	87:10	strong	strong	17:82	87:10	87:10	cross_surah	label_target_note	missing_ayah_suggestion	The one who fears will take the reminder to heart.	focus_17_82_cutoff_100.tsv	162	6b8e8485313ae182ee0ee9e5972bef90fa8d75945178b345479ac62cc6ef0157
directional_review	17:82	87:11	strong	strong	17:82	87:11	87:11	cross_surah	label_target_note	missing_ayah_suggestion	The most wretched receiver avoids the same reminder.	focus_17_82_cutoff_100.tsv	163	759a681f100a51ecaa99ed09ad99d127e21cea3b4e6d8a9f65ed30b4e7eaba1e
reciprocal_nomination	17:82	1:3		strong	1:3	17:82	17:82	cross_surah	label_target_note	missing_ayah_suggestion	Identifies the Quranic descent as healing and mercy.	focus_1_3_cutoff_100.tsv	116	1b462640f4216b951bacee4d118722910c3a448eeb73d7082dabd5aba8ccb75f
reciprocal_nomination	17:82	2:2		medium	2:2	17:82	17:82	cross_surah	label_target_note	missing_ayah_suggestion	Adds Quranic healing and mercy for believers.	focus_2_2_cutoff_100.tsv	128	08bf44760412912a5d43057822a7cb1d154d7317e16741b1e525ed5dcc4d1898
reciprocal_nomination	17:82	2:64		strong	2:64	17:82	17:82	cross_surah	label_target_note	ranked_review	Sets mercy and loss as divergent effects, preserving both recipient possibilities.	focus_2_64_cutoff_100.tsv	15	2ddd63c9cce7489bb6eb049d03463119a50db2bf0c36aa74970616f8082fea42
reciprocal_nomination	17:82	2:157		strong	2:157	17:82	17:82	cross_surah	label_target_note	missing_ayah_suggestion	Pairs Quranic healing with mercy for believers.	focus_2_157_cutoff_100.tsv	118	03be458b5fa89e6712f8369092344ba00351d335b17172f463a7e852344d579a
reciprocal_nomination	17:82	2:159		medium	2:159	17:82	17:82	cross_surah	label_target_note	missing_ayah_suggestion	Names the Qur'an as healing and mercy, further specifying what concealment deprives people of.	focus_2_159_cutoff_100.tsv	129	73eee21784b6fa4b2fd1e76f1dcecbebde114421a5f1d663817ed1a457ab156c
reciprocal_nomination	17:82	2:176		strong	2:176	17:82	17:82	cross_surah	label_target_note	missing_ayah_suggestion	The Qur'an is sent down as healing and mercy for believers, while wrongdoers increase only in loss.	focus_2_176_cutoff_100.tsv	141	a47436d9529f9ac6bc152ea8945ee43cdc888c3e6d8b3b25a1f8ac4477f6b8a2
reciprocal_nomination	17:82	2:185		strong	2:185	17:82	17:82	cross_surah	label_target_note	missing_ayah_suggestion	Calls the Quran healing and mercy for believers, extending its beneficial guidance.	focus_2_185_cutoff_100.tsv	117	390aa4be4f7d8904728e2f04b76db9513ae458b29501267dd1a47fdadcf90f1b
reciprocal_nomination	17:82	3:8		strong	3:8	17:82	17:82	cross_surah	label_target_note	missing_ayah_suggestion	The Quran is healing and mercy for believers, directly relating mercy to inner restoration.	focus_3_8_cutoff_100.tsv	145	68e51636623db553c9f5193f267f5f768c6e8ef29941376b4dd66e7fd4fa8bf6
reciprocal_nomination	17:82	3:89		strong	3:89	17:82	17:82	cross_surah	label_target_note	missing_ayah_suggestion	The Quran is described as healing and mercy, supplying a broader restorative frame.	focus_3_89_cutoff_100.tsv	124	849342a949f2827cd93fe48f14c2931d5efca4900c80ce547a803f9a78be4f7b
reciprocal_nomination	17:82	3:124		weak	3:124	17:82	17:82	cross_surah	label_target_note	ranked_review	Descent as healing and mercy for believers is a distant non-combat parallel.	focus_3_124_cutoff_100.tsv	28	c56d58e3f81f13dc4d5943c9ae2cad84a01f0ebbf40addc107833eab8d6c1c11
reciprocal_nomination	17:82	4:175		strong	4:175	17:82	17:82	cross_surah	label_target_note	missing_ayah_suggestion	The Quran is healing and mercy for believers, extending the focus's mercy through revelation.	focus_4_175_cutoff_100.tsv	151	75922ed6f4be7ddbf3e2e533c0b26358033f9a00d5844a8da624cbe6316ca9d3
reciprocal_nomination	17:82	5:81		weak	5:81	17:82	17:82	cross_surah	label_target_note	ranked_review	The Qur'an's divergent effect on believers and wrongdoers is broad background only.	focus_5_81_cutoff_100.tsv	96	42d993a1e912da6cfe67a03bb30b0e92972aea5da9a2747db0edb7d2401107dd
reciprocal_nomination	17:82	6:16		weak	6:16	17:82	17:82	cross_surah	label_target_note	ranked_review	Mercy differentiates outcomes by reception, but not the Day's averting relation.	focus_6_16_cutoff_100.tsv	96	28d66044c251f437c3a1a2fedcc80c6471cb3b9c6a4309c1dd081085ef38f71d
reciprocal_nomination	17:82	6:48		weak	6:48	17:82	17:82	cross_surah	label_target_note	ranked_review	Different reception of the Quran supplies a broad contrary outcome, not the focus's route.	focus_6_48_cutoff_100.tsv	85	dc909164d3a66bb0a0fc211cb45760ce00d089fac57e66104e857a14325c5d9d
reciprocal_nomination	17:82	6:52		weak	6:52	17:82	17:82	cross_surah	label_target_note	ranked_review	Contrasts believers and wrongdoers in response to revelation, but adds no focus-specific rule.	focus_6_52_cutoff_100.tsv	86	002c7d7f34d3fddc2f06ac1f5c4ea1ffec5ac1618f5550067246922eadcfb378
reciprocal_nomination	17:82	6:86		weak	6:86	17:82	17:82	cross_surah	label_target_note	ranked_review	Revelatory healing does not add a specific reading of the focus.	focus_6_86_cutoff_100.tsv	73	3581c5f57457ff3acf9333bb9ac870f0a8269739fb52f836ab7668ae25868cfe
reciprocal_nomination	17:82	6:122		medium	6:122	17:82	17:82	cross_surah	label_target_note	missing_ayah_suggestion	Healing and mercy in the Qur'an give a secondary restorative reading alongside f01.	focus_6_122_cutoff_100.tsv	131	146ac937091559e1a7b71065fed5908dc70593fd1e93463e1ba7cf1b323d7f43
reciprocal_nomination	17:82	6:155		strong	6:155	17:82	17:82	cross_surah	label_target_note	missing_ayah_suggestion	The Quran is explicitly associated with mercy for believers.	focus_6_155_cutoff_100.tsv	141	d6071a7f47c1437365675fde27e507d222985c2c02c8145e71288ff0d9f3858f
reciprocal_nomination	17:82	7:2		strong	7:2	17:82	17:82	cross_surah	label_target_note	missing_ayah_suggestion	Directly combines Quran with chest-related healing, mercy, and divergent response.	focus_7_2_cutoff_100.tsv	164	ce30875234c71b04425cd55530c0415a5a35a7e643d939f29f71d25e32a47e0d
reciprocal_nomination	17:82	7:9		strong	7:9	17:82	17:82	cross_surah	label_target_note	ranked_review	Contrasts Qur'anic benefit with increased khasar for al-zalimun.	focus_7_9_cutoff_100.tsv	15	63cf9c836a94a0be276ee9fdcf246e641161406617be184863de68b5a6beadea
reciprocal_nomination	17:82	7:23		strong	7:23	17:82	17:82	cross_surah	label_target_note	ranked_review	Sets mercy against increased loss among wrongdoers, clarifying the divergent outcomes at issue.	focus_7_23_cutoff_100.tsv	6	3cefd84d26761c5813e58b97e34f5a8168d1cf80c19d10c709cff34fe7535202
reciprocal_nomination	17:82	7:49		strong	7:49	17:82	17:82	cross_surah	label_target_note	ranked_review	Shows mercy differentiating outcomes by reception, sharpening how a shared source need not yield a shared result.	focus_7_49_cutoff_100.tsv	94	4c1f5f2e4d1e2da10a859a684330c53dcdbd1f8195cdfb280e36160d631f51a6
reciprocal_nomination	17:82	7:52		strong	7:52	17:82	17:82	cross_surah	label_target_note	missing_ayah_suggestion	Quran as shifa and rahma for believers closely reinforces the recipient function.	focus_7_52_cutoff_100.tsv	126	03adc1c137cc9c807e82218b2981fe6280775b9b67bab86041843b436c021351
reciprocal_nomination	17:82	7:99		medium	7:99	17:82	17:82	cross_surah	label_target_note	ranked_review	V12 mixed preserves differentiated increase of خسارا for ظلم.	focus_7_99_cutoff_100.tsv	89	22170ec889c6f5bce5aed327d6e4dcf4a0c2c757ebf193c11ccff2b418b22e6a
reciprocal_nomination	17:82	7:154		weak	7:154	17:82	17:82	cross_surah	label_target_note	missing_ayah_suggestion	قرآن as شفاء ورحمة supports mercy's textual reception, but is distant from the scene.	focus_7_154_cutoff_100.tsv	146	b6611056d346e0b7a24169b80ee45cb3c07afd0143551a046f8590c1022dec13
reciprocal_nomination	17:82	7:156		strong	7:156	17:82	17:82	cross_surah	label_target_note	missing_ayah_suggestion	Mercy is explicitly associated with believers, reinforcing the final belief condition.	focus_7_156_cutoff_100.tsv	167	0808a796634a5e558dd76b52d2231bb96c2bd4f062f826d29db4750f99f5ed2a
reciprocal_nomination	17:82	7:203		strong	7:203	17:82	17:82	cross_surah	label_target_note	missing_ayah_suggestion	Describes the Quran as healing and mercy for believers.	focus_7_203_cutoff_100.tsv	130	5549cee3568a37ffa6540c8a991a704a26f48974f211cd2e38799c8021d5e1b4
reciprocal_nomination	17:82	7:204		medium	7:204	17:82	17:82	cross_surah	label_target_note	missing_ayah_suggestion	The Quran is directly associated with healing and mercy for believers.	focus_7_204_cutoff_100.tsv	124	5f9f286ec8ab76aae05415868c7882615133b90d4d4c035e04d66e65c00ea0d2
reciprocal_nomination	17:82	8:2		medium	8:2	17:82	17:82	cross_surah	label_target_note	missing_ayah_suggestion	Presents the Quran as healing and mercy for believers.	focus_8_2_cutoff_100.tsv	120	ebb16605c8700624672e6f70606c68b2c76561bead4c78b2c3752310f06a0e80
reciprocal_nomination	17:82	9:14		weak	9:14	17:82	17:82	cross_surah	label_target_note	ranked_review	Healing and mercy for believers repeat the broader healing motif less directly than earlier cards.	focus_9_14_cutoff_100.tsv	70	d28d2b86fb4ea08c4520eaec523db5ff107078d4a3aadefe6bba3b846604cdcc
reciprocal_nomination	17:82	9:15		medium	9:15	17:82	17:82	cross_surah	label_target_note	missing_ayah_suggestion	Supplies a healing-and-mercy register that complements the chest-healing sequence.	focus_9_15_cutoff_100.tsv	133	abbe9c11c18dc333a657e032342ec2f4f9001052ec7e02e8cca1a8616ad7fd82
reciprocal_nomination	17:82	9:61		medium	9:61	17:82	17:82	cross_surah	label_target_note	ranked_review	Presents mercy as received differently by different hearers, a useful parallel to the focus's trust distinction.	focus_9_61_cutoff_100.tsv	43	f2bb0874084b9307ce05426153a87f70b594c9b7c9785ce2ab5a962e0f53b1ea
reciprocal_nomination	17:82	9:124		strong	9:124	17:82	17:82	cross_surah	label_target_note	missing_ayah_suggestion	The Qur'an is mercy and healing for believers while adding loss to wrongdoers.	focus_9_124_cutoff_100.tsv	115	20d71a93ee1fb8f811db30c1a040af46cba6298d284daf35d2f4ec7dec9e7701
reciprocal_nomination	17:82	9:128		medium	9:128	17:82	17:82	cross_surah	label_target_note	missing_ayah_suggestion	The Quran's healing and mercy for believers complements the messenger's merciful mission.	focus_9_128_cutoff_100.tsv	127	1d5f93f8e6d1b4961d0123f017e5e37037648d3d9b210227886cd1d9d34ffde4
reciprocal_nomination	17:82	10:1		medium	10:1	17:82	17:82	cross_surah	label_target_note	missing_ayah_suggestion	Adds Quranic healing and mercy as reception-side effects of the disclosure.	focus_10_1_cutoff_100.tsv	112	b5585fa47a73c94513a211991569c4b68aec1448fea286acfab05955fd4ee67d
reciprocal_nomination	17:82	10:57		strong	10:57	17:82	17:82	cross_surah	label_target_note	ranked_review	Directly pairs Quranic شفاء ورحمة للمؤمنين and distinguishes contrary reception.	focus_10_57_cutoff_100.tsv	22	235c76a2facb4f3ed00b9b52652303edef9404d0d753fb5ab9e94409dea0ecfc
reciprocal_nomination	17:82	10:100		medium	10:100	17:82	17:82	cross_surah	label_target_note	ranked_review	Contrasts beneficial and adverse reception of revelation, complementing 9:124-125.	focus_10_100_cutoff_100.tsv	76	ba353ec6d70c9c1462d637d46a6bd8e9fa07984a02c39952614d2ab0b80ac172
reciprocal_nomination	17:82	11:63		strong	11:63	17:82	17:82	cross_surah	label_target_note	ranked_review	The same divine revelation is mercy for believers but increases wrongdoers only in loss.	focus_11_63_cutoff_100.tsv	85	8a937b1901e4abf2b69b58475956ec646cb8e08ce2efd9bf535e6cfe5980792f
reciprocal_nomination	17:82	11:94		weak	11:94	17:82	17:82	cross_surah	label_target_note	ranked_review	Mercy and loss form a contrast, but not the event-level rescue-and-seizure structure.	focus_11_94_cutoff_100.tsv	41	4ab249c9b4ac38bb8dfc8e9da3aa0cb2f1293932599c3bc92cc46d35a1cbb258
reciprocal_nomination	17:82	12:1		medium	12:1	17:82	17:82	cross_surah	label_target_note	missing_ayah_suggestion	Kur'anın şifa ve rahmet oluşu, açıklığın dönüştürücü sonucuna ikincil katkı sağlar.	focus_12_1_cutoff_100.tsv	122	b45c091509a7de033dbd2cc7287d19af905052a80d205f7fcbe10a850f98839e
reciprocal_nomination	17:82	12:2		medium	12:2	17:82	17:82	cross_surah	label_target_note	missing_ayah_suggestion	Kur'anın şifa ve rahmet olarak indirilmesi, 12:2'deki indirilişin muhatap üzerindeki sonuçlarına paraleldir.	focus_12_2_cutoff_100.tsv	122	feb285dadc62c25470974db80dbd530d79056235e2ac559f3d5325c11f95e900
reciprocal_nomination	17:82	12:3		medium	12:3	17:82	17:82	cross_surah	label_target_note	missing_ayah_suggestion	Kur'anın şifa ve rahmet oluşu, 12:3'teki anlatının alıcı üzerindeki işlevini genişletir.	focus_12_3_cutoff_100.tsv	162	ba0b2dc44bcd8eea250302596f75b3d9c25898d4ee7a8d26e4cfc70aeb68a01f
reciprocal_nomination	17:82	14:1		medium	14:1	17:82	17:82	cross_surah	label_target_note	missing_ayah_suggestion	Quranic descent as healing and mercy adds a recipient-transforming effect without reproducing the route language.	focus_14_1_cutoff_100.tsv	131	4e1d19357bc379632a10ed8ac973d9bc29b5389c9485cf5ed82c80d92fc22aec
reciprocal_nomination	17:82	15:9		medium	15:9	17:82	17:82	cross_surah	label_target_note	missing_ayah_suggestion	Continual Quranic nuzul and differentiated reception support an active, ongoing address.	focus_15_9_cutoff_100.tsv	125	b9c6fb6f19ef91d678b43337689073a34ead61f135d4c2282f80977f05211fbb
reciprocal_nomination	17:82	15:87		medium	15:87	17:82	17:82	cross_surah	label_target_note	missing_ayah_suggestion	Kur'an'ın indirilmiş etkileri, 15:87'deki armağanın muhatap üzerindeki çok yönlü işleyişini ekler.	focus_15_87_cutoff_100.tsv	116	702a3861dc466b40d509c60c34fe9acbfb5f741913c6ac9ba7d39e42d1124735
reciprocal_nomination	17:82	15:90		medium	15:90	17:82	17:82	cross_surah	label_target_note	missing_ayah_suggestion	Adds differentiated consequences of Qur'anic descent according to reception.	focus_15_90_cutoff_100.tsv	159	0cf9246aedf9e5b02fc81af2f53ce44a7662890bcaf8ed51ce85d181b5c94fec
reciprocal_nomination	17:82	15:91		medium	15:91	17:82	17:82	cross_surah	label_target_note	ranked_review	Shows divergent effects of the Qur'an across receptive and wrongful audiences.	focus_15_91_cutoff_100.tsv	84	f85dd485150908871bb83f83bd6710c27e7281db25013282b7a873285cc409d9
reciprocal_nomination	17:82	16:2		medium	16:2	17:82	17:82	cross_surah	label_target_note	missing_ayah_suggestion	Adds a descended Qur'anic mercy, supporting the Spirit's life-giving reading.	focus_16_2_cutoff_100.tsv	117	6fc47e3e37a452a30c45069437cefa92b04aa233c4da6816f902fc56ad3a324e
reciprocal_nomination	17:82	16:9		medium	16:9	17:82	17:82	cross_surah	label_target_note	missing_ayah_suggestion	Adds the Qur'an's healing and mercy for believers.	focus_16_9_cutoff_100.tsv	209	915fa53134ec14e3b058235ad2daa3be9540e827cf9a83064523cb4a9b2d8e56
reciprocal_nomination	17:82	16:64		medium	16:64	17:82	17:82	cross_surah	label_target_note	ranked_review	Connects Quranic descent with mercy and differentiating recipient response.	focus_16_64_cutoff_100.tsv	73	ec702f0a2000d45177f37607b85013ac8037726f323ab7ceac49f97977847198
reciprocal_nomination	17:82	16:69		medium	16:69	17:82	17:82	cross_surah	label_target_note	ranked_review	V12 f01 supports shifa; f03 retains a receiver-dependent contrary outcome.	focus_16_69_cutoff_100.tsv	6	43b5ab47b00d42f9732159e29412f427ca7688fe5bc653ac20ffbeee321fca2c
reciprocal_nomination	17:82	16:81		medium	16:81	17:82	17:82	cross_surah	label_target_note	missing_ayah_suggestion	Revelation as healing and mercy adds a non-material beneficial protection reading.	focus_16_81_cutoff_100.tsv	151	ac0a0d8d7202a4f5f0b0b67962c21ae4b1910ab7533a23bcfc4443dca8dca019
reciprocal_nomination	17:82	16:98		medium	16:98	17:82	17:82	cross_surah	label_target_note	ranked_review	Kur'anda müminler için şifa ve rahmet bulunduğunu bildirir; koruma arayışının sonuçlarına ikincil katkı verir.	focus_16_98_cutoff_100.tsv	80	3887642d9e748ecd36e839ca9ab17ab0f62de6123f1f57bdd95c3a31c7cca85c
reciprocal_nomination	17:82	16:102		medium	16:102	17:82	17:82	cross_surah	label_target_note	missing_ayah_suggestion	What is sent down from the Quran as شفاء and رحمة for believers adds an inner-effect parallel.	focus_16_102_cutoff_100.tsv	115	4034ed506a90274a398760eecdce89de5f0b85738ce0802ea9122fde4d1f78a1
reciprocal_nomination	17:82	17:9		strong	17:9	17:82	17:82	same_surah	label_target_note	missing_ayah_suggestion	The Qur'an's healing and mercy for believers gives a crucial later-sura complement.	focus_17_9_cutoff_100.tsv	132	6d800b834eaf4422e330d38fc90b3f583f5b374d531c867ae286fd0a29137fae
reciprocal_counterevidence	17:82	17:16		no value	17:16	17:82	17:82	same_surah	label_target_note	ranked_review	No relevant contribution to the focus's civic sequence.	focus_17_16_cutoff_100.tsv	38	c3927eb5f24ad7d9965b4778dc545877e9331f644f25cc2cee933194285a9d3f
reciprocal_counterevidence	17:82	17:36		no value	17:36	17:82	17:82	same_surah	label_target_note	ranked_review	The listed whole-surah membership adds no focused evidentiary or faculty reading.	focus_17_36_cutoff_100.tsv	44	6d28d6a5c34346055208fb47883fa812f6b57b5f284f3db5398c93ccc2de2071
reciprocal_nomination	17:82	17:41		strong	17:41	17:82	17:82	same_surah	label_target_note	ranked_review	Directly supplies the contrasted outcomes of the same Quranic reception.	focus_17_41_cutoff_100.tsv	14	0a811169ecfe1b07d314e707456bc8a6b789a659b94b028dac03865cc495c4ab
reciprocal_nomination	17:82	17:58		medium	17:58	17:82	17:82	same_surah	label_target_note	ranked_review	The nearby differentiated effect of the Qur'an on believers and wrongdoers supports the warning-response context.	focus_17_58_cutoff_100.tsv	80	89204cf4cbec8d26d0212c6f482286c319f2e079c30f843055ef1e0bff55c822
reciprocal_nomination	17:82	17:60		strong	17:60	17:82	17:82	same_surah	label_target_note	ranked_review	Directly parallels Quranic disclosure that increases loss in wrongdoers rather than benefiting every receiver.	focus_17_60_cutoff_100.tsv	11	60998b7ea8e7a21f1168a92d4637a512897955f0fbef4ae547e17eaaa85e0013
reciprocal_nomination	17:82	17:80		medium	17:80	17:82	17:82	same_surah	label_target_note	ranked_review	The adjacent mercy and healing contrast differentiated effects within the same surah passage.	focus_17_80_cutoff_100.tsv	14	8dcdba595871949bb102f47ebb0469e0b2ee3c543da17361e4b697a3f4a248a6
reciprocal_nomination	17:82	17:81		strong	17:81	17:82	17:82	same_surah	label_target_note	ranked_review	Hemen sonraki ayet, indirilenin müminlere şifa-rahmet, zalimlere ise kayıp oluşunu bildirir.	focus_17_81_cutoff_100.tsv	11	ee195348def07c165ca8208a7a2dbde4307724a3a2845604b866e7aa71281bf1
reciprocal_nomination	17:82	17:87		strong	17:87	17:82	17:82	same_surah	label_target_note	missing_ayah_suggestion	Adds the Quran itself as healing and mercy for believers, with a contrary effect on wrongdoers.	focus_17_87_cutoff_100.tsv	120	7e4ff87bdd801f8e0508bfd9088cdf529df059e6b8e4200651d150a85c0c4383
reciprocal_nomination	17:82	17:89		medium	17:89	17:82	17:82	same_surah	label_target_note	missing_ayah_suggestion	The Quran's divergent effect on believers and wrongdoers sharpens the response contrast.	focus_17_89_cutoff_100.tsv	119	9109e638997c73551a57068d6f69edeb8ece03894c7455d72b63b2f949729019
reciprocal_nomination	17:82	17:95		medium	17:95	17:82	17:82	same_surah	label_target_note	ranked_review	The descended Quran affects receivers differently, shifting attention from spectacle to reception.	focus_17_95_cutoff_100.tsv	59	c5c56f47f7bdc940b5a2f41d18e49896bb85128461ceb057c0981a30045e9460
reciprocal_nomination	17:82	17:102		medium	17:102	17:82	17:82	same_surah	label_target_note	ranked_review	Within the surah, the descending Quran differentiates receivers by response; this is a secondary reception frame for "بصائر".	focus_17_102_cutoff_100.tsv	38	1609b1996fa9397bfdbec9c82ac5d06199fbc866d262ebbf5bbf9c0fb99858c6
reciprocal_counterevidence	17:82	17:103		no value	17:103	17:82	17:82	same_surah	label_target_note	ranked_review	Same-surah healing and loss do not add to the focus's event or outcome.	focus_17_103_cutoff_100.tsv	44	1f60194945f06f87d66ab47c17b0efd4b8fb941b6fafc920d349f5e83d5d0958
reciprocal_nomination	17:82	17:104		weak	17:104	17:82	17:82	same_surah	label_target_note	ranked_review	Nearby revelation language is not tied to 17:104's settlement or final gathering.	focus_17_104_cutoff_100.tsv	71	5cf2f6a356d985e3c4251882e9b4bb7a22fd1392b8fef78ef1223458eab20413
reciprocal_nomination	17:82	17:105		strong	17:105	17:82	17:82	same_surah	label_target_note	ranked_review	Within the same surah, shows the descended Quran producing mercy or loss according to reception.	focus_17_105_cutoff_100.tsv	50	2864a4eb99f2f2389abdf51b07d677aba4d5eeb6eaabf8c0d2dbbd067c82679d
reciprocal_nomination	17:82	17:106		strong	17:106	17:82	17:82	same_surah	label_target_note	missing_ayah_suggestion	Qur'anic descent is given audience effects, extending the focus beyond transmission.	focus_17_106_cutoff_100.tsv	118	9ef21f68b56117a8b3a39d59983e45748b616801bce0854ad67e4b22f8934335
reciprocal_nomination	17:82	17:109		strong	17:109	17:82	17:82	same_surah	label_target_note	ranked_review	The Qur'an yields mercy for some and loss for others, directly qualifying increase by reception.	focus_17_109_cutoff_100.tsv	26	b1c47a6d1fab6cf68716b4cd4ac08fa46cb68d8d52b50efe115a4c092580b0f3
reciprocal_nomination	17:82	18:13		strong	18:13	17:82	17:82	cross_surah	label_target_note	missing_ayah_suggestion	Kur'an'ın müminlere şifa ve rahmet oluşu, vahyin iman üzerindeki etkisini paraleller.	focus_18_13_cutoff_100.tsv	130	f348e8a4e26d7c36f8f389fc476a97710829287b3a9d9447e64cabe04784a37f
reciprocal_counterevidence	17:82	18:45		no value	18:45	17:82	17:82	cross_surah	label_target_note	ranked_review	The Quran's healing for believers and loss for wrongdoers does not develop the focus's imagery.	focus_18_45_cutoff_100.tsv	88	05d3994e631eebff06b58ef638565e2ecb4584cb74466ccc883b47647d4b4567
reciprocal_nomination	17:82	18:57		medium	18:57	17:82	17:82	cross_surah	label_target_note	missing_ayah_suggestion	The Qur'an's healing for believers but increased loss for wrongdoers gives a broader outcome contrast.	focus_18_57_cutoff_100.tsv	127	ea7ebc546bd7d687e64f77b996ebd6b3dc3cef5bccbe36e1699a1602c748b53d
reciprocal_nomination	17:82	18:65		strong	18:65	17:82	17:82	cross_surah	label_target_note	missing_ayah_suggestion	The Quran is sent down as healing and mercy, a direct divine-mercy counterpart to the focus.	focus_18_65_cutoff_100.tsv	119	f8ebc8c73d314019732d0f75e95a8637088025f953874b7ec47940c15c7c99f5
reciprocal_nomination	17:82	19:21		medium	19:21	17:82	17:82	cross_surah	label_target_note	ranked_review	Names the Quran as healing and mercy for believers, supporting mercy's beneficent function without the birth sign.	focus_19_21_cutoff_100.tsv	43	d0dc0ba66753d6bde3a4c20591c8074408ac8d732363b497c2f9a47a7b9e9626
reciprocal_nomination	17:82	19:53		weak	19:53	17:82	17:82	cross_surah	label_target_note	ranked_review	Mercy through the Quran concerns believers generally, not the gift of Aaron.	focus_19_53_cutoff_100.tsv	98	4ffc4f2be99086bfd488fb6004192c9072d8281c7b308416e63e45daf0d62bf6
reciprocal_nomination	17:82	19:97		medium	19:97	17:82	17:82	cross_surah	label_target_note	missing_ayah_suggestion	Adds the Quran's healing and mercy dimension for believers, complementing its glad-tidings side.	focus_19_97_cutoff_100.tsv	129	8f99f05e57062cdca9b6da35d603678447443f7cbca11e6e44af0ac77a240601
reciprocal_nomination	17:82	20:2		strong	20:2	17:82	17:82	cross_surah	label_target_note	ranked_review	The Qur'an's descent is healing and mercy for believers, directly confirming a restorative rather than harmful function.	focus_20_2_cutoff_100.tsv	19	b6626a97da7d5e11de75875f25a25dd58cddea63bde854a2627d1b86f38b68d0
reciprocal_nomination	17:82	20:4		weak	20:4	17:82	17:82	cross_surah	label_target_note	missing_ayah_suggestion	The Qur'an's progressive sending down adds effects of the message rather than its cosmic source.	focus_20_4_cutoff_100.tsv	132	1ad9dd176c52ae9abd922991fd08171dba718f175cb18e9b6cfa5e3dbf4f339c
reciprocal_nomination	17:82	20:111		medium	20:111	17:82	17:82	cross_surah	label_target_note	ranked_review	The Quran increasing wrongdoers only in loss closely parallels the focus's failure, though without its burden image.	focus_20_111_cutoff_100.tsv	91	21035bf12020c353e07c514c49b0eeb0ccc77202af4e7917bcc117aefda2cc3d
reciprocal_nomination	17:82	21:10		medium	21:10	17:82	17:82	cross_surah	label_target_note	missing_ayah_suggestion	The Quran as healing and mercy for believers adds a secondary restorative function to the sent Book.	focus_21_10_cutoff_100.tsv	132	4b506c1b7ded2ee485dde6da856dc47d43a80dc41d7037ab66d4aa4da90e0b0c
reciprocal_nomination	17:82	21:14		medium	21:14	17:82	17:82	cross_surah	label_target_note	ranked_review	It shows the Quran as mercy for believers but increased loss for wrongdoers.	focus_21_14_cutoff_100.tsv	68	4f7198d69c09623328529a28f12f939fd0ab9f2348ba4a1cbcfebae831e9927f
reciprocal_nomination	17:82	21:48		medium	21:48	17:82	17:82	cross_surah	label_target_note	missing_ayah_suggestion	What is sent down from the Quran is healing and mercy for believers, further developing the beneficent revelation gift.	focus_21_48_cutoff_100.tsv	118	393b4db1a1b78d56c41a54052b26cb0aa4143a624a7450f9e3736bdb76e004b3
reciprocal_nomination	17:82	21:50		medium	21:50	17:82	17:82	cross_surah	label_target_note	missing_ayah_suggestion	It describes the Quran as healing and mercy for believers while increasing the wrongdoers in loss.	focus_21_50_cutoff_100.tsv	191	4429b14ba950efeb428d7e484678d998826525a0458c76f32d03bf176712c35b
reciprocal_nomination	17:82	21:88		weak	21:88	17:82	17:82	cross_surah	label_target_note	ranked_review	Mercy and healing for believers offer a broad theological counterpart, without rescue from distress.	focus_21_88_cutoff_100.tsv	70	5a4adc4ed743eac84932e43254cc58db3a898269d68aa34ac8c3b57cbc63c2d9
reciprocal_nomination	17:82	21:106		medium	21:106	17:82	17:82	cross_surah	label_target_note	missing_ayah_suggestion	The Quran is sent down as healing and mercy for believers, a direct revelation-as-provision counterpart.	focus_21_106_cutoff_100.tsv	126	212f67295323d3f75f7fbff09cd97b4a5c247db1a37a4ae777814e8ecd7721ac
reciprocal_nomination	17:82	22:16		strong	22:16	17:82	17:82	cross_surah	label_target_note	missing_ayah_suggestion	It calls the sent-down Quran healing and mercy for believers.	focus_22_16_cutoff_100.tsv	132	26f00cefcd3ec2b9b543c2b4f1950b00f8359f197346b0e2cf84ca8128a3bb76
reciprocal_nomination	17:82	22:54		strong	22:54	17:82	17:82	cross_surah	label_target_note	missing_ayah_suggestion	The Quran is healing and mercy for believers, developing its inward effect after reception.	focus_22_54_cutoff_100.tsv	131	49ddea6e3e32ba1e24c3439042ec8f61259b09c634d5db85d3076e552317b83c
reciprocal_nomination	17:82	23:38		weak	23:38	17:82	17:82	cross_surah	label_target_note	ranked_review	The Quran's differing effects on believers and wrongdoers only indirectly address the focus response.	focus_23_38_cutoff_100.tsv	73	5205a0c5e94c140afeed56d19a2d6bf19f08571294a5920f0bdadfa3bae57f83
reciprocal_nomination	17:82	23:109		medium	23:109	17:82	17:82	cross_surah	label_target_note	ranked_review	The Quran is mercy for believers while it increases wrongdoers in loss, echoing the scene's divided reception.	focus_23_109_cutoff_100.tsv	68	4021d914e89998767114cf1fe5611854a066f9453303b459b410909140270bc9
reciprocal_nomination	17:82	23:118		strong	23:118	17:82	17:82	cross_surah	label_target_note	ranked_review	Mercy can heal believers while the same descent increases loss for wrongdoers, preserving a reception-dependent contrast.	focus_23_118_cutoff_100.tsv	68	ccc6561a9b8118a15c1ff7cd819f9c410aea83ffbb4ffbf112fdb1fc31b46e13
reciprocal_nomination	17:82	25:26		medium	25:26	17:82	17:82	cross_surah	label_target_note	ranked_review	The Quran is mercy for believers yet increases wrongdoers in loss, supplying a distinct reception-based contrast.	focus_25_26_cutoff_100.tsv	96	f568b5f7f2d2ae3348c0400efae7148378ecf318e24aabd8327ba383a49c9a18
reciprocal_nomination	17:82	25:30		medium	25:30	17:82	17:82	cross_surah	label_target_note	missing_ayah_suggestion	The Quran's healing and mercy state what the abandoned revelation is meant to convey.	focus_25_30_cutoff_100.tsv	110	14e993320d50b415440e1363c15e26dc75cc13d56de081f186b5d1309539a4d1
reciprocal_nomination	17:82	25:32		weak	25:32	17:82	17:82	cross_surah	label_target_note	missing_ayah_suggestion	The Quran's healing and mercy for believers broadly complements the focus's sustaining effect on the heart.	focus_25_32_cutoff_100.tsv	119	411aca104c8c769adb333b4121e979e68a8703fef598f4ff49f447be2f183510
reciprocal_nomination	17:82	25:60		strong	25:60	17:82	17:82	cross_surah	label_target_note	ranked_review	The Quran is mercy for believers but increases wrongdoers only in loss, closely explaining the divergent reception implied by the focus.	focus_25_60_cutoff_100.tsv	47	1e569b7a9f93e81f186331a5f2b736703f3d236ab0ec1ae9fbd6caa7759172d0
reciprocal_nomination	17:82	26:8		medium	26:8	17:82	17:82	cross_surah	label_target_note	ranked_review	The same Quran brings mercy to believers and increasing loss to wrongdoers, showing that reception determines a sign's effect.	focus_26_8_cutoff_100.tsv	26	1e7a809f7b871e9baf5923fd1943856f1a8c3f46900696f081d60d5fbf24e1ac
reciprocal_nomination	17:82	26:67		medium	26:67	17:82	17:82	cross_surah	label_target_note	ranked_review	Channel resonance supplies divergent reception: healing and mercy for believers, loss for wrongdoers.	focus_26_67_cutoff_100.tsv	29	9d6b5759b6d66f9fb92f5a090d9c4485b10c037c35a135cc6466467dbeac7ae3
reciprocal_nomination	17:82	26:68		medium	26:68	17:82	17:82	cross_surah	label_target_note	ranked_review	The Quran as healing and mercy, while increasing loss for wrongdoers, supplies a distinct mercy-and-separation pattern.	focus_26_68_cutoff_100.tsv	26	39879bc1b0552281777b6568bbc3cf4ea8c80f4c576e0f7d0b2291da1f8d610e
reciprocal_nomination	17:82	26:80		strong	26:80	17:82	17:82	cross_surah	label_target_note	ranked_review	Directly names the Quran as healing and mercy, while showing that reception determines its outcome.	focus_26_80_cutoff_100.tsv	2	1611a777d87455a5166856b1923a0431690d2bd587683093f8ee173dd2a496bc
reciprocal_nomination	17:82	26:103		weak	26:103	17:82	17:82	cross_surah	label_target_note	ranked_review	Differential reception of recitation is only a broad counterpart to the focus's majority nonbelief.	focus_26_103_cutoff_100.tsv	29	1446519b800ab848419c02bb1b879400f65f0a5aa02485931d865b8cf7b269f5
reciprocal_nomination	17:82	26:104		medium	26:104	17:82	17:82	cross_surah	label_target_note	ranked_review	Aynı vahyin mümin için rahmet, zalim için kayıp oluşu 26:104'teki işaret karşısında ayrışma düzenine yakındır.	focus_26_104_cutoff_100.tsv	26	cf84c3c31001b48bc331757500204802de2d97066e7561d926e69b25c9821548
reciprocal_nomination	17:82	26:121		medium	26:121	17:82	17:82	cross_surah	label_target_note	ranked_review	The same revelation benefits believers while increasing loss for wrongdoers, paralleling divided reception of a sign.	focus_26_121_cutoff_100.tsv	26	91d9ebc2c6d04f93d24e6794a0d237de3fe374d90d165c6d4bdcc02def28c6ac
reciprocal_nomination	17:82	26:122		medium	26:122	17:82	17:82	cross_surah	label_target_note	ranked_review	Kur'anın müminler için şifa ve rahmet oluşu, rahim niteliğinin vahiydeki tecellisini gösterir.	focus_26_122_cutoff_100.tsv	29	73bf0839feceabae6c6470d04267b5d069a413baecabc45167fa5b14a9af205b
reciprocal_nomination	17:82	26:158		medium	26:158	17:82	17:82	cross_surah	label_target_note	ranked_review	The same revelation benefits believers but increases wrongdoers in loss, a reception contrast to the focus.	focus_26_158_cutoff_100.tsv	26	41f9253011669d43b737365b92c30353fb36dff3375b4d89f6ea4d6f9c8417cb
reciprocal_nomination	17:82	26:159		strong	26:159	17:82	17:82	cross_surah	label_target_note	ranked_review	The same revelation heals believers yet increases loss for wrongdoers, matching mercy's discriminating outcome.	focus_26_159_cutoff_100.tsv	26	106ace28e4e13a962fa9dea640a5a2a9504f383ba75d6cd6bd36f57a9be94efa
reciprocal_nomination	17:82	26:174		weak	26:174	17:82	17:82	cross_surah	label_target_note	ranked_review	Differential reception of revelation is only a broad counterpart to the focus's majority nonbelief.	focus_26_174_cutoff_100.tsv	26	81036358858ab9a1bd72eefc0c1a133ee06f2062ae0cf3eccc575cd8d95743cd
reciprocal_nomination	17:82	26:175		medium	26:175	17:82	17:82	cross_surah	label_target_note	ranked_review	Mercy that heals believers while increasing wrongdoers' loss echoes differentiated outcomes.	focus_26_175_cutoff_100.tsv	26	6e22298fb24db571daec78a6005cc43654709a8e322e703cf960a28914d5a6e7
reciprocal_nomination	17:82	26:190		weak	26:190	17:82	17:82	cross_surah	label_target_note	ranked_review	Different outcomes from the Qur'an for believers and wrongdoers only broadly echoes divided reception.	focus_26_190_cutoff_100.tsv	26	a79b2d7948ff3cb3c5f6fbbbd0d807add2395daeb0940a02b7a68670d61be6ec
reciprocal_nomination	17:82	26:191		medium	26:191	17:82	17:82	cross_surah	label_target_note	ranked_review	The Quran's mercy for believers and loss for wrongdoers parallels differentiated reception of divine communication.	focus_26_191_cutoff_100.tsv	26	d35797d82d1c260c8dd5b8be8d16788fcad9d343820e229b16da7f65622b1fcf
reciprocal_nomination	17:82	26:194		medium	26:194	17:82	17:82	cross_surah	label_target_note	missing_ayah_suggestion	The Quran's healing and mercy for believers add another inward effect of the message.	focus_26_194_cutoff_100.tsv	138	f2cb6dd8567db4a1f89561010f4d2ca1b9b0af3742b660a9491f6e6e70796716
reciprocal_nomination	17:82	26:198		medium	26:198	17:82	17:82	cross_surah	label_target_note	ranked_review	The same Quran can heal believers yet increase loss for wrongdoers, illuminating divergent reception.	focus_26_198_cutoff_100.tsv	20	904a4abf460a69ed724aaf0ce7fc57cda4adcd892f7f052053e3a7bbedd57260
reciprocal_nomination	17:82	26:199		medium	26:199	17:82	17:82	cross_surah	label_target_note	ranked_review	The Qur'an heals believers but increases the wrongdoers' loss, giving a reception contrast.	focus_26_199_cutoff_100.tsv	20	e692fc2d8a4ef6b4b15af157a6761cf4574138d7990c94b71cd6d44f2df4bcdf
reciprocal_nomination	17:82	27:1		medium	27:1	17:82	17:82	cross_surah	label_target_note	ranked_review	It identifies what is sent down from the Quran as healing and mercy for believers.	focus_27_1_cutoff_100.tsv	65	5146f5f5e9054a405c9c9243b46ef8d8e458f3e1ff0866997f94138c1395d157
reciprocal_nomination	17:82	27:2		medium	27:2	17:82	17:82	cross_surah	label_target_note	ranked_review	Kur'an'ın inananlara şifa ve rahmet oluşu, 27:2'deki olumlu işlevi tamamlar.	focus_27_2_cutoff_100.tsv	11	f20d1359ff72a15ba492eff8c04a406f18e525accd659f6bd480884e1a929247
reciprocal_nomination	17:82	27:63		weak	27:63	17:82	17:82	cross_surah	label_target_note	ranked_review	Mercy through revelation is related thematically but not to the natural signs in the focus.	focus_27_63_cutoff_100.tsv	32	d1c152cc74245b1d7b6141400da659bf6488b5729e26f0ca809c0abcc75aca16
reciprocal_nomination	17:82	27:76		strong	27:76	17:82	17:82	cross_surah	label_target_note	ranked_review	The Qur'an is described as healing and mercy for believers, extending the focus's guidance claim.	focus_27_76_cutoff_100.tsv	41	25aed98dee4cf6157627ccd96b105df4dffcec46945881d440a43a5323479fe9
reciprocal_nomination	17:82	27:77		strong	27:77	17:82	17:82	cross_surah	label_target_note	ranked_review	It describes the Quran as healing and mercy for believers, a direct parallel that adds the differing outcome for wrongdoers.	focus_27_77_cutoff_100.tsv	16	911064b66482d784a287aa98e1225c33a1920e51233ee30fe5a90f9ae0ff7d03
reciprocal_nomination	17:82	27:92		strong	27:92	17:82	17:82	cross_surah	label_target_note	missing_ayah_suggestion	The Qur'an is healing and mercy for believers, while wrongdoers lose by rejecting it.	focus_27_92_cutoff_100.tsv	125	622f30c42d65755adb2871143214069cbb8546eec149901f32783acbc0e00b50
reciprocal_nomination	17:82	28:73		weak	28:73	17:82	17:82	cross_surah	label_target_note	ranked_review	Kur'anın şifa ve rahmet oluşu, yaratılıştaki gece-gündüz rahmetinden farklı bir düzlemdedir.	focus_28_73_cutoff_100.tsv	94	4b4ebd9dedbe628df9c041a4bf17b822f42dba80bc7a1feb3eb1ad4b8fc4f867
reciprocal_nomination	17:82	28:86		strong	28:86	17:82	17:82	cross_surah	label_target_note	missing_ayah_suggestion	The Quran is sent as healing and mercy for believers, directly matching the focus verse's Book-as-mercy relation.	focus_28_86_cutoff_100.tsv	150	abc02e5f345999db0f65c3040f6fa97ddb4252959002e1586d11aa14dc5e8e2e
reciprocal_nomination	17:82	29:47		strong	29:47	17:82	17:82	cross_surah	label_target_note	missing_ayah_suggestion	The Quran is sent down as healing and mercy for believers, while wrongdoers lose further.	focus_29_47_cutoff_100.tsv	200	11b7a443361f536889d05262ce39c2d754a67c016ee032cc0be3d71d48d08c4e
reciprocal_nomination	17:82	29:51		strong	29:51	17:82	17:82	cross_surah	label_target_note	missing_ayah_suggestion	Directly presents the Quran as sent down with healing and mercy for believers.	focus_29_51_cutoff_100.tsv	119	399506f1380edccd73e7bbc59e29cade5c8bc5814e4dbc1fe3ba668c5f3b8e11
reciprocal_nomination	17:82	30:49		medium	30:49	17:82	17:82	cross_surah	label_target_note	ranked_review	One descent yields mercy for believers and loss for wrongdoers, qualifying recipient-dependent response.	focus_30_49_cutoff_100.tsv	96	c2e1a7442a10cff85fe0ddca993de218ea62073e2f0700d2cb8d85523cec587f
reciprocal_nomination	17:82	31:3		medium	31:3	17:82	17:82	cross_surah	label_target_note	ranked_review	The Quran is healing and mercy for believers while increasing loss for wrongdoers, showing differentiated reception.	focus_31_3_cutoff_100.tsv	43	b83a73b497c29de7ec209ca548d8a225bc5321161c9845f305f921db22a517bd
reciprocal_nomination	17:82	32:2		medium	32:2	17:82	17:82	cross_surah	label_target_note	missing_ayah_suggestion	It says God sends down from the Quran healing and mercy for believers.	focus_32_2_cutoff_100.tsv	137	5e5357fecbbc25f6ba00bbe9e03495a930f3dfce677d24c6fd907c9e2a922b96
reciprocal_nomination	17:82	34:6		medium	34:6	17:82	17:82	cross_surah	label_target_note	missing_ayah_suggestion	The Quran descends as healing and mercy for believers, specifying a receptive benefit of revelation.	focus_34_6_cutoff_100.tsv	176	eb222e850b2557f149321489cbb7aeee3c37eda779400af110e7ad5ddae5188a
reciprocal_nomination	17:82	35:1		weak	35:1	17:82	17:82	cross_surah	label_target_note	ranked_review	Revelation increases loss for wrongdoers, a contrary boundary to positive increase.	focus_35_1_cutoff_100.tsv	88	16804ca1202ec943093fd7435a62a25c64d68eb9413fd9a5fc6ee04aaa42721d
reciprocal_nomination	17:82	35:32		medium	35:32	17:82	17:82	cross_surah	label_target_note	ranked_review	Shows the Qur'an benefiting believers while increasing wrongdoers in loss, a clear differentiated reception of the Book.	focus_35_32_cutoff_100.tsv	17	6d082b71bf253d9617431ce6f0cb20905a970ea4394c2b8609260acd93ddf9eb
reciprocal_counterevidence	17:82	35:35		no value	35:35	17:82	17:82	cross_surah	label_target_note	ranked_review	Its healing and loss contrast does not clarify the focus's permanent abode.	focus_35_35_cutoff_100.tsv	38	aab4ffb51d0c0c35a38c45bc7bfbb61e60408818eee572982eebf5b411e8819e
reciprocal_nomination	17:82	35:39		strong	35:39	17:82	17:82	cross_surah	label_target_note	ranked_review	Its formula that wrongdoing only increases in loss closely clarifies the focus's compounding loss.	focus_35_39_cutoff_100.tsv	10	b93087eaa069c0ecea7a4a1448ddc2d71ba209eb103fbf25682eec723ca3784c
reciprocal_nomination	17:82	35:42		strong	35:42	17:82	17:82	cross_surah	label_target_note	ranked_review	The same Quran is healing for believers yet increases wrongdoers only in loss.	focus_35_42_cutoff_100.tsv	44	a32880a5bfaf2c99cc8a1b6c6c3c9d74c23855735206675d5d5c5a1d24b5f505
reciprocal_nomination	17:82	36:2		strong	36:2	17:82	17:82	cross_surah	label_target_note	missing_ayah_suggestion	The Quran is sent down as healing and mercy for believers, adding its restorative effect.	focus_36_2_cutoff_100.tsv	148	fe2ffc9d602f13fe05b2642008bbd54c2f97d96d94ecbe77d6c777adb9c3f9f0
reciprocal_nomination	17:82	36:5		strong	36:5	17:82	17:82	cross_surah	label_target_note	ranked_review	Makes Quranic descent healing and mercy for believers while distinguishing its adverse reception by wrongdoers.	focus_36_5_cutoff_100.tsv	21	b24428a80e787ea4ba62ab86402fe21df42bb6fa6bd4a449bc74e0cde25317a8
reciprocal_nomination	17:82	36:11		medium	36:11	17:82	17:82	cross_surah	label_target_note	missing_ayah_suggestion	Names the Quran healing and mercy for believers, extending the focus's merciful result of receptivity.	focus_36_11_cutoff_100.tsv	134	2b887c68f4687f4182894cfde07972c629b7b78c9d856598476ebcd5b6951449
reciprocal_counterevidence	17:82	37:139		no value	37:139	17:82	17:82	cross_surah	label_target_note	ranked_review	Kur'anin sifa ve rahmet olmasi Yunus'un elcilik kimligini aciklamaz.	focus_37_139_cutoff_100.tsv	2	e4fc34a448dee7235bc15061b05e80fc36ba63d947d9b958a448658dca30a36e
reciprocal_nomination	17:82	37:147		weak	37:147	17:82	17:82	cross_surah	label_target_note	ranked_review	Its increase of the wrongdoers' loss shares increase language but not the mission or people-count theme.	focus_37_147_cutoff_100.tsv	2	02fe23f1c14492779423f02d4d8d03ff783b234a9a24fa1cd86467b07b59f220
reciprocal_nomination	17:82	37:148		medium	37:148	17:82	17:82	cross_surah	label_target_note	ranked_review	Contrasts believers' merciful benefit with wrongdoers' loss, clarifying the divergent reception behind the focus's belief.	focus_37_148_cutoff_100.tsv	2	2d7dbc5c6356687c4eb9b82703087a7574b019fcafdc309be1329de5b870db99
reciprocal_nomination	17:82	37:163		weak	37:163	17:82	17:82	cross_surah	label_target_note	ranked_review	The Quran's differing effect on wrongdoers offers only a broad contrast with the deceived.	focus_37_163_cutoff_100.tsv	82	1d34a01cd6ecc5aee10393847d0015f8a786e86a464081b1f60584170100096b
reciprocal_nomination	17:82	38:1		strong	38:1	17:82	17:82	cross_surah	label_target_note	missing_ayah_suggestion	It describes the Quran as healing and mercy for believers while marking a contrary outcome for wrongdoers.	focus_38_1_cutoff_100.tsv	117	9308a86c394e3fe11c1b296cabff189768f094dbb21e554231c2dd339caac609
reciprocal_counterevidence	17:82	38:83		no value	38:83	17:82	17:82	cross_surah	label_target_note	ranked_review	Healing and loss from the Quran do not clarify the focus exception.	focus_38_83_cutoff_100.tsv	95	073811e9df822e4ad1ea186ff8517449be88a0683f839b8dd1681cd5947821d2
reciprocal_nomination	17:82	39:3		medium	39:3	17:82	17:82	cross_surah	label_target_note	ranked_review	The Quran benefits believers but increases wrongdoers in loss, supporting the focus's truth-disbelief divide.	focus_39_3_cutoff_100.tsv	97	f4bb0e5982a3f967529502b0b8c39689f4e4e1d60d3abddb6ff2474124825ea2
reciprocal_nomination	17:82	39:22		strong	39:22	17:82	17:82	cross_surah	label_target_note	missing_ayah_suggestion	The Quran is healing and mercy for believers while wrongdoers lose further.	focus_39_22_cutoff_100.tsv	121	e2097b94e29deef383b787d2c4422921db790ebc16f0a77f11d457c53ffc2c79
reciprocal_nomination	17:82	39:23		strong	39:23	17:82	17:82	cross_surah	label_target_note	missing_ayah_suggestion	The Quran as healing and mercy directly supports transformative reception.	focus_39_23_cutoff_100.tsv	132	6557b8c8f62d9e34b94b5c07351e23dfdc20e559b1f2822204f8fd3953023a7d
reciprocal_nomination	17:82	39:28		strong	39:28	17:82	17:82	cross_surah	label_target_note	missing_ayah_suggestion	The Qur'an is sent as healing and mercy for believers, identifying effects of the revelation described in the focus.	focus_39_28_cutoff_100.tsv	111	826127fe2c675bc5d5c3dec21de614e0228359df8ce38713af89169bce25bbd5
reciprocal_nomination	17:82	40:54		strong	40:54	17:82	17:82	cross_surah	label_target_note	missing_ayah_suggestion	Describes the Quran as healing and mercy for believers.	focus_40_54_cutoff_100.tsv	131	5549cee3568a37ffa6540c8a991a704a26f48974f211cd2e38799c8021d5e1b4
reciprocal_nomination	17:82	41:2		strong	41:2	17:82	17:82	cross_surah	label_target_note	ranked_review	The Quran sent down as healing and mercy shows the merciful effect of the revelation, while distinguishing divergent reception.	focus_41_2_cutoff_100.tsv	82	fe9ddf0db9e727d79c1fd2143e8cf7a42aa411102c16e9d44d01872fddada8e1
reciprocal_nomination	17:82	41:3		medium	41:3	17:82	17:82	cross_surah	label_target_note	missing_ayah_suggestion	The Quran's healing and mercy support its addressed reception.	focus_41_3_cutoff_100.tsv	161	af900d2ca8f480d06eb0a3ad09516ec26f90e59a29cf0a9e31da5f700425fdb7
reciprocal_nomination	17:82	41:23		strong	41:23	17:82	17:82	cross_surah	label_target_note	ranked_review	The same revelation heals believers but increases wrongdoers in loss, showing reception's decisive role.	focus_41_23_cutoff_100.tsv	98	d53fbf12a7814621c28393dba8a591cad63687748866570d2949fcba9af5b925
reciprocal_nomination	17:82	41:44		strong	41:44	17:82	17:82	cross_surah	label_target_note	missing_ayah_suggestion	It explicitly calls the Qur'an healing and mercy for believers while marking its contrary effect on wrongdoers.	focus_41_44_cutoff_100.tsv	135	389d20af08518ce44b9fbf12ca5b43402607ca6d4831d6216d166fd2223c4c0a
reciprocal_nomination	17:82	42:52		medium	42:52	17:82	17:82	cross_surah	label_target_note	missing_ayah_suggestion	Presents the Quran as healing and mercy for believers, an additional effect of the revealed message.	focus_42_52_cutoff_100.tsv	121	a40ccb82cb643ad93d31ea0d7499eee925573372cad3abbfd777007cc74974e9
reciprocal_nomination	17:82	43:3		medium	43:3	17:82	17:82	cross_surah	label_target_note	missing_ayah_suggestion	The Quran's healing and mercy describe a further effect of its reception.	focus_43_3_cutoff_100.tsv	112	405a5d097f231885e392b31f192618570c45569fb8d16293450fa130645f161d
reciprocal_nomination	17:82	43:4		medium	43:4	17:82	17:82	cross_surah	label_target_note	missing_ayah_suggestion	The Quran's healing and mercy describe a further function of the revealed message.	focus_43_4_cutoff_100.tsv	117	4ebbac8cb814eeb83fe86ab0a7baf8b0f8ee0969d92b6afedd066b4f38d32b5d
reciprocal_nomination	17:82	43:5		medium	43:5	17:82	17:82	cross_surah	label_target_note	missing_ayah_suggestion	The Quran is mercy for believers while increasing wrongdoers in loss, showing divergent outcomes without making the message itself deficient.	focus_43_5_cutoff_100.tsv	119	675cace3085ddb52cacbb275010399d5dcaa99e1b471bdbf5a7466bc65a1d512
reciprocal_nomination	17:82	43:32		strong	43:32	17:82	17:82	cross_surah	label_target_note	missing_ayah_suggestion	The Quran is described as healing and mercy for believers, directly identifying revealed guidance as a form of the Lord's mercy.	focus_43_32_cutoff_100.tsv	135	befa4c6ac1f167540f4f32df207adcb49a4e98c0259655a7ba7c25579709c160
reciprocal_nomination	17:82	44:3		medium	44:3	17:82	17:82	cross_surah	label_target_note	missing_ayah_suggestion	It describes the Quran sent down as healing and mercy for believers, extending the beneficent side of the focus.	focus_44_3_cutoff_100.tsv	138	9759376af0381ad57d247a344b484d9ede9efaf6349f84db5d9d2d2effaea745
reciprocal_nomination	17:82	44:6		strong	44:6	17:82	17:82	cross_surah	label_target_note	missing_ayah_suggestion	The Quran is sent down as healing and mercy for believers, directly connecting revelation to the focus's merciful sending.	focus_44_6_cutoff_100.tsv	115	2b36464655c07255f2b4ba2a74cbb15b48f14623bceae5e319263d67822cf32f
reciprocal_nomination	17:82	44:58		medium	44:58	17:82	17:82	cross_surah	label_target_note	missing_ayah_suggestion	Quranic reception is linked with healing and mercy, a secondary outcome of accessible delivery.	focus_44_58_cutoff_100.tsv	163	48fa5bd63855a60557f6e4ee3ee9afadc5e6168c519bfa305ceaf40375e555f3
reciprocal_nomination	17:82	45:20		strong	45:20	17:82	17:82	cross_surah	label_target_note	missing_ayah_suggestion	Quranic healing and mercy for believers give a close inward-benefit parallel to guidance and mercy.	focus_45_20_cutoff_100.tsv	123	8e0ea52ac34661fa7537ccae603000060951da43643255d049050de549e731aa
reciprocal_nomination	17:82	47:17		strong	47:17	17:82	17:82	cross_surah	label_target_note	missing_ayah_suggestion	The Quran is healing and mercy for believers, a close parallel to receptive guidance.	focus_47_17_cutoff_100.tsv	138	e7000fc2a26737947181de4cc83dd9604950291a6637f62ab76bd6c141605e90
reciprocal_nomination	17:82	48:26		medium	48:26	17:82	17:82	cross_surah	label_target_note	missing_ayah_suggestion	Revelation as healing and mercy for believers gives a broader restorative parallel to descent and sakinah.	focus_48_26_cutoff_100.tsv	121	b0f97c2552c9855b99ceb1ecc7bb5ee509a19b4e8af6157c417c6f59fd350560
reciprocal_nomination	17:82	50:1		medium	50:1	17:82	17:82	cross_surah	label_target_note	missing_ayah_suggestion	نُنَزِّلُ مِنَ ٱلْقُرْءَانِ with شِفَآءٌ and رَحْمَةٌ adds a marked Qur'an function.	focus_50_1_cutoff_100.tsv	109	59b2d21613b752934cfb7f0048f2361288659f9dd103a737dd01dc94dfcadd6a
reciprocal_nomination	17:82	53:4		medium	53:4	17:82	17:82	cross_surah	label_target_note	missing_ayah_suggestion	Adds gradual sending-down with healing and mercy functions.	focus_53_4_cutoff_100.tsv	120	8d751d9ebdebd483afc9b224a6d8d7eb7b3e5bd5053752f9174c8b52f0970473
reciprocal_nomination	17:82	53:13		weak	53:13	17:82	17:82	cross_surah	label_target_note	ranked_review	Tail-audit descent effect is generic and redundant source evidence.	focus_53_13_cutoff_100.tsv	94	ae0c3944231f76e1e186cfb87c694d0bfb4a3de35456dfecc8fe5ead7208d75b
reciprocal_nomination	17:82	54:22		medium	54:22	17:82	17:82	cross_surah	label_target_note	missing_ayah_suggestion	Adds Quranic healing and mercy alongside the possibility of increased loss through refusal.	focus_54_22_cutoff_100.tsv	154	9ebe209d0737197a073e8c3d386dc93a43842b75c348ff873730df7930f178dd
reciprocal_nomination	17:82	55:1		medium	55:1	17:82	17:82	cross_surah	label_target_note	missing_ayah_suggestion	Explicitly associates the Quran with healing and mercy, strengthening the immediate teaching sequence.	focus_55_1_cutoff_100.tsv	110	3c9956f217517662548a49386bcb89d4df6998ac5eae54bcfd35f02d99f528e1
reciprocal_nomination	17:82	55:2		medium	55:2	17:82	17:82	cross_surah	label_target_note	ranked_review	Direct Qur'an characterization adds an outcome-side mercy/healing dimension.	focus_55_2_cutoff_100.tsv	76	d3c13286cebfab34577b9726782d53ca802bc91343a767b960bb08768b69a97d
reciprocal_nomination	17:82	56:77		medium	56:77	17:82	17:82	cross_surah	label_target_note	missing_ayah_suggestion	Descent through the Qur'an adds a disclosed effect without defining karim.	focus_56_77_cutoff_100.tsv	111	5b7fc48b0af10d2438f43da351601af04f9721c4da841c2c7625223d42bd108d
reciprocal_nomination	17:82	57:9		strong	57:9	17:82	17:82	cross_surah	label_target_note	missing_ayah_suggestion	Adds Qur'anic descent as healing and mercy, alongside its contrary outcome.	focus_57_9_cutoff_100.tsv	120	c0e5d457a819231a9d2d290f5c1b5fde6793c7bc5809faa49e7f423c287e9545
reciprocal_nomination	17:82	58:5		weak	58:5	17:82	17:82	cross_surah	label_target_note	ranked_review	General نزول and divergent reception is a remote parallel, with no boundary or abasement detail.	focus_58_5_cutoff_100.tsv	100	8cc3da72fa1305df41c665e229d2522e21011f132ce0feb5cddf92cc34b93dcb
reciprocal_nomination	17:82	58:19		medium	58:19	17:82	17:82	cross_surah	label_target_note	ranked_review	Pairs Qur'anic healing for believers with increased loss for wrongdoers.	focus_58_19_cutoff_100.tsv	100	415e6cc095657d63562ab2c93d6c069e8800b825a271f3b8c9893517d3bc0815
reciprocal_nomination	17:82	64:8		medium	64:8	17:82	17:82	cross_surah	label_target_note	missing_ayah_suggestion	The Quran's healing and mercy role gives a secondary positive function for revealed guidance.	focus_64_8_cutoff_100.tsv	120	43157da9c80db9cf95caeffd9f451653add9528de90709a48c632c8804d035f1
reciprocal_nomination	17:82	68:52		medium	68:52	17:82	17:82	cross_surah	label_target_note	missing_ayah_suggestion	Adds healing and mercy as further Qur'anic functions, alongside contrary reception.	focus_68_52_cutoff_100.tsv	116	63971b45cf5352b8674078367be88e13131ffe8f30e5a20ba87772542ba030f6
reciprocal_nomination	17:82	71:6		strong	71:6	17:82	17:82	cross_surah	label_target_note	missing_ayah_suggestion	Quranic descent can yield loss for wrongdoers, a close message-increases-harm parallel.	focus_71_6_cutoff_100.tsv	115	f7362df91290ebf54754c0f9c15c835a1905d9d7f835ffa105777365dcc1d8d8
reciprocal_nomination	17:82	71:21		strong	71:21	17:82	17:82	cross_surah	label_target_note	ranked_review	يصرح بأن الظالمين لا تزيدهم الآيات إلا خسارا.	focus_71_21_cutoff_100.tsv	22	a9514a1e72ff09cdd91890ddfcf2981a69a8e875d8ac7555b46b318ab6062611
reciprocal_nomination	17:82	71:24		medium	71:24	17:82	17:82	cross_surah	label_target_note	ranked_review	Uses the same increase construction for الظالمين and specifies a loss outcome.	focus_71_24_cutoff_100.tsv	13	ab651c48a298048e7f9eda14636905d369f20d79677d39b2227e6789d100b770
reciprocal_nomination	17:82	71:28		strong	71:28	17:82	17:82	cross_surah	label_target_note	ranked_review	Sets mercy for believers against increased loss for wrongdoers, preserving both divergent outcomes.	focus_71_28_cutoff_100.tsv	13	c17a14a555a13583a734e2b1cd3882df4ed85f91a4ae75fc1c409e932054eb56
reciprocal_nomination	17:82	72:7		weak	72:7	17:82	17:82	cross_surah	label_target_note	ranked_review	Differential response to the Quran is channel-level evidence only.	focus_72_7_cutoff_100.tsv	50	926624d2f0552aaf32891bf644e45f7c62e94607b236a4948d5f55e76cf9777a
reciprocal_nomination	17:82	72:12		weak	72:12	17:82	17:82	cross_surah	label_target_note	ranked_review	Channel-level divergent reception only loosely frames F04.	focus_72_12_cutoff_100.tsv	41	a90ec852bb952ece5677a0832c90f960a21587d8012514efd55eb4639f990c51
reciprocal_nomination	17:82	72:14		weak	72:14	17:82	17:82	cross_surah	label_target_note	ranked_review	Differing effects of the Quran are too general to clarify the focus's internal sorting.	focus_72_14_cutoff_100.tsv	83	bc673b0ae151c41656287c0e7dde037335ac42b43b9b071ab59dd98efde981f8
reciprocal_nomination	17:82	73:4		weak	73:4	17:82	17:82	cross_surah	label_target_note	ranked_review	Shows divergent outcomes of the Quran and of increase, but does not specify measured recitation.	focus_73_4_cutoff_100.tsv	7	aaecc9712ffa16064f61793c86ad9b41dd886a404e7d6b11dd656494b2a50bf4
reciprocal_nomination	17:82	75:27		weak	75:27	17:82	17:82	cross_surah	label_target_note	missing_ayah_suggestion	Healing language supplies only a remote textual field for the healer reading.	focus_75_27_cutoff_100.tsv	152	f07ffe3d7c332d1aef6d412dd3a4ac861bd337fbd2bdf5fed11ad31ca895bcfb
reciprocal_nomination	17:82	76:23		strong	76:23	17:82	17:82	cross_surah	label_target_note	missing_ayah_suggestion	Says that from the Qur'an God sends down healing and mercy for believers, an explicit continuing descent reading.	focus_76_23_cutoff_100.tsv	121	1270dcc375c60e63ecc2a97d056ad41a0500fa0331b4a14ece412f043da63760
reciprocal_nomination	17:82	78:30		strong	78:30	17:82	17:82	cross_surah	label_target_note	missing_ayah_suggestion	Uses the same exclusive increase formula for increasing the wrongdoers' loss.	focus_78_30_cutoff_100.tsv	105	b016b8f5f4b07f55459584a751b70d9a878a68c4d160facbddc6a1e0c46ff7bd
reciprocal_nomination	17:82	79:12		medium	79:12	17:82	17:82	cross_surah	label_target_note	ranked_review	The same revelation increases some in loss, adding a response-dependent outcome distinct from 79:12.	focus_79_12_cutoff_100.tsv	75	382d99d9efd4ff3577173181e72395910352c5fcb2d3bbb7bd5f3883960be490
reciprocal_nomination	17:82	83:3		weak	83:3	17:82	17:82	cross_surah	label_target_note	ranked_review	Uses increase in loss as a moral consequence, without exchange detail.	focus_83_3_cutoff_100.tsv	63	04a6d855ed78b128f6d1dfc59cf787a3632e27853c6eba8b71433901f5a556c2
reciprocal_nomination	17:82	94:2		medium	94:2	17:82	17:82	cross_surah	label_target_note	missing_ayah_suggestion	Healing and mercy provide a restorative counterpart to the removal frame.	focus_94_2_cutoff_100.tsv	122	f000407009da6ad7106a3d1ae81b145c2405525148215862dfdfbe0adc45321b
reciprocal_nomination	17:82	97:4		weak	97:4	17:82	17:82	cross_surah	label_target_note	missing_ayah_suggestion	وَنُنَزِّلُ مِنَ ٱلْقُرْءَانِ is a secondary text-descent route.	focus_97_4_cutoff_100.tsv	122	a5c77d8eb77309034b4f416e1dd92f6431429d2ccca8ecc9662eb4932780279e
reciprocal_nomination	17:82	103:2		strong	103:2	17:82	17:82	cross_surah	label_target_note	ranked_review	Shows the same revelation increasing loss in wrongdoers, preserving divergent reception.	focus_103_2_cutoff_100.tsv	92	63498cc85eccf4a081473d5095b559fe52ce81ad90884b96df1774cad2022775
