record_type	focus_ref	target_ref	focus_direction_label	source_direction_label	source_focus_ref	source_target_ref	source_target_component_ref	relation_scope	source_column_order	source_row_role	source_note	source_file	source_line	source_row_sha256
directional_review	43:51	28:38	strong	strong	43:51	28:38	28:38	cross_surah	label_target_note	ranked_review	Pharaoh's denial of any god besides himself and his tower project exposes the self-deifying claim behind 43:51.	focus_43_51_cutoff_100.tsv	1	6a4e92654a3b6323ac82fb8636dff4f7fb8b5d0f8e05ce9f80546bc057cff0d7
directional_review	43:51	24:42	strong	strong	43:51	24:42	24:42	cross_surah	label_target_note	ranked_review	It assigns the heavens and earth's dominion and final return to God, directly overturning Pharaoh's local ownership display.	focus_43_51_cutoff_100.tsv	2	dd44658d658adbec05d5e2aebeab30f2fd624a44ce3e039cd90de708e70f6575
directional_review	43:51	25:10	medium	medium	43:51	25:10	25:10	cross_surah	label_target_note	ranked_review	Flowing rivers beneath gardens present water as divine provision rather than a ruler's proof of possession.	focus_43_51_cutoff_100.tsv	3	0e35fcac8da3e8b8dc924e32b7379761e97c265c8c91c0bd7ba900a0ffad0a7f
directional_review	43:51	40:36	strong	strong	43:51	40:36	40:36	cross_surah	label_target_note	ranked_review	Pharaoh again orders a tower built to reach Moses' God, extending the hubris voiced in 43:51.	focus_43_51_cutoff_100.tsv	4	55ed7ab6e90c9c5f301d51e353033ac7c167aee02c371613234a601be1c0f1d1
directional_review	43:51	43:52	strong	strong	43:51	43:52	43:52	same_surah	label_target_note	ranked_review	The immediate continuation shows Pharaoh converting his asserted possessions into a contemptuous comparison with Moses.	focus_43_51_cutoff_100.tsv	5	d6a1e244da5c3bf9ee2345d2280dabdc46944c437dfcff0add79327e3225f625
directional_review	43:51	66:8	weak	weak	43:51	66:8	66:8	cross_surah	label_target_note	ranked_review	Its garden rivers belong to a repentant, divinely granted future, a distant counterpoint to Pharaoh's political water display.	focus_43_51_cutoff_100.tsv	6	c29bdc32f7dbc450c62ad0be864a06761e30e8b6726a3f4c3ce91eedba3f164e
directional_review	43:51	40:29	strong	strong	43:51	40:29	40:29	cross_surah	label_target_note	ranked_review	Pharaoh publicly claims present dominion and monopolizes guidance before his people, closely matching the performative rule in 43:51.	focus_43_51_cutoff_100.tsv	7	0257288ae9c3a263d313edd40c3454554ce957b5d224e7c881c569071a77c7ae
directional_review	43:51	43:60	weak	weak	43:51	43:60	43:60	same_surah	label_target_note	ranked_review	Its nearby hypothetical replacement of humans with angels adds little to Pharaoh's claim or the rivers.	focus_43_51_cutoff_100.tsv	8	b61075163c7c590850814e4d48bcf3bc03631bd2ec8d579d5464f1b4970a5a42
directional_review	43:51	55:50	weak	weak	43:51	55:50	55:50	cross_surah	label_target_note	ranked_review	The flowing springs repeat the water motif but add no political or perceptual dimension after earlier river examples.	focus_43_51_cutoff_100.tsv	9	3f0ec9e5a6e09da0830f102c35a017be77f4add093b4f9a74dfdda8de28281a2
directional_review	43:51	69:39	medium	medium	43:51	69:39	69:39	cross_surah	label_target_note	ranked_review	The unseen sets a boundary on the appeal to what a crowd can visibly inspect.	focus_43_51_cutoff_100.tsv	10	9fd66941111374f0aa1a614241a119f711730346729415efdfd5409a140bfa4d
directional_review	43:51	40:61	medium	medium	43:51	40:61	40:61	cross_surah	label_target_note	ranked_review	God makes the day seeing and gives its benefits, relocating the conditions of public visibility from Pharaoh to divine favor.	focus_43_51_cutoff_100.tsv	11	8325c0e1602e4a7997850d5b99a337c038426d68cca4bb77ceabf78f2781400c
directional_review	43:51	3:189	strong	strong	43:51	3:189	3:189	cross_surah	label_target_note	ranked_review	Universal dominion and divine power provide a direct scale contrast to Pharaoh's claim over Egypt.	focus_43_51_cutoff_100.tsv	12	96809552e0b62f6cac222a1c789aa5475044298c78ab7dea3f6de129da84b6f7
directional_review	43:51	66:11	strong	strong	43:51	66:11	66:11	cross_surah	label_target_note	ranked_review	Pharaoh's wife seeks rescue from Pharaoh and his deeds, revealing the moral violence beneath his displayed sovereignty.	focus_43_51_cutoff_100.tsv	13	a12764b0a47b75b85da340e1ea92bf387fdae00c818617e8fae521a953717166
directional_review	43:51	43:53	strong	strong	43:51	43:53	43:53	same_surah	label_target_note	ranked_review	The immediate continuation specifies Pharaoh's material tests of legitimate authority: gold and accompanying angels.	focus_43_51_cutoff_100.tsv	14	40bd1d2aaa144f272029d5a81ce1215b148f93e99781248b768beb004027a7e1
directional_review	43:51	68:5	medium	medium	43:51	68:5	68:5	cross_surah	label_target_note	ranked_review	Mutual future seeing makes visible judgment, but it is a less specific parallel once the focus's crowd-directed seeing is established.	focus_43_51_cutoff_100.tsv	15	e7c8b5a32dde1f87a98b76fc9a98413c411eb2a5082c0a5bd6ad4a7ddbb5490d
directional_review	43:51	51:21	medium	medium	43:51	51:21	51:21	cross_surah	label_target_note	ranked_review	Its question about seeing signs within oneself redirects perception away from Pharaoh's external spectacle.	focus_43_51_cutoff_100.tsv	16	349bd1d4030efc37b1720b219ea5fe27f7bfeb7acccf26803ffd70c6db86c7cd
directional_review	43:51	43:39	medium	medium	43:51	43:39	43:39	same_surah	label_target_note	ranked_review	The later shared punishment supplies the surah's consequence for the people whom Pharaoh lightened and led.	focus_43_51_cutoff_100.tsv	17	c6b91681e8a4ae984dd404050fb4b3cd9849598a0d119a1b5abea97106ecc2bb
directional_review	43:51	114:2	strong	strong	43:51	114:2	114:2	cross_surah	label_target_note	ranked_review	Naming God the King of humankind offers the rightful sovereignty against Pharaoh's claim before his own people.	focus_43_51_cutoff_100.tsv	18	35e3db48eef8a366eba14a5d0cdf52fadc0a84a9626171321527ea3b5a60e15b
directional_review	43:51	11:78	no value	no value	43:51	11:78	11:78	cross_surah	label_target_note	ranked_review	The crowd's assault on Lot's guests does not materially clarify Pharaoh's rule, waterworks, or call to see.	focus_43_51_cutoff_100.tsv	19	802bbff60859c275665f15a48653ca57140236f0edd3d395a198c4053978ed41
directional_review	43:51	54:50	weak	weak	43:51	54:50	54:50	cross_surah	label_target_note	ranked_review	The divine command's glance-like speed shares a visual image but not the focus's political claim.	focus_43_51_cutoff_100.tsv	20	d0f430c2f3ed367fd6285b6077ba90889f6310c0e26b416e5e572538a4d8b6f9
directional_review	43:51	71:5	no value	no value	43:51	71:5	71:5	cross_surah	label_target_note	ranked_review	Noah's persistent call by night and day adds no useful connection to the focus.	focus_43_51_cutoff_100.tsv	21	c808783e578eff13fe1f7137d7a5e44f4553fa38b4a609ba080990f3644b2227
directional_review	43:51	23:23	weak	weak	43:51	23:23	23:23	cross_surah	label_target_note	ranked_review	Noah's public summons to worship God is a broad prophetic countervoice to Pharaoh's self-exaltation.	focus_43_51_cutoff_100.tsv	22	b3383cd0fcd9e26c2d0e5e14d29bdbae4c13111ddf888ef200542a04ef5ad925
directional_review	43:51	43:54	strong	strong	43:51	43:54	43:54	same_surah	label_target_note	ranked_review	It immediately states the effect of Pharaoh's address: he made his people light and they obeyed him.	focus_43_51_cutoff_100.tsv	23	20e1e65f38d5705dfdfe70bfe75d12861d4322e49c60511ba821c288c425f666
directional_review	43:51	18:26	strong	strong	43:51	18:26	18:26	cross_surah	label_target_note	ranked_review	God alone sees and hears the unseen and admits no partner in judgment, directly correcting Pharaoh's claimed authority and public gaze.	focus_43_51_cutoff_100.tsv	24	f6fddbe59a548b3bf9a42ae6dfbdbc3ef98a1662ee2e3cd503bdc4f8fcb005cb
directional_review	43:51	69:38	medium	medium	43:51	69:38	69:38	cross_surah	label_target_note	ranked_review	The oath by what is seen situates visible evidence within a larger truth, qualifying Pharaoh's appeal to spectacle.	focus_43_51_cutoff_100.tsv	25	4378808750de32a46276e49a01f3689248fc74520f943426e5dfb65089c11548
directional_review	43:51	43:69	weak	weak	43:51	43:69	43:69	same_surah	label_target_note	ranked_review	The believers' submission supplies a nearby contrast to Pharaoh's disobedient audience, without developing the focus's imagery.	focus_43_51_cutoff_100.tsv	26	4336896ec9018864611677a1409af40a72d451356163004d1e887756ed1deba8
directional_review	43:51	21:81	medium	medium	43:51	21:81	21:81	cross_surah	label_target_note	ranked_review	The wind runs by Solomon's command, offering a restrained model of created movement under granted authority rather than self-claimed divinity.	focus_43_51_cutoff_100.tsv	27	2ad701895df1278a4402c3e73f6f681c58892edc287980444a0221d3a6ab3f3a
directional_review	43:51	20:79	strong	strong	43:51	20:79	20:79	cross_surah	label_target_note	ranked_review	It gives the narrative verdict on Pharaoh's rule: he led his people astray and did not guide them.	focus_43_51_cutoff_100.tsv	28	bafc6441b25b639c1c706cd6af0b2e9abfd1e1394f437cd0daeaf5a87e8c19b2
directional_review	43:51	48:14	medium	medium	43:51	48:14	48:14	cross_surah	label_target_note	ranked_review	God's universal dominion, exercised through forgiveness and punishment, limits every human ruler's claim.	focus_43_51_cutoff_100.tsv	29	828b4820f60b4b9136cc370b23e8eb5abaa7d9b3146fff5fe99b3fadff0c237d
directional_review	43:51	81:16	no value	no value	43:51	81:16	81:16	cross_surah	label_target_note	ranked_review	The celestial bodies' movement does not add a clear interpretive connection after the stronger water and sovereignty parallels.	focus_43_51_cutoff_100.tsv	30	15f4ab1c732569419c1d7c2fa447cb25d7170ff9563d82c37cfbb2649f12f81d
directional_review	43:51	27:54	weak	weak	43:51	27:54	27:54	cross_surah	label_target_note	ranked_review	Its appeal to acts committed while seeing uses the perception motif in a different moral setting.	focus_43_51_cutoff_100.tsv	31	809b3c13930307e0cfb5635c2a4ab0f36e34dad412fb4d52ed17dc0fbfd3d5e6
directional_review	43:51	43:55	strong	strong	43:51	43:55	43:55	same_surah	label_target_note	ranked_review	God's vengeance and drowning of Pharaoh's people turn the ruler's water-centered boast toward its decisive reversal.	focus_43_51_cutoff_100.tsv	32	60ed22a5634fe7ca7388a067d8913c09d0ee585442e1ab524e9ce8d9c5a1acb6
directional_review	43:51	22:61	weak	weak	43:51	22:61	22:61	cross_surah	label_target_note	ranked_review	Divine alternation of night and day with hearing and seeing offers only a broad backdrop for the focus.	focus_43_51_cutoff_100.tsv	33	09664dc97314dfd6884c9f91e278d4672639ecb23b80a7f1cb0628eb3af884f5
directional_review	43:51	5:85	weak	weak	43:51	5:85	5:85	cross_surah	label_target_note	ranked_review	The garden rivers are a reward image and add little beyond the already established contrast with Pharaoh's rivers.	focus_43_51_cutoff_100.tsv	34	325b2acdf972ce9a3be557fb06e0c2065f73ff9ad42efc52287e083f690da4b6
directional_review	43:51	43:63	no value	no value	43:51	43:63	43:63	same_surah	label_target_note	ranked_review	Jesus' wisdom and clarification of disputes do not materially develop the Pharaoh episode.	focus_43_51_cutoff_100.tsv	35	bf52df10a602714a6eef5db6ab712047b013effd76b30fa6748a81656ab84672
directional_review	43:51	47:12	weak	weak	43:51	47:12	47:12	cross_surah	label_target_note	ranked_review	Paradisal rivers again contrast with worldly possession, but repeat a now well-covered motif.	focus_43_51_cutoff_100.tsv	36	8bc2640c1ab5a4f221b4240fb6e973fc94586914f53eb5a9b73846e3bae33dcd
directional_review	43:51	12:99	medium	medium	43:51	12:99	12:99	cross_surah	label_target_note	ranked_review	Joseph's secure entry into Egypt under God's will foreshadows that Egypt's true ordering is not Pharaoh's possession.	focus_43_51_cutoff_100.tsv	37	47d1d6ec4bec75e71869b44ea3bd10ba8a512b54a4120147186ae2271a09c884
directional_review	43:51	24:30	medium	medium	43:51	24:30	24:30	cross_surah	label_target_note	ranked_review	The command to lower the gaze distinguishes disciplined seeing from Pharaoh's demand that his people validate a display.	focus_43_51_cutoff_100.tsv	38	f30f3382a0a97fd53308e443979ac991b784a0c31c37484c15158bce41c836bd
directional_review	43:51	53:17	medium	medium	43:51	53:17	53:17	cross_surah	label_target_note	ranked_review	The vision neither swerves nor exceeds its limit, providing a disciplined countermodel to spectacle-driven perception.	focus_43_51_cutoff_100.tsv	39	dabd65853495d197e456e61afbaed14acfbb49fd576b97b76eff90b228506039
directional_review	43:51	28:72	weak	weak	43:51	28:72	28:72	cross_surah	label_target_note	ranked_review	Its dependence on night for rest qualifies unbroken daylight, only indirectly related to the focus's call to see.	focus_43_51_cutoff_100.tsv	40	826d0827435e87c74f9c7a3e074e258be1f04ede842c70f9c0c34e25ee7107b5
directional_review	43:51	43:56	medium	medium	43:51	43:56	43:56	same_surah	label_target_note	ranked_review	Making Pharaoh's people a precedent and example turns their public political performance into a warning for later audiences.	focus_43_51_cutoff_100.tsv	41	2438f7471d29bb09034637feb34192d7b6584940c34312b10dc45ba68ee73f55
directional_review	43:51	4:53	medium	medium	43:51	4:53	4:53	cross_surah	label_target_note	ranked_review	The verse questions whether claimants possess any dominion and depicts their refusal to share even the smallest portion.	focus_43_51_cutoff_100.tsv	42	b01c5647396dabc8ac9037a50a5f504b17ce45784c0211abff9fbe7dc6f49c05
directional_review	43:51	6:80	weak	weak	43:51	6:80	6:80	cross_surah	label_target_note	ranked_review	Abraham's rejection of fear before rival objects broadly contests false authority but lacks the focus's public rule setting.	focus_43_51_cutoff_100.tsv	43	c09d41c3d6a72f55d8c558625b50f32db0af1f102c4359d43b88eb3abca79778
directional_review	43:51	43:65	no value	no value	43:51	43:65	43:65	same_surah	label_target_note	ranked_review	The factions' disagreement about Jesus does not add to Pharaoh's sovereignty claim.	focus_43_51_cutoff_100.tsv	44	fe20055adc9111c0d779508eacdd28dd5be1b8d85077ff9d9b82eaa45c6a2a62
directional_review	43:51	24:43	medium	medium	43:51	24:43	24:43	cross_surah	label_target_note	ranked_review	Lightning can nearly take sight away, showing that intensified visibility is not identical with sound perception.	focus_43_51_cutoff_100.tsv	45	63bd5e6af786111364fb1e5add2fd921400c9bbd039ff44dd01969499e97d403
directional_review	43:51	20:86	weak	weak	43:51	20:86	20:86	cross_surah	label_target_note	ranked_review	Moses' angry return to his people is a distant narrative echo without a specific link to the focus's claim.	focus_43_51_cutoff_100.tsv	46	8d180d180cf21365982205d04c9d49a8657d8d56f35ebb0f3b72d35dcacd18a5
directional_review	43:51	25:26	strong	strong	43:51	25:26	25:26	cross_surah	label_target_note	ranked_review	The kingdom on that Day belongs to the Merciful, directly displacing every temporary human dominion.	focus_43_51_cutoff_100.tsv	47	b13b8568109d3d73dca805e87281d795c394662fb520e856b7a32934aa8fd511
directional_review	43:51	55:24	weak	weak	43:51	55:24	55:24	cross_surah	label_target_note	ranked_review	Ships moving on the sea share controlled movement but do not clarify the political use of flowing water.	focus_43_51_cutoff_100.tsv	48	bd83f217e9e27350d15bb17eda0df601b9346e9439b013c9cd3331affb85c89d
directional_review	43:51	10:87	strong	strong	43:51	10:87	10:87	cross_surah	label_target_note	ranked_review	Moses is instructed to establish homes and prayer in Egypt, forming a faithful communal alternative within Pharaoh's domain.	focus_43_51_cutoff_100.tsv	49	7ec25ef155d51a97700bcd235df784cae22319bd8c72fe499e20c5fcd52f4aa5
directional_review	43:51	43:16	no value	no value	43:51	43:16	43:16	same_surah	label_target_note	ranked_review	The verse's dispute over daughters and sons does not develop the focus's rule, water, or seeing.	focus_43_51_cutoff_100.tsv	50	da06dde777dd3a1d06e6f3db1b51507e675c4a9584987ceaa67c4c9f8ab01f5f
directional_review	43:51	25:2	strong	strong	43:51	25:2	25:2	cross_surah	label_target_note	ranked_review	God's unshared dominion and measured creation directly oppose Pharaoh's implied independent ownership.	focus_43_51_cutoff_100.tsv	51	eb671911179d5f0c8e528000c98fc973f2ba1300210f75c5dde82fdeabda0bc9
directional_review	43:51	11:42	weak	weak	43:51	11:42	11:42	cross_surah	label_target_note	ranked_review	Noah's flood narrative supplies a remote water contrast without explaining Pharaoh's political display.	focus_43_51_cutoff_100.tsv	52	f9c5b40e83f1938ebb31e1c4d2ffff06dbed5cdaa32a234f0f2f8cb06d833c8a
directional_review	43:51	22:14	weak	weak	43:51	22:14	22:14	cross_surah	label_target_note	ranked_review	Flowing garden rivers are a familiar reward image, now marginal to the focus's distinctive political use of water.	focus_43_51_cutoff_100.tsv	53	29959d25f078bf0a5797d914ce9f505fa447ff124fd7f3dea63b961844e4ce52
directional_review	43:51	54:54	weak	weak	43:51	54:54	54:54	cross_surah	label_target_note	ranked_review	The garden-and-river image repeats a motif already represented more specifically in the candidate set.	focus_43_51_cutoff_100.tsv	54	ef95d2141f63b0a017d1a7bdaf55a0738e438643e8dc0b30eea83c86c43699f1
directional_review	43:51	7:43	weak	weak	43:51	7:43	7:43	cross_surah	label_target_note	ranked_review	Its rivers accompany purified communal life, a distant contrast to Pharaoh's coercive public rule.	focus_43_51_cutoff_100.tsv	55	2726aab722464f7620a7f4a8d191d56cb4ee8f68085b149786df659ff9c14f39
directional_review	43:51	43:89	weak	weak	43:51	43:89	43:89	same_surah	label_target_note	ranked_review	The command to turn away and await knowledge gives nearby surah closure but little direct help with 43:51.	focus_43_51_cutoff_100.tsv	56	186c6037162c3f6f1915c99d70b70c8eb3187758a47da1796020254c883cf1c1
directional_review	43:51	14:32	strong	strong	43:51	14:32	14:32	cross_surah	label_target_note	ranked_review	God subjects rivers and ships by command, naming the divine source of the water Pharaoh presents as his own.	focus_43_51_cutoff_100.tsv	57	d5a031c369ae80301831a935b454c6557076a82ac134a9612568a5997a74310c
directional_review	43:51	3:15	weak	weak	43:51	3:15	3:15	cross_surah	label_target_note	ranked_review	Its garden rivers are a reward image with little additional explanatory value.	focus_43_51_cutoff_100.tsv	58	178b372231d0826188b668a2df3dad78cd1c334efd414a290a14a1840159fbf1
directional_review	43:51	25:25	strong	strong	43:51	25:25	25:25	cross_surah	label_target_note	ranked_review	The kingdom on the Day of heaven's splitting belongs to the Merciful, sharply contrasting Pharaoh's present boast.	focus_43_51_cutoff_100.tsv	59	e52a1d0a8d0a559abb75167cfd36bd01d3711b32490b2d350cc61d6aea5de1b9
directional_review	43:51	37:175	medium	medium	43:51	37:175	37:175	cross_surah	label_target_note	ranked_review	The command to watch and the promise that opponents will see later parallels visible vindication after Pharaoh's display.	focus_43_51_cutoff_100.tsv	60	5b44fef0a3c010ef996704e2b7efee8033cb2b7db2ee48d0fe70e72bfe51c9a8
directional_review	43:51	12:21	medium	medium	43:51	12:21	12:21	cross_surah	label_target_note	ranked_review	God establishes Joseph in the land despite human plans, qualifying any Egyptian ruler's claim to control the land.	focus_43_51_cutoff_100.tsv	61	5dd61bccbcb29045e58381c9f29463e7386b64e3ce6a23b8835cb06babf097ee
directional_review	43:51	43:21	weak	weak	43:51	43:21	43:21	same_surah	label_target_note	ranked_review	The question about inherited written authority only broadly anticipates the surah's critique of ungrounded claims.	focus_43_51_cutoff_100.tsv	62	2cf7c97e1c069ed5e860e782e6fc13c5344d2f219e08ac008dbc33d03ebaf53a
directional_review	43:51	2:25	weak	weak	43:51	2:25	2:25	cross_surah	label_target_note	ranked_review	Its garden rivers repeat a now redundant image of divinely granted, not self-owned, abundance.	focus_43_51_cutoff_100.tsv	63	d15a582a74b97dba8d213d77b6e91c7f76755db1c6ca4b99d12bdf1c2fe165ad
directional_review	43:51	5:119	weak	weak	43:51	5:119	5:119	cross_surah	label_target_note	ranked_review	Rivers reward truthful people on the decisive Day, but the connection to Pharaoh's water claim remains indirect.	focus_43_51_cutoff_100.tsv	64	89ce909cde01d6c33c7b46946ba4c05b879729db81939b2b4884c4faee7c5cdf
directional_review	43:51	28:11	weak	weak	43:51	28:11	28:11	cross_surah	label_target_note	ranked_review	The sister's concealed observation uses seeing in a different narrative and adds little after stronger perception parallels.	focus_43_51_cutoff_100.tsv	65	ed041fed79bd4bb9cbc080fe0035838bbaf23d6b15546bb553ed69f1108fcc40
directional_review	43:51	37:179	medium	medium	43:51	37:179	37:179	cross_surah	label_target_note	ranked_review	The command to look and promise of later sight reiterate eventual public disclosure, though it is repetitive.	focus_43_51_cutoff_100.tsv	66	0d39cbb57e0d6735993c57a3310b25f164ea48eb6303c21d85843847a293379f
directional_review	43:51	48:17	weak	weak	43:51	48:17	48:17	cross_surah	label_target_note	ranked_review	Its garden rivers and punishment contrast outcomes but do not illuminate Pharaoh's particular claim.	focus_43_51_cutoff_100.tsv	67	afaecc021a440764aaaac54374bbd0a05811155c1e3f94828593dfd34c3b6fbf
directional_review	43:51	43:43	medium	medium	43:51	43:43	43:43	same_surah	label_target_note	ranked_review	Holding fast to revelation on a straight path provides the surah's counterpractice to Pharaoh's misleading public leadership.	focus_43_51_cutoff_100.tsv	68	bcbf79930b73af002854791813330a20479a78c2b01888ed177e6fd193790b8f
directional_review	43:51	52:15	medium	medium	43:51	52:15	52:15	cross_surah	label_target_note	ranked_review	Its question whether people fail to see joins denial to defective perception, closely echoing the focus's rhetorical question.	focus_43_51_cutoff_100.tsv	69	89fd9c5a5f4f1e1bfc433685ef77f387f4acb79a6a54265caec76e419e9ea01a
directional_review	43:51	11:45	weak	weak	43:51	11:45	11:45	cross_surah	label_target_note	ranked_review	Noah's appeal to the Lord's just promise is a general authority contrast without the focus's central motifs.	focus_43_51_cutoff_100.tsv	70	ee4a55286b0440451906d0f6e2e9cf2e67de1b6cbf5ed7167bc68e87e34a6b35
directional_review	43:51	28:45	no value	no value	43:51	28:45	28:45	cross_surah	label_target_note	ranked_review	The messenger's absence from Midian does not materially contribute to the focus.	focus_43_51_cutoff_100.tsv	71	9832dfa315377cccace35f5b47b2272f17dceeb81d4a241af1995d1e056d4117
directional_review	43:51	67:23	medium	medium	43:51	67:23	67:23	cross_surah	label_target_note	ranked_review	Hearing, sight, and hearts are God-given capacities, challenging Pharaoh's attempt to make public perception serve his rule.	focus_43_51_cutoff_100.tsv	72	870a1edf7a213300a56cee1b3b0966b269e81295f56006756e7e41ba43fa5817
directional_review	43:51	6:50	medium	medium	43:51	6:50	6:50	cross_surah	label_target_note	ranked_review	The messenger disclaims divine treasuries and unseen knowledge before contrasting blind and seeing, countering inflated authority claims.	focus_43_51_cutoff_100.tsv	73	26fa0e79bedb1a68608b4ff1308d78ceeb417a2fa98d8b45b8637418ce805773
directional_review	43:51	43:87	medium	medium	43:51	43:87	43:87	same_surah	label_target_note	ranked_review	The surah's opponents concede God as Creator yet turn away, exposing the contradiction beneath Pharaoh's self-assertion.	focus_43_51_cutoff_100.tsv	74	2d4e6b70e735c5707e6c694c214abd9cc1d8153811a36be53d509b89b60f86e8
directional_review	43:51	49:18	medium	medium	43:51	49:18	49:18	cross_surah	label_target_note	ranked_review	God knows the unseen and sees deeds, contrasting divine discernment with Pharaoh's reliance on public appearance.	focus_43_51_cutoff_100.tsv	75	10156ae3cd6862dddaeeb10bfc0ba9d2263505c1d61d7f4880c4930a0a88047f
directional_review	43:51	2:61	no value	no value	43:51	2:61	2:61	cross_surah	label_target_note	ranked_review	The request for varied food and descent into a city does not clarify the focus.	focus_43_51_cutoff_100.tsv	76	b92e982191a32c500b85c0109a349855e91202611a56d69888268b84f980f37f
directional_review	43:51	48:11	strong	strong	43:51	48:11	48:11	cross_surah	label_target_note	ranked_review	It asks who can possess any control against God's intended harm or benefit, directly contesting Pharaoh's ownership claim.	focus_43_51_cutoff_100.tsv	77	7b05d3f0412ae8e3aedbe205f1363928ac750cc9190169b080ca5e77babff42e
directional_review	43:51	76:20	medium	medium	43:51	76:20	76:20	cross_surah	label_target_note	ranked_review	The vision of great dominion offers a non-Pharaonic scale for kingship, though it does not develop the river boast.	focus_43_51_cutoff_100.tsv	78	7a15b0b7f95d140829ae73217acef56b4a38cafff2fb29645cb6a24eff3224c5
directional_review	43:51	14:41	weak	weak	43:51	14:41	14:41	cross_surah	label_target_note	ranked_review	The prayer for forgiveness on the Day of account supplies only a general future-judgment frame.	focus_43_51_cutoff_100.tsv	79	4adb1d9c2f3a36951e77b49c55e995405b2fd51b2241221d91ac372a85eb3663
directional_review	43:51	43:45	medium	medium	43:51	43:45	43:45	same_surah	label_target_note	ranked_review	The appeal to earlier messengers rejects gods besides the Merciful, directly contradicting Pharaoh's self-deifying posture.	focus_43_51_cutoff_100.tsv	80	8c5c4c6acf14b2eb7bc466ff2e487cd73eb624ff2af00c81c7cafe6eb8d55249
directional_review	43:51	38:63	weak	weak	43:51	38:63	38:63	cross_surah	label_target_note	ranked_review	The question about eyes turning aside invokes failed perception in a setting remote from the focus.	focus_43_51_cutoff_100.tsv	81	3e29ccab9cf9d833113b7f77683e93770ca51232e950045cf304f2350e2d2063
directional_review	43:51	7:50	medium	medium	43:51	7:50	7:50	cross_surah	label_target_note	ranked_review	The denied request for poured water in the Hereafter contrasts sharply with Pharaoh's present boast of water under his control.	focus_43_51_cutoff_100.tsv	82	457f8a04e0d6f1eb123755e0b828cf5a90e1cfbc29e41082a22294da9a2ccc4f
directional_review	43:51	70:3	weak	weak	43:51	70:3	70:3	cross_surah	label_target_note	ranked_review	God as Lord of the ascending ways provides only a broad sovereignty backdrop.	focus_43_51_cutoff_100.tsv	83	b33d519e6c782ea52052a5fee312302bfda22a394f152521a3346d66189dac8a
directional_review	43:51	2:107	medium	medium	43:51	2:107	2:107	cross_surah	label_target_note	ranked_review	God's ownership of heavens and earth and exclusive protection directly limits Pharaoh's territorial claim.	focus_43_51_cutoff_100.tsv	84	7063584d1cd7574abb82cc9116331a227ba17ccedd34f1314f1d929767346494
directional_review	43:51	39:60	medium	medium	43:51	39:60	39:60	cross_surah	label_target_note	ranked_review	The fate of arrogant liars on the Day of Resurrection supplies a fitting judgmental contrast to Pharaoh's self-exaltation.	focus_43_51_cutoff_100.tsv	85	9c3ab906600590e65926a3271522fa0c530a6f8e51bf7a93ba80f096f04f72cc
directional_review	43:51	43:46	strong	strong	43:51	43:46	43:46	same_surah	label_target_note	ranked_review	Moses' commission to Pharaoh by the Lord of all worlds introduces the authority that exposes Pharaoh's claim as false.	focus_43_51_cutoff_100.tsv	86	f62513f789703a0a40ce331f1d3b32bf375c7519e2746417ea1f8a8ba1f5df4a
directional_review	43:51	38:45	weak	weak	43:51	38:45	38:45	cross_surah	label_target_note	ranked_review	Strength joined with insight provides a remote positive model but not a clear link to the focus.	focus_43_51_cutoff_100.tsv	87	a4baf948e177e0a6b5b1ea8f3e3883bfec551d731fec0663685ec15a3a44318a
directional_review	43:51	38:10	medium	medium	43:51	38:10	38:10	cross_surah	label_target_note	ranked_review	The challenge whether they possess dominion of heavens and earth directly tests claims like Pharaoh's.	focus_43_51_cutoff_100.tsv	88	05ee37d0bb970563ab54e0628de58f4f509f8360ad5e1d3a653b0502832485dc
directional_review	43:51	43:23	medium	medium	43:51	43:23	43:23	same_surah	label_target_note	ranked_review	The wealthy leaders' inherited conformity supplies the social pattern that helps explain Pharaoh's compliant audience.	focus_43_51_cutoff_100.tsv	89	d3741e2c716e4107dedf58b9147746055ffd35f1e3de861d05b8f926888f0e6c
directional_review	43:51	91:3	weak	weak	43:51	91:3	91:3	cross_surah	label_target_note	ranked_review	Daylight's revealing function shares only the broad visibility motif.	focus_43_51_cutoff_100.tsv	90	87ef084519dccc9333da8b1cc2c932c282941ab5ced606e69d754092aeba2727
directional_review	43:51	26:177	no value	no value	43:51	26:177	26:177	cross_surah	label_target_note	ranked_review	The call to fear God adds no distinct connection to the focus.	focus_43_51_cutoff_100.tsv	91	58b09b441c24a4f303050f4754b8a8c892f0c291580dfcf8f5af95a2015c4f8f
directional_review	43:51	22:46	strong	strong	43:51	22:46	22:46	cross_surah	label_target_note	ranked_review	It locates blindness in hearts rather than eyes, directly deepening the force of Pharaoh's question, "Do you not see?"	focus_43_51_cutoff_100.tsv	92	d24b0a6c9f726346a23db3a94995749c5d950c2bba2c7efe308767551d856e1b
directional_review	43:51	10:22	medium	medium	43:51	10:22	10:22	cross_surah	label_target_note	ranked_review	God directs travel and the moving ship, then exposes human dependence in the storm, countering confidence in controlled flow.	focus_43_51_cutoff_100.tsv	93	01e73a2818167383a06565ab4147e0c8f02f86218c414e5a849b1fe4e17bd9ab
directional_review	43:51	35:13	strong	strong	43:51	35:13	35:13	cross_surah	label_target_note	ranked_review	God governs recurring motions, holds dominion, and denies rival ownership, a comprehensive correction to Pharaoh's claim over flowing order.	focus_43_51_cutoff_100.tsv	94	98d40c1835c7ba6f47d22364712e48f7de5daa7fc9542118ec10f42f9bfbc77d
directional_review	43:51	6:91	weak	weak	43:51	6:91	6:91	cross_surah	label_target_note	ranked_review	The failure to measure God rightly and the reference to Moses give a broad, but indirect, challenge to Pharaoh's stance.	focus_43_51_cutoff_100.tsv	95	adef004eace26446e6a1e923e22515b076d7752c5be7d1b13e7ef81c5bff192c
directional_review	43:51	53:26	medium	medium	43:51	53:26	53:26	cross_surah	label_target_note	ranked_review	Even angels' intercession works only by God's permission, denying independent power to lofty beings or rulers.	focus_43_51_cutoff_100.tsv	96	e4d52f60c2e7190a7a35aa336682c9b924a0b2cda97c718a14e7ac6a24fff408
directional_review	43:51	6:145	no value	no value	43:51	6:145	6:145	cross_surah	label_target_note	ranked_review	The dietary ruling does not materially clarify the focus.	focus_43_51_cutoff_100.tsv	97	effbc34998ab08e86b35ed2de9a4d52c20d0d5e28c517fef7ef3ec2c57366fd3
directional_review	43:51	12:50	no value	no value	43:51	12:50	12:50	cross_surah	label_target_note	ranked_review	The king's request to investigate Joseph's case does not add a useful sovereignty or perception connection.	focus_43_51_cutoff_100.tsv	98	0bd51079a5542d20138fd04bd685a2ebe7c97db7dabf49c67d1923ae3dedecd1
directional_review	43:51	34:52	weak	weak	43:51	34:52	34:52	cross_surah	label_target_note	ranked_review	Late belief from a distant place offers a general belated-recognition motif without a close link to 43:51.	focus_43_51_cutoff_100.tsv	99	13485664d8c3dd0472eb4a1311bf8cf3631614da2befcd2f38d67920355ccd56
directional_review	43:51	6:103	strong	strong	43:51	6:103	6:103	cross_surah	label_target_note	ranked_review	Human sight cannot encompass God while God encompasses all sight, decisively reversing Pharaoh's appeal to what his people can see.	focus_43_51_cutoff_100.tsv	100	3d1e94cfd8f5e386bbbfaa6f323ffe7001d97c717c2831c76bd0fae298b53aa1
directional_review	43:51	2:49	strong	strong	43:51	2:49	2:49	cross_surah	label_target_note	missing_ayah_suggestion	The rescue from Pharaoh's people names the oppressive regime whose claimed Egypt-wide dominion is challenged in the focus.	focus_43_51_cutoff_100.tsv	101	7d1c053e0fda43e7390f184ce688e4930696920a493239d46ea7afb702731708
directional_review	43:51	7:103	strong	strong	43:51	7:103	7:103	cross_surah	label_target_note	missing_ayah_suggestion	Moses' mission to Pharaoh and his chiefs establishes the confrontation that makes Pharaoh's public claim a contested one.	focus_43_51_cutoff_100.tsv	102	3d8f0a9a2360c3a0b073a142fdde04151533978656055e3184046f3e382c2d1b
directional_review	43:51	7:123	strong	strong	43:51	7:123	7:123	cross_surah	label_target_note	missing_ayah_suggestion	Pharaoh's attempt to punish the believing magicians reveals coercion behind the authority he performs before the crowd.	focus_43_51_cutoff_100.tsv	103	f1a13e4ce300cd1822bfa7334ff816da4048108c4516e0964d6933b3bdfc19e9
directional_review	43:51	7:125	strong	strong	43:51	7:125	7:125	cross_surah	label_target_note	missing_ayah_suggestion	The magicians' return to their Lord directly rejects Pharaoh's threat and his claim to ultimate authority.	focus_43_51_cutoff_100.tsv	104	256f7e357ff2f0a414df021addc38ec1df67e3c5f9268db27113fe96f89517ad
directional_review	43:51	7:127	medium	medium	43:51	7:127	7:127	cross_surah	label_target_note	missing_ayah_suggestion	Pharaoh's chiefs urge persecution of Moses and his people, exposing the political machinery behind the ruler's appeal to his people.	focus_43_51_cutoff_100.tsv	105	478712143b0292721bedd03f3d6394ff0a6a4d0352fa51795b3f893fa69c13c7
directional_review	43:51	7:128	strong	strong	43:51	7:128	7:128	cross_surah	label_target_note	missing_ayah_suggestion	Moses declares that the earth belongs to God and is inherited by whom He wills, directly correcting Pharaoh's territorial claim.	focus_43_51_cutoff_100.tsv	106	4820dae9950402a64b4fa7740acc74f701cdde76cb07bfc7bf4665ba6afcd51f
directional_review	43:51	7:130	medium	medium	43:51	7:130	7:130	cross_surah	label_target_note	missing_ayah_suggestion	The affliction of Pharaoh's people weakens the prosperity and stability that underwrite his public display.	focus_43_51_cutoff_100.tsv	107	fb5400c9be66b46d89c5e722ba690582f4b6d0237f3a2cede58bb2b63a529e6b
directional_review	43:51	7:133	strong	strong	43:51	7:133	7:133	cross_surah	label_target_note	missing_ayah_suggestion	The successive signs against Pharaoh's people show divine control over the environment he claims to command.	focus_43_51_cutoff_100.tsv	108	72308deb0a670f2472eedb7acd6191637cef0b5671722d7ce7ce7c1ccdbe8764
directional_review	43:51	7:136	strong	strong	43:51	7:136	7:136	cross_surah	label_target_note	missing_ayah_suggestion	The drowning of Pharaoh's people is the decisive reversal of his boast about waters flowing beneath him.	focus_43_51_cutoff_100.tsv	109	10978b3788550c5de55ec68b43d1ecac7c14cfeba9fba94793d2bb2981deba66
directional_review	43:51	10:75	strong	strong	43:51	10:75	10:75	cross_surah	label_target_note	missing_ayah_suggestion	Moses and Aaron are sent with signs to Pharaoh and his chiefs, framing the focus within a direct contest of authority.	focus_43_51_cutoff_100.tsv	110	aa398d1a7e3c53aeff6aeee85064c0e77872e8ab61a026134f6427cddf597801
directional_review	43:51	10:76	medium	medium	43:51	10:76	10:76	cross_surah	label_target_note	missing_ayah_suggestion	Pharaoh's court dismisses evident signs as magic, showing the crowd's perception being directed away from recognition.	focus_43_51_cutoff_100.tsv	111	b275f3bf6ee0c68b6bbbe7feb1a932a179d0e5495bc11e49838c9327d6c38cdd
directional_review	43:51	10:78	medium	medium	43:51	10:78	10:78	cross_surah	label_target_note	missing_ayah_suggestion	The accusation that Moses seeks to alter inherited rule makes explicit the political threat Pharaoh perceives.	focus_43_51_cutoff_100.tsv	112	d6947f2237ef02025d96efcab71fea77d4b1357e61e105287fe396762f2480df
directional_review	43:51	10:83	strong	strong	43:51	10:83	10:83	cross_surah	label_target_note	missing_ayah_suggestion	Fear of Pharaoh and his chiefs prevents open faith, revealing domination rather than consent beneath his public address.	focus_43_51_cutoff_100.tsv	113	eb16308672f7524c5da28a05f0848e65ecb90636fb6d7ec22e553437927cdc24
directional_review	43:51	10:88	strong	strong	43:51	10:88	10:88	cross_surah	label_target_note	missing_ayah_suggestion	Moses identifies Pharaoh's wealth and splendor as worldly adornment that can mislead people from God's way.	focus_43_51_cutoff_100.tsv	114	b10e0062c52b93df7d5683def1a258e4a4c41d001f7fa37d9263de73115927b0
directional_review	43:51	10:90	strong	strong	43:51	10:90	10:90	cross_surah	label_target_note	missing_ayah_suggestion	At drowning, Pharaoh's belated confession overturns his earlier self-exalting public claim.	focus_43_51_cutoff_100.tsv	115	2b461803139a66058090531d166884a6dff816c2cad16cf81f328221c11f6439
directional_review	43:51	11:96	medium	medium	43:51	11:96	11:96	cross_surah	label_target_note	missing_ayah_suggestion	Moses' mission to Pharaoh with signs reconnects the episode to divine authority rather than Egyptian possession.	focus_43_51_cutoff_100.tsv	116	f14daaf29b97253ff57aac1a29c7faa52e691e2d78bace450f8316a85e3c867d
directional_review	43:51	11:97	strong	strong	43:51	11:97	11:97	cross_surah	label_target_note	missing_ayah_suggestion	Pharaoh leads his people wrongly in this world and into the Fire, directly interpreting the leadership enacted in 43:51.	focus_43_51_cutoff_100.tsv	117	a00da732e9daef4b78f67e95039058557b73de6a064c991e12fa0c83d0fc4870
directional_review	43:51	14:6	strong	strong	43:51	14:6	14:6	cross_surah	label_target_note	missing_ayah_suggestion	The reminder of rescue from Pharaoh's family presents his rule as severe oppression, not rightful dominion.	focus_43_51_cutoff_100.tsv	118	8f4283a89635602e33567adb111b71cad466ac7579daa524b8d004f59e66fecc
directional_review	43:51	17:101	medium	medium	43:51	17:101	17:101	cross_surah	label_target_note	missing_ayah_suggestion	The signs given to Moses and Pharaoh's rejection establish a perception-and-denial setting for the focus's call to see.	focus_43_51_cutoff_100.tsv	119	8646080519721db076ed93500c002a72776f0714dc5519f4602e372fdb0fafec
directional_review	43:51	17:102	strong	strong	43:51	17:102	17:102	cross_surah	label_target_note	missing_ayah_suggestion	Moses tells Pharaoh that the signs come from the Lord and foresees his ruin, directly contradicting Pharaoh's self-assurance.	focus_43_51_cutoff_100.tsv	120	fb00b145e1160c0fdb24e8dfa4945d6198919929130e22becb6d7a5eae7dfd63
directional_review	43:51	17:103	strong	strong	43:51	17:103	17:103	cross_surah	label_target_note	missing_ayah_suggestion	Pharaoh's attempt to expel Israel ends with his drowning, reversing his claim over Egypt and its waters.	focus_43_51_cutoff_100.tsv	121	be3ed3cad59a79361da29d2c7aba22ccbb1896b2f844cbe0efed3f18606a3943
directional_review	43:51	20:24	strong	strong	43:51	20:24	20:24	cross_surah	label_target_note	missing_ayah_suggestion	The command to go to Pharaoh because he has transgressed gives the divine judgment on the ruler who claims Egypt.	focus_43_51_cutoff_100.tsv	122	77f256ae468c0be4694261468cf11a7ff92b3428ea8e4fecc2bff9ad6fb1d0bd
directional_review	43:51	20:43	strong	strong	43:51	20:43	20:43	cross_surah	label_target_note	missing_ayah_suggestion	Moses and Aaron are sent to Pharaoh precisely because of his transgression, directly framing the focus's arrogance.	focus_43_51_cutoff_100.tsv	123	ed53f44f4153b2ea598f624f1f9a8638f4be6bbfec71246e4d8fecc0d5b20d80
directional_review	43:51	20:56	medium	medium	43:51	20:56	20:56	cross_surah	label_target_note	missing_ayah_suggestion	Pharaoh sees all the signs yet denies them, sharpening the irony of his demand that others see his possessions.	focus_43_51_cutoff_100.tsv	124	068d3158737c28ad223e1fb62be84124193866dcc913086294573d0d4a960ed2
directional_review	43:51	20:57	medium	medium	43:51	20:57	20:57	cross_surah	label_target_note	missing_ayah_suggestion	Pharaoh recasts revelation as a plan to drive him from his land, showing how territorial possession governs his response.	focus_43_51_cutoff_100.tsv	125	1e7b21b9415fce3895302f5ecf821bdf266d9fff5c695afb52a3467324f5f2df
directional_review	43:51	20:77	strong	strong	43:51	20:77	20:77	cross_surah	label_target_note	missing_ayah_suggestion	The command to strike a dry path through the sea demonstrates divine control of the waters against Pharaoh's claim.	focus_43_51_cutoff_100.tsv	126	65483c36a43be3665ec443405e335a526ac57482f060e7f3472332092c58f59c
directional_review	43:51	20:78	strong	strong	43:51	20:78	20:78	cross_surah	label_target_note	missing_ayah_suggestion	The sea overwhelms Pharaoh and his army, the clearest reversal of the waters he had displayed as beneath him.	focus_43_51_cutoff_100.tsv	127	bff7adaaa3e5a5c8738db3fff3ff26cbb459913ae7c4c24c79014220ab321dfd
directional_review	43:51	26:10	strong	strong	43:51	26:10	26:10	cross_surah	label_target_note	missing_ayah_suggestion	The command to go to Pharaoh because he has transgressed makes his political self-exaltation the object of prophetic challenge.	focus_43_51_cutoff_100.tsv	128	ddf7a837bb3621da3c5c366af41bb40c228e19d04b115698ab7ddb28629dc61c
directional_review	43:51	26:23	strong	strong	43:51	26:23	26:23	cross_surah	label_target_note	missing_ayah_suggestion	Moses defines the Lord of the worlds before Pharaoh, countering the ruler's implicit claim to supreme authority.	focus_43_51_cutoff_100.tsv	129	bebc770d236542bcce16f27978d668171fd599f9d6ba5c6a7265ce8f9c2e6ec9
directional_review	43:51	26:29	strong	strong	43:51	26:29	26:29	cross_surah	label_target_note	missing_ayah_suggestion	Pharaoh threatens imprisonment for acknowledging another god, exposing the coercive limit of his claimed sovereignty.	focus_43_51_cutoff_100.tsv	130	ce09a8a71d2931dccaf4d15e828fa0100862935538cfda330c23970ff7e5bd52
directional_review	43:51	26:52	medium	medium	43:51	26:52	26:52	cross_surah	label_target_note	missing_ayah_suggestion	The divine command for Israel's night departure shows authority operating within and against Pharaoh's territory.	focus_43_51_cutoff_100.tsv	131	905376ae0a30879d9180e55e4bb5f62ecc2cd1d6d6448db5f14c6d8dd95ebed9
directional_review	43:51	26:53	medium	medium	43:51	26:53	26:53	cross_surah	label_target_note	missing_ayah_suggestion	Pharaoh mobilizes collectors across the cities, making his territorial rule and crowd control visible.	focus_43_51_cutoff_100.tsv	132	73316247faa8bc2fd25a25e4f1b1fe648ede75ff1a1a17b4a93c107e30b74f34
directional_review	43:51	26:63	strong	strong	43:51	26:63	26:63	cross_surah	label_target_note	missing_ayah_suggestion	The sea parts by divine command, directly reversing Pharaoh's display of water as his subordinate infrastructure.	focus_43_51_cutoff_100.tsv	133	cbff3e6e419d06294ee153603c927f056f3e87994d681e7bec47bff9c2f93f34
directional_review	43:51	26:64	strong	strong	43:51	26:64	26:64	cross_surah	label_target_note	missing_ayah_suggestion	The approach of Pharaoh's forces to the parted sea brings his political pursuit into the domain of divine control.	focus_43_51_cutoff_100.tsv	134	d299985356a824ab2f2234e99464275154f4a8bb8d18667a81847ec2e2a4055d
directional_review	43:51	26:65	medium	medium	43:51	26:65	26:65	cross_surah	label_target_note	missing_ayah_suggestion	Israel's rescue across the sea contrasts with Pharaoh's confident possession of Egypt and its waterworks.	focus_43_51_cutoff_100.tsv	135	46df85c737635dbbbfc574f8101523e416eeceb6e3570ce3490e87c987fbc5a2
directional_review	43:51	26:66	strong	strong	43:51	26:66	26:66	cross_surah	label_target_note	missing_ayah_suggestion	The sea drowns the others, completing the reversal of Pharaoh's water-centered sovereignty.	focus_43_51_cutoff_100.tsv	136	18db349c1789bfe7d93fc3d01a42739f0119a8079e76c28946778a6943c6db4c
directional_review	43:51	28:3	strong	strong	43:51	28:3	28:3	cross_surah	label_target_note	missing_ayah_suggestion	The Moses-Pharaoh narrative is introduced as a truthful account for believers, establishing the focus as part of that larger contest.	focus_43_51_cutoff_100.tsv	137	f03712dda10330f3ad9d7716cc8842bfdfdd48b357c7f8a31ae847bd6079f0d9
directional_review	43:51	28:4	strong	strong	43:51	28:4	28:4	cross_surah	label_target_note	missing_ayah_suggestion	Pharaoh exalts himself in the land, divides its people, and oppresses a group, directly exposing the form of rule he advertises in 43:51.	focus_43_51_cutoff_100.tsv	138	2cb6f011984a20b509f37b3677e50d80eba6957fcdeca0368446c3cbc3c4c33f
directional_review	43:51	28:6	strong	strong	43:51	28:6	28:6	cross_surah	label_target_note	missing_ayah_suggestion	God promises to establish the oppressed in the land and show Pharaoh the outcome he feared, overturning his territorial claim.	focus_43_51_cutoff_100.tsv	139	0d97c6ba3d457e77e86654d0035a8ac815f98055e5ce094776f7704e0755a39d
directional_review	43:51	28:39	strong	strong	43:51	28:39	28:39	cross_surah	label_target_note	missing_ayah_suggestion	Pharaoh's arrogant conduct and denial of return to God expose the false finality of his earthly sovereignty.	focus_43_51_cutoff_100.tsv	140	44859076dc0bb4db0b2a8ad04258414732c49fd647ff775507999e7cbd37e8a4
directional_review	43:51	28:40	strong	strong	43:51	28:40	28:40	cross_surah	label_target_note	missing_ayah_suggestion	Pharaoh and his troops are cast into the sea, the most direct narrative reversal of the rivers beneath his rule.	focus_43_51_cutoff_100.tsv	141	2260cb1517c5ef40fdae869f3a8be4f3dc6b35f7584ad311554dab038261e843
directional_review	43:51	29:39	medium	medium	43:51	29:39	29:39	cross_surah	label_target_note	missing_ayah_suggestion	Pharaoh's arrogance on earth and denial of return are grouped with other failed claims to power.	focus_43_51_cutoff_100.tsv	142	36b61a25820f8439a182c01f98c786f844d3526560367b1ec3d34571bba3e943
directional_review	43:51	40:23	strong	strong	43:51	40:23	40:23	cross_surah	label_target_note	missing_ayah_suggestion	Moses is sent with signs and clear authority to Pharaoh, confronting his displayed dominion with divine authorization.	focus_43_51_cutoff_100.tsv	143	b3856d1af04ce4e49f13546967f0972b224d21c36860b6e118c38e83c7674256
directional_review	43:51	40:24	strong	strong	43:51	40:24	40:24	cross_surah	label_target_note	missing_ayah_suggestion	The naming of Pharaoh, Haman, and Korah identifies the ruling network that resists Moses' authority.	focus_43_51_cutoff_100.tsv	144	e067fc9f80dcb81969ec74a76c36a6298228551cfedb1f12c04caf81e6144d1d
directional_review	43:51	40:25	medium	medium	43:51	40:25	40:25	cross_surah	label_target_note	missing_ayah_suggestion	Pharaoh's order to kill believers' sons reveals the violent preservation of his political control.	focus_43_51_cutoff_100.tsv	145	8fc75d9e1bef6f606ad5639e029b5c258f5fd19f317bf615c160084b73cb74ac
directional_review	43:51	40:37	strong	strong	43:51	40:37	40:37	cross_surah	label_target_note	missing_ayah_suggestion	Pharaoh's tower project culminates in denying Moses' God, clarifying the theological arrogance behind 43:51.	focus_43_51_cutoff_100.tsv	146	c5ad1d2fdf93fe0163cd5555c655fba34cfb2c4ab3e02dd67a8d572dfd8c750d
directional_review	43:51	40:45	medium	medium	43:51	40:45	40:45	cross_surah	label_target_note	missing_ayah_suggestion	God protects the believing member of Pharaoh's family while Pharaoh's people are enclosed by evil consequences.	focus_43_51_cutoff_100.tsv	147	7be24fa9482a52ab83c9a616aeb70d0d8b031faa1c1af9aa53afad6472f9910e
directional_review	43:51	40:46	strong	strong	43:51	40:46	40:46	cross_surah	label_target_note	missing_ayah_suggestion	Pharaoh's people are exposed to the Fire and enter the severest punishment, supplying the eschatological verdict on his rule.	focus_43_51_cutoff_100.tsv	148	f06dfd4535dcf6bbacb38b256949a89352f8631038a7be6e9f27a42419dba2a6
directional_review	43:51	43:47	strong	strong	43:51	43:47	43:47	same_surah	label_target_note	missing_ayah_suggestion	When Moses brings the signs, Pharaoh's people laugh, showing that the focus's audience is trained to misread divine evidence.	focus_43_51_cutoff_100.tsv	149	d8a173eccd447d7d1b4c479e6c6379a09048d29fee2f8b7858fe9ec28e6cb487
directional_review	43:51	43:48	strong	strong	43:51	43:48	43:48	same_surah	label_target_note	missing_ayah_suggestion	The escalating signs and afflictions show divine command over the conditions Pharaoh presents as his own resources.	focus_43_51_cutoff_100.tsv	150	4cad29aa2bb694668cb277c02c88d74a269aace06216fcb4acf2a8d517e8d465
directional_review	43:51	43:49	medium	medium	43:51	43:49	43:49	same_surah	label_target_note	missing_ayah_suggestion	Pharaoh's people appeal to Moses in crisis, momentarily exposing their dependence beyond Pharaoh's displayed power.	focus_43_51_cutoff_100.tsv	151	f36e8b4b9cbf2df12eb4375de9000993a4305efc4e21c6f10f328576520aa001
directional_review	43:51	43:50	strong	strong	43:51	43:50	43:50	same_surah	label_target_note	missing_ayah_suggestion	After relief, Pharaoh's people break their promise, completing the portrait of the audience he has made compliant.	focus_43_51_cutoff_100.tsv	152	b5ec9ad907e687828aab7d91b0896f93493131f850620b7b4f35585d4858f275
directional_review	43:51	79:17	strong	strong	43:51	79:17	79:17	cross_surah	label_target_note	missing_ayah_suggestion	Moses is sent to Pharaoh because he has transgressed, a direct divine diagnosis of the ruler in the focus.	focus_43_51_cutoff_100.tsv	153	384c99bf60250da0db7f04d8c37bc757214508d4cfe1bae6bde6da506c2cc9d5
directional_review	43:51	79:24	strong	strong	43:51	79:24	79:24	cross_surah	label_target_note	missing_ayah_suggestion	Pharaoh's declaration, "I am your highest lord," is the explicit theological apex of the sovereignty performed in 43:51.	focus_43_51_cutoff_100.tsv	154	5684d698b207bca45a6c11ef49f007707b78b0b83df2de1188dae923364e1f92
directional_review	43:51	79:25	strong	strong	43:51	79:25	79:25	cross_surah	label_target_note	missing_ayah_suggestion	God's exemplary punishment of Pharaoh gives the final answer to his claim of highest lordship.	focus_43_51_cutoff_100.tsv	155	81515bba3863a926c617df04ffb00fb38314dd7cbe3b55247111c263e1aee1ae
directional_review	43:51	89:10	medium	medium	43:51	89:10	89:10	cross_surah	label_target_note	missing_ayah_suggestion	Pharaoh is remembered as lord of the stakes, preserving his image as an entrenched coercive ruler.	focus_43_51_cutoff_100.tsv	156	5c3dc480d563f6331a43b6412ecf416707a785778f5c3cde24a0d0cd3196c338
reciprocal_nomination	43:51	2:25		weak	2:25	43:51	43:51	cross_surah	label_target_note	ranked_review	Pharaoh's boast about rivers flowing beneath him is a contrary worldly-power use of the river formula.	focus_2_25_cutoff_100.tsv	56	064dd7a56d1527c5eb1ff8e7174bf052f2c53e2fae9ca74246695aa4ef38941c
reciprocal_nomination	43:51	2:49		medium	2:49	43:51	43:51	cross_surah	label_target_note	missing_ayah_suggestion	Pharaoh's claim of sovereign control clarifies the domination opposed by deliverance.	focus_2_49_cutoff_100.tsv	122	d09fbd158144dd477efdbbde082dd99810af530f37570797840500d031b2ec9a
reciprocal_nomination	43:51	2:50		medium	2:50	43:51	43:51	cross_surah	label_target_note	missing_ayah_suggestion	Frames Pharaoh's claimed river dominion before its reversal in drowning.	focus_2_50_cutoff_100.tsv	136	d0e733b3220654edfd5c09f1849ee7df6876dd8983d5d0b6000eb62b54f3fa0c
reciprocal_nomination	43:51	3:26		medium	3:26	43:51	43:51	cross_surah	label_target_note	missing_ayah_suggestion	A human king's claim to kingdom supplies a contrast case for the focus's divine ownership.	focus_3_26_cutoff_100.tsv	152	666997376842f2040af907451fa08f51cb2e00725b1f92e484d01b8921ba857e
reciprocal_counterevidence	43:51	6:30		no value	6:30	43:51	43:51	cross_surah	label_target_note	ranked_review	Pharaoh's alaysa claim is structurally similar but semantically contrary.	focus_6_30_cutoff_100.tsv	64	3a6149ea168f1e64c84e59dc424fd39f748fd8f017bcc49c26b661a6b4e7835e
reciprocal_counterevidence	43:51	6:80		no value	6:80	43:51	43:51	cross_surah	label_target_note	ranked_review	Political boasting does not bear on the focus reading.	focus_6_80_cutoff_100.tsv	55	43096a1e78b3f83b70f7927456a9241b7bbd003261d7b208aaa4458260faa80f
reciprocal_nomination	43:51	7:13		medium	7:13	43:51	43:51	cross_surah	label_target_note	missing_ayah_suggestion	Pharaoh's territorial self-display offers a political exaltation parallel.	focus_7_13_cutoff_100.tsv	154	e584318129ddde5a728c51dbd37e356dfc21ca7bfc6f23796f648a33c5e0b0ed
reciprocal_counterevidence	43:51	7:44		no value	7:44	43:51	43:51	cross_surah	label_target_note	ranked_review	Pharaoh's public call and river boast do not develop the focus.	focus_7_44_cutoff_100.tsv	87	a60b37d59f04f79a7258ecf9331fa86959373ad9f9210b512b28af19a418f4c3
reciprocal_nomination	43:51	7:48		strong	7:48	43:51	43:51	cross_surah	label_target_note	ranked_review	A ruler's public display of dominion provides a concrete counter-image to failed grandeur.	focus_7_48_cutoff_100.tsv	76	7b1703c68cf7aa0460b5bbf74e148ee30a1227796875b6e12731ab3c73322554
reciprocal_nomination	43:51	7:50		medium	7:50	43:51	43:51	cross_surah	label_target_note	ranked_review	Offers a contrary claim over flowing rivers, sharpening that flow is not self-owned.	focus_7_50_cutoff_100.tsv	82	1c620bcbfd0bb9fe78016b64ca2d014dc1ee8683d3d4093aca350f4b5d27272d
reciprocal_nomination	43:51	7:60		medium	7:60	43:51	43:51	cross_surah	label_target_note	ranked_review	Pharaoh invokes visible dominion to demand recognition from his people.	focus_7_60_cutoff_100.tsv	81	3e6c4732a67a992970e93b0e7d96b80fcefa26c6bc81d70d2b371775c83eac31
reciprocal_counterevidence	43:51	7:65		no value	7:65	43:51	43:51	cross_surah	label_target_note	ranked_review	A ruler's address to his people is unrelated to Hud's call.	focus_7_65_cutoff_100.tsv	68	1f68b2bb1caf218180053cfab00920956b5d68bcd4985cd6ed62d4059dc8e499
reciprocal_nomination	43:51	7:66		medium	7:66	43:51	43:51	cross_surah	label_target_note	ranked_review	Displays Pharaoh's appeal to rule and visible resources before his people.	focus_7_66_cutoff_100.tsv	85	c362254867165387fbd00b72a4e7cfba35d6d4114a44f6a06ffa3a0dadf06cd5
reciprocal_nomination	43:51	7:67		weak	7:67	43:51	43:51	cross_surah	label_target_note	ranked_review	Pharaoh's self-authority is a distant contextual foil without a direct route.	focus_7_67_cutoff_100.tsv	34	5a0afc5d856a9e3ff5f9728bbb5f16fb944cce6acd4dc48f56255506935013ef
reciprocal_nomination	43:51	7:103		strong	7:103	43:51	43:51	cross_surah	label_target_note	missing_ayah_suggestion	Directly records Pharaoh's political appeal to ownership and superiority.	focus_7_103_cutoff_100.tsv	226	b95946d21106487d5167c917993d2eb5912437380e8fcdfa16f1d855235fa0c0
reciprocal_nomination	43:51	7:105		strong	7:105	43:51	43:51	cross_surah	label_target_note	missing_ayah_suggestion	Shows Pharaoh claiming rule over Egypt and its waterways against Moses's mission.	focus_7_105_cutoff_100.tsv	238	bb9e4e213a77ed0025c0b0ba94d67beaa1c355a1e02711232bce5b2fda45447c
reciprocal_nomination	43:51	7:109		medium	7:109	43:51	43:51	cross_surah	label_target_note	ranked_review	Pharaoh's public sovereignty appeal clarifies the regime stakes.	focus_7_109_cutoff_100.tsv	61	6689958609fcdf04d67597e35314ae157808af41e89af6efcbed10f8569c746e
reciprocal_nomination	43:51	7:110		medium	7:110	43:51	43:51	cross_surah	label_target_note	missing_ayah_suggestion	Firawn publicly asserts territorial dominion, clarifying the land claim's political stake.	focus_7_110_cutoff_100.tsv	121	47d6da13d659db39f296a9127b63033a4da017d443059abc9b7a4eedda334f43
reciprocal_nomination	43:51	7:123		medium	7:123	43:51	43:51	cross_surah	label_target_note	ranked_review	Pharaoh's territorial ownership claim reinforces the authority logic, redundantly.	focus_7_123_cutoff_100.tsv	90	6043b35673f1520a3278a69433a5857d03d3a76eaf1584ca88f5e2b7587475c0
reciprocal_nomination	43:51	7:127		strong	7:127	43:51	43:51	cross_surah	label_target_note	missing_ayah_suggestion	Pharaoh's public claim over rule, rivers, and people exposes the sovereignty being defended.	focus_7_127_cutoff_100.tsv	181	534f8368db4441f8ed1983105039499b15b47d9c6602fbd4839709d3074389a6
reciprocal_nomination	43:51	7:130		medium	7:130	43:51	43:51	cross_surah	label_target_note	missing_ayah_suggestion	Links Pharaoh's authority claim to material display, contextualizing the focus's challenge to control.	focus_7_130_cutoff_100.tsv	143	d02851662b6656f2fce32bcd0204d9a8227ef9c5948288248255f5920b80e526
reciprocal_nomination	43:51	7:133		medium	7:133	43:51	43:51	cross_surah	label_target_note	missing_ayah_suggestion	Pharaoh's royal self-exaltation supplies a concrete political form of the focus's arrogance.	focus_7_133_cutoff_100.tsv	131	e6e0f716c9f0d49dcba27fd2116327e1f184fa07677fdecec402701848175373
reciprocal_nomination	43:51	7:137		weak	7:137	43:51	43:51	cross_surah	label_target_note	missing_ayah_suggestion	Exposes Pharaoh's territorial and river-based claim to political dominion.	focus_7_137_cutoff_100.tsv	137	0141682ac19bee7fb986ed4a5109df1f9e1baef79ce226e9aa17d5e130301750
reciprocal_nomination	43:51	7:141		medium	7:141	43:51	43:51	cross_surah	label_target_note	missing_ayah_suggestion	Displays Pharaoh's public claim to territorial rule and command.	focus_7_141_cutoff_100.tsv	131	33aec86699b145802d4ccb2ca5bb46462d6a53802cc1ed6ec57774efd1a683ec
reciprocal_counterevidence	43:51	10:50		no value	10:50	43:51	43:51	cross_surah	label_target_note	ranked_review	No material addition to 10:50.	focus_10_50_cutoff_100.tsv	91	1905c879e17e3b1edb00a0da596fdf6bddf5800fea21765eb1f0a17f5f960e4c
reciprocal_nomination	43:51	10:75		medium	10:75	43:51	43:51	cross_surah	label_target_note	missing_ayah_suggestion	Firawn's public claim over his qawm adds the hierarchy's self-presentation.	focus_10_75_cutoff_100.tsv	163	e68b83526bc55833e572ee29724444d58ddd1e515aa51479c2e285f2d3351e53
reciprocal_nomination	43:51	10:83		strong	10:83	43:51	43:51	cross_surah	label_target_note	missing_ayah_suggestion	Shows Pharaoh publicly boasting of dominion and material display to secure authority over his people.	focus_10_83_cutoff_100.tsv	131	4ca78cab9de23c0f0649a1f84c85aba163425183ab1b71fa85132b1063abb37c
reciprocal_nomination	43:51	10:87		weak	10:87	43:51	43:51	cross_surah	label_target_note	ranked_review	Adds Pharaoh's Egypt as a political setting, without the focus's response.	focus_10_87_cutoff_100.tsv	73	eadc3e386984486a2ebda28e455167cc3da8bde8eff7e9d6762da861a3da4ed0
reciprocal_nomination	43:51	10:88		strong	10:88	43:51	43:51	cross_surah	label_target_note	missing_ayah_suggestion	Pharaoh publicly displays rivers and dominion to secure authority, a direct f01 court parallel.	focus_10_88_cutoff_100.tsv	184	7fcac8c7619ae0a500d29c92aca01415016105a255563f683e87f471f67a5254
reciprocal_nomination	43:51	10:90		medium	10:90	43:51	43:51	cross_surah	label_target_note	missing_ayah_suggestion	Displays Pharaoh's public claim to dominion before its reversal.	focus_10_90_cutoff_100.tsv	170	12a6ca527bcd54fb73de94feebe591c20dedf19b22bad4f82b9048070de7a24c
reciprocal_nomination	43:51	11:42		weak	11:42	43:51	43:51	cross_surah	label_target_note	ranked_review	Calling and flowing water occur in an unrelated assertion of rule.	focus_11_42_cutoff_100.tsv	34	dfed322f2002273e3b9613fb569e8b97cfba0ab8d0db710432faf63705790e4f
reciprocal_counterevidence	43:51	11:45		no value	11:45	43:51	43:51	cross_surah	label_target_note	ranked_review	Pharaoh's public assertion of rule has no material connection to 11:45.	focus_11_45_cutoff_100.tsv	55	9880e8542b551f289e74996d899c116a2c38a0b00c524f5ad2d498831f0f00cf
reciprocal_counterevidence	43:51	11:78		no value	11:78	43:51	43:51	cross_surah	label_target_note	ranked_review	No material addition beyond a remote claim of dominion.	focus_11_78_cutoff_100.tsv	8	4ddcc3f1f7b3739455ca7ffef6828edc604aaae1d1618806505f35becc63df65
reciprocal_nomination	43:51	11:97		medium	11:97	43:51	43:51	cross_surah	label_target_note	missing_ayah_suggestion	Shows Pharaoh publicly asserting dominion before his people.	focus_11_97_cutoff_100.tsv	113	bca1e39bcbbbfbc9818a9373bae8592d98a29bd343909339de0bfcaf6b2c9d2f
reciprocal_nomination	43:51	12:21		weak	12:21	43:51	43:51	cross_surah	label_target_note	ranked_review	Claims of rule in Egypt contrast with the focus but do not explain its placement.	focus_12_21_cutoff_100.tsv	55	82bf6a69ee3d47b5605291c78c31032a43c6da1793f212429165a29a869748d5
reciprocal_nomination	43:51	12:99		medium	12:99	43:51	43:51	cross_surah	label_target_note	ranked_review	Mısır üzerindeki iktidar iddiası, 12:99'daki Mısır girişinin siyasal mekânını karşıt biçimde belirginleştirir.	focus_12_99_cutoff_100.tsv	49	a55d7921853d86026a7f873edfb05c3cbe94bd947e62a5ab7c3426239e067eac
reciprocal_nomination	43:51	14:6		medium	14:6	43:51	43:51	cross_surah	label_target_note	missing_ayah_suggestion	Firavun'un egemenlik ve nehirler üzerinden üstünlük iddiası, 14:6'daki baskının iktidar mantığını görünür kılar.	focus_14_6_cutoff_100.tsv	118	2c93e324cd97803d9a85603ee45bdb9aaa287c885b2714ecad0844291df88484
reciprocal_nomination	43:51	14:23		medium	14:23	43:51	43:51	cross_surah	label_target_note	ranked_review	Contrasts a ruler's claimed control of underflowing rivers with the focus's granted habitat.	focus_14_23_cutoff_100.tsv	85	fb378ce84eaac403d588be9bbb6ca625c97ffe0186f0c7b18c61070f1fc4bc6d
reciprocal_nomination	43:51	14:32		strong	14:32	43:51	43:51	cross_surah	label_target_note	ranked_review	Contrary reading exposes political appropriation of river control.	focus_14_32_cutoff_100.tsv	84	de9d5baf482acd7c60adcc9a9e965588829ba1220e9f2b5577b54baac1cf4b34
reciprocal_counterevidence	43:51	14:41		no value	14:41	43:51	43:51	cross_surah	label_target_note	ranked_review	Pharaoh's claim of dominion has no material connection.	focus_14_41_cutoff_100.tsv	52	90118d6f2174c716960e141d220562eda330df23e9dfcfe856a9ab448436a07d
reciprocal_nomination	43:51	16:31		medium	16:31	43:51	43:51	cross_surah	label_target_note	ranked_review	f01, alttan akışı sahiplik iddiası ve onun karşıt sonucu içinde gösterir.	focus_16_31_cutoff_100.tsv	75	9090673ebbd8ca68266a738406c5c530d86afcf1553cc0b4816ae64850d634a3
reciprocal_nomination	43:51	17:4		strong	17:4	43:51	43:51	cross_surah	label_target_note	missing_ayah_suggestion	Firawn's claim over Egypt and its rivers displays political self-exaltation.	focus_17_4_cutoff_100.tsv	145	97208db816e352ef95511919332703dd6b30d8205eef28579cc1e6464fc505a3
reciprocal_nomination	43:51	17:37		medium	17:37	43:51	43:51	cross_surah	label_target_note	missing_ayah_suggestion	Pharaoh's display of kingdom and flowing resources stages political magnificence as a claim to superiority.	focus_17_37_cutoff_100.tsv	137	0b0bd6fe97af79ad7b3e815191f59a276b099ba018b5519cdfbcb57ee4a053fa
reciprocal_counterevidence	43:51	17:59		no value	17:59	43:51	43:51	cross_surah	label_target_note	ranked_review	Uses sight rhetorically for Pharaoh's political display.	focus_17_59_cutoff_100.tsv	85	11997c251314a3fcee693acfb541ef7dfffc597499ffbdd34ee65579ed98b2e1
reciprocal_nomination	43:51	17:101		strong	17:101	43:51	43:51	cross_surah	label_target_note	missing_ayah_suggestion	Pharaoh asserts sovereign control over Egypt to counter Musa's authority.	focus_17_101_cutoff_100.tsv	220	fa50e99fa31cf8bb27f7438634a0647f6793f52587fe4db5a9c4d09699e788c3
reciprocal_nomination	43:51	17:103		strong	17:103	43:51	43:51	cross_surah	label_target_note	missing_ayah_suggestion	States Pharaoh's claim over Egypt and its rivers, directly exposing the territorial sovereignty overturned by the sea.	focus_17_103_cutoff_100.tsv	149	04cbe16f6cb375996eff00084dca3659f2831a864af1cdf12198790f256ffacd
reciprocal_nomination	43:51	19:73		medium	19:73	43:51	43:51	cross_surah	label_target_note	missing_ayah_suggestion	Pharaoh asserts dominion and public magnificence to validate himself, a ruler's form of the focus's argument.	focus_19_73_cutoff_100.tsv	123	15350ce5062191f353ce837d66e38d80c11cde0fd78f5b76e2085499bb5b3c23
reciprocal_nomination	43:51	20:24		strong	20:24	43:51	43:51	cross_surah	label_target_note	missing_ayah_suggestion	Pharaoh publicly asserts his sovereignty over Egypt and its rivers, displaying the pride named in the focus.	focus_20_24_cutoff_100.tsv	153	547201dde33e9a44b6ee24376b2aa8dfe5096b7bd557744cd324affcd501f542
reciprocal_nomination	43:51	20:25		medium	20:25	43:51	43:51	cross_surah	label_target_note	ranked_review	Pharaoh's public boast supplies a later portrait of the ruler and audience Moses must confront.	focus_20_25_cutoff_100.tsv	89	fe3008a43ef6736cbccb2991ea2cedb3994449b5f4d9f5f89b3b1b22e8bbe507
reciprocal_nomination	43:51	20:45		medium	20:45	43:51	43:51	cross_surah	label_target_note	missing_ayah_suggestion	Pharaoh asserts dominion over Egypt and its rivers to his people, displaying the self-exalting authority that makes the messengers fear him.	focus_20_45_cutoff_100.tsv	169	3d55ce70506dc0ad6fbab1b1ce0782116f9f7a99eee4057e6911737356e9710a
reciprocal_nomination	43:51	20:68		medium	20:68	43:51	43:51	cross_surah	label_target_note	missing_ayah_suggestion	Pharaoh's boast over Egypt and its rivers states the political superiority he claims against Musa.	focus_20_68_cutoff_100.tsv	145	5929e009191d0caae51f8cd90ad58bc8d1e8955e7da0728eeb3f912dfc5ec8c5
reciprocal_nomination	43:51	20:71		medium	20:71	43:51	43:51	cross_surah	label_target_note	missing_ayah_suggestion	Pharaoh's public boast of dominion over Egypt displays the political sovereignty from which he claims the right to govern allegiance.	focus_20_71_cutoff_100.tsv	120	bad31fab386b962ea74508574ed9186f4953ef25c1f5d3b32727747d04e11912
reciprocal_nomination	43:51	20:78		medium	20:78	43:51	43:51	cross_surah	label_target_note	ranked_review	Pharaoh's boast over Egypt and its rivers sharply contrasts with his defeat in the waters.	focus_20_78_cutoff_100.tsv	89	c469ac8ba60e0b6b02346645e5e9acdde58be3ad199105d001ad9019cf68b117
reciprocal_nomination	43:51	20:79		strong	20:79	43:51	43:51	cross_surah	label_target_note	ranked_review	Pharaoh publicly appeals to his people through claims of power and possession, a direct instance of his manipulative leadership.	focus_20_79_cutoff_100.tsv	13	11fb56f6733847d2aa877197372d07cb724db65c7fb306de2401e3b2db1ada06
reciprocal_nomination	43:51	20:96		medium	20:96	43:51	43:51	cross_surah	label_target_note	ranked_review	Firavun'un halkına yönelttiği görme çağrısı, iktidarın görüneni kullanarak algıyı biçimlendirmesine paralel sunar.	focus_20_96_cutoff_100.tsv	55	a394ead5fe9a0a5f16e273997cecd0182ce5c2e0eeaab08f323394e0ae3297ee
reciprocal_nomination	43:51	21:81		weak	21:81	43:51	43:51	cross_surah	label_target_note	ranked_review	Flowing rivers serve Pharaoh's political boast, a remote and already weaker contrast to divine control.	focus_21_81_cutoff_100.tsv	48	a950fc1bcec9590179b902c05148cc32bac44c64068207474eebc667d0444146
reciprocal_counterevidence	43:51	23:23		no value	23:23	43:51	43:51	cross_surah	label_target_note	ranked_review	Pharaoh's boast before his people does not illuminate the call's content.	focus_23_23_cutoff_100.tsv	31	bd84c8c7b28a00f3530a6ace1430a9f83b4bc7fb0fe9c11e5f08380390c4bb33
reciprocal_nomination	43:51	23:45		medium	23:45	43:51	43:51	cross_surah	label_target_note	missing_ayah_suggestion	Pharaoh publicly asserts dominion before his people, displaying the rival authority the mission confronts.	focus_23_45_cutoff_100.tsv	143	302d06534e443277fb61974f9547ed22fcfce633db9e3fe7568e33dc05bd3016
reciprocal_nomination	43:51	23:46		strong	23:46	43:51	43:51	cross_surah	label_target_note	missing_ayah_suggestion	Pharaoh boasts to his people of Egypt's kingdom and its rivers, a direct display of political self-exaltation.	focus_23_46_cutoff_100.tsv	164	4e15549b0ae502218d4fe7ed07f31d6c28374c0c24290236457715e5084e4d23
reciprocal_nomination	43:51	23:47		strong	23:47	43:51	43:51	cross_surah	label_target_note	missing_ayah_suggestion	Firavun'un Mısır mülkünü ve nehirleri kendi üstünlüğünün kanıtı diye halka sunması, odaktaki siyasi boyun eğdirmenin maddi dilini açığa çıkarır.	focus_23_47_cutoff_100.tsv	134	8a341c52cb47493a13f28df752580e88dd1cbb35c1a7bf687c215c22bee940ee
reciprocal_nomination	43:51	24:30		weak	24:30	43:51	43:51	cross_surah	label_target_note	ranked_review	Pharaoh's demand that his people see his claimed dominion is a limited contrast to rightly governed perception.	focus_24_30_cutoff_100.tsv	83	9ae74ed5f5376b0b3e837d0c5c2e3726f3f2a0417c079937efa250ec3e9defe1
reciprocal_nomination	43:51	25:10		medium	25:10	43:51	43:51	cross_surah	label_target_note	ranked_review	Pharaoh's claim over rivers exposes the contrary move of treating flowing provision as personal political possession.	focus_25_10_cutoff_100.tsv	3	5db2bef9ac988588936b8c5a410ddc65187d8d0676f788439be15c4e9a032973
reciprocal_nomination	43:51	25:25		weak	25:25	43:51	43:51	cross_surah	label_target_note	ranked_review	Pharaoh's public claim to rule gives only a distant contrast to the true sovereignty declared after the focus.	focus_25_25_cutoff_100.tsv	50	97f6f04f4644b14992b8f615f73acebf8484f89e10e3e60691b91ade94c40032
reciprocal_nomination	43:51	25:26		medium	25:26	43:51	43:51	cross_surah	label_target_note	ranked_review	Pharaoh's public claim to dominion forms a useful contrast with the rightful dominion of the focus.	focus_25_26_cutoff_100.tsv	29	e52c4cf149e07c6e5b9258cdb44d60c1c76e9c6b42461955d301095a7802eeaa
reciprocal_nomination	43:51	26:11		strong	26:11	43:51	43:51	cross_surah	label_target_note	missing_ayah_suggestion	Pharaoh's boast of dominion and control over the rivers exposes the power the focus says requires restraint.	focus_26_11_cutoff_100.tsv	147	0f178212660343ba63280b3aae0bfbe2116b848fd947d867ebf4955b25b93372
reciprocal_nomination	43:51	26:19		medium	26:19	43:51	43:51	cross_surah	label_target_note	missing_ayah_suggestion	Firawn's public claim to dominion illuminates the political possessiveness embedded in his language of favor.	focus_26_19_cutoff_100.tsv	122	79418c25de47380a77d2924d447ed0c75404205a4f407348f607ad6d45fe13a4
reciprocal_nomination	43:51	26:22		medium	26:22	43:51	43:51	cross_surah	label_target_note	missing_ayah_suggestion	Pharaoh's boast of dominion over Egypt clarifies the political power from which he claims the right to credit himself.	focus_26_22_cutoff_100.tsv	129	1b68e5bf1a3cbd0739d6489168e16bbcb7dc3210e2d50007577871fe1e9b41bf
reciprocal_nomination	43:51	26:23		strong	26:23	43:51	43:51	cross_surah	label_target_note	missing_ayah_suggestion	Pharaoh appeals to his Egyptian dominion and rivers, articulating a competing claim of sovereignty.	focus_26_23_cutoff_100.tsv	121	1221744199c75a9e1783f53724c81d43374bea589c9f015240a42a4f8e94c251
reciprocal_nomination	43:51	26:25		strong	26:25	43:51	43:51	cross_surah	label_target_note	missing_ayah_suggestion	Pharaoh publicly addresses his people to assert sovereignty, closely paralleling his turn to those around him at 26:25.	focus_26_25_cutoff_100.tsv	150	90ee5e3aafc3050a20d052cb067338222ff39f558ed702fcf8747c38ee70354a
reciprocal_nomination	43:51	26:26		strong	26:26	43:51	43:51	cross_surah	label_target_note	missing_ayah_suggestion	Pharaoh publicly claims dominion over Egypt and its rivers, displaying the political ownership behind his false authority.	focus_26_26_cutoff_100.tsv	126	802e42295d835dade2d4abcf1b57cf2e738bfa5022a11b20a501febf1438cbcd
reciprocal_nomination	43:51	26:28		strong	26:28	43:51	43:51	cross_surah	label_target_note	missing_ayah_suggestion	Pharaoh's boast of Egypt's kingdom and rivers exposes the territorial sovereignty challenged by the focus.	focus_26_28_cutoff_100.tsv	103	cdf7aec826399843cd7d188d45f9909b7c81354adc913eba89022c6d9d7091c8
reciprocal_nomination	43:51	26:29		medium	26:29	43:51	43:51	cross_surah	label_target_note	missing_ayah_suggestion	Pharaoh publicly claims dominion over Egypt and its rivers, revealing the political sovereignty underlying his demand for submission.	focus_26_29_cutoff_100.tsv	115	5d647d7f92baacc1cb72ba70c673e5b8ebd30ac65cfeb53c1be93e0921e78db9
reciprocal_nomination	43:51	26:44		strong	26:44	43:51	43:51	cross_surah	label_target_note	ranked_review	Pharaoh publicly claims Egyptian dominion, clarifying the royal authority invoked in the focus's oath.	focus_26_44_cutoff_100.tsv	91	83e9a603454c60d17b1dd64661e70915d186860ace6cfaae2dfd8de101fbb739
reciprocal_nomination	43:51	26:48		strong	26:48	43:51	43:51	cross_surah	label_target_note	missing_ayah_suggestion	Pharaoh publicly claims sovereignty over Egypt and its rivers, directly contrasting divine lordship.	focus_26_48_cutoff_100.tsv	156	e96b78ffa1f97bfdeeb8858cbbfc5f613d7577ab7837a8a19409daac7126a8a8
reciprocal_nomination	43:51	26:49		weak	26:49	43:51	43:51	cross_surah	label_target_note	missing_ayah_suggestion	Pharaoh's display of kingship and command over Egypt offers a broader political backdrop for his claimed authority over belief.	focus_26_49_cutoff_100.tsv	125	1cbb12c5fd6808897c2de7158da6e72a5f2c6f3c775e0aff847555334ad51f7b
reciprocal_nomination	43:51	26:53		medium	26:53	43:51	43:51	cross_surah	label_target_note	ranked_review	Firavun'un halkını çağırıp Mısır egemenliğini ilan etmesi, 26:53'te kullandığı merkezî otoriteyi açıklar.	focus_26_53_cutoff_100.tsv	22	47dab70ab63a644a8bc426b5e38e74e426230671e3b7a91f56d7f1d3626b4746
reciprocal_nomination	43:51	26:54		medium	26:54	43:51	43:51	cross_surah	label_target_note	missing_ayah_suggestion	Pharaoh's boast of territorial rule displays the political authority from which he evaluates and threatens Musa's people.	focus_26_54_cutoff_100.tsv	140	feb002cfbaff3c3eeb8e73bcd16072f105e48260cc95c322d33bb64e8d787c9b
reciprocal_nomination	43:51	26:56		medium	26:56	43:51	43:51	cross_surah	label_target_note	missing_ayah_suggestion	Pharaoh publicly asserts his rule over Egypt, displaying the authority he mobilizes to retain.	focus_26_56_cutoff_100.tsv	151	91ee22a9e732322e044713e587b5b8735d4574cd5ffaa965e138c7101662ecd3
reciprocal_nomination	43:51	26:57		medium	26:57	43:51	43:51	cross_surah	label_target_note	missing_ayah_suggestion	Pharaoh boasts of Egypt and its rivers, a precise possession claim contrasted by his later loss of gardens, springs, and rule.	focus_26_57_cutoff_100.tsv	119	17234ef5641ebcc53f87feed37ba1c0da7389a8261d6a3ce987ee8fcb5924cf6
reciprocal_nomination	43:51	26:58		strong	26:58	43:51	43:51	cross_surah	label_target_note	missing_ayah_suggestion	Pharaoh's claim over Egypt and its rivers identifies the political wealth and dominion that 26:58 shows him losing.	focus_26_58_cutoff_100.tsv	109	fd919808d358ceeb7b78db4cb1b6ccb065ce70ad2374a4e66754a379f64809b5
reciprocal_nomination	43:51	26:60		strong	26:60	43:51	43:51	cross_surah	label_target_note	missing_ayah_suggestion	Pharaoh's boast of territorial rule supplies the political hierarchy exposed by his later drowning.	focus_26_60_cutoff_100.tsv	114	87bcc36bd556e011ff3aea6caa8acaa4263f300835985910c3499fcebf67e3a3
reciprocal_nomination	43:51	27:23		medium	27:23	43:51	43:51	cross_surah	label_target_note	missing_ayah_suggestion	Pharaoh's claim to Egypt's dominion and flowing rivers gives a sharp contrastive example of a ruler publicly asserting territorial wealth and authority.	focus_27_23_cutoff_100.tsv	119	c6631b16f581216386021e75f4464992a50fdf0732f94edb80550efeb490db9c
reciprocal_nomination	43:51	27:34		strong	27:34	43:51	43:51	cross_surah	label_target_note	missing_ayah_suggestion	Firavun'un Mısır mülkü ve nehirlerle övünmesi, kent ve ülke kaynaklarını hükümranlık gösterisine dönüştüren iktidarı sergiler.	focus_27_34_cutoff_100.tsv	158	9f3869cdbdd64bd7625d83021ce00450162ac21829da2573e16a6fb79ff4dd7a
reciprocal_nomination	43:51	27:54		weak	27:54	43:51	43:51	cross_surah	label_target_note	ranked_review	Pharaoh's appeal to his people to see his dominion is a distant misuse of public display.	focus_27_54_cutoff_100.tsv	65	572d94050a36cad45d765c9c4edf977ec593a4e8537b3fb902033384d3d1e0c1
reciprocal_nomination	43:51	28:3		strong	28:3	43:51	43:51	cross_surah	label_target_note	missing_ayah_suggestion	Displays Pharaoh's public boast over Egypt's dominion, clarifying the power structure challenged by Moses.	focus_28_3_cutoff_100.tsv	179	53570e854b7989c2769401c1f7891a00672e38bfdd72dfd841f4dff293896b8f
reciprocal_nomination	43:51	28:4		strong	28:4	43:51	43:51	cross_surah	label_target_note	missing_ayah_suggestion	Pharaoh publicly claims ownership of Egypt and its rivers, making his territorial domination explicit.	focus_28_4_cutoff_100.tsv	124	2def9fb073e35be9e186b92a569e1deeaa011759c45540bff3cda86356c38b1a
reciprocal_nomination	43:51	28:5		medium	28:5	43:51	43:51	cross_surah	label_target_note	missing_ayah_suggestion	Displays Pharaoh's boast of territorial sovereignty and authority, the posture overturned in the focus.	focus_28_5_cutoff_100.tsv	117	daa81dd8a42cd94dbbec9ffd6f539851214e3c76384c544018b7178f6911124a
reciprocal_nomination	43:51	28:6		strong	28:6	43:51	43:51	cross_surah	label_target_note	missing_ayah_suggestion	Firavun'un Mısır mülkü ve nehirler üzerindeki egemenlik iddiası, 28:6'nın kırdığı yerleşik güç tasavvurunu açıkça sergiler.	focus_28_6_cutoff_100.tsv	144	483d279dfdd222a4255b775d850bd3653f2dd06bf321d320b7e2560f7007988f
reciprocal_nomination	43:51	28:8		medium	28:8	43:51	43:51	cross_surah	label_target_note	missing_ayah_suggestion	Pharaoh publicly asserts royal power over Egypt, exposing the dominance overturned by Moses.	focus_28_8_cutoff_100.tsv	154	8f053be5fd7f6914823e2742383148b127eadfe34220c34f9bf6d6f511cb0e3f
reciprocal_nomination	43:51	28:9		medium	28:9	43:51	43:51	cross_surah	label_target_note	ranked_review	Pharaoh's boast of Egyptian kingship and rivers clarifies the power structure inside which the wife speaks.	focus_28_9_cutoff_100.tsv	16	5d4d74344ac21c4d2cee5ce4a87c7c3a1298d851c23c99d14ca828c6dc15ae8a
reciprocal_nomination	43:51	28:11		weak	28:11	43:51	43:51	cross_surah	label_target_note	ranked_review	Firavun'un halka mülkünü seyrettirmesi, odaktaki gizli gözlemden farklı bir kamusal gösteridir.	focus_28_11_cutoff_100.tsv	68	4159f2518d26cb9a3a8315f301108b648f083316071e8c2c37a918c1054c8752
reciprocal_nomination	43:51	28:37		medium	28:37	43:51	43:51	cross_surah	label_target_note	missing_ayah_suggestion	Pharaoh's boast of earthly dominion displays the temporal power that the focus refuses as a measure of true success.	focus_28_37_cutoff_100.tsv	123	d0649c288d8b94c95adf76b1f30b1a874cece0950142ea9afd4251ed2dd76f30
reciprocal_nomination	43:51	28:38		medium	28:38	43:51	43:51	cross_surah	label_target_note	ranked_review	Pharaoh publicly boasts of Egypt's dominion and demands that his people see it, a close parallel to his visual-political display.	focus_28_38_cutoff_100.tsv	81	e204d8ac17b9e69315528e4b8a77e34ff88c360a94d708e6e7e7d38ab624f8b1
reciprocal_nomination	43:51	28:39		strong	28:39	43:51	43:51	cross_surah	label_target_note	missing_ayah_suggestion	Pharaoh publicly claims dominion over Egypt and its rivers, a direct expression of the worldly power presumed secure in the focus.	focus_28_39_cutoff_100.tsv	104	d84d601dfb6ce3d190dc3749dd543d7b69b069ab99dcb7302756f56d87d544f2
reciprocal_nomination	43:51	28:40		medium	28:40	43:51	43:51	cross_surah	label_target_note	missing_ayah_suggestion	Firavun'un Mısır mülkü ve nehirler üzerinden halkına üstünlük taslaması, 28:39'daki kibrin somut söylemidir.	focus_28_40_cutoff_100.tsv	131	bf7846ad88f3d9d0de616f84929cb84a82143b0112db29506157dc2ad2e68b11
reciprocal_counterevidence	43:51	28:45		no value	28:45	43:51	43:51	cross_surah	label_target_note	ranked_review	Pharaoh's public claim of dominion does not connect materially to the focus.	focus_28_45_cutoff_100.tsv	62	ccf2994e990cae6fed4166b5cd94ddc8f0d4405810976e0b519dc165dc9c1800
reciprocal_nomination	43:51	28:72		weak	28:72	43:51	43:51	cross_surah	label_target_note	ranked_review	Pharaoh's demand that his people see his dominion contrasts with divine sovereignty only indirectly.	focus_28_72_cutoff_100.tsv	48	cc7c1045191d0ff715d5b0805b904456278dbbddec10c3bbf978eaa4769dbd64
reciprocal_nomination	43:51	28:76		medium	28:76	43:51	43:51	cross_surah	label_target_note	missing_ayah_suggestion	Pharaoh's boast of kingdom and flowing rivers gives a related display of political wealth used to assert superiority.	focus_28_76_cutoff_100.tsv	128	3061f30b7398ca5a5514f8c5d1a23fa40d75346ef67c20e20d63def380878033
reciprocal_nomination	43:51	29:29		medium	29:29	43:51	43:51	cross_surah	label_target_note	ranked_review	Pharaoh's public call to his people shows political speech mobilized through a gathered audience.	focus_29_29_cutoff_100.tsv	85	106b9fcb566bf29d362a22efe4ad1b9d95a377b58550a9101f274048b6b7917d
reciprocal_counterevidence	43:51	30:46		no value	30:46	43:51	43:51	cross_surah	label_target_note	ranked_review	Pharaoh's boast about Egypt and rivers does not interpret the focus's ships or winds.	focus_30_46_cutoff_100.tsv	95	43bcf9e341f50ea9164009fca5d2ab78889dbafb1438ba1c9a75e4c420bd334c
reciprocal_nomination	43:51	31:18		medium	31:18	43:51	43:51	cross_surah	label_target_note	missing_ayah_suggestion	Pharaoh's boast over dominion and flowing rivers offers a ruler's public performance of superiority.	focus_31_18_cutoff_100.tsv	138	00921e599e36de060a73d197c4d89cfc7e5cdd10250ecf67b7047bb62b3c0df8
reciprocal_nomination	43:51	37:85		weak	37:85	43:51	43:51	cross_surah	label_target_note	ranked_review	Firavun'un halkı üzerindeki mülk iddiası, Allah dışı otoriteye bağlanma tehlikesini uzaktan karşılar.	focus_37_85_cutoff_100.tsv	91	6e100e64c5f97dec5242ef526bdecb8f53fbd0fd162c6104c0aa37fd9e83f51a
reciprocal_nomination	43:51	38:45		medium	38:45	43:51	43:51	cross_surah	label_target_note	ranked_review	Pharaoh's appeal to sight exposes perception enlisted in a false claim to power.	focus_38_45_cutoff_100.tsv	81	1e33ae8e05b877b64757d33a67c9066f4d56acd6e305313fa8f24e3a9a892c5b
reciprocal_counterevidence	43:51	39:32		no value	39:32	43:51	43:51	cross_surah	label_target_note	ranked_review	Pharaoh's boast over his kingdom and rivers does not materially clarify the focus reading.	focus_39_32_cutoff_100.tsv	67	14818bd972bda87687c19fa26990bd1009d954a39d01f1faf01ff59f50850e23
reciprocal_nomination	43:51	40:23		medium	40:23	43:51	43:51	cross_surah	label_target_note	missing_ayah_suggestion	Pharaoh counters prophetic evidence by asserting visible political dominion.	focus_40_23_cutoff_100.tsv	145	0276ca746f07f07faaf98ca728b40289ae33bbeea147c03c8c3e141b94e606e0
reciprocal_nomination	43:51	40:24		medium	40:24	43:51	43:51	cross_surah	label_target_note	missing_ayah_suggestion	Pharaoh's public boast over Egypt illustrates the authority and propaganda apparatus behind his resistance.	focus_40_24_cutoff_100.tsv	145	09130a57793e3ef5a0a8bad0c239790931606273a42de49135ec5f015cb6fe11
reciprocal_nomination	43:51	40:26		strong	40:26	43:51	43:51	cross_surah	label_target_note	missing_ayah_suggestion	Pharaoh's public claim of dominion over Egypt displays the political sovereignty that he seeks to preserve by discrediting Moses.	focus_40_26_cutoff_100.tsv	109	f79e55011044779a7f31ad08b16664219c61df56d5d4be3902872409beb7539f
reciprocal_nomination	43:51	40:29		strong	40:29	43:51	43:51	cross_surah	label_target_note	ranked_review	Pharaoh publicly grounds his superiority in possession of Egypt, closely matching the focus's claim that the people hold power in the land.	focus_40_29_cutoff_100.tsv	10	9dfa719283d4232e53a2d3f354d4eabfe56f87762b02d29ee86a594b9eb3463f
reciprocal_nomination	43:51	40:32		medium	40:32	43:51	43:51	cross_surah	label_target_note	ranked_review	Pharaoh calls his people to affirm his rule, a narrative foil to the believer's warning within the same conflict.	focus_40_32_cutoff_100.tsv	58	468e5435b88d64105e9580d80c7bd8c014ef063e3e6c512e1318d11253a9d7dd
reciprocal_nomination	43:51	40:36		medium	40:36	43:51	43:51	cross_surah	label_target_note	ranked_review	Pharaoh's public claim over Egypt and its rivers supplies the self-exalting authority from which his tower command proceeds.	focus_40_36_cutoff_100.tsv	4	b120c27113d1485badab9d14faaa84bb48b2a4b36d5330fe719cae309c529210
reciprocal_counterevidence	43:51	40:51		no value	40:51	43:51	43:51	cross_surah	label_target_note	ranked_review	Pharaoh's claim of earthly dominion does not clarify divine aid or public testimony.	focus_40_51_cutoff_100.tsv	67	c44fe49b572cff88a1a323e2ddfa0bba30b4cc5faa631b651d5f2dded2b80cb8
reciprocal_counterevidence	43:51	42:32		no value	42:32	43:51	43:51	cross_surah	label_target_note	ranked_review	Rivers claimed as royal possession do not explain ships or sea propulsion.	focus_42_32_cutoff_100.tsv	69	0a8c170f1ff3578f2c9272ef85189c1aac39851b27d91b028690ee9a89ad8fbc
reciprocal_counterevidence	43:51	43:16		no value	43:16	43:51	43:51	same_surah	label_target_note	ranked_review	Firavun'un mülk ve nehirlerle övünmesi, focusun akrabalık tahsisine ek değer katmaz.	focus_43_16_cutoff_100.tsv	62	caa076f5da85f46121eeffb7a83d40fb9d71d4a351ff80d5545a3a307283056c
reciprocal_nomination	43:51	43:23		weak	43:23	43:51	43:51	same_surah	label_target_note	ranked_review	Pharaoh's boast of dominion illustrates elite self-assertion but not the focus's inherited claim.	focus_43_23_cutoff_100.tsv	86	c08be3d560e8bd9ed0aa51edfe8e615245562e9b067e5fe65d1402e3e5f1b570
reciprocal_counterevidence	43:51	43:39		no value	43:39	43:51	43:51	same_surah	label_target_note	ranked_review	Pharaoh's boast of earthly dominion does not materially clarify the focus.	focus_43_39_cutoff_100.tsv	86	b438120dcafb45e85d846481e48b8396e2e6074520a62f70cdc6001e2de69b56
reciprocal_nomination	43:51	43:40		weak	43:40	43:51	43:51	same_surah	label_target_note	ranked_review	Pharaoh's appeal to seeing is polemical and does not develop spiritual sight or guidance.	focus_43_40_cutoff_100.tsv	68	05caa152e21041eb5a93994bb1827e3b8f372ba8432923aed552a6b4389f140f
reciprocal_nomination	43:51	43:46		strong	43:46	43:51	43:51	same_surah	label_target_note	missing_ayah_suggestion	Firawn answers the signs by asserting ownership of Egypt and its rivers, exposing the rival sovereignty challenged by Musa's message.	focus_43_46_cutoff_100.tsv	129	f4f98fc7c63eeda1e4cd889c031594ce008d74193bb592368d981a83b9bb9a0a
reciprocal_nomination	43:51	43:49		strong	43:49	43:51	43:51	same_surah	label_target_note	missing_ayah_suggestion	Pharaoh's appeal to territorial power follows the failed signs and explains the political resistance behind the plea.	focus_43_49_cutoff_100.tsv	101	303ad478a6b22ff148f8f0dd581d21440814285f308b1fca9edabad23d9fff61
reciprocal_nomination	43:51	43:52		strong	43:52	43:51	43:51	same_surah	label_target_note	ranked_review	Pharaoh's prior boast of Egyptian dominion supplies the status claim from which his comparison proceeds.	focus_43_52_cutoff_100.tsv	5	05db462657f8fbc9fe39f070fb82e3d49f1faf916abcb955562243a90a1367c1
reciprocal_nomination	43:51	43:53		strong	43:53	43:51	43:51	same_surah	label_target_note	ranked_review	Immediate context: Pharaoh grounds his superiority claim in Egypt's dominion and its flowing rivers.	focus_43_53_cutoff_100.tsv	5	462318f7181ed7b044683e082f00a0ca39a3c856f8932f723febead0fca290b7
reciprocal_nomination	43:51	43:54		strong	43:54	43:51	43:51	same_surah	label_target_note	ranked_review	Pharaoh's public appeal to his people begins the display of authority that culminates in their compliance in 43:54.	focus_43_54_cutoff_100.tsv	5	ec76e1e81a25946d1a4288ed3a93e77ab8448cd2a1293df70ff9318a90438f51
reciprocal_nomination	43:51	43:55		strong	43:55	43:51	43:51	same_surah	label_target_note	ranked_review	Pharaoh's claim over Egypt and its flowing rivers is the immediate sovereignty claim reversed by the focus's drowning.	focus_43_55_cutoff_100.tsv	5	57f293ba42e825b7d45c57b77190f41d1d468601552102627668929e5b655585
reciprocal_nomination	43:51	43:56		strong	43:56	43:51	43:51	same_surah	label_target_note	ranked_review	Pharaoh's boast of dominion and flowing rivers is the immediate arrogance answered by the focus's drowning.	focus_43_56_cutoff_100.tsv	5	c5009a97545ba0a8de729ec4567546e62b5f3a172c9ce55fb8585e989684767f
reciprocal_nomination	43:51	43:60		medium	43:60	43:51	43:51	same_surah	label_target_note	ranked_review	Pharaoh's boast of owning Egypt is a nearby contrast to the focus's portrayal of earthly status as divinely alterable.	focus_43_60_cutoff_100.tsv	47	b756d7de104fc07fcc5770d3154d74713d7c601437e501397db5fe3b0da76563
reciprocal_counterevidence	43:51	43:63		no value	43:63	43:51	43:51	same_surah	label_target_note	ranked_review	Pharaoh's boast about dominion is not materially connected to Jesus' clarification and obedience.	focus_43_63_cutoff_100.tsv	86	56d59dbe36c1581f51e8ab0b92e2bf423dc94500f201fff43a019d8c1c32c771
reciprocal_nomination	43:51	43:65		weak	43:65	43:51	43:51	same_surah	label_target_note	ranked_review	Pharaoh's boast is local rhetoric of arrogant rule but does not materially explain the focus's party disagreement.	focus_43_65_cutoff_100.tsv	65	ae62ffb72ca5b881deef6fad950c487e07843d8ccee9cb4550cb4d68584f9e41
reciprocal_counterevidence	43:51	43:69		no value	43:69	43:51	43:51	same_surah	label_target_note	ranked_review	This nearby political boast does not clarify the focus group's identity.	focus_43_69_cutoff_100.tsv	71	54b2175df8b3162db800f153fa9c03eafb733db845a50f315e4c39d030cc52d1
reciprocal_nomination	43:51	43:87		weak	43:87	43:51	43:51	same_surah	label_target_note	ranked_review	Pharaoh's boast of earthly dominion provides only broad same-surah context for rival claims of authority.	focus_43_87_cutoff_100.tsv	68	8b8605b5fa21810ca5f79bed42c05848d1ea927bfdf7f49a048aa524e668a1bb
reciprocal_counterevidence	43:51	43:89		no value	43:89	43:51	43:51	same_surah	label_target_note	ranked_review	Pharaoh's boast does not clarify the focus verse.	focus_43_89_cutoff_100.tsv	80	c5e5848464901182a209e719c4c5d913117ec6c4c9b22c5f5fb4e6ac755b4cd1
reciprocal_nomination	43:51	44:17		medium	44:17	43:51	43:51	cross_surah	label_target_note	missing_ayah_suggestion	Firavun'un halkına seslenerek mülk iddiası kurması, sınanan topluluğun önderlik bağını gösterir.	focus_44_17_cutoff_100.tsv	166	058efbcdf0480b63f4d7481a14654d0dc3a0d1de8eb0855c6d2b30c3251cde8d
reciprocal_nomination	43:51	44:19		strong	44:19	43:51	43:51	cross_surah	label_target_note	missing_ayah_suggestion	Pharaoh publicly boasts of Egypt's dominion and rivers under his command, a vivid instance of self-exalting rule.	focus_44_19_cutoff_100.tsv	139	ca51ae91cc7695c5933a238db7275d1e96051a4d6100ec45cd29d96ee8c165a2
reciprocal_nomination	43:51	44:24		medium	44:24	43:51	43:51	cross_surah	label_target_note	missing_ayah_suggestion	Pharaoh's boast of rivers under his control sharply contrasts with his later destruction by water in the same account.	focus_44_24_cutoff_100.tsv	120	db8f9113826aa240900cbd17241e5e94e5a4313d0b6045784ff92dc4dc719682
reciprocal_nomination	43:51	44:29		medium	44:29	43:51	43:51	cross_surah	label_target_note	missing_ayah_suggestion	Pharaoh asserts dominion over Egypt and its rivers, a direct contrast to his later loss of control and estate.	focus_44_29_cutoff_100.tsv	171	a381bf67fb7129665202d8e344ca38211451fec460bbdb796be2f5d4f078f848
reciprocal_nomination	43:51	44:31		strong	44:31	43:51	43:51	cross_surah	label_target_note	missing_ayah_suggestion	Pharaoh publicly claims the kingdom of Egypt and its rivers, staging his worldly sovereignty.	focus_44_31_cutoff_100.tsv	147	f8aa1532068662667517a080b34164775bea66d4a9d730f4122dbdbf091d9c6a
reciprocal_counterevidence	43:51	46:34		no value	46:34	43:51	43:51	cross_surah	label_target_note	ranked_review	No substantive connection to the focus scene.	focus_46_34_cutoff_100.tsv	55	f00c72b2129b22468374173db2357370da3887109d8351ee3e6b3f057392560a
reciprocal_counterevidence	43:51	48:11		no value	48:11	43:51	43:51	cross_surah	label_target_note	ranked_review	The channel-level dominion display is not the focus's divine-control argument.	focus_48_11_cutoff_100.tsv	89	a547429e7f08c1a15cd1644ee886af7fcca322bc7a16aa64db310cd44ab97f75
reciprocal_nomination	43:51	48:14		weak	48:14	43:51	43:51	cross_surah	label_target_note	ranked_review	Provides a contrary human claim to rule, rather than a direct account of 48:14.	focus_48_14_cutoff_100.tsv	20	e68b3eebe96e80260b867b3a8910069e99ffe061b9a7aaeb90b8f12cadf17c0e
reciprocal_nomination	43:51	50:13		strong	50:13	43:51	43:51	cross_surah	label_target_note	missing_ayah_suggestion	Shows Pharaoh addressing and organizing his people, clarifying the collective dimension behind the name.	focus_50_13_cutoff_100.tsv	126	be2ff1fac4109408be4fad0279b3e85393c3a882783d5cad07982ac9e157ea58
reciprocal_nomination	43:51	51:21		medium	51:21	43:51	43:51	cross_surah	label_target_note	ranked_review	A contrary use of perceptual appeal: public display can be recruited for domination rather than insight.	focus_51_21_cutoff_100.tsv	19	77693a638aba02ab8bb226db3f0e7120a034b12fd4016d529cc081ca524b91c4
reciprocal_nomination	43:51	51:38		medium	51:38	43:51	43:51	cross_surah	label_target_note	missing_ayah_suggestion	Displays Pharaoh's public claim of territorial possession and control.	focus_51_38_cutoff_100.tsv	283	9e10f7286540636d03906c107ae6253ba0d566320759b244b64bbbef552a1cdf
reciprocal_nomination	43:51	51:39		strong	51:39	43:51	43:51	cross_surah	label_target_note	missing_ayah_suggestion	Firawn publicly invokes dominion and resources to secure his authority.	focus_51_39_cutoff_100.tsv	142	cff4a8265e3c807aaea601605417a33cc440d9e42772d40bd15edcce46511d2d
reciprocal_nomination	43:51	54:50		weak	54:50	43:51	43:51	cross_surah	label_target_note	ranked_review	F02 positive route preserves public seeing language only.	focus_54_50_cutoff_100.tsv	53	43224017996f6d8cd4e8f41ba2775cda6898dfde44137587e3a20ff9633c4d22
reciprocal_nomination	43:51	54:54		weak	54:54	43:51	43:51	cross_surah	label_target_note	ranked_review	Shows a worldly claim over rivers; it is only a secondary contrast to the focus.	focus_54_54_cutoff_100.tsv	57	ca6ae90674d9f6f1850ac7ff78eae9e7af4f98a5bb2011fccf759ecd2a97752d
reciprocal_nomination	43:51	54:55		medium	54:55	43:51	43:51	cross_surah	label_target_note	ranked_review	Contrasts theatrical human sovereignty with the real sovereign relation.	focus_54_55_cutoff_100.tsv	96	67f7d04d8c7ce97b95d49eb065a226086490055b8b09b4d5de5c9a1f1680810c
reciprocal_nomination	43:51	55:50		medium	55:50	43:51	43:51	cross_surah	label_target_note	ranked_review	Contrary political appropriation of rivers bounds claims about controlled flow.	focus_55_50_cutoff_100.tsv	72	cf3dcf1b400d8c3effea658709e7b4e30bb8fdbaae676aff0c48afa77382b2de
reciprocal_nomination	43:51	63:8		strong	63:8	43:51	43:51	cross_surah	label_target_note	missing_ayah_suggestion	Territorial possession and visible resources are mobilized as a ruler's claim to superiority.	focus_63_8_cutoff_100.tsv	149	55d6c6fede7b0dfb488c142a5bf8fe63d400ce9c366b7128e99b6ccfc611840c
reciprocal_nomination	43:51	66:8		medium	66:8	43:51	43:51	cross_surah	label_target_note	ranked_review	Contrasts life-giving flow with its political appropriation as a claim of dominion.	focus_66_8_cutoff_100.tsv	21	3faed50a7d6afc56e01ea0091f43046a6c8258502a31f0db847ab7cdef3d0f9d
reciprocal_nomination	43:51	66:11		medium	66:11	43:51	43:51	cross_surah	label_target_note	missing_ayah_suggestion	Records Pharaoh's territorial and river-based claim to sovereignty, contrasting divine nearness and refuge.	focus_66_11_cutoff_100.tsv	140	cadd4c3de433c1507913ae8dc504e0cca92ae0c80064b7c0ef746cba227df5c1
reciprocal_nomination	43:51	68:5		weak	68:5	43:51	43:51	cross_surah	label_target_note	ranked_review	A ruler's rhetorical appeal to seeing is an indirect, alternative political use of sight.	focus_68_5_cutoff_100.tsv	72	19d6dbc693049c9fb2cd8277c930402072cf50b05a3c2caa7824556a69b9bde8
reciprocal_nomination	43:51	69:38		weak	69:38	43:51	43:51	cross_surah	label_target_note	ranked_review	Political display through seeing is peripheral to the focus.	focus_69_38_cutoff_100.tsv	64	39f13b5448f838d1adcf028cc003bdd7983c890c569c72a2ab953a6755fc0079
reciprocal_nomination	43:51	69:39		medium	69:39	43:51	43:51	cross_surah	label_target_note	ranked_review	Visible display is used to press a false political inference, distinguishing display from right judgment.	focus_69_39_cutoff_100.tsv	55	cfe980567e2f9de3540fcc7546117767b918bceb3274eb975953af01e42e8322
reciprocal_nomination	43:51	70:3		weak	70:3	43:51	43:51	cross_surah	label_target_note	ranked_review	The channel link supplies a contrast with displayed earthly rule, not positive route support.	focus_70_3_cutoff_100.tsv	62	9209c59370b392a6ba9aaea624c3999452807460af33c1a1d9489ac771e7e268
reciprocal_nomination	43:51	71:5		medium	71:5	43:51	43:51	cross_surah	label_target_note	ranked_review	A ruler calling "في قومه" provides a contrary authority-and-audience parallel.	focus_71_5_cutoff_100.tsv	89	08ba6d075db324f74607b595dcae23cd97d8e40576fcf4f7e9bcce272d4a0421
reciprocal_nomination	43:51	71:22		strong	71:22	43:51	43:51	cross_surah	label_target_note	missing_ayah_suggestion	Pharaoh publicly claims dominion and resources over his people, showing performative leadership power.	focus_71_22_cutoff_100.tsv	120	c0cbbd6e0508781a6474f6acd3dcdb933dc9e929e33a81580cb4b8e18cc4d7d9
reciprocal_nomination	43:51	75:7		medium	75:7	43:51	43:51	cross_surah	label_target_note	ranked_review	Pharaoh's demand that people see his displayed power offers a contrary reading of sight enlisted for domination.	focus_75_7_cutoff_100.tsv	90	8e42f62df8706a6bd796515c112fe764fe6a2701634b0a4800de32aee3e6d3c3
reciprocal_nomination	43:51	78:11		weak	78:11	43:51	43:51	cross_surah	label_target_note	ranked_review	Nehirlerin iktidar gösterisine dönüştürülmesi, kaynak ve akışın sahiplenilmesine karşıt bir uyarı sunar.	focus_78_11_cutoff_100.tsv	60	4f61604f04c3c92b6e0df7b257ce9475cc66aa7a7ac1b729447aca18d259c065
reciprocal_nomination	43:51	79:17		strong	79:17	43:51	43:51	cross_surah	label_target_note	missing_ayah_suggestion	Firavun'un kavmine mülk ve nehirler üzerinden seslenmesi, f02'nin maddi ve siyasi egemenlik iddiasını somutlaştırır.	focus_79_17_cutoff_100.tsv	172	54faedbd68becd9531f6fe426628b17442adc82d590ec13c2b500affa1b82805
reciprocal_nomination	43:51	79:18		strong	79:18	43:51	43:51	cross_surah	label_target_note	missing_ayah_suggestion	Pharaoh's public claim of dominion supplies a close contrary to humility before the Lord.	focus_79_18_cutoff_100.tsv	139	434dd6b654eba7bfd9fc059e4f2cd7f7935579216ca587a2c2e6a094c7873d72
reciprocal_nomination	43:51	79:19		strong	79:19	43:51	43:51	cross_surah	label_target_note	missing_ayah_suggestion	Pharaoh publicly claims dominion and command over the land and waters.	focus_79_19_cutoff_100.tsv	179	fbfaea593f77275cd2ece9ce2c0d7a39d48c10a20562d3dc137ef5764a9f3c74
reciprocal_nomination	43:51	79:21		strong	79:21	43:51	43:51	cross_surah	label_target_note	missing_ayah_suggestion	Firavun'un halkına seslenip mülk ve nehirleri öne çıkarması, 79:23-24'teki kamusal öz-yüceltmeye paraleldir.	focus_79_21_cutoff_100.tsv	140	4b095ce8f380eae64d30168b4a5ef5eaecf7846de61457ba96f716eaf68b3392
reciprocal_nomination	43:51	79:23		strong	79:23	43:51	43:51	cross_surah	label_target_note	missing_ayah_suggestion	Firavun'un kavmine seslenmesi, 79:23'teki nida ile 79:24'teki iktidar iddiasını en doğrudan paralelde birleştirir.	focus_79_23_cutoff_100.tsv	126	7f35412e51cb7b6c24d6975ee2f8ff4320fbb9350616921ef35b33f0466d611c
reciprocal_nomination	43:51	79:24		strong	79:24	43:51	43:51	cross_surah	label_target_note	missing_ayah_suggestion	Has Pharaoh proclaim the kingdom of Egypt and its rivers before his people, a close parallel sovereign address.	focus_79_24_cutoff_100.tsv	138	929868944016eb751138ed3dc78499c7af8ed9b4fa209b9584e4183b22327e8d
reciprocal_nomination	43:51	79:25		strong	79:25	43:51	43:51	cross_surah	label_target_note	missing_ayah_suggestion	Has Pharaoh boast of his dominion and rivers, clarifying the territorial power behind his lordly claim.	focus_79_25_cutoff_100.tsv	134	d99783519ba4f5eb57608d41bc6b3640b80c0ef4b1f6a10a0f5d18297f80c255
reciprocal_nomination	43:51	79:26		strong	79:26	43:51	43:51	cross_surah	label_target_note	missing_ayah_suggestion	Records Pharaoh's public sovereignty claim, closely paralleling his climactic speech in 79:24.	focus_79_26_cutoff_100.tsv	147	a5763e8dbc6f90e9bb941ceae1fd8ab3956d3279c30c1ecbbe3edeb5d7632969
reciprocal_nomination	43:51	81:16		weak	81:16	43:51	43:51	cross_surah	label_target_note	ranked_review	Rivers beneath Pharaoh are a distant flow parallel, not evidence for celestial withdrawal.	focus_81_16_cutoff_100.tsv	39	135d91f755762e3cd258e4c34c196a72843b848046b2d8bf0aa4911db79f1917
reciprocal_nomination	43:51	85:11		medium	85:11	43:51	43:51	cross_surah	label_target_note	ranked_review	Contrasts coercive claims over rivers with the divinely given flow in 85:11.	focus_85_11_cutoff_100.tsv	80	f09acb79ad2f8af7a09715b39d51cc6c83b7565ed88daa68d9641349494ec8e8
reciprocal_nomination	43:51	85:18		medium	85:18	43:51	43:51	cross_surah	label_target_note	ranked_review	Displays Pharaoh's appeal to visible dominion over his people.	focus_85_18_cutoff_100.tsv	81	6924a168d968aaebb49eb0096f7ca140663b127a6e1ca5367b4f0a98577e50e7
reciprocal_nomination	43:51	89:10		strong	89:10	43:51	43:51	cross_surah	label_target_note	missing_ayah_suggestion	Firawn's kingdom claim and material dominion strongly support ruling-power context.	focus_89_10_cutoff_100.tsv	131	9333fa427040c006a8c1038249361198809ceba65cde7e828798551e47c229ca
reciprocal_nomination	43:51	89:11		strong	89:11	43:51	43:51	cross_surah	label_target_note	missing_ayah_suggestion	Makes Pharaoh's territorial sovereignty claim explicit, strongly serving the secondary authority reading.	focus_89_11_cutoff_100.tsv	108	bbb017a9a343ee8e9e17f4afe967ba1cfb3ea99042c3ccad6c46759ba5cefac6
reciprocal_nomination	43:51	91:3		weak	91:3	43:51	43:51	cross_surah	label_target_note	ranked_review	Its political water-flow reading is secondary and now redundant.	focus_91_3_cutoff_100.tsv	39	01f8c9b818fe8714b75fa0ac5f00a08d15a7ad51f09cad5f8ecfa301d47b3ccc
reciprocal_nomination	43:51	93:10		weak	93:10	43:51	43:51	cross_surah	label_target_note	ranked_review	Mixed f03 water-and-power reading is remote.	focus_93_10_cutoff_100.tsv	88	880b466a635d6ca8a5fc3eacc2972a4670042a5e56cca8662122d7039c4827c9
reciprocal_nomination	43:51	114:2		medium	114:2	43:51	43:51	cross_surah	label_target_note	ranked_review	Positive f01/f05 gives a contrary instance of asserted human political ملك.	focus_114_2_cutoff_100.tsv	63	74faafcb99dda37096ddee1cda38c9730a5fc989f354feb4f819901ba37f9c18
