record_type	focus_ref	target_ref	focus_direction_label	source_direction_label	source_focus_ref	source_target_ref	source_target_component_ref	relation_scope	source_column_order	source_row_role	source_note	source_file	source_line	source_row_sha256
directional_review	5:95	5:1	strong	strong	5:95	5:1	5:1	same_surah	label_target_note	ranked_review	States the ihram hunting restriction and divine judgment that frame the case.	focus_5_95_cutoff_100.tsv	1	c89bbd695ca52ff2426b537ecd23421744922b12b9ac14c61977bed79cfb69d8
directional_review	5:95	43:25	strong	strong	5:95	43:25	43:25	cross_surah	label_target_note	ranked_review	Establishes divine retaliation as a consequence, supporting the return-warning boundary.	focus_5_95_cutoff_100.tsv	2	630b3c2fc4f5c9f127d2555f95eb42fdc3f4cdf2d4451ed25729c9a83c2d8da4
directional_review	5:95	3:59	weak	weak	5:95	3:59	3:59	cross_surah	label_target_note	ranked_review	Offers only a remote comparison around likeness and determined measure.	focus_5_95_cutoff_100.tsv	3	c4506e910c9d538a4d6a3981f02d49d9513c3e06397c2fe3739ad44f3ad971d7
directional_review	5:95	5:94	strong	strong	5:95	5:94	5:94	same_surah	label_target_note	ranked_review	Supplies the immediate hunting trial, access by hand and spear, and penalty for transgression.	focus_5_95_cutoff_100.tsv	4	500cf9cf152e46616edb2a9c155b5b9ad079161d5c7bb55769d3234fb5925d33
directional_review	5:95	5:87	medium	medium	5:95	5:87	5:87	same_surah	label_target_note	ranked_review	Sets the nearby boundary against self-imposed prohibition and transgression.	focus_5_95_cutoff_100.tsv	5	f7969cd9a01e08a70c4da846c9a190f2f8d86582cca1f682921bb6e04758b1fa
directional_review	5:95	85:8	medium	medium	5:95	85:8	85:8	cross_surah	label_target_note	ranked_review	Keeps retaliatory agency contested rather than locating it with human grievance.	focus_5_95_cutoff_100.tsv	6	93381021e24db7655cb4f4385f604783460ad74a191134c37e574f5c692b6684
directional_review	5:95	2:275	medium	medium	5:95	2:275	2:275	cross_surah	label_target_note	ranked_review	Pairs what has passed with stopping and returning, but in a different legal domain.	focus_5_95_cutoff_100.tsv	7	39491e250630ccb4a859a90012df70adf36413b87c1291663a6ee6c3bba87c00
directional_review	5:95	5:61	weak	weak	5:95	5:61	5:61	same_surah	label_target_note	ranked_review	Adds no localized connection beyond the broad surah setting.	focus_5_95_cutoff_100.tsv	8	573a16918e183cd80847f49d77bf9cfc5b2b18f27c116b535e1f5d5085886442
directional_review	5:95	85:13	no value	no value	5:95	85:13	85:13	cross_surah	label_target_note	ranked_review	The contrast route is boundary evidence only and adds no support.	focus_5_95_cutoff_100.tsv	9	eb4c4a62e622264600052dcb3d72dd8e1f101f6cba2bea98bf8a74e35182bfb9
directional_review	5:95	5:89	strong	strong	5:95	5:89	5:89	same_surah	label_target_note	ranked_review	Provides a close expiation pattern with feeding and fasting alternatives.	focus_5_95_cutoff_100.tsv	10	04e2ebe90f1eae9c06d3c6fb9ee63174a831ca38c116a9de2cfb22cb07b3e4a5
directional_review	5:95	4:93	strong	strong	5:95	4:93	4:93	cross_surah	label_target_note	ranked_review	Sharpens the significance of deliberate killing through a severe contrary case.	focus_5_95_cutoff_100.tsv	11	6b554a7e8d013897d6cea3a5c6eca0a3817ce0a261c5b7e7c0110d25b469fd72
directional_review	5:95	7:22	medium	medium	5:95	7:22	7:22	cross_surah	label_target_note	ranked_review	Illuminates tasting as lived consequence rather than mere notice.	focus_5_95_cutoff_100.tsv	12	7a54e0b06a5111b6556f35b1826fe2961358d5b3c9b5583b5f3802373d8baba0
directional_review	5:95	4:92	strong	strong	5:95	4:92	4:92	cross_surah	label_target_note	ranked_review	Contrasts unintentional killing with structured repair and fasting when means fail.	focus_5_95_cutoff_100.tsv	13	c2d442889b0be490c13e40f53059a5604871f16007c86f4dac3c43929bdad706
directional_review	5:95	5:88	medium	medium	5:95	5:88	5:88	same_surah	label_target_note	ranked_review	Supplies the adjacent lawful-good consumption setting for the hunting rule.	focus_5_95_cutoff_100.tsv	14	5e1e1c2b9eca3b569bcbc9d7b80bce030bab152a55d04d3143a919317c9ace20
directional_review	5:95	36:2	weak	weak	5:95	36:2	36:2	cross_surah	label_target_note	ranked_review	Offers only a general judgment-related resonance.	focus_5_95_cutoff_100.tsv	15	1f17e37c45b3e06d36005d9edd400ae31a4cf3ea7f9ffe9dea219185a03aff2d
directional_review	5:95	5:106	medium	medium	5:95	5:106	5:106	same_surah	label_target_note	ranked_review	Parallels the requirement for two just persons in a distinct legal procedure.	focus_5_95_cutoff_100.tsv	16	8e542cac77ddbc93fb96b29578466e6ba9fab7c0701d2f70dce2e3053645cfd1
directional_review	5:95	5:12	no value	no value	5:95	5:12	5:12	same_surah	label_target_note	ranked_review	The auxiliary membership does not localize a connection in this ayah.	focus_5_95_cutoff_100.tsv	17	23ab1774af3f73b1fdda274467311e6ef57b7912e6febf773bf1eae7d6aacde5
directional_review	5:95	16:94	medium	medium	5:95	16:94	16:94	cross_surah	label_target_note	ranked_review	Supports tasting harmful consequence after conduct, in a different setting.	focus_5_95_cutoff_100.tsv	18	6076cc718e38d97b44c507db768eda229801993b51a18ee4f3b406f5a67a8b4d
directional_review	5:95	17:33	medium	medium	5:95	17:33	17:33	cross_surah	label_target_note	ranked_review	Marks killing as restricted and warns against excess in responding to it.	focus_5_95_cutoff_100.tsv	19	72ee0cd8888d6399d172cd1932dd56998717fc4e02d77b74c22bd3b6ca23341a
directional_review	5:95	3:134	weak	weak	5:95	3:134	3:134	cross_surah	label_target_note	ranked_review	Puts restraint and pardon alongside wrongdoing, without the repair structure.	focus_5_95_cutoff_100.tsv	20	743095aff0904dd493252ff9a0288362e2f69bd9c1b9bc0bb5b8712348862da2
directional_review	5:95	59:15	strong	strong	5:95	59:15	59:15	cross_surah	label_target_note	ranked_review	Directly reinforces tasting the consequence of one's affair.	focus_5_95_cutoff_100.tsv	21	1e9626be76aa0ea195366cbbe157c91122bc32748ebad92ffe257dc7e45fd5c2
directional_review	5:95	2:173	weak	weak	5:95	2:173	2:173	cross_surah	label_target_note	ranked_review	Offers a remote prohibition-and-exemption pattern, not hunting restitution.	focus_5_95_cutoff_100.tsv	22	97e35e8b539b4ebb66aa2c4ce0bda129b2c5728aad51ec2861c32274819af432
directional_review	5:95	5:6	no value	no value	5:95	5:6	5:6	same_surah	label_target_note	ranked_review	No localized evidence connects its purification procedure to the focus.	focus_5_95_cutoff_100.tsv	23	4caf755a3891814c52ec3ddea1af3b1e450005585d70e5a8ce7bb9ca81dc4b4e
directional_review	5:95	95:8	weak	weak	5:95	95:8	95:8	cross_surah	label_target_note	ranked_review	Supports the horizon of decisive judging, but not the assessed remedy.	focus_5_95_cutoff_100.tsv	24	62753318693448a880f4d24f2c73cd706f3c6db6d054ee1f5b79c106864d7d21
directional_review	5:95	14:47	medium	medium	5:95	14:47	14:47	cross_surah	label_target_note	ranked_review	Confirms that promised retaliation remains in force.	focus_5_95_cutoff_100.tsv	25	31a9d87dc762133df3a8f03c8383647617d876f8ed65696b0cca7cfde518dcf6
directional_review	5:95	51:13	medium	medium	5:95	51:13	51:13	cross_surah	label_target_note	ranked_review	Contributes the experiential punishment side of the tasting reading.	focus_5_95_cutoff_100.tsv	26	1f73b6e2089fb57b9e764619e018eb69a29bbae91b6231d6e90354d2b198e059
directional_review	5:95	2:52	medium	medium	5:95	2:52	2:52	cross_surah	label_target_note	ranked_review	Supports pardon for what preceded, without the return condition.	focus_5_95_cutoff_100.tsv	27	602b505f759b546c630dfa23de13e18afa19fe8625dc77461da2036e467fa9ed
directional_review	5:95	3:4	medium	medium	5:95	3:4	3:4	cross_surah	label_target_note	ranked_review	Reiterates the divine attribute of retaliatory power.	focus_5_95_cutoff_100.tsv	28	1540151fe83e4552efcffe00ca05ed77db4e444db1f5623dc458d4105966490d
directional_review	5:95	5:90	weak	weak	5:95	5:90	5:90	same_surah	label_target_note	ranked_review	Adds nearby prohibited conduct, but not the hunting or compensation logic.	focus_5_95_cutoff_100.tsv	29	0c063f8c27ad3b9fd52626ceb58c9fef4c7c36ee945e8534a41816ce48bdbea7
directional_review	5:95	64:5	medium	medium	5:95	64:5	64:5	cross_surah	label_target_note	ranked_review	Again connects an affair's consequence with being tasted.	focus_5_95_cutoff_100.tsv	30	41fa68848e5234f167c5d3b5808b0d8f37fb9dd97d514be1c7951aa111243581
directional_review	5:95	2:184	medium	medium	5:95	2:184	2:184	cross_surah	label_target_note	ranked_review	Parallels fasting and feeding a needy person, though not as this expiation.	focus_5_95_cutoff_100.tsv	31	3166f9ca0085ee9064c0c9ea1911761486433115986e310ec440ce70b792baca
directional_review	5:95	43:55	medium	medium	5:95	43:55	43:55	cross_surah	label_target_note	ranked_review	Reinforces enacted divine retaliation, now largely redundant with earlier evidence.	focus_5_95_cutoff_100.tsv	32	9cde41c78da5ca5797e15cb96d839eb4a1a8a77a0cd9abcf74f4d4e530593922
directional_review	5:95	104:9	no value	no value	5:95	104:9	104:9	cross_surah	label_target_note	ranked_review	The contrast link supplies no positive route to the focus.	focus_5_95_cutoff_100.tsv	33	d9d4b23cf4ed44882c244fb09ce6f8904b09a3d323d36f7873612702726db104
directional_review	5:95	5:101	medium	medium	5:95	5:101	5:101	same_surah	label_target_note	ranked_review	Adds adjacent pardon language but no specified breach or remedy.	focus_5_95_cutoff_100.tsv	34	701f719cd4cee3bbfa0b33e61cd52cc2c0a0bc1a020b540fb0441c481dfc950a
directional_review	5:95	5:91	no value	no value	5:95	5:91	5:91	same_surah	label_target_note	ranked_review	The nearby prohibition does not clarify the hunting restitution.	focus_5_95_cutoff_100.tsv	35	7a206ec9d47ce3163644c9a192a67b5bbec71e8fdbbf9b1131c322252cb649d8
directional_review	5:95	4:99	medium	medium	5:95	4:99	4:99	cross_surah	label_target_note	ranked_review	Shows pardon in circumstances of constrained capacity, distinct from intentional breach.	focus_5_95_cutoff_100.tsv	36	75db860d578fbc29ec947880056f749b8ed87e126263f9de2c7d08cfa57e39b0
directional_review	5:95	6:151	weak	weak	5:95	6:151	6:151	cross_surah	label_target_note	ranked_review	Offers a broad prohibition on killing, already specified more closely elsewhere.	focus_5_95_cutoff_100.tsv	37	aa0c2b4864a50b35df371e682341b2397a342b811150b89d38dd3fdc64983fce
directional_review	5:95	43:56	medium	medium	5:95	43:56	43:56	cross_surah	label_target_note	ranked_review	Adds the function of punitive outcome as a later warning.	focus_5_95_cutoff_100.tsv	38	7edbfdcb2957f878ff8cd10623a04d2fd86ae9d151ddb2ccfccfa1706a75e923
directional_review	5:95	6:1	weak	weak	5:95	6:1	6:1	cross_surah	label_target_note	ranked_review	Offers only a remote resonance of false and true equivalence.	focus_5_95_cutoff_100.tsv	39	15288d7d092ee20f45c484d119db08cd0f4cf198c97ef4b4af9847e60da4ab31
directional_review	5:95	16:115	no value	no value	5:95	16:115	16:115	cross_surah	label_target_note	ranked_review	Repeats a remote dietary-exemption pattern without adding to the focus.	focus_5_95_cutoff_100.tsv	40	b3de521ac8635cc687cc320637aebfa2850c4f4ab832e66bc668c45473f97f46
directional_review	5:95	5:92	no value	no value	5:95	5:92	5:92	same_surah	label_target_note	ranked_review	Does not clarify the prohibition, assessment, or remedial options.	focus_5_95_cutoff_100.tsv	41	f52bd27a75ab27773c5db4dbe1723d871088f76807da6ec77fed563a17161f00
directional_review	5:95	8:38	strong	strong	5:95	8:38	8:38	cross_surah	label_target_note	ranked_review	Closely joins ending with forgiveness of the past and returning with precedent.	focus_5_95_cutoff_100.tsv	42	30323aa8b35d2913e533c88078b76d858e46ee5238a721cb8d4d5dfb025f4ead
directional_review	5:95	65:2	medium	medium	5:95	65:2	65:2	cross_surah	label_target_note	ranked_review	Reiterates two just witnesses in another procedure, after the closer parallel.	focus_5_95_cutoff_100.tsv	43	5128f7d69a9a0003dd431f78830f4d8e4d043a7fbd8e89b2fa28d46ebf62861e
directional_review	5:95	39:34	weak	weak	5:95	39:34	39:34	cross_surah	label_target_note	ranked_review	Provides a general recompense resonance without a repair mechanism.	focus_5_95_cutoff_100.tsv	44	d33e7716c4997d4bc8c1d8e0475ff35cb9a86b7394188c8ed2d8dd84a31d4379
directional_review	5:95	36:81	no value	no value	5:95	36:81	36:81	cross_surah	label_target_note	ranked_review	Does not contribute to the legal or consequence structure.	focus_5_95_cutoff_100.tsv	45	31cf1f456fcef2a3ad0b467c7c9608f0205ece99a5379ee5ea95aae9a196da9b
directional_review	5:95	6:70	weak	weak	5:95	6:70	6:70	cross_surah	label_target_note	ranked_review	Sets a boundary on attempted equivalence, but in an unlike ultimate setting.	focus_5_95_cutoff_100.tsv	46	67abec670d3a195b37f31991f08e56c08eeead0033b31dd3a9bba454ba4da273
directional_review	5:95	5:93	weak	weak	5:95	5:93	5:93	same_surah	label_target_note	ranked_review	Adds only broad nearby dietary context.	focus_5_95_cutoff_100.tsv	47	37fa0fd57fe791373ed82fc45472995269d67c38509ad1ed529c72186235793e
directional_review	5:95	3:23	weak	weak	5:95	3:23	3:23	cross_surah	label_target_note	ranked_review	Provides a general shared-judgment setting, not the assessment in 5:95.	focus_5_95_cutoff_100.tsv	48	e64ce097798794dcfabb961a748878c9a7399787f1eda092182fabfffa38e347
directional_review	5:95	39:37	weak	weak	5:95	39:37	39:37	cross_surah	label_target_note	ranked_review	Reiterates retaliatory power without further detail.	focus_5_95_cutoff_100.tsv	49	c29d207eba32d37aeda2890df6c0fdb60f2dc161158c1465868ab5bd0d471432
directional_review	5:95	39:35	weak	weak	5:95	39:35	39:35	cross_surah	label_target_note	ranked_review	Relates deeds to recompense generally, not equivalent restoration.	focus_5_95_cutoff_100.tsv	50	cff29c6c9e4b3640c5ff5b2a9488ef6730ba2d5c1a0d5e6c26e970d1ff16c2ce
directional_review	5:95	8:35	no value	no value	5:95	8:35	8:35	cross_surah	label_target_note	ranked_review	The contrast link is not positive support for tasting in 5:95.	focus_5_95_cutoff_100.tsv	51	7e77c4a62e697c715b8945e71bc0accc34cb22f6c0778946ce49b7a3bca97245
directional_review	5:95	5:97	medium	medium	5:95	5:97	5:97	same_surah	label_target_note	ranked_review	Clarifies the Ka'bah, sacred precinct, and offering named as the remedy's destination.	focus_5_95_cutoff_100.tsv	52	4a2961444c51c6f288fa1511cdd3dafebe5fe78929c90ccd9b25ab4eb378a67b
directional_review	5:95	5:96	strong	strong	5:95	5:96	5:96	same_surah	label_target_note	ranked_review	Defines the land-hunting restriction during ihram and its sea-hunting boundary.	focus_5_95_cutoff_100.tsv	53	373483c732c9db0e30417cc17a458eeaf8fa73c035fbf1d620647ed293bae906
directional_review	5:95	73:16	weak	weak	5:95	73:16	73:16	cross_surah	label_target_note	ranked_review	Offers a remote image of a weighty seizure.	focus_5_95_cutoff_100.tsv	54	3406a435a262466a7b0c4958f899e99d22090a8aa142f26509e18747fecb6b83
directional_review	5:95	65:9	weak	weak	5:95	65:9	65:9	cross_surah	label_target_note	ranked_review	Reiterates tasting an affair's consequence after stronger earlier cards.	focus_5_95_cutoff_100.tsv	55	c7a10271b60d961fed63a852e2fccad067cf4ff3ec4783db310319a7a8208705
directional_review	5:95	32:18	no value	no value	5:95	32:18	32:18	cross_surah	label_target_note	ranked_review	Does not clarify the assessed compensation or its alternatives.	focus_5_95_cutoff_100.tsv	56	69fd0a057dd7fcb6cbe2eb87e00567a3b9e278cef238cb16ff8c7735a671ca62
directional_review	5:95	10:4	no value	no value	5:95	10:4	10:4	cross_surah	label_target_note	ranked_review	The return-and-recompense theme is too general here.	focus_5_95_cutoff_100.tsv	57	6d684222bf0a127136dfa397ed61fceb97af0c7dfe5bb0d4e30019660761958b
directional_review	5:95	2:228	weak	weak	5:95	2:228	2:228	cross_surah	label_target_note	ranked_review	Offers a remote reciprocal-likeness pattern in family law.	focus_5_95_cutoff_100.tsv	58	54136cdb95a3594e43f788f3386e333a6d9a3e2a9ecde7bb2feb8986c0b299c8
directional_review	5:95	51:14	medium	medium	5:95	51:14	51:14	cross_surah	label_target_note	ranked_review	Further supports tasting as experienced testing, though the theme is already established.	focus_5_95_cutoff_100.tsv	59	9f71dca265bc212c2ba45250eebc1aefaf570f870fad668ddabfb8c95c68afc3
directional_review	5:95	26:123	no value	no value	5:95	26:123	26:123	cross_surah	label_target_note	ranked_review	The contrast route supplies no positive reading.	focus_5_95_cutoff_100.tsv	60	b86427519d62f7d020703c0d5e33cd976da4041a1a5dd889c8761748ae3b3ecf
directional_review	5:95	3:152	weak	weak	5:95	3:152	3:152	cross_surah	label_target_note	ranked_review	Adds pardon after failure, without the focus's recurrence boundary.	focus_5_95_cutoff_100.tsv	61	efaf613895d68190049d4776d3a0fddd7e647bf086274d5239974dc07c81ecc8
directional_review	5:95	5:98	medium	medium	5:95	5:98	5:98	same_surah	label_target_note	ranked_review	Supplies the adjacent balance of severe punishment and forgiveness.	focus_5_95_cutoff_100.tsv	62	0b3b635edb7ef1db94c0428775a71f9cf6e918d020edb0d1127e4291cc7df281
directional_review	5:95	32:21	medium	medium	5:95	32:21	32:21	cross_surah	label_target_note	ranked_review	Shows tasting a lesser consequence as a potentially corrective warning.	focus_5_95_cutoff_100.tsv	63	259a37cd6628cb21a0fffb4718bd1bc7345e9b9867d81fdf26bbe7529d21e3e6
directional_review	5:95	42:40	strong	strong	5:95	42:40	42:40	cross_surah	label_target_note	ranked_review	Provides an explicit upper bound of like-for-like response alongside pardon and repair.	focus_5_95_cutoff_100.tsv	64	fbeedc457cb754811d0496adacf9d9bb0c6240f26a6f4a56ff53bc9a668f75d4
directional_review	5:95	40:37	weak	weak	5:95	40:37	40:37	cross_surah	label_target_note	ranked_review	Offers only a distant work-and-outcome resonance.	focus_5_95_cutoff_100.tsv	65	875747e760fca7c9655e87f4dba7db6f91c85f36d9401fbf014367f40d267b99
directional_review	5:95	35:2	weak	weak	5:95	35:2	35:2	cross_surah	label_target_note	ranked_review	Supports exclusive divine control in a remote way.	focus_5_95_cutoff_100.tsv	66	8484742b3780e6fe8295a8175868764b36cad55087f3ceebdff27a81fec9341b
directional_review	5:95	2:61	no value	no value	5:95	2:61	2:61	cross_surah	label_target_note	ranked_review	Does not clarify the hunting, remedy, or consequence sequence.	focus_5_95_cutoff_100.tsv	67	564335bb4d5f7ef18adc7f45fb44621972c690cab24ef4682b08f108c0742b35
directional_review	5:95	5:99	weak	weak	5:95	5:99	5:99	same_surah	label_target_note	ranked_review	Adds only the surrounding disclosure-and-message context.	focus_5_95_cutoff_100.tsv	68	e6a1c2015e26f1319049032368f382ab41ebe74268dfc67e3a261b85b28dcc45
directional_review	5:95	41:50	weak	weak	5:95	41:50	41:50	cross_surah	label_target_note	ranked_review	Touches experienced consequence but not the focus's remedial measure.	focus_5_95_cutoff_100.tsv	69	ad66201a1fb0c48f921c5b4f24a75e86f37a10e22a52100627a0745e1f2ac1c1
directional_review	5:95	9:40	no value	no value	5:95	9:40	9:40	cross_surah	label_target_note	ranked_review	Does not add to the legal or consequence structure.	focus_5_95_cutoff_100.tsv	70	f696396493156348f23c1060abb2b2e035240152a6c631ff89c0dabd11cba80d
directional_review	5:95	5:100	medium	medium	5:95	5:100	5:100	same_surah	label_target_note	ranked_review	Adds the adjacent non-equivalence of impure and good.	focus_5_95_cutoff_100.tsv	71	2578ed114237992ec26f5f9eaed324621cc005765b00018ad5719e42a4f7332a
directional_review	5:95	2:194	medium	medium	5:95	2:194	2:194	cross_surah	label_target_note	ranked_review	Offers a bounded like-for-like response within sacred-time limits.	focus_5_95_cutoff_100.tsv	72	85b055a113ff4b603e1a0bf7d0063bbb3fa432e00b4987ede4e6a2c4347a7e42
directional_review	5:95	3:155	weak	weak	5:95	3:155	3:155	cross_surah	label_target_note	ranked_review	Reiterates pardon after a lapse without the return consequence.	focus_5_95_cutoff_100.tsv	73	136439ad1c12de8352a3070338bdf370f97f2551a71b6d8c1c80cfb9cafc2178
directional_review	5:95	59:17	weak	weak	5:95	59:17	59:17	cross_surah	label_target_note	ranked_review	Adds only a generic punitive end.	focus_5_95_cutoff_100.tsv	74	5b99686950f8152d746d9ab32e1154cb2d760664b7fccf3043743a67dc03cf17
directional_review	5:95	37:31	weak	weak	5:95	37:31	37:31	cross_surah	label_target_note	ranked_review	Reiterates unavoidable tasting after more specific tasting cards.	focus_5_95_cutoff_100.tsv	75	8a22e0182db0024be5ec8a5fc6a59a755dacdd70d05ca0c6cdf8ace03c894ebb
directional_review	5:95	4:23	weak	weak	5:95	4:23	4:23	cross_surah	label_target_note	ranked_review	Uses a past exception in a different prohibition context.	focus_5_95_cutoff_100.tsv	76	11f72a8759fda33b76afa5263ad1e3fc95d856df31681547381969673150063d
directional_review	5:95	5:102	no value	no value	5:95	5:102	5:102	same_surah	label_target_note	ranked_review	Does not clarify the hunting rule or its remedy.	focus_5_95_cutoff_100.tsv	77	7ef8729b7fb95d0fdb599573b53cad503ad40a32650ebd3a922cfb5838fc862c
directional_review	5:95	2:188	weak	weak	5:95	2:188	2:188	cross_surah	label_target_note	ranked_review	Offers a remote warning about using judgment to secure wrongful gain.	focus_5_95_cutoff_100.tsv	78	a1319cace7073e35a2a4f18e446af9d26c8c15d1191331ae1b3734c5e40824a9
directional_review	5:95	3:99	no value	no value	5:95	3:99	3:99	cross_surah	label_target_note	ranked_review	Does not clarify the hunting rule, its remedy, or its consequence.	focus_5_95_cutoff_100.tsv	79	221bece234a53fc2456652a92f0357cc2ec82ead14895ffaf7927c9c76817840
directional_review	5:95	58:4	medium	medium	5:95	58:4	58:4	cross_surah	label_target_note	ranked_review	Closely parallels fasting and feeding needy people as ordered substitute remedies.	focus_5_95_cutoff_100.tsv	80	6013efde95f132c2ecfdcd85d099b1bdf6ec45e443ec2f243d1eec07a96e7224
directional_review	5:95	8:14	weak	weak	5:95	8:14	8:14	cross_surah	label_target_note	ranked_review	Reiterates commanded tasting, now redundant and nonspecific.	focus_5_95_cutoff_100.tsv	81	aedd096dd68190044ae36063e75cade97b6b35f4e7536fdf5b765b47b737777f
directional_review	5:95	68:24	weak	weak	5:95	68:24	68:24	cross_surah	label_target_note	ranked_review	Names withholding from a needy person but not the expiation pattern.	focus_5_95_cutoff_100.tsv	82	d2370cf086988dc29a8b2081389dfadcbd287330f7fae6f06e3a3325030f127c
directional_review	5:95	5:103	medium	medium	5:95	5:103	5:103	same_surah	label_target_note	ranked_review	Marks prescribed animal-related limits off from invented classifications.	focus_5_95_cutoff_100.tsv	83	5c3dfccb8e048fd20b153dea25aa0357ff9477d0fbf792b4f17c9e50c92aca56
directional_review	5:95	43:41	weak	weak	5:95	43:41	43:41	cross_surah	label_target_note	ranked_review	Reiterates divine retaliation without further focus-specific content.	focus_5_95_cutoff_100.tsv	84	e4681f9c4b9dca3f8dd0781982c6923d7b47228f6435751499b1bfce682eef72
directional_review	5:95	65:3	weak	weak	5:95	65:3	65:3	cross_surah	label_target_note	ranked_review	Offers a remote sense of divinely set measure.	focus_5_95_cutoff_100.tsv	85	298c2609763d200490a1e2746cd1e672ad18052424eb415ab515c4d46111426e
directional_review	5:95	4:152	weak	weak	5:95	4:152	4:152	cross_surah	label_target_note	ranked_review	Provides general forgiveness and recompense only.	focus_5_95_cutoff_100.tsv	86	ca0c34e8df9c5943813125084430a4ccb14cacac8d04401991ca117c2250ce14
directional_review	5:95	2:109	weak	weak	5:95	2:109	2:109	cross_surah	label_target_note	ranked_review	Offers forgiveness and forbearance in another conflict setting.	focus_5_95_cutoff_100.tsv	87	f42c80461d415ee728407812e5b5b7ab0bbdbdf57f50db276e7beeecf9e62c35
directional_review	5:95	4:22	weak	weak	5:95	4:22	4:22	cross_surah	label_target_note	ranked_review	Uses a past exception in an unrelated prohibition.	focus_5_95_cutoff_100.tsv	88	6852b46e215742712bf01acf4c9e433acee7c521d8cf5976d183a926efa919a5
directional_review	5:95	5:104	no value	no value	5:95	5:104	5:104	same_surah	label_target_note	ranked_review	Does not clarify the hunting prohibition or restitution.	focus_5_95_cutoff_100.tsv	89	d5c1c89ac44197fffbcbb6e68c441f22482030c116ecdf674af15111f4e1bd95
directional_review	5:95	2:214	no value	no value	5:95	2:214	2:214	cross_surah	label_target_note	ranked_review	No meaningful connection beyond general hardship.	focus_5_95_cutoff_100.tsv	90	091ad4879e8104be0d897e2c03ae0bef7e29c88092d9ac3e75e6225f48eb6f7b
directional_review	5:95	2:233	no value	no value	5:95	2:233	2:233	cross_surah	label_target_note	ranked_review	Tail-audit card; its support and consultation structure is unrelated.	focus_5_95_cutoff_100.tsv	91	8f8298a9b5dfbd0391c0839c8f5fb6be8226bd0fdd2455769ddf1cb2abad259b
directional_review	5:95	28:88	no value	no value	5:95	28:88	28:88	cross_surah	label_target_note	ranked_review	Tail-audit card; ultimate judgment is too general to add value.	focus_5_95_cutoff_100.tsv	92	3d453cd78ca9e0cf54c99ffb615c40a8d4f498a92431b6233858c7b004815671
directional_review	5:95	74:44	weak	weak	5:95	74:44	74:44	cross_surah	label_target_note	ranked_review	Tail-audit card; feeding a needy person is isolated from remedial alternatives.	focus_5_95_cutoff_100.tsv	93	8509c464aa7d8463bc61b2f87cef73a9692b12a275d0d233c0ce24707daf486d
directional_review	5:95	23:47	no value	no value	5:95	23:47	23:47	cross_surah	label_target_note	ranked_review	Tail-audit card; no relevant legal or consequence link is localized.	focus_5_95_cutoff_100.tsv	94	6afc2236296d8076bbe55b5e4629ac233c77ed69e77682643f6aafcdfa1cca39
directional_review	5:95	7:85	weak	weak	5:95	7:85	7:85	cross_surah	label_target_note	ranked_review	Tail-audit card; fair measure is only a distant analogy to assessed equivalence.	focus_5_95_cutoff_100.tsv	95	1c7bd16e87fea48a909277a9bf801937979b856b562bb8c03ff8b7ff1cf038b2
directional_review	5:95	24:22	weak	weak	5:95	24:22	24:22	cross_surah	label_target_note	ranked_review	Tail-audit card; combines pardon and needy persons but not this repair scheme.	focus_5_95_cutoff_100.tsv	96	86195857aff99d3b39404c48a623cda29640dfdd49752a7ed0389a7c7bde008b
directional_review	5:95	77:6	no value	no value	5:95	77:6	77:6	cross_surah	label_target_note	ranked_review	Tail-audit card; adds no interpretable connection.	focus_5_95_cutoff_100.tsv	97	81a2766e6cc865d05ce115417576142e425ac6c88b5c5c557569b718dd034b10
directional_review	5:95	41:16	weak	weak	5:95	41:16	41:16	cross_surah	label_target_note	ranked_review	Tail-audit card; repeats experiential punishment without focus-specific detail.	focus_5_95_cutoff_100.tsv	98	d093c98b2843599fcbb19bc842c1f6758d9f10d5e8edae054984c3466979c914
directional_review	5:95	20:31	no value	no value	5:95	20:31	20:31	cross_surah	label_target_note	ranked_review	Tail-audit card; no relevant connection.	focus_5_95_cutoff_100.tsv	99	b84f9a8f142b7e3d7af613c1ca3555bf8fe36731d8f2ef7fae786c3d4021955d
directional_review	5:95	43:17	no value	no value	5:95	43:17	43:17	cross_surah	label_target_note	ranked_review	Tail-audit card; no relevant connection to the focus.	focus_5_95_cutoff_100.tsv	100	3406f1139d9cad73b9f194ab1df4bf07af8fe1ae96707479c9d9f0fa917e2a38
directional_review	5:95	5:2	strong	strong	5:95	5:2	5:2	same_surah	label_target_note	missing_ayah_suggestion	Directly distinguishes leaving the sacred state before hunting and protects the offerings headed for the House.	focus_5_95_cutoff_100.tsv	101	c18af2befcf821197b12aee89b423e9ab4e3f2e62421b31bced2578a2daed6d5
directional_review	5:95	2:196	strong	strong	5:95	2:196	2:196	cross_surah	label_target_note	missing_ayah_suggestion	Combines an offering reaching its destination with ordered alternatives of fasting, charity, and sacrifice.	focus_5_95_cutoff_100.tsv	102	2947d95d40ff27011bc41c4da7c804317d84a5b7bcaa3b907e60b1798f1d3bde
directional_review	5:95	5:4	medium	medium	5:95	5:4	5:4	same_surah	label_target_note	missing_ayah_suggestion	Adds the lawful trained-animal hunting boundary within the same surah.	focus_5_95_cutoff_100.tsv	103	20b22be40506200ba6ae8e84364f1bafb54f74d8fc37c39580c166167f358948
directional_review	5:95	5:45	strong	strong	5:95	5:45	5:45	same_surah	label_target_note	missing_ayah_suggestion	Joins measured equivalence in response to harm with remission that becomes expiation.	focus_5_95_cutoff_100.tsv	104	bd54914f1b198c5510fa4340cd70e6dd18da3d5999709dbe6f1b84d8257e7c3f
directional_review	5:95	2:178	strong	strong	5:95	2:178	2:178	cross_surah	label_target_note	missing_ayah_suggestion	Supplies a structured retaliation rule that also makes room for pardon and an ensuing payment.	focus_5_95_cutoff_100.tsv	105	7ab34d32eeaa49dd6fa937d12a0c054231f00bd337e357a80a685442138f17c4
directional_review	5:95	22:33	strong	strong	5:95	22:33	22:33	cross_surah	label_target_note	missing_ayah_suggestion	Directly identifies the destination of sacrificial animals as the Ancient House.	focus_5_95_cutoff_100.tsv	106	3c0325cfa6c30d78b043d5d34cd6cc57ae18204e83d5fae5006ef84d5fd8cea2
directional_review	5:95	22:36	strong	strong	5:95	22:36	22:36	cross_surah	label_target_note	missing_ayah_suggestion	Links sacrificial animals with feeding the needy, clarifying two elements of the remedial alternatives.	focus_5_95_cutoff_100.tsv	107	ca9e3809bcf3e870aa1b3a9bf116f3ef338e654908cf276a639ac802cad5ba69
directional_review	5:95	48:25	strong	strong	5:95	48:25	48:25	cross_surah	label_target_note	missing_ayah_suggestion	Explicitly concerns an offering being prevented from reaching its appointed place.	focus_5_95_cutoff_100.tsv	108	396fcc2195dee0eb3e16fae0ba602e043d710f1233554a28f69f6ed27a40075d
directional_review	5:95	22:28	medium	medium	5:95	22:28	22:28	cross_surah	label_target_note	missing_ayah_suggestion	Pairs benefit from livestock with feeding the distressed needy person.	focus_5_95_cutoff_100.tsv	109	575952d7253a6ed4ec4f1d1efd6301929ab4ed70a2a3605435f4c0fb710c29cf
directional_review	5:95	22:34	medium	medium	5:95	22:34	22:34	cross_surah	label_target_note	missing_ayah_suggestion	Places livestock offerings within a prescribed rite.	focus_5_95_cutoff_100.tsv	110	f2335e24045d215b2b88ad95e043e3b9d143dcfeb6564dd38c95d08d3d5ef9a5
directional_review	5:95	22:37	medium	medium	5:95	22:37	22:37	cross_surah	label_target_note	missing_ayah_suggestion	Bounds the meaning of an offering by centering piety rather than its material elements.	focus_5_95_cutoff_100.tsv	111	bacf369608f5e08133a5e0409ab7e7f46237820f14e5569ca1002248c8a39682
directional_review	5:95	5:8	medium	medium	5:95	5:8	5:8	same_surah	label_target_note	missing_ayah_suggestion	Provides a nearby command to uphold justice even under hostility.	focus_5_95_cutoff_100.tsv	112	6505a019218aefdb52495be1df9a3a5e1322d8122e23b4634c37a82bc92c2c56
directional_review	5:95	4:58	medium	medium	5:95	4:58	4:58	cross_surah	label_target_note	missing_ayah_suggestion	Establishes judging between people with justice as a general legal norm.	focus_5_95_cutoff_100.tsv	113	3704a1d8a3dc7a7c89242405bc4b1c09cfea65fcbe73db33afa52bb57ad48567
directional_review	5:95	16:126	medium	medium	5:95	16:126	16:126	cross_surah	label_target_note	missing_ayah_suggestion	States a limit of response by the measure of what was inflicted.	focus_5_95_cutoff_100.tsv	114	783d1fbb806f1852bcae6a56381a9dbd0bc6a64208f37af1412fe3a92b85c134
directional_review	5:95	58:3	medium	medium	5:95	58:3	58:3	cross_surah	label_target_note	missing_ayah_suggestion	Supplies the opening stage of the expiation sequence continued by 58:4.	focus_5_95_cutoff_100.tsv	115	4b6a81a9c9c1ec568faaba844d52dbf21a27fc077df768880e5a22e94b9fa087
directional_review	5:95	2:225	weak	weak	5:95	2:225	2:225	cross_surah	label_target_note	missing_ayah_suggestion	Separates unconsidered oaths from what hearts earn, reinforcing intentional accountability after 5:89.	focus_5_95_cutoff_100.tsv	116	fe4b30638e2c88c5407ceddb3a9c7aaa1a84f24bbeb4d54276d280ee3b5d5732
directional_review	5:95	33:5	medium	medium	5:95	33:5	33:5	cross_surah	label_target_note	missing_ayah_suggestion	Distinguishes mistaken action from what hearts deliberately intend.	focus_5_95_cutoff_100.tsv	117	8c4325d95cbd994efe84b5357895c1351f4b991be54e0b930e6840a4933f0c51
directional_review	5:95	3:135	medium	medium	5:95	3:135	3:135	cross_surah	label_target_note	missing_ayah_suggestion	Pairs seeking forgiveness after wrongdoing with refusing persistence.	focus_5_95_cutoff_100.tsv	118	b48fbc7fc114ce65a940e93d479e2b34b10d17e1f12259bb02aaf8355cbb70c8
directional_review	5:95	4:17	weak	weak	5:95	4:17	4:17	cross_surah	label_target_note	missing_ayah_suggestion	Adds the time-sensitive acceptance boundary for repentance.	focus_5_95_cutoff_100.tsv	119	46ae4f7129c4cf6cc83ee3c3a7ec547e8ad0577c2068b98e6c9134b4938a6cf4
directional_review	5:95	6:54	medium	medium	5:95	6:54	6:54	cross_surah	label_target_note	missing_ayah_suggestion	Joins wrongdoing, repentance, and reform under forgiveness.	focus_5_95_cutoff_100.tsv	120	9e97bd0b74abfcbd4d758f803cc0c06e2fdf76c9908f877ea6086301b0128603
directional_review	5:95	2:197	medium	medium	5:95	2:197	2:197	cross_surah	label_target_note	missing_ayah_suggestion	Supplies the pilgrimage setting's restraint and God-conscious boundary.	focus_5_95_cutoff_100.tsv	121	4c1cf6fa31000ee6a37d085a9f4176535893d9127a624c7f6c386d64b9fbd58a
reciprocal_nomination	5:95	2:48		medium	2:48	5:95	5:95	cross_surah	label_target_note	ranked_review	A regulated worldly compensation system highlights the distinction from the Day's unavailable adl.	focus_2_48_cutoff_100.tsv	66	96916e8cc540dc68da67664ed706f580dbb37fae2f39c1cded7a8b1409cd622f
reciprocal_nomination	5:95	2:52		strong	2:52	5:95	5:95	cross_surah	label_target_note	ranked_review	Marks pardon of what is past while preserving a boundary against repetition.	focus_2_52_cutoff_100.tsv	86	83bb87c8bfeae66210846fce9d2d21dbab16ca0a1c2400d3db396872e86d2bc4
reciprocal_counterevidence	5:95	2:87		no value	2:87	5:95	5:95	cross_surah	label_target_note	ranked_review	Hunting regulations do not clarify the focus.	focus_2_87_cutoff_100.tsv	99	14a1ca8980572054678f358b4e7546f474e3c199a1fac0cab3b71dc5b2327d56
reciprocal_nomination	5:95	2:96		weak	2:96	5:95	5:95	cross_surah	label_target_note	ranked_review	Its expiation and vengeance setting concerns a different act, with only a generic consequence parallel.	focus_2_96_cutoff_100.tsv	96	5748ba633c05002c415a24a1aca8595e20dd0a5dd5e899a2b707e6e404320dc9
reciprocal_counterevidence	5:95	2:113		no value	2:113	5:95	5:95	cross_surah	label_target_note	ranked_review	Its measured compensation procedure does not clarify the reciprocal dispute.	focus_2_113_cutoff_100.tsv	69	a502fa431ecc86967c2302aebb1a59ed35e3a46346777295cef91d09c17bcca7
reciprocal_nomination	5:95	2:123		weak	2:123	5:95	5:95	cross_surah	label_target_note	ranked_review	Earthly prescribed compensation is a limited contrast, not evidence about the final Day's exchange.	focus_2_123_cutoff_100.tsv	64	b67ca9457932d312af6a82a910c5dab5dee465c877ad7b8756c20bfb6aeb2602
reciprocal_nomination	5:95	2:125		medium	2:125	5:95	5:95	cross_surah	label_target_note	missing_ayah_suggestion	Places the expiatory hady at al-Kabah, linking the sacred House to accountable ritual repair.	focus_2_125_cutoff_100.tsv	110	6ce00252aaba5d7bef4608d3dd5603d348eb29740ad71d50049a48f3a43185ba
reciprocal_nomination	5:95	2:158		medium	2:158	5:95	5:95	cross_surah	label_target_note	missing_ayah_suggestion	Regulates hunting while sacred, showing pilgrimage obligations extend to conduct beyond the central rite.	focus_2_158_cutoff_100.tsv	115	97d94be2bbbe42531585176e4e7c2b34f1ea5a715f7c7991dc663868a52e028b
reciprocal_nomination	5:95	2:173		weak	2:173	5:95	5:95	cross_surah	label_target_note	ranked_review	Its deliberate violation and prescribed expiation offer only a remote contrast to limited necessity.	focus_2_173_cutoff_100.tsv	19	4846fa85070c47af00d4098719ee5133c1ba1600f44415c5392c27934f885351
reciprocal_nomination	5:95	2:183		strong	2:183	5:95	5:95	cross_surah	label_target_note	missing_ayah_suggestion	It includes fasting as an equivalent compensation, reinforcing measured abstinence within a legal remedy.	focus_2_183_cutoff_100.tsv	111	e0b05f43935171695fe527f803aae0da69c110f42bb7850aed5e09ba09b5da04
reciprocal_nomination	5:95	2:184		strong	2:184	5:95	5:95	cross_surah	label_target_note	ranked_review	Pairs feeding poor persons with fasting as alternative expiation.	focus_2_184_cutoff_100.tsv	22	654c18915502e4a9030baf5fd76318813ba78af0da7432df6be94c10ef61edc8
reciprocal_nomination	5:95	2:187		medium	2:187	5:95	5:95	cross_surah	label_target_note	missing_ayah_suggestion	Uses fasting as a measured legal expiation alongside food alternatives.	focus_2_187_cutoff_100.tsv	115	054dcd7a7300cac012522ab989dbda82b58e66a2239275d4af6ac0eadd4986f7
reciprocal_nomination	5:95	2:194		strong	2:194	5:95	5:95	cross_surah	label_target_note	ranked_review	Pairs a protected state with a measured like-for-like compensatory judgment.	focus_2_194_cutoff_100.tsv	77	e0d1e5083680aa4a40f70bee4983990b6c2174b301e3fc34fd7d5ad899841c68
reciprocal_nomination	5:95	2:196		strong	2:196	5:95	5:95	cross_surah	label_target_note	missing_ayah_suggestion	It gives a graded compensation sequence of equivalent offering reaching the Ka'bah, feeding, or fasting for hunting while hurum.	focus_2_196_cutoff_100.tsv	112	c71c1b6346e8bae5929f8683ee7a075854330b98848350b749cbe3460db498d4
reciprocal_nomination	5:95	2:197		strong	2:197	5:95	5:95	cross_surah	label_target_note	missing_ayah_suggestion	It sets liability for deliberate hunting while consecrated, including offering, feeding, or fasting.	focus_2_197_cutoff_100.tsv	107	306c6661cd392ec41538e938b708fe1dc98ad3a59f9ff534f66ee25facc15d76
reciprocal_nomination	5:95	2:198		medium	2:198	5:95	5:95	cross_surah	label_target_note	missing_ayah_suggestion	Specifies the hunting restriction while in the pilgrim state and its reparative offering.	focus_2_198_cutoff_100.tsv	107	cbaae7f82dd630ccfc7128d04238e5f0708e7ae4aaed5205878584156e5ca8ee
reciprocal_nomination	5:95	2:199		medium	2:199	5:95	5:95	cross_surah	label_target_note	missing_ayah_suggestion	Forbids hunting while in consecration and specifies atonement, clarifying Hajj's disciplined state.	focus_2_199_cutoff_100.tsv	131	794702ae754cbadcb8ab15cd750646c6cc142382a4a7090b1166aa331e080d7d
reciprocal_nomination	5:95	2:203		medium	2:203	5:95	5:95	cross_surah	label_target_note	missing_ayah_suggestion	Its ruling on hunting while hurum further defines the regulated pilgrimage state.	focus_2_203_cutoff_100.tsv	107	c6c79e639c3bd8134ca8317654e6ce184bb1dbda32bbed127c3965f8d5b1a3a5
reciprocal_nomination	5:95	2:215		medium	2:215	5:95	5:95	cross_surah	label_target_note	missing_ayah_suggestion	Allows feeding needy people as an equivalent expiation.	focus_2_215_cutoff_100.tsv	124	df4b33b629178edce61a42a7ea4c3cec007c16ef071b9430d608f3b0fcecafe4
reciprocal_counterevidence	5:95	2:228		no value	2:228	5:95	5:95	cross_surah	label_target_note	ranked_review	Does not add to the divorce waiting-period rule.	focus_2_228_cutoff_100.tsv	63	00e67a3fe4c9f6d106d3274d69b3d2d69e61fee56e2731cab11a5da0d7dc0b6c
reciprocal_counterevidence	5:95	2:240		no value	2:240	5:95	5:95	cross_surah	label_target_note	ranked_review	No relevant death, spouse, or maintenance rule is present.	focus_2_240_cutoff_100.tsv	55	4eb35da4190fcd67f087218de0d002a9ea2fd3628fd818f9d46e8db8803f68e1
reciprocal_counterevidence	5:95	2:251		no value	2:251	5:95	5:95	cross_surah	label_target_note	ranked_review	The hunting expiation law does not aid understanding of 2:251.	focus_2_251_cutoff_100.tsv	71	4a6c6538277f5cecb7ed9491212b4fc0c864df354c070c7d4cfb996ac13c2701
reciprocal_nomination	5:95	2:262		medium	2:262	5:95	5:95	cross_surah	label_target_note	missing_ayah_suggestion	Uses feeding needy people as an expiation, showing a concrete material remedy.	focus_2_262_cutoff_100.tsv	206	2261bafe2d90902cc5ab1feeb3fdb5886fadba3f7ebaf6ac32de7e30eb65d084
reciprocal_nomination	5:95	2:267		weak	2:267	5:95	5:95	cross_surah	label_target_note	missing_ayah_suggestion	Uses feeding needy people as an expiation measure.	focus_2_267_cutoff_100.tsv	128	fda4ffb43b167a702fc166177ce3c94c7537d2abce096df6dd0db808d7922801
reciprocal_nomination	5:95	2:268		weak	2:268	5:95	5:95	cross_surah	label_target_note	ranked_review	Its compensatory ruling is not materially connected to 2:268's competing promises.	focus_2_268_cutoff_100.tsv	64	eee6e0b07b330b3fde1ff231e674918ecdcdc147c4a655534040196bbc1743cc
reciprocal_nomination	5:95	2:273		medium	2:273	5:95	5:95	cross_surah	label_target_note	missing_ayah_suggestion	Uses feeding needy persons as a measured expiation.	focus_2_273_cutoff_100.tsv	120	6213ebb20e701f33032a03688fd43f92bfa1deab362865bd82692218ed686128
reciprocal_nomination	5:95	2:275		medium	2:275	5:95	5:95	cross_surah	label_target_note	ranked_review	Past conduct is pardoned, but returning after prohibition brings requital.	focus_2_275_cutoff_100.tsv	1	b1fb904d02e13a32b7857615be530583a542cd68d357e06bbbfa64fac065a369
reciprocal_nomination	5:95	3:4		medium	3:4	5:95	5:95	cross_surah	label_target_note	ranked_review	Repeats God as Mighty, Possessor of retribution in a legal warning.	focus_3_4_cutoff_100.tsv	22	6e372850d7a1a286268c2229fb1b94ba877f4871cc99fff15c6e9346e3f283e9
reciprocal_counterevidence	5:95	3:26		no value	3:26	5:95	5:95	cross_surah	label_target_note	ranked_review	Legal recompense and retribution do not clarify the focus's royal allocation.	focus_3_26_cutoff_100.tsv	92	8701b8daba012244f3dc88a8fa24cd6850606346c40a63741a1f4d130030cbbf
reciprocal_counterevidence	5:95	3:66		no value	3:66	5:95	5:95	cross_surah	label_target_note	ranked_review	Ritual penalty and human adjudication are unrelated.	focus_3_66_cutoff_100.tsv	66	65510d7752bd5c75b6b534a27d7f432b23b0efc5024af92ccc766b8ec0785b4a
reciprocal_nomination	5:95	3:74		weak	3:74	5:95	5:95	cross_surah	label_target_note	ranked_review	The punitive ownership framing does not materially clarify the focus.	focus_3_74_cutoff_100.tsv	71	e247d0e8c9c125654163b70ec50d9e70d35a3d6fdc64e2d0c9e69696f95d3f4f
reciprocal_nomination	5:95	3:89		medium	3:89	5:95	5:95	cross_surah	label_target_note	missing_ayah_suggestion	Links a transgression to compensatory corrective action and divine pardon for what preceded.	focus_3_89_cutoff_100.tsv	110	cf1811d35cea27801eca41ece77dd3d16bcf57e60133c6431126e36c1603161b
reciprocal_nomination	5:95	3:96		medium	3:96	5:95	5:95	cross_surah	label_target_note	missing_ayah_suggestion	An offering reaching the Kaaba adds a direct ritual connection, though narrower than the House claim.	focus_3_96_cutoff_100.tsv	114	5ff2918d9372782ae7170b1385a0878b18a98595dc8e4027afd75331580da044
reciprocal_nomination	5:95	3:97		medium	3:97	5:95	5:95	cross_surah	label_target_note	missing_ayah_suggestion	Regulates hunting while hurum, adding a concrete constraint of pilgrimage consecration.	focus_3_97_cutoff_100.tsv	110	bbaef51897e268488b0b8726cebb86a5fab61db5488bcb4401066a4e8e863712
reciprocal_nomination	5:95	3:102		weak	3:102	5:95	5:95	cross_surah	label_target_note	ranked_review	Its pilgrimage hunting rule and expiation are a specific legal context, not a close interpretive addition.	focus_3_102_cutoff_100.tsv	65	8c1e4cc12ba4ca394cebdc6bc334d5dcbc71c608dd205a4a4b4d255579c8b7e6
reciprocal_nomination	5:95	3:128		medium	3:128	5:95	5:95	cross_surah	label_target_note	missing_ayah_suggestion	God's retribution for a prohibited act affirms a divinely administered consequence.	focus_3_128_cutoff_100.tsv	115	63c5cafb54ec75ef7c3ed2d689d8a525d09984eb6380acdffd8775b971da4b1a
reciprocal_nomination	5:95	3:134		weak	3:134	5:95	5:95	cross_surah	label_target_note	ranked_review	Pardon after a violation occurs beside recurring consequence; only a limited contrast to forgiving people.	focus_3_134_cutoff_100.tsv	20	fe0aa20d85ad277b18bdac38ba43230ba2766b9855cdb70c9f0030edf91f7e57
reciprocal_nomination	5:95	3:152		medium	3:152	5:95	5:95	cross_surah	label_target_note	ranked_review	Adds عفا after breach and an أمر-based consequence, but in a legal setting.	focus_3_152_cutoff_100.tsv	85	602dd1b568787f030abec712c5f6b762cb221e4b8e4cc4b11d32bc6bbd65563f
reciprocal_nomination	5:95	3:155		medium	3:155	5:95	5:95	cross_surah	label_target_note	ranked_review	Pardon for what preceded, with accountability on recurrence, offers a legal contrast.	focus_3_155_cutoff_100.tsv	55	1b46ac8f17540baa26a3e761b9e15c7ec31d760682ca0c31d207a87cb569b103
reciprocal_counterevidence	5:95	3:156		no value	3:156	5:95	5:95	cross_surah	label_target_note	ranked_review	Hunting expiation and killing game are unrelated.	focus_3_156_cutoff_100.tsv	62	223cdc78e33051e15986b6663112dcafcedc0bad6b0608f5565c6a497b732fb8
reciprocal_counterevidence	5:95	3:174		no value	3:174	5:95	5:95	cross_surah	label_target_note	ranked_review	Its legal penalty setting does not clarify harmful contact in 3:174.	focus_3_174_cutoff_100.tsv	63	edf0cc89ac875344e1942b8d73fb6ce4c94d8e0106919dafea7e520ea3b422f5
reciprocal_nomination	5:95	3:185		weak	3:185	5:95	5:95	cross_surah	label_target_note	ranked_review	Uses tasted consequence for a specific expiation, not the focus ayah's final outcome.	focus_3_185_cutoff_100.tsv	87	6ee92ea9be894b4f5c82fe0a0a61236679394352eb3b9690e64cf1a12864294e
reciprocal_nomination	5:95	4:22		medium	4:22	5:95	5:95	cross_surah	label_target_note	ranked_review	Its past-act exception and renewed-violation distinction parallel the focus's treatment of what has already passed.	focus_4_22_cutoff_100.tsv	73	48381529af8b453cee311e319ec28910d5cd4a693ce1e497910e5f9d875b3300
reciprocal_nomination	5:95	4:23		strong	4:23	5:95	5:95	cross_surah	label_target_note	ranked_review	Its formula of pardon for what has passed followed by accountability for repetition closely parallels the focus's temporal boundary.	focus_4_23_cutoff_100.tsv	76	1241152301473d6607723abb67becf6fbed30352fff36ae7e7de2852484cbf8d
reciprocal_nomination	5:95	4:29		weak	4:29	5:95	5:95	cross_surah	label_target_note	ranked_review	Its measured compensation for a violation shows regulated redress, not the focus's property rule.	focus_4_29_cutoff_100.tsv	19	32dd0913a705009f4e2260a14725a9e63e946015ad0b800314a762ef67810927
reciprocal_nomination	5:95	4:58		medium	4:58	5:95	5:95	cross_surah	label_target_note	missing_ayah_suggestion	It assigns just arbiters in a compensatory legal decision, adding a concrete judging procedure.	focus_4_58_cutoff_100.tsv	127	32b50d68e01ef9cecdbe2930e92fd4ea3788be53a353a72e9557930b5d5a9b2a
reciprocal_nomination	5:95	4:79		medium	4:79	5:95	5:95	cross_surah	label_target_note	ranked_review	Deliberate harm requires measured compensation, a specific accountability analogy supported by the package channel.	focus_4_79_cutoff_100.tsv	47	79d6b46d3b3fa2320593fb2c899cad932ba904d1d074cdc369b81c5ff26bd305
reciprocal_nomination	5:95	4:84		medium	4:84	5:95	5:95	cross_surah	label_target_note	ranked_review	Distinguishes intentional killing and assessed consequence, a boundary for force.	focus_4_84_cutoff_100.tsv	38	784f7a1bda8f0f72405d2c65720d262ae960d0e668473a9db307c8ff6eb3749a
reciprocal_counterevidence	5:95	4:88		no value	4:88	5:95	5:95	cross_surah	label_target_note	ranked_review	Branch evidence is not meaningfully connected to the focus.	focus_4_88_cutoff_100.tsv	38	49b8d0293a07c70417311964c6d025e1c1f7bb571cb082144a7f667a09c28242
reciprocal_counterevidence	5:95	4:89		no value	4:89	5:95	5:95	cross_surah	label_target_note	ranked_review	Hunting compensation and intentionality do not materially clarify the focus.	focus_4_89_cutoff_100.tsv	38	7ed0372cbdd49dcd4ca7611a401680941fc983f9ae8765ee905482d9c6e2fb57
reciprocal_nomination	5:95	4:92		medium	4:92	5:95	5:95	cross_surah	label_target_note	ranked_review	Pairs prohibited killing with proportionate material, feeding, or fasting consequences, but its intentional ritual context differs.	focus_4_92_cutoff_100.tsv	90	276976ffd0ed2123a328f7a1f7b48542b3674ac819cc8156c3ef1d0c295ca2cf
reciprocal_nomination	5:95	4:93		strong	4:93	5:95	5:95	cross_surah	label_target_note	ranked_review	Strongly parallels deliberate killing being met by specified consequence, in a different legal setting.	focus_4_93_cutoff_100.tsv	14	f5406fd909336394c4634465cdf3ea71318ff73cb038ccf9daf61723297e81ec
reciprocal_nomination	5:95	4:98		weak	4:98	5:95	5:95	cross_surah	label_target_note	missing_ayah_suggestion	Its expiatory alternative after nonavailability is materially similar but contextually remote.	focus_4_98_cutoff_100.tsv	121	c1c3b47d11cf1843b2d2dfe3e4ba7fb29c815144118ad22f4b8ddc4c0e335156
reciprocal_nomination	5:95	4:99		medium	4:99	5:95	5:95	cross_surah	label_target_note	ranked_review	Sets a boundary: prior remission does not authorize return to the same act.	focus_4_99_cutoff_100.tsv	55	3123d79b510233b4ec388fdf8e0b62bc691c874e27533e33ef6f22185e569e8d
reciprocal_nomination	5:95	4:106		medium	4:106	5:95	5:95	cross_surah	label_target_note	missing_ayah_suggestion	Pairs correction for a prohibited act with pardon for what has passed.	focus_4_106_cutoff_100.tsv	178	8f5d56bbb18e69b19536987d0941dddd2d38a3aab7ff0f2e891b6fc54a7d7834
reciprocal_nomination	5:95	4:149		medium	4:149	5:95	5:95	cross_surah	label_target_note	ranked_review	Pardon for what passed is bounded by consequence for repetition.	focus_4_149_cutoff_100.tsv	62	cd268de72975e70038dbe13537244aa7c7a823fe38da7b86151617680378ac57
reciprocal_nomination	5:95	4:152		weak	4:152	5:95	5:95	cross_surah	label_target_note	ranked_review	Pardon and repeated consequence form a secondary parallel, not messenger continuity.	focus_4_152_cutoff_100.tsv	80	d93051ebb5abe3e4f1f7097ade18bd2e03496a71aa42439284bd415471e08481
reciprocal_nomination	5:95	5:1		strong	5:1	5:95	5:95	same_surah	label_target_note	ranked_review	Directly specifies the hunting restraint of the consecrated state and its measured remedy.	focus_5_1_cutoff_100.tsv	1	02c0c58738dc03050bcf4892d3950dfc002010f5468290be8d68377fff990463
reciprocal_nomination	5:95	5:2		strong	5:2	5:95	5:95	same_surah	label_target_note	missing_ayah_suggestion	Supplies the missing direct rule for hunting while hurum, including accountable redress.	focus_5_2_cutoff_100.tsv	120	5a5972b66ce0017729acb9616d37090a3c723537b053b192d7bd5b437ceaa2be
reciprocal_nomination	5:95	5:3		strong	5:3	5:95	5:95	same_surah	label_target_note	missing_ayah_suggestion	Specifies accountability and compensatory handling for game killed in consecration, sharpening the bounded treatment of animal life.	focus_5_3_cutoff_100.tsv	114	56d85165d562c0e34f46c20265dfdc60de0334261b216413fe51be7ef128688e
reciprocal_nomination	5:95	5:4		strong	5:4	5:95	5:95	same_surah	label_target_note	missing_ayah_suggestion	Sets the pilgrimage-state hunting prohibition and its measured redress.	focus_5_4_cutoff_100.tsv	109	b841b616c0af11037b8b21249a14f0730dff2341542f52183fa1b5249542817e
reciprocal_counterevidence	5:95	5:6		no value	5:6	5:95	5:95	same_surah	label_target_note	ranked_review	The bow channel does not add to the focus.	focus_5_6_cutoff_100.tsv	58	dec55d65a6e10341f7ee49ed60530ae1f28a597b3579810b462c16eb1fa737d6
reciprocal_nomination	5:95	5:8		strong	5:8	5:95	5:95	same_surah	label_target_note	missing_ayah_suggestion	Uses just persons as arbiters for a disputed compensatory measure.	focus_5_8_cutoff_100.tsv	122	99a2f4f2afd3d997e9d41d36efcb834292e8bf95a74b3df573f2f5f9b0f5b431
reciprocal_nomination	5:95	5:11		weak	5:11	5:95	5:95	same_surah	label_target_note	ranked_review	Regulated killing and equivalence offer a limited restraint analogue.	focus_5_11_cutoff_100.tsv	92	f895064ccad901d7cf120837b6f7a23bb46f7a12fd62d9774d94053971e0aae6
reciprocal_counterevidence	5:95	5:12		no value	5:12	5:95	5:95	same_surah	label_target_note	ranked_review	The hunting expiation procedure is unrelated to the focal terms.	focus_5_12_cutoff_100.tsv	54	2ce474b8265d32dc3e41634b8d8de37ea0dce5b6dee89d519eec1bf40e50017e
reciprocal_nomination	5:95	5:27		medium	5:27	5:95	5:95	same_surah	label_target_note	missing_ayah_suggestion	Uses a sanctuary-bound offering as redress, showing qurbān within a reparative setting.	focus_5_27_cutoff_100.tsv	109	7ec86e2a765c6ad2a9cbc27c7538e575dabf4439c73f8447347eabaddaf2fc93
reciprocal_nomination	5:95	5:32		medium	5:32	5:95	5:95	same_surah	label_target_note	ranked_review	Pairs a killing prohibition with equivalent recompense, a bounded-measure analogy in a distinct setting.	focus_5_32_cutoff_100.tsv	58	d5403bfdb081afd5af7451ccb9b4298985703eebd870d002c53d4bcf0c85240a
reciprocal_nomination	5:95	5:34		medium	5:34	5:95	5:95	same_surah	label_target_note	missing_ayah_suggestion	Adds a legal boundary between what is pardoned and repeated violation.	focus_5_34_cutoff_100.tsv	112	79848a105bddb08d4e76978637f11483522b2527e38af065d3e235c0e25beb19
reciprocal_nomination	5:95	5:45		medium	5:45	5:95	5:95	same_surah	label_target_note	missing_ayah_suggestion	Combines measured equivalence, compensation, and kaffarah in another law.	focus_5_45_cutoff_100.tsv	114	3774d7266e1374830598eafdd5b6a1e7cfe97cb515b54982b0682edf2149204b
reciprocal_nomination	5:95	5:50		medium	5:50	5:95	5:95	same_surah	label_target_note	ranked_review	Shows calibrated legal recompense decided by just assessors, a concrete rule-of-law parallel.	focus_5_50_cutoff_100.tsv	93	578dbfa3f210a2a3455c5de09ba40d3c231c2c2dd6701b69f606df9aa0405ecb
reciprocal_counterevidence	5:95	5:61		no value	5:61	5:95	5:95	same_surah	label_target_note	ranked_review	Hunting penalty instruction has no material link to the verse's issue.	focus_5_61_cutoff_100.tsv	12	2ddc1a0979a9969cb4d455899c027fa315331624c0554045a677c67598e73515
reciprocal_counterevidence	5:95	5:67		no value	5:67	5:95	5:95	same_surah	label_target_note	ranked_review	The sacrificial offering reaching its destination is a legal, not communicative, endpoint.	focus_5_67_cutoff_100.tsv	70	6e59e2e28b96a9f56fc3ddd1ec2a097e8e89a52f7491d45ae60257119888d46b
reciprocal_nomination	5:95	5:87		medium	5:87	5:95	5:95	same_surah	label_target_note	ranked_review	Details the consequence and compensation for violating a specified hunting limit.	focus_5_87_cutoff_100.tsv	68	d649edfdcd40bb587b383542153211267d28e6f4fda2eca19b4ba84d4243cdab
reciprocal_nomination	5:95	5:88		medium	5:88	5:95	5:95	same_surah	label_target_note	missing_ayah_suggestion	Specifies repair after violating the hunting boundary.	focus_5_88_cutoff_100.tsv	109	5ea3e62620f015c8ff399954cbb44acc59fe565c2231c6db7dd275537c565137
reciprocal_nomination	5:95	5:89		strong	5:89	5:95	5:95	same_surah	label_target_note	ranked_review	Parallels kaffarah through food for needy people or fasting.	focus_5_89_cutoff_100.tsv	13	6dd573d0c6f366be18c15917168b3466f3deb79c539b99221389f3439ad0c5ab
reciprocal_nomination	5:95	5:90		weak	5:90	5:95	5:95	same_surah	label_target_note	ranked_review	The nearby compensation rule supplies only broad accountability context.	focus_5_90_cutoff_100.tsv	59	5098a1ff3e80e9055a0a50255e65554bb0b9afbdd7126829359f42a299288af0
reciprocal_counterevidence	5:95	5:91		no value	5:91	5:95	5:95	same_surah	label_target_note	ranked_review	Adjacent hunting compensation adds no focus mechanism.	focus_5_91_cutoff_100.tsv	50	b2f245007eb9a4c47577e59313aa6a41b449698c00aa2664a4e1d3bbccbff2f9
reciprocal_nomination	5:95	5:92		medium	5:92	5:95	5:95	same_surah	label_target_note	ranked_review	Immediate legal application supplies bounded response and restorative alternatives after violation.	focus_5_92_cutoff_100.tsv	23	1a70aa6adac3b75332377699e72598dad9f35852cb6a6138b5a5c7165a723b59
reciprocal_nomination	5:95	5:93		medium	5:93	5:95	5:95	same_surah	label_target_note	ranked_review	Its عفا عما سلف and return-to-offense boundary parallels past conduct without collapsing the rulings.	focus_5_93_cutoff_100.tsv	23	46aa5ec7ce019252de97237c0c998a0ef1438719341b9adff028a95e3f82a668
reciprocal_nomination	5:95	5:94		strong	5:94	5:95	5:95	same_surah	label_target_note	ranked_review	Immediate continuation specifies the hunting prohibition and its consequence.	focus_5_94_cutoff_100.tsv	4	815252862871e1293db02cc4f1a18d429094c18ab1e2eb6698f437e3ac47fdde
reciprocal_nomination	5:95	5:96		strong	5:96	5:95	5:95	same_surah	label_target_note	ranked_review	The immediately preceding ruling supplies the land-game prohibition and its remedial framework.	focus_5_96_cutoff_100.tsv	13	971b2a697d06c5a648c7694089f18223e044dcc9165698032c48952a1cb6cc5f
reciprocal_nomination	5:95	5:97		strong	5:97	5:95	5:95	same_surah	label_target_note	ranked_review	Hurum, hady, and Kaaba directly elaborate the focus's protected offering system.	focus_5_97_cutoff_100.tsv	55	bb5dc4b836d6a8bf3e79bc6011513fec55dca5ff75e214e6d7cfa19cd2cc2429
reciprocal_nomination	5:95	5:98		strong	5:98	5:95	5:95	same_surah	label_target_note	ranked_review	Gives a close legal instance of consequence, عفا عما سلف, and recurrence.	focus_5_98_cutoff_100.tsv	26	6d5f94b51e4059f800172decd0ff870687029a185e664dabc8b6f8afffe94bf9
reciprocal_counterevidence	5:95	5:99		no value	5:99	5:95	5:95	same_surah	label_target_note	ranked_review	Passage adjacency alone offers no localized support for the focus.	focus_5_99_cutoff_100.tsv	56	76f854562611029f23ec3a89ed64c01d0dc8c989bb7eaa55e36d28a02a298b3b
reciprocal_nomination	5:95	5:100		medium	5:100	5:95	5:95	same_surah	label_target_note	ranked_review	The immediate legal response uses just equivalence and consequence to restrain transgression.	focus_5_100_cutoff_100.tsv	71	33e61493c2a52785c320fd9591ae3fd6ed25047bdf118c87a2df15525ff68706
reciprocal_nomination	5:95	5:101		medium	5:101	5:95	5:95	same_surah	label_target_note	ranked_review	Nearby legal pardon and consequence add bounded accountability.	focus_5_101_cutoff_100.tsv	19	6cebc2147a9bba8c5e1cf2d64aa18db9e4ff797d55456b76810f69ba824c59d9
reciprocal_nomination	5:95	5:102		medium	5:102	5:95	5:95	same_surah	label_target_note	ranked_review	Deliberate breach, measured consequence, and pardon add substantial adjacent legal context.	focus_5_102_cutoff_100.tsv	59	f6302258554333dcfb4c6a673e22f3ab7df519dcf5e8d69078940c729dfabc7e
reciprocal_nomination	5:95	5:103		medium	5:103	5:95	5:95	same_surah	label_target_note	ranked_review	A detailed animal-use rule supplies nearby contrast with unauthorized animal classifications.	focus_5_103_cutoff_100.tsv	53	0252d7b548da18b4502e2d9f0a4a75ecf2636b03950106563bb5a43c631a282c
reciprocal_nomination	5:95	5:104		weak	5:104	5:95	5:95	same_surah	label_target_note	ranked_review	Immediate legal boundary gives modest context for divinely specified limits.	focus_5_104_cutoff_100.tsv	53	0af52de6bb7258f4aae15e508c3c2917a58c82847724998262c6680c5a8c4ef0
reciprocal_nomination	5:95	5:105		strong	5:105	5:95	5:95	same_surah	label_target_note	ranked_review	Immediate context: intentional transgression has a proportionate personal consequence.	focus_5_105_cutoff_100.tsv	26	522f5d87ace26fe1e9d6cf89dd18e134ef81f0c0262ade844933f3c6ecacce8d
reciprocal_nomination	5:95	5:106		medium	5:106	5:95	5:95	same_surah	label_target_note	ranked_review	Uses two just persons in a bounded adjudicative determination.	focus_5_106_cutoff_100.tsv	16	c0bd0f6956f611bca9400623db0bf4a055962d446ae7c7b0f42adfd77aac86ca
reciprocal_nomination	5:95	5:107		medium	5:107	5:95	5:95	same_surah	label_target_note	ranked_review	Uses two just adjudicators and measured redress, a meaningful procedural analogue.	focus_5_107_cutoff_100.tsv	56	c4bdd64ba0125ee75ce507cb7d67083fbb130b4422f8099e82856446b969b56c
reciprocal_nomination	5:95	5:108		medium	5:108	5:95	5:95	same_surah	label_target_note	ranked_review	Two adl arbiters and measured recompense offer a related procedural safeguard.	focus_5_108_cutoff_100.tsv	56	bece65d665a1217b7890a5adabd4be7c7ac9b7ec47abfcfebe0fc5e4de1423ae
reciprocal_nomination	5:95	6:1		medium	6:1	5:95	5:95	cross_surah	label_target_note	ranked_review	V12 f01 gives a concrete pattern of measured equivalence.	focus_6_1_cutoff_100.tsv	48	b12e90423075e6a62c673a1bc3d80a82148f65ef311e14362c77865b86f452f5
reciprocal_nomination	5:95	6:28		strong	6:28	5:95	5:95	cross_surah	label_target_note	missing_ayah_suggestion	Gives a concrete prohibition whose repeated violation has a stated consequence.	focus_6_28_cutoff_100.tsv	112	b71cb56054972751691bf18b29807c75470b01500fbae46067a7f149c9fff320
reciprocal_nomination	5:95	6:65		weak	6:65	5:95	5:95	cross_surah	label_target_note	ranked_review	Personally tasting an act's consequence is redundant and non-collective.	focus_6_65_cutoff_100.tsv	98	1a5538e1d9213cff3fd611779e46edf5897ebf8aec6c2e0a7a703a112c07047d
reciprocal_nomination	5:95	6:70		weak	6:70	5:95	5:95	cross_surah	label_target_note	ranked_review	Denk karşılık dili f02 ile uzaktan temas eder, ancak bağlam fidye yasağını ya da tutulmayı açmaz.	focus_6_70_cutoff_100.tsv	40	d17ade414f34beeeb0950a88e55625c0dd601df019df17894db420b7a09eae07
reciprocal_nomination	5:95	6:145		medium	6:145	5:95	5:95	cross_surah	label_target_note	ranked_review	A regulated animal case with intention, restitution, and prior pardon.	focus_6_145_cutoff_100.tsv	13	8dc55bc847b2c3458213c7973d39aca88ba4576a8a1632d60cfdbfd3c7723931
reciprocal_nomination	5:95	6:146		medium	6:146	5:95	5:95	cross_surah	label_target_note	ranked_review	A bounded violation-and-compensation rule supplies a secondary legal parallel.	focus_6_146_cutoff_100.tsv	49	1984dcba3ad77b48863926d96c456646f260ea22101fa5edaeecd2deecbc544f
reciprocal_nomination	5:95	6:151		weak	6:151	5:95	5:95	cross_surah	label_target_note	ranked_review	A restricted killing case shows a bounded prohibition, but in a distinct ritual setting.	focus_6_151_cutoff_100.tsv	40	4226ca0d38d2706a170d5e47fc234c2875ce30b8bcd231e8b51f1be3ee8096e6
reciprocal_nomination	5:95	6:161		weak	6:161	5:95	5:95	cross_surah	label_target_note	ranked_review	Concrete expiation rules do not clarify the focus's path or Abraham formula.	focus_6_161_cutoff_100.tsv	99	9ba7357564fea4c1ee732f4eb21ec34b6b781b01fabecb2c0a454706fe60b52c
reciprocal_nomination	5:95	7:22		medium	7:22	5:95	5:95	cross_surah	label_target_note	ranked_review	Shows tasting as personally borne consequence.	focus_7_22_cutoff_100.tsv	18	5cf8d17257834426ab0e3047b6618acd7a1e59e3a2b33021a76ff38658309b1f
reciprocal_nomination	5:95	7:87		medium	7:87	5:95	5:95	cross_surah	label_target_note	ranked_review	Shows a judgment converting violation into proportionate, specified redress.	focus_7_87_cutoff_100.tsv	69	8a0d279d0a7e11f721cb7747ab5e9e5cd2bd59b2bb89282a53772b6cec89b0d4
reciprocal_nomination	5:95	7:136		weak	7:136	5:95	5:95	cross_surah	label_target_note	ranked_review	Generic divine انتقام in a legal setting adds little.	focus_7_136_cutoff_100.tsv	81	7ecae756aed6bdfef7b6e2e1c8059852928c2b509a74266224332a42f0976549
reciprocal_nomination	5:95	7:163		medium	7:163	5:95	5:95	cross_surah	label_target_note	missing_ayah_suggestion	A prohibited hunting act and its reparative consequence refine the wildlife-access boundary.	focus_7_163_cutoff_100.tsv	108	719f3d34c59be6a12b2d54d68ab24a32e59924fcc9b429b9ca05a4a163494fa9
reciprocal_nomination	5:95	8:27		weak	8:27	5:95	5:95	cross_surah	label_target_note	ranked_review	A deliberate legal violation and restitution show accountability, but not betrayal of a trust.	focus_8_27_cutoff_100.tsv	43	7105d006280308de6a655b00349b34ce86913619564075f265d27df20d221942
reciprocal_nomination	5:95	8:38		strong	8:38	5:95	5:95	cross_surah	label_target_note	ranked_review	Explicitly distinguishes what has passed from returning to the act and its consequence.	focus_8_38_cutoff_100.tsv	67	ec5ee8565aaf74594d6267029831e9d5993f5d57dcb1a2873625bb4386fb2527
reciprocal_nomination	5:95	8:41		medium	8:41	5:95	5:95	cross_surah	label_target_note	missing_ayah_suggestion	Missing material-remedy options that include feeding needy persons.	focus_8_41_cutoff_100.tsv	149	8cc9592a335dc3658f064122b3dee6bd74cb903045dc248b476c48635b12c00c
reciprocal_nomination	5:95	9:27		medium	9:27	5:95	5:95	cross_surah	label_target_note	missing_ayah_suggestion	Marks past violation as pardonable while retaining a warning against repetition.	focus_9_27_cutoff_100.tsv	117	58dd68af646b5e9fb81bc9342dc32a689bf32cf51068b2b2b8e885dafea8d074
reciprocal_nomination	5:95	9:28		medium	9:28	5:95	5:95	cross_surah	label_target_note	missing_ayah_suggestion	Makes conduct in the sacred state accountable through compensatory provision and expiation.	focus_9_28_cutoff_100.tsv	107	2ce6387598b14e9ba5e7ee3728b9192840659fd590d1503ed81a1c861950e449
reciprocal_nomination	5:95	9:29		medium	9:29	5:95	5:95	cross_surah	label_target_note	ranked_review	Shows a protected limit, adjudication, and calibrated compensation rather than unbounded response.	focus_9_29_cutoff_100.tsv	43	5ee2f8cda1ad25a27e7e7f09ee5c869e06485d97c5e5fe83b2ac5495d0900ec6
reciprocal_nomination	5:95	9:37		medium	9:37	5:95	5:95	cross_surah	label_target_note	ranked_review	A protected-state prohibition with measured redress supports the principle of rule-governed limits.	focus_9_37_cutoff_100.tsv	70	a241003ef805803da0b35384d52fba01e6cfd8714834ccbe6f6d0239e72d0507
reciprocal_nomination	5:95	9:43		weak	9:43	5:95	5:95	cross_surah	label_target_note	ranked_review	Uses pardon after a legal violation in a different domain.	focus_9_43_cutoff_100.tsv	39	e92509d2778be6e3b7d729752ef358b6291425f07a997600b320df076cccfa57
reciprocal_nomination	5:95	9:60		medium	9:60	5:95	5:95	cross_surah	label_target_note	missing_ayah_suggestion	Uses feeding needy persons as a measured reparative alternative in a defined wrong.	focus_9_60_cutoff_100.tsv	124	fb1e3434a41d3ddc6fac34de4874d910f0698c29bfdae429e1e8e370880b7302
reciprocal_nomination	5:95	11:59		weak	11:59	5:95	5:95	cross_surah	label_target_note	ranked_review	Repetition and retribution are structurally remote from the focus.	focus_11_59_cutoff_100.tsv	73	edd5154c09f759197fb57bf418c9001565572b8afd5eda70274ab9479254f077
reciprocal_counterevidence	5:95	11:83		no value	11:83	5:95	5:95	cross_surah	label_target_note	ranked_review	No material connection to the focus reading.	focus_11_83_cutoff_100.tsv	96	438ce03394b961eff387e9ad1681960df6498900188e1c9c3583f401116aa73f
reciprocal_nomination	5:95	11:89		weak	11:89	5:95	5:95	cross_surah	label_target_note	ranked_review	Offers proportionate consequence in a legal setting, only a remote analogy.	focus_11_89_cutoff_100.tsv	73	bced8629e4a2e14cf3d76b6e8ccde5ec228a8dd77f4bbe3be88cb4d4c858a5f5
reciprocal_counterevidence	5:95	11:96		no value	11:96	5:95	5:95	cross_surah	label_target_note	ranked_review	No meaningful link to the focus evidence-authority frame.	focus_11_96_cutoff_100.tsv	100	647ec3a85cf5f397f013570ea15a386075bfe5d08a101699fbc67b6e7be3ee45
reciprocal_nomination	5:95	12:10		weak	12:10	5:95	5:95	cross_surah	label_target_note	ranked_review	The killing prohibition is contextually distant and adds less than the closer counterpoints.	focus_12_10_cutoff_100.tsv	55	1491c618e8d4bf69db64c34cf9a2d95f488fe56ca2e2d5f96832dd9ce42ba518
reciprocal_nomination	5:95	12:97		medium	12:97	5:95	5:95	cross_surah	label_target_note	missing_ayah_suggestion	Treats what has passed under divine pardon, with a future warning.	focus_12_97_cutoff_100.tsv	124	b90efc0febbfe13054a6fb5a2c9b17ff462984df984e37ced3aaffb8bc023bc6
reciprocal_nomination	5:95	13:41		medium	13:41	5:95	5:95	cross_surah	label_target_note	ranked_review	Judged equivalence and recompense supply a concrete model of proportionate account.	focus_13_41_cutoff_100.tsv	64	021c620e44ea8f625800ce09ce026fdc5ababe059a504047e27b4040bd561f4e
reciprocal_nomination	5:95	14:13		medium	14:13	5:95	5:95	cross_surah	label_target_note	ranked_review	Return to a prohibited act sharpens f02 as recurrence with consequence.	focus_14_13_cutoff_100.tsv	96	1ac563081b9cf7b91603c8483d8529fa1354e8c818af21f5974bcf6cc1c7cb41
reciprocal_counterevidence	5:95	14:22		no value	14:22	5:95	5:95	cross_surah	label_target_note	ranked_review	Legal compensation and retaliation are unrelated to the speech.	focus_14_22_cutoff_100.tsv	99	d45890488c651a4351345a08c1b60ba544625870d4e0fbb4e588a30004547c97
reciprocal_nomination	5:95	14:47		strong	14:47	5:95	5:95	cross_surah	label_target_note	ranked_review	Sets measured recompense and repeated offense within divine vengeance and might.	focus_14_47_cutoff_100.tsv	19	65058bcbec437b13917403c771a38041da4c9c96b6c89d74d1fc979b65232b8d
reciprocal_counterevidence	5:95	14:52		no value	14:52	5:95	5:95	cross_surah	label_target_note	ranked_review	Its expiatory procedure does not clarify the focus.	focus_14_52_cutoff_100.tsv	64	a977c251c996c36b1fa2f242d97ff42c3d3dc1de0adbb7931c36f0fc6ff14861
reciprocal_nomination	5:95	15:79		medium	15:79	5:95	5:95	cross_surah	label_target_note	ranked_review	Adds retribution for deliberate recurrence after prior pardon.	focus_15_79_cutoff_100.tsv	73	c00849f49b83f1c1d0629dfb4eef6bd19f1f1bdbac622c702188dad65d55f1e2
reciprocal_counterevidence	5:95	16:60		no value	16:60	5:95	5:95	cross_surah	label_target_note	ranked_review	Hükmî denklik anlamındaki "مثل" 16:60'ın temsil ve yücelik bağını geliştirmez.	focus_16_60_cutoff_100.tsv	53	4735dc046d8fb7aa1368625b80de2787875bba074d0dd423a3e39963f0128f5b
reciprocal_nomination	5:95	16:76		medium	16:76	5:95	5:95	cross_surah	label_target_note	missing_ayah_suggestion	Just arbiters provide a procedural instance of accountable judgment.	focus_16_76_cutoff_100.tsv	114	5eefe5883e2f69f79478ea777f5e372c634f0636bad74b2472516d9f937446b8
reciprocal_nomination	5:95	16:94		medium	16:94	5:95	5:95	cross_surah	label_target_note	ranked_review	Fiilin ağırlığını tattıran karşılık, 16:94'teki kötülüğün tecrübe edilmesiyle paraleldir.	focus_16_94_cutoff_100.tsv	15	9901cec8a854e255a87493f2e542aab18e0c902330c88118e31d20dc7823390c
reciprocal_counterevidence	5:95	16:103		no value	16:103	5:95	5:95	cross_surah	label_target_note	ranked_review	No material connection to the focus.	focus_16_103_cutoff_100.tsv	100	d972ab56d76fea1c7429b245c07001fc766ede86ee044dbf458bdb3ed51a4e52
reciprocal_nomination	5:95	16:112		weak	16:112	5:95	5:95	cross_surah	label_target_note	ranked_review	Tasting the consequence of an act is individual and legal, not communal reversal.	focus_16_112_cutoff_100.tsv	77	827077ba9e7db1f0b8407b2739d2dcf9fc1c24dc8f40373102681409f091245e
reciprocal_nomination	5:95	16:114		weak	16:114	5:95	5:95	cross_surah	label_target_note	missing_ayah_suggestion	Adds feeding the needy as redress for violating a hunting boundary.	focus_16_114_cutoff_100.tsv	108	963ac84621196cbd2a4872c07f13a530c99ace17834f29f499b6eb0e289639e9
reciprocal_nomination	5:95	16:115		medium	16:115	5:95	5:95	cross_surah	label_target_note	missing_ayah_suggestion	Prohibits killing game in a consecrated state and supplies a compensatory rule.	focus_16_115_cutoff_100.tsv	111	1a67692ab4706a266c6473c3726d4729dbb2731845262218bb9d6669bcda8535
reciprocal_nomination	5:95	16:126		weak	16:126	5:95	5:95	cross_surah	label_target_note	missing_ayah_suggestion	Uses equivalence in legal compensation, a secondary model of calibrated redress.	focus_16_126_cutoff_100.tsv	120	71958bd1f636ec90082040efc6aa86db46e5c9b96b79a7a5c18089f3d1d05e4f
reciprocal_nomination	5:95	17:33		medium	17:33	5:95	5:95	cross_surah	label_target_note	ranked_review	Its equivalent compensation model supplies a secondary proportionality analogy.	focus_17_33_cutoff_100.tsv	19	adb694f2a63941dee596ebb0950b7bd7e77bc8955dd62d52499286f5eeccb570
reciprocal_counterevidence	5:95	17:99		no value	17:99	5:95	5:95	cross_surah	label_target_note	ranked_review	Legal equivalence does not materially clarify human like-kind re-creation.	focus_17_99_cutoff_100.tsv	97	d64ff863b6f06d10e302f2d4a3c66d9b6f43ca0d771407aeff9756d79dd2f4b4
reciprocal_counterevidence	5:95	20:16		no value	20:16	5:95	5:95	cross_surah	label_target_note	ranked_review	The expiation for hunting in consecration is unrelated to the focus.	focus_20_16_cutoff_100.tsv	100	1106f7a920b0a531493162dd96b21548e66327a28585d123bb3ec9386248a0ab
reciprocal_counterevidence	5:95	20:71		no value	20:71	5:95	5:95	cross_surah	label_target_note	ranked_review	Its hunting restriction and expiation do not add to the focus ayah.	focus_20_71_cutoff_100.tsv	97	e3237f2c533c33c5864352bfae3770c46792cfa3686b18726ad31fcc695799bd
reciprocal_counterevidence	5:95	20:77		no value	20:77	5:95	5:95	cross_surah	label_target_note	ranked_review	The pilgrimage hunting penalty has no relevant relation to the focus.	focus_20_77_cutoff_100.tsv	99	d0ff4061c4aadb1b0d69fbffad9845ae75f73fe0e0602f62d1540bc70933154f
reciprocal_nomination	5:95	21:78		strong	21:78	5:95	5:95	cross_surah	label_target_note	missing_ayah_suggestion	It requires just assessors to determine livestock compensation, a close analogue for valuing animal-related harm.	focus_21_78_cutoff_100.tsv	111	49d6c3795117d405f814ec13a73a38133d56160e7ab6705f12911c8c61af12c5
reciprocal_nomination	5:95	22:25		medium	22:25	5:95	5:95	cross_surah	label_target_note	missing_ayah_suggestion	Its prohibition and expiation rules while in pilgrimage clarify that sacred access carries enforceable limits on conduct.	focus_22_25_cutoff_100.tsv	108	eec571ac3f6c535d00a1f3a3a4cd316f0da02a63c41c099c253f260080f81de4
reciprocal_nomination	5:95	22:27		medium	22:27	5:95	5:95	cross_surah	label_target_note	missing_ayah_suggestion	Its expiation requires an offering to reach the Kaaba, linking the sacred state to the House.	focus_22_27_cutoff_100.tsv	112	00ea0e53fa2ffe0d2e934e137e71b67184a1eda06ec774a2b22aea5f9c3b3185
reciprocal_nomination	5:95	22:28		strong	22:28	5:95	5:95	cross_surah	label_target_note	missing_ayah_suggestion	Its Hajj-related expiation can take the form of an offering reaching the Kaaba or feeding needy people, tightly joining the focus's two concerns.	focus_22_28_cutoff_100.tsv	116	2042243238edac136a67201f4c9b07388c34f22b6a45ee54d9bf35764dd74ca2
reciprocal_nomination	5:95	22:29		medium	22:29	5:95	5:95	cross_surah	label_target_note	missing_ayah_suggestion	Its expiation for hunting while consecrated clarifies that pilgrimage carries binding ritual restrictions and repair obligations.	focus_22_29_cutoff_100.tsv	107	309dfe7929c8bba69c2aa0d4d9ba99691abb4ef37807f409f6bb1439102c747a
reciprocal_nomination	5:95	22:30		medium	22:30	5:95	5:95	cross_surah	label_target_note	missing_ayah_suggestion	Its hunting prohibition and expiation while consecrated show how sacred status regulates otherwise permitted animals.	focus_22_30_cutoff_100.tsv	112	d6e50aaaf71018d94212d3e48060cfbc6fe40700ac72c8f43c0cedbce9990393
reciprocal_nomination	5:95	22:33		strong	22:33	5:95	5:95	cross_surah	label_target_note	missing_ayah_suggestion	It requires an expiatory offering to reach the Kaaba, closely paralleling the focus's appointed ritual destination.	focus_22_33_cutoff_100.tsv	105	226dcdcc255eaf838693f9e14658351861ecb79cd7ad81bff67076c29980547e
reciprocal_nomination	5:95	22:36		strong	22:36	5:95	5:95	cross_surah	label_target_note	missing_ayah_suggestion	Requires a compensatory offering to reach the Kaaba, directly connecting livestock, sacred destination, and feeding the needy.	focus_22_36_cutoff_100.tsv	106	595639345522886d2c63c530be4a7142ae6b2d4e76f408ff2bf240c20f6d341d
reciprocal_nomination	5:95	22:37		strong	22:37	5:95	5:95	cross_surah	label_target_note	missing_ayah_suggestion	Its Hajj expiation requires a livestock offering reaching the Ka'bah, closely connecting animal sacrifice, destination, and accountability.	focus_22_37_cutoff_100.tsv	107	314e47b3bfd973cd44763cf59dbc2c79a3dbe0c32185dd5cd8e2cf8c9a368b00
reciprocal_nomination	5:95	22:60		strong	22:60	5:95	5:95	cross_surah	label_target_note	ranked_review	It translates a wrongful act into proportionate compensation, showing equivalence as a regulated remedy rather than vengeance.	focus_22_60_cutoff_100.tsv	16	eeb28d17ca0e7aa5f6631b52768dbba0e9e235d6461391f2ad28072df158c37a
reciprocal_counterevidence	5:95	22:73		no value	22:73	5:95	5:95	cross_surah	label_target_note	ranked_review	The legal compensation for game uses likeness without advancing the focus's claim.	focus_22_73_cutoff_100.tsv	40	0b938d6ba474ab9df8369fd4d62beb34827190a61223f58f64caf658a1a26560
reciprocal_nomination	5:95	24:4		medium	24:4	5:95	5:95	cross_surah	label_target_note	missing_ayah_suggestion	Uses two just witnesses to determine a legal consequence, supporting the Qur'anic concern for qualified evidence.	focus_24_4_cutoff_100.tsv	107	b5d76c5f6be28a70f0c0c583c6277d059baf885563d9e517a53bd57d96d713ad
reciprocal_nomination	5:95	24:51		weak	24:51	5:95	5:95	cross_surah	label_target_note	ranked_review	Uses two just arbiters for a specific restitution case, a distant procedural parallel to judgment between people.	focus_24_51_cutoff_100.tsv	99	a0db32abded9d811183d5a096f931a6fa80919a6b0819459a088cd141dcc0712
reciprocal_counterevidence	5:95	24:59		no value	24:59	5:95	5:95	cross_surah	label_target_note	ranked_review	Hunting expiation during pilgrimage is unrelated to household-access maturity.	focus_24_59_cutoff_100.tsv	52	bac1ea81779f426f107046f7e10eb3caf5a2b5f9430d60497c628a241990d47d
reciprocal_nomination	5:95	24:63		weak	24:63	5:95	5:95	cross_surah	label_target_note	ranked_review	Its prescribed penalty for a prohibited act provides only a broad analogy for accountable violation.	focus_24_63_cutoff_100.tsv	73	1aa6f7ca18ece9ccf053aa69c79341fb9d79e13d7678e786d8e243eba57dbb02
reciprocal_nomination	5:95	25:67		weak	25:67	5:95	5:95	cross_surah	label_target_note	ranked_review	Its calibrated expiation illustrates proportional restitution in another legal domain.	focus_25_67_cutoff_100.tsv	95	ad43e3f694c907d090ed354bc8147bf0d1787d028ffb84426ac058892816e084
reciprocal_nomination	5:95	25:68		medium	25:68	5:95	5:95	cross_surah	label_target_note	ranked_review	It bars deliberate killing even of game in consecration and specifies measured recompense for violation.	focus_25_68_cutoff_100.tsv	79	ef8f8c030f5c46fe8363c52fcebafdcd3cbd59e8fc93a0796c7cfc1f24f2b35a
reciprocal_counterevidence	5:95	28:66		no value	28:66	5:95	5:95	cross_surah	label_target_note	ranked_review	The pilgrimage hunting penalty does not illuminate the focus's blindness or inability to question.	focus_28_66_cutoff_100.tsv	100	8e9469d292e42968d320c4b2819332289ca2935a61829157f1ba29765b7b36c7
reciprocal_counterevidence	5:95	30:28		no value	30:28	5:95	5:95	cross_surah	label_target_note	ranked_review	The hunting expiation rule does not clarify the focus's parable or doctrine.	focus_30_28_cutoff_100.tsv	93	b1065ef3847429a9d4223457fdcc78eedaf8a93e323d29b056349bbcf9e8beb2
reciprocal_nomination	5:95	30:44		medium	30:44	5:95	5:95	cross_surah	label_target_note	ranked_review	An intentional act has a personally tasted consequence and specified repair.	focus_30_44_cutoff_100.tsv	43	533a9eea51d3dd518f8303032be1d8df4cec9e0d2d4cfe92c76ce96b7b3464c1
reciprocal_nomination	5:95	31:23		weak	31:23	5:95	5:95	cross_surah	label_target_note	ranked_review	Its specified recompense for a deliberate violation gives only a legal analogy to deeds bearing consequence.	focus_31_23_cutoff_100.tsv	76	0ee1a670028400ed546a65d29c33403bd079faa988d8bbdddc3df7910b521a59
reciprocal_nomination	5:95	32:18		weak	32:18	5:95	5:95	cross_surah	label_target_note	ranked_review	A prescribed penalty for violating pilgrimage restrictions gives only a limited instance of wrongdoing and consequence.	focus_32_18_cutoff_100.tsv	50	abb63a47606ace4869aa92c12588b8f2ead5dceb4401a8ae5dfaeb668261420f
reciprocal_nomination	5:95	32:20		medium	32:20	5:95	5:95	cross_surah	label_target_note	ranked_review	Making an offender taste the consequence of an act supports embodied recompense without the Fire enclosure.	focus_32_20_cutoff_100.tsv	26	ee3a2e57756e8cc0d72e23539d2619838890c577fb05450b9ef7763d6eb0a56c
reciprocal_counterevidence	5:95	35:12		no value	35:12	5:95	5:95	cross_surah	label_target_note	ranked_review	-	focus_35_12_cutoff_100.tsv	93	6b2eb3c8a18aef6530da6674571e45f2a9b2def8fe987480eb50231610b063fd
reciprocal_nomination	5:95	35:17		weak	35:17	5:95	5:95	cross_surah	label_target_note	ranked_review	Allah's might in retribution for hunting violations is only a general power parallel.	focus_35_17_cutoff_100.tsv	90	dbe5889ed1677cdd224e6a90353da5952332a91ac2a5902d50ef563dddc1939b
reciprocal_nomination	5:95	35:39		weak	35:39	5:95	5:95	cross_surah	label_target_note	ranked_review	Repeated violation and retribution give a limited recurrence-and-consequence analogy.	focus_35_39_cutoff_100.tsv	85	a9bf60d487dc865b6ed33bb35198b3441ba3019dad97a5cc4c50da81921769a8
reciprocal_nomination	5:95	36:47		strong	36:47	5:95	5:95	cross_surah	label_target_note	missing_ayah_suggestion	It requires feeding needy people as one form of expiation, giving a second concrete legal instance of the duty.	focus_36_47_cutoff_100.tsv	124	8f580d73230cdadc85ffcff413b01d7ef16f52ca750dd4948694145772a81c1a
reciprocal_nomination	5:95	37:104		medium	37:104	5:95	5:95	cross_surah	label_target_note	missing_ayah_suggestion	Yasak av icin denk bir kurbanlikla telafi istenmesi, hayvan kurbani yoluyla ikame ve karsilik fikrine dolayli paraleldir.	focus_37_104_cutoff_100.tsv	110	42d9398d8adc9fa5b87c5179f53d2cd6f97111310ea6d6cefb29de3b5dc76edb
reciprocal_counterevidence	5:95	37:159		no value	37:159	5:95	5:95	cross_surah	label_target_note	ranked_review	The hunting expiation ruling has no relation to the focus.	focus_37_159_cutoff_100.tsv	64	3ab298b056150d41576b30ae8232c5dc21334b36e2f57afd54d64f2f9fb159bf
reciprocal_counterevidence	5:95	38:12		no value	38:12	5:95	5:95	cross_surah	label_target_note	ranked_review	The hunting expiation ruling is unrelated to the focus.	focus_38_12_cutoff_100.tsv	46	b5073b867ef0e4f31441f468dae47c9fc683499cc7704dbc01db1b1e6a314e0f
reciprocal_nomination	5:95	38:57		medium	38:57	5:95	5:95	cross_surah	label_target_note	ranked_review	Tasting the burden of one's act gives a direct experiential-consequence parallel in a legal expiation setting.	focus_38_57_cutoff_100.tsv	90	93515d4f9d7d02c72ae791d72ef834c34807f7c88ddeecdba0c101ca9bfd9cb0
reciprocal_counterevidence	5:95	39:34		no value	39:34	5:95	5:95	cross_surah	label_target_note	ranked_review	The legal expiation for hunting is unrelated to eschatological reward for doing good.	focus_39_34_cutoff_100.tsv	77	278d5df8921b8e263a96dc19c4be6673eb7c56110c8128bc094de1a1843a8720
reciprocal_nomination	5:95	39:35		strong	39:35	5:95	5:95	cross_surah	label_target_note	ranked_review	Expiation and assessed equivalent repair form a partial legal parallel.	focus_39_35_cutoff_100.tsv	71	f13ee877883960006d6793897678ffa73e83051a18ecabffc68211282e61bec9
reciprocal_nomination	5:95	39:37		strong	39:37	5:95	5:95	cross_surah	label_target_note	ranked_review	It explicitly names Allah as mighty possessor of vengeance while showing retribution for deliberate transgression.	focus_39_37_cutoff_100.tsv	40	e3fabcdbf0ca6761659b7025c5cc6e82eae02009e941d6d24bcce39b693b1e64
reciprocal_nomination	5:95	40:3		strong	40:3	5:95	5:95	cross_surah	label_target_note	missing_ayah_suggestion	God is described as Mighty and as the possessor of retribution.	focus_40_3_cutoff_100.tsv	123	619d4cd13bc13d1bb5c9d93f8b30a5a32b27f708b1f717a54d515508fb4d2236
reciprocal_counterevidence	5:95	40:15		no value	40:15	5:95	5:95	cross_surah	label_target_note	ranked_review	Legal expiation for hunting does not clarify the focus.	focus_40_15_cutoff_100.tsv	84	2a580fdd2fb2e6dc36df535120e98f17380100c9be70db7d38f98cbec11e0a67
reciprocal_counterevidence	5:95	40:30		no value	40:30	5:95	5:95	cross_surah	label_target_note	ranked_review	Its equivalence in expiation does not materially clarify the focus's warning from prior peoples.	focus_40_30_cutoff_100.tsv	100	420e107cdc592a4fd90180fb89225c5558f9475a9b263238189f3e558eeb7a36
reciprocal_nomination	5:95	40:37		weak	40:37	5:95	5:95	cross_surah	label_target_note	ranked_review	Measured expiation concerns a different account of deeds and does not clarify adornment, obstruction, or plotting.	focus_40_37_cutoff_100.tsv	35	53bc5075a4470270a4bc3b0608f04e1a926048576c76c399439f300236430865
reciprocal_counterevidence	5:95	41:13		no value	41:13	5:95	5:95	cross_surah	label_target_note	ranked_review	The expiation for hunting while consecrated does not relate to the focus's warning or its named peoples.	focus_41_13_cutoff_100.tsv	55	1de45d20a1ce82d1fdbadb6c092fa884fe17a2eab6f75d86fbdd58542fe76973
reciprocal_nomination	5:95	41:27		medium	41:27	5:95	5:95	cross_surah	label_target_note	ranked_review	An equivalent expiation makes the consequence of a deliberate act directly tasted.	focus_41_27_cutoff_100.tsv	97	a67ab70d2e960ecd806d87a3708327547e51c49366d852b8ed983378432f32c7
reciprocal_nomination	5:95	42:40		strong	42:40	5:95	5:95	cross_surah	label_target_note	ranked_review	Legal equivalent compensation is paired with prior pardon, closely matching measured redress.	focus_42_40_cutoff_100.tsv	61	3c7cb59863299247c94417829f2ad036237e07c278f580be6e673f968cd22870
reciprocal_nomination	5:95	43:25		medium	43:25	5:95	5:95	cross_surah	label_target_note	ranked_review	It connects transgression with tasted consequence and renewed divine retribution, though in a legal setting.	focus_43_25_cutoff_100.tsv	11	fcb90accb134e093def381997c96560e9d6e7d2803fddf041953a63395fdc13a
reciprocal_nomination	5:95	43:41		medium	43:41	5:95	5:95	cross_surah	label_target_note	ranked_review	Divine vengeance on a repeated deliberate violation provides a bounded accountability parallel.	focus_43_41_cutoff_100.tsv	54	d20bf7b9f5686de1cbec316d8e948db56383bdf07f1b848b71a11ac2c4fbe2f7
reciprocal_nomination	5:95	43:55		medium	43:55	5:95	5:95	cross_surah	label_target_note	ranked_review	It frames divine retaliation as a consequence that can recur after deliberate return to wrongdoing.	focus_43_55_cutoff_100.tsv	20	ed3aaca4f500d953e4856a42a8e5a379c71b153519282535a08611f5f0ec06b2
reciprocal_nomination	5:95	43:56		weak	43:56	5:95	5:95	cross_surah	label_target_note	ranked_review	Repeated wrongdoing meets vengeance after what has passed, but this is a legal case rather than a historical precedent.	focus_43_56_cutoff_100.tsv	20	1140e478f48c388d5d90d3e0f1dca9b762219533e3c135846e000120381cc483
reciprocal_nomination	5:95	44:16		medium	44:16	5:95	5:95	cross_surah	label_target_note	missing_ayah_suggestion	It joins divine might and vengeance in a concrete accountability setting.	focus_44_16_cutoff_100.tsv	105	39e381969505c78d0e6f3759401fed60647c72c909532f922afe7da890f31594
reciprocal_nomination	5:95	44:44		medium	44:44	5:95	5:95	cross_surah	label_target_note	ranked_review	Feeding poor people is prescribed as a penalty, linking food to the consequences of a violation.	focus_44_44_cutoff_100.tsv	67	8cdfad79346e6084662a1a49219d15aea9437e2858195539b3c241159172784b
reciprocal_nomination	5:95	44:49		medium	44:49	5:95	5:95	cross_surah	label_target_note	ranked_review	Uses tasting for the consequence of a deliberate act and names God عزيز ذو انتقام.	focus_44_49_cutoff_100.tsv	40	e64857722df03e146a2a737e09f631b9d78ee3a81ed3877747362f3f288d548a
reciprocal_counterevidence	5:95	48:3		no value	48:3	5:95	5:95	cross_surah	label_target_note	ranked_review	Retributive might adds no aid route.	focus_48_3_cutoff_100.tsv	88	02bf24e2973e724b18bc466865da9ff8ec5b2bc506483f854e1d2e80c37ecdc1
reciprocal_nomination	5:95	48:25		strong	48:25	5:95	5:95	cross_surah	label_target_note	missing_ayah_suggestion	Directly supplies an offering required to reach the Ka'bah.	focus_48_25_cutoff_100.tsv	109	88d41edc28eca7fa6f2ee252e1bcafa74e8ffcede649d32256d2bc63197ee62c
reciprocal_nomination	5:95	50:13		weak	50:13	5:95	5:95	cross_surah	label_target_note	ranked_review	Its return-and-consequence clause is only loosely parallel to f01.	focus_50_13_cutoff_100.tsv	81	b95602eb2065a236ae9e529154e74e697a4bb62c5812dea37201e39d05e67fd9
reciprocal_counterevidence	5:95	51:10		no value	51:10	5:95	5:95	cross_surah	label_target_note	ranked_review	Ritual killing regulation adds no material route to the focus.	focus_51_10_cutoff_100.tsv	73	cb18c7e98bf8b8e4a78b9eeda90fce65a625fc0c4e6b585cda82f6d2e4a68612
reciprocal_nomination	5:95	51:13		weak	51:13	5:95	5:95	cross_surah	label_target_note	ranked_review	Adds tasted consequence and recurrence, but not the focus's fire-testing relation.	focus_51_13_cutoff_100.tsv	74	5ee7630a5ebafb036477e123833f9660c5f2befa58d93a52e20a9888684d1c5f
reciprocal_nomination	5:95	51:14		medium	51:14	5:95	5:95	cross_surah	label_target_note	ranked_review	Presents tasted burden as the experienced consequence of an act.	focus_51_14_cutoff_100.tsv	89	3aa365dd5cb8c97277755277e8f70ce3c245ebf6c130d5aeb3b8d627d5ebf209
reciprocal_counterevidence	5:95	52:23		no value	52:23	5:95	5:95	cross_surah	label_target_note	ranked_review	Tail-audit card with no distinct focus relation.	focus_52_23_cutoff_100.tsv	97	05ae3f10f45b9f333223309e0ee2fb461a72aa70ebd04ccafee35ba341250046
reciprocal_counterevidence	5:95	53:6		no value	53:6	5:95	5:95	cross_surah	label_target_note	ranked_review	The dual attribute form is unrelated to strength, maturity, or settling.	focus_53_6_cutoff_100.tsv	100	386446d047a8f6b33ca8c99396fa471e901e2330e17c72c92786a85afb6fad20
reciprocal_nomination	5:95	54:39		medium	54:39	5:95	5:95	cross_surah	label_target_note	ranked_review	Adds consequence tasted as the outcome of deliberate conduct.	focus_54_39_cutoff_100.tsv	78	7a437ca75ffce7db39f83ea8c92ee6fa10ceebeeaf94b9316d3425fe1fbdbc9b
reciprocal_nomination	5:95	55:9		medium	55:9	5:95	5:95	cross_surah	label_target_note	missing_ayah_suggestion	Material equivalence and two just arbiters give a bounded compensation application.	focus_55_9_cutoff_100.tsv	115	176746a315475872720044852febd39b0dceec4d6ada7997c5f3bd84385d817f
reciprocal_counterevidence	5:95	55:12		no value	55:12	5:95	5:95	cross_surah	label_target_note	ranked_review	The ذَوَا and ذُو retrieval matches supply no relation to either focus reading.	focus_55_12_cutoff_100.tsv	88	fc2af98f9eae15b79d72c7b7de9bf0e30cbc8ff2230cb200d2d02f0487514fc9
reciprocal_counterevidence	5:95	56:61		no value	56:61	5:95	5:95	cross_surah	label_target_note	ranked_review	Legal equivalence for hunted game does not add to the focus's creative replacement.	focus_56_61_cutoff_100.tsv	99	80a426c5d7383e7bdf728f0b6e50d01c8f3ca52812a7b66b89743c07f72fca73
reciprocal_nomination	5:95	58:3		medium	58:3	5:95	5:95	cross_surah	label_target_note	ranked_review	Repeat violation after prior pardon preserves a recurrence boundary.	focus_58_3_cutoff_100.tsv	94	20883c2b112236504a090552fa13caddd8aabd905ced692c13596e5acd85a6b7
reciprocal_nomination	5:95	58:4		medium	58:4	5:95	5:95	cross_surah	label_target_note	ranked_review	Strong structural parallel: assessed repair can take the form of feeding or fasting.	focus_58_4_cutoff_100.tsv	32	eca41287a4fa720c387746042676bface755763b438734846db509360812b7aa
reciprocal_nomination	5:95	58:12		medium	58:12	5:95	5:95	cross_surah	label_target_note	missing_ayah_suggestion	Atonement moves among feeding, equivalent offering, and fasting according to capacity.	focus_58_12_cutoff_100.tsv	127	dafdc6e29237c8625d8547ec0f33126f82c924c003623332c64b1b20e2051a97
reciprocal_nomination	5:95	59:15		strong	59:15	5:95	5:95	cross_surah	label_target_note	ranked_review	Combines proportional recompense, tasting an act's consequence, and recurrence.	focus_59_15_cutoff_100.tsv	24	29061fdbe6ef7aad68d25194d3b7dd20bcaa05807434464bb27587c1bb365689
reciprocal_counterevidence	5:95	59:17		no value	59:17	5:95	5:95	cross_surah	label_target_note	ranked_review	Ritual violation compensation does not clarify the focal outcome.	focus_59_17_cutoff_100.tsv	47	4e8747b1c249181af3e1b5769752ac9ce4f4cf02595283a9996e8312d33f328e
reciprocal_nomination	5:95	60:11		strong	60:11	5:95	5:95	cross_surah	label_target_note	missing_ayah_suggestion	Uses an explicitly equivalent compensation measured by qualified judgment, a close formal parallel to measured redress.	focus_60_11_cutoff_100.tsv	119	f5f701897e4114d4fa64f82efea2c8b8a21ee18877db464dec2db23d5a515b87
reciprocal_nomination	5:95	64:5		medium	64:5	5:95	5:95	cross_surah	label_target_note	ranked_review	Shows consequence becoming directly undergone within a bounded reparative case.	focus_64_5_cutoff_100.tsv	6	4d0df2d918963d3dfc2666099267df5720c65b27ce3438cabc76edb3678b58bc
reciprocal_nomination	5:95	65:2		medium	65:2	5:95	5:95	cross_surah	label_target_note	ranked_review	Offers a model of just assessors and measured remedial equivalents.	focus_65_2_cutoff_100.tsv	37	1b148b8f85e60db5c2c7f11f053c4fa5423e13b3498173b0003af4a502a89731
reciprocal_nomination	5:95	65:3		weak	65:3	5:95	5:95	cross_surah	label_target_note	ranked_review	Proportioned recompense and tasting consequence provide a secondary qadr/account parallel.	focus_65_3_cutoff_100.tsv	55	ee918aebae6bd5907038cf7c2bda436c349efe518a555d5f76ae8a8ef0891810
reciprocal_nomination	5:95	65:9		strong	65:9	5:95	5:95	cross_surah	label_target_note	ranked_review	Tasting the wabal of one's affair in a measured recompense strongly clarifies the formula.	focus_65_9_cutoff_100.tsv	34	a5fda033ddc3c3f2e6fc199535934f7ae152ced323940dd9101977369c090390
reciprocal_nomination	5:95	68:24		medium	68:24	5:95	5:95	cross_surah	label_target_note	ranked_review	Feeding needy people functions as concrete redress after violation, relevant to withheld provision.	focus_68_24_cutoff_100.tsv	31	e154be421cde9c4ea46a878621759dd3956924fb7d44cd8cb2c8c2b4fd655f12
reciprocal_nomination	5:95	69:24		weak	69:24	5:95	5:95	cross_surah	label_target_note	ranked_review	What preceded is excused in a legal setting; only a distant advance parallel.	focus_69_24_cutoff_100.tsv	51	8d6cdeda0a0b26d7a667154165bbda12950539dd454df9a583817f2419347b77
reciprocal_nomination	5:95	69:34		medium	69:34	5:95	5:95	cross_surah	label_target_note	ranked_review	Feeding poor people as expiation supplies another legal-reparative use of provision.	focus_69_34_cutoff_100.tsv	49	5d3903040392b498ee01bc6be07b15720fc1267d0ed2200a1dbae16f9081b8bc
reciprocal_nomination	5:95	69:36		weak	69:36	5:95	5:95	cross_surah	label_target_note	ranked_review	Food as compensation is a weak procedural contrast to punitive food.	focus_69_36_cutoff_100.tsv	55	4696229e09c70736f854fcdf569058447363214deff175758d106ab8ed8c0aaa
reciprocal_nomination	5:95	69:37		medium	69:37	5:95	5:95	cross_surah	label_target_note	missing_ayah_suggestion	Feeding needy people as expiation links food and culpable consequence.	focus_69_37_cutoff_100.tsv	103	1eb30f89978fe37b4ac1a4454c948687700bc4f87e86101116b0759e4544c9fd
reciprocal_nomination	5:95	70:24		medium	70:24	5:95	5:95	cross_surah	label_target_note	missing_ayah_suggestion	Material feeding or equivalent compensation supplies a measured remedial obligation.	focus_70_24_cutoff_100.tsv	128	4486d498691ab3102b93fbe879ed6ba35e6470a9be55929c5bfb33615e9ed0ed
reciprocal_nomination	5:95	70:25		weak	70:25	5:95	5:95	cross_surah	label_target_note	ranked_review	The material-repair pattern is secondary and has no supplied focus route.	focus_70_25_cutoff_100.tsv	88	a9b5cad397fc9677678bf3e7d206a462ab48852cde80c2e655e9e2c64a3acec7
reciprocal_counterevidence	5:95	73:3		no value	73:3	5:95	5:95	cross_surah	label_target_note	ranked_review	Alternative expiations do not clarify night duration.	focus_73_3_cutoff_100.tsv	76	5d33a3fc1e936bc4c42663a31d36a81216ac4f51ff03004a3a9fe4e6a08c56ee
reciprocal_nomination	5:95	73:16		medium	73:16	5:95	5:95	cross_surah	label_target_note	ranked_review	Adds a secondary sense of wabal as a consequence personally experienced.	focus_73_16_cutoff_100.tsv	6	397080f20f0d9b8198c3a2be97bd0a512e0d1b289dee6ef67a219871ca589eb1
reciprocal_counterevidence	5:95	74:1		no value	74:1	5:95	5:95	cross_surah	label_target_note	ranked_review	A pilgrimage hunting ruling, with no focused connection.	focus_74_1_cutoff_100.tsv	94	080cb838f1c17cf62c25c21fbc7fe212d98f337301f45b174ec92bddf1e8c33b
reciprocal_nomination	5:95	74:44		medium	74:44	5:95	5:95	cross_surah	label_target_note	ranked_review	Uses feeding poor people as one compensatory path after a violation, alongside equivalent sacrifice or fasting.	focus_74_44_cutoff_100.tsv	61	2a983b737d21815287a81fbb14a84d1b9d31fc2851aa265abf4591c4d0e4831e
reciprocal_nomination	5:95	76:8		medium	76:8	5:95	5:95	cross_surah	label_target_note	ranked_review	Miskinleri doyurmayı bir ihlalin telafisi olarak sunar.	focus_76_8_cutoff_100.tsv	81	40f4381d1a6ad9b55b91ecc87a4d499847f9fc7c41ec9597968e2ab6a8a26696
reciprocal_nomination	5:95	76:9		weak	76:9	5:95	5:95	cross_surah	label_target_note	ranked_review	Compensatory feeding of the needy is a legal restitution contrast to freely offered food without return.	focus_76_9_cutoff_100.tsv	49	755ac02d0ed1e210c8fbd826fe5c724bce72c4db332f046d402c21f6bb8df6e0
reciprocal_nomination	5:95	78:26		strong	78:26	5:95	5:95	cross_surah	label_target_note	ranked_review	An equivalent legal compensation, alternative expiation, and tasting consequence give a concrete model of measured return.	focus_78_26_cutoff_100.tsv	84	a76aa18710cc79917c28e36f08b5139ce8bd9c952b9729fcbc1a6ae5dcf21af7
reciprocal_nomination	5:95	78:33		weak	78:33	5:95	5:95	cross_surah	label_target_note	ranked_review	The sanctuary root match is incidental and adds no clear evidence.	focus_78_33_cutoff_100.tsv	16	f2def8f9bdaddc17527ad4ca844d47eecb39bc09119d1added695e070750ead1
reciprocal_counterevidence	5:95	80:17		no value	80:17	5:95	5:95	cross_surah	label_target_note	ranked_review	Legal hunting and expiation do not explain 80:17.	focus_80_17_cutoff_100.tsv	40	0d4090cc3ec779ad96103b3cdcb696ddf2658f31dd03996a14cc05e4058a82b2
reciprocal_nomination	5:95	80:23		medium	80:23	5:95	5:95	cross_surah	label_target_note	ranked_review	A concrete prohibition and consequence show accountable compliance, but are contextually narrow.	focus_80_23_cutoff_100.tsv	49	4510adf0730ef596b8f93f1c3735a1e9878c7f8ac97b6f4e6a9bf98d35170c96
reciprocal_nomination	5:95	83:1		medium	83:1	5:95	5:95	cross_surah	label_target_note	ranked_review	Adds proportional recompense and consequence for a violation.	focus_83_1_cutoff_100.tsv	97	0836d23d9dc989ea2d988aa9060ba0024641f49b95ebbc201bf2e6332ad105b1
reciprocal_counterevidence	5:95	83:25		no value	83:25	5:95	5:95	cross_surah	label_target_note	ranked_review	Tail-audit item with no focused addition.	focus_83_25_cutoff_100.tsv	98	150e127b0c71cdfe98827e2e181ea7f3eda2c6adc62f99e1561e9e92a96243c5
reciprocal_counterevidence	5:95	83:26		no value	83:26	5:95	5:95	cross_surah	label_target_note	ranked_review	Telafi hükümleri, odak ayetin ana okumalarına ek sağlamaz.	focus_83_26_cutoff_100.tsv	94	115f381b07482c526f10f73eb2f0b8056be9f96eb8ce34713996af339ee77292
reciprocal_nomination	5:95	85:13		medium	85:13	5:95	5:95	cross_surah	label_target_note	ranked_review	Return to a prohibited act marks a recurrence boundary after pardon.	focus_85_13_cutoff_100.tsv	74	1332fe996b8cdb0a92497df78e6f9899800f43716969539b361d8f5bd9a1dabc
reciprocal_counterevidence	5:95	87:19		no value	87:19	5:95	5:95	cross_surah	label_target_note	ranked_review	Legal expiation details add no focused evidence.	focus_87_19_cutoff_100.tsv	94	c5139e7a492a0ef3d9772d74debf00195d08c3a9fe6c8d31e04e470e28d4393d
reciprocal_nomination	5:95	88:6		weak	88:6	5:95	5:95	cross_surah	label_target_note	ranked_review	Feeding as reparation contrasts the focus without explaining it.	focus_88_6_cutoff_100.tsv	75	f2c719f71a6510d11b0b226f76e3a3590474465acd5a0603234807075fa2d5aa
reciprocal_counterevidence	5:95	89:7		no value	89:7	5:95	5:95	cross_surah	label_target_note	ranked_review	The root match is a different word and adds no relevant context.	focus_89_7_cutoff_100.tsv	42	381b027130be90a34606826c78dd63df165e64d65a7b5d35a98acb1292d36d2a
reciprocal_nomination	5:95	89:18		weak	89:18	5:95	5:95	cross_surah	label_target_note	ranked_review	Feeding poor people is a legal compensation, now redundant with earlier examples.	focus_89_18_cutoff_100.tsv	40	a08be3dfd865395513dbd81462594c2dc6f14841a95c73463fedba2e2ee4d2e4
reciprocal_nomination	5:95	90:12		medium	90:12	5:95	5:95	cross_surah	label_target_note	missing_ayah_suggestion	Uses feeding needy people as a concrete compensatory act.	focus_90_12_cutoff_100.tsv	142	f8b8d7fb02b6586a91c8223891c60e84eed8b1c935563eb1b253053766a04e98
reciprocal_nomination	5:95	90:14		medium	90:14	5:95	5:95	cross_surah	label_target_note	missing_ayah_suggestion	Legal feeding of needy people is a parallel, bounded formula.	focus_90_14_cutoff_100.tsv	112	afd98020604715269e7598f1033e3c44119ad2b154060609e0cc3f5a711f94fb
reciprocal_nomination	5:95	90:16		weak	90:16	5:95	5:95	cross_surah	label_target_note	missing_ayah_suggestion	Its طعام مساكين provision is likewise an expiatory boundary case.	focus_90_16_cutoff_100.tsv	111	60a667d3f3bfff0f9142f064b829b7330d2400e5e867d5dc7d3b77631a1a7381
reciprocal_counterevidence	5:95	98:5		no value	98:5	5:95	5:95	cross_surah	label_target_note	ranked_review	Legal expiation detail does not clarify 98:5.	focus_98_5_cutoff_100.tsv	93	05f28bf67da158e6dfef114658085548a1f25480cfc523caf374b3e5e31abcd8
reciprocal_nomination	5:95	104:9		weak	104:9	5:95	5:95	cross_surah	label_target_note	ranked_review	Its contrastive accountability route is too remote from the focus's architecture and duration.	focus_104_9_cutoff_100.tsv	27	31880171eac90fa21affc050b5e0528be268b5aa4361bbf9a52f7428ca2b197b
reciprocal_nomination	5:95	107:3		medium	107:3	5:95	5:95	cross_surah	label_target_note	ranked_review	Yoksulları besleme telafi yolu olarak görünür; yükümlü paylaşımın kurumsal örneğidir.	focus_107_3_cutoff_100.tsv	47	b8bab9759ff56e8adafc66266ecf637bfc2260aa21f998e5865f48ab3c789570
reciprocal_nomination	5:95	107:7		medium	107:7	5:95	5:95	cross_surah	label_target_note	missing_ayah_suggestion	Required feeding of needy people establishes material restoration.	focus_107_7_cutoff_100.tsv	137	d07abfffcf301345c403e5dfd8d6eb585b8c14b2a7dc674d78704b354236cbda
reciprocal_nomination	5:95	108:2		medium	108:2	5:95	5:95	cross_surah	label_target_note	missing_ayah_suggestion	Hady reaching the Kabah supplies a regulated nahr-side counterpart.	focus_108_2_cutoff_100.tsv	109	1931da335f3956e3d0850ec7b9daf3183b90766fd2a4fe3a1dbf92be701ed18a
