record_type	focus_ref	target_ref	focus_direction_label	source_direction_label	source_focus_ref	source_target_ref	source_target_component_ref	relation_scope	source_column_order	source_row_role	source_note	source_file	source_line	source_row_sha256
directional_review	17:59	18:56	strong	strong	17:59	18:56	18:56	cross_surah	label_target_note	ranked_review	Defines sending messengers as warning while deniers mock signs.	focus_17_59_cutoff_100.tsv	1	16c9c90e698800dc39913ea6b53147c18083b8e7612e7642c398c3b322618aaf
directional_review	17:59	20:133	strong	strong	17:59	20:133	20:133	cross_surah	label_target_note	ranked_review	Sets a demand for a sign against already-present earlier documentary evidence.	focus_17_59_cutoff_100.tsv	2	e8828bca3df5e59164b18d6961e5db1b3851471352ae20d06a07fc9a0bda914b
directional_review	17:59	3:175	weak	weak	17:59	3:175	3:175	cross_surah	label_target_note	ranked_review	Offers a secondary contrast between misdirected fear and fear's proper object.	focus_17_59_cutoff_100.tsv	3	20a0a61d6bc67d1b2272f2db43f3d2050a520471012df7c71413f76522b0e8bd
directional_review	17:59	6:48	strong	strong	17:59	6:48	6:48	cross_surah	label_target_note	ranked_review	Parallels the restricted purpose of sending: good news and warning.	focus_17_59_cutoff_100.tsv	4	27e17f04f28fdd29e89ad8f21988b1247c16d313d374ff445a9260478aaab638
directional_review	17:59	17:58	strong	strong	17:59	17:58	17:58	same_surah	label_target_note	ranked_review	Immediate context joins recorded communal destruction to the warning of 17:59.	focus_17_59_cutoff_100.tsv	5	7054bc0981a9585cd08c6b830b66422ec4948b1e6c50b8f1792d36b1d07f2393
directional_review	17:59	69:39	medium	medium	17:59	69:39	69:39	cross_surah	label_target_note	ranked_review	Qualifies visible evidence by marking a domain beyond present sight.	focus_17_59_cutoff_100.tsv	6	b6b13a225d98042188663563799ca00203d37ad2428715e0ee4ae680962ac6bc
directional_review	17:59	7:103	strong	strong	17:59	7:103	7:103	cross_surah	label_target_note	ranked_review	Shows signs being wronged and their destructive aftermath in an earlier people.	focus_17_59_cutoff_100.tsv	7	c17bb0213484c4bf329008d2df8e119cc3090baa0b703e50939245a0bc8ec001
directional_review	17:59	17:51	weak	weak	17:59	17:51	17:51	same_surah	label_target_note	ranked_review	Shares nearby resurrection dispute but adds little on signs or warning.	focus_17_59_cutoff_100.tsv	8	a0952fcf0254268a350154674389e0d41b97da658173ad5535a12db12c632ba6
directional_review	17:59	68:5	medium	medium	17:59	68:5	68:5	cross_surah	label_target_note	ranked_review	Preserves the reading that shared seeing need not yield shared understanding.	focus_17_59_cutoff_100.tsv	9	fb4152bbde45de26669cc61ac9121fa618b6a5fc432ba24a06364e8cd492e94f
directional_review	17:59	7:77	strong	strong	17:59	7:77	7:77	cross_surah	label_target_note	ranked_review	Supplies Thamud's concrete violation of the she-camel and defiant response.	focus_17_59_cutoff_100.tsv	10	d33e579080ad069443355d38e82d54a9ed2541f6e51ed9eb86c2f66fd91beb2e
directional_review	17:59	20:134	strong	strong	17:59	20:134	20:134	cross_surah	label_target_note	ranked_review	Shows messenger and signs as removing a later excuse before punishment.	focus_17_59_cutoff_100.tsv	11	ebcc60faba9e2f6ddc2888251092b19335aee316bb8b838991d6060740bb1ae6
directional_review	17:59	39:16	strong	strong	17:59	39:16	39:16	cross_surah	label_target_note	ranked_review	Directly presents fear as a preventive divine warning.	focus_17_59_cutoff_100.tsv	12	97a64f5f4963d1209cead65c3aba0ace8af6c4b1d5b0684ebd28ba709c37cf35
directional_review	17:59	18:55	strong	strong	17:59	18:55	18:55	cross_surah	label_target_note	ranked_review	Closely parallels prevention, earlier precedent, and the arrival of punishment.	focus_17_59_cutoff_100.tsv	13	8d775561b6ea76f208d71dbeaf3c21225612bb31ffff0311a5424d887d2fce2a
directional_review	17:59	17:60	strong	strong	17:59	17:60	17:60	same_surah	label_target_note	ranked_review	Immediate continuation: a trial and warning can increase rebellion rather than compel.	focus_17_59_cutoff_100.tsv	14	5480c2364c50cc68d9b12fe28254db88a9a7dbdfe0501d4b12a6addcb1fbe839
directional_review	17:59	50:25	weak	weak	17:59	50:25	50:25	cross_surah	label_target_note	ranked_review	Adds a secondary sense of obstruction, not the withholding of signs.	focus_17_59_cutoff_100.tsv	15	477cbed22f8be95a8a2da13fbe804855765a10c802b57318d549a8535f1712a3
directional_review	17:59	27:13	strong	strong	17:59	27:13	27:13	cross_surah	label_target_note	ranked_review	Shows conspicuously clear signs being recast as sorcery.	focus_17_59_cutoff_100.tsv	16	dbd9e6d5abddca365a4f9cd00390570d07d9ea74a0e01c7c6563218f2bf3501d
directional_review	17:59	17:5	no value	no value	17:59	17:5	17:5	same_surah	label_target_note	ranked_review	Historical promise language does not clarify the sending or purpose of signs.	focus_17_59_cutoff_100.tsv	17	077cbb0535609ccf689706f62003ba8bb7172522a8cb0343e9adb903f50bbadd
directional_review	17:59	7:12	weak	weak	17:59	7:12	7:12	cross_surah	label_target_note	ranked_review	Offers a secondary account of what can obstruct response to a command.	focus_17_59_cutoff_100.tsv	18	ecef9bddabfccccceec82c06043d508e5d59a67d5637e0eeee371deb79e71c48
directional_review	17:59	26:141	strong	strong	17:59	26:141	26:141	cross_surah	label_target_note	ranked_review	Names Thamud's denial of the messengers.	focus_17_59_cutoff_100.tsv	19	026e7e53282103ee6868cec56003c9f4f475a27073c357e7e7d1985764d95515
directional_review	17:59	21:95	medium	medium	17:59	21:95	21:95	cross_surah	label_target_note	ranked_review	Extends the destroyed-settlement reading with irreversible nonreturn.	focus_17_59_cutoff_100.tsv	20	a393fa981159ee653eff216e0eb91e778c4272c6022a562b4699cae3f953da4f
directional_review	17:59	53:17	medium	medium	17:59	53:17	53:17	cross_surah	label_target_note	ranked_review	Keeps a bounded, non-excessive account of sight alongside its contrast reading.	focus_17_59_cutoff_100.tsv	21	409e0187acfab2e5b585286a0d426ff0c0bd91c94cc69740c15326822f67a083
directional_review	17:59	37:17	no value	no value	17:59	37:17	37:17	cross_surah	label_target_note	ranked_review	Only repeats an ancestor-resurrection question.	focus_17_59_cutoff_100.tsv	22	6a983d7823f3c20b9fb8a74a6198a2fd28a4d5e040a22dd79cd2970d57b005db
directional_review	17:59	17:7	no value	no value	17:59	17:7	17:7	same_surah	label_target_note	ranked_review	Adds retribution history without clarifying signs or warning.	focus_17_59_cutoff_100.tsv	23	1982b4cd75dabc62027db1ff52447221f0c7239792a77fc818a6a23e35fa5730
directional_review	17:59	18:26	weak	weak	17:59	18:26	18:26	cross_surah	label_target_note	ranked_review	Provides a secondary contrast between divine knowledge and human sight.	focus_17_59_cutoff_100.tsv	24	8ff0aef360d7a6dc2ac11ca4b00b2f305e46033fb5c35b256696d013333bf3c7
directional_review	17:59	96:13	weak	weak	17:59	96:13	96:13	cross_surah	label_target_note	ranked_review	States denial generally without adding a sign-specific mechanism.	focus_17_59_cutoff_100.tsv	25	19b0853b1fcb59ca11ea9efd9c125b81813ec8b0cdbd3e98538b814c53cd8f8a
directional_review	17:59	19:74	weak	weak	17:59	19:74	19:74	cross_surah	label_target_note	ranked_review	Adds former generations' destruction as a broad historical precedent.	focus_17_59_cutoff_100.tsv	26	acf073878a8fc2659a1c0315bf2757c63a570a79204546221fd2ae23421ea00a
directional_review	17:59	20:92	weak	weak	17:59	20:92	20:92	cross_surah	label_target_note	ranked_review	Offers a secondary inquiry into what stopped further intervention after warning.	focus_17_59_cutoff_100.tsv	27	2aa374f11e5304fbcf23373e0b158317ac64973ce4bf93c4805774256a0166c8
directional_review	17:59	56:48	no value	no value	17:59	56:48	56:48	cross_surah	label_target_note	ranked_review	Only repeats an ancestor-resurrection question.	focus_17_59_cutoff_100.tsv	28	dfa405be5b393988055930f46b2f078c36ae8783f454f8c9f6ff0d567020deee
directional_review	17:59	17:64	no value	no value	17:59	17:64	17:64	same_surah	label_target_note	ranked_review	Does not illuminate the warning-sign relation.	focus_17_59_cutoff_100.tsv	29	7ade8a8311f2a48546acb1e778796122f906d4a94e901908f4f5f9793ba218e4
directional_review	17:59	24:43	medium	medium	17:59	24:43	24:43	cross_surah	label_target_note	ranked_review	Preserves the reading that overwhelming visible light need not improve perception.	focus_17_59_cutoff_100.tsv	30	e922ecf8f04a652b9e8ebd06fdec8579f2e8b3bb596d42ea13e0bd57f0faa7fa
directional_review	17:59	54:23	strong	strong	17:59	54:23	54:23	cross_surah	label_target_note	ranked_review	Directly identifies Thamud as deniers of warnings.	focus_17_59_cutoff_100.tsv	31	6d79e3bec4e9bc8dae5bd80de2b9205ffe25b9d8bcb82aab0c2ad13e2a487380
directional_review	17:59	36:31	medium	medium	17:59	36:31	36:31	cross_surah	label_target_note	ranked_review	Makes destroyed earlier generations an observable lesson.	focus_17_59_cutoff_100.tsv	32	db76e879c599682d2e6a1e28f4f7d71725381200e59e77f6709b344026b94d7c
directional_review	17:59	22:61	weak	weak	17:59	22:61	22:61	cross_surah	label_target_note	ranked_review	Only supplies a broad divine seeing frame.	focus_17_59_cutoff_100.tsv	33	006beecd6b245e935796a6a9b2655f19cfccb96ce57e25383bec37930faabf03
directional_review	17:59	54:27	strong	strong	17:59	54:27	54:27	cross_surah	label_target_note	ranked_review	Explicitly calls the she-camel a sent test requiring watchful patience.	focus_17_59_cutoff_100.tsv	34	8244897e3b810fa16b18642633a6e67172a7fd8d091bd89a9047ddd1a3191d33
directional_review	17:59	17:41	medium	medium	17:59	17:41	17:41	same_surah	label_target_note	ranked_review	Nearby context shows repeated presentation can increase aversion rather than response.	focus_17_59_cutoff_100.tsv	35	cd7cb3ec0309f91c294c4dc211796f51320e55829e25ce2e9cc315b2102701f8
directional_review	17:59	56:33	weak	weak	17:59	56:33	56:33	cross_surah	label_target_note	ranked_review	Adds a secondary obstruction reading unrelated to the sending of signs.	focus_17_59_cutoff_100.tsv	36	4ae3e618aeb6df20b3017fa4fc6a4cf890dec8540e6ba64ea6cd96d1e96039f2
directional_review	17:59	91:11	strong	strong	17:59	91:11	91:11	cross_surah	label_target_note	ranked_review	Attributes Thamud's denial to their transgressive excess.	focus_17_59_cutoff_100.tsv	37	423cc382546ee5988a1fe503de954523f13387d1453101f7c59522a8577245cf
directional_review	17:59	12:109	medium	medium	17:59	12:109	12:109	cross_surah	label_target_note	ranked_review	Connects human messengers and travel through earlier peoples' outcomes.	focus_17_59_cutoff_100.tsv	38	31f5d67d71ea5e0b8c23eb1032ea488f250eb1f543743bc7dcaae971a5296373
directional_review	17:59	67:23	medium	medium	17:59	67:23	67:23	cross_surah	label_target_note	ranked_review	Adds that functioning senses and heart still need not produce grateful response.	focus_17_59_cutoff_100.tsv	39	810be8fd37f507f90fe2f40e1c802992ea2660fee648595510494dfbd592742d
directional_review	17:59	17:12	strong	strong	17:59	17:12	17:12	same_surah	label_target_note	ranked_review	Offers a local model of a visible sign ordered for human knowledge and use.	focus_17_59_cutoff_100.tsv	40	ab32bff673b1c4f960be7a4a7edcffc2e3e083df93e86965d849905b24e6bbb3
directional_review	17:59	17:89	medium	medium	17:59	17:89	17:89	same_surah	label_target_note	ranked_review	Nearby context shows varied Quranic presentation met by persistent refusal.	focus_17_59_cutoff_100.tsv	41	79ceabfb00dbea04052eebd6e73d7295dc5dfd00de691007c252d1c88b0fabbf
directional_review	17:59	2:114	weak	weak	17:59	2:114	2:114	cross_surah	label_target_note	ranked_review	Uses prevention in a different setting, with only a secondary obstruction reading.	focus_17_59_cutoff_100.tsv	42	f4d083439ed0599f6d749600e51955f68ec6ac8c4ca4ccb39ccd8cfa601ea1af
directional_review	17:59	2:87	medium	medium	17:59	2:87	2:87	cross_surah	label_target_note	ranked_review	Shows clear proofs accompanying messengers yet being denied and met with violence.	focus_17_59_cutoff_100.tsv	43	5f77d5a609085234aeec88fc4fc3886ccfb433ade0345884f4201ff98d5658bd
directional_review	17:59	17:35	no value	no value	17:59	17:35	17:35	same_surah	label_target_note	ranked_review	Does not clarify signs, denial, or warning.	focus_17_59_cutoff_100.tsv	44	7acaf850b476b18f750a582a942121f9e66edbf04111b7a9862119bc77642f80
directional_review	17:59	37:175	weak	weak	17:59	37:175	37:175	cross_surah	label_target_note	ranked_review	Only broadly anticipates later seeing of an outcome.	focus_17_59_cutoff_100.tsv	45	9c9272c2fe6ddcedb67ed0dcecdae9c70398d07637c2f0bfa8aad083e1700e36
directional_review	17:59	27:45	medium	medium	17:59	27:45	27:45	cross_surah	label_target_note	ranked_review	Places Salih's mission to Thamud before their division and dispute.	focus_17_59_cutoff_100.tsv	46	b0eeeaf85c26f2863297eb282a56fb7d5eaba00d57dc6b2763c4931c99e5be79
directional_review	17:59	32:26	medium	medium	17:59	32:26	32:26	cross_surah	label_target_note	ranked_review	Turns the dwellings of destroyed peoples into enduring signs for later walkers.	focus_17_59_cutoff_100.tsv	47	c8fd96ff7ab9084381060c2ac84f7b8db85904ea9ab6fafad5bcb40e395c4fe7
directional_review	17:59	37:179	weak	weak	17:59	37:179	37:179	cross_surah	label_target_note	ranked_review	Provides only a broad imperative to look toward the ensuing outcome.	focus_17_59_cutoff_100.tsv	48	b86e126122f3897e395adfae0c20271cbea73381c9f3a90cac00cf533e52f536
directional_review	17:59	7:73	strong	strong	17:59	7:73	7:73	cross_surah	label_target_note	ranked_review	Names the she-camel as a sign and prohibits harming it under threat of punishment.	focus_17_59_cutoff_100.tsv	49	1ca4ee533b8a08853a1471b8b129387b08f704d31acf4e6459f30c73bc0fd27f
directional_review	17:59	17:97	weak	weak	17:59	17:97	17:97	same_surah	label_target_note	ranked_review	Nearby blindness and guidance language only indirectly bears on receptive response.	focus_17_59_cutoff_100.tsv	50	690d70dd3f343f294767b03fc737f95fa52ebd6241b04f025fe7065917fcaf5c
directional_review	17:59	49:18	weak	weak	17:59	49:18	49:18	cross_surah	label_target_note	ranked_review	Adds divine sight of hidden and outward conduct, not the function of signs.	focus_17_59_cutoff_100.tsv	51	1946e406a88160a9e9003c10f5db2e086f07676632d60196ef17ae4f00598249
directional_review	17:59	38:14	strong	strong	17:59	38:14	38:14	cross_surah	label_target_note	ranked_review	Generalizes the historical pattern: denial of messengers brings due retribution.	focus_17_59_cutoff_100.tsv	52	69f0e16704b9fc4ee283b940d963caf905805c7ee007df9bf3b18ca39e0f613f
directional_review	17:59	57:19	medium	medium	17:59	57:19	57:19	cross_surah	label_target_note	ranked_review	Links denial of signs with consequence and a channel of truth being covered.	focus_17_59_cutoff_100.tsv	53	f35be72b2a81dcd00d45eec9b2445d57bd224abc66fbe11d2398382dd7617897
directional_review	17:59	38:63	weak	weak	17:59	38:63	38:63	cross_surah	label_target_note	ranked_review	Offers only a speculative secondary account of sight going astray.	focus_17_59_cutoff_100.tsv	54	61f60cfc613423109fd938ee36ecbd2d3e4b14825cd47cf205d7562df73466c6
directional_review	17:59	9:54	medium	medium	17:59	9:54	9:54	cross_surah	label_target_note	ranked_review	Uses the same prevention form to locate disbelief as a barrier to acceptance.	focus_17_59_cutoff_100.tsv	55	41aed02676877765d669a111c88105746cac504c4bc25e614522410fb7f44edb
directional_review	17:59	5:71	no value	no value	17:59	5:71	5:71	cross_surah	label_target_note	ranked_review	Its retained channel is unrelated to the focus relation.	focus_17_59_cutoff_100.tsv	56	ffb88a3e9b9ffc4cb3a56c59a24a749492d7426249f9b01e7d932b75be410a88
directional_review	17:59	52:15	medium	medium	17:59	52:15	52:15	cross_surah	label_target_note	ranked_review	Shows that the issue can be misclassifying what is seen, not absent sight.	focus_17_59_cutoff_100.tsv	57	aa5e6dca674158c44c6bc518f724139430d623a0c9194633d210d09ad8e0b03f
directional_review	17:59	21:5	strong	strong	17:59	21:5	21:5	cross_surah	label_target_note	ranked_review	Directly records a demand for a sign like those sent to earlier peoples.	focus_17_59_cutoff_100.tsv	58	8791ff31ed38e5c29d7188ddeb524f2f0e253b845a9ad9aa977ff1a99aa5f4dd
directional_review	17:59	5:100	no value	no value	17:59	5:100	5:100	cross_surah	label_target_note	ranked_review	Does not clarify the focus relation.	focus_17_59_cutoff_100.tsv	59	1cda986bda5ba1adb411dcc78492d438c3a3171d84ce143c73467228ac69752a
directional_review	17:59	35:31	weak	weak	17:59	35:31	35:31	cross_surah	label_target_note	ranked_review	Provides a secondary divine seeing frame without a sign-specific contribution.	focus_17_59_cutoff_100.tsv	60	82649a420e8fb28815fd2887e3a834943a6d66c2920cd13056024a0e04eb995f
directional_review	17:59	4:153	medium	medium	17:59	4:153	4:153	cross_surah	label_target_note	ranked_review	Shows a demand for greater visible proof followed by wrongdoing despite clear proofs.	focus_17_59_cutoff_100.tsv	61	490bdbba7d14137606c7c7b767e2371a0264b92038acd45faf3ff2b4a103d083
directional_review	17:59	20:113	weak	weak	17:59	20:113	20:113	cross_surah	label_target_note	ranked_review	Adds that Quranic warnings aim at caution, without explaining sign withholding.	focus_17_59_cutoff_100.tsv	62	6e353f4420154695178e006aaaff80093151b1c670795dc3ad84430752978b0a
directional_review	17:59	17:94	strong	strong	17:59	17:94	17:94	same_surah	label_target_note	ranked_review	Nearby context identifies a preconception about a human messenger as blocking belief.	focus_17_59_cutoff_100.tsv	63	8f1e1c5c96b2369bb218a28fbe4c1cdd2df1f8260005515d4b04e417f7060c06
directional_review	17:59	23:81	no value	no value	17:59	23:81	23:81	cross_surah	label_target_note	ranked_review	Only reports repetition of earlier speech.	focus_17_59_cutoff_100.tsv	64	a1470c602673e595278aa428d2dd5e30f5af45d0e39029222b53f0378941b893
directional_review	17:59	38:45	weak	weak	17:59	38:45	38:45	cross_surah	label_target_note	ranked_review	Offers a secondary ideal of discerning vision, not signs or warning.	focus_17_59_cutoff_100.tsv	65	8bf11f53f7cf19d812182f68c7706c1386a64a8d69c715e055f691f18cf18912
directional_review	17:59	29:18	medium	medium	17:59	29:18	29:18	cross_surah	label_target_note	ranked_review	Links earlier nations' denial to the messenger's limited duty of clear delivery.	focus_17_59_cutoff_100.tsv	66	50fb5c8a4e1160562110ca4e75534739481ba36cf0b1163eec70a9ca941d59b4
directional_review	17:59	27:54	weak	weak	17:59	27:54	27:54	cross_surah	label_target_note	ranked_review	Uses seeing for knowingly crossing a boundary, only indirectly relevant.	focus_17_59_cutoff_100.tsv	67	975e15bf40cc909c0e7bc56b92cfd94e7cf6bff3b1629457b8d064c60e7a62c4
directional_review	17:59	6:25	strong	strong	17:59	6:25	6:25	cross_surah	label_target_note	ranked_review	States that even seeing every sign may not produce belief and can invite disputation.	focus_17_59_cutoff_100.tsv	68	92c1136f8da27da83cbdecc0e34dd1bc76ccb6b605b236a4cc27e7013e7b9df6
directional_review	17:59	79:9	weak	weak	17:59	79:9	79:9	cross_surah	label_target_note	ranked_review	Only depicts humbled eyes at the final outcome.	focus_17_59_cutoff_100.tsv	69	545fda783361eafe66cf64d8762715242663612944169bb9eb1b5b5b7f56abad
directional_review	17:59	17:2	weak	weak	17:59	17:2	17:2	same_surah	label_target_note	ranked_review	Nearby scriptural guidance adds little on withheld signs.	focus_17_59_cutoff_100.tsv	70	9959a194f8cd0087083619da15bb8eb027c3db1a21dea089e40faee152863bd8
directional_review	17:59	19:38	medium	medium	17:59	19:38	19:38	cross_surah	label_target_note	ranked_review	Marks perception that arrives too late to alter a wrongful condition.	focus_17_59_cutoff_100.tsv	71	25b79e95d23e84affedc5dd83526ae40c3c934459720e039fe2e85d03961a350
directional_review	17:59	17:55	weak	weak	17:59	17:55	17:55	same_surah	label_target_note	ranked_review	Nearby prophetic preference and a gift of scripture do not clarify the focus.	focus_17_59_cutoff_100.tsv	72	f3ec11b1cd33674df8ad87da1eb0e36ca72e9a938e19fdc9fca7f16af156ef00
directional_review	17:59	4:141	weak	weak	17:59	4:141	4:141	cross_surah	label_target_note	ranked_review	Uses prevention in an unrelated social and legal setting.	focus_17_59_cutoff_100.tsv	73	fd229aa4486ece7bf801133b8d6fbc0bd47d59340f26b834059df870edbb3470
directional_review	17:59	13:13	medium	medium	17:59	13:13	13:13	cross_surah	label_target_note	ranked_review	Shows a terrifying sent phenomenon met with ongoing disputation.	focus_17_59_cutoff_100.tsv	74	e193dea60873feb06baea52eedc629057a59d1b17f26ef67c72824c55207746f
directional_review	17:59	39:36	medium	medium	17:59	39:36	39:36	cross_surah	label_target_note	ranked_review	Contrasts divine warning with fear generated by unauthorized objects.	focus_17_59_cutoff_100.tsv	75	811da352578d64a9fc83ee4e5e9323cb0b70fa8cda1c2bc912ca4c89fb933245
directional_review	17:59	53:23	no value	no value	17:59	53:23	53:23	cross_surah	label_target_note	ranked_review	Does not add to the sign-warning relation.	focus_17_59_cutoff_100.tsv	76	e8140cd693752dc3ac2edb759ca86a038eaa5c705c243dff38b762ac1aa25b82
directional_review	17:59	7:47	weak	weak	17:59	7:47	7:47	cross_surah	label_target_note	ranked_review	Shows sight of punishment prompting urgent disassociation, but not signs' sending.	focus_17_59_cutoff_100.tsv	77	1427890ce17ca9e1bd7ac2135525265f1c42f9d97b5295adbb0825f13ddf4396
directional_review	17:59	6:21	strong	strong	17:59	6:21	6:21	cross_surah	label_target_note	ranked_review	Directly joins denial of divine signs to wrongdoing and failure.	focus_17_59_cutoff_100.tsv	78	804bd2880ab47266e0958e53f5d71889d317bad43ef7ac30e0277b89bcb6f491
directional_review	17:59	28:11	no value	no value	17:59	28:11	28:11	cross_surah	label_target_note	ranked_review	Uses sight for covert tracking, unrelated to the focus.	focus_17_59_cutoff_100.tsv	79	a59941b0c24cbc1fd1c89103749b9938f3a82a945e2f684edd066e92fb4b4329
directional_review	17:59	12:40	no value	no value	17:59	12:40	12:40	cross_surah	label_target_note	ranked_review	Does not clarify signs, warning, or prior denial.	focus_17_59_cutoff_100.tsv	80	838a32b5481b8ef6e3e319a2122b859061a90068c916a6fa0965dcf6b057ab73
directional_review	17:59	45:20	medium	medium	17:59	45:20	45:20	cross_surah	label_target_note	ranked_review	Frames clear evidences as guidance and insight rather than mere spectacle.	focus_17_59_cutoff_100.tsv	81	0d6881817a0b7ec6d62b5dc8368504f40cbdb399bfc4e02d2a9a0518e47424ef
directional_review	17:59	4:163	weak	weak	17:59	4:163	4:163	cross_surah	label_target_note	ranked_review	Establishes prophetic continuity but not the function of signs.	focus_17_59_cutoff_100.tsv	82	5153b8adb3f440ab0a6bc78ab179f734b5fb2942d8f4ea8d56b25dc8f67ba5a1
directional_review	17:59	22:75	weak	weak	17:59	22:75	22:75	cross_surah	label_target_note	ranked_review	Adds divine selection of messengers without illuminating signs or warning.	focus_17_59_cutoff_100.tsv	83	6c2fd10b7b9fd9b2a32fca2b2afe6cfa9d1cc598bc82ea98137b85571d8e7180
directional_review	17:59	10:39	medium	medium	17:59	10:39	10:39	cross_surah	label_target_note	ranked_review	Connects premature denial and earlier deniers with the fate of wrongdoers.	focus_17_59_cutoff_100.tsv	84	f7ed46df7a820b8dd46e76017c0c945b2cce3818e51b25ae5294172e139ddf66
directional_review	17:59	43:51	no value	no value	17:59	43:51	43:51	cross_surah	label_target_note	ranked_review	Uses sight rhetorically for Pharaoh's political display.	focus_17_59_cutoff_100.tsv	85	11997c251314a3fcee693acfb541ef7dfffc597499ffbdd34ee65579ed98b2e1
directional_review	17:59	26:155	medium	medium	17:59	26:155	26:155	cross_surah	label_target_note	ranked_review	Adds a concrete she-camel arrangement within the Thamud sign episode.	focus_17_59_cutoff_100.tsv	86	9f48522e54ac456ebd966f68f318d6520ed644c111d0d3ff72acf640d172dc83
directional_review	17:59	28:72	weak	weak	17:59	28:72	28:72	cross_surah	label_target_note	ranked_review	Offers a secondary reflection on visibility's proper limits.	focus_17_59_cutoff_100.tsv	87	b7e5357431dbf2053208c4c528f8fe370caeeba3c063d2b0aa7368c032bdb80c
directional_review	17:59	91:13	medium	medium	17:59	91:13	91:13	cross_surah	label_target_note	ranked_review	Records the messenger's protective instruction concerning the she-camel.	focus_17_59_cutoff_100.tsv	88	104a2f6bf288c564341244077a8f8314405d26f906f6da3b3d677e8092ec45c0
directional_review	17:59	54:50	weak	weak	17:59	54:50	54:50	cross_surah	label_target_note	ranked_review	Uses sight only to measure swiftness of the command.	focus_17_59_cutoff_100.tsv	89	d99d62c6de46760f9acc844e46eec1d027e3718f026fbea7c200b7a5f36d03e1
directional_review	17:59	9:100	no value	no value	17:59	9:100	9:100	cross_surah	label_target_note	ranked_review	Does not clarify the focus relation.	focus_17_59_cutoff_100.tsv	90	442c0110146fb0e7885e2de969a308ed203e8593c2e1c4d445fdc29d612e3c13
directional_review	17:59	46:9	medium	medium	17:59	46:9	46:9	cross_surah	label_target_note	ranked_review	Presents the messenger as non-novel and explicitly a clear warner.	focus_17_59_cutoff_100.tsv	91	5a6031c26a0bdb70321684d85308b8293e0b623ac58066b073a81e794b1e90aa
directional_review	17:59	10:92	medium	medium	17:59	10:92	10:92	cross_surah	label_target_note	ranked_review	Makes a past people’s remnant a sign for successors amid widespread heedlessness.	focus_17_59_cutoff_100.tsv	92	730015d3e36dac3037ba0b18d8d363af4ac6c0bd946001a447333004e39e2af9
directional_review	17:59	68:15	medium	medium	17:59	68:15	68:15	cross_surah	label_target_note	ranked_review	Shows signs dismissed as tales of earlier peoples.	focus_17_59_cutoff_100.tsv	93	72cac6c7aab252b8b2828040342d8ec7ebf6ad2cca527a427ed07e461ab216b3
directional_review	17:59	24:61	no value	no value	17:59	24:61	24:61	cross_surah	label_target_note	ranked_review	Does not clarify the focus relation.	focus_17_59_cutoff_100.tsv	94	0dbabe47792ab5dfedd15dc758a70c1f59a0852dc28701926bece600a3a76aaf
directional_review	17:59	88:25	no value	no value	17:59	88:25	88:25	cross_surah	label_target_note	ranked_review	Does not clarify the focus relation.	focus_17_59_cutoff_100.tsv	95	c0e70a6ddadff15af8868826bcc83c6e09c387701efdde067d7efc20599b367b
directional_review	17:59	77:24	weak	weak	17:59	77:24	77:24	cross_surah	label_target_note	ranked_review	Provides a bare warning against deniers without new explanatory content.	focus_17_59_cutoff_100.tsv	96	7157d515389102b868567ffe47e1895bbffc9186a9e023cb6da058518e797091
directional_review	17:59	77:37	no value	no value	17:59	77:37	77:37	cross_surah	label_target_note	ranked_review	Duplicates the earlier bare warning against deniers.	focus_17_59_cutoff_100.tsv	97	43adfa044a6895de2751a73c4a56018e077c897595da220715c7a3a980665e71
directional_review	17:59	37:40	no value	no value	17:59	37:40	37:40	cross_surah	label_target_note	ranked_review	Does not clarify the focus relation.	focus_17_59_cutoff_100.tsv	98	d706be6623ee88dd6da5d84c99b915ab76b54d3b045cc24f0aecfad5e03c7e6d
directional_review	17:59	37:104	no value	no value	17:59	37:104	37:104	cross_surah	label_target_note	ranked_review	Does not clarify the focus relation.	focus_17_59_cutoff_100.tsv	99	7b946916ed1333edeffdd41edb1ad602fe7dcea39b9132fb1833a34e6b0cbb17
directional_review	17:59	96:7	no value	no value	17:59	96:7	96:7	cross_surah	label_target_note	ranked_review	Does not clarify the focus relation.	focus_17_59_cutoff_100.tsv	100	d39cf11229f3ee6c4199bd7b8f4243fea5ddc201b5bcf95be6324f8e1057920b
directional_review	17:59	2:118	strong	strong	17:59	2:118	2:118	cross_surah	label_target_note	missing_ayah_suggestion	Records the recurring demand for a sign and identifies it as an inherited stance.	focus_17_59_cutoff_100.tsv	101	313c6229f1621b1c5b8a22abc2474b7eb0f6a1bc8fd4f0ff57a7cb8f2e394702
directional_review	17:59	2:211	medium	medium	17:59	2:211	2:211	cross_surah	label_target_note	missing_ayah_suggestion	Recalls many clear signs given before a later change of response.	focus_17_59_cutoff_100.tsv	102	b72cab0790b597f818a20d1894a1cbdbdeeb7d458c4755f27305da1cf4d5d788
directional_review	17:59	3:183	medium	medium	17:59	3:183	3:183	cross_surah	label_target_note	missing_ayah_suggestion	Pairs a demand for a special proof with the killing of prior bearers of clear proofs.	focus_17_59_cutoff_100.tsv	103	6196d3ac4ab5dfb2f6799314449f976e6146fb30e2061cf7c2ac9dfef8ad1b68
directional_review	17:59	5:115	strong	strong	17:59	5:115	5:115	cross_surah	label_target_note	missing_ayah_suggestion	Makes denial after a granted sign grounds for exceptional punishment.	focus_17_59_cutoff_100.tsv	104	5c53db00a580b15377751e24aba3277c69d2297d4425ac9c3f6e7dd7da6d5703
directional_review	17:59	6:4	strong	strong	17:59	6:4	6:4	cross_surah	label_target_note	missing_ayah_suggestion	States a recurrent turning away whenever a sign comes.	focus_17_59_cutoff_100.tsv	105	216c53e8102db38bbe816f0ae93c1c620df580cf2b4d0c40eec14f326eb993b1
directional_review	17:59	6:8	strong	strong	17:59	6:8	6:8	cross_surah	label_target_note	missing_ayah_suggestion	Answers a demand for an angelic sign by connecting its arrival to decisive judgment.	focus_17_59_cutoff_100.tsv	106	a44587109f9f2bd0a8245bb7ec407f0fe15b6411f637b6249484949adcb2b52e
directional_review	17:59	6:35	medium	medium	17:59	6:35	6:35	cross_surah	label_target_note	missing_ayah_suggestion	Marks that even a sought sign cannot compel belief where divine willing is absent.	focus_17_59_cutoff_100.tsv	107	e2605eae005943155f3b3461fab96be64e0073f73a55daf82a5b33ce9c03b6bd
directional_review	17:59	6:37	strong	strong	17:59	6:37	6:37	cross_surah	label_target_note	missing_ayah_suggestion	Directly records the demand for a sign and affirms divine ability without its grant.	focus_17_59_cutoff_100.tsv	108	f87211be756f7717c9d1ef07eb80ef1f21257e1e65fcf7049bd9a94bcfb8707d
directional_review	17:59	6:109	strong	strong	17:59	6:109	6:109	cross_surah	label_target_note	missing_ayah_suggestion	States that even sworn demands for a sign need not lead to belief.	focus_17_59_cutoff_100.tsv	109	14b210383a129743a4d9f5db4e1d4d2bba104161ac2f48c8718e3fc9e9f24c0f
directional_review	17:59	6:111	strong	strong	17:59	6:111	6:111	cross_surah	label_target_note	missing_ayah_suggestion	Extends non-compulsion: extraordinary disclosure still would not make them believe.	focus_17_59_cutoff_100.tsv	110	2915c11b35758a659306a4b05f2e1ddcb6c1588c434e34680a514828015f266a
directional_review	17:59	6:124	medium	medium	17:59	6:124	6:124	cross_surah	label_target_note	missing_ayah_suggestion	Shows a demand for messenger-like proof as a barrier to receiving guidance.	focus_17_59_cutoff_100.tsv	111	1ae974d6cdcf84ccf82d33d8bcc2fb78920c4e2ecf22e607f90b4faba9bb1e37
directional_review	17:59	7:75	medium	medium	17:59	7:75	7:75	cross_surah	label_target_note	missing_ayah_suggestion	Places arrogance and contempt around Salih's call before the camel's violation.	focus_17_59_cutoff_100.tsv	112	7e5cecddc6c5e3c59dce0c2cf12887f2fbd2c9b4e82be45be209d14676e45e6a
directional_review	17:59	7:76	medium	medium	17:59	7:76	7:76	cross_surah	label_target_note	missing_ayah_suggestion	Explicitly records refusal of what Salih was sent with.	focus_17_59_cutoff_100.tsv	113	795333d8c1cca971e03762efbd01bb39e70bb55b06a73c5ccdbd4e02dda50065
directional_review	17:59	7:78	strong	strong	17:59	7:78	7:78	cross_surah	label_target_note	missing_ayah_suggestion	Gives the punishment following Thamud's rejection of the sign.	focus_17_59_cutoff_100.tsv	114	ee18acdf4a97fb36ee5e6a8359d7c390da75d18f8aaa414e1278e119af1afb55
directional_review	17:59	7:79	medium	medium	17:59	7:79	7:79	cross_surah	label_target_note	missing_ayah_suggestion	Shows Salih's fulfilled counsel and the people's refusal of sincere advice.	focus_17_59_cutoff_100.tsv	115	9bbbf87771bc439dd27068a168d9adb7436fbcd65e296fac5f3ae7504e12adce
directional_review	17:59	7:101	strong	strong	17:59	7:101	7:101	cross_surah	label_target_note	missing_ayah_suggestion	Generalizes that earlier peoples were brought clear signs yet would not believe.	focus_17_59_cutoff_100.tsv	116	dc14a063f0ce4bb3a8ec1d76790af3264cefc5391ccf1acdf62dae7acfb34db9
directional_review	17:59	7:132	strong	strong	17:59	7:132	7:132	cross_surah	label_target_note	missing_ayah_suggestion	Shows signs being precommittedly classified as magic and rejected.	focus_17_59_cutoff_100.tsv	117	65bbab8c66f402941a02f8c51744daeafe88e6b03991d512274b524c49101a02
directional_review	17:59	7:133	strong	strong	17:59	7:133	7:133	cross_surah	label_target_note	missing_ayah_suggestion	Lists sent signs followed by arrogance and criminal refusal.	focus_17_59_cutoff_100.tsv	118	ece786e4271510eb7ebfae812cdf68da868cf0a27ddc99042f68f2f599ef71e1
directional_review	17:59	10:20	medium	medium	17:59	10:20	10:20	cross_surah	label_target_note	missing_ayah_suggestion	Records the demand for a sign and redirects attention to the unseen divine order.	focus_17_59_cutoff_100.tsv	119	1bcfaa8cc2dca6b57192380253d69818345938fb10a1649b921bf19a74255435
directional_review	17:59	10:75	strong	strong	17:59	10:75	10:75	cross_surah	label_target_note	missing_ayah_suggestion	Places Moses' signs before an arrogant ruling group.	focus_17_59_cutoff_100.tsv	120	9f5e02e7190d2028c09184223dd88790cae586e226854ebc4e7f0c59a1c9f98f
directional_review	17:59	11:64	strong	strong	17:59	11:64	11:64	cross_surah	label_target_note	missing_ayah_suggestion	Names the she-camel as a sign and warns against harming it.	focus_17_59_cutoff_100.tsv	121	3b727003cc56a4bd1a9e8868e002e728f19c2df77f0232cfe5dedec8e8158885
directional_review	17:59	11:65	strong	strong	17:59	11:65	11:65	cross_surah	label_target_note	missing_ayah_suggestion	Records the hamstringing of the she-camel and the announced consequence.	focus_17_59_cutoff_100.tsv	122	3af0d92a6df522da1f2d2207db16004915892f4082ed2b3090b8fe987f59ad9b
directional_review	17:59	11:67	strong	strong	17:59	11:67	11:67	cross_surah	label_target_note	missing_ayah_suggestion	Gives the cry that seized the wrongdoers after the Thamud sign episode.	focus_17_59_cutoff_100.tsv	123	23d637ffa35274b3f68ac8b4ec544bc0351f72e9e0c7a3224baa4b09e4bec4a8
directional_review	17:59	13:7	strong	strong	17:59	13:7	13:7	cross_surah	label_target_note	missing_ayah_suggestion	Preserves the demand for a sign while defining the messenger as a warner.	focus_17_59_cutoff_100.tsv	124	f6118aecc79ec5d5318ce37afd04dfb1abe2666b63a0e0373954ebcfebcda0d0
directional_review	17:59	13:27	medium	medium	17:59	13:27	13:27	cross_surah	label_target_note	missing_ayah_suggestion	Frames the demand for a sign within divine guidance and leading-astray.	focus_17_59_cutoff_100.tsv	125	74b187c57756a98843b3ca7dd7c433ae29496a33309d1ec07ab1a597a1883fa0
directional_review	17:59	15:80	strong	strong	17:59	15:80	15:80	cross_surah	label_target_note	missing_ayah_suggestion	Identifies the people of al-Hijr as deniers of the messengers.	focus_17_59_cutoff_100.tsv	126	cd036890229fb1f878816eb53e5369265145b9788b53e919ce344e04bc8524b2
directional_review	17:59	15:81	strong	strong	17:59	15:81	15:81	cross_surah	label_target_note	missing_ayah_suggestion	States that they were given signs and persistently turned away.	focus_17_59_cutoff_100.tsv	127	171652d3c22b0079ade582eecdc31d97e9b35bf64777a3984ef13dba1642d165
directional_review	17:59	17:90	medium	medium	17:59	17:90	17:90	same_surah	label_target_note	missing_ayah_suggestion	Supplies a concrete demand for an extraordinary material sign.	focus_17_59_cutoff_100.tsv	128	5b98a00cc193bcbc69347493c2659eb4f43b9e31e22c2d10668c700ee392cd85
directional_review	17:59	17:92	medium	medium	17:59	17:92	17:92	same_surah	label_target_note	missing_ayah_suggestion	Supplies an escalated demand for a catastrophic visible sign.	focus_17_59_cutoff_100.tsv	129	655535b115cfc695675bcb312d5c70e30b7a0a41fcbfee3642f3ac4275a0626b
directional_review	17:59	17:101	strong	strong	17:59	17:101	17:101	same_surah	label_target_note	missing_ayah_suggestion	Recalls Moses' nine clear signs and Pharaoh's unjust rejection.	focus_17_59_cutoff_100.tsv	130	7b18aa492814b67c9fd0e6c53234bc41f4805b5d2fad999dfe7df86a86618de0
directional_review	17:59	18:54	medium	medium	17:59	18:54	18:54	cross_surah	label_target_note	missing_ayah_suggestion	Sets pervasive dispute as the surrounding human response to clarified examples.	focus_17_59_cutoff_100.tsv	131	5709d8498225b42c1ca4fb47c028de313d226f06dea9ff83ac4f01362587b2cf
directional_review	17:59	18:57	strong	strong	17:59	18:57	18:57	cross_surah	label_target_note	missing_ayah_suggestion	Describes turning away from recalled signs and forgetting prior deeds.	focus_17_59_cutoff_100.tsv	132	e477df377d19b1299b2a0aba28fb96183f191f22cdadccea3cb956fab4515f72
directional_review	17:59	20:56	strong	strong	17:59	20:56	20:56	cross_surah	label_target_note	missing_ayah_suggestion	States that all the signs were shown, yet were denied and refused.	focus_17_59_cutoff_100.tsv	133	0990eb03cec9dbc5da5c501bea34114e407949eef4c82b2daf464b76dcdc494e
directional_review	17:59	21:6	medium	medium	17:59	21:6	21:6	cross_surah	label_target_note	missing_ayah_suggestion	Uses prior destroyed towns' lack of belief to challenge a new demand for belief.	focus_17_59_cutoff_100.tsv	134	c244f533592b4b95d1df0c3ea1a51f2b2d219735fda5296b9a1eb62fa2c84808
directional_review	17:59	26:4	strong	strong	17:59	26:4	26:4	cross_surah	label_target_note	missing_ayah_suggestion	Explicitly distinguishes a coercive sign that would force submission from the chosen mode.	focus_17_59_cutoff_100.tsv	135	ea9736b54656ff4208db3475cd353152c1935b00059c3040c0d9aa53906988bf
directional_review	17:59	26:153	medium	medium	17:59	26:153	26:153	cross_surah	label_target_note	missing_ayah_suggestion	Records Thamud's dismissal of Salih before their demand for a sign.	focus_17_59_cutoff_100.tsv	136	29a0de4dce5eaa4ee1d1492ea697c63ece1a750e2e04803681affc37325146f1
directional_review	17:59	26:154	strong	strong	17:59	26:154	26:154	cross_surah	label_target_note	missing_ayah_suggestion	Makes the demanded sign a condition in the Thamud exchange.	focus_17_59_cutoff_100.tsv	137	52af49136fcfc7fe17c156433587140d58c3a67807d2d6a506b34fc2df93fcab
directional_review	17:59	26:156	strong	strong	17:59	26:156	26:156	cross_surah	label_target_note	missing_ayah_suggestion	Warns that harming the she-camel will bring the punishment of a great day.	focus_17_59_cutoff_100.tsv	138	208b9a2b342aea92f5ee451eeab4a567a4231090fb612f65fff27478e823b869
directional_review	17:59	26:157	strong	strong	17:59	26:157	26:157	cross_surah	label_target_note	missing_ayah_suggestion	Records their hamstringing of it and ensuing remorse.	focus_17_59_cutoff_100.tsv	139	4647526f25063c4e080e360f24a5fc40b5fb6a81fbdb5a01a339ab970819c424
directional_review	17:59	26:158	strong	strong	17:59	26:158	26:158	cross_surah	label_target_note	missing_ayah_suggestion	Gives the punishment after the Thamud sign episode.	focus_17_59_cutoff_100.tsv	140	483feed3c94edc973674c04e2b55bf8f65068fef1847425187a16f3e93c98dd5
directional_review	17:59	27:14	strong	strong	17:59	27:14	27:14	cross_surah	label_target_note	missing_ayah_suggestion	States that signs were rejected wrongfully despite inner certainty.	focus_17_59_cutoff_100.tsv	141	1a73f69d979e4bf937ad1b3f5489d553711e657ecfabc340900ad4ac526f3b5e
directional_review	17:59	28:36	medium	medium	17:59	28:36	28:36	cross_surah	label_target_note	missing_ayah_suggestion	Shows clear signs being classified as fabricated magic.	focus_17_59_cutoff_100.tsv	142	d4856ff6a5a0b1bf288dd1eee8ca71b8e94ac83abb2720adab6f7321cfe751d9
directional_review	17:59	29:50	medium	medium	17:59	29:50	29:50	cross_surah	label_target_note	missing_ayah_suggestion	Records a demand for signs and defines the messenger's role as clear warning.	focus_17_59_cutoff_100.tsv	143	3c81fa57ddd473f701f5978d415b4dfbd26873af8432b6ce3cd14927d701922b
directional_review	17:59	29:51	strong	strong	17:59	29:51	29:51	cross_surah	label_target_note	missing_ayah_suggestion	Counters further sign-demand by presenting the recited Book as sufficient.	focus_17_59_cutoff_100.tsv	144	db0553608dc796bda551b59b1b1eb1cdb1cb11f72e1333e2d10cff33be1ff581
directional_review	17:59	34:45	medium	medium	17:59	34:45	34:45	cross_surah	label_target_note	missing_ayah_suggestion	Links earlier deniers and their consequences to a later denial.	focus_17_59_cutoff_100.tsv	145	f7f5aaf9df7d7237fe2c742de2c822314283a004dbb032e9edf65fe86be31366
directional_review	17:59	36:45	medium	medium	17:59	36:45	36:45	cross_surah	label_target_note	missing_ayah_suggestion	Shows warning about what lies before and behind being met with turning away.	focus_17_59_cutoff_100.tsv	146	967bd076b49a6f727f0bfa38923b8948ac626e55af1c0e1746e0266923626fab
directional_review	17:59	37:14	strong	strong	17:59	37:14	37:14	cross_surah	label_target_note	missing_ayah_suggestion	States that seeing a sign can be followed by ridicule.	focus_17_59_cutoff_100.tsv	147	909af4dbef4558c1045ebfbc008df7c0eafec2a13ef0dbc8874624d72e794934
directional_review	17:59	40:23	medium	medium	17:59	40:23	40:23	cross_surah	label_target_note	missing_ayah_suggestion	Places Moses' signs and manifest authority before Pharaoh's court.	focus_17_59_cutoff_100.tsv	148	d4009802decb0d371d65cd53efb4a9e0441db8517429855c7dc8ade2782238ca
directional_review	17:59	40:83	strong	strong	17:59	40:83	40:83	cross_surah	label_target_note	missing_ayah_suggestion	Shows clear proofs met with pride in prior possession of knowledge.	focus_17_59_cutoff_100.tsv	149	cb0f1bcd316bdf0afa352a89f77368370542604fa94def0c483a23e975f9cf39
directional_review	17:59	41:17	strong	strong	17:59	41:17	41:17	cross_surah	label_target_note	missing_ayah_suggestion	Sets guidance before Thamud, who preferred blindness over it.	focus_17_59_cutoff_100.tsv	150	1bef9e88920d2919dfab7668b2c2df22b77174270eb96022fd0b7a79a15d91e5
directional_review	17:59	43:47	strong	strong	17:59	43:47	43:47	cross_surah	label_target_note	missing_ayah_suggestion	Shows Pharaoh's people laughing when they saw the sign.	focus_17_59_cutoff_100.tsv	151	8ab2eb608c79e371874b89f40b3b6455234e4d0ea29070eda1dc1fca9b620e38
directional_review	17:59	43:48	strong	strong	17:59	43:48	43:48	cross_surah	label_target_note	missing_ayah_suggestion	Shows repeated, increasingly great signs still followed by refusal until seizure.	focus_17_59_cutoff_100.tsv	152	ea434ea2a3e160bd9436bf2d028ebaec5b23d538b9d8d39aa3dac5cba1c5f392
directional_review	17:59	45:6	medium	medium	17:59	45:6	45:6	cross_surah	label_target_note	missing_ayah_suggestion	Warns against disbelief in the signs after they are recited in truth.	focus_17_59_cutoff_100.tsv	153	e8edd546bd6aec100bb503cd1460b49145a80ecdd47bfe5d28a9a76f5d4d9528
directional_review	17:59	45:8	strong	strong	17:59	45:8	45:8	cross_surah	label_target_note	missing_ayah_suggestion	Describes hearing divine signs then persisting arrogantly as if unheard.	focus_17_59_cutoff_100.tsv	154	d9c1c88f87aa2446b8851e63f248943967380f6f12485391155098a85e6bebea
directional_review	17:59	54:2	strong	strong	17:59	54:2	54:2	cross_surah	label_target_note	missing_ayah_suggestion	States that a seen sign may be met with turning away and a charge of magic.	focus_17_59_cutoff_100.tsv	155	3e83216e1f1366fedd0a0ba03885f06d118b0a5d1eb66a8aa800a4f9dfa84df5
directional_review	17:59	54:24	medium	medium	17:59	54:24	54:24	cross_surah	label_target_note	missing_ayah_suggestion	Records Thamud's rejection of a human messenger and his warning.	focus_17_59_cutoff_100.tsv	156	d32e5c009d96ab6013170f2e242a4d5feba13f05ae8e7af2684c1df01d56ad02
directional_review	17:59	54:25	strong	strong	17:59	54:25	54:25	cross_surah	label_target_note	missing_ayah_suggestion	Makes their rejection of Salih's warning part of the Thamud dispute.	focus_17_59_cutoff_100.tsv	157	5963d06ad111d8da65a7bfce41b02e6eee8731043701f7cefe29f165923248ea
directional_review	17:59	54:28	medium	medium	17:59	54:28	54:28	cross_surah	label_target_note	missing_ayah_suggestion	Adds the shared-water arrangement of the she-camel test.	focus_17_59_cutoff_100.tsv	158	3ce01ef3d7f6750de14f44d07e730679f739c765f65e1d3804922ed365d8f7f8
directional_review	17:59	54:29	strong	strong	17:59	54:29	54:29	cross_surah	label_target_note	missing_ayah_suggestion	Records Thamud's act of hamstringing the she-camel.	focus_17_59_cutoff_100.tsv	159	52e4ef6374f918685ba0ee62d9df72096a4fba9c21980c3cc234cf417f66d0f1
directional_review	17:59	54:30	strong	strong	17:59	54:30	54:30	cross_surah	label_target_note	missing_ayah_suggestion	Names the ensuing punishment and warning.	focus_17_59_cutoff_100.tsv	160	f4ac01746b3eb5c76e359fac00fbcc3b24451f2713e92b0405a1e4bb71001ff3
directional_review	17:59	54:31	strong	strong	17:59	54:31	54:31	cross_surah	label_target_note	missing_ayah_suggestion	Gives the single cry that destroyed them.	focus_17_59_cutoff_100.tsv	161	fa3c690f3cd189a46adb9b97fb97d95a686c15e8c42bc582aeaa87615ff33526
directional_review	17:59	91:14	strong	strong	17:59	91:14	91:14	cross_surah	label_target_note	missing_ayah_suggestion	Combines Thamud's denial with their hamstringing of the she-camel and destruction.	focus_17_59_cutoff_100.tsv	162	937185a67ba997fe75ae74c2f83f4844dec0aca78654346ac9057000d6c619a5
directional_review	17:59	5:110	medium	medium	17:59	5:110	5:110	cross_surah	label_target_note	missing_ayah_suggestion	Places clear proofs before a response that still calls them manifest magic.	focus_17_59_cutoff_100.tsv	163	b1c7fede96f0247b0f6ceb1fcaa1fee81f8006513611c1e534f7f3975924499c
directional_review	17:59	5:112	medium	medium	17:59	5:112	5:112	cross_surah	label_target_note	missing_ayah_suggestion	Records a request for a descending table as a sign to settle hearts.	focus_17_59_cutoff_100.tsv	164	45cc2bd849740128c945e12ab0ce647fbefa9007cfab9ead06e162593e7d5353
directional_review	17:59	5:114	medium	medium	17:59	5:114	5:114	cross_surah	label_target_note	missing_ayah_suggestion	Names the descending table a sign for first and last recipients.	focus_17_59_cutoff_100.tsv	165	d37df30d41b810faedffc560c9fa94d400971816b1f208964cd91ef437ba33b2
directional_review	17:59	6:33	medium	medium	17:59	6:33	6:33	cross_surah	label_target_note	missing_ayah_suggestion	Distinguishes rejection of the messenger from wrongful denial of divine signs.	focus_17_59_cutoff_100.tsv	166	8d4e1306edc8b1455f9e2ca7fcf79ecfdd3e75edb14e8fe134b4981364d63ae2
directional_review	17:59	10:76	strong	strong	17:59	10:76	10:76	cross_surah	label_target_note	missing_ayah_suggestion	Shows clear truth received as a charge of manifest magic.	focus_17_59_cutoff_100.tsv	167	88697e5d665452038dd6d2021db19e22a22798d595415183f990157b9a7bc99e
directional_review	17:59	11:61	medium	medium	17:59	11:61	11:61	cross_surah	label_target_note	missing_ayah_suggestion	Sets Salih's commission and call before the she-camel warning.	focus_17_59_cutoff_100.tsv	168	553a804a28e96aa345173f464fb263fdd52f7da26a68b25f15e3564d5441650b
directional_review	17:59	11:66	medium	medium	17:59	11:66	11:66	cross_surah	label_target_note	missing_ayah_suggestion	Completes the Thamud account with the rescue of Salih and believers.	focus_17_59_cutoff_100.tsv	169	0902f446ee92e3058fb7b7e5cf40d074236f8ea49a1a5a4177e78c8105c258c7
directional_review	17:59	11:68	medium	medium	17:59	11:68	11:68	cross_surah	label_target_note	missing_ayah_suggestion	Depicts Thamud as erased after rejecting their Lord.	focus_17_59_cutoff_100.tsv	170	2198a2d345683ba1945145f57b7e43e983ec2354c8078154d460a4d70ed9254e
directional_review	17:59	14:5	medium	medium	17:59	14:5	14:5	cross_surah	label_target_note	missing_ayah_suggestion	Places Moses' mission with signs within warning through remembered divine days.	focus_17_59_cutoff_100.tsv	171	849085cb8d2c7faf5ba303fb69362d867f88ee4e8135d41ed2900ba7feaad6d3
directional_review	17:59	15:82	strong	strong	17:59	15:82	15:82	cross_surah	label_target_note	missing_ayah_suggestion	Adds the self-secure dwelling of the people who turned from signs.	focus_17_59_cutoff_100.tsv	172	6a73ebc174665bb5e1d12699d376c57a942e601e2da8335a6b83049abb87eb09
directional_review	17:59	15:83	strong	strong	17:59	15:83	15:83	cross_surah	label_target_note	missing_ayah_suggestion	Gives the morning cry that seized the people of al-Hijr.	focus_17_59_cutoff_100.tsv	173	4f40bcd141c5caa63c79aba19e98acf71ca0b15fcbcee6061f9fae5d11f7a3ae
directional_review	17:59	15:84	medium	medium	17:59	15:84	15:84	cross_surah	label_target_note	missing_ayah_suggestion	Shows that their accumulated gain did not avail them after denial.	focus_17_59_cutoff_100.tsv	174	21ac5caa18372ca62fed369e9b1d9641d96e7d303f65a696df0030025aafb917
directional_review	17:59	16:44	medium	medium	17:59	16:44	16:44	cross_surah	label_target_note	missing_ayah_suggestion	Names clear proofs and scriptures as the disclosed material of messengerly explanation.	focus_17_59_cutoff_100.tsv	175	a5b882b893b85927ad4ba0d61cfa31a6e748d9b2f66138671ea916b21f04b8e1
directional_review	17:59	16:101	medium	medium	17:59	16:101	16:101	cross_surah	label_target_note	missing_ayah_suggestion	Shows a changed sign being charged as fabrication despite divine knowledge.	focus_17_59_cutoff_100.tsv	176	60e8ada5b42345fa3e4b0d6f1572dde701d1fed5c4e265739361da21735f93c6
directional_review	17:59	17:91	medium	medium	17:59	17:91	17:91	same_surah	label_target_note	missing_ayah_suggestion	Supplies a demand for a visibly productive garden and rivers.	focus_17_59_cutoff_100.tsv	177	04fd42e32c0bffcc1c0b6e7aec98060a20a26c1a37c8e06aeeecccc120318121
directional_review	17:59	17:93	medium	medium	17:59	17:93	17:93	same_surah	label_target_note	missing_ayah_suggestion	Supplies a demand for an ascent and a separately readable heavenly book.	focus_17_59_cutoff_100.tsv	178	9ae334295c3b54d16ebf8b1f19005569e34c8c3d1ec018311938a3791d6bddb2
directional_review	17:59	17:98	strong	strong	17:59	17:98	17:98	same_surah	label_target_note	missing_ayah_suggestion	Ties recompense to denial of signs and rejection of resurrection.	focus_17_59_cutoff_100.tsv	179	eb39fc4330be161cdab2972bb0fc1ef4d223cce7a277a6ddb11d886856a52247
directional_review	17:59	20:48	medium	medium	17:59	20:48	20:48	cross_surah	label_target_note	missing_ayah_suggestion	States that punishment belongs to whoever denies and turns away.	focus_17_59_cutoff_100.tsv	180	326b3889a66abfe0eb452065806c8a0af3152aa2dde2d606a6958b42b2189b4c
directional_review	17:59	20:57	medium	medium	17:59	20:57	20:57	cross_surah	label_target_note	missing_ayah_suggestion	Shows Moses' signs immediately dismissed as magic aimed at dispossession.	focus_17_59_cutoff_100.tsv	181	a257c515b0ce3d2b744afc75ba8ce3b1e787d3f103603a509769ddbaaa91fb33
directional_review	17:59	20:58	medium	medium	17:59	20:58	20:58	cross_surah	label_target_note	missing_ayah_suggestion	Answers signs with a planned counter-display rather than receptivity.	focus_17_59_cutoff_100.tsv	182	107b2b998c68079cf2ef65e2374b6c432f2003fed34033cb62363393a96463de
directional_review	17:59	21:7	medium	medium	17:59	21:7	21:7	cross_surah	label_target_note	missing_ayah_suggestion	Reinforces that the sent messengers were human recipients of revelation.	focus_17_59_cutoff_100.tsv	183	5fcbd971dac735e5d557d2fc844fdc3c750261c104650d964942bab9186ed802
directional_review	17:59	25:37	medium	medium	17:59	25:37	25:37	cross_surah	label_target_note	missing_ayah_suggestion	Adds a people who denied messengers and were made a warning for wrongdoers.	focus_17_59_cutoff_100.tsv	184	4ddf8d0867781bf9255b7504348dae6e7c9cd3c38033c9889b151554ccbea6ac
directional_review	17:59	26:5	strong	strong	17:59	26:5	26:5	cross_surah	label_target_note	missing_ayah_suggestion	States that each renewed reminder is met by turning away.	focus_17_59_cutoff_100.tsv	185	72b733be52170315e4ac928e37545c0eb783beb492c75a1e268872b93780281d
directional_review	17:59	28:48	medium	medium	17:59	28:48	28:48	cross_surah	label_target_note	missing_ayah_suggestion	Shows fresh truth met with a demand for signs like Moses'.	focus_17_59_cutoff_100.tsv	186	376ab4f0339ff9f7262fa305d12681abb0cc84b1e31851b481af1fedbc356ca5
directional_review	17:59	35:25	medium	medium	17:59	35:25	35:25	cross_surah	label_target_note	missing_ayah_suggestion	Records that prior communities denied messengers who brought clear proofs and scriptures.	focus_17_59_cutoff_100.tsv	187	98bbb86f4192ae79cf9a7b05483c8db3a413174748dc80842c6eeafe1116a1b1
directional_review	17:59	39:59	strong	strong	17:59	39:59	39:59	cross_surah	label_target_note	missing_ayah_suggestion	States that signs came but were denied with arrogance.	focus_17_59_cutoff_100.tsv	188	d0de76e3ccb180127d2954c4117342e5607cf5f4ae4475966e94a3121c240522
directional_review	17:59	40:70	medium	medium	17:59	40:70	40:70	cross_surah	label_target_note	missing_ayah_suggestion	Links denial of the Book and messengerly message to an announced outcome.	focus_17_59_cutoff_100.tsv	189	c77e41d2b8d21065a66a114ee8cc91843ea06fb5271d6a70abac6e65012e8427
directional_review	17:59	40:78	medium	medium	17:59	40:78	40:78	cross_surah	label_target_note	missing_ayah_suggestion	Confirms prior messengers came with clear proofs, while not every account is disclosed.	focus_17_59_cutoff_100.tsv	190	f882b6684074956605fc5bf8e4e848d4bd0d68c20399a0f3a3387c21f86dd816
directional_review	17:59	43:46	strong	strong	17:59	43:46	43:46	cross_surah	label_target_note	missing_ayah_suggestion	Introduces Moses' signs before Pharaoh and his chiefs.	focus_17_59_cutoff_100.tsv	191	f4430323a14b0f7c51f9a44ef510a0000cfa33b36a8d9d911a46eff92d4b5027
directional_review	17:59	46:26	medium	medium	17:59	46:26	46:26	cross_surah	label_target_note	missing_ayah_suggestion	Shows endowed hearing, sight, and hearts failing to avail those who rejected signs.	focus_17_59_cutoff_100.tsv	192	9e2f2e4736fd7d196472de75e46b80479b3f1f4fd54477dc28553936f2b56886
directional_review	17:59	51:52	medium	medium	17:59	51:52	51:52	cross_surah	label_target_note	missing_ayah_suggestion	Generalizes the recurrent labeling of every messenger as sorcerer or madman.	focus_17_59_cutoff_100.tsv	193	c6be9305e11baa29ffbbce22734f44b92dce9bad0c376737d0250d13f6f73285
directional_review	17:59	54:15	medium	medium	17:59	54:15	54:15	cross_surah	label_target_note	missing_ayah_suggestion	Makes the preserved Ark a sign and asks whether anyone will take warning.	focus_17_59_cutoff_100.tsv	194	0311dd6d9007a4e278295d602316df31e82b9a987177e6774108bad2a37e8e16
directional_review	17:59	65:8	medium	medium	17:59	65:8	65:8	cross_surah	label_target_note	missing_ayah_suggestion	Connects a town's disobedience to a messenger with severe reckoning.	focus_17_59_cutoff_100.tsv	195	40b582288c7603fcd10039b6fe9c9861155bdf07b539c256d50761795d00e1d5
directional_review	17:59	67:8	medium	medium	17:59	67:8	67:8	cross_surah	label_target_note	missing_ayah_suggestion	Depicts the keepers asking whether a warner had come before punishment.	focus_17_59_cutoff_100.tsv	196	80656b688d3376672b56e82457e2d6d87b5590ba6635fe551e51e758eb6968e2
directional_review	17:59	67:9	strong	strong	17:59	67:9	67:9	cross_surah	label_target_note	missing_ayah_suggestion	Records the reply: a warner came, but was denied as deluded.	focus_17_59_cutoff_100.tsv	197	f62f78a5a8ae0b5a074314948fd2f04088ae20cb46c78b77d0b76cf59fc77cc1
directional_review	17:59	74:52	medium	medium	17:59	74:52	74:52	cross_surah	label_target_note	missing_ayah_suggestion	Shows a demand for individualized unfolded scriptures rather than receptivity to warning.	focus_17_59_cutoff_100.tsv	198	08e128c2f70e9e33d2fe6d254d8082cb074dea1d2c53ca2b9def988e877f5d33
reciprocal_nomination	17:59	2:55		medium	2:55	17:59	17:59	cross_surah	label_target_note	missing_ayah_suggestion	Explains withholding further signs through prior denial, a relevant historical boundary on escalating demanded proof.	focus_2_55_cutoff_100.tsv	115	4a88398d30e1c7f308991b62ab70fbf3f49f21ddcdc51d06708f03640334f08a
reciprocal_nomination	17:59	2:66		medium	2:66	17:59	17:59	cross_surah	label_target_note	missing_ayah_suggestion	Signs are characterized as warning, supporting the focus's deterrent role without its historical formula.	focus_2_66_cutoff_100.tsv	115	4e098ea1e19946c386ad4bb39603a1263b8ece8f7604954da0fba2d8ddd66f29
reciprocal_nomination	17:59	2:87		medium	2:87	17:59	17:59	cross_surah	label_target_note	ranked_review	Earlier peoples' denial of signs explains why signs can meet rejection rather than produce assent.	focus_2_87_cutoff_100.tsv	53	5c719fb839cfa29064582fb036ca4004641b0dd7ddb7cbe6d57de6235fa3a7d8
reciprocal_nomination	17:59	2:99		medium	2:99	17:59	17:59	cross_surah	label_target_note	ranked_review	Prior denial of signs constrains their sending, adding a historical boundary.	focus_2_99_cutoff_100.tsv	82	3aacf310aea2e7b69ca3a4bbe1f59f0620c6eb939fb3d574f9f013d266e79090
reciprocal_nomination	17:59	2:108		medium	2:108	17:59	17:59	cross_surah	label_target_note	missing_ayah_suggestion	Explains the withholding of proposed signs through the earlier peoples' denial of them.	focus_2_108_cutoff_100.tsv	122	8baab1d934c4f0848b62f681ec5580f50315e1b8efe1774071f29c0d9de9bea5
reciprocal_nomination	17:59	2:114		weak	2:114	17:59	17:59	cross_surah	label_target_note	ranked_review	Prevention of further signs after prior denial is a distant, evidentiary obstruction parallel.	focus_2_114_cutoff_100.tsv	81	6ad0c8e929a93dbd5a755d342522f9b4c472eec8306e1a580f0842660d610556
reciprocal_nomination	17:59	2:118		strong	2:118	17:59	17:59	cross_surah	label_target_note	missing_ayah_suggestion	Earlier peoples' denial of signs explains why further miraculous signs are not simply sent on demand.	focus_2_118_cutoff_100.tsv	126	d75c7f76c44e8bea75f52af76c4c9101f169081dae6195d4271f34cad5a47850
reciprocal_nomination	17:59	2:211		strong	2:211	17:59	17:59	cross_surah	label_target_note	missing_ayah_suggestion	Explains that earlier peoples rejected the sent signs.	focus_2_211_cutoff_100.tsv	131	96d12599cc99b04a7d1629fdfe66671d460e4278008239eb290a6b1dc191de36
reciprocal_nomination	17:59	3:70		medium	3:70	17:59	17:59	cross_surah	label_target_note	missing_ayah_suggestion	Past rejection of signs frames the evidentiary seriousness of signs.	focus_3_70_cutoff_100.tsv	121	37aa6fd29d14949e24b3da46ca9e90d7791ae2d65fa6f8e571bf9ddce60ba8e0
reciprocal_nomination	17:59	3:175		medium	3:175	17:59	17:59	cross_surah	label_target_note	ranked_review	Distinguishes divine warning through signs from the fear manufactured in the focus.	focus_3_175_cutoff_100.tsv	12	7174f0f5804d3924020e86eeb73990fb0d7289eb23caafcefcb9b306bba443db
reciprocal_nomination	17:59	3:183		strong	3:183	17:59	17:59	cross_surah	label_target_note	missing_ayah_suggestion	Earlier rejection of signs supplies a direct historical boundary for sign-demand arguments.	focus_3_183_cutoff_100.tsv	114	4073ba8322056949792f9aae87664d561c16aa69d397232d2e766847fb81127f
reciprocal_nomination	17:59	4:141		medium	4:141	17:59	17:59	cross_surah	label_target_note	ranked_review	Adds rejection as a barrier to responsive reception of signs.	focus_4_141_cutoff_100.tsv	63	2d6d67b59745a09134b7ba9b514b76168da3c23da9e0934f4f8861836288f13f
reciprocal_nomination	17:59	4:153		strong	4:153	17:59	17:59	cross_surah	label_target_note	missing_ayah_suggestion	Explains the precedent of denied signs as a limit on sending further signs.	focus_4_153_cutoff_100.tsv	118	f2f8bc0cbd02a153b246b17eda54be4861ae3e882dc1d9784b2e34ff9c61d16b
reciprocal_nomination	17:59	5:10		medium	5:10	17:59	17:59	cross_surah	label_target_note	missing_ayah_suggestion	Missing historical ayat-rejection frame; useful boundary for reception of signs.	focus_5_10_cutoff_100.tsv	128	5d5c9eb6d3edb4857efba6f81b20f772f91f8cdbe561015d9425627a38e405b7
reciprocal_nomination	17:59	5:70		medium	5:70	17:59	17:59	cross_surah	label_target_note	missing_ayah_suggestion	Earlier denial of signs constrains the sending of further signs.	focus_5_70_cutoff_100.tsv	130	5cbf2b33faaa52ee9fec9dcd0c566af729df41ee6cd87d3cfd0ee19c5d6e826d
reciprocal_nomination	17:59	5:102		strong	5:102	17:59	17:59	cross_surah	label_target_note	missing_ayah_suggestion	Earlier peoples' denial of signs directly supplies the historical rationale for restrained disclosure.	focus_5_102_cutoff_100.tsv	123	1c93c91a3014217418451da523e79183eaee63f1510d1fbdb678750370639cef
reciprocal_nomination	17:59	5:112		medium	5:112	17:59	17:59	cross_surah	label_target_note	missing_ayah_suggestion	The withholding of signs after earlier denial supplies a contrary historical frame for the gravity of a requested sign.	focus_5_112_cutoff_100.tsv	111	057c308b391dc4471470e6ddb45da008a291df3cd1e7fd3777b5c4aaef997004
reciprocal_nomination	17:59	5:113		medium	5:113	17:59	17:59	cross_surah	label_target_note	missing_ayah_suggestion	Prior rejection of آيات gives a boundary for interpreting sign requests.	focus_5_113_cutoff_100.tsv	114	5f6ea9c64e804c6be602ea8863490278cf770365417612176cd1943ebb6b6c08
reciprocal_nomination	17:59	5:115		strong	5:115	17:59	17:59	cross_surah	label_target_note	missing_ayah_suggestion	It explicitly links sent ayat, deterrence, and the violated Thamud sign.	focus_5_115_cutoff_100.tsv	125	1839938defefea8d4c5e87b6abb8705e87e5d16f56694b2a3a729218eebc64c4
reciprocal_nomination	17:59	6:4		strong	6:4	17:59	17:59	cross_surah	label_target_note	missing_ayah_suggestion	Explains the withholding of requested signs through the precedent of earlier denial.	focus_6_4_cutoff_100.tsv	137	c9a1ad80e4615dbdaf2828154393029bcc5c182aeaf45e729d03dd46693c6f1b
reciprocal_nomination	17:59	6:5		medium	6:5	17:59	17:59	cross_surah	label_target_note	missing_ayah_suggestion	Earlier peoples' denial of signs explains why decisive signs are withheld as a test.	focus_6_5_cutoff_100.tsv	130	ecaa470114d5338f053f96348c6e3a994e86b7f0491226f495be894e5ad00e84
reciprocal_nomination	17:59	6:7		strong	6:7	17:59	17:59	cross_surah	label_target_note	missing_ayah_suggestion	Prior peoples' denial of signs explains why further signs are withheld.	focus_6_7_cutoff_100.tsv	141	3b236cf3cbc5109271d39b7918109fd9d5600b415fd5912fe6b623a7628944f8
reciprocal_nomination	17:59	6:21		medium	6:21	17:59	17:59	cross_surah	label_target_note	ranked_review	Historic sign-denial is explicitly called wrongdoing toward the sign.	focus_6_21_cutoff_100.tsv	87	c52b3cb505e3bf7d092b0a4c8228925da8449cda4b666164c9d71703fa11b660
reciprocal_nomination	17:59	6:35		strong	6:35	17:59	17:59	cross_surah	label_target_note	missing_ayah_suggestion	Explains a boundary on sending signs through prior denial of signs.	focus_6_35_cutoff_100.tsv	129	77d552773434be443d7158281769edf9f2e608b3d15e0bba15c0273ce114327b
reciprocal_nomination	17:59	6:37		strong	6:37	17:59	17:59	cross_surah	label_target_note	missing_ayah_suggestion	Directly links withholding extraordinary signs to earlier denial and frames such signs as warning.	focus_6_37_cutoff_100.tsv	121	b5a0def732bf801dc55c1109177ece701b205d756788c0108093181b769abd2e
reciprocal_nomination	17:59	6:48		medium	6:48	17:59	17:59	cross_surah	label_target_note	ranked_review	Defines sent signs as warning, broadening the warning side of the focus.	focus_6_48_cutoff_100.tsv	22	9239d82e6d83ec9997724993dd08424366cd18d50ee48fe99348f270526d8505
reciprocal_nomination	17:59	6:109		medium	6:109	17:59	17:59	cross_surah	label_target_note	missing_ayah_suggestion	Explains the withholding of requested signs through earlier peoples' denial of them.	focus_6_109_cutoff_100.tsv	113	3affc66eb6866970a8ecf52ec4d0ba05ef5d66a10040756df2f984ede0019bc9
reciprocal_nomination	17:59	6:111		strong	6:111	17:59	17:59	cross_surah	label_target_note	missing_ayah_suggestion	Past denial of signs explains why requested signs are withheld.	focus_6_111_cutoff_100.tsv	136	0a4dc048c3ab13e7bf8c01f9455fb3e8d21e887de54b7116238a7bee4ff5b002
reciprocal_nomination	17:59	6:124		strong	6:124	17:59	17:59	cross_surah	label_target_note	missing_ayah_suggestion	Explains the withholding of requested signs through the prior pattern of denial, directly relevant to 6:124.	focus_6_124_cutoff_100.tsv	114	599c4d88ff661fca50e3397cded4fe91c5caa54be2ce20bd7b34b75f831f4de0
reciprocal_nomination	17:59	6:158		strong	6:158	17:59	17:59	cross_surah	label_target_note	missing_ayah_suggestion	Earlier denial of signs explains why the sending of signs can carry terminal consequences.	focus_6_158_cutoff_100.tsv	112	491d043a5098f5c7273fe1989cdcff273c9f559133a8e226f2719303914360f9
reciprocal_nomination	17:59	7:4		strong	7:4	17:59	17:59	cross_surah	label_target_note	missing_ayah_suggestion	Connects rejected signs, earlier qura destruction, and warning by signs.	focus_7_4_cutoff_100.tsv	121	8613a65f23d6dc79ec694814ab223d89387bcc97986701044ca52aefd6db1247
reciprocal_nomination	17:59	7:12		medium	7:12	17:59	17:59	cross_surah	label_target_note	ranked_review	V12 f02 positive: a stated impediment frames response without compulsion.	focus_7_12_cutoff_100.tsv	84	94df20f63fed498e40338707a58801d6111f4597e1e6630bfa7e655dc792fd62
reciprocal_nomination	17:59	7:73		strong	7:73	17:59	17:59	cross_surah	label_target_note	ranked_review	Explicitly joins Thamud, the camel, sign-status, wrongdoing, and warning.	focus_7_73_cutoff_100.tsv	43	216b9dda5663c7cf66bda13278259738b20a16be6676dc090abe957bca86870d
reciprocal_nomination	17:59	7:74		strong	7:74	17:59	17:59	cross_surah	label_target_note	missing_ayah_suggestion	Explicitly names the Thamud sign and their wrongdoing toward it.	focus_7_74_cutoff_100.tsv	115	ca5a625cdbc3464f89f47ec9f3185efe75b91e01921803cd64a412db13a4fb5b
reciprocal_nomination	17:59	7:77		strong	7:77	17:59	17:59	cross_surah	label_target_note	ranked_review	Identifies the Thamud camel as a manifest sign and links their response to warning signs.	focus_7_77_cutoff_100.tsv	13	2969d80189c0f857606519a64a7df084b01e29d48d6f03dadffe6ae2a4e6b82d
reciprocal_nomination	17:59	7:78		strong	7:78	17:59	17:59	cross_surah	label_target_note	missing_ayah_suggestion	Thamud's sign and their wrongdoing provide a direct antecedent.	focus_7_78_cutoff_100.tsv	107	b06ac744f97e64d44b55ed82c5c14a0167bd7341244813e4e94d7de86f5d01e5
reciprocal_nomination	17:59	7:101		strong	7:101	17:59	17:59	cross_surah	label_target_note	missing_ayah_suggestion	Directly says prior peoples' denial of signs explains the withholding of requested signs.	focus_7_101_cutoff_100.tsv	132	bb01fccf7d1c03e004346f8d9d3237aae4a08ba665969d1f66436ed63ea0025e
reciprocal_nomination	17:59	7:103		medium	7:103	17:59	17:59	cross_surah	label_target_note	ranked_review	Links signs, earlier denial, and wrongful treatment of them, but outside the Moses scene.	focus_7_103_cutoff_100.tsv	22	894d7d88a56a23b481b41ae81407439edc19c3cf98eaf2e99b35faf55ec1944c
reciprocal_nomination	17:59	7:132		strong	7:132	17:59	17:59	cross_surah	label_target_note	missing_ayah_suggestion	Prior denial of signs explains why additional signs are not simply supplied on demand.	focus_7_132_cutoff_100.tsv	119	de112866d34c2af6c1308941aedb2f3f2c6c12411a7c6c218010b3df153b8057
reciprocal_nomination	17:59	7:203		medium	7:203	17:59	17:59	cross_surah	label_target_note	missing_ayah_suggestion	Places the sending of signs under divine judgment after earlier peoples denied them.	focus_7_203_cutoff_100.tsv	129	febc3b8ab7b8e4be577c660a2a037f037a5730a251366f4ed27f3654df465a99
reciprocal_nomination	17:59	8:31		medium	8:31	17:59	17:59	cross_surah	label_target_note	missing_ayah_suggestion	Uses earlier peoples' denial of signs to explain the gravity of sign demands.	focus_8_31_cutoff_100.tsv	120	e7b1615ede2f1882bdb121379f7422a253c175561d1ab2c41113cd36ff3f70e3
reciprocal_nomination	17:59	8:52		medium	8:52	17:59	17:59	cross_surah	label_target_note	missing_ayah_suggestion	Relates withheld signs to the earlier peoples' denial of signs.	focus_8_52_cutoff_100.tsv	137	04a68bfa1d0e0cf4604a649d8842a2eb53fc9ab15a03ca60b8ad8e5dc74be5ac
reciprocal_nomination	17:59	9:54		medium	9:54	17:59	17:59	cross_surah	label_target_note	ranked_review	Uses the same barrier form and shows denial shaping what is sent.	focus_9_54_cutoff_100.tsv	55	af8bc98d45db02f7d91e6ebe60c52e079c2fbc960c3812df18bc79315765166f
reciprocal_nomination	17:59	10:20		strong	10:20	17:59	17:59	cross_surah	label_target_note	missing_ayah_suggestion	Explains withholding proposed signs through an earlier pattern of denial and decisive consequence.	focus_10_20_cutoff_100.tsv	112	01d0699afcb3144cabd1c6f11aae89a0fad0335306c80d71a4894630d11d950b
reciprocal_nomination	17:59	10:95		strong	10:95	17:59	17:59	cross_surah	label_target_note	missing_ayah_suggestion	Explains a signs-related boundary through an earlier community's denial.	focus_10_95_cutoff_100.tsv	125	db254748880a773901ed9fa267591186a3d3b6bdbad7cbac308971f52fe98bae
reciprocal_nomination	17:59	10:96		strong	10:96	17:59	17:59	cross_surah	label_target_note	missing_ayah_suggestion	Prior rejection of signs explains why a requested sign is not newly given.	focus_10_96_cutoff_100.tsv	140	9cb9d94fbd84d7edc774f98fcf0e8f7bb5d3b9be74d0075a9026d65ccc0752a3
reciprocal_nomination	17:59	10:97		medium	10:97	17:59	17:59	cross_surah	label_target_note	missing_ayah_suggestion	Explains withheld extraordinary signs through earlier denial and punitive precedent.	focus_10_97_cutoff_100.tsv	123	5fc456eb8960c72b5a3f185902d6e7321b4f76b8b72def397c42358548740024
reciprocal_nomination	17:59	10:101		strong	10:101	17:59	17:59	cross_surah	label_target_note	missing_ayah_suggestion	Directly connects the withholding of demanded signs to prior denial.	focus_10_101_cutoff_100.tsv	140	8abb48a9f02061f0ec6f29ecdcc3c6d160e952b2e2db2e018ad6a539e6bdf694
reciprocal_nomination	17:59	11:64		strong	11:64	17:59	17:59	cross_surah	label_target_note	ranked_review	Explicitly identifies Thamud's camel as a sign and their wronging of it, adding the warning function of signs.	focus_11_64_cutoff_100.tsv	18	ea6da35e772c0acb48a82d65d96f2812e2566c375848c994bfec7ab69120d3a5
reciprocal_nomination	17:59	11:95		medium	11:95	17:59	17:59	cross_surah	label_target_note	ranked_review	Thamud's sign and wrongdoing provide relevant background, though not the disappearance formula.	focus_11_95_cutoff_100.tsv	38	906f259058d83b16a2e56a2d564c5bcd5abc8625ac919f7f2a9aa882e9869ae8
reciprocal_nomination	17:59	12:105		medium	12:105	17:59	17:59	cross_surah	label_target_note	missing_ayah_suggestion	Directly concerns the sending of signs and the historical response to them.	focus_12_105_cutoff_100.tsv	124	f89293997943fe4d1886d2b878d8953348343e1a237088579566ae549823515a
reciprocal_nomination	17:59	12:109		medium	12:109	17:59	17:59	cross_surah	label_target_note	ranked_review	Öncekilerin yalanlaması, görünür âyetin zulme uğraması ve uyarı; tarihî sonuç çizgisine ikincil örnek verir.	focus_12_109_cutoff_100.tsv	86	7024493e4c81f273b0fe848c49f81b09e64a0f6fae46106fc13b8c0a36bf5793
reciprocal_nomination	17:59	13:7		medium	13:7	17:59	17:59	cross_surah	label_target_note	missing_ayah_suggestion	Geçmişteki yalanlama nedeniyle ayetlerin gönderilmesiyle ilgili sınırlamayı ekler.	focus_13_7_cutoff_100.tsv	115	ea34dd3df1e4f6481682cb1dccf81ec9ccdb620be95ec882cc54312fdc86f232
reciprocal_nomination	17:59	13:13		medium	13:13	17:59	17:59	cross_surah	label_target_note	ranked_review	Defines sent signs as warning, directly supporting the storm sign's threatening function.	focus_13_13_cutoff_100.tsv	70	706b20d5e6e32154fa66577905c4d05833e6c87943cdf67bdf6a45a801af6991
reciprocal_nomination	17:59	13:27		strong	13:27	17:59	17:59	cross_surah	label_target_note	missing_ayah_suggestion	Ayetlerin gönderilmemesini önceki toplumların onları yalanlamasına bağlayarak belirti talebine doğrudan bağlam sağlar.	focus_13_27_cutoff_100.tsv	154	6a26b366d43eebea923df6bea1f901b5235f962852a5127269dd9de3e503b80a
reciprocal_nomination	17:59	13:30		strong	13:30	17:59	17:59	cross_surah	label_target_note	missing_ayah_suggestion	Links withheld demanded signs to earlier communities' denial, directly contextualizing sign requests.	focus_13_30_cutoff_100.tsv	143	8d8fc670f16be159a7279355d9d7cb23dc264a8e2863a9961c962ec19962b37b
reciprocal_nomination	17:59	13:31		strong	13:31	17:59	17:59	cross_surah	label_target_note	missing_ayah_suggestion	Directly explains withheld spectacular signs through the earlier denial of such signs.	focus_13_31_cutoff_100.tsv	130	30791699ec9b5caad458a948bfd84d6fea269e4f15a98186f60d7caba782289a
reciprocal_nomination	17:59	15:7		strong	15:7	17:59	17:59	cross_surah	label_target_note	missing_ayah_suggestion	Explains withheld signs through the prior pattern of their rejection and destructive consequence.	focus_15_7_cutoff_100.tsv	118	57ca8e6d8bf1199d41ebb0febfc01ee0fc4d8bb111ad86d601f1455e1be09189
reciprocal_nomination	17:59	15:14		strong	15:14	17:59	17:59	cross_surah	label_target_note	missing_ayah_suggestion	Earlier peoples denied the signs, so requested signs are not presented as a simple cure for rejection.	focus_15_14_cutoff_100.tsv	115	8d3241c6e39403ada415ed78977a80e6218ded4cd017904c3caeb3b57db51c71
reciprocal_nomination	17:59	15:77		strong	15:77	17:59	17:59	cross_surah	label_target_note	missing_ayah_suggestion	İşaretlerin yalanlanması ve Semud’a verilen görünür ayet, işaretin zorlayıcı iman üretmediğini gösterir.	focus_15_77_cutoff_100.tsv	114	72259bf01bc0b17fd7062f2c886636b61f3c4379b1af6cf7fe691f53e3748d69
reciprocal_nomination	17:59	15:79		weak	15:79	17:59	17:59	cross_surah	label_target_note	missing_ayah_suggestion	Adds the Thamud's manifest sign and their wrongdoing toward it.	focus_15_79_cutoff_100.tsv	125	14609eb8660129e3ffa5482794d1d86e2d4ad6e5518a2dd9ef80cba403ce81bb
reciprocal_nomination	17:59	15:80		strong	15:80	17:59	17:59	cross_surah	label_target_note	missing_ayah_suggestion	Semud'a verilen görünür ayetin zulme uğratılması, 15:81'deki ayetlerden uzaklaşmayı doğrudan ilgili bir ret örneğiyle açıklar.	focus_15_80_cutoff_100.tsv	120	72b1103068b5d80821ed8e5ec688f0c8637a758dd57f9f49eadd6bc8e6419b99
reciprocal_nomination	17:59	15:81		medium	15:81	17:59	17:59	cross_surah	label_target_note	missing_ayah_suggestion	Directly treats earlier denial of signs as decisive for the sign-and-punishment history.	focus_15_81_cutoff_100.tsv	128	a6d034dd017d4960ef3b6d16d909a10042b5e3b53af122ba9dfde40642b62348
reciprocal_nomination	17:59	15:82		strong	15:82	17:59	17:59	cross_surah	label_target_note	missing_ayah_suggestion	The Thamud sign is explicitly linked to wrongdoing and exemplary punishment.	focus_15_82_cutoff_100.tsv	114	cc81fbe17e5d6684cdd28edb7de5b3f15bb3277bef66e7f1b8590d8c3dfa1627
reciprocal_nomination	17:59	15:83		medium	15:83	17:59	17:59	cross_surah	label_target_note	missing_ayah_suggestion	Identifies the Thamud she-camel as a visible sign and relates signs to warning.	focus_15_83_cutoff_100.tsv	130	c47cf4c3d2eb970e865d36345ca44880c8e86993022ea6167529e77dce72dff0
reciprocal_nomination	17:59	15:84		medium	15:84	17:59	17:59	cross_surah	label_target_note	missing_ayah_suggestion	The Thamud sign belongs to the same warning history, but adds context rather than the focus's gain formula.	focus_15_84_cutoff_100.tsv	116	0f0138d7fd11cd599b9b15bda040cf985e2be822fd7fc1732fefe223ee13086a
reciprocal_nomination	17:59	16:33		strong	16:33	17:59	17:59	cross_surah	label_target_note	missing_ayah_suggestion	Earlier rejection of signs explains why extraordinary manifestation is not a neutral remedy.	focus_16_33_cutoff_100.tsv	117	8aa5d36f6a4e99b9d638be7070b63cae96d548021528b31bb5761f54699f103e
reciprocal_nomination	17:59	16:104		strong	16:104	17:59	17:59	cross_surah	label_target_note	missing_ayah_suggestion	Explains the historical rejection of signs as relevant to their sending and punishment.	focus_16_104_cutoff_100.tsv	144	fa5dc296bc32e3abf2f12ca8a30b503143153b89e4b0c842ec9074f240e946f9
reciprocal_nomination	17:59	17:2		weak	17:2	17:59	17:59	same_surah	label_target_note	ranked_review	Same-surah signs and prior denial give nearby context but do not clarify the Book-guidance-wakil clause.	focus_17_2_cutoff_100.tsv	61	bd9cbf3a882b97977f0b4079fff2cb853e955bced8c362792c089b3ca34a9a89
reciprocal_nomination	17:59	17:5		weak	17:5	17:59	17:59	same_surah	label_target_note	ranked_review	Earlier denial and warning signs add a distant surah context for punitive disclosure.	focus_17_5_cutoff_100.tsv	35	1d5d85ec48b363c9adf40ff7585889b2373893d08ba5db212440096c3d3d5d83
reciprocal_nomination	17:59	17:7		weak	17:7	17:59	17:59	same_surah	label_target_note	ranked_review	Its warning signs and ch008 link add only a general warning context, without the focus's return or dismantling pattern.	focus_17_7_cutoff_100.tsv	32	d6bdecb53b18825b36c8501ab726bb18bc55377c475a82af399555b770dca8ae
reciprocal_nomination	17:59	17:12		medium	17:12	17:59	17:59	same_surah	label_target_note	ranked_review	A perceptible sign and its rejection sharpen the stakes of a visible sign.	focus_17_12_cutoff_100.tsv	34	89254c31cccb4368817d80e8b3cc44352deb936830ca31d866ab3a11660d845a
reciprocal_nomination	17:59	17:16		medium	17:16	17:59	17:59	same_surah	label_target_note	missing_ayah_suggestion	Links signs, warning, and prior destruction within the focus surah.	focus_17_16_cutoff_100.tsv	125	34cab5fa8c2eddf1637b47aef2ea43aeea8986c34091b9a00bb1a70e5d2d4462
reciprocal_counterevidence	17:59	17:35		no value	17:35	17:59	17:59	same_surah	label_target_note	ranked_review	The nearby sign narrative adds no specific relation to measure or balance.	focus_17_35_cutoff_100.tsv	38	acf3f271d157a15ec660e3ee9703871d91269f5c423777267b1c534093b7d326
reciprocal_nomination	17:59	17:41		medium	17:41	17:59	17:59	same_surah	label_target_note	ranked_review	Adds signs rejected despite their warning function in the local sequence.	focus_17_41_cutoff_100.tsv	11	3b91402eb052e9e40805aaadf7eac07d63cc0f76c2b23af61b90b128ec82093a
reciprocal_nomination	17:59	17:51		weak	17:51	17:59	17:59	same_surah	label_target_note	ranked_review	It records refusal of signs in the same surah, without advancing the focal argument.	focus_17_51_cutoff_100.tsv	41	500d40891170f287952782b9e918641d9a755a86804978a00782b2485271d799
reciprocal_nomination	17:59	17:55		medium	17:55	17:59	17:59	same_surah	label_target_note	ranked_review	Same-surah atā of a sign contributes a secondary bestowal contrast.	focus_17_55_cutoff_100.tsv	61	1a1295e395e48f2180eb9581fcbbb34327b36961c043e6af68494c86ca9ecf9c
reciprocal_nomination	17:59	17:58		strong	17:58	17:59	17:59	same_surah	label_target_note	ranked_review	Immediate continuation: refusal of signs and the Thamud sign explain the warning function surrounding 17:58.	focus_17_58_cutoff_100.tsv	5	3ac7bbe73c880ca9da873bb0824af8e5cbe4e840ffff4b9720cada37f2fc5f3b
reciprocal_nomination	17:59	17:60		strong	17:60	17:59	17:59	same_surah	label_target_note	ranked_review	The immediate predecessor identifies signs as tahwif and recalls a sign met with wrongdoing.	focus_17_60_cutoff_100.tsv	14	b4b4dfd53fedffad6f01cb0170a4006e79b01786fa58f53888323ef671eb3799
reciprocal_nomination	17:59	17:64		weak	17:64	17:59	17:59	same_surah	label_target_note	ranked_review	Same-surah sign and warning material has only a remote connection.	focus_17_64_cutoff_100.tsv	23	fab00330be31f1190156c088db93b8d3bc986df57f7fbb99b2c71dfc8a68c1d8
reciprocal_nomination	17:59	17:77		strong	17:77	17:59	17:59	same_surah	label_target_note	missing_ayah_suggestion	Connects withheld signs to their rejection by earlier peoples and a consequent destruction precedent.	focus_17_77_cutoff_100.tsv	124	45144f0889e2a164c8f5856dd7716e883c33932aaaa6ab53d26a66a623a397a8
reciprocal_nomination	17:59	17:89		medium	17:89	17:59	17:59	same_surah	label_target_note	ranked_review	Nearby signs and prior denial supply a historical frame for refusal despite evidence.	focus_17_89_cutoff_100.tsv	8	852682a7cd7f61bc4429d5d27114b1f13ff32f43defc485548179e25b7ef86f5
reciprocal_nomination	17:59	17:90		strong	17:90	17:59	17:59	same_surah	label_target_note	missing_ayah_suggestion	Explains withheld signs through the earlier rejection of signs, directly framing the demand context.	focus_17_90_cutoff_100.tsv	123	9e6e696b4956fff4ab50904ffe65e5ba9652082fda0145c52b55ac6c3ad036a7
reciprocal_nomination	17:59	17:92		strong	17:92	17:59	17:59	same_surah	label_target_note	missing_ayah_suggestion	Directly frames withheld signs through the precedent of their earlier rejection.	focus_17_92_cutoff_100.tsv	118	6877bbb779641de56bb8980a9b3445b42affd5f21fb8a397de6e1fb8b3e6f8d1
reciprocal_nomination	17:59	17:93		strong	17:93	17:59	17:59	same_surah	label_target_note	missing_ayah_suggestion	Directly explains the withholding of requested signs through the prior rejection of signs.	focus_17_93_cutoff_100.tsv	122	620c30d7e6f5f63be943f677f213280b93dd339f62da9538cfa9534aeb1bca99
reciprocal_nomination	17:59	17:94		medium	17:94	17:59	17:59	same_surah	label_target_note	ranked_review	Explains why demanded signs need not compel belief, contextualizing the miracle demands.	focus_17_94_cutoff_100.tsv	75	e460dfc5e1ade100b3f72363570f0cec2a907a8bfc48655f4bec4de3c235f829
reciprocal_nomination	17:59	17:96		strong	17:96	17:59	17:59	same_surah	label_target_note	missing_ayah_suggestion	Directly explains why demanded spectacular signs are withheld after earlier denials; central to 17:90-96.	focus_17_96_cutoff_100.tsv	101	41c2dcdfde4608647381d98a13fa4ded5e075ef5b63f4e0dbfdeb07ac174205e
reciprocal_nomination	17:59	17:97		weak	17:97	17:59	17:59	same_surah	label_target_note	ranked_review	Same-surah signs and denial form background context only.	focus_17_97_cutoff_100.tsv	41	12dccef17bd520e87263cd01c3a9d2b59d53af57b3ffdb6b25ea3a2fe04fa27d
reciprocal_nomination	17:59	18:9		medium	18:9	17:59	17:59	cross_surah	label_target_note	missing_ayah_suggestion	It directly concerns the sending and rejection of signs, adding a contrary reception pattern.	focus_18_9_cutoff_100.tsv	108	1d0f18abce6e9e63ffec8352188e1726c8b21d586edf9dbad633f87ea2e8ac54
reciprocal_nomination	17:59	18:55		strong	18:55	17:59	17:59	cross_surah	label_target_note	ranked_review	Earlier peoples denied warning signs, and signs are sent as warnings, directly supporting the focus's reference to their precedent.	focus_18_55_cutoff_100.tsv	25	384774ecadef336fb56f80522499a45d40d8b3301c7489bec52bb418f69d3200
reciprocal_nomination	17:59	18:56		strong	18:56	17:59	17:59	cross_surah	label_target_note	ranked_review	It likewise limits the sending of signs to warning and recalls earlier peoples' denial.	focus_18_56_cutoff_100.tsv	7	11535f651000e236c8411e8fe8635a8e0d04317665fdc2f26f65b57e15d2db99
reciprocal_nomination	17:59	19:74		weak	19:74	17:59	17:59	cross_surah	label_target_note	ranked_review	Prior denial of signs and Thamud's sign provide background but do not develop the material comparison.	focus_19_74_cutoff_100.tsv	56	d11a9e254475d7b0ea168f08e24b5a34ba44330c9d945ed32e861cca58bf372d
reciprocal_nomination	17:59	19:98		medium	19:98	17:59	17:59	cross_surah	label_target_note	missing_ayah_suggestion	The destruction of former towns explains the warning function of signs sent to later people.	focus_19_98_cutoff_100.tsv	126	00c73974da27bee499334c08f95f75ce3be7af733bc5acdb3c0d906cc52815d1
reciprocal_nomination	17:59	20:92		weak	20:92	17:59	17:59	cross_surah	label_target_note	ranked_review	The stated reason for withholding signs is a distinct divine prevention, not Harun's human restraint.	focus_20_92_cutoff_100.tsv	36	82b49ff4567bb91405b7a90da5025fc8f2e6fa34e96660e4a17c9e54e6a3697e
reciprocal_nomination	17:59	20:113		medium	20:113	17:59	17:59	cross_surah	label_target_note	ranked_review	Signs are sent for warning, confirming warning as a purpose of divine signs.	focus_20_113_cutoff_100.tsv	56	478d9dfc28e3ba6489419317d535470481db1dd836b14fceb9200a88be730639
reciprocal_nomination	17:59	20:128		weak	20:128	17:59	17:59	cross_surah	label_target_note	missing_ayah_suggestion	It recalls that earlier peoples denied signs, providing a broad antecedent for historical punishment.	focus_20_128_cutoff_100.tsv	113	e75d58b01913319554891774a8b3dddcf42d3ea8f539cb1864a1422db3cd83c6
reciprocal_nomination	17:59	20:133		medium	20:133	17:59	17:59	cross_surah	label_target_note	ranked_review	It explains that earlier rejection constrained the sending of signs, giving a historical rationale for why renewed signs are not conceded.	focus_20_133_cutoff_100.tsv	14	12c0807fcb7b6d213a6625691ba96ec33fcf34bdd4eb1f55e3625fbb248ef5bf
reciprocal_nomination	17:59	20:134		strong	20:134	17:59	17:59	cross_surah	label_target_note	ranked_review	It explicitly connects earlier denial of signs, their sending, and warning, closely clarifying the focus's demand-for-sign setting.	focus_20_134_cutoff_100.tsv	14	a779d99ba1220bd7409b340ac4af8a2ff139e562edef31340ec0deebb68bac25
reciprocal_nomination	17:59	21:5		strong	21:5	17:59	17:59	cross_surah	label_target_note	ranked_review	It directly explains that earlier peoples denied sent signs, illuminating the demand for signs like those of old.	focus_21_5_cutoff_100.tsv	49	8cf5cf9b2364e71ccf5e6a606db017c709dd6a46ba9ea8b0550a270cae9d3f6f
reciprocal_nomination	17:59	21:6		strong	21:6	17:59	17:59	cross_surah	label_target_note	missing_ayah_suggestion	Öncekilerin ayetleri yalanlaması sebebiyle işaret gönderilmemesi, odaktaki işaret talebi ile önceki helak emsalini doğrudan birleştirir.	focus_21_6_cutoff_100.tsv	101	5936912f9e06996fa9aea5b2e0ca09d17dd8969b5ec9feaedb1a8362de4d408e
reciprocal_nomination	17:59	21:95		medium	21:95	17:59	17:59	cross_surah	label_target_note	ranked_review	It links a visible sign, earlier denial, and warning, supplying a concrete antecedent to town-level destruction.	focus_21_95_cutoff_100.tsv	69	55197dccc950c3593c9c932dbe42605a8d498e2c07529abc73481b437b402743
reciprocal_nomination	17:59	22:45		strong	22:45	17:59	17:59	cross_surah	label_target_note	missing_ayah_suggestion	It explicitly says that destroyed towns before were denied signs, linking warning, denial, and destruction.	focus_22_45_cutoff_100.tsv	116	602d8da17f25dbe0ea3126455a862e457930c2211f51cfc4ab1c6910c1f28e2b
reciprocal_nomination	17:59	23:30		strong	23:30	17:59	17:59	cross_surah	label_target_note	missing_ayah_suggestion	Explains that sent signs were denied by earlier peoples, directly connecting signs with the disclosure of response.	focus_23_30_cutoff_100.tsv	121	944579019bde6ec295496551fa1e64cab80e423b97a658194095543676da696b
reciprocal_nomination	17:59	23:58		weak	23:58	17:59	17:59	cross_surah	label_target_note	missing_ayah_suggestion	Treats the sending of signs as warning, giving only a general function of signs.	focus_23_58_cutoff_100.tsv	118	0c36d4ece4049182e8b7f5e609d55ff010637ce0f85b6904b6a77898bc0c6b0d
reciprocal_nomination	17:59	23:78		medium	23:78	17:59	17:59	cross_surah	label_target_note	ranked_review	Earlier denial of signs shows the consequence-bearing failure of perception and response.	focus_23_78_cutoff_100.tsv	94	720d052e78c68fedb3857b5befbd4519e6d5f882254c3e26dd3de948005727be
reciprocal_nomination	17:59	23:81		medium	23:81	17:59	17:59	cross_surah	label_target_note	ranked_review	Earlier peoples' denial of signs establishes a historical pattern behind the focus's inherited refusal.	focus_23_81_cutoff_100.tsv	28	89d99c23c94303c5889f1a10c6aabcb3f383fecf8569ac6892a65cd79fccff97
reciprocal_nomination	17:59	23:105		medium	23:105	17:59	17:59	cross_surah	label_target_note	missing_ayah_suggestion	The rejection of earlier signs and the example of Thamud give historical context for why manifest signs do not secure belief.	focus_23_105_cutoff_100.tsv	112	01a6a0b223f7b9617b1932c3c5861ee7799e5f6e8232159453873c7a8524f263
reciprocal_nomination	17:59	24:30		weak	24:30	17:59	17:59	cross_surah	label_target_note	ranked_review	Visible signs as warnings offer a distant perception-and-response parallel.	focus_24_30_cutoff_100.tsv	96	b614049cbf209be717755f369029fc10a704473e1f208da5b2c99c9ac7716c2c
reciprocal_nomination	17:59	24:34		medium	24:34	17:59	17:59	cross_surah	label_target_note	missing_ayah_suggestion	The refusal of earlier peoples to believe signs explains the withholding of further signs.	focus_24_34_cutoff_100.tsv	140	775ee0611f7ffdaaea1bddc34f10b81b05a6dc79eefa4f1759d9cd4fa97620bc
reciprocal_nomination	17:59	25:8		strong	25:8	17:59	17:59	cross_surah	label_target_note	missing_ayah_suggestion	Withheld signs are explicitly framed through earlier rejection of signs.	focus_25_8_cutoff_100.tsv	129	cad1ba0408dfb8664de9202b2f66b2016ca5c37888cbbd9e12d40b44352a8614
reciprocal_nomination	17:59	26:4		strong	26:4	17:59	17:59	cross_surah	label_target_note	missing_ayah_suggestion	Signs were withheld because earlier peoples denied them, directly linking manifested proof with rejection and consequence.	focus_26_4_cutoff_100.tsv	106	55ec4286fa10d18036836a949045f2c6249d84636be24d69fe1eb0f875afc064
reciprocal_nomination	17:59	26:8		medium	26:8	17:59	17:59	cross_surah	label_target_note	missing_ayah_suggestion	It treats earlier signs and their denial as a historical warning, supporting the focus's use of a sign-bearing narrative without duplicating its formula.	focus_26_8_cutoff_100.tsv	110	ca56f60475289d1f9db3cfc813fa8ce120d5b903d13ac98f81598cc41f04e8df
reciprocal_nomination	17:59	26:141		strong	26:141	17:59	17:59	cross_surah	label_target_note	ranked_review	Connects Thamud's visible she-camel sign, their wrongdoing, and the warning function of signs.	focus_26_141_cutoff_100.tsv	39	9c78f2655386538a1010488057b2a75d26e1453999063bc6f5edd594d28e813a
reciprocal_nomination	17:59	26:142		strong	26:142	17:59	17:59	cross_surah	label_target_note	missing_ayah_suggestion	Semud'a verilen devenin zulümle karşılanması, Sâlih'in tebliğindeki işaret ve inkâr bağını doğrudan açıklar.	focus_26_142_cutoff_100.tsv	123	7c79bce73a70574ada9f4914a5cd25bfedb84774c1940240646c65c9bb5c89ed
reciprocal_nomination	17:59	26:149		strong	26:149	17:59	17:59	cross_surah	label_target_note	missing_ayah_suggestion	Semud'a verilen dişi deve, halkın zulmederek reddettiği açık işarettir ve 26:149'un aynı kavim bağlamını güçlendirir.	focus_26_149_cutoff_100.tsv	120	fbdffba4b8752e698ca8fb3335aa0e2d659e304d8e32b42431d7c8e6aa8d6090
reciprocal_nomination	17:59	26:150		strong	26:150	17:59	17:59	cross_surah	label_target_note	missing_ayah_suggestion	It identifies the she-camel given to Thamud as a visible sign that they wronged.	focus_26_150_cutoff_100.tsv	126	21fc9cf5f39ab043df8cdb8e5ed85d05aabde95aff268a53ab32d9850621b2fe
reciprocal_nomination	17:59	26:155		strong	26:155	17:59	17:59	cross_surah	label_target_note	missing_ayah_suggestion	It names the she-camel given to Thamud as a visible sign and states that they wronged her, directly corroborating the focus narrative.	focus_26_155_cutoff_100.tsv	119	7e50028ae18dd8237f357be3495d6bb112ee0741ed62171ef0f577096bedfdba
reciprocal_nomination	17:59	26:156		strong	26:156	17:59	17:59	cross_surah	label_target_note	missing_ayah_suggestion	Thamud'a açık işaret olarak Naqah'ın verilmesi ve ona zulmetmeleri, korunan hayvana yönelik ihlalin temel tanıklığıdır.	focus_26_156_cutoff_100.tsv	105	4aff9ca5ac1ac550a4b02b8234035d55a8337d89f5b69b732aa4e2c49771f0fa
reciprocal_nomination	17:59	26:157		strong	26:157	17:59	17:59	cross_surah	label_target_note	missing_ayah_suggestion	It explicitly names the she-camel given to Thamud as a visible sign and links such signs to warning wrongdoers.	focus_26_157_cutoff_100.tsv	129	064d72c39e30172091522588ed4e99030ba80e5480808db45b0b6378adf2459f
reciprocal_nomination	17:59	26:159		strong	26:159	17:59	17:59	cross_surah	label_target_note	missing_ayah_suggestion	Thamud's visible she-camel sign was wronged, directly linking a sign's violation to the warnings of punishment.	focus_26_159_cutoff_100.tsv	106	5a65c9d0d534c30a4fea4222b69d3021610d89fa97c74067f45c29dd4af95b7e
reciprocal_nomination	17:59	26:160		strong	26:160	17:59	17:59	cross_surah	label_target_note	ranked_review	It links the withholding of signs to earlier peoples' denial and cites Thamud's rejected sign.	focus_26_160_cutoff_100.tsv	69	1d5f632e2a720b76d30a5e0a8a73157c790d17babf46484b7f136ec498ac0271
reciprocal_nomination	17:59	26:201		strong	26:201	17:59	17:59	cross_surah	label_target_note	missing_ayah_suggestion	It explains that former peoples denied the sent signs, linking signs to consequent punishment.	focus_26_201_cutoff_100.tsv	110	1bfb7b703be76d30cb0a29f380cfbad08f28391b3c308a5628ede59a4c36c76c
reciprocal_nomination	17:59	27:13		strong	27:13	17:59	17:59	cross_surah	label_target_note	ranked_review	A perceptible sign is wronged and denied, closely matching visible signs refused.	focus_27_13_cutoff_100.tsv	25	13402ff4c05b229749d32ad9079ca2d5f5492a89868143a697ab5ca2383a72bd
reciprocal_nomination	17:59	27:45		medium	27:45	17:59	17:59	cross_surah	label_target_note	ranked_review	Thamud's visible sign and its wrongful rejection contextualize the people addressed by Salih.	focus_27_45_cutoff_100.tsv	55	bd02767c32a5db7aca5031f910dc1d39b701ac81f17be290be88f4fdef1e1d1e
reciprocal_nomination	17:59	27:52		medium	27:52	17:59	17:59	cross_surah	label_target_note	missing_ayah_suggestion	The Thamud sign and punishment explicitly join sign rejection to historic consequence.	focus_27_52_cutoff_100.tsv	116	81a529162ca187be8687fa147fcd0225f612f58308cb6cdbbbb7c9bc4fa6d31e
reciprocal_nomination	17:59	27:54		weak	27:54	17:59	17:59	cross_surah	label_target_note	ranked_review	The rejection of a visible sign is a distant parallel to failing to respond rightly to what is evident.	focus_27_54_cutoff_100.tsv	72	bd6aaf4ae7fdb292928d9f2ef85cdbc974bc63f18019f67806c27cecb88c1c0c
reciprocal_nomination	17:59	27:82		strong	27:82	17:59	17:59	cross_surah	label_target_note	missing_ayah_suggestion	Önceki toplulukların ayetleri yalanlaması, ayetlerin gönderilmesi ile inkâr edilmesi arasındaki sürekliliği gösterir.	focus_27_82_cutoff_100.tsv	116	524694726a2178033de4ea8cbd142e6067aec0cc3e78ebd842064a68a405b376
reciprocal_nomination	17:59	28:72		weak	28:72	17:59	17:59	cross_surah	label_target_note	ranked_review	A visible sign that failed to compel belief concerns signs generally, not night needed for rest.	focus_28_72_cutoff_100.tsv	69	694d4344415873da4578302409ede30839837aef5d77c38a65d66daf0d2a664b
reciprocal_nomination	17:59	29:50		strong	29:50	17:59	17:59	cross_surah	label_target_note	missing_ayah_suggestion	It explicitly makes the sending of signs God's decision and relates their withholding to earlier peoples' denial, directly extending the focus response.	focus_29_50_cutoff_100.tsv	102	3cb0ca6459c9984a95405c6f164e8807e26f9575b7394a2578733e420e23a141
reciprocal_nomination	17:59	30:10		strong	30:10	17:59	17:59	cross_surah	label_target_note	missing_ayah_suggestion	It names the denial of sent signs by earlier peoples as the reason for withholding further signs.	focus_30_10_cutoff_100.tsv	105	0b67d99ad1e78be645bd74c3e150023c5ff63118339202d4b25d5534f7ddfe60
reciprocal_nomination	17:59	32:22		medium	32:22	17:59	17:59	cross_surah	label_target_note	missing_ayah_suggestion	The sending of signs is set against the precedent of earlier peoples denying them, giving historical context to the focus's charge.	focus_32_22_cutoff_100.tsv	119	3d096a266d2908ae51d5dea89cd3dd767e6dd6764e4fa0c93fddc82ac31f0e6a
reciprocal_nomination	17:59	32:26		medium	32:26	17:59	17:59	cross_surah	label_target_note	ranked_review	The denial of earlier peoples, especially Thamud, explains signs as warnings rather than compulsion.	focus_32_26_cutoff_100.tsv	26	82ff661294ad4931b3fe4a18d38a2db7b03c4206f1ff27dac91286099c4c5f4d
reciprocal_nomination	17:59	34:34		medium	34:34	17:59	17:59	cross_surah	label_target_note	missing_ayah_suggestion	It recalls that earlier peoples denied the sent signs and were consequently destroyed.	focus_34_34_cutoff_100.tsv	118	dec33a686895366e6b0f35a770b6fb1093a5c99536631acf5d4311997a923b4a
reciprocal_nomination	17:59	34:45		strong	34:45	17:59	17:59	cross_surah	label_target_note	missing_ayah_suggestion	It explains that earlier peoples denied sent signs, so their destruction serves as a standing warning.	focus_34_45_cutoff_100.tsv	119	95a58bb78c4f175ee900727d602458e0ac94612524614df2e5b14a6fa0127043
reciprocal_nomination	17:59	35:23		medium	35:23	17:59	17:59	cross_surah	label_target_note	missing_ayah_suggestion	Explains that sent signs function as warnings, supplying the warning's evidentiary mode.	focus_35_23_cutoff_100.tsv	104	c4b0c9492fdcd0cb6ed238fe3d18614cfa172adb56622845c156de30f8ba7b7e
reciprocal_nomination	17:59	36:31		strong	36:31	17:59	17:59	cross_surah	label_target_note	missing_ayah_suggestion	It identifies Thamud's destroyed sign as part of the warning function of earlier punishments.	focus_36_31_cutoff_100.tsv	135	03c29b8d7427448837a4635ab8aaf29a39b74a696b79cbab95507cc00b6df6fa
reciprocal_nomination	17:59	36:46		strong	36:46	17:59	17:59	cross_surah	label_target_note	missing_ayah_suggestion	It frames sent signs as warning and recalls earlier peoples' denial, adding the historical consequence of rejected signs.	focus_36_46_cutoff_100.tsv	102	9e71573338102e6fb25dc918ed442fb763fcbc2f6bfb6748ffc2b27bd0825be4
reciprocal_nomination	17:59	37:14		medium	37:14	17:59	17:59	cross_surah	label_target_note	missing_ayah_suggestion	Earlier peoples denied the signs when they came, explaining why demanded signs are not simply granted on request.	focus_37_14_cutoff_100.tsv	138	1dca72bbd1d4a808961e7284a4f9053dc1234b8f495576352982566b761c8c9f
reciprocal_nomination	17:59	37:17		weak	37:17	17:59	17:59	cross_surah	label_target_note	ranked_review	Earlier peoples' denial of signs supplies only a broad historical precedent for rejection.	focus_37_17_cutoff_100.tsv	19	e453cb9b9fac240c58d242fbcf20a3a7428a76a84a37b745703e37dc8a2b70e8
reciprocal_nomination	17:59	38:13		strong	38:13	17:59	17:59	cross_surah	label_target_note	missing_ayah_suggestion	Thamud's she-camel is named as a manifest sign whose rejection brought warning, directly illuminating their culpability.	focus_38_13_cutoff_100.tsv	110	c0efc813095c8884838860e05dd0f28d85a17809ec9a2a56fcf4fbc8da076fa0
reciprocal_nomination	17:59	38:45		strong	38:45	17:59	17:59	cross_surah	label_target_note	ranked_review	A manifest sign can be seen yet rejected, distinguishing visual exposure from faithful discernment.	focus_38_45_cutoff_100.tsv	87	607049bc31c8c40bf0d543f1f79379615060b4c0f6b04f5c9eec14dc40f05695
reciprocal_nomination	17:59	39:16		strong	39:16	17:59	17:59	cross_surah	label_target_note	ranked_review	States that signs are sent only as warning, directly explaining the preventive function of divine fear.	focus_39_16_cutoff_100.tsv	21	201a8ef216d06426fb393ef535aac6a89ee5194db84c59340d8fc1cea4680e06
reciprocal_nomination	17:59	39:36		weak	39:36	17:59	17:59	cross_surah	label_target_note	ranked_review	Signs are sent as warning, which only broadly relates to the focus's theme of fear.	focus_39_36_cutoff_100.tsv	42	67ad398785be6cdaea3f35d9ed3f19c3476d8f22b9eab79bb6faef61a09ed6dd
reciprocal_nomination	17:59	40:22		medium	40:22	17:59	17:59	cross_surah	label_target_note	missing_ayah_suggestion	It identifies prior peoples' falsification of signs as the reason further signs are withheld, and frames signs as warning.	focus_40_22_cutoff_100.tsv	122	319289a72601c02186af6075b8e551333d6eed86907e214ce40dea7fc223f381
reciprocal_nomination	17:59	40:31		medium	40:31	17:59	17:59	cross_surah	label_target_note	missing_ayah_suggestion	Earlier peoples' denial of signs explains why signs are also warnings, linking precedent with present address.	focus_40_31_cutoff_100.tsv	139	de9b1e4d5d869792346396319201798e9b1faa5351fbd643ccaa86bc5b3dbf7e
reciprocal_nomination	17:59	40:63		strong	40:63	17:59	17:59	cross_surah	label_target_note	missing_ayah_suggestion	Earlier peoples denied the signs, explaining why a demanded sign is not simply a neutral remedy for disbelief.	focus_40_63_cutoff_100.tsv	109	c130cace5ad83f3a5b6baf97d304f1c0e500673743fa2d8f689c07aa4bdacd92
reciprocal_nomination	17:59	40:69		strong	40:69	17:59	17:59	cross_surah	label_target_note	missing_ayah_suggestion	The withholding of further signs is tied to earlier peoples' denial of the signs they received.	focus_40_69_cutoff_100.tsv	133	9708cef18f05c5f5eaa7e877d2ffeceba4996adea1567dd708e5b7307dc789a4
reciprocal_nomination	17:59	40:78		strong	40:78	17:59	17:59	cross_surah	label_target_note	missing_ayah_suggestion	It explains that God withheld sending requested signs because earlier peoples denied them, directly clarifying that signs remain under divine control.	focus_40_78_cutoff_100.tsv	121	ac0772a6c636e4d83b81f8f0e3d2f27177a0bf194f4eb938f9e9b706e3efb767
reciprocal_nomination	17:59	40:81		strong	40:81	17:59	17:59	cross_surah	label_target_note	missing_ayah_suggestion	It directly explains the withholding of signs through the earlier peoples' denial of them.	focus_40_81_cutoff_100.tsv	104	0b11c9850b593dd2dfc81de8989376126874742ad9009092db5d1ae4fbe38805
reciprocal_nomination	17:59	40:83		strong	40:83	17:59	17:59	cross_surah	label_target_note	missing_ayah_suggestion	Earlier communities deny the sent signs, explaining why visible proof does not itself produce receptive belief.	focus_40_83_cutoff_100.tsv	111	8a7d6c651bf45c83d53fab360186e8a24d500f4a1137a5a077e5c0f788c3cd6d
reciprocal_nomination	17:59	41:13		medium	41:13	17:59	17:59	cross_surah	label_target_note	missing_ayah_suggestion	It recalls that Thamud denied the visible she-camel sign, explaining why signs are sent as warnings.	focus_41_13_cutoff_100.tsv	147	ad8750e3e77826001acc723a01fe683c1b5b6808518ad709cab72ff2c19ca7ed
reciprocal_nomination	17:59	43:7		strong	43:7	17:59	17:59	cross_surah	label_target_note	missing_ayah_suggestion	Explains the withholding of signs through the precedent of earlier peoples denying them.	focus_43_7_cutoff_100.tsv	121	a06bfa7c61fed3192fd948151932511a15fa2f555438e4215cc94f52b927ed09
reciprocal_nomination	17:59	43:47		medium	43:47	17:59	17:59	cross_surah	label_target_note	missing_ayah_suggestion	Treats signs within the history of rejection and consequence.	focus_43_47_cutoff_100.tsv	115	794e7691db6b24dfcec695791b15d4b726822fed7bc6e9774e68ac2191e5cba8
reciprocal_nomination	17:59	43:53		medium	43:53	17:59	17:59	cross_surah	label_target_note	missing_ayah_suggestion	It explains that former signs were sent and denied, directly qualifying demands for decisive visible proof.	focus_43_53_cutoff_100.tsv	119	8cf9cba109073a3d6bc4c04688f1f1263ccb406d4c5e0325d3a2c398e50de7ec
reciprocal_nomination	17:59	44:33		medium	44:33	17:59	17:59	cross_surah	label_target_note	ranked_review	Sent signs are warnings, and the Thamud response shows how a sign can become grounds for judgment.	focus_44_33_cutoff_100.tsv	73	15150a18cf84c705f79103f748667ea37f82c0fd9e86ebbf783889de9d1d8d96
reciprocal_nomination	17:59	45:9		medium	45:9	17:59	17:59	cross_surah	label_target_note	missing_ayah_suggestion	Rejection of signs by earlier peoples is given as the reason for withholding further signs, clarifying their evidentiary seriousness.	focus_45_9_cutoff_100.tsv	119	4781a1aea310f7d1fbbd8d9228431bc6daf6e4d40fcbe4d9aaa5be6e9b9be323
reciprocal_nomination	17:59	45:31		medium	45:31	17:59	17:59	cross_surah	label_target_note	missing_ayah_suggestion	Treats prior denial of signs as a boundary in the history of signs and warning.	focus_45_31_cutoff_100.tsv	112	e481fc96f2e0c338b9a8fb299512849bb71f6e60940d9aab17d4cedbfda0aa50
reciprocal_nomination	17:59	46:7		medium	46:7	17:59	17:59	cross_surah	label_target_note	missing_ayah_suggestion	Connects withheld spectacular signs to earlier peoples' denial of signs.	focus_46_7_cutoff_100.tsv	129	e0d08d71fff4d5702d6773ff0553358b3208e7b8463e2a6478ba80336a3c2edf
reciprocal_nomination	17:59	46:22		medium	46:22	17:59	17:59	cross_surah	label_target_note	missing_ayah_suggestion	Explains withheld decisive signs through the precedent of earlier rejection, preserving a prior interval.	focus_46_22_cutoff_100.tsv	121	15c8dd55571eaa6e1086bfc6839c413df8125e845a4b201b510757b400d58270
reciprocal_nomination	17:59	46:27		strong	46:27	17:59	17:59	cross_surah	label_target_note	missing_ayah_suggestion	Earlier peoples' denial of signs explains why signs are also a test and warning.	focus_46_27_cutoff_100.tsv	123	013cce413803dab4d4e8aab5bbf59f5ff6c5a301f339ca0a4ec83c12fdf050e3
reciprocal_nomination	17:59	47:13		medium	47:13	17:59	17:59	cross_surah	label_target_note	missing_ayah_suggestion	Adds prior communities destroyed after signs were denied.	focus_47_13_cutoff_100.tsv	195	373b4519c192fdb69e61abb7e9c55529f8f9e902c6e2f4f74605d1d877814058
reciprocal_nomination	17:59	50:14		medium	50:14	17:59	17:59	cross_surah	label_target_note	missing_ayah_suggestion	Connects an earlier community's denial of signs with its destructive precedent.	focus_50_14_cutoff_100.tsv	158	570ab3a3e3badf5656845363f9fd4904e155872441fb9a1bd8a17783c3887356
reciprocal_nomination	17:59	50:25		medium	50:25	17:59	17:59	cross_surah	label_target_note	ranked_review	Explains a barrier to signs as preserving responsive agency, a secondary f02 parallel.	focus_50_25_cutoff_100.tsv	63	1fc036b640b430176e9555e6f6989ac239c519986b8c52407f0a6d8c8ac8568a
reciprocal_nomination	17:59	51:43		strong	51:43	17:59	17:59	cross_surah	label_target_note	missing_ayah_suggestion	Thamud's she-camel is named as a sign and signs are linked to warning; direct evidence for the warning setting.	focus_51_43_cutoff_100.tsv	130	be91e1b9a141e6138a168ad2dfc43b22f9457e46fe286f0b5fa06962531add6f
reciprocal_nomination	17:59	51:44		strong	51:44	17:59	17:59	cross_surah	label_target_note	missing_ayah_suggestion	Directly identifies Thamud's sign-denial as a precedent for withheld signs and punishment.	focus_51_44_cutoff_100.tsv	114	8c0ffdcc6b857e31eee193f0e306c8369a416b09c8c3cd9a2a0c284971fa089d
reciprocal_nomination	17:59	53:18		strong	53:18	17:59	17:59	cross_surah	label_target_note	missing_ayah_suggestion	Explains sent signs as testing disclosure and recalls their rejection by earlier communities.	focus_53_18_cutoff_100.tsv	104	4db436bcd388c65edda2fc10a0f742e67c42c69d2837129bd56915870a871942
reciprocal_nomination	17:59	53:51		weak	53:51	17:59	17:59	cross_surah	label_target_note	missing_ayah_suggestion	Supplies the sign whose rejection precedes the Thamud punishment.	focus_53_51_cutoff_100.tsv	109	87f2b1f198c4ad867c95996441a0ae25d0937e3c53f4a61970c7fe6a5639f97c
reciprocal_nomination	17:59	54:2		strong	54:2	17:59	17:59	cross_surah	label_target_note	missing_ayah_suggestion	Explicitly links withheld signs to the earlier pattern of denying them.	focus_54_2_cutoff_100.tsv	111	5ec3f00c63886eaad7ed8b9f25c746144d39ba49cbaeb242f0f3d549da8ad01f
reciprocal_nomination	17:59	54:4		strong	54:4	17:59	17:59	cross_surah	label_target_note	missing_ayah_suggestion	Associates signs with causing fear and historical precedent.	focus_54_4_cutoff_100.tsv	171	1f2de2537f888b908c2a397f3bc519a43c355c30c2d36d18a0549c85fe3f2108
reciprocal_nomination	17:59	54:5		medium	54:5	17:59	17:59	cross_surah	label_target_note	missing_ayah_suggestion	Connects sent signs to a deterrent function.	focus_54_5_cutoff_100.tsv	117	4980be9bec803682e0759c457eecc0bd6b3725772a28adaa483a8732bc37b37e
reciprocal_nomination	17:59	54:23		strong	54:23	17:59	17:59	cross_surah	label_target_note	ranked_review	Direct Thamud background: the she-camel sign was denied and became a warning.	focus_54_23_cutoff_100.tsv	37	90be6a2d1b81c9a4198d9dc0346209ed2c21243e91e9c28394e16ee251ad2051
reciprocal_nomination	17:59	54:27		medium	54:27	17:59	17:59	cross_surah	label_target_note	ranked_review	Places the she-camel among rejected visible signs and warning.	focus_54_27_cutoff_100.tsv	22	99629c4780d25ff8e4044cd180ca995def33d7cf20f0d1796932945bac61e96d
reciprocal_nomination	17:59	54:29		medium	54:29	17:59	17:59	cross_surah	label_target_note	missing_ayah_suggestion	Names the Thamud naaqah as a manifest sign and their wrongdoing toward it.	focus_54_29_cutoff_100.tsv	121	4d9f01e0e78816eb4634b35a5dac462b9e17dc86af25b9717446b05d0d07adcc
reciprocal_nomination	17:59	54:42		strong	54:42	17:59	17:59	cross_surah	label_target_note	missing_ayah_suggestion	Explicitly recalls an earlier sign being denied and its punitive history.	focus_54_42_cutoff_100.tsv	121	1412e57aeb50b082064561e40cfc6fff6e48f0e6cff34749120032dbb9a0af00
reciprocal_nomination	17:59	56:33		medium	56:33	17:59	17:59	cross_surah	label_target_note	ranked_review	Shows a stated reason why signs are withheld; an indirect barrier parallel.	focus_56_33_cutoff_100.tsv	36	1b2f150e6a4b5a22e315ef1ce617f07c8eb77b4692cf70c873376a519484a21b
reciprocal_nomination	17:59	56:48		weak	56:48	17:59	17:59	cross_surah	label_target_note	ranked_review	Öncekilerin işaretleri yalanlamasını anlatır; 56:48'teki diriliş ve atalar itirazına dolaylıdır.	focus_56_48_cutoff_100.tsv	19	91418d2542f86c11c2e8ec7fc8673228cd09af18116abf11743d67a5625d2a9f
reciprocal_nomination	17:59	57:19		weak	57:19	17:59	17:59	cross_surah	label_target_note	ranked_review	Historical sign-denial is a remote boundary parallel.	focus_57_19_cutoff_100.tsv	80	629d7eb18a763ab413c320e9b2556aaab798f50088fe1eb030b43aca6fbe8f3e
reciprocal_nomination	17:59	68:5		medium	68:5	17:59	17:59	cross_surah	label_target_note	ranked_review	Visible signs need not compel reception, preserving the difference between sight and response.	focus_68_5_cutoff_100.tsv	81	240b9bdc3bf809253100bec813e55d1633c223737b38c9b72a6345b6c41a379b
reciprocal_nomination	17:59	68:12		weak	68:12	17:59	17:59	cross_surah	label_target_note	ranked_review	مَنَعَنَا has a different divine-action subject despite positive f01 routing.	focus_68_12_cutoff_100.tsv	76	41369fff6fc3c42d035b0952589b0b2781c70c138e1fe87c2de64d2edafc5426
reciprocal_nomination	17:59	69:4		strong	69:4	17:59	17:59	cross_surah	label_target_note	ranked_review	Explicit تكذيب, ثمود, آيات, and تخويف in one card.	focus_69_4_cutoff_100.tsv	64	199632b9ba0b11535fd6fb6e9f7d7eee7468f0825ab5ebf7f3962ed9ce55a308
reciprocal_nomination	17:59	69:5		medium	69:5	17:59	17:59	cross_surah	label_target_note	ranked_review	Adds Thamud's sign, rejection, and warning context, though much is redundant.	focus_69_5_cutoff_100.tsv	65	23a96f6016c3a0c9886d5dd73903229db978c8e44bf3cc577c129e65e1cb3730
reciprocal_nomination	17:59	69:39		medium	69:39	17:59	17:59	cross_surah	label_target_note	ranked_review	A manifest sign can warn without forcing reception, preserving the distinction between display and response.	focus_69_39_cutoff_100.tsv	87	f21ff74762b19208753a944ad5aa98e8c16869e60ca0088dcf570abb067dbbb0
reciprocal_nomination	17:59	74:16		strong	74:16	17:59	17:59	cross_surah	label_target_note	missing_ayah_suggestion	Earlier peoples' denial of signs explains the withholding of further signs, directly framing sign-rejection.	focus_74_16_cutoff_100.tsv	133	af95ec0a9631e89229f5a308b013f8df25f6bd58b6c5e7b53bca223ecffea2c3
reciprocal_nomination	17:59	75:32		medium	75:32	17:59	17:59	cross_surah	label_target_note	ranked_review	Earlier peoples denied signs even when made manifest, locating refusal after evidence and within warning.	focus_75_32_cutoff_100.tsv	82	477f1ae0dc74436f7ec9984fcc1a5e0fd76712f41b13a96f12e874842f61c726
reciprocal_nomination	17:59	77:16		medium	77:16	17:59	17:59	cross_surah	label_target_note	missing_ayah_suggestion	Links earlier denial of signs with a later audience's demand for signs, a precedent in reception rather than outcome alone.	focus_77_16_cutoff_100.tsv	126	57d90c3429d4d7c2c5791e7f61a360a42ccbca951ef3e66d11d3ea279e18bff8
reciprocal_nomination	17:59	77:37		medium	77:37	17:59	17:59	cross_surah	label_target_note	missing_ayah_suggestion	It treats earlier peoples' denial of signs as a decisive historical reason for warning signs being sent.	focus_77_37_cutoff_100.tsv	113	e66d4833374f1f41a3965e613ecdab15a9cf619cdc1daa1d2d210c5697bcd67d
reciprocal_nomination	17:59	77:47		strong	77:47	17:59	17:59	cross_surah	label_target_note	missing_ayah_suggestion	Öncekilerin ayetleri yalanlaması, işaretlerin gönderilmesi ve yalanlamanın tarihsel sonucu arasındaki bağı açıklar.	focus_77_47_cutoff_100.tsv	110	f763327f8056bc3f02470e1bf6d8cbc6735aa6b7ff5df56d92e1d70e916cb099
reciprocal_nomination	17:59	77:49		strong	77:49	17:59	17:59	cross_surah	label_target_note	missing_ayah_suggestion	Earlier denial of signs explains their punitive historical force, joining evidence and consequence.	focus_77_49_cutoff_100.tsv	109	aa7813434017d4aac0fc3c55146dbc9151aeb78c5f5878859526a0f1fd08441a
reciprocal_nomination	17:59	78:28		strong	78:28	17:59	17:59	cross_surah	label_target_note	missing_ayah_suggestion	Makes prior denial of signs the stated reason extraordinary signs are withheld.	focus_78_28_cutoff_100.tsv	121	1fad321aa3e8e20f31e388d408e433eed23da0c424575a1cbc8adb8f9f0937bb
reciprocal_nomination	17:59	79:21		strong	79:21	17:59	17:59	cross_surah	label_target_note	missing_ayah_suggestion	Önceki toplulukların ayetleri yalanlaması, işaret gösterildikten sonra 79:21'deki tepkinin önemini doğrudan aydınlatır.	focus_79_21_cutoff_100.tsv	111	e03ed0a78181452a3fc7a19a91983521499da31201f014df6b2b450a8b360211
reciprocal_nomination	17:59	83:10		medium	83:10	17:59	17:59	cross_surah	label_target_note	missing_ayah_suggestion	Thamud's denial of signs supplies historical evidence for the seriousness of rejection.	focus_83_10_cutoff_100.tsv	119	c5de009b40f87b20188b73e15915fd5c9cece5a1dd5f00ccad9498c008a514f9
reciprocal_nomination	17:59	83:12		medium	83:12	17:59	17:59	cross_surah	label_target_note	missing_ayah_suggestion	كَذَّبَ بِهَا الْأَوَّلُونَ; signs-and-rejection frame.	focus_83_12_cutoff_100.tsv	127	568f9665e0d75ad3b3478a48667591080c4af7565400a8ca55728db86aecd0a2
reciprocal_counterevidence	17:59	83:28		no value	83:28	17:59	17:59	cross_surah	label_target_note	ranked_review	The sending of signs and warning does not clarify 83:28.	focus_83_28_cutoff_100.tsv	92	c3076b64531d3f0b33e36210d0dc2d6fe4768db5723002f7f44bb2fb15c6c30a
reciprocal_nomination	17:59	85:18		strong	85:18	17:59	17:59	cross_surah	label_target_note	missing_ayah_suggestion	Identifies the she-camel given to Thamud as a manifest sign whose rejection brought warning.	focus_85_18_cutoff_100.tsv	106	98f829bdd0b45536f43b400404fa490bf523a194cf6044138aa6cb19021ae666
reciprocal_nomination	17:59	89:8		medium	89:8	17:59	17:59	cross_surah	label_target_note	missing_ayah_suggestion	Explicit Thamud sign reference adds a concise companion precedent.	focus_89_8_cutoff_100.tsv	152	d64bc20a3d4fb2cad522632ffc7ac82e01434df030f1c11baa8069e23a1647e6
reciprocal_nomination	17:59	89:9		medium	89:9	17:59	17:59	cross_surah	label_target_note	missing_ayah_suggestion	Thamud's sign and destruction provide a direct historical warning.	focus_89_9_cutoff_100.tsv	115	cc1c8a6dfa66f34997425e671e12fd4d1df2dc144eda501826016f377c440c50
reciprocal_nomination	17:59	91:11		strong	91:11	17:59	17:59	cross_surah	label_target_note	ranked_review	Explicit Thamud, naqah, and zulm give concrete episode context.	focus_91_11_cutoff_100.tsv	19	6177645a0e28cb6338604e7f8ab133941170b8fccac2038e5d37540a6be7d83b
reciprocal_nomination	17:59	91:12		medium	91:12	17:59	17:59	cross_surah	label_target_note	missing_ayah_suggestion	Identifies the she-camel as a sign and Thamud's wrongdoing against it.	focus_91_12_cutoff_100.tsv	116	9ee0ff17ed0859beb733b89193d092ea8960b0d27a149beb2a958bfbed92626c
reciprocal_nomination	17:59	91:15		strong	91:15	17:59	17:59	cross_surah	label_target_note	missing_ayah_suggestion	Names the Thamud camel-sign and their wrongdoing toward it.	focus_91_15_cutoff_100.tsv	111	8e3f63d03c14671e1eb5cca077eb23c7b916797abc77978c8bf6ba1a8f49fa20
reciprocal_nomination	17:59	92:16		medium	92:16	17:59	17:59	cross_surah	label_target_note	missing_ayah_suggestion	Earlier denial of signs gives a secondary sign-and-consequence precedent.	focus_92_16_cutoff_100.tsv	117	687848fdc80a61d85e106f71b8f3eea73036a34762865e5b99054ed6b576c1aa
reciprocal_nomination	17:59	93:1		weak	93:1	17:59	17:59	cross_surah	label_target_note	ranked_review	A visible sign is a remote disclosure analogy, without a route to 93:1.	focus_93_1_cutoff_100.tsv	96	5a230f394c0b6b86bb96b86f966f46fd3966a67541d2817645c602d87ae1b9c4
reciprocal_nomination	17:59	95:7		strong	95:7	17:59	17:59	cross_surah	label_target_note	missing_ayah_suggestion	Makes prior denial of signs the reason a later sign is withheld, sharpening the accumulated-proof frame.	focus_95_7_cutoff_100.tsv	109	3c4dff93a80414e88d889a853bf72907bde765fdb859e4fdb44c72884f793b2c
reciprocal_nomination	17:59	96:13		medium	96:13	17:59	17:59	cross_surah	label_target_note	ranked_review	Rejecting signs is associated with warning and prior consequence.	focus_96_13_cutoff_100.tsv	55	c9acd75c0906210cda9a441baf92e92b1650d74b04e6ed280ae1992502268dc8
reciprocal_counterevidence	17:59	107:7		no value	107:7	17:59	17:59	cross_surah	label_target_note	ranked_review	Prevented signs do not clarify interpersonal withholding.	focus_107_7_cutoff_100.tsv	24	e2f5bd84278fc282ac5df640e0144ffb291fcf784b0685aa939d78d2711c8652
